t_s,vram_alloc_mb,vram_reserved_mb,smi_used_mb,gpu_util_pct,gpu_temp_c,cpu_ram_mb
0.001,646.0,682.0,980,2,68,3378.6
0.135,214.7,682.0,980,1,68,3455.2
0.253,214.7,682.0,980,8,67,3530.0
0.371,344.2,682.0,980,8,67,3604.0
0.489,344.2,682.0,980,8,67,3680.5
0.617,473.7,822.0,1120,6,67,3714.0
0.743,473.7,822.0,1260,7,67,3774.8
0.86,54.5,962.0,1260,7,68,3806.3
1.008,215.5,962.0,1260,55,68,3901.7
1.126,345.0,962.0,1260,7,68,3986.2
1.244,345.0,962.0,1260,9,68,4068.1
1.364,474.5,962.0,1260,9,68,4146.9
1.483,54.7,962.0,1260,8,68,4154.8
1.6,86.3,962.0,1260,50,68,4199.8
1.719,215.8,962.0,1260,8,68,4278.7
1.836,345.3,962.0,1260,8,68,4351.2
1.954,345.3,962.0,1260,8,68,4427.1
2.072,474.8,962.0,1260,7,68,4532.9
2.189,55.0,962.0,1260,7,69,4599.4
2.306,86.5,962.0,1260,41,69,4666.6
2.424,216.0,962.0,1260,17,68,4753.0
2.542,345.5,962.0,1260,7,68,4833.9
2.661,345.5,962.0,1260,7,68,4912.1
2.778,475.0,962.0,1260,8,68,4983.9
2.896,55.2,962.0,1260,16,69,5043.8
3.013,86.7,962.0,1260,16,69,5100.4
3.131,216.2,962.0,1260,38,68,5181.1
3.249,345.7,962.0,1260,8,68,5262.5
3.367,345.7,962.0,1260,8,68,5356.4
3.484,475.2,962.0,1260,9,68,5441.6
3.602,55.4,962.0,1260,6,68,5488.3
3.719,86.9,962.0,1260,47,69,5543.3
3.837,216.4,962.0,1260,47,68,5618.7
3.955,345.9,962.0,1260,8,68,5688.5
4.072,345.9,962.0,1260,7,68,5774.8
4.189,475.4,962.0,1260,7,68,5853.4
4.307,475.4,962.0,1260,8,68,5932.8
4.425,62.6,962.0,1260,47,69,5982.4
4.543,216.6,962.0,1260,47,68,6068.8
4.661,346.1,962.0,1260,8,68,6179.7
4.779,475.6,962.0,1260,10,68,6278.0
4.897,475.6,962.0,1260,11,68,6378.0
5.014,87.4,962.0,1260,11,68,6428.6
5.133,216.9,962.0,1260,47,68,6539.7
5.251,346.4,962.0,1260,11,68,6651.3
5.368,475.9,962.0,1260,11,68,6738.6
5.487,475.9,962.0,1260,11,68,6822.5
5.604,56.1,962.0,1260,55,69,6860.4
5.722,217.1,962.0,1260,14,68,6966.2
5.84,346.6,962.0,1260,14,68,7070.3
5.957,476.1,962.0,1260,11,67,7175.6
6.075,476.1,962.0,1260,9,67,7266.9
6.193,87.8,962.0,1260,9,69,7312.0
6.311,217.3,962.0,1260,47,68,7434.3
6.429,346.8,962.0,1260,11,68,7530.3
6.547,476.3,962.0,1260,11,67,7632.7
6.665,56.5,962.0,1260,9,70,7711.5
6.783,88.0,962.0,1260,48,68,7768.8
6.901,217.5,962.0,1260,9,68,7868.6
7.018,347.0,962.0,1260,9,67,7947.4
7.136,347.0,962.0,1260,8,67,8033.2
7.254,476.5,962.0,1260,8,67,8126.2
7.371,56.7,962.0,1260,8,70,8159.1
7.488,217.7,962.0,1260,47,68,8239.8
7.607,217.7,962.0,1260,8,67,8320.3
7.724,347.2,962.0,1260,8,67,8397.0
7.842,347.2,962.0,1260,7,67,8481.8
7.959,476.7,962.0,1260,9,67,8559.2
8.077,56.9,962.0,1260,27,70,8600.5
8.194,88.5,962.0,1260,27,68,8664.7
8.312,218.0,962.0,1260,25,67,8759.9
8.429,347.5,962.0,1260,10,67,8848.0
8.547,347.5,962.0,1260,10,67,8920.7
8.665,477.0,962.0,1260,7,67,9002.9
8.783,57.2,962.0,1260,7,68,9045.1
8.902,88.7,962.0,1260,46,68,9105.6
9.019,218.2,962.0,1260,46,67,9180.4
9.137,347.7,962.0,1260,7,67,9252.9
9.255,347.7,962.0,1260,7,67,9333.4
9.373,477.2,962.0,1260,7,67,9402.8
9.491,477.2,962.0,1260,8,67,9476.5
9.609,57.4,962.0,1260,38,69,9509.7
9.726,218.4,962.0,1260,38,67,9591.8
9.844,218.4,962.0,1260,16,67,9685.3
9.962,347.9,962.0,1260,9,67,9769.4
10.08,477.4,962.0,1260,9,67,9855.6
10.198,57.6,962.0,1260,9,69,9934.1
10.316,89.1,962.0,1260,46,68,9991.1
10.434,218.6,962.0,1260,9,67,10078.8
10.552,348.1,962.0,1260,9,67,10166.4
10.672,348.1,962.0,1260,9,67,10234.7
10.791,477.6,962.0,1260,8,67,10361.4
10.911,57.8,962.0,1260,48,68,10376.8
11.03,218.8,962.0,1260,48,67,10441.0
11.15,348.3,962.0,1260,8,67,10524.7
11.267,348.3,962.0,1260,7,67,10600.6
11.39,477.8,962.0,1260,7,67,10664.5
11.509,477.8,962.0,1260,7,67,10728.6
11.63,58.0,962.0,1260,29,70,10759.8
11.748,219.1,962.0,1260,23,67,10834.2
11.867,348.6,962.0,1260,23,67,10923.5
11.986,348.6,962.0,1260,8,67,10924.7
12.106,348.6,962.0,1260,3,67,10935.8
12.225,348.6,962.0,1260,3,67,10955.9
12.345,348.6,962.0,1260,3,67,10965.8
12.465,478.1,962.0,1260,6,67,11058.1
12.585,58.3,962.0,1260,45,70,11089.1
12.706,219.3,962.0,1260,45,68,11187.1
12.825,348.8,962.0,1260,10,67,11303.6
12.945,478.3,962.0,1260,10,67,11399.4
13.064,478.3,962.0,1260,10,67,11481.9
13.188,90.0,962.0,1260,10,68,11528.5
13.311,219.5,962.0,1260,3,67,11572.8
13.628,349.0,962.0,1260,1,67,11567.3
14.021,349.0,962.0,1260,1,67,11562.1
14.374,478.5,962.0,1260,2,67,11556.8
14.748,478.5,962.0,1260,2,67,11551.6
15.129,478.5,962.0,1260,25,68,11541.1
15.491,90.2,962.0,1260,1,67,11522.5
15.907,219.7,962.0,1260,2,67,11546.4
16.29,349.2,962.0,1260,2,67,11548.2
16.658,349.2,962.0,1260,1,67,11542.0
17.019,478.7,962.0,1260,1,67,11536.8
17.396,478.7,962.0,1260,1,67,11573.0
17.517,58.9,962.0,1260,5,70,11604.2
17.637,90.4,962.0,1260,1,68,11630.7
17.899,219.9,962.0,1260,5,68,11652.8
18.195,219.9,962.0,1260,6,68,11652.9
18.499,349.4,962.0,1260,4,68,11692.5
18.828,478.9,962.0,1260,3,68,11722.0
19.124,59.1,962.0,1260,37,68,11747.2
19.443,90.7,962.0,1260,4,68,11757.8
19.637,220.2,962.0,1260,3,68,11764.8
19.779,220.2,962.0,1260,2,68,11766.4
19.924,220.2,962.0,1260,2,68,11752.2
20.052,220.2,962.0,1260,2,68,11745.4
20.174,220.2,962.0,1260,2,68,11737.5
20.295,220.2,962.0,1260,0,68,11724.5
20.416,220.2,962.0,1260,0,68,11715.6
20.544,220.2,962.0,1260,1,68,11669.1
20.836,220.2,962.0,1260,3,68,11660.2
20.957,349.7,962.0,1260,3,68,11675.7
21.133,349.7,962.0,1260,3,68,11677.6
21.267,349.7,962.0,1260,2,68,11682.3
21.401,349.7,962.0,1260,2,68,11683.4
21.522,349.7,962.0,1260,3,68,11676.7
21.65,349.7,962.0,1260,2,68,11661.8
21.776,349.7,962.0,1260,1,68,11655.8
21.898,479.2,962.0,1260,1,68,11651.8
22.018,479.2,962.0,1260,2,68,11644.1
22.14,479.2,962.0,1260,2,68,11638.1
22.26,479.2,962.0,1260,2,68,11639.1
22.381,479.2,962.0,1260,1,68,11645.3
22.502,479.2,962.0,1260,3,68,11649.0
22.623,479.2,962.0,1260,3,68,11658.0
22.744,479.2,962.0,1260,3,68,11658.7
22.865,59.4,962.0,1260,24,69,11652.8
22.987,59.4,962.0,1260,20,68,11646.0
23.108,90.9,962.0,1260,20,68,11647.9
23.229,220.4,962.0,1260,3,68,11655.4
23.35,220.4,962.0,1260,2,68,11665.4
23.47,220.4,962.0,1260,3,68,11670.5
23.591,220.4,962.0,1260,3,68,11678.0
23.712,220.4,962.0,1260,3,68,11676.9
23.834,220.4,962.0,1260,1,68,11674.8
23.955,220.4,962.0,1260,3,68,11677.5
24.076,349.9,962.0,1260,3,68,11686.7
24.197,349.9,962.0,1260,3,68,11687.3
24.317,349.9,962.0,1260,1,68,11679.6
24.439,349.9,962.0,1260,1,68,11691.1
24.56,349.9,962.0,1260,3,68,11700.4
24.682,349.9,962.0,1260,4,68,11670.2
24.802,479.4,962.0,1260,5,68,11537.1
24.926,59.6,962.0,1260,5,71,11472.1
25.045,220.6,962.0,1260,47,69,11473.2
25.164,220.6,962.0,1260,8,68,11509.7
25.281,350.1,962.0,1260,8,68,11583.1
25.399,350.1,962.0,1260,6,68,11654.4
25.517,479.6,962.0,1260,8,68,11723.3
25.634,59.8,962.0,1260,14,69,11783.1
25.752,66.8,962.0,1260,14,69,11784.6
25.869,220.8,962.0,1260,38,68,11861.4
25.987,220.8,962.0,1260,8,68,11938.4
26.113,350.3,962.0,1260,8,68,12021.3
26.231,479.8,962.0,1260,8,68,12102.7
26.35,60.0,962.0,1260,7,69,12163.7
26.468,221.0,962.0,1260,47,69,12227.5
26.588,221.0,962.0,1260,47,68,12300.2
26.707,350.5,962.0,1260,8,68,12373.6
26.827,350.5,962.0,1260,6,68,12441.9
26.946,480.0,962.0,1260,6,68,12512.4
27.065,60.2,962.0,1260,7,70,12535.7
27.187,221.3,962.0,1260,46,68,12512.0
27.306,221.3,962.0,1260,6,68,12510.0
27.45,350.8,962.0,1260,6,68,12531.4
27.578,480.3,962.0,1260,7,68,12213.1
27.697,480.3,962.0,1260,9,68,11942.0
27.82,29.8,962.0,1260,38,71,11970.9
27.939,29.8,962.0,1260,38,68,12094.8
28.063,29.8,962.0,1260,10,68,12207.6
28.187,29.8,962.0,1260,2,68,12276.6
28.312,29.8,962.0,1260,0,68,12330.3
28.438,29.8,962.0,1260,0,68,12432.5
28.564,29.8,962.0,1260,2,68,12525.9
28.689,29.8,962.0,1260,2,68,12623.3
28.816,29.8,962.0,1260,0,68,12569.8
28.941,29.8,962.0,1260,0,68,12504.5
29.067,29.8,962.0,1260,2,68,12573.4
29.192,29.8,962.0,1260,2,68,12640.5
29.318,29.8,962.0,1260,0,68,12746.8
29.442,29.8,962.0,1260,0,68,12860.8
29.567,29.8,962.0,1260,2,68,12961.4
29.692,29.8,962.0,1260,2,68,12937.7
29.818,29.8,962.0,1260,0,68,12798.1
29.944,29.8,962.0,1260,0,68,12891.0
30.069,29.8,962.0,1260,1,68,13001.5
30.194,29.8,962.0,1260,2,68,13106.2
30.319,29.8,962.0,1260,1,68,13188.1
30.443,29.8,962.0,1260,1,68,13276.7
30.572,29.8,962.0,1260,1,68,13349.6
30.693,85.2,962.0,1260,2,68,13266.5
30.81,214.7,962.0,1260,8,68,13292.6
30.928,344.2,962.0,1260,8,68,13319.2
31.046,344.2,962.0,1260,8,68,13346.8
31.164,473.7,962.0,1260,9,68,13374.3
31.282,473.7,962.0,1260,9,68,13399.1
31.4,86.1,962.0,1260,24,70,13411.2
31.517,215.6,962.0,1260,30,68,13439.8
31.634,345.1,962.0,1260,30,68,13452.4
31.755,474.6,962.0,1260,11,68,13434.1
31.872,54.8,962.0,1260,14,71,13448.6
31.991,215.8,962.0,1260,45,68,13484.3
32.109,345.3,962.0,1260,45,68,13517.7
32.227,474.8,962.0,1260,10,68,13549.9
32.345,55.0,962.0,1260,40,71,13516.5
32.464,216.0,962.0,1260,40,68,13545.0
32.582,345.5,962.0,1260,21,68,13571.2
32.7,345.5,962.0,1260,8,68,13597.6
32.819,475.0,962.0,1260,8,68,13631.4
32.938,55.2,962.0,1260,8,71,13641.0
33.056,216.3,962.0,1260,48,68,13658.3
33.175,345.8,962.0,1260,11,68,13674.5
33.295,475.3,962.0,1260,11,68,13694.8
33.414,55.5,962.0,1260,10,71,13702.8
33.533,216.5,962.0,1260,47,69,13724.2
33.653,216.5,962.0,1260,9,68,13748.6
33.773,346.0,962.0,1260,9,68,13771.7
33.892,475.5,962.0,1260,9,68,13788.8
34.011,55.7,962.0,1260,39,70,13791.2
34.13,216.7,962.0,1260,39,68,13801.2
34.252,475.7,962.0,1260,9,68,13800.4
34.445,55.9,962.0,1260,47,69,13775.7
34.667,216.9,962.0,1260,3,68,13751.0
34.954,475.9,962.0,1260,7,68,13725.8
35.256,475.9,962.0,1260,4,70,13697.6
35.547,217.1,962.0,1260,5,68,13675.7
35.797,346.6,962.0,1260,8,68,13650.9
36.077,476.1,962.0,1260,7,68,13623.2
36.373,56.3,962.0,1260,25,68,13587.7
36.644,346.9,962.0,1260,13,68,13569.5
36.881,476.4,962.0,1260,4,68,13542.6
37.179,63.6,962.0,1260,46,69,13534.4
37.323,217.6,962.0,1260,10,68,13512.2
37.573,476.6,962.0,1260,7,68,13490.5
37.817,56.8,962.0,1260,39,70,13476.5
38.013,217.8,962.0,1260,15,68,13455.1
38.274,347.3,962.0,1260,8,68,13433.3
38.529,476.8,962.0,1260,6,68,13411.4
38.782,57.0,962.0,1260,4,69,13400.7
38.939,218.0,962.0,1260,8,68,13362.4
39.26,347.5,962.0,1260,6,68,13328.7
39.582,477.0,962.0,1260,5,68,13304.0
39.874,218.2,962.0,1260,45,69,13291.9
40.054,347.7,962.0,1260,5,68,13266.6
40.319,477.2,962.0,1260,7,68,13242.8
40.588,57.4,962.0,1260,46,69,13224.7
40.829,218.4,962.0,1260,9,68,13201.4
41.121,347.9,962.0,1260,9,68,13176.8
41.397,477.4,962.0,1260,3,70,13151.2
41.692,218.7,962.0,1260,49,68,13133.8
41.91,348.2,962.0,1260,7,68,13110.7
42.178,57.9,962.0,1260,50,70,13101.8
42.319,348.4,962.0,1260,12,68,13077.6
42.584,477.9,962.0,1260,35,70,13053.8
42.868,348.6,962.0,1260,3,68,13028.8
43.14,478.1,962.0,1260,10,72,13006.2
43.41,348.8,962.0,1260,9,68,12986.8
43.638,485.7,962.0,1260,47,69,12968.2
43.868,349.0,962.0,1260,17,68,12943.8
44.137,478.5,962.0,1260,10,68,12910.3
44.332,58.8,962.0,1260,10,71,12728.5
44.45,349.3,962.0,1260,50,69,12644.9
44.569,478.8,962.0,1260,15,68,12587.7
44.687,478.8,962.0,1260,8,68,12614.7
44.805,90.5,962.0,1260,8,70,12568.6
44.923,349.5,962.0,1260,50,69,12563.5
45.042,59.2,962.0,1260,19,69,12570.8
45.161,220.2,962.0,1260,19,69,12579.1
45.28,349.7,962.0,1260,50,69,12603.0
45.399,487.3,962.0,1260,15,69,12611.5
45.518,220.4,962.0,1260,15,69,12615.6
45.637,349.9,962.0,1260,50,69,12627.2
45.757,479.4,962.0,1260,15,68,12635.7
45.875,91.1,962.0,1260,49,70,12636.1
45.994,220.6,962.0,1260,49,69,12647.8
46.113,479.6,962.0,1260,12,68,12655.5
46.231,91.4,962.0,1260,50,70,12663.0
46.349,350.4,962.0,1260,50,69,12681.2
46.468,479.9,962.0,1260,17,68,12696.6
46.587,479.9,962.0,1260,7,68,12711.7
46.707,91.6,962.0,1260,48,70,12713.5
46.826,221.1,962.0,1260,48,69,12735.6
46.945,350.6,962.0,1260,8,68,12760.3
47.064,350.6,962.0,1260,6,68,12785.7
47.183,480.1,962.0,1260,6,68,12813.2
47.302,488.1,962.0,1260,8,69,12829.0
47.435,91.8,962.0,1260,3,68,12820.8
47.653,221.3,962.0,1260,4,68,12795.0
47.952,221.3,962.0,1260,2,68,12761.7
48.165,350.8,962.0,1260,2,68,12637.4
48.285,480.3,962.0,1260,8,68,12335.2
48.409,480.3,962.0,1260,8,68,12341.3
48.526,29.9,962.0,1260,8,70,12398.4
48.65,29.9,962.0,1260,43,69,12519.0
48.775,29.9,962.0,1260,4,68,12620.5
48.9,29.9,962.0,1260,2,68,12726.7
49.025,29.9,962.0,1260,2,68,12715.6
49.15,29.9,962.0,1260,0,68,12800.6
49.277,29.9,962.0,1260,2,68,12889.1
49.402,29.9,962.0,1260,2,68,12986.0
49.529,29.9,962.0,1260,2,68,13071.7
49.657,29.9,962.0,1260,0,68,13154.9
49.784,29.9,962.0,1260,2,68,13235.0
49.912,29.9,962.0,1260,2,68,13296.3
50.113,29.9,962.0,1260,2,68,13310.9
50.406,29.9,962.0,1260,0,68,13315.8
50.731,29.9,962.0,1260,2,68,13321.6
51.049,29.9,962.0,1260,2,68,13260.4
51.35,29.9,962.0,1260,2,68,13164.2
51.476,29.9,962.0,1260,2,68,13244.1
51.604,29.9,962.0,1260,0,68,13273.7
51.731,29.9,962.0,1260,2,68,13213.4
51.859,29.9,962.0,1260,2,67,12992.5
51.985,29.9,962.0,1260,2,68,12984.4
52.11,29.9,962.0,1260,0,68,13023.8
52.228,29.9,962.0,1260,2,67,13051.7
52.346,29.9,962.0,1260,2,68,13085.8
52.464,29.9,962.0,1260,2,67,13115.5
52.582,29.9,962.0,1260,0,67,13144.4
52.7,28.5,962.0,1260,0,67,13115.0
52.817,85.3,962.0,1260,2,67,13152.4
52.935,214.8,962.0,1260,7,67,13185.9
53.053,214.8,962.0,1260,5,67,13222.3
53.172,344.3,962.0,1260,5,67,13259.4
53.29,473.8,962.0,1260,7,67,13301.2
53.407,473.8,962.0,1260,7,67,13334.6
53.525,54.7,962.0,1260,7,68,13129.6
53.644,58.2,962.0,1260,41,68,13026.8
53.761,215.7,962.0,1260,23,67,13068.5
53.879,215.7,962.0,1260,23,67,13111.6
53.996,345.2,962.0,1260,7,67,13161.2
54.114,474.7,962.0,1260,7,67,13200.8
54.232,474.7,962.0,1260,7,67,13246.2
54.35,54.9,962.0,1260,7,69,13266.2
54.468,215.9,962.0,1260,56,68,13210.8
54.587,215.9,962.0,1260,8,67,13171.0
54.705,345.4,962.0,1260,8,67,13207.8
54.822,345.4,962.0,1260,6,67,13240.9
54.94,474.9,962.0,1260,8,67,13274.3
55.057,474.9,962.0,1260,8,67,13303.1
55.175,55.1,962.0,1260,12,69,13321.1
55.292,216.1,962.0,1260,47,68,12970.2
55.411,345.6,962.0,1260,8,68,12919.2
55.529,345.6,962.0,1260,8,68,12948.9
55.647,475.1,962.0,1260,7,68,12979.6
55.764,475.1,962.0,1260,7,68,13000.7
55.882,86.9,962.0,1260,7,69,13007.8
55.999,216.4,962.0,1260,52,68,13028.0
56.117,345.9,962.0,1260,8,68,13048.4
56.234,475.4,962.0,1260,9,68,13067.9
56.352,475.4,962.0,1260,9,68,13092.2
56.47,55.6,962.0,1260,18,71,13102.1
56.587,216.6,962.0,1260,39,68,13125.0
56.705,216.6,962.0,1260,39,68,13149.5
56.823,346.1,962.0,1260,7,68,13173.0
56.941,475.6,962.0,1260,8,67,13193.0
57.059,475.6,962.0,1260,8,67,13212.5
57.176,62.8,962.0,1260,11,69,13218.7
57.294,216.8,962.0,1260,49,68,13233.0
57.411,475.8,962.0,1260,19,68,13247.4
57.529,56.0,962.0,1260,19,69,13255.5
57.647,346.5,962.0,1260,52,68,13272.1
57.764,346.5,962.0,1260,12,67,13292.7
57.881,476.0,962.0,1260,12,67,13269.3
57.999,56.2,962.0,1260,13,69,13196.6
58.119,217.2,962.0,1260,48,68,13170.0
58.237,346.7,962.0,1260,48,67,13187.5
58.355,476.2,962.0,1260,10,68,13205.3
58.472,56.5,962.0,1260,11,69,13215.9
58.589,217.5,962.0,1260,52,68,13226.4
58.707,347.0,962.0,1260,52,67,13240.2
58.825,476.5,962.0,1260,12,67,13258.1
58.942,56.7,962.0,1260,41,71,13263.6
59.059,217.7,962.0,1260,41,68,13278.4
59.177,347.2,962.0,1260,20,67,13292.1
59.295,476.7,962.0,1260,9,67,13306.8
59.413,476.7,962.0,1260,11,67,13319.8
59.531,63.9,962.0,1260,11,68,13324.5
59.65,217.9,962.0,1260,50,68,13333.0
59.768,347.4,962.0,1260,11,67,13341.3
59.887,476.9,962.0,1260,11,67,13350.0
60.006,57.1,962.0,1260,21,70,13347.7
60.125,218.1,962.0,1260,42,68,13357.1
60.243,347.6,962.0,1260,42,67,13366.8
60.363,477.1,962.0,1260,10,67,13376.4
60.482,88.8,962.0,1260,42,69,13374.3
60.602,347.8,962.0,1260,21,68,13383.0
60.721,477.3,962.0,1260,21,67,13395.1
60.839,57.6,962.0,1260,10,68,13401.3
60.958,218.6,962.0,1260,51,68,13406.4
61.079,348.1,962.0,1260,51,68,13416.6
61.198,477.6,962.0,1260,14,67,13435.1
61.317,64.8,962.0,1260,36,70,13431.6
61.437,218.8,962.0,1260,28,68,13446.3
61.557,348.3,962.0,1260,28,68,13475.7
61.676,484.3,962.0,1260,10,67,13495.5
61.795,89.5,962.0,1260,52,69,13504.8
61.914,219.0,962.0,1260,52,68,13536.8
62.035,348.5,962.0,1260,8,68,13565.0
62.155,478.0,962.0,1260,9,67,13588.9
62.28,478.0,962.0,1260,6,67,13583.1
62.535,58.2,962.0,1260,48,68,13567.7
62.779,219.2,962.0,1260,3,67,13543.8
63.067,348.7,962.0,1260,1,67,13509.8
63.405,348.7,962.0,1260,2,67,13479.4
63.731,478.2,962.0,1260,2,67,13441.6
64.067,478.2,962.0,1260,40,68,13406.6
64.423,219.4,962.0,1260,3,68,13374.8
64.733,348.9,962.0,1260,5,67,13345.3
65.025,348.9,962.0,1260,5,67,13315.0
65.34,478.4,962.0,1260,4,67,13285.9
65.651,58.7,962.0,1260,42,68,13267.7
65.887,219.7,962.0,1260,2,68,13234.6
66.235,219.7,962.0,1260,2,68,13200.8
66.576,349.2,962.0,1260,1,67,13168.1
66.895,349.2,962.0,1260,4,68,13134.6
67.216,478.7,962.0,1260,3,68,13099.0
67.544,478.7,962.0,1260,4,68,13065.6
67.874,90.4,962.0,1260,18,68,13031.0
68.217,219.9,962.0,1260,4,68,12994.7
68.533,219.9,962.0,1260,3,68,12973.0
68.751,349.4,962.0,1260,3,68,12729.1
68.931,478.9,962.0,1260,3,68,12756.6
69.05,478.9,962.0,1260,7,68,12789.4
69.169,59.1,962.0,1260,30,71,12363.6
69.289,220.1,962.0,1260,27,68,12360.2
69.407,349.6,962.0,1260,27,68,12376.3
69.525,479.1,962.0,1260,12,68,12390.9
69.643,59.3,962.0,1260,31,70,12396.6
69.761,220.3,962.0,1260,31,68,12412.3
69.878,349.8,962.0,1260,31,68,12428.3
69.996,349.8,962.0,1260,11,68,12445.1
70.113,479.3,962.0,1260,11,68,12460.9
70.232,66.5,962.0,1260,11,69,12468.9
70.349,220.5,962.0,1260,49,68,12485.7
70.467,350.0,962.0,1260,11,68,12501.9
70.584,479.5,962.0,1260,11,68,12518.2
70.702,59.7,962.0,1260,10,70,12528.8
70.819,91.3,962.0,1260,48,69,12540.6
70.937,220.8,962.0,1260,48,68,12556.3
71.055,350.3,962.0,1260,10,68,12570.5
71.173,479.8,962.0,1260,12,67,12586.0
71.291,60.0,962.0,1260,50,71,12592.2
71.41,221.0,962.0,1260,50,68,12607.8
71.527,350.5,962.0,1260,12,67,12626.1
71.645,480.0,962.0,1260,8,67,12647.9
71.762,480.0,962.0,1260,8,67,12667.7
71.879,60.2,962.0,1260,6,71,12676.1
71.997,221.2,962.0,1260,50,68,12667.5
72.116,221.2,962.0,1260,50,67,12588.3
72.235,350.7,962.0,1260,8,67,12565.0
72.359,480.2,962.0,1260,6,67,12591.6
72.476,480.2,962.0,1260,7,67,12620.2
72.594,488.9,962.0,1260,7,68,12644.2
72.711,63.9,962.0,1260,33,68,12658.8
72.829,221.4,962.0,1260,21,68,12687.1
72.947,221.4,962.0,1260,21,67,12713.2
73.067,350.9,962.0,1260,8,67,12748.9
73.186,480.4,962.0,1260,8,67,12774.7
73.305,480.4,962.0,1260,7,67,12794.7
73.424,30.0,962.0,1260,7,68,12841.4
73.551,30.0,962.0,1260,45,68,12924.6
73.684,30.0,962.0,1260,2,67,12980.2
73.889,30.0,962.0,1260,0,67,13023.4
74.033,30.0,962.0,1260,2,67,13033.9
74.302,30.0,962.0,1260,0,67,13035.6
74.536,30.0,962.0,1260,2,67,13038.1
74.806,30.0,962.0,1260,0,67,13018.6
75.002,30.0,962.0,1260,2,68,12697.7
75.128,30.0,962.0,1260,2,67,12624.9
75.253,30.0,962.0,1260,2,67,12721.4
75.38,30.0,962.0,1260,0,67,12832.8
75.505,30.0,962.0,1260,2,68,12769.6
75.632,30.0,962.0,1260,2,67,12797.7
75.757,30.0,962.0,1260,2,68,12892.2
75.884,30.0,962.0,1260,0,67,12974.0
76.009,30.0,962.0,1260,1,68,13053.7
76.134,30.0,962.0,1260,2,68,13136.5
76.261,30.0,962.0,1260,2,68,13226.3
76.388,30.0,962.0,1260,1,68,13317.3
76.515,30.0,962.0,1260,1,68,13397.3
76.642,30.0,962.0,1260,2,68,13467.6
76.769,30.0,962.0,1260,2,68,13535.6
76.895,30.0,962.0,1260,1,68,13574.9
77.017,30.0,962.0,1260,1,68,13615.2
77.15,30.0,962.0,1260,2,68,13658.0
77.272,30.0,962.0,1260,2,68,13676.1
77.392,30.0,962.0,1260,1,68,13694.9
77.513,30.0,962.0,1260,1,68,13711.0
77.633,30.0,962.0,1260,1,68,13665.2
77.755,214.8,962.0,1260,2,68,13686.8
77.875,214.8,962.0,1260,8,68,13707.6
77.994,344.3,962.0,1260,10,68,13729.2
78.114,473.8,962.0,1260,10,68,13753.1
78.233,54.8,962.0,1260,9,71,13755.7
78.352,215.8,962.0,1260,52,68,13777.5
78.476,345.3,962.0,1260,9,68,13797.9
78.611,474.8,962.0,1260,6,68,13779.7
78.894,55.0,962.0,1260,47,68,13755.6
79.159,216.0,962.0,1260,1,68,13722.0
79.495,345.5,962.0,1260,3,68,13690.2
79.807,345.5,962.0,1260,2,68,13658.6
80.128,55.2,962.0,1260,42,68,13628.7
80.397,216.3,962.0,1260,3,68,13591.8
80.701,345.8,962.0,1260,3,68,13559.9
80.977,345.8,962.0,1260,2,68,13529.6
81.291,475.3,962.0,1260,5,68,13501.4
81.557,55.5,962.0,1260,49,69,13475.0
81.793,216.5,962.0,1260,49,68,13376.9
81.917,346.0,962.0,1260,7,68,13248.0
82.037,475.5,962.0,1260,10,68,12957.4
82.156,55.7,962.0,1260,10,69,12733.7
82.274,87.2,962.0,1260,27,69,12749.2
82.392,216.7,962.0,1260,32,68,12772.9
82.51,346.2,962.0,1260,6,68,12797.3
82.628,346.2,962.0,1260,6,68,12819.2
82.745,475.7,962.0,1260,9,68,12838.2
82.863,55.9,962.0,1260,17,71,12848.6
82.98,216.9,962.0,1260,17,69,12867.9
83.097,216.9,962.0,1260,42,68,12905.0
83.215,346.4,962.0,1260,9,68,12948.3
83.333,475.9,962.0,1260,10,68,12993.9
83.45,56.1,962.0,1260,10,68,13019.9
83.567,87.6,962.0,1260,45,69,13040.9
83.685,217.1,962.0,1260,12,68,13091.5
83.804,346.6,962.0,1260,12,68,13144.6
83.921,346.6,962.0,1260,9,68,12984.5
84.041,476.1,962.0,1260,7,68,12865.5
84.159,56.3,962.0,1260,7,71,12880.7
84.276,87.9,962.0,1260,48,68,12903.7
84.395,217.4,962.0,1260,11,68,12923.1
84.513,346.9,962.0,1260,9,67,12941.1
84.631,476.4,962.0,1260,9,67,12960.4
84.749,56.6,962.0,1260,20,69,12967.9
84.867,217.6,962.0,1260,45,68,12982.6
84.986,476.6,962.0,1260,45,68,12997.0
85.103,483.0,962.0,1260,11,67,13012.8
85.22,88.3,962.0,1260,53,69,13020.9
85.338,217.8,962.0,1260,11,68,13037.4
85.456,347.3,962.0,1260,11,67,13050.8
85.573,476.8,962.0,1260,9,67,13065.0
85.691,88.5,962.0,1260,55,70,13069.4
85.809,218.0,962.0,1260,55,68,13085.0
85.927,347.5,962.0,1260,10,68,13099.5
86.045,477.0,962.0,1260,8,67,13114.6
86.162,477.0,962.0,1260,8,68,13128.0
86.281,64.2,962.0,1260,23,68,13136.6
86.399,218.2,962.0,1260,38,68,13098.9
86.517,347.7,962.0,1260,9,67,12998.2
86.636,477.2,962.0,1260,9,67,13015.7
86.754,57.4,962.0,1260,10,68,13028.5
86.872,89.0,962.0,1260,50,68,13038.4
86.99,218.5,962.0,1260,50,67,13051.1
87.108,348.0,962.0,1260,9,67,13067.5
87.226,477.5,962.0,1260,9,67,13084.5
87.343,57.7,962.0,1260,9,68,13096.4
87.461,89.2,962.0,1260,30,68,13106.1
87.579,348.2,962.0,1260,31,67,13073.3
87.698,477.7,962.0,1260,11,67,13046.9
87.818,57.9,962.0,1260,11,68,13044.0
87.935,89.4,962.0,1260,43,68,13052.6
88.053,218.9,962.0,1260,18,67,13069.5
88.171,348.4,962.0,1260,18,67,13093.8
88.288,477.9,962.0,1260,8,67,13124.4
88.406,58.1,962.0,1260,9,68,13141.0
88.523,65.1,962.0,1260,49,68,13156.5
88.641,219.1,962.0,1260,49,67,13169.1
88.761,348.6,962.0,1260,8,67,12915.5
88.879,348.6,962.0,1260,9,67,12941.0
88.997,478.1,962.0,1260,9,67,12969.1
89.114,58.3,962.0,1260,9,70,12981.0
89.232,219.3,962.0,1260,49,68,13010.0
89.349,219.3,962.0,1260,49,67,13031.3
89.467,348.8,962.0,1260,10,67,13061.1
89.584,478.3,962.0,1260,7,67,13091.3
89.702,478.3,962.0,1260,7,67,13123.4
89.82,58.5,962.0,1260,7,69,13135.7
89.937,219.6,962.0,1260,50,67,13158.0
90.056,219.6,962.0,1260,7,67,13178.5
90.174,349.1,962.0,1260,7,67,13163.2
90.292,478.6,962.0,1260,8,67,13046.2
90.41,478.6,962.0,1260,8,67,13043.6
90.527,58.8,962.0,1260,8,70,12977.2
90.645,219.8,962.0,1260,49,67,13000.3
90.763,219.8,962.0,1260,8,67,13028.8
90.881,349.3,962.0,1260,7,67,13060.4
90.998,349.3,962.0,1260,7,67,13090.8
91.116,478.8,962.0,1260,5,67,13120.9
91.234,59.0,962.0,1260,10,68,12925.0
91.352,90.5,962.0,1260,10,67,12947.4
91.469,220.0,962.0,1260,48,67,12976.7
91.586,349.5,962.0,1260,12,67,13004.8
91.705,479.0,962.0,1260,7,67,13030.5
91.823,479.0,962.0,1260,7,67,13058.3
91.941,59.2,962.0,1260,17,69,13069.1
92.059,220.2,962.0,1260,37,67,13093.9
92.177,220.2,962.0,1260,37,67,13114.9
92.295,349.7,962.0,1260,7,67,13112.1
92.414,349.7,962.0,1260,8,67,13044.6
92.54,479.2,962.0,1260,7,67,13059.8
92.658,59.4,962.0,1260,7,70,13060.8
92.778,220.4,962.0,1260,49,67,13081.5
92.897,220.4,962.0,1260,8,67,13106.1
93.017,349.9,962.0,1260,8,67,13130.6
93.136,479.4,962.0,1260,7,67,13152.3
93.255,479.4,962.0,1260,8,67,13173.0
93.374,59.6,962.0,1260,49,69,13174.7
93.494,220.6,962.0,1260,49,67,13195.1
93.613,220.6,962.0,1260,6,67,13216.8
93.733,350.1,962.0,1260,8,67,13236.5
93.854,479.6,962.0,1260,8,67,13252.7
93.974,479.6,962.0,1260,8,67,13269.7
94.093,59.9,962.0,1260,46,68,13271.6
94.213,220.9,962.0,1260,9,67,13290.6
94.332,350.4,962.0,1260,9,67,13307.5
94.452,350.4,962.0,1260,8,67,13327.3
94.573,479.9,962.0,1260,6,67,13343.0
94.724,479.9,962.0,1260,5,66,13333.5
94.945,60.1,962.0,1260,29,68,13324.8
95.106,221.1,962.0,1260,3,67,13309.9
95.364,221.1,962.0,1260,5,67,13284.0
95.66,350.6,962.0,1260,5,66,13258.4
95.939,480.1,962.0,1260,2,66,13234.2
96.227,480.1,962.0,1260,1,67,13198.7
96.533,60.3,962.0,1260,49,67,13164.1
96.826,221.3,962.0,1260,4,67,13134.5
97.126,221.3,962.0,1260,3,67,13100.4
97.467,350.8,962.0,1260,2,67,13068.1
97.799,350.8,962.0,1260,3,67,13033.9
98.144,480.3,962.0,1260,3,67,13001.3
98.464,480.3,962.0,1260,1,67,12968.1
98.789,60.5,962.0,1260,35,67,12947.1
99.031,221.5,962.0,1260,13,67,12913.3
99.296,30.1,962.0,1260,37,67,12888.9
99.532,30.1,962.0,1260,0,67,12882.8
99.814,30.1,962.0,1260,2,67,12901.4
100.056,30.1,962.0,1260,0,67,12893.6
100.347,30.1,962.0,1260,2,67,12936.1
100.56,30.1,962.0,1260,0,67,12942.1
100.797,30.1,962.0,1260,2,67,12949.7
101.066,30.1,962.0,1260,1,67,12955.6
101.312,30.1,962.0,1260,2,67,12961.6
101.613,30.1,962.0,1260,2,67,12910.2
101.745,30.1,962.0,1260,0,67,12640.7
101.872,30.1,962.0,1260,0,67,12702.1
101.998,30.1,962.0,1260,2,67,12729.5
102.123,30.1,962.0,1260,2,67,12752.2
102.249,30.1,962.0,1260,0,66,12788.0
102.374,30.1,962.0,1260,0,66,12822.8
102.5,30.1,962.0,1260,2,66,12851.6
102.625,30.1,962.0,1260,2,66,12876.8
102.75,30.1,962.0,1260,0,66,12942.3
102.876,30.1,962.0,1260,0,66,12976.3
103.002,30.1,962.0,1260,2,66,13010.0
103.127,30.1,962.0,1260,2,66,13085.9
103.253,30.1,962.0,1260,0,66,13114.5
103.379,30.1,962.0,1260,0,66,13178.2
103.505,30.1,962.0,1260,2,66,13208.7
103.624,30.1,962.0,1260,2,66,13270.2
103.743,30.1,962.0,1260,0,66,13324.9
103.861,30.1,962.0,1260,0,66,13377.2
103.98,30.1,962.0,1260,2,66,13421.1
104.099,57.4,962.0,1260,3,66,13379.3
104.218,214.9,962.0,1260,3,66,13403.7
104.335,344.4,962.0,1260,7,66,13428.5
104.453,344.4,962.0,1260,8,66,13453.1
104.57,473.9,962.0,1260,8,66,13479.9
104.688,473.9,962.0,1260,9,66,13503.7
104.805,54.9,962.0,1260,42,67,13431.8
104.924,215.9,962.0,1260,25,66,13400.3
105.042,345.4,962.0,1260,25,66,13390.5
105.16,474.9,962.0,1260,11,66,13371.6
105.279,55.1,962.0,1260,29,68,13357.4
105.396,216.1,962.0,1260,29,67,13375.3
105.514,216.1,962.0,1260,38,66,13399.1
105.632,345.6,962.0,1260,8,66,13422.9
105.75,475.1,962.0,1260,10,66,13441.3
105.868,55.4,962.0,1260,10,68,13445.9
105.985,216.4,962.0,1260,58,67,13467.1
106.103,216.4,962.0,1260,9,67,13490.8
106.222,345.9,962.0,1260,9,66,13513.2
106.339,475.4,962.0,1260,7,66,13310.0
106.459,55.6,962.0,1260,22,68,13236.1
106.577,216.6,962.0,1260,22,67,13250.9
106.695,346.1,962.0,1260,46,67,13271.7
106.813,475.6,962.0,1260,8,67,13292.1
106.931,475.6,962.0,1260,8,67,13315.5
107.048,55.8,962.0,1260,8,68,13325.7
107.166,216.8,962.0,1260,50,67,13349.4
107.285,216.8,962.0,1260,6,67,13373.1
107.402,346.3,962.0,1260,6,67,13397.0
107.52,475.8,962.0,1260,9,67,13418.0
107.638,485.0,962.0,1260,9,67,13434.0
107.755,87.5,962.0,1260,9,68,13442.4
107.873,346.5,962.0,1260,51,67,13459.2
107.992,476.0,962.0,1260,18,67,13472.5
108.11,63.2,962.0,1260,53,69,13482.9
108.228,346.7,962.0,1260,53,67,13501.1
108.346,476.2,962.0,1260,14,67,13491.6
108.464,476.2,962.0,1260,10,67,13394.9
108.582,56.5,962.0,1260,10,69,13379.7
108.699,217.5,962.0,1260,50,67,13381.2
108.824,347.0,962.0,1260,14,67,13392.1
108.942,56.7,962.0,1260,17,67,13400.9
109.06,217.7,962.0,1260,17,68,13403.2
109.178,347.2,962.0,1260,50,67,13413.0
109.297,476.7,962.0,1260,13,67,13425.3
109.416,56.9,962.0,1260,13,69,13422.0
109.534,217.9,962.0,1260,53,67,13431.0
109.653,347.4,962.0,1260,12,67,13437.6
109.771,57.1,962.0,1260,30,68,13438.7
109.889,218.1,962.0,1260,30,67,13441.6
110.008,347.6,962.0,1260,36,67,13448.5
110.126,477.1,962.0,1260,11,67,13456.7
110.244,57.3,962.0,1260,11,70,13457.5
110.362,218.3,962.0,1260,50,67,13463.9
110.481,347.8,962.0,1260,12,67,13474.9
110.6,477.3,962.0,1260,11,67,13485.3
110.718,57.6,962.0,1260,11,70,13487.5
110.836,218.6,962.0,1260,50,68,13492.6
110.954,348.1,962.0,1260,12,67,13501.9
111.072,477.6,962.0,1260,12,67,13514.6
111.19,57.8,962.0,1260,12,70,13512.8
111.308,218.8,962.0,1260,51,67,13521.5
111.427,348.3,962.0,1260,51,67,13532.6
111.545,58.0,962.0,1260,14,68,13540.9
111.664,219.0,962.0,1260,53,68,13542.4
111.783,348.5,962.0,1260,11,67,13556.5
111.902,348.5,962.0,1260,11,67,13575.6
112.021,58.2,962.0,1260,9,68,13582.8
112.14,89.7,962.0,1260,52,68,13590.3
112.258,219.2,962.0,1260,52,67,13610.4
112.377,348.7,962.0,1260,7,67,13629.9
112.496,478.2,962.0,1260,11,67,13648.0
112.616,58.4,962.0,1260,39,70,13653.2
112.736,219.4,962.0,1260,19,67,13664.4
112.918,348.9,962.0,1260,9,67,13651.2
113.168,478.4,962.0,1260,2,67,13631.5
113.439,478.4,962.0,1260,5,67,13610.6
113.717,58.7,962.0,1260,3,68,13600.3
113.893,219.7,962.0,1260,6,67,13574.1
114.195,349.2,962.0,1260,4,67,13549.4
114.476,478.7,962.0,1260,3,67,13521.6
114.756,478.7,962.0,1260,4,67,13492.2
115.042,58.9,962.0,1260,9,68,13482.3
115.192,219.9,962.0,1260,3,67,13452.5
115.492,349.4,962.0,1260,3,67,13419.6
115.802,349.4,962.0,1260,2,67,13385.7
116.109,478.9,962.0,1260,1,67,13349.8
116.436,478.9,962.0,1260,2,67,13317.0
116.752,59.1,962.0,1260,47,68,13302.8
116.932,220.1,962.0,1260,6,67,13272.5
117.221,349.6,962.0,1260,10,67,13238.7
117.528,479.1,962.0,1260,3,67,13207.7
117.826,479.1,962.0,1260,2,67,13175.9
118.134,59.3,962.0,1260,48,68,13162.7
118.314,220.3,962.0,1260,3,67,13132.1
118.621,220.3,962.0,1260,5,67,13104.9
118.903,349.8,962.0,1260,6,67,13082.6
119.154,59.5,962.0,1260,20,69,13041.6
119.353,220.5,962.0,1260,43,68,12711.9
119.471,350.0,962.0,1260,16,68,12710.7
119.589,350.0,962.0,1260,16,67,12661.3
119.707,479.5,962.0,1260,15,67,12656.4
119.825,479.5,962.0,1260,5,67,12651.9
119.942,59.8,962.0,1260,5,70,12635.0
120.059,220.8,962.0,1260,50,68,12653.5
120.177,220.8,962.0,1260,7,67,12671.8
120.294,350.3,962.0,1260,7,67,12689.5
120.412,350.3,962.0,1260,5,67,12709.2
120.53,479.8,962.0,1260,7,67,12727.5
120.647,479.8,962.0,1260,7,67,12749.1
120.765,60.0,962.0,1260,7,71,12756.4
120.882,221.0,962.0,1260,48,68,12776.8
120.999,221.0,962.0,1260,7,67,12667.6
121.118,350.5,962.0,1260,7,67,12631.4
121.236,350.5,962.0,1260,8,67,12658.1
121.353,480.0,962.0,1260,8,67,12687.4
121.47,60.2,962.0,1260,50,70,12696.1
121.588,221.2,962.0,1260,50,68,12718.6
121.705,221.2,962.0,1260,8,67,12743.2
121.824,350.7,962.0,1260,7,67,12767.0
121.941,350.7,962.0,1260,7,67,12795.4
122.06,480.2,962.0,1260,7,67,12818.3
122.18,60.4,962.0,1260,31,70,12821.3
122.299,221.4,962.0,1260,31,67,12847.1
122.418,221.4,962.0,1260,30,67,12877.4
122.538,350.9,962.0,1260,6,67,12908.6
122.657,480.4,962.0,1260,7,67,12940.2
122.775,480.4,962.0,1260,7,67,12972.6
122.895,60.6,962.0,1260,7,70,12978.4
123.022,221.6,962.0,1260,48,68,12995.1
123.141,480.6,962.0,1260,20,67,12999.2
123.261,30.2,962.0,1260,48,68,13005.6
123.478,30.2,962.0,1260,2,67,13006.0
123.824,30.2,962.0,1260,1,67,13011.2
124.163,30.2,962.0,1260,1,67,13011.3
124.498,30.2,962.0,1260,2,67,13011.5
124.832,30.2,962.0,1260,1,67,13017.6
125.043,30.2,962.0,1260,2,67,13007.9
125.272,30.2,962.0,1260,2,67,12876.8
125.4,30.2,962.0,1260,2,67,12687.5
125.528,30.2,962.0,1260,12,67,12496.8
125.655,30.2,962.0,1260,5,67,12589.4
125.78,30.2,962.0,1260,5,67,12692.4
125.905,30.2,962.0,1260,2,67,12789.0
126.03,30.2,962.0,1260,0,67,12905.7
126.154,30.2,962.0,1260,2,67,13003.6
126.28,30.2,962.0,1260,2,67,13098.1
126.407,30.2,962.0,1260,2,67,13172.2
126.534,30.2,962.0,1260,0,67,13250.0
126.661,30.2,962.0,1260,2,67,13335.8
126.789,30.2,962.0,1260,2,67,13419.5
126.917,30.2,962.0,1260,2,67,13497.4
127.044,30.2,962.0,1260,0,67,13577.4
127.171,30.2,962.0,1260,2,67,13629.4
127.32,30.2,962.0,1260,2,67,13646.6
127.44,30.2,962.0,1260,2,67,13662.3
127.56,30.2,962.0,1260,0,67,13684.2
127.681,30.2,962.0,1260,2,67,13701.2
127.8,30.2,962.0,1260,2,67,13717.3
127.92,30.2,962.0,1260,2,67,13666.1
128.043,215.0,962.0,1260,1,67,13685.8
128.164,215.0,962.0,1260,10,67,13705.4
128.283,344.5,962.0,1260,10,67,13724.9
128.403,474.0,962.0,1260,10,68,13745.1
128.522,55.1,962.0,1260,35,71,13744.9
128.642,216.1,962.0,1260,35,68,13753.7
128.76,345.6,962.0,1260,43,68,13776.7
128.885,475.1,962.0,1260,12,68,13777.9
129.109,55.3,962.0,1260,5,72,13770.4
129.265,216.3,962.0,1260,7,68,13747.1
129.544,216.3,962.0,1260,3,68,13715.8
129.87,345.8,962.0,1260,3,68,13685.4
130.183,475.3,962.0,1260,67,69,13657.7
130.497,216.5,962.0,1260,3,68,13627.5
130.803,346.0,962.0,1260,1,68,13593.8
131.13,346.0,962.0,1260,5,68,13561.0
131.456,475.5,962.0,1260,4,68,13523.1
131.789,55.7,962.0,1260,70,68,13466.5
132.097,346.3,962.0,1260,6,68,13436.1
132.417,475.8,962.0,1260,4,68,13408.1
132.72,475.8,962.0,1260,2,68,13344.0
133.014,56.0,962.0,1260,67,71,12858.8
133.139,217.0,962.0,1260,67,68,12852.3
133.258,217.0,962.0,1260,8,68,12876.3
133.376,346.5,962.0,1260,7,68,12901.6
133.494,346.5,962.0,1260,7,68,12922.3
133.611,476.0,962.0,1260,6,68,12942.3
133.729,56.2,962.0,1260,8,70,12955.5
133.847,87.7,962.0,1260,71,69,12963.8
133.965,217.2,962.0,1260,71,68,12977.6
134.083,476.2,962.0,1260,13,68,12990.7
134.201,56.4,962.0,1260,47,71,12994.4
134.318,217.4,962.0,1260,47,69,13008.9
134.436,346.9,962.0,1260,38,68,13024.7
134.554,476.4,962.0,1260,10,68,13042.7
134.671,476.4,962.0,1260,10,68,13063.5
134.789,56.6,962.0,1260,9,71,13064.9
134.906,217.6,962.0,1260,70,68,12908.9
135.024,347.1,962.0,1260,9,68,12925.7
135.142,347.1,962.0,1260,9,68,12940.8
135.259,476.6,962.0,1260,10,67,12957.1
135.377,56.8,962.0,1260,29,70,12965.5
135.494,88.4,962.0,1260,29,68,12973.1
135.612,217.9,962.0,1260,51,68,12985.8
135.731,347.4,962.0,1260,11,67,12999.5
135.848,476.9,962.0,1260,11,67,13016.4
135.966,57.1,962.0,1260,10,71,13018.1
136.084,88.6,962.0,1260,69,68,13030.7
136.202,218.1,962.0,1260,8,68,13044.0
136.32,347.6,962.0,1260,8,67,12886.3
136.438,477.1,962.0,1260,10,67,12900.3
136.555,57.3,962.0,1260,17,68,12907.0
136.673,88.8,962.0,1260,17,69,12913.1
136.791,218.3,962.0,1260,63,68,12927.0
136.909,347.8,962.0,1260,8,67,12940.8
137.029,477.3,962.0,1260,8,67,12955.3
137.147,477.3,962.0,1260,8,67,12969.2
137.264,57.5,962.0,1260,21,71,12972.5
137.382,218.5,962.0,1260,57,68,12986.1
137.5,218.5,962.0,1260,57,67,13000.7
137.617,348.0,962.0,1260,8,67,13014.7
137.735,477.5,962.0,1260,8,67,13029.9
137.853,477.5,962.0,1260,8,67,13049.1
137.972,57.7,962.0,1260,10,71,13049.6
138.089,218.7,962.0,1260,67,68,13062.1
138.208,348.2,962.0,1260,10,67,13077.4
138.326,348.2,962.0,1260,10,67,13055.6
138.444,477.7,962.0,1260,10,67,12937.4
138.562,57.9,962.0,1260,27,70,12944.1
138.68,89.5,962.0,1260,27,68,12951.8
138.798,219.0,962.0,1260,50,67,12966.9
138.915,348.5,962.0,1260,11,67,12981.4
139.033,478.0,962.0,1260,8,67,13001.2
139.151,58.2,962.0,1260,8,70,13007.1
139.269,89.7,962.0,1260,72,68,13016.1
139.387,219.2,962.0,1260,10,67,13031.4
139.505,348.7,962.0,1260,10,67,13050.7
139.622,348.7,962.0,1260,6,67,13073.3
139.74,478.2,962.0,1260,7,67,13090.5
139.857,58.4,962.0,1260,7,69,13097.6
139.975,65.4,962.0,1260,51,68,13050.9
140.094,219.4,962.0,1260,26,67,12973.0
140.212,219.4,962.0,1260,7,67,12994.1
140.33,348.9,962.0,1260,7,67,13014.5
140.447,478.4,962.0,1260,8,67,13034.6
140.566,478.4,962.0,1260,8,67,13058.0
140.684,58.6,962.0,1260,8,71,13060.4
140.801,219.6,962.0,1260,70,67,13082.0
140.919,219.6,962.0,1260,9,67,13098.8
141.037,349.1,962.0,1260,8,67,13073.9
141.156,478.6,962.0,1260,8,67,12971.4
141.273,478.6,962.0,1260,7,67,12971.1
141.391,58.8,962.0,1260,39,70,12955.2
141.508,90.3,962.0,1260,39,68,12970.2
141.625,219.8,962.0,1260,35,67,12988.0
141.743,349.3,962.0,1260,8,67,13005.9
141.861,349.3,962.0,1260,8,67,13024.9
141.978,478.8,962.0,1260,7,67,13042.8
142.096,478.8,962.0,1260,5,67,13060.5
142.213,59.0,962.0,1260,23,68,13074.1
142.331,62.5,962.0,1260,23,68,13080.2
142.448,220.1,962.0,1260,54,67,13072.5
142.566,220.1,962.0,1260,6,67,12892.0
142.686,349.6,962.0,1260,6,67,12914.4
142.803,349.6,962.0,1260,7,66,12937.9
142.921,479.1,962.0,1260,6,66,12960.1
143.038,479.1,962.0,1260,6,66,12982.3
143.156,59.3,962.0,1260,5,70,12988.1
143.274,90.8,962.0,1260,68,67,13004.8
143.391,220.3,962.0,1260,8,67,13027.9
143.509,349.8,962.0,1260,8,66,13048.4
143.627,479.3,962.0,1260,11,66,13077.0
143.745,479.3,962.0,1260,6,66,13104.1
143.864,59.5,962.0,1260,6,69,13103.5
143.982,91.0,962.0,1260,61,67,13112.0
144.101,220.5,962.0,1260,14,67,13127.8
144.22,350.0,962.0,1260,8,66,13144.3
144.339,350.0,962.0,1260,8,66,13158.8
144.46,59.7,962.0,1260,16,70,13152.4
144.58,220.7,962.0,1260,68,67,13161.3
144.699,220.7,962.0,1260,68,67,13182.4
144.82,350.2,962.0,1260,8,66,13206.0
144.94,479.7,962.0,1260,8,66,13223.5
145.059,479.7,962.0,1260,6,66,13241.2
145.179,59.9,962.0,1260,6,70,13233.7
145.298,220.9,962.0,1260,69,67,13248.6
145.417,220.9,962.0,1260,7,67,13265.4
145.536,350.4,962.0,1260,7,66,13282.0
145.656,479.9,962.0,1260,6,66,13295.7
145.793,479.9,962.0,1260,4,66,13283.6
146.037,60.1,962.0,1260,37,67,13260.9
146.314,221.1,962.0,1260,4,66,13237.4
146.624,221.1,962.0,1260,4,66,13211.3
146.932,350.6,962.0,1260,1,66,13185.5
147.225,350.6,962.0,1260,2,66,13157.1
147.523,480.1,962.0,1260,3,66,13130.8
147.814,60.4,962.0,1260,69,68,13115.7
148.056,221.4,962.0,1260,2,67,13089.1
148.359,221.4,962.0,1260,5,66,13061.4
148.668,350.9,962.0,1260,4,67,13033.6
148.978,480.4,962.0,1260,3,66,13005.1
149.291,60.6,962.0,1260,14,70,12996.1
149.448,60.8,962.0,1260,81,69,12986.0
149.575,221.8,962.0,1260,79,68,12979.4
149.699,30.4,962.0,1260,79,68,12976.0
149.828,30.4,962.0,1260,51,68,12974.2
149.996,30.4,962.0,1260,2,67,12969.2
150.31,30.4,962.0,1260,2,67,12989.1
150.594,30.4,962.0,1260,2,67,12983.4
150.731,30.4,962.0,1260,2,67,13013.8
151.048,30.4,962.0,1260,2,67,13070.1
151.252,30.4,962.0,1260,2,67,13075.9
151.557,30.4,962.0,1260,0,67,13072.2
151.898,30.4,962.0,1260,2,67,13073.8
152.187,30.4,962.0,1260,0,67,13069.4
152.39,30.4,962.0,1260,0,67,12961.4
152.517,30.4,962.0,1260,2,67,12582.5
152.658,30.4,962.0,1260,2,67,12667.3
152.783,30.4,962.0,1260,0,66,12786.0
152.908,30.4,962.0,1260,2,66,12888.0
153.033,30.4,962.0,1260,2,66,12869.9
153.162,30.4,962.0,1260,2,66,12901.5
153.288,30.4,962.0,1260,0,66,12939.2
153.415,30.4,962.0,1260,2,66,12987.2
153.54,30.4,962.0,1260,2,66,13047.0
153.666,30.4,962.0,1260,2,66,13092.1
153.792,30.4,962.0,1260,0,66,13119.3
153.918,30.4,962.0,1260,2,66,13168.5
154.039,30.4,962.0,1260,2,66,13191.0
154.159,30.4,962.0,1260,2,66,13253.2
154.278,30.4,962.0,1260,0,66,13303.7
154.397,30.4,962.0,1260,0,66,13352.4
154.516,30.4,962.0,1260,2,66,13400.6
154.636,28.5,962.0,1260,2,66,13342.0
154.754,215.1,962.0,1260,4,66,13366.7
154.872,215.1,962.0,1260,4,66,13390.5
154.99,344.6,962.0,1260,8,66,13414.4
155.108,474.1,962.0,1260,9,66,13437.8
155.225,474.1,962.0,1260,9,66,13461.6
155.343,55.3,962.0,1260,6,67,13474.0
155.461,55.3,962.0,1260,82,67,13479.9
155.578,216.3,962.0,1260,82,66,13459.6
155.699,345.8,962.0,1260,12,66,13358.8
155.817,475.3,962.0,1260,9,66,13381.9
155.934,55.5,962.0,1260,33,67,13393.6
156.052,55.5,962.0,1260,33,67,13400.9
156.17,216.5,962.0,1260,57,67,13426.1
156.288,346.0,962.0,1260,7,67,13452.1
156.405,475.5,962.0,1260,7,66,13477.5
156.523,475.5,962.0,1260,12,66,13498.2
156.64,55.7,962.0,1260,51,70,13499.3
156.757,216.7,962.0,1260,29,67,13448.1
156.876,346.2,962.0,1260,29,67,13396.0
156.995,346.2,962.0,1260,9,67,13383.3
157.113,475.7,962.0,1260,8,67,13372.6
157.231,55.9,962.0,1260,8,67,13321.0
157.349,55.9,962.0,1260,36,70,13314.5
157.467,216.9,962.0,1260,46,67,13332.1
157.585,346.4,962.0,1260,46,67,13353.6
157.703,475.9,962.0,1260,9,67,13373.9
157.821,475.9,962.0,1260,7,67,13397.7
157.938,56.1,962.0,1260,70,71,13398.7
158.055,217.1,962.0,1260,70,67,13422.2
158.173,217.1,962.0,1260,8,67,13446.5
158.291,346.6,962.0,1260,6,67,13470.9
158.409,346.6,962.0,1260,6,67,13494.3
158.526,476.1,962.0,1260,8,66,13467.0
158.645,56.4,962.0,1260,28,70,13218.8
158.763,87.9,962.0,1260,28,67,13228.3
158.88,346.9,962.0,1260,51,67,13243.8
158.998,476.4,962.0,1260,15,67,13257.5
159.116,56.6,962.0,1260,48,69,13261.5
159.233,217.6,962.0,1260,48,68,13277.4
159.35,347.1,962.0,1260,35,67,13296.0
159.469,476.6,962.0,1260,12,67,13317.7
159.587,476.6,962.0,1260,12,66,13338.0
159.705,56.8,962.0,1260,21,70,13338.7
159.823,217.8,962.0,1260,56,67,13357.3
159.94,347.3,962.0,1260,11,67,13375.2
160.057,347.3,962.0,1260,11,66,13390.6
160.175,476.8,962.0,1260,11,66,13408.1
160.293,57.0,962.0,1260,49,70,13412.3
160.411,218.0,962.0,1260,49,67,13422.9
160.529,347.5,962.0,1260,32,67,13436.0
160.647,477.0,962.0,1260,11,66,13453.4
160.765,57.2,962.0,1260,11,66,13465.4
160.883,57.2,962.0,1260,29,69,13469.3
161.0,218.2,962.0,1260,50,67,13484.4
161.117,347.7,962.0,1260,9,66,13497.7
161.235,347.7,962.0,1260,9,66,13511.7
161.353,477.2,962.0,1260,7,66,13528.4
161.472,57.5,962.0,1260,59,71,13523.9
161.59,218.5,962.0,1260,59,67,13533.3
161.708,348.0,962.0,1260,26,67,13541.2
161.826,477.5,962.0,1260,9,66,13550.9
161.944,57.7,962.0,1260,41,69,13551.1
162.062,89.2,962.0,1260,41,67,13551.1
162.18,218.7,962.0,1260,40,67,13561.8
162.298,348.2,962.0,1260,10,66,13572.1
162.416,477.7,962.0,1260,10,66,13586.2
162.534,57.9,962.0,1260,15,70,13580.5
162.651,218.9,962.0,1260,66,67,13584.8
162.769,348.4,962.0,1260,66,67,13592.8
162.887,477.9,962.0,1260,10,67,13604.8
163.006,58.1,962.0,1260,10,66,13613.2
163.124,58.1,962.0,1260,70,70,13606.5
163.244,219.1,962.0,1260,70,67,13618.3
163.362,348.6,962.0,1260,11,67,13629.3
163.481,58.3,962.0,1260,12,67,13640.2
163.6,58.3,962.0,1260,12,69,13632.7
163.718,219.3,962.0,1260,71,67,13642.4
163.837,348.8,962.0,1260,10,67,13660.5
163.955,478.3,962.0,1260,9,67,13680.6
164.074,58.5,962.0,1260,9,69,13681.4
164.192,65.6,962.0,1260,69,68,13687.2
164.311,219.6,962.0,1260,9,67,13709.2
164.436,349.1,962.0,1260,9,67,13698.6
164.692,478.6,962.0,1260,5,67,13673.0
164.973,58.8,962.0,1260,34,68,13657.0
165.195,219.8,962.0,1260,3,67,13630.3
165.483,349.3,962.0,1260,3,67,13601.9
165.791,478.8,962.0,1260,3,67,13566.6
166.131,478.8,962.0,1260,1,67,13525.7
166.437,59.0,962.0,1260,67,69,13513.2
166.622,220.0,962.0,1260,8,67,13486.8
166.901,220.0,962.0,1260,7,67,13458.9
167.186,349.5,962.0,1260,2,67,13431.0
167.473,479.0,962.0,1260,2,67,13400.6
167.795,479.0,962.0,1260,64,68,13373.0
168.114,220.2,962.0,1260,1,67,13341.6
168.434,220.2,962.0,1260,3,67,13307.7
168.764,349.7,962.0,1260,3,67,13276.0
169.064,479.2,962.0,1260,4,67,13243.5
169.373,479.2,962.0,1260,2,67,13210.3
169.704,59.4,962.0,1260,22,71,13201.3
169.843,220.4,962.0,1260,3,67,13172.5
170.139,349.9,962.0,1260,11,67,13144.4
170.426,479.4,962.0,1260,4,67,13084.8
170.619,479.4,962.0,1260,4,67,12602.9
170.738,59.6,962.0,1260,7,70,12519.1
170.855,91.2,962.0,1260,69,68,12536.1
170.973,220.7,962.0,1260,69,67,12559.1
171.09,220.7,962.0,1260,6,67,12582.3
171.208,350.2,962.0,1260,7,67,12601.7
171.326,350.2,962.0,1260,7,67,12623.5
171.444,59.9,962.0,1260,7,68,12631.1
171.561,59.9,962.0,1260,48,69,12634.9
171.679,220.9,962.0,1260,33,67,12655.6
171.797,220.9,962.0,1260,33,67,12677.5
171.916,350.4,962.0,1260,7,67,12700.4
172.034,350.4,962.0,1260,5,67,12724.7
172.152,479.9,962.0,1260,7,67,12745.3
172.27,479.9,962.0,1260,7,67,12764.7
172.388,60.1,962.0,1260,31,71,12765.4
172.505,91.6,962.0,1260,43,68,12785.7
172.623,221.1,962.0,1260,43,67,12806.1
172.741,221.1,962.0,1260,7,67,12826.7
172.857,350.6,962.0,1260,6,67,12847.7
172.975,480.1,962.0,1260,6,67,12870.7
173.094,480.1,962.0,1260,6,67,12885.6
173.214,60.3,962.0,1260,7,69,12888.3
173.333,60.3,962.0,1260,69,68,12890.5
173.453,221.3,962.0,1260,69,67,12909.1
173.572,221.3,962.0,1260,6,67,12926.2
173.692,350.8,962.0,1260,8,67,12944.3
173.812,480.3,962.0,1260,8,67,12964.3
173.931,480.3,962.0,1260,8,67,12978.4
174.051,60.5,962.0,1260,45,70,12971.2
174.171,221.5,962.0,1260,32,67,12993.1
174.29,221.5,962.0,1260,32,67,13015.2
174.41,351.0,962.0,1260,8,67,13033.3
174.53,480.5,962.0,1260,6,67,13049.9
174.649,60.7,962.0,1260,6,71,13042.5
174.768,351.3,962.0,1260,66,68,13044.9
174.888,61.0,962.0,1260,37,70,13039.7
175.007,222.0,962.0,1260,69,68,13038.3
175.127,481.0,962.0,1260,69,67,13041.0
175.25,30.5,962.0,1260,20,71,13032.7
175.374,30.5,962.0,1260,0,67,13065.2
175.716,30.5,962.0,1260,1,67,13064.4
176.07,30.5,962.0,1260,2,67,13064.3
176.408,30.5,962.0,1260,0,67,13080.0
176.713,30.5,962.0,1260,2,67,13081.1
177.031,30.5,962.0,1260,2,67,13083.1
177.287,30.5,962.0,1260,2,67,12993.2
177.431,30.5,962.0,1260,2,67,12818.2
177.558,30.5,962.0,1260,0,67,12799.9
177.683,30.5,962.0,1260,2,67,12815.9
177.808,30.5,962.0,1260,2,67,12842.2
177.932,30.5,962.0,1260,2,67,12774.9
178.059,30.5,962.0,1260,0,67,12849.7
178.184,30.5,962.0,1260,2,67,12876.5
178.31,30.5,962.0,1260,2,67,12947.8
178.435,30.5,962.0,1260,2,67,13013.4
178.562,30.5,962.0,1260,0,67,13091.4
178.689,30.5,962.0,1260,2,67,13172.4
178.816,30.5,962.0,1260,2,67,13252.6
178.944,30.5,962.0,1260,2,67,13336.5
179.071,30.5,962.0,1260,0,67,13408.7
179.197,30.5,962.0,1260,2,67,13469.1
179.323,30.5,962.0,1260,2,67,13516.7
179.448,30.5,962.0,1260,2,67,13540.2
179.569,30.5,962.0,1260,0,67,13561.9
179.689,30.5,962.0,1260,2,67,13578.4
179.808,30.5,962.0,1260,2,67,13594.1
179.928,30.5,962.0,1260,2,67,13610.9
180.048,28.6,962.0,1260,0,67,13546.2
180.167,215.1,962.0,1260,0,67,13568.0
180.286,215.1,962.0,1260,7,67,13589.9
180.405,344.6,962.0,1260,9,67,13610.5
180.523,474.1,962.0,1260,8,67,13632.3
180.642,55.4,962.0,1260,8,70,13634.3
180.76,216.4,962.0,1260,70,68,13640.7
180.88,216.4,962.0,1260,12,68,13664.1
180.999,475.4,962.0,1260,12,67,13680.1
181.119,55.6,962.0,1260,12,69,13687.3
181.238,87.1,962.0,1260,71,69,13687.3
181.357,216.6,962.0,1260,11,68,13708.2
181.477,346.1,962.0,1260,11,67,13727.3
181.596,475.6,962.0,1260,10,67,13740.7
181.715,55.9,962.0,1260,62,71,13731.1
181.834,216.9,962.0,1260,62,68,13748.0
181.953,346.4,962.0,1260,21,67,13768.4
182.072,475.9,962.0,1260,8,67,13765.9
182.274,475.9,962.0,1260,50,69,13745.3
182.562,346.6,962.0,1260,4,68,13718.7
182.853,346.6,962.0,1260,1,67,13687.3
183.165,476.1,962.0,1260,2,67,13656.5
183.488,56.3,962.0,1260,2,72,13647.6
183.641,217.3,962.0,1260,6,68,13616.9
183.963,217.3,962.0,1260,3,67,13584.5
184.284,346.8,962.0,1260,5,67,13552.8
184.602,476.3,962.0,1260,4,67,13517.8
184.933,56.5,962.0,1260,69,69,13500.4
185.176,217.5,962.0,1260,10,68,13479.1
185.422,476.5,962.0,1260,5,68,13458.5
185.666,56.7,962.0,1260,5,72,13449.5
185.793,217.7,962.0,1260,71,68,13375.0
185.912,347.2,962.0,1260,16,68,13093.3
186.03,476.7,962.0,1260,16,68,13083.8
186.149,57.0,962.0,1260,7,71,13061.2
186.266,88.5,962.0,1260,71,69,13075.8
186.384,218.0,962.0,1260,9,68,13116.2
186.503,347.5,962.0,1260,9,68,13162.7
186.62,477.0,962.0,1260,8,68,13202.0
186.739,477.0,962.0,1260,10,67,13211.9
186.857,57.2,962.0,1260,10,71,13128.2
186.977,218.2,962.0,1260,71,68,12710.7
187.095,347.7,962.0,1260,8,68,12760.2
187.212,347.7,962.0,1260,8,68,12833.0
187.33,477.2,962.0,1260,9,68,12878.0
187.447,57.4,962.0,1260,8,68,12915.7
187.565,57.4,962.0,1260,69,70,12921.6
187.685,218.4,962.0,1260,69,68,12643.8
187.806,347.9,962.0,1260,10,68,12434.1
187.928,347.9,962.0,1260,9,68,12207.3
188.054,477.4,962.0,1260,7,67,12255.2
188.173,57.6,962.0,1260,7,71,12255.3
188.291,218.6,962.0,1260,73,68,12270.6
188.409,218.6,962.0,1260,9,68,12285.9
188.526,348.1,962.0,1260,9,67,12302.4
188.645,477.6,962.0,1260,8,68,12319.3
188.762,57.8,962.0,1260,16,69,12327.1
188.879,57.8,962.0,1260,16,69,12335.4
188.997,218.8,962.0,1260,63,68,12353.3
189.114,348.3,962.0,1260,9,67,12370.6
189.232,477.8,962.0,1260,9,67,12385.4
189.35,477.8,962.0,1260,9,67,12405.3
189.468,58.1,962.0,1260,16,71,12409.3
189.585,89.6,962.0,1260,63,68,12419.9
189.704,219.1,962.0,1260,63,68,12434.2
189.821,348.6,962.0,1260,9,67,12450.3
189.939,478.1,962.0,1260,9,67,12467.1
190.056,478.1,962.0,1260,12,67,12484.3
190.174,58.3,962.0,1260,12,71,12484.9
190.291,219.3,962.0,1260,66,68,12502.6
190.409,348.8,962.0,1260,11,67,12518.0
190.528,478.3,962.0,1260,11,67,12535.9
190.646,478.3,962.0,1260,9,67,12555.2
190.763,58.5,962.0,1260,51,71,12556.1
190.881,219.5,962.0,1260,51,68,12570.4
190.999,219.5,962.0,1260,31,67,12586.7
191.116,349.0,962.0,1260,8,67,12607.5
191.234,349.0,962.0,1260,6,67,12633.2
191.351,478.5,962.0,1260,6,67,12651.7
191.469,58.7,962.0,1260,16,71,12657.0
191.586,90.2,962.0,1260,64,68,12675.1
191.704,219.7,962.0,1260,64,67,12695.2
191.823,219.7,962.0,1260,6,67,12718.8
191.941,349.2,962.0,1260,7,67,12742.5
192.059,478.7,962.0,1260,7,67,12762.2
192.177,478.7,962.0,1260,9,67,12786.3
192.295,58.9,962.0,1260,34,71,12787.3
192.412,219.9,962.0,1260,44,68,12813.0
192.529,219.9,962.0,1260,44,67,12830.1
192.646,349.4,962.0,1260,10,67,12852.1
192.764,478.9,962.0,1260,7,67,12875.2
192.881,478.9,962.0,1260,7,67,12902.0
192.999,59.2,962.0,1260,7,68,12923.0
193.116,59.2,962.0,1260,62,68,12931.1
193.234,220.2,962.0,1260,14,67,12952.3
193.352,220.2,962.0,1260,14,67,12972.0
193.469,349.7,962.0,1260,8,67,12993.0
193.587,349.7,962.0,1260,7,67,13011.4
193.704,479.2,962.0,1260,7,67,13031.8
193.822,479.2,962.0,1260,5,67,13053.6
193.94,59.4,962.0,1260,42,70,13057.7
194.057,220.4,962.0,1260,42,67,13074.3
194.174,220.4,962.0,1260,37,67,13097.6
194.293,349.9,962.0,1260,5,67,13124.1
194.411,349.9,962.0,1260,7,67,13139.9
194.529,479.4,962.0,1260,7,67,13153.6
194.647,479.4,962.0,1260,6,67,13166.0
194.765,479.4,962.0,1260,4,67,13178.1
194.884,59.6,962.0,1260,4,69,13169.6
195.002,220.6,962.0,1260,70,67,13185.0
195.121,350.1,962.0,1260,8,67,13196.1
195.24,479.6,962.0,1260,10,67,13213.6
195.359,479.6,962.0,1260,10,67,13238.6
195.478,59.8,962.0,1260,7,68,13247.9
195.597,59.8,962.0,1260,71,69,13249.4
195.717,220.8,962.0,1260,71,67,13267.7
195.836,350.3,962.0,1260,6,67,13285.7
195.955,350.3,962.0,1260,8,67,13299.4
196.073,479.8,962.0,1260,8,67,13307.5
196.192,60.0,962.0,1260,15,71,13298.0
196.311,221.0,962.0,1260,67,68,13313.9
196.43,350.5,962.0,1260,8,67,13311.8
196.635,350.5,962.0,1260,2,67,13284.9
196.943,480.0,962.0,1260,3,67,13253.4
197.261,480.0,962.0,1260,2,67,13224.2
197.554,60.3,962.0,1260,2,71,13215.1
197.681,221.3,962.0,1260,3,67,13189.1
197.958,221.3,962.0,1260,3,67,13156.6
198.28,350.8,962.0,1260,3,67,13125.6
198.582,350.8,962.0,1260,1,67,13073.1
198.896,480.3,962.0,1260,5,67,13043.2
199.19,60.5,962.0,1260,3,71,13033.9
199.321,351.0,962.0,1260,76,68,13026.6
199.447,60.7,962.0,1260,53,71,13019.1
199.57,351.2,962.0,1260,50,68,13015.5
199.728,480.7,962.0,1260,50,67,12958.9
199.852,60.9,962.0,1260,16,71,12958.3
199.97,351.4,962.0,1260,70,68,12971.2
200.091,61.1,962.0,1260,36,67,12973.0
200.209,61.1,962.0,1260,36,70,12967.3
200.329,351.6,962.0,1260,58,68,12969.4
200.448,30.7,962.0,1260,25,68,12968.1
200.567,30.7,962.0,1260,25,69,13001.7
200.698,30.7,962.0,1260,0,67,13018.1
200.966,30.7,962.0,1260,2,67,13022.7
201.258,30.7,962.0,1260,0,67,13022.0
201.556,30.7,962.0,1260,2,67,13019.2
201.771,30.7,962.0,1260,0,67,12869.7
201.898,30.7,962.0,1260,0,67,12606.0
202.025,30.7,962.0,1260,2,67,12461.2
202.162,30.7,962.0,1260,6,67,12520.5
202.287,30.7,962.0,1260,0,67,12611.8
202.412,30.7,962.0,1260,0,67,12709.9
202.537,30.7,962.0,1260,2,67,12805.4
202.661,30.7,962.0,1260,2,67,12905.3
202.786,30.7,962.0,1260,0,67,12997.7
202.912,30.7,962.0,1260,0,67,13068.1
203.038,30.7,962.0,1260,2,67,13143.5
203.163,30.7,962.0,1260,2,67,13217.2
203.289,30.7,962.0,1260,0,67,13295.3
203.416,30.7,962.0,1260,0,67,13376.8
203.543,30.7,962.0,1260,9,67,13455.3
203.67,30.7,962.0,1260,12,67,13527.1
203.799,30.7,962.0,1260,4,67,13601.9
203.924,30.7,962.0,1260,4,67,13638.3
204.047,30.7,962.0,1260,2,67,13679.3
204.168,30.7,962.0,1260,2,67,13714.7
204.29,30.7,962.0,1260,0,67,13729.9
204.477,30.7,962.0,1260,2,67,13733.2
204.659,30.7,962.0,1260,2,66,13748.1
204.791,30.7,962.0,1260,0,66,13765.3
204.911,30.7,962.0,1260,2,67,13762.1
205.364,85.8,962.0,1260,0,67,13586.2
205.483,215.3,962.0,1260,8,67,13444.7
205.602,344.8,962.0,1260,8,67,13322.1
205.721,474.3,962.0,1260,10,67,13189.7
205.839,474.3,962.0,1260,7,67,13213.8
205.957,55.7,962.0,1260,70,68,13214.2
206.074,216.7,962.0,1260,70,67,13230.2
206.192,216.7,962.0,1260,25,67,13263.7
206.31,346.2,962.0,1260,9,67,13291.5
206.427,475.7,962.0,1260,9,67,13315.5
206.545,55.9,962.0,1260,15,69,13317.5
206.663,216.9,962.0,1260,76,67,13335.5
206.782,216.9,962.0,1260,76,67,13357.5
206.899,346.4,962.0,1260,8,67,13381.4
207.017,475.9,962.0,1260,10,67,13398.7
207.135,56.1,962.0,1260,52,71,13401.7
207.253,217.1,962.0,1260,52,68,13416.7
207.37,217.1,962.0,1260,31,67,13440.1
207.488,346.6,962.0,1260,10,67,13298.1
207.607,476.1,962.0,1260,10,67,13323.6
207.724,56.4,962.0,1260,9,67,13341.5
207.841,56.4,962.0,1260,57,70,13343.2
207.959,217.4,962.0,1260,28,68,13378.4
208.077,346.9,962.0,1260,28,67,13388.3
208.194,476.4,962.0,1260,9,67,13346.4
208.312,476.4,962.0,1260,7,67,13347.0
208.43,56.6,962.0,1260,7,71,13349.6
208.548,217.6,962.0,1260,72,68,13279.5
208.667,217.6,962.0,1260,8,67,13232.0
208.786,347.1,962.0,1260,8,67,13241.2
208.904,476.6,962.0,1260,7,67,13133.5
209.022,56.8,962.0,1260,9,68,13092.2
209.139,56.8,962.0,1260,73,71,13093.5
209.259,217.8,962.0,1260,73,68,12944.0
209.377,347.3,962.0,1260,10,67,12941.4
209.495,476.8,962.0,1260,14,67,12936.8
209.615,57.0,962.0,1260,14,71,12929.4
209.733,218.0,962.0,1260,73,68,12937.4
209.851,347.5,962.0,1260,12,67,12917.3
209.97,477.0,962.0,1260,10,67,12937.6
210.088,477.0,962.0,1260,10,67,12912.5
210.206,57.2,962.0,1260,42,71,12914.7
210.324,218.2,962.0,1260,39,67,12919.7
210.441,347.7,962.0,1260,39,67,12943.0
210.559,347.7,962.0,1260,8,67,12963.8
210.677,477.2,962.0,1260,8,67,12985.1
210.796,57.5,962.0,1260,8,68,12998.8
210.913,61.0,962.0,1260,29,69,13001.0
211.031,348.0,962.0,1260,56,67,13009.0
211.149,477.5,962.0,1260,17,67,13019.4
211.267,57.7,962.0,1260,17,71,13020.3
211.384,218.7,962.0,1260,74,68,13030.4
211.502,477.7,962.0,1260,16,67,13043.1
211.619,477.7,962.0,1260,16,67,13065.5
211.736,57.9,962.0,1260,12,71,13066.4
211.854,218.9,962.0,1260,69,68,13078.6
211.972,218.9,962.0,1260,69,67,13090.8
212.089,348.4,962.0,1260,8,67,13103.5
212.207,477.9,962.0,1260,9,67,13116.4
212.325,477.9,962.0,1260,8,67,13127.8
212.442,58.1,962.0,1260,8,70,13130.2
212.56,219.1,962.0,1260,72,67,13144.8
212.678,348.6,962.0,1260,10,67,13158.9
212.796,348.6,962.0,1260,10,67,13172.6
212.914,478.1,962.0,1260,8,67,13191.0
213.031,58.3,962.0,1260,9,68,13198.7
213.149,65.3,962.0,1260,73,69,13204.6
213.266,219.3,962.0,1260,73,67,13216.9
213.384,348.8,962.0,1260,9,67,13230.1
213.502,348.8,962.0,1260,7,66,13243.8
213.62,478.3,962.0,1260,7,67,13259.0
213.738,58.6,962.0,1260,9,70,13264.2
213.855,90.1,962.0,1260,73,68,13272.9
213.973,219.6,962.0,1260,73,67,13286.7
214.091,349.1,962.0,1260,10,67,13298.5
214.208,478.6,962.0,1260,9,67,13319.2
214.326,58.8,962.0,1260,35,70,13326.3
214.444,90.3,962.0,1260,35,68,13332.9
214.562,219.8,962.0,1260,46,67,13347.2
214.679,349.3,962.0,1260,9,66,13367.4
214.798,349.3,962.0,1260,9,66,13393.5
214.916,478.8,962.0,1260,7,66,13373.3
215.034,59.0,962.0,1260,25,69,13302.2
215.157,90.5,962.0,1260,57,68,13319.5
215.276,220.0,962.0,1260,57,67,13342.2
215.394,349.5,962.0,1260,7,66,13354.7
215.515,479.0,962.0,1260,17,67,13372.6
215.634,59.2,962.0,1260,17,68,13381.2
215.753,90.7,962.0,1260,55,68,13387.4
215.872,220.2,962.0,1260,32,67,13405.3
215.991,349.7,962.0,1260,10,67,13427.7
216.11,479.2,962.0,1260,10,67,13453.6
216.229,59.4,962.0,1260,11,68,13467.5
216.348,62.9,962.0,1260,71,68,13471.1
216.468,220.4,962.0,1260,71,67,13488.0
216.587,349.9,962.0,1260,11,67,13504.7
216.706,479.4,962.0,1260,10,67,13521.5
216.825,479.4,962.0,1260,8,67,13540.6
216.944,59.7,962.0,1260,8,70,13535.6
217.064,220.7,962.0,1260,71,67,13547.3
217.183,220.7,962.0,1260,9,67,13573.6
217.303,350.2,962.0,1260,9,67,13600.1
217.423,479.7,962.0,1260,8,66,13623.6
217.569,479.7,962.0,1260,3,66,13606.4
217.852,59.9,962.0,1260,52,70,13597.3
217.982,220.9,962.0,1260,23,67,13578.5
218.282,350.4,962.0,1260,11,66,13551.7
218.595,479.9,962.0,1260,4,66,13517.4
218.944,479.9,962.0,1260,3,67,13484.6
219.256,479.9,962.0,1260,8,71,13439.6
219.537,221.1,962.0,1260,3,67,13411.7
219.836,221.1,962.0,1260,1,67,13379.4
220.177,350.6,962.0,1260,2,67,13352.2
220.476,480.1,962.0,1260,5,67,13326.6
220.756,60.3,962.0,1260,4,71,13314.7
220.947,221.3,962.0,1260,6,67,13290.7
221.223,350.8,962.0,1260,4,67,13262.6
221.52,350.8,962.0,1260,2,67,13232.7
221.828,480.3,962.0,1260,1,67,13201.5
222.146,60.5,962.0,1260,43,68,13179.7
222.417,221.5,962.0,1260,2,67,13149.8
222.727,221.5,962.0,1260,3,67,13122.3
223.019,351.0,962.0,1260,2,67,13092.6
223.327,480.5,962.0,1260,5,67,13065.4
223.62,60.8,962.0,1260,1,70,13066.1
223.764,221.8,962.0,1260,69,68,13057.6
223.897,61.0,962.0,1260,30,69,13052.3
224.029,222.0,962.0,1260,77,69,12991.2
224.148,222.0,962.0,1260,77,67,13024.2
224.267,351.5,962.0,1260,8,67,12862.5
224.386,481.0,962.0,1260,8,67,12888.8
224.506,61.2,962.0,1260,8,71,12888.6
224.625,222.2,962.0,1260,63,68,12892.2
224.746,481.2,962.0,1260,28,67,12897.3
224.866,61.4,962.0,1260,62,72,12887.9
224.985,222.4,962.0,1260,62,68,12890.7
225.105,481.4,962.0,1260,29,67,12894.3
225.225,31.0,962.0,1260,41,71,12887.3
225.344,31.0,962.0,1260,42,68,12965.0
225.471,31.0,962.0,1260,42,67,13038.1
225.599,31.0,962.0,1260,2,67,13069.2
225.848,31.0,962.0,1260,2,67,13077.8
226.1,31.0,962.0,1260,2,67,13092.5
226.355,31.0,962.0,1260,2,67,13109.9
226.627,31.0,962.0,1260,2,67,13109.3
226.823,31.0,962.0,1260,2,67,12897.4
226.95,31.0,962.0,1260,2,67,12502.4
227.098,31.0,962.0,1260,0,67,12394.7
227.22,31.0,962.0,1260,2,67,12493.4
227.346,31.0,962.0,1260,2,67,12606.9
227.471,31.0,962.0,1260,2,67,12700.8
227.596,31.0,962.0,1260,0,67,12794.3
227.722,31.0,962.0,1260,2,67,12881.5
227.848,31.0,962.0,1260,2,67,12963.0
227.974,31.0,962.0,1260,2,67,13068.5
228.1,31.0,962.0,1260,0,67,13167.6
228.225,31.0,962.0,1260,2,67,13068.0
228.351,31.0,962.0,1260,2,67,13157.8
228.477,31.0,962.0,1260,2,67,13237.6
228.602,31.0,962.0,1260,0,67,13292.0
228.722,31.0,962.0,1260,2,67,13346.7
228.841,31.0,962.0,1260,2,67,13339.6
228.961,31.0,962.0,1260,2,67,13387.6
229.081,31.0,962.0,1260,0,67,13414.4
229.2,28.5,962.0,1260,2,67,13325.5
229.318,215.4,962.0,1260,2,67,13350.6
229.436,215.4,962.0,1260,8,67,13374.8
229.554,344.9,962.0,1260,6,67,13398.2
229.672,344.9,962.0,1260,6,67,13421.3
229.79,474.4,962.0,1260,9,67,13446.3
229.907,55.9,962.0,1260,7,68,13464.1
230.024,55.9,962.0,1260,7,69,13469.5
230.142,216.9,962.0,1260,72,68,13492.3
230.259,346.4,962.0,1260,9,67,13516.8
230.377,475.9,962.0,1260,12,67,13539.1
230.495,492.7,962.0,1260,12,67,13514.8
230.615,56.1,962.0,1260,39,71,13406.8
230.732,217.1,962.0,1260,43,68,13435.4
230.85,346.6,962.0,1260,43,67,13468.7
230.968,476.1,962.0,1260,9,67,13491.7
231.085,476.1,962.0,1260,9,67,13511.4
231.203,56.3,962.0,1260,9,71,13512.8
231.32,217.3,962.0,1260,74,68,13535.5
231.437,346.8,962.0,1260,9,67,13558.9
231.561,346.8,962.0,1260,8,67,13581.9
231.679,476.3,962.0,1260,8,67,13600.5
231.798,56.5,962.0,1260,15,71,13593.1
231.917,217.5,962.0,1260,71,68,13598.7
232.036,347.0,962.0,1260,71,67,13616.1
232.155,476.5,962.0,1260,11,67,13636.7
232.274,56.7,962.0,1260,29,71,13631.0
232.393,217.8,962.0,1260,54,68,13645.9
232.513,217.8,962.0,1260,54,67,13670.6
232.632,347.3,962.0,1260,8,67,13691.5
232.751,476.8,962.0,1260,11,67,13707.7
232.87,57.0,962.0,1260,11,72,13697.9
232.989,218.0,962.0,1260,75,68,13709.4
233.109,477.0,962.0,1260,15,67,13720.3
233.228,57.2,962.0,1260,50,71,13715.9
233.346,218.2,962.0,1260,50,68,13724.5
233.465,347.7,962.0,1260,41,68,13742.8
233.584,477.2,962.0,1260,11,67,13757.9
233.713,57.4,962.0,1260,52,71,13754.2
233.849,218.4,962.0,1260,31,68,13743.8
234.072,347.9,962.0,1260,7,67,13738.0
234.292,494.3,962.0,1260,68,69,13720.7
234.554,348.1,962.0,1260,19,67,13704.6
234.812,477.6,962.0,1260,42,72,13693.2
235.069,218.9,962.0,1260,4,67,13674.2
235.365,477.9,962.0,1260,9,67,13652.5
235.657,477.9,962.0,1260,4,67,13615.2
236.01,58.1,962.0,1260,2,71,13603.6
236.178,219.1,962.0,1260,7,67,13581.9
236.43,348.6,962.0,1260,6,67,13561.2
236.674,478.1,962.0,1260,7,67,13537.0
236.937,58.3,962.0,1260,72,70,13518.9
237.188,219.3,962.0,1260,7,67,13492.4
237.469,348.8,962.0,1260,5,67,13468.1
237.734,478.3,962.0,1260,6,67,13445.1
238.004,478.3,962.0,1260,33,69,13419.4
238.298,219.5,962.0,1260,5,68,13399.4
238.531,349.0,962.0,1260,7,67,13376.4
238.785,478.5,962.0,1260,4,67,13351.9
239.05,478.5,962.0,1260,22,70,13328.2
239.32,219.7,962.0,1260,6,68,13299.6
239.575,349.2,962.0,1260,8,67,13263.0
239.877,478.7,962.0,1260,3,67,13232.3
240.201,58.9,962.0,1260,3,71,13224.3
240.336,220.0,962.0,1260,7,68,13206.5
240.553,349.5,962.0,1260,7,67,13176.5
240.86,349.5,962.0,1260,5,67,13168.0
241.034,479.0,962.0,1260,5,67,13086.8
241.153,59.2,962.0,1260,18,71,12551.5
241.272,90.7,962.0,1260,63,68,12502.9
241.389,220.2,962.0,1260,63,68,12529.0
241.507,220.2,962.0,1260,7,68,12556.0
241.625,349.7,962.0,1260,8,67,12580.5
241.742,479.2,962.0,1260,8,67,12603.3
241.859,59.4,962.0,1260,8,69,12622.8
241.977,59.4,962.0,1260,54,70,12629.9
242.095,220.4,962.0,1260,28,68,12656.0
242.212,349.9,962.0,1260,28,68,12677.0
242.33,349.9,962.0,1260,8,67,12701.9
242.448,479.4,962.0,1260,8,67,12729.9
242.566,479.4,962.0,1260,8,67,12760.2
242.684,59.6,962.0,1260,15,72,12760.5
242.8,220.6,962.0,1260,63,68,12786.6
242.918,220.6,962.0,1260,9,67,12807.5
243.036,350.1,962.0,1260,9,67,12830.4
243.153,479.6,962.0,1260,8,67,12854.4
243.27,479.6,962.0,1260,6,67,12877.6
243.387,59.8,962.0,1260,6,69,12893.4
243.504,59.8,962.0,1260,50,69,12900.3
243.622,220.8,962.0,1260,32,67,12874.5
243.742,350.3,962.0,1260,32,67,12786.8
243.86,350.3,962.0,1260,6,67,12790.2
243.977,479.8,962.0,1260,7,67,12746.8
244.095,479.8,962.0,1260,7,67,12776.8
244.213,60.0,962.0,1260,7,68,12790.2
244.33,60.0,962.0,1260,62,69,12802.3
244.448,221.1,962.0,1260,17,67,12828.9
244.567,350.6,962.0,1260,17,67,12847.4
244.685,480.1,962.0,1260,12,67,12874.6
244.803,480.1,962.0,1260,5,67,12832.9
244.921,60.3,962.0,1260,33,68,12826.2
245.04,60.3,962.0,1260,33,69,12837.1
245.158,221.3,962.0,1260,47,67,12858.7
245.277,350.8,962.0,1260,6,67,12878.1
245.396,350.8,962.0,1260,6,67,12895.1
245.514,480.3,962.0,1260,9,67,12908.0
245.633,60.5,962.0,1260,32,71,12902.4
245.752,221.5,962.0,1260,32,68,12909.5
245.871,221.5,962.0,1260,50,67,12931.3
245.99,351.0,962.0,1260,8,67,12950.9
246.109,480.5,962.0,1260,8,67,12970.2
246.228,480.5,962.0,1260,8,67,12990.5
246.347,60.7,962.0,1260,6,71,12989.8
246.467,92.2,962.0,1260,73,68,12998.9
246.586,221.7,962.0,1260,73,67,13017.0
246.705,351.2,962.0,1260,7,67,13034.8
246.825,351.2,962.0,1260,6,67,13052.6
246.947,480.7,962.0,1260,9,67,13059.8
247.078,60.9,962.0,1260,9,71,13050.7
247.198,480.9,962.0,1260,78,68,13050.0
247.317,61.1,962.0,1260,40,71,13042.6
247.437,351.6,962.0,1260,63,68,13049.5
247.557,481.1,962.0,1260,63,67,13054.0
247.715,61.4,962.0,1260,12,72,13044.8
247.841,351.9,962.0,1260,76,68,13042.4
247.974,61.6,962.0,1260,30,71,13034.8
248.113,352.1,962.0,1260,79,68,13024.8
248.242,31.1,962.0,1260,79,72,13015.7
248.365,31.1,962.0,1260,2,67,13009.3
248.683,31.1,962.0,1260,0,67,12958.6
248.885,31.1,962.0,1260,0,67,12652.5
249.012,31.1,962.0,1260,2,67,12695.3
249.14,31.1,962.0,1260,2,67,12802.3
249.282,31.1,962.0,1260,0,67,12885.6
249.408,31.1,962.0,1260,0,67,12965.0
249.534,31.1,962.0,1260,2,67,13035.6
249.661,31.1,962.0,1260,2,67,13108.8
249.788,31.1,962.0,1260,0,67,13176.8
249.916,31.1,962.0,1260,2,67,13188.0
250.276,31.1,962.0,1260,2,67,13211.6
250.577,31.1,962.0,1260,2,67,13138.5
250.773,31.1,962.0,1260,0,67,13061.1
250.9,31.1,962.0,1260,0,67,12884.2
251.041,31.1,962.0,1260,2,67,12664.7
251.168,31.1,962.0,1260,2,67,12772.7
251.293,31.1,962.0,1260,0,67,12854.5
251.418,31.1,962.0,1260,0,67,12961.5
251.543,31.1,962.0,1260,12,67,13052.0
251.667,31.1,962.0,1260,10,67,13117.9
251.789,31.1,962.0,1260,0,67,13163.5
251.908,31.1,962.0,1260,0,67,13195.3
252.026,31.1,962.0,1260,2,67,13219.2
252.144,31.1,962.0,1260,2,67,13253.1
252.262,31.1,962.0,1260,2,67,13279.6
252.38,31.1,962.0,1260,0,67,13306.4
252.498,31.1,962.0,1260,2,67,13352.0
252.617,54.6,962.0,1260,3,66,13264.3
252.735,215.7,962.0,1260,3,67,13299.3
252.852,215.7,962.0,1260,7,67,13342.7
252.97,345.2,962.0,1260,8,67,13376.8
253.088,474.7,962.0,1260,8,66,13383.1
253.207,474.7,962.0,1260,9,66,13295.4
253.324,56.4,962.0,1260,35,68,13302.1
253.442,56.4,962.0,1260,35,67,13315.2
253.559,217.4,962.0,1260,64,67,13361.5
253.677,346.9,962.0,1260,9,67,13412.5
253.795,346.9,962.0,1260,8,67,13446.2
253.912,476.4,962.0,1260,8,66,13311.5
254.031,56.6,962.0,1260,29,69,13313.1
254.148,88.2,962.0,1260,66,67,13350.3
254.266,217.7,962.0,1260,66,67,13325.3
254.384,347.2,962.0,1260,7,67,13305.2
254.503,476.7,962.0,1260,8,67,13228.9
254.621,476.7,962.0,1260,11,67,13218.2
254.739,56.9,982.0,1280,11,71,13220.8
254.856,217.9,982.0,1280,77,68,13144.8
254.975,217.9,982.0,1280,9,67,13097.1
255.093,347.4,982.0,1280,9,67,13121.2
255.21,476.9,982.0,1280,9,67,13147.6
255.328,476.9,982.0,1280,6,67,13169.6
255.446,57.1,982.0,1280,6,70,13174.5
255.564,218.1,982.0,1280,60,68,13182.6
255.682,347.6,982.0,1280,31,67,13204.3
255.8,347.6,982.0,1280,8,67,13225.9
255.918,477.1,982.0,1280,8,67,13247.7
256.036,57.3,982.0,1280,8,68,13260.2
256.153,57.3,982.0,1280,77,69,13269.4
256.272,218.3,982.0,1280,77,67,13293.0
256.39,218.3,982.0,1280,6,67,13320.0
256.507,347.8,982.0,1280,8,67,13344.6
256.626,477.3,982.0,1280,9,67,13368.2
256.743,477.3,982.0,1280,9,67,13385.3
256.862,57.5,982.0,1280,42,71,13385.3
256.98,218.5,982.0,1280,44,67,13357.2
257.1,348.0,982.0,1280,44,67,13259.9
257.218,477.5,982.0,1280,15,67,13273.7
257.337,57.7,982.0,1280,45,71,13275.1
257.455,218.8,982.0,1280,45,68,13292.5
257.573,348.3,982.0,1280,42,67,13310.7
257.692,477.8,982.0,1280,13,67,13332.1
257.809,477.8,982.0,1280,7,67,13355.3
257.927,58.0,982.0,1280,7,70,13360.2
258.045,89.5,982.0,1280,77,68,13374.5
258.162,219.0,982.0,1280,10,67,13391.6
258.281,348.5,982.0,1280,10,67,13407.9
258.399,478.0,982.0,1280,10,67,13426.0
258.517,58.2,982.0,1280,44,71,13275.5
258.636,219.2,982.0,1280,49,68,13283.2
258.754,478.2,982.0,1280,49,67,13296.4
258.873,58.4,982.0,1280,18,70,13292.1
258.991,219.4,982.0,1280,74,68,13294.2
259.11,348.9,982.0,1280,74,67,13304.1
259.229,478.4,982.0,1280,13,67,13329.8
259.347,58.6,982.0,1280,11,68,13343.8
259.466,58.6,982.0,1280,11,69,13338.1
259.585,219.6,982.0,1280,76,67,13348.4
259.704,349.1,982.0,1280,10,67,13358.1
259.823,478.6,982.0,1280,10,67,13368.4
259.941,58.8,982.0,1280,10,70,13370.1
260.059,65.9,982.0,1280,55,68,13370.2
260.178,219.9,982.0,1280,31,67,13382.1
260.296,349.4,982.0,1280,31,67,13392.8
260.415,478.9,982.0,1280,10,67,13407.2
260.534,59.1,982.0,1280,15,69,13405.7
260.652,90.6,982.0,1280,71,69,13404.9
260.771,220.1,982.0,1280,71,67,13413.3
260.889,349.6,982.0,1280,10,67,13424.4
261.007,479.1,982.0,1280,9,67,13437.3
261.126,59.3,982.0,1280,9,70,13435.2
261.244,90.8,982.0,1280,60,68,13435.2
261.362,349.8,982.0,1280,29,67,13446.5
261.48,479.3,982.0,1280,10,67,13460.5
261.598,59.5,982.0,1280,10,68,13469.3
261.716,59.5,982.0,1280,54,70,13464.6
261.835,220.5,982.0,1280,35,68,13475.5
261.954,350.0,982.0,1280,35,67,13494.6
262.073,479.5,982.0,1280,8,67,13514.4
262.192,59.7,982.0,1280,14,69,13517.5
262.311,59.7,982.0,1280,74,69,13520.4
262.43,220.7,982.0,1280,74,68,13542.5
262.549,350.2,982.0,1280,7,67,13563.5
262.668,479.7,982.0,1280,10,67,13580.2
262.786,500.2,982.0,1280,10,68,13594.1
262.905,59.9,982.0,1280,34,70,13585.0
263.024,221.0,982.0,1280,52,68,13601.8
263.151,350.5,982.0,1280,10,67,13590.8
263.4,480.0,982.0,1280,3,67,13565.4
263.7,480.0,982.0,1280,2,67,13531.9
264.03,60.2,982.0,1280,32,72,13524.4
264.167,221.2,982.0,1280,2,67,13495.5
264.479,221.2,982.0,1280,7,67,13473.5
264.743,350.7,982.0,1280,3,67,13444.3
265.042,480.2,982.0,1280,3,67,13410.1
265.372,480.2,982.0,1280,70,69,13384.6
265.668,221.4,982.0,1280,2,67,13352.9
265.976,221.4,982.0,1280,2,67,13319.0
266.297,350.9,982.0,1280,1,67,13285.8
266.631,480.4,982.0,1280,2,67,13253.0
266.966,480.4,982.0,1280,2,67,13219.1
267.286,60.6,982.0,1280,76,72,13207.5
267.453,92.1,982.0,1280,2,67,13175.8
267.785,351.1,982.0,1280,2,67,13166.7
267.945,351.1,982.0,1280,3,67,13119.0
268.145,480.6,982.0,1280,3,67,12760.7
268.263,60.8,982.0,1280,7,68,12776.6
268.38,60.8,982.0,1280,69,70,12785.4
268.498,221.8,982.0,1280,69,68,12809.8
268.616,221.8,982.0,1280,13,68,12831.3
268.735,351.3,982.0,1280,7,67,12854.4
268.853,351.3,982.0,1280,7,67,12874.7
268.971,480.8,982.0,1280,7,67,12891.9
269.089,480.8,982.0,1280,7,67,12904.5
269.206,61.0,982.0,1280,58,71,12904.5
269.324,222.1,982.0,1280,58,68,12922.5
269.443,222.1,982.0,1280,28,67,12953.1
269.561,351.6,982.0,1280,6,67,12974.6
269.681,481.1,982.0,1280,8,67,12996.2
269.801,481.1,982.0,1280,8,67,13016.4
269.922,61.3,982.0,1280,7,70,13018.6
270.042,92.8,982.0,1280,76,68,13024.9
270.161,222.3,982.0,1280,76,68,13042.9
270.281,351.8,982.0,1280,7,67,13063.2
270.401,351.8,982.0,1280,8,67,13081.6
270.521,481.3,982.0,1280,6,67,13096.0
270.641,61.5,982.0,1280,6,71,13087.8
270.762,222.5,982.0,1280,81,68,13086.5
270.882,481.5,982.0,1280,18,68,13089.2
271.002,61.7,982.0,1280,18,71,13084.0
271.121,222.7,982.0,1280,62,68,13081.9
271.242,481.7,982.0,1280,38,67,13089.1
271.407,61.9,982.0,1280,15,71,13081.0
271.537,222.9,982.0,1280,74,68,13074.8
271.667,62.1,982.0,1280,39,69,13069.7
271.805,223.1,982.0,1280,39,69,13059.9
271.93,31.7,982.0,1280,74,71,13051.9
272.052,31.7,982.0,1280,2,68,13054.8
272.398,31.7,982.0,1280,0,67,13048.1
272.75,31.7,982.0,1280,2,67,13043.6
273.112,31.7,982.0,1280,2,67,13042.8
273.453,31.7,982.0,1280,0,67,13028.8
273.682,31.7,982.0,1280,2,67,13020.9
273.854,31.7,982.0,1280,2,67,12824.2
273.996,31.7,982.0,1280,2,67,12590.6
274.123,31.7,982.0,1280,0,67,12479.4
274.249,31.7,982.0,1280,2,67,12568.9
274.374,31.7,982.0,1280,2,67,12667.4
274.499,31.7,982.0,1280,2,67,12766.8
274.623,31.7,982.0,1280,0,67,12851.9
274.748,31.7,982.0,1280,2,68,12935.1
274.874,31.7,982.0,1280,2,68,13023.3
275.001,31.7,982.0,1280,2,67,13097.5
275.128,31.7,982.0,1280,0,68,13172.3
275.254,31.7,982.0,1280,2,68,13255.8
275.379,31.7,982.0,1280,2,67,13331.6
275.506,31.7,982.0,1280,2,67,13393.4
275.632,31.7,982.0,1280,0,67,13460.3
275.76,31.7,982.0,1280,2,68,13527.3
275.887,31.7,982.0,1280,2,68,13585.4
276.024,31.7,982.0,1280,0,68,13634.8
276.151,31.7,982.0,1280,0,68,13668.9
276.273,31.7,982.0,1280,2,67,13707.6
276.395,31.7,982.0,1280,1,68,13735.8
276.516,31.7,982.0,1280,1,68,13750.0
276.635,31.7,982.0,1280,1,68,13761.7
276.755,31.7,982.0,1280,2,68,13775.1
276.879,31.7,982.0,1280,0,68,13785.4
277.277,31.7,982.0,1280,2,68,13533.8
277.518,86.4,982.0,1280,2,68,13534.9
277.636,215.9,982.0,1280,4,68,13554.5
277.755,345.4,982.0,1280,11,68,13574.2
277.875,474.9,982.0,1280,11,68,13595.1
277.994,56.8,982.0,1280,11,71,13587.9
278.115,88.3,982.0,1280,85,69,13590.7
278.234,347.3,982.0,1280,21,68,13608.8
278.354,476.8,982.0,1280,21,68,13622.7
278.473,57.0,982.0,1280,14,69,13624.7
278.593,57.0,982.0,1280,76,71,13618.1
278.712,218.0,982.0,1280,30,69,13637.2
278.831,347.5,982.0,1280,30,68,13657.1
278.951,477.0,982.0,1280,11,68,13668.8
279.076,57.3,982.0,1280,39,71,13662.4
279.195,88.8,982.0,1280,66,69,13660.7
279.326,218.3,982.0,1280,5,68,13617.9
279.617,347.8,982.0,1280,4,68,13586.0
279.931,347.8,982.0,1280,2,68,13555.7
280.254,477.3,982.0,1280,3,68,13525.7
280.56,57.5,982.0,1280,44,71,13516.9
280.692,218.5,982.0,1280,44,69,13510.3
280.826,348.0,982.0,1280,7,68,13483.6
281.123,477.5,982.0,1280,5,68,13369.8
281.341,477.5,982.0,1280,5,68,13105.5
281.459,57.7,982.0,1280,21,71,12719.2
281.577,89.2,982.0,1280,81,69,12733.4
281.696,218.7,982.0,1280,81,68,12755.9
281.813,218.7,982.0,1280,7,68,12779.9
281.932,348.2,982.0,1280,7,68,12804.1
282.049,477.7,982.0,1280,6,68,12825.1
282.167,477.7,982.0,1280,6,68,12842.9
282.285,57.9,982.0,1280,17,71,12846.8
282.403,89.4,982.0,1280,86,70,12856.0
282.52,218.9,982.0,1280,86,68,12898.6
282.638,348.4,982.0,1280,8,68,12936.1
282.756,477.9,982.0,1280,11,68,12981.4
282.873,477.9,982.0,1280,11,68,13006.3
282.992,58.1,982.0,1280,21,71,13006.3
283.11,219.1,982.0,1280,82,69,13037.1
283.229,219.1,982.0,1280,10,68,13080.6
283.347,348.6,982.0,1280,10,68,12901.9
283.465,478.1,982.0,1280,9,68,12857.1
283.583,478.1,982.0,1280,6,68,12856.9
283.701,58.4,982.0,1280,6,71,12818.3
283.819,58.4,982.0,1280,64,69,12809.0
283.937,219.4,982.0,1280,38,68,12802.6
284.055,348.9,982.0,1280,9,68,12820.2
284.174,478.4,982.0,1280,9,68,12838.0
284.291,58.6,982.0,1280,12,69,12847.5
284.409,58.6,982.0,1280,90,72,12848.0
284.526,219.6,982.0,1280,90,68,12861.3
284.644,478.6,982.0,1280,17,68,12875.7
284.761,511.1,982.0,1280,13,68,12888.4
284.879,58.8,982.0,1280,13,71,12888.4
284.996,219.8,982.0,1280,86,69,12901.1
285.114,219.8,982.0,1280,17,68,12916.5
285.232,349.3,982.0,1280,10,68,12932.3
285.35,478.8,982.0,1280,10,68,12895.4
285.469,59.0,982.0,1280,10,70,12858.3
285.586,59.0,982.0,1280,94,70,12860.3
285.704,220.0,982.0,1280,94,68,12876.8
285.821,220.0,982.0,1280,11,68,12892.1
285.939,349.5,982.0,1280,8,68,12909.3
286.057,479.0,982.0,1280,8,67,12926.3
286.175,59.2,982.0,1280,8,67,12940.5
286.293,59.2,982.0,1280,52,71,12940.5
286.41,90.7,982.0,1280,52,68,12955.0
286.528,220.2,982.0,1280,52,68,12973.7
286.647,349.7,982.0,1280,10,67,12992.0
286.766,479.2,982.0,1280,7,67,13010.9
286.883,479.2,982.0,1280,7,67,13031.0
287.0,59.5,982.0,1280,19,71,13031.0
287.118,91.0,982.0,1280,85,68,13041.2
287.235,220.5,982.0,1280,7,68,13055.6
287.353,350.0,982.0,1280,7,67,13011.7
287.472,350.0,982.0,1280,15,67,13029.2
287.591,479.5,982.0,1280,19,67,13047.7
287.708,59.7,982.0,1280,19,70,13054.1
287.826,59.7,982.0,1280,66,69,13059.0
287.944,220.7,982.0,1280,37,68,13076.8
288.062,350.2,982.0,1280,37,67,13093.5
288.18,479.7,982.0,1280,9,67,13110.8
288.297,479.7,982.0,1280,8,67,13131.2
288.416,59.9,982.0,1280,65,71,13131.5
288.534,91.4,982.0,1280,65,68,13139.8
288.652,220.9,982.0,1280,40,68,13132.2
288.77,350.4,982.0,1280,9,67,12979.9
288.888,350.4,982.0,1280,9,67,13006.4
289.005,479.9,982.0,1280,7,67,13025.8
289.123,60.1,982.0,1280,21,70,13032.4
289.241,60.1,982.0,1280,81,69,13039.9
289.359,221.1,982.0,1280,81,68,13061.8
289.477,221.1,982.0,1280,6,67,13083.9
289.594,350.6,982.0,1280,7,67,13105.7
289.712,350.6,982.0,1280,7,67,13126.0
289.829,480.1,982.0,1280,6,67,13142.8
289.948,60.3,982.0,1280,10,68,13154.5
290.066,60.3,982.0,1280,10,71,13144.0
290.184,221.3,982.0,1280,95,68,13161.1
290.303,350.8,982.0,1280,8,67,13171.7
290.421,350.8,982.0,1280,9,67,13188.0
290.539,480.3,982.0,1280,9,67,13206.5
290.658,60.6,982.0,1280,7,68,13221.9
290.776,60.6,982.0,1280,67,71,13211.7
290.894,221.6,982.0,1280,67,68,13226.3
291.013,221.6,982.0,1280,33,67,13239.4
291.132,351.1,982.0,1280,9,67,13254.6
291.252,480.6,982.0,1280,6,67,13270.0
291.371,480.6,982.0,1280,6,67,13285.6
291.491,60.8,982.0,1280,7,70,13285.9
291.61,60.8,982.0,1280,96,69,13282.7
291.731,221.8,982.0,1280,96,68,13300.1
291.85,351.3,982.0,1280,7,67,13320.7
291.97,351.3,982.0,1280,7,67,13340.5
292.089,480.8,982.0,1280,7,67,13352.3
292.247,480.8,982.0,1280,3,67,13333.5
292.52,61.0,982.0,1280,9,71,13324.2
292.639,92.5,982.0,1280,89,68,13315.6
292.833,222.0,982.0,1280,5,67,13288.8
293.132,351.5,982.0,1280,2,67,13259.1
293.438,481.0,982.0,1280,2,67,13227.9
293.753,481.0,982.0,1280,2,67,13194.8
294.075,61.2,982.0,1280,2,71,13185.4
294.201,92.7,982.0,1280,23,68,13170.0
294.414,222.2,982.0,1280,2,67,13142.6
294.713,351.7,982.0,1280,4,67,13111.6
295.02,351.7,982.0,1280,5,67,13077.5
295.327,481.2,982.0,1280,5,67,13057.7
295.561,61.4,982.0,1280,5,71,13047.9
295.681,222.4,982.0,1280,92,68,13041.0
295.838,222.4,982.0,1280,4,67,13006.2
296.175,481.4,982.0,1280,60,71,12990.6
296.401,222.7,982.0,1280,60,69,12981.3
296.528,61.9,982.0,1280,69,71,12979.7
296.66,61.9,982.0,1280,74,70,12980.1
296.784,352.4,982.0,1280,40,68,12983.7
296.938,62.1,982.0,1280,40,70,12861.6
297.057,62.1,982.0,1280,40,71,12843.7
297.193,352.6,982.0,1280,72,68,12850.0
297.313,482.1,982.0,1280,14,68,12866.4
297.433,62.3,982.0,1280,51,70,12859.2
297.553,93.8,982.0,1280,51,71,12852.6
297.673,352.8,982.0,1280,59,68,12855.2
297.794,62.5,982.0,1280,36,70,12851.2
297.914,62.5,982.0,1280,36,72,12842.2
298.034,482.5,982.0,1280,79,69,12841.2
298.154,32.1,982.0,1280,49,71,12831.6
298.274,32.1,982.0,1280,65,69,12891.0
298.4,32.1,982.0,1280,65,68,12959.1
298.526,32.1,982.0,1280,2,68,12993.6
298.738,32.1,982.0,1280,0,68,13006.0
299.004,32.1,982.0,1280,2,68,13020.5
299.239,32.1,982.0,1280,0,68,13012.1
299.423,32.1,982.0,1280,0,68,12624.4
299.551,32.1,982.0,1280,2,68,12670.3
299.677,32.1,982.0,1280,2,68,12770.6
299.802,32.1,982.0,1280,0,68,12857.1
299.928,32.1,982.0,1280,0,68,12936.3
300.054,32.1,982.0,1280,2,68,13017.1
300.18,32.1,982.0,1280,2,68,13060.2
300.307,32.1,982.0,1280,0,68,12831.1
300.433,32.1,982.0,1280,0,68,12920.4
300.559,32.1,982.0,1280,2,68,13016.2
300.684,32.1,982.0,1280,2,68,13105.7
300.81,32.1,982.0,1280,0,68,13184.2
300.935,32.1,982.0,1280,0,68,13258.1
301.061,32.1,982.0,1280,2,67,13289.8
301.189,32.1,982.0,1280,2,67,13270.4
301.315,32.1,982.0,1280,0,67,13276.3
301.441,32.1,982.0,1280,2,67,13347.1
301.566,32.1,982.0,1280,2,67,13423.2
301.692,32.1,982.0,1280,2,67,13481.7
301.812,32.1,982.0,1280,0,67,13513.4
301.931,32.1,982.0,1280,0,67,13530.3
302.049,28.6,982.0,1280,2,67,13394.0
302.168,216.2,982.0,1280,4,67,13418.3
302.286,216.2,982.0,1280,6,67,13441.9
302.404,345.7,982.0,1280,6,67,13465.3
302.522,475.2,982.0,1280,9,67,13488.0
302.64,475.2,982.0,1280,8,67,13512.8
302.759,57.4,982.0,1280,8,68,13518.2
302.876,57.4,982.0,1280,73,70,13518.2
302.994,218.4,982.0,1280,61,68,13536.2
303.112,218.4,982.0,1280,61,68,13560.1
303.23,347.9,982.0,1280,9,67,13581.0
303.348,477.4,982.0,1280,10,67,13493.2
303.467,57.7,982.0,1280,55,70,13437.9
303.585,57.7,982.0,1280,55,71,13438.9
303.702,218.7,982.0,1280,72,68,13459.8
303.821,218.7,982.0,1280,7,68,13487.8
303.939,348.2,982.0,1280,7,68,13513.4
304.056,477.7,982.0,1280,9,68,13534.0
304.173,57.9,982.0,1280,20,69,13541.9
304.291,57.9,982.0,1280,100,72,13541.9
304.408,218.9,982.0,1280,100,69,13561.1
304.525,218.9,982.0,1280,14,68,13539.5
304.647,348.4,982.0,1280,9,68,13462.8
304.765,477.9,982.0,1280,9,68,13490.2
304.882,58.1,982.0,1280,7,69,13500.1
305.001,58.1,982.0,1280,70,72,13490.7
305.12,219.1,982.0,1280,70,69,13488.7
305.238,348.6,982.0,1280,61,68,13507.2
305.357,478.1,982.0,1280,10,68,13523.8
305.476,58.3,982.0,1280,27,69,13537.3
305.594,58.3,982.0,1280,27,72,13527.2
305.713,89.8,982.0,1280,100,69,13531.9
305.831,219.3,982.0,1280,20,68,13553.5
305.951,348.8,982.0,1280,20,68,13575.7
306.069,478.3,982.0,1280,10,68,13594.6
306.187,58.5,982.0,1280,10,69,13600.1
306.305,58.5,982.0,1280,92,72,13589.8
306.424,219.5,982.0,1280,92,69,13593.1
306.542,349.0,982.0,1280,37,68,13603.2
306.661,58.8,982.0,1280,19,69,13606.2
306.779,58.8,982.0,1280,19,72,13596.2
306.897,90.3,982.0,1280,100,70,13601.1
307.016,349.3,982.0,1280,29,68,13614.5
307.136,478.8,982.0,1280,11,68,13633.6
307.256,59.0,982.0,1280,11,70,13637.7
307.374,59.0,982.0,1280,66,72,13627.7
307.493,220.0,982.0,1280,59,69,13636.0
307.612,349.5,982.0,1280,59,68,13647.7
307.731,479.0,982.0,1280,13,68,13659.9
307.85,59.2,982.0,1280,36,71,13654.6
307.968,59.2,982.0,1280,91,72,13645.4
308.088,220.2,982.0,1280,91,69,13653.9
308.208,479.2,982.0,1280,18,68,13666.4
308.327,59.4,982.0,1280,47,71,13659.8
308.446,59.4,982.0,1280,47,72,13649.8
308.566,220.4,982.0,1280,82,69,13659.5
308.685,349.9,982.0,1280,13,68,13664.5
308.813,479.4,982.0,1280,8,68,13645.5
309.082,59.6,982.0,1280,83,72,13634.1
309.269,91.1,982.0,1280,83,69,13624.9
309.418,220.6,982.0,1280,6,68,13607.7
309.655,350.1,982.0,1280,7,68,13592.0
309.893,479.6,982.0,1280,5,68,13579.9
310.116,59.9,982.0,1280,5,71,13573.6
310.244,59.9,982.0,1280,71,72,13564.2
310.368,220.9,982.0,1280,4,68,13547.3
310.621,350.4,982.0,1280,7,68,13523.2
310.895,479.9,982.0,1280,4,68,13498.2
311.166,492.2,982.0,1280,97,73,13473.7
311.475,221.1,982.0,1280,26,68,13450.9
311.731,350.6,982.0,1280,4,68,13426.0
311.997,480.1,982.0,1280,7,68,13399.5
312.268,480.1,982.0,1280,40,73,13376.2
312.553,221.3,982.0,1280,84,69,13359.5
312.766,350.8,982.0,1280,7,68,13332.6
313.052,480.3,982.0,1280,4,68,13301.7
313.371,60.5,982.0,1280,7,72,13286.3
313.596,221.5,982.0,1280,19,69,13271.5
313.787,221.5,982.0,1280,7,68,13243.2
314.072,351.0,982.0,1280,4,68,13212.1
314.385,480.5,982.0,1280,2,68,13182.2
314.681,60.7,982.0,1280,29,73,13170.0
314.876,60.7,982.0,1280,96,70,13115.5
315.015,221.7,982.0,1280,6,69,12651.9
315.133,351.2,982.0,1280,6,69,12677.5
315.251,351.2,982.0,1280,8,68,12699.5
315.369,480.7,982.0,1280,10,68,12723.6
315.486,61.0,982.0,1280,10,69,12739.6
315.603,61.0,982.0,1280,31,72,12739.6
315.721,92.5,982.0,1280,90,70,12754.6
315.838,222.0,982.0,1280,9,69,12775.9
315.956,351.5,982.0,1280,9,68,12798.1
316.073,351.5,982.0,1280,7,68,12821.4
316.191,481.0,982.0,1280,8,68,12847.7
316.308,512.0,982.0,1280,8,68,12872.1
316.427,61.2,982.0,1280,28,72,12872.1
316.544,61.2,982.0,1280,95,70,12882.7
316.662,222.2,982.0,1280,95,69,12905.9
316.78,222.2,982.0,1280,8,68,12916.0
316.899,351.7,982.0,1280,9,68,12779.5
317.016,481.2,982.0,1280,6,68,12802.2
317.134,481.2,982.0,1280,6,68,12826.2
317.252,61.4,982.0,1280,7,70,12838.8
317.369,61.4,982.0,1280,87,73,12838.8
317.487,222.4,982.0,1280,87,69,12854.9
317.605,222.4,982.0,1280,36,68,12879.3
317.723,351.9,982.0,1280,7,68,12891.1
317.841,351.9,982.0,1280,8,68,12886.5
317.959,481.4,982.0,1280,8,68,12921.0
318.083,61.6,982.0,1280,7,69,12934.4
318.201,61.6,982.0,1280,80,72,12924.2
318.32,93.1,982.0,1280,80,69,12936.8
318.439,222.6,982.0,1280,44,68,12954.1
318.558,352.1,982.0,1280,12,68,12976.0
318.677,481.6,982.0,1280,7,68,13002.6
318.796,61.8,982.0,1280,7,70,13016.4
318.915,61.8,982.0,1280,54,72,13007.0
319.034,93.3,982.0,1280,70,70,13020.5
319.154,222.8,982.0,1280,70,68,13039.5
319.274,352.3,982.0,1280,8,68,13058.3
319.393,481.8,982.0,1280,9,68,13074.4
319.512,62.1,982.0,1280,19,69,13075.4
319.655,62.1,982.0,1280,19,72,13064.8
319.774,223.1,982.0,1280,100,69,13060.2
319.944,223.1,982.0,1280,3,68,13053.8
320.209,482.1,982.0,1280,11,68,13047.9
320.401,62.3,982.0,1280,27,71,13039.0
320.536,62.3,982.0,1280,98,71,13029.7
320.658,352.8,982.0,1280,14,69,13026.1
320.806,482.3,982.0,1280,13,69,13011.3
321.004,62.5,982.0,1280,13,72,13000.8
321.127,223.5,982.0,1280,96,69,12994.3
321.253,482.5,982.0,1280,36,69,12990.6
321.384,62.7,982.0,1280,55,72,12979.9
321.51,66.2,982.0,1280,75,71,12973.1
321.633,62.9,982.0,1280,75,69,12967.0
321.758,62.9,982.0,1280,66,73,12956.3
321.881,353.4,982.0,1280,82,70,12950.5
322.001,63.2,982.0,1280,82,71,12944.0
322.124,63.2,982.0,1280,60,74,12934.0
322.244,353.7,982.0,1280,84,69,12930.7
322.364,32.7,982.0,1280,55,72,12923.4
322.483,32.7,982.0,1280,55,73,12915.2
322.603,32.7,982.0,1280,2,69,12935.6
322.861,32.7,982.0,1280,2,68,12946.7
323.079,32.7,982.0,1280,0,68,12666.7
323.207,32.7,982.0,1280,2,68,12697.7
323.33,32.7,982.0,1280,2,68,12757.7
323.456,32.7,982.0,1280,2,68,12803.2
323.585,32.7,982.0,1280,0,68,12887.2
323.714,32.7,982.0,1280,2,68,12958.6
323.841,32.7,982.0,1280,2,68,13045.3
323.968,32.7,982.0,1280,2,68,13120.1
324.095,32.7,982.0,1280,0,68,13180.5
324.222,32.7,982.0,1280,2,68,13237.7
324.348,32.7,982.0,1280,2,68,13287.4
324.476,32.7,982.0,1280,0,68,13339.6
324.807,32.7,982.0,1280,2,68,13345.8
325.117,32.7,982.0,1280,2,68,13342.9
325.319,32.7,982.0,1280,2,68,13228.5
325.447,32.7,982.0,1280,2,68,13029.8
325.59,32.7,982.0,1280,0,68,13035.2
325.715,32.7,982.0,1280,2,68,13083.6
325.841,32.7,982.0,1280,2,68,13104.2
325.967,32.7,982.0,1280,2,68,13102.6
326.093,32.7,982.0,1280,0,68,13118.6
326.219,32.7,982.0,1280,2,68,13167.6
326.344,32.7,982.0,1280,2,68,13218.6
326.47,32.7,982.0,1280,2,68,13240.6
326.593,32.7,982.0,1280,0,68,13263.2
326.713,32.7,982.0,1280,2,68,13286.5
326.831,32.7,982.0,1280,2,68,13308.8
326.95,32.7,982.0,1280,2,68,13333.2
327.068,32.7,982.0,1280,0,68,13535.5
327.191,55.4,982.0,1280,0,68,13216.8
327.309,216.4,982.0,1280,4,68,13241.8
327.428,216.4,982.0,1280,8,68,13267.8
327.545,345.9,982.0,1280,7,68,13291.2
327.663,475.4,982.0,1280,7,68,13314.3
327.781,475.4,982.0,1280,9,68,13335.8
327.898,57.9,982.0,1280,62,73,13335.8
328.016,61.5,982.0,1280,62,70,13345.5
328.134,219.0,982.0,1280,61,69,13370.0
328.252,348.5,982.0,1280,10,68,13393.1
328.37,478.0,982.0,1280,10,68,13418.2
328.487,58.2,982.0,1280,11,70,13433.5
328.604,58.2,982.0,1280,58,74,13380.9
328.725,89.7,982.0,1280,65,69,13290.9
328.842,219.2,982.0,1280,65,69,13314.9
328.96,348.7,982.0,1280,9,68,13338.3
329.078,478.2,982.0,1280,7,68,13356.9
329.195,500.0,982.0,1280,7,69,13373.6
329.313,58.4,982.0,1280,26,74,13373.6
329.431,89.9,982.0,1280,100,70,13385.0
329.549,219.4,982.0,1280,7,69,13405.6
329.666,348.9,982.0,1280,7,68,13431.2
329.783,348.9,982.0,1280,8,68,13453.6
329.901,478.4,982.0,1280,9,68,13302.8
330.019,58.6,982.0,1280,9,69,13289.8
330.136,58.6,982.0,1280,44,74,13289.8
330.254,219.6,982.0,1280,82,69,13294.4
330.371,349.1,982.0,1280,82,68,13315.8
330.488,349.1,982.0,1280,11,68,13336.2
330.606,478.6,982.0,1280,8,68,13359.0
330.725,58.8,982.0,1280,13,69,13378.6
330.843,58.8,982.0,1280,13,74,13378.6
330.963,62.3,982.0,1280,100,69,13390.6
331.08,219.8,982.0,1280,16,68,13413.5
331.198,219.8,982.0,1280,16,68,13439.9
331.316,349.3,982.0,1280,8,68,13418.7
331.435,478.8,982.0,1280,9,68,13310.1
331.553,506.5,982.0,1280,16,67,13325.4
331.671,59.0,982.0,1280,16,71,13325.4
331.788,62.6,982.0,1280,100,70,13331.6
331.907,220.1,982.0,1280,22,68,13348.7
332.025,479.1,982.0,1280,22,68,13364.3
332.142,506.9,982.0,1280,12,68,13376.5
332.26,59.3,982.0,1280,63,73,13376.5
332.378,62.8,982.0,1280,63,69,13386.5
332.496,220.3,982.0,1280,63,68,13403.9
332.614,349.8,982.0,1280,13,68,13426.5
332.732,479.3,982.0,1280,7,68,13404.4
332.851,59.5,982.0,1280,7,70,13325.7
332.968,59.5,982.0,1280,66,72,13322.2
333.089,220.5,982.0,1280,59,69,13333.5
333.209,350.0,982.0,1280,59,68,13348.9
333.327,479.5,982.0,1280,11,68,13365.7
333.444,59.7,982.0,1280,11,70,13380.0
333.562,59.7,982.0,1280,90,74,13380.0
333.68,220.7,982.0,1280,90,69,13387.3
333.799,350.2,982.0,1280,37,68,13401.4
333.917,479.7,982.0,1280,13,68,13420.0
334.034,59.9,982.0,1280,13,68,13428.6
334.152,59.9,982.0,1280,51,73,13428.6
334.273,91.4,982.0,1280,75,69,13439.7
334.39,220.9,982.0,1280,75,68,13455.0
334.509,350.4,982.0,1280,11,68,13469.8
334.627,479.9,982.0,1280,10,68,13500.3
334.745,60.1,982.0,1280,44,70,13505.3
334.863,60.1,982.0,1280,44,72,13505.3
334.98,221.2,982.0,1280,80,68,13520.6
335.097,221.2,982.0,1280,9,68,13533.2
335.217,350.7,982.0,1280,9,68,13546.4
335.336,480.2,982.0,1280,8,68,13559.3
335.455,60.4,982.0,1280,22,71,13556.8
335.574,60.4,982.0,1280,100,71,13546.4
335.694,221.4,982.0,1280,100,68,13559.4
335.813,350.9,982.0,1280,11,68,13573.4
335.931,350.9,982.0,1280,10,67,13586.3
336.05,480.4,982.0,1280,10,67,13601.6
336.168,60.6,982.0,1280,11,71,13597.2
336.287,60.6,982.0,1280,100,71,13589.1
336.406,221.6,982.0,1280,28,68,13599.3
336.525,351.1,982.0,1280,28,68,13609.6
336.644,351.1,982.0,1280,9,68,13622.0
336.763,480.6,982.0,1280,9,67,13637.2
336.882,60.8,982.0,1280,9,71,13629.1
337.002,60.8,982.0,1280,81,71,13622.9
337.121,221.8,982.0,1280,47,68,13634.9
337.24,351.3,982.0,1280,47,68,13647.4
337.359,480.8,982.0,1280,10,68,13666.5
337.478,61.0,982.0,1280,21,70,13661.6
337.596,61.0,982.0,1280,100,72,13651.8
337.715,222.0,982.0,1280,100,68,13663.8
337.834,351.5,982.0,1280,14,68,13678.9
337.964,351.5,982.0,1280,3,67,13663.2
338.241,481.0,982.0,1280,6,67,13639.9
338.522,61.2,982.0,1280,17,71,13629.6
338.644,61.2,982.0,1280,100,69,13624.7
338.791,222.3,982.0,1280,2,68,13596.6
339.096,222.3,982.0,1280,1,68,13565.6
339.427,351.8,982.0,1280,3,68,13516.6
339.73,481.3,982.0,1280,3,68,13487.6
340.049,481.3,982.0,1280,18,73,13462.5
340.344,93.0,982.0,1280,9,68,13438.1
340.626,352.0,982.0,1280,3,68,13410.0
340.933,352.0,982.0,1280,3,68,13377.1
341.273,481.5,982.0,1280,2,68,13345.3
341.598,481.5,982.0,1280,27,71,13312.4
341.941,61.7,982.0,1280,93,70,13304.7
342.077,222.7,982.0,1280,5,68,13279.0
342.368,222.7,982.0,1280,6,68,13250.8
342.667,352.2,982.0,1280,2,68,13220.9
342.974,481.7,982.0,1280,3,68,13190.1
343.277,481.7,982.0,1280,2,68,13164.0
343.586,61.9,982.0,1280,2,72,12986.6
343.712,68.9,982.0,1280,80,70,12726.3
343.83,222.9,982.0,1280,42,69,12751.3
343.948,222.9,982.0,1280,7,68,12780.6
344.066,352.4,982.0,1280,7,68,12807.7
344.185,481.9,982.0,1280,7,68,12834.7
344.303,481.9,982.0,1280,5,68,12864.5
344.421,62.1,982.0,1280,5,69,12886.3
344.538,62.1,982.0,1280,34,74,12886.3
344.656,65.6,982.0,1280,89,69,12901.4
344.774,223.1,982.0,1280,7,68,12909.4
344.893,352.6,982.0,1280,7,68,12927.5
345.012,482.1,982.0,1280,12,68,12954.6
345.131,482.1,982.0,1280,7,68,12980.3
345.251,62.3,982.0,1280,7,73,12971.0
345.372,62.3,982.0,1280,85,70,12971.0
345.492,223.4,982.0,1280,37,68,12992.7
345.612,223.4,982.0,1280,8,68,13014.4
345.731,352.9,982.0,1280,8,68,13033.6
345.851,482.4,982.0,1280,7,68,13045.8
345.97,62.6,982.0,1280,27,69,13045.0
346.089,62.6,982.0,1280,27,72,13035.0
346.209,223.6,982.0,1280,100,69,13046.0
346.328,223.6,982.0,1280,7,68,13063.1
346.467,482.6,982.0,1280,12,68,13056.9
346.646,62.8,982.0,1280,36,72,13048.4
346.78,62.8,982.0,1280,90,71,13039.0
346.903,353.3,982.0,1280,90,69,13035.5
347.056,482.8,982.0,1280,11,68,13026.2
347.24,63.0,982.0,1280,11,72,13016.9
347.36,63.0,982.0,1280,88,71,13009.0
347.479,353.5,982.0,1280,40,69,13009.1
347.608,483.0,982.0,1280,26,69,13003.1
347.76,63.2,982.0,1280,26,73,12992.8
347.879,224.2,982.0,1280,100,69,12988.7
348.005,63.4,982.0,1280,35,70,12981.9
348.126,63.4,982.0,1280,99,73,12971.9
348.245,353.9,982.0,1280,99,69,12967.3
348.365,63.7,982.0,1280,46,72,12960.5
348.484,63.7,982.0,1280,97,72,12950.7
348.605,354.2,982.0,1280,97,69,12948.4
348.728,33.2,982.0,1280,42,71,12941.3
348.848,33.2,982.0,1280,82,73,12932.4
348.968,33.2,982.0,1280,2,68,12941.2
349.309,33.2,982.0,1280,2,68,12927.9
349.612,33.2,982.0,1280,2,68,12923.3
349.843,33.2,982.0,1280,0,68,12917.5
349.999,33.2,982.0,1280,2,68,12635.2
350.125,33.2,982.0,1280,2,68,12542.6
350.251,33.2,982.0,1280,2,68,12599.7
350.377,33.2,982.0,1280,0,68,12685.2
350.503,33.2,982.0,1280,2,68,12766.4
350.629,33.2,982.0,1280,2,68,12855.2
350.754,33.2,982.0,1280,2,68,12849.1
350.882,33.2,982.0,1280,0,68,12850.2
351.007,33.2,982.0,1280,2,68,12874.4
351.134,33.2,982.0,1280,2,68,12918.8
351.262,33.2,982.0,1280,2,68,12973.4
351.391,33.2,982.0,1280,0,68,13062.2
351.516,33.2,982.0,1280,2,68,13137.9
351.644,33.2,982.0,1280,2,68,13190.2
351.772,33.2,982.0,1280,2,68,13265.4
351.9,33.2,982.0,1280,0,68,13332.3
352.027,33.2,982.0,1280,2,68,13388.0
352.156,33.2,982.0,1280,2,67,13449.6
352.283,33.2,982.0,1280,0,68,13526.4
352.418,33.2,982.0,1280,0,68,13600.8
352.545,33.2,982.0,1280,2,67,13669.1
352.686,33.2,982.0,1280,2,67,13737.4
352.814,33.2,982.0,1280,0,68,13744.2
353.059,33.2,982.0,1280,2,67,13745.3
353.291,33.2,982.0,1280,0,67,13744.8
353.423,33.2,982.0,1280,2,67,13754.7
353.598,33.2,982.0,1280,2,67,13757.2
353.743,33.2,982.0,1280,2,67,13761.5
353.901,33.2,982.0,1280,0,67,13767.0
354.046,33.2,982.0,1280,2,67,13767.3
354.197,33.2,982.0,1280,2,67,13706.0
354.828,33.2,982.0,1280,0,67,13643.4
355.499,33.2,982.0,1280,2,67,13453.9
355.73,62.6,982.0,1280,2,67,13270.1
355.849,216.6,982.0,1280,7,67,13293.1
355.968,346.1,982.0,1280,7,67,13315.3
356.088,475.6,982.0,1280,9,67,13336.7
356.208,58.2,982.0,1280,10,68,13334.2
356.327,58.2,982.0,1280,85,71,13085.7
356.445,58.2,982.0,1280,85,69,13093.8
356.563,219.2,982.0,1280,57,68,13126.9
356.681,348.7,982.0,1280,10,68,13156.0
356.8,478.2,982.0,1280,10,68,13184.0
356.918,514.4,982.0,1280,10,68,13207.4
357.036,58.4,982.0,1280,52,72,13207.4
357.177,58.4,982.0,1280,88,69,13217.2
357.295,219.4,982.0,1280,88,68,13247.5
357.413,348.9,982.0,1280,9,68,13271.6
357.531,348.9,982.0,1280,8,67,13118.6
357.649,478.4,982.0,1280,11,67,13112.9
357.767,58.6,982.0,1280,11,70,13113.6
357.885,58.6,982.0,1280,98,70,13115.6
358.003,219.6,982.0,1280,35,68,13143.3
358.122,219.6,982.0,1280,35,68,13169.9
358.24,349.1,982.0,1280,8,67,13193.2
358.358,478.6,982.0,1280,8,67,13220.1
358.475,478.6,982.0,1280,8,67,13243.1
358.592,58.8,982.0,1280,7,70,13246.1
358.709,58.8,982.0,1280,96,71,13246.3
358.826,219.8,982.0,1280,37,68,13261.8
358.944,349.3,982.0,1280,37,68,13224.7
359.063,478.8,982.0,1280,8,67,13127.1
359.181,478.8,982.0,1280,9,67,13152.1
359.299,59.1,982.0,1280,9,70,13159.1
359.417,59.1,982.0,1280,64,70,13129.2
359.534,90.6,982.0,1280,86,68,13142.9
359.652,220.1,982.0,1280,86,67,13169.1
359.769,349.6,982.0,1280,15,67,13197.2
359.887,349.6,982.0,1280,8,67,13220.1
360.004,479.1,982.0,1280,7,67,13243.1
360.121,59.3,982.0,1280,7,67,13258.5
360.239,59.3,982.0,1280,46,73,13258.5
360.356,90.8,982.0,1280,84,69,13266.0
360.474,220.3,982.0,1280,84,68,13283.3
360.593,479.3,982.0,1280,10,68,13240.0
360.712,59.5,982.0,1280,14,69,13131.6
360.83,59.5,982.0,1280,14,73,13131.6
360.947,91.0,982.0,1280,89,69,13142.6
361.064,220.5,982.0,1280,35,68,13160.1
361.183,350.0,982.0,1280,12,67,13182.4
361.301,479.5,982.0,1280,12,67,13202.5
361.418,59.7,982.0,1280,9,68,13216.5
361.535,59.7,982.0,1280,75,72,13216.5
361.652,91.2,982.0,1280,75,69,13229.2
361.771,220.7,982.0,1280,51,68,13244.4
361.889,350.2,982.0,1280,10,68,13262.1
362.008,479.7,982.0,1280,9,68,13279.3
362.126,59.9,982.0,1280,9,69,13291.5
362.243,59.9,982.0,1280,57,73,13291.5
362.38,220.9,982.0,1280,69,68,13249.5
362.5,350.4,982.0,1280,69,68,13141.8
362.618,479.9,982.0,1280,13,68,13159.9
362.736,60.1,982.0,1280,27,70,13163.0
362.853,60.1,982.0,1280,100,72,13163.3
362.97,221.2,982.0,1280,100,68,13179.5
363.089,350.7,982.0,1280,9,68,13194.8
363.207,350.7,982.0,1280,10,67,13212.2
363.325,480.2,982.0,1280,10,67,13242.2
363.442,60.4,982.0,1280,10,70,13244.2
363.56,60.4,982.0,1280,96,71,13244.4
363.677,221.4,982.0,1280,96,68,13262.1
363.794,221.4,982.0,1280,30,67,13278.0
363.912,350.9,982.0,1280,8,67,13296.6
364.029,480.4,982.0,1280,7,67,13037.5
364.153,480.4,982.0,1280,7,67,13054.8
364.271,60.6,982.0,1280,17,71,13056.9
364.388,60.6,982.0,1280,100,69,13061.0
364.505,221.6,982.0,1280,100,68,13080.6
364.623,351.1,982.0,1280,18,67,13100.6
364.74,351.1,982.0,1280,9,67,13120.4
364.858,480.6,982.0,1280,9,67,13140.8
364.976,480.6,982.0,1280,9,67,13158.3
365.093,60.8,982.0,1280,35,71,13158.3
365.211,60.8,982.0,1280,91,69,13163.5
365.329,221.8,982.0,1280,91,68,13180.8
365.448,221.8,982.0,1280,8,67,13195.2
365.566,351.3,982.0,1280,6,67,13212.9
365.685,480.8,982.0,1280,8,67,13232.1
365.804,480.8,982.0,1280,8,67,13250.5
365.922,61.0,982.0,1280,24,72,13254.4
366.04,61.0,982.0,1280,100,70,13256.3
366.157,222.0,982.0,1280,100,67,13275.1
366.275,351.5,982.0,1280,10,67,13291.2
366.393,481.0,982.0,1280,10,67,13276.2
366.512,61.2,982.0,1280,10,68,13289.0
366.63,61.2,982.0,1280,29,71,13278.5
366.749,68.3,982.0,1280,100,69,13276.5
366.868,222.3,982.0,1280,13,68,13290.0
366.987,351.8,982.0,1280,13,67,13310.8
367.105,481.3,982.0,1280,7,67,13334.3
367.223,61.5,982.0,1280,18,68,13340.2
367.341,61.5,982.0,1280,18,73,13329.9
367.459,93.0,982.0,1280,100,68,13341.3
367.578,222.5,982.0,1280,16,67,13366.1
367.697,352.0,982.0,1280,9,67,13389.8
367.816,481.5,982.0,1280,9,67,13408.4
367.935,61.7,982.0,1280,11,68,13422.6
368.053,61.7,982.0,1280,76,72,13412.1
368.174,93.2,982.0,1280,76,69,13419.5
368.292,222.7,982.0,1280,50,68,13436.8
368.411,352.2,982.0,1280,11,67,13458.1
368.53,481.7,982.0,1280,7,67,13468.9
368.729,505.9,982.0,1280,92,73,13442.6
369.011,93.4,982.0,1280,28,67,13416.5
369.29,222.9,982.0,1280,5,67,13393.4
369.57,352.4,982.0,1280,3,67,13368.5
369.859,352.4,982.0,1280,1,67,13336.4
370.187,481.9,982.0,1280,5,67,13308.5
370.479,62.1,982.0,1280,74,72,13291.5
370.732,223.1,982.0,1280,3,68,13266.8
370.995,223.1,982.0,1280,3,68,13234.5
371.317,352.6,982.0,1280,4,67,13204.3
371.607,352.6,982.0,1280,3,67,13172.8
371.915,482.1,982.0,1280,1,68,13140.9
372.225,482.1,982.0,1280,3,68,13107.5
372.538,62.3,982.0,1280,3,72,13098.7
372.663,62.3,982.0,1280,70,70,13093.4
372.791,223.4,982.0,1280,4,68,13064.7
373.1,482.4,982.0,1280,6,70,13059.0
373.321,62.6,982.0,1280,69,71,12772.7
373.44,94.1,982.0,1280,82,68,12767.5
373.559,223.6,982.0,1280,6,68,12787.6
373.677,353.1,982.0,1280,6,67,12809.0
373.796,353.1,982.0,1280,8,67,12828.0
373.914,482.6,982.0,1280,9,67,12837.4
374.033,62.8,982.0,1280,9,71,12831.7
374.151,62.8,982.0,1280,68,71,12823.7
374.269,223.8,982.0,1280,74,68,12832.6
374.388,223.8,982.0,1280,8,67,12855.6
374.507,353.3,982.0,1280,8,67,12866.0
374.627,516.7,982.0,1280,11,67,12870.1
374.745,63.0,982.0,1280,74,70,12860.0
374.866,224.0,982.0,1280,74,69,12856.1
374.987,353.5,982.0,1280,62,68,12863.7
375.106,483.0,982.0,1280,14,68,12869.8
375.225,63.2,982.0,1280,65,72,12861.6
375.345,63.2,982.0,1280,65,72,12854.1
375.464,224.2,982.0,1280,61,69,12858.2
375.583,483.2,982.0,1280,14,68,12862.9
375.703,63.4,982.0,1280,14,70,12858.4
375.823,63.4,982.0,1280,59,73,12848.3
375.943,224.5,982.0,1280,69,69,12848.5
376.063,63.7,982.0,1280,38,68,12846.8
376.183,63.7,982.0,1280,38,74,12836.8
376.302,224.7,982.0,1280,99,70,12831.9
376.422,483.7,982.0,1280,22,68,12833.0
376.541,63.9,982.0,1280,22,71,12823.4
376.661,63.9,982.0,1280,85,72,12815.3
376.781,354.4,982.0,1280,51,69,12815.9
376.9,33.5,982.0,1280,45,70,12812.1
377.019,33.5,982.0,1280,45,74,12801.9
377.14,33.5,982.0,1280,88,69,12879.6
377.266,33.5,982.0,1280,0,68,12955.4
377.486,33.5,982.0,1280,0,68,12961.0
377.731,33.5,982.0,1280,1,68,12970.6
377.974,33.5,982.0,1280,2,68,12977.9
378.178,33.5,982.0,1280,1,68,12973.9
378.39,33.5,982.0,1280,2,68,12723.4
378.532,33.5,982.0,1280,2,68,12427.7
378.654,33.5,982.0,1280,2,68,12505.9
378.779,33.5,982.0,1280,0,68,12588.3
378.904,33.5,982.0,1280,2,68,12649.5
379.031,33.5,982.0,1280,2,68,12746.8
379.158,33.5,982.0,1280,2,68,12823.2
379.284,33.5,982.0,1280,0,68,12907.8
379.41,33.5,982.0,1280,2,68,12952.9
379.537,33.5,982.0,1280,2,68,12897.1
379.664,33.5,982.0,1280,2,68,12959.1
379.79,33.5,982.0,1280,0,68,12994.3
379.919,33.5,982.0,1280,2,68,13027.0
380.047,33.5,982.0,1280,2,68,13044.9
380.173,33.5,982.0,1280,2,68,13084.2
380.299,33.5,982.0,1280,0,68,13110.3
380.442,33.5,982.0,1280,2,68,13151.2
380.568,33.5,982.0,1280,2,68,13216.0
380.693,33.5,982.0,1280,2,68,13246.4
380.819,33.5,982.0,1280,0,68,13244.2
380.948,33.5,982.0,1280,2,68,13298.4
381.084,33.5,982.0,1280,2,68,13356.6
381.208,33.5,982.0,1280,2,68,13403.4
381.329,33.5,982.0,1280,0,68,13436.7
381.448,33.5,982.0,1280,2,68,13473.4
381.569,33.5,982.0,1280,2,68,13495.4
381.688,33.5,982.0,1280,2,68,13641.3
381.813,55.9,982.0,1280,0,68,13202.8
381.931,216.9,982.0,1280,7,68,13229.2
382.049,216.9,982.0,1280,7,68,13253.4
382.167,346.4,982.0,1280,9,68,13279.3
382.284,475.9,982.0,1280,7,68,13303.5
382.401,475.9,982.0,1280,7,68,13330.2
382.519,58.9,982.0,1280,8,70,13335.7
382.637,58.9,982.0,1280,99,72,13335.7
382.754,62.4,982.0,1280,99,70,13346.0
382.872,219.9,982.0,1280,63,69,13369.2
382.991,349.4,982.0,1280,9,68,13392.6
383.109,478.9,982.0,1280,11,68,13410.8
383.227,59.1,982.0,1280,11,69,13428.7
383.344,59.1,982.0,1280,42,72,13428.7
383.462,59.1,982.0,1280,100,74,13428.7
383.579,220.1,982.0,1280,100,69,13449.5
383.696,220.1,982.0,1280,28,69,13476.1
383.814,349.6,982.0,1280,6,68,13502.2
383.932,479.1,982.0,1280,10,68,13522.3
384.05,59.3,1002.0,1300,10,70,13537.0
384.169,59.3,1002.0,1300,50,70,13535.5
384.289,59.3,1002.0,1300,100,71,13526.2
384.409,220.3,1002.0,1300,100,68,13540.0
384.529,349.8,1002.0,1300,33,68,13561.8
384.648,349.8,1002.0,1300,9,68,13584.4
384.768,479.3,1002.0,1300,7,68,13605.4
384.887,59.5,1002.0,1300,7,69,13601.6
385.006,59.5,1002.0,1300,79,72,13591.9
385.125,91.0,1002.0,1300,89,70,13586.7
385.245,350.0,1002.0,1300,89,69,13601.8
385.364,479.5,1002.0,1300,11,68,13619.5
385.485,479.5,1002.0,1300,10,68,13640.0
385.605,59.7,1002.0,1300,64,71,13632.5
385.725,59.7,1002.0,1300,64,73,13622.6
385.844,91.2,1002.0,1300,98,70,13632.5
385.964,220.7,1002.0,1300,8,69,13655.1
386.084,350.2,1002.0,1300,8,68,13676.7
386.204,479.7,1002.0,1300,9,68,13695.5
386.324,60.0,1002.0,1300,8,69,13701.5
386.444,60.0,1002.0,1300,94,72,13691.7
386.564,60.0,1002.0,1300,94,72,13685.2
386.684,221.0,1002.0,1300,68,69,13697.1
386.804,480.0,1002.0,1300,13,68,13706.3
386.935,60.2,1002.0,1300,45,70,13703.9
387.069,60.2,1002.0,1300,45,73,13694.1
387.191,60.2,1002.0,1300,100,70,13693.8
387.317,350.7,1002.0,1300,6,68,13673.3
387.601,480.2,1002.0,1300,1,68,13643.9
387.918,480.2,1002.0,1300,6,68,13615.3
388.223,60.4,1002.0,1300,7,72,13605.3
388.348,60.4,1002.0,1300,100,73,13595.5
388.47,221.4,1002.0,1300,57,69,13593.9
388.635,350.9,1002.0,1300,2,68,13571.3
388.906,480.4,1002.0,1300,9,68,13546.5
389.186,60.6,1002.0,1300,6,72,13537.8
389.341,60.6,1002.0,1300,100,73,13528.1
389.461,221.6,1002.0,1300,63,69,13524.6
389.6,351.1,1002.0,1300,9,68,13484.9
389.897,480.6,1002.0,1300,9,71,13462.7
390.172,60.8,1002.0,1300,84,73,13453.4
390.292,67.8,1002.0,1300,76,70,13449.6
390.422,221.8,1002.0,1300,9,69,13428.9
390.683,351.3,1002.0,1300,3,68,13407.8
390.945,480.8,1002.0,1300,2,68,13374.4
391.28,61.0,1002.0,1300,49,72,13363.7
391.465,61.0,1002.0,1300,100,73,13354.4
391.585,222.1,1002.0,1300,18,69,13343.1
391.793,222.1,1002.0,1300,2,68,13315.6
392.095,351.6,1002.0,1300,6,68,13290.0
392.389,481.1,1002.0,1300,5,68,13263.1
392.693,61.3,1002.0,1300,5,72,13251.7
392.887,61.3,1002.0,1300,100,73,13242.5
393.007,222.3,1002.0,1300,4,69,13225.6
393.254,351.8,1002.0,1300,5,68,13198.6
393.56,351.8,1002.0,1300,5,68,13160.6
393.872,481.3,1002.0,1300,3,68,13130.9
394.061,61.5,1002.0,1300,5,69,13090.0
394.182,61.5,1002.0,1300,77,73,12599.9
394.303,61.5,1002.0,1300,83,72,12592.6
394.421,222.5,1002.0,1300,83,69,12609.6
394.538,222.5,1002.0,1300,8,69,12625.9
394.656,352.0,1002.0,1300,8,68,12645.9
394.773,481.5,1002.0,1300,8,68,12665.4
394.89,481.5,1002.0,1300,8,68,12685.2
395.008,61.7,1002.0,1300,36,71,12690.3
395.126,61.7,1002.0,1300,36,73,12690.3
395.244,65.2,1002.0,1300,100,70,12698.3
395.362,222.7,1002.0,1300,33,69,12698.5
395.48,352.2,1002.0,1300,19,69,12697.9
395.598,481.7,1002.0,1300,19,68,12695.1
395.716,481.7,1002.0,1300,15,68,12691.9
395.834,61.9,1002.0,1300,59,72,12667.6
395.952,61.9,1002.0,1300,59,73,12667.6
396.069,93.4,1002.0,1300,100,70,12679.4
396.187,222.9,1002.0,1300,12,69,12698.9
396.305,352.4,1002.0,1300,12,68,12722.1
396.423,352.4,1002.0,1300,7,68,12752.7
396.541,481.9,1002.0,1300,10,68,12776.1
396.659,62.1,1002.0,1300,44,70,12734.7
396.778,62.1,1002.0,1300,44,72,12678.6
396.897,62.1,1002.0,1300,100,70,12682.9
397.015,223.2,1002.0,1300,27,69,12708.1
397.133,223.2,1002.0,1300,27,68,12733.1
397.254,352.7,1002.0,1300,8,68,12753.9
397.373,482.2,1002.0,1300,10,68,12773.4
397.492,62.4,1002.0,1300,48,70,12774.7
397.613,62.4,1002.0,1300,48,73,12764.5
397.732,65.9,1002.0,1300,100,70,12774.0
397.851,223.4,1002.0,1300,23,69,12800.9
397.97,352.9,1002.0,1300,23,68,12824.4
398.089,482.4,1002.0,1300,9,68,12851.3
398.208,62.6,1002.0,1300,11,70,12871.9
398.327,62.6,1002.0,1300,87,72,12862.2
398.449,62.6,1002.0,1300,87,72,12852.1
398.568,223.6,1002.0,1300,73,69,12875.5
398.688,353.1,1002.0,1300,11,69,12893.8
398.807,353.1,1002.0,1300,11,68,12915.0
398.928,482.6,1002.0,1300,8,68,12935.6
399.048,482.6,1002.0,1300,6,69,12953.4
399.167,62.8,1002.0,1300,76,72,12943.7
399.286,62.8,1002.0,1300,76,73,12933.9
399.406,223.8,1002.0,1300,83,69,12950.2
399.526,223.8,1002.0,1300,7,68,12970.7
399.688,353.3,1002.0,1300,2,68,12954.1
399.962,353.3,1002.0,1300,4,68,12931.2
400.25,482.8,1002.0,1300,3,68,12914.5
400.417,63.0,1002.0,1300,5,70,12868.0
400.563,63.0,1002.0,1300,76,72,12476.9
400.682,63.0,1002.0,1300,81,70,12394.2
400.807,224.0,1002.0,1300,81,69,12431.8
400.925,353.5,1002.0,1300,8,69,12457.3
401.043,353.5,1002.0,1300,10,68,12389.1
401.165,483.0,1002.0,1300,8,68,12292.4
401.286,63.2,1002.0,1300,8,70,12326.7
401.406,63.2,1002.0,1300,63,73,12316.8
401.525,63.2,1002.0,1300,98,71,12320.0
401.645,224.3,1002.0,1300,98,69,12345.9
401.764,224.3,1002.0,1300,11,69,12368.6
401.885,353.8,1002.0,1300,8,68,12388.4
402.005,483.3,1002.0,1300,7,68,12402.3
402.124,63.5,1002.0,1300,7,70,12405.1
402.243,63.5,1002.0,1300,62,72,12394.9
402.361,63.5,1002.0,1300,100,73,12386.4
402.48,224.5,1002.0,1300,100,69,12399.5
402.6,224.5,1002.0,1300,7,69,12407.7
402.719,354.0,1002.0,1300,5,69,12417.0
402.838,483.5,1002.0,1300,12,69,12424.1
402.958,63.7,1002.0,1300,12,69,12422.2
403.077,63.7,1002.0,1300,55,72,12411.9
403.197,63.7,1002.0,1300,100,74,12401.9
403.316,224.7,1002.0,1300,100,69,12404.9
403.436,354.2,1002.0,1300,20,69,12411.7
403.555,483.7,1002.0,1300,10,69,12418.0
403.674,63.9,1002.0,1300,59,70,12411.7
403.793,63.9,1002.0,1300,59,73,12401.9
403.912,95.4,1002.0,1300,100,71,12400.2
404.032,354.4,1002.0,1300,15,69,12405.8
404.151,483.9,1002.0,1300,15,69,12410.7
404.27,64.1,1002.0,1300,12,70,12409.8
404.39,64.1,1002.0,1300,77,73,12399.7
404.509,64.1,1002.0,1300,77,72,12390.6
404.629,354.6,1002.0,1300,85,69,12393.7
404.748,484.1,1002.0,1300,18,69,12395.5
404.867,64.3,1002.0,1300,68,72,12385.4
404.986,64.3,1002.0,1300,68,74,12375.3
405.105,225.4,1002.0,1300,98,70,12373.5
405.225,484.4,1002.0,1300,18,69,12374.8
405.344,64.6,1002.0,1300,18,71,12367.5
405.463,64.6,1002.0,1300,65,73,12357.4
405.582,225.6,1002.0,1300,100,71,12352.8
405.703,355.1,1002.0,1300,20,69,12353.4
405.822,34.1,1002.0,1300,20,71,12348.3
405.941,34.1,1002.0,1300,61,73,12338.1
406.06,34.1,1002.0,1300,100,72,12350.1
406.184,34.1,1002.0,1300,7,69,12407.5
406.308,34.1,1002.0,1300,7,69,12461.1
406.437,34.1,1002.0,1300,2,69,12507.9
406.562,34.1,1002.0,1300,0,69,12487.5
406.687,34.1,1002.0,1300,2,69,12486.1
406.822,34.1,1002.0,1300,2,69,12513.0
406.946,34.1,1002.0,1300,2,69,12480.8
407.073,34.1,1002.0,1300,0,69,12099.1
407.199,34.1,1002.0,1300,3,69,12138.8
407.325,34.1,1002.0,1300,3,69,12179.7
407.452,34.1,1002.0,1300,2,69,12294.2
407.576,34.1,1002.0,1300,0,69,12356.1
407.702,34.1,1002.0,1300,2,69,12417.3
407.828,34.1,1002.0,1300,2,69,12488.5
407.953,34.1,1002.0,1300,2,69,12569.5
408.079,34.1,1002.0,1300,0,69,12631.6
408.205,34.1,1002.0,1300,2,69,12690.5
408.331,34.1,1002.0,1300,2,69,12702.0
408.457,34.1,1002.0,1300,2,69,12768.0
408.583,34.1,1002.0,1300,0,69,12825.0
408.71,34.1,1002.0,1300,2,68,12922.1
408.835,34.1,1002.0,1300,2,68,12964.0
408.961,34.1,1002.0,1300,2,68,12880.5
409.087,34.1,1002.0,1300,0,68,12908.1
409.213,34.1,1002.0,1300,2,68,12945.2
409.34,34.1,1002.0,1300,2,68,12955.3
409.467,34.1,1002.0,1300,2,68,12990.2
409.595,34.1,1002.0,1300,0,68,13047.7
409.722,34.1,1002.0,1300,2,68,13099.5
409.847,34.1,1002.0,1300,2,68,13157.3
409.973,34.1,1002.0,1300,2,68,13217.1
410.098,34.1,1002.0,1300,0,68,13311.4
410.223,34.1,1002.0,1300,2,68,13381.1
410.348,34.1,1002.0,1300,2,68,13416.3
410.475,34.1,1002.0,1300,2,68,13502.0
410.601,34.1,1002.0,1300,0,68,13575.7
410.72,28.5,1002.0,1300,2,68,13126.6
410.838,87.6,1002.0,1300,2,68,13161.2
410.956,217.1,1002.0,1300,6,68,13184.3
411.075,346.6,1002.0,1300,7,68,13207.6
411.193,346.6,1002.0,1300,7,68,13235.3
411.311,476.1,1002.0,1300,10,68,13259.1
411.43,59.1,1002.0,1300,9,68,13271.1
411.547,59.1,1002.0,1300,100,70,13271.1
411.665,59.1,1002.0,1300,100,71,13271.1
411.783,220.1,1002.0,1300,76,69,13298.0
411.901,220.1,1002.0,1300,10,68,13326.8
412.019,349.6,1002.0,1300,10,68,13361.7
412.136,479.1,1002.0,1300,8,68,13395.3
412.255,59.4,1022.0,1320,15,70,13411.5
412.372,59.4,1022.0,1320,100,72,13411.5
412.492,59.4,1022.0,1320,100,71,13418.8
412.611,220.4,1022.0,1320,56,69,13450.1
412.729,349.9,1022.0,1320,10,69,13191.2
412.848,349.9,1022.0,1320,10,69,13217.8
412.966,479.4,1022.0,1320,10,68,13244.3
413.083,59.6,1022.0,1320,39,70,13247.0
413.201,59.6,1022.0,1320,39,73,13247.0
413.318,91.1,1022.0,1320,100,70,13260.4
413.436,220.6,1022.0,1320,32,69,13287.5
413.554,350.1,1022.0,1320,7,69,13325.4
413.672,350.1,1022.0,1320,7,68,13367.7
413.789,479.6,1022.0,1320,8,68,13407.5
413.907,59.8,1022.0,1320,8,69,13433.2
414.025,59.8,1022.0,1320,8,72,13433.2
414.143,59.8,1022.0,1320,97,73,13433.2
414.26,220.8,1022.0,1320,67,69,13453.7
414.379,220.8,1022.0,1320,67,69,13484.6
414.496,350.3,1022.0,1320,10,68,13516.2
414.614,479.8,1022.0,1320,8,68,13543.2
414.735,60.0,1022.0,1320,20,69,13562.3
414.854,60.0,1022.0,1320,20,73,13552.9
414.972,60.0,1022.0,1320,100,72,13544.3
415.092,221.0,1022.0,1320,52,69,13582.9
415.211,350.5,1022.0,1320,52,69,13620.2
415.33,350.5,1022.0,1320,11,69,13655.6
415.45,480.0,1022.0,1320,10,68,13685.7
415.569,60.2,1022.0,1320,57,71,13680.2
415.688,60.2,1022.0,1320,57,73,13670.0
415.807,221.2,1022.0,1320,100,70,13677.2
415.926,350.7,1022.0,1320,21,69,13700.3
416.046,480.2,1022.0,1320,21,69,13722.2
416.165,60.5,1022.0,1320,12,71,13721.2
416.284,60.5,1022.0,1320,80,73,13711.0
416.403,60.5,1022.0,1320,89,72,13715.1
416.522,221.5,1022.0,1320,89,69,13743.0
416.655,351.0,1022.0,1320,7,69,13721.3
416.94,480.5,1022.0,1320,2,68,13691.1
417.24,480.5,1022.0,1320,2,68,13655.2
417.513,60.7,1022.0,1320,1,72,13644.0
417.645,60.7,1022.0,1320,93,74,13634.2
417.764,221.7,1022.0,1320,74,69,13629.6
417.941,351.2,1022.0,1320,9,69,13612.3
418.176,480.7,1022.0,1320,9,69,13596.6
418.415,60.9,1022.0,1320,42,71,13589.1
418.548,60.9,1022.0,1320,42,73,13578.0
418.674,221.9,1022.0,1320,100,70,13575.3
418.805,351.4,1022.0,1320,7,69,13556.2
419.062,480.9,1022.0,1320,9,69,13532.6
419.345,61.1,1022.0,1320,7,73,13522.2
419.473,61.1,1022.0,1320,100,74,13512.5
419.592,222.1,1022.0,1320,63,70,13513.3
419.739,351.6,1022.0,1320,8,69,13494.2
419.983,481.1,1022.0,1320,6,69,13466.7
420.286,481.1,1022.0,1320,12,71,13438.3
420.603,61.3,1022.0,1320,100,73,13426.8
420.732,92.8,1022.0,1320,57,70,13423.6
420.862,222.3,1022.0,1320,8,69,13404.1
421.125,351.8,1022.0,1320,3,69,13370.3
421.419,481.3,1022.0,1320,2,69,13314.2
421.727,61.6,1022.0,1320,52,73,13285.7
421.999,93.1,1022.0,1320,100,70,13270.1
422.196,222.6,1022.0,1320,6,69,13241.4
422.491,352.1,1022.0,1320,5,69,13214.3
422.777,481.6,1022.0,1320,3,69,13183.3
423.094,61.8,1022.0,1320,37,72,13172.5
423.271,61.8,1022.0,1320,100,74,13162.9
423.391,222.8,1022.0,1320,30,70,13152.8
423.581,222.8,1022.0,1320,7,69,13124.7
423.85,352.3,1022.0,1320,2,69,12627.6
423.969,481.8,1022.0,1320,9,69,12508.7
424.092,62.0,1022.0,1320,33,71,12519.0
424.21,62.0,1022.0,1320,33,73,12519.0
424.327,62.0,1022.0,1320,100,72,12522.5
424.446,223.0,1022.0,1320,41,70,12542.2
424.564,352.5,1022.0,1320,41,69,12559.5
424.682,482.0,1022.0,1320,10,69,12577.7
424.8,62.2,1022.0,1320,10,70,12589.5
424.919,62.2,1022.0,1320,87,73,12579.7
425.038,62.2,1022.0,1320,87,74,12569.7
425.157,223.2,1022.0,1320,82,70,12585.7
425.276,223.2,1022.0,1320,8,69,12600.5
425.394,352.7,1022.0,1320,8,69,12610.1
425.514,352.7,1022.0,1320,6,69,12618.4
425.634,482.2,1022.0,1320,7,69,12621.2
425.753,62.4,1022.0,1320,27,70,12621.7
425.871,62.4,1022.0,1320,27,73,12611.6
425.99,62.4,1022.0,1320,100,74,12602.4
426.111,93.9,1022.0,1320,41,70,12613.0
426.23,223.4,1022.0,1320,41,70,12617.4
426.349,223.4,1022.0,1320,3,69,12634.4
426.468,352.9,1022.0,1320,8,69,12645.4
426.587,482.4,1022.0,1320,8,69,12657.9
426.706,482.4,1022.0,1320,9,69,12672.2
426.825,62.7,1022.0,1320,32,72,12662.7
426.945,62.7,1022.0,1320,100,73,12657.9
427.063,94.2,1022.0,1320,100,71,12673.8
427.183,223.7,1022.0,1320,40,70,12685.7
427.302,353.2,1022.0,1320,8,69,12702.3
427.422,482.7,1022.0,1320,8,69,12725.6
427.541,482.7,1022.0,1320,9,69,12736.5
427.659,62.9,1022.0,1320,6,71,12742.2
427.777,62.9,1022.0,1320,100,73,12732.1
427.896,62.9,1022.0,1320,100,72,12717.9
428.015,223.9,1022.0,1320,64,70,12345.6
428.134,353.4,1022.0,1320,9,69,12365.9
428.253,353.4,1022.0,1320,9,69,12390.3
428.371,482.9,1022.0,1320,6,69,12414.1
428.489,482.9,1022.0,1320,7,69,12438.6
428.607,63.1,1022.0,1320,40,71,12450.3
428.724,63.1,1022.0,1320,40,73,12450.3
428.842,63.1,1022.0,1320,100,72,12454.5
428.96,224.1,1022.0,1320,35,70,12480.2
429.077,224.1,1022.0,1320,35,69,12509.0
429.195,353.6,1022.0,1320,7,69,12538.0
429.313,353.6,1022.0,1320,5,69,12568.5
429.433,483.1,1022.0,1320,5,69,12598.2
429.55,501.6,1022.0,1320,7,69,12623.3
429.669,63.3,1022.0,1320,44,72,12623.3
429.786,63.3,1022.0,1320,100,74,12623.3
429.903,94.8,1022.0,1320,100,70,12643.0
430.021,224.3,1022.0,1320,25,69,12664.7
430.139,483.3,1022.0,1320,20,69,12682.3
430.257,63.5,1022.0,1320,20,70,12698.4
430.375,63.5,1022.0,1320,41,73,12698.4
430.492,63.5,1022.0,1320,100,72,12699.0
430.61,224.5,1022.0,1320,31,70,12728.4
430.729,224.5,1022.0,1320,31,69,12753.3
430.848,354.0,1022.0,1320,6,69,12772.1
430.966,483.5,1022.0,1320,9,69,12789.2
431.084,63.8,1022.0,1320,9,70,12788.9
431.202,63.8,1022.0,1320,53,73,12778.8
431.321,63.8,1022.0,1320,100,73,12772.2
431.439,224.8,1022.0,1320,100,70,12790.2
431.557,224.8,1022.0,1320,21,69,12810.5
431.676,483.8,1022.0,1320,10,69,12817.0
431.796,64.0,1022.0,1320,20,70,12818.2
431.914,64.0,1022.0,1320,20,73,12808.0
432.034,64.0,1022.0,1320,100,74,12797.9
432.153,225.0,1022.0,1320,58,70,12802.7
432.272,354.5,1022.0,1320,58,69,12810.2
432.392,484.0,1022.0,1320,11,69,12817.3
432.511,64.2,1022.0,1320,34,72,12808.2
432.63,64.2,1022.0,1320,100,73,12798.1
432.749,95.7,1022.0,1320,100,71,12796.1
432.868,354.7,1022.0,1320,42,70,12800.6
432.988,484.2,1022.0,1320,12,69,12804.1
433.107,64.4,1022.0,1320,12,70,12802.6
433.226,64.4,1022.0,1320,41,73,12794.3
433.345,64.4,1022.0,1320,100,73,12788.9
433.464,354.9,1022.0,1320,41,70,12800.5
433.583,484.4,1022.0,1320,41,70,12627.6
433.702,64.6,1022.0,1320,24,72,12530.8
433.826,64.6,1022.0,1320,100,73,12530.8
433.944,96.1,1022.0,1320,100,71,12565.6
434.062,225.6,1022.0,1320,59,70,12613.0
434.18,355.1,1022.0,1320,9,69,12656.9
434.298,484.6,1022.0,1320,10,69,12526.5
434.417,64.8,1022.0,1320,10,71,12377.4
434.535,64.8,1022.0,1320,58,73,12377.4
434.652,64.8,1022.0,1320,100,74,12366.8
434.769,225.9,1022.0,1320,100,70,12317.3
434.889,355.4,1022.0,1320,15,69,12268.9
435.012,484.9,1022.0,1320,10,69,12117.8
435.132,34.4,1022.0,1320,20,70,12012.0
435.254,34.4,1022.0,1320,20,73,12012.0
435.372,34.4,1022.0,1320,100,73,12012.0
435.49,34.4,1022.0,1320,52,70,12113.3
435.614,34.4,1022.0,1320,52,69,12180.3
435.738,34.4,1022.0,1320,2,69,12231.3
435.864,34.4,1022.0,1320,0,69,12288.9
435.989,34.4,1022.0,1320,2,69,12374.4
436.115,34.4,1022.0,1320,2,69,12433.0
436.242,34.4,1022.0,1320,2,69,12482.6
436.368,34.4,1022.0,1320,0,69,12553.7
436.494,34.4,1022.0,1320,2,69,12604.8
436.619,34.4,1022.0,1320,2,69,12658.1
436.744,34.4,1022.0,1320,2,69,12748.4
436.869,34.4,1022.0,1320,0,69,12813.1
436.994,34.4,1022.0,1320,2,69,12850.9
437.122,34.4,1022.0,1320,2,69,12930.7
437.246,34.4,1022.0,1320,0,69,12970.3
437.37,34.4,1022.0,1320,0,69,13014.9
437.497,34.4,1022.0,1320,3,69,13052.7
437.625,34.4,1022.0,1320,3,69,13155.7
437.751,34.4,1022.0,1320,2,69,13214.3
437.876,34.4,1022.0,1320,1,69,13269.6
438.002,34.4,1022.0,1320,1,69,13291.2
438.127,34.4,1022.0,1320,1,69,13357.3
438.255,34.4,1022.0,1320,2,69,13395.9
438.38,34.4,1022.0,1320,1,69,13436.4
438.507,34.4,1022.0,1320,1,69,13465.0
438.637,34.4,1022.0,1320,2,69,13496.0
438.763,34.4,1022.0,1320,2,69,13564.3
438.89,34.4,1022.0,1320,1,69,13595.4
439.018,34.4,1022.0,1320,1,69,13633.8
439.145,34.4,1022.0,1320,2,69,13669.1
439.271,34.4,1022.0,1320,2,69,13687.9
439.399,34.4,1022.0,1320,0,69,13706.8
439.739,34.4,1022.0,1320,1,69,13714.6
439.978,34.4,1022.0,1320,1,69,13721.4
440.222,34.4,1022.0,1320,1,69,13729.6
440.498,34.4,1022.0,1320,2,69,13707.0
440.872,34.4,1022.0,1320,0,69,13695.1
441.25,34.4,1022.0,1320,1,69,13695.9
441.53,34.4,1022.0,1320,2,69,13657.1
441.878,34.4,1022.0,1320,2,69,13589.6
442.348,34.4,1022.0,1320,1,69,13511.4
443.044,34.4,1022.0,1320,0,69,13461.3
443.508,34.4,1022.0,1320,1,69,13246.7
443.713,56.3,1022.0,1320,2,69,13008.8
443.833,217.3,1022.0,1320,9,69,13033.2
443.953,346.8,1022.0,1320,9,69,12901.9
444.073,476.3,1022.0,1320,10,69,12846.5
444.199,59.5,1022.0,1320,8,70,12865.7
444.318,59.5,1022.0,1320,8,73,12865.7
444.436,59.5,1022.0,1320,99,74,12865.7
444.554,220.5,1022.0,1320,72,70,12883.7
444.672,350.0,1022.0,1320,12,70,12908.7
444.789,479.5,1022.0,1320,12,69,12927.0
444.907,59.8,1022.0,1320,13,71,12945.1
445.024,59.8,1022.0,1320,80,73,12945.1
445.141,59.8,1022.0,1320,80,74,12945.1
445.26,220.8,1022.0,1320,90,70,12963.5
445.378,220.8,1022.0,1320,11,69,12988.7
445.495,350.3,1022.0,1320,11,69,13013.5
445.613,479.8,1022.0,1320,8,69,13034.9
445.731,60.0,1022.0,1320,32,71,13038.1
445.849,60.0,1022.0,1320,100,73,13038.1
445.967,91.5,1022.0,1320,100,71,13043.8
446.085,350.5,1022.0,1320,52,70,13059.5
446.203,480.0,1022.0,1320,15,69,13073.1
446.321,60.2,1022.0,1320,15,72,13074.8
446.439,60.2,1022.0,1320,77,73,13074.8
446.557,221.2,1022.0,1320,96,71,13078.2
446.675,350.7,1022.0,1320,96,70,13091.9
446.793,480.2,1022.0,1320,17,69,13108.5
446.911,60.4,1022.0,1320,32,72,13110.9
447.041,60.4,1022.0,1320,100,71,13110.9
447.158,91.9,1022.0,1320,100,70,13116.7
447.275,350.9,1022.0,1320,62,69,13115.2
447.395,480.4,1022.0,1320,16,69,12909.4
447.514,60.6,1022.0,1320,74,72,12909.5
447.633,60.6,1022.0,1320,74,73,12909.5
447.752,221.6,1022.0,1320,98,70,12916.3
447.87,480.6,1022.0,1320,19,69,12928.5
447.988,60.9,1022.0,1320,19,71,12934.1
448.106,60.9,1022.0,1320,59,73,12934.1
448.224,60.9,1022.0,1320,100,72,12935.4
448.346,351.4,1022.0,1320,100,70,12948.7
448.465,480.9,1022.0,1320,34,69,12964.0
448.582,61.1,1022.0,1320,28,72,12966.8
448.7,61.1,1022.0,1320,100,73,12966.8
448.817,61.1,1022.0,1320,100,72,12974.7
448.934,222.1,1022.0,1320,58,70,12990.4
449.053,351.6,1022.0,1320,9,69,13008.7
449.172,481.1,1022.0,1320,9,69,13026.7
449.29,61.3,1022.0,1320,12,70,13034.8
449.407,61.3,1022.0,1320,76,73,13034.8
449.526,61.3,1022.0,1320,93,73,13036.4
449.644,222.3,1022.0,1320,93,70,13049.6
449.763,481.3,1022.0,1320,16,69,13064.3
449.88,61.5,1022.0,1320,23,70,13073.3
449.999,61.5,1022.0,1320,23,73,13073.3
450.116,61.5,1022.0,1320,100,73,13073.3
450.234,222.5,1022.0,1320,62,70,13085.5
450.354,352.0,1022.0,1320,62,69,13099.1
450.471,481.5,1022.0,1320,13,69,13120.1
450.59,61.7,1022.0,1320,15,71,13124.1
450.707,61.7,1022.0,1320,100,73,13124.1
450.824,61.7,1022.0,1320,100,73,13125.7
450.942,222.7,1022.0,1320,70,70,13142.7
451.06,352.2,1022.0,1320,7,69,13159.6
451.177,352.2,1022.0,1320,7,69,13157.7
451.296,481.7,1022.0,1320,11,69,13167.5
451.416,62.0,1022.0,1320,38,72,13159.0
451.537,62.0,1022.0,1320,100,73,13149.3
451.656,93.5,1022.0,1320,100,71,13152.5
451.776,223.0,1022.0,1320,40,69,13165.6
451.896,352.5,1022.0,1320,11,69,13179.1
452.014,482.0,1022.0,1320,11,69,13193.7
452.133,62.2,1022.0,1320,16,72,13184.4
452.252,62.2,1022.0,1320,100,73,13174.7
452.37,93.7,1022.0,1320,62,70,13177.7
452.489,223.2,1022.0,1320,62,69,13188.2
452.608,352.7,1022.0,1320,10,69,13199.1
452.727,482.2,1022.0,1320,11,69,13211.5
452.848,62.4,1022.0,1320,11,72,13202.9
452.968,62.4,1022.0,1320,78,73,13193.2
453.088,93.9,1022.0,1320,90,71,13195.4
453.209,352.9,1022.0,1320,14,69,13205.7
453.329,482.4,1022.0,1320,14,69,13223.5
453.449,62.6,1022.0,1320,11,71,13222.7
453.569,62.6,1022.0,1320,93,73,13213.0
453.689,62.6,1022.0,1320,93,72,13209.3
453.809,223.6,1022.0,1320,76,70,13223.4
453.93,353.1,1022.0,1320,11,69,13245.5
454.049,482.6,1022.0,1320,8,69,13268.7
454.17,62.8,1022.0,1320,8,71,13270.4
454.29,62.8,1022.0,1320,67,73,13260.7
454.41,66.3,1022.0,1320,100,72,13257.8
454.531,353.3,1022.0,1320,100,70,13268.6
454.651,482.8,1022.0,1320,15,69,13276.4
454.778,63.0,1022.0,1320,24,72,13269.6
454.905,63.0,1022.0,1320,100,73,13259.7
455.029,94.6,1022.0,1320,100,71,13258.2
455.149,353.6,1022.0,1320,64,69,13259.0
455.302,483.1,1022.0,1320,40,72,13241.8
455.566,63.3,1022.0,1320,100,74,13231.7
455.687,224.3,1022.0,1320,38,70,13222.6
455.886,353.8,1022.0,1320,8,69,13201.6
456.161,483.3,1022.0,1320,7,69,13175.3
456.45,483.3,1022.0,1320,5,71,13140.5
456.732,63.5,1022.0,1320,90,73,13130.4
456.856,63.5,1022.0,1320,90,72,13123.0
456.976,224.5,1022.0,1320,77,69,13118.6
457.16,354.0,1022.0,1320,8,69,13096.2
457.434,483.5,1022.0,1320,6,69,13039.1
457.559,63.7,1022.0,1320,74,72,12760.2
457.679,63.7,1022.0,1320,74,73,12690.9
457.798,95.2,1022.0,1320,98,70,12694.8
457.923,224.7,1022.0,1320,9,70,12712.7
458.041,483.7,1022.0,1320,9,69,12732.7
458.16,483.7,1022.0,1320,16,69,12745.2
458.278,483.7,1022.0,1320,4,69,12749.8
458.398,63.9,1022.0,1320,60,72,12739.3
458.518,63.9,1022.0,1320,60,73,12729.7
458.638,63.9,1022.0,1320,100,71,12718.4
458.758,63.9,1022.0,1320,8,70,12708.4
458.878,67.4,1022.0,1320,8,69,12696.4
458.999,95.4,1022.0,1320,2,69,12694.4
459.118,224.9,1022.0,1320,4,69,12706.1
459.237,354.4,1022.0,1320,7,69,12728.6
459.357,354.4,1022.0,1320,7,69,12747.2
459.476,64.1,1022.0,1320,10,70,12749.0
459.596,64.1,1022.0,1320,74,72,12739.2
459.715,64.1,1022.0,1320,74,74,12729.5
459.834,225.2,1022.0,1320,100,70,12742.2
459.953,225.2,1022.0,1320,9,69,12768.1
460.073,354.7,1022.0,1320,10,69,12776.8
460.193,64.4,1022.0,1320,10,69,12780.8
460.312,64.4,1022.0,1320,43,73,12770.8
460.432,64.4,1022.0,1320,100,74,12761.1
460.551,225.4,1022.0,1320,100,70,12765.0
460.67,354.9,1022.0,1320,40,70,12776.9
460.79,484.4,1022.0,1320,11,69,12793.6
460.91,64.6,1022.0,1320,56,71,12796.0
461.029,64.6,1022.0,1320,56,74,12453.7
461.148,64.6,1022.0,1320,100,71,12286.5
461.266,225.6,1022.0,1320,25,70,12376.2
461.387,355.1,1022.0,1320,25,69,12303.4
461.509,484.6,1022.0,1320,9,69,12146.7
461.632,484.6,1022.0,1320,9,69,12078.2
461.751,64.8,1022.0,1320,56,72,12048.4
461.868,64.8,1022.0,1320,56,74,12048.4
461.985,96.3,1022.0,1320,100,71,12045.5
462.104,225.8,1022.0,1320,20,70,12066.4
462.222,355.3,1022.0,1320,20,69,12094.2
462.343,484.8,1022.0,1320,7,69,12149.3
462.465,484.8,1022.0,1320,8,69,12193.6
462.586,65.0,1022.0,1320,66,72,12184.8
462.706,65.0,1022.0,1320,66,74,12179.6
462.824,226.0,1022.0,1320,100,71,12186.0
462.942,485.0,1022.0,1320,22,70,12195.7
463.059,65.2,1022.0,1320,22,73,12195.7
463.177,65.2,1022.0,1320,87,74,12195.7
463.295,355.8,1022.0,1320,89,71,12198.4
463.413,34.8,1022.0,1320,67,72,12200.5
463.531,34.8,1022.0,1320,67,74,12200.5
463.648,34.8,1022.0,1320,100,72,12230.7
463.767,34.8,1022.0,1320,26,70,12313.0
463.891,34.8,1022.0,1320,26,70,12379.9
464.016,34.8,1022.0,1320,2,69,12428.7
464.141,34.8,1022.0,1320,2,69,12483.1
464.265,34.8,1022.0,1320,0,69,12573.8
464.39,34.8,1022.0,1320,0,69,12632.5
464.514,34.8,1022.0,1320,2,69,12666.6
464.641,34.8,1022.0,1320,2,69,12751.2
464.767,34.8,1022.0,1320,0,69,12804.0
464.892,34.8,1022.0,1320,0,69,12838.0
465.019,34.8,1022.0,1320,2,69,12948.3
465.144,34.8,1022.0,1320,2,69,13007.8
465.27,34.8,1022.0,1320,0,69,13068.7
465.396,34.8,1022.0,1320,0,69,13124.1
465.523,34.8,1022.0,1320,2,69,13176.9
465.648,34.8,1022.0,1320,2,69,13211.0
465.773,34.8,1022.0,1320,0,69,13237.3
465.9,34.8,1022.0,1320,0,69,13256.9
466.028,34.8,1022.0,1320,2,69,13316.1
466.155,34.8,1022.0,1320,2,69,13380.0
466.284,34.8,1022.0,1320,0,69,13250.1
466.41,34.8,1022.0,1320,2,69,12970.9
466.539,34.8,1022.0,1320,2,68,12948.8
466.665,34.8,1022.0,1320,2,68,13049.6
466.795,34.8,1022.0,1320,0,68,13107.6
466.924,34.8,1022.0,1320,2,68,13167.7
467.05,34.8,1022.0,1320,2,68,13227.1
467.174,34.8,1022.0,1320,2,68,13267.5
467.3,34.8,1022.0,1320,0,68,13290.1
467.427,34.8,1022.0,1320,2,68,13402.3
467.552,34.8,1022.0,1320,2,68,13462.1
467.677,34.8,1022.0,1320,2,68,13519.7
467.802,34.8,1022.0,1320,0,68,13539.9
467.928,34.8,1022.0,1320,2,68,13448.0
468.054,34.8,1022.0,1320,2,68,13635.3
468.182,28.6,1022.0,1320,2,68,13041.0
468.3,217.4,1022.0,1320,5,68,13059.8
468.419,346.9,1022.0,1320,5,68,13081.7
468.536,476.4,1022.0,1320,12,68,13101.5
468.654,35.4,1022.0,1320,10,69,13119.9
468.771,59.9,1022.0,1320,78,71,13119.9
468.889,59.9,1022.0,1320,78,73,13119.9
469.007,91.4,1022.0,1320,99,70,13134.5
469.126,220.9,1022.0,1320,11,69,13154.9
469.244,350.4,1022.0,1320,11,69,13182.5
469.362,479.9,1022.0,1320,10,69,13206.0
469.48,60.1,1022.0,1320,42,72,13207.8
469.597,60.1,1022.0,1320,100,74,13207.8
469.719,221.1,1022.0,1320,100,70,13220.9
469.837,221.1,1022.0,1320,31,69,13245.8
469.954,350.6,1022.0,1320,9,69,13271.8
470.072,480.1,1022.0,1320,9,68,13290.6
470.19,60.3,1022.0,1320,11,70,13296.6
470.308,60.3,1022.0,1320,90,74,13296.6
470.426,60.3,1022.0,1320,90,71,13302.9
470.543,221.3,1022.0,1320,73,69,13325.2
470.662,350.8,1022.0,1320,9,69,13352.2
470.779,350.8,1022.0,1320,7,69,13376.1
470.897,480.3,1022.0,1320,7,69,13400.8
471.014,60.5,1022.0,1320,8,69,13415.5
471.132,60.5,1022.0,1320,75,74,13415.5
471.25,60.5,1022.0,1320,75,73,13415.6
471.367,221.5,1022.0,1320,87,69,13429.0
471.485,351.0,1022.0,1320,11,69,13450.4
471.602,480.5,1022.0,1320,11,68,13471.1
471.72,480.5,1022.0,1320,10,68,13494.3
471.838,60.8,1042.0,1340,6,70,13506.9
471.956,60.8,1042.0,1340,98,74,13506.9
472.074,60.8,1042.0,1340,98,71,13512.0
472.192,221.8,1042.0,1340,66,69,13458.3
472.31,221.8,1042.0,1340,7,69,13439.0
472.434,351.3,1042.0,1340,7,68,13466.9
472.552,480.8,1042.0,1340,10,69,13485.7
472.672,61.0,1042.0,1340,20,70,13493.8
472.79,61.0,1042.0,1340,100,74,13493.8
472.907,64.5,1042.0,1340,100,70,13500.3
473.025,222.0,1042.0,1340,52,69,13517.7
473.144,351.5,1042.0,1340,12,69,13534.0
473.262,481.0,1042.0,1340,12,68,13549.1
473.38,61.2,1042.0,1340,19,71,13549.7
473.497,61.2,1042.0,1340,100,73,13549.7
473.62,92.7,1042.0,1340,53,70,13566.2
473.738,351.7,1042.0,1340,53,69,13582.9
473.856,351.7,1042.0,1340,11,69,13605.4
473.974,481.2,1042.0,1340,8,68,13625.6
474.092,61.4,1042.0,1340,8,70,13632.4
474.211,61.4,1042.0,1340,65,75,13623.5
474.331,61.4,1042.0,1340,97,70,13622.4
474.452,222.4,1042.0,1340,97,69,13631.2
474.571,351.9,1042.0,1340,11,69,13641.9
474.69,61.6,1042.0,1340,13,70,13644.3
474.81,61.6,1042.0,1340,84,73,13634.8
474.929,61.6,1042.0,1340,84,72,13625.6
475.049,222.6,1042.0,1340,78,70,13640.1
475.169,481.6,1042.0,1340,16,69,13650.7
475.288,61.9,1042.0,1340,16,71,13649.4
475.407,61.9,1042.0,1340,48,75,13640.0
475.527,61.9,1042.0,1340,100,71,13636.1
475.648,222.9,1042.0,1340,25,69,13646.5
475.769,352.4,1042.0,1340,25,69,13656.9
475.889,481.9,1042.0,1340,10,68,13683.1
476.009,62.1,1042.0,1340,42,70,13675.3
476.13,62.1,1042.0,1340,100,73,13666.2
476.252,93.6,1042.0,1340,100,70,13669.2
476.373,352.6,1042.0,1340,31,69,13681.8
476.493,352.6,1042.0,1340,11,68,13692.8
476.613,482.1,1042.0,1340,11,68,13705.1
476.734,62.3,1042.0,1340,13,72,13698.3
476.854,62.3,1042.0,1340,100,73,13688.8
476.976,93.8,1042.0,1340,61,69,13691.2
477.096,223.3,1042.0,1340,61,69,13703.9
477.217,352.8,1042.0,1340,11,69,13717.8
477.337,482.3,1042.0,1340,9,69,13730.8
477.458,62.5,1042.0,1340,9,73,13725.4
477.578,62.5,1042.0,1340,68,73,13715.7
477.698,94.0,1042.0,1340,94,69,13718.5
477.822,223.5,1042.0,1340,11,69,13727.1
477.952,353.0,1042.0,1340,7,68,13716.0
478.187,482.5,1042.0,1340,3,68,13696.2
478.468,62.7,1042.0,1340,58,73,13687.1
478.631,62.7,1042.0,1340,58,73,13676.7
478.757,223.7,1042.0,1340,11,69,13667.9
478.97,353.2,1042.0,1340,7,68,13641.6
479.258,482.7,1042.0,1340,6,68,13612.7
479.549,482.7,1042.0,1340,7,69,13568.6
479.872,63.0,1042.0,1340,100,73,13557.4
480.002,94.5,1042.0,1340,67,69,13551.1
480.171,224.0,1042.0,1340,3,69,13524.5
480.474,353.5,1042.0,1340,2,69,13494.3
480.811,483.0,1042.0,1340,2,68,13465.7
481.128,63.2,1042.0,1340,69,73,13457.3
481.279,63.2,1042.0,1340,69,73,13447.2
481.404,224.2,1042.0,1340,4,69,13432.9
481.643,224.2,1042.0,1340,2,68,13402.9
481.963,353.7,1042.0,1340,2,68,13373.2
482.288,483.2,1042.0,1340,2,68,13344.0
482.617,63.4,1042.0,1340,65,75,13327.4
482.867,66.9,1042.0,1340,98,70,13320.6
483.004,353.9,1042.0,1340,11,69,13298.7
483.26,483.4,1042.0,1340,6,68,13273.0
483.554,483.4,1042.0,1340,3,68,13239.8
483.894,63.6,1042.0,1340,25,72,13230.0
484.028,63.6,1042.0,1340,100,73,13220.5
484.148,224.6,1042.0,1340,100,69,13117.7
484.268,224.6,1042.0,1340,40,69,12877.0
484.388,354.1,1042.0,1340,10,68,12846.3
484.508,483.6,1042.0,1340,7,68,12623.8
484.627,63.8,1042.0,1340,7,70,12556.2
484.744,63.8,1042.0,1340,48,74,12556.2
484.861,63.8,1042.0,1340,100,72,12556.5
484.979,224.8,1042.0,1340,100,69,12582.5
485.097,224.8,1042.0,1340,22,68,12613.6
485.216,354.3,1042.0,1340,7,68,12644.8
485.334,354.3,1042.0,1340,7,68,12677.4
485.451,483.8,1042.0,1340,7,68,12707.3
485.569,483.8,1042.0,1340,5,68,12739.3
485.687,64.1,1042.0,1340,24,69,12757.4
485.804,64.1,1042.0,1340,24,71,12757.4
485.922,64.1,1042.0,1340,100,72,12757.5
486.039,225.1,1042.0,1340,49,69,12786.6
486.156,225.1,1042.0,1340,49,69,12818.0
486.274,354.6,1042.0,1340,8,68,12873.8
486.393,354.6,1042.0,1340,9,68,12956.1
486.514,64.3,1042.0,1340,19,70,12996.1
486.634,64.3,1042.0,1340,19,74,12986.5
486.753,64.3,1042.0,1340,100,72,12977.0
486.873,225.3,1042.0,1340,52,69,13002.0
486.993,225.3,1042.0,1340,52,68,13023.4
487.114,354.8,1042.0,1340,6,68,13040.9
487.235,484.3,1042.0,1340,8,68,13056.2
487.356,64.5,1042.0,1340,20,70,13060.1
487.476,64.5,1042.0,1340,20,73,13050.7
487.596,64.5,1042.0,1340,100,72,13041.3
487.716,225.5,1042.0,1340,51,69,13057.1
487.837,225.5,1042.0,1340,51,69,13081.4
487.957,355.0,1042.0,1340,7,68,13089.7
488.077,484.5,1042.0,1340,10,68,13095.1
488.197,64.7,1042.0,1340,74,74,13085.5
488.316,64.7,1042.0,1340,74,73,13076.1
488.437,225.7,1042.0,1340,90,69,13079.6
488.556,355.2,1042.0,1340,12,68,13088.9
488.676,484.7,1042.0,1340,12,68,13096.6
488.796,64.9,1042.0,1340,11,70,13088.8
488.916,64.9,1042.0,1340,93,73,13079.3
489.036,225.9,1042.0,1340,73,70,13074.9
489.156,484.9,1042.0,1340,73,69,13074.9
489.276,65.1,1042.0,1340,34,73,13065.7
489.396,65.1,1042.0,1340,100,73,13056.2
489.516,226.2,1042.0,1340,53,69,13054.6
489.639,65.4,1042.0,1340,53,71,13045.2
489.758,65.4,1042.0,1340,91,75,13035.4
489.881,355.9,1042.0,1340,92,70,13026.0
490.002,65.6,1042.0,1340,92,71,13016.6
490.121,65.6,1042.0,1340,89,74,13007.0
490.242,485.6,1042.0,1340,88,70,12998.4
490.363,35.2,1042.0,1340,83,74,12988.9
490.484,35.2,1042.0,1340,83,73,12979.3
490.603,35.2,1042.0,1340,94,70,13010.0
490.737,35.2,1042.0,1340,2,69,13068.4
490.895,35.2,1042.0,1340,2,69,13090.6
491.045,35.2,1042.0,1340,0,68,12751.7
491.182,35.2,1042.0,1340,2,68,12427.0
491.322,35.2,1042.0,1340,2,68,12484.1
491.446,35.2,1042.0,1340,2,68,12573.2
491.572,35.2,1042.0,1340,0,68,12631.8
491.699,35.2,1042.0,1340,2,68,12668.3
491.826,35.2,1042.0,1340,2,68,12748.0
491.951,35.2,1042.0,1340,2,68,12794.3
492.078,35.2,1042.0,1340,0,69,12837.6
492.204,35.2,1042.0,1340,2,68,12937.5
492.331,35.2,1042.0,1340,2,68,12995.7
492.458,35.2,1042.0,1340,2,69,13056.0
492.583,35.2,1042.0,1340,0,68,13135.5
492.71,35.2,1042.0,1340,2,68,13199.5
492.836,35.2,1042.0,1340,2,68,13250.4
492.962,35.2,1042.0,1340,2,68,13294.5
493.089,35.2,1042.0,1340,0,68,13348.0
493.217,35.2,1042.0,1340,2,68,13370.4
493.347,35.2,1042.0,1340,2,68,13393.4
493.476,35.2,1042.0,1340,2,68,13413.8
493.605,35.2,1042.0,1340,0,68,13469.0
493.734,35.2,1042.0,1340,2,68,13500.7
493.861,35.2,1042.0,1340,2,68,13519.5
493.991,35.2,1042.0,1340,2,68,13553.7
494.118,35.2,1042.0,1340,0,68,13565.3
494.247,35.2,1042.0,1340,2,68,13631.3
494.375,35.2,1042.0,1340,2,68,13648.5
494.504,35.2,1042.0,1340,2,68,13676.2
494.634,35.2,1042.0,1340,0,68,13699.2
494.765,35.2,1042.0,1340,2,68,13715.7
494.91,35.2,1042.0,1340,0,68,13732.9
495.256,35.2,1042.0,1340,2,68,13734.1
495.538,35.2,1042.0,1340,0,68,13737.6
495.779,35.2,1042.0,1340,2,68,13733.6
495.967,35.2,1042.0,1340,2,68,13234.1
496.094,35.2,1042.0,1340,0,68,13069.5
496.219,35.2,1042.0,1340,2,68,13145.3
496.346,35.2,1042.0,1340,2,68,13317.6
496.466,28.7,1042.0,1340,2,68,12922.5
496.585,88.2,1042.0,1340,2,68,12956.3
496.702,217.7,1042.0,1340,2,68,12977.6
496.82,347.2,1042.0,1340,8,68,13012.4
496.938,347.2,1042.0,1340,7,68,13048.4
497.055,476.7,1042.0,1340,6,68,13090.2
497.173,476.7,1042.0,1340,6,68,13118.6
497.291,60.4,1042.0,1340,11,70,13126.5
497.409,60.4,1042.0,1340,100,73,13126.5
497.526,60.4,1042.0,1340,100,70,13136.0
497.645,221.5,1042.0,1340,62,69,13166.1
497.763,221.5,1042.0,1340,8,69,13201.5
497.881,351.0,1042.0,1340,8,69,13244.6
497.999,480.5,1042.0,1340,8,69,13275.0
498.116,480.5,1042.0,1340,6,69,13317.8
498.234,60.7,1042.0,1340,55,71,13325.9
498.358,60.7,1042.0,1340,55,72,13325.9
498.475,60.7,1042.0,1340,100,70,13334.1
498.593,221.7,1042.0,1340,39,69,13378.6
498.711,221.7,1042.0,1340,39,68,13411.9
498.829,351.2,1042.0,1340,11,68,13445.5
498.947,480.7,1042.0,1340,8,68,13474.2
499.065,480.7,1042.0,1340,8,68,13374.0
499.183,60.9,1042.0,1340,8,69,13323.2
499.3,60.9,1042.0,1340,87,71,13323.2
499.421,60.9,1042.0,1340,100,70,13326.9
499.538,221.9,1042.0,1340,100,68,13354.6
499.656,221.9,1042.0,1340,14,68,13382.8
499.774,351.4,1042.0,1340,8,68,13409.8
499.891,480.9,1042.0,1340,8,68,13440.7
500.009,480.9,1042.0,1340,8,68,13450.3
500.128,480.9,1042.0,1340,5,68,13473.8
500.245,61.1,1042.0,1340,57,69,13476.0
500.363,61.1,1042.0,1340,57,73,13476.0
500.481,92.6,1042.0,1340,100,69,13486.0
500.599,222.1,1042.0,1340,23,68,13330.5
500.717,351.6,1042.0,1340,23,68,13353.5
500.835,481.1,1042.0,1340,7,68,13377.8
500.953,481.1,1042.0,1340,8,68,13402.7
501.071,61.3,1042.0,1340,51,69,13408.7
501.188,61.3,1042.0,1340,51,73,13408.7
501.307,61.3,1042.0,1340,100,69,13418.3
501.426,222.3,1042.0,1340,23,68,13444.3
501.544,222.3,1042.0,1340,23,68,13422.5
501.663,351.8,1042.0,1340,7,68,13318.7
501.781,481.3,1042.0,1340,8,67,13349.8
501.9,534.1,1042.0,1340,19,69,13374.8
502.017,61.5,1042.0,1340,19,71,13374.8
502.134,61.5,1042.0,1340,100,72,13374.8
502.251,222.6,1042.0,1340,65,69,13391.2
502.37,222.6,1042.0,1340,65,68,13421.0
502.488,352.1,1042.0,1340,9,68,13454.6
502.606,481.6,1042.0,1340,9,68,13485.0
502.723,61.8,1042.0,1340,9,70,13284.8
502.841,61.8,1042.0,1340,42,74,13284.8
502.958,61.8,1042.0,1340,100,71,13286.6
503.076,222.8,1042.0,1340,33,68,13319.4
503.195,222.8,1042.0,1340,33,68,13366.7
503.313,352.3,1042.0,1340,8,68,13400.5
503.431,481.8,1042.0,1340,8,67,13428.4
503.55,481.8,1042.0,1340,8,67,13454.2
503.668,62.0,1042.0,1340,14,70,13455.3
503.786,62.0,1042.0,1340,100,72,13455.3
503.905,62.0,1042.0,1340,100,69,13463.1
504.023,223.0,1042.0,1340,66,68,13477.4
504.141,352.5,1042.0,1340,10,68,13446.4
504.261,482.0,1042.0,1340,10,68,13241.0
504.378,62.2,1042.0,1340,10,70,13251.8
504.495,62.2,1042.0,1340,50,73,13251.8
504.614,62.2,1042.0,1340,100,71,13253.1
504.732,223.2,1042.0,1340,100,68,13274.4
504.85,352.7,1042.0,1340,27,68,13290.2
504.968,482.2,1042.0,1340,12,67,13306.6
505.086,62.4,1042.0,1340,44,69,13311.9
505.205,62.4,1042.0,1340,44,74,13311.9
505.323,62.4,1042.0,1340,100,70,13317.1
505.441,223.4,1042.0,1340,36,68,13333.7
505.56,352.9,1042.0,1340,36,67,13349.9
505.678,482.4,1042.0,1340,10,67,13372.3
505.796,482.4,1042.0,1340,7,67,13401.2
505.914,62.6,1042.0,1340,7,68,13402.9
506.035,62.6,1042.0,1340,64,72,13402.9
506.153,62.6,1042.0,1340,100,69,13409.8
506.271,223.7,1042.0,1340,16,68,13428.8
506.39,223.7,1042.0,1340,16,68,13445.5
506.512,353.2,1042.0,1340,9,67,13460.1
506.631,482.7,1042.0,1340,9,67,13472.9
506.751,62.9,1042.0,1340,47,69,13472.4
506.873,62.9,1042.0,1340,47,74,13462.7
506.996,62.9,1042.0,1340,100,69,13459.3
507.116,223.9,1042.0,1340,27,68,13474.5
507.236,353.4,1042.0,1340,27,67,13487.5
507.356,482.9,1042.0,1340,9,67,13501.7
507.475,63.1,1042.0,1340,9,69,13512.2
507.595,63.1,1042.0,1340,85,71,13502.5
507.716,63.1,1042.0,1340,85,72,13492.9
507.836,224.1,1042.0,1340,83,69,13501.2
507.956,224.1,1042.0,1340,9,68,13512.6
508.076,353.6,1042.0,1340,9,68,13525.5
508.197,483.1,1042.0,1340,9,68,13540.7
508.317,63.3,1042.0,1340,19,70,13539.4
508.438,63.3,1042.0,1340,100,74,13529.6
508.56,63.3,1042.0,1340,100,69,13527.6
508.68,224.3,1042.0,1340,56,68,13541.8
508.8,353.8,1042.0,1340,10,68,13554.9
508.922,483.3,1042.0,1340,10,67,13574.7
509.042,63.5,1042.0,1340,11,69,13569.3
509.162,63.5,1042.0,1340,91,72,13559.6
509.282,95.0,1042.0,1340,74,69,13563.0
509.403,224.5,1042.0,1340,74,68,13581.5
509.523,354.0,1042.0,1340,10,68,13602.2
509.643,483.5,1042.0,1340,9,68,13621.5
509.774,63.7,1042.0,1340,46,70,13621.1
509.894,63.7,1042.0,1340,46,73,13611.7
510.015,63.7,1042.0,1340,100,69,13611.2
510.141,224.8,1042.0,1340,29,67,13611.7
510.378,224.8,1042.0,1340,5,67,13589.1
510.675,354.3,1042.0,1340,3,67,13559.7
511.006,483.8,1042.0,1340,5,67,13530.7
511.332,64.0,1042.0,1340,100,72,13516.2
511.57,64.0,1042.0,1340,100,69,13508.9
511.701,225.0,1042.0,1340,3,68,13479.8
512.012,354.5,1042.0,1340,5,68,13449.8
512.331,354.5,1042.0,1340,3,68,13435.3
512.605,484.0,1042.0,1340,5,68,13430.3
512.9,64.2,1042.0,1340,48,73,13407.0
513.205,95.7,1042.0,1340,20,68,13380.3
513.491,225.2,1042.0,1340,3,67,13350.7
513.799,354.7,1042.0,1340,2,67,13314.0
514.135,354.7,1042.0,1340,1,67,13269.1
514.48,484.2,1042.0,1340,3,67,13234.5
514.825,484.2,1042.0,1340,53,73,13206.0
515.162,64.4,1042.0,1340,100,70,13197.5
515.286,225.4,1042.0,1340,21,68,13172.7
515.559,225.4,1042.0,1340,3,67,13137.6
515.717,354.9,1042.0,1340,9,67,12900.6
515.836,484.4,1042.0,1340,12,67,12849.5
515.961,484.4,1042.0,1340,8,67,12883.8
516.081,64.6,1042.0,1340,8,69,12867.1
516.2,64.6,1042.0,1340,86,73,12857.9
516.323,68.1,1042.0,1340,82,69,12864.2
516.442,225.6,1042.0,1340,82,68,12911.8
516.562,484.6,1042.0,1340,11,68,12960.2
516.682,64.8,1042.0,1340,17,69,12982.8
516.802,64.8,1042.0,1340,97,73,12972.9
516.926,64.8,1042.0,1340,97,71,12970.8
517.046,225.8,1042.0,1340,68,68,12994.1
517.166,355.3,1042.0,1340,9,68,13010.0
517.287,355.3,1042.0,1340,9,68,13026.1
517.407,484.8,1042.0,1340,8,68,13035.2
517.527,65.1,1042.0,1340,30,69,13028.0
517.647,65.1,1042.0,1340,100,73,13018.4
517.766,96.6,1042.0,1340,100,69,13019.7
517.886,226.1,1042.0,1340,47,68,13042.3
518.006,355.6,1042.0,1340,8,68,13057.1
518.126,485.1,1042.0,1340,11,68,13062.5
518.253,65.3,1042.0,1340,11,70,13058.2
518.377,65.3,1042.0,1340,75,74,13048.1
518.501,96.8,1042.0,1340,90,70,13042.8
518.626,355.8,1042.0,1340,12,68,13039.2
518.8,485.3,1042.0,1340,8,68,13029.5
519.009,65.5,1042.0,1340,12,70,13023.7
519.16,65.5,1042.0,1340,100,73,13011.5
519.298,226.5,1042.0,1340,63,69,13006.8
519.433,356.0,1042.0,1340,10,68,12996.2
519.644,485.5,1042.0,1340,7,68,12960.2
519.917,65.7,1042.0,1340,4,72,12953.8
520.047,65.7,1042.0,1340,88,73,12944.0
520.168,97.2,1042.0,1340,77,69,12941.5
520.289,65.9,1042.0,1340,77,70,12935.9
520.42,65.9,1042.0,1340,54,74,12924.3
520.545,65.9,1042.0,1340,100,71,12914.7
520.669,485.9,1042.0,1340,56,69,12911.9
520.789,66.2,1042.0,1340,56,72,12903.4
520.91,66.2,1042.0,1340,91,73,12894.4
521.032,227.2,1042.0,1340,79,69,12891.8
521.152,486.2,1042.0,1340,26,71,12890.2
521.276,35.7,1042.0,1340,26,74,12880.8
521.397,35.7,1042.0,1340,100,72,12871.6
521.518,35.7,1042.0,1340,59,68,12907.2
521.724,35.7,1042.0,1340,1,68,12893.9
522.07,35.7,1042.0,1340,0,68,12892.0
522.273,35.7,1042.0,1340,2,68,12896.0
522.505,35.7,1042.0,1340,0,68,12896.0
522.719,35.7,1042.0,1340,2,68,12897.8
522.964,35.7,1042.0,1340,0,68,12889.9
523.108,35.7,1042.0,1340,2,68,12904.4
523.333,35.7,1042.0,1340,2,68,12501.8
523.459,35.7,1042.0,1340,2,68,12490.6
523.583,35.7,1042.0,1340,0,68,12547.6
523.708,35.7,1042.0,1340,2,68,12596.0
523.833,35.7,1042.0,1340,2,68,12682.1
523.957,35.7,1042.0,1340,2,68,12741.1
524.082,35.7,1042.0,1340,0,68,12775.7
524.21,35.7,1042.0,1340,2,68,12880.9
524.335,35.7,1042.0,1340,2,68,12939.1
524.461,35.7,1042.0,1340,2,68,12853.4
524.59,35.7,1042.0,1340,0,67,12783.6
524.718,35.7,1042.0,1340,2,67,12898.9
524.843,35.7,1042.0,1340,2,68,12958.5
524.968,35.7,1042.0,1340,2,67,13010.5
525.095,35.7,1042.0,1340,0,68,13057.2
525.219,35.7,1042.0,1340,2,67,13019.1
525.347,35.7,1042.0,1340,2,67,12950.1
525.472,35.7,1042.0,1340,2,67,13003.3
525.599,35.7,1042.0,1340,0,67,13050.9
525.724,35.7,1042.0,1340,2,67,13152.2
525.852,35.7,1042.0,1340,2,67,13213.8
525.979,35.7,1042.0,1340,2,67,13276.0
526.105,35.7,1042.0,1340,0,68,13334.7
526.237,35.7,1042.0,1340,2,68,13282.0
526.364,35.7,1042.0,1340,2,67,13318.5
526.493,35.7,1042.0,1340,0,67,13303.3
526.619,35.7,1042.0,1340,0,67,13350.2
526.744,35.7,1042.0,1340,2,67,13442.3
526.871,35.7,1042.0,1340,2,68,13502.3
526.997,35.7,1042.0,1340,0,67,13548.0
527.124,35.7,1042.0,1340,0,67,13470.7
527.251,35.7,1042.0,1340,2,67,13470.0
527.379,35.7,1042.0,1340,2,68,13656.7
527.507,28.7,1042.0,1340,0,67,12995.5
527.626,88.4,1042.0,1340,0,67,13022.8
527.744,217.9,1042.0,1340,7,67,13045.4
527.862,347.4,1042.0,1340,8,67,13069.5
527.98,476.9,1042.0,1340,8,67,13090.3
528.098,476.9,1042.0,1340,8,67,13114.6
528.215,60.8,1042.0,1340,22,68,13125.8
528.332,60.8,1042.0,1340,22,69,13125.8
528.45,60.8,1042.0,1340,100,70,13125.8
528.568,60.8,1042.0,1340,100,70,13132.1
528.687,221.9,1042.0,1340,22,68,13154.5
528.805,351.4,1042.0,1340,22,68,13178.9
528.923,351.4,1042.0,1340,11,68,13204.2
529.042,480.9,1042.0,1340,7,68,13226.8
529.159,61.1,1042.0,1340,7,69,13234.7
529.277,61.1,1042.0,1340,61,72,13234.7
529.395,61.1,1042.0,1340,100,74,13234.7
529.513,92.6,1042.0,1340,63,70,13246.1
529.631,222.1,1042.0,1340,63,69,13270.3
529.749,351.6,1042.0,1340,9,68,13295.5
529.866,351.6,1042.0,1340,8,68,13318.2
529.985,481.1,1042.0,1340,8,68,13333.2
530.103,61.3,1042.0,1340,16,70,13335.7
530.221,61.3,1042.0,1340,100,72,13335.7
530.339,61.3,1042.0,1340,100,74,13335.7
530.457,92.8,1042.0,1340,100,70,13349.3
530.575,222.3,1042.0,1340,17,69,13371.5
530.693,351.8,1042.0,1340,9,68,13397.7
530.812,481.3,1042.0,1340,9,68,13424.5
530.93,481.3,1042.0,1340,10,68,13442.8
531.048,61.5,1042.0,1340,58,71,13442.8
531.166,61.5,1042.0,1340,58,73,13442.8
531.283,61.5,1042.0,1340,100,73,13442.9
531.401,222.5,1042.0,1340,65,69,13454.1
531.519,352.0,1042.0,1340,9,69,13474.1
531.637,481.5,1042.0,1340,9,68,13494.6
531.754,481.5,1042.0,1340,9,68,13394.7
531.873,61.7,1042.0,1340,39,69,13343.9
531.99,61.7,1042.0,1340,39,72,13343.9
532.108,61.7,1042.0,1340,100,73,13343.9
532.225,68.7,1042.0,1340,82,70,13356.0
532.343,222.7,1042.0,1340,82,69,13377.3
532.46,222.7,1042.0,1340,8,68,13401.2
532.578,352.2,1042.0,1340,6,68,13423.7
532.696,481.7,1042.0,1340,9,68,13444.8
532.815,518.8,1042.0,1340,9,69,13460.5
532.933,61.9,1042.0,1340,39,71,13460.5
533.05,61.9,1042.0,1340,100,73,13460.5
533.168,61.9,1042.0,1340,100,72,13461.1
533.285,223.0,1042.0,1340,82,69,13477.1
533.403,352.5,1042.0,1340,11,69,13492.7
533.521,482.0,1042.0,1340,11,68,13466.7
533.639,62.2,1042.0,1340,12,69,13314.5
533.756,62.2,1042.0,1340,80,72,13314.5
533.874,62.2,1042.0,1340,100,73,13314.5
533.992,93.7,1042.0,1340,100,70,13326.4
534.11,352.7,1042.0,1340,42,69,13342.2
534.228,352.7,1042.0,1340,12,68,13362.0
534.346,482.2,1042.0,1340,12,68,13381.0
534.464,62.4,1042.0,1340,9,70,13393.3
534.581,62.4,1042.0,1340,68,71,13393.3
534.698,62.4,1042.0,1340,100,73,13393.3
534.816,62.4,1042.0,1340,100,70,13400.6
534.934,223.4,1042.0,1340,53,69,13417.6
535.051,352.9,1042.0,1340,8,68,13435.1
535.169,482.4,1042.0,1340,8,68,13451.2
535.286,482.4,1042.0,1340,10,68,13466.4
535.404,62.6,1042.0,1340,59,70,13466.4
535.522,62.6,1042.0,1340,59,72,13466.4
535.64,62.6,1042.0,1340,100,73,13466.4
535.758,223.6,1042.0,1340,63,69,13479.1
535.875,353.1,1042.0,1340,13,68,13444.1
535.996,482.6,1042.0,1340,13,68,13382.0
536.12,62.8,1042.0,1340,30,70,13175.2
536.238,62.8,1042.0,1340,100,72,13175.2
536.355,62.8,1042.0,1340,100,73,13175.2
536.473,223.8,1042.0,1340,95,69,13205.7
536.592,353.3,1042.0,1340,8,68,13231.0
536.71,353.3,1042.0,1340,9,68,13256.6
536.827,482.8,1042.0,1340,9,68,13298.9
536.945,63.0,1042.0,1340,9,69,13314.7
537.063,63.0,1042.0,1340,90,72,13314.7
537.181,63.0,1042.0,1340,90,73,13314.7
537.298,66.6,1042.0,1340,100,70,13327.1
537.417,224.1,1042.0,1340,28,69,13353.2
537.534,353.6,1042.0,1340,28,68,13377.4
537.651,353.6,1042.0,1340,7,68,13406.5
537.768,483.1,1042.0,1340,8,68,13433.4
537.886,535.0,1042.0,1340,12,68,13458.2
538.004,63.3,1042.0,1340,12,71,13458.2
538.121,63.3,1042.0,1340,100,72,13458.2
538.239,63.3,1042.0,1340,100,72,13459.4
538.356,224.3,1042.0,1340,100,69,13490.6
538.474,224.3,1042.0,1340,17,68,13517.0
538.592,353.8,1042.0,1340,7,68,13549.2
538.709,483.3,1042.0,1340,11,68,13554.7
538.842,63.5,1042.0,1340,11,69,13193.1
538.961,63.5,1042.0,1340,45,71,13183.7
539.079,63.5,1042.0,1340,100,72,13183.7
539.197,63.5,1042.0,1340,100,71,13191.4
539.314,224.5,1042.0,1340,73,69,13214.2
539.432,224.5,1042.0,1340,8,68,13247.1
539.55,354.0,1042.0,1340,7,68,13278.6
539.668,483.5,1042.0,1340,7,68,13307.8
539.786,483.5,1042.0,1340,8,68,13342.8
539.903,63.7,1042.0,1340,46,69,13351.1
540.021,63.7,1042.0,1340,46,72,13351.1
540.138,63.7,1042.0,1340,100,73,13351.1
540.256,95.2,1042.0,1340,71,69,13368.0
540.374,224.7,1042.0,1340,71,68,13404.1
540.492,354.2,1042.0,1340,10,68,13435.4
540.61,483.7,1042.0,1340,7,68,13457.7
540.728,483.7,1042.0,1340,9,68,13479.3
540.846,63.9,1042.0,1340,9,70,13479.3
540.963,63.9,1042.0,1340,98,72,13479.3
541.081,63.9,1042.0,1340,100,72,13479.3
541.199,224.9,1042.0,1340,100,69,13499.8
541.317,224.9,1042.0,1340,21,68,13521.2
541.435,354.4,1042.0,1340,8,68,13545.5
541.552,354.4,1042.0,1340,5,68,13558.2
541.704,483.9,1042.0,1340,5,68,13374.2
541.823,64.1,1042.0,1340,13,70,13079.6
541.942,64.1,1042.0,1340,100,71,13075.4
542.059,64.1,1042.0,1340,100,74,13075.4
542.177,95.7,1042.0,1340,100,69,13095.0
542.295,225.2,1042.0,1340,17,68,13123.0
542.412,225.2,1042.0,1340,7,68,13149.7
542.53,354.7,1042.0,1340,7,68,13173.2
542.648,484.2,1042.0,1340,7,68,13195.3
542.766,484.2,1042.0,1340,8,68,13218.9
542.883,64.4,1042.0,1340,8,70,13218.9
543.002,64.4,1042.0,1340,79,72,13218.9
543.119,64.4,1042.0,1340,100,72,13218.9
543.236,225.4,1042.0,1340,37,69,13243.3
543.354,225.4,1042.0,1340,37,68,13262.8
543.472,354.9,1042.0,1340,10,68,13286.0
543.589,484.4,1042.0,1340,7,68,13309.6
543.708,484.4,1042.0,1340,7,68,13338.8
543.826,64.6,1042.0,1340,6,69,13357.9
543.943,64.6,1042.0,1340,67,71,13357.9
544.061,64.6,1042.0,1340,100,72,13357.9
544.179,64.6,1042.0,1340,100,71,13366.5
544.297,225.6,1042.0,1340,47,68,13391.3
544.415,225.6,1042.0,1340,8,68,13414.3
544.533,355.1,1042.0,1340,8,68,13445.6
544.651,355.1,1042.0,1340,7,68,13471.8
544.769,484.6,1042.0,1340,6,67,13496.7
544.886,484.6,1042.0,1340,6,67,13519.2
545.004,64.8,1042.0,1340,18,71,13519.2
545.121,64.8,1042.0,1340,100,72,13519.2
545.239,64.8,1042.0,1340,100,72,13519.2
545.357,225.8,1042.0,1340,100,68,13540.3
545.475,225.8,1042.0,1340,10,68,13547.7
545.594,355.3,1042.0,1340,6,68,13512.4
545.713,355.3,1042.0,1340,6,68,13538.8
545.831,484.8,1042.0,1340,7,67,13569.8
545.95,65.0,1042.0,1340,8,69,13585.4
546.068,65.0,1042.0,1340,97,71,13575.5
546.186,65.0,1042.0,1340,97,72,13565.5
546.305,65.0,1042.0,1340,100,71,13564.2
546.424,226.0,1042.0,1340,27,68,13588.9
546.542,485.0,1042.0,1340,27,68,13615.3
546.661,65.2,1042.0,1340,20,69,13623.1
546.78,65.2,1042.0,1340,90,72,13613.1
546.899,65.2,1042.0,1340,90,73,13603.3
547.017,96.8,1042.0,1340,100,69,13619.9
547.136,226.3,1042.0,1340,30,68,13641.7
547.255,355.8,1042.0,1340,6,68,13664.2
547.374,355.8,1042.0,1340,6,68,13683.8
547.493,485.3,1042.0,1340,9,68,13694.5
547.613,65.5,1042.0,1340,35,70,13689.8
547.732,65.5,1042.0,1340,35,72,13679.7
547.852,65.5,1042.0,1340,100,74,13669.8
547.972,226.5,1042.0,1340,85,69,13677.1
548.092,226.5,1042.0,1340,8,68,13700.7
548.213,356.0,1042.0,1340,8,68,13713.2
548.332,485.5,1042.0,1340,8,68,13721.6
548.452,65.7,1042.0,1340,24,69,13719.3
548.571,65.7,1042.0,1340,24,71,13709.6
548.69,65.7,1042.0,1340,100,73,13699.8
548.81,226.7,1042.0,1340,100,70,13697.5
548.93,356.2,1042.0,1340,11,68,13705.8
549.05,485.7,1042.0,1340,11,68,13714.8
549.169,485.7,1042.0,1340,11,68,13722.1
549.289,65.9,1042.0,1340,50,70,13712.3
549.408,65.9,1042.0,1340,50,72,13702.7
549.528,65.9,1042.0,1340,100,72,13693.4
549.647,226.9,1042.0,1340,69,69,13701.0
549.767,356.4,1042.0,1340,12,68,13707.3
549.886,66.1,1042.0,1340,12,70,13708.4
550.005,66.1,1042.0,1340,45,71,13698.6
550.125,66.1,1042.0,1340,100,72,13688.9
550.244,66.1,1042.0,1340,100,70,13684.7
550.364,356.6,1042.0,1340,74,69,13688.0
550.484,66.3,1042.0,1340,23,69,13682.8
550.605,66.3,1042.0,1340,98,72,13673.0
550.725,66.3,1042.0,1340,98,73,13663.4
550.844,227.3,1042.0,1340,100,70,13658.9
550.965,66.6,1042.0,1340,42,71,13659.1
551.084,66.6,1042.0,1340,92,72,13649.5
551.204,66.6,1042.0,1340,92,72,13639.7
551.323,66.6,1042.0,1340,100,71,13631.9
551.443,357.1,1042.0,1340,40,69,13639.7
551.563,486.6,1042.0,1340,40,68,13648.7
551.683,36.1,1042.0,1340,26,70,13638.9
551.804,36.1,1042.0,1340,100,73,13629.3
551.924,36.1,1042.0,1340,98,73,13620.0
552.043,36.1,1042.0,1340,2,69,13648.8
552.272,36.1,1042.0,1340,0,68,13643.8
552.489,36.1,1042.0,1340,2,68,13657.7
552.672,36.1,1042.0,1340,2,68,13658.0
552.885,36.1,1042.0,1340,0,68,13657.7
553.026,36.1,1042.0,1340,0,68,13626.5
553.493,36.1,1042.0,1340,2,68,13626.9
553.729,36.1,1042.0,1340,0,68,13627.5
553.966,36.1,1042.0,1340,2,68,13626.9
554.19,36.1,1042.0,1340,0,68,13626.6
554.42,36.1,1042.0,1340,0,68,13620.6
554.56,36.1,1042.0,1340,0,68,13603.8
554.924,36.1,1042.0,1340,0,68,13250.2
555.055,36.1,1042.0,1340,2,68,13122.4
555.181,36.1,1042.0,1340,2,68,13148.0
555.328,36.1,1042.0,1340,0,68,13231.9
555.453,36.1,1042.0,1340,2,68,13289.4
555.578,36.1,1042.0,1340,2,68,13335.4
555.704,36.1,1042.0,1340,2,68,13386.9
555.831,36.1,1042.0,1340,0,68,13451.9
555.959,36.1,1042.0,1340,2,68,13499.5
556.086,36.1,1042.0,1340,2,68,13543.7
556.212,36.1,1042.0,1340,2,68,13606.0
556.337,36.1,1042.0,1340,0,68,13648.0
556.463,36.1,1042.0,1340,2,68,13601.3
556.59,36.1,1042.0,1340,2,68,13649.3
556.716,36.1,1042.0,1340,2,68,13686.8
556.841,36.1,1042.0,1340,0,68,13708.3
556.968,36.1,1042.0,1340,2,68,13710.5
557.097,36.1,1042.0,1340,2,68,13519.7
557.227,36.1,1042.0,1340,2,68,13519.7
557.355,36.1,1042.0,1340,0,68,13552.4
557.484,36.1,1042.0,1340,2,68,13552.4
557.611,36.1,1042.0,1340,2,68,13567.1
557.738,36.1,1042.0,1340,2,68,13699.3
557.865,28.5,1042.0,1340,0,68,13022.2
557.984,57.4,1042.0,1340,2,68,13048.4
558.101,218.4,1042.0,1340,2,68,13078.2
558.219,347.9,1042.0,1340,9,68,13107.7
558.337,347.9,1042.0,1340,7,68,13135.8
558.455,477.4,1042.0,1340,10,68,13162.8
558.574,535.5,1042.0,1340,10,69,13189.2
558.694,61.8,1042.0,1340,45,73,13189.2
558.812,61.8,1042.0,1340,100,73,13189.2
558.93,61.8,1042.0,1340,100,70,13194.0
559.049,222.8,1042.0,1340,70,68,13223.3
559.166,222.8,1042.0,1340,9,68,13248.0
559.284,352.3,1042.0,1340,9,68,13280.1
559.402,481.8,1042.0,1340,8,68,13311.2
559.52,62.0,1042.0,1340,9,68,13335.2
559.637,62.0,1042.0,1340,83,69,13335.2
559.755,62.0,1042.0,1340,83,74,13335.2
559.873,62.0,1042.0,1340,100,70,13343.0
559.991,223.0,1042.0,1340,36,68,13369.6
560.109,223.0,1042.0,1340,36,68,13398.0
560.227,352.5,1042.0,1340,8,67,13426.0
560.345,482.0,1042.0,1340,7,68,13450.0
560.463,482.0,1042.0,1340,16,67,13472.4
560.581,62.2,1042.0,1340,16,69,13472.4
560.699,62.2,1042.0,1340,100,73,13472.4
560.816,62.2,1042.0,1340,100,71,13472.9
560.934,223.2,1042.0,1340,100,69,13507.2
561.052,223.2,1042.0,1340,13,68,13540.0
561.17,352.7,1042.0,1340,8,68,13570.0
561.291,482.2,1042.0,1340,8,68,13606.7
561.411,62.4,1042.0,1340,8,70,13627.8
561.53,62.4,1042.0,1340,54,73,13618.3
561.65,62.4,1042.0,1340,100,72,13608.9
561.769,62.4,1042.0,1340,100,69,13602.9
561.889,223.4,1042.0,1340,63,68,13629.7
562.009,352.9,1042.0,1340,10,68,13667.9
562.129,482.4,1042.0,1340,10,68,13691.6
562.25,62.6,1042.0,1340,9,69,13705.8
562.371,62.6,1042.0,1340,67,74,13696.1
562.491,62.6,1042.0,1340,100,72,13686.3
562.613,94.2,1042.0,1340,100,69,13709.6
562.734,223.7,1042.0,1340,53,68,13754.8
562.854,353.2,1042.0,1340,9,68,13789.3
562.974,482.7,1042.0,1340,8,68,13795.7
563.245,482.7,1042.0,1340,3,69,13764.4
563.565,62.9,1042.0,1340,92,73,13753.2
563.693,62.9,1042.0,1340,100,70,13749.5
563.814,223.9,1042.0,1340,3,68,13732.4
564.129,353.4,1042.0,1340,8,68,13705.6
564.436,482.9,1042.0,1340,8,68,13692.0
564.651,63.1,1042.0,1340,43,70,13683.1
564.823,63.1,1042.0,1340,100,73,13673.2
564.945,63.1,1042.0,1340,100,70,13665.8
565.069,224.1,1042.0,1340,6,68,13642.5
565.374,353.6,1042.0,1340,1,68,13608.8
565.716,353.6,1042.0,1340,2,68,13574.0
566.053,483.1,1042.0,1340,3,68,13539.7
566.388,63.3,1042.0,1340,4,69,13525.8
566.585,63.3,1042.0,1340,98,73,13515.8
566.711,63.3,1042.0,1340,100,70,13510.0
566.834,224.3,1042.0,1340,17,68,13501.8
567.019,353.8,1042.0,1340,5,68,13481.2
567.261,483.3,1042.0,1340,24,69,13462.4
567.498,63.5,1042.0,1340,100,73,13452.5
567.623,63.5,1042.0,1340,100,72,13442.6
567.746,224.5,1042.0,1340,93,69,13444.0
567.876,483.5,1042.0,1340,16,68,13425.5
568.111,63.7,1042.0,1340,59,70,13414.3
568.3,63.7,1042.0,1340,59,75,13404.9
568.421,63.7,1042.0,1340,100,71,13395.3
568.542,224.8,1042.0,1340,61,68,13395.3
568.672,354.3,1042.0,1340,14,68,13384.0
568.856,483.8,1042.0,1340,2,68,13357.9
569.132,64.0,1042.0,1340,2,69,13347.6
569.254,64.0,1042.0,1340,97,74,13337.3
569.378,64.0,1042.0,1340,100,71,13328.5
569.497,225.0,1042.0,1340,100,69,13331.3
569.62,354.5,1042.0,1340,22,68,13328.0
569.765,484.0,1042.0,1340,11,68,13314.0
569.958,64.2,1042.0,1340,8,70,13304.8
570.081,64.2,1042.0,1340,95,74,13294.6
570.205,64.2,1042.0,1340,100,72,13284.9
570.325,225.2,1042.0,1340,100,69,13285.4
570.452,484.2,1042.0,1340,23,69,13284.0
570.588,64.4,1042.0,1340,12,70,13275.2
570.729,64.4,1042.0,1340,99,74,13264.3
570.858,64.4,1042.0,1340,100,72,13255.0
570.978,225.4,1042.0,1340,100,69,13253.8
571.102,484.4,1042.0,1340,22,68,13250.8
571.237,64.6,1042.0,1340,30,70,13243.1
571.363,64.6,1042.0,1340,100,74,13233.6
571.485,64.6,1042.0,1340,100,72,13144.8
571.606,225.6,1042.0,1340,90,69,13114.3
571.727,355.1,1042.0,1340,13,69,13098.4
571.846,484.6,1042.0,1340,13,68,12616.4
571.964,64.8,1042.0,1340,10,71,12606.2
572.082,64.8,1042.0,1340,57,73,12606.2
572.199,64.8,1042.0,1340,100,73,12606.2
572.317,64.8,1042.0,1340,100,70,12609.9
572.434,225.9,1042.0,1340,60,69,12620.5
572.552,355.4,1042.0,1340,8,68,12631.8
572.67,355.4,1042.0,1340,8,68,12645.7
572.788,484.9,1042.0,1340,7,68,12625.9
572.906,65.1,1042.0,1340,11,70,12629.3
573.023,65.1,1042.0,1340,11,72,12629.3
573.14,65.1,1042.0,1340,100,74,12629.3
573.258,72.1,1042.0,1340,100,70,12636.5
573.376,226.1,1042.0,1340,12,69,12651.4
573.493,355.6,1042.0,1340,12,68,12665.8
573.617,355.6,1042.0,1340,8,68,12677.5
573.735,485.1,1042.0,1340,10,68,12689.5
573.852,65.3,1042.0,1340,10,70,12692.5
573.97,65.3,1042.0,1340,63,74,12692.5
574.09,65.3,1042.0,1340,100,72,12692.5
574.207,96.8,1042.0,1340,51,69,12703.8
574.326,226.3,1042.0,1340,51,68,12717.4
574.444,355.8,1042.0,1340,10,68,12727.9
574.562,485.3,1042.0,1340,7,68,12745.8
574.68,485.3,1042.0,1340,7,68,12764.4
574.797,65.5,1042.0,1340,24,69,12764.4
574.915,65.5,1042.0,1340,100,73,12764.4
575.033,65.5,1042.0,1340,100,71,12765.6
575.151,226.5,1042.0,1340,90,69,12782.6
575.27,356.0,1042.0,1340,10,68,12797.0
575.388,356.0,1042.0,1340,10,68,12813.6
575.505,485.5,1042.0,1340,10,68,12832.9
575.623,65.7,1042.0,1340,7,70,12845.1
575.74,65.7,1042.0,1340,77,73,12845.1
575.859,65.7,1042.0,1340,77,72,12845.1
575.977,69.2,1042.0,1340,100,69,12853.1
576.095,226.7,1042.0,1340,35,68,12872.8
576.213,356.2,1042.0,1340,8,68,12866.2
576.332,356.2,1042.0,1340,8,68,12894.3
576.45,485.7,1042.0,1340,9,68,12919.6
576.568,485.7,1042.0,1340,6,68,12942.3
576.688,65.9,1042.0,1340,6,69,12932.7
576.806,65.9,1042.0,1340,89,74,12922.4
576.925,65.9,1042.0,1340,100,72,12912.6
577.043,226.9,1042.0,1340,100,69,12937.1
577.162,485.9,1042.0,1340,28,68,12949.8
577.28,66.2,1042.0,1340,19,69,12972.6
577.399,66.2,1042.0,1340,81,70,12962.3
577.517,66.2,1042.0,1340,81,74,12951.9
577.637,66.2,1042.0,1340,100,70,12953.2
577.757,227.2,1042.0,1340,33,68,12973.8
577.876,227.2,1042.0,1340,33,68,12990.8
577.996,356.7,1042.0,1340,7,68,13011.7
578.115,356.7,1042.0,1340,6,68,13025.7
578.234,486.2,1042.0,1340,8,68,13033.5
578.353,66.4,1042.0,1340,8,68,13029.0
578.473,66.4,1042.0,1340,68,73,13018.9
578.592,66.4,1042.0,1340,100,72,13008.8
578.712,97.9,1042.0,1340,100,69,13011.7
578.832,227.4,1042.0,1340,51,69,13030.1
578.951,356.9,1042.0,1340,7,68,13044.6
579.071,486.4,1042.0,1340,8,68,13051.2
579.19,486.4,1042.0,1340,8,68,13055.6
579.308,66.6,1042.0,1340,31,70,13044.8
579.428,66.6,1042.0,1340,100,74,13034.7
579.547,66.6,1042.0,1340,100,70,13026.2
579.666,227.6,1042.0,1340,85,69,13028.4
579.795,357.1,1042.0,1340,9,68,13028.1
579.931,486.6,1042.0,1340,9,68,13019.8
580.106,66.8,1042.0,1340,6,70,12922.4
580.229,66.8,1042.0,1340,87,71,12680.2
580.351,66.8,1042.0,1340,87,73,12275.5
580.471,73.8,1042.0,1340,100,70,12280.5
580.59,227.8,1042.0,1340,33,69,12294.0
580.708,357.3,1042.0,1340,33,68,12306.6
580.833,486.8,1042.0,1340,10,68,12318.0
580.951,67.0,1042.0,1340,33,70,12319.8
581.069,67.0,1042.0,1340,100,72,12319.8
581.191,67.0,1042.0,1340,100,73,12319.8
581.309,98.5,1042.0,1340,85,69,12328.4
581.428,357.5,1042.0,1340,13,69,12337.0
581.546,67.3,1042.0,1340,13,70,12340.8
581.664,67.3,1042.0,1340,62,74,12340.8
581.782,67.3,1042.0,1340,100,72,12340.8
581.9,357.8,1042.0,1340,100,69,12345.6
582.034,67.5,1042.0,1340,72,70,12349.6
582.151,67.5,1042.0,1340,72,74,12349.6
582.269,67.5,1042.0,1340,100,73,12349.6
582.386,228.5,1042.0,1340,100,69,12353.4
582.505,358.0,1042.0,1340,58,68,12360.7
582.624,37.0,1042.0,1340,20,69,12364.7
582.742,37.0,1042.0,1340,100,73,12364.7
582.859,37.0,1042.0,1340,100,73,12364.7
582.977,37.0,1042.0,1340,100,69,12394.3
583.098,37.0,1042.0,1340,9,69,12495.1
583.222,37.0,1042.0,1340,9,68,12544.0
583.348,37.0,1042.0,1340,0,68,12564.5
583.475,37.0,1042.0,1340,2,68,12656.9
583.6,37.0,1042.0,1340,2,68,12715.5
583.725,37.0,1042.0,1340,2,68,12757.0
583.851,37.0,1042.0,1340,0,68,12789.2
583.977,37.0,1042.0,1340,2,68,12854.7
584.103,37.0,1042.0,1340,2,68,12898.0
584.23,37.0,1042.0,1340,2,68,12927.0
584.358,37.0,1042.0,1340,0,68,12866.3
584.484,37.0,1042.0,1340,2,68,12924.4
584.609,37.0,1042.0,1340,2,68,12965.7
584.735,37.0,1042.0,1340,2,68,12999.6
584.861,37.0,1042.0,1340,0,68,13083.6
584.985,37.0,1042.0,1340,2,68,13134.5
585.11,37.0,1042.0,1340,2,68,13161.7
585.238,37.0,1042.0,1340,2,68,13222.7
585.366,37.0,1042.0,1340,0,68,13256.5
585.492,37.0,1042.0,1340,2,68,13278.8
585.622,37.0,1042.0,1340,2,68,13301.5
585.751,37.0,1042.0,1340,0,68,13329.2
585.877,37.0,1042.0,1340,0,68,13381.5
586.005,37.0,1042.0,1340,2,68,13420.6
586.131,37.0,1042.0,1340,2,68,13455.4
586.257,37.0,1042.0,1340,0,68,13481.0
586.383,37.0,1042.0,1340,0,68,13488.9
586.509,37.0,1042.0,1340,2,68,13572.1
586.636,37.0,1042.0,1340,2,68,13603.8
586.766,37.0,1042.0,1340,0,68,13610.4
586.992,37.0,1042.0,1340,2,68,13620.0
587.208,37.0,1042.0,1340,0,68,13630.2
587.45,37.0,1042.0,1340,2,68,13640.2
587.701,37.0,1042.0,1340,2,68,13577.5
588.189,37.0,1042.0,1340,0,68,13549.2
588.528,37.0,1042.0,1340,0,68,13495.6
588.96,37.0,1042.0,1340,2,68,13498.3
589.214,37.0,1042.0,1340,0,68,13499.6
589.488,37.0,1042.0,1340,2,68,13498.6
589.673,37.0,1042.0,1340,2,68,13444.9
590.153,37.0,1042.0,1340,0,68,13444.5
590.439,37.0,1042.0,1340,2,68,13432.7
590.735,37.0,1042.0,1340,0,68,13315.2
591.479,37.0,1042.0,1340,2,68,13344.8
591.662,37.0,1042.0,1340,2,68,13234.9
591.783,28.8,1042.0,1340,0,68,12457.6
591.901,28.7,1042.0,1340,0,68,12467.0
592.019,61.2,1042.0,1340,2,68,12483.6
592.137,218.7,1042.0,1340,7,68,12508.5
592.255,348.2,1042.0,1340,7,67,12531.8
592.374,348.2,1042.0,1340,7,67,12554.4
592.491,477.7,1042.0,1340,9,67,12577.8
592.609,477.7,1042.0,1340,12,67,12599.5
592.728,62.2,1042.0,1340,12,68,12599.5
592.845,62.2,1042.0,1340,100,71,12599.5
592.963,62.2,1042.0,1340,100,72,12599.5
593.08,93.7,1042.0,1340,100,69,12618.2
593.198,223.2,1042.0,1340,32,68,12638.5
593.316,352.7,1042.0,1340,7,68,12661.7
593.435,482.2,1042.0,1340,7,68,12681.8
593.552,506.8,1042.0,1340,9,69,12699.8
593.67,62.4,1042.0,1340,48,70,12699.8
593.787,62.4,1042.0,1340,100,74,12699.8
593.905,62.4,1042.0,1340,100,71,12700.9
594.023,223.5,1042.0,1340,72,69,12721.7
594.141,223.5,1042.0,1340,9,68,12745.1
594.258,353.0,1042.0,1340,9,68,12768.2
594.376,482.5,1042.0,1340,6,68,12787.9
594.494,482.5,1042.0,1340,10,68,12804.8
594.611,62.7,1042.0,1340,10,69,12804.8
594.729,62.7,1042.0,1340,79,74,12804.8
594.849,62.7,1042.0,1340,100,71,12804.8
594.966,223.7,1042.0,1340,42,68,12823.8
595.084,223.7,1042.0,1340,42,68,12845.9
595.202,353.2,1042.0,1340,9,68,12866.3
595.32,482.7,1042.0,1340,7,68,12889.6
595.438,482.7,1042.0,1340,7,67,12908.9
595.556,62.9,1042.0,1340,9,68,12912.2
595.674,62.9,1042.0,1340,93,73,12912.2
595.791,62.9,1042.0,1340,100,72,12912.2
595.911,223.9,1042.0,1340,100,69,12918.5
596.029,223.9,1042.0,1340,30,68,12937.8
596.148,353.4,1042.0,1340,10,68,12967.4
596.265,482.9,1042.0,1340,10,68,12987.9
596.384,482.9,1042.0,1340,7,67,13011.7
596.502,63.1,1042.0,1340,54,69,13011.7
596.62,63.1,1042.0,1340,54,71,13011.7
596.738,63.1,1042.0,1340,100,71,13011.7
596.856,94.6,1042.0,1340,80,68,13032.6
596.973,224.1,1042.0,1340,8,68,13054.8
597.091,353.6,1042.0,1340,8,68,13077.5
597.21,353.6,1042.0,1340,11,68,13098.8
597.328,483.1,1042.0,1340,7,68,13117.5
597.446,63.3,1042.0,1340,7,69,13123.4
597.565,63.3,1042.0,1340,56,72,12975.6
597.692,63.3,1042.0,1340,100,71,12975.6
597.81,70.3,1042.0,1340,78,69,12982.5
597.93,224.3,1042.0,1340,78,68,12995.2
598.048,353.8,1042.0,1340,10,68,13007.8
598.165,483.3,1042.0,1340,11,68,13018.6
598.284,483.3,1042.0,1340,11,69,13028.7
598.402,63.5,1042.0,1340,21,70,13028.7
598.519,63.5,1042.0,1340,100,73,13028.7
598.639,63.5,1042.0,1340,94,71,13030.8
598.759,224.6,1042.0,1340,94,68,13045.7
598.877,354.1,1042.0,1340,9,68,13059.6
598.996,354.1,1042.0,1340,9,68,13074.7
599.114,483.6,1042.0,1340,9,68,13092.8
599.232,483.6,1042.0,1340,8,67,13049.5
599.35,63.8,1042.0,1340,49,69,12923.1
599.478,63.8,1042.0,1340,100,70,12906.1
599.597,63.8,1042.0,1340,100,71,12906.1
599.716,63.8,1042.0,1340,96,69,12914.9
599.835,224.8,1042.0,1340,6,68,12928.8
599.952,354.3,1042.0,1340,6,68,12945.6
600.07,354.3,1042.0,1340,9,68,12960.9
600.188,483.8,1042.0,1340,10,67,12977.7
600.307,64.0,1042.0,1340,50,69,12982.9
600.427,64.0,1042.0,1340,50,74,12982.9
600.544,64.0,1042.0,1340,100,72,12982.9
600.663,95.5,1042.0,1340,70,68,12992.9
600.781,225.0,1042.0,1340,70,68,13007.2
600.898,354.5,1042.0,1340,11,67,13021.6
601.016,484.0,1042.0,1340,10,67,13037.4
601.133,64.2,1042.0,1340,10,69,13038.6
601.25,64.2,1042.0,1340,72,74,13038.6
601.367,64.2,1042.0,1340,100,72,13038.6
601.485,225.2,1042.0,1340,51,68,13050.8
601.605,225.2,1042.0,1340,51,68,13064.3
601.722,354.7,1042.0,1340,11,67,13078.9
601.84,484.2,1042.0,1340,9,67,13102.7
601.958,64.4,1042.0,1340,9,68,13108.7
602.075,64.4,1042.0,1340,58,73,13108.7
602.192,64.4,1042.0,1340,100,72,13070.8
602.311,95.9,1042.0,1340,100,69,13067.6
602.431,225.4,1042.0,1340,65,68,13077.2
602.55,354.9,1042.0,1340,10,67,13086.4
602.671,484.4,1042.0,1340,11,67,13095.8
602.789,64.6,1042.0,1340,11,68,13093.5
602.907,64.6,1042.0,1340,61,73,13083.1
603.029,64.6,1042.0,1340,100,72,13072.9
603.148,96.2,1042.0,1340,100,68,13073.1
603.267,225.7,1042.0,1340,62,68,13082.5
603.385,355.2,1042.0,1340,12,67,13093.0
603.504,484.7,1042.0,1340,9,67,13105.0
603.622,64.9,1042.0,1340,9,69,13099.1
603.74,64.9,1042.0,1340,78,73,13089.4
603.877,64.9,1042.0,1340,100,71,13079.3
603.995,225.9,1042.0,1340,64,68,13080.5
604.116,355.4,1042.0,1340,64,68,13089.3
604.234,355.4,1042.0,1340,11,67,13100.4
604.353,484.9,1042.0,1340,11,67,13109.7
604.472,65.1,1042.0,1340,11,69,13103.5
604.591,65.1,1042.0,1340,89,73,13094.5
604.709,65.1,1042.0,1340,100,71,13086.4
604.827,226.1,1042.0,1340,38,68,13096.7
604.946,355.6,1042.0,1340,38,68,13104.9
605.065,485.1,1042.0,1340,9,68,13120.8
605.183,65.3,1042.0,1340,51,70,13114.5
605.302,65.3,1042.0,1340,51,74,13104.1
605.422,65.3,1042.0,1340,100,72,13094.0
605.542,96.8,1042.0,1340,84,69,13095.8
605.661,226.3,1042.0,1340,84,68,13107.1
605.779,355.8,1042.0,1340,13,68,13120.2
605.898,485.3,1042.0,1340,9,68,13133.7
606.017,65.5,1042.0,1340,36,69,13130.8
606.136,65.5,1042.0,1340,36,72,13120.5
606.255,65.5,1042.0,1340,100,73,13110.2
606.375,97.0,1042.0,1340,84,69,13112.4
606.494,226.5,1042.0,1340,84,68,13124.4
606.613,356.0,1042.0,1340,6,68,13139.9
606.732,485.5,1042.0,1340,10,68,13067.7
606.852,65.7,1042.0,1340,16,70,12975.6
606.99,65.7,1042.0,1340,16,72,12653.3
607.109,65.7,1042.0,1340,100,73,12573.5
607.229,65.7,1042.0,1340,100,70,12578.4
607.346,226.8,1042.0,1340,19,68,12596.0
607.465,226.8,1042.0,1340,19,68,12613.4
607.582,356.3,1042.0,1340,6,68,12637.2
607.7,356.3,1042.0,1340,7,68,12653.5
607.818,485.8,1042.0,1340,7,67,12670.9
607.936,485.8,1042.0,1340,7,67,12690.5
608.054,66.0,1042.0,1340,26,69,12695.5
608.172,66.0,1042.0,1340,26,71,12695.5
608.29,66.0,1042.0,1340,100,73,12695.5
608.408,97.5,1042.0,1340,91,69,12736.0
608.527,227.0,1042.0,1340,7,68,12797.6
608.644,356.5,1042.0,1340,7,68,12820.7
608.784,356.5,1042.0,1340,8,68,12760.5
608.904,486.0,1042.0,1340,6,68,12741.7
609.022,486.0,1042.0,1340,4,68,12725.5
609.14,486.0,1042.0,1340,4,68,12746.4
609.258,66.2,1042.0,1340,5,69,12755.6
609.375,66.2,1042.0,1340,96,74,12755.6
609.493,66.2,1042.0,1340,96,72,12755.6
609.61,69.7,1042.0,1340,100,69,12754.0
609.728,227.2,1042.0,1340,19,68,12777.4
609.846,227.2,1042.0,1340,4,68,12779.1
609.965,227.2,1042.0,1340,4,67,12768.7
610.085,227.2,1042.0,1340,1,67,12756.1
610.205,227.2,1042.0,1340,2,67,12741.7
610.325,227.2,1042.0,1340,2,67,12727.2
610.446,227.2,1042.0,1340,2,67,12712.8
610.566,227.2,1042.0,1340,0,67,12699.5
610.686,227.2,1042.0,1340,2,67,12685.0
610.806,227.2,1042.0,1340,2,67,12673.9
610.926,227.2,1042.0,1340,2,67,12659.5
611.046,227.2,1042.0,1340,0,67,12646.1
611.166,356.7,1042.0,1340,0,67,12631.5
611.286,356.7,1042.0,1340,2,67,12618.3
611.406,356.7,1042.0,1340,2,67,12603.8
611.526,356.7,1042.0,1340,0,67,12589.0
611.646,356.7,1042.0,1340,0,67,12600.7
611.767,486.2,1042.0,1340,6,67,12618.7
611.887,486.2,1042.0,1340,7,67,12630.1
612.006,66.4,1042.0,1340,7,68,12632.1
612.126,66.4,1042.0,1340,54,74,12621.9
612.247,66.4,1042.0,1340,100,72,12613.9
612.366,66.4,1042.0,1340,66,68,12621.2
612.487,227.4,1042.0,1340,66,68,12636.8
612.604,227.4,1042.0,1340,5,68,12666.9
612.722,356.9,1042.0,1340,10,67,12689.7
612.84,486.4,1042.0,1340,10,67,12717.3
612.959,66.6,1042.0,1340,12,69,12667.0
613.077,66.6,1042.0,1340,97,73,12667.0
613.194,66.6,1042.0,1340,100,72,12667.0
613.314,98.1,1042.0,1340,100,69,12688.9
613.432,227.6,1042.0,1340,18,68,12704.0
613.55,227.6,1042.0,1340,3,68,12707.8
613.669,227.6,1042.0,1340,3,67,12715.6
613.787,357.1,1042.0,1340,5,67,12721.1
613.906,357.1,1042.0,1340,5,67,12726.8
614.024,357.1,1042.0,1340,5,67,12732.1
614.143,486.6,1042.0,1340,4,67,12733.2
614.263,486.6,1042.0,1340,6,67,12732.6
614.382,66.8,1042.0,1340,37,69,12727.0
614.501,66.8,1042.0,1340,37,73,12716.9
614.62,66.8,1042.0,1340,100,72,12706.9
614.74,73.8,1042.0,1340,80,69,12705.1
614.859,227.8,1042.0,1340,80,68,12710.5
614.978,227.8,1042.0,1340,5,68,12718.0
615.096,227.8,1042.0,1340,3,68,12724.0
615.215,357.3,1042.0,1340,6,68,12727.4
615.334,357.3,1042.0,1340,6,68,12729.6
615.454,486.8,1042.0,1340,7,68,12731.8
615.575,486.8,1042.0,1340,5,68,12734.3
615.695,67.1,1042.0,1340,5,70,12724.1
615.814,67.1,1042.0,1340,76,74,12713.7
615.938,67.1,1042.0,1340,100,71,12705.0
616.059,228.1,1042.0,1340,40,68,12705.5
616.178,228.1,1042.0,1340,40,68,12706.8
616.298,357.6,1042.0,1340,6,67,12707.9
616.418,357.6,1042.0,1340,7,67,12707.1
616.537,487.1,1042.0,1340,7,67,12478.3
616.655,487.1,1042.0,1340,4,67,12487.1
616.773,487.1,1042.0,1340,5,67,12497.0
616.89,67.3,1042.0,1340,42,68,12499.5
617.008,67.3,1042.0,1340,42,72,12499.5
617.125,67.3,1042.0,1340,100,72,12499.5
617.243,228.3,1042.0,1340,76,69,12505.1
617.361,228.3,1042.0,1340,76,68,12513.3
617.479,357.8,1042.0,1340,9,68,12525.1
617.597,357.8,1042.0,1340,6,68,12534.1
617.715,487.3,1042.0,1340,8,68,12543.2
617.832,487.3,1042.0,1340,8,68,12554.0
617.95,67.5,1042.0,1340,41,70,12554.0
618.068,67.5,1042.0,1340,100,73,12554.0
618.189,67.5,1042.0,1340,100,70,12554.5
618.306,99.0,1042.0,1340,78,68,12570.2
618.424,228.5,1042.0,1340,8,67,12542.1
618.543,358.0,1042.0,1340,8,67,12451.2
618.661,487.5,1042.0,1340,9,67,12462.8
618.778,67.7,1042.0,1340,32,69,12397.9
618.896,67.7,1042.0,1340,100,72,12397.9
619.014,67.7,1042.0,1340,100,72,12397.9
619.131,228.7,1042.0,1340,92,69,12393.8
619.25,358.2,1042.0,1340,16,68,12307.0
619.369,487.7,1042.0,1340,16,68,12222.3
619.487,67.9,1042.0,1340,27,70,12222.3
619.604,67.9,1042.0,1340,100,73,12222.3
619.721,67.9,1042.0,1340,94,70,12223.0
619.84,228.9,1042.0,1340,94,68,12184.3
619.957,358.4,1042.0,1340,14,68,12179.3
620.076,487.9,1042.0,1340,12,67,12125.9
620.195,37.5,1042.0,1340,12,69,12126.1
620.312,37.5,1042.0,1340,90,74,12126.1
620.43,37.5,1042.0,1340,100,71,12128.9
620.549,37.5,1042.0,1340,100,68,12235.8
620.674,37.5,1042.0,1340,26,68,12289.1
620.799,37.5,1042.0,1340,1,67,12341.4
620.926,37.5,1042.0,1340,2,67,12369.2
621.051,37.5,1042.0,1340,2,67,12470.5
621.177,37.5,1042.0,1340,1,67,12532.9
621.303,37.5,1042.0,1340,1,67,12575.7
621.429,37.5,1042.0,1340,2,67,12613.3
621.555,37.5,1042.0,1340,1,67,12711.0
621.681,37.5,1042.0,1340,1,67,12772.2
621.804,37.5,1042.0,1340,1,67,12826.3
621.93,37.5,1042.0,1340,2,67,12859.6
622.054,37.5,1042.0,1340,2,67,12949.4
622.18,37.5,1042.0,1340,2,67,12979.9
622.307,37.5,1042.0,1340,0,67,12911.9
622.432,37.5,1042.0,1340,2,67,12947.5
622.556,37.5,1042.0,1340,2,67,13037.2
622.681,37.5,1042.0,1340,2,67,13091.8
622.807,37.5,1042.0,1340,0,67,13154.0
622.933,37.5,1042.0,1340,2,67,13201.3
623.07,37.5,1042.0,1340,2,67,13279.0
623.195,37.5,1042.0,1340,2,67,13309.8
623.322,37.5,1042.0,1340,0,67,13335.8
623.449,37.5,1042.0,1340,2,67,13358.7
623.576,37.5,1042.0,1340,1,67,13374.7
623.704,37.5,1042.0,1340,1,67,13399.1
623.829,37.5,1042.0,1340,1,67,13471.7
623.955,37.5,1042.0,1340,2,67,13493.5
624.08,37.5,1042.0,1340,1,67,13515.2
624.207,37.5,1042.0,1340,1,67,13542.6
624.334,37.5,1042.0,1340,1,67,13564.2
624.462,37.5,1042.0,1340,2,67,13609.2
624.643,37.5,1042.0,1340,1,67,13612.3
624.791,37.5,1042.0,1340,1,67,13612.4
624.924,37.5,1042.0,1340,2,67,13611.9
625.057,37.5,1042.0,1340,2,68,13635.9
625.28,37.5,1042.0,1340,2,67,13609.8
625.603,37.5,1042.0,1340,2,68,13616.3
625.86,37.5,1042.0,1340,2,68,13626.9
626.123,37.5,1042.0,1340,0,68,13632.5
626.389,37.5,1042.0,1340,2,68,13631.3
626.535,37.5,1042.0,1340,0,68,13591.8
627.024,37.5,1042.0,1340,1,68,13587.1
627.323,37.5,1042.0,1340,2,67,13544.7
627.655,37.5,1042.0,1340,0,68,13451.6
628.466,37.5,1042.0,1340,2,68,13481.0
628.612,37.5,1042.0,1340,2,68,13263.4
628.732,28.9,1042.0,1340,0,68,12206.9
628.884,28.9,1042.0,1340,0,68,12222.7
629.001,220.1,1042.0,1340,3,68,12245.2
629.12,220.1,1042.0,1340,8,68,12265.6
629.237,349.6,1042.0,1340,8,68,12287.8
629.355,479.1,1042.0,1340,7,68,12307.7
629.472,479.1,1042.0,1340,9,68,12331.1
629.591,64.9,1042.0,1340,50,69,12338.9
629.707,64.9,1042.0,1340,50,71,12338.9
629.825,64.9,1042.0,1340,100,73,12338.9
629.943,64.9,1042.0,1340,100,73,12338.9
630.06,64.9,1042.0,1340,100,72,12338.9
630.178,64.9,1042.0,1340,100,71,12342.3
630.296,225.9,1042.0,1340,43,69,12363.6
630.413,225.9,1042.0,1340,43,68,12385.2
630.531,355.4,1042.0,1340,9,68,12406.4
630.649,484.9,1042.0,1340,10,68,12426.0
630.767,65.1,1042.0,1340,27,70,12439.9
630.885,65.1,1042.0,1340,27,70,12439.9
631.003,65.1,1042.0,1340,100,72,12439.9
631.121,65.1,1042.0,1340,100,73,12439.9
631.238,65.1,1042.0,1340,100,72,12439.9
631.357,65.1,1042.0,1340,100,71,12439.9
631.474,226.1,1042.0,1340,60,69,12459.1
631.592,226.1,1042.0,1340,60,68,12481.4
631.71,355.6,1042.0,1340,8,68,12503.8
631.828,485.1,1042.0,1340,6,68,12522.7
631.945,485.1,1042.0,1340,9,68,12541.9
632.064,65.3,1042.0,1340,9,69,12543.8
632.182,65.3,1042.0,1340,82,72,12543.8
632.3,65.3,1042.0,1340,100,73,12543.8
632.418,65.3,1042.0,1340,100,72,12543.8
632.535,65.3,1042.0,1340,100,72,12543.8
632.653,65.3,1042.0,1340,100,70,12550.4
632.771,226.3,1042.0,1340,13,69,12571.8
632.889,355.8,1042.0,1340,13,68,12594.8
633.007,355.8,1042.0,1340,8,68,12614.8
633.124,485.3,1042.0,1340,8,68,12636.5
633.242,485.3,1042.0,1340,8,68,12654.1
633.361,65.6,1042.0,1340,18,70,12654.8
633.478,65.6,1042.0,1340,100,72,12654.8
633.596,65.6,1042.0,1340,100,73,12654.8
633.713,65.6,1042.0,1340,100,73,12654.8
633.831,65.6,1042.0,1340,100,71,12654.8
633.948,97.1,1042.0,1340,79,70,12658.1
634.066,226.6,1042.0,1340,79,69,12673.9
634.184,356.1,1042.0,1340,11,68,12692.5
634.302,485.6,1042.0,1340,7,68,12711.1
634.42,485.6,1042.0,1340,7,68,12731.6
634.539,65.8,1042.0,1340,8,69,12739.4
634.657,65.8,1042.0,1340,84,71,12739.4
634.775,65.8,1042.0,1340,100,73,12739.4
634.893,65.8,1042.0,1340,100,73,12739.4
635.011,65.8,1042.0,1340,100,72,12739.4
635.129,65.8,1042.0,1340,97,70,12743.8
635.247,226.8,1042.0,1340,97,69,12765.7
635.365,226.8,1042.0,1340,6,68,12773.7
635.486,356.3,1042.0,1340,13,68,12795.4
635.604,485.8,1042.0,1340,13,68,12818.8
635.722,485.8,1042.0,1340,18,68,12841.1
635.84,66.0,1042.0,1340,33,69,12842.0
635.958,66.0,1042.0,1340,100,71,12842.0
636.075,66.0,1042.0,1340,100,73,12842.0
636.192,66.0,1042.0,1340,100,73,12842.0
636.309,66.0,1042.0,1340,100,72,12842.0
636.427,97.5,1042.0,1340,100,70,12851.5
636.544,227.0,1042.0,1340,62,69,12867.7
636.662,356.5,1042.0,1340,10,68,12887.5
636.78,486.0,1042.0,1340,11,68,12901.4
636.898,66.2,1042.0,1340,11,69,12905.2
637.015,66.2,1042.0,1340,86,72,12905.2
637.133,66.2,1042.0,1340,100,73,12905.2
637.251,66.2,1042.0,1340,100,73,12905.2
637.369,66.2,1042.0,1340,100,72,12905.2
637.487,66.2,1042.0,1340,93,70,12913.2
637.605,227.2,1042.0,1340,93,69,12932.7
637.722,356.7,1042.0,1340,12,68,12952.8
637.841,486.2,1042.0,1340,8,68,12973.4
637.959,66.4,1042.0,1340,15,68,12988.7
638.076,66.4,1042.0,1340,15,71,12988.8
638.194,66.4,1042.0,1340,100,72,12988.8
638.314,66.4,1042.0,1340,100,73,12988.8
638.432,66.4,1042.0,1340,100,72,12988.8
638.55,66.4,1042.0,1340,100,72,12988.8
638.668,97.9,1042.0,1340,76,69,13004.4
638.787,227.4,1042.0,1340,8,68,13019.5
638.904,356.9,1042.0,1340,8,68,13034.7
639.023,486.4,1042.0,1340,10,68,13050.9
639.14,66.7,1042.0,1340,23,70,13060.8
639.257,66.7,1042.0,1340,23,70,13060.8
639.375,66.7,1042.0,1340,100,72,13060.8
639.493,66.7,1042.0,1340,100,73,13060.8
639.611,66.7,1042.0,1340,100,72,13060.8
639.728,66.7,1042.0,1340,100,71,13060.9
639.846,227.7,1042.0,1340,64,69,13075.8
639.964,357.2,1042.0,1340,11,68,13089.5
640.082,486.7,1042.0,1340,11,68,13105.1
640.2,66.9,1042.0,1340,11,70,13114.5
640.318,66.9,1042.0,1340,78,70,13105.7
640.437,66.9,1042.0,1340,78,72,13061.2
640.556,66.9,1042.0,1340,100,73,13052.4
640.676,66.9,1042.0,1340,100,72,13043.0
640.795,66.9,1042.0,1340,100,71,13033.0
640.915,227.9,1042.0,1340,100,69,13043.5
641.034,357.4,1042.0,1340,17,68,13049.3
641.153,357.4,1042.0,1340,8,68,13054.4
641.271,486.9,1042.0,1340,8,68,13066.4
641.391,565.6,1042.0,1340,7,70,13075.0
641.509,67.1,1042.0,1340,62,71,13065.5
641.628,67.1,1042.0,1340,100,72,13055.6
641.747,67.1,1042.0,1340,100,73,13045.7
641.866,67.1,1042.0,1340,100,72,13035.8
641.985,67.1,1042.0,1340,100,72,13026.0
642.105,98.6,1042.0,1340,100,69,13024.4
642.224,228.1,1042.0,1340,42,69,13029.9
642.342,228.1,1042.0,1340,5,69,13033.6
642.46,357.6,1042.0,1340,5,68,13038.5
642.578,357.6,1042.0,1340,7,68,13045.2
642.696,487.1,1042.0,1340,7,68,13048.3
642.815,487.1,1042.0,1340,5,68,13054.6
642.933,67.3,1042.0,1340,5,69,13045.7
643.052,67.3,1042.0,1340,88,72,13036.0
643.17,67.3,1042.0,1340,100,73,13025.9
643.289,67.3,1042.0,1340,100,73,13015.8
643.41,67.3,1042.0,1340,100,72,13005.8
643.529,70.8,1042.0,1340,95,70,13003.8
643.648,228.3,1042.0,1340,6,69,13008.2
643.767,228.3,1042.0,1340,6,69,13015.1
643.886,357.8,1042.0,1340,7,68,13021.3
644.005,487.3,1042.0,1340,6,68,13027.5
644.124,487.3,1042.0,1340,6,68,13034.8
644.243,67.5,1042.0,1340,7,70,13033.5
644.362,67.5,1042.0,1340,71,70,13023.3
644.481,67.5,1042.0,1340,100,73,13013.1
644.6,67.5,1042.0,1340,100,73,13003.0
644.72,67.5,1042.0,1340,100,72,12993.0
644.839,67.5,1042.0,1340,100,71,12984.4
644.958,228.5,1042.0,1340,100,69,12989.2
645.077,228.5,1042.0,1340,13,69,12993.0
645.196,358.0,1042.0,1340,7,69,12998.6
645.315,358.0,1042.0,1340,7,69,13003.6
645.434,487.5,1042.0,1340,7,68,13008.5
645.554,487.5,1042.0,1340,6,68,13014.4
645.672,67.8,1042.0,1340,44,70,13008.0
645.791,67.8,1042.0,1340,44,72,12997.7
645.911,67.8,1042.0,1340,100,73,12987.5
646.03,67.8,1042.0,1340,100,73,12977.3
646.149,67.8,1042.0,1340,100,72,12967.2
646.268,67.8,1042.0,1340,100,70,12961.5
646.387,228.8,1042.0,1340,47,69,12968.2
646.506,358.3,1042.0,1340,9,69,12971.7
646.625,358.3,1042.0,1340,9,69,12977.1
646.745,487.8,1042.0,1340,7,69,12989.5
646.864,68.0,1042.0,1340,11,70,12995.9
646.983,68.0,1042.0,1340,100,71,12995.0
647.102,68.0,1042.0,1340,100,73,12859.3
647.223,68.0,1042.0,1340,100,73,12650.6
647.341,68.0,1042.0,1340,100,73,12650.6
647.459,68.0,1042.0,1340,100,72,12650.6
647.577,99.5,1042.0,1340,94,70,12680.3
647.695,229.0,1042.0,1340,10,69,12721.4
647.812,229.0,1042.0,1340,10,69,12771.3
647.93,358.5,1042.0,1340,8,69,12804.3
648.048,488.0,1042.0,1340,6,69,12865.3
648.165,488.0,1042.0,1340,9,68,12757.4
648.283,68.2,1042.0,1340,9,70,12623.1
648.401,68.2,1042.0,1340,85,72,12623.1
648.519,68.2,1042.0,1340,100,73,12623.1
648.637,68.2,1042.0,1340,100,73,12623.1
648.754,68.2,1042.0,1340,100,72,12623.1
648.871,68.2,1042.0,1340,93,71,12596.6
648.99,229.2,1042.0,1340,6,69,12550.1
649.108,229.2,1042.0,1340,6,69,12567.9
649.226,358.7,1042.0,1340,8,69,12526.9
649.344,488.2,1042.0,1340,8,69,12517.4
649.462,488.2,1042.0,1340,8,69,12542.1
649.58,68.4,1042.0,1340,6,70,12540.9
649.698,68.4,1042.0,1340,88,71,12540.9
649.816,68.4,1042.0,1340,88,73,12540.9
649.933,68.4,1042.0,1340,100,73,12540.9
650.051,68.4,1042.0,1340,100,72,12540.9
650.168,68.4,1042.0,1340,98,71,12543.4
650.286,229.4,1042.0,1340,98,69,12556.7
650.411,229.4,1042.0,1340,7,69,12580.8
650.53,358.9,1042.0,1340,7,69,12614.7
650.649,488.4,1042.0,1340,7,69,12643.9
650.769,488.4,1042.0,1340,7,69,12657.6
650.888,488.4,1042.0,1340,4,69,12652.3
651.009,488.4,1042.0,1340,1,68,12645.8
651.129,488.4,1042.0,1340,1,68,12640.2
651.249,488.4,1042.0,1340,3,68,12636.4
651.368,68.6,1042.0,1340,28,70,12626.8
651.487,68.6,1042.0,1340,28,72,12616.9
651.606,68.6,1042.0,1340,100,73,12607.0
651.725,68.6,1042.0,1340,100,73,12597.1
651.843,68.6,1042.0,1340,100,72,12587.2
651.962,100.1,1042.0,1340,100,70,12584.7
652.082,359.1,1042.0,1340,58,69,12595.1
652.201,359.1,1042.0,1340,11,69,12596.2
652.321,488.6,1042.0,1340,11,69,12589.7
652.441,488.6,1042.0,1340,4,69,12597.3
652.56,488.6,1042.0,1340,5,69,12597.8
652.679,488.6,1042.0,1340,3,69,12593.4
652.799,68.8,1042.0,1340,3,71,12583.6
652.918,68.8,1042.0,1340,93,73,12573.5
653.037,68.8,1042.0,1340,100,73,12532.3
653.157,68.8,1042.0,1340,100,73,12300.6
653.283,68.8,1042.0,1340,100,73,12300.6
653.401,100.4,1042.0,1340,89,70,12313.2
653.52,229.9,1042.0,1340,6,69,12331.5
653.637,229.9,1042.0,1340,6,69,12350.9
653.756,359.4,1042.0,1340,5,69,12369.6
653.874,359.4,1042.0,1340,5,69,12364.5
653.992,359.4,1042.0,1340,5,69,12380.5
654.11,488.9,1042.0,1340,4,69,12399.5
654.228,488.9,1042.0,1340,6,68,12416.2
654.345,488.9,1042.0,1340,5,69,12434.9
654.463,69.1,1042.0,1340,5,70,12439.6
654.581,69.1,1042.0,1340,84,72,12439.6
654.699,69.1,1042.0,1340,100,73,12439.6
654.817,69.1,1042.0,1340,100,73,12439.6
654.935,69.1,1042.0,1340,100,72,12439.6
655.053,69.1,1042.0,1340,98,70,12447.2
655.171,100.6,1042.0,1340,98,69,12462.9
655.289,230.1,1042.0,1340,5,69,12458.5
655.407,230.1,1042.0,1340,6,69,12476.2
655.524,489.1,1042.0,1340,12,69,12491.8
655.642,489.1,1042.0,1340,12,68,12481.3
655.76,69.3,1042.0,1340,13,70,12465.5
655.878,69.3,1042.0,1340,100,71,12465.5
655.996,69.3,1042.0,1340,100,73,12465.5
656.114,69.3,1042.0,1340,100,73,12465.5
656.231,69.3,1042.0,1340,100,72,12463.3
656.349,69.3,1042.0,1340,74,70,12471.3
656.467,100.8,1042.0,1340,74,69,12468.0
656.585,230.3,1042.0,1340,4,69,12483.3
656.703,230.3,1042.0,1340,5,69,12497.5
656.82,359.8,1042.0,1340,5,68,12513.3
656.938,359.8,1042.0,1340,6,68,12527.8
657.056,489.3,1042.0,1340,5,68,12540.6
657.173,489.3,1042.0,1340,5,68,12550.8
657.291,489.3,1042.0,1340,6,68,12560.7
657.409,69.5,1042.0,1340,16,70,12564.4
657.526,69.5,1042.0,1340,100,70,12564.4
657.643,69.5,1042.0,1340,100,72,12564.4
657.76,69.5,1042.0,1340,100,73,12564.4
657.877,69.5,1042.0,1340,100,72,12564.4
657.995,69.5,1042.0,1340,100,71,12565.4
658.112,101.0,1042.0,1340,73,69,12576.7
658.23,230.5,1042.0,1340,5,69,12590.1
658.347,230.5,1042.0,1340,5,68,12607.7
658.465,230.5,1042.0,1340,5,68,12623.2
658.582,360.0,1042.0,1340,3,68,12635.5
658.7,360.0,1042.0,1340,6,68,12646.0
658.818,489.5,1042.0,1340,6,68,12655.6
658.935,489.5,1042.0,1340,6,68,12664.1
659.053,69.7,1042.0,1340,10,68,12670.5
659.17,69.7,1042.0,1340,10,71,12670.5
659.287,69.7,1042.0,1340,100,72,12670.5
659.405,69.7,1042.0,1340,100,73,12670.5
659.523,69.7,1042.0,1340,100,72,12670.5
659.64,69.7,1042.0,1340,100,72,12670.5
659.758,101.2,1042.0,1340,84,69,12675.9
659.876,230.7,1042.0,1340,7,69,12684.5
659.994,230.7,1042.0,1340,7,68,12693.0
660.111,360.2,1042.0,1340,5,68,12701.6
660.229,360.2,1042.0,1340,7,68,12711.4
660.346,489.7,1042.0,1340,7,68,12720.9
660.464,489.7,1042.0,1340,6,68,12730.5
660.582,489.7,1042.0,1340,4,68,12739.9
660.699,69.9,1042.0,1340,4,69,12740.3
660.817,69.9,1042.0,1340,74,72,12740.3
660.935,69.9,1042.0,1340,100,72,12740.3
661.053,69.9,1042.0,1340,100,73,12740.3
661.17,69.9,1042.0,1340,100,72,12740.3
661.288,73.5,1042.0,1340,100,70,12744.3
661.406,231.0,1042.0,1340,20,69,12754.4
661.523,360.5,1042.0,1340,20,68,12763.3
661.641,360.5,1042.0,1340,6,68,12772.7
661.759,490.0,1042.0,1340,7,68,12782.8
661.877,490.0,1042.0,1340,7,68,12792.5
661.994,70.2,1042.0,1340,7,69,12796.7
662.111,70.2,1042.0,1340,69,71,12796.7
662.229,70.2,1042.0,1340,100,72,12796.7
662.347,70.2,1042.0,1340,100,72,12796.7
662.464,70.2,1042.0,1340,100,72,12796.7
662.582,70.2,1042.0,1340,100,71,12796.7
662.699,231.2,1042.0,1340,100,69,12804.9
662.817,231.2,1042.0,1340,27,68,12664.5
662.935,360.7,1042.0,1340,11,68,12674.5
663.052,490.2,1042.0,1340,10,68,12685.0
663.171,70.4,1042.0,1340,10,69,12686.0
663.288,70.4,1042.0,1340,93,72,12686.0
663.406,70.4,1042.0,1340,100,73,12686.0
663.523,70.4,1042.0,1340,100,72,12686.0
663.642,70.4,1042.0,1340,100,72,12686.0
663.76,231.4,1042.0,1340,91,70,12689.4
663.878,360.9,1042.0,1340,91,69,12699.6
663.996,490.4,1042.0,1340,17,68,12708.9
664.113,70.6,1042.0,1340,34,70,12710.4
664.231,70.6,1042.0,1340,100,72,12710.4
664.348,70.6,1042.0,1340,100,73,12710.4
664.466,70.6,1042.0,1340,100,72,12710.4
664.583,70.6,1042.0,1340,100,72,12710.4
664.701,74.1,1042.0,1340,100,70,12713.3
664.819,231.6,1042.0,1340,62,69,12721.4
664.937,361.1,1042.0,1340,12,69,12730.7
665.055,490.6,1042.0,1340,12,68,12740.3
665.172,40.2,1042.0,1340,11,70,12742.5
665.29,40.2,1042.0,1340,63,70,12742.5
665.407,40.2,1042.0,1340,100,73,12742.5
665.524,40.2,1042.0,1340,100,73,12742.5
665.642,40.2,1042.0,1340,100,72,12742.5
665.759,40.2,1042.0,1340,100,71,12742.5
665.877,40.2,1042.0,1340,100,69,12866.2
666.001,40.2,1042.0,1340,26,69,12927.6
666.126,40.2,1042.0,1340,1,68,12839.4
666.256,40.2,1042.0,1340,1,68,12737.2
666.382,40.2,1042.0,1340,1,68,12765.5
666.509,40.2,1042.0,1340,2,68,12871.6
666.634,40.2,1042.0,1340,1,68,12907.1
666.76,40.2,1042.0,1340,1,68,12963.9
666.884,40.2,1042.0,1340,1,68,12995.0
667.009,40.2,1042.0,1340,2,68,13059.6
667.136,40.2,1042.0,1340,1,68,13104.3
667.269,40.2,1042.0,1340,1,68,13127.1
667.398,40.2,1042.0,1340,2,68,13148.1
667.528,40.2,1042.0,1340,2,68,13172.6
667.656,40.2,1042.0,1340,1,68,13175.8
667.783,40.2,1042.0,1340,1,68,13261.8
667.91,40.2,1042.0,1340,2,68,13279.7
668.038,40.2,1042.0,1340,2,68,13313.9
668.166,40.2,1042.0,1340,1,68,13331.5
668.294,40.2,1042.0,1340,1,68,13349.2
668.422,40.2,1042.0,1340,2,68,13370.5
668.551,40.2,1042.0,1340,2,68,13383.5
668.679,40.2,1042.0,1340,2,68,13461.9
668.809,40.2,1042.0,1340,0,67,13487.2
668.945,40.2,1042.0,1340,2,67,13507.0
669.155,40.2,1042.0,1340,2,67,13510.7
669.342,40.2,1042.0,1340,2,67,13516.9
669.582,40.2,1042.0,1340,2,67,13527.6
669.839,40.2,1042.0,1340,2,67,13576.5
670.135,40.2,1042.0,1340,0,67,13586.3
670.402,40.2,1042.0,1340,1,67,13510.8
670.823,40.2,1042.0,1340,1,67,13511.6
670.995,40.2,1042.0,1340,2,67,13514.9
671.238,40.2,1042.0,1340,2,67,13466.9
671.625,40.2,1042.0,1340,2,67,13408.2
672.224,40.2,1042.0,1340,0,67,13407.9
672.417,40.2,1042.0,1340,2,67,13363.3
672.871,40.2,1042.0,1340,2,67,13367.8
673.057,40.2,1042.0,1340,2,67,13369.6
673.244,40.2,1042.0,1340,0,67,13231.3
673.383,40.2,1042.0,1340,0,67,13046.3
673.511,40.2,1042.0,1340,2,67,12943.9
673.641,40.2,1042.0,1340,2,67,12913.3
673.777,40.2,1042.0,1340,0,67,12924.8
673.902,40.2,1042.0,1340,0,67,13051.9
674.028,40.2,1042.0,1340,2,67,13086.2
674.154,40.2,1042.0,1340,2,67,13140.5
674.279,40.2,1042.0,1340,0,67,13167.7
674.406,40.2,1042.0,1340,0,67,13225.5
674.531,40.2,1042.0,1340,2,67,13272.1
674.657,40.2,1042.0,1340,2,67,13292.9
674.78,40.2,1042.0,1340,0,67,13557.0
674.909,40.2,1042.0,1340,0,67,13238.8
675.03,28.7,1042.0,1340,2,67,11924.1
675.147,60.6,1042.0,1340,2,67,11960.7
675.266,221.6,1042.0,1340,6,67,11991.1
675.383,221.6,1042.0,1340,6,67,12025.0
675.501,351.1,1042.0,1340,7,67,12061.1
675.62,351.1,1042.0,1340,7,67,12100.5
675.738,480.6,1042.0,1340,7,67,12137.2
675.855,480.6,1042.0,1340,6,67,12165.2
675.973,67.8,1042.0,1340,47,68,12166.3
676.091,67.8,1042.0,1340,47,70,12166.3
676.208,67.8,1042.0,1340,100,73,12166.3
676.326,67.8,1042.0,1340,100,72,12166.3
676.444,67.8,1042.0,1340,100,72,12166.3
676.562,99.3,1042.0,1340,100,69,12190.3
676.68,228.8,1042.0,1340,31,68,12224.5
676.798,358.3,1042.0,1340,6,68,12261.2
676.916,358.3,1042.0,1340,6,68,12295.0
677.034,487.8,1042.0,1340,8,68,12324.8
677.152,68.0,1042.0,1340,8,69,12357.7
677.27,68.0,1042.0,1340,85,69,12357.7
677.388,68.0,1042.0,1340,85,74,12357.7
677.506,68.0,1042.0,1340,100,73,12357.7
677.623,68.0,1042.0,1340,100,71,12357.7
677.741,68.0,1042.0,1340,100,71,12357.7
677.859,99.6,1042.0,1340,100,69,12378.1
677.976,229.1,1042.0,1340,16,68,12416.9
678.093,229.1,1042.0,1340,16,68,12449.2
678.211,358.6,1042.0,1340,8,68,12481.7
678.329,488.1,1042.0,1340,6,68,12516.1
678.446,488.1,1042.0,1340,9,68,12543.2
678.564,68.3,1082.0,1380,9,69,12544.6
678.681,68.3,1082.0,1380,99,73,12544.6
678.799,68.3,1082.0,1380,100,73,12544.6
678.917,68.3,1082.0,1380,100,72,12544.6
679.035,68.3,1082.0,1380,100,71,12544.6
679.153,99.8,1082.0,1380,88,69,12570.6
679.271,229.3,1082.0,1380,88,69,12603.1
679.389,358.8,1082.0,1380,7,68,12637.8
679.507,358.8,1082.0,1380,9,68,12669.0
679.624,488.3,1082.0,1380,8,68,12700.5
679.742,68.5,1082.0,1380,8,71,12715.8
679.859,68.5,1082.0,1380,56,71,12715.8
679.977,68.5,1082.0,1380,100,75,12715.8
680.095,68.5,1082.0,1380,100,72,12715.8
680.212,68.5,1082.0,1380,100,72,12715.8
680.33,68.5,1082.0,1380,100,71,12716.4
680.448,229.5,1082.0,1380,100,69,12738.0
680.566,359.0,1082.0,1380,36,68,12767.6
680.684,359.0,1082.0,1380,9,68,12800.9
680.801,488.5,1082.0,1380,9,68,12836.7
680.919,68.7,1082.0,1380,9,70,12845.3
681.036,68.7,1082.0,1380,79,71,12845.3
681.154,68.7,1082.0,1380,100,74,12845.3
681.272,68.7,1082.0,1380,100,72,12845.3
681.39,68.7,1082.0,1380,100,72,12845.3
681.508,75.7,1082.0,1380,100,70,12859.9
681.627,229.7,1082.0,1380,12,69,12897.1
681.745,359.2,1082.0,1380,12,69,12932.6
681.863,359.2,1082.0,1380,7,68,12965.9
681.982,488.7,1082.0,1380,9,68,12997.2
682.1,68.9,1082.0,1380,9,71,13013.4
682.217,68.9,1082.0,1380,53,71,13013.4
682.334,68.9,1082.0,1380,100,75,13013.4
682.455,68.9,1082.0,1380,100,72,13013.4
682.572,68.9,1082.0,1380,100,72,13013.4
682.691,68.9,1082.0,1380,100,70,13023.1
682.81,229.9,1082.0,1380,25,69,13057.3
682.928,359.4,1082.0,1380,25,69,13099.6
683.046,488.9,1082.0,1380,11,68,13137.6
683.163,69.1,1082.0,1380,11,69,13158.2
683.281,69.1,1082.0,1380,11,70,13158.2
683.399,69.1,1082.0,1380,100,74,13158.2
683.516,69.1,1082.0,1380,100,72,13158.2
683.634,69.1,1082.0,1380,100,72,13158.2
683.755,69.1,1082.0,1380,100,70,13158.2
683.873,230.2,1082.0,1380,80,69,13189.6
683.991,230.2,1082.0,1380,10,68,13229.2
684.109,359.7,1082.0,1380,10,68,13272.6
684.227,489.2,1082.0,1380,10,68,13306.3
684.346,69.4,1082.0,1380,28,69,13308.5
684.465,69.4,1082.0,1380,100,70,13298.0
684.589,69.4,1082.0,1380,100,73,13288.1
684.709,69.4,1082.0,1380,100,72,13278.3
684.828,69.4,1082.0,1380,100,72,13268.6
684.948,230.4,1082.0,1380,100,69,13281.2
685.067,359.9,1082.0,1380,41,68,13303.0
685.187,359.9,1082.0,1380,11,68,13331.5
685.306,489.4,1082.0,1380,15,68,13363.1
685.425,69.6,1082.0,1380,15,69,13353.2
685.544,69.6,1082.0,1380,100,73,13343.4
685.662,69.6,1082.0,1380,100,73,13333.5
685.782,69.6,1082.0,1380,100,73,13323.7
685.901,69.6,1082.0,1380,100,71,13313.9
686.02,230.6,1082.0,1380,62,69,13340.9
686.139,360.1,1082.0,1380,62,69,13373.2
686.258,489.6,1082.0,1380,12,69,13396.4
686.377,69.8,1082.0,1380,31,70,13389.7
686.497,69.8,1082.0,1380,100,73,13379.8
686.617,69.8,1082.0,1380,100,73,13369.9
686.737,69.8,1082.0,1380,100,73,13359.9
686.857,69.8,1082.0,1380,100,72,13350.1
686.977,230.8,1082.0,1380,44,69,13377.2
687.099,360.3,1082.0,1380,44,69,13406.9
687.218,489.8,1082.0,1380,11,69,13435.0
687.338,510.7,1082.0,1380,10,70,13462.6
687.468,70.0,1082.0,1380,10,71,13452.8
687.588,70.0,1082.0,1380,95,74,13443.1
687.707,70.0,1082.0,1380,100,73,13433.2
687.827,70.0,1082.0,1380,100,72,13423.4
687.948,70.0,1082.0,1380,100,71,13420.0
688.067,231.0,1082.0,1380,65,69,13435.1
688.227,360.5,1082.0,1380,5,69,13423.5
688.463,490.0,1082.0,1380,3,69,13396.8
688.779,490.0,1082.0,1380,6,69,13371.8
689.068,70.2,1082.0,1380,18,70,13361.9
689.195,70.2,1082.0,1380,100,74,13352.2
689.315,70.2,1082.0,1380,100,73,13342.5
689.435,70.2,1082.0,1380,100,73,13332.7
689.555,70.2,1082.0,1380,100,72,13322.9
689.676,101.8,1082.0,1380,71,70,13333.5
689.799,231.3,1082.0,1380,8,69,13313.3
690.094,360.8,1082.0,1380,4,69,13280.3
690.432,490.3,1082.0,1380,3,69,13245.8
690.797,490.3,1082.0,1380,1,69,13213.4
691.127,70.5,1082.0,1380,1,70,13204.0
691.257,70.5,1082.0,1380,88,75,12979.8
691.376,70.5,1082.0,1380,100,74,12641.9
691.51,70.5,1082.0,1380,100,74,12536.8
691.628,70.5,1082.0,1380,100,71,12540.9
691.745,231.5,1082.0,1380,67,70,12565.7
691.864,231.5,1082.0,1380,9,69,12593.7
691.982,361.0,1082.0,1380,9,69,12623.3
692.099,490.5,1082.0,1380,6,69,12646.9
692.217,490.5,1082.0,1380,8,69,12679.6
692.335,70.7,1082.0,1380,8,70,12691.3
692.452,70.7,1082.0,1380,50,72,12691.3
692.569,70.7,1082.0,1380,100,76,12691.3
692.687,70.7,1082.0,1380,100,73,12691.3
692.805,70.7,1082.0,1380,100,73,12691.3
692.923,70.7,1082.0,1380,100,71,12697.1
693.041,231.7,1082.0,1380,30,69,12722.5
693.159,361.2,1082.0,1380,30,69,12748.4
693.276,490.7,1082.0,1380,11,69,12770.6
693.394,490.7,1082.0,1380,9,69,12798.6
693.512,70.9,1082.0,1380,67,70,12799.1
693.633,70.9,1082.0,1380,67,74,12799.1
693.75,70.9,1082.0,1380,100,74,12799.1
693.867,70.9,1082.0,1380,100,73,12799.1
693.984,70.9,1082.0,1380,100,72,12799.1
694.101,231.9,1082.0,1380,100,70,12804.3
694.219,361.4,1082.0,1380,32,69,12817.9
694.338,71.1,1082.0,1380,32,72,12823.6
694.455,71.1,1082.0,1380,48,72,12823.6
694.572,71.1,1082.0,1380,100,76,12823.6
694.69,71.1,1082.0,1380,100,73,12823.6
694.808,71.1,1082.0,1380,100,74,12823.6
694.926,71.1,1082.0,1380,100,71,12830.8
695.044,232.1,1082.0,1380,33,69,12847.3
695.162,491.1,1082.0,1380,33,69,12867.1
695.28,71.3,1082.0,1380,17,70,12871.6
695.398,71.3,1082.0,1380,90,71,12871.6
695.515,71.3,1082.0,1380,100,75,12871.6
695.633,71.3,1082.0,1380,100,73,12871.6
695.75,71.3,1082.0,1380,100,74,12871.6
695.868,102.9,1082.0,1380,74,70,12882.3
695.985,361.9,1082.0,1380,74,70,12898.4
696.106,361.9,1082.0,1380,13,69,12839.4
696.232,491.4,1082.0,1380,9,69,12860.7
696.352,71.6,1082.0,1380,9,70,12855.7
696.472,71.6,1082.0,1380,68,74,12846.1
696.591,71.6,1082.0,1380,100,74,12836.4
696.711,71.6,1082.0,1380,100,74,12826.7
696.83,71.6,1082.0,1380,100,72,12817.0
696.951,232.6,1082.0,1380,87,70,12843.5
697.076,362.1,1082.0,1380,11,69,12868.0
697.196,491.6,1082.0,1380,10,69,12888.7
697.314,71.8,1082.0,1380,10,72,12897.0
697.434,71.8,1082.0,1380,60,72,12887.3
697.553,71.8,1082.0,1380,100,76,12877.6
697.675,71.8,1082.0,1380,100,73,12868.0
697.795,71.8,1082.0,1380,100,74,12858.5
697.914,71.8,1082.0,1380,100,71,12857.6
698.033,232.8,1082.0,1380,15,70,12884.5
698.153,362.3,1082.0,1380,15,69,12907.9
698.272,491.8,1082.0,1380,10,69,12927.9
698.392,72.0,1082.0,1380,16,72,12947.8
698.511,72.0,1082.0,1380,16,72,12938.2
698.631,72.0,1082.0,1380,100,76,12928.6
698.751,72.0,1082.0,1380,100,73,12919.3
698.871,72.0,1082.0,1380,100,73,12909.6
698.993,72.0,1082.0,1380,100,71,12903.9
699.113,233.0,1082.0,1380,67,70,12925.4
699.233,492.0,1082.0,1380,15,70,12935.5
699.353,72.2,1082.0,1380,15,72,12951.8
699.474,72.2,1082.0,1380,39,73,12942.2
699.594,72.2,1082.0,1380,100,76,12932.8
699.714,72.2,1082.0,1380,100,73,12923.5
699.835,72.2,1082.0,1380,100,74,12914.0
699.956,72.2,1082.0,1380,100,72,12909.5
700.077,233.2,1082.0,1380,46,70,12929.0
700.197,362.7,1082.0,1380,46,70,12944.7
700.317,492.2,1082.0,1380,10,69,12959.2
700.436,576.2,1082.0,1380,10,70,12966.7
700.556,72.4,1082.0,1380,76,71,12957.1
700.676,72.4,1082.0,1380,76,75,12947.2
700.799,72.4,1082.0,1380,100,74,12937.6
700.92,72.4,1082.0,1380,100,73,12928.2
701.04,72.4,1082.0,1380,88,72,12921.9
701.162,233.5,1082.0,1380,88,70,12939.0
701.282,233.5,1082.0,1380,8,69,12909.4
701.402,492.5,1082.0,1380,13,69,12907.8
701.522,72.7,1082.0,1380,13,71,12911.5
701.642,72.7,1082.0,1380,75,72,12903.1
701.762,72.7,1082.0,1380,100,75,12893.9
701.882,72.7,1082.0,1380,100,73,12884.1
702.008,72.7,1082.0,1380,100,72,12874.6
702.128,233.7,1082.0,1380,89,70,12879.1
702.249,363.2,1082.0,1380,16,70,12889.0
702.368,492.7,1082.0,1380,16,70,12900.4
702.488,72.9,1082.0,1380,13,71,12893.8
702.608,72.9,1082.0,1380,100,75,12884.3
702.729,72.9,1082.0,1380,100,74,12874.8
702.849,72.9,1082.0,1380,100,73,12865.3
702.969,72.9,1082.0,1380,100,72,12855.8
703.09,233.9,1082.0,1380,60,70,12863.8
703.21,363.4,1082.0,1380,60,70,12876.3
703.331,492.9,1082.0,1380,10,70,12885.4
703.451,73.1,1082.0,1380,10,72,12885.5
703.571,73.1,1082.0,1380,90,72,12876.0
703.692,73.1,1082.0,1380,90,76,12866.4
703.812,73.1,1082.0,1380,100,74,12856.8
703.934,73.1,1082.0,1380,100,74,12847.4
704.054,73.1,1082.0,1380,80,71,12843.9
704.178,234.1,1082.0,1380,80,70,12849.5
704.298,493.1,1082.0,1380,13,70,12855.4
704.418,73.3,1082.0,1380,42,71,12849.9
704.537,73.3,1082.0,1380,42,72,12840.2
704.658,73.3,1082.0,1380,100,76,12830.2
704.781,73.3,1082.0,1380,100,74,12820.5
704.9,73.3,1082.0,1380,100,74,12810.8
705.021,234.3,1082.0,1380,100,71,12806.0
705.141,493.3,1082.0,1380,50,70,12808.4
705.261,73.5,1082.0,1380,50,72,12801.0
705.381,73.5,1082.0,1380,50,72,12791.3
705.5,73.5,1082.0,1380,100,75,12781.6
705.62,73.5,1082.0,1380,100,74,12771.9
705.74,73.5,1082.0,1380,100,73,12762.2
705.861,234.6,1082.0,1380,100,71,12763.4
705.981,493.6,1082.0,1380,31,70,12768.1
706.1,43.1,1082.0,1380,27,72,12765.7
706.22,43.1,1082.0,1380,27,72,12756.0
706.34,43.1,1082.0,1380,100,76,12746.4
706.461,43.1,1082.0,1380,100,74,12736.7
706.581,43.1,1082.0,1380,100,73,12727.1
706.7,43.1,1082.0,1380,100,72,12729.2
706.821,43.1,1082.0,1380,77,71,12794.7
706.954,43.1,1082.0,1380,2,70,12851.1
707.193,43.1,1082.0,1380,0,70,12851.3
707.404,43.1,1082.0,1380,2,70,12861.0
707.634,43.1,1082.0,1380,2,70,12866.1
707.819,43.1,1082.0,1380,2,70,12868.8
708.054,43.1,1082.0,1380,1,70,12874.3
708.294,43.1,1082.0,1380,0,70,12878.3
708.473,43.1,1082.0,1380,2,70,12926.3
708.601,43.1,1082.0,1380,2,70,12778.3
708.728,43.1,1082.0,1380,2,70,12554.1
708.854,43.1,1082.0,1380,0,70,12485.8
708.974,43.1,1082.0,1380,2,70,12509.6
709.1,43.1,1082.0,1380,2,70,12548.3
709.226,43.1,1082.0,1380,2,70,12552.9
709.352,43.1,1082.0,1380,0,70,12685.7
709.477,43.1,1082.0,1380,2,70,12735.0
709.602,43.1,1082.0,1380,2,70,12766.3
709.73,43.1,1082.0,1380,2,70,12801.5
709.856,43.1,1082.0,1380,0,70,12828.8
709.982,43.1,1082.0,1380,2,70,12848.3
710.11,43.1,1082.0,1380,2,70,12810.5
710.253,43.1,1082.0,1380,0,70,12819.5
710.38,43.1,1082.0,1380,0,70,12810.7
710.508,43.1,1082.0,1380,2,70,12838.8
710.634,43.1,1082.0,1380,2,70,12833.0
710.762,43.1,1082.0,1380,0,70,12932.0
710.889,43.1,1082.0,1380,0,70,12996.2
711.015,43.1,1082.0,1380,2,70,13051.0
711.14,43.1,1082.0,1380,2,70,13044.8
711.271,43.1,1082.0,1380,0,70,13003.6
711.403,43.1,1082.0,1380,0,70,12998.9
711.53,43.1,1082.0,1380,2,70,13038.3
711.654,43.1,1082.0,1380,2,70,13112.4
711.789,43.1,1082.0,1380,0,70,12955.4
711.917,43.1,1082.0,1380,2,70,12627.9
712.044,43.1,1082.0,1380,2,70,12634.0
712.183,43.1,1082.0,1380,2,70,12664.6
712.311,43.1,1082.0,1380,0,70,12711.8
712.436,43.1,1082.0,1380,2,70,12820.0
712.561,43.1,1082.0,1380,2,70,12858.9
712.688,43.1,1082.0,1380,2,70,12909.7
712.813,43.1,1082.0,1380,0,70,12944.9
712.939,43.1,1082.0,1380,2,70,12951.9
713.065,43.1,1082.0,1380,2,70,13082.7
713.191,43.1,1082.0,1380,2,70,13126.4
713.317,43.1,1082.0,1380,0,70,13155.8
713.443,43.1,1082.0,1380,2,70,13191.7
713.57,43.1,1082.0,1380,2,70,13214.7
713.696,43.1,1082.0,1380,2,70,13285.3
713.821,43.1,1082.0,1380,0,70,13368.8
713.949,43.1,1082.0,1380,2,70,13430.4
714.073,43.1,1082.0,1380,2,70,13461.2
714.201,43.1,1082.0,1380,2,70,13492.0
714.328,43.1,1082.0,1380,0,70,13523.4
714.453,43.1,1082.0,1380,2,70,13595.4
714.58,43.1,1082.0,1380,2,70,13581.5
714.707,43.1,1082.0,1380,2,70,13618.4
714.844,43.1,1082.0,1380,0,69,13661.5
714.971,43.1,1082.0,1380,2,69,13192.6
715.098,28.5,1082.0,1380,2,69,11996.9
715.222,214.5,1082.0,1380,2,69,12022.2
715.339,214.5,1082.0,1380,6,69,12047.1
715.457,344.0,1082.0,1380,9,69,12072.1
715.574,344.0,1082.0,1380,9,69,12095.5
715.692,473.5,1082.0,1380,10,69,12120.9
715.81,54.7,1082.0,1380,8,69,12136.9
715.928,86.3,1082.0,1380,8,69,12155.2
716.046,215.8,1082.0,1380,49,69,12177.6
716.163,345.3,1082.0,1380,10,69,12202.4
716.281,474.8,1082.0,1380,8,69,12224.7
716.398,55.9,1082.0,1380,8,70,12244.3
716.516,87.5,1082.0,1380,43,70,12259.1
716.634,217.0,1082.0,1380,11,69,12286.5
716.752,346.5,1082.0,1380,11,69,12311.1
716.87,346.5,1082.0,1380,6,69,12333.2
716.988,476.0,1082.0,1380,9,69,12355.1
717.105,57.2,1082.0,1380,9,71,12365.4
717.224,218.2,1082.0,1380,43,70,12387.8
717.342,347.7,1082.0,1380,7,69,12412.6
717.459,347.7,1082.0,1380,9,69,12436.3
717.577,477.2,1082.0,1380,9,69,12466.8
717.695,58.4,1082.0,1380,10,72,12474.7
717.813,219.4,1082.0,1380,44,69,12489.5
717.931,348.9,1082.0,1380,44,69,12510.1
718.049,478.4,1082.0,1380,10,69,12529.9
718.166,478.4,1082.0,1380,8,69,12551.2
718.284,59.6,1082.0,1380,38,72,12562.2
718.403,220.6,1082.0,1380,38,69,12585.7
718.521,220.6,1082.0,1380,10,69,12609.3
718.638,350.1,1082.0,1380,7,69,12632.8
718.756,350.1,1082.0,1380,7,69,12653.2
718.874,479.6,1082.0,1380,6,69,12673.7
718.992,479.6,1082.0,1380,8,69,12690.3
719.109,92.3,1082.0,1380,8,70,12699.8
719.227,221.8,1082.0,1380,43,69,12714.6
719.345,351.3,1082.0,1380,9,69,12729.7
719.464,480.8,1082.0,1380,20,69,12717.7
719.582,62.0,1082.0,1380,20,72,12726.6
719.7,223.0,1082.0,1380,52,69,12743.8
719.818,352.5,1082.0,1380,11,69,12761.4
719.935,482.0,1082.0,1380,11,69,12765.6
720.053,482.0,1082.0,1380,9,69,12786.4
720.171,63.2,1082.0,1380,30,71,12796.4
720.288,224.2,1082.0,1380,19,69,12811.7
720.405,353.7,1082.0,1380,19,69,12827.4
720.523,353.7,1082.0,1380,9,69,12842.2
720.641,483.2,1082.0,1380,10,69,12859.8
720.759,64.4,1082.0,1380,10,72,12867.3
720.876,225.4,1082.0,1380,43,69,12882.3
720.995,354.9,1082.0,1380,12,69,12896.0
721.113,484.4,1082.0,1380,12,69,12912.7
721.23,65.6,1082.0,1380,11,68,12923.0
721.347,97.1,1082.0,1380,42,69,12935.4
721.465,226.6,1082.0,1380,9,69,12949.2
721.583,356.1,1082.0,1380,9,68,12962.9
721.701,485.6,1082.0,1380,10,68,12983.1
721.819,485.6,1082.0,1380,9,68,13008.6
721.936,66.8,1082.0,1380,9,70,13015.2
722.054,227.8,1082.0,1380,44,69,13033.3
722.174,227.8,1082.0,1380,8,68,13051.5
722.292,357.3,1082.0,1380,7,68,13069.5
722.409,486.8,1082.0,1380,7,68,13089.7
722.527,486.8,1082.0,1380,8,68,13107.6
722.645,71.5,1082.0,1380,42,70,13118.2
722.763,229.0,1082.0,1380,42,68,13136.5
722.88,358.5,1082.0,1380,7,68,13156.4
722.998,358.5,1082.0,1380,9,68,13175.1
723.116,488.0,1082.0,1380,9,68,13196.8
723.234,69.2,1082.0,1380,9,69,13209.4
723.352,100.7,1082.0,1380,41,69,13223.9
723.47,230.2,1082.0,1380,8,68,13241.0
723.588,359.7,1082.0,1380,8,68,13258.5
723.706,359.7,1082.0,1380,9,68,13276.8
723.824,489.2,1082.0,1380,6,68,13295.7
723.942,70.4,1082.0,1380,6,70,13307.2
724.06,231.4,1082.0,1380,43,68,13322.6
724.177,231.4,1082.0,1380,10,68,13340.7
724.295,360.9,1082.0,1380,10,68,13358.4
724.413,490.4,1082.0,1380,7,68,13383.6
724.531,71.6,1082.0,1380,10,68,13396.7
724.648,232.6,1082.0,1380,43,69,13414.4
724.767,232.6,1082.0,1380,43,68,13438.1
724.884,362.1,1082.0,1380,8,68,13462.4
725.002,362.1,1082.0,1380,7,68,13488.5
725.121,499.2,1082.0,1380,7,68,13500.1
725.238,104.3,1082.0,1380,29,68,13511.1
725.356,233.8,1082.0,1380,24,68,13538.0
725.474,363.3,1082.0,1380,21,68,13559.4
725.592,492.8,1082.0,1380,21,68,13579.5
725.71,74.0,1082.0,1380,15,71,13586.6
725.828,235.0,1082.0,1380,43,68,13608.4
725.947,364.5,1082.0,1380,43,68,13641.1
726.065,494.0,1082.0,1380,9,68,13674.8
726.184,494.0,1082.0,1380,10,68,13720.7
726.303,236.2,1082.0,1380,10,69,13723.8
726.422,495.2,1082.0,1380,47,68,13738.0
726.541,76.4,1082.0,1380,17,71,13744.6
726.659,237.4,1082.0,1380,46,68,13776.0
726.785,237.4,1082.0,1380,2,68,13743.1
727.199,366.9,1082.0,1380,1,68,13710.9
727.511,496.4,1082.0,1380,3,68,13677.9
727.834,496.4,1082.0,1380,1,68,13641.9
728.184,77.6,1082.0,1380,39,68,13620.6
728.42,238.6,1082.0,1380,4,68,13585.9
728.763,238.6,1082.0,1380,4,68,13555.6
729.063,497.6,1082.0,1380,8,68,13520.2
729.385,497.6,1082.0,1380,1,68,13466.7
729.722,78.8,1082.0,1380,19,68,13444.5
729.971,239.8,1082.0,1380,3,68,13414.7
730.269,239.8,1082.0,1380,3,68,13386.5
730.568,369.3,1082.0,1380,4,68,13355.5
730.875,369.3,1082.0,1380,2,68,13325.4
731.181,498.8,1082.0,1380,5,68,13304.5
731.433,80.0,1082.0,1380,39,69,13285.1
731.67,241.0,1082.0,1380,5,68,13270.9
731.847,241.0,1082.0,1380,1,68,13272.3
732.12,370.5,1082.0,1380,6,68,13295.2
732.304,500.0,1082.0,1380,7,68,13277.7
732.616,81.2,1082.0,1380,43,69,13259.1
732.855,242.2,1082.0,1380,7,68,13237.2
733.105,371.7,1082.0,1380,6,68,13214.9
733.358,501.2,1082.0,1380,6,68,13190.7
733.617,501.2,1082.0,1380,6,68,13117.9
733.814,113.9,1082.0,1380,6,69,12816.2
733.933,243.4,1082.0,1380,44,68,12854.4
734.05,372.9,1082.0,1380,9,68,12763.2
734.168,502.4,1082.0,1380,9,68,12733.1
734.286,83.6,1082.0,1380,11,71,12760.6
734.404,244.7,1082.0,1380,43,69,12750.7
734.521,374.2,1082.0,1380,9,68,12646.8
734.641,374.2,1082.0,1380,9,68,12660.8
734.759,503.7,1082.0,1380,5,68,12577.0
734.883,84.8,1082.0,1380,10,69,12595.3
735.001,245.9,1082.0,1380,10,69,12521.3
735.131,245.9,1082.0,1380,42,68,12216.8
735.257,375.4,1082.0,1380,11,68,11870.7
735.379,504.9,1082.0,1380,11,68,11529.0
735.498,117.6,1082.0,1380,11,69,11341.0
735.62,247.1,1082.0,1380,42,68,11020.6
735.742,376.6,1082.0,1380,11,68,10808.1
735.866,506.1,1082.0,1380,10,68,10592.6
735.985,57.6,1082.0,1380,10,70,10545.8
736.107,57.6,1082.0,1380,39,69,10640.5
736.232,57.6,1082.0,1380,2,68,10731.8
736.36,57.6,1082.0,1380,2,68,10834.2
736.485,57.6,1082.0,1380,2,68,10935.8
736.611,57.6,1082.0,1380,0,68,11036.8
736.737,57.6,1082.0,1380,2,68,11136.5
736.863,57.6,1082.0,1380,2,68,11239.0
736.989,57.6,1082.0,1380,2,68,11292.1
737.115,57.6,1082.0,1380,0,68,11395.7
737.24,57.6,1082.0,1380,2,68,11496.2
737.365,57.6,1082.0,1380,2,68,11586.7
737.49,57.6,1082.0,1380,2,68,11665.5
737.61,57.6,1082.0,1380,0,68,11746.5
737.73,57.6,1082.0,1380,2,68,11818.3
737.85,57.6,1082.0,1380,2,68,11877.7
737.972,57.6,1082.0,1380,2,68,11880.6
738.099,57.6,1082.0,1380,0,68,11880.6
738.225,244.1,1082.0,1380,2,68,11842.0
738.345,83.5,1162.0,1460,2,72,11852.4
738.462,83.0,1162.0,1460,98,72,11853.2
738.58,244.0,1162.0,1460,93,70,11854.0
738.699,82.4,1162.0,1460,77,72,11885.0
738.816,372.9,1162.0,1460,77,70,11888.8
738.934,81.9,1162.0,1460,62,72,11889.8
739.052,372.4,1162.0,1460,58,69,11893.5
739.17,81.3,1162.0,1460,58,69,11898.0
739.287,81.3,1162.0,1460,51,71,11905.6
739.405,242.3,1162.0,1460,35,69,11930.1
739.523,242.3,1162.0,1460,35,69,11959.3
739.641,371.8,1162.0,1460,5,68,11974.1
739.759,80.8,1162.0,1460,17,71,11978.2
739.877,84.3,1162.0,1460,69,70,11994.6
739.995,241.8,1162.0,1460,69,69,12021.7
740.113,241.8,1162.0,1460,5,68,12049.4
740.231,371.3,1162.0,1460,7,68,12073.8
740.348,371.3,1162.0,1460,7,68,12098.6
740.466,500.8,1162.0,1460,8,68,12117.5
740.584,80.2,1162.0,1460,6,69,12131.5
740.701,80.2,1162.0,1460,6,70,12142.4
740.819,241.2,1162.0,1460,68,68,12173.9
740.936,241.2,1162.0,1460,7,68,12200.4
741.054,500.2,1162.0,1460,12,68,12220.4
741.171,500.2,1162.0,1460,12,68,12255.2
741.288,79.7,1162.0,1460,26,72,12257.4
741.406,240.7,1162.0,1460,53,69,12283.3
741.524,370.2,1162.0,1460,53,68,12266.3
741.642,370.2,1162.0,1460,7,68,12292.1
741.759,499.7,1162.0,1460,8,68,12320.0
741.877,499.7,1162.0,1460,7,68,12346.3
741.994,79.1,1162.0,1460,7,71,12350.9
742.112,240.2,1162.0,1460,67,69,12372.2
742.229,369.7,1162.0,1460,10,68,12396.2
742.347,369.7,1162.0,1460,10,68,12420.1
742.465,499.2,1162.0,1460,9,68,12444.7
742.582,964.5,1162.0,1460,6,68,12465.5
742.7,78.6,1162.0,1460,6,71,12472.1
742.818,239.6,1162.0,1460,68,68,12497.3
742.936,369.1,1162.0,1460,9,68,12527.8
743.054,369.1,1162.0,1460,7,68,12560.8
743.172,498.6,1162.0,1460,7,68,12595.9
743.289,498.6,1162.0,1460,8,68,12568.6
743.407,78.1,1162.0,1460,55,71,12570.8
743.524,239.1,1162.0,1460,55,68,12595.6
743.642,239.1,1162.0,1460,19,68,12622.5
743.759,368.6,1162.0,1460,8,68,12647.9
743.877,368.6,1162.0,1460,8,68,12668.6
743.996,498.1,1162.0,1460,9,67,12690.0
744.115,77.5,1162.0,1460,13,70,12698.6
744.232,109.0,1162.0,1460,63,69,12713.4
744.35,238.5,1162.0,1460,63,68,12736.5
744.468,368.0,1162.0,1460,9,68,12759.9
744.586,368.0,1162.0,1460,5,68,12784.8
744.704,497.5,1162.0,1460,5,67,12804.7
744.821,77.0,1162.0,1460,9,71,12811.8
744.939,108.5,1162.0,1460,69,68,12824.4
745.056,238.0,1162.0,1460,8,68,12842.7
745.174,367.5,1162.0,1460,8,67,12861.4
745.293,497.0,1162.0,1460,9,67,12882.4
745.411,497.0,1162.0,1460,9,68,12904.0
745.529,76.4,1162.0,1460,9,71,12907.9
745.646,237.4,1162.0,1460,68,68,12925.2
745.763,237.4,1162.0,1460,8,68,12942.2
745.881,366.9,1162.0,1460,8,67,12961.3
745.998,496.4,1162.0,1460,8,67,12979.8
746.116,496.4,1162.0,1460,7,67,12998.0
746.234,75.9,1162.0,1460,45,70,13005.1
746.351,107.4,1162.0,1460,45,68,13019.7
746.469,236.9,1162.0,1460,30,68,13037.6
746.587,366.4,1162.0,1460,8,67,13056.0
746.705,366.4,1162.0,1460,8,67,13073.3
746.823,495.9,1162.0,1460,7,67,13092.0
746.941,495.9,1162.0,1460,8,67,13108.7
747.059,75.3,1162.0,1460,8,70,13111.4
747.176,236.3,1162.0,1460,68,68,13128.4
747.293,236.3,1162.0,1460,7,67,13145.4
747.411,365.8,1162.0,1460,7,67,13162.2
747.528,365.8,1162.0,1460,7,67,13180.6
747.646,495.3,1162.0,1460,7,67,13196.7
747.764,74.8,1162.0,1460,6,67,13209.3
747.882,74.8,1162.0,1460,6,69,13216.0
748.0,235.8,1162.0,1460,68,67,13217.2
748.117,235.8,1162.0,1460,8,67,13237.0
748.235,365.3,1162.0,1460,6,67,13255.4
748.352,494.8,1162.0,1460,6,67,13278.7
748.469,494.8,1162.0,1460,8,67,13308.5
748.587,74.2,1162.0,1460,34,70,13311.9
748.705,105.7,1162.0,1460,34,68,13327.7
748.822,235.2,1162.0,1460,41,67,13349.4
748.94,364.7,1162.0,1460,9,67,13370.7
749.059,494.2,1162.0,1460,9,67,13393.6
749.176,494.2,1162.0,1460,9,67,13411.5
749.293,73.7,1162.0,1460,37,71,13414.1
749.41,234.7,1162.0,1460,38,68,13382.9
749.528,234.7,1162.0,1460,38,67,13404.6
749.646,364.2,1162.0,1460,8,67,13428.9
749.763,364.2,1162.0,1460,6,67,13447.8
749.88,493.7,1162.0,1460,6,67,13474.0
749.997,73.1,1162.0,1460,8,68,13491.5
750.115,73.1,1162.0,1460,66,68,13501.4
750.233,234.1,1162.0,1460,66,67,13527.2
750.35,234.1,1162.0,1460,9,67,13555.1
750.471,363.6,1162.0,1460,8,67,13501.7
750.589,493.1,1162.0,1460,8,67,13476.9
750.708,493.1,1162.0,1460,8,67,13487.8
750.827,72.6,1162.0,1460,25,71,13451.7
750.944,233.6,1162.0,1460,50,67,13483.7
751.061,233.6,1162.0,1460,50,67,13520.6
751.179,363.1,1162.0,1460,9,67,13552.8
751.297,492.6,1162.0,1460,7,67,13588.6
751.42,492.6,1162.0,1460,8,67,13586.6
751.539,72.0,1162.0,1460,8,70,13590.8
751.657,233.1,1162.0,1460,69,67,13627.4
751.777,233.1,1162.0,1460,6,67,13656.6
751.896,362.6,1162.0,1460,6,67,13687.4
752.016,362.6,1162.0,1460,7,67,13712.3
752.136,492.1,1162.0,1460,7,67,13740.2
752.256,71.5,1162.0,1460,32,69,13752.2
752.375,103.0,1162.0,1460,32,68,13760.4
752.495,232.5,1162.0,1460,43,67,13784.7
752.615,362.0,1162.0,1460,8,67,13810.3
752.734,362.0,1162.0,1460,6,67,13811.2
752.97,491.5,1162.0,1460,3,67,13778.6
753.316,491.5,1162.0,1460,63,67,13742.4
753.673,232.0,1162.0,1460,2,67,13700.0
754.058,232.0,1162.0,1460,1,67,13658.1
754.438,232.0,1162.0,1460,2,67,13607.4
754.767,361.5,1162.0,1460,3,67,13573.4
755.086,491.0,1162.0,1460,1,67,13533.2
755.428,491.0,1162.0,1460,2,67,13493.7
755.781,491.0,1162.0,1460,67,68,13464.1
756.08,101.9,1162.0,1460,1,67,13430.8
756.411,231.4,1162.0,1460,2,67,13377.8
756.725,231.4,1162.0,1460,2,67,13342.1
757.06,360.9,1162.0,1460,1,67,13305.3
757.413,360.9,1162.0,1460,2,67,13265.0
757.771,490.4,1162.0,1460,2,67,13231.9
758.094,525.0,1162.0,1460,52,68,13186.6
758.396,230.9,1162.0,1460,5,67,13154.7
758.707,230.9,1162.0,1460,3,67,13099.7
758.862,360.4,1162.0,1460,6,67,12971.9
758.984,489.9,1162.0,1460,10,67,12737.4
759.106,69.3,1162.0,1460,51,71,12754.4
759.224,230.3,1162.0,1460,51,68,12802.3
759.342,230.3,1162.0,1460,25,68,12858.4
759.459,359.8,1162.0,1460,9,67,12916.3
759.577,489.3,1162.0,1460,9,67,12927.6
759.697,489.3,1162.0,1460,9,67,12963.6
759.815,43.3,1162.0,1460,51,70,12954.8
759.935,67.1,1162.0,1460,51,70,12950.5
760.054,68.4,1162.0,1460,72,68,12940.8
760.174,492.1,1162.0,1460,85,69,12931.7
760.292,489.6,1162.0,1460,76,69,12922.8
760.413,361.4,1162.0,1460,76,69,12913.2
760.533,362.6,1162.0,1460,80,69,12903.4
760.654,234.4,1162.0,1460,85,69,12899.9
760.774,235.7,1162.0,1460,79,69,12548.4
760.894,75.9,1162.0,1460,79,71,12463.0
761.02,77.2,1162.0,1460,70,71,12465.0
761.137,78.4,1162.0,1460,74,70,12466.9
761.254,79.7,1162.0,1460,74,70,12469.3
761.371,499.7,1162.0,1460,85,69,12470.4
761.489,501.0,1162.0,1460,83,69,12471.2
761.607,502.2,1162.0,1460,83,69,12472.9
761.725,374.0,1162.0,1460,79,70,12474.6
761.843,245.7,1162.0,1460,88,70,12475.3
761.962,247.0,1162.0,1460,77,71,12475.9
762.079,87.2,1162.0,1460,77,71,12477.2
762.198,88.5,1162.0,1460,78,69,12485.4
762.315,379.0,1162.0,1460,52,69,12503.0
762.433,89.8,1162.0,1460,52,70,12510.4
762.551,250.8,1162.0,1460,58,68,12535.3
762.669,380.3,1162.0,1460,10,68,12565.0
762.787,380.3,1162.0,1460,6,68,12591.0
762.905,509.8,1162.0,1460,6,68,12615.4
763.023,515.6,1162.0,1460,7,68,12637.6
763.141,122.5,1162.0,1460,42,69,12652.6
763.258,252.0,1162.0,1460,42,68,12677.9
763.376,381.5,1162.0,1460,6,67,12705.9
763.494,511.0,1162.0,1460,15,67,12730.6
763.611,92.3,1162.0,1460,15,69,12746.1
763.728,253.3,1162.0,1460,41,68,12771.7
763.846,253.3,1162.0,1460,7,67,12794.9
763.963,382.8,1162.0,1460,7,67,12820.5
764.081,382.8,1162.0,1460,7,67,12842.2
764.2,512.3,1162.0,1460,7,67,12864.8
764.317,512.3,1162.0,1460,6,67,12881.8
764.435,93.5,1162.0,1460,6,69,12888.8
764.554,254.5,1162.0,1460,43,67,12911.2
764.672,384.0,1162.0,1460,10,67,12867.0
764.792,94.8,1162.0,1460,25,68,12869.6
764.91,255.8,1162.0,1460,25,68,12871.9
765.029,514.8,1162.0,1460,40,67,12870.4
765.149,257.1,1162.0,1460,50,68,12867.9
765.268,386.6,1162.0,1460,50,67,12875.1
765.388,128.8,1162.0,1460,19,69,12869.7
765.507,517.3,1162.0,1460,55,67,12877.1
765.626,98.6,1162.0,1460,49,69,12892.7
765.745,259.6,1162.0,1460,49,68,12933.9
765.865,259.6,1162.0,1460,5,67,12919.7
765.984,259.6,1162.0,1460,2,67,12905.5
766.104,259.6,1162.0,1460,2,67,12891.7
766.224,259.6,1162.0,1460,2,67,12879.0
766.343,389.1,1162.0,1460,3,67,12852.9
766.463,389.1,1162.0,1460,6,67,12649.2
766.586,518.6,1162.0,1460,6,67,12543.6
766.72,99.8,1162.0,1460,10,70,12560.2
766.838,260.8,1162.0,1460,41,68,12603.1
766.957,260.8,1162.0,1460,41,67,12600.5
767.076,260.8,1162.0,1460,3,67,12592.0
767.196,260.8,1162.0,1460,2,67,12582.7
767.315,260.8,1162.0,1460,1,67,12573.4
767.435,260.8,1162.0,1460,1,67,12562.4
767.554,260.8,1162.0,1460,2,67,12555.6
767.672,260.8,1162.0,1460,2,67,12544.4
767.792,260.8,1162.0,1460,2,67,12535.8
767.912,260.8,1162.0,1460,1,67,12526.6
768.031,260.8,1162.0,1460,2,67,12519.1
768.15,390.3,1162.0,1460,2,67,12509.7
768.269,390.3,1162.0,1460,2,67,12499.7
768.388,390.3,1162.0,1460,1,67,12491.6
768.508,390.3,1162.0,1460,2,67,12481.8
768.627,390.3,1162.0,1460,2,67,12472.9
768.746,390.3,1162.0,1460,2,67,12464.5
768.865,390.3,1162.0,1460,1,67,12454.3
768.984,390.3,1162.0,1460,2,67,12446.3
769.103,390.3,1162.0,1460,2,67,12437.0
769.223,390.3,1162.0,1460,2,67,12427.5
769.342,390.3,1162.0,1460,1,67,12421.3
769.461,519.8,1162.0,1460,1,67,12410.2
769.58,519.8,1162.0,1460,3,67,12401.8
769.7,519.8,1162.0,1460,4,66,12393.9
769.818,519.8,1162.0,1460,2,66,12381.6
769.938,519.8,1162.0,1460,2,66,12376.0
770.056,519.8,1162.0,1460,2,66,12363.9
770.176,519.8,1162.0,1460,3,66,12353.6
770.295,70.4,1162.0,1460,3,67,12351.3
770.412,71.5,1162.0,1460,47,67,12475.5
770.538,71.5,1162.0,1460,0,67,12586.6
770.662,71.5,1162.0,1460,2,67,12686.7
770.787,71.5,1162.0,1460,2,67,12714.7
770.922,71.5,1162.0,1460,1,67,12742.8
771.048,71.5,1162.0,1460,1,67,12606.9
771.174,71.5,1162.0,1460,2,67,12719.2
771.299,71.5,1162.0,1460,2,67,12820.6
771.424,71.5,1162.0,1460,1,67,12924.4
771.548,71.5,1162.0,1460,1,67,12904.1
771.675,71.5,1162.0,1460,2,67,12952.7
771.801,71.5,1162.0,1460,2,67,13063.7
771.926,71.5,1162.0,1460,1,67,13168.9
772.051,71.5,1162.0,1460,1,67,13093.0
772.176,71.5,1162.0,1460,2,67,13152.4
772.313,71.5,1162.0,1460,1,67,13227.0
772.44,71.5,1162.0,1460,1,67,13318.1
772.566,71.5,1162.0,1460,1,67,13388.0
772.688,71.5,1162.0,1460,2,67,13461.1
772.813,71.5,1162.0,1460,2,67,13518.0
772.939,71.5,1162.0,1460,2,67,13535.7
773.059,71.5,1162.0,1460,0,67,13554.6
773.183,71.5,1162.0,1460,2,67,13614.5
773.311,71.5,1162.0,1460,2,67,13643.9
773.44,71.5,1162.0,1460,2,67,13659.3
773.567,71.5,1162.0,1460,0,67,13654.2
773.696,71.5,1162.0,1460,2,67,13648.2
773.831,71.5,1162.0,1460,2,67,13642.0
773.965,517.0,1162.0,1540,2,67,13605.2
774.085,97.0,1242.0,1540,48,70,13603.2
774.205,135.6,1242.0,1540,67,69,13622.5
774.327,257.0,1242.0,1540,81,70,13613.9
774.447,94.9,1242.0,1540,81,71,13606.7
774.569,514.9,1242.0,1540,81,69,13597.9
774.689,97.4,1242.0,1540,83,71,13588.9
774.809,92.9,1242.0,1540,83,71,13580.6
774.929,124.4,1242.0,1540,75,69,13586.4
775.048,253.9,1242.0,1540,26,68,13609.3
775.167,383.4,1242.0,1540,8,68,13627.7
775.286,512.9,1242.0,1540,8,68,13637.1
775.406,91.8,1242.0,1540,28,72,13630.0
775.525,252.8,1242.0,1540,54,68,13655.9
775.645,252.8,1242.0,1540,54,68,13678.8
775.765,382.3,1242.0,1540,8,68,13699.1
775.885,511.8,1242.0,1540,8,68,13718.1
776.004,511.8,1242.0,1540,7,67,13732.0
776.124,90.8,1242.0,1540,7,71,13725.7
776.244,251.8,1242.0,1540,69,68,13751.4
776.363,251.8,1242.0,1540,8,68,13774.7
776.487,510.8,1242.0,1540,12,67,13761.8
776.763,510.8,1242.0,1540,3,71,13734.0
777.073,250.8,1242.0,1540,4,68,13703.4
777.411,250.8,1242.0,1540,2,67,13666.8
777.796,380.3,1242.0,1540,3,67,13635.3
778.117,380.3,1242.0,1540,2,67,13600.7
778.474,509.8,1242.0,1540,3,67,13540.0
778.674,88.7,1242.0,1540,36,70,13041.8
778.794,120.2,1242.0,1540,36,69,12851.0
778.912,249.7,1242.0,1540,41,68,12877.0
779.029,379.2,1242.0,1540,8,67,12900.5
779.146,379.2,1242.0,1540,8,67,12922.7
779.264,508.7,1242.0,1540,8,67,12944.6
779.382,508.7,1242.0,1540,7,68,12963.8
779.5,87.7,1242.0,1540,7,70,12969.0
779.618,248.7,1242.0,1540,67,68,12992.2
779.736,248.7,1242.0,1540,8,67,13015.7
779.854,378.2,1242.0,1540,7,67,13045.1
779.972,378.2,1242.0,1540,7,67,13072.6
780.089,507.7,1242.0,1540,5,67,13106.5
780.207,507.7,1242.0,1540,7,67,13141.1
780.325,86.6,1242.0,1540,7,71,13143.4
780.443,118.1,1242.0,1540,68,68,13165.7
780.561,247.6,1242.0,1540,5,67,13187.9
780.679,377.1,1242.0,1540,5,67,13211.5
780.797,377.1,1242.0,1540,7,67,13232.3
780.915,506.6,1242.0,1540,8,67,13250.2
781.033,506.6,1242.0,1540,7,67,13270.1
781.156,85.6,1242.0,1540,7,70,12839.0
781.276,246.6,1242.0,1540,69,68,12766.4
781.394,246.6,1242.0,1540,9,67,12807.8
781.511,376.1,1242.0,1540,9,67,12857.9
781.629,505.6,1242.0,1540,6,67,12897.9
781.746,505.6,1242.0,1540,11,67,12927.8
781.863,84.6,1242.0,1540,62,70,12929.6
781.981,116.1,1242.0,1540,62,68,12957.7
782.098,245.6,1242.0,1540,14,67,13001.1
782.217,375.1,1242.0,1540,9,67,13029.4
782.334,375.1,1242.0,1540,9,67,13052.7
782.451,504.6,1242.0,1540,8,67,13086.7
782.57,83.5,1242.0,1540,6,68,13105.9
782.687,83.5,1242.0,1540,68,69,13117.8
782.805,244.5,1242.0,1540,68,67,13136.5
782.922,244.5,1242.0,1540,5,67,13152.5
783.04,244.5,1242.0,1540,3,67,13167.8
783.157,374.0,1242.0,1540,3,67,13185.8
783.275,374.0,1242.0,1540,5,67,13202.8
783.392,374.0,1242.0,1540,5,67,13216.2
783.51,503.5,1242.0,1540,5,67,13230.9
783.627,503.5,1242.0,1540,3,67,13247.0
783.744,503.5,1242.0,1540,5,67,13260.9
783.875,82.5,1242.0,1540,25,70,12958.1
783.999,114.0,1242.0,1540,25,68,12711.6
784.117,243.5,1242.0,1540,48,67,12746.2
784.235,373.0,1242.0,1540,8,67,12779.0
784.352,373.0,1242.0,1540,8,67,12815.0
784.47,502.5,1242.0,1540,8,67,12845.3
784.588,502.5,1242.0,1540,5,67,12872.9
784.707,81.4,1242.0,1540,31,70,12887.2
784.825,88.4,1242.0,1540,31,68,12899.5
784.943,242.4,1242.0,1540,45,67,12923.0
785.06,371.9,1242.0,1540,9,67,12947.7
785.178,501.4,1242.0,1540,9,67,12970.7
785.296,80.4,1242.0,1540,11,69,12984.3
785.414,111.9,1242.0,1540,69,68,12994.7
785.532,241.4,1242.0,1540,9,67,13017.8
785.65,370.9,1242.0,1540,9,67,13040.7
785.767,500.4,1242.0,1540,11,67,13071.6
785.885,79.4,1242.0,1540,38,70,13079.2
786.002,240.4,1242.0,1540,38,67,13095.4
786.12,240.4,1242.0,1540,39,67,13120.7
786.238,369.9,1242.0,1540,8,67,13145.2
786.356,499.4,1242.0,1540,8,67,13167.7
786.473,499.4,1242.0,1540,10,66,13191.2
786.591,78.3,1242.0,1540,46,70,13194.8
786.709,239.3,1242.0,1540,35,67,13219.5
786.827,368.8,1242.0,1540,35,67,13244.5
786.951,498.3,1242.0,1540,10,67,13264.8
787.069,77.3,1242.0,1540,10,67,13276.8
787.188,108.8,1242.0,1540,10,69,13280.9
787.308,367.8,1242.0,1540,70,67,13300.6
787.428,497.3,1242.0,1540,14,67,13328.2
787.547,76.2,1242.0,1540,26,67,13337.8
787.667,107.7,1242.0,1540,26,69,13338.8
787.787,366.7,1242.0,1540,54,67,13352.6
787.907,496.2,1242.0,1540,13,67,13372.9
788.026,75.2,1242.0,1540,13,67,13384.5
788.145,75.2,1242.0,1540,33,69,13389.9
788.264,236.2,1242.0,1540,43,67,13414.9
788.383,495.2,1242.0,1540,16,67,13437.0
788.503,74.2,1242.0,1540,16,69,13437.8
788.623,235.2,1242.0,1540,68,68,13446.4
788.742,364.7,1242.0,1540,17,67,13470.9
788.865,494.2,1242.0,1540,12,70,13475.9
789.099,234.1,1242.0,1540,6,67,13447.7
789.412,363.6,1242.0,1540,3,67,13398.9
789.697,72.1,1242.0,1540,55,68,13382.8
789.944,362.6,1242.0,1540,7,67,13349.8
790.296,492.1,1242.0,1540,5,67,13313.5
790.642,71.0,1242.0,1540,14,70,13303.5
790.771,361.6,1242.0,1540,7,67,13281.2
791.066,361.6,1242.0,1540,2,67,13245.8
791.347,491.1,1242.0,1540,2,67,13209.2
791.467,70.0,1242.0,1540,20,71,13213.3
791.586,231.0,1242.0,1540,57,68,13241.0
791.711,360.5,1242.0,1540,57,67,13250.7
791.832,360.5,1242.0,1540,6,67,13228.7
792.092,490.0,1242.0,1540,5,67,12848.5
792.213,45.0,1242.0,1540,5,70,12774.9
792.331,65.4,1242.0,1540,60,68,12760.3
792.451,79.5,1242.0,1540,21,68,12766.8
792.569,80.8,1242.0,1540,90,69,12766.9
792.686,82.1,1242.0,1540,90,69,12766.9
792.804,83.4,1242.0,1540,91,69,12767.0
792.921,511.7,1242.0,1540,85,69,12767.1
793.039,509.9,1242.0,1540,85,69,12767.1
793.156,506.0,1242.0,1540,89,69,12767.1
793.273,507.4,1242.0,1540,89,69,12767.2
793.391,508.7,1242.0,1540,84,69,12767.3
793.51,510.0,1242.0,1540,84,69,12767.3
793.628,511.3,1242.0,1540,93,69,12767.4
793.745,512.6,1242.0,1540,88,69,12767.5
793.863,513.9,1242.0,1540,88,69,12767.5
793.981,385.7,1242.0,1540,90,69,12767.7
794.099,257.5,1242.0,1540,79,70,12768.3
794.217,129.4,1242.0,1540,79,71,12768.7
794.336,99.2,1242.0,1540,77,70,12771.2
794.453,100.5,1242.0,1540,69,69,12772.2
794.571,391.0,1242.0,1540,62,68,12781.2
794.689,101.8,1242.0,1540,62,70,12791.9
794.808,392.3,1242.0,1540,47,68,12802.9
794.927,103.1,1242.0,1540,31,70,12810.8
795.044,264.1,1242.0,1540,31,68,12829.4
795.162,264.1,1242.0,1540,38,67,12860.6
795.279,393.6,1242.0,1540,7,67,12890.8
795.396,393.6,1242.0,1540,7,67,12916.9
795.514,523.1,1242.0,1540,8,67,12940.9
795.631,104.4,1242.0,1540,7,67,12942.0
795.75,265.4,1242.0,1540,43,68,12965.9
795.874,265.4,1242.0,1540,43,67,12956.7
795.993,524.4,1242.0,1540,10,67,12971.5
796.112,105.7,1242.0,1540,14,68,12986.2
796.231,266.7,1242.0,1540,14,68,13005.4
796.35,266.7,1242.0,1540,41,67,13025.2
796.47,396.2,1242.0,1540,8,67,13043.6
796.589,525.7,1242.0,1540,9,67,13057.7
796.708,107.0,1242.0,1540,9,68,13061.5
796.827,268.1,1242.0,1540,42,68,13074.8
796.947,268.1,1242.0,1540,8,67,13096.6
797.066,527.1,1242.0,1540,8,67,13105.9
797.185,398.9,1242.0,1540,24,68,13096.4
797.306,270.7,1242.0,1540,79,69,13087.2
797.427,142.5,1242.0,1540,77,71,13078.3
797.547,112.3,1242.0,1540,77,69,13074.6
797.666,273.3,1242.0,1540,62,68,13109.1
797.786,402.8,1242.0,1540,10,67,13152.8
797.908,532.3,1242.0,1540,11,67,13167.5
798.104,113.6,1242.0,1540,41,67,13138.0
798.356,274.6,1242.0,1540,6,67,13104.1
798.695,404.1,1242.0,1540,4,67,13071.7
799.007,533.6,1242.0,1540,4,67,13033.3
799.332,85.4,1242.0,1540,30,67,13016.6
799.704,85.4,1242.0,1540,1,67,13010.7
799.831,85.4,1242.0,1540,1,67,13086.3
799.959,85.4,1242.0,1540,2,67,13124.5
800.086,85.4,1242.0,1540,2,67,13183.0
800.237,85.4,1242.0,1540,2,67,13219.7
800.596,85.4,1242.0,1540,2,67,13224.7
800.779,85.4,1242.0,1540,0,67,13041.1
800.906,85.4,1242.0,1540,0,67,13087.8
801.047,85.4,1242.0,1540,2,67,13177.7
801.173,85.4,1242.0,1540,2,67,13260.3
801.302,85.4,1242.0,1540,0,67,13351.0
801.43,85.4,1242.0,1540,2,67,13433.0
801.566,85.4,1242.0,1540,2,67,13511.4
801.694,85.4,1242.0,1540,2,67,13594.5
801.822,85.4,1242.0,1540,2,67,13627.0
802.104,85.4,1242.0,1540,0,67,13622.6
802.403,85.4,1242.0,1540,2,67,13585.6
802.567,85.4,1242.0,1540,2,67,13485.7
802.69,85.4,1242.0,1540,2,67,12849.6
802.809,85.4,1242.0,1540,0,67,12882.2
802.928,85.4,1242.0,1540,0,67,12911.9
803.046,85.4,1242.0,1540,2,67,12941.6
803.164,85.4,1242.0,1540,2,67,12969.5
803.282,85.4,1242.0,1540,0,67,13053.6
803.406,85.4,1242.0,1540,0,67,13086.2
803.532,85.4,1242.0,1540,9,67,13134.8
803.657,85.4,1242.0,1540,12,67,13194.9
803.783,85.4,1242.0,1540,0,67,13229.2
803.907,85.4,1242.0,1540,0,67,13159.1
804.03,272.0,1242.0,1540,3,67,13161.3
804.148,401.5,1242.0,1540,12,67,13177.3
804.267,111.4,1242.0,1540,12,70,13184.2
804.384,272.4,1242.0,1540,45,70,13185.9
804.503,110.7,1242.0,1540,80,71,13187.2
804.62,110.1,1242.0,1540,82,69,13187.6
804.738,271.1,1242.0,1540,82,71,13187.7
804.856,109.4,1242.0,1540,81,72,13187.8
804.974,563.2,1242.0,1540,84,69,13188.0
805.092,108.8,1242.0,1540,84,71,13188.4
805.21,998.6,1242.0,1540,79,68,13192.7
805.327,108.1,1242.0,1540,70,71,13194.9
805.445,398.6,1242.0,1540,34,68,13205.0
805.564,107.5,1242.0,1540,34,71,13209.2
805.682,139.0,1242.0,1540,74,69,13244.1
805.8,268.5,1242.0,1540,6,68,13292.0
805.918,398.0,1242.0,1540,6,68,13320.4
806.035,527.5,1242.0,1540,12,68,13337.4
806.153,106.8,1242.0,1540,52,71,13340.1
806.27,267.8,1242.0,1540,52,68,13370.7
806.388,267.8,1242.0,1540,29,68,13409.4
806.505,397.3,1242.0,1540,8,68,13449.9
806.623,526.8,1242.0,1540,8,67,13487.7
806.74,526.8,1242.0,1540,8,67,13484.2
806.86,106.2,1242.0,1540,14,71,13187.7
806.977,267.2,1242.0,1540,65,68,13218.9
807.095,526.2,1242.0,1540,65,68,13245.0
807.213,105.5,1242.0,1540,20,71,13249.1
807.33,396.0,1242.0,1540,76,68,13267.9
807.448,525.5,1242.0,1540,76,68,13299.2
807.566,104.9,1242.0,1540,16,71,13307.6
807.683,395.4,1242.0,1540,73,68,13315.4
807.801,104.2,1242.0,1540,59,71,13318.5
807.919,265.2,1242.0,1540,59,68,13355.7
808.039,524.2,1242.0,1540,42,68,13397.9
808.156,103.5,1242.0,1540,47,71,13404.9
808.274,264.5,1242.0,1540,47,68,13440.6
808.392,523.5,1242.0,1540,41,68,13470.0
808.51,102.9,1242.0,1540,49,72,13472.8
808.628,263.9,1242.0,1540,43,68,13449.1
808.747,522.9,1242.0,1540,43,68,13406.2
808.865,102.2,1242.0,1540,13,70,13375.3
808.983,133.7,1242.0,1540,70,69,13320.8
809.101,263.2,1242.0,1540,70,68,13361.9
809.219,392.7,1242.0,1540,10,67,13407.1
809.338,544.5,1242.0,1540,13,68,13426.2
809.455,101.6,1242.0,1540,13,70,13429.9
809.573,262.6,1242.0,1540,71,68,13455.9
809.69,521.6,1242.0,1540,16,67,13480.6
809.808,100.9,1242.0,1540,20,69,13497.0
809.926,100.9,1242.0,1540,20,70,13505.0
810.043,261.9,1242.0,1540,58,68,13515.7
810.167,391.4,1242.0,1540,9,67,13539.0
810.286,391.4,1242.0,1540,9,67,13566.8
810.405,520.9,1242.0,1540,9,67,13597.7
810.524,100.3,1242.0,1540,34,71,13592.1
810.644,261.3,1242.0,1540,48,68,13616.2
810.764,390.8,1242.0,1540,48,67,13650.7
810.883,99.6,1242.0,1540,13,70,13665.2
811.003,260.6,1242.0,1540,73,69,13665.8
811.122,390.1,1242.0,1540,73,68,13691.6
811.242,519.6,1242.0,1540,15,67,13714.2
811.361,99.0,1242.0,1540,37,71,13705.0
811.481,260.0,1242.0,1540,48,68,13742.1
811.601,519.0,1242.0,1540,48,67,13772.0
811.737,98.3,1242.0,1540,16,70,13765.2
811.895,259.3,1242.0,1540,3,67,13731.1
812.262,388.8,1242.0,1540,2,67,13694.1
812.634,518.3,1242.0,1540,2,67,13652.6
813.021,518.3,1242.0,1540,3,67,13609.4
813.426,97.6,1242.0,1540,1,71,13601.7
813.557,258.7,1242.0,1540,2,67,13560.1
813.952,517.7,1242.0,1540,3,67,13517.1
814.347,97.0,1242.0,1540,45,71,13508.4
814.48,258.0,1242.0,1540,5,67,13462.5
814.871,517.0,1242.0,1540,3,67,13420.5
815.246,96.3,1242.0,1540,67,69,13395.1
815.447,257.3,1242.0,1540,5,68,13351.1
815.85,95.7,1242.0,1540,52,68,13335.3
816.113,386.2,1242.0,1540,4,68,13303.0
816.469,95.0,1242.0,1540,43,69,13275.0
816.737,385.5,1242.0,1540,38,68,13252.5
816.857,515.0,1242.0,1540,13,68,13183.2
816.983,94.4,1242.0,1540,41,70,13214.7
817.102,125.9,1242.0,1540,41,69,13239.7
817.23,255.4,1242.0,1540,38,68,13286.1
817.365,384.9,1242.0,1540,2,68,13256.6
817.722,384.9,1242.0,1540,1,68,13216.3
818.06,384.9,1242.0,1540,3,68,13200.0
818.221,514.4,1242.0,1540,3,68,13168.7
818.54,514.4,1242.0,1540,1,68,13150.3
818.664,514.4,1242.0,1540,2,68,13134.4
818.785,514.4,1242.0,1540,2,68,13118.0
818.905,514.4,1242.0,1540,2,68,13103.6
819.026,514.4,1242.0,1540,1,68,13097.4
819.147,514.4,1242.0,1540,1,68,13092.8
819.267,514.4,1242.0,1540,2,68,13077.8
819.388,514.4,1242.0,1540,2,68,13069.5
819.509,514.4,1242.0,1540,1,68,13058.2
819.63,514.4,1242.0,1540,1,68,13042.7
819.75,514.4,1242.0,1540,2,68,13026.2
819.87,514.4,1242.0,1540,2,67,13009.7
819.991,514.4,1242.0,1540,2,67,12995.2
820.111,69.8,1242.0,1540,0,69,12985.2
820.231,381.0,1242.0,1540,82,67,12978.6
820.353,252.8,1242.0,1540,76,68,12968.4
820.474,254.2,1242.0,1540,76,69,12957.9
820.595,255.6,1242.0,1540,85,70,12947.6
820.717,256.9,1242.0,1540,89,71,12937.1
820.838,97.3,1242.0,1540,83,72,12927.0
820.958,98.7,1242.0,1540,83,72,12916.7
821.078,100.0,1242.0,1540,81,71,12906.3
821.199,101.4,1242.0,1540,78,71,12896.4
821.318,102.8,1242.0,1540,78,70,12886.2
821.438,104.1,1242.0,1540,81,70,12882.2
821.558,531.8,1242.0,1540,85,70,12643.1
821.677,396.0,1242.0,1540,72,69,12500.5
821.796,397.4,1242.0,1540,72,70,12501.2
821.914,269.3,1242.0,1540,82,70,12502.8
822.033,109.6,1242.0,1540,60,71,12505.8
822.151,529.6,1242.0,1540,60,69,12491.4
822.269,272.0,1242.0,1540,65,69,12494.2
822.387,112.3,1242.0,1540,59,71,12497.0
822.504,532.4,1242.0,1540,59,69,12504.2
822.622,274.7,1242.0,1540,59,70,12507.9
822.74,533.7,1242.0,1540,57,69,12521.6
822.858,276.1,1242.0,1540,51,70,12529.1
822.976,535.1,1242.0,1540,51,68,12538.5
823.094,148.0,1242.0,1540,45,69,12550.4
823.212,277.5,1242.0,1540,25,68,12576.0
823.33,407.0,1242.0,1540,25,68,12600.0
823.448,536.5,1242.0,1540,9,68,12623.5
823.565,536.5,1242.0,1540,7,68,12646.9
823.684,149.3,1242.0,1540,44,69,12650.8
823.804,408.3,1242.0,1540,44,68,12666.7
823.923,537.8,1242.0,1540,15,68,12678.8
824.043,280.2,1242.0,1540,48,69,12677.1
824.162,409.7,1242.0,1540,48,68,12683.2
824.281,120.6,1242.0,1540,16,71,12680.5
824.4,281.6,1242.0,1540,50,68,12684.2
824.52,540.6,1242.0,1540,18,68,12685.0
824.639,282.9,1242.0,1540,18,69,12676.7
824.758,123.3,1242.0,1540,64,70,12668.5
824.878,124.7,1242.0,1540,78,71,12660.0
824.996,126.0,1242.0,1540,78,70,12654.6
825.115,287.0,1242.0,1540,74,69,12672.1
825.235,416.5,1242.0,1540,23,68,12695.8
825.354,127.4,1242.0,1540,45,71,12701.2
825.473,288.4,1242.0,1540,45,68,12761.7
825.593,417.9,1242.0,1540,15,68,12800.8
825.713,547.4,1242.0,1540,11,68,12837.6
825.833,98.1,1242.0,1540,11,71,12850.6
825.954,99.3,1242.0,1540,0,68,12916.4
826.145,99.3,1242.0,1540,2,68,12933.7
826.379,99.3,1242.0,1540,2,68,12978.6
826.531,99.3,1242.0,1540,2,68,12994.5
826.843,99.3,1242.0,1540,2,68,12983.7
827.045,99.3,1242.0,1540,0,68,12932.1
827.18,99.3,1242.0,1540,2,68,12996.1
827.309,99.3,1242.0,1540,2,68,13007.0
827.45,99.3,1242.0,1540,2,68,12741.3
827.586,99.3,1242.0,1540,0,68,12729.7
827.712,99.3,1242.0,1540,2,68,12834.8
827.836,99.3,1242.0,1540,2,68,12932.3
827.962,99.3,1242.0,1540,2,68,13047.7
828.087,99.3,1242.0,1540,0,68,13122.5
828.213,99.3,1242.0,1540,2,68,13068.4
828.339,99.3,1242.0,1540,2,68,13152.5
828.464,99.3,1242.0,1540,2,68,13176.0
828.59,99.3,1242.0,1540,0,68,13218.5
828.719,99.3,1242.0,1540,2,68,13274.8
828.845,99.3,1242.0,1540,2,68,13353.5
828.971,99.3,1242.0,1540,2,68,13393.2
829.091,99.3,1242.0,1540,0,68,13407.6
829.21,99.3,1242.0,1540,2,68,13436.6
829.329,99.3,1242.0,1540,2,68,13502.3
829.447,99.3,1242.0,1540,2,68,13506.9
829.572,99.3,1242.0,1540,0,68,13506.9
829.698,99.3,1242.0,1540,2,68,13506.9
829.825,156.4,1242.0,1540,2,68,13468.4
829.943,415.4,1242.0,1540,9,68,13483.9
830.061,544.9,1242.0,1540,11,68,13504.5
830.179,138.8,1242.0,1540,11,69,13520.4
830.296,156.4,1242.0,1540,37,70,13525.4
830.414,415.4,1242.0,1540,51,68,13542.1
830.532,123.8,1242.0,1540,51,69,13551.0
830.649,284.8,1242.0,1540,38,70,13553.1
830.767,122.6,1242.0,1540,66,71,13557.7
830.885,413.1,1242.0,1540,81,70,13560.5
831.002,121.5,1242.0,1540,81,71,13562.5
831.12,412.0,1242.0,1540,78,69,13565.0
831.237,120.3,1242.0,1540,47,71,13567.8
831.354,281.3,1242.0,1540,47,69,13574.6
831.473,410.8,1242.0,1540,59,68,13583.8
831.59,540.3,1242.0,1540,16,68,13592.0
831.708,119.2,1242.0,1540,71,70,13592.6
831.826,280.2,1242.0,1540,71,68,13604.4
831.948,539.2,1242.0,1540,16,68,13610.7
832.067,118.0,1242.0,1540,50,72,13603.2
832.185,279.0,1242.0,1540,50,69,13617.4
832.304,408.5,1242.0,1540,36,68,13631.1
832.423,116.9,1242.0,1540,18,71,13635.3
832.541,148.4,1242.0,1540,70,69,13637.8
832.659,277.9,1242.0,1540,70,68,13660.5
832.778,407.4,1242.0,1540,10,68,13680.4
832.896,536.9,1242.0,1540,10,68,13701.0
833.015,115.7,1242.0,1540,10,71,13705.5
833.134,276.7,1242.0,1540,59,69,13706.8
833.253,535.7,1242.0,1540,32,68,13709.1
833.372,114.6,1242.0,1540,32,72,13700.0
833.49,534.6,1242.0,1540,75,69,13706.1
833.61,113.4,1242.0,1540,21,71,13630.3
833.729,274.4,1242.0,1540,75,70,13176.6
833.847,998.7,1242.0,1540,75,68,13182.4
833.965,112.3,1242.0,1540,47,71,13183.4
834.082,532.3,1242.0,1540,52,69,13192.6
834.2,111.1,1242.0,1540,52,72,13193.9
834.318,401.6,1242.0,1540,74,69,13199.5
834.435,110.0,1242.0,1540,30,71,13203.4
834.552,271.0,1242.0,1540,71,69,13206.0
834.671,530.0,1242.0,1540,71,68,13213.8
834.788,108.8,1242.0,1540,41,72,13214.3
834.906,528.8,1242.0,1540,68,69,13217.3
835.024,107.7,1242.0,1540,68,72,13220.0
835.143,106.5,1242.0,1540,82,71,13221.8
835.261,267.5,1242.0,1540,82,70,13229.6
835.379,397.0,1242.0,1540,82,69,13260.0
835.498,105.4,1242.0,1540,22,71,13263.1
835.615,266.4,1242.0,1540,74,69,13287.6
835.733,525.4,1242.0,1540,17,68,13326.3
835.851,104.2,1242.0,1540,17,71,13332.6
835.968,265.2,1242.0,1540,72,69,13352.9
836.086,394.7,1242.0,1540,14,68,13379.3
836.204,524.2,1242.0,1540,14,68,13410.6
836.322,103.1,1242.0,1540,13,72,13413.0
836.44,264.1,1242.0,1540,70,69,13458.7
836.558,393.6,1242.0,1540,10,68,13465.6
836.678,523.1,1242.0,1540,10,68,13454.9
836.796,101.9,1242.0,1540,11,70,13512.8
836.914,101.9,1242.0,1540,70,69,13525.0
837.031,263.0,1242.0,1540,70,68,13583.9
837.151,522.0,1242.0,1540,12,68,13656.5
837.271,100.8,1242.0,1540,15,69,13706.4
837.39,261.8,1242.0,1540,72,70,13719.6
837.51,391.3,1242.0,1540,72,68,13768.2
837.643,520.8,1242.0,1540,49,69,13750.2
837.95,260.7,1242.0,1540,4,68,13703.7
838.361,390.2,1242.0,1540,3,68,13661.1
838.754,98.5,1242.0,1540,41,69,13639.6
838.986,259.5,1242.0,1540,2,68,13590.4
839.381,259.5,1242.0,1540,2,68,13543.8
839.785,389.0,1242.0,1540,3,68,13496.6
840.203,518.5,1242.0,1540,67,69,13458.1
840.577,258.4,1242.0,1540,1,68,13416.4
840.956,387.9,1242.0,1540,4,68,13369.7
841.357,517.4,1242.0,1540,2,68,13326.3
841.746,96.2,1242.0,1540,68,71,13318.4
841.882,257.2,1242.0,1540,2,68,13281.3
842.241,386.7,1242.0,1540,3,68,13236.5
842.63,516.2,1242.0,1540,2,68,13189.4
843.035,516.2,1242.0,1540,4,68,13164.1
843.269,132.3,1242.0,1540,3,70,13157.1
843.392,95.1,1242.0,1540,3,70,13155.9
843.514,102.1,1242.0,1540,67,68,13138.7
843.634,256.1,1242.0,1540,6,68,13059.3
843.767,385.6,1242.0,1540,7,68,13132.4
843.887,515.1,1242.0,1540,1,68,13123.8
844.301,515.1,1242.0,1540,2,68,13081.0
844.683,515.1,1242.0,1540,1,68,13077.7
844.916,70.0,1242.0,1540,58,71,12994.0
845.073,78.2,1242.0,1540,58,69,12559.9
845.192,79.6,1242.0,1540,19,71,12559.1
845.311,81.1,1242.0,1540,80,71,12559.7
845.429,82.5,1242.0,1540,82,70,12560.6
845.547,509.2,1242.0,1540,82,70,12562.5
845.664,503.9,1242.0,1540,83,69,12563.6
845.782,375.8,1242.0,1540,76,70,12565.1
845.902,247.8,1242.0,1540,76,70,12565.9
846.02,119.7,1242.0,1540,79,71,12566.7
846.139,89.6,1242.0,1540,82,72,12567.7
846.257,91.0,1242.0,1540,87,71,12567.9
846.375,92.4,1242.0,1540,87,71,12568.4
846.494,93.9,1242.0,1540,77,70,12569.3
846.611,513.9,1242.0,1540,72,69,12571.8
846.73,385.8,1242.0,1540,72,70,12573.3
846.849,257.7,1242.0,1540,73,71,12574.0
846.968,98.1,1242.0,1540,80,72,12575.8
847.086,99.6,1242.0,1540,62,70,12579.2
847.205,390.1,1242.0,1540,62,69,12583.0
847.324,132.5,1242.0,1540,63,71,12586.5
847.442,521.0,1242.0,1540,37,69,12592.9
847.559,263.4,1242.0,1540,37,70,12596.4
847.678,392.9,1242.0,1540,58,69,12610.5
847.795,528.0,1242.0,1540,12,69,12624.4
847.912,264.8,1242.0,1540,12,69,12634.9
848.03,394.3,1242.0,1540,48,68,12646.5
848.148,105.2,1242.0,1540,24,72,12653.1
848.266,266.3,1242.0,1540,38,69,12675.5
848.383,266.3,1242.0,1540,38,68,12706.2
848.502,395.8,1242.0,1540,8,68,12732.2
848.619,525.3,1242.0,1540,8,68,12759.8
848.737,525.3,1242.0,1540,8,68,12785.0
848.856,106.7,1242.0,1540,6,71,12799.5
848.975,267.7,1242.0,1540,43,68,12772.8
849.094,397.2,1242.0,1540,11,68,12460.6
849.212,526.7,1242.0,1540,11,68,12382.1
849.34,108.1,1242.0,1540,10,70,12394.3
849.458,269.1,1242.0,1540,45,69,12409.6
849.575,398.6,1242.0,1540,45,68,12433.2
849.694,528.1,1242.0,1540,10,68,12461.3
849.812,109.5,1242.0,1540,12,68,12480.7
849.93,141.0,1242.0,1540,12,69,12497.8
850.047,270.5,1242.0,1540,44,68,12512.8
850.164,400.0,1242.0,1540,10,68,12557.8
850.282,529.5,1242.0,1540,8,68,12606.8
850.4,110.9,1242.0,1540,8,68,12641.1
850.518,271.9,1242.0,1540,37,68,12671.6
850.636,530.9,1242.0,1540,23,68,12701.2
850.753,112.4,1242.0,1540,23,71,12714.6
850.87,402.9,1242.0,1540,49,68,12753.5
850.988,532.4,1242.0,1540,19,68,12750.6
851.107,145.3,1242.0,1540,48,70,12729.5
851.225,404.3,1242.0,1540,48,68,12714.2
851.344,533.8,1242.0,1540,12,68,12708.7
851.462,122.2,1242.0,1540,49,69,12697.1
851.58,276.2,1242.0,1540,49,68,12710.8
851.698,405.7,1242.0,1540,11,68,12714.2
851.817,535.2,1242.0,1540,7,68,12677.7
851.94,535.2,1242.0,1540,7,67,12690.8
852.058,535.2,1242.0,1540,7,67,12683.5
852.178,535.2,1242.0,1540,2,67,12673.1
852.3,116.6,1242.0,1540,1,67,12666.0
852.418,116.6,1242.0,1540,1,68,12658.8
852.537,116.6,1242.0,1540,40,68,12645.5
852.658,116.6,1242.0,1540,2,67,12632.7
852.778,116.6,1242.0,1540,0,67,12621.6
852.898,148.1,1242.0,1540,0,67,12609.8
853.018,148.1,1242.0,1540,2,67,12598.0
853.139,148.1,1242.0,1540,2,67,12585.9
853.26,277.6,1242.0,1540,2,67,12575.5
853.38,277.6,1242.0,1540,1,67,12562.2
853.503,277.6,1242.0,1540,2,67,12548.9
853.623,277.6,1242.0,1540,2,67,12538.1
853.743,277.6,1242.0,1540,2,67,12524.2
853.864,277.6,1242.0,1540,0,67,12513.1
853.985,277.6,1242.0,1540,2,67,12508.1
854.105,277.6,1242.0,1540,2,67,12495.2
854.226,277.6,1242.0,1540,2,67,12487.1
854.344,407.1,1242.0,1540,3,67,12357.4
854.466,536.6,1242.0,1540,10,67,12178.4
854.584,536.6,1242.0,1540,10,67,12222.1
854.708,87.4,1242.0,1540,8,71,12245.4
854.829,88.6,1242.0,1540,39,68,12365.9
854.954,88.6,1242.0,1540,2,68,12463.5
855.079,88.6,1242.0,1540,2,67,12561.2
855.204,88.6,1242.0,1540,2,67,12661.2
855.33,88.6,1242.0,1540,0,67,12696.0
855.454,88.6,1242.0,1540,2,68,12814.3
855.58,88.6,1242.0,1540,2,67,12917.1
855.706,88.6,1242.0,1540,2,67,12800.2
855.833,88.6,1242.0,1540,0,67,12539.6
855.958,88.6,1242.0,1540,2,68,12637.1
856.083,88.6,1242.0,1540,2,68,12752.0
856.21,88.6,1242.0,1540,2,68,12858.1
856.335,88.6,1242.0,1540,0,68,12957.9
856.46,88.6,1242.0,1540,2,68,13058.7
856.584,88.6,1242.0,1540,2,68,13152.4
856.71,88.6,1242.0,1540,2,68,13261.9
856.835,88.6,1242.0,1540,0,68,13293.2
856.961,88.6,1242.0,1540,2,68,13392.7
857.085,88.6,1242.0,1540,2,68,13479.5
857.206,88.6,1242.0,1540,2,68,13298.7
857.333,88.6,1242.0,1540,0,68,13298.7
857.461,88.6,1242.0,1540,2,68,13298.7
857.588,404.8,1242.0,1540,2,68,13263.2
857.707,114.7,1242.0,1540,46,72,13264.1
857.825,534.7,1242.0,1540,71,69,13275.7
857.943,114.0,1242.0,1540,71,71,13275.8
858.06,556.5,1242.0,1540,80,70,13283.2
858.178,116.7,1242.0,1540,74,72,13283.6
858.297,112.4,1242.0,1540,80,71,13285.7
858.415,532.5,1242.0,1540,80,70,13287.4
858.533,111.7,1242.0,1540,89,73,13287.5
858.651,531.7,1242.0,1540,60,69,13292.9
858.77,110.9,1242.0,1540,60,73,13293.1
858.888,530.9,1242.0,1540,78,69,13298.2
859.006,110.2,1242.0,1540,58,72,13299.4
859.123,271.2,1242.0,1540,58,69,13325.8
859.242,109.4,1242.0,1540,48,71,13327.3
859.359,140.9,1242.0,1540,76,69,13348.8
859.477,270.4,1242.0,1540,9,68,13375.9
859.594,399.9,1242.0,1540,9,68,13401.7
859.712,399.9,1242.0,1540,8,68,13426.7
859.829,529.4,1242.0,1540,6,68,13431.9
859.948,152.8,1242.0,1540,6,70,13088.3
860.065,108.6,1242.0,1540,35,71,13101.9
860.183,269.6,1242.0,1540,46,68,13144.7
860.301,399.1,1242.0,1540,10,68,13176.7
860.419,528.6,1242.0,1540,10,68,13207.4
860.537,107.9,1242.0,1540,22,71,13212.5
860.654,268.9,1242.0,1540,65,69,13221.9
860.773,527.9,1242.0,1540,65,68,13235.1
860.891,107.1,1242.0,1540,15,70,13244.5
861.008,138.6,1242.0,1540,69,69,13249.2
861.125,397.6,1242.0,1540,69,68,13265.6
861.243,106.3,1242.0,1540,20,71,13275.8
861.361,137.8,1242.0,1540,73,69,13303.7
861.479,267.3,1242.0,1540,11,68,13362.4
861.596,396.8,1242.0,1540,11,68,13415.4
861.714,550.6,1242.0,1540,12,68,13449.2
861.831,105.6,1242.0,1540,72,71,13458.2
861.949,266.6,1242.0,1540,72,68,13496.7
862.068,396.1,1242.0,1540,12,68,13328.6
862.186,525.6,1242.0,1540,10,68,13378.9
862.303,104.8,1242.0,1540,10,71,13388.2
862.422,265.8,1242.0,1540,65,68,13425.5
862.54,524.8,1242.0,1540,22,68,13469.2
862.659,104.0,1242.0,1540,43,71,13486.4
862.776,394.5,1242.0,1540,43,69,13494.4
862.894,103.3,1242.0,1540,59,71,13498.5
863.012,264.3,1242.0,1540,77,68,13490.5
863.153,393.8,1242.0,1540,12,68,13528.3
863.272,102.5,1242.0,1540,12,68,13549.0
863.388,263.5,1242.0,1540,58,70,13555.3
863.506,101.7,1242.0,1540,60,70,13561.2
863.623,262.8,1242.0,1540,60,70,13568.9
863.74,521.8,1242.0,1540,61,68,13588.5
863.859,101.0,1242.0,1540,63,72,13572.6
863.978,521.0,1242.0,1540,63,68,13580.8
864.096,100.2,1242.0,1540,44,72,13570.9
864.215,390.7,1242.0,1540,74,68,13596.4
864.334,99.4,1242.0,1540,47,71,13602.8
864.452,260.5,1242.0,1540,47,69,13618.5
864.571,390.0,1242.0,1540,44,68,13664.8
864.691,519.5,1242.0,1540,15,68,13731.7
864.809,98.7,1242.0,1540,15,72,13732.5
864.928,259.7,1242.0,1540,71,68,13777.8
865.048,389.2,1242.0,1540,10,68,13820.6
865.194,518.7,1242.0,1540,3,68,13788.5
865.567,97.9,1242.0,1540,29,71,13776.6
865.711,258.9,1242.0,1540,4,68,13743.7
866.067,388.4,1242.0,1540,4,68,13707.9
866.417,97.2,1242.0,1540,69,68,13681.5
866.741,258.2,1242.0,1540,1,68,13638.6
867.131,258.2,1242.0,1540,2,68,13583.9
867.568,387.7,1242.0,1540,4,68,13539.7
867.957,517.2,1242.0,1540,38,69,13512.8
868.258,257.4,1242.0,1540,4,68,13473.7
868.623,257.4,1242.0,1540,5,68,13436.2
868.964,516.4,1242.0,1540,3,68,13391.5
869.331,95.6,1242.0,1540,58,71,13376.2
869.534,256.6,1242.0,1540,3,68,13339.8
869.874,386.1,1242.0,1540,1,68,13295.5
870.235,386.1,1242.0,1540,3,68,13254.7
870.605,94.9,1242.0,1540,72,69,13237.1
870.893,255.9,1242.0,1540,6,68,13228.1
871.013,385.4,1242.0,1540,6,68,13183.5
871.132,385.4,1242.0,1540,7,68,13235.7
871.304,514.9,1242.0,1540,3,68,13211.3
871.642,514.9,1242.0,1540,2,68,13165.5
872.051,514.9,1242.0,1540,2,68,13121.7
872.435,70.2,1242.0,1540,19,71,13112.8
872.579,510.5,1242.0,1540,54,69,13111.5
872.7,512.0,1242.0,1540,86,70,13102.1
872.819,513.5,1242.0,1540,86,70,13093.0
872.94,385.5,1242.0,1540,86,70,13083.3
873.061,386.9,1242.0,1540,86,71,13073.7
873.182,388.4,1242.0,1540,86,71,13064.4
873.304,260.4,1242.0,1540,81,70,13055.4
873.425,132.4,1242.0,1540,80,71,13046.4
873.545,102.3,1242.0,1540,87,72,13030.9
873.665,103.8,1242.0,1540,87,72,12740.2
873.789,105.3,1242.0,1540,77,72,12733.2
873.916,106.8,1242.0,1540,73,71,12735.0
874.033,397.3,1242.0,1540,62,69,12738.5
874.151,269.3,1242.0,1540,62,70,12741.3
874.269,109.7,1242.0,1540,59,70,12745.7
874.387,400.2,1242.0,1540,62,69,12748.7
874.506,142.7,1242.0,1540,62,70,12751.0
874.625,112.7,1242.0,1540,67,72,12752.7
874.742,114.2,1242.0,1540,70,69,12755.3
874.859,404.7,1242.0,1540,70,70,12759.6
874.978,147.1,1242.0,1540,63,72,12762.4
875.095,406.1,1242.0,1540,56,69,12774.3
875.213,117.1,1242.0,1540,23,69,12786.7
875.346,407.6,1242.0,1540,23,69,12412.2
875.465,537.1,1242.0,1540,47,69,12393.5
875.584,150.1,1242.0,1540,47,69,12412.6
875.703,279.6,1242.0,1540,9,69,12438.1
875.821,409.1,1242.0,1540,9,68,12466.6
875.938,409.1,1242.0,1540,7,68,12493.1
876.056,538.6,1242.0,1540,6,68,12518.8
876.174,538.6,1242.0,1540,6,68,12545.1
876.292,127.1,1242.0,1540,27,69,12559.9
876.41,281.1,1242.0,1540,25,68,12592.0
876.527,410.6,1242.0,1540,25,68,12623.2
876.645,121.5,1242.0,1540,15,71,12630.2
876.764,541.6,1242.0,1540,56,69,12635.6
876.882,130.0,1242.0,1540,54,70,12637.8
877.0,543.0,1242.0,1540,54,68,12642.9
877.117,285.5,1242.0,1540,51,69,12666.5
877.235,415.0,1242.0,1540,20,68,12707.9
877.353,544.5,1242.0,1540,20,68,12742.6
877.471,544.5,1242.0,1540,11,68,12783.9
877.592,287.0,1242.0,1540,42,69,12700.0
877.712,416.5,1242.0,1540,17,68,12651.6
877.83,546.0,1242.0,1540,17,68,12647.2
877.948,159.0,1242.0,1540,38,70,12667.7
878.065,418.0,1242.0,1540,22,68,12696.2
878.184,547.5,1242.0,1540,22,68,12722.3
878.302,160.4,1242.0,1540,19,70,12732.6
878.42,419.4,1242.0,1540,43,68,12756.8
878.537,548.9,1242.0,1540,43,68,12720.8
878.656,130.4,1242.0,1540,15,71,12656.0
878.783,291.4,1242.0,1540,43,68,12734.6
878.901,420.9,1242.0,1540,10,68,12687.1
879.02,420.9,1242.0,1540,10,68,12734.7
879.151,550.4,1242.0,1540,5,68,12766.7
879.269,550.4,1242.0,1540,6,68,12651.5
879.388,101.2,1242.0,1540,30,71,12480.4
879.505,102.5,1242.0,1540,30,68,12532.4
879.633,102.5,1242.0,1540,13,68,12633.1
879.758,102.5,1242.0,1540,2,68,12731.1
879.883,102.5,1242.0,1540,2,68,12841.6
880.008,102.5,1242.0,1540,2,68,12944.2
880.134,102.5,1242.0,1540,0,68,13043.3
880.259,102.5,1242.0,1540,2,68,13112.7
880.385,102.5,1242.0,1540,2,68,13098.8
880.511,102.5,1242.0,1540,2,68,13096.2
880.636,102.5,1242.0,1540,0,68,13174.2
880.761,102.5,1242.0,1540,2,68,13210.2
880.887,102.5,1242.0,1540,2,68,13180.2
881.015,102.5,1242.0,1540,2,68,13237.4
881.141,102.5,1242.0,1540,0,68,13283.2
881.277,102.5,1242.0,1540,2,68,13347.1
881.4,102.5,1242.0,1540,2,68,13393.7
881.52,102.5,1242.0,1540,2,67,13448.5
881.638,102.5,1242.0,1540,1,67,13386.6
881.764,102.5,1242.0,1540,1,67,13386.6
881.891,102.5,1242.0,1540,2,67,13386.6
882.018,128.2,1242.0,1540,2,67,13335.7
882.136,128.2,1242.0,1540,26,68,13338.9
882.255,289.3,1242.0,1540,91,68,13344.3
882.373,548.3,1242.0,1540,91,68,13354.5
882.491,127.0,1242.0,1540,35,70,13354.6
882.609,547.0,1242.0,1540,80,68,13359.7
882.727,125.7,1242.0,1540,79,71,13359.8
882.848,170.1,1242.0,1540,79,69,13364.6
882.966,128.0,1242.0,1540,68,71,13365.1
883.084,123.2,1242.0,1540,62,70,13368.1
883.201,154.7,1242.0,1540,62,70,13369.6
883.32,122.0,1242.0,1540,78,71,13371.1
883.437,412.5,1242.0,1540,86,70,13372.7
883.556,120.7,1242.0,1540,86,73,13373.2
883.674,411.2,1242.0,1540,89,69,13381.4
883.793,119.4,1242.0,1540,49,73,13382.8
883.91,280.5,1242.0,1540,54,69,13400.0
884.028,280.5,1242.0,1540,54,68,13427.1
884.145,410.0,1242.0,1540,8,68,13454.0
884.263,539.5,1242.0,1540,7,68,13479.7
884.38,539.5,1242.0,1540,7,68,13504.7
884.499,118.2,1242.0,1540,9,71,13512.2
884.617,279.2,1242.0,1540,71,69,13491.7
884.736,538.2,1242.0,1540,24,68,13489.7
884.857,116.9,1242.0,1540,24,72,13389.4
884.976,407.4,1242.0,1540,72,69,13401.6
885.094,536.9,1242.0,1540,18,68,13416.7
885.212,115.7,1242.0,1540,18,72,13419.1
885.33,276.7,1242.0,1540,71,69,13424.1
885.448,114.4,1242.0,1540,45,72,13425.2
885.565,534.4,1242.0,1540,45,69,13429.6
885.684,113.2,1242.0,1540,72,73,13430.1
885.801,556.0,1242.0,1540,83,70,13433.5
885.919,272.9,1242.0,1540,83,71,13433.9
886.037,110.6,1242.0,1540,83,72,13437.5
886.154,271.6,1242.0,1540,70,71,13439.8
886.272,122.9,1242.0,1540,42,69,13444.4
886.39,140.9,1242.0,1540,42,72,13445.9
886.508,529.4,1242.0,1540,78,69,13461.1
886.626,108.1,1242.0,1540,46,72,13461.6
886.743,528.1,1242.0,1540,64,69,13465.0
886.861,106.9,1242.0,1540,64,73,13465.0
886.979,526.9,1242.0,1540,78,69,13473.1
887.096,105.6,1242.0,1540,81,72,13473.9
887.213,110.0,1242.0,1540,81,70,13480.8
887.331,135.9,1242.0,1540,60,71,13490.0
887.449,394.9,1242.0,1540,47,69,13536.8
887.568,284.7,1242.0,1540,47,69,13566.1
887.686,103.1,1242.0,1540,34,70,13569.5
887.803,264.1,1242.0,1540,56,69,13607.8
887.923,523.1,1242.0,1540,15,68,13636.3
888.043,101.8,1242.0,1540,15,70,13670.0
888.163,101.8,1242.0,1540,46,70,13664.9
888.283,262.8,1242.0,1540,35,69,13705.9
888.404,392.3,1242.0,1540,35,68,13757.2
888.524,521.8,1242.0,1540,12,68,13808.6
888.645,100.6,1242.0,1540,39,71,13799.0
888.765,261.6,1242.0,1540,44,69,13832.1
888.895,391.1,1242.0,1540,4,68,13805.1
889.252,520.6,1242.0,1540,3,68,13767.9
889.601,99.3,1242.0,1540,55,72,13759.9
889.745,130.8,1242.0,1540,2,68,13711.3
890.17,260.3,1242.0,1540,2,68,13673.8
890.543,389.8,1242.0,1540,1,68,13642.5
890.893,389.8,1242.0,1540,2,68,13601.6
891.272,519.3,1242.0,1540,3,68,13563.9
891.645,98.1,1242.0,1540,31,72,13556.0
891.782,129.6,1242.0,1540,2,68,13521.3
892.121,259.1,1242.0,1540,1,68,13480.9
892.47,259.1,1242.0,1540,2,68,13463.1
892.598,259.1,1242.0,1540,2,68,13445.6
892.719,259.1,1242.0,1540,2,68,13428.4
892.84,259.1,1242.0,1540,0,68,13418.3
892.961,259.1,1242.0,1540,3,68,13404.7
893.082,259.1,1242.0,1540,3,68,13388.9
893.203,259.1,1242.0,1540,2,68,13373.3
893.324,388.6,1242.0,1540,0,68,13356.1
893.446,388.6,1242.0,1540,2,68,13338.8
893.567,388.6,1242.0,1540,2,68,13321.3
893.688,388.6,1242.0,1540,3,68,13320.7
893.809,388.6,1242.0,1540,2,68,13306.2
893.93,388.6,1242.0,1540,4,68,13303.6
894.05,388.6,1242.0,1540,4,68,13287.8
894.171,518.1,1242.0,1540,3,68,13279.5
894.292,518.1,1242.0,1540,1,68,13267.0
894.412,518.1,1242.0,1540,1,68,13262.0
894.533,518.1,1242.0,1540,3,68,13246.5
894.654,992.9,1242.0,1540,3,68,13251.9
894.776,96.8,1242.0,1540,69,71,13245.7
894.896,100.3,1242.0,1540,69,68,13232.3
895.026,128.3,1242.0,1540,3,68,13220.6
895.147,257.8,1242.0,1540,2,68,13207.4
895.268,257.8,1242.0,1540,2,68,13191.3
895.389,257.8,1242.0,1540,2,68,13174.2
895.51,257.8,1242.0,1540,2,68,13159.4
895.631,257.8,1242.0,1540,2,68,13146.6
895.751,257.8,1242.0,1540,2,68,13128.1
895.872,257.8,1242.0,1540,0,68,13111.2
895.994,257.8,1242.0,1540,2,68,13092.9
896.115,257.8,1242.0,1540,3,68,13082.3
896.236,257.8,1242.0,1540,3,68,13066.7
896.356,257.8,1242.0,1540,0,68,13048.0
896.477,257.8,1242.0,1540,2,68,13041.3
896.596,387.3,1242.0,1540,2,68,12954.2
896.716,95.5,1242.0,1540,8,69,12776.8
896.84,99.1,1242.0,1540,62,69,12808.8
896.97,127.1,1242.0,1540,19,68,12795.3
897.09,256.6,1242.0,1540,19,68,12781.9
897.209,256.6,1242.0,1540,2,68,12767.9
897.33,256.6,1242.0,1540,3,68,12753.9
897.45,256.6,1242.0,1540,2,68,12739.3
897.57,256.6,1242.0,1540,2,68,12724.6
897.69,256.6,1242.0,1540,2,68,12709.9
897.81,256.6,1242.0,1540,0,68,12696.2
897.929,256.6,1242.0,1540,0,68,12682.2
898.049,256.6,1242.0,1540,2,68,12665.9
898.168,386.1,1242.0,1540,5,68,12431.5
898.293,386.1,1242.0,1540,6,68,12357.5
898.42,515.6,1242.0,1540,6,68,12004.3
898.538,70.4,1242.0,1540,11,71,11976.1
898.655,65.4,1242.0,1540,70,69,11982.8
898.773,368.8,1242.0,1540,70,68,11994.3
898.892,240.8,1242.0,1540,33,69,11994.8
899.01,81.3,1242.0,1540,67,72,11995.6
899.128,82.9,1242.0,1540,77,71,11996.7
899.246,502.9,1242.0,1540,77,69,11997.9
899.363,374.9,1242.0,1540,71,70,11998.6
899.481,246.9,1242.0,1540,79,72,11999.8
899.599,87.5,1242.0,1540,79,71,12000.9
899.718,248.5,1242.0,1540,65,69,12017.7
899.836,89.0,1242.0,1540,17,68,12028.8
899.954,379.5,1242.0,1540,61,69,12035.4
900.072,90.5,1242.0,1540,61,71,12040.8
900.19,510.5,1242.0,1540,59,69,12051.7
900.309,253.1,1242.0,1540,59,70,12056.0
900.427,93.6,1242.0,1540,59,70,12061.3
900.544,384.1,1242.0,1540,59,69,12069.0
900.663,126.6,1242.0,1540,58,70,12078.2
900.781,385.6,1242.0,1540,58,68,12090.9
900.9,96.7,1242.0,1540,24,71,12097.0
901.018,387.2,1242.0,1540,52,68,12077.1
901.136,98.2,1242.0,1540,28,70,12091.4
901.254,388.7,1242.0,1540,28,69,12098.6
901.372,99.7,1242.0,1540,50,71,12102.2
901.49,519.7,1242.0,1540,56,69,12098.8
901.608,101.2,1242.0,1540,56,71,12113.3
901.727,521.3,1242.0,1540,53,68,12126.7
901.845,106.3,1242.0,1540,45,71,12134.8
901.963,393.3,1242.0,1540,28,68,12150.5
902.081,104.3,1242.0,1540,28,70,12158.2
902.201,265.3,1242.0,1540,52,69,12172.1
902.32,394.8,1242.0,1540,12,68,12200.3
902.437,524.3,1242.0,1540,12,68,12229.7
902.554,105.8,1242.0,1540,12,71,12244.3
902.672,396.4,1242.0,1540,48,68,12264.7
902.789,525.9,1242.0,1540,48,68,12277.7
902.907,107.4,1242.0,1540,13,71,12287.8
903.025,268.4,1242.0,1540,45,68,12312.1
903.143,268.4,1242.0,1540,8,68,12339.7
903.261,397.9,1242.0,1540,8,68,12366.6
903.379,397.9,1242.0,1540,6,68,12393.4
903.498,527.4,1242.0,1540,8,68,12396.9
903.616,108.9,1242.0,1540,8,68,12418.2
903.733,140.4,1242.0,1540,28,69,12441.8
903.851,399.4,1242.0,1540,23,68,12462.1
903.969,110.4,1242.0,1540,42,69,12468.0
904.087,271.5,1242.0,1540,42,68,12458.0
904.205,530.5,1242.0,1540,31,68,12470.5
904.323,143.5,1242.0,1540,49,69,12466.0
904.441,273.0,1242.0,1540,49,68,12469.6
904.559,532.0,1242.0,1540,12,68,12496.8
904.678,113.5,1242.0,1540,36,70,12503.8
904.797,274.5,1242.0,1540,36,68,12530.3
904.916,404.0,1242.0,1540,25,68,12563.4
905.035,533.5,1242.0,1540,9,67,12594.2
905.153,115.0,1242.0,1540,25,70,12620.5
905.27,276.0,1242.0,1540,25,68,12650.4
905.395,405.5,1242.0,1540,30,68,12668.9
905.514,535.0,1242.0,1540,22,68,12697.0
905.633,277.6,1242.0,1540,22,69,12696.7
905.751,277.6,1242.0,1540,58,68,12684.3
905.87,277.6,1242.0,1540,4,67,12669.9
905.99,407.1,1242.0,1540,1,67,12662.7
906.109,407.1,1242.0,1540,1,67,12649.7
906.229,407.1,1242.0,1540,3,67,12644.5
906.347,407.1,1242.0,1540,4,67,12632.9
906.466,407.1,1242.0,1540,4,67,12620.9
906.586,536.6,1242.0,1540,2,67,12610.1
906.706,536.6,1242.0,1540,5,67,12598.8
906.826,536.6,1242.0,1540,2,67,12588.1
906.946,536.6,1242.0,1540,2,67,12583.1
907.066,118.1,1242.0,1540,10,69,12573.9
907.186,149.6,1242.0,1540,36,68,12570.3
907.307,279.1,1242.0,1540,36,67,12559.6
907.428,279.1,1242.0,1540,3,67,12555.4
907.546,279.1,1242.0,1540,4,67,12553.6
907.667,279.1,1242.0,1540,3,67,12542.0
907.787,408.6,1242.0,1540,3,67,12537.4
907.905,408.6,1242.0,1540,3,67,12527.4
908.025,408.6,1242.0,1540,3,67,12517.6
908.145,538.1,1242.0,1540,6,67,12510.8
908.266,538.1,1242.0,1540,6,67,12500.3
908.385,538.1,1242.0,1540,3,67,12488.3
908.505,538.1,1242.0,1540,1,67,12475.0
908.625,538.1,1242.0,1540,1,67,12465.0
908.744,538.1,1242.0,1540,3,67,12453.4
908.864,538.1,1242.0,1540,3,67,12442.6
908.983,538.1,1242.0,1540,1,67,12431.7
909.103,538.1,1242.0,1540,1,68,12421.7
909.222,119.6,1242.0,1540,37,68,12416.2
909.341,151.1,1242.0,1540,6,68,12411.6
909.46,280.6,1242.0,1540,6,67,12424.1
909.579,280.6,1242.0,1540,2,68,12435.8
909.698,410.1,1242.0,1540,6,67,12381.8
909.819,410.1,1242.0,1540,6,67,12408.8
909.938,410.1,1242.0,1540,7,67,12420.0
910.057,539.6,1242.0,1540,3,67,12433.9
910.175,539.6,1242.0,1540,5,67,12433.7
910.295,539.6,1242.0,1540,5,67,12415.4
910.415,539.6,1242.0,1540,3,67,12120.6
910.533,91.8,1242.0,1540,41,68,12181.6
910.656,91.8,1242.0,1540,2,68,12302.0
910.781,91.8,1242.0,1540,2,68,12402.1
910.905,91.8,1242.0,1540,2,67,12504.0
911.03,91.8,1242.0,1540,0,67,12599.5
911.156,91.8,1242.0,1540,2,67,12689.5
911.281,91.8,1242.0,1540,2,67,12815.2
911.406,91.8,1242.0,1540,2,67,12868.0
911.563,91.8,1242.0,1540,0,67,12745.0
911.689,91.8,1242.0,1540,2,67,12700.2
911.835,91.8,1242.0,1540,2,68,12791.9
911.961,91.8,1242.0,1540,2,67,12859.2
912.086,91.8,1242.0,1540,0,68,12973.3
912.21,91.8,1242.0,1540,2,68,13078.4
912.334,91.8,1242.0,1540,2,68,13178.5
912.46,91.8,1242.0,1540,2,68,13264.6
912.586,91.8,1242.0,1540,0,68,13125.9
912.711,91.8,1242.0,1540,2,68,13234.5
912.836,91.8,1242.0,1540,2,68,13341.6
912.961,91.8,1242.0,1540,2,68,13440.5
913.085,91.8,1242.0,1540,0,68,13514.1
913.211,91.8,1242.0,1540,2,68,13567.3
913.329,91.8,1242.0,1540,2,68,13285.3
913.451,91.8,1242.0,1540,2,68,13285.3
913.577,91.8,1242.0,1540,0,68,13285.3
913.703,91.8,1242.0,1540,2,68,13285.3
913.83,278.6,1242.0,1540,2,68,13251.9
913.948,408.1,1242.0,1540,8,68,13274.8
914.067,537.6,1242.0,1540,10,68,13307.4
914.185,118.1,1242.0,1540,70,71,13310.4
914.303,279.1,1242.0,1540,70,69,13331.3
914.42,279.1,1242.0,1540,18,68,13362.7
914.538,408.6,1242.0,1540,10,68,13392.6
914.656,538.1,1242.0,1540,10,68,13416.1
914.773,117.2,1242.0,1540,14,72,13420.5
914.891,278.2,1242.0,1540,70,69,13433.3
915.008,407.7,1242.0,1540,70,68,13454.2
915.128,537.2,1242.0,1540,11,68,13476.0
915.247,116.3,1242.0,1540,37,72,13477.5
915.364,406.8,1242.0,1540,54,68,13499.6
915.482,115.5,1242.0,1540,54,70,13511.8
915.6,115.5,1242.0,1540,58,69,13518.9
915.718,406.0,1242.0,1540,37,68,13531.2
915.836,114.6,1242.0,1540,37,70,13538.4
915.953,146.1,1242.0,1540,59,69,13547.9
916.075,405.1,1242.0,1540,33,68,13364.4
916.193,534.6,1242.0,1540,16,68,13385.2
916.312,113.7,1242.0,1540,16,72,13385.4
916.43,274.7,1242.0,1540,73,68,13410.8
916.548,404.2,1242.0,1540,11,68,13442.2
916.666,533.7,1242.0,1540,11,68,13478.8
916.784,112.8,1242.0,1540,29,72,13480.0
916.901,273.8,1242.0,1540,54,68,13501.3
917.019,403.3,1242.0,1540,54,68,13515.6
917.136,112.0,1242.0,1540,16,68,13539.2
917.254,112.0,1242.0,1540,58,70,13543.9
917.372,273.0,1242.0,1540,24,68,13571.5
917.498,273.0,1242.0,1540,24,68,13106.4
917.619,402.5,1242.0,1540,6,67,13078.6
917.738,532.0,1242.0,1540,8,67,13112.4
917.856,532.0,1242.0,1540,8,67,13139.8
917.973,111.1,1242.0,1540,7,70,13153.6
918.091,142.6,1242.0,1540,69,69,13164.2
918.21,401.6,1242.0,1540,14,68,13181.9
918.328,531.1,1242.0,1540,14,68,13205.6
918.446,110.2,1242.0,1540,13,70,13220.8
918.563,141.7,1242.0,1540,70,69,13228.7
918.682,400.7,1242.0,1540,70,68,13246.0
918.8,530.2,1242.0,1540,16,67,13272.2
918.919,109.3,1242.0,1540,11,68,13289.9
919.037,109.3,1242.0,1540,70,69,13297.7
919.155,399.8,1242.0,1540,70,68,13326.2
919.272,529.3,1242.0,1540,15,67,13353.9
919.389,557.9,1242.0,1540,12,67,13383.1
919.507,108.5,1242.0,1540,12,70,13386.7
919.624,399.0,1242.0,1540,71,68,13408.7
919.742,528.5,1242.0,1540,17,67,13442.0
919.86,107.6,1242.0,1540,17,70,13450.5
919.977,268.6,1242.0,1540,60,68,13469.1
920.096,398.1,1242.0,1540,27,67,13495.4
920.213,106.7,1242.0,1540,27,69,13518.1
920.33,106.7,1242.0,1540,27,71,13523.3
920.448,397.2,1242.0,1540,62,68,13545.8
920.566,996.3,1242.0,1540,20,67,13571.5
920.684,105.8,1242.0,1540,20,71,13572.5
920.802,396.4,1242.0,1540,72,68,13546.4
920.921,525.9,1242.0,1540,18,67,13484.2
921.045,105.0,1242.0,1540,64,71,13475.8
921.163,266.0,1242.0,1540,64,68,13505.0
921.283,395.5,1242.0,1540,20,68,13526.1
921.403,525.0,1242.0,1540,15,67,13549.9
921.522,104.1,1242.0,1540,15,72,13543.0
921.641,265.1,1242.0,1540,71,68,13570.8
921.76,524.1,1242.0,1540,21,67,13585.4
921.879,103.2,1242.0,1540,72,71,13577.0
921.997,393.7,1242.0,1540,72,68,13587.0
922.115,102.3,1242.0,1540,20,70,13588.6
922.233,263.4,1242.0,1540,76,69,13588.1
922.351,522.4,1242.0,1540,76,68,13591.9
922.469,101.5,1242.0,1540,42,71,13583.5
922.588,392.0,1242.0,1540,57,68,13605.4
922.708,100.6,1242.0,1540,57,71,13606.4
922.827,261.6,1242.0,1540,57,69,13612.7
922.946,391.1,1242.0,1540,39,68,13655.0
923.065,99.7,1242.0,1540,23,69,13681.7
923.184,106.7,1242.0,1540,23,69,13676.6
923.304,390.2,1242.0,1540,65,68,13705.5
923.424,98.8,1242.0,1540,23,70,13719.9
923.543,259.9,1242.0,1540,23,69,13724.5
923.667,389.4,1242.0,1540,69,68,13750.6
923.787,98.0,1242.0,1540,18,72,13754.3
923.956,259.0,1242.0,1540,6,68,13729.2
924.25,518.0,1242.0,1540,4,67,13698.7
924.571,97.1,1242.0,1540,46,70,13687.6
924.75,387.6,1242.0,1540,4,68,13658.1
925.051,517.1,1242.0,1540,2,68,13623.6
925.38,96.2,1242.0,1540,59,70,13611.9
925.571,257.2,1242.0,1540,4,68,13568.4
925.917,386.7,1242.0,1540,2,67,13523.6
926.302,516.2,1242.0,1540,3,68,13479.8
926.68,95.4,1242.0,1540,70,68,13448.5
927.016,126.9,1242.0,1540,0,68,13403.6
927.425,256.4,1242.0,1540,2,68,13364.8
927.769,256.4,1242.0,1540,1,68,13348.4
927.918,256.4,1242.0,1540,2,68,13330.9
928.045,256.4,1242.0,1540,2,68,13314.0
928.166,256.4,1242.0,1540,2,68,13297.7
928.286,256.4,1242.0,1540,0,68,13283.2
928.407,256.4,1242.0,1540,2,68,13268.0
928.528,256.4,1242.0,1540,2,68,13253.9
928.648,256.4,1242.0,1540,2,68,13241.4
928.769,256.4,1242.0,1540,1,68,13233.1
928.889,256.4,1242.0,1540,1,68,13223.1
929.011,256.4,1242.0,1540,2,68,13210.9
929.131,256.4,1242.0,1540,2,68,13193.7
929.252,256.4,1242.0,1540,0,68,13177.2
929.372,256.4,1242.0,1540,0,68,13164.0
929.493,385.9,1242.0,1540,3,67,13189.4
929.613,385.9,1242.0,1540,5,67,13193.2
929.758,385.9,1242.0,1540,0,67,13176.0
929.884,385.9,1242.0,1540,3,67,13164.1
930.082,385.9,1242.0,1540,1,67,13121.2
930.44,515.4,1242.0,1540,2,67,13087.6
930.742,515.4,1242.0,1540,3,67,13070.2
931.047,515.4,1242.0,1540,0,67,13061.2
931.466,70.6,1242.0,1540,33,68,13047.7
931.645,92.1,1242.0,1540,58,67,13044.8
931.765,382.6,1242.0,1540,81,68,13037.5
931.885,254.6,1242.0,1540,81,69,13028.9
932.006,126.6,1242.0,1540,74,71,13020.9
932.127,96.7,1242.0,1540,76,71,13012.1
932.247,98.2,1242.0,1540,77,69,13004.9
932.366,99.7,1242.0,1540,77,69,12996.3
932.488,519.7,1242.0,1540,79,69,12988.0
932.608,391.8,1242.0,1540,72,70,12979.9
932.729,263.8,1242.0,1540,72,71,12971.3
932.849,104.3,1242.0,1540,67,72,12891.7
932.97,105.9,1242.0,1540,68,71,12549.4
933.089,525.9,1242.0,1540,68,69,12551.8
933.207,397.9,1242.0,1540,68,70,12553.1
933.326,269.9,1242.0,1540,74,72,12554.9
933.445,110.5,1242.0,1540,75,71,12556.5
933.562,530.5,1242.0,1540,75,69,12560.9
933.68,402.5,1242.0,1540,63,69,12562.7
933.8,274.5,1242.0,1540,76,70,12563.7
933.919,115.1,1242.0,1540,76,72,12565.5
934.038,116.6,1242.0,1540,73,70,12567.7
934.155,541.3,1242.0,1540,69,69,12569.9
934.273,408.6,1242.0,1540,67,69,12572.9
934.392,119.7,1242.0,1540,67,71,12581.8
934.509,280.7,1242.0,1540,54,69,12604.8
934.626,280.7,1242.0,1540,8,68,12631.8
934.744,410.2,1242.0,1540,8,68,12654.2
934.862,539.7,1242.0,1540,6,68,12680.2
934.98,539.7,1242.0,1540,8,68,12703.9
935.098,121.2,1242.0,1540,44,69,12716.5
935.216,282.2,1242.0,1540,44,68,12730.0
935.334,122.7,1242.0,1540,17,68,12734.8
935.452,283.7,1242.0,1540,51,69,12739.1
935.57,542.7,1242.0,1540,51,68,12747.1
935.687,124.3,1242.0,1540,19,71,12750.6
935.805,414.8,1242.0,1540,50,68,12756.8
935.923,125.8,1242.0,1540,54,71,12661.7
936.049,416.3,1242.0,1540,54,68,12665.2
936.168,127.3,1242.0,1540,28,71,12669.4
936.287,417.8,1242.0,1540,48,68,12630.1
936.406,128.8,1242.0,1540,48,70,12507.2
936.524,419.4,1242.0,1540,52,69,12301.0
936.643,548.9,1242.0,1540,17,68,12296.5
936.775,130.4,1242.0,1540,41,71,12323.4
936.894,291.4,1242.0,1540,41,68,12405.4
937.021,420.9,1242.0,1540,15,68,12450.2
937.141,550.4,1242.0,1540,10,68,12478.4
937.262,550.4,1242.0,1540,10,68,12540.3
937.38,131.9,1242.0,1540,7,69,12546.0
937.498,163.4,1242.0,1540,40,68,12536.5
937.618,292.9,1242.0,1540,7,68,12328.6
937.742,422.4,1242.0,1540,7,68,12372.7
937.875,422.4,1242.0,1540,6,68,12114.5
937.993,551.9,1242.0,1540,8,68,12190.3
938.111,102.8,1242.0,1540,42,71,12113.6
938.229,104.1,1242.0,1540,42,68,12179.1
938.354,104.1,1242.0,1540,3,68,12284.8
938.48,104.1,1242.0,1540,2,68,12381.1
938.604,104.1,1242.0,1540,2,68,12495.8
938.729,104.1,1242.0,1540,2,68,12597.6
938.855,104.1,1242.0,1540,0,68,12694.7
938.981,104.1,1242.0,1540,2,68,12800.9
939.105,104.1,1242.0,1540,2,68,12903.2
939.229,104.1,1242.0,1540,2,68,13017.2
939.354,104.1,1242.0,1540,0,68,13119.1
939.479,104.1,1242.0,1540,2,68,13220.6
939.604,104.1,1242.0,1540,2,68,13272.0
939.73,104.1,1242.0,1540,2,68,13289.8
939.856,104.1,1242.0,1540,0,68,13309.2
939.981,104.1,1242.0,1540,2,68,13396.3
940.106,104.1,1242.0,1540,2,68,13487.5
940.228,104.1,1242.0,1540,2,68,13548.3
940.348,104.1,1242.0,1540,0,68,13426.3
940.474,104.1,1242.0,1540,2,68,13426.3
940.599,104.1,1242.0,1540,2,68,13426.3
940.725,104.1,1242.0,1540,2,68,13370.8
940.848,129.9,1242.0,1540,25,70,13371.4
940.966,420.4,1242.0,1540,87,70,13372.4
941.085,128.6,1242.0,1540,87,72,13373.2
941.203,127.3,1242.0,1540,87,69,13374.4
941.32,288.3,1242.0,1540,88,71,13376.8
941.438,417.8,1242.0,1540,88,69,13401.6
941.558,126.0,1242.0,1540,21,70,13410.8
941.675,157.5,1242.0,1540,67,70,13413.2
941.793,416.5,1242.0,1540,26,69,13421.6
941.911,124.7,1242.0,1540,26,71,13425.2
942.029,285.7,1242.0,1540,69,69,13428.7
942.147,544.7,1242.0,1540,27,68,13439.2
942.265,123.4,1242.0,1540,27,72,13441.5
942.382,284.4,1242.0,1540,67,69,13449.3
942.5,413.9,1242.0,1540,23,68,13460.9
942.618,122.0,1242.0,1540,29,69,13470.5
942.736,122.0,1242.0,1540,29,70,13474.9
942.854,283.1,1242.0,1540,55,68,13493.9
942.971,542.1,1242.0,1540,19,68,13504.7
943.09,120.7,1242.0,1540,19,72,13505.9
943.207,281.7,1242.0,1540,74,69,13528.1
943.325,281.7,1242.0,1540,7,68,13558.8
943.443,411.2,1242.0,1540,7,68,13587.6
943.561,411.2,1242.0,1540,8,68,13613.5
943.678,540.7,1242.0,1540,8,68,13580.8
943.797,119.4,1242.0,1540,39,71,13495.1
943.915,150.9,1242.0,1540,39,69,13515.4
944.033,280.4,1242.0,1540,41,68,13556.9
944.152,539.4,1242.0,1540,12,68,13593.6
944.27,118.1,1242.0,1540,12,70,13618.4
944.388,279.1,1242.0,1540,46,69,13625.7
944.505,538.1,1242.0,1540,45,68,13608.4
944.624,116.8,1242.0,1540,52,71,13401.4
944.742,277.8,1242.0,1540,52,69,13419.3
944.86,407.3,1242.0,1540,35,68,13459.6
944.978,536.8,1242.0,1540,16,68,13492.9
945.096,115.5,1242.0,1540,16,72,13494.9
945.213,276.5,1242.0,1540,71,68,13534.7
945.332,406.0,1242.0,1540,11,68,13580.0
945.45,535.5,1242.0,1540,11,68,13559.2
945.569,114.2,1242.0,1540,14,71,13078.2
945.687,275.2,1242.0,1540,71,68,13084.3
945.805,404.7,1242.0,1540,13,68,13122.8
945.923,534.2,1242.0,1540,13,68,13162.1
946.04,112.9,1242.0,1540,37,71,13169.4
946.158,273.9,1242.0,1540,50,68,13221.1
946.276,403.4,1242.0,1540,50,68,13274.4
946.394,532.9,1242.0,1540,11,68,13321.2
946.512,111.5,1242.0,1540,37,72,13333.0
946.63,272.6,1242.0,1540,37,68,13387.2
946.747,402.1,1242.0,1540,47,68,13451.3
946.865,531.6,1242.0,1540,9,68,13479.6
946.984,531.6,1242.0,1540,11,68,13501.9
947.101,110.2,1242.0,1540,11,71,13502.8
947.219,271.2,1242.0,1540,71,68,13545.4
947.338,271.2,1242.0,1540,8,68,13540.7
947.459,400.7,1242.0,1540,8,67,13537.7
947.578,400.7,1242.0,1540,4,67,13532.6
947.698,530.2,1242.0,1540,6,67,13531.1
947.819,530.2,1242.0,1540,8,67,13544.4
947.938,108.9,1242.0,1540,8,70,13535.9
948.057,140.4,1242.0,1540,63,69,13527.8
948.177,269.9,1242.0,1540,11,68,13519.7
948.297,269.9,1242.0,1540,11,67,13510.5
948.417,269.9,1242.0,1540,4,67,13498.5
948.537,399.4,1242.0,1540,5,67,13492.2
948.657,399.4,1242.0,1540,3,67,13479.5
948.777,399.4,1242.0,1540,3,67,13472.5
948.897,399.4,1242.0,1540,3,67,13459.5
949.017,528.9,1242.0,1540,3,67,13448.2
949.139,528.9,1242.0,1540,3,67,13437.1
949.259,528.9,1242.0,1540,4,67,13426.5
949.379,528.9,1242.0,1540,3,67,13422.3
949.498,107.6,1242.0,1540,52,71,13413.7
949.617,139.1,1242.0,1540,52,68,13412.0
949.736,268.6,1242.0,1540,25,68,13411.0
949.856,398.1,1242.0,1540,7,67,13406.8
949.976,398.1,1242.0,1540,7,67,13397.2
950.096,527.6,1242.0,1540,5,67,13396.5
950.216,106.3,1242.0,1540,9,68,13391.3
950.336,106.3,1242.0,1540,69,70,13380.9
950.456,137.8,1242.0,1540,69,68,13375.6
950.575,267.3,1242.0,1540,4,68,13376.9
950.695,396.8,1242.0,1540,7,67,13369.5
950.814,396.8,1242.0,1540,7,67,13364.3
950.934,526.3,1242.0,1540,9,67,13361.7
951.053,105.0,1242.0,1540,6,68,13359.1
951.172,105.0,1242.0,1540,71,70,13351.9
951.291,266.0,1242.0,1540,71,68,13344.3
951.411,266.0,1242.0,1540,5,68,13333.1
951.531,266.0,1242.0,1540,2,67,13320.6
951.652,266.0,1242.0,1540,2,67,13310.1
951.771,395.5,1242.0,1540,4,67,13304.8
951.891,395.5,1242.0,1540,7,67,13294.9
952.011,395.5,1242.0,1540,1,67,13284.6
952.131,525.0,1242.0,1540,1,67,13273.4
952.251,525.0,1242.0,1540,5,67,13262.1
952.371,525.0,1242.0,1540,4,67,13256.1
952.491,525.0,1242.0,1540,4,67,13244.4
952.611,103.7,1242.0,1540,6,72,13234.7
952.73,264.7,1242.0,1540,67,68,13231.8
952.85,264.7,1242.0,1540,4,68,13223.0
952.97,264.7,1242.0,1540,4,67,13212.7
953.09,264.7,1242.0,1540,3,67,13202.2
953.21,394.2,1242.0,1540,3,67,13193.1
953.329,394.2,1242.0,1540,3,67,13185.5
953.449,394.2,1242.0,1540,3,67,13172.3
953.568,394.2,1242.0,1540,1,67,13160.4
953.687,394.2,1242.0,1540,2,67,13150.5
953.806,394.2,1242.0,1540,2,67,13145.3
953.926,394.2,1242.0,1540,4,67,13135.2
954.045,394.2,1242.0,1540,1,67,13122.0
954.166,523.7,1242.0,1540,1,67,13111.4
954.285,523.7,1242.0,1540,3,67,13097.8
954.405,523.7,1242.0,1540,2,67,13083.0
954.525,523.7,1242.0,1540,1,67,13071.5
954.644,523.7,1242.0,1540,1,67,13058.1
954.764,523.7,1242.0,1540,2,67,13046.8
954.884,523.7,1242.0,1540,3,67,13034.0
955.003,523.7,1242.0,1540,3,67,13021.8
955.123,102.4,1242.0,1540,2,68,13009.1
955.242,263.4,1242.0,1540,56,69,13006.5
955.361,392.9,1242.0,1540,31,68,13015.5
955.481,101.0,1242.0,1540,31,70,13014.7
955.6,262.1,1242.0,1540,61,69,13009.5
955.72,139.3,1242.0,1540,37,69,13009.4
955.838,99.7,1242.0,1540,37,70,13001.6
955.958,519.7,1242.0,1540,78,68,13007.7
956.077,98.4,1242.0,1540,33,71,13002.1
956.195,259.4,1242.0,1540,63,69,13007.4
956.314,518.4,1242.0,1540,63,68,13013.3
956.434,97.1,1242.0,1540,19,72,13006.8
956.553,258.1,1242.0,1540,70,69,12996.7
956.672,258.1,1242.0,1540,70,68,12987.9
956.793,258.1,1242.0,1540,3,68,12975.8
956.913,258.1,1242.0,1540,4,68,12965.3
957.032,387.6,1242.0,1540,2,68,12952.4
957.151,387.6,1242.0,1540,2,68,12940.0
957.271,387.6,1242.0,1540,3,67,12931.7
957.39,517.1,1242.0,1540,8,68,12919.5
957.51,517.1,1242.0,1540,8,68,12908.2
957.63,517.1,1242.0,1540,1,68,12896.8
957.749,517.1,1242.0,1540,2,67,12889.0
957.869,517.1,1242.0,1540,3,68,12830.4
957.99,517.1,1242.0,1540,3,67,12755.9
958.114,95.8,1242.0,1540,2,70,12766.9
958.231,95.8,1242.0,1540,70,69,12766.3
958.35,95.8,1242.0,1540,70,68,12754.3
958.47,95.8,1242.0,1540,2,68,12743.4
958.59,127.3,1242.0,1540,1,68,12732.6
958.71,127.3,1242.0,1540,2,68,12717.8
958.83,127.3,1242.0,1540,2,68,12704.6
958.95,127.3,1242.0,1540,2,68,12689.9
959.07,127.3,1242.0,1540,0,68,12675.9
959.19,256.8,1242.0,1540,2,67,12661.6
959.31,256.8,1242.0,1540,2,68,12646.9
959.431,256.8,1242.0,1540,3,68,12627.0
959.552,256.8,1242.0,1540,1,68,12607.7
959.673,256.8,1242.0,1540,1,68,12593.4
959.792,256.8,1242.0,1540,6,68,12576.9
959.91,256.8,1242.0,1540,3,68,12580.3
960.028,256.8,1242.0,1540,4,68,12429.5
960.149,386.3,1242.0,1540,4,68,12335.2
960.282,515.8,1242.0,1540,7,67,12034.1
960.402,515.8,1242.0,1540,9,67,11773.9
960.523,70.6,1242.0,1540,9,71,11758.3
960.64,77.6,1242.0,1540,66,69,11769.3
960.758,79.8,1242.0,1540,18,68,11776.8
960.875,240.8,1242.0,1540,65,69,11781.0
960.993,499.8,1242.0,1540,65,68,11792.5
961.111,81.3,1242.0,1540,15,70,11793.7
961.229,242.3,1242.0,1540,50,68,11808.9
961.347,501.3,1242.0,1540,50,68,11826.8
961.465,82.9,1242.0,1540,18,70,11832.6
961.583,502.9,1242.0,1540,52,68,11847.2
961.702,84.4,1242.0,1540,51,71,11854.7
961.819,374.9,1242.0,1540,51,68,11865.8
961.937,85.9,1242.0,1540,26,71,11855.8
962.055,246.9,1242.0,1540,47,68,11870.6
962.173,505.9,1242.0,1540,47,68,11887.0
962.29,87.5,1242.0,1540,19,71,11896.2
962.408,378.0,1242.0,1540,47,68,11936.2
962.526,507.5,1242.0,1540,47,68,11978.1
962.643,89.0,1242.0,1540,11,68,11985.6
962.761,250.0,1242.0,1540,46,68,12003.9
962.879,379.5,1242.0,1540,15,68,12012.3
963.0,509.0,1242.0,1540,15,68,12039.2
963.118,251.5,1242.0,1540,38,69,12055.2
963.235,381.0,1242.0,1540,20,68,12078.3
963.353,510.5,1242.0,1540,20,68,12103.3
963.471,92.1,1242.0,1540,15,71,12113.2
963.589,253.1,1242.0,1540,46,68,12134.6
963.707,382.6,1242.0,1540,13,68,12137.0
963.825,93.6,1242.0,1540,13,70,12150.3
963.943,254.6,1242.0,1540,47,68,12173.9
964.06,384.1,1242.0,1540,13,68,12207.8
964.18,513.6,1242.0,1540,13,67,12242.5
964.297,95.1,1242.0,1540,20,70,12257.3
964.416,256.1,1242.0,1540,37,68,12274.3
964.534,385.6,1242.0,1540,37,67,12306.4
964.652,515.1,1242.0,1540,10,67,12337.0
964.77,96.7,1242.0,1540,17,70,12348.4
964.888,516.7,1242.0,1540,54,68,12361.1
965.005,523.9,1242.0,1540,54,67,12380.2
965.122,259.2,1242.0,1540,38,68,12384.7
965.241,99.7,1242.0,1540,48,70,12388.6
965.359,519.7,1242.0,1540,48,68,12394.1
965.478,262.3,1242.0,1540,60,69,12396.3
965.596,102.8,1242.0,1540,66,71,12398.8
965.714,522.8,1242.0,1540,53,68,12404.1
965.832,265.3,1242.0,1540,53,69,12407.1
965.95,105.8,1242.0,1540,59,70,12412.5
966.067,396.4,1242.0,1540,57,68,12418.7
966.186,107.4,1242.0,1540,57,71,12428.4
966.304,268.4,1242.0,1540,52,68,12454.4
966.422,397.9,1242.0,1540,8,67,12484.5
966.541,397.9,1242.0,1540,8,67,12507.4
966.658,527.4,1242.0,1540,6,67,12533.7
966.777,108.9,1242.0,1540,9,67,12553.7
966.895,140.4,1242.0,1540,44,68,12510.0
967.013,399.4,1242.0,1540,44,67,12517.4
967.13,110.4,1242.0,1540,18,69,12522.2
967.248,271.5,1242.0,1540,49,68,12531.1
967.365,401.0,1242.0,1540,49,67,12541.0
967.483,112.0,1242.0,1540,16,70,12547.1
967.6,273.0,1242.0,1540,48,68,12554.3
967.718,532.0,1242.0,1540,48,67,12562.2
967.836,145.0,1242.0,1540,20,69,12566.9
967.955,404.0,1242.0,1540,51,67,12575.1
968.073,115.0,1242.0,1540,20,67,12582.1
968.19,276.0,1242.0,1540,20,68,12592.2
968.308,405.5,1242.0,1540,45,67,12613.4
968.426,116.6,1242.0,1540,17,68,12624.1
968.544,407.1,1242.0,1540,17,68,12644.7
968.661,536.6,1242.0,1540,51,67,12575.8
968.784,118.1,1242.0,1540,23,70,12575.4
968.903,279.1,1242.0,1540,38,67,12655.1
969.022,408.6,1242.0,1540,38,67,12676.7
969.141,408.6,1242.0,1540,4,67,12662.4
969.261,408.6,1242.0,1540,1,67,12647.9
969.38,408.6,1242.0,1540,1,67,12633.8
969.499,408.6,1242.0,1540,2,67,12620.7
969.618,408.6,1242.0,1540,2,67,12605.9
969.738,408.6,1242.0,1540,1,67,12592.4
969.857,408.6,1242.0,1540,1,67,12578.0
969.977,408.6,1242.0,1540,2,67,12563.8
970.096,408.6,1242.0,1540,2,67,12549.0
970.215,408.6,1242.0,1540,2,67,12537.1
970.334,408.6,1242.0,1540,1,67,12522.9
970.454,538.1,1242.0,1540,2,67,12510.1
970.573,538.1,1242.0,1540,2,67,12495.5
970.693,538.1,1242.0,1540,2,67,12483.8
970.811,538.1,1242.0,1540,1,67,12472.4
970.93,538.1,1242.0,1540,2,67,12459.1
971.05,538.1,1242.0,1540,2,67,12445.1
971.169,538.1,1242.0,1540,2,67,12430.3
971.288,538.1,1242.0,1540,0,67,12418.8
971.406,538.1,1242.0,1540,2,67,12404.8
971.526,538.1,1242.0,1540,2,67,12389.4
971.645,538.1,1242.0,1540,1,67,12382.2
971.765,538.1,1242.0,1540,2,67,12382.3
971.883,538.1,1242.0,1540,2,67,12321.3
972.001,126.6,1242.0,1540,8,68,12284.2
972.119,280.6,1242.0,1540,40,67,12322.3
972.237,410.1,1242.0,1540,8,67,12306.0
972.356,410.1,1242.0,1540,8,67,12324.8
972.474,539.6,1242.0,1540,6,67,12341.0
972.593,539.6,1242.0,1540,4,67,12350.7
972.713,539.6,1242.0,1540,4,67,12354.7
972.831,539.6,1242.0,1540,2,67,12367.5
972.95,91.8,1242.0,1540,26,70,12349.2
973.069,91.8,1242.0,1540,18,67,12480.7
973.193,91.8,1242.0,1540,18,67,12577.1
973.318,91.8,1242.0,1540,0,67,12678.4
973.443,91.8,1242.0,1540,2,67,12580.4
973.569,91.8,1242.0,1540,2,67,12557.4
973.694,91.8,1242.0,1540,2,67,12654.6
973.819,91.8,1242.0,1540,0,67,12772.1
973.943,91.8,1242.0,1540,2,67,12876.0
974.068,91.8,1242.0,1540,2,67,12979.8
974.193,91.8,1242.0,1540,2,67,12992.6
974.322,91.8,1242.0,1540,0,67,13022.0
974.448,91.8,1242.0,1540,2,67,13078.9
974.573,91.8,1242.0,1540,2,67,13122.5
974.698,91.8,1242.0,1540,2,67,13163.3
974.823,91.8,1242.0,1540,0,67,13198.2
974.949,91.8,1242.0,1540,2,66,13236.9
975.075,91.8,1242.0,1540,2,66,13272.7
975.2,91.8,1242.0,1540,2,66,13357.9
975.325,91.8,1242.0,1540,0,66,13433.4
975.451,91.8,1242.0,1540,2,66,13449.1
975.577,91.8,1242.0,1540,2,66,13464.1
975.696,91.8,1242.0,1540,2,66,13525.6
975.821,91.8,1242.0,1540,0,66,13525.6
975.946,91.8,1242.0,1540,2,66,13423.9
976.073,91.8,1242.0,1540,2,66,13364.4
976.204,118.1,1242.0,1540,2,67,13371.1
976.321,279.1,1242.0,1540,81,68,13379.7
976.439,117.2,1242.0,1540,85,70,13404.2
976.557,407.7,1242.0,1540,85,68,13405.2
976.676,116.3,1242.0,1540,78,72,13406.4
976.793,536.3,1242.0,1540,69,68,13411.9
976.911,115.5,1242.0,1540,69,71,13412.4
977.032,114.6,1242.0,1540,84,70,13417.2
977.149,114.6,1242.0,1540,68,71,13418.0
977.268,113.7,1242.0,1540,58,69,13421.6
977.385,145.2,1242.0,1540,58,71,13422.9
977.503,112.8,1242.0,1540,70,69,13428.1
977.621,112.8,1242.0,1540,80,70,13433.8
977.739,273.8,1242.0,1540,80,68,13449.9
977.857,112.0,1242.0,1540,14,71,13452.5
977.975,143.5,1242.0,1540,80,69,13466.1
978.093,273.0,1242.0,1540,9,68,13492.0
978.212,402.5,1242.0,1540,9,67,13519.5
978.33,402.5,1242.0,1540,6,67,13520.0
978.453,532.0,1242.0,1540,9,67,13538.5
978.571,111.1,1242.0,1540,9,71,13534.1
978.69,401.6,1242.0,1540,72,68,13531.2
978.809,110.2,1242.0,1540,44,71,13522.9
978.928,400.7,1242.0,1540,65,69,13517.9
979.047,109.3,1242.0,1540,65,71,13511.7
979.165,399.8,1242.0,1540,79,69,13506.4
979.283,108.5,1242.0,1540,53,71,13498.6
979.402,399.0,1242.0,1540,53,69,13491.8
979.522,107.6,1242.0,1540,60,71,13483.9
979.64,398.1,1242.0,1540,76,69,13478.2
979.76,106.7,1242.0,1540,76,71,13472.7
979.878,267.7,1242.0,1540,58,69,13466.9
979.997,553.9,1242.0,1540,48,69,13465.3
980.116,105.8,1242.0,1540,76,70,13455.6
980.235,525.9,1242.0,1540,76,68,13460.6
980.353,105.0,1242.0,1540,21,68,13468.4
980.471,112.0,1242.0,1540,72,70,13469.9
980.59,266.0,1242.0,1540,72,68,13492.8
980.708,395.5,1242.0,1540,12,68,13509.1
980.827,148.8,1242.0,1540,11,68,13520.0
980.947,104.1,1242.0,1540,73,71,13516.8
981.066,394.6,1242.0,1540,73,68,13532.8
981.186,524.1,1242.0,1540,15,68,13553.4
981.306,103.2,1242.0,1540,30,71,13556.2
981.425,264.2,1242.0,1540,30,69,13559.3
981.545,393.7,1242.0,1540,55,68,13575.3
981.664,80.5,1242.0,1540,15,68,13583.9
981.784,102.3,1242.0,1540,71,71,13580.0
981.904,263.4,1242.0,1540,71,68,13594.0
982.024,522.4,1242.0,1540,14,68,13606.3
982.143,101.5,1242.0,1540,27,71,13606.4
982.263,262.5,1242.0,1540,27,69,13609.7
982.383,392.0,1242.0,1540,58,68,13627.3
982.515,521.5,1242.0,1540,8,68,13623.3
982.759,100.6,1242.0,1540,8,71,13612.8
982.883,261.6,1242.0,1540,10,68,13597.2
983.175,391.1,1242.0,1540,1,68,13565.7
983.498,520.6,1242.0,1540,3,68,13524.3
983.868,520.6,1242.0,1540,15,70,13491.3
984.214,390.2,1242.0,1540,11,68,13476.9
984.473,519.7,1242.0,1540,52,71,13467.6
984.733,259.9,1242.0,1540,31,68,13456.8
984.924,98.0,1242.0,1540,56,71,13451.6
985.081,259.0,1242.0,1540,37,68,13444.5
985.255,518.0,1242.0,1540,29,72,13432.2
985.478,258.1,1242.0,1540,60,68,13420.3
985.71,517.1,1242.0,1540,9,70,13395.5
985.977,257.2,1242.0,1540,73,69,13379.5
986.18,386.7,1242.0,1540,4,68,13344.8
986.502,516.2,1242.0,1540,3,68,13295.2
986.906,95.4,1242.0,1540,72,68,13266.3
987.224,126.9,1242.0,1540,2,68,13218.6
987.637,256.4,1242.0,1540,1,68,13177.4
988.002,256.4,1242.0,1540,2,68,13131.2
988.39,385.9,1242.0,1540,3,68,13121.3
988.518,515.4,1242.0,1540,3,68,13124.7
988.804,515.4,1242.0,1540,2,68,13084.3
989.196,70.6,1242.0,1540,23,71,13076.3
989.343,510.6,1242.0,1540,55,69,13076.3
989.463,512.2,1242.0,1540,90,69,13066.3
989.584,384.3,1242.0,1540,90,70,13056.3
989.704,385.8,1242.0,1540,93,70,13046.1
989.825,257.9,1242.0,1540,91,70,13036.2
989.946,259.5,1242.0,1540,91,71,13026.9
990.066,100.1,1242.0,1540,81,72,13017.2
990.187,101.7,1242.0,1540,88,73,13007.2
990.307,103.3,1242.0,1540,95,72,12997.1
990.427,104.9,1242.0,1540,95,72,12986.6
990.546,106.4,1242.0,1540,85,72,12976.7
990.666,108.0,1242.0,1540,94,72,12966.6
990.785,109.6,1242.0,1540,94,72,12956.4
990.905,111.2,1242.0,1540,96,71,12946.8
991.024,539.7,1242.0,1540,87,70,12945.9
991.143,532.8,1242.0,1540,83,70,12946.4
991.263,404.9,1242.0,1540,83,70,12753.7
991.382,277.0,1242.0,1540,83,71,12744.1
991.501,117.5,1242.0,1540,77,72,12280.2
991.62,119.1,1242.0,1540,77,72,12206.9
991.748,120.7,1242.0,1540,79,71,12209.2
991.865,281.7,1242.0,1540,68,70,12244.8
991.983,281.7,1242.0,1540,7,69,12273.2
992.101,411.2,1242.0,1540,7,69,12307.6
992.219,122.3,1242.0,1540,8,70,12322.3
992.337,153.8,1242.0,1540,53,69,12345.8
992.455,412.8,1242.0,1540,53,69,12404.2
992.573,123.9,1242.0,1540,14,68,12437.0
992.691,284.9,1242.0,1540,54,69,12458.8
992.809,543.9,1242.0,1540,20,69,12498.5
992.927,125.5,1242.0,1540,20,71,12516.5
993.045,416.0,1242.0,1540,51,69,12565.5
993.163,545.5,1242.0,1540,15,68,12633.3
993.28,127.1,1242.0,1540,15,72,12664.1
993.399,417.6,1242.0,1540,49,69,12710.5
993.516,547.1,1242.0,1540,18,68,12741.5
993.639,289.7,1242.0,1540,53,69,12465.0
993.764,548.7,1242.0,1540,53,68,12494.8
993.881,130.2,1242.0,1540,23,72,12510.4
994.0,550.3,1242.0,1540,53,69,12526.7
994.118,292.8,1242.0,1540,53,70,12509.6
994.238,551.8,1242.0,1540,60,69,12498.7
994.359,133.4,1242.0,1540,30,72,12507.9
994.48,423.9,1242.0,1540,34,69,12527.4
994.599,553.4,1242.0,1540,34,68,12535.9
994.718,553.4,1242.0,1540,11,68,12533.8
994.854,104.4,1242.0,1540,5,70,12534.0
994.972,105.7,1242.0,1540,5,69,12579.9
995.097,105.7,1242.0,1540,41,68,12670.5
995.222,105.7,1242.0,1540,2,68,12767.6
995.347,105.7,1242.0,1540,1,68,12875.9
995.471,105.7,1242.0,1540,1,68,12966.9
995.598,105.7,1242.0,1540,1,68,12949.5
995.725,105.7,1242.0,1540,2,68,13035.8
995.851,105.7,1242.0,1540,2,68,13118.4
995.977,105.7,1242.0,1540,0,68,13224.3
996.116,105.7,1242.0,1540,0,68,13303.9
996.243,105.7,1242.0,1540,2,68,13387.1
996.37,105.7,1242.0,1540,0,68,13464.6
996.497,105.7,1242.0,1540,3,68,13533.3
996.712,105.7,1242.0,1540,1,68,13554.2
997.024,105.7,1242.0,1540,2,68,13562.3
997.33,105.7,1242.0,1540,0,68,13571.1
997.649,105.7,1242.0,1540,1,68,13580.4
997.949,105.7,1242.0,1540,1,68,13593.3
998.251,105.7,1242.0,1540,2,68,13597.4
998.42,105.7,1242.0,1540,0,68,13600.6
998.625,105.7,1242.0,1540,2,68,13583.3
998.861,105.7,1242.0,1540,2,68,13583.8
999.07,105.7,1242.0,1540,0,68,13547.7
999.27,105.7,1242.0,1540,2,68,13001.4
999.405,105.7,1242.0,1540,2,68,12794.2
999.53,105.7,1242.0,1540,0,68,12880.6
999.655,105.7,1242.0,1540,0,68,12974.3
999.78,105.7,1242.0,1540,2,68,13069.5
999.905,105.7,1242.0,1540,2,68,13157.0
1000.03,105.7,1242.0,1540,0,68,13218.2
1000.157,105.7,1242.0,1540,0,68,13227.8
1000.284,107.1,1242.0,1540,2,68,13170.6
1000.405,131.6,1242.0,1540,25,71,13172.1
1000.522,422.1,1242.0,1540,92,70,13173.0
1000.642,130.2,1242.0,1540,92,73,13144.8
1000.76,128.9,1242.0,1540,86,71,13145.2
1000.878,289.9,1242.0,1540,92,71,13145.3
1000.997,127.5,1242.0,1540,92,73,13145.6
1001.114,547.5,1242.0,1540,92,70,13145.9
1001.232,126.1,1242.0,1540,85,73,13145.9
1002.362,583.4,1242.0,1540,2,68,13469.7
1002.498,124.8,1242.0,1540,2,72,13469.7
1002.616,123.4,1242.0,1540,70,72,13469.9
1002.734,284.4,1242.0,1540,90,70,13470.3
1002.853,122.0,1242.0,1540,83,73,13470.5
1002.97,412.5,1242.0,1540,83,70,13473.6
1003.088,120.6,1242.0,1540,52,71,13477.5
1003.205,411.2,1242.0,1540,85,71,13478.3
1003.324,119.3,1242.0,1540,85,73,13478.4
1003.441,570.3,1242.0,1540,93,70,13479.0
1003.558,117.9,1242.0,1540,82,73,13479.1
1003.676,116.5,1242.0,1540,82,71,13480.4
1003.793,148.1,1242.0,1540,79,71,13492.1
1003.911,536.6,1242.0,1540,58,69,13518.7
1004.029,115.2,1242.0,1540,71,73,13519.8
1004.147,276.2,1242.0,1540,71,69,13544.5
1004.264,535.2,1242.0,1540,32,69,13570.7
1004.382,113.8,1242.0,1540,49,73,13573.2
1004.5,274.8,1242.0,1540,49,69,13585.6
1004.618,533.8,1242.0,1540,48,69,13621.4
1004.735,112.4,1242.0,1540,34,72,13630.4
1004.853,273.5,1242.0,1540,68,70,13649.4
1004.971,532.5,1242.0,1540,68,69,13668.1
1005.093,532.5,1242.0,1540,13,69,13443.9
1005.216,111.1,1242.0,1540,63,72,13444.7
1005.334,272.1,1242.0,1540,63,69,13482.1
1005.452,272.1,1242.0,1540,24,69,13529.8
1005.571,401.6,1242.0,1540,7,68,13569.4
1005.689,531.1,1242.0,1540,9,68,13609.2
1005.807,569.7,1242.0,1540,9,68,13639.0
1005.925,109.7,1242.0,1540,42,71,13646.4
1006.069,270.7,1242.0,1540,42,69,13686.1
1006.189,400.2,1242.0,1540,11,68,13726.2
1006.309,529.7,1242.0,1540,11,68,13763.6
1006.429,108.3,1242.0,1540,11,71,13775.8
1006.548,111.9,1242.0,1540,75,70,13786.2
1006.669,269.4,1242.0,1540,75,69,13815.8
1006.789,398.9,1242.0,1540,11,68,13851.4
1006.909,528.4,1242.0,1540,11,68,13879.5
1007.028,107.0,1242.0,1540,57,72,13878.8
1007.148,268.0,1242.0,1540,57,69,13896.3
1007.267,397.5,1242.0,1540,30,68,13927.9
1007.39,527.0,1242.0,1540,2,68,13905.8
1007.748,527.0,1242.0,1540,19,71,13869.3
1008.116,266.6,1242.0,1540,4,68,13835.6
1008.457,396.1,1242.0,1540,4,68,13798.9
1008.792,396.1,1242.0,1540,1,68,13759.4
1009.155,525.6,1242.0,1540,7,72,13729.5
1009.482,265.3,1242.0,1540,8,68,13696.5
1009.814,394.8,1242.0,1540,1,68,13662.2
1010.161,524.3,1242.0,1540,6,68,13644.3
1010.494,524.3,1242.0,1540,76,72,13591.6
1010.833,393.4,1242.0,1540,15,68,13566.0
1011.118,101.5,1242.0,1540,79,71,13550.5
1011.343,521.5,1242.0,1540,22,69,13529.3
1011.591,100.1,1242.0,1540,35,73,13520.0
1011.722,261.1,1242.0,1540,3,68,13486.8
1012.068,390.6,1242.0,1540,4,68,13453.7
1012.385,520.1,1242.0,1540,3,68,13438.1
1012.512,520.1,1242.0,1540,3,68,13424.9
1012.633,520.1,1242.0,1540,2,68,13418.2
1012.756,520.1,1242.0,1540,2,68,13401.4
1012.88,520.1,1242.0,1540,3,68,13384.9
1013.008,520.1,1242.0,1540,3,68,13369.1
1013.128,520.1,1242.0,1540,0,68,13352.2
1013.249,98.8,1242.0,1540,7,71,13342.3
1013.369,98.8,1242.0,1540,7,70,13333.0
1013.489,98.8,1242.0,1540,71,69,13315.9
1013.61,130.3,1242.0,1540,0,68,13298.7
1013.73,130.3,1242.0,1540,2,68,13279.1
1013.853,259.8,1242.0,1540,2,68,13256.2
1013.975,259.8,1242.0,1540,3,68,13233.5
1014.096,259.8,1242.0,1540,5,68,13230.6
1014.217,389.3,1242.0,1540,7,68,13235.1
1014.337,518.8,1242.0,1540,7,68,13245.7
1014.457,518.8,1242.0,1540,9,68,13256.7
1014.577,97.4,1242.0,1540,63,73,13243.7
1014.697,258.4,1242.0,1540,63,69,13260.7
1014.817,387.9,1242.0,1540,22,68,13273.2
1014.938,517.4,1242.0,1540,10,68,13284.6
1015.081,517.4,1242.0,1540,9,68,13260.6
1015.228,96.0,1242.0,1540,68,73,13221.8
1015.349,257.0,1242.0,1540,16,68,13286.7
1015.614,257.0,1242.0,1540,2,68,13247.5
1016.071,386.5,1242.0,1540,2,68,13202.6
1016.495,386.5,1242.0,1540,2,68,13171.5
1016.789,386.5,1242.0,1540,2,68,13129.7
1017.168,516.0,1242.0,1540,6,68,13071.1
1017.581,516.0,1242.0,1540,3,68,13054.8
1017.807,70.9,1242.0,1540,3,72,13045.0
1017.999,53.1,1242.0,1540,72,69,12787.3
1018.124,80.0,1242.0,1540,26,72,12768.2
1018.248,81.6,1242.0,1540,89,71,12758.7
1018.367,83.2,1242.0,1540,89,70,12749.3
1018.486,503.3,1242.0,1540,85,70,12740.2
1018.605,375.4,1242.0,1540,81,70,12730.9
1018.725,247.5,1242.0,1540,81,70,12721.7
1018.844,88.2,1242.0,1540,74,71,12712.6
1018.964,89.8,1242.0,1540,74,73,12703.8
1019.083,91.5,1242.0,1540,88,71,12694.2
1019.202,93.1,1242.0,1540,88,72,12685.1
1019.322,513.1,1242.0,1540,85,70,12677.3
1019.441,255.7,1242.0,1540,71,71,12673.6
1019.561,96.4,1242.0,1540,71,73,12669.0
1019.681,386.9,1242.0,1540,66,69,12683.0
1019.8,516.4,1242.0,1540,14,69,12691.3
1019.919,259.0,1242.0,1540,53,71,12685.6
1020.038,518.0,1242.0,1540,53,69,12694.0
1020.156,260.7,1242.0,1540,32,71,12687.4
1020.276,101.3,1242.0,1540,58,70,12678.5
1020.395,521.3,1242.0,1540,58,70,12673.8
1020.514,393.5,1242.0,1540,68,71,12665.5
1020.636,108.1,1242.0,1540,76,73,12656.7
1020.756,106.2,1242.0,1540,75,72,12648.1
1020.875,107.9,1242.0,1540,75,70,12640.8
1020.994,527.9,1242.0,1540,75,70,12634.3
1021.114,141.0,1242.0,1540,75,71,12634.6
1021.233,400.0,1242.0,1540,75,69,12648.6
1021.353,533.1,1242.0,1540,14,69,12655.2
1021.472,272.2,1242.0,1540,54,70,12656.3
1021.591,112.8,1242.0,1540,58,72,12647.1
1021.71,114.4,1242.0,1540,58,71,12639.2
1021.829,543.8,1242.0,1540,75,70,12631.2
1021.949,536.1,1242.0,1540,73,70,12622.0
1022.068,278.7,1242.0,1540,73,71,12614.6
1022.188,119.4,1242.0,1540,70,73,12606.3
1022.307,121.0,1242.0,1540,68,70,12602.6
1022.427,282.0,1242.0,1540,60,70,12610.0
1022.547,541.0,1242.0,1540,60,69,12647.0
1022.667,122.6,1242.0,1540,15,72,12657.0
1022.786,283.7,1242.0,1540,49,70,12678.4
1022.906,93.6,1242.0,1540,49,69,12690.0
1023.025,95.1,1242.0,1540,35,70,12751.6
1023.152,95.1,1242.0,1540,25,69,12845.3
1023.28,95.1,1242.0,1540,2,69,12900.6
1023.541,95.1,1242.0,1540,2,69,12959.4
1023.723,95.1,1242.0,1540,0,69,13025.7
1023.905,95.1,1242.0,1540,2,69,13083.6
1024.123,95.1,1242.0,1540,2,69,13060.8
1024.251,95.1,1242.0,1540,0,69,13072.3
1024.395,95.1,1242.0,1540,0,69,12871.0
1024.522,95.1,1242.0,1540,2,69,12778.3
1024.647,95.1,1242.0,1540,2,69,12874.6
1024.773,95.1,1242.0,1540,0,69,12982.5
1024.899,95.1,1242.0,1540,0,69,13087.8
1025.024,95.1,1242.0,1540,2,69,13182.4
1025.149,95.1,1242.0,1540,2,69,13266.7
1025.276,95.1,1242.0,1540,0,69,13250.8
1025.414,95.1,1242.0,1540,7,69,13290.3
1025.603,95.1,1242.0,1540,13,69,12936.9
1025.73,95.1,1242.0,1540,13,68,12980.3
1025.855,95.1,1242.0,1540,1,68,13080.6
1025.981,95.1,1242.0,1540,2,68,13152.1
1026.101,95.1,1242.0,1540,2,68,13192.1
1026.22,95.1,1242.0,1540,2,68,13221.7
1026.338,95.1,1242.0,1540,0,68,13250.1
1026.456,95.1,1242.0,1540,2,68,13320.1
1026.578,95.1,1242.0,1540,2,68,13322.8
1026.703,95.1,1242.0,1540,2,68,13322.8
1026.829,95.1,1242.0,1540,0,68,13322.8
1026.956,124.5,1242.0,1540,3,68,13269.9
1027.074,411.5,1242.0,1540,3,68,13285.2
1027.191,121.4,1242.0,1540,21,68,13301.7
1027.309,121.4,1242.0,1540,71,70,13301.7
1027.427,411.9,1242.0,1540,71,68,13325.3
1027.548,541.4,1242.0,1540,37,68,13343.9
1027.666,120.4,1242.0,1540,36,70,13347.0
1027.783,281.4,1242.0,1540,65,69,13363.3
1027.901,540.4,1242.0,1540,65,69,13383.8
1028.018,119.4,1242.0,1540,34,72,13384.8
1028.135,410.0,1242.0,1540,72,69,13395.8
1028.253,118.5,1242.0,1540,72,71,13405.8
1028.37,150.0,1242.0,1540,54,71,13406.7
1028.488,117.5,1242.0,1540,62,70,13411.1
1028.605,117.5,1242.0,1540,62,72,13412.4
1028.723,116.5,1242.0,1540,82,69,13419.4
1028.84,116.5,1242.0,1540,66,73,13420.5
1028.957,536.5,1242.0,1540,49,70,13430.5
1029.075,115.5,1242.0,1540,49,73,13432.1
1029.192,276.5,1242.0,1540,82,70,13441.3
1029.31,114.5,1242.0,1540,38,72,13448.5
1029.428,146.0,1242.0,1540,38,71,13455.3
1029.545,275.5,1242.0,1540,68,69,13473.4
1029.663,405.0,1242.0,1540,11,69,13490.7
1029.781,113.5,1242.0,1540,38,72,13502.2
1029.898,145.1,1242.0,1540,38,70,13509.7
1030.016,533.6,1242.0,1540,59,69,13532.4
1030.133,112.6,1242.0,1540,33,70,13546.8
1030.25,273.6,1242.0,1540,33,71,13553.4
1030.368,532.6,1242.0,1540,66,69,13567.4
1030.485,111.6,1242.0,1540,48,72,13569.3
1030.602,272.6,1242.0,1540,48,70,13579.6
1030.72,531.6,1242.0,1540,56,69,13598.5
1030.838,110.6,1242.0,1540,38,73,13602.0
1030.955,271.6,1242.0,1540,58,70,13620.1
1031.073,530.6,1242.0,1540,58,69,13638.3
1031.192,109.6,1242.0,1540,29,73,13633.3
1031.311,270.6,1242.0,1540,72,70,13639.3
1031.431,529.6,1242.0,1540,72,69,13658.6
1031.551,108.6,1242.0,1540,33,72,13651.2
1031.67,399.1,1242.0,1540,68,69,13660.3
1031.79,107.6,1242.0,1540,31,70,13669.9
1031.909,107.6,1242.0,1540,31,71,13665.3
1032.028,398.2,1242.0,1540,68,69,13680.5
1032.148,527.7,1242.0,1540,16,69,13693.6
1032.267,106.7,1242.0,1540,16,72,13685.1
1032.387,267.7,1242.0,1540,76,69,13698.8
1032.508,397.2,1242.0,1540,12,69,13717.3
1032.628,526.7,1242.0,1540,12,69,13736.8
1032.748,105.7,1242.0,1540,12,72,13734.0
1032.867,266.7,1242.0,1540,77,69,13739.5
1032.986,104.7,1242.0,1540,42,72,13735.9
1033.105,136.2,1242.0,1540,42,70,13739.2
1033.224,395.2,1242.0,1540,65,69,13757.9
1033.343,524.7,1242.0,1540,13,69,13778.8
1033.462,103.7,1242.0,1540,73,73,13769.0
1033.58,264.7,1242.0,1540,19,69,13775.9
1033.76,394.2,1242.0,1540,7,69,13749.3
1034.061,523.7,1242.0,1540,6,70,13714.7
1034.384,106.2,1242.0,1540,40,70,13705.4
1034.534,263.7,1242.0,1540,4,69,13665.8
1034.882,393.2,1242.0,1540,3,69,13622.0
1035.258,522.7,1242.0,1540,7,71,13587.8
1035.578,262.8,1242.0,1540,41,69,13573.0
1035.764,392.3,1242.0,1540,7,69,13539.2
1036.087,521.8,1242.0,1540,6,69,13503.2
1036.418,100.8,1242.0,1540,78,70,13485.9
1036.649,391.3,1242.0,1540,3,69,13456.0
1036.96,99.8,1242.0,1540,49,71,13439.7
1037.179,519.8,1242.0,1540,49,69,13418.7
1037.415,98.8,1242.0,1540,10,74,13410.0
1037.538,259.8,1242.0,1540,8,69,13383.8
1037.832,518.8,1242.0,1540,4,69,13348.9
1038.156,97.8,1242.0,1540,49,72,13338.0
1038.32,258.8,1242.0,1540,3,69,13310.3
1038.611,517.8,1242.0,1540,10,69,13278.7
1038.926,517.8,1242.0,1540,1,69,13263.7
1039.053,517.8,1242.0,1540,3,69,13248.0
1039.174,517.8,1242.0,1540,2,69,13231.5
1039.298,517.8,1242.0,1540,2,69,13217.1
1039.419,96.8,1242.0,1540,12,73,13206.9
1039.539,96.8,1242.0,1540,66,70,13192.4
1039.66,128.3,1242.0,1540,3,69,13178.6
1039.78,257.8,1242.0,1540,3,69,13165.4
1039.901,257.8,1242.0,1540,3,69,13155.8
1040.022,257.8,1242.0,1540,1,69,13145.2
1040.143,257.8,1242.0,1540,5,69,13039.1
1040.263,387.3,1242.0,1540,5,69,13056.4
1040.383,516.8,1242.0,1540,11,69,13071.6
1040.502,516.8,1242.0,1540,5,69,13068.0
1040.627,516.8,1242.0,1540,5,69,13050.8
1040.748,516.8,1242.0,1540,2,69,13038.8
1040.869,95.8,1242.0,1540,33,73,13038.3
1040.988,256.9,1242.0,1540,48,70,13102.9
1041.108,256.9,1242.0,1540,48,69,13085.1
1041.229,256.9,1242.0,1540,2,69,13071.3
1041.349,256.9,1242.0,1540,2,69,13064.2
1041.47,256.9,1242.0,1540,2,69,13052.9
1041.591,256.9,1242.0,1540,1,69,13034.6
1041.713,256.9,1242.0,1540,2,69,13015.6
1041.835,256.9,1242.0,1540,3,69,13002.9
1041.956,256.9,1242.0,1540,3,69,12991.4
1042.076,386.4,1242.0,1540,1,69,12977.8
1042.197,386.4,1242.0,1540,2,69,12965.5
1042.318,386.4,1242.0,1540,2,69,12950.2
1042.438,386.4,1242.0,1540,2,69,12933.2
1042.56,386.4,1242.0,1540,1,69,12958.0
1042.68,515.9,1242.0,1540,7,69,12991.8
1042.8,515.9,1242.0,1540,7,69,13004.4
1042.927,71.1,1242.0,1540,8,73,13022.6
1043.05,251.6,1242.0,1540,75,70,12855.3
1043.187,253.2,1242.0,1540,73,71,12854.1
1043.306,125.4,1242.0,1540,73,73,12401.4
1043.426,513.9,1242.0,1540,74,70,12303.6
1043.544,127.0,1242.0,1540,39,72,12309.7
1043.661,386.0,1242.0,1540,29,70,12333.1
1043.779,515.5,1242.0,1540,29,69,12350.2
1043.897,258.2,1242.0,1540,39,70,12353.1
1044.015,98.8,1242.0,1540,39,70,12360.6
1044.133,259.8,1242.0,1540,39,70,12367.8
1044.252,518.8,1242.0,1540,57,69,12381.0
1044.37,261.5,1242.0,1540,52,70,12388.5
1044.488,391.0,1242.0,1540,52,69,12406.3
1044.607,520.5,1242.0,1540,16,69,12424.3
1044.725,133.6,1242.0,1540,42,70,12435.8
1044.843,392.6,1242.0,1540,21,69,12456.1
1044.961,522.1,1242.0,1540,21,69,12480.6
1045.079,135.2,1242.0,1540,26,71,12491.8
1045.197,394.2,1242.0,1540,41,69,12510.6
1045.315,523.7,1242.0,1540,41,69,12532.5
1045.433,105.4,1242.0,1540,14,72,12545.1
1045.551,266.4,1242.0,1540,48,69,12565.7
1045.669,525.4,1242.0,1540,14,69,12589.8
1045.786,107.0,1242.0,1540,14,72,12598.9
1045.904,397.5,1242.0,1540,50,69,12610.2
1046.022,112.2,1242.0,1540,63,71,12617.3
1046.14,269.7,1242.0,1540,63,69,12640.4
1046.257,399.2,1242.0,1540,10,69,12661.4
1046.375,528.7,1242.0,1540,11,69,12681.8
1046.492,110.3,1242.0,1540,11,71,12693.5
1046.61,400.8,1242.0,1540,37,69,12699.3
1046.728,530.3,1242.0,1540,29,69,12715.6
1046.847,111.9,1242.0,1540,42,71,12723.4
1046.964,402.4,1242.0,1540,42,69,12731.0
1047.082,113.6,1242.0,1540,25,69,12736.8
1047.199,274.6,1242.0,1540,53,69,12744.3
1047.318,544.5,1242.0,1540,53,69,12751.2
1047.435,276.2,1242.0,1540,41,70,12717.3
1047.557,535.2,1242.0,1540,38,69,12652.0
1047.675,277.9,1242.0,1540,54,70,12659.3
1047.793,536.9,1242.0,1540,54,69,12676.2
1047.911,118.5,1242.0,1540,23,72,12686.9
1048.029,409.0,1242.0,1540,48,69,12702.3
1048.147,120.1,1242.0,1540,48,71,12711.3
1048.265,410.7,1242.0,1540,56,69,12727.1
1048.383,121.8,1242.0,1540,25,70,12740.8
1048.501,282.8,1242.0,1540,25,69,12759.0
1048.619,412.3,1242.0,1540,47,68,12786.9
1048.736,412.3,1242.0,1540,9,68,12791.4
1048.855,123.4,1242.0,1540,38,70,12543.3
1048.972,284.4,1242.0,1540,38,69,12567.8
1049.09,543.4,1242.0,1540,27,68,12603.2
1049.207,156.6,1242.0,1540,55,70,12616.2
1049.326,415.6,1242.0,1540,55,69,12640.2
1049.444,126.7,1242.0,1540,20,69,12660.8
1049.561,287.7,1242.0,1540,50,69,12681.0
1049.679,546.7,1242.0,1540,26,68,12711.6
1049.796,289.4,1242.0,1540,26,69,12724.5
1049.914,548.4,1242.0,1540,52,68,12749.5
1050.032,291.0,1242.0,1540,53,69,12764.0
1050.149,420.5,1242.0,1540,53,68,12794.3
1050.267,131.6,1242.0,1540,21,72,12802.6
1050.386,422.1,1242.0,1540,54,69,12691.4
1050.507,133.3,1242.0,1540,54,70,12725.4
1050.625,294.3,1242.0,1540,35,69,12752.8
1050.743,423.8,1242.0,1540,33,68,12796.0
1050.862,553.3,1242.0,1540,12,68,12802.1
1050.98,138.4,1242.0,1540,12,70,12783.3
1051.105,295.9,1242.0,1540,46,68,12810.0
1051.225,295.9,1242.0,1540,6,68,12798.9
1051.345,295.9,1242.0,1540,6,68,12787.1
1051.465,295.9,1242.0,1540,2,68,12774.0
1051.585,425.4,1242.0,1540,1,68,12762.7
1051.705,425.4,1242.0,1540,3,68,12753.1
1051.826,425.4,1242.0,1540,3,68,12740.0
1051.946,425.4,1242.0,1540,2,68,12729.6
1052.066,425.4,1242.0,1540,1,68,12715.2
1052.186,425.4,1242.0,1540,2,68,12702.2
1052.305,425.4,1242.0,1540,2,68,12689.5
1052.425,425.4,1242.0,1540,2,68,12678.2
1052.544,425.4,1242.0,1540,1,68,12664.0
1052.665,425.4,1242.0,1540,1,68,12650.8
1052.784,425.4,1242.0,1540,2,68,12637.2
1052.904,425.4,1242.0,1540,2,68,12625.2
1053.023,554.9,1242.0,1540,1,68,12617.9
1053.144,554.9,1242.0,1540,1,68,12607.8
1053.264,554.9,1242.0,1540,2,68,12595.9
1053.384,554.9,1242.0,1540,2,68,12581.6
1053.504,554.9,1242.0,1540,2,68,12567.0
1053.624,554.9,1242.0,1540,0,68,12554.9
1053.745,554.9,1242.0,1540,2,68,12552.5
1053.864,554.9,1242.0,1540,5,68,12542.2
1053.983,554.9,1242.0,1540,5,68,12516.4
1054.102,107.3,1242.0,1540,26,69,12288.6
1054.227,107.3,1242.0,1540,16,68,12387.8
1054.361,107.3,1242.0,1540,2,68,12477.5
1054.487,107.3,1242.0,1540,2,68,12572.4
1054.612,107.3,1242.0,1540,0,68,12675.9
1054.737,107.3,1242.0,1540,2,68,12771.6
1054.863,107.3,1242.0,1540,2,68,12880.1
1054.987,107.3,1242.0,1540,2,68,12982.3
1055.113,107.3,1242.0,1540,0,68,12847.1
1055.24,107.3,1242.0,1540,2,68,12935.7
1055.365,107.3,1242.0,1540,2,68,13028.9
1055.491,107.3,1242.0,1540,2,68,13139.7
1055.615,107.3,1242.0,1540,0,68,13249.4
1055.743,107.3,1242.0,1540,2,68,13327.1
1055.87,107.3,1242.0,1540,2,68,13398.8
1055.996,107.3,1242.0,1540,2,68,13476.2
1056.124,107.3,1242.0,1540,0,68,13558.2
1056.251,107.3,1242.0,1540,2,68,13649.0
1056.378,107.3,1242.0,1540,1,68,13728.5
1056.512,107.3,1242.0,1540,2,68,13785.8
1056.799,107.3,1242.0,1540,2,68,13791.4
1057.113,107.3,1242.0,1540,2,68,13790.1
1057.336,107.3,1242.0,1540,0,68,13803.7
1057.708,107.3,1242.0,1540,1,68,13712.7
1058.314,107.3,1242.0,1540,0,68,13551.5
1058.697,107.3,1242.0,1540,0,68,13581.4
1058.824,107.3,1242.0,1540,2,68,13629.2
1058.95,107.3,1242.0,1540,1,68,13674.7
1059.198,107.3,1242.0,1540,1,68,13611.2
1059.324,107.3,1242.0,1540,1,68,12925.3
1059.464,107.3,1242.0,1540,2,68,12969.3
1059.589,107.3,1242.0,1540,1,68,13052.2
1059.714,107.3,1242.0,1540,1,68,13105.2
1059.839,107.3,1242.0,1540,1,68,13137.5
1059.966,107.3,1242.0,1540,2,68,13161.5
1060.098,107.3,1242.0,1540,1,68,13105.5
1060.222,133.3,1242.0,1540,1,71,13109.9
1060.339,294.3,1242.0,1540,65,70,13111.1
1060.458,131.8,1242.0,1540,83,73,13112.1
1060.575,292.8,1242.0,1540,65,70,13141.8
1060.694,130.4,1242.0,1540,65,72,13146.8
1060.812,137.4,1242.0,1540,69,71,13165.1
1060.931,420.9,1242.0,1540,36,69,13207.4
1061.049,550.4,1242.0,1540,36,69,13253.9
1061.166,129.0,1242.0,1540,29,73,13254.1
1061.284,290.0,1242.0,1540,66,70,13305.6
1061.401,549.0,1242.0,1540,66,69,13339.8
1061.519,127.6,1242.0,1540,25,73,13341.5
1061.637,288.6,1242.0,1540,75,69,13385.5
1061.754,547.6,1242.0,1540,16,69,13424.9
1061.873,126.1,1242.0,1540,16,72,13431.2
1061.991,287.2,1242.0,1540,79,70,13463.2
1062.108,416.7,1242.0,1540,16,69,13501.4
1062.231,546.2,1242.0,1540,16,68,13396.2
1062.354,124.7,1242.0,1540,22,73,13378.4
1062.472,285.7,1242.0,1540,68,69,13413.8
1062.59,544.7,1242.0,1540,19,69,13439.4
1062.709,123.3,1242.0,1540,19,73,13441.0
1062.827,284.3,1242.0,1540,77,69,13465.3
1062.945,413.8,1242.0,1540,11,69,13499.4
1063.062,543.3,1242.0,1540,11,69,13525.7
1063.182,121.9,1242.0,1540,13,72,13522.8
1063.301,282.9,1242.0,1540,77,69,13516.3
1063.421,282.9,1242.0,1540,6,69,13507.0
1063.54,412.4,1242.0,1540,6,69,13501.0
1063.66,412.4,1242.0,1540,10,68,13489.4
1063.782,541.9,1242.0,1540,5,68,13483.9
1063.902,541.9,1242.0,1540,5,68,13474.7
1064.022,120.5,1242.0,1540,4,71,13469.0
1064.141,120.5,1242.0,1540,67,70,13467.2
1064.259,281.5,1242.0,1540,18,69,13469.0
1064.379,281.5,1242.0,1540,18,69,13463.0
1064.499,540.5,1242.0,1540,8,68,13460.6
1064.617,119.0,1242.0,1540,12,71,13456.3
1064.736,122.5,1242.0,1540,12,71,13447.6
1064.855,280.0,1242.0,1540,75,69,13441.7
1064.976,280.0,1242.0,1540,8,69,13438.7
1065.095,409.5,1242.0,1540,8,68,13431.8
1065.215,539.0,1242.0,1540,8,68,13424.3
1065.335,540.5,1242.0,1540,5,69,13430.8
1065.455,117.6,1242.0,1540,64,72,13421.6
1065.574,117.6,1242.0,1540,64,69,13416.0
1065.694,149.1,1242.0,1540,20,69,13404.7
1065.814,278.6,1242.0,1540,2,68,13396.9
1065.935,278.6,1242.0,1540,4,68,13378.5
1066.055,278.6,1242.0,1540,4,68,13368.4
1066.176,408.1,1242.0,1540,5,68,13360.8
1066.297,408.1,1242.0,1540,4,68,13351.7
1066.417,408.1,1242.0,1540,4,68,13339.8
1066.537,408.1,1242.0,1540,4,68,13327.9
1066.658,537.6,1242.0,1540,2,68,13316.5
1066.778,537.6,1242.0,1540,4,68,13312.9
1066.898,116.2,1242.0,1540,4,71,13308.6
1067.017,116.2,1242.0,1540,49,70,13298.0
1067.137,116.2,1242.0,1540,32,69,13284.7
1067.258,147.7,1242.0,1540,3,69,13275.6
1067.378,277.2,1242.0,1540,3,68,13266.5
1067.498,277.2,1242.0,1540,4,68,13258.1
1067.62,277.2,1242.0,1540,4,68,13250.4
1067.74,277.2,1242.0,1540,4,68,13245.3
1067.86,406.7,1242.0,1540,3,68,13232.0
1067.98,536.2,1242.0,1540,5,68,13229.2
1068.101,114.8,1242.0,1540,70,72,13220.1
1068.22,405.3,1242.0,1540,70,69,13218.8
1068.34,113.3,1242.0,1540,34,71,13215.1
1068.46,274.4,1242.0,1540,80,71,13208.2
1068.58,533.4,1242.0,1540,80,69,13211.7
1068.699,111.9,1242.0,1540,21,71,13214.5
1068.82,115.4,1242.0,1540,75,70,13210.4
1068.94,272.9,1242.0,1540,13,69,13225.2
1069.06,402.4,1242.0,1540,13,69,13235.1
1069.18,531.9,1242.0,1540,12,68,13239.8
1069.299,110.5,1242.0,1540,41,72,13233.8
1069.42,271.5,1242.0,1540,41,69,13230.8
1069.539,109.1,1242.0,1540,50,70,13223.5
1069.659,109.1,1242.0,1540,71,71,13218.5
1069.779,399.6,1242.0,1540,30,69,13226.0
1069.899,1008.6,1242.0,1540,30,69,13232.3
1070.021,107.7,1242.0,1540,45,72,13224.8
1070.141,268.7,1242.0,1540,50,69,13226.8
1070.261,527.7,1242.0,1540,50,69,13236.6
1070.38,527.7,1242.0,1540,12,69,13236.9
1070.5,106.2,1242.0,1540,32,73,13228.6
1070.62,267.2,1242.0,1540,54,69,13231.2
1070.739,396.7,1242.0,1540,54,69,13233.5
1070.859,104.8,1242.0,1540,12,69,13240.1
1070.979,104.8,1242.0,1540,71,72,13232.4
1071.099,395.3,1242.0,1540,71,69,13250.0
1071.22,524.8,1242.0,1540,28,69,13249.2
1071.34,103.4,1242.0,1540,36,73,13200.4
1071.46,264.4,1242.0,1540,55,69,13136.7
1071.58,523.4,1242.0,1540,55,69,12775.8
1071.701,102.0,1242.0,1540,15,70,12627.9
1071.818,102.0,1242.0,1540,74,71,12635.5
1071.937,392.5,1242.0,1540,74,69,12663.4
1072.054,392.5,1242.0,1540,17,69,12688.6
1072.172,552.2,1242.0,1540,12,69,12712.6
1072.29,100.6,1242.0,1540,73,72,12714.0
1072.407,261.6,1242.0,1540,73,69,12756.1
1072.525,391.1,1242.0,1540,16,69,12800.6
1072.644,520.6,1242.0,1540,12,68,12777.5
1072.761,99.1,1242.0,1540,12,72,12783.1
1072.879,260.1,1242.0,1540,66,69,12823.5
1072.997,260.1,1242.0,1540,20,69,12844.0
1073.117,260.1,1242.0,1540,2,68,12834.8
1073.237,260.1,1242.0,1540,2,68,12823.8
1073.357,260.1,1242.0,1540,1,68,12814.6
1073.477,260.1,1242.0,1540,2,68,12805.7
1073.597,260.1,1242.0,1540,2,68,12796.2
1073.717,260.1,1242.0,1540,2,68,12785.1
1073.837,389.6,1242.0,1540,1,68,12775.8
1073.958,389.6,1242.0,1540,2,68,12766.9
1074.078,389.6,1242.0,1540,2,68,12757.1
1074.199,389.6,1242.0,1540,2,68,12747.9
1074.318,389.6,1242.0,1540,1,68,12738.8
1074.438,389.6,1242.0,1540,1,68,12729.5
1074.558,389.6,1242.0,1540,2,68,12720.0
1074.678,389.6,1242.0,1540,3,68,12712.6
1074.798,389.6,1242.0,1540,2,68,12705.6
1074.919,519.1,1242.0,1540,2,68,12695.6
1075.038,519.1,1242.0,1540,3,68,12684.8
1075.159,519.1,1242.0,1540,3,68,12676.5
1075.279,519.1,1242.0,1540,3,68,12666.2
1075.399,519.1,1242.0,1540,1,68,12657.3
1075.519,97.7,1242.0,1540,4,69,12651.4
1075.64,97.7,1242.0,1540,85,69,12642.0
1075.759,97.7,1242.0,1540,85,68,12631.0
1075.879,97.7,1242.0,1540,8,68,12621.8
1075.999,101.2,1242.0,1540,2,68,12610.8
1076.119,129.2,1242.0,1540,2,68,12602.6
1076.239,129.2,1242.0,1540,2,67,12592.0
1076.359,258.7,1242.0,1540,1,67,12582.5
1076.48,258.7,1242.0,1540,2,67,12572.8
1076.6,258.7,1242.0,1540,2,67,12564.0
1076.72,258.7,1242.0,1540,2,67,12553.9
1076.84,258.7,1242.0,1540,1,67,12545.0
1076.96,258.7,1242.0,1540,2,67,12535.2
1077.08,258.7,1242.0,1540,2,67,12526.0
1077.201,258.7,1242.0,1540,3,67,12516.8
1077.321,258.7,1242.0,1540,1,67,12507.9
1077.441,258.7,1242.0,1540,1,67,12498.6
1077.561,388.2,1242.0,1540,3,67,12488.8
1077.681,388.2,1242.0,1540,3,67,12479.8
1077.802,388.2,1242.0,1540,1,67,12469.1
1077.922,388.2,1242.0,1540,1,67,12461.6
1078.042,388.2,1242.0,1540,3,67,12450.8
1078.162,388.2,1242.0,1540,3,67,12441.9
1078.282,388.2,1242.0,1540,3,67,12440.5
1078.402,388.2,1242.0,1540,1,67,12445.0
1078.522,517.7,1242.0,1540,4,67,12441.2
1078.642,517.7,1242.0,1540,3,67,12432.9
1078.762,517.7,1242.0,1540,3,67,12420.8
1078.882,517.7,1242.0,1540,1,67,12411.9
1079.003,517.7,1242.0,1540,3,67,12400.5
1079.124,517.7,1242.0,1540,3,67,12389.2
1079.244,517.7,1242.0,1540,2,67,12381.4
1079.364,517.7,1242.0,1540,1,67,12378.5
1079.484,96.3,1242.0,1540,32,69,12376.0
1079.603,96.3,1242.0,1540,32,69,12361.3
1079.725,257.3,1242.0,1540,58,68,12334.1
1079.843,257.3,1242.0,1540,6,68,12365.9
1079.961,386.8,1242.0,1540,6,68,12370.5
1080.079,386.8,1242.0,1540,9,68,12375.4
1080.203,516.3,1242.0,1540,4,68,12366.4
1080.324,516.3,1242.0,1540,2,68,12356.8
1080.444,516.3,1242.0,1540,2,68,12347.1
1080.563,516.3,1242.0,1540,1,68,12337.6
1080.684,516.3,1242.0,1540,2,68,12328.7
1080.804,516.3,1242.0,1540,2,68,12320.0
1080.924,516.3,1242.0,1540,2,68,12308.6
1081.044,516.3,1242.0,1540,1,68,12298.7
1081.164,516.3,1242.0,1540,2,68,12283.6
1081.284,516.3,1242.0,1540,2,68,12270.5
1081.406,516.3,1242.0,1540,2,68,12265.5
1081.527,71.1,1242.0,1540,5,70,12183.4
1081.646,65.4,1242.0,1540,76,70,12186.1
1081.766,53.9,1242.0,1540,76,68,12202.4
1081.886,80.0,1242.0,1540,34,71,12202.7
1082.004,81.7,1242.0,1540,92,72,12203.1
1082.121,83.4,1242.0,1540,92,70,12204.9
1082.239,503.4,1242.0,1540,82,69,12207.7
1082.357,246.1,1242.0,1540,72,70,12209.9
1082.475,86.8,1242.0,1540,72,71,12196.6
1082.595,88.5,1242.0,1540,78,71,12193.7
1082.713,508.5,1242.0,1540,69,69,12197.4
1082.831,380.7,1242.0,1540,67,70,12199.5
1082.949,91.9,1242.0,1540,67,71,12200.9
1083.067,93.6,1242.0,1540,71,71,12205.2
1083.186,95.3,1242.0,1540,69,70,12207.6
1083.303,515.3,1242.0,1540,69,69,12208.5
1083.421,387.5,1242.0,1540,78,71,12210.1
1083.539,98.7,1242.0,1540,74,72,12210.9
1083.657,100.4,1242.0,1540,79,71,12212.1
1083.774,102.1,1242.0,1540,79,69,12214.7
1083.892,392.6,1242.0,1540,76,70,12216.0
1084.011,264.8,1242.0,1540,72,71,12216.9
1084.129,105.5,1242.0,1540,72,72,12217.5
1084.248,107.2,1242.0,1540,75,71,12218.8
1084.366,108.9,1242.0,1540,71,69,12221.4
1084.484,269.9,1242.0,1540,58,70,12228.4
1084.603,110.6,1242.0,1540,58,71,12232.0
1084.72,271.6,1242.0,1540,59,69,12249.6
1084.838,401.1,1242.0,1540,11,68,12280.5
1084.956,401.1,1242.0,1540,11,68,12309.7
1085.074,112.3,1242.0,1540,9,70,12319.7
1085.193,273.3,1242.0,1540,52,69,12332.2
1085.311,114.0,1242.0,1540,52,71,12347.7
1085.429,404.5,1242.0,1540,56,69,12354.6
1085.548,115.7,1242.0,1540,31,69,12358.6
1085.665,406.2,1242.0,1540,61,69,12363.2
1085.783,148.9,1242.0,1540,61,72,12365.3
1085.901,119.1,1242.0,1540,66,69,12369.2
1086.018,280.1,1242.0,1540,59,69,12375.7
1086.136,120.8,1242.0,1540,59,70,12380.2
1086.253,411.3,1242.0,1540,60,69,12387.1
1086.371,540.8,1242.0,1540,23,68,12392.7
1086.49,154.0,1242.0,1540,23,69,12392.9
1086.608,413.0,1242.0,1540,48,68,12293.2
1086.727,542.5,1242.0,1540,14,68,12287.4
1086.845,542.5,1242.0,1540,9,68,12316.0
1086.962,124.1,1242.0,1540,9,70,12300.7
1087.08,285.2,1242.0,1540,45,68,12324.6
1087.198,285.2,1242.0,1540,7,68,12341.8
1087.318,285.2,1242.0,1540,7,68,12341.6
1087.437,285.2,1242.0,1540,3,68,12308.4
1087.556,414.7,1242.0,1540,4,68,12222.7
1087.679,544.2,1242.0,1540,9,68,12242.7
1087.799,95.2,1242.0,1540,9,71,12259.3
1087.917,96.7,1242.0,1540,46,68,12378.7
1088.042,96.7,1242.0,1540,0,68,12489.8
1088.167,96.7,1242.0,1540,2,68,12584.4
1088.292,96.7,1242.0,1540,2,68,12684.0
1088.417,96.7,1242.0,1540,2,68,12784.9
1088.546,96.7,1242.0,1540,0,68,12862.1
1088.672,96.7,1242.0,1540,2,68,12964.4
1088.798,96.7,1242.0,1540,2,68,13048.3
1088.926,96.7,1242.0,1540,2,68,13137.0
1089.054,96.7,1242.0,1540,0,68,13214.4
1089.182,96.7,1242.0,1540,2,68,13288.5
1089.309,96.7,1242.0,1540,2,68,13377.9
1089.437,96.7,1242.0,1540,0,68,13399.9
1089.758,96.7,1242.0,1540,2,68,13394.5
1090.022,96.7,1242.0,1540,0,68,13392.5
1090.291,96.7,1242.0,1540,2,68,13391.6
1090.593,96.7,1242.0,1540,2,68,13392.8
1090.952,96.7,1242.0,1540,0,68,13384.8
1091.146,96.7,1242.0,1540,0,68,13169.9
1091.288,96.7,1242.0,1540,2,68,13112.3
1091.426,96.7,1242.0,1540,2,68,13213.3
1091.551,96.7,1242.0,1540,0,68,13271.1
1091.676,96.7,1242.0,1540,2,68,13298.2
1091.796,96.7,1242.0,1540,2,68,13314.5
1091.915,96.7,1242.0,1540,2,68,13333.2
1092.035,96.7,1242.0,1540,0,68,13352.9
1092.154,96.7,1242.0,1540,0,68,13369.1
1092.273,96.7,1242.0,1540,2,68,13540.6
1092.398,96.7,1242.0,1540,2,68,13506.8
1092.525,96.7,1242.0,1540,0,68,13571.1
1092.652,96.7,1242.0,1540,0,68,13635.9
1092.778,96.7,1242.0,1540,2,68,13688.1
1092.93,96.7,1242.0,1540,2,68,13719.6
1093.126,96.7,1242.0,1540,0,68,13462.5
1093.252,96.7,1242.0,1540,2,68,13047.9
1093.377,96.7,1242.0,1540,2,68,13075.1
1093.504,96.7,1242.0,1540,2,68,13118.2
1093.633,96.7,1242.0,1540,0,68,13129.2
1093.757,96.7,1242.0,1540,2,68,13091.4
1093.885,283.7,1242.0,1540,6,68,13096.9
1094.003,123.1,1242.0,1540,6,72,13101.9
1094.121,284.1,1242.0,1540,72,70,13119.9
1094.24,413.6,1242.0,1540,36,69,13155.4
1094.358,543.1,1242.0,1540,14,68,13198.3
1094.476,122.0,1242.0,1540,14,72,13217.1
1094.593,153.6,1242.0,1540,61,71,13221.0
1094.712,412.6,1242.0,1540,34,69,13242.1
1094.83,542.1,1242.0,1540,34,69,13278.5
1094.948,121.0,1242.0,1540,33,73,13278.8
1095.066,411.5,1242.0,1540,60,69,13293.9
1095.184,120.0,1242.0,1540,60,69,13303.3
1095.302,120.0,1242.0,1540,39,72,13304.6
1095.42,540.0,1242.0,1540,66,69,13310.9
1095.539,118.9,1242.0,1540,61,72,13312.6
1095.656,279.9,1242.0,1540,61,70,13328.9
1095.774,409.4,1242.0,1540,39,69,13352.8
1095.893,117.9,1242.0,1540,43,72,13354.9
1096.011,278.9,1242.0,1540,43,70,13361.8
1096.129,537.9,1242.0,1540,57,69,13371.6
1096.247,116.9,1242.0,1540,23,72,13375.4
1096.364,148.4,1242.0,1540,23,70,13382.2
1096.482,536.9,1242.0,1540,73,69,13396.9
1096.601,115.8,1242.0,1540,20,71,13408.8
1096.718,147.3,1242.0,1540,78,70,13418.5
1096.836,276.8,1242.0,1540,78,69,13439.0
1096.954,406.3,1242.0,1540,11,68,13463.1
1097.072,535.8,1242.0,1540,8,68,13485.3
1097.19,114.8,1242.0,1540,8,71,13491.2
1097.307,275.8,1242.0,1540,61,70,13503.4
1097.425,534.8,1242.0,1540,38,69,13518.9
1097.543,113.7,1242.0,1540,74,73,13519.1
1097.66,533.8,1242.0,1540,74,69,13532.2
1097.778,112.7,1242.0,1540,52,73,13533.1
1097.896,403.2,1242.0,1540,71,69,13544.5
1098.014,111.7,1242.0,1540,71,72,13546.2
1098.132,272.7,1242.0,1540,72,70,13555.8
1098.25,110.6,1242.0,1540,38,70,13573.7
1098.367,110.6,1242.0,1540,38,71,13578.5
1098.495,530.6,1242.0,1540,82,69,13249.0
1098.614,109.6,1242.0,1540,21,72,13263.6
1098.731,141.1,1242.0,1540,78,70,13272.4
1098.849,400.1,1242.0,1540,78,69,13293.2
1098.966,529.6,1242.0,1540,16,68,13314.3
1099.084,108.6,1242.0,1540,47,72,13317.8
1099.202,269.6,1242.0,1540,47,69,13333.6
1099.32,399.1,1242.0,1540,48,69,13353.1
1099.437,528.6,1242.0,1540,13,68,13377.4
1099.554,107.5,1242.0,1540,69,73,13378.4
1099.672,268.5,1242.0,1540,69,69,13406.3
1099.789,268.5,1242.0,1540,18,68,13442.5
1099.907,398.0,1242.0,1540,10,68,13470.6
1100.025,527.5,1242.0,1540,10,68,13499.6
1100.143,106.5,1242.0,1540,8,71,13513.3
1100.26,138.0,1242.0,1540,78,69,13530.1
1100.379,397.0,1242.0,1540,78,68,13546.1
1100.497,105.4,1242.0,1540,21,71,13551.3
1100.614,136.9,1242.0,1540,79,70,13569.4
1100.731,266.4,1242.0,1540,12,68,13600.9
1100.85,525.4,1242.0,1540,12,68,13627.9
1100.969,104.4,1242.0,1540,14,70,13636.1
1101.088,135.9,1242.0,1540,78,70,13640.4
1101.207,394.9,1242.0,1540,78,68,13670.1
1101.326,524.4,1242.0,1540,14,68,13701.9
1101.446,103.4,1242.0,1540,20,71,13713.6
1101.567,264.4,1242.0,1540,70,70,13727.3
1101.687,393.9,1242.0,1540,70,68,13757.4
1101.807,523.4,1242.0,1540,16,68,13783.8
1101.927,102.3,1242.0,1540,46,71,13779.2
1102.047,263.3,1242.0,1540,46,69,13791.8
1102.167,392.8,1242.0,1540,49,68,13820.6
1102.286,522.3,1242.0,1540,24,69,13817.9
1102.527,101.3,1242.0,1540,4,68,13753.5
1102.852,391.8,1242.0,1540,9,68,13742.2
1103.017,391.8,1242.0,1540,9,68,13730.8
1103.14,391.8,1242.0,1540,5,68,13717.3
1103.262,521.3,1242.0,1540,3,68,13706.3
1103.382,521.3,1242.0,1540,7,68,13686.2
1103.536,521.3,1242.0,1540,7,68,13672.7
1103.67,521.3,1242.0,1540,15,68,13656.4
1103.792,100.2,1242.0,1540,34,72,13646.4
1103.911,261.3,1242.0,1540,48,69,13637.0
1104.03,390.8,1242.0,1540,48,68,13619.2
1104.153,99.2,1242.0,1540,18,70,13535.9
1104.273,99.2,1242.0,1540,74,70,13528.5
1104.392,260.2,1242.0,1540,74,69,13550.3
1104.511,519.2,1242.0,1540,18,68,13568.5
1104.631,98.2,1242.0,1540,15,72,13569.2
1104.75,259.2,1242.0,1540,77,69,13584.7
1104.87,259.2,1242.0,1540,8,68,13616.6
1105.041,388.7,1242.0,1540,8,68,13603.8
1105.185,388.7,1242.0,1540,2,68,13588.7
1105.312,388.7,1242.0,1540,1,68,13579.1
1105.432,388.7,1242.0,1540,3,68,13566.5
1105.562,388.7,1242.0,1540,2,68,13554.3
1105.689,388.7,1242.0,1540,2,68,13543.8
1105.813,388.7,1242.0,1540,1,68,13533.6
1105.947,388.7,1242.0,1540,3,68,13525.8
1106.073,388.7,1242.0,1540,3,68,13509.5
1106.197,518.2,1242.0,1540,3,68,13505.1
1106.33,518.2,1242.0,1540,4,68,13492.2
1106.47,518.2,1242.0,1540,4,68,13475.5
1106.599,518.2,1242.0,1540,3,68,13459.2
1106.722,97.1,1242.0,1540,3,73,13443.5
1106.842,128.6,1242.0,1540,4,68,13421.0
1107.117,258.1,1242.0,1540,1,68,13393.4
1107.382,258.1,1242.0,1540,1,68,13353.9
1107.735,258.1,1242.0,1540,2,68,13316.9
1108.069,387.6,1242.0,1540,1,68,13277.6
1108.421,387.6,1242.0,1540,2,68,13240.1
1108.767,517.1,1242.0,1540,2,68,13203.5
1109.105,517.1,1242.0,1540,1,68,13166.3
1109.451,96.1,1242.0,1540,44,73,13158.5
1109.589,127.6,1242.0,1540,1,68,13156.6
1109.917,257.1,1242.0,1540,2,68,13087.1
1110.243,386.6,1242.0,1540,5,68,13080.2
1110.383,386.6,1242.0,1540,8,68,13110.3
1110.592,516.1,1242.0,1540,1,68,13090.2
1110.926,516.1,1242.0,1540,2,68,13052.6
1111.31,516.1,1242.0,1540,58,72,12999.3
1111.591,92.5,1242.0,1540,64,70,12996.8
1111.711,94.3,1242.0,1540,64,70,12986.5
1111.83,96.1,1242.0,1540,98,71,12976.3
1111.949,97.9,1242.0,1540,98,71,12966.0
1112.068,99.7,1242.0,1540,98,71,12955.8
1112.188,531.1,1242.0,1540,98,71,12945.6
1112.307,532.9,1242.0,1540,98,71,12935.4
1112.427,529.8,1242.0,1540,98,71,12924.3
1112.558,106.9,1242.0,1540,98,71,12914.1
1112.677,108.7,1242.0,1540,99,70,12903.9
1112.796,110.5,1242.0,1540,97,70,12893.8
1112.915,112.4,1242.0,1540,97,70,12883.7
1113.035,543.7,1242.0,1540,98,71,12873.6
1113.154,534.2,1242.0,1540,98,71,12863.4
1113.273,536.0,1242.0,1540,97,71,12853.3
1113.393,537.8,1242.0,1540,97,71,12843.2
1113.513,539.6,1242.0,1540,94,71,12833.0
1113.633,411.9,1242.0,1540,90,71,12822.6
1113.755,413.7,1242.0,1540,90,72,12812.4
1113.876,286.0,1242.0,1540,92,72,12804.3
1113.997,158.3,1242.0,1540,86,73,12794.3
1114.118,128.6,1242.0,1540,94,73,12784.2
1114.239,130.4,1242.0,1540,94,73,12773.7
1114.36,132.2,1242.0,1540,93,72,12763.9
1114.48,134.0,1242.0,1540,85,72,12753.8
1114.6,135.8,1242.0,1540,97,73,12743.9
1114.721,137.6,1242.0,1540,97,73,12734.0
1114.84,139.4,1242.0,1540,93,73,12724.6
1114.96,429.9,1242.0,1540,69,70,12736.6
1115.08,559.4,1242.0,1540,69,70,12752.6
1115.199,112.2,1242.0,1540,30,70,12799.6
1115.326,112.2,1242.0,1540,22,69,12870.1
1115.472,112.2,1242.0,1540,8,69,12888.8
1115.695,112.2,1242.0,1540,10,69,12923.6
1115.824,112.2,1242.0,1540,4,69,12975.7
1115.968,112.2,1242.0,1540,2,69,13025.3
1116.138,112.2,1242.0,1540,1,69,13027.3
1116.274,112.2,1242.0,1540,1,69,12973.0
1116.403,112.2,1242.0,1540,3,69,13016.4
1116.562,112.2,1242.0,1540,3,69,12971.6
1116.711,112.2,1242.0,1540,2,69,12646.2
1116.848,112.2,1242.0,1540,0,69,12748.0
1116.973,112.2,1242.0,1540,2,69,12854.8
1117.098,112.2,1242.0,1540,2,69,12953.7
1117.224,112.2,1242.0,1540,2,69,13050.9
1117.35,112.2,1242.0,1540,0,69,13157.8
1117.475,112.2,1242.0,1540,2,69,13256.3
1117.6,112.2,1242.0,1540,2,69,13360.3
1117.763,112.2,1242.0,1540,2,69,13182.8
1117.89,112.2,1242.0,1540,0,69,13074.3
1118.017,112.2,1242.0,1540,2,69,13169.1
1118.143,112.2,1242.0,1540,2,69,13255.0
1118.269,112.2,1242.0,1540,2,69,13326.0
1118.389,112.2,1242.0,1540,0,69,13379.3
1118.509,112.2,1242.0,1540,2,69,13430.1
1118.63,112.2,1242.0,1540,2,69,13465.5
1118.749,112.2,1242.0,1540,2,69,13541.1
1118.874,112.2,1242.0,1540,0,69,13541.1
1118.999,112.2,1242.0,1540,2,69,13541.1
1119.125,112.2,1242.0,1540,2,69,13541.1
1119.252,138.3,1242.0,1540,2,69,13482.3
1119.373,299.3,1242.0,1540,4,69,13513.8
1119.491,428.8,1242.0,1540,13,69,13576.3
1119.61,558.3,1242.0,1540,13,69,13626.5
1119.727,138.3,1242.0,1540,23,73,13627.6
1119.844,299.3,1242.0,1540,70,70,13653.6
1119.962,558.3,1242.0,1540,16,69,13332.3
1120.08,558.3,1242.0,1540,16,69,13362.2
1120.198,136.7,1242.0,1540,38,74,13362.2
1120.315,427.2,1242.0,1540,58,70,13373.5
1120.434,556.7,1242.0,1540,58,69,13395.7
1120.552,135.1,1242.0,1540,33,74,13395.7
1120.669,425.6,1242.0,1540,70,70,13409.9
1120.787,1034.7,1242.0,1540,70,69,13420.6
1120.904,133.5,1242.0,1540,31,73,13420.6
1121.022,424.0,1242.0,1540,73,70,13429.9
1121.139,131.9,1242.0,1540,50,72,13434.8
1121.257,163.4,1242.0,1540,50,71,13442.0
1121.376,422.4,1242.0,1540,56,69,13459.7
1121.494,130.3,1242.0,1540,32,72,13465.1
1121.612,161.8,1242.0,1540,32,71,13471.1
1121.73,420.8,1242.0,1540,71,69,13487.8
1121.849,619.2,1242.0,1540,17,69,13502.6
1121.966,128.7,1242.0,1540,81,74,13503.7
1122.084,419.3,1242.0,1540,81,70,13517.6
1122.202,172.5,1242.0,1540,25,69,13536.2
1122.319,127.2,1242.0,1540,73,73,13538.5
1122.437,288.2,1242.0,1540,73,69,13556.9
1122.555,417.7,1242.0,1540,18,69,13574.2
1122.672,547.2,1242.0,1540,10,69,13596.2
1122.792,125.6,1242.0,1540,10,72,13593.7
1122.912,286.6,1242.0,1540,61,70,13597.3
1123.032,545.6,1242.0,1540,39,69,13613.0
1123.154,124.0,1242.0,1540,62,73,13604.8
1123.274,285.0,1242.0,1540,62,70,13614.5
1123.394,544.0,1242.0,1540,36,69,13625.4
1123.514,122.4,1242.0,1540,54,73,13616.7
1123.635,412.9,1242.0,1540,56,70,13626.0
1123.755,120.8,1242.0,1540,56,72,13625.0
1123.875,281.8,1242.0,1540,74,71,13625.1
1123.995,540.8,1242.0,1540,31,69,13642.9
1124.115,119.2,1242.0,1540,31,73,13634.3
1124.235,280.2,1242.0,1540,82,70,13653.6
1124.355,539.2,1242.0,1540,19,69,13664.4
1124.474,117.6,1242.0,1540,65,73,13657.5
1124.593,408.2,1242.0,1540,65,70,13659.1
1124.713,116.1,1242.0,1540,42,72,13655.4
1124.833,277.1,1242.0,1540,84,71,13651.3
1124.956,536.1,1242.0,1540,84,69,13664.8
1125.076,114.5,1242.0,1540,18,72,13664.5
1125.196,275.5,1242.0,1540,79,70,13669.6
1125.315,275.5,1242.0,1540,11,69,13688.6
1125.435,534.5,1242.0,1540,11,69,13707.2
1125.556,600.1,1242.0,1540,10,69,13721.7
1125.677,112.9,1242.0,1540,63,73,13716.1
1125.798,403.4,1242.0,1540,63,69,13730.2
1125.919,532.9,1242.0,1540,30,69,13738.1
1126.04,111.3,1242.0,1540,54,73,13730.9
1126.16,272.3,1242.0,1540,44,70,13751.9
1126.281,401.8,1242.0,1540,44,69,13773.0
1126.405,109.7,1242.0,1540,13,74,13769.5
1126.592,270.7,1242.0,1540,13,69,13744.2
1126.913,400.2,1242.0,1540,8,69,13718.1
1127.23,529.7,1242.0,1540,60,70,13691.8
1127.537,269.1,1242.0,1540,6,69,13657.8
1127.873,528.1,1242.0,1540,5,69,13621.5
1128.228,106.5,1242.0,1540,22,73,13611.3
1128.36,267.6,1242.0,1540,5,69,13587.1
1128.65,526.6,1242.0,1540,4,69,13553.8
1128.986,105.0,1242.0,1540,62,73,13545.2
1129.121,266.0,1242.0,1540,27,69,13530.3
1129.346,525.0,1242.0,1540,3,69,13502.7
1129.653,103.4,1242.0,1540,71,73,13493.4
1129.779,264.4,1242.0,1540,18,69,13474.5
1130.028,523.4,1242.0,1540,6,69,13444.3
1130.357,101.8,1242.0,1540,30,73,13436.6
1130.509,262.8,1242.0,1540,3,69,13406.4
1130.815,392.3,1242.0,1540,2,69,13367.3
1131.16,521.8,1242.0,1540,3,69,13336.4
1131.468,100.2,1242.0,1540,69,73,13327.0
1131.627,261.2,1242.0,1540,2,69,13286.4
1132.046,261.2,1242.0,1540,3,69,13251.3
1132.386,390.7,1242.0,1540,1,68,13220.4
1132.708,520.2,1242.0,1540,66,70,13187.3
1133.062,259.6,1242.0,1540,4,69,13148.9
1133.426,259.6,1242.0,1540,5,69,13118.3
1133.742,518.6,1242.0,1540,5,69,13082.8
1134.073,518.6,1242.0,1540,3,72,13065.8
1134.27,128.5,1242.0,1540,58,70,13026.8
1134.39,258.0,1242.0,1540,28,69,13070.4
1134.516,387.5,1242.0,1540,3,69,13069.2
1134.802,517.0,1242.0,1540,6,68,13055.6
1135.088,71.7,1242.0,1540,18,73,13045.2
1135.217,53.1,1242.0,1540,61,69,13045.5
1135.339,80.3,1242.0,1540,71,72,13035.4
1135.46,370.8,1242.0,1540,71,69,13039.1
1135.58,82.2,1242.0,1540,23,70,13039.6
1135.7,502.2,1242.0,1540,64,70,13036.0
1135.82,374.5,1242.0,1540,64,71,13026.0
1135.945,246.9,1242.0,1540,81,71,13017.3
1136.066,87.7,1242.0,1540,81,73,13008.2
1136.186,89.6,1242.0,1540,87,73,12998.9
1136.306,91.5,1242.0,1540,87,72,12989.3
1136.426,93.3,1242.0,1540,88,72,12979.7
1136.545,95.2,1242.0,1540,83,71,12970.3
1136.665,515.2,1242.0,1540,83,70,12960.8
1136.785,387.5,1242.0,1540,84,71,12952.5
1136.906,259.9,1242.0,1540,78,72,12943.2
1137.027,132.3,1242.0,1540,83,73,12933.7
1137.147,102.6,1242.0,1540,83,73,12924.5
1137.267,104.5,1242.0,1540,80,72,12915.0
1137.387,106.3,1242.0,1540,78,71,12907.0
1137.507,526.3,1242.0,1540,78,70,12898.1
1137.626,398.7,1242.0,1540,80,71,12888.8
1137.747,271.1,1242.0,1540,80,72,12879.2
1137.867,111.9,1242.0,1540,81,73,12876.1
1137.986,113.8,1242.0,1540,81,72,12862.1
1138.106,115.6,1242.0,1540,73,71,12850.3
1138.231,117.5,1242.0,1540,74,70,12774.0
1138.35,278.5,1242.0,1540,62,70,12631.7
1138.475,119.4,1242.0,1540,62,71,12629.1
1138.598,409.9,1242.0,1540,51,70,12623.5
1138.717,121.2,1242.0,1540,40,73,12617.8
1138.836,411.7,1242.0,1540,40,70,12613.5
1138.956,123.1,1242.0,1540,50,72,12606.7
1139.075,543.1,1242.0,1540,56,70,12605.3
1139.194,156.5,1242.0,1540,58,71,12598.1
1139.315,545.0,1242.0,1540,58,70,12600.6
1139.435,158.3,1242.0,1540,44,71,12599.0
1139.554,417.3,1242.0,1540,33,70,12616.3
1139.673,546.8,1242.0,1540,33,70,12636.4
1139.792,289.7,1242.0,1540,28,70,12640.3
1139.911,419.2,1242.0,1540,38,70,12660.3
1140.029,99.9,1242.0,1540,42,71,12664.3
1140.148,101.5,1242.0,1540,42,70,12740.4
1140.275,101.5,1242.0,1540,13,70,12820.0
1140.402,101.5,1242.0,1540,2,69,12873.0
1140.533,101.5,1242.0,1540,0,69,12741.9
1140.661,101.5,1242.0,1540,0,69,12713.1
1140.788,101.5,1242.0,1540,2,69,12787.8
1140.911,101.5,1242.0,1540,2,69,12874.9
1141.037,101.5,1242.0,1540,0,69,12947.8
1141.164,101.5,1242.0,1540,0,69,13027.5
1141.29,101.5,1242.0,1540,2,69,13112.4
1141.417,101.5,1242.0,1540,2,69,13188.1
1141.545,101.5,1242.0,1540,0,69,13282.5
1141.678,101.5,1242.0,1540,0,69,13366.8
1141.814,101.5,1242.0,1540,2,69,13443.8
1142.019,101.5,1242.0,1540,0,69,13455.8
1142.278,101.5,1242.0,1540,2,69,13486.9
1142.405,101.5,1242.0,1540,0,69,13494.1
1142.714,101.5,1242.0,1540,2,69,13511.6
1142.949,101.5,1242.0,1540,2,68,13503.5
1143.138,101.5,1242.0,1540,0,68,13401.1
1143.281,101.5,1242.0,1540,2,68,13484.0
1143.409,101.5,1242.0,1540,2,68,13563.1
1143.536,101.5,1242.0,1540,0,68,13614.3
1143.663,101.5,1242.0,1540,0,68,13634.2
1143.784,101.5,1242.0,1540,2,68,13650.3
1143.908,101.5,1242.0,1540,2,68,13662.1
1144.034,101.5,1242.0,1540,0,68,13675.7
1144.194,101.5,1242.0,1540,2,68,13679.4
1144.367,101.5,1242.0,1540,2,68,13681.1
1144.563,101.5,1242.0,1540,0,68,13686.6
1144.734,101.5,1242.0,1540,2,68,13697.6
1145.124,101.5,1242.0,1540,0,68,13654.0
1145.717,101.5,1242.0,1540,2,68,13484.6
1146.08,101.5,1242.0,1540,0,68,13544.8
1146.209,101.5,1242.0,1540,2,68,13608.7
1146.348,101.5,1242.0,1540,0,68,13621.4
1146.689,101.5,1242.0,1540,2,68,13630.5
1147.028,101.5,1242.0,1540,2,68,13646.8
1147.361,101.5,1242.0,1540,0,68,13657.7
1147.702,101.5,1242.0,1540,2,68,13667.0
1148.028,101.5,1242.0,1540,2,68,13675.9
1148.37,101.5,1242.0,1540,0,68,13680.8
1148.71,101.5,1242.0,1540,2,68,13677.4
1149.036,101.5,1242.0,1540,2,67,13331.7
1149.165,101.5,1242.0,1540,0,68,13138.4
1149.292,101.5,1242.0,1540,2,68,13203.9
1149.42,101.5,1242.0,1540,2,67,13264.7
1149.547,101.5,1242.0,1540,2,68,13315.8
1149.673,101.5,1242.0,1540,1,67,13360.2
1149.8,101.5,1242.0,1540,1,68,13401.8
1149.926,101.5,1242.0,1540,2,68,13434.7
1150.052,101.5,1242.0,1540,2,67,13381.8
1150.174,418.2,1242.0,1540,3,67,13394.4
1150.291,128.1,1242.0,1540,23,69,13404.4
1150.411,135.1,1242.0,1540,96,69,13405.3
1150.529,107.3,1242.0,1540,96,68,13411.2
1150.647,126.9,1242.0,1540,58,71,13411.2
1150.765,546.9,1242.0,1540,66,69,13415.9
1150.883,125.7,1242.0,1540,66,72,13415.9
1151.001,545.7,1242.0,1540,85,69,13420.4
1151.119,124.5,1242.0,1540,63,73,13420.4
1151.236,415.0,1242.0,1540,56,69,13425.2
1151.354,123.3,1242.0,1540,56,73,13426.0
1151.471,413.8,1242.0,1540,83,70,13430.6
1151.59,122.1,1242.0,1540,56,72,13432.0
1151.708,283.1,1242.0,1540,56,70,13442.1
1151.826,542.1,1242.0,1540,53,69,13450.0
1151.945,120.9,1242.0,1540,60,73,13450.1
1152.062,411.4,1242.0,1540,60,69,13467.5
1152.181,119.7,1242.0,1540,55,72,13471.1
1152.298,280.7,1242.0,1540,82,70,13477.3
1152.416,539.7,1242.0,1540,24,69,13490.5
1152.534,118.5,1242.0,1540,24,74,13490.5
1152.652,409.0,1242.0,1540,82,69,13506.5
1152.769,117.3,1242.0,1540,43,72,13512.2
1152.887,278.3,1242.0,1540,43,70,13519.1
1153.005,116.1,1242.0,1540,69,72,13524.1
1153.123,147.6,1242.0,1540,82,70,13528.1
1153.241,114.9,1242.0,1540,52,70,13536.0
1153.358,114.9,1242.0,1540,52,73,13539.2
1153.476,534.9,1242.0,1540,67,69,13508.4
1153.595,113.7,1242.0,1540,66,73,13406.0
1153.713,404.2,1242.0,1540,66,70,13422.6
1153.831,112.5,1242.0,1540,41,70,13439.3
1153.948,112.5,1242.0,1540,70,72,13443.4
1154.066,273.5,1242.0,1540,70,69,13449.1
1154.185,532.5,1242.0,1540,27,69,13479.7
1154.302,111.3,1242.0,1540,13,70,13503.6
1154.42,111.3,1242.0,1540,79,71,13509.0
1154.537,401.8,1242.0,1540,79,69,13541.7
1154.655,531.3,1242.0,1540,16,69,13563.1
1154.773,110.1,1242.0,1540,63,73,13563.1
1154.89,271.1,1242.0,1540,63,69,13584.5
1155.008,400.6,1242.0,1540,32,69,13238.3
1155.125,530.1,1242.0,1540,13,69,13268.5
1155.243,108.9,1242.0,1540,13,72,13274.6
1155.36,269.9,1242.0,1540,60,70,13292.9
1155.478,528.9,1242.0,1540,35,69,13308.7
1155.597,107.7,1242.0,1540,58,72,13312.4
1155.715,268.7,1242.0,1540,58,70,13325.7
1155.833,398.2,1242.0,1540,41,69,13351.4
1155.951,106.5,1242.0,1540,16,69,13367.6
1156.068,106.5,1242.0,1540,16,72,13372.7
1156.186,267.5,1242.0,1540,80,69,13399.4
1156.304,397.0,1242.0,1540,14,68,13429.8
1156.422,526.5,1242.0,1540,12,68,13463.9
1156.539,105.3,1242.0,1540,12,72,13464.5
1156.657,266.3,1242.0,1540,78,69,13508.6
1156.775,395.8,1242.0,1540,9,68,13558.1
1156.903,525.3,1242.0,1540,9,68,13485.8
1157.023,104.0,1242.0,1540,12,71,13449.1
1157.142,135.6,1242.0,1540,75,70,13468.2
1157.261,265.1,1242.0,1540,15,69,13514.3
1157.379,394.6,1242.0,1540,15,68,13560.7
1157.498,524.1,1242.0,1540,11,68,13610.0
1157.618,102.8,1242.0,1540,56,73,13600.0
1157.736,263.9,1242.0,1540,56,69,13625.9
1157.855,393.4,1242.0,1540,35,69,13668.0
1157.974,522.9,1242.0,1540,13,68,13706.6
1158.094,101.6,1242.0,1540,69,73,13696.4
1158.213,262.7,1242.0,1540,69,69,13721.9
1158.333,521.7,1242.0,1540,24,69,13749.7
1158.453,100.4,1242.0,1540,33,72,13760.3
1158.572,132.0,1242.0,1540,33,70,13779.8
1158.692,261.5,1242.0,1540,60,69,13826.9
1158.81,391.0,1242.0,1540,4,68,13795.2
1159.195,520.5,1242.0,1540,2,68,13757.0
1159.539,520.5,1242.0,1540,1,68,13717.9
1159.916,99.2,1242.0,1540,68,72,13705.8
1160.095,260.2,1242.0,1540,2,68,13667.3
1160.505,260.2,1242.0,1540,1,68,13625.5
1160.913,389.7,1242.0,1540,2,68,13590.6
1161.248,389.7,1242.0,1540,3,68,13558.5
1161.564,519.2,1242.0,1540,8,72,13531.0
1161.878,129.5,1242.0,1540,2,68,13480.6
1162.256,259.0,1242.0,1540,2,68,13428.1
1162.581,259.0,1242.0,1540,2,68,13411.9
1162.711,259.0,1242.0,1540,2,68,13408.6
1162.843,259.0,1242.0,1540,3,68,13397.4
1162.973,388.5,1242.0,1540,3,68,13382.5
1163.152,388.5,1242.0,1540,4,68,13366.4
1163.333,388.5,1242.0,1540,1,68,13354.8
1163.48,518.0,1242.0,1540,3,68,13324.0
1163.776,518.0,1242.0,1540,2,68,13290.4
1164.104,96.8,1242.0,1540,58,70,13274.3
1164.304,100.3,1242.0,1540,22,69,13255.9
1164.483,128.3,1242.0,1540,2,68,13238.8
1164.611,128.3,1242.0,1540,2,68,13222.0
1164.735,128.3,1242.0,1540,2,68,13205.3
1164.855,257.8,1242.0,1540,0,68,13213.2
1165.052,257.8,1242.0,1540,5,68,13215.5
1165.181,387.3,1242.0,1540,1,68,13174.0
1165.481,387.3,1242.0,1540,2,68,13160.6
1165.62,387.3,1242.0,1540,0,68,13123.2
1165.949,516.8,1242.0,1540,2,68,13080.5
1166.303,516.8,1242.0,1540,1,68,13058.0
1166.521,516.8,1242.0,1540,2,68,13041.4
1166.696,516.8,1242.0,1540,2,68,13000.6
1167.066,516.8,1242.0,1540,2,68,12984.7
1167.193,72.0,1242.0,1540,2,71,12979.2
1167.322,65.4,1242.0,1540,76,70,12969.5
1167.442,92.7,1242.0,1540,76,71,12961.6
1167.562,94.7,1242.0,1540,62,71,12952.7
1167.681,514.7,1242.0,1540,82,70,12944.2
1167.801,516.7,1242.0,1540,82,70,12934.2
1167.921,389.2,1242.0,1540,82,70,12924.7
1168.042,261.6,1242.0,1540,84,71,12914.6
1168.162,109.6,1242.0,1540,86,72,12904.4
1168.283,104.6,1242.0,1540,86,73,12894.3
1168.403,106.5,1242.0,1540,83,73,12884.1
1168.523,108.5,1242.0,1540,83,73,12874.3
1168.642,110.5,1242.0,1540,83,72,12865.3
1168.761,112.4,1242.0,1540,83,71,12855.1
1168.881,536.3,1242.0,1540,92,71,12845.2
1169.0,404.9,1242.0,1540,84,70,12835.0
1169.121,406.9,1242.0,1540,84,71,12825.0
1169.241,279.4,1242.0,1540,73,72,12814.5
1169.361,120.3,1242.0,1540,75,73,12804.8
1169.481,122.3,1242.0,1540,86,72,12795.8
1169.6,229.3,1242.0,1540,86,71,12787.6
1169.72,544.3,1242.0,1540,80,70,12778.6
1169.84,416.7,1242.0,1540,80,71,12768.9
1169.961,289.2,1242.0,1540,80,72,12760.4
1170.082,130.2,1242.0,1540,77,73,12750.6
1170.203,132.1,1242.0,1540,77,73,12740.5
1170.322,134.1,1242.0,1540,81,72,12730.9
1170.441,554.1,1242.0,1540,81,70,12722.1
1170.561,556.1,1242.0,1540,80,71,12712.4
1170.681,428.6,1242.0,1540,86,71,12709.1
1170.801,301.0,1242.0,1540,86,72,12709.4
1170.921,142.0,1242.0,1540,78,74,12629.4
1171.041,432.5,1242.0,1540,58,70,12640.3
1171.164,562.0,1242.0,1540,17,69,12645.7
1171.283,305.0,1242.0,1540,17,71,12648.8
1171.402,434.5,1242.0,1540,53,69,12670.5
1171.521,115.3,1242.0,1540,22,72,12674.0
1171.64,117.0,1242.0,1540,22,70,12751.2
1171.767,117.0,1242.0,1540,35,69,12829.7
1171.895,117.0,1242.0,1540,0,69,12872.6
1172.112,117.0,1242.0,1540,2,69,12907.7
1172.332,117.0,1242.0,1540,0,69,12941.9
1172.658,117.0,1242.0,1540,2,69,12991.0
1172.791,117.0,1242.0,1540,1,69,13045.5
1173.002,117.0,1242.0,1540,1,69,13056.0
1173.24,117.0,1242.0,1540,1,69,13063.7
1173.491,117.0,1242.0,1540,1,69,12993.1
1173.63,117.0,1242.0,1540,1,69,13059.0
1173.762,117.0,1242.0,1540,2,69,13127.5
1173.889,117.0,1242.0,1540,0,69,13181.5
1174.132,117.0,1242.0,1540,2,69,13188.3
1174.388,117.0,1242.0,1540,2,69,13197.6
1174.555,117.0,1242.0,1540,0,69,12733.2
1174.68,117.0,1242.0,1540,2,69,12816.8
1174.805,117.0,1242.0,1540,2,69,12909.1
1174.931,117.0,1242.0,1540,2,69,13010.2
1175.057,117.0,1242.0,1540,0,69,13107.0
1175.182,117.0,1242.0,1540,2,69,12951.2
1175.31,117.0,1242.0,1540,2,69,13043.9
1175.435,117.0,1242.0,1540,2,69,13123.5
1175.555,117.0,1242.0,1540,0,69,13197.4
1175.675,117.0,1242.0,1540,2,69,13241.7
1175.795,117.0,1242.0,1540,2,69,13302.9
1175.915,117.0,1242.0,1540,2,69,13355.4
1176.034,117.0,1242.0,1540,0,69,13405.7
1176.154,117.0,1242.0,1540,0,69,13444.5
1176.273,117.0,1242.0,1540,2,69,13349.0
1176.397,117.0,1242.0,1540,0,69,13215.9
1176.523,117.0,1242.0,1540,3,69,13270.0
1176.65,117.0,1242.0,1540,3,69,13304.8
1176.778,117.0,1242.0,1540,3,69,13336.1
1176.907,117.0,1242.0,1540,2,69,13365.2
1177.036,117.0,1242.0,1540,0,69,13394.3
1177.175,117.0,1242.0,1540,2,69,13402.1
1177.312,117.0,1242.0,1540,2,69,13402.1
1177.449,146.8,1242.0,1540,2,69,13336.0
1177.57,433.8,1242.0,1540,8,69,13349.8
1177.691,143.3,1242.0,1540,58,73,13354.1
1177.808,304.3,1242.0,1540,58,70,13364.3
1177.926,433.8,1242.0,1540,49,69,13379.6
1178.043,563.3,1242.0,1540,12,69,13391.1
1178.161,141.5,1242.0,1540,12,73,13391.2
1178.278,302.5,1242.0,1540,80,70,13407.6
1178.396,139.8,1242.0,1540,21,69,13415.6
1178.513,139.8,1242.0,1540,82,73,13417.1
1178.631,430.3,1242.0,1540,82,70,13447.1
1178.748,559.8,1242.0,1540,16,69,13485.1
1178.866,138.0,1242.0,1540,31,72,13501.5
1178.983,138.0,1242.0,1540,31,71,13507.0
1179.102,299.0,1242.0,1540,73,69,13544.0
1179.219,428.5,1242.0,1540,14,68,13579.9
1179.336,136.3,1242.0,1540,14,69,13605.2
1179.454,136.3,1242.0,1540,37,70,13605.4
1179.572,426.8,1242.0,1540,66,69,13631.3
1179.69,175.9,1242.0,1540,28,70,13338.4
1179.809,134.5,1242.0,1540,28,71,13329.0
1179.927,295.5,1242.0,1540,76,69,13371.4
1180.045,425.0,1242.0,1540,9,69,13418.1
1180.164,554.5,1242.0,1540,9,69,13457.0
1180.282,132.8,1242.0,1540,14,72,13458.8
1180.4,293.8,1242.0,1540,83,70,13498.6
1180.518,552.8,1242.0,1540,19,69,13556.0
1180.636,131.0,1242.0,1540,19,73,13562.6
1180.753,292.0,1242.0,1540,81,70,13578.0
1180.872,421.5,1242.0,1540,16,69,13597.3
1180.99,129.3,1242.0,1540,16,72,13614.0
1181.108,160.8,1242.0,1540,60,71,13629.4
1181.226,419.8,1242.0,1540,40,69,13510.1
1181.343,549.3,1242.0,1540,40,69,13472.5
1181.462,127.5,1242.0,1540,25,73,13472.5
1181.58,288.5,1242.0,1540,71,69,13502.5
1181.698,547.5,1242.0,1540,18,69,13533.2
1181.816,125.8,1242.0,1540,18,73,13537.6
1181.934,286.8,1242.0,1540,81,70,13564.4
1182.051,545.8,1242.0,1540,16,69,13591.3
1182.169,124.0,1242.0,1540,16,72,13602.4
1182.286,285.0,1242.0,1540,67,70,13521.4
1182.413,414.5,1242.0,1540,34,69,13308.0
1182.531,122.3,1242.0,1540,45,71,13322.9
1182.649,153.8,1242.0,1540,45,71,13341.5
1182.767,412.8,1242.0,1540,52,69,13380.1
1182.885,542.3,1242.0,1540,14,69,13413.5
1183.003,120.5,1242.0,1540,14,72,13420.3
1183.121,281.5,1242.0,1540,71,70,13453.4
1183.239,411.0,1242.0,1540,24,69,13500.2
1183.357,540.5,1242.0,1540,24,69,13556.4
1183.475,118.8,1242.0,1540,15,73,13563.6
1183.592,279.8,1242.0,1540,79,70,13597.1
1183.71,409.3,1242.0,1540,15,69,13647.9
1183.83,117.0,1242.0,1540,15,71,13650.4
1183.95,120.5,1242.0,1540,57,71,13648.0
1184.069,278.0,1242.0,1540,39,69,13678.2
1184.189,537.0,1242.0,1540,39,69,13710.7
1184.309,115.3,1242.0,1540,14,72,13718.1
1184.429,276.3,1242.0,1540,77,70,13723.5
1184.55,405.8,1242.0,1540,16,69,13758.7
1184.67,535.3,1242.0,1540,16,69,13798.2
1184.79,113.5,1242.0,1540,22,73,13789.8
1184.91,274.5,1242.0,1540,75,70,13795.1
1185.031,533.5,1242.0,1540,28,69,13801.1
1185.151,111.8,1242.0,1540,28,73,13793.0
1185.271,402.3,1242.0,1540,77,70,13802.7
1185.391,110.0,1242.0,1540,37,72,13802.8
1185.511,141.5,1242.0,1540,37,71,13801.7
1185.631,400.5,1242.0,1540,9,69,13805.6
1185.917,530.0,1242.0,1540,2,69,13769.9
1186.268,108.3,1242.0,1540,68,70,13749.5
1186.515,269.3,1242.0,1540,2,69,13710.1
1186.872,269.3,1242.0,1540,0,69,13675.2
1187.185,269.3,1242.0,1540,3,69,13644.9
1187.441,398.8,1242.0,1540,7,69,13575.8
1187.918,398.8,1242.0,1540,1,69,13530.8
1188.328,398.8,1242.0,1540,1,69,13484.9
1188.719,528.3,1242.0,1540,2,69,13431.2
1189.107,528.3,1242.0,1540,2,68,13382.5
1189.513,528.3,1242.0,1540,73,70,13347.0
1189.881,397.0,1242.0,1540,6,68,13307.6
1190.247,104.8,1242.0,1540,49,73,13298.4
1190.382,395.3,1242.0,1540,53,69,13283.3
1190.604,103.0,1242.0,1540,29,73,13274.2
1190.766,264.0,1242.0,1540,4,69,13235.9
1191.117,523.0,1242.0,1540,7,69,13212.7
1191.426,101.3,1242.0,1540,55,73,12974.6
1191.545,262.3,1242.0,1540,55,70,12702.2
1191.664,262.3,1242.0,1540,33,69,12705.5
1191.784,391.8,1242.0,1540,5,69,12617.4
1191.911,521.3,1242.0,1540,9,69,12669.9
1192.031,521.3,1242.0,1540,9,69,12695.3
1192.151,521.3,1242.0,1540,5,69,12688.4
1192.271,521.3,1242.0,1540,2,69,12672.8
1192.391,521.3,1242.0,1540,2,69,12666.4
1192.511,99.5,1242.0,1540,3,72,12657.7
1192.631,99.5,1242.0,1540,73,70,12650.1
1192.75,99.5,1242.0,1540,7,69,12642.0
1192.87,106.5,1242.0,1540,7,69,12631.6
1192.99,131.0,1242.0,1540,2,69,12621.0
1193.11,131.0,1242.0,1540,2,69,12611.7
1193.23,260.5,1242.0,1540,1,69,12601.0
1193.35,260.5,1242.0,1540,1,69,12592.7
1193.47,260.5,1242.0,1540,2,69,12582.5
1193.59,260.5,1242.0,1540,2,69,12571.9
1193.71,260.5,1242.0,1540,2,69,12561.3
1193.83,260.5,1242.0,1540,1,69,12551.7
1193.951,260.5,1242.0,1540,2,69,12542.0
1194.071,260.5,1242.0,1540,2,69,12530.0
1194.191,260.5,1242.0,1540,2,69,12519.9
1194.311,260.5,1242.0,1540,1,69,12508.3
1194.432,260.5,1242.0,1540,2,69,12497.9
1194.551,260.5,1242.0,1540,2,69,12487.1
1194.671,260.5,1242.0,1540,2,69,12477.0
1194.791,390.0,1242.0,1540,1,69,12466.0
1194.911,390.0,1242.0,1540,2,69,12456.5
1195.032,390.0,1242.0,1540,2,69,12446.3
1195.152,390.0,1242.0,1540,2,69,12436.6
1195.272,390.0,1242.0,1540,1,69,12428.0
1195.392,390.0,1242.0,1540,1,69,12417.9
1195.511,390.0,1242.0,1540,3,69,12408.1
1195.631,390.0,1242.0,1540,2,69,12398.3
1195.751,390.0,1242.0,1540,1,69,12388.4
1195.871,390.0,1242.0,1540,1,69,12376.8
1195.991,390.0,1242.0,1540,2,69,12366.4
1196.111,390.0,1242.0,1540,2,69,12356.8
1196.231,519.5,1242.0,1540,2,69,12347.4
1196.35,519.5,1242.0,1540,1,69,12337.6
1196.472,519.5,1242.0,1540,2,69,12326.2
1196.592,519.5,1242.0,1540,3,69,12322.0
1196.711,519.5,1242.0,1540,3,69,12278.2
1196.83,97.8,1242.0,1540,19,73,12248.6
1196.967,129.3,1242.0,1540,76,69,12271.8
1197.089,258.8,1242.0,1540,8,69,12312.7
1197.209,258.8,1242.0,1540,8,68,12307.5
1197.329,258.8,1242.0,1540,3,68,12297.3
1197.449,258.8,1242.0,1540,2,68,12287.1
1197.569,258.8,1242.0,1540,2,68,12278.4
1197.689,258.8,1242.0,1540,3,68,12269.5
1197.809,388.3,1242.0,1540,1,68,12262.0
1197.929,388.3,1242.0,1540,3,68,12253.6
1198.05,388.3,1242.0,1540,3,68,12239.6
1198.171,388.3,1242.0,1540,2,68,12180.4
1198.291,517.8,1242.0,1540,7,68,11941.6
1198.409,72.4,1242.0,1540,7,69,11931.2
1198.527,65.4,1242.0,1540,50,71,11932.3
1198.646,53.1,1242.0,1540,41,69,11949.7
1198.764,80.6,1242.0,1540,64,71,11950.6
1198.882,507.6,1242.0,1540,64,70,11951.1
1199.0,89.7,1242.0,1540,92,72,11951.3
1199.118,84.8,1242.0,1540,80,72,11952.0
1199.236,504.8,1242.0,1540,80,70,11953.2
1199.353,86.9,1242.0,1540,82,72,11937.9
1199.472,88.9,1242.0,1540,77,72,11938.8
1199.589,379.5,1242.0,1540,77,70,11940.4
1199.708,91.0,1242.0,1540,76,73,11940.4
1199.826,93.1,1242.0,1540,82,71,11941.0
1199.943,254.1,1242.0,1540,80,71,11943.4
1200.062,95.2,1242.0,1540,80,73,11944.0
1200.181,515.2,1242.0,1540,83,70,11947.2
1200.298,97.3,1242.0,1540,73,72,11947.4
1200.416,99.3,1242.0,1540,73,70,11949.2
1200.533,389.8,1242.0,1540,70,71,11954.1
1200.651,101.4,1242.0,1540,82,73,11955.1
1200.768,103.5,1242.0,1540,79,71,11957.0
1200.885,264.5,1242.0,1540,79,71,11958.7
1201.004,105.6,1242.0,1540,75,73,11959.3
1201.122,396.1,1242.0,1540,73,70,11970.4
1201.24,107.7,1242.0,1540,73,73,11971.0
1201.357,527.7,1242.0,1540,79,70,11975.0
1201.476,109.7,1242.0,1540,74,72,11978.1
1201.595,529.7,1242.0,1540,74,70,11991.7
1201.713,111.8,1242.0,1540,43,72,11994.6
1201.832,402.3,1242.0,1540,66,70,12001.9
1201.95,113.9,1242.0,1540,54,73,12005.5
1202.067,274.9,1242.0,1540,54,70,12008.6
1202.185,533.9,1242.0,1540,40,70,12012.0
1202.303,119.5,1242.0,1540,69,71,12012.3
1202.422,536.0,1242.0,1540,69,69,11972.1
1202.54,118.1,1242.0,1540,28,73,11973.9
1202.659,279.1,1242.0,1540,71,70,11996.0
1202.776,538.1,1242.0,1540,15,69,12030.2
1202.903,120.1,1242.0,1540,15,73,12033.6
1203.02,410.6,1242.0,1540,70,69,12062.3
1203.141,122.2,1242.0,1540,28,70,12074.8
1203.259,283.2,1242.0,1540,28,71,12069.3
1203.377,412.7,1242.0,1540,64,69,12038.2
1203.496,542.2,1242.0,1540,16,69,12048.1
1203.614,124.3,1242.0,1540,67,73,12057.7
1203.737,285.3,1242.0,1540,67,69,12039.5
1203.855,414.8,1242.0,1540,12,69,12056.1
1203.973,544.3,1242.0,1540,13,69,12085.8
1204.091,126.4,1242.0,1540,13,72,12087.9
1204.209,287.4,1242.0,1540,67,69,12116.1
1204.327,546.4,1242.0,1540,13,69,12064.7
1204.445,128.4,1242.0,1540,39,70,12066.0
1204.563,160.0,1242.0,1540,39,70,12068.1
1204.681,419.0,1242.0,1540,45,69,12071.8
1204.8,548.5,1242.0,1540,16,69,12084.3
1204.917,130.5,1242.0,1540,16,71,12086.4
1205.035,291.5,1242.0,1540,67,69,12094.7
1205.155,550.5,1242.0,1540,15,69,12110.3
1205.272,132.6,1242.0,1540,15,71,12117.3
1205.39,293.6,1242.0,1540,41,70,12129.1
1205.508,423.1,1242.0,1540,40,69,12152.2
1205.625,552.6,1242.0,1540,12,69,12173.1
1205.744,134.7,1242.0,1540,12,69,12186.8
1205.861,134.7,1242.0,1540,41,72,12195.9
1205.979,295.7,1242.0,1540,36,69,12214.8
1206.099,554.7,1242.0,1540,36,69,12241.4
1206.216,106.1,1242.0,1540,17,71,12253.5
1206.334,108.0,1242.0,1540,64,70,12337.7
1206.458,108.0,1242.0,1540,2,69,12459.1
1206.583,108.0,1242.0,1540,2,69,12555.0
1206.707,108.0,1242.0,1540,2,68,12656.0
1206.832,108.0,1242.0,1540,0,68,12741.5
1206.957,108.0,1242.0,1540,2,68,12819.6
1207.085,108.0,1242.0,1540,2,68,12937.4
1207.213,108.0,1242.0,1540,2,68,13027.1
1207.341,108.0,1242.0,1540,0,68,13103.9
1207.468,108.0,1242.0,1540,2,68,13165.1
1207.657,108.0,1242.0,1540,0,69,13184.9
1207.938,108.0,1242.0,1540,2,68,13199.5
1208.242,108.0,1242.0,1540,0,68,13213.7
1208.563,108.0,1242.0,1540,2,68,13228.5
1208.832,108.0,1242.0,1540,2,69,13241.0
1209.119,108.0,1242.0,1540,2,69,13235.1
1209.278,108.0,1242.0,1540,2,69,13140.2
1209.406,108.0,1242.0,1540,0,69,13030.0
1209.548,108.0,1242.0,1540,2,69,13122.2
1209.673,108.0,1242.0,1540,2,69,13205.3
1209.8,108.0,1242.0,1540,0,69,13291.6
1209.926,108.0,1242.0,1540,0,69,13371.9
1210.054,108.0,1242.0,1540,2,69,13422.2
1210.176,108.0,1242.0,1540,2,69,13456.8
1210.296,108.0,1242.0,1540,0,69,13473.6
1210.417,108.0,1242.0,1540,0,69,13489.4
1210.536,108.0,1242.0,1540,2,69,13507.9
1210.656,108.0,1242.0,1540,2,69,13524.4
1210.791,108.0,1242.0,1540,0,69,13528.3
1210.958,108.0,1242.0,1540,2,69,13553.5
1211.338,108.0,1242.0,1540,2,69,13546.7
1211.65,108.0,1242.0,1540,3,69,13537.9
1211.955,108.0,1242.0,1540,3,69,13444.1
1212.084,108.0,1242.0,1540,5,69,13511.5
1212.212,108.0,1242.0,1540,2,69,13407.8
1212.341,108.0,1242.0,1540,1,69,13129.9
1212.488,108.0,1242.0,1540,1,69,12812.4
1212.615,108.0,1242.0,1540,1,69,12882.4
1212.74,108.0,1242.0,1540,2,69,12965.1
1212.865,108.0,1242.0,1540,1,69,13046.6
1212.99,108.0,1242.0,1540,1,69,13088.2
1213.116,108.0,1242.0,1540,1,69,13109.2
1213.242,108.0,1242.0,1540,2,69,13118.2
1213.379,108.0,1242.0,1540,1,69,13118.2
1213.513,581.6,1242.0,1540,17,69,13040.2
1213.631,134.8,1242.0,1540,17,73,13040.2
1213.748,621.1,1242.0,1540,99,71,13040.3
1213.866,133.3,1242.0,1540,97,74,13040.3
1213.984,553.4,1242.0,1540,89,70,13040.8
1214.102,131.9,1242.0,1540,89,73,13040.8
1214.22,422.4,1242.0,1540,99,72,13041.1
1214.339,130.5,1242.0,1540,86,73,13041.1
1214.457,421.0,1242.0,1540,86,72,13041.3
1214.575,129.1,1242.0,1540,90,74,13041.5
1214.694,290.1,1242.0,1540,100,73,13041.5
1214.812,127.7,1242.0,1540,90,74,13041.7
1214.93,127.7,1242.0,1540,90,73,13043.6
1215.049,126.2,1242.0,1540,80,73,13045.9
1215.166,126.2,1242.0,1540,99,74,13045.9
1215.284,416.8,1242.0,1540,99,70,13059.9
1215.402,124.8,1242.0,1540,38,72,13068.8
1215.52,124.8,1242.0,1540,79,74,13068.8
1215.638,415.3,1242.0,1540,79,70,13076.8
1215.756,123.4,1242.0,1540,53,73,13079.3
1215.874,123.4,1242.0,1540,84,73,13079.4
1215.992,413.9,1242.0,1540,45,70,13092.0
1216.111,122.0,1242.0,1540,45,69,13101.3
1216.228,122.0,1242.0,1540,52,73,13101.3
1216.346,283.0,1242.0,1540,75,71,13107.0
1216.465,542.0,1242.0,1540,75,70,13116.9
1216.583,120.6,1242.0,1540,23,73,13118.3
1216.701,124.1,1242.0,1540,100,72,13121.4
1216.818,411.1,1242.0,1540,100,70,13130.3
1216.937,119.1,1242.0,1540,22,71,13136.4
1217.054,119.1,1242.0,1540,63,74,13136.7
1217.184,409.6,1242.0,1540,64,70,13146.6
1217.302,117.7,1242.0,1540,64,70,13155.8
1217.419,117.7,1242.0,1540,43,73,13155.8
1217.536,278.7,1242.0,1540,82,70,13166.8
1217.654,537.7,1242.0,1540,82,70,13181.8
1217.771,116.3,1242.0,1540,20,72,13187.1
1217.888,116.3,1242.0,1540,78,73,13187.1
1218.005,406.8,1242.0,1540,47,70,13205.0
1218.123,114.9,1242.0,1540,47,71,13216.5
1218.241,114.9,1242.0,1540,60,74,13216.5
1218.358,275.9,1242.0,1540,69,70,13235.9
1218.477,534.9,1242.0,1540,69,69,13258.1
1218.594,113.5,1242.0,1540,36,73,13258.1
1218.711,274.5,1242.0,1540,93,71,13262.6
1218.829,404.0,1242.0,1540,93,70,13297.2
1218.947,533.5,1242.0,1540,16,69,13334.6
1219.065,112.0,1242.0,1540,21,73,13343.5
1219.183,112.0,1242.0,1540,97,73,13348.0
1219.301,273.0,1242.0,1540,97,70,13383.3
1219.419,402.5,1242.0,1540,12,69,13421.8
1219.536,532.0,1242.0,1540,11,69,13459.5
1219.654,110.6,1242.0,1540,11,73,13462.8
1219.771,110.6,1242.0,1540,71,71,13472.2
1219.888,271.6,1242.0,1540,48,69,13505.2
1220.006,401.1,1242.0,1540,13,69,13475.0
1220.125,109.2,1242.0,1540,13,72,13403.2
1220.242,109.2,1242.0,1540,66,74,13403.2
1220.36,270.2,1242.0,1540,55,70,13436.3
1220.478,399.7,1242.0,1540,55,69,13476.6
1220.596,529.2,1242.0,1540,12,69,13527.2
1220.714,107.8,1242.0,1540,23,71,13550.6
1220.831,107.8,1242.0,1540,23,74,13550.8
1220.95,268.8,1242.0,1540,96,70,13598.5
1221.07,398.3,1242.0,1540,11,69,13647.9
1221.19,527.8,1242.0,1540,13,69,13696.4
1221.309,106.4,1242.0,1540,13,73,13691.5
1221.428,113.4,1242.0,1540,86,71,13697.6
1221.548,267.4,1242.0,1540,32,69,13787.1
1221.668,396.9,1242.0,1540,11,69,13841.3
1221.932,526.4,1242.0,1540,2,69,13789.1
1222.371,526.4,1242.0,1540,2,69,13712.1
1222.873,104.9,1242.0,1540,27,72,13666.8
1223.006,104.9,1242.0,1540,27,72,13591.1
1223.126,265.9,1242.0,1540,85,69,13522.4
1223.245,395.4,1242.0,1540,13,69,13567.4
1223.363,524.9,1242.0,1540,14,69,13611.3
1223.482,103.5,1242.0,1540,14,73,13601.8
1223.601,135.0,1242.0,1540,100,70,13613.6
1223.72,264.5,1242.0,1540,18,69,13653.8
1223.84,394.0,1242.0,1540,9,69,13678.9
1224.065,523.5,1242.0,1540,4,69,13651.6
1224.4,102.1,1242.0,1540,48,73,13642.2
1224.525,133.6,1242.0,1540,3,69,13608.7
1224.889,263.1,1242.0,1540,1,69,13563.8
1225.292,392.6,1242.0,1540,1,69,13524.3
1225.656,522.1,1242.0,1540,2,69,13468.2
1226.041,522.1,1242.0,1540,3,69,13398.8
1226.46,100.7,1242.0,1540,15,73,13389.2
1226.587,132.2,1242.0,1540,4,69,13361.1
1226.909,261.7,1242.0,1540,1,69,13317.0
1227.308,391.2,1242.0,1540,7,69,13283.4
1227.629,520.7,1242.0,1540,2,69,13241.7
1228.024,520.7,1242.0,1540,31,73,13206.1
1228.379,102.8,1242.0,1540,1,69,13177.8
1228.69,260.3,1242.0,1540,3,69,13143.0
1229.023,389.8,1242.0,1540,3,69,13106.3
1229.376,389.8,1242.0,1540,13,69,13077.8
1229.675,519.3,1242.0,1540,5,69,13084.2
1229.941,519.3,1242.0,1540,24,73,13044.3
1230.332,258.8,1242.0,1540,7,69,13023.9
1230.503,388.3,1242.0,1540,7,69,12935.3
1230.63,388.3,1242.0,1540,7,69,12998.3
1230.75,517.8,1242.0,1540,8,69,13057.5
1230.925,72.8,1242.0,1540,30,73,13000.2
1231.158,251.9,1242.0,1540,83,70,13017.4
1231.28,93.1,1242.0,1540,26,72,13012.7
1231.401,513.1,1242.0,1540,90,70,13003.2
1231.522,256.3,1242.0,1540,90,72,12993.6
1231.644,97.4,1242.0,1540,88,73,12984.1
1231.765,99.6,1242.0,1540,85,71,12974.5
1231.885,390.1,1242.0,1540,85,71,12965.4
1232.007,101.8,1242.0,1540,85,73,12956.1
1232.128,104.0,1242.0,1540,84,71,12946.9
1232.248,524.0,1242.0,1540,89,71,12936.3
1232.382,137.7,1242.0,1540,89,72,12927.1
1232.503,108.4,1242.0,1540,85,73,12917.6
1232.624,528.4,1242.0,1540,81,70,12909.0
1232.745,117.6,1242.0,1540,83,72,12899.6
1232.866,112.8,1242.0,1540,83,73,12890.1
1232.987,532.8,1242.0,1540,80,70,12880.9
1233.108,276.0,1242.0,1540,81,72,12871.6
1233.229,117.1,1242.0,1540,75,73,12862.3
1233.35,537.2,1242.0,1540,75,71,12853.2
1233.471,280.3,1242.0,1540,82,72,12843.7
1233.592,121.5,1242.0,1540,75,73,12834.6
1233.714,557.5,1242.0,1540,75,71,12825.5
1233.835,284.7,1242.0,1540,85,73,12817.0
1233.957,125.9,1242.0,1540,80,73,12807.4
1234.078,545.9,1242.0,1540,76,70,12799.6
1234.199,159.6,1242.0,1540,76,73,12790.2
1234.32,130.3,1242.0,1540,81,74,12781.6
1234.442,558.3,1242.0,1540,87,71,12774.2
1234.563,293.5,1242.0,1540,82,72,12765.5
1234.684,134.7,1242.0,1540,82,74,12757.4
1234.806,136.8,1242.0,1540,84,71,12748.8
1234.928,297.8,1242.0,1540,84,72,12741.4
1235.05,139.0,1242.0,1540,84,72,12739.4
1235.171,300.0,1242.0,1540,58,71,12739.5
1235.292,141.2,1242.0,1540,44,71,12738.9
1235.412,172.7,1242.0,1540,74,71,12731.8
1235.533,143.4,1242.0,1540,74,71,12725.2
1235.654,433.9,1242.0,1540,69,71,12718.2
1235.775,145.6,1242.0,1540,67,73,12709.7
1235.896,565.6,1242.0,1540,67,70,12705.1
1236.018,151.3,1242.0,1540,65,74,12697.1
1236.139,150.0,1242.0,1540,75,71,12692.5
1236.261,311.0,1242.0,1540,73,72,12686.3
1236.382,121.5,1242.0,1540,73,71,12682.5
1236.503,123.5,1242.0,1540,63,71,12739.5
1236.631,123.5,1242.0,1540,24,70,12819.3
1236.76,123.5,1242.0,1540,0,69,12853.0
1236.889,123.5,1242.0,1540,2,69,12867.6
1237.032,123.5,1242.0,1540,2,69,12942.1
1237.16,123.5,1242.0,1540,2,69,13013.1
1237.29,123.5,1242.0,1540,2,69,13058.0
1237.63,123.5,1242.0,1540,0,69,13069.1
1237.955,123.5,1242.0,1540,2,69,13078.3
1238.281,123.5,1242.0,1540,2,69,13087.9
1238.632,123.5,1242.0,1540,1,69,13082.7
1238.869,123.5,1242.0,1540,1,69,13032.7
1238.997,123.5,1242.0,1540,2,69,13067.4
1239.126,123.5,1242.0,1540,2,69,13112.8
1239.255,123.5,1242.0,1540,0,68,13146.4
1239.399,123.5,1242.0,1540,0,68,13166.9
1239.528,123.5,1242.0,1540,2,68,13235.3
1239.66,123.5,1242.0,1540,0,68,13263.7
1239.903,123.5,1242.0,1540,2,68,13282.5
1240.244,123.5,1242.0,1540,2,68,13294.0
1240.552,123.5,1242.0,1540,2,68,13297.9
1240.868,123.5,1242.0,1540,2,68,13292.3
1241.171,123.5,1242.0,1540,0,68,13300.2
1241.498,123.5,1242.0,1540,2,68,13290.0
1241.8,123.5,1242.0,1540,0,68,12911.2
1241.93,123.5,1242.0,1540,2,68,12939.5
1242.048,123.5,1242.0,1540,2,68,12966.0
1242.166,123.5,1242.0,1540,2,68,12994.2
1242.284,123.5,1242.0,1540,0,68,13020.3
1242.402,123.5,1242.0,1540,0,68,13053.6
1242.521,123.5,1242.0,1540,2,68,13081.7
1242.639,123.5,1242.0,1540,2,68,13105.1
1242.757,123.5,1242.0,1540,0,68,13232.5
1242.882,123.5,1242.0,1540,0,68,13236.1
1243.008,123.5,1242.0,1540,2,68,13297.3
1243.136,123.5,1242.0,1540,2,68,13361.4
1243.264,123.5,1242.0,1540,0,68,13424.2
1243.392,123.5,1242.0,1540,0,68,13471.0
1243.524,123.5,1242.0,1540,2,68,13513.1
1243.653,123.5,1242.0,1540,2,68,13428.8
1243.781,123.5,1242.0,1540,0,68,13037.0
1243.907,123.5,1242.0,1540,0,68,13093.4
1244.032,123.5,1242.0,1540,2,68,13145.9
1244.158,123.5,1242.0,1540,2,68,13182.5
1244.283,123.5,1242.0,1540,0,68,13222.3
1244.408,123.5,1242.0,1540,0,68,13252.0
1244.533,123.5,1242.0,1540,2,68,13270.0
1244.658,123.5,1242.0,1540,2,68,13289.0
1244.784,123.5,1242.0,1540,0,68,13295.8
1244.91,149.9,1242.0,1540,0,68,13218.7
1245.029,440.5,1242.0,1540,7,68,13231.8
1245.148,570.0,1242.0,1540,18,68,13253.8
1245.267,149.9,1242.0,1540,18,70,13259.3
1245.384,149.9,1242.0,1540,57,71,13259.3
1245.501,311.0,1242.0,1540,77,69,13273.4
1245.619,570.0,1242.0,1540,17,69,13288.2
1245.736,160.6,1242.0,1540,17,70,13298.3
1245.854,148.0,1242.0,1540,41,72,13298.3
1245.971,309.0,1242.0,1540,79,70,13306.2
1246.089,568.0,1242.0,1540,79,69,13319.7
1246.207,146.0,1242.0,1540,31,73,13319.8
1246.324,307.0,1242.0,1540,99,71,13323.3
1246.442,566.0,1242.0,1540,33,69,13335.2
1246.56,144.0,1242.0,1540,33,73,13335.2
1246.677,305.0,1242.0,1540,100,70,13343.4
1246.795,564.0,1242.0,1540,20,69,13355.5
1246.913,142.1,1242.0,1540,20,73,13357.7
1247.031,142.1,1242.0,1540,83,71,13365.6
1247.149,303.1,1242.0,1540,42,69,13401.5
1247.267,562.1,1242.0,1540,42,69,13427.3
1247.384,140.1,1242.0,1540,16,73,13430.4
1247.502,147.1,1242.0,1540,97,71,13439.0
1247.62,430.6,1242.0,1540,29,70,13464.0
1247.737,560.1,1242.0,1540,29,69,13490.6
1247.855,138.1,1242.0,1540,31,72,13491.8
1247.973,169.6,1242.0,1540,90,72,13505.3
1248.091,428.6,1242.0,1540,90,69,13559.3
1248.215,558.1,1242.0,1540,16,69,13326.5
1248.339,136.2,1242.0,1540,53,73,13326.5
1248.46,297.2,1242.0,1540,77,70,13332.9
1248.578,556.2,1242.0,1540,77,69,13381.4
1248.695,134.2,1242.0,1540,36,73,13384.9
1248.813,165.7,1242.0,1540,89,71,13411.8
1248.932,424.7,1242.0,1540,89,69,13458.7
1249.049,554.2,1242.0,1540,17,69,13495.9
1249.167,132.2,1242.0,1540,56,72,13495.9
1249.285,293.2,1242.0,1540,56,71,13503.9
1249.403,422.7,1242.0,1540,69,69,13526.2
1249.52,130.3,1242.0,1540,22,72,13536.8
1249.638,130.3,1242.0,1540,100,73,13536.8
1249.756,291.3,1242.0,1540,100,70,13554.8
1249.879,591.9,1242.0,1540,23,70,13522.0
1250.003,128.3,1242.0,1540,69,73,12967.0
1250.123,289.3,1242.0,1540,59,70,12986.1
1250.241,418.8,1242.0,1540,59,69,13022.9
1250.359,126.3,1242.0,1540,14,71,13034.0
1250.477,126.3,1242.0,1540,94,74,13034.0
1250.594,287.3,1242.0,1540,94,70,13060.2
1250.712,546.3,1242.0,1540,31,69,13083.0
1250.83,124.4,1242.0,1540,54,73,13083.4
1250.947,131.4,1242.0,1540,54,71,13098.4
1251.065,414.9,1242.0,1540,74,69,13128.0
1251.183,122.4,1242.0,1540,25,71,13142.0
1251.3,122.4,1242.0,1540,100,74,13142.0
1251.419,412.9,1242.0,1540,100,70,13169.9
1251.537,120.4,1242.0,1540,23,70,13185.1
1251.654,120.4,1242.0,1540,82,73,13185.1
1251.771,281.4,1242.0,1540,82,70,13197.3
1251.89,540.4,1242.0,1540,47,69,13232.2
1252.008,118.4,1242.0,1540,43,73,13238.0
1252.125,118.4,1242.0,1540,43,72,13241.7
1252.243,409.0,1242.0,1540,84,69,13275.2
1252.361,116.5,1242.0,1540,17,70,13301.7
1252.479,116.5,1242.0,1540,83,73,13301.8
1252.597,148.0,1242.0,1540,83,70,13324.6
1252.716,277.5,1242.0,1540,39,69,13354.1
1252.834,536.5,1242.0,1540,11,69,13394.3
1252.952,114.5,1242.0,1540,11,71,13403.0
1253.07,114.5,1242.0,1540,62,73,13403.4
1253.188,275.5,1242.0,1540,62,69,13433.8
1253.305,405.0,1242.0,1540,13,69,13470.9
1253.424,534.5,1242.0,1540,13,69,13502.4
1253.543,112.5,1242.0,1540,48,73,13502.4
1253.661,144.0,1242.0,1540,86,71,13522.8
1253.792,403.0,1242.0,1540,86,69,13492.3
1253.911,403.0,1242.0,1540,13,69,13479.9
1254.079,110.6,1242.0,1540,7,70,13487.7
1254.204,110.6,1242.0,1540,71,74,13487.7
1254.321,271.6,1242.0,1540,49,69,13527.2
1254.439,401.1,1242.0,1540,49,69,13592.2
1254.558,530.6,1242.0,1540,10,69,13637.2
1254.677,108.6,1242.0,1540,21,71,13675.8
1254.797,108.6,1242.0,1540,21,74,13666.5
1254.918,269.6,1242.0,1540,99,69,13695.1
1255.039,399.1,1242.0,1540,13,69,13721.2
1255.16,106.6,1242.0,1540,24,69,13733.8
1255.283,106.6,1242.0,1540,24,73,13724.2
1255.403,267.6,1242.0,1540,99,70,13745.2
1255.524,397.1,1242.0,1540,12,69,13773.5
1255.644,526.6,1242.0,1540,15,69,13797.6
1255.769,104.7,1242.0,1540,15,73,13788.5
1255.889,136.2,1242.0,1540,100,70,13803.5
1256.009,395.2,1242.0,1540,19,69,13828.6
1256.235,395.2,1242.0,1540,2,68,13794.5
1256.577,524.7,1242.0,1540,73,73,13759.5
1256.948,134.2,1242.0,1540,2,69,13721.6
1257.332,263.7,1242.0,1540,2,68,13676.4
1257.718,522.7,1242.0,1540,5,68,13654.3
1257.98,100.7,1242.0,1540,33,71,13510.2
1258.146,100.7,1242.0,1540,83,72,13431.6
1258.282,104.2,1242.0,1540,83,69,13402.1
1258.404,132.2,1242.0,1540,3,69,13380.4
1258.526,132.2,1242.0,1540,0,69,13366.0
1258.646,132.2,1242.0,1540,0,69,13353.6
1258.766,261.7,1242.0,1540,2,69,13341.8
1258.887,261.7,1242.0,1540,3,69,13328.4
1259.007,261.7,1242.0,1540,1,68,13315.9
1259.128,261.7,1242.0,1540,1,68,13306.7
1259.248,261.7,1242.0,1540,4,68,13294.7
1259.369,261.7,1242.0,1540,3,68,13281.7
1259.489,391.2,1242.0,1540,1,68,13269.1
1259.609,391.2,1242.0,1540,1,68,13255.9
1259.729,391.2,1242.0,1540,3,68,13242.8
1259.849,391.2,1242.0,1540,4,68,13231.7
1259.97,391.2,1242.0,1540,4,68,13218.2
1260.09,391.2,1242.0,1540,1,68,13204.8
1260.21,391.2,1242.0,1540,3,68,13193.5
1260.33,520.7,1242.0,1540,3,68,13183.9
1260.452,520.7,1242.0,1540,3,68,13175.8
1260.572,520.7,1242.0,1540,2,68,13172.3
1260.692,520.7,1242.0,1540,3,68,13167.4
1260.812,520.7,1242.0,1540,3,68,13163.7
1260.933,520.7,1242.0,1540,4,68,13151.8
1261.053,520.7,1242.0,1540,1,68,13138.1
1261.173,98.8,1242.0,1540,61,72,13129.3
1261.293,98.8,1242.0,1540,61,70,13120.7
1261.413,102.3,1242.0,1540,52,69,13109.5
1261.533,130.3,1242.0,1540,1,69,13097.0
1261.653,130.3,1242.0,1540,1,69,13087.5
1261.774,259.8,1242.0,1540,5,68,13074.8
1261.895,259.8,1242.0,1540,2,68,13061.6
1262.015,259.8,1242.0,1540,0,68,13047.4
1262.135,259.8,1242.0,1540,0,68,13033.9
1262.256,259.8,1242.0,1540,2,68,13019.8
1262.376,259.8,1242.0,1540,2,68,13006.2
1262.496,259.8,1242.0,1540,2,68,12994.2
1262.617,259.8,1242.0,1540,1,68,12981.1
1262.737,259.8,1242.0,1540,2,68,12965.8
1262.859,259.8,1242.0,1540,3,68,12762.8
1262.989,389.3,1242.0,1540,6,68,12636.4
1263.139,389.3,1242.0,1540,6,68,12676.1
1263.265,518.8,1242.0,1540,6,68,12732.3
1263.387,73.3,1242.0,1540,13,71,12682.6
1263.505,73.3,1242.0,1540,100,73,12682.6
1263.622,65.4,1242.0,1540,100,69,12692.3
1263.743,513.0,1242.0,1540,9,69,12702.9
1263.861,241.9,1242.0,1540,96,71,12703.0
1263.98,83.1,1242.0,1540,96,73,12703.1
1264.097,244.1,1242.0,1540,90,69,12719.7
1264.217,503.1,1242.0,1540,23,69,12735.4
1264.335,85.4,1242.0,1540,23,73,12676.3
1264.453,246.4,1242.0,1540,66,69,12695.4
1264.571,375.9,1242.0,1540,18,69,12716.3
1264.689,87.6,1242.0,1540,42,71,12724.1
1264.806,248.6,1242.0,1540,42,70,12728.9
1264.925,89.8,1242.0,1540,55,70,12737.4
1265.042,250.9,1242.0,1540,73,70,12742.0
1265.16,92.1,1242.0,1540,73,71,12747.4
1265.277,253.1,1242.0,1540,67,70,12766.9
1265.396,382.6,1242.0,1540,31,69,12822.9
1265.514,522.3,1242.0,1540,21,69,12857.2
1265.632,94.3,1242.0,1540,21,71,12859.5
1265.75,514.3,1242.0,1540,68,69,12880.7
1265.867,96.6,1242.0,1540,58,72,12884.9
1265.985,516.6,1242.0,1540,58,69,12890.8
1266.103,98.8,1242.0,1540,67,71,12890.9
1266.221,389.3,1242.0,1540,56,69,12904.4
1266.338,101.1,1242.0,1540,56,70,12910.1
1266.455,262.1,1242.0,1540,54,70,12915.9
1266.574,103.3,1242.0,1540,47,69,12932.5
1266.692,264.3,1242.0,1540,76,71,12935.0
1266.81,523.3,1242.0,1540,76,69,12946.4
1266.928,105.6,1242.0,1540,51,72,12949.0
1267.046,396.1,1242.0,1540,50,69,12971.8
1267.164,107.8,1242.0,1540,50,72,12972.5
1267.281,398.3,1242.0,1540,75,69,12981.6
1267.399,110.0,1242.0,1540,54,72,12983.3
1267.518,271.0,1242.0,1540,49,69,12994.0
1267.637,112.3,1242.0,1540,49,70,12998.3
1267.756,273.3,1242.0,1540,65,70,12997.4
1267.875,532.3,1242.0,1540,32,69,13011.1
1267.996,114.5,1242.0,1540,32,73,13002.1
1268.115,405.0,1242.0,1540,70,69,13007.5
1268.234,116.8,1242.0,1540,25,70,13008.5
1268.353,148.3,1242.0,1540,71,70,13002.8
1268.472,536.8,1242.0,1540,71,69,13008.0
1268.592,119.0,1242.0,1540,45,72,12998.4
1268.711,539.0,1242.0,1540,57,69,13006.5
1268.83,121.3,1242.0,1540,57,73,12999.2
1268.948,411.8,1242.0,1540,71,69,12999.8
1269.068,123.5,1242.0,1540,54,72,12995.1
1269.188,414.0,1242.0,1540,54,69,13004.7
1269.307,125.7,1242.0,1540,52,72,13005.9
1269.427,286.7,1242.0,1540,71,70,13009.8
1269.546,416.2,1242.0,1540,16,69,13025.0
1269.666,416.2,1242.0,1540,16,69,13012.0
1269.786,545.7,1242.0,1540,3,69,13003.4
1269.905,545.7,1242.0,1540,5,68,12989.8
1270.025,545.7,1242.0,1540,2,68,12979.6
1270.145,545.7,1242.0,1540,2,68,12969.4
1270.265,545.7,1242.0,1540,5,68,12957.8
1270.385,128.0,1242.0,1540,22,71,12946.0
1270.506,128.0,1242.0,1540,22,69,12934.2
1270.625,159.5,1242.0,1540,44,69,12922.6
1270.745,289.0,1242.0,1540,4,68,12912.2
1270.865,289.0,1242.0,1540,3,68,12898.2
1270.985,289.0,1242.0,1540,3,68,12886.0
1271.105,289.0,1242.0,1540,1,68,12875.3
1271.226,418.5,1242.0,1540,7,68,12886.8
1271.345,418.5,1242.0,1540,7,68,12875.4
1271.465,548.0,1242.0,1540,6,68,12869.6
1271.585,548.0,1242.0,1540,7,68,12861.8
1271.706,130.2,1242.0,1540,48,72,12852.5
1271.824,291.2,1242.0,1540,48,69,12849.8
1271.943,420.7,1242.0,1540,30,69,12853.7
1272.062,132.5,1242.0,1540,46,72,12847.6
1272.181,293.5,1242.0,1540,46,70,12839.4
1272.3,423.0,1242.0,1540,42,69,12832.9
1272.419,423.0,1242.0,1540,9,69,12824.5
1272.539,552.5,1242.0,1540,8,68,12814.7
1272.658,134.7,1242.0,1540,8,71,12806.7
1272.776,141.7,1242.0,1540,68,70,12797.2
1272.896,295.7,1242.0,1540,6,69,12788.8
1273.016,425.2,1242.0,1540,6,69,12779.5
1273.135,425.2,1242.0,1540,8,68,12769.3
1273.255,554.7,1242.0,1540,7,68,12758.3
1273.374,554.7,1242.0,1540,7,68,12750.0
1273.493,137.0,1242.0,1540,7,68,12740.1
1273.612,137.0,1242.0,1540,45,71,12731.3
1273.731,298.0,1242.0,1540,27,69,12722.4
1273.85,298.0,1242.0,1540,27,69,12717.3
1273.969,427.5,1242.0,1540,9,69,12708.8
1274.089,557.0,1242.0,1540,6,69,12705.9
1274.208,557.0,1242.0,1540,5,68,12700.0
1274.328,557.0,1242.0,1540,5,68,12694.3
1274.447,557.0,1242.0,1540,4,68,12685.2
1274.566,139.2,1242.0,1540,20,70,12674.7
1274.685,139.2,1242.0,1540,20,70,12669.6
1274.804,300.2,1242.0,1540,46,69,12664.1
1274.922,429.7,1242.0,1540,12,69,12689.5
1275.041,110.8,1242.0,1540,12,70,12706.4
1275.161,112.8,1242.0,1540,37,70,12748.8
1275.286,112.8,1242.0,1540,40,69,12853.8
1275.412,112.8,1242.0,1540,0,69,12887.2
1275.724,112.8,1242.0,1540,2,69,12904.8
1275.868,112.8,1242.0,1540,2,69,12942.0
1276.018,112.8,1242.0,1540,2,69,13015.6
1276.145,112.8,1242.0,1540,0,69,13081.8
1276.272,112.8,1242.0,1540,2,68,13103.1
1276.597,112.8,1242.0,1540,2,69,13114.4
1276.87,112.8,1242.0,1540,0,69,13118.2
1277.207,112.8,1242.0,1540,2,69,13124.0
1277.453,112.8,1242.0,1540,0,69,13117.3
1277.696,112.8,1242.0,1540,0,68,12922.6
1277.833,112.8,1242.0,1540,2,69,12968.4
1277.96,112.8,1242.0,1540,2,69,13064.9
1278.086,112.8,1242.0,1540,0,69,13138.5
1278.214,112.8,1242.0,1540,2,69,13220.8
1278.341,112.8,1242.0,1540,2,69,13299.6
1278.468,112.8,1242.0,1540,0,69,13319.8
1278.806,112.8,1242.0,1540,2,69,13326.0
1279.107,112.8,1242.0,1540,1,69,13331.0
1279.444,112.8,1242.0,1540,1,69,13338.2
1279.73,112.8,1242.0,1540,2,69,13349.0
1280.031,112.8,1242.0,1540,1,69,13358.3
1280.371,112.8,1242.0,1540,2,69,13363.4
1280.585,112.8,1242.0,1540,1,69,13354.6
1280.78,112.8,1242.0,1540,1,69,13225.9
1280.901,112.8,1242.0,1540,2,69,13004.2
1281.026,112.8,1242.0,1540,2,69,12999.3
1281.146,112.8,1242.0,1540,2,69,13007.0
1281.265,112.8,1242.0,1540,0,69,13008.1
1281.384,112.8,1242.0,1540,0,69,13008.6
1281.502,112.8,1242.0,1540,2,69,13011.7
1281.621,112.8,1242.0,1540,2,69,13190.2
1281.747,112.8,1242.0,1540,0,69,12997.1
1281.878,112.8,1242.0,1540,0,69,13077.2
1282.003,112.8,1242.0,1540,2,69,13158.5
1282.128,112.8,1242.0,1540,2,69,13224.8
1282.253,112.8,1242.0,1540,0,69,13292.5
1282.376,112.8,1242.0,1540,0,69,13361.1
1282.501,112.8,1242.0,1540,2,69,13170.1
1282.628,112.8,1242.0,1540,2,69,13235.1
1282.754,112.8,1242.0,1540,0,69,13299.5
1282.885,112.8,1242.0,1540,0,69,13331.5
1283.021,112.8,1242.0,1540,2,69,13333.1
1283.156,112.8,1242.0,1540,1,69,13333.1
1283.283,300.3,1242.0,1540,4,69,13255.1
1283.401,559.3,1242.0,1540,4,69,13270.9
1283.518,139.8,1282.0,1580,18,71,13283.3
1283.636,139.8,1282.0,1580,67,74,13283.3
1283.753,300.8,1282.0,1580,56,70,13294.9
1283.87,430.3,1282.0,1580,56,69,13309.3
1283.989,138.2,1282.0,1580,15,70,13318.7
1284.106,138.2,1282.0,1580,72,74,13318.7
1284.224,299.2,1282.0,1580,72,70,13325.4
1284.342,558.2,1282.0,1580,53,69,13337.3
1284.461,136.6,1282.0,1580,54,73,13337.5
1284.579,297.6,1282.0,1580,76,71,13341.3
1284.697,556.6,1282.0,1580,76,69,13352.9
1284.815,135.0,1282.0,1580,45,73,13353.1
1284.933,166.5,1282.0,1580,85,71,13359.1
1285.051,425.5,1282.0,1580,85,70,13371.7
1285.168,133.4,1282.0,1580,20,71,13378.1
1285.286,133.4,1282.0,1580,80,74,13378.1
1285.403,294.4,1282.0,1580,80,70,13394.3
1285.52,423.9,1282.0,1580,42,69,13413.6
1285.638,595.6,1282.0,1580,15,70,13427.5
1285.758,131.9,1282.0,1580,78,73,13427.5
1285.875,292.9,1282.0,1580,78,70,13433.3
1285.993,551.9,1282.0,1580,48,69,13450.8
1286.11,130.3,1282.0,1580,24,70,13461.3
1286.227,130.3,1282.0,1580,24,74,13461.3
1286.345,550.3,1282.0,1580,99,70,13464.7
1286.463,128.7,1282.0,1580,69,74,13464.8
1286.58,289.7,1282.0,1580,69,71,13467.6
1286.698,127.1,1282.0,1580,76,71,13472.1
1286.815,127.1,1282.0,1580,70,74,13472.1
1286.933,417.6,1282.0,1580,68,70,13477.2
1287.05,125.5,1282.0,1580,68,72,13481.9
1287.169,125.5,1282.0,1580,66,74,13481.9
1287.287,416.0,1282.0,1580,67,70,13487.8
1287.405,123.9,1282.0,1580,67,73,13489.7
1287.523,123.9,1282.0,1580,71,72,13490.3
1287.64,284.9,1282.0,1580,60,70,13514.9
1287.759,543.9,1282.0,1580,14,69,13287.5
1287.879,122.3,1282.0,1580,14,70,13036.7
1288.001,122.3,1282.0,1580,48,74,13036.7
1288.119,283.3,1282.0,1580,71,70,12920.8
1288.238,412.8,1282.0,1580,71,69,12722.9
1288.357,542.3,1282.0,1580,10,69,12577.3
1288.475,542.3,1282.0,1580,11,69,12552.5
1288.596,120.8,1282.0,1580,65,73,12544.7
1288.714,152.3,1282.0,1580,65,72,12551.6
1288.831,281.8,1282.0,1580,54,70,12483.9
1288.95,411.3,1282.0,1580,9,69,12487.4
1289.068,540.8,1282.0,1580,9,69,12462.7
1289.187,540.8,1282.0,1580,8,69,12455.7
1289.305,119.2,1282.0,1580,46,73,12455.8
1289.423,150.7,1282.0,1580,72,71,12466.2
1289.544,280.2,1282.0,1580,72,69,12484.6
1289.662,539.2,1282.0,1580,14,69,12438.3
1289.783,117.6,1282.0,1580,49,72,12401.8
1289.901,117.6,1282.0,1580,49,73,12405.1
1290.018,408.1,1282.0,1580,75,69,12426.3
1290.135,408.1,1282.0,1580,13,69,12454.9
1290.253,537.6,1282.0,1580,13,69,12481.6
1290.37,537.6,1282.0,1580,5,69,12514.0
1290.488,116.0,1282.0,1580,30,73,12518.1
1290.605,116.0,1282.0,1580,86,71,12529.8
1290.723,277.0,1282.0,1580,86,69,12559.4
1290.841,277.0,1282.0,1580,6,69,12583.8
1290.959,406.5,1282.0,1580,8,69,12614.3
1291.076,536.0,1282.0,1580,8,69,12646.9
1291.194,536.0,1282.0,1580,9,68,12678.5
1291.311,114.4,1282.0,1580,27,72,12687.4
1291.429,114.4,1282.0,1580,27,72,12692.5
1291.547,275.4,1282.0,1580,89,69,12719.4
1291.664,275.4,1282.0,1580,8,69,12749.6
1291.782,404.9,1282.0,1580,6,68,12778.4
1291.9,534.4,1282.0,1580,6,68,12805.7
1292.018,534.4,1282.0,1580,9,68,12835.3
1292.136,112.8,1282.0,1580,27,72,12847.0
1292.253,112.8,1282.0,1580,27,72,12849.5
1292.371,273.8,1282.0,1580,89,69,12875.2
1292.49,273.8,1282.0,1580,7,69,12899.6
1292.608,403.3,1282.0,1580,8,68,12929.3
1292.726,403.3,1282.0,1580,8,68,12959.1
1292.843,532.8,1282.0,1580,6,68,12980.5
1292.96,1022.0,1282.0,1580,8,68,13003.9
1293.079,111.2,1282.0,1580,8,72,13003.9
1293.197,142.8,1282.0,1580,98,70,13018.3
1293.315,272.3,1282.0,1580,18,69,13045.8
1293.433,401.8,1282.0,1580,18,68,13077.5
1293.55,401.8,1282.0,1580,8,68,13102.8
1293.668,531.3,1282.0,1580,9,68,13129.9
1293.785,109.7,1282.0,1580,42,71,13139.3
1293.902,109.7,1282.0,1580,42,72,13139.3
1294.02,270.7,1282.0,1580,76,69,13167.9
1294.137,400.2,1282.0,1580,10,68,13202.4
1294.255,400.2,1282.0,1580,10,68,13232.9
1294.373,108.1,1282.0,1580,9,68,13253.0
1294.491,108.1,1282.0,1580,64,72,13253.0
1294.609,269.1,1282.0,1580,64,70,13272.3
1294.727,269.1,1282.0,1580,57,68,13307.2
1294.845,398.6,1282.0,1580,8,68,13362.2
1294.962,528.1,1282.0,1580,10,68,13410.5
1295.082,106.5,1282.0,1580,10,70,13424.8
1295.201,106.5,1282.0,1580,57,73,13414.1
1295.32,267.5,1282.0,1580,62,69,13435.1
1295.439,397.0,1282.0,1580,62,68,13475.9
1295.558,526.5,1282.0,1580,13,68,13512.3
1295.678,104.9,1282.0,1580,28,72,13511.7
1295.797,104.9,1282.0,1580,89,71,13512.1
1295.916,265.9,1282.0,1580,89,69,13551.8
1296.035,395.4,1282.0,1580,12,68,13589.8
1296.155,524.9,1282.0,1580,10,68,13629.5
1296.275,103.3,1282.0,1580,10,71,13634.0
1296.394,103.3,1282.0,1580,55,72,13632.3
1296.514,264.3,1282.0,1580,65,69,13686.1
1296.633,393.8,1282.0,1580,11,68,13707.2
1296.857,523.3,1282.0,1580,2,68,13665.0
1297.258,523.3,1282.0,1580,30,72,13627.8
1297.612,101.7,1282.0,1580,83,71,13619.0
1297.758,133.2,1282.0,1580,2,68,13579.3
1298.129,262.7,1282.0,1580,1,68,13532.4
1298.526,392.2,1282.0,1580,3,68,13489.5
1298.909,521.7,1282.0,1580,3,68,13427.8
1299.323,100.2,1282.0,1580,92,70,13402.4
1299.632,131.7,1282.0,1580,1,68,13356.5
1300.034,261.2,1282.0,1580,1,68,13310.8
1300.46,390.7,1282.0,1580,2,68,13270.3
1300.831,520.2,1282.0,1580,3,68,13202.3
1301.212,520.2,1282.0,1580,1,69,13149.6
1301.639,98.6,1282.0,1580,86,72,13131.9
1301.805,130.1,1282.0,1580,2,68,13092.0
1302.195,259.6,1282.0,1580,1,68,13091.0
1302.445,259.6,1282.0,1580,2,68,13061.5
1302.794,389.1,1282.0,1580,2,68,13022.4
1303.164,389.1,1282.0,1580,1,68,12979.5
1303.571,389.1,1282.0,1580,2,68,12950.6
1303.92,518.6,1282.0,1580,3,68,12932.4
1304.217,73.5,1282.0,1580,5,70,12808.3
1304.343,73.5,1282.0,1580,86,73,12798.7
1304.464,381.5,1282.0,1580,86,69,12745.5
1304.584,93.5,1282.0,1580,47,73,12736.0
1304.704,513.5,1282.0,1580,77,69,12729.6
1304.824,95.9,1282.0,1580,82,73,12720.3
1304.944,98.4,1282.0,1580,82,70,12713.7
1305.064,259.4,1282.0,1580,71,71,12705.7
1305.185,100.9,1282.0,1580,70,72,12696.7
1305.304,520.9,1282.0,1580,70,70,12690.6
1305.424,103.3,1282.0,1580,65,73,12681.1
1305.544,105.8,1282.0,1580,80,71,12673.7
1305.664,266.8,1282.0,1580,79,71,12665.8
1305.786,108.3,1282.0,1580,79,72,12657.4
1305.905,528.3,1282.0,1580,80,70,12651.2
1306.025,110.7,1282.0,1580,68,73,12641.9
1306.144,113.2,1282.0,1580,68,70,12635.6
1306.263,274.2,1282.0,1580,64,72,12627.2
1306.383,115.6,1282.0,1580,64,71,12620.5
1306.503,406.2,1282.0,1580,77,71,12612.7
1306.623,118.1,1282.0,1580,77,72,12604.6
1306.742,538.1,1282.0,1580,80,70,12597.9
1306.862,120.6,1282.0,1580,71,73,12589.0
1306.982,123.0,1282.0,1580,71,70,12582.4
1307.101,284.0,1282.0,1580,64,71,12575.4
1307.221,125.5,1282.0,1580,61,71,12574.1
1307.341,416.0,1282.0,1580,79,71,12579.7
1307.461,128.0,1282.0,1580,79,72,12577.0
1307.58,418.5,1282.0,1580,86,70,12581.2
1307.701,130.4,1282.0,1580,73,73,12572.2
1307.82,550.4,1282.0,1580,73,70,12607.9
1307.94,132.9,1282.0,1580,57,73,12599.1
1308.06,552.9,1282.0,1580,66,70,12597.8
1308.18,135.3,1282.0,1580,68,73,12588.5
1308.3,555.3,1282.0,1580,68,70,12588.9
1308.42,137.8,1282.0,1580,33,72,12582.8
1308.539,428.3,1282.0,1580,71,70,12580.0
1308.659,140.3,1282.0,1580,71,71,12574.3
1308.778,301.3,1282.0,1580,57,70,12567.7
1308.898,142.7,1282.0,1580,52,72,12561.4
1309.017,303.7,1282.0,1580,67,70,12563.0
1309.137,562.7,1282.0,1580,67,69,12572.9
1309.257,145.2,1282.0,1580,15,70,12574.9
1309.376,176.7,1282.0,1580,68,71,12573.2
1309.496,306.2,1282.0,1580,68,69,12579.7
1309.616,565.2,1282.0,1580,9,69,12592.8
1309.736,147.6,1282.0,1580,19,72,12589.0
1309.856,308.7,1282.0,1580,67,70,12590.3
1309.976,567.7,1282.0,1580,67,69,12595.2
1310.096,150.1,1282.0,1580,21,73,12587.8
1310.216,440.6,1282.0,1580,69,70,12589.1
1310.337,152.6,1282.0,1580,53,71,12584.5
1310.456,313.6,1282.0,1580,53,70,12580.8
1310.577,572.6,1282.0,1580,44,69,12582.0
1310.696,155.0,1282.0,1580,72,73,12574.2
1310.816,445.5,1282.0,1580,72,69,12580.9
1310.937,575.0,1282.0,1580,17,69,12589.1
1311.056,157.5,1282.0,1580,57,73,12537.6
1311.178,448.0,1282.0,1580,31,69,12500.6
1311.297,129.3,1282.0,1580,31,70,12479.1
1311.415,131.5,1282.0,1580,59,71,12521.1
1311.537,131.5,1282.0,1580,13,69,12612.5
1311.662,131.5,1282.0,1580,13,69,12672.1
1311.79,131.5,1282.0,1580,2,69,12687.7
1311.929,131.5,1282.0,1580,2,69,12747.1
1312.056,131.5,1282.0,1580,0,69,12810.3
1312.185,131.5,1282.0,1580,2,69,12864.5
1312.312,131.5,1282.0,1580,2,69,12945.1
1312.439,131.5,1282.0,1580,2,69,13012.5
1312.566,131.5,1282.0,1580,0,69,13071.0
1312.715,131.5,1282.0,1580,2,69,13103.8
1312.891,131.5,1282.0,1580,2,69,13087.0
1313.072,131.5,1282.0,1580,0,69,12696.1
1313.201,131.5,1282.0,1580,2,69,12790.8
1313.326,131.5,1282.0,1580,2,69,12895.1
1313.452,131.5,1282.0,1580,2,69,12985.7
1313.578,131.5,1282.0,1580,0,69,13081.0
1313.704,131.5,1282.0,1580,2,69,13078.6
1313.833,131.5,1282.0,1580,2,69,13103.3
1313.959,131.5,1282.0,1580,2,69,13132.3
1314.084,131.5,1282.0,1580,0,68,13228.8
1314.21,131.5,1282.0,1580,2,68,13318.4
1314.338,131.5,1282.0,1580,2,68,13384.7
1314.465,131.5,1282.0,1580,2,68,13450.7
1314.594,131.5,1282.0,1580,0,68,13487.0
1314.715,131.5,1282.0,1580,2,68,13533.8
1314.836,131.5,1282.0,1580,2,68,13571.5
1314.958,131.5,1282.0,1580,2,68,13611.8
1315.079,131.5,1282.0,1580,0,68,13642.4
1315.201,131.5,1282.0,1580,2,68,13671.2
1315.324,131.6,1282.0,1580,0,68,13761.4
1315.777,131.6,1282.0,1580,2,68,13683.1
1315.906,131.6,1282.0,1580,2,68,13719.9
1316.035,131.6,1282.0,1580,0,68,13561.8
1316.162,131.6,1282.0,1580,0,68,13360.9
1316.298,131.6,1282.0,1580,2,68,13389.7
1316.424,131.6,1282.0,1580,2,68,13404.5
1316.55,131.6,1282.0,1580,0,68,13406.8
1316.678,131.6,1282.0,1580,0,68,13406.8
1316.805,131.6,1282.0,1580,2,68,13406.8
1316.939,189.8,1282.0,1580,2,68,13317.8
1317.057,448.8,1282.0,1580,13,68,13329.5
1317.175,578.3,1282.0,1580,13,68,13344.3
1317.294,158.3,1302.0,1600,14,69,13353.6
1317.411,158.3,1302.0,1600,92,71,13353.6
1317.529,319.3,1302.0,1600,92,69,13361.4
1317.647,448.8,1302.0,1600,53,69,13374.7
1317.765,578.3,1302.0,1600,14,68,13388.6
1317.882,156.0,1302.0,1600,50,71,13392.1
1318.0,156.0,1302.0,1600,50,73,13392.1
1318.118,446.6,1302.0,1600,76,69,13403.8
1318.237,576.1,1302.0,1600,20,69,13414.4
1318.356,153.8,1302.0,1600,20,73,13414.5
1318.474,185.3,1302.0,1600,88,71,13417.9
1318.591,444.3,1302.0,1600,43,69,13429.3
1318.709,151.6,1302.0,1600,46,71,13434.6
1318.826,151.6,1302.0,1600,46,74,13434.6
1318.944,312.6,1302.0,1600,86,70,13445.1
1319.062,442.1,1302.0,1600,13,69,13457.6
1319.181,645.7,1302.0,1600,13,70,13467.7
1319.298,149.3,1302.0,1600,40,73,13467.7
1319.416,180.8,1302.0,1600,91,71,13416.4
1319.533,310.3,1302.0,1600,91,69,13442.4
1319.651,569.3,1302.0,1600,22,69,13463.0
1319.769,147.1,1302.0,1600,15,70,13471.5
1319.886,147.1,1302.0,1600,92,73,13471.5
1320.003,308.1,1302.0,1600,92,70,13387.3
1320.121,437.6,1302.0,1600,37,69,13408.5
1320.239,567.1,1302.0,1600,11,69,13426.7
1320.356,144.8,1302.0,1600,11,72,13433.8
1320.474,144.8,1302.0,1600,63,73,13433.8
1320.591,435.3,1302.0,1600,65,69,13441.2
1320.709,142.6,1302.0,1600,65,72,13445.3
1320.827,142.6,1302.0,1600,61,73,13445.3
1320.944,433.1,1302.0,1600,81,70,13454.4
1321.061,140.4,1302.0,1600,31,69,13460.6
1321.179,140.4,1302.0,1600,31,73,13460.6
1321.296,301.4,1302.0,1600,100,70,13466.1
1321.414,560.4,1302.0,1600,26,69,13476.5
1321.532,138.1,1302.0,1600,26,73,13424.9
1321.652,299.1,1302.0,1600,82,72,13296.4
1321.77,558.1,1302.0,1600,59,69,13303.5
1321.888,135.9,1302.0,1600,83,73,13303.5
1322.006,167.4,1302.0,1600,83,71,13307.0
1322.123,426.4,1302.0,1600,52,69,13339.5
1322.241,555.9,1302.0,1600,10,69,13375.5
1322.359,133.6,1302.0,1600,10,72,13415.0
1322.477,133.6,1302.0,1600,59,73,13415.0
1322.594,294.6,1302.0,1600,65,69,13449.8
1322.712,424.1,1302.0,1600,65,69,13502.8
1322.829,553.6,1302.0,1600,11,69,13302.8
1322.948,553.6,1302.0,1600,11,68,13337.5
1323.065,131.4,1302.0,1600,74,73,13337.5
1323.183,292.4,1302.0,1600,74,71,13345.3
1323.3,421.9,1302.0,1600,54,69,13369.2
1323.419,129.1,1302.0,1600,36,71,13384.7
1323.536,129.1,1302.0,1600,36,74,13384.7
1323.654,419.7,1302.0,1600,98,70,13392.3
1323.772,126.9,1302.0,1600,39,72,13394.8
1323.889,126.9,1302.0,1600,39,73,13394.8
1324.007,546.9,1302.0,1600,100,69,13401.0
1324.124,124.7,1302.0,1600,46,73,13403.8
1324.243,124.7,1302.0,1600,98,72,13406.2
1324.361,544.7,1302.0,1600,98,69,13424.8
1324.479,102.4,1302.0,1600,23,69,13446.6
1324.596,122.4,1302.0,1600,67,72,13446.6
1324.714,153.9,1302.0,1600,67,70,13460.2
1324.832,283.4,1302.0,1600,55,69,13487.1
1324.95,412.9,1302.0,1600,9,69,13515.3
1325.068,542.4,1302.0,1600,11,68,13544.1
1325.186,120.2,1302.0,1600,11,69,13564.2
1325.304,120.2,1302.0,1600,48,73,13564.1
1325.451,151.7,1302.0,1600,79,70,13403.0
1325.582,281.2,1302.0,1600,18,69,13073.9
1325.7,410.7,1302.0,1600,18,69,13114.7
1325.818,540.2,1302.0,1600,7,68,13149.1
1325.936,540.2,1302.0,1600,8,68,13180.0
1326.054,117.9,1302.0,1600,8,72,13184.0
1326.172,117.9,1302.0,1600,71,72,13189.8
1326.29,278.9,1302.0,1600,53,69,13220.4
1326.407,408.4,1302.0,1600,11,69,13258.1
1326.525,537.9,1302.0,1600,11,68,13291.5
1326.643,115.7,1302.0,1600,11,71,13315.3
1326.761,115.7,1302.0,1600,88,74,13315.3
1326.878,276.7,1302.0,1600,88,69,13345.5
1326.996,406.2,1302.0,1600,37,69,13388.4
1327.113,535.7,1302.0,1600,11,68,13424.2
1327.231,113.4,1302.0,1600,11,72,13427.1
1327.348,113.4,1302.0,1600,71,72,13432.2
1327.466,274.5,1302.0,1600,59,69,13472.7
1327.583,404.0,1302.0,1600,11,69,13517.6
1327.701,533.5,1302.0,1600,11,68,13555.0
1327.818,167.6,1302.0,1600,9,69,13568.8
1327.937,111.2,1302.0,1600,70,73,13536.9
1328.056,142.7,1302.0,1600,70,70,13405.1
1328.174,272.2,1302.0,1600,53,69,13258.0
1328.293,401.7,1302.0,1600,8,68,13285.2
1328.411,531.2,1302.0,1600,9,68,13327.7
1328.529,531.2,1302.0,1600,9,69,13364.7
1328.646,109.0,1302.0,1600,41,72,13366.7
1328.764,112.5,1302.0,1600,81,70,13384.5
1328.882,270.0,1302.0,1600,81,69,13425.4
1328.999,399.5,1302.0,1600,10,68,13462.8
1329.116,399.5,1302.0,1600,8,68,13492.0
1329.234,529.0,1302.0,1600,8,68,13528.5
1329.351,106.7,1302.0,1600,7,71,13539.0
1329.469,106.7,1302.0,1600,83,73,13539.7
1329.587,267.7,1302.0,1600,41,69,13579.9
1329.704,397.2,1302.0,1600,41,69,13618.3
1329.822,397.2,1302.0,1600,9,68,13649.5
1329.954,526.7,1302.0,1600,10,68,13679.3
1330.073,104.5,1302.0,1600,10,72,13669.9
1330.192,136.0,1302.0,1600,82,71,13683.9
1330.311,395.0,1302.0,1600,44,69,13740.6
1330.43,524.5,1302.0,1600,11,68,13792.5
1330.55,102.2,1302.0,1600,11,69,13816.8
1330.669,102.2,1302.0,1600,48,73,13807.0
1330.789,133.7,1302.0,1600,76,70,13848.8
1330.911,263.2,1302.0,1600,2,68,13826.6
1331.255,392.7,1302.0,1600,2,68,13787.9
1331.624,392.7,1302.0,1600,1,68,13749.5
1331.978,522.2,1302.0,1600,2,68,13706.8
1332.369,522.2,1302.0,1600,5,72,13674.4
1332.71,100.0,1302.0,1600,56,72,13664.8
1332.83,261.0,1302.0,1600,3,68,13629.1
1333.206,261.0,1302.0,1600,2,68,13588.3
1333.593,261.0,1302.0,1600,0,68,13547.1
1333.994,390.5,1302.0,1600,3,68,13516.2
1334.368,390.5,1302.0,1600,2,68,13485.4
1334.732,520.0,1302.0,1600,2,68,13442.9
1335.108,520.0,1302.0,1600,0,68,13399.2
1335.5,520.0,1302.0,1600,1,68,13342.7
1335.975,74.4,1302.0,1600,95,71,13235.8
1336.249,54.3,1302.0,1600,95,69,13244.6
1336.37,81.5,1302.0,1600,25,73,13233.5
1336.502,84.1,1302.0,1600,99,71,13223.6
1336.621,504.1,1302.0,1600,99,70,13213.5
1336.742,247.7,1302.0,1600,99,72,13203.4
1336.864,89.3,1302.0,1600,99,74,13193.2
1336.983,92.0,1302.0,1600,99,72,13183.1
1337.103,512.0,1302.0,1600,99,71,13173.2
1337.224,255.6,1302.0,1600,99,73,13163.0
1337.346,97.2,1302.0,1600,97,74,13153.0
1337.466,99.8,1302.0,1600,96,72,13142.8
1337.585,519.8,1302.0,1600,96,71,13132.9
1337.706,263.5,1302.0,1600,96,73,13122.6
1337.829,105.1,1302.0,1600,96,73,13112.4
1337.949,107.7,1302.0,1600,96,71,13103.5
1338.069,398.2,1302.0,1600,89,71,13094.5
1338.191,110.3,1302.0,1600,83,74,13085.1
1338.317,113.0,1302.0,1600,87,73,13076.2
1338.437,403.5,1302.0,1600,87,71,13068.4
1338.558,115.6,1302.0,1600,78,74,13058.9
1338.678,548.1,1302.0,1600,81,71,13054.9
1338.798,121.7,1302.0,1600,78,71,13050.5
1338.918,544.4,1302.0,1600,78,70,13052.9
1339.038,120.9,1302.0,1600,58,71,13045.2
1339.158,123.5,1302.0,1600,55,71,13042.1
1339.278,284.5,1302.0,1600,55,71,13034.3
1339.398,126.1,1302.0,1600,76,72,13028.3
1339.518,287.1,1302.0,1600,80,71,13022.4
1339.639,128.7,1302.0,1600,50,72,13017.9
1339.758,289.7,1302.0,1600,50,70,13012.7
1339.878,131.4,1302.0,1600,58,71,13008.4
1339.997,292.4,1302.0,1600,75,71,13001.6
1340.117,134.0,1302.0,1600,75,72,12996.1
1340.237,295.0,1302.0,1600,60,71,12993.1
1340.358,424.5,1302.0,1600,42,70,13008.3
1340.478,567.3,1302.0,1600,15,70,13019.1
1340.597,136.6,1302.0,1600,15,72,13014.3
1340.717,297.6,1302.0,1600,67,70,13035.2
1340.839,556.6,1302.0,1600,14,69,13038.8
1341.036,139.2,1302.0,1600,34,72,13028.7
1341.163,429.7,1302.0,1600,50,70,13021.4
1341.331,141.9,1302.0,1600,29,71,13014.8
1341.46,302.9,1302.0,1600,60,70,13006.3
1341.609,144.5,1302.0,1600,47,73,12996.5
1341.794,435.0,1302.0,1600,49,70,12983.3
1341.991,147.1,1302.0,1600,43,73,12974.7
1342.13,308.1,1302.0,1600,43,70,12964.6
1342.309,567.1,1302.0,1600,13,72,12944.1
1342.572,310.7,1302.0,1600,50,70,12937.6
1342.714,569.7,1302.0,1600,7,69,12916.3
1342.98,121.7,1302.0,1600,56,74,12907.1
1343.115,124.1,1302.0,1600,0,69,12887.7
1343.54,124.1,1302.0,1600,3,69,12865.8
1343.865,124.1,1302.0,1600,0,69,12871.2
1344.099,124.1,1302.0,1600,2,69,12885.6
1344.278,124.1,1302.0,1600,2,69,12830.3
1344.407,124.1,1302.0,1600,2,69,12902.5
1344.535,124.1,1302.0,1600,0,69,12977.4
1344.664,124.1,1302.0,1600,2,69,13056.5
1344.861,124.1,1302.0,1600,0,69,13097.2
1345.072,124.1,1302.0,1600,2,69,13115.8
1345.342,124.1,1302.0,1600,2,69,13122.1
1345.614,124.1,1302.0,1600,2,69,13129.5
1345.754,124.1,1302.0,1600,2,69,13221.7
1345.885,124.1,1302.0,1600,1,69,13289.5
1346.013,124.1,1302.0,1600,2,69,13335.0
1346.313,124.1,1302.0,1600,1,69,13336.7
1346.677,124.1,1302.0,1600,2,69,13380.5
1346.932,124.1,1302.0,1600,1,69,13383.9
1347.283,124.1,1302.0,1600,2,69,13387.3
1347.601,124.1,1302.0,1600,2,69,13372.3
1347.909,124.1,1302.0,1600,2,69,13242.9
1348.038,124.1,1302.0,1600,0,69,13102.5
1348.164,124.1,1302.0,1600,2,69,13017.1
1348.285,124.1,1302.0,1600,2,69,13051.4
1348.405,124.1,1302.0,1600,2,69,12999.6
1348.523,124.1,1302.0,1600,0,69,13026.4
1348.642,124.1,1302.0,1600,0,69,13053.1
1348.76,124.1,1302.0,1600,2,69,13078.7
1348.878,124.1,1302.0,1600,2,69,13106.4
1348.997,124.1,1302.0,1600,0,69,13135.3
1349.115,124.1,1302.0,1600,0,69,13159.8
1349.233,124.1,1302.0,1600,2,69,13172.3
1349.356,124.1,1302.0,1600,2,69,12934.0
1349.486,124.1,1302.0,1600,2,69,12996.8
1349.611,124.1,1302.0,1600,0,69,13067.2
1349.737,124.1,1302.0,1600,2,69,13140.1
1349.862,124.1,1302.0,1600,2,69,13199.8
1349.988,124.1,1302.0,1600,2,69,13262.1
1350.113,124.1,1302.0,1600,0,69,13322.9
1350.238,124.1,1302.0,1600,2,69,13363.4
1350.365,124.1,1302.0,1600,2,69,13400.7
1350.492,124.1,1302.0,1600,2,69,13414.3
1350.616,124.1,1302.0,1600,0,69,13414.3
1350.741,124.1,1302.0,1600,2,69,13414.3
1350.871,312.0,1302.0,1600,6,69,13322.8
1350.989,441.5,1302.0,1600,6,69,13337.3
1351.107,571.0,1302.0,1600,15,70,13352.9
1351.225,151.5,1302.0,1600,52,73,13354.5
1351.342,183.0,1302.0,1600,77,72,13360.2
1351.459,442.0,1302.0,1600,77,70,13373.8
1351.577,571.5,1302.0,1600,14,69,13387.7
1351.695,149.5,1302.0,1600,43,73,13391.7
1351.813,149.5,1302.0,1600,43,74,13391.7
1351.931,440.0,1302.0,1600,86,70,13404.7
1352.048,569.5,1302.0,1600,18,70,13416.2
1352.166,147.5,1302.0,1600,18,73,13416.2
1352.284,154.5,1302.0,1600,79,71,13419.4
1352.401,438.0,1302.0,1600,55,70,13432.3
1352.52,145.6,1302.0,1600,45,73,13436.9
1352.638,145.6,1302.0,1600,45,74,13436.9
1352.756,306.6,1302.0,1600,90,70,13449.9
1352.873,436.1,1302.0,1600,16,70,13462.4
1352.991,143.6,1302.0,1600,16,70,13468.9
1353.109,143.6,1302.0,1600,49,74,13468.9
1353.227,304.6,1302.0,1600,80,70,13481.1
1353.344,434.1,1302.0,1600,17,70,13498.6
1353.462,612.0,1302.0,1600,17,69,13509.2
1353.579,141.6,1302.0,1600,47,73,13509.2
1353.698,302.6,1302.0,1600,82,71,13515.6
1353.816,561.6,1302.0,1600,82,70,13527.9
1353.934,139.7,1302.0,1600,24,73,13530.2
1354.052,139.7,1302.0,1600,100,73,13530.5
1354.17,607.9,1302.0,1600,100,71,13535.2
1354.287,137.7,1302.0,1600,60,74,13535.2
1354.405,298.7,1302.0,1600,100,71,13538.8
1354.522,601.2,1302.0,1600,34,71,13544.7
1354.64,135.7,1302.0,1600,34,74,13544.7
1354.758,296.7,1302.0,1600,100,72,13547.9
1354.878,627.5,1302.0,1600,36,71,13506.4
1355.0,133.7,1302.0,1600,36,74,13477.6
1355.12,294.8,1302.0,1600,93,71,13438.7
1355.239,1047.7,1302.0,1600,45,71,13444.1
1355.359,131.8,1302.0,1600,82,73,13444.1
1355.476,163.3,1302.0,1600,82,72,13446.5
1355.594,422.3,1302.0,1600,66,70,13473.1
1355.712,551.8,1302.0,1600,12,69,13507.0
1355.829,129.8,1302.0,1600,12,71,13530.2
1355.947,129.8,1302.0,1600,45,74,13530.2
1356.064,161.3,1302.0,1600,79,70,13551.9
1356.183,420.3,1302.0,1600,11,70,13372.4
1356.304,420.3,1302.0,1600,11,69,13374.2
1356.421,549.8,1302.0,1600,11,69,13408.3
1356.539,127.8,1302.0,1600,56,73,13411.0
1356.657,127.8,1302.0,1600,56,72,13412.4
1356.775,418.4,1302.0,1600,72,70,13432.6
1356.893,125.9,1302.0,1600,23,71,13448.1
1357.011,125.9,1302.0,1600,23,74,13448.1
1357.128,286.9,1302.0,1600,100,70,13451.7
1357.246,123.9,1302.0,1600,36,69,13467.3
1357.364,123.9,1302.0,1600,84,73,13467.3
1357.482,284.9,1302.0,1600,84,71,13481.7
1357.6,1034.2,1302.0,1600,51,70,13494.7
1357.718,121.9,1302.0,1600,76,73,13494.7
1357.836,283.0,1302.0,1600,76,71,13496.8
1357.954,120.0,1302.0,1600,69,71,13499.5
1358.071,120.0,1302.0,1600,79,74,13499.5
1358.189,410.5,1302.0,1600,79,71,13503.2
1358.307,118.0,1302.0,1600,62,72,13506.2
1358.425,118.0,1302.0,1600,78,75,13506.2
1358.543,149.5,1302.0,1600,54,70,13528.3
1358.661,279.0,1302.0,1600,54,69,13561.0
1358.779,408.5,1302.0,1600,8,69,13553.9
1358.897,538.0,1302.0,1600,10,69,13383.1
1359.015,538.0,1302.0,1600,10,69,13412.9
1359.132,116.0,1302.0,1600,13,73,13413.6
1359.25,116.0,1302.0,1600,100,72,13420.3
1359.368,277.0,1302.0,1600,20,70,13451.9
1359.486,406.5,1302.0,1600,20,69,13486.0
1359.604,536.0,1302.0,1600,8,69,13523.2
1359.721,578.4,1302.0,1600,11,69,13549.2
1359.839,114.1,1302.0,1600,11,73,13549.2
1359.957,145.6,1302.0,1600,98,71,13563.8
1360.075,275.1,1302.0,1600,28,69,13605.8
1360.195,534.1,1302.0,1600,28,69,13639.7
1360.314,112.1,1302.0,1600,15,73,13645.6
1360.434,112.1,1302.0,1600,85,73,13639.7
1360.555,402.6,1302.0,1600,47,70,13677.7
1360.675,532.1,1302.0,1600,47,69,13709.8
1360.795,110.1,1302.0,1600,20,73,13704.1
1360.915,110.1,1302.0,1600,100,72,13706.4
1361.035,271.1,1302.0,1600,20,70,13751.7
1361.155,400.6,1302.0,1600,20,69,13789.2
1361.276,530.1,1302.0,1600,10,69,13801.6
1361.464,108.2,1302.0,1600,96,74,13790.2
1361.663,269.2,1302.0,1600,27,69,13770.1
1361.956,398.7,1302.0,1600,4,69,13748.2
1362.255,528.2,1302.0,1600,3,69,13721.3
1362.563,528.2,1302.0,1600,53,73,13699.1
1362.869,137.7,1302.0,1600,69,70,13682.9
1363.071,267.2,1302.0,1600,3,69,13649.1
1363.423,396.7,1302.0,1600,1,69,13611.3
1363.804,526.2,1302.0,1600,1,69,13565.0
1364.229,526.2,1302.0,1600,2,69,13519.2
1364.658,104.2,1302.0,1600,1,73,13510.9
1364.806,107.7,1302.0,1600,25,69,13478.2
1365.141,265.2,1302.0,1600,3,69,13476.5
1365.465,265.2,1302.0,1600,2,69,13424.9
1365.849,394.7,1302.0,1600,1,69,13385.1
1366.234,394.7,1302.0,1600,3,69,13373.8
1366.369,394.7,1302.0,1600,3,69,13356.8
1366.498,524.2,1302.0,1600,2,69,13351.9
1366.623,524.2,1302.0,1600,1,69,13336.2
1366.749,524.2,1302.0,1600,2,68,13319.9
1366.87,524.2,1302.0,1600,2,68,13305.8
1366.993,524.2,1302.0,1600,2,68,13292.2
1367.115,524.2,1302.0,1600,1,68,13277.8
1367.237,524.2,1302.0,1600,1,68,13265.2
1367.359,524.2,1302.0,1600,1,69,13253.2
1367.481,524.2,1302.0,1600,2,68,13243.4
1367.602,524.2,1302.0,1600,4,68,13265.0
1367.727,102.3,1302.0,1600,27,69,13263.7
1367.855,102.3,1302.0,1600,27,70,13253.9
1367.979,102.3,1302.0,1600,100,69,13254.2
1368.107,133.8,1302.0,1600,21,68,13241.2
1368.238,133.8,1302.0,1600,0,68,13226.9
1368.363,263.3,1302.0,1600,0,68,13217.6
1368.495,263.3,1302.0,1600,3,68,13201.1
1368.617,263.3,1302.0,1600,2,68,13190.5
1368.738,263.3,1302.0,1600,2,68,13191.2
1368.859,263.3,1302.0,1600,2,68,13185.8
1368.983,263.3,1302.0,1600,3,68,13169.1
1369.108,263.3,1302.0,1600,2,68,13121.5
1369.261,392.8,1302.0,1600,7,68,13143.6
1369.381,522.3,1302.0,1600,9,68,13164.3
1369.518,522.3,1302.0,1600,37,69,13113.5
1369.689,100.3,1302.0,1600,37,71,13062.3
1369.809,131.8,1302.0,1600,96,69,13114.1
1369.931,261.3,1302.0,1600,3,68,13136.3
1370.233,390.8,1302.0,1600,1,68,13121.8
1370.354,390.8,1302.0,1600,1,68,13105.7
1370.479,390.8,1302.0,1600,2,68,13093.1
1370.6,390.8,1302.0,1600,1,68,13078.8
1370.722,390.8,1302.0,1600,1,68,13062.5
1370.844,390.8,1302.0,1600,1,68,13045.9
1370.966,390.8,1302.0,1600,2,68,13029.3
1371.088,390.8,1302.0,1600,2,68,13015.1
1371.21,390.8,1302.0,1600,2,68,13015.6
1371.332,390.8,1302.0,1600,1,68,13003.1
1371.454,390.8,1302.0,1600,2,68,12986.9
1371.576,390.8,1302.0,1600,2,68,12974.5
1371.698,390.8,1302.0,1600,2,68,12965.0
1371.82,390.8,1302.0,1600,1,68,12948.3
1371.942,390.8,1302.0,1600,2,68,12946.5
1372.063,390.8,1302.0,1600,2,68,12949.1
1372.185,390.8,1302.0,1600,3,68,12933.0
1372.306,520.3,1302.0,1600,0,68,12925.1
1372.43,520.3,1302.0,1600,3,68,12920.6
1372.551,520.3,1302.0,1600,3,68,12909.3
1372.673,520.3,1302.0,1600,2,68,12895.8
1373.067,520.3,1302.0,1600,3,68,12880.8
1373.257,569.9,1302.0,1600,100,72,12860.0
1373.532,66.8,1302.0,1600,100,69,12603.5
1373.658,94.2,1302.0,1600,45,72,12529.4
1373.798,97.2,1302.0,1600,85,71,12520.6
1373.919,258.2,1302.0,1600,82,70,12511.2
1374.04,100.1,1302.0,1600,82,72,12502.2
1374.161,103.1,1302.0,1600,85,70,12493.5
1374.281,264.1,1302.0,1600,85,72,12484.1
1374.402,106.1,1302.0,1600,85,72,12475.3
1374.521,526.1,1302.0,1600,76,70,12465.9
1374.642,109.0,1302.0,1600,79,73,12456.8
1374.762,112.0,1302.0,1600,76,71,12448.3
1374.882,532.0,1302.0,1600,76,70,12439.4
1375.003,114.9,1302.0,1600,83,73,12432.5
1375.123,117.9,1302.0,1600,83,71,12423.6
1375.244,537.9,1302.0,1600,83,70,12414.3
1375.364,120.8,1302.0,1600,78,73,12405.0
1375.485,123.8,1302.0,1600,81,71,12396.2
1375.605,284.8,1302.0,1600,83,71,12386.9
1375.726,126.7,1302.0,1600,83,73,12377.7
1375.846,129.7,1302.0,1600,83,71,12369.7
1375.966,290.7,1302.0,1600,83,71,12361.9
1376.088,132.6,1302.0,1600,76,73,12353.8
1376.208,552.6,1302.0,1600,76,70,12345.4
1376.329,135.6,1302.0,1600,76,72,12336.8
1376.45,138.5,1302.0,1600,77,73,12329.0
1376.57,429.1,1302.0,1600,77,70,12320.6
1376.693,141.5,1302.0,1600,76,74,12311.5
1376.814,561.5,1302.0,1600,73,70,12307.3
1376.935,144.5,1302.0,1600,82,73,12298.9
1377.056,435.0,1302.0,1600,82,69,12299.6
1377.177,147.4,1302.0,1600,23,72,12295.6
1377.297,308.4,1302.0,1600,71,70,12041.9
1377.416,437.9,1302.0,1600,71,69,12064.5
1377.534,150.4,1302.0,1600,18,72,12071.3
1377.651,311.4,1302.0,1600,73,70,12090.7
1377.769,440.9,1302.0,1600,14,69,12123.1
1377.886,153.3,1302.0,1600,14,70,12147.1
1378.004,156.8,1302.0,1600,51,71,12152.8
1378.122,314.3,1302.0,1600,36,69,12182.7
1378.24,443.8,1302.0,1600,36,69,12215.4
1378.358,573.3,1302.0,1600,11,69,12250.2
1378.475,156.3,1302.0,1600,45,73,12251.5
1378.592,317.3,1302.0,1600,45,69,12280.5
1378.71,446.8,1302.0,1600,35,69,12307.8
1378.828,576.3,1302.0,1600,10,69,12333.4
1378.947,159.2,1302.0,1600,31,70,12345.1
1379.065,190.7,1302.0,1600,31,70,12354.3
1379.184,320.2,1302.0,1600,52,69,12373.9
1379.303,579.2,1302.0,1600,11,69,12390.7
1379.421,162.2,1302.0,1600,11,71,12398.2
1379.538,193.7,1302.0,1600,47,70,12406.9
1379.656,452.7,1302.0,1600,40,69,12431.7
1379.776,165.1,1302.0,1600,24,69,12456.4
1379.895,165.1,1302.0,1600,24,71,12459.4
1380.015,455.6,1302.0,1600,64,69,12452.3
1380.132,585.1,1302.0,1600,17,69,12465.8
1380.252,168.1,1302.0,1600,17,71,12463.9
1380.372,329.1,1302.0,1600,70,69,12472.4
1380.493,588.1,1302.0,1600,15,68,12484.9
1380.614,171.0,1302.0,1600,39,72,12468.9
1380.734,202.6,1302.0,1600,39,69,12458.6
1380.854,461.6,1302.0,1600,43,69,12468.3
1380.974,591.1,1302.0,1600,12,68,12415.3
1381.094,591.1,1302.0,1600,12,68,12373.8
1381.218,143.3,1302.0,1600,8,70,12188.4
1381.339,146.1,1302.0,1600,61,70,12241.7
1381.469,146.1,1302.0,1600,7,69,12368.4
1381.594,146.1,1302.0,1600,7,68,12453.1
1381.72,146.1,1302.0,1600,0,68,12550.0
1381.852,146.1,1302.0,1600,4,68,12636.1
1381.978,146.1,1302.0,1600,2,68,12722.8
1382.103,146.1,1302.0,1600,2,68,12768.4
1382.231,146.1,1302.0,1600,2,68,12825.2
1382.358,146.1,1302.0,1600,0,68,12567.2
1382.486,146.1,1302.0,1600,2,68,12441.3
1382.612,146.1,1302.0,1600,2,68,12530.9
1382.738,146.1,1302.0,1600,2,68,12614.4
1382.863,146.1,1302.0,1600,0,68,12694.3
1382.99,146.1,1302.0,1600,2,68,12786.0
1383.116,146.1,1302.0,1600,2,68,12900.2
1383.241,146.1,1302.0,1600,2,68,12993.3
1383.367,146.1,1302.0,1600,0,68,13086.4
1383.492,146.1,1302.0,1600,2,68,13174.4
1383.618,146.1,1302.0,1600,2,68,13258.6
1383.744,146.1,1302.0,1600,2,68,13225.6
1383.872,146.1,1302.0,1600,0,69,13248.9
1383.997,146.1,1302.0,1600,2,68,13345.0
1384.122,146.1,1302.0,1600,2,68,13432.0
1384.248,146.1,1302.0,1600,2,69,13518.7
1384.373,146.1,1302.0,1600,0,69,13558.9
1384.494,146.1,1302.0,1600,2,68,13601.7
1384.62,146.1,1302.0,1600,2,68,13059.7
1384.742,146.1,1302.0,1600,2,68,12910.8
1384.869,146.1,1302.0,1600,0,68,12910.8
1384.997,146.1,1302.0,1600,2,68,12910.8
1385.124,146.1,1302.0,1600,2,68,12910.8
1385.25,146.1,1302.0,1600,2,68,12910.8
1385.376,146.1,1302.0,1600,0,69,12910.8
1385.504,334.3,1302.0,1600,2,68,12795.6
1385.622,173.3,1342.0,1640,77,72,12801.5
1385.74,173.3,1342.0,1640,77,74,12802.0
1385.87,334.3,1342.0,1640,82,70,12815.2
1385.987,593.3,1342.0,1640,16,69,12827.2
1386.105,170.6,1342.0,1640,16,70,12837.2
1386.222,170.6,1342.0,1640,37,73,12837.2
1386.34,202.1,1342.0,1640,98,71,12842.5
1386.458,461.1,1342.0,1640,98,69,12855.0
1386.576,167.8,1342.0,1640,22,73,12859.4
1386.693,167.8,1342.0,1640,81,74,12859.4
1386.811,328.9,1342.0,1640,60,70,12867.4
1386.929,640.1,1342.0,1640,60,69,12877.2
1387.047,165.1,1342.0,1640,52,73,12877.2
1387.165,196.6,1342.0,1640,95,72,12882.0
1387.283,455.6,1342.0,1640,95,69,12895.5
1387.401,585.1,1342.0,1640,15,69,12908.3
1387.518,162.4,1342.0,1640,49,73,12908.5
1387.636,162.4,1342.0,1640,92,73,12910.9
1387.754,452.9,1342.0,1640,92,69,12924.3
1387.871,582.4,1342.0,1640,17,69,12939.3
1387.989,159.6,1342.0,1640,66,73,12939.3
1388.107,159.6,1342.0,1640,66,72,12940.4
1388.224,450.1,1342.0,1640,77,69,12952.9
1388.343,156.9,1342.0,1640,35,72,12957.4
1388.46,156.9,1342.0,1640,35,74,12957.4
1388.577,447.4,1342.0,1640,100,70,12960.6
1388.696,154.2,1342.0,1640,65,73,12961.9
1388.813,154.2,1342.0,1640,100,74,12961.9
1388.931,444.7,1342.0,1640,100,70,12968.1
1389.049,151.4,1342.0,1640,41,73,12969.8
1389.167,151.4,1342.0,1640,100,74,12969.8
1389.285,441.9,1342.0,1640,100,70,12977.0
1389.403,148.7,1342.0,1640,41,72,12981.1
1389.521,148.7,1342.0,1640,86,74,12981.1
1389.638,309.7,1342.0,1640,86,70,12988.2
1389.756,568.7,1342.0,1640,60,69,13005.2
1389.874,146.0,1342.0,1640,49,73,13005.2
1389.991,146.0,1342.0,1640,91,71,13008.9
1390.109,436.5,1342.0,1640,91,69,13030.3
1390.227,566.0,1342.0,1640,20,69,13067.9
1390.344,143.2,1342.0,1640,29,71,13092.1
1390.462,143.2,1342.0,1640,29,74,13092.1
1390.579,304.2,1342.0,1640,100,70,13109.8
1390.697,433.7,1342.0,1640,17,69,13157.2
1390.815,563.2,1342.0,1640,17,69,13212.9
1390.933,140.5,1342.0,1640,11,69,13251.7
1391.051,140.5,1342.0,1640,52,73,13251.7
1391.169,172.0,1342.0,1640,83,71,13260.2
1391.287,431.0,1342.0,1640,83,69,13287.9
1391.405,137.8,1342.0,1640,20,70,13313.4
1391.523,137.8,1342.0,1640,77,73,13313.4
1391.64,298.8,1342.0,1640,77,70,13319.8
1391.759,557.8,1342.0,1640,63,69,13339.1
1391.878,135.0,1342.0,1640,35,73,13346.8
1391.995,135.0,1342.0,1640,100,73,13346.8
1392.113,425.5,1342.0,1640,100,69,13361.2
1392.231,132.3,1342.0,1640,34,70,13363.4
1392.348,132.3,1342.0,1640,95,73,13363.4
1392.466,293.3,1342.0,1640,95,70,13367.6
1392.584,129.6,1342.0,1640,54,70,13374.7
1392.701,129.6,1342.0,1640,78,73,13374.7
1392.819,290.6,1342.0,1640,78,70,13379.8
1392.937,549.6,1342.0,1640,68,69,13391.8
1393.055,126.8,1342.0,1640,55,73,13391.8
1393.174,126.8,1342.0,1640,88,71,13396.7
1393.291,287.8,1342.0,1640,88,69,13427.6
1393.409,287.8,1342.0,1640,8,69,13461.7
1393.527,417.3,1342.0,1640,7,69,13496.7
1393.644,546.8,1342.0,1640,7,68,13485.3
1393.763,546.8,1342.0,1640,8,68,13357.6
1393.88,124.1,1342.0,1640,16,72,13363.7
1393.997,124.1,1342.0,1640,16,73,13363.7
1394.115,131.1,1342.0,1640,100,70,13373.6
1394.233,285.1,1342.0,1640,21,69,13390.9
1394.35,285.1,1342.0,1640,5,69,13407.1
1394.468,285.1,1342.0,1640,5,68,13424.3
1394.586,414.6,1342.0,1640,4,68,13439.3
1394.704,414.6,1342.0,1640,5,68,13456.3
1394.821,544.1,1342.0,1640,5,68,13472.3
1394.939,544.1,1342.0,1640,5,68,13489.9
1395.056,544.1,1342.0,1640,4,68,13504.5
1395.173,121.4,1342.0,1640,24,70,13516.0
1395.29,121.4,1342.0,1640,24,73,13516.0
1395.407,121.4,1342.0,1640,100,70,13450.2
1395.526,282.4,1342.0,1640,11,69,13287.2
1395.643,282.4,1342.0,1640,11,69,13305.3
1395.761,282.4,1342.0,1640,5,68,13320.5
1395.879,411.9,1342.0,1640,6,68,13340.2
1395.996,411.9,1342.0,1640,6,68,13356.9
1396.113,411.9,1342.0,1640,3,68,13380.9
1396.231,616.7,1342.0,1640,9,68,13419.9
1396.348,118.6,1342.0,1640,78,72,13419.9
1396.466,118.6,1342.0,1640,78,71,13430.2
1396.584,409.1,1342.0,1640,59,69,13472.8
1396.701,538.6,1342.0,1640,15,68,13506.4
1396.819,115.9,1342.0,1640,15,71,13526.0
1396.936,115.9,1342.0,1640,57,73,13526.0
1397.053,147.4,1342.0,1640,79,70,13556.3
1397.172,276.9,1342.0,1640,79,69,13421.9
1397.29,406.4,1342.0,1640,11,68,13364.2
1397.408,535.9,1342.0,1640,9,68,13404.5
1397.526,113.2,1342.0,1640,26,69,13435.9
1397.644,113.2,1342.0,1640,26,73,13435.9
1397.761,144.7,1342.0,1640,100,70,13462.1
1397.879,274.2,1342.0,1640,17,69,13516.5
1397.996,403.7,1342.0,1640,17,68,13530.7
1398.121,533.2,1342.0,1640,7,68,13487.3
1398.24,533.2,1342.0,1640,9,68,13555.4
1398.359,110.4,1342.0,1640,64,72,13558.0
1398.477,110.4,1342.0,1640,64,72,13564.5
1398.595,271.4,1342.0,1640,69,69,13628.4
1398.715,400.9,1342.0,1640,10,68,13696.9
1398.835,530.4,1342.0,1640,10,68,13783.2
1398.955,107.7,1342.0,1640,11,71,13826.3
1399.11,107.7,1342.0,1640,66,74,13814.5
1399.234,139.2,1342.0,1640,1,68,13774.4
1399.654,268.7,1342.0,1640,3,68,13732.3
1400.078,268.7,1342.0,1640,2,68,13692.4
1400.453,398.2,1342.0,1640,2,68,13649.6
1400.857,398.2,1342.0,1640,1,68,13610.9
1401.23,527.7,1342.0,1640,2,68,13554.2
1401.595,527.7,1342.0,1640,0,68,13532.2
1401.768,527.7,1342.0,1640,3,68,13504.2
1401.97,527.7,1342.0,1640,2,68,13491.1
1402.093,527.7,1342.0,1640,1,68,13476.6
1402.217,527.7,1342.0,1640,2,68,13463.2
1402.338,527.7,1342.0,1640,2,68,13445.7
1402.459,105.0,1342.0,1640,2,71,13432.6
1402.579,105.0,1342.0,1640,79,73,13422.7
1402.699,105.0,1342.0,1640,49,70,13409.6
1402.821,105.0,1342.0,1640,49,69,13393.4
1402.942,105.0,1342.0,1640,2,69,13377.5
1403.063,108.5,1342.0,1640,1,68,13368.3
1403.189,136.5,1342.0,1640,1,68,13353.3
1403.31,136.5,1342.0,1640,2,68,13338.6
1403.431,136.5,1342.0,1640,2,68,13324.3
1403.553,136.5,1342.0,1640,0,68,13309.3
1403.674,266.0,1342.0,1640,0,68,13298.6
1403.794,266.0,1342.0,1640,3,68,13293.0
1403.915,266.0,1342.0,1640,2,68,13276.9
1404.036,266.0,1342.0,1640,0,68,13261.1
1404.157,266.0,1342.0,1640,0,68,13265.2
1404.277,266.0,1342.0,1640,3,68,13252.3
1404.398,266.0,1342.0,1640,2,68,13239.7
1404.519,266.0,1342.0,1640,2,68,13223.4
1404.639,266.0,1342.0,1640,0,68,13207.8
1404.76,266.0,1342.0,1640,2,68,13193.1
1404.881,266.0,1342.0,1640,2,68,13177.9
1405.002,266.0,1342.0,1640,2,68,13163.6
1405.122,395.5,1342.0,1640,1,68,13148.2
1405.243,395.5,1342.0,1640,2,68,13140.3
1405.365,395.5,1342.0,1640,2,68,13127.4
1405.485,395.5,1342.0,1640,2,68,13142.0
1405.606,395.5,1342.0,1640,3,68,13154.9
1405.726,395.5,1342.0,1640,4,68,13160.4
1405.847,525.0,1342.0,1640,4,68,13165.3
1406.007,525.0,1342.0,1640,2,68,13110.4
1406.4,525.0,1342.0,1640,2,68,13093.4
1406.571,525.0,1342.0,1640,81,74,13064.5
1406.898,102.2,1342.0,1640,49,70,13051.5
1407.021,105.7,1342.0,1640,49,69,13033.8
1407.145,133.7,1342.0,1640,1,69,13033.3
1407.273,263.2,1342.0,1640,3,68,12996.6
1407.649,263.2,1342.0,1640,3,68,12987.8
1407.966,392.7,1342.0,1640,2,68,12937.5
1408.389,392.7,1342.0,1640,4,68,12913.3
1408.662,522.2,1342.0,1640,6,69,12903.6
1408.997,522.2,1342.0,1640,2,70,12857.8
1409.401,76.4,1342.0,1640,89,74,12847.1
1409.527,65.4,1342.0,1640,89,70,12840.5
1409.647,369.7,1342.0,1640,42,69,12848.4
1409.769,82.4,1342.0,1640,60,73,12838.4
1409.889,85.6,1342.0,1640,85,71,12828.9
1410.009,376.1,1342.0,1640,85,71,12819.2
1410.13,88.8,1342.0,1640,88,74,12809.6
1410.25,92.1,1342.0,1640,86,71,12800.1
1410.37,382.6,1342.0,1640,86,72,12790.6
1410.492,95.3,1342.0,1640,91,74,12780.7
1410.612,98.5,1342.0,1640,84,71,12770.9
1410.732,259.5,1342.0,1640,84,72,12761.1
1410.853,101.7,1342.0,1640,84,74,12751.4
1410.973,105.0,1342.0,1640,84,71,12742.0
1411.094,266.0,1342.0,1640,89,72,12732.1
1411.215,108.2,1342.0,1640,89,73,12722.3
1411.334,551.7,1342.0,1640,82,71,12712.6
1411.455,272.4,1342.0,1640,82,74,12702.9
1411.575,114.7,1342.0,1640,77,72,12693.5
1411.695,405.2,1342.0,1640,77,71,12684.9
1411.816,117.9,1342.0,1640,73,74,12674.9
1411.936,121.1,1342.0,1640,77,71,12666.6
1412.056,282.1,1342.0,1640,77,72,12657.3
1412.176,124.3,1342.0,1640,82,73,12648.2
1412.295,544.3,1342.0,1640,85,71,12639.7
1412.416,134.6,1342.0,1640,87,74,12631.1
1412.536,130.8,1342.0,1640,87,73,12621.4
1412.655,550.8,1342.0,1640,86,71,12612.2
1412.774,134.0,1342.0,1640,86,75,12602.4
1412.894,137.2,1342.0,1640,86,72,12592.7
1413.013,427.8,1342.0,1640,79,71,12585.6
1413.132,140.5,1342.0,1640,69,74,12576.5
1413.251,560.5,1342.0,1640,67,71,12571.4
1413.371,143.7,1342.0,1640,67,74,12561.6
1413.49,577.9,1342.0,1640,80,70,12555.9
1413.61,146.9,1342.0,1640,75,74,12551.1
1413.73,566.9,1342.0,1640,41,71,12427.9
1413.86,150.2,1342.0,1640,41,72,12399.6
1413.977,311.2,1342.0,1640,68,70,12415.6
1414.095,570.2,1342.0,1640,14,70,12432.6
1414.213,153.4,1342.0,1640,14,71,12438.7
1414.331,314.4,1342.0,1640,57,71,12446.4
1414.449,443.9,1342.0,1640,30,70,12458.7
1414.568,573.4,1342.0,1640,30,69,12470.4
1414.685,156.6,1342.0,1640,22,74,12459.9
1414.803,447.1,1342.0,1640,66,70,12472.3
1414.923,159.8,1342.0,1640,25,70,12480.3
1415.041,159.8,1342.0,1640,25,72,12484.8
1415.16,450.3,1342.0,1640,70,70,12498.3
1415.279,163.1,1342.0,1640,36,73,12499.3
1415.398,324.1,1342.0,1640,36,71,12507.3
1415.516,453.6,1342.0,1640,58,69,12256.1
1415.635,583.1,1342.0,1640,13,69,12033.0
1415.753,166.3,1342.0,1640,73,73,12032.2
1415.88,327.3,1342.0,1640,73,70,12061.0
1415.998,456.8,1342.0,1640,12,69,12093.3
1416.117,586.3,1342.0,1640,11,69,12133.6
1416.235,138.9,1342.0,1640,11,74,12137.1
1416.353,141.9,1342.0,1640,70,70,12257.6
1416.478,141.9,1342.0,1640,3,69,12370.9
1416.603,141.9,1342.0,1640,2,69,12454.9
1416.728,141.9,1342.0,1640,2,69,12549.5
1416.854,141.9,1342.0,1640,0,69,12632.8
1416.979,141.9,1342.0,1640,2,69,12715.0
1417.105,141.9,1342.0,1640,2,69,12758.3
1417.233,141.9,1342.0,1640,0,69,12812.6
1417.371,141.9,1342.0,1640,0,69,12879.2
1417.511,141.9,1342.0,1640,2,69,12954.4
1417.65,141.9,1342.0,1640,2,69,13015.6
1417.777,141.9,1342.0,1640,0,69,13083.9
1417.905,141.9,1342.0,1640,0,69,13136.3
1418.033,141.9,1342.0,1640,2,69,13237.4
1418.16,141.9,1342.0,1640,2,69,13307.6
1418.331,141.9,1342.0,1640,2,69,13312.6
1418.577,141.9,1342.0,1640,2,69,13315.7
1418.791,141.9,1342.0,1640,2,69,13312.2
1419.068,141.9,1342.0,1640,2,68,13306.2
1419.368,141.9,1342.0,1640,2,68,13317.9
1419.643,141.9,1342.0,1640,0,68,13326.4
1419.94,141.9,1342.0,1640,2,68,13331.6
1420.274,141.9,1342.0,1640,0,68,13335.1
1420.523,141.9,1342.0,1640,2,68,13334.8
1420.859,141.9,1342.0,1640,2,68,13332.3
1421.083,141.9,1342.0,1640,2,68,13273.3
1421.215,141.9,1342.0,1640,2,68,13245.9
1421.343,141.9,1342.0,1640,0,68,13276.7
1421.464,141.9,1342.0,1640,2,68,13299.2
1421.586,141.9,1342.0,1640,2,68,13320.5
1421.707,141.9,1342.0,1640,2,68,13335.4
1421.827,141.9,1342.0,1640,0,68,13348.0
1421.947,141.9,1342.0,1640,2,68,13362.3
1422.067,141.9,1342.0,1640,0,68,13426.4
1422.429,141.9,1342.0,1640,0,68,13441.2
1422.895,141.9,1342.0,1640,0,68,13373.9
1423.518,141.9,1342.0,1640,2,68,13163.3
1423.747,141.9,1342.0,1640,2,68,13178.4
1423.873,141.9,1342.0,1640,0,68,13251.2
1424.0,141.9,1342.0,1640,2,68,13324.8
1424.127,141.9,1342.0,1640,2,68,13377.9
1424.377,141.9,1342.0,1640,2,68,13390.7
1424.701,141.9,1342.0,1640,0,68,13404.0
1425.007,141.9,1342.0,1640,2,68,13413.0
1425.293,141.9,1342.0,1640,2,68,13427.3
1425.58,141.9,1342.0,1640,0,68,13439.3
1425.922,141.9,1342.0,1640,0,68,13048.4
1426.048,141.9,1342.0,1640,2,68,12626.1
1426.175,141.9,1342.0,1640,2,68,12705.9
1426.301,141.9,1342.0,1640,0,68,12785.6
1426.427,141.9,1342.0,1640,0,68,12863.3
1426.553,141.9,1342.0,1640,2,68,12935.5
1426.68,141.9,1342.0,1640,2,68,13001.0
1426.806,141.9,1342.0,1640,0,68,13037.6
1426.933,141.9,1342.0,1640,0,68,13070.2
1427.057,141.9,1342.0,1640,2,68,13091.7
1427.181,141.9,1342.0,1640,2,68,13112.6
1427.305,141.9,1342.0,1640,0,68,13133.1
1427.429,141.9,1342.0,1640,0,68,13153.8
1427.553,141.9,1342.0,1640,2,68,13168.1
1427.677,141.9,1342.0,1640,2,68,13183.2
1427.802,459.9,1342.0,1640,15,68,13062.5
1427.921,169.8,1342.0,1640,15,70,13072.1
1428.039,169.8,1342.0,1640,85,71,13072.1
1428.158,460.3,1342.0,1640,85,69,13075.2
1428.275,167.3,1342.0,1640,85,72,13079.2
1428.393,167.3,1342.0,1640,67,74,13079.2
1428.51,328.3,1342.0,1640,84,70,13090.1
1428.627,164.7,1342.0,1640,38,71,13094.8
1428.744,164.7,1342.0,1640,38,74,13094.8
1428.861,196.2,1342.0,1640,100,72,13099.1
1428.979,455.2,1342.0,1640,27,70,13121.0
1429.097,584.7,1342.0,1640,27,69,13138.0
1429.215,162.1,1342.0,1640,27,73,13141.3
1429.332,162.1,1342.0,1640,100,73,13141.9
1429.45,323.1,1342.0,1640,100,70,13164.5
1429.568,452.6,1342.0,1640,27,69,13186.6
1429.686,582.1,1342.0,1640,13,69,13200.8
1429.804,159.5,1342.0,1640,56,73,13203.2
1429.921,159.5,1342.0,1640,56,73,13203.2
1430.038,320.6,1342.0,1640,82,70,13220.0
1430.156,450.1,1342.0,1640,12,69,13236.9
1430.274,579.6,1342.0,1640,12,69,13254.0
1430.392,157.0,1342.0,1640,11,73,13261.9
1430.509,157.0,1342.0,1640,88,74,13261.9
1430.626,318.0,1342.0,1640,88,70,13273.4
1430.745,447.5,1342.0,1640,52,69,13300.8
1430.864,577.0,1342.0,1640,13,69,13324.3
1430.982,154.4,1342.0,1640,54,73,13327.0
1431.1,154.4,1342.0,1640,54,74,13327.0
1431.217,315.4,1342.0,1640,83,70,13344.6
1431.335,574.4,1342.0,1640,17,69,13368.5
1431.453,151.8,1342.0,1640,17,73,13372.3
1431.571,151.8,1342.0,1640,71,73,13372.4
1431.689,312.8,1342.0,1640,72,70,13390.5
1431.807,571.8,1342.0,1640,15,69,13406.9
1431.925,149.3,1342.0,1640,15,73,13410.6
1432.042,149.3,1342.0,1640,81,73,13410.6
1432.16,310.3,1342.0,1640,60,70,13429.5
1432.277,569.3,1342.0,1640,60,69,13455.4
1432.394,146.7,1342.0,1640,16,71,13466.3
1432.511,146.7,1342.0,1640,87,74,13466.3
1432.629,307.7,1342.0,1640,87,70,13476.6
1432.746,144.1,1342.0,1640,59,70,13493.1
1432.863,144.1,1342.0,1640,65,73,13493.1
1432.982,305.1,1342.0,1640,83,71,13497.4
1433.1,434.6,1342.0,1640,83,70,13540.9
1433.218,564.1,1342.0,1640,15,69,13577.2
1433.336,141.6,1342.0,1640,30,72,13588.8
1433.454,141.6,1342.0,1640,30,74,13588.8
1433.57,302.6,1342.0,1640,100,70,13608.8
1433.688,561.6,1342.0,1640,24,69,13635.7
1433.807,139.0,1342.0,1640,64,73,13504.3
1433.944,139.0,1342.0,1640,64,73,13327.4
1434.067,559.0,1342.0,1640,83,70,13114.3
1434.187,136.4,1342.0,1640,55,73,13000.9
1434.312,136.4,1342.0,1640,94,73,13010.6
1434.43,426.9,1342.0,1640,94,70,13060.0
1434.548,133.9,1342.0,1640,19,70,13093.2
1434.665,133.9,1342.0,1640,79,73,13093.2
1434.783,165.4,1342.0,1640,79,71,13113.0
1434.9,553.9,1342.0,1640,62,70,13149.4
1435.018,131.3,1342.0,1640,61,74,13149.6
1435.136,131.3,1342.0,1640,61,73,13149.6
1435.254,551.3,1342.0,1640,91,70,13175.9
1435.372,128.7,1342.0,1640,40,73,13181.9
1435.49,128.7,1342.0,1640,100,74,13181.9
1435.608,419.2,1342.0,1640,100,70,13215.9
1435.726,126.1,1342.0,1640,35,73,13233.1
1435.843,126.1,1342.0,1640,92,74,13233.1
1435.961,287.2,1342.0,1640,92,71,13261.7
1436.08,630.9,1342.0,1640,50,69,13279.5
1436.198,123.6,1342.0,1640,67,74,13279.5
1436.315,155.1,1342.0,1640,82,72,13290.5
1436.433,414.1,1342.0,1640,82,70,13325.5
1436.551,121.0,1342.0,1640,20,71,13350.7
1436.667,121.0,1342.0,1640,88,74,13350.7
1436.786,152.5,1342.0,1640,88,71,13367.4
1436.903,541.0,1342.0,1640,55,69,13401.7
1437.022,118.4,1342.0,1640,45,73,13411.6
1437.139,118.4,1342.0,1640,45,74,13411.6
1437.256,408.9,1342.0,1640,100,70,13435.4
1437.375,115.9,1342.0,1640,31,72,13444.6
1437.493,115.9,1342.0,1640,100,74,13444.6
1437.61,406.4,1342.0,1640,100,70,13462.4
1437.728,113.3,1342.0,1640,53,73,13469.0
1437.845,113.3,1342.0,1640,100,74,13469.0
1437.963,274.3,1342.0,1640,100,70,13492.9
1438.081,533.3,1342.0,1640,37,69,13521.2
1438.198,533.3,1342.0,1640,14,69,13555.3
1438.316,110.7,1342.0,1640,14,73,13560.9
1438.434,110.7,1342.0,1640,68,73,13560.9
1438.552,271.7,1342.0,1640,67,70,13620.2
1438.681,401.2,1342.0,1640,10,69,13633.4
1438.801,401.2,1342.0,1640,10,69,13520.6
1438.927,530.7,1342.0,1640,10,69,13561.4
1439.068,108.2,1342.0,1640,27,73,13516.3
1439.191,108.2,1342.0,1640,100,73,13526.9
1439.309,269.2,1342.0,1640,100,70,13557.5
1439.428,398.7,1342.0,1640,17,69,13455.5
1439.546,528.2,1342.0,1640,19,69,13353.9
1439.664,611.4,1342.0,1640,22,69,13262.9
1439.782,105.6,1342.0,1640,22,73,13262.9
1439.9,105.6,1342.0,1640,100,72,13236.5
1440.018,266.6,1342.0,1640,30,69,13288.9
1440.138,396.1,1342.0,1640,30,69,13363.9
1440.262,525.6,1342.0,1640,10,69,13403.4
1440.38,525.6,1342.0,1640,5,69,13356.5
1440.501,525.6,1342.0,1640,9,69,13382.1
1440.622,103.0,1342.0,1640,9,73,13382.1
1440.739,103.0,1342.0,1640,100,72,13383.0
1440.859,134.5,1342.0,1640,30,69,13373.2
1440.98,134.5,1342.0,1640,30,69,13360.7
1441.1,134.5,1342.0,1640,0,69,13350.2
1441.22,264.0,1342.0,1640,2,69,13340.5
1441.34,264.0,1342.0,1640,2,69,13331.2
1441.46,264.0,1342.0,1640,2,69,13309.7
1441.582,264.0,1342.0,1640,1,69,13294.9
1441.702,264.0,1342.0,1640,2,69,13281.1
1441.823,264.0,1342.0,1640,2,69,13270.1
1441.943,264.0,1342.0,1640,2,69,13260.3
1442.063,264.0,1342.0,1640,1,69,13250.3
1442.183,264.0,1342.0,1640,2,69,13240.9
1442.303,264.0,1342.0,1640,2,69,13231.7
1442.423,264.0,1342.0,1640,2,69,13222.1
1442.543,264.0,1342.0,1640,1,69,13212.4
1442.663,264.0,1342.0,1640,1,69,13202.7
1442.783,264.0,1342.0,1640,2,69,13192.7
1442.903,264.0,1342.0,1640,2,69,13183.1
1443.023,393.5,1342.0,1640,1,69,13175.3
1443.144,393.5,1342.0,1640,1,69,13166.2
1443.264,393.5,1342.0,1640,2,69,13158.1
1443.384,393.5,1342.0,1640,2,69,13150.1
1443.504,393.5,1342.0,1640,1,69,13140.8
1443.624,393.5,1342.0,1640,1,69,13130.7
1443.744,393.5,1342.0,1640,2,69,13121.4
1443.865,393.5,1342.0,1640,2,69,13111.6
1443.985,393.5,1342.0,1640,2,68,13105.0
1444.104,393.5,1342.0,1640,1,68,13094.7
1444.223,393.5,1342.0,1640,2,68,13083.4
1444.343,393.5,1342.0,1640,2,69,13076.1
1444.464,393.5,1342.0,1640,2,68,13064.1
1444.584,393.5,1342.0,1640,1,69,13053.9
1444.704,393.5,1342.0,1640,2,69,13044.4
1444.824,523.0,1342.0,1640,2,69,13034.7
1444.944,523.0,1342.0,1640,2,68,13024.8
1445.064,523.0,1342.0,1640,1,68,13015.0
1445.184,523.0,1342.0,1640,2,69,13007.6
1445.304,523.0,1342.0,1640,2,68,12995.7
1445.425,523.0,1342.0,1640,2,69,12986.6
1445.544,523.0,1342.0,1640,1,69,12975.1
1445.666,523.0,1342.0,1640,1,68,12965.4
1445.786,523.0,1342.0,1640,2,68,12956.0
1445.906,523.0,1342.0,1640,2,68,12946.0
1446.026,523.0,1342.0,1640,1,68,12937.9
1446.146,523.0,1342.0,1640,1,69,12926.7
1446.266,523.0,1342.0,1640,2,68,12916.6
1446.386,523.0,1342.0,1640,2,68,12907.0
1446.506,523.0,1342.0,1640,2,68,12897.0
1446.626,77.5,1342.0,1640,1,70,12890.9
1446.744,77.5,1342.0,1640,53,72,12891.0
1446.861,65.4,1342.0,1640,78,71,12799.4
1446.98,95.5,1342.0,1640,78,70,12810.7
1447.098,95.5,1342.0,1640,72,73,12810.7
1447.215,515.5,1342.0,1640,82,70,12784.4
1447.333,99.3,1342.0,1640,82,73,12784.4
1447.451,519.3,1342.0,1640,98,71,12788.9
1447.57,103.0,1342.0,1640,86,73,12788.9
1447.688,264.0,1342.0,1640,73,71,12794.9
1447.806,106.8,1342.0,1640,73,72,12797.7
1447.924,138.3,1342.0,1640,92,73,12799.4
1448.042,526.8,1342.0,1640,49,70,12810.1
1448.161,110.6,1342.0,1640,49,73,12810.1
1448.279,401.1,1342.0,1640,92,71,12813.2
1448.398,114.4,1342.0,1640,75,73,12814.3
1448.515,275.4,1342.0,1640,75,71,12816.0
1448.634,118.1,1342.0,1640,81,72,12818.3
1448.751,118.1,1342.0,1640,82,74,12818.3
1448.868,538.1,1342.0,1640,62,70,12818.8
1448.988,121.9,1342.0,1640,62,73,12808.7
1449.107,412.4,1342.0,1640,100,71,12806.0
1449.225,125.7,1342.0,1640,48,71,12809.2
1449.344,125.7,1342.0,1640,48,74,12810.0
1449.462,545.7,1342.0,1640,85,70,12817.2
1449.58,129.5,1342.0,1640,67,73,12817.2
1449.697,420.0,1342.0,1640,76,71,12819.4
1449.816,133.2,1342.0,1640,76,73,12819.7
1449.934,294.2,1342.0,1640,93,72,12820.4
1450.052,137.0,1342.0,1640,63,71,12822.1
1450.169,137.0,1342.0,1640,63,74,12822.1
1450.287,140.8,1342.0,1640,88,71,12824.8
1450.405,140.8,1342.0,1640,81,73,12824.9
1450.522,431.3,1342.0,1640,81,70,12831.7
1450.642,144.6,1342.0,1640,68,73,12832.5
1450.76,176.1,1342.0,1640,96,71,12835.0
1450.88,148.3,1342.0,1640,56,72,12832.9
1451.0,148.3,1342.0,1640,56,74,12822.9
1451.119,568.3,1342.0,1640,87,70,12828.3
1451.237,152.1,1342.0,1640,75,73,12828.3
1451.355,442.6,1342.0,1640,75,71,12832.8
1451.473,155.9,1342.0,1640,71,73,12833.6
1451.59,187.4,1342.0,1640,96,73,12835.9
1451.71,159.7,1342.0,1640,63,71,12832.2
1451.829,159.7,1342.0,1640,63,74,12822.2
1451.949,450.2,1342.0,1640,84,70,12844.5
1452.068,163.4,1342.0,1640,30,71,12853.1
1452.188,163.4,1342.0,1640,30,74,12845.8
1452.306,453.9,1342.0,1640,96,70,12866.2
1452.425,453.9,1342.0,1640,18,70,12864.5
1452.545,583.4,1342.0,1640,5,69,12858.5
1452.664,167.2,1342.0,1640,5,71,12849.7
1452.783,167.2,1342.0,1640,68,74,12841.0
1452.902,167.2,1342.0,1640,42,70,12829.4
1453.022,198.7,1342.0,1640,42,69,12818.1
1453.143,328.2,1342.0,1640,2,69,12811.2
1453.262,328.2,1342.0,1640,8,69,12802.5
1453.382,457.7,1342.0,1640,4,69,12791.2
1453.502,457.7,1342.0,1640,4,69,12780.3
1453.622,587.2,1342.0,1640,6,69,12769.3
1453.742,587.2,1342.0,1640,7,69,12763.1
1453.861,171.0,1342.0,1640,7,73,12763.1
1453.978,171.0,1342.0,1640,84,71,12760.0
1454.097,202.5,1342.0,1640,23,69,12751.6
1454.216,332.0,1342.0,1640,6,69,12743.8
1454.335,332.0,1342.0,1640,6,69,12739.7
1454.455,332.0,1342.0,1640,4,69,12730.7
1454.575,461.5,1342.0,1640,3,69,12725.0
1454.693,461.5,1342.0,1640,3,69,12719.1
1454.812,591.0,1342.0,1640,6,69,12724.9
1454.932,591.0,1342.0,1640,8,69,12719.9
1455.052,174.8,1342.0,1640,25,71,12710.8
1455.171,174.8,1342.0,1640,25,73,12707.2
1455.289,174.8,1342.0,1640,81,70,12696.9
1455.408,206.3,1342.0,1640,3,69,12687.7
1455.528,206.3,1342.0,1640,3,69,12680.3
1455.648,335.8,1342.0,1640,1,69,12667.7
1455.768,335.8,1342.0,1640,2,69,12665.8
1455.886,335.8,1342.0,1640,3,69,12655.8
1456.005,335.8,1342.0,1640,3,69,12649.0
1456.125,335.8,1342.0,1640,2,69,12644.9
1456.244,335.8,1342.0,1640,4,69,12635.2
1456.364,465.3,1342.0,1640,4,69,12627.6
1456.483,465.3,1342.0,1640,4,69,12618.1
1456.603,465.3,1342.0,1640,2,69,12611.1
1456.723,465.3,1342.0,1640,4,69,12608.8
1456.843,594.8,1342.0,1640,4,69,12597.1
1456.963,594.8,1342.0,1640,4,69,12590.7
1457.082,594.8,1342.0,1640,1,69,12578.7
1457.201,594.8,1342.0,1640,1,69,12567.6
1457.321,178.5,1342.0,1640,3,70,12563.1
1457.44,178.5,1342.0,1640,68,73,12553.4
1457.56,178.5,1342.0,1640,41,70,12542.2
1457.68,210.0,1342.0,1640,41,69,12534.0
1457.799,339.5,1342.0,1640,5,69,12526.6
1457.92,339.5,1342.0,1640,4,69,12521.0
1458.039,339.5,1342.0,1640,4,69,12509.6
1458.158,339.5,1342.0,1640,3,69,12497.2
1458.278,469.0,1342.0,1640,3,69,12491.7
1458.398,469.0,1342.0,1640,5,69,12490.8
1458.517,598.5,1342.0,1640,5,69,12506.6
1458.637,182.3,1342.0,1640,9,72,12506.2
1458.756,182.3,1342.0,1640,96,72,12500.3
1458.874,472.8,1342.0,1640,96,70,12528.0
1458.993,472.8,1342.0,1640,22,69,12521.5
1459.113,472.8,1342.0,1640,2,69,12515.4
1459.233,602.3,1342.0,1640,4,69,12506.0
1459.353,602.3,1342.0,1640,4,69,12500.0
1459.473,602.3,1342.0,1640,5,69,12490.0
1459.595,186.1,1342.0,1640,48,73,12481.2
1459.714,347.1,1342.0,1640,48,70,12485.0
1459.833,347.1,1342.0,1640,60,69,12473.7
1459.954,347.1,1342.0,1640,4,69,12461.6
1460.075,476.6,1342.0,1640,6,69,12452.9
1460.196,476.6,1342.0,1640,6,69,12440.5
1460.316,476.6,1342.0,1640,2,69,12430.4
1460.436,476.6,1342.0,1640,3,69,12418.0
1460.556,476.6,1342.0,1640,3,69,12407.3
1460.677,606.1,1342.0,1640,3,69,12408.4
1460.795,606.1,1342.0,1640,7,69,12417.4
1460.914,189.8,1342.0,1640,71,73,12417.4
1461.032,221.4,1342.0,1640,71,70,12414.4
1461.151,350.9,1342.0,1640,41,69,12327.6
1461.269,480.4,1342.0,1640,9,69,12271.2
1461.388,609.9,1342.0,1640,9,69,12262.5
1461.508,609.9,1342.0,1640,9,69,12262.6
1461.633,193.6,1342.0,1640,41,73,12262.6
1461.751,225.1,1342.0,1640,71,70,12223.8
1461.872,484.1,1342.0,1640,71,69,12107.8
1461.996,484.1,1342.0,1640,13,69,12165.5
1462.121,613.6,1342.0,1640,8,69,12239.1
1462.243,166.7,1342.0,1640,40,71,12271.6
1462.363,166.7,1342.0,1640,40,73,12269.6
1462.483,170.3,1342.0,1640,67,70,12373.0
1462.608,170.3,1342.0,1640,2,69,12391.4
1462.734,170.3,1342.0,1640,0,69,12369.3
1462.86,170.3,1342.0,1640,0,69,12411.4
1462.985,170.3,1342.0,1640,2,69,12402.9
1463.111,170.3,1342.0,1640,2,69,12232.1
1463.237,170.3,1342.0,1640,0,69,12314.3
1463.379,170.3,1342.0,1640,0,69,12416.2
1463.506,170.3,1342.0,1640,2,69,12479.0
1463.632,170.3,1342.0,1640,2,69,12589.8
1463.758,170.3,1342.0,1640,0,69,12678.7
1463.883,170.3,1342.0,1640,0,69,12755.4
1464.007,170.3,1342.0,1640,2,69,12763.5
1464.134,170.3,1342.0,1640,2,69,12862.7
1464.26,170.3,1342.0,1640,0,69,12953.1
1464.385,170.3,1342.0,1640,0,69,13023.6
1464.51,170.3,1342.0,1640,2,69,13122.8
1464.636,170.3,1342.0,1640,2,69,13155.1
1464.764,170.3,1342.0,1640,0,69,12980.2
1464.891,170.3,1342.0,1640,0,69,13009.3
1465.017,170.3,1342.0,1640,2,69,13108.6
1465.142,170.3,1342.0,1640,2,68,13184.2
1465.268,170.3,1342.0,1640,0,68,13265.2
1465.394,170.3,1342.0,1640,0,68,13360.6
1465.519,170.3,1342.0,1640,2,68,13423.8
1465.645,170.3,1342.0,1640,2,68,13471.2
1465.764,170.3,1342.0,1640,0,68,13506.3
1465.885,170.3,1342.0,1640,0,68,13520.6
1466.005,170.3,1342.0,1640,2,68,13774.4
1466.135,170.3,1342.0,1640,2,68,13452.4
1466.262,170.3,1342.0,1640,0,68,13452.4
1466.39,170.3,1342.0,1640,0,68,13452.4
1466.517,170.3,1342.0,1640,2,68,13452.4
1466.644,170.3,1342.0,1640,2,68,13452.4
1466.771,170.3,1342.0,1640,0,68,13452.4
1466.899,170.3,1342.0,1640,0,68,13452.4
1467.026,170.3,1342.0,1640,2,68,13452.4
1467.153,229.9,1342.0,1640,2,68,13301.9
1467.271,198.4,1362.0,1660,64,70,13305.6
1467.389,198.4,1362.0,1660,64,71,13305.6
1467.506,198.4,1362.0,1660,100,73,13305.6
1467.623,618.4,1362.0,1660,93,70,13306.5
1467.741,194.8,1362.0,1660,93,73,13306.8
1467.858,194.8,1362.0,1660,96,75,13306.8
1467.975,194.8,1362.0,1660,100,72,13307.4
1468.092,191.2,1362.0,1660,100,71,13310.6
1468.21,191.2,1362.0,1660,64,74,13310.6
1468.327,191.2,1362.0,1660,100,75,13310.6
1468.444,222.8,1362.0,1660,87,71,13313.2
1468.563,611.3,1362.0,1660,87,70,13328.2
1468.682,187.7,1362.0,1660,49,73,13328.2
1468.799,187.7,1362.0,1660,100,75,13328.2
1468.917,187.7,1362.0,1660,100,72,13330.6
1469.035,348.7,1362.0,1660,78,70,13342.8
1469.153,607.7,1362.0,1660,15,69,13365.6
1469.271,184.1,1362.0,1660,54,73,13372.1
1469.389,184.1,1362.0,1660,54,75,13372.1
1469.506,184.1,1362.0,1660,100,74,13372.1
1469.624,345.1,1362.0,1660,62,70,13385.0
1469.742,474.6,1362.0,1660,62,70,13403.5
1469.86,604.1,1362.0,1660,11,69,13420.8
1469.978,180.6,1362.0,1660,28,72,13425.6
1470.096,180.6,1362.0,1660,28,74,13425.6
1470.213,180.6,1362.0,1660,100,74,13425.6
1470.33,341.6,1362.0,1660,88,70,13430.7
1470.448,471.1,1362.0,1660,15,70,13444.1
1470.566,600.6,1362.0,1660,15,69,13458.2
1470.684,177.0,1362.0,1660,12,72,13462.2
1470.801,177.0,1362.0,1660,99,74,13462.2
1470.919,177.0,1362.0,1660,99,72,13462.2
1471.035,338.0,1362.0,1660,100,70,13467.6
1471.154,597.0,1362.0,1660,25,70,13473.3
1471.272,173.5,1362.0,1660,79,73,13473.4
1471.389,173.5,1362.0,1660,79,75,13473.4
1471.506,173.5,1362.0,1660,100,72,13474.6
1471.624,464.0,1362.0,1660,43,70,13488.2
1471.742,169.9,1362.0,1660,43,70,13496.5
1471.86,169.9,1362.0,1660,45,73,13496.5
1471.977,169.9,1362.0,1660,100,75,13496.5
1472.094,201.4,1362.0,1660,100,71,13500.1
1472.213,460.4,1362.0,1660,75,70,13514.9
1472.331,166.4,1362.0,1660,26,72,13521.9
1472.449,166.4,1362.0,1660,100,73,13521.9
1472.566,166.4,1362.0,1660,100,73,13521.9
1472.685,327.4,1362.0,1660,98,70,13525.4
1472.803,162.8,1362.0,1660,33,71,13529.1
1472.921,162.8,1362.0,1660,33,73,13529.1
1473.038,162.8,1362.0,1660,100,75,13529.1
1473.155,323.8,1362.0,1660,96,71,13555.9
1473.273,453.3,1362.0,1660,96,70,13680.1
1473.393,582.8,1362.0,1660,13,69,13776.9
1473.513,159.3,1362.0,1660,24,72,13794.6
1473.632,159.3,1362.0,1660,100,73,13782.8
1473.752,159.3,1362.0,1660,100,73,13771.3
1473.872,320.3,1362.0,1660,91,70,13853.8
1473.991,449.8,1362.0,1660,1,69,13857.7
1474.405,449.8,1362.0,1660,2,69,13804.9
1474.819,449.8,1362.0,1660,2,69,13722.5
1475.313,579.3,1362.0,1660,2,69,13668.6
1475.694,579.3,1362.0,1660,2,69,13594.2
1476.136,579.3,1362.0,1660,1,69,13535.9
1476.557,579.3,1362.0,1660,100,74,13471.5
1476.943,155.7,1362.0,1660,100,72,13460.4
1477.066,316.7,1362.0,1660,0,69,13409.9
1477.507,316.7,1362.0,1660,1,69,13346.3
1478.0,316.7,1362.0,1660,0,69,13296.8
1478.448,575.7,1362.0,1660,0,69,13236.7
1478.929,575.7,1362.0,1660,2,69,13183.5
1479.389,575.7,1362.0,1660,2,69,13126.9
1479.838,152.1,1362.0,1660,47,73,13116.8
1479.974,152.1,1362.0,1660,100,75,13106.4
1480.097,152.1,1362.0,1660,100,72,13097.4
1480.221,572.2,1362.0,1660,66,70,13093.6
1480.345,148.6,1362.0,1660,61,73,13083.8
1480.466,148.6,1362.0,1660,61,75,13074.0
1480.586,148.6,1362.0,1660,100,72,13064.7
1480.706,568.6,1362.0,1660,68,70,13059.6
1480.827,145.0,1362.0,1660,67,73,13049.9
1480.947,145.0,1362.0,1660,67,75,13040.2
1481.067,145.0,1362.0,1660,100,72,13030.7
1481.189,565.0,1362.0,1660,61,70,13024.8
1481.31,141.5,1362.0,1660,69,73,13015.7
1481.431,141.5,1362.0,1660,69,75,13005.9
1481.551,141.5,1362.0,1660,100,73,12996.2
1481.672,432.0,1362.0,1660,58,70,12991.0
1481.793,137.9,1362.0,1660,58,73,12982.8
1481.913,137.9,1362.0,1660,71,75,12972.3
1482.033,137.9,1362.0,1660,100,73,12650.9
1482.163,298.9,1362.0,1660,48,71,12340.3
1482.287,557.9,1362.0,1660,48,70,12348.0
1482.405,134.4,1362.0,1660,32,74,12349.1
1482.522,134.4,1362.0,1660,100,75,12349.1
1482.64,134.4,1362.0,1660,100,73,12349.6
1482.758,295.4,1362.0,1660,88,70,12364.5
1482.876,554.4,1362.0,1660,15,70,12383.5
1482.994,130.8,1362.0,1660,32,71,12396.3
1483.112,130.8,1362.0,1660,32,74,12396.3
1483.23,130.8,1362.0,1660,100,75,12396.3
1483.347,162.3,1362.0,1660,82,71,12400.7
1483.465,421.3,1362.0,1660,82,70,12414.4
1483.584,550.8,1362.0,1660,15,70,12428.2
1483.701,127.3,1362.0,1660,63,74,12428.2
1483.819,127.3,1362.0,1660,63,75,12428.2
1483.936,134.3,1362.0,1660,100,72,12432.3
1484.055,547.3,1362.0,1660,58,70,12443.5
1484.172,123.7,1362.0,1660,51,72,12447.7
1484.29,123.7,1362.0,1660,51,74,12447.7
1484.408,123.7,1362.0,1660,100,74,12447.7
1484.525,284.7,1362.0,1660,70,71,12452.5
1484.643,543.7,1362.0,1660,70,70,12460.6
1484.762,120.2,1362.0,1660,27,73,12461.9
1484.879,120.2,1362.0,1660,100,75,12461.9
1484.997,120.2,1362.0,1660,100,73,12462.0
1485.115,281.2,1362.0,1660,95,70,12479.2
1485.233,410.7,1362.0,1660,15,70,12494.9
1485.351,540.2,1362.0,1660,12,70,12517.4
1485.469,116.6,1362.0,1660,12,73,12521.6
1485.587,116.6,1362.0,1660,84,75,12521.6
1485.705,116.6,1362.0,1660,100,73,12521.6
1485.823,277.6,1362.0,1660,100,70,12553.4
1485.941,407.1,1362.0,1660,26,70,12591.6
1486.059,536.6,1362.0,1660,11,69,12626.8
1486.176,536.6,1362.0,1660,13,69,12664.8
1486.293,113.0,1362.0,1660,13,73,12665.4
1486.411,113.0,1362.0,1660,100,75,12665.4
1486.528,113.0,1362.0,1660,98,72,12671.0
1486.645,274.1,1362.0,1660,98,70,12613.9
1486.765,403.6,1362.0,1660,10,70,12595.7
1486.883,403.6,1362.0,1660,10,69,12628.0
1487.004,533.1,1362.0,1660,10,69,12671.7
1487.124,109.5,1362.0,1660,9,73,12665.5
1487.244,109.5,1362.0,1660,98,75,12656.2
1487.363,109.5,1362.0,1660,100,72,12649.2
1487.484,270.5,1362.0,1660,100,70,12699.3
1487.604,400.0,1362.0,1660,19,70,12771.9
1487.724,529.5,1362.0,1660,12,69,12840.0
1487.844,105.9,1362.0,1660,66,73,12838.0
1487.964,105.9,1362.0,1660,66,75,12828.5
1488.085,105.9,1362.0,1660,100,73,12820.2
1488.205,266.9,1362.0,1660,45,70,12868.0
1488.326,396.4,1362.0,1660,45,70,12946.0
1488.464,396.4,1362.0,1660,2,69,12952.0
1488.687,525.9,1362.0,1660,2,69,12935.3
1489.057,525.9,1362.0,1660,2,69,12895.5
1489.464,525.9,1362.0,1660,2,69,12840.3
1489.908,79.7,1362.0,1660,100,75,12793.9
1490.204,65.4,1362.0,1660,73,71,12787.4
1490.324,55.0,1362.0,1660,73,70,12801.0
1490.447,83.5,1362.0,1660,18,73,12791.6
1490.568,83.5,1362.0,1660,99,73,12782.4
1490.69,87.5,1362.0,1660,81,73,12773.0
1490.81,87.5,1362.0,1660,81,74,12763.7
1490.931,91.5,1362.0,1660,90,72,12755.5
1491.051,91.5,1362.0,1660,94,75,12754.8
1491.171,95.5,1362.0,1660,94,72,12756.4
1491.291,95.5,1362.0,1660,81,75,12756.4
1491.411,99.5,1362.0,1660,87,72,12692.6
1491.532,99.5,1362.0,1660,96,75,12472.2
1491.652,103.5,1362.0,1660,96,72,12088.6
1491.775,103.5,1362.0,1660,82,74,12088.6
1491.893,107.5,1362.0,1660,85,72,12088.9
1492.011,107.5,1362.0,1660,85,74,12088.9
1492.129,398.0,1362.0,1660,98,71,12092.5
1492.247,111.5,1362.0,1660,63,74,12093.4
1492.364,111.5,1362.0,1660,82,72,12098.3
1492.482,402.0,1362.0,1660,82,71,12112.0
1492.6,531.5,1362.0,1660,15,70,12130.2
1492.718,115.5,1362.0,1660,48,72,12135.8
1492.836,115.5,1362.0,1660,48,73,12141.4
1492.954,276.5,1362.0,1660,70,70,12159.2
1493.073,535.5,1362.0,1660,17,70,12166.9
1493.191,119.5,1362.0,1660,17,74,12167.0
1493.309,280.5,1362.0,1660,82,71,12169.7
1493.428,539.5,1362.0,1660,43,70,12178.6
1493.546,123.5,1362.0,1660,52,73,12180.0
1493.664,123.5,1362.0,1660,52,73,12180.9
1493.782,414.0,1362.0,1660,73,70,12185.7
1493.9,127.5,1362.0,1660,20,71,12191.8
1494.018,127.5,1362.0,1660,20,74,12191.8
1494.136,288.5,1362.0,1660,97,71,12203.8
1494.255,547.5,1362.0,1660,23,70,12210.7
1494.373,131.5,1362.0,1660,64,73,12211.3
1494.491,131.5,1362.0,1660,64,72,12215.9
1494.608,422.0,1362.0,1660,56,70,12229.3
1494.726,551.5,1362.0,1660,18,70,12241.6
1494.843,135.5,1362.0,1660,18,73,12241.6
1494.961,167.0,1362.0,1660,91,71,12251.0
1495.078,296.5,1362.0,1660,22,70,12293.1
1495.196,426.0,1362.0,1660,22,70,12329.6
1495.314,555.5,1362.0,1660,9,69,12358.4
1495.434,555.5,1362.0,1660,10,69,12406.7
1495.551,139.4,1362.0,1660,54,73,12411.5
1495.669,139.4,1362.0,1660,54,72,12420.1
1495.788,300.5,1362.0,1660,55,70,12449.9
1495.906,300.5,1362.0,1660,7,69,12487.0
1496.024,430.0,1362.0,1660,7,69,12515.8
1496.143,430.0,1362.0,1660,6,69,12532.9
1496.261,559.5,1362.0,1660,7,69,12548.9
1496.379,143.4,1362.0,1660,20,70,12391.9
1496.498,143.4,1362.0,1660,20,73,12391.8
1496.616,434.0,1362.0,1660,94,70,12421.5
1496.734,563.5,1362.0,1660,22,69,12458.6
1496.854,147.4,1362.0,1660,22,72,12461.8
1496.972,150.9,1362.0,1660,74,73,12463.1
1497.089,567.4,1362.0,1660,49,70,12467.0
1497.208,151.4,1362.0,1660,49,73,12467.3
1497.326,182.9,1362.0,1660,79,72,12365.7
1497.445,441.9,1362.0,1660,53,70,12374.4
1497.563,155.4,1362.0,1660,23,71,12381.5
1497.681,155.4,1362.0,1660,23,73,12381.5
1497.799,316.4,1362.0,1660,100,70,12387.3
1497.917,445.9,1362.0,1660,17,70,12381.8
1498.035,159.4,1362.0,1660,17,71,12385.9
1498.153,159.4,1362.0,1660,46,74,12385.9
1498.271,320.4,1362.0,1660,71,70,12392.9
1498.389,579.4,1362.0,1660,22,69,12400.0
1498.506,163.4,1362.0,1660,22,73,12400.3
1498.624,194.9,1362.0,1660,94,71,12403.1
1498.742,453.9,1362.0,1660,23,70,12415.6
1498.86,453.9,1362.0,1660,23,69,12428.6
1498.978,583.4,1362.0,1660,12,69,12440.7
1499.096,167.4,1362.0,1660,48,72,12430.0
1499.216,198.9,1362.0,1660,67,71,12432.2
1499.335,328.4,1362.0,1660,67,70,12448.1
1499.455,587.4,1362.0,1660,15,69,12461.5
1499.574,171.4,1362.0,1660,35,70,12462.3
1499.694,171.4,1362.0,1660,35,73,12453.2
1499.813,332.4,1362.0,1660,92,70,12459.8
1499.933,461.9,1362.0,1660,14,69,12467.1
1500.053,175.4,1362.0,1660,25,69,12471.6
1500.173,175.4,1362.0,1660,25,73,12462.4
1500.292,336.4,1362.0,1660,93,70,12462.5
1500.413,595.4,1362.0,1660,22,69,12464.9
1500.534,179.4,1362.0,1660,22,73,12455.6
1500.655,340.4,1362.0,1660,93,71,12452.8
1500.775,183.4,1362.0,1660,38,71,12444.5
1500.895,183.4,1362.0,1660,100,73,12435.3
1501.015,473.9,1362.0,1660,100,70,12454.4
1501.135,603.4,1362.0,1660,25,70,12487.1
1501.255,187.4,1362.0,1660,60,73,12480.3
1501.375,348.4,1362.0,1660,60,71,12496.2
1501.495,160.7,1362.0,1660,64,71,12508.1
1501.615,160.7,1362.0,1660,72,74,12505.2
1501.736,164.5,1362.0,1660,47,70,12594.8
1501.865,164.5,1362.0,1660,47,69,12681.3
1501.992,164.5,1362.0,1660,2,69,12727.2
1502.121,164.5,1362.0,1660,1,69,12784.0
1502.257,164.5,1362.0,1660,0,69,12830.3
1502.385,164.5,1362.0,1660,2,69,12879.4
1502.555,164.5,1362.0,1660,0,69,12892.1
1502.795,164.5,1362.0,1660,2,69,12888.5
1502.963,164.5,1362.0,1660,2,69,12697.4
1503.09,164.5,1362.0,1660,1,69,12600.4
1503.231,164.5,1362.0,1660,1,69,12670.1
1503.358,164.5,1362.0,1660,1,69,12603.8
1503.483,164.5,1362.0,1660,2,69,12686.5
1503.608,164.5,1362.0,1660,1,69,12692.4
1503.734,164.5,1362.0,1660,1,69,12750.3
1503.858,164.5,1362.0,1660,1,69,12830.9
1503.988,164.5,1362.0,1660,2,69,12877.8
1504.114,164.5,1362.0,1660,1,69,12940.8
1504.241,164.5,1362.0,1660,1,69,13004.3
1504.367,164.5,1362.0,1660,1,69,13095.2
1504.492,164.5,1362.0,1660,2,69,13158.7
1504.62,164.5,1362.0,1660,1,69,13213.8
1504.75,164.5,1362.0,1660,1,69,13294.3
1504.879,164.5,1362.0,1660,1,69,13349.0
1505.007,164.5,1362.0,1660,2,69,13420.3
1505.134,164.5,1362.0,1660,2,69,13478.1
1505.261,164.5,1362.0,1660,0,69,13563.6
1505.389,164.5,1362.0,1660,0,69,13607.6
1505.511,164.5,1362.0,1660,2,69,13667.8
1505.67,164.5,1362.0,1660,2,69,13713.3
1505.798,164.5,1362.0,1660,0,69,13740.2
1505.952,164.5,1362.0,1660,1,69,13735.3
1506.373,164.5,1362.0,1660,2,69,13675.7
1506.798,164.5,1362.0,1660,1,69,13536.6
1507.728,164.5,1362.0,1660,1,69,12975.8
1507.85,164.5,1362.0,1660,1,69,12551.5
1507.976,164.5,1362.0,1660,2,69,12598.7
1508.102,164.5,1362.0,1660,2,69,12657.8
1508.227,164.5,1362.0,1660,2,69,12715.0
1508.353,164.5,1362.0,1660,0,69,12783.6
1508.478,164.5,1362.0,1660,2,69,12856.2
1508.603,164.5,1362.0,1660,2,69,12927.3
1508.728,164.5,1362.0,1660,2,69,12996.1
1508.854,164.5,1362.0,1660,0,69,13063.3
1508.98,164.5,1362.0,1660,2,69,13100.5
1509.108,164.5,1362.0,1660,2,69,13113.9
1509.236,164.5,1362.0,1660,2,69,13122.6
1509.363,164.5,1362.0,1660,0,69,13125.8
1509.49,164.5,1362.0,1660,2,69,13126.1
1509.62,164.5,1362.0,1660,2,69,12966.9
1509.738,612.8,1362.0,1660,2,69,12983.4
1509.857,193.2,1382.0,1680,27,71,12990.4
1509.973,193.2,1382.0,1680,96,72,12990.5
1510.091,193.2,1382.0,1680,100,71,12990.5
1510.214,483.7,1382.0,1680,100,70,12992.8
1510.332,189.9,1382.0,1680,70,73,12993.3
1510.45,189.9,1382.0,1680,100,75,12993.3
1510.568,189.9,1382.0,1680,100,73,12993.3
1510.687,186.5,1382.0,1680,96,72,12994.4
1510.804,186.5,1382.0,1680,82,74,12994.4
1510.921,186.5,1382.0,1680,82,76,12994.4
1511.039,347.5,1382.0,1680,100,72,12994.9
1511.156,183.2,1382.0,1680,79,73,12995.4
1511.274,183.2,1382.0,1680,100,75,12995.4
1511.392,183.2,1382.0,1680,100,73,12995.4
1511.509,1134.6,1382.0,1680,91,72,12997.0
1511.628,179.9,1382.0,1680,83,74,12997.0
1511.745,179.9,1382.0,1680,83,76,12997.0
1511.862,179.9,1382.0,1680,100,72,12997.2
1511.98,176.5,1382.0,1680,75,72,12998.0
1512.097,176.5,1382.0,1680,100,75,12998.0
1512.215,176.5,1382.0,1680,100,76,12998.0
1512.332,467.0,1382.0,1680,99,71,13001.4
1512.449,173.2,1382.0,1680,56,73,13003.5
1512.567,173.2,1382.0,1680,56,74,13003.5
1512.686,173.2,1382.0,1680,100,74,13003.5
1512.803,593.2,1382.0,1680,84,71,13006.7
1512.922,169.8,1382.0,1680,84,74,13006.8
1513.039,169.8,1382.0,1680,90,76,13006.8
1513.157,169.8,1382.0,1680,100,73,13007.1
1513.275,166.5,1382.0,1680,64,72,13010.2
1513.392,166.5,1382.0,1680,64,75,13010.2
1513.509,166.5,1382.0,1680,100,76,13010.2
1513.626,327.5,1382.0,1680,94,73,13011.4
1513.744,163.2,1382.0,1680,94,72,13014.2
1513.862,163.2,1382.0,1680,67,74,13014.2
1513.979,163.2,1382.0,1680,100,75,13014.2
1514.106,453.7,1382.0,1680,80,72,13015.8
1514.223,159.8,1382.0,1680,80,74,13016.0
1514.341,159.8,1382.0,1680,93,74,13016.0
1514.458,159.8,1382.0,1680,100,74,13016.0
1514.575,579.9,1382.0,1680,100,71,13050.1
1514.693,156.5,1382.0,1680,45,73,13061.3
1514.81,156.5,1382.0,1680,88,75,13061.3
1514.928,156.5,1382.0,1680,88,75,13061.3
1515.045,188.0,1382.0,1680,100,71,13099.7
1515.163,317.5,1382.0,1680,27,71,13172.1
1515.281,447.0,1382.0,1680,9,70,13242.8
1515.398,576.5,1382.0,1680,9,70,13323.1
1515.516,642.8,1382.0,1680,9,71,13266.5
1515.634,153.2,1382.0,1680,70,74,13266.5
1515.752,153.2,1382.0,1680,70,76,13266.5
1515.87,153.2,1382.0,1680,100,73,13275.7
1515.988,314.2,1382.0,1680,42,71,13196.2
1516.107,443.7,1382.0,1680,42,70,13138.6
1516.225,573.2,1382.0,1680,12,70,13019.0
1516.344,149.8,1382.0,1680,14,72,12995.7
1516.462,149.8,1382.0,1680,100,74,12995.7
1516.579,149.8,1382.0,1680,100,75,12995.7
1516.697,310.8,1382.0,1680,100,71,12973.3
1516.815,440.3,1382.0,1680,12,70,12922.2
1516.933,569.8,1382.0,1680,12,70,12894.6
1517.05,146.5,1382.0,1680,13,72,12897.3
1517.168,146.5,1382.0,1680,70,75,12897.3
1517.286,146.5,1382.0,1680,100,75,12897.3
1517.403,178.0,1382.0,1680,100,71,12893.3
1517.52,307.5,1382.0,1680,43,70,12867.4
1517.638,437.0,1382.0,1680,12,70,12889.0
1517.757,566.5,1382.0,1680,12,70,12917.9
1517.875,143.2,1382.0,1680,8,72,12926.8
1517.992,143.2,1382.0,1680,92,74,12926.8
1518.109,143.2,1382.0,1680,92,75,12926.8
1518.227,174.7,1382.0,1680,100,71,12904.2
1518.346,304.2,1382.0,1680,22,70,12936.1
1518.463,433.7,1382.0,1680,12,70,12930.5
1518.581,563.2,1382.0,1680,12,70,12935.7
1518.699,139.8,1382.0,1680,27,73,12935.8
1518.817,139.8,1382.0,1680,100,75,12936.1
1518.947,139.8,1382.0,1680,100,73,12947.3
1519.064,300.8,1382.0,1680,88,70,12900.8
1519.183,430.3,1382.0,1680,11,70,12865.0
1519.302,559.8,1382.0,1680,9,70,12884.2
1519.422,136.5,1382.0,1680,9,71,12908.8
1519.539,136.5,1382.0,1680,53,74,12908.8
1519.657,136.5,1382.0,1680,100,75,12908.8
1519.774,136.5,1382.0,1680,100,71,12922.0
1519.892,297.5,1382.0,1680,60,70,12961.4
1520.01,297.5,1382.0,1680,8,70,13000.7
1520.128,427.0,1382.0,1680,8,70,13039.3
1520.247,556.5,1382.0,1680,8,69,13075.5
1520.365,556.5,1382.0,1680,6,70,13113.0
1520.482,133.2,1382.0,1680,55,73,13116.1
1520.6,133.2,1382.0,1680,55,75,13116.1
1520.717,133.2,1382.0,1680,100,72,13120.4
1520.835,294.2,1382.0,1680,56,70,13070.9
1520.953,294.2,1382.0,1680,56,70,13117.3
1521.071,423.7,1382.0,1680,8,70,13172.5
1521.189,553.2,1382.0,1680,8,69,13226.2
1521.306,553.2,1382.0,1680,7,69,13271.7
1521.427,129.8,1382.0,1680,7,72,13286.6
1521.545,129.8,1382.0,1680,71,74,13286.6
1521.662,129.8,1382.0,1680,100,73,13286.6
1521.779,161.3,1382.0,1680,100,70,13307.8
1521.899,290.8,1382.0,1680,40,70,13320.0
1522.019,290.8,1382.0,1680,4,70,13314.2
1522.138,290.8,1382.0,1680,3,69,13304.9
1522.258,290.8,1382.0,1680,3,69,13292.9
1522.378,420.3,1382.0,1680,1,69,13304.9
1522.496,420.3,1382.0,1680,4,69,13293.9
1522.616,420.3,1382.0,1680,4,69,13285.3
1522.738,420.3,1382.0,1680,3,69,13275.3
1522.858,420.3,1382.0,1680,1,69,13264.0
1522.978,420.3,1382.0,1680,3,69,13263.9
1523.098,420.3,1382.0,1680,3,69,13251.8
1523.219,420.3,1382.0,1680,2,69,13246.9
1523.338,420.3,1382.0,1680,2,69,13236.6
1523.458,549.8,1382.0,1680,2,69,13230.3
1523.579,549.8,1382.0,1680,3,69,13221.2
1523.699,549.8,1382.0,1680,3,69,13213.6
1523.818,549.8,1382.0,1680,1,69,13202.0
1523.937,549.8,1382.0,1680,1,69,13198.2
1524.057,549.8,1382.0,1680,3,69,13187.7
1524.176,549.8,1382.0,1680,3,69,13182.5
1524.295,549.8,1382.0,1680,3,69,13169.8
1524.414,549.8,1382.0,1680,2,69,13157.8
1524.534,126.5,1382.0,1680,1,71,13145.5
1524.653,126.5,1382.0,1680,93,74,13145.5
1524.771,126.5,1382.0,1680,93,72,13145.5
1524.888,126.5,1382.0,1680,100,70,13148.0
1525.008,126.5,1382.0,1680,38,69,13136.6
1525.127,158.0,1382.0,1680,38,69,13133.2
1525.247,287.5,1382.0,1680,3,69,13130.3
1525.367,287.5,1382.0,1680,2,69,13119.9
1525.487,287.5,1382.0,1680,2,68,13113.2
1525.606,287.5,1382.0,1680,2,68,13105.1
1525.726,287.5,1382.0,1680,3,68,13094.0
1525.846,287.5,1382.0,1680,2,68,13082.4
1525.966,287.5,1382.0,1680,2,68,13080.8
1526.086,287.5,1382.0,1680,2,68,13077.7
1526.206,417.0,1382.0,1680,3,68,13077.9
1526.324,417.0,1382.0,1680,4,68,13073.2
1526.443,417.0,1382.0,1680,4,68,13063.9
1526.564,417.0,1382.0,1680,2,68,13061.3
1526.682,417.0,1382.0,1680,3,68,13050.4
1526.802,546.5,1382.0,1680,3,68,13050.5
1526.921,546.5,1382.0,1680,3,68,13051.3
1527.039,546.5,1382.0,1680,2,68,13045.1
1527.159,546.5,1382.0,1680,2,68,13035.2
1527.279,546.5,1382.0,1680,2,68,13024.9
1527.399,546.5,1382.0,1680,2,68,13014.4
1527.519,546.5,1382.0,1680,1,68,13007.1
1527.638,546.5,1382.0,1680,1,68,12998.3
1527.758,546.5,1382.0,1680,3,68,12984.8
1527.879,546.5,1382.0,1680,2,68,12973.2
1527.999,123.2,1382.0,1680,59,70,12964.0
1528.119,123.2,1382.0,1680,59,73,12954.5
1528.238,123.2,1382.0,1680,100,71,12945.4
1528.357,123.2,1382.0,1680,53,70,12941.9
1528.477,126.7,1382.0,1680,53,69,12930.0
1528.597,154.7,1382.0,1680,1,69,12925.8
1528.716,154.7,1382.0,1680,2,69,12914.5
1528.836,154.7,1382.0,1680,2,69,12902.0
1528.956,284.2,1382.0,1680,2,69,12894.8
1529.076,284.2,1382.0,1680,1,69,12881.4
1529.197,284.2,1382.0,1680,2,69,12869.0
1529.317,284.2,1382.0,1680,2,69,12860.0
1529.437,284.2,1382.0,1680,2,69,12849.9
1529.557,284.2,1382.0,1680,1,69,12837.4
1529.677,284.2,1382.0,1680,3,69,12830.8
1529.797,284.2,1382.0,1680,3,69,12821.2
1529.917,284.2,1382.0,1680,2,69,12810.7
1530.037,284.2,1382.0,1680,1,69,12807.3
1530.157,284.2,1382.0,1680,2,69,12794.6
1530.277,284.2,1382.0,1680,2,69,12781.8
1530.398,413.7,1382.0,1680,3,69,12778.3
1530.518,413.7,1382.0,1680,1,69,12767.3
1530.638,413.7,1382.0,1680,1,69,12761.0
1530.757,413.7,1382.0,1680,2,68,12766.5
1530.875,413.7,1382.0,1680,4,68,12781.7
1530.993,543.2,1382.0,1680,6,68,12733.5
1531.111,617.0,1382.0,1680,6,68,12718.1
1531.234,119.8,1382.0,1680,48,72,12718.1
1531.351,119.8,1382.0,1680,100,74,12718.1
1531.469,119.8,1382.0,1680,100,71,12727.0
1531.588,280.8,1382.0,1680,65,69,12539.4
1531.708,410.3,1382.0,1680,10,69,12612.2
1531.825,410.3,1382.0,1680,10,69,12676.3
1531.943,539.8,1382.0,1680,9,69,12723.9
1532.06,116.5,1382.0,1680,7,70,12753.8
1532.178,116.5,1382.0,1680,95,73,12714.6
1532.295,116.5,1382.0,1680,95,73,12714.6
1532.413,148.0,1382.0,1680,100,70,12730.3
1532.531,277.5,1382.0,1680,18,69,12659.2
1532.649,407.0,1382.0,1680,18,69,12684.5
1532.767,536.5,1382.0,1680,10,69,12714.6
1532.887,113.2,1382.0,1680,10,70,12742.4
1533.007,113.2,1382.0,1680,90,73,12742.0
1533.125,113.2,1382.0,1680,90,74,12730.4
1533.243,113.2,1382.0,1680,100,71,12746.3
1533.361,274.2,1382.0,1680,22,69,12811.2
1533.48,403.7,1382.0,1680,22,69,12840.4
1533.599,403.7,1382.0,1680,5,69,12817.1
1533.722,403.7,1382.0,1680,2,69,12794.9
1533.844,403.7,1382.0,1680,2,69,12773.8
1533.964,403.7,1382.0,1680,2,68,12760.3
1534.085,403.7,1382.0,1680,0,68,12746.1
1534.207,403.7,1382.0,1680,2,68,12731.1
1534.327,403.7,1382.0,1680,2,68,12714.0
1534.448,403.7,1382.0,1680,2,68,12699.5
1534.569,403.7,1382.0,1680,0,68,12686.1
1534.689,403.7,1382.0,1680,2,68,12672.7
1534.809,403.7,1382.0,1680,2,68,12659.3
1534.93,403.7,1382.0,1680,2,68,12646.2
1535.05,403.7,1382.0,1680,1,68,12634.2
1535.17,403.7,1382.0,1680,1,68,12620.6
1535.291,403.7,1382.0,1680,2,68,12608.1
1535.411,403.7,1382.0,1680,2,68,12602.5
1535.532,403.7,1382.0,1680,1,68,12602.3
1535.652,403.7,1382.0,1680,1,68,12592.0
1535.773,533.2,1382.0,1680,3,68,12579.4
1535.893,533.2,1382.0,1680,3,68,12579.8
1536.012,533.2,1382.0,1680,1,68,12567.8
1536.133,533.2,1382.0,1680,1,68,12557.0
1536.253,533.2,1382.0,1680,4,68,12553.9
1536.373,533.2,1382.0,1680,1,68,12542.0
1536.493,533.2,1382.0,1680,1,68,12535.6
1536.612,109.8,1382.0,1680,7,72,12538.1
1536.73,109.8,1382.0,1680,100,74,12528.4
1536.85,109.8,1382.0,1680,100,71,12519.1
1536.969,270.8,1382.0,1680,100,69,12528.8
1537.089,270.8,1382.0,1680,7,69,12515.6
1537.209,270.8,1382.0,1680,2,68,12502.9
1537.33,270.8,1382.0,1680,2,68,12496.3
1537.451,270.8,1382.0,1680,2,68,12483.6
1537.571,270.8,1382.0,1680,1,68,12471.8
1537.691,270.8,1382.0,1680,2,68,12458.8
1537.811,270.8,1382.0,1680,2,68,12450.1
1537.931,270.8,1382.0,1680,2,68,12436.7
1538.052,270.8,1382.0,1680,1,68,12425.3
1538.172,270.8,1382.0,1680,1,68,12415.1
1538.292,270.8,1382.0,1680,2,68,12400.8
1538.413,270.8,1382.0,1680,2,68,12391.2
1538.533,270.8,1382.0,1680,1,68,12378.2
1538.653,270.8,1382.0,1680,1,68,12364.4
1538.773,270.8,1382.0,1680,2,68,12356.7
1538.894,400.3,1382.0,1680,2,68,12346.9
1539.013,400.3,1382.0,1680,2,68,12335.0
1539.134,400.3,1382.0,1680,1,68,12336.7
1539.254,400.3,1382.0,1680,4,68,12326.2
1539.374,400.3,1382.0,1680,4,68,12328.5
1539.493,400.3,1382.0,1680,4,68,12317.7
1539.612,529.8,1382.0,1680,1,68,12307.0
1539.732,529.8,1382.0,1680,3,68,12299.7
1539.853,529.8,1382.0,1680,3,68,12292.5
1539.973,529.8,1382.0,1680,3,68,12300.8
1540.09,106.5,1382.0,1680,12,71,12277.9
1540.208,106.5,1382.0,1680,100,72,12249.6
1540.326,106.5,1382.0,1680,100,72,12240.2
1540.444,138.0,1382.0,1680,96,69,12250.4
1540.563,267.5,1382.0,1680,7,69,12244.7
1540.682,397.0,1382.0,1680,7,68,12134.5
1540.802,397.0,1382.0,1680,8,68,12129.2
1540.922,397.0,1382.0,1680,3,68,12121.7
1541.04,526.5,1382.0,1680,3,68,11972.5
1541.161,526.5,1382.0,1680,3,68,11780.8
1541.282,80.5,1382.0,1680,18,72,11736.8
1541.401,80.5,1382.0,1680,100,74,11736.8
1541.518,80.5,1382.0,1680,100,71,11736.8
1541.636,67.4,1382.0,1680,94,69,11747.2
1541.757,96.0,1382.0,1680,43,72,11747.3
1541.875,96.0,1382.0,1680,99,72,11747.4
1541.994,100.1,1382.0,1680,99,73,11747.7
1542.112,100.1,1382.0,1680,99,74,11747.9
1542.231,104.2,1382.0,1680,91,72,11686.5
1542.349,107.7,1382.0,1680,91,74,11686.7
1542.467,108.3,1382.0,1680,88,71,11712.5
1542.585,108.3,1382.0,1680,89,73,11712.5
1542.704,112.4,1382.0,1680,77,71,11714.4
1542.822,112.4,1382.0,1680,77,73,11714.4
1542.941,402.9,1382.0,1680,92,70,11718.6
1543.06,116.5,1382.0,1680,68,73,11718.9
1543.178,277.5,1382.0,1680,68,71,11719.8
1543.296,120.6,1382.0,1680,73,71,11720.9
1543.413,120.6,1382.0,1680,83,73,11720.9
1543.531,281.6,1382.0,1680,83,70,11685.7
1543.648,411.1,1382.0,1680,39,69,11708.2
1543.766,411.1,1382.0,1680,11,69,11755.9
1543.884,540.6,1382.0,1680,10,69,11801.8
1544.004,124.7,1382.0,1680,10,73,11804.5
1544.122,156.2,1382.0,1680,88,70,11814.1
1544.24,415.2,1382.0,1680,32,69,11842.5
1544.359,128.8,1382.0,1680,32,70,11854.4
1544.476,128.8,1382.0,1680,48,73,11854.4
1544.594,289.8,1382.0,1680,70,70,11861.7
1544.714,419.3,1382.0,1680,12,69,11865.3
1544.832,548.8,1382.0,1680,12,69,11881.3
1544.949,132.9,1382.0,1680,48,73,11881.3
1545.067,293.9,1382.0,1680,75,70,11874.3
1545.185,423.4,1382.0,1680,75,69,11900.2
1545.303,552.9,1382.0,1680,15,69,11904.7
1545.421,137.0,1382.0,1680,44,72,11909.3
1545.539,140.5,1382.0,1680,44,71,11910.6
1545.656,427.5,1382.0,1680,77,69,11917.6
1545.774,557.0,1382.0,1680,17,69,11905.1
1545.892,141.1,1382.0,1680,72,73,11905.5
1546.009,302.1,1382.0,1680,72,70,11912.4
1546.127,431.6,1382.0,1680,47,69,11926.5
1546.245,145.2,1382.0,1680,25,70,11929.5
1546.363,145.2,1382.0,1680,25,72,11929.5
1546.481,306.2,1382.0,1680,100,70,11940.9
1546.599,435.7,1382.0,1680,16,69,11954.1
1546.717,149.3,1382.0,1680,16,70,11959.5
1546.834,149.3,1382.0,1680,42,73,11959.5
1546.951,310.3,1382.0,1680,80,70,11976.7
1547.07,439.8,1382.0,1680,13,69,11992.9
1547.187,569.3,1382.0,1680,13,69,12019.1
1547.305,153.4,1382.0,1680,37,72,12019.1
1547.422,156.9,1382.0,1680,83,70,11993.6
1547.541,314.4,1382.0,1680,83,69,11997.3
1547.659,573.4,1382.0,1680,14,69,12005.8
1547.777,157.5,1382.0,1680,26,72,11993.1
1547.895,157.5,1382.0,1680,93,71,11994.2
1548.013,448.0,1382.0,1680,93,69,11997.1
1548.131,577.5,1382.0,1680,21,69,12027.3
1548.249,161.6,1382.0,1680,43,71,12024.1
1548.367,161.6,1382.0,1680,43,73,12025.5
1548.485,452.1,1382.0,1680,73,69,12031.5
1548.603,581.6,1382.0,1680,18,69,12027.1
1548.722,165.7,1382.0,1680,18,72,12027.1
1548.84,326.7,1382.0,1680,83,70,12035.6
1548.957,169.8,1382.0,1680,46,70,12043.7
1549.075,169.8,1382.0,1680,89,73,12043.7
1549.192,460.3,1382.0,1680,89,70,12051.1
1549.312,173.9,1382.0,1680,41,71,12055.7
1549.429,173.9,1382.0,1680,94,73,12055.7
1549.547,464.4,1382.0,1680,94,69,12067.9
1549.665,178.0,1382.0,1680,36,72,12068.3
1549.783,178.0,1382.0,1680,85,72,12068.3
1549.9,468.5,1382.0,1680,85,70,12062.1
1550.018,182.1,1382.0,1680,41,69,12073.2
1550.136,182.1,1382.0,1680,61,73,12073.2
1550.253,213.7,1382.0,1680,57,70,12099.5
1550.371,343.2,1382.0,1680,57,69,12111.5
1550.489,472.7,1382.0,1680,8,68,12123.4
1550.607,602.2,1382.0,1680,9,68,12150.2
1550.725,602.2,1382.0,1680,9,68,12164.2
1550.842,186.2,1382.0,1680,20,72,12164.3
1550.959,189.8,1382.0,1680,96,70,12175.2
1551.077,347.3,1382.0,1680,96,69,12176.0
1551.195,476.8,1382.0,1680,10,69,12197.9
1551.313,606.3,1382.0,1680,8,68,12211.6
1551.432,190.3,1382.0,1680,24,70,12230.8
1551.549,190.3,1382.0,1680,24,73,12230.8
1551.666,351.4,1382.0,1680,95,70,12236.1
1551.784,480.9,1382.0,1680,10,69,12263.5
1551.904,610.4,1382.0,1680,10,68,12277.9
1552.022,194.5,1382.0,1680,12,69,12276.9
1552.139,194.5,1382.0,1680,67,72,12276.9
1552.257,355.5,1382.0,1680,48,69,12261.6
1552.375,485.0,1382.0,1680,48,69,12269.3
1552.494,485.0,1382.0,1680,10,68,12268.5
1552.611,614.5,1382.0,1680,6,68,12271.5
1552.735,636.0,1382.0,1680,6,68,12269.6
1552.853,198.6,1382.0,1680,27,72,12269.6
1552.97,359.6,1382.0,1680,88,70,12273.5
1553.089,359.6,1382.0,1680,7,69,12271.3
1553.208,489.1,1382.0,1680,7,68,12305.0
1553.327,618.6,1382.0,1680,11,68,12325.4
1553.447,618.6,1382.0,1680,3,68,12314.5
1553.566,618.6,1382.0,1680,3,68,12300.7
1553.686,618.6,1382.0,1680,2,68,12220.4
1553.806,202.7,1382.0,1680,8,70,12175.9
1553.923,202.7,1382.0,1680,100,73,12176.3
1554.041,363.7,1382.0,1680,100,69,12023.7
1554.159,493.2,1382.0,1680,12,69,11991.6
1554.277,622.7,1382.0,1680,9,68,12000.6
1554.401,622.7,1382.0,1680,9,68,12063.9
1554.522,176.1,1382.0,1680,7,71,12071.1
1554.639,180.0,1382.0,1680,93,71,12086.6
1554.757,180.0,1382.0,1680,15,69,12237.3
1554.882,180.0,1382.0,1680,15,69,12337.5
1555.006,180.0,1382.0,1680,2,68,12382.1
1555.132,180.0,1382.0,1680,2,68,12436.1
1555.257,180.0,1382.0,1680,0,68,12510.7
1555.382,180.0,1382.0,1680,0,68,12585.7
1555.507,180.0,1382.0,1680,2,68,12647.3
1555.631,180.0,1382.0,1680,2,68,12779.4
1555.759,180.0,1382.0,1680,0,68,12817.8
1555.885,180.0,1382.0,1680,0,68,12623.7
1556.01,180.0,1382.0,1680,2,68,12706.8
1556.136,180.0,1382.0,1680,2,68,12782.5
1556.262,180.0,1382.0,1680,0,68,12857.7
1556.388,180.0,1382.0,1680,0,68,12922.6
1556.513,180.0,1382.0,1680,2,68,13052.0
1556.639,180.0,1382.0,1680,2,68,13022.3
1556.766,180.0,1382.0,1680,0,68,13045.0
1556.892,180.0,1382.0,1680,0,68,13063.7
1557.019,180.0,1382.0,1680,2,68,13124.1
1557.145,180.0,1382.0,1680,2,68,13187.0
1557.271,180.0,1382.0,1680,0,68,13272.6
1557.396,180.0,1382.0,1680,0,68,13279.0
1557.524,180.0,1382.0,1680,2,68,13248.9
1557.651,180.0,1382.0,1680,2,68,13332.9
1557.777,180.0,1382.0,1680,0,68,13412.2
1557.902,180.0,1382.0,1680,0,68,13451.3
1558.023,180.0,1382.0,1680,2,67,13542.6
1558.148,180.0,1382.0,1680,2,68,13515.4
1558.274,180.0,1382.0,1680,0,68,13517.1
1558.404,180.0,1382.0,1680,0,68,13507.2
1558.531,180.0,1382.0,1680,2,67,13496.9
1558.659,180.0,1382.0,1680,2,68,13486.7
1558.787,180.0,1382.0,1680,0,68,13476.5
1558.915,180.0,1382.0,1680,0,67,13466.1
1559.043,180.0,1382.0,1680,2,68,13455.6
1559.171,180.0,1382.0,1680,2,68,13445.1
1559.299,180.0,1382.0,1680,0,68,13434.5
1559.426,180.0,1382.0,1680,0,67,13424.5
1559.559,180.0,1382.0,1680,2,67,13414.7
1559.692,180.0,1382.0,1680,2,67,13405.6
1559.82,180.0,1382.0,1680,0,67,13396.7
1559.947,180.0,1382.0,1680,2,68,13387.0
1560.079,180.0,1382.0,1680,2,68,13213.5
1560.202,208.4,1382.0,1680,8,68,13207.4
1560.321,208.4,1382.0,1680,91,70,13197.5
1560.44,208.4,1382.0,1680,91,72,13187.5
1560.559,239.9,1382.0,1680,100,70,13180.1
1560.679,204.5,1382.0,1680,73,71,13211.1
1560.797,204.5,1382.0,1680,98,73,13211.1
1560.915,204.5,1382.0,1680,98,74,13211.1
1561.033,495.0,1382.0,1680,100,70,13213.0
1561.151,200.6,1382.0,1680,67,72,13214.1
1561.269,200.6,1382.0,1680,67,73,13214.1
1561.387,200.6,1382.0,1680,100,72,13214.1
1561.505,620.6,1382.0,1680,82,70,13220.1
1561.623,196.7,1382.0,1680,81,73,13220.3
1561.741,196.7,1382.0,1680,81,75,13220.3
1561.859,196.7,1382.0,1680,100,72,13220.3
1561.977,616.7,1382.0,1680,65,71,13225.1
1562.095,192.8,1382.0,1680,65,73,13225.2
1562.213,192.8,1382.0,1680,94,73,13225.2
1562.332,192.8,1382.0,1680,100,70,13225.2
1562.45,612.8,1382.0,1680,100,69,13229.8
1562.568,189.0,1382.0,1680,63,72,13230.1
1562.686,189.0,1382.0,1680,99,74,13230.1
1562.803,189.0,1382.0,1680,100,72,13230.1
1562.921,479.5,1382.0,1680,100,70,13237.4
1563.039,185.1,1382.0,1680,36,72,13239.1
1563.156,185.1,1382.0,1680,100,73,13239.1
1563.273,185.1,1382.0,1680,100,73,13239.1
1563.391,475.6,1382.0,1680,100,70,13243.7
1563.509,181.2,1382.0,1680,46,73,13246.3
1563.627,181.2,1382.0,1680,100,74,13246.3
1563.745,181.2,1382.0,1680,100,73,13246.3
1563.863,471.7,1382.0,1680,90,70,13250.5
1563.981,177.3,1382.0,1680,49,72,13253.2
1564.099,177.3,1382.0,1680,49,73,13253.2
1564.217,177.3,1382.0,1680,100,75,13253.2
1564.335,467.8,1382.0,1680,85,71,13256.7
1564.454,173.4,1382.0,1680,85,71,13260.3
1564.572,173.4,1382.0,1680,57,74,13260.3
1564.69,173.4,1382.0,1680,100,74,13260.6
1564.822,463.9,1382.0,1680,82,70,13263.8
1564.941,169.5,1382.0,1680,82,73,13265.3
1565.058,169.5,1382.0,1680,79,75,13265.3
1565.176,169.5,1382.0,1680,100,74,13265.3
1565.294,330.6,1382.0,1680,51,71,13286.3
1565.412,330.6,1382.0,1680,51,70,13320.9
1565.53,589.6,1382.0,1680,10,69,13349.2
1565.647,220.7,1382.0,1680,15,69,13375.0
1565.764,165.7,1382.0,1680,15,73,13375.0
1565.882,165.7,1382.0,1680,100,75,13375.0
1565.999,165.7,1382.0,1680,100,72,13392.8
1566.117,326.7,1382.0,1680,100,70,13437.3
1566.236,456.2,1382.0,1680,15,69,13473.1
1566.354,161.8,1382.0,1680,13,70,13512.7
1566.472,161.8,1382.0,1680,90,73,13502.5
1566.59,161.8,1382.0,1680,90,75,13492.3
1566.709,193.3,1382.0,1680,100,71,13487.7
1566.828,322.8,1382.0,1680,29,70,13533.6
1566.947,581.8,1382.0,1680,29,69,13564.3
1567.066,157.9,1382.0,1680,14,72,13581.5
1567.185,157.9,1382.0,1680,77,74,13571.4
1567.304,157.9,1382.0,1680,100,74,13561.4
1567.424,318.9,1382.0,1680,100,71,13561.8
1567.543,577.9,1382.0,1680,44,70,13567.7
1567.662,154.0,1382.0,1680,41,72,13565.0
1567.78,154.0,1382.0,1680,41,74,13555.0
1567.899,154.0,1382.0,1680,100,72,13546.7
1568.019,154.0,1382.0,1680,100,71,13540.4
1568.139,444.5,1382.0,1680,28,69,13546.9
1568.258,150.1,1382.0,1680,28,70,13539.4
1568.377,150.1,1382.0,1680,76,72,13528.3
1568.496,150.1,1382.0,1680,100,74,13516.1
1568.617,311.1,1382.0,1680,100,71,13507.7
1568.737,570.1,1382.0,1680,55,70,13505.6
1568.856,146.2,1382.0,1680,53,73,13493.4
1568.975,146.2,1382.0,1680,100,75,13481.6
1569.095,146.2,1382.0,1680,100,72,13469.4
1569.214,436.8,1382.0,1680,75,70,13468.7
1569.334,142.4,1382.0,1680,35,71,13466.1
1569.453,142.4,1382.0,1680,35,74,13456.2
1569.572,142.4,1382.0,1680,100,75,13446.2
1569.691,173.9,1382.0,1680,91,71,13453.5
1569.81,562.4,1382.0,1680,23,70,13455.0
1569.931,138.5,1382.0,1680,23,73,13445.8
1570.05,138.5,1382.0,1680,97,75,13435.8
1570.169,138.5,1382.0,1680,100,73,13426.1
1570.289,429.0,1382.0,1680,100,70,13431.9
1570.408,134.6,1382.0,1680,28,71,13438.5
1570.527,134.6,1382.0,1680,67,74,13428.5
1570.646,134.6,1382.0,1680,67,75,13418.6
1570.765,134.6,1382.0,1680,100,72,13420.8
1570.884,295.6,1382.0,1680,51,70,13465.5
1571.003,425.1,1382.0,1680,10,70,13504.6
1571.169,554.6,1382.0,1680,1,69,13479.1
1571.487,554.6,1382.0,1680,6,73,13432.8
1571.912,130.7,1382.0,1680,100,76,13420.5
1572.037,291.7,1382.0,1680,99,71,13414.9
1572.159,1088.5,1382.0,1680,34,73,13403.9
1572.365,126.8,1382.0,1680,100,75,13392.5
1572.489,126.8,1382.0,1680,95,73,13382.3
1572.608,417.3,1382.0,1680,19,70,13375.8
1572.801,122.9,1382.0,1680,19,73,13366.2
1572.924,122.9,1382.0,1680,79,75,13355.7
1573.047,122.9,1382.0,1680,100,73,13345.6
1573.168,413.5,1382.0,1680,49,70,13346.2
1573.361,119.1,1382.0,1680,25,74,13332.3
1573.583,119.1,1382.0,1680,100,76,13321.4
1573.709,280.1,1382.0,1680,89,71,13315.5
1573.875,409.6,1382.0,1680,2,70,13280.4
1574.218,539.1,1382.0,1680,3,70,13242.8
1574.56,115.2,1382.0,1680,100,76,13207.7
1574.866,146.7,1382.0,1680,92,71,13189.2
1575.069,276.2,1382.0,1680,2,70,13151.1
1575.415,276.2,1382.0,1680,1,70,13118.0
1575.737,405.7,1382.0,1680,2,70,13084.7
1576.074,405.7,1382.0,1680,4,70,13077.4
1576.307,535.2,1382.0,1680,4,70,12813.2
1576.427,111.3,1382.0,1680,13,73,12727.9
1576.545,111.3,1382.0,1680,100,75,12690.2
1576.663,111.3,1382.0,1680,100,73,12690.2
1576.781,272.3,1382.0,1680,98,71,12761.6
1576.898,272.3,1382.0,1680,9,70,12842.2
1577.016,401.8,1382.0,1680,9,70,12943.4
1577.136,531.3,1382.0,1680,9,70,13034.7
1577.256,107.4,1382.0,1680,10,73,13064.4
1577.381,107.4,1382.0,1680,99,74,13051.7
1577.502,107.4,1382.0,1680,99,74,13042.0
1577.622,138.9,1382.0,1680,9,70,13043.4
1577.939,268.4,1382.0,1680,2,70,13025.1
1578.321,268.4,1382.0,1680,1,70,12972.3
1578.784,397.9,1382.0,1680,2,70,12907.9
1579.123,397.9,1382.0,1680,2,70,12920.8
1579.252,527.4,1382.0,1680,1,70,12899.7
1579.655,527.4,1382.0,1680,29,74,12871.1
1579.955,81.0,1382.0,1680,100,75,12861.4
1580.075,65.4,1382.0,1680,80,71,12858.4
1580.196,240.9,1382.0,1680,21,70,12865.2
1580.318,84.5,1382.0,1680,21,75,12855.3
1580.437,375.1,1382.0,1680,99,72,12845.2
1580.559,89.2,1382.0,1680,94,75,12835.2
1580.678,250.2,1382.0,1680,94,72,12830.9
1580.799,457.9,1382.0,1680,70,71,12831.6
1580.921,93.8,1382.0,1680,64,74,12823.0
1581.044,384.4,1382.0,1680,85,71,12814.6
1581.172,98.5,1382.0,1680,85,73,12805.1
1581.296,259.5,1382.0,1680,90,72,12797.2
1581.418,103.1,1382.0,1680,64,73,12790.7
1581.538,103.1,1382.0,1680,99,75,12780.3
1581.663,107.8,1382.0,1680,99,72,12774.0
1581.783,107.8,1382.0,1680,75,76,12764.1
1581.903,112.4,1382.0,1680,87,73,12754.0
1582.024,112.4,1382.0,1680,87,76,12744.1
1582.143,532.5,1382.0,1680,98,71,12500.2
1582.263,117.1,1382.0,1680,59,76,12437.4
1582.392,407.6,1382.0,1680,84,72,12440.1
1582.51,121.7,1382.0,1680,84,75,12440.7
1582.628,153.3,1382.0,1680,87,73,12441.5
1582.747,126.4,1382.0,1680,67,73,12443.0
1582.865,126.4,1382.0,1680,67,76,12443.0
1582.984,131.0,1382.0,1680,97,72,12443.2
1583.103,131.0,1382.0,1680,84,76,12443.2
1583.221,135.7,1382.0,1680,84,73,12444.0
1583.339,135.7,1382.0,1680,84,76,12444.0
1583.458,140.3,1382.0,1680,92,72,12444.4
1583.576,140.3,1382.0,1680,86,76,12444.4
1583.694,430.9,1382.0,1680,86,72,12445.6
1583.814,145.0,1382.0,1680,73,76,12445.8
1583.933,176.5,1382.0,1680,99,72,12451.1
1584.052,306.0,1382.0,1680,9,71,12490.0
1584.17,565.0,1382.0,1680,9,70,12513.5
1584.288,149.6,1382.0,1680,27,74,12518.7
1584.405,149.6,1382.0,1680,99,74,12525.9
1584.523,440.1,1382.0,1680,99,71,12558.2
1584.641,569.6,1382.0,1680,13,70,12591.6
1584.759,154.3,1382.0,1680,12,71,12617.2
1584.877,154.3,1382.0,1680,12,76,12611.0
1584.999,315.3,1382.0,1680,94,71,12524.3
1585.118,444.8,1382.0,1680,22,70,12551.5
1585.238,574.3,1382.0,1680,12,70,12580.4
1585.357,158.9,1382.0,1680,12,72,12582.7
1585.476,158.9,1382.0,1680,70,74,12572.8
1585.595,583.4,1382.0,1680,58,71,12566.9
1585.714,163.6,1382.0,1680,58,77,12556.8
1585.834,454.1,1382.0,1680,93,72,12550.8
1585.953,168.2,1382.0,1680,41,72,12545.2
1586.073,168.2,1382.0,1680,96,75,12535.2
1586.192,458.7,1382.0,1680,96,71,12533.0
1586.311,172.9,1382.0,1680,37,74,12524.5
1586.431,179.9,1382.0,1680,100,74,12516.6
1586.55,592.9,1382.0,1680,100,71,12512.2
1586.669,177.5,1382.0,1680,45,77,12502.1
1586.788,338.5,1382.0,1680,92,72,12497.1
1586.908,182.2,1382.0,1680,42,72,12492.5
1587.027,182.2,1382.0,1680,42,76,12482.4
1587.146,602.2,1382.0,1680,89,71,12476.4
1587.266,186.8,1382.0,1680,65,75,12467.1
1587.385,347.8,1382.0,1680,65,73,12459.1
1587.504,191.5,1382.0,1680,78,73,12451.0
1587.624,191.5,1382.0,1680,84,75,12441.0
1587.743,196.1,1382.0,1680,63,72,12434.2
1587.863,196.1,1382.0,1680,63,77,12424.2
1587.982,486.6,1382.0,1680,97,72,12417.3
1588.102,200.8,1382.0,1680,66,75,12417.2
1588.221,361.8,1382.0,1680,66,73,12419.0
1588.341,205.4,1382.0,1680,76,73,12431.7
1588.459,205.4,1382.0,1680,67,77,12332.1
1588.578,366.4,1382.0,1680,54,72,12247.6
1588.698,366.4,1382.0,1680,54,71,12277.6
1588.818,495.9,1382.0,1680,8,71,12266.8
1588.94,495.9,1382.0,1680,4,71,12276.6
1589.06,495.9,1382.0,1680,4,71,12118.5
1589.185,625.4,1382.0,1680,5,70,11923.9
1589.303,179.4,1382.0,1680,24,75,11948.2
1589.422,183.9,1382.0,1680,88,74,11960.3
1589.54,183.9,1382.0,1680,88,71,12101.3
1589.665,183.9,1382.0,1680,2,70,12204.8
1589.791,183.9,1382.0,1680,0,70,12273.2
1589.918,183.9,1382.0,1680,2,70,12355.4
1590.044,183.9,1382.0,1680,2,70,12425.1
1590.172,183.9,1382.0,1680,2,70,12494.1
1590.299,183.9,1382.0,1680,0,70,12558.9
1590.428,183.9,1382.0,1680,2,70,12646.5
1590.553,183.9,1382.0,1680,2,70,12768.5
1590.68,183.9,1382.0,1680,2,70,12844.6
1590.808,183.9,1382.0,1680,0,70,12921.5
1590.935,183.9,1382.0,1680,2,70,12962.3
1591.065,183.9,1382.0,1680,2,70,12987.5
1591.193,183.9,1382.0,1680,2,70,13043.5
1591.32,183.9,1382.0,1680,0,70,13082.2
1591.446,183.9,1382.0,1680,2,70,13175.4
1591.575,183.9,1382.0,1680,2,70,13248.2
1591.702,183.9,1382.0,1680,2,70,13313.2
1591.829,183.9,1382.0,1680,0,70,13381.9
1591.956,183.9,1382.0,1680,2,70,13436.9
1592.084,183.9,1382.0,1680,2,70,13490.5
1592.213,183.9,1382.0,1680,2,70,13534.2
1592.343,183.9,1382.0,1680,0,70,13593.3
1592.471,183.9,1382.0,1680,2,70,13632.8
1592.759,183.9,1382.0,1680,2,70,13634.9
1593.061,183.9,1382.0,1680,2,70,13641.9
1593.36,183.9,1382.0,1680,2,70,13644.6
1593.67,183.9,1382.0,1680,0,70,13646.4
1593.971,183.9,1382.0,1680,2,70,13644.8
1594.177,183.9,1382.0,1680,0,70,13647.7
1594.419,183.9,1382.0,1680,2,70,13642.0
1594.629,183.9,1382.0,1680,2,70,13638.4
1594.824,183.9,1382.0,1680,0,70,13638.4
1594.986,183.9,1382.0,1680,2,70,13639.6
1595.151,183.9,1382.0,1680,0,70,13573.0
1595.475,183.9,1382.0,1680,2,70,13395.1
1595.601,183.9,1382.0,1680,2,70,12707.7
1595.725,183.9,1382.0,1680,2,70,12771.9
1595.85,183.9,1382.0,1680,0,70,12836.2
1595.976,183.9,1382.0,1680,2,70,12900.8
1596.101,183.9,1382.0,1680,2,70,12961.4
1596.227,183.9,1382.0,1680,2,70,13021.6
1596.353,183.9,1382.0,1680,0,70,13071.8
1596.478,183.9,1382.0,1680,3,70,13117.6
1596.604,183.9,1382.0,1680,2,70,13163.4
1596.729,183.9,1382.0,1680,2,70,13211.0
1596.855,183.9,1382.0,1680,0,70,13241.8
1596.982,183.9,1382.0,1680,2,70,13241.8
1597.11,183.9,1382.0,1680,2,70,13241.8
1597.237,183.9,1382.0,1680,2,70,13241.8
1597.365,183.9,1382.0,1680,0,70,13241.8
1597.491,183.9,1382.0,1680,2,70,13054.1
1597.613,287.0,1422.0,1720,2,71,13060.5
1597.731,213.2,1422.0,1720,56,76,13060.5
1597.849,213.2,1422.0,1720,100,76,13060.5
1597.967,213.2,1422.0,1720,96,73,13061.3
1598.085,633.2,1422.0,1720,96,71,13079.8
1598.203,209.2,1422.0,1720,28,75,13087.5
1598.32,209.2,1422.0,1720,100,74,13087.5
1598.439,209.2,1422.0,1720,100,74,13087.5
1598.556,499.7,1422.0,1720,100,71,13089.4
1598.674,205.2,1422.0,1720,60,75,13090.6
1598.791,205.2,1422.0,1720,100,74,13090.6
1598.909,205.2,1422.0,1720,100,75,13090.6
1599.026,366.3,1422.0,1720,100,71,13092.7
1599.144,201.3,1422.0,1720,57,74,13095.5
1599.261,201.3,1422.0,1720,57,76,13095.5
1599.379,201.3,1422.0,1720,100,76,13095.5
1599.497,362.3,1422.0,1720,96,72,13097.1
1599.616,197.3,1422.0,1720,96,72,13100.6
1599.734,197.3,1422.0,1720,51,77,13100.6
1599.852,197.3,1422.0,1720,100,76,13100.6
1599.971,197.3,1422.0,1720,97,73,13101.5
1600.089,617.3,1422.0,1720,97,71,13105.9
1600.207,193.3,1422.0,1720,56,76,13105.9
1600.338,193.3,1422.0,1720,100,73,13105.9
1600.455,193.3,1422.0,1720,100,73,13105.9
1600.573,354.3,1422.0,1720,100,71,13109.7
1600.692,613.3,1422.0,1720,35,71,13116.7
1600.81,189.3,1422.0,1720,76,75,13091.6
1600.947,189.3,1422.0,1720,76,76,13091.6
1601.065,189.3,1422.0,1720,100,73,13092.3
1601.184,479.8,1422.0,1720,61,71,13097.9
1601.303,185.3,1422.0,1720,68,76,13099.8
1601.421,185.3,1422.0,1720,68,75,13074.7
1601.539,185.3,1422.0,1720,100,76,13074.7
1601.657,346.3,1422.0,1720,85,73,13077.3
1601.775,605.3,1422.0,1720,85,71,13084.2
1601.9,181.3,1422.0,1720,28,76,13084.7
1602.017,181.3,1422.0,1720,100,75,13084.7
1602.134,181.3,1422.0,1720,100,75,13084.7
1602.253,342.3,1422.0,1720,100,72,13088.4
1602.371,177.3,1422.0,1720,40,72,13093.7
1602.489,177.3,1422.0,1720,84,77,13093.7
1602.607,177.3,1422.0,1720,84,75,13093.7
1602.724,177.3,1422.0,1720,100,73,13093.9
1602.842,597.3,1422.0,1720,57,71,13098.7
1602.961,173.3,1422.0,1720,57,76,13098.9
1603.078,173.3,1422.0,1720,84,75,13098.9
1603.198,173.3,1422.0,1720,100,74,13098.9
1603.315,334.3,1422.0,1720,55,71,13117.6
1603.435,463.8,1422.0,1720,55,71,13151.1
1603.553,593.3,1422.0,1720,9,71,13179.5
1603.671,669.4,1422.0,1720,11,72,13205.9
1603.788,169.3,1422.0,1720,11,76,13205.9
1603.906,169.3,1422.0,1720,96,75,13205.9
1604.024,169.3,1422.0,1720,100,73,13205.9
1604.142,330.3,1422.0,1720,100,71,13236.1
1604.259,330.3,1422.0,1720,35,71,13269.5
1604.377,459.8,1422.0,1720,9,70,13305.9
1604.494,589.3,1422.0,1720,7,70,13344.6
1604.612,589.3,1422.0,1720,7,70,13380.5
1604.731,165.3,1422.0,1720,10,74,13391.1
1604.849,165.3,1422.0,1720,100,74,13391.1
1604.967,165.3,1422.0,1720,100,74,13391.1
1605.085,196.8,1422.0,1720,100,71,13401.6
1605.203,326.3,1422.0,1720,30,70,13443.6
1605.321,455.8,1422.0,1720,10,70,13469.5
1605.438,585.3,1422.0,1720,10,70,13499.0
1605.555,161.3,1422.0,1720,9,71,13520.8
1605.673,161.3,1422.0,1720,80,75,13520.8
1605.791,161.3,1422.0,1720,80,75,13520.8
1605.909,161.3,1422.0,1720,100,72,13523.5
1606.028,322.4,1422.0,1720,52,71,13559.1
1606.145,581.4,1422.0,1720,52,70,13290.5
1606.263,157.4,1422.0,1720,17,74,13298.5
1606.38,157.4,1422.0,1720,90,74,13298.5
1606.499,157.4,1422.0,1720,100,74,13298.5
1606.618,188.9,1422.0,1720,100,71,13321.2
1606.736,447.9,1422.0,1720,43,71,13370.3
1606.854,577.4,1422.0,1720,16,70,13399.5
1606.971,153.4,1422.0,1720,16,75,13402.9
1607.089,153.4,1422.0,1720,78,75,13402.9
1607.208,153.4,1422.0,1720,100,73,13402.9
1607.326,314.4,1422.0,1720,100,71,13425.2
1607.444,314.4,1422.0,1720,53,70,13464.0
1607.561,443.9,1422.0,1720,10,70,13506.5
1607.68,149.4,1422.0,1720,24,72,13526.9
1607.797,149.4,1422.0,1720,24,75,13526.9
1607.917,149.4,1422.0,1720,100,75,13526.9
1608.035,149.4,1422.0,1720,100,72,13529.2
1608.152,310.4,1422.0,1720,100,71,13565.8
1608.27,569.4,1422.0,1720,23,70,13288.3
1608.39,145.4,1422.0,1720,21,72,13232.8
1608.508,145.4,1422.0,1720,100,74,13232.8
1608.628,145.4,1422.0,1720,100,74,13232.8
1608.746,145.4,1422.0,1720,100,72,13240.6
1608.863,306.4,1422.0,1720,25,70,13270.6
1608.981,565.4,1422.0,1720,25,70,13290.8
1609.1,141.4,1422.0,1720,15,74,13296.4
1609.217,141.4,1422.0,1720,94,74,13296.4
1609.334,141.4,1422.0,1720,94,74,13296.4
1609.451,172.9,1422.0,1720,100,71,13307.3
1609.569,302.4,1422.0,1720,36,70,13326.3
1609.687,561.4,1422.0,1720,13,70,13359.2
1609.806,137.4,1422.0,1720,13,71,13391.7
1609.924,137.4,1422.0,1720,46,76,13391.7
1610.043,137.4,1422.0,1720,100,75,13391.7
1610.161,137.4,1422.0,1720,100,72,13396.2
1610.278,298.4,1422.0,1720,82,71,13456.0
1610.396,298.4,1422.0,1720,9,70,13514.0
1610.513,427.9,1422.0,1720,8,70,13561.0
1610.631,557.4,1422.0,1720,8,70,13574.3
1610.75,133.4,1422.0,1720,9,72,13434.3
1610.868,133.4,1422.0,1720,95,75,13434.3
1610.986,133.4,1422.0,1720,95,74,13434.3
1611.104,164.9,1422.0,1720,100,71,13451.9
1611.222,294.4,1422.0,1720,37,70,13506.1
1611.34,423.9,1422.0,1720,37,70,13553.2
1611.457,553.4,1422.0,1720,11,70,13526.7
1611.577,129.4,1422.0,1720,37,75,13518.1
1611.695,129.4,1422.0,1720,100,75,13518.1
1611.814,129.4,1422.0,1720,100,73,13518.1
1611.933,290.4,1422.0,1720,90,71,13546.4
1612.052,419.9,1422.0,1720,13,70,13578.9
1612.172,125.4,1422.0,1720,13,72,13590.8
1612.292,125.4,1422.0,1720,44,75,13581.9
1612.412,125.4,1422.0,1720,100,76,13573.3
1612.532,125.4,1422.0,1720,88,72,13570.9
1612.653,415.9,1422.0,1720,88,71,13601.3
1612.773,545.4,1422.0,1720,17,70,13635.0
1612.893,121.4,1422.0,1720,49,76,13627.7
1613.012,121.4,1422.0,1720,49,74,13618.7
1613.132,121.4,1422.0,1720,100,73,13609.8
1613.252,282.4,1422.0,1720,81,71,13633.0
1613.373,411.9,1422.0,1720,13,70,13675.4
1613.493,541.4,1422.0,1720,13,70,13722.5
1613.614,117.4,1422.0,1720,14,75,13719.5
1613.735,117.4,1422.0,1720,100,74,13710.6
1613.855,117.4,1422.0,1720,100,72,13701.1
1613.978,278.4,1422.0,1720,100,71,13727.8
1614.1,278.4,1422.0,1720,6,70,13792.8
1614.376,407.9,1422.0,1720,2,70,13746.7
1614.839,407.9,1422.0,1720,0,70,13704.3
1615.24,537.4,1422.0,1720,0,70,13654.7
1615.698,537.4,1422.0,1720,2,70,13615.3
1616.087,113.4,1422.0,1720,100,75,13592.7
1616.392,113.4,1422.0,1720,100,71,13582.1
1616.56,274.5,1422.0,1720,2,70,13535.3
1616.998,274.5,1422.0,1720,2,70,13477.7
1617.48,274.5,1422.0,1720,2,70,13377.1
1618.034,404.0,1422.0,1720,2,70,13326.2
1618.504,404.0,1422.0,1720,2,70,13280.6
1618.953,533.5,1422.0,1720,2,69,13237.9
1619.361,533.5,1422.0,1720,0,69,13203.8
1619.698,533.5,1422.0,1720,2,69,13171.1
1620.012,533.5,1422.0,1720,2,68,13137.5
1620.352,109.5,1422.0,1720,77,72,13125.0
1620.588,109.5,1422.0,1720,100,72,13111.4
1620.737,113.0,1422.0,1720,3,70,13113.6
1621.016,270.5,1422.0,1720,3,69,13091.5
1621.152,270.5,1422.0,1720,2,69,13100.3
1621.511,400.0,1422.0,1720,2,69,13053.0
1621.953,400.0,1422.0,1720,3,69,13034.4
1622.152,400.0,1422.0,1720,5,69,13008.6
1622.354,400.0,1422.0,1720,5,69,12995.1
1622.478,400.0,1422.0,1720,2,69,12978.7
1622.607,400.0,1422.0,1720,1,69,12966.1
1622.732,400.0,1422.0,1720,2,69,12961.0
1622.857,400.0,1422.0,1720,2,69,12946.9
1622.979,400.0,1422.0,1720,2,69,12942.7
1623.107,400.0,1422.0,1720,2,69,12927.1
1623.228,400.0,1422.0,1720,1,69,12910.5
1623.35,529.5,1422.0,1720,1,69,12899.6
1623.472,529.5,1422.0,1720,2,69,12892.4
1623.593,529.5,1422.0,1720,2,69,12879.7
1623.715,529.5,1422.0,1720,2,69,12873.8
1623.839,529.5,1422.0,1720,3,69,12838.3
1624.138,529.5,1422.0,1720,2,69,12778.5
1624.566,83.2,1422.0,1720,66,75,12767.9
1624.696,83.2,1422.0,1720,66,74,12757.4
1624.82,83.2,1422.0,1720,100,72,12747.7
1624.946,123.8,1422.0,1720,55,70,12706.4
1625.069,97.2,1422.0,1720,81,74,12697.1
1625.19,258.2,1422.0,1720,81,73,12687.7
1625.312,102.0,1422.0,1720,86,74,12678.8
1625.434,263.0,1422.0,1720,100,74,12663.6
1625.555,106.9,1422.0,1720,100,72,12649.2
1625.676,106.9,1422.0,1720,84,73,12641.2
1625.799,111.8,1422.0,1720,76,73,12634.1
1625.92,111.8,1422.0,1720,96,74,12625.0
1626.04,531.8,1422.0,1720,96,70,12621.3
1626.16,116.6,1422.0,1720,54,76,12612.2
1626.28,277.6,1422.0,1720,91,71,12604.4
1626.401,121.5,1422.0,1720,91,73,12597.4
1626.521,128.5,1422.0,1720,73,73,12588.4
1626.642,126.4,1422.0,1720,79,73,12578.6
1626.762,126.4,1422.0,1720,98,74,12141.4
1626.894,546.4,1422.0,1720,98,70,12096.0
1627.014,131.2,1422.0,1720,37,73,12089.4
1627.135,138.2,1422.0,1720,97,72,12091.9
1627.253,551.2,1422.0,1720,37,70,12099.5
1627.37,136.1,1422.0,1720,37,74,12099.7
1627.489,297.1,1422.0,1720,92,71,12102.1
1627.606,141.0,1422.0,1720,48,71,12105.6
1627.724,141.0,1422.0,1720,48,75,12105.6
1627.843,561.0,1422.0,1720,100,71,12106.7
1627.961,145.8,1422.0,1720,74,74,12106.7
1628.092,306.9,1422.0,1720,90,71,12107.1
1628.211,150.7,1422.0,1720,90,72,12108.0
1628.329,150.7,1422.0,1720,86,74,12108.0
1628.447,155.6,1422.0,1720,78,72,12108.5
1628.565,155.6,1422.0,1720,78,75,12108.5
1628.684,575.6,1422.0,1720,97,71,12111.3
1628.801,160.4,1422.0,1720,69,76,12111.3
1628.92,192.0,1422.0,1720,65,71,12120.3
1629.04,321.5,1422.0,1720,65,70,12158.4
1629.163,451.0,1422.0,1720,8,70,12178.0
1629.28,580.5,1422.0,1720,12,70,12207.0
1629.398,165.3,1422.0,1720,12,75,12209.4
1629.516,168.8,1422.0,1720,82,71,12219.7
1629.634,326.3,1422.0,1720,34,70,12252.8
1629.752,455.8,1422.0,1720,34,70,12287.4
1629.869,455.8,1422.0,1720,8,69,12323.2
1629.987,585.3,1422.0,1720,8,69,12356.0
1630.105,170.2,1422.0,1720,33,71,12371.7
1630.223,170.2,1422.0,1720,33,74,12371.7
1630.341,331.2,1422.0,1720,86,70,12394.5
1630.458,460.7,1422.0,1720,9,70,12423.6
1630.577,590.2,1422.0,1720,9,69,12443.1
1630.697,175.1,1422.0,1720,14,71,12448.3
1630.816,175.1,1422.0,1720,79,74,12439.0
1630.938,465.6,1422.0,1720,48,70,12436.2
1631.059,179.9,1422.0,1720,48,74,12432.4
1631.178,186.9,1422.0,1720,84,72,12422.8
1631.299,599.9,1422.0,1720,47,70,12429.6
1631.419,184.8,1422.0,1720,47,74,12373.2
1631.537,345.8,1422.0,1720,79,71,12376.9
1631.655,475.3,1422.0,1720,48,70,12384.9
1631.773,189.7,1422.0,1720,48,73,12387.8
1631.89,189.7,1422.0,1720,48,74,12388.1
1632.008,480.2,1422.0,1720,73,70,12395.6
1632.126,194.5,1422.0,1720,38,72,12399.7
1632.244,194.5,1422.0,1720,38,74,12399.7
1632.361,355.5,1422.0,1720,90,70,12406.4
1632.479,614.5,1422.0,1720,20,70,12414.4
1632.597,199.4,1422.0,1720,20,73,12414.5
1632.714,360.4,1422.0,1720,79,72,12417.1
1632.833,619.4,1422.0,1720,53,70,12423.1
1632.95,204.3,1422.0,1720,76,75,12423.1
1633.068,365.3,1422.0,1720,76,71,12426.8
1633.186,209.1,1422.0,1720,55,71,12430.9
1633.303,209.1,1422.0,1720,78,75,12430.9
1633.421,499.6,1422.0,1720,78,71,12416.9
1633.543,214.0,1422.0,1720,57,75,12241.2
1633.66,214.0,1422.0,1720,96,72,12241.8
1633.779,659.7,1422.0,1720,46,70,12245.9
1633.899,218.9,1422.0,1720,46,76,12245.9
1634.017,379.9,1422.0,1720,98,71,12249.7
1634.134,638.9,1422.0,1720,24,70,12270.1
1634.252,223.7,1422.0,1720,24,74,12270.1
1634.37,255.2,1422.0,1720,92,71,12289.5
1634.489,514.2,1422.0,1720,33,70,12345.5
1634.607,643.7,1422.0,1720,33,69,12402.9
1634.726,197.9,1422.0,1720,10,70,12432.1
1634.843,197.9,1422.0,1720,58,75,12432.1
1634.961,202.6,1422.0,1720,54,70,12533.0
1635.089,202.6,1422.0,1720,54,70,12632.8
1635.218,202.6,1422.0,1720,2,70,12702.8
1635.347,202.6,1422.0,1720,0,70,12770.9
1635.476,202.6,1422.0,1720,2,69,12834.5
1635.607,202.6,1422.0,1720,2,69,12881.2
1635.894,202.6,1422.0,1720,0,69,12948.1
1636.045,202.6,1422.0,1720,2,69,12977.4
1636.212,202.6,1422.0,1720,0,69,12994.1
1636.445,202.6,1422.0,1720,2,69,12990.2
1636.624,202.6,1422.0,1720,2,69,12972.5
1636.771,202.6,1422.0,1720,2,69,13028.3
1636.9,202.6,1422.0,1720,0,69,13078.4
1637.03,202.6,1422.0,1720,2,69,13148.4
1637.165,202.6,1422.0,1720,2,69,13212.1
1637.299,202.6,1422.0,1720,0,69,13248.8
1637.573,202.6,1422.0,1720,2,69,13265.3
1637.894,202.6,1422.0,1720,2,69,13278.7
1638.234,202.6,1422.0,1720,2,69,13246.3
1638.402,202.6,1422.0,1720,0,69,12942.3
1638.531,202.6,1422.0,1720,2,69,12938.6
1638.66,202.6,1422.0,1720,2,69,12933.9
1638.788,202.6,1422.0,1720,0,69,12929.6
1638.916,202.6,1422.0,1720,0,69,12960.6
1639.042,202.6,1422.0,1720,2,69,12990.4
1639.169,202.6,1422.0,1720,2,69,13002.2
1639.296,202.6,1422.0,1720,0,69,12998.2
1639.424,202.6,1422.0,1720,0,69,13079.4
1639.55,202.6,1422.0,1720,2,69,13143.6
1639.676,202.6,1422.0,1720,2,69,13191.4
1639.798,202.6,1422.0,1720,0,69,13209.8
1639.918,202.6,1422.0,1720,0,69,13234.9
1640.038,202.6,1422.0,1720,2,69,13262.5
1640.158,202.6,1422.0,1720,2,69,13281.6
1640.277,202.6,1422.0,1720,2,69,13302.4
1640.397,202.6,1422.0,1720,0,69,13323.6
1640.516,202.6,1422.0,1720,2,69,13409.0
1640.641,202.6,1422.0,1720,2,69,13519.9
1640.767,202.6,1422.0,1720,2,69,12939.1
1640.893,202.6,1422.0,1720,0,69,12975.9
1641.02,202.6,1422.0,1720,2,69,13016.8
1641.146,202.6,1422.0,1720,2,69,13057.1
1641.272,202.6,1422.0,1720,2,69,13093.9
1641.398,202.6,1422.0,1720,0,69,13115.4
1641.524,202.6,1422.0,1720,1,69,13136.3
1641.65,202.6,1422.0,1720,2,69,13148.9
1641.776,202.6,1422.0,1720,2,69,13159.2
1641.904,202.6,1422.0,1720,1,69,13159.9
1642.031,202.6,1422.0,1720,1,69,13159.9
1642.158,202.6,1422.0,1720,2,69,13159.9
1642.285,202.6,1422.0,1720,2,69,13159.9
1642.413,202.6,1422.0,1720,1,69,13122.1
1642.536,392.8,1422.0,1720,5,69,12977.2
1642.654,651.8,1422.0,1720,18,69,13003.4
1642.771,744.8,1442.0,1740,18,71,13026.1
1642.889,231.7,1442.0,1740,46,75,13026.1
1643.007,231.7,1442.0,1740,100,75,13026.1
1643.126,231.7,1442.0,1740,100,73,13027.1
1643.243,522.3,1442.0,1740,83,70,13036.7
1643.361,227.1,1442.0,1740,21,71,13053.1
1643.478,227.1,1442.0,1740,91,75,13053.1
1643.599,227.1,1442.0,1740,91,74,13053.1
1643.717,227.1,1442.0,1740,100,72,13053.3
1643.834,647.1,1442.0,1740,51,70,13060.4
1643.952,222.4,1442.0,1740,51,75,13062.3
1644.07,222.4,1442.0,1740,79,72,13062.3
1644.188,222.4,1442.0,1740,100,72,13062.3
1644.306,222.4,1442.0,1740,100,71,13062.7
1644.425,513.0,1442.0,1740,87,70,13069.7
1644.542,217.8,1442.0,1740,26,71,13072.7
1644.66,217.8,1442.0,1740,100,74,13072.7
1644.778,217.8,1442.0,1740,100,74,13072.7
1644.896,249.3,1442.0,1740,100,71,13075.5
1645.014,508.3,1442.0,1740,34,70,13083.2
1645.133,213.2,1442.0,1740,34,72,13086.8
1645.25,213.2,1442.0,1740,58,75,13086.8
1645.367,213.2,1442.0,1740,100,75,13086.8
1645.485,220.2,1442.0,1740,100,71,13088.9
1645.603,503.7,1442.0,1740,79,70,13096.6
1645.721,208.5,1442.0,1740,21,72,13100.9
1645.838,208.5,1442.0,1740,95,75,13100.9
1645.954,208.5,1442.0,1740,95,74,13100.9
1646.072,215.5,1442.0,1740,100,72,13103.1
1646.191,499.0,1442.0,1740,43,70,13111.6
1646.309,628.5,1442.0,1740,43,70,13120.2
1646.426,203.9,1442.0,1740,27,75,13120.3
1646.544,203.9,1442.0,1740,100,75,13120.3
1646.661,203.9,1442.0,1740,100,72,13120.3
1646.781,364.9,1442.0,1740,100,71,13127.3
1646.899,623.9,1442.0,1740,26,70,13135.8
1647.017,199.2,1442.0,1740,65,73,13136.4
1647.135,199.2,1442.0,1740,65,71,13136.4
1647.254,199.2,1442.0,1740,100,73,13136.4
1647.383,360.2,1442.0,1740,99,70,13141.5
1647.5,489.7,1442.0,1740,15,70,13150.8
1647.618,194.6,1442.0,1740,15,71,13156.1
1647.736,194.6,1442.0,1740,68,75,13156.1
1647.853,194.6,1442.0,1740,100,74,13156.1
1647.971,201.6,1442.0,1740,100,71,13158.1
1648.09,485.1,1442.0,1740,71,70,13166.6
1648.208,189.9,1442.0,1740,27,72,13171.6
1648.326,189.9,1442.0,1740,27,74,13171.6
1648.444,189.9,1442.0,1740,100,74,13171.6
1648.562,189.9,1442.0,1740,100,71,13173.5
1648.682,480.4,1442.0,1740,35,70,13180.2
1648.801,185.3,1442.0,1740,35,71,13184.1
1648.919,185.3,1442.0,1740,62,75,13184.1
1649.036,185.3,1442.0,1740,100,74,13184.1
1649.154,185.3,1442.0,1740,100,72,13186.0
1649.272,346.3,1442.0,1740,74,70,13218.4
1649.39,475.8,1442.0,1740,8,70,13248.3
1649.508,605.3,1442.0,1740,10,70,13270.2
1649.626,180.6,1442.0,1740,10,71,13291.0
1649.744,180.6,1442.0,1740,47,75,13291.0
1649.864,180.6,1442.0,1740,100,75,13291.0
1649.982,180.6,1442.0,1740,100,73,13293.1
1650.1,341.6,1442.0,1740,78,70,13328.4
1650.218,341.6,1442.0,1740,10,70,13359.9
1650.335,471.1,1442.0,1740,10,70,13399.2
1650.453,600.6,1442.0,1740,8,69,13437.0
1650.571,600.6,1442.0,1740,6,69,13473.0
1650.689,176.0,1442.0,1740,63,74,13474.9
1650.806,176.0,1442.0,1740,63,74,13474.9
1650.924,176.0,1442.0,1740,100,73,13474.9
1651.043,337.0,1442.0,1740,67,70,13492.3
1651.162,337.0,1442.0,1740,67,70,13532.7
1651.281,466.5,1442.0,1740,8,69,13550.9
1651.398,596.0,1442.0,1740,12,69,13583.2
1651.516,171.3,1442.0,1740,67,74,13584.8
1651.634,171.3,1442.0,1740,67,74,13584.8
1651.751,171.3,1442.0,1740,100,72,13584.8
1651.869,461.8,1442.0,1740,74,70,13587.7
1651.987,166.7,1442.0,1740,74,75,13587.9
1652.105,166.7,1442.0,1740,91,74,13587.9
1652.223,166.7,1442.0,1740,100,72,13587.9
1652.341,586.7,1442.0,1740,100,70,13588.5
1652.46,162.0,1442.0,1740,76,76,13588.5
1652.577,162.0,1442.0,1740,100,74,13588.5
1652.694,162.0,1442.0,1740,100,72,13588.5
1652.812,582.0,1442.0,1740,100,70,13589.8
1652.93,157.4,1442.0,1740,74,76,13589.8
1653.047,157.4,1442.0,1740,100,75,13589.8
1653.164,157.4,1442.0,1740,100,73,13589.8
1653.282,670.5,1442.0,1740,92,71,13591.5
1653.406,152.7,1442.0,1740,78,76,13591.5
1653.524,152.7,1442.0,1740,100,74,13591.5
1653.643,152.7,1442.0,1740,100,72,13592.7
1653.764,572.7,1442.0,1740,76,70,13598.1
1653.882,148.1,1442.0,1740,72,75,13333.3
1654.0,148.1,1442.0,1740,72,74,13043.8
1654.138,148.1,1442.0,1740,100,73,13045.4
1654.255,309.1,1442.0,1740,70,70,13094.9
1654.373,438.6,1442.0,1740,10,70,13138.7
1654.491,438.6,1442.0,1740,10,70,13184.4
1654.61,568.1,1442.0,1740,8,70,13251.8
1654.728,143.4,1442.0,1740,39,73,13270.0
1654.845,143.4,1442.0,1740,39,73,13270.0
1654.964,143.4,1442.0,1740,100,74,13270.0
1655.081,150.4,1442.0,1740,91,71,13293.3
1655.199,304.4,1442.0,1740,9,70,13340.8
1655.316,433.9,1442.0,1740,9,70,13413.3
1655.435,563.4,1442.0,1740,9,70,13467.3
1655.552,563.4,1442.0,1740,7,70,13523.5
1655.671,138.8,1442.0,1740,7,74,13539.3
1655.788,138.8,1442.0,1740,72,73,13539.3
1655.905,138.8,1442.0,1740,100,74,13539.3
1656.023,170.3,1442.0,1740,100,71,13556.7
1656.142,299.8,1442.0,1740,61,70,13601.1
1656.262,429.3,1442.0,1740,10,70,13643.2
1656.38,134.1,1442.0,1740,36,71,13654.3
1656.499,134.1,1442.0,1740,36,75,13644.9
1656.618,134.1,1442.0,1740,100,75,13635.5
1656.736,165.6,1442.0,1740,99,72,13632.9
1656.856,200.9,1442.0,1740,99,70,13635.2
1656.975,129.5,1442.0,1740,48,76,13625.3
1657.095,129.5,1442.0,1740,100,75,13615.4
1657.215,129.5,1442.0,1740,98,72,13605.6
1657.336,549.5,1442.0,1740,98,70,13610.2
1657.455,124.8,1442.0,1740,36,75,13603.8
1657.576,124.8,1442.0,1740,100,74,13593.9
1657.696,124.8,1442.0,1740,100,74,13584.4
1657.817,285.8,1442.0,1740,100,71,13606.7
1657.937,415.3,1442.0,1740,25,70,13650.0
1658.057,544.8,1442.0,1740,10,70,13723.4
1658.177,120.2,1442.0,1740,10,75,13717.9
1658.296,120.2,1442.0,1740,88,74,13708.4
1658.417,120.2,1442.0,1740,100,72,13699.0
1658.537,281.2,1442.0,1740,100,71,13773.8
1658.658,281.2,1442.0,1740,2,70,13770.9
1659.052,410.7,1442.0,1740,2,70,13724.3
1659.486,410.7,1442.0,1740,2,69,13677.4
1659.915,540.2,1442.0,1740,2,69,13591.4
1660.458,540.2,1442.0,1740,2,69,13547.4
1660.849,540.2,1442.0,1740,0,69,13507.4
1661.208,115.5,1442.0,1740,65,74,13487.5
1661.475,115.5,1442.0,1740,60,70,13454.7
1661.731,147.0,1442.0,1740,1,70,13400.6
1662.193,276.5,1442.0,1740,3,70,13320.2
1662.484,406.0,1442.0,1740,4,69,13325.3
1662.61,406.0,1442.0,1740,2,70,13300.4
1663.025,535.5,1442.0,1740,1,70,13258.5
1663.467,535.5,1442.0,1740,1,69,13220.7
1663.846,535.5,1442.0,1740,1,69,13114.9
1664.464,110.9,1442.0,1740,27,72,13101.9
1664.635,110.9,1442.0,1740,100,73,13090.1
1664.76,110.9,1442.0,1740,100,71,13079.8
1664.881,142.4,1442.0,1740,2,69,13040.2
1665.325,271.9,1442.0,1740,2,69,13006.9
1665.801,271.9,1442.0,1740,1,69,12972.2
1666.219,271.9,1442.0,1740,2,69,12931.0
1666.605,401.4,1442.0,1740,1,69,12893.5
1666.973,401.4,1442.0,1740,2,69,12856.0
1667.34,401.4,1442.0,1740,2,69,12811.7
1667.767,530.9,1442.0,1740,2,69,12767.0
1668.18,530.9,1442.0,1740,2,69,12722.7
1668.593,84.1,1442.0,1740,57,75,12713.5
1668.73,84.1,1442.0,1740,57,75,12704.2
1668.85,84.1,1442.0,1740,100,72,12694.1
1668.981,65.4,1442.0,1740,65,70,12684.9
1669.1,500.3,1442.0,1740,27,70,12689.6
1669.225,85.6,1442.0,1740,27,76,12680.4
1669.346,91.0,1442.0,1740,100,71,12671.0
1669.467,91.0,1442.0,1740,98,75,12661.5
1669.59,96.4,1442.0,1740,98,72,12652.2
1669.712,96.4,1442.0,1740,98,76,12641.4
1669.85,101.7,1442.0,1740,99,72,12632.3
1669.97,101.7,1442.0,1740,99,75,12622.9
1670.091,107.1,1442.0,1740,89,73,12613.6
1670.214,107.1,1442.0,1740,89,76,12602.5
1670.336,112.4,1442.0,1740,93,72,12549.6
1670.455,112.4,1442.0,1740,93,76,12300.2
1670.577,117.8,1442.0,1740,93,71,12209.4
1670.696,117.8,1442.0,1740,87,77,12209.4
1670.816,408.3,1442.0,1740,91,72,12214.7
1670.935,123.2,1442.0,1740,75,73,12216.3
1671.053,123.2,1442.0,1740,75,75,12217.1
1671.173,128.5,1442.0,1740,83,73,12218.5
1671.291,128.5,1442.0,1740,98,76,12218.5
1671.409,133.9,1442.0,1740,98,72,12218.7
1671.528,133.9,1442.0,1740,86,76,12218.7
1671.646,139.2,1442.0,1740,88,73,12218.8
1671.764,139.2,1442.0,1740,97,76,12218.9
1671.882,144.6,1442.0,1740,97,72,12219.0
1672.0,144.6,1442.0,1740,92,77,12219.0
1672.119,564.6,1442.0,1740,90,72,12219.2
1672.24,150.0,1442.0,1740,90,77,12219.2
1672.361,570.0,1442.0,1740,94,72,12219.3
1672.479,155.3,1442.0,1740,87,75,12219.5
1672.597,186.8,1442.0,1740,87,72,12228.7
1672.716,316.3,1442.0,1740,73,71,12259.6
1672.834,575.3,1442.0,1740,12,70,12278.2
1672.952,160.7,1442.0,1740,69,75,12279.2
1673.07,164.2,1442.0,1740,69,72,12289.2
1673.189,321.7,1442.0,1740,56,71,12319.2
1673.307,451.2,1442.0,1740,9,70,12352.9
1673.425,580.7,1442.0,1740,9,70,12361.3
1673.543,580.7,1442.0,1740,13,70,12382.6
1673.661,166.0,1442.0,1740,53,75,12373.0
1673.78,327.1,1442.0,1740,75,72,12350.5
1673.898,456.6,1442.0,1740,75,70,12348.5
1674.016,586.1,1442.0,1740,14,70,12375.6
1674.136,171.4,1442.0,1740,33,72,12388.5
1674.255,171.4,1442.0,1740,33,75,12388.8
1674.376,610.5,1442.0,1740,87,71,12392.1
1674.494,176.8,1442.0,1740,71,76,12392.1
1674.611,467.3,1442.0,1740,76,72,12394.8
1674.729,182.1,1442.0,1740,76,73,12397.7
1674.849,182.1,1442.0,1740,80,75,12397.7
1674.969,602.1,1442.0,1740,58,71,12389.1
1675.089,187.5,1442.0,1740,58,75,12385.6
1675.21,348.5,1442.0,1740,92,72,12387.6
1675.33,192.8,1442.0,1740,57,72,12389.2
1675.45,192.8,1442.0,1740,98,75,12346.4
1675.573,612.9,1442.0,1740,98,71,12006.7
1675.699,198.2,1442.0,1740,50,75,11956.2
1675.817,359.2,1442.0,1740,85,72,11998.5
1675.936,488.7,1442.0,1740,85,70,12073.4
1676.058,203.6,1442.0,1740,16,71,12074.8
1676.178,203.6,1442.0,1740,82,75,12074.8
1676.296,623.6,1442.0,1740,60,71,12081.2
1676.416,208.9,1442.0,1740,60,76,12081.4
1676.535,369.9,1442.0,1740,93,72,12083.0
1676.654,214.3,1442.0,1740,64,72,12084.7
1676.771,214.3,1442.0,1740,64,75,12084.7
1676.889,634.3,1442.0,1740,90,71,12084.4
1677.007,219.6,1442.0,1740,69,76,12084.4
1677.132,380.7,1442.0,1740,86,72,12072.6
1677.254,639.7,1442.0,1740,86,70,12010.5
1677.373,225.0,1442.0,1740,30,72,11982.4
1677.492,225.0,1442.0,1740,100,73,11983.7
1677.609,515.5,1442.0,1740,100,71,12012.6
1677.727,515.5,1442.0,1740,25,70,12031.0
1677.846,645.0,1442.0,1740,6,70,12066.9
1677.964,199.7,1442.0,1740,47,71,12079.9
1678.084,199.7,1442.0,1740,47,73,12079.9
1678.201,204.9,1442.0,1740,87,70,12192.9
1678.326,204.9,1442.0,1740,0,70,12312.5
1678.453,204.9,1442.0,1740,0,69,12386.8
1678.581,204.9,1442.0,1740,2,69,12465.0
1678.707,204.9,1442.0,1740,2,69,12543.2
1678.833,204.9,1442.0,1740,0,69,12616.3
1678.958,204.9,1442.0,1740,0,69,12680.1
1679.084,204.9,1442.0,1740,2,69,12708.9
1679.211,204.9,1442.0,1740,2,69,12756.7
1679.338,204.9,1442.0,1740,0,69,12687.9
1679.464,204.9,1442.0,1740,2,69,12759.8
1679.591,204.9,1442.0,1740,2,69,12836.6
1679.717,204.9,1442.0,1740,2,69,12909.7
1679.843,204.9,1442.0,1740,1,69,12974.2
1679.969,204.9,1442.0,1740,1,69,12973.5
1680.097,204.9,1442.0,1740,1,69,12911.5
1680.224,204.9,1442.0,1740,2,69,13036.7
1680.349,204.9,1442.0,1740,1,69,13135.7
1680.474,204.9,1442.0,1740,1,69,13203.0
1680.602,204.9,1442.0,1740,1,69,13115.5
1680.728,204.9,1442.0,1740,2,69,13116.7
1680.855,204.9,1442.0,1740,2,69,13154.0
1680.981,204.9,1442.0,1740,0,69,13186.7
1681.108,204.9,1442.0,1740,0,69,13249.6
1681.236,204.9,1442.0,1740,2,69,13360.5
1681.361,204.9,1442.0,1740,1,69,13443.0
1681.487,204.9,1442.0,1740,1,69,13481.7
1681.614,204.9,1442.0,1740,1,69,13411.1
1681.74,204.9,1442.0,1740,2,69,13475.6
1681.865,204.9,1442.0,1740,1,69,13507.7
1681.986,204.9,1442.0,1740,1,69,13682.3
1682.111,204.9,1442.0,1740,4,69,13902.6
1682.318,204.9,1442.0,1740,0,69,13791.0
1682.971,204.9,1442.0,1740,0,69,13426.9
1683.091,204.9,1442.0,1740,2,69,13401.1
1683.218,204.9,1442.0,1740,2,69,13427.5
1683.345,204.9,1442.0,1740,2,69,13453.0
1683.472,204.9,1442.0,1740,2,69,13479.7
1683.599,204.9,1442.0,1740,0,69,13498.1
1683.728,204.9,1442.0,1740,2,69,13505.4
1683.856,204.9,1442.0,1740,2,69,13513.2
1683.985,204.9,1442.0,1740,0,69,13523.1
1684.114,204.9,1442.0,1740,0,69,13525.5
1684.242,204.9,1442.0,1740,2,69,13518.1
1684.371,204.9,1442.0,1740,2,69,13509.0
1684.5,204.9,1442.0,1740,0,69,13499.6
1684.628,204.9,1442.0,1740,0,69,13489.2
1684.757,204.9,1442.0,1740,2,69,13478.0
1684.884,204.9,1442.0,1740,2,69,13467.0
1685.011,204.9,1442.0,1740,0,69,13455.7
1685.138,204.9,1442.0,1740,0,69,13444.8
1685.265,204.9,1442.0,1740,2,69,13433.5
1685.392,204.9,1442.0,1740,2,69,13423.1
1685.521,204.9,1442.0,1740,0,69,13413.6
1685.648,204.9,1442.0,1740,0,69,13404.8
1685.775,204.9,1442.0,1740,2,69,13395.8
1685.903,204.9,1442.0,1740,2,69,13386.9
1686.029,654.5,1442.0,1740,17,69,13164.5
1686.149,234.9,1462.0,1760,17,72,13158.0
1686.269,234.9,1462.0,1760,89,74,13148.2
1686.389,234.9,1462.0,1760,100,75,13138.6
1686.508,654.9,1462.0,1760,84,71,13130.8
1686.628,230.2,1462.0,1760,84,76,13121.1
1686.748,230.2,1462.0,1760,98,75,13111.2
1686.869,230.2,1462.0,1760,100,73,13101.6
1686.988,201.0,1462.0,1760,100,71,13093.2
1687.108,225.5,1462.0,1760,84,77,13083.5
1687.227,225.5,1462.0,1760,100,76,13073.7
1687.347,225.5,1462.0,1760,100,73,13064.2
1687.467,220.8,1462.0,1760,100,73,13055.4
1687.586,220.8,1462.0,1760,76,76,13045.7
1687.705,220.8,1462.0,1760,100,76,13035.9
1687.825,220.8,1462.0,1760,100,73,13027.0
1687.945,216.1,1462.0,1760,89,73,13018.3
1688.065,216.1,1462.0,1760,82,76,13008.6
1688.185,216.1,1462.0,1760,100,75,12998.9
1688.305,216.1,1462.0,1760,100,73,12989.5
1688.426,211.4,1462.0,1760,87,73,12980.9
1688.545,211.4,1462.0,1760,91,76,12971.2
1688.664,211.4,1462.0,1760,91,75,12962.2
1688.783,242.9,1462.0,1760,100,73,12955.1
1688.903,206.7,1462.0,1760,73,72,12948.5
1689.022,206.7,1462.0,1760,96,76,12938.9
1689.142,206.7,1462.0,1760,96,75,12929.6
1689.262,206.7,1462.0,1760,100,73,12920.9
1689.384,202.0,1462.0,1760,72,73,12914.5
1689.506,202.0,1462.0,1760,72,76,12905.3
1689.626,202.0,1462.0,1760,100,75,12905.3
1689.743,202.0,1462.0,1760,100,73,12906.7
1689.86,492.5,1462.0,1760,39,71,12916.4
1689.978,622.0,1462.0,1760,39,71,12925.1
1690.096,197.3,1462.0,1760,32,75,12925.3
1690.214,197.3,1462.0,1760,100,75,12925.3
1690.332,197.3,1462.0,1760,100,74,12925.3
1690.451,358.3,1462.0,1760,100,71,12930.2
1690.569,617.3,1462.0,1760,30,71,12939.3
1690.688,192.6,1462.0,1760,61,75,12941.0
1690.806,192.6,1462.0,1760,61,74,12941.0
1690.924,192.6,1462.0,1760,100,76,12941.0
1691.042,353.6,1462.0,1760,81,72,12943.9
1691.16,612.6,1462.0,1760,81,71,12950.8
1691.277,187.9,1462.0,1760,22,75,12953.4
1691.395,187.9,1462.0,1760,90,76,12953.4
1691.512,187.9,1462.0,1760,90,75,12953.4
1691.63,219.4,1462.0,1760,100,73,12956.3
1691.748,348.9,1462.0,1760,48,71,12988.3
1691.869,478.4,1462.0,1760,9,71,13016.4
1691.986,607.9,1462.0,1760,9,70,13039.8
1692.105,183.2,1462.0,1760,10,71,13060.5
1692.223,183.2,1462.0,1760,72,76,13060.5
1692.342,183.2,1462.0,1760,72,75,13060.5
1692.459,183.2,1462.0,1760,100,73,13060.5
1692.578,214.7,1462.0,1760,66,71,13088.7
1692.696,344.2,1462.0,1760,10,71,13116.9
1692.813,473.7,1462.0,1760,10,70,13146.3
1692.932,473.7,1462.0,1760,7,70,13176.3
1693.05,603.2,1462.0,1760,6,70,13208.2
1693.168,178.5,1462.0,1760,6,72,13229.1
1693.285,178.5,1462.0,1760,41,76,13229.1
1693.405,178.5,1462.0,1760,100,75,13229.1
1693.523,178.5,1462.0,1760,100,73,13229.3
1693.64,339.5,1462.0,1760,91,71,13253.8
1693.76,469.0,1462.0,1760,9,70,13280.6
1693.88,598.5,1462.0,1760,13,70,13296.5
1693.999,173.8,1462.0,1760,13,75,13286.9
1694.12,173.8,1462.0,1760,93,74,13276.8
1694.239,173.8,1462.0,1760,100,73,13265.2
1694.36,593.8,1462.0,1760,100,71,13255.8
1694.481,169.1,1462.0,1760,67,77,13244.0
1694.601,169.1,1462.0,1760,100,75,13232.3
1694.721,169.1,1462.0,1760,100,72,13220.8
1694.841,589.1,1462.0,1760,100,72,13209.5
1694.961,164.4,1462.0,1760,74,77,13197.5
1695.084,164.4,1462.0,1760,100,75,13185.9
1695.204,164.4,1462.0,1760,100,72,13175.4
1695.324,668.8,1462.0,1760,100,73,13166.2
1695.444,159.7,1462.0,1760,72,77,13155.8
1695.566,159.7,1462.0,1760,100,76,13145.8
1695.688,159.7,1462.0,1760,100,73,13136.4
1695.807,155.0,1462.0,1760,92,73,13128.6
1695.928,155.0,1462.0,1760,78,76,13119.5
1696.048,155.0,1462.0,1760,100,75,13110.4
1696.169,155.0,1462.0,1760,100,73,13101.2
1696.289,150.3,1462.0,1760,84,73,13093.5
1696.408,150.3,1462.0,1760,85,77,13084.3
1696.532,150.3,1462.0,1760,85,75,13075.0
1696.653,150.3,1462.0,1760,100,72,13066.0
1696.773,570.3,1462.0,1760,71,71,13066.8
1696.894,145.6,1462.0,1760,70,76,13058.2
1697.014,145.6,1462.0,1760,70,75,13051.7
1697.133,145.6,1462.0,1760,100,75,13047.8
1697.253,306.6,1462.0,1760,79,72,13053.4
1697.372,565.6,1462.0,1760,79,71,13064.0
1697.492,140.9,1462.0,1760,22,76,13056.1
1697.613,140.9,1462.0,1760,97,75,13046.7
1697.733,140.9,1462.0,1760,100,74,13037.3
1697.852,431.4,1462.0,1760,100,72,13036.8
1697.973,136.2,1462.0,1760,56,73,13035.6
1698.092,136.2,1462.0,1760,92,75,13029.3
1698.211,136.2,1462.0,1760,92,75,13024.5
1698.331,297.2,1462.0,1760,100,72,13021.7
1698.451,131.5,1462.0,1760,61,73,13019.7
1698.571,131.5,1462.0,1760,85,77,13010.2
1698.691,131.5,1462.0,1760,85,75,13000.6
1698.81,131.5,1462.0,1760,100,73,12991.1
1698.931,551.5,1462.0,1760,68,71,12994.0
1699.051,126.8,1462.0,1760,68,76,12988.2
1699.171,126.8,1462.0,1760,72,75,12983.8
1699.289,126.8,1462.0,1760,100,75,12977.6
1699.409,287.8,1462.0,1760,73,72,12986.6
1699.53,417.3,1462.0,1760,73,71,13012.7
1699.65,546.8,1462.0,1760,13,71,13047.4
1699.77,122.1,1462.0,1760,14,73,13061.9
1699.889,122.1,1462.0,1760,14,76,13052.5
1700.01,122.1,1462.0,1760,100,75,13043.1
1700.129,122.1,1462.0,1760,100,73,13042.8
1700.249,283.1,1462.0,1760,30,71,13082.0
1700.369,412.6,1462.0,1760,30,71,13124.3
1700.489,412.6,1462.0,1760,9,71,13193.3
1700.609,542.1,1462.0,1760,9,71,13273.2
1700.732,117.4,1462.0,1760,58,76,13262.7
1700.928,117.4,1462.0,1760,100,76,13248.7
1701.06,117.4,1462.0,1760,2,71,13218.3
1701.385,278.4,1462.0,1760,2,71,13161.1
1701.851,278.4,1462.0,1760,1,70,13104.9
1702.245,278.4,1462.0,1760,2,70,13059.8
1702.669,407.9,1462.0,1760,2,70,13045.7
1702.867,407.9,1462.0,1760,2,70,13030.7
1702.999,537.4,1462.0,1760,6,70,13014.3
1703.181,537.4,1462.0,1760,28,72,13012.4
1703.558,112.7,1462.0,1760,28,74,13001.4
1703.688,112.7,1462.0,1760,100,75,12991.4
1703.813,119.7,1462.0,1760,1,71,12953.6
1704.263,273.7,1462.0,1760,2,70,12902.8
1704.715,273.7,1462.0,1760,2,70,12872.1
1705.066,403.2,1462.0,1760,1,70,12835.4
1705.423,403.2,1462.0,1760,2,70,12790.1
1705.84,403.2,1462.0,1760,3,70,12764.5
1706.139,532.7,1462.0,1760,2,70,12750.3
1706.584,86.0,1462.0,1760,59,75,12734.5
1706.825,86.0,1462.0,1760,100,74,12724.0
1706.953,65.4,1462.0,1760,72,71,12718.6
1707.073,512.8,1462.0,1760,72,71,12728.6
1707.195,98.6,1462.0,1760,37,74,12719.2
1707.315,98.6,1462.0,1760,100,76,12709.7
1707.436,104.4,1462.0,1760,85,73,12700.8
1707.556,104.4,1462.0,1760,85,75,12691.1
1707.677,265.4,1462.0,1760,100,74,12681.8
1707.798,110.2,1462.0,1760,88,74,12672.1
1707.917,110.2,1462.0,1760,88,75,12662.5
1708.037,400.7,1462.0,1760,100,72,12655.2
1708.158,116.0,1462.0,1760,70,75,12645.7
1708.279,116.0,1462.0,1760,100,76,12636.1
1708.398,121.8,1462.0,1760,100,72,12625.6
1708.518,121.8,1462.0,1760,76,75,12616.1
1708.637,121.8,1462.0,1760,100,76,12606.7
1708.757,127.6,1462.0,1760,67,73,12598.9
1708.876,127.6,1462.0,1760,67,75,12589.4
1708.996,159.1,1462.0,1760,100,74,12580.3
1709.116,133.4,1462.0,1760,70,74,12571.8
1709.236,133.4,1462.0,1760,70,75,12562.2
1709.355,423.9,1462.0,1760,100,73,12553.7
1709.476,139.2,1462.0,1760,75,75,12544.2
1709.597,139.2,1462.0,1760,100,75,12534.7
1709.716,559.2,1462.0,1760,100,72,12526.5
1709.836,145.0,1462.0,1760,70,75,12516.9
1709.956,145.0,1462.0,1760,100,77,12506.0
1710.075,150.8,1462.0,1760,100,72,12244.7
1710.193,150.8,1462.0,1760,72,76,12244.7
1710.31,150.8,1462.0,1760,100,76,12245.0
1710.429,156.6,1462.0,1760,100,73,12246.8
1710.546,156.6,1462.0,1760,77,76,12246.8
1710.663,317.6,1462.0,1760,100,74,12247.2
1710.783,162.4,1462.0,1760,74,74,12248.2
1710.9,162.4,1462.0,1760,74,76,12248.2
1711.018,452.9,1462.0,1760,100,73,12249.3
1711.136,168.2,1462.0,1760,74,75,12249.4
1711.254,168.2,1462.0,1760,74,76,12249.4
1711.371,588.2,1462.0,1760,100,73,12251.7
1711.489,174.0,1462.0,1760,70,75,12251.9
1711.606,174.0,1462.0,1760,100,76,12251.9
1711.724,594.0,1462.0,1760,100,73,12255.1
1711.842,179.8,1462.0,1760,64,75,12256.1
1711.96,179.8,1462.0,1760,100,77,12256.1
1712.079,211.3,1462.0,1760,100,72,12277.8
1712.197,340.8,1462.0,1760,32,72,12283.2
1712.315,470.3,1462.0,1760,7,71,12313.5
1712.433,470.3,1462.0,1760,7,71,12341.6
1712.55,599.8,1462.0,1760,7,71,12366.2
1712.668,185.6,1462.0,1760,43,74,12366.2
1712.786,185.6,1462.0,1760,100,76,12366.2
1712.903,346.6,1462.0,1760,100,72,12384.6
1713.021,476.1,1462.0,1760,21,71,12413.1
1713.139,605.6,1462.0,1760,11,71,12434.2
1713.256,605.6,1462.0,1760,11,71,12456.3
1713.376,191.4,1462.0,1760,8,73,12448.1
1713.495,191.4,1462.0,1760,100,75,12324.1
1713.615,352.4,1462.0,1760,59,72,12327.6
1713.736,611.4,1462.0,1760,59,71,12326.7
1713.856,197.2,1462.0,1760,37,74,12327.0
1713.974,197.2,1462.0,1760,100,76,12327.0
1714.092,358.2,1462.0,1760,100,72,12333.6
1714.21,617.2,1462.0,1760,41,71,12343.4
1714.328,203.0,1462.0,1760,36,73,12345.6
1714.445,203.0,1462.0,1760,100,75,12345.6
1714.563,364.0,1462.0,1760,100,72,12351.8
1714.681,493.5,1462.0,1760,36,71,12361.0
1714.799,208.7,1462.0,1760,18,72,12368.0
1714.916,208.7,1462.0,1760,18,75,12368.0
1715.034,208.7,1462.0,1760,100,74,12368.7
1715.152,628.8,1462.0,1760,54,71,12373.8
1715.269,214.5,1462.0,1760,54,74,12374.7
1715.387,214.5,1462.0,1760,78,75,12374.7
1715.506,375.6,1462.0,1760,88,73,12378.7
1715.624,634.6,1462.0,1760,24,71,12383.9
1715.741,220.3,1462.0,1760,24,74,12383.9
1715.859,220.3,1462.0,1760,99,76,12383.9
1715.977,510.9,1462.0,1760,62,72,12389.4
1716.096,226.1,1462.0,1760,62,73,12391.4
1716.213,226.1,1462.0,1760,72,75,12391.4
1716.331,387.2,1462.0,1760,90,72,12392.6
1716.451,231.9,1462.0,1760,90,73,12392.9
1716.57,231.9,1462.0,1760,59,75,12392.2
1716.69,392.9,1462.0,1760,100,73,12362.7
1716.808,237.7,1462.0,1760,54,73,12365.0
1716.927,237.7,1462.0,1760,54,75,12337.2
1717.045,237.7,1462.0,1760,100,74,12344.3
1717.163,528.2,1462.0,1760,46,71,12370.8
1717.282,243.5,1462.0,1760,46,73,12375.6
1717.399,243.5,1462.0,1760,55,75,12375.6
1717.518,404.5,1462.0,1760,100,73,12379.8
1717.635,663.5,1462.0,1760,26,71,12398.3
1717.753,249.3,1462.0,1760,26,72,12405.7
1717.87,249.3,1462.0,1760,59,75,12405.7
1717.988,280.8,1462.0,1760,97,74,12409.6
1718.106,539.8,1462.0,1760,97,71,12428.9
1718.224,669.3,1462.0,1760,20,71,12445.4
1718.342,224.5,1462.0,1760,22,73,12452.7
1718.46,224.5,1462.0,1760,100,75,12452.7
1718.579,230.1,1462.0,1760,100,73,12522.6
1718.703,230.1,1462.0,1760,34,71,12604.2
1718.832,230.1,1462.0,1760,0,71,12651.0
1718.96,230.1,1462.0,1760,2,71,12697.9
1719.086,230.1,1462.0,1760,2,71,12729.2
1719.216,230.1,1462.0,1760,2,71,12777.3
1719.343,230.1,1462.0,1760,0,71,12808.9
1719.546,230.1,1462.0,1760,2,71,12710.6
1719.689,230.1,1462.0,1760,2,71,12761.0
1719.817,230.1,1462.0,1760,0,71,12792.3
1719.946,230.1,1462.0,1760,0,70,12834.9
1720.072,230.1,1462.0,1760,2,70,12904.0
1720.199,230.1,1462.0,1760,2,70,12935.0
1720.327,230.1,1462.0,1760,0,71,12975.4
1720.455,230.1,1462.0,1760,0,70,13016.2
1720.583,230.1,1462.0,1760,2,71,13024.6
1720.713,230.1,1462.0,1760,0,71,13024.1
1720.972,230.1,1462.0,1760,2,71,13023.3
1721.255,230.1,1462.0,1760,0,70,13029.8
1721.534,230.1,1462.0,1760,2,70,13001.9
1721.837,230.1,1462.0,1760,1,70,13012.3
1722.098,230.1,1462.0,1760,2,70,13020.7
1722.382,230.1,1462.0,1760,1,70,13018.5
1722.567,230.1,1462.0,1760,1,70,12726.7
1722.706,230.1,1462.0,1760,2,70,12738.8
1722.845,230.1,1462.0,1760,1,70,12692.1
1722.975,230.1,1462.0,1760,1,70,12768.3
1723.101,230.1,1462.0,1760,1,70,12810.3
1723.23,230.1,1462.0,1760,2,70,12851.8
1723.355,230.1,1462.0,1760,2,69,12881.2
1723.482,230.1,1462.0,1760,0,69,12910.9
1723.607,230.1,1462.0,1760,0,69,12985.0
1723.733,230.1,1462.0,1760,2,69,13014.6
1723.858,230.1,1462.0,1760,1,69,13052.0
1723.984,230.1,1462.0,1760,1,69,13093.4
1724.111,230.1,1462.0,1760,1,69,13110.2
1724.237,230.1,1462.0,1760,2,69,13186.5
1724.363,230.1,1462.0,1760,1,69,13228.1
1724.49,230.1,1462.0,1760,1,69,13257.9
1724.618,230.1,1462.0,1760,1,69,13293.9
1724.746,230.1,1462.0,1760,2,69,13310.2
1724.875,230.1,1462.0,1760,1,69,13370.8
1725.009,230.1,1462.0,1760,1,69,13411.4
1725.137,230.1,1462.0,1760,1,69,13457.2
1725.264,230.1,1462.0,1760,2,69,13494.0
1725.391,230.1,1462.0,1760,1,69,13519.6
1725.52,230.1,1462.0,1760,1,69,13559.1
1725.646,230.1,1462.0,1760,2,69,13596.2
1725.779,230.1,1462.0,1760,2,70,13623.7
1725.908,230.1,1462.0,1760,2,69,13642.2
1726.62,230.1,1462.0,1760,0,69,13596.5
1727.028,230.1,1462.0,1760,2,69,13475.5
1727.884,230.1,1462.0,1760,0,69,13431.7
1728.053,230.1,1462.0,1760,2,69,12788.0
1728.177,230.1,1462.0,1760,2,69,12260.0
1728.298,230.1,1462.0,1760,2,69,12276.0
1728.418,230.1,1462.0,1760,2,69,12292.8
1728.538,230.1,1462.0,1760,0,69,12315.3
1728.661,230.1,1462.0,1760,2,69,12336.9
1728.781,230.1,1462.0,1760,2,69,12358.7
1728.901,230.1,1462.0,1760,2,69,12382.6
1729.023,230.1,1462.0,1760,0,69,12405.8
1729.144,230.1,1462.0,1760,0,69,12429.1
1729.269,230.1,1462.0,1760,2,69,12452.4
1729.389,230.1,1462.0,1760,2,69,12474.6
1729.509,230.1,1462.0,1760,0,69,12496.1
1729.629,230.1,1462.0,1760,0,69,12518.6
1729.751,230.1,1462.0,1760,2,69,12541.8
1729.874,230.1,1462.0,1760,2,69,12564.1
1729.994,230.1,1462.0,1760,2,69,12586.2
1730.111,230.1,1462.0,1760,0,69,12610.0
1730.23,230.1,1462.0,1760,2,69,12631.8
1730.348,230.1,1462.0,1760,2,69,12654.7
1730.467,230.1,1462.0,1760,2,69,12679.0
1730.587,230.1,1462.0,1760,0,69,12700.5
1730.706,230.1,1462.0,1760,2,69,12723.8
1730.83,230.1,1462.0,1760,2,69,12745.4
1730.953,230.1,1462.0,1760,2,69,12765.1
1731.074,230.1,1462.0,1760,0,69,12784.8
1731.194,230.1,1462.0,1760,2,69,12804.7
1731.314,230.1,1462.0,1760,2,69,12825.8
1731.435,230.1,1462.0,1760,2,69,12845.3
1731.555,230.1,1462.0,1760,0,69,12866.6
1731.676,230.1,1462.0,1760,2,69,12888.2
1731.797,230.1,1462.0,1760,2,69,12908.0
1731.918,230.1,1462.0,1760,2,69,12928.4
1732.038,230.1,1462.0,1760,0,69,12948.9
1732.157,230.1,1462.0,1760,0,69,12967.2
1732.28,230.1,1462.0,1760,2,69,12987.9
1732.4,230.1,1462.0,1760,2,69,13008.3
1732.523,230.1,1462.0,1760,0,69,13029.9
1732.643,230.1,1462.0,1760,0,69,13051.9
1732.763,230.1,1462.0,1760,2,69,13074.8
1732.883,230.1,1462.0,1760,2,69,13096.9
1733.004,230.1,1462.0,1760,2,69,13114.1
1733.124,230.1,1462.0,1760,0,69,13129.2
1733.244,230.1,1462.0,1760,2,69,13144.7
1733.365,230.1,1462.0,1760,2,69,13160.6
1733.488,230.1,1462.0,1760,2,69,13171.9
1733.608,230.1,1462.0,1760,0,69,13172.1
1733.735,230.1,1462.0,1760,2,69,13172.1
1733.861,230.1,1462.0,1760,2,69,13172.1
1733.987,230.1,1462.0,1760,2,69,13172.1
1734.114,230.1,1462.0,1760,0,69,13172.1
1734.24,421.1,1462.0,1760,2,69,12941.9
1734.358,550.6,1462.0,1760,20,69,12957.0
1734.476,680.1,1462.0,1760,20,69,12974.7
1734.594,292.4,1482.0,1780,7,69,12988.6
1734.712,260.1,1482.0,1780,78,71,12988.6
1734.829,260.1,1482.0,1780,78,72,12988.6
1734.947,260.1,1482.0,1780,100,75,12988.6
1735.065,260.1,1482.0,1780,100,72,12989.0
1735.183,550.6,1482.0,1780,100,70,12996.4
1735.301,680.1,1482.0,1780,39,70,13010.0
1735.419,254.6,1482.0,1780,40,73,13010.0
1735.536,254.6,1482.0,1780,100,75,13010.0
1735.654,254.6,1482.0,1780,100,76,13010.0
1735.772,254.6,1482.0,1780,100,72,13010.0
1735.889,545.1,1482.0,1780,61,71,13017.9
1736.007,249.0,1482.0,1780,61,72,13020.2
1736.125,249.0,1482.0,1780,59,74,13020.2
1736.242,249.0,1482.0,1780,100,76,13020.2
1736.36,249.0,1482.0,1780,100,75,13020.2
1736.479,410.0,1482.0,1780,100,71,13022.4
1736.597,243.4,1482.0,1780,56,72,13024.4
1736.715,243.4,1482.0,1780,92,74,13024.4
1736.833,243.4,1482.0,1780,92,74,13024.4
1736.951,243.4,1482.0,1780,100,76,13024.4
1737.068,404.4,1482.0,1780,94,72,13026.6
1737.188,237.8,1482.0,1780,94,71,13030.1
1737.305,237.8,1482.0,1780,44,74,13030.1
1737.423,237.8,1482.0,1780,100,75,13030.1
1737.541,237.8,1482.0,1780,100,76,13030.1
1737.659,269.3,1482.0,1780,100,73,13031.9
1737.777,657.8,1482.0,1780,72,71,13041.1
1737.895,232.2,1482.0,1780,55,73,13041.7
1738.012,232.2,1482.0,1780,55,75,13041.7
1738.131,232.2,1482.0,1780,100,76,13041.7
1738.249,232.2,1482.0,1780,100,73,13041.7
1738.367,393.3,1482.0,1780,49,71,13047.5
1738.485,652.3,1482.0,1780,49,70,13053.8
1738.604,226.7,1482.0,1780,30,74,13055.0
1738.721,226.7,1482.0,1780,100,75,13055.0
1738.839,226.7,1482.0,1780,100,76,13055.0
1738.957,226.7,1482.0,1780,100,74,13055.0
1739.075,387.7,1482.0,1780,72,71,13061.5
1739.194,221.1,1482.0,1780,72,71,13065.6
1739.312,221.1,1482.0,1780,43,74,13065.6
1739.43,221.1,1482.0,1780,100,75,13065.6
1739.548,221.1,1482.0,1780,100,76,13065.6
1739.665,221.1,1482.0,1780,100,73,13068.1
1739.783,511.6,1482.0,1780,65,71,13076.9
1739.9,641.1,1482.0,1780,14,70,13086.4
1740.018,215.5,1482.0,1780,14,73,13088.2
1740.135,215.5,1482.0,1780,72,75,13088.2
1740.252,215.5,1482.0,1780,100,76,13088.2
1740.369,215.5,1482.0,1780,100,73,13088.2
1740.49,376.5,1482.0,1780,100,71,13095.1
1740.609,635.5,1482.0,1780,30,70,13104.7
1740.727,209.9,1482.0,1780,49,72,13106.9
1740.844,209.9,1482.0,1780,49,74,13106.9
1740.962,209.9,1482.0,1780,100,76,13106.9
1741.079,209.9,1482.0,1780,100,74,13106.9
1741.197,370.9,1482.0,1780,100,71,13111.1
1741.315,629.9,1482.0,1780,53,71,13118.6
1741.433,204.4,1482.0,1780,23,72,13121.8
1741.55,204.4,1482.0,1780,100,75,13121.8
1741.668,204.4,1482.0,1780,100,76,13121.8
1741.785,204.4,1482.0,1780,100,74,13121.8
1741.903,365.4,1482.0,1780,76,71,13133.3
1742.021,365.4,1482.0,1780,76,71,13171.1
1742.138,494.9,1482.0,1780,7,70,13194.7
1742.256,624.4,1482.0,1780,12,70,13222.3
1742.373,198.8,1482.0,1780,12,71,13242.3
1742.491,198.8,1482.0,1780,34,74,13242.3
1742.609,198.8,1482.0,1780,100,74,13242.3
1742.726,198.8,1482.0,1780,100,76,13242.3
1742.844,198.8,1482.0,1780,100,72,13254.5
1742.962,359.8,1482.0,1780,54,71,13286.4
1743.081,489.3,1482.0,1780,8,70,13315.7
1743.198,489.3,1482.0,1780,8,70,13348.2
1743.316,618.8,1482.0,1780,7,70,13383.3
1743.434,1202.8,1482.0,1780,8,71,13406.7
1743.552,193.2,1482.0,1780,82,74,13406.7
1743.669,193.2,1482.0,1780,82,74,13406.7
1743.787,193.2,1482.0,1780,100,76,13406.7
1743.906,193.2,1482.0,1780,100,72,13412.3
1744.024,354.2,1482.0,1780,100,71,13438.4
1744.142,483.7,1482.0,1780,9,70,13470.0
1744.26,613.2,1482.0,1780,11,70,13505.7
1744.378,187.6,1482.0,1780,11,73,13505.9
1744.495,187.6,1482.0,1780,72,75,13505.9
1744.613,187.6,1482.0,1780,100,76,13505.9
1744.73,187.6,1482.0,1780,100,73,13505.9
1744.847,348.6,1482.0,1780,100,71,13532.2
1744.966,182.0,1482.0,1780,31,72,13540.7
1745.083,182.0,1482.0,1780,91,74,13540.7
1745.201,182.0,1482.0,1780,91,76,13540.7
1745.318,182.0,1482.0,1780,100,75,13540.7
1745.436,343.0,1482.0,1780,92,72,13526.5
1745.556,176.5,1482.0,1780,92,73,13524.6
1745.674,176.5,1482.0,1780,59,74,13524.6
1745.792,176.5,1482.0,1780,100,77,13524.6
1745.91,176.5,1482.0,1780,100,76,13524.6
1746.027,337.5,1482.0,1780,100,72,13504.9
1746.145,713.7,1482.0,1780,62,71,13318.9
1746.262,170.9,1482.0,1780,72,74,13318.9
1746.379,170.9,1482.0,1780,72,76,13318.9
1746.497,170.9,1482.0,1780,100,76,13318.9
1746.614,170.9,1482.0,1780,100,73,13324.6
1746.732,461.4,1482.0,1780,100,71,13350.6
1746.85,165.3,1482.0,1780,33,72,13356.2
1746.968,165.3,1482.0,1780,82,75,13356.2
1747.086,165.3,1482.0,1780,100,76,13356.2
1747.203,165.3,1482.0,1780,100,74,13356.2
1747.32,326.3,1482.0,1780,100,71,13369.2
1747.438,585.3,1482.0,1780,23,71,13391.4
1747.556,159.7,1482.0,1780,23,74,13392.4
1747.674,159.7,1482.0,1780,78,74,13392.4
1747.791,159.7,1482.0,1780,100,77,13392.4
1747.909,159.7,1482.0,1780,100,73,13392.4
1748.027,320.7,1482.0,1780,100,71,13415.7
1748.145,579.7,1482.0,1780,23,71,13445.1
1748.262,154.2,1482.0,1780,49,73,13453.0
1748.38,154.2,1482.0,1780,49,75,13453.0
1748.497,154.2,1482.0,1780,100,77,13453.0
1748.614,154.2,1482.0,1780,100,74,13453.0
1748.732,315.2,1482.0,1780,100,71,13474.4
1748.849,444.7,1482.0,1780,49,71,13506.9
1748.967,574.2,1482.0,1780,16,70,13488.9
1749.086,148.6,1482.0,1780,66,74,13335.6
1749.204,148.6,1482.0,1780,66,75,13335.6
1749.322,148.6,1482.0,1780,100,77,13335.6
1749.44,148.6,1482.0,1780,100,73,13335.6
1749.558,439.1,1482.0,1780,100,71,13364.6
1749.675,143.0,1482.0,1780,38,71,13399.8
1749.793,143.0,1482.0,1780,67,74,13399.8
1749.911,143.0,1482.0,1780,67,75,13399.8
1750.028,143.0,1482.0,1780,100,77,13399.8
1750.146,143.0,1482.0,1780,100,73,13411.4
1750.264,433.5,1482.0,1780,31,71,13460.4
1750.382,563.0,1482.0,1780,31,71,13511.4
1750.5,137.4,1482.0,1780,30,74,13514.1
1750.618,137.4,1482.0,1780,100,76,13514.1
1750.736,137.4,1482.0,1780,100,76,13514.1
1750.855,137.4,1482.0,1780,100,73,13514.1
1750.973,298.4,1482.0,1780,71,71,13567.9
1751.091,557.4,1482.0,1780,16,71,13382.9
1751.21,131.8,1482.0,1780,16,72,13386.8
1751.329,131.8,1482.0,1780,58,75,13386.8
1751.447,131.8,1482.0,1780,100,75,13386.8
1751.565,131.8,1482.0,1780,100,76,13386.8
1751.683,138.8,1482.0,1780,100,72,13414.1
1751.8,292.8,1482.0,1780,32,71,13503.7
1751.918,422.3,1482.0,1780,11,70,13589.3
1752.036,551.8,1482.0,1780,11,70,13694.4
1752.156,126.3,1482.0,1780,11,72,13738.4
1752.277,126.3,1482.0,1780,93,74,13729.3
1752.398,126.3,1482.0,1780,93,76,13714.7
1752.52,126.3,1482.0,1780,100,75,13700.2
1752.641,157.8,1482.0,1780,89,72,13750.7
1752.761,287.3,1482.0,1780,8,71,13821.7
1752.899,416.8,1482.0,1780,2,70,13806.7
1753.323,416.8,1482.0,1780,2,70,13738.8
1753.829,416.8,1482.0,1780,2,70,13688.6
1754.308,546.3,1482.0,1780,2,70,13619.7
1754.815,546.3,1482.0,1780,2,70,13575.4
1755.24,120.7,1482.0,1780,100,74,13541.1
1755.611,120.7,1482.0,1780,100,76,13531.8
1755.732,124.2,1482.0,1780,2,70,13503.7
1756.058,281.7,1482.0,1780,1,70,13423.6
1756.496,281.7,1482.0,1780,0,70,13375.9
1756.932,281.7,1482.0,1780,1,70,13321.5
1757.43,411.2,1482.0,1780,0,70,13270.8
1757.91,411.2,1482.0,1780,2,70,13223.9
1758.338,411.2,1482.0,1780,2,70,13174.5
1758.796,540.7,1482.0,1780,2,70,13129.1
1759.21,540.7,1482.0,1780,2,70,13077.1
1759.632,540.7,1482.0,1780,1,70,13030.2
1760.057,115.1,1482.0,1780,79,75,13006.2
1760.379,115.1,1482.0,1780,100,75,12996.3
1760.503,115.1,1482.0,1780,100,71,13014.8
1760.69,276.1,1482.0,1780,1,70,13007.2
1760.959,276.1,1482.0,1780,5,70,12987.7
1761.079,405.6,1482.0,1780,2,70,12922.3
1761.604,405.6,1482.0,1780,1,70,12876.3
1762.033,405.6,1482.0,1780,0,70,12821.3
1762.472,535.1,1482.0,1780,2,70,12787.9
1762.847,595.9,1482.0,1780,3,70,12557.3
1762.97,87.8,1482.0,1780,83,74,12461.1
1763.088,87.8,1482.0,1780,83,74,12433.6
1763.207,87.8,1482.0,1780,100,76,12418.8
1763.325,79.3,1482.0,1780,99,73,12409.2
1763.443,65.4,1482.0,1780,99,71,12415.1
1763.56,500.7,1482.0,1780,4,70,12434.7
1763.679,86.7,1482.0,1780,75,74,12434.7
1763.809,86.7,1482.0,1780,100,76,12434.7
1763.927,92.8,1482.0,1780,100,72,12434.8
1764.045,92.8,1482.0,1780,91,75,12434.8
1764.163,253.8,1482.0,1780,97,73,12435.0
1764.284,98.9,1482.0,1780,97,74,12435.1
1764.401,98.9,1482.0,1780,93,75,12435.1
1764.519,518.9,1482.0,1780,95,72,12436.4
1764.638,104.9,1482.0,1780,95,74,12436.4
1764.756,104.9,1482.0,1780,95,76,12436.4
1764.873,111.0,1482.0,1780,87,73,12438.5
1764.992,111.0,1482.0,1780,88,75,12438.5
1765.11,111.0,1482.0,1780,88,74,12439.0
1765.228,117.1,1482.0,1780,89,72,12441.7
1765.346,117.1,1482.0,1780,84,74,12441.7
1765.465,117.1,1482.0,1780,84,75,12441.9
1765.583,123.2,1482.0,1780,89,73,12444.5
1765.701,123.2,1482.0,1780,76,74,12444.5
1765.819,126.7,1482.0,1780,94,74,12444.8
1765.938,129.2,1482.0,1780,94,73,12445.9
1766.055,129.2,1482.0,1780,82,75,12445.9
1766.174,290.2,1482.0,1780,99,73,12447.3
1766.293,135.3,1482.0,1780,99,74,12447.8
1766.41,135.3,1482.0,1780,82,75,12447.8
1766.527,296.3,1482.0,1780,92,72,12450.1
1766.645,141.4,1482.0,1780,69,73,12451.3
1766.763,141.4,1482.0,1780,69,75,12451.3
1766.881,302.4,1482.0,1780,100,72,12452.9
1766.999,147.4,1482.0,1780,58,73,12455.2
1767.116,147.4,1482.0,1780,58,75,12455.2
1767.234,308.5,1482.0,1780,100,74,12456.6
1767.353,153.5,1482.0,1780,57,73,12460.1
1767.47,153.5,1482.0,1780,57,75,12460.1
1767.589,153.5,1482.0,1780,100,75,12461.8
1767.708,159.6,1482.0,1780,68,73,12464.9
1767.826,159.6,1482.0,1780,91,74,12464.9
1767.944,159.6,1482.0,1780,91,75,12465.4
1768.062,165.7,1482.0,1780,77,71,12470.0
1768.181,165.7,1482.0,1780,77,75,12470.0
1768.299,165.7,1482.0,1780,77,76,12470.0
1768.417,456.2,1482.0,1780,91,71,12482.6
1768.536,171.7,1482.0,1780,23,72,12490.0
1768.653,171.7,1482.0,1780,97,75,12490.0
1768.772,171.7,1482.0,1780,97,73,12498.0
1768.89,332.7,1482.0,1780,58,71,12528.0
1769.008,462.2,1482.0,1780,8,71,12556.0
1769.127,462.2,1482.0,1780,8,70,12587.0
1769.245,591.7,1482.0,1780,7,70,12617.7
1769.363,629.9,1482.0,1780,7,72,12638.7
1769.482,177.8,1482.0,1780,86,74,12541.6
1769.613,177.8,1482.0,1780,86,75,12532.8
1769.732,338.8,1482.0,1780,77,71,12556.5
1769.851,468.3,1482.0,1780,9,71,12579.5
1769.97,597.8,1482.0,1780,9,70,12602.7
1770.091,183.9,1482.0,1780,10,72,12604.1
1770.209,183.9,1482.0,1780,82,75,12594.1
1770.328,344.9,1482.0,1780,78,72,12589.0
1770.447,603.9,1482.0,1780,78,71,12590.1
1770.566,189.9,1482.0,1780,18,73,12584.4
1770.685,189.9,1482.0,1780,97,75,12574.5
1770.804,351.0,1482.0,1780,97,72,12568.6
1770.923,480.5,1482.0,1780,67,71,12571.0
1771.042,196.0,1482.0,1780,25,73,12566.4
1771.16,196.0,1482.0,1780,100,75,12556.4
1771.278,227.5,1482.0,1780,100,72,12551.6
1771.398,486.5,1482.0,1780,52,71,12554.2
1771.517,202.1,1482.0,1780,20,71,12553.0
1771.636,202.1,1482.0,1780,20,74,12543.0
1771.754,202.1,1482.0,1780,100,75,12534.7
1771.873,492.6,1482.0,1780,55,71,12534.8
1771.993,208.2,1482.0,1780,48,72,12529.6
1772.111,208.2,1482.0,1780,48,75,12520.1
1772.231,239.7,1482.0,1780,100,74,12513.0
1772.35,498.7,1482.0,1780,31,71,12513.2
1772.469,214.2,1482.0,1780,31,72,12509.7
1772.589,214.2,1482.0,1780,52,75,12500.2
1772.708,214.2,1482.0,1780,100,74,12493.0
1772.828,504.7,1482.0,1780,28,71,12509.5
1772.947,220.3,1482.0,1780,28,73,12507.7
1773.066,220.3,1482.0,1780,74,75,12498.4
1773.185,381.3,1482.0,1780,85,73,12493.3
1773.305,640.3,1482.0,1780,85,71,12491.7
1773.424,226.4,1482.0,1780,23,74,12485.3
1773.543,226.4,1482.0,1780,99,75,12475.6
1773.662,387.4,1482.0,1780,99,72,12472.5
1773.781,646.4,1482.0,1780,62,71,12470.2
1773.901,232.4,1482.0,1780,53,74,12460.3
1774.021,232.4,1482.0,1780,100,76,12450.5
1774.14,523.0,1482.0,1780,100,72,12455.8
1774.259,238.5,1482.0,1780,33,72,12456.3
1774.378,238.5,1482.0,1780,75,75,12402.2
1774.497,238.5,1482.0,1780,75,74,12249.9
1774.616,529.0,1482.0,1780,85,72,12084.3
1774.735,658.5,1482.0,1780,19,71,12108.1
1774.853,244.6,1482.0,1780,35,73,12116.9
1774.971,244.6,1482.0,1780,35,75,12116.9
1775.088,276.1,1482.0,1780,100,73,12124.9
1775.207,535.1,1482.0,1780,34,71,12143.6
1775.324,664.6,1482.0,1780,34,71,12173.7
1775.442,664.6,1482.0,1780,10,71,12198.4
1775.56,220.0,1482.0,1780,17,73,12208.2
1775.678,220.0,1482.0,1780,100,75,12208.2
1775.795,225.9,1482.0,1780,100,73,12249.4
1775.914,225.9,1482.0,1780,43,71,12347.3
1776.038,225.9,1482.0,1780,0,71,12415.4
1776.163,225.9,1482.0,1780,0,71,12471.3
1776.29,225.9,1482.0,1780,2,71,12526.8
1776.416,225.9,1482.0,1780,0,70,12609.2
1776.543,225.9,1482.0,1780,3,70,12676.5
1776.671,225.9,1482.0,1780,2,70,12731.2
1776.798,225.9,1482.0,1780,2,70,12759.5
1776.925,225.9,1482.0,1780,2,70,12823.7
1777.052,225.9,1482.0,1780,0,70,12878.6
1777.178,225.9,1482.0,1780,2,70,12909.8
1777.307,225.9,1482.0,1780,2,70,12937.9
1777.437,225.9,1482.0,1780,2,70,12988.6
1777.563,225.9,1482.0,1780,0,70,13046.3
1777.693,225.9,1482.0,1780,2,70,13084.0
1777.821,225.9,1482.0,1780,2,70,13118.1
1777.947,225.9,1482.0,1780,2,70,13144.4
1778.075,225.9,1482.0,1780,0,70,13174.8
1778.201,225.9,1482.0,1780,2,70,13203.4
1778.476,225.9,1482.0,1780,2,70,13230.1
1778.602,225.9,1482.0,1780,2,70,13245.8
1778.866,225.9,1482.0,1780,0,70,13226.1
1779.177,225.9,1482.0,1780,2,69,13227.1
1779.393,225.9,1482.0,1780,0,69,13236.6
1779.661,225.9,1482.0,1780,2,69,13225.5
1780.023,225.9,1482.0,1780,2,69,13212.9
1780.342,225.9,1482.0,1780,2,69,13236.7
1780.542,225.9,1482.0,1780,0,69,13240.4
1780.739,225.9,1482.0,1780,2,69,13115.3
1780.879,225.9,1482.0,1780,2,69,13086.1
1781.029,225.9,1482.0,1780,0,69,13115.8
1781.156,225.9,1482.0,1780,0,69,13157.1
1781.282,225.9,1482.0,1780,2,69,13172.6
1781.408,225.9,1482.0,1780,2,69,13250.9
1781.536,225.9,1482.0,1780,0,69,13292.5
1781.663,225.9,1482.0,1780,0,69,13329.8
1781.792,225.9,1482.0,1780,2,69,13362.6
1781.921,225.9,1482.0,1780,2,69,13381.2
1782.05,225.9,1482.0,1780,0,69,13441.6
1782.177,225.9,1482.0,1780,0,69,13495.0
1782.312,225.9,1482.0,1780,2,69,13520.2
1782.571,225.9,1482.0,1780,0,69,13541.9
1782.711,225.9,1482.0,1780,2,69,13567.4
1782.841,225.9,1482.0,1780,2,69,13594.4
1783.055,225.9,1482.0,1780,0,69,13603.8
1783.317,225.9,1482.0,1780,0,69,13576.7
1783.702,225.9,1482.0,1780,2,69,13490.5
1784.516,225.9,1482.0,1780,2,69,13415.9
1785.144,225.9,1482.0,1780,0,69,13239.0
1785.268,225.9,1482.0,1780,2,69,12660.4
1785.387,225.9,1482.0,1780,2,69,12584.0
1785.508,225.9,1482.0,1780,2,69,12602.3
1785.628,225.9,1482.0,1780,0,69,12622.3
1785.748,225.9,1482.0,1780,2,69,12645.8
1785.871,225.9,1482.0,1780,2,69,12667.3
1785.993,225.9,1482.0,1780,2,69,12689.1
1786.112,225.9,1482.0,1780,0,69,12710.8
1786.235,225.9,1482.0,1780,2,69,12732.8
1786.359,225.9,1482.0,1780,2,69,12754.7
1786.479,225.9,1482.0,1780,2,69,12776.2
1786.602,225.9,1482.0,1780,0,69,12799.2
1786.725,225.9,1482.0,1780,2,69,12821.0
1786.845,225.9,1482.0,1780,2,69,12841.4
1786.965,225.9,1482.0,1780,2,69,12863.0
1787.083,225.9,1482.0,1780,0,69,12886.8
1787.202,225.9,1482.0,1780,0,69,12909.7
1787.321,225.9,1482.0,1780,2,69,12931.0
1787.445,225.9,1482.0,1780,2,69,12949.5
1787.565,225.9,1482.0,1780,0,69,12969.1
1787.683,225.9,1482.0,1780,0,69,12993.2
1787.804,225.9,1482.0,1780,2,69,13013.9
1787.923,225.9,1482.0,1780,2,69,13035.9
1788.044,225.9,1482.0,1780,2,69,13059.2
1788.167,225.9,1482.0,1780,0,69,13080.3
1788.289,225.9,1482.0,1780,2,69,13100.5
1788.411,225.9,1482.0,1780,2,69,13119.6
1788.531,225.9,1482.0,1780,2,69,13140.9
1788.653,225.9,1482.0,1780,0,69,13161.6
1788.773,225.9,1482.0,1780,1,69,13181.3
1788.894,225.9,1482.0,1780,2,69,13200.7
1789.014,225.9,1482.0,1780,2,69,13220.4
1789.134,225.9,1482.0,1780,0,69,13239.8
1789.254,225.9,1482.0,1780,1,69,13261.1
1789.373,225.9,1482.0,1780,1,69,13280.4
1789.493,225.9,1482.0,1780,2,69,13301.1
1789.611,225.9,1482.0,1780,1,69,13322.9
1789.733,225.9,1482.0,1780,1,69,13345.9
1789.852,225.9,1482.0,1780,1,69,13367.1
1789.972,225.9,1482.0,1780,2,69,13387.1
1790.095,225.9,1482.0,1780,2,69,13399.9
1790.217,225.9,1482.0,1780,2,69,13413.4
1790.338,225.9,1482.0,1780,0,69,13420.9
1790.461,225.9,1482.0,1780,2,69,13428.6
1790.579,225.9,1482.0,1780,1,69,13440.0
1790.704,225.9,1482.0,1780,1,69,13449.1
1790.83,225.9,1482.0,1780,1,69,13449.1
1790.956,225.9,1482.0,1780,2,69,13449.1
1791.082,225.9,1482.0,1780,1,69,13449.1
1791.211,225.9,1482.0,1780,1,69,13296.2
1791.339,546.7,1482.0,1780,1,69,13204.0
1791.461,256.6,1502.0,1800,57,71,13206.7
1791.58,256.6,1502.0,1800,100,72,13206.7
1791.697,256.6,1502.0,1800,100,75,13206.7
1791.815,256.6,1502.0,1800,100,73,13206.7
1791.932,676.7,1502.0,1800,79,71,13209.6
1792.049,251.2,1502.0,1800,79,74,13209.6
1792.167,251.2,1502.0,1800,95,76,13209.6
1792.284,251.2,1502.0,1800,100,76,13209.6
1792.402,251.2,1502.0,1800,98,73,13209.6
1792.523,1241.6,1502.0,1800,98,72,13213.7
1792.64,245.8,1502.0,1800,63,74,13213.7
1792.758,245.8,1502.0,1800,100,75,13213.7
1792.875,245.8,1502.0,1800,100,77,13213.7
1792.993,245.8,1502.0,1800,100,73,13213.7
1793.111,240.4,1502.0,1800,71,72,13215.8
1793.229,240.4,1502.0,1800,71,74,13215.8
1793.346,240.4,1502.0,1800,98,75,13215.8
1793.464,240.4,1502.0,1800,100,76,13215.8
1793.581,271.9,1502.0,1800,95,73,13216.2
1793.7,235.0,1502.0,1800,95,72,13217.6
1793.817,235.0,1502.0,1800,77,75,13217.6
1793.935,235.0,1502.0,1800,100,75,13217.6
1794.053,235.0,1502.0,1800,100,76,13217.6
1794.171,396.0,1502.0,1800,100,72,13219.2
1794.289,229.6,1502.0,1800,68,73,13220.1
1794.407,229.6,1502.0,1800,68,75,13220.1
1794.524,229.6,1502.0,1800,100,77,13220.1
1794.641,229.6,1502.0,1800,100,75,13220.1
1794.761,390.6,1502.0,1800,83,73,13221.3
1794.879,224.2,1502.0,1800,83,73,13222.2
1794.996,224.2,1502.0,1800,81,75,13222.2
1795.114,224.2,1502.0,1800,100,76,13222.2
1795.232,224.2,1502.0,1800,100,76,13222.2
1795.35,514.7,1502.0,1800,100,72,13223.5
1795.468,218.8,1502.0,1800,71,74,13224.2
1795.586,218.8,1502.0,1800,100,75,13224.2
1795.704,218.8,1502.0,1800,100,77,13224.2
1795.822,218.8,1502.0,1800,100,74,13224.2
1795.939,509.3,1502.0,1800,74,72,13228.1
1796.058,213.3,1502.0,1800,74,73,13230.7
1796.176,213.3,1502.0,1800,70,75,13230.7
1796.293,213.3,1502.0,1800,100,77,13230.7
1796.412,213.3,1502.0,1800,100,75,13230.7
1796.529,374.4,1502.0,1800,100,72,13232.9
1796.647,207.9,1502.0,1800,55,72,13235.3
1796.765,207.9,1502.0,1800,100,75,13235.3
1796.882,207.9,1502.0,1800,100,75,13235.3
1796.999,207.9,1502.0,1800,100,76,13235.3
1797.117,368.9,1502.0,1800,90,73,13236.7
1797.235,1210.0,1502.0,1800,90,71,13242.1
1797.354,202.5,1502.0,1800,48,75,13242.1
1797.472,202.5,1502.0,1800,100,76,13242.1
1797.589,202.5,1502.0,1800,100,77,13242.1
1797.707,202.5,1502.0,1800,100,74,13242.7
1797.824,1213.4,1502.0,1800,77,73,13249.1
1797.941,197.1,1502.0,1800,84,75,13249.1
1798.058,197.1,1502.0,1800,84,75,13249.1
1798.176,197.1,1502.0,1800,100,77,13249.1
1798.293,197.1,1502.0,1800,100,73,13249.1
1798.41,358.1,1502.0,1800,100,72,13280.9
1798.528,358.1,1502.0,1800,20,71,13311.4
1798.646,487.6,1502.0,1800,8,71,13346.8
1798.763,487.6,1502.0,1800,8,71,13381.7
1798.881,617.1,1502.0,1800,6,71,13410.7
1799.0,191.7,1502.0,1800,30,74,13411.9
1799.117,191.7,1502.0,1800,100,75,13411.9
1799.235,191.7,1502.0,1800,100,77,13411.9
1799.352,191.7,1502.0,1800,100,73,13411.9
1799.47,352.7,1502.0,1800,67,72,13423.9
1799.588,611.7,1502.0,1800,67,71,13446.2
1799.706,186.3,1502.0,1800,19,74,13449.9
1799.824,186.3,1502.0,1800,95,75,13449.9
1799.941,186.3,1502.0,1800,100,77,13449.9
1800.059,186.3,1502.0,1800,100,75,13449.9
1800.177,347.3,1502.0,1800,92,72,13492.7
1800.294,476.8,1502.0,1800,12,71,13551.3
1800.412,606.3,1502.0,1800,12,71,13615.2
1800.532,180.9,1502.0,1800,30,74,13201.1
1800.653,180.9,1502.0,1800,100,76,13059.8
1800.77,180.9,1502.0,1800,100,77,13059.8
1800.889,180.9,1502.0,1800,100,73,13059.8
1801.007,341.9,1502.0,1800,73,72,13117.6
1801.125,471.4,1502.0,1800,15,71,13175.6
1801.242,854.8,1502.0,1800,15,71,13202.7
1801.36,175.5,1502.0,1800,39,74,13202.7
1801.477,175.5,1502.0,1800,100,76,13202.7
1801.594,175.5,1502.0,1800,100,77,13202.7
1801.712,175.5,1502.0,1800,100,74,13202.8
1801.829,336.5,1502.0,1800,61,72,13253.5
1801.948,466.0,1502.0,1800,10,71,13310.4
1802.065,595.5,1502.0,1800,10,71,13332.1
1802.185,1168.8,1502.0,1800,11,71,13353.6
1802.304,170.0,1502.0,1800,71,74,13348.2
1802.424,170.0,1502.0,1800,71,76,13339.3
1802.544,170.0,1502.0,1800,100,77,13330.3
1802.665,170.0,1502.0,1800,100,73,13321.0
1802.788,331.0,1502.0,1800,26,71,13351.3
1802.908,331.0,1502.0,1800,26,71,13353.0
1803.029,331.0,1502.0,1800,4,71,13342.8
1803.149,331.0,1502.0,1800,3,70,13335.6
1803.27,460.5,1502.0,1800,3,70,13327.1
1803.39,460.5,1502.0,1800,1,70,13317.7
1803.511,460.5,1502.0,1800,3,70,13310.3
1803.632,460.5,1502.0,1800,3,70,13304.4
1803.752,460.5,1502.0,1800,3,70,13292.9
1803.873,460.5,1502.0,1800,1,70,13282.9
1803.994,460.5,1502.0,1800,2,70,13267.9
1804.115,460.5,1502.0,1800,2,70,13256.3
1804.236,460.5,1502.0,1800,2,70,13244.2
1804.357,460.5,1502.0,1800,1,70,13235.8
1804.477,590.0,1502.0,1800,3,70,13227.7
1804.598,590.0,1502.0,1800,3,70,13218.5
1804.718,590.0,1502.0,1800,3,70,13208.8
1804.839,590.0,1502.0,1800,1,70,13202.9
1804.959,590.0,1502.0,1800,3,70,13191.0
1805.08,590.0,1502.0,1800,3,70,13177.4
1805.201,590.0,1502.0,1800,4,70,13166.4
1805.323,590.0,1502.0,1800,1,70,13155.5
1805.444,590.0,1502.0,1800,1,70,13138.7
1805.565,164.6,1502.0,1800,15,73,13124.1
1805.686,164.6,1502.0,1800,100,75,13112.1
1805.806,164.6,1502.0,1800,100,76,13093.7
1805.926,164.6,1502.0,1800,100,73,13075.7
1806.047,196.1,1502.0,1800,77,71,13056.5
1806.167,325.6,1502.0,1800,6,71,13051.3
1806.288,455.1,1502.0,1800,6,70,13044.9
1806.407,455.1,1502.0,1800,8,70,13041.9
1806.528,584.6,1502.0,1800,6,70,13038.8
1806.648,584.6,1502.0,1800,6,70,13027.9
1806.769,584.6,1502.0,1800,6,70,13019.8
1806.889,159.2,1502.0,1800,2,72,13015.4
1807.008,159.2,1502.0,1800,96,74,13015.4
1807.126,159.2,1502.0,1800,96,77,13015.4
1807.244,159.2,1502.0,1800,100,75,13015.4
1807.363,449.7,1502.0,1800,92,72,13020.5
1807.481,579.2,1502.0,1800,20,71,13013.0
1807.6,579.2,1502.0,1800,20,70,12999.6
1807.72,579.2,1502.0,1800,3,70,12988.0
1807.841,579.2,1502.0,1800,2,70,12975.6
1807.961,153.8,1502.0,1800,2,72,12973.4
1808.079,153.8,1502.0,1800,47,75,12973.4
1808.198,153.8,1502.0,1800,100,76,12973.4
1808.316,153.8,1502.0,1800,100,75,12973.4
1808.434,153.8,1502.0,1800,100,72,12968.9
1808.553,160.8,1502.0,1800,42,71,12956.8
1808.672,314.8,1502.0,1800,3,70,12948.9
1808.791,314.8,1502.0,1800,3,70,12936.3
1808.911,444.3,1502.0,1800,5,70,12927.3
1809.032,444.3,1502.0,1800,7,70,12916.2
1809.152,444.3,1502.0,1800,5,70,12905.3
1809.271,573.8,1502.0,1800,5,70,12896.5
1809.391,148.4,1502.0,1800,9,72,12886.5
1809.511,148.4,1502.0,1800,88,74,12882.4
1809.629,148.4,1502.0,1800,88,76,12882.4
1809.748,148.4,1502.0,1800,100,75,12882.4
1809.866,309.4,1502.0,1800,100,72,12884.7
1809.986,309.4,1502.0,1800,8,71,12873.9
1810.106,438.9,1502.0,1800,8,70,12867.2
1810.226,175.1,1502.0,1800,17,72,12864.7
1810.344,143.0,1502.0,1800,65,74,12864.7
1810.463,143.0,1502.0,1800,65,75,12864.7
1810.58,143.0,1502.0,1800,100,76,12864.7
1810.699,143.0,1502.0,1800,100,73,12865.1
1810.816,433.5,1502.0,1800,42,71,12874.4
1810.934,563.0,1502.0,1800,42,71,12871.3
1811.054,137.6,1502.0,1800,42,74,12862.2
1811.173,137.6,1502.0,1800,100,76,12853.8
1811.291,137.6,1502.0,1800,100,76,12853.8
1811.409,137.6,1502.0,1800,100,73,12853.9
1811.528,428.1,1502.0,1800,64,71,12860.8
1811.647,557.6,1502.0,1800,13,71,12850.6
1811.767,132.1,1502.0,1800,13,73,12844.1
1811.887,132.1,1502.0,1800,87,75,12839.1
1812.004,132.1,1502.0,1800,100,76,12839.1
1812.121,132.1,1502.0,1800,100,74,12839.1
1812.239,293.2,1502.0,1800,100,72,12848.3
1812.357,552.2,1502.0,1800,26,71,12855.5
1812.476,552.2,1502.0,1800,26,70,12866.4
1812.596,552.2,1502.0,1800,4,70,12853.5
1812.716,552.2,1502.0,1800,2,70,12843.8
1812.835,552.2,1502.0,1800,2,70,12830.0
1812.956,552.2,1502.0,1800,2,70,12819.0
1813.075,552.2,1502.0,1800,1,70,12805.7
1813.195,552.2,1502.0,1800,2,70,12791.9
1813.315,552.2,1502.0,1800,2,70,12780.6
1813.435,552.2,1502.0,1800,2,70,12766.9
1813.556,552.2,1502.0,1800,0,70,12753.3
1813.675,126.7,1502.0,1800,29,72,12744.0
1813.795,126.7,1502.0,1800,29,74,12734.7
1813.914,126.7,1502.0,1800,100,76,12725.4
1814.034,126.7,1502.0,1800,100,75,12724.5
1814.151,126.7,1502.0,1800,100,72,12719.8
1814.271,126.7,1502.0,1800,60,71,12707.7
1814.391,126.7,1502.0,1800,2,70,12694.0
1814.511,130.2,1502.0,1800,1,70,12684.3
1814.631,133.7,1502.0,1800,1,70,12671.0
1814.751,158.2,1502.0,1800,2,70,12660.3
1814.87,158.2,1502.0,1800,2,70,12646.9
1814.99,158.2,1502.0,1800,1,70,12634.1
1815.11,287.7,1502.0,1800,1,70,12623.7
1815.229,287.7,1502.0,1800,2,70,12610.3
1815.349,287.7,1502.0,1800,2,70,12604.9
1815.47,287.7,1502.0,1800,2,70,12510.5
1815.594,287.7,1502.0,1800,2,70,12535.5
1815.719,417.2,1502.0,1800,7,70,12573.6
1815.839,417.2,1502.0,1800,4,70,12569.3
1815.959,417.2,1502.0,1800,4,70,12560.5
1816.079,417.2,1502.0,1800,1,70,12552.2
1816.199,417.2,1502.0,1800,2,70,12543.9
1816.319,417.2,1502.0,1800,2,70,12522.8
1816.44,417.2,1502.0,1800,2,70,12510.3
1816.56,417.2,1502.0,1800,1,70,12501.7
1816.679,417.2,1502.0,1800,2,70,12492.9
1816.8,546.7,1502.0,1800,2,70,12483.2
1816.92,546.7,1502.0,1800,2,70,12472.8
1817.04,546.7,1502.0,1800,1,70,12463.4
1817.16,546.7,1502.0,1800,1,70,12449.3
1817.28,546.7,1502.0,1800,2,70,12437.9
1817.4,546.7,1502.0,1800,3,70,12428.7
1817.52,546.7,1502.0,1800,13,70,12418.8
1817.64,546.7,1502.0,1800,13,70,12408.6
1817.761,546.7,1502.0,1800,5,70,12399.1
1817.881,546.7,1502.0,1800,2,70,12389.9
1818.001,546.7,1502.0,1800,1,70,12381.4
1818.122,546.7,1502.0,1800,1,70,12371.4
1818.242,546.7,1502.0,1800,2,70,12362.9
1818.363,546.7,1502.0,1800,3,70,12357.2
1818.482,121.3,1502.0,1800,3,73,12347.2
1818.602,121.3,1502.0,1800,91,75,12337.8
1818.722,121.3,1502.0,1800,100,76,12328.5
1818.842,121.3,1502.0,1800,93,73,12314.7
1818.962,124.8,1502.0,1800,93,71,12317.4
1819.083,152.8,1502.0,1800,2,70,12308.1
1819.203,152.8,1502.0,1800,2,70,12294.2
1819.324,152.8,1502.0,1800,2,70,12283.4
1819.444,282.3,1502.0,1800,2,70,12273.2
1819.564,282.3,1502.0,1800,1,70,12262.5
1819.685,282.3,1502.0,1800,2,70,12253.1
1819.805,282.3,1502.0,1800,2,70,12243.6
1819.925,282.3,1502.0,1800,2,70,12234.1
1820.045,282.3,1502.0,1800,1,70,12225.1
1820.165,282.3,1502.0,1800,1,70,12216.2
1820.285,282.3,1502.0,1800,2,70,12206.4
1820.405,282.3,1502.0,1800,2,70,12197.4
1820.525,282.3,1502.0,1800,1,70,12190.0
1820.646,282.3,1502.0,1800,1,70,12179.6
1820.767,282.3,1502.0,1800,2,70,12142.4
1820.908,411.8,1502.0,1800,5,70,12080.4
1821.034,541.3,1502.0,1800,6,70,12150.8
1821.155,541.3,1502.0,1800,6,70,12168.6
1821.275,541.3,1502.0,1800,4,70,12168.7
1821.396,541.3,1502.0,1800,3,70,12159.0
1821.517,541.3,1502.0,1800,1,70,12153.3
1821.637,541.3,1502.0,1800,1,70,12146.0
1821.759,541.3,1502.0,1800,3,70,12140.1
1821.879,115.9,1502.0,1800,45,73,12133.6
1821.999,115.9,1502.0,1800,45,75,12124.3
1822.119,115.9,1502.0,1800,100,76,12116.4
1822.236,115.9,1502.0,1800,100,73,12116.4
1822.354,115.9,1502.0,1800,42,71,12118.1
1822.474,147.4,1502.0,1800,42,70,12114.4
1822.594,147.4,1502.0,1800,1,70,12107.3
1822.714,276.9,1502.0,1800,3,70,12099.6
1822.834,276.9,1502.0,1800,3,70,12061.3
1822.953,276.9,1502.0,1800,5,70,12087.2
1823.071,406.4,1502.0,1800,7,70,12035.5
1823.192,535.9,1502.0,1800,9,70,11830.7
1823.311,183.1,1502.0,1800,9,71,11767.3
1823.428,88.9,1502.0,1800,46,73,11767.3
1823.546,88.9,1502.0,1800,100,74,11767.3
1823.663,88.9,1502.0,1800,100,76,11767.3
1823.781,88.9,1502.0,1800,100,73,11767.3
1823.899,65.5,1502.0,1800,63,71,11779.4
1824.017,99.4,1502.0,1800,63,72,11781.3
1824.134,99.4,1502.0,1800,63,74,11781.3
1824.252,260.4,1502.0,1800,100,72,11765.8
1824.383,105.8,1502.0,1800,97,73,11766.9
1824.501,105.8,1502.0,1800,97,75,11766.9
1824.618,396.3,1502.0,1800,100,72,11772.3
1824.737,112.1,1502.0,1800,80,74,11772.3
1824.854,112.1,1502.0,1800,80,75,11772.3
1824.972,532.1,1502.0,1800,100,72,11773.0
1825.09,118.5,1502.0,1800,82,74,11773.0
1825.207,118.5,1502.0,1800,100,76,11773.0
1825.324,124.8,1502.0,1800,100,73,11774.1
1825.442,124.8,1502.0,1800,95,75,11774.1
1825.559,156.3,1502.0,1800,100,73,11774.7
1825.679,131.2,1502.0,1800,100,74,11775.3
1825.796,131.2,1502.0,1800,87,75,11775.3
1825.913,421.7,1502.0,1800,97,72,11776.3
1826.032,137.5,1502.0,1800,86,74,11776.5
1826.149,137.5,1502.0,1800,86,75,11776.5
1826.267,143.8,1502.0,1800,98,72,11777.8
1826.384,143.8,1502.0,1800,94,75,11777.8
1826.502,143.8,1502.0,1800,94,76,11777.8
1826.62,150.2,1502.0,1800,90,73,11779.0
1826.737,150.2,1502.0,1800,96,75,11779.0
1826.855,181.7,1502.0,1800,96,74,11779.4
1826.973,156.5,1502.0,1800,87,73,11780.1
1827.091,156.5,1502.0,1800,92,75,11780.1
1827.209,317.5,1502.0,1800,84,73,11781.4
1827.327,162.9,1502.0,1800,84,73,11782.2
1827.445,162.9,1502.0,1800,84,75,11782.2
1827.562,323.9,1502.0,1800,89,72,11785.7
1827.681,169.2,1502.0,1800,89,75,11789.0
1827.8,169.2,1502.0,1800,88,76,11789.0
1827.917,589.2,1502.0,1800,93,73,11793.4
1828.035,175.6,1502.0,1800,93,74,11793.5
1828.153,175.6,1502.0,1800,89,75,11793.5
1828.27,466.1,1502.0,1800,92,72,11809.5
1828.388,181.9,1502.0,1800,66,73,11812.4
1828.505,181.9,1502.0,1800,66,75,11812.4
1828.623,342.9,1502.0,1800,100,72,11818.5
1828.741,188.3,1502.0,1800,56,73,11821.4
1828.858,188.3,1502.0,1800,56,75,11821.4
1828.975,191.8,1502.0,1800,100,73,11830.0
1829.093,349.3,1502.0,1800,45,71,11850.1
1829.211,478.8,1502.0,1800,12,71,11870.0
1829.329,639.9,1502.0,1800,12,72,11885.3
1829.447,194.6,1502.0,1800,46,74,11885.3
1829.564,194.6,1502.0,1800,100,76,11885.3
1829.682,355.6,1502.0,1800,100,72,11905.2
1829.8,355.6,1502.0,1800,22,71,11937.8
1829.918,485.1,1502.0,1800,9,70,11965.6
1830.035,614.6,1502.0,1800,9,70,11996.5
1830.153,200.9,1502.0,1800,8,72,12004.5
1830.271,200.9,1502.0,1800,57,74,12004.5
1830.389,200.9,1502.0,1800,99,75,12005.9
1830.507,362.0,1502.0,1800,99,71,12015.9
1830.626,491.5,1502.0,1800,12,71,12027.0
1830.744,207.3,1502.0,1800,14,72,12034.0
1830.862,207.3,1502.0,1800,14,74,12034.0
1830.979,207.3,1502.0,1800,99,75,12034.0
1831.097,368.3,1502.0,1800,62,71,12048.3
1831.217,497.8,1502.0,1800,15,70,12047.8
1831.334,213.6,1502.0,1800,15,72,12057.9
1831.452,213.6,1502.0,1800,50,74,12057.9
1831.569,213.6,1502.0,1800,100,75,12057.9
1831.687,374.6,1502.0,1800,100,71,12070.3
1831.804,504.1,1502.0,1800,25,71,12081.2
1831.923,633.6,1502.0,1800,12,70,12099.3
1832.041,220.0,1502.0,1800,12,72,12100.1
1832.158,220.0,1502.0,1800,61,74,12100.1
1832.276,251.5,1502.0,1800,97,72,12106.1
1832.393,510.5,1502.0,1800,14,71,12118.9
1832.512,226.3,1502.0,1800,14,71,12127.2
1832.629,226.3,1502.0,1800,48,74,12127.2
1832.747,226.3,1502.0,1800,100,75,12127.2
1832.864,387.3,1502.0,1800,100,71,12138.9
1832.982,516.8,1502.0,1800,30,71,12149.6
1833.1,646.3,1502.0,1800,14,70,12160.4
1833.218,232.7,1502.0,1800,14,73,12160.4
1833.335,232.7,1502.0,1800,81,75,12160.4
1833.453,393.7,1502.0,1800,80,71,12174.4
1833.575,523.2,1502.0,1800,10,71,12164.0
1833.694,652.7,1502.0,1800,10,70,12167.7
1833.813,239.0,1502.0,1800,18,73,12170.1
1833.932,239.0,1502.0,1800,100,74,12170.1
1834.049,400.0,1502.0,1800,100,72,12174.5
1834.168,529.5,1502.0,1800,57,71,12185.1
1834.286,245.4,1502.0,1800,17,72,12193.0
1834.404,245.4,1502.0,1800,85,74,12193.0
1834.521,245.4,1502.0,1800,85,74,12194.8
1834.644,406.4,1502.0,1800,74,71,12204.0
1834.774,535.9,1502.0,1800,13,70,12218.3
1834.894,251.7,1502.0,1800,52,72,12214.3
1835.013,251.7,1502.0,1800,52,74,12208.9
1835.131,283.2,1502.0,1800,100,73,12182.3
1835.25,542.2,1502.0,1800,22,71,12032.6
1835.371,671.7,1502.0,1800,22,70,12012.4
1835.489,258.0,1502.0,1800,23,73,12013.4
1835.606,258.0,1502.0,1800,100,74,12013.4
1835.724,419.1,1502.0,1800,100,71,12006.8
1835.842,548.6,1502.0,1800,52,71,11952.2
1835.96,678.1,1502.0,1800,15,70,11926.6
1836.082,264.4,1502.0,1800,45,72,11931.7
1836.199,264.4,1502.0,1800,45,74,11931.7
1836.316,425.4,1502.0,1800,100,72,11927.1
1836.434,554.9,1502.0,1800,24,71,11924.7
1836.552,684.4,1502.0,1800,24,70,11956.0
1836.678,684.4,1502.0,1800,8,70,11985.6
1836.797,240.1,1502.0,1800,6,72,11953.2
1836.917,240.1,1502.0,1800,97,74,11805.0
1837.037,246.2,1502.0,1800,97,73,11532.1
1837.157,246.2,1502.0,1800,60,71,11635.2
1837.279,246.2,1502.0,1800,0,70,11703.2
1837.405,246.2,1502.0,1800,2,70,11757.3
1837.531,246.2,1502.0,1800,2,70,11810.6
1837.656,246.2,1502.0,1800,2,70,11905.3
1837.784,246.2,1502.0,1800,0,70,11971.5
1837.91,246.2,1502.0,1800,2,70,12022.4
1838.037,246.2,1502.0,1800,2,70,12119.8
1838.162,246.2,1502.0,1800,2,70,12186.3
1838.29,246.2,1502.0,1800,0,70,12243.1
1838.417,246.2,1502.0,1800,2,70,12294.7
1838.542,246.2,1502.0,1800,2,70,12390.3
1838.669,246.2,1502.0,1800,2,70,12455.9
1838.794,246.2,1502.0,1800,0,70,12506.7
1838.922,246.2,1502.0,1800,2,70,12604.4
1839.047,246.2,1502.0,1800,2,70,12670.2
1839.172,246.2,1502.0,1800,2,70,12727.2
1839.298,246.2,1502.0,1800,0,70,12780.9
1839.423,246.2,1502.0,1800,2,70,12865.3
1839.549,246.2,1502.0,1800,2,70,12918.9
1839.674,246.2,1502.0,1800,2,70,12974.6
1839.799,246.2,1502.0,1800,0,70,13027.1
1839.924,246.2,1502.0,1800,2,69,13120.2
1840.049,246.2,1502.0,1800,2,69,13184.8
1840.175,246.2,1502.0,1800,2,69,13226.8
1840.302,246.2,1502.0,1800,0,69,13334.8
1840.428,246.2,1502.0,1800,2,69,13398.4
1840.554,246.2,1502.0,1800,2,69,13452.3
1840.682,246.2,1502.0,1800,2,69,13485.2
1840.833,246.2,1502.0,1800,0,69,13457.6
1840.975,246.2,1502.0,1800,2,69,13435.0
1841.117,246.2,1502.0,1800,2,69,13492.2
1841.244,246.2,1502.0,1800,0,69,13545.1
1841.369,246.2,1502.0,1800,0,69,13616.9
1841.494,246.2,1502.0,1800,2,69,13761.5
1841.623,246.2,1502.0,1800,2,69,13933.8
1841.801,246.2,1502.0,1800,0,69,13928.4
1841.96,246.2,1502.0,1800,2,69,13894.7
1842.089,246.2,1502.0,1800,2,69,13302.4
1842.217,246.2,1502.0,1800,2,69,13302.4
1842.344,246.2,1502.0,1800,0,69,13302.4
1842.472,246.2,1502.0,1800,2,69,13302.4
1842.599,246.2,1502.0,1800,2,69,13302.4
1842.726,246.2,1502.0,1800,2,69,13302.4
1842.854,246.2,1502.0,1800,0,69,13302.4
1842.981,246.2,1502.0,1800,2,69,13302.4
1843.108,246.2,1502.0,1800,2,69,13302.4
1843.236,246.2,1502.0,1800,2,69,13302.4
1843.363,246.2,1502.0,1800,0,69,13302.4
1843.49,246.2,1502.0,1800,2,69,13302.4
1843.618,246.2,1502.0,1800,2,69,13302.4
1843.744,246.2,1502.0,1800,2,69,13302.4
1843.872,246.2,1502.0,1800,0,69,13302.4
1843.999,246.2,1502.0,1800,2,69,13043.9
1844.118,567.3,1502.0,1800,17,69,13056.5
1844.235,276.8,1522.0,1820,17,70,13067.7
1844.353,276.8,1522.0,1820,58,72,13067.7
1844.47,276.8,1522.0,1820,100,73,13067.7
1844.588,276.8,1522.0,1820,100,75,13067.7
1844.706,276.8,1522.0,1820,100,73,13068.4
1844.823,567.3,1522.0,1820,65,71,13083.2
1844.941,270.7,1522.0,1820,35,71,13096.8
1845.06,270.7,1522.0,1820,35,74,13096.8
1845.177,270.7,1522.0,1820,100,75,13096.8
1845.295,270.7,1522.0,1820,100,76,13096.8
1845.412,302.2,1522.0,1820,100,72,13101.0
1845.53,561.2,1522.0,1820,74,71,13113.4
1845.648,264.6,1522.0,1820,45,72,13114.6
1845.765,264.6,1522.0,1820,100,75,13114.6
1845.882,264.6,1522.0,1820,100,77,13114.6
1846.0,264.6,1522.0,1820,100,75,13114.6
1846.118,555.1,1522.0,1820,79,71,13118.1
1846.236,258.5,1522.0,1820,79,73,13122.9
1846.357,258.5,1522.0,1820,70,75,13122.9
1846.475,258.5,1522.0,1820,100,76,13122.9
1846.593,258.5,1522.0,1820,100,75,13122.9
1846.711,419.5,1522.0,1820,100,72,13125.2
1846.83,252.3,1522.0,1820,58,72,13127.8
1846.948,252.3,1522.0,1820,96,75,13127.8
1847.066,252.3,1522.0,1820,96,75,13127.8
1847.184,252.3,1522.0,1820,100,76,13127.8
1847.302,413.3,1522.0,1820,95,72,13128.9
1847.421,246.2,1522.0,1820,95,73,13132.0
1847.539,246.2,1522.0,1820,66,75,13132.0
1847.657,246.2,1522.0,1820,100,75,13132.0
1847.775,246.2,1522.0,1820,100,77,13132.0
1847.894,249.7,1522.0,1820,100,73,13133.2
1848.013,666.2,1522.0,1820,65,71,13137.3
1848.131,240.1,1522.0,1820,77,74,13137.3
1848.248,240.1,1522.0,1820,77,75,13137.3
1848.366,240.1,1522.0,1820,100,77,13137.3
1848.483,240.1,1522.0,1820,100,73,13137.3
1848.601,660.1,1522.0,1820,100,71,13141.2
1848.719,234.0,1522.0,1820,58,74,13141.4
1848.837,234.0,1522.0,1820,100,76,13141.4
1848.954,234.0,1522.0,1820,100,77,13141.4
1849.072,234.0,1522.0,1820,100,73,13141.4
1849.19,524.5,1522.0,1820,89,71,13145.5
1849.309,227.8,1522.0,1820,51,73,13146.8
1849.427,227.8,1522.0,1820,51,75,13146.8
1849.545,227.8,1522.0,1820,100,76,13146.8
1849.662,227.8,1522.0,1820,100,76,13146.8
1849.78,388.8,1522.0,1820,74,72,13148.8
1849.898,221.7,1522.0,1820,74,72,13153.6
1850.016,221.7,1522.0,1820,66,75,13153.6
1850.134,221.7,1522.0,1820,100,75,13153.6
1850.252,221.7,1522.0,1820,100,77,13153.6
1850.37,221.7,1522.0,1820,100,73,13154.8
1850.488,641.7,1522.0,1820,50,71,13161.1
1850.607,215.6,1522.0,1820,50,74,13162.7
1850.725,215.6,1522.0,1820,71,75,13162.7
1850.843,215.6,1522.0,1820,100,77,13162.7
1850.96,215.6,1522.0,1820,100,75,13162.7
1851.078,506.1,1522.0,1820,100,72,13169.5
1851.197,209.5,1522.0,1820,56,73,13174.9
1851.315,209.5,1522.0,1820,93,75,13174.9
1851.434,209.5,1522.0,1820,100,76,13174.9
1851.574,209.5,1522.0,1820,100,73,13174.9
1851.692,209.5,1522.0,1820,100,72,13178.9
1851.809,370.5,1522.0,1820,35,70,13209.8
1851.927,370.5,1522.0,1820,35,70,13242.1
1852.044,500.0,1522.0,1820,9,70,13273.0
1852.162,629.5,1522.0,1820,7,70,13304.2
1852.28,629.5,1522.0,1820,7,70,13330.2
1852.397,203.3,1522.0,1820,8,72,13331.2
1852.515,203.3,1522.0,1820,100,73,13331.2
1852.633,203.3,1522.0,1820,100,76,13331.2
1852.753,203.3,1522.0,1820,100,73,13331.2
1852.87,364.3,1522.0,1820,97,72,13339.9
1852.988,493.8,1522.0,1820,16,71,13357.2
1853.106,197.2,1522.0,1820,16,71,13366.3
1853.223,197.2,1522.0,1820,44,74,13366.3
1853.34,197.2,1522.0,1820,100,76,13366.3
1853.458,197.2,1522.0,1820,100,77,13366.3
1853.575,197.2,1522.0,1820,100,74,13366.5
1853.693,487.7,1522.0,1820,69,71,13378.2
1853.811,191.1,1522.0,1820,49,73,13382.8
1853.929,191.1,1522.0,1820,49,75,13382.8
1854.047,191.1,1522.0,1820,100,77,13382.8
1854.164,191.1,1522.0,1820,100,76,13382.8
1854.282,352.1,1522.0,1820,100,72,13387.7
1854.401,611.1,1522.0,1820,67,71,13403.3
1854.518,185.0,1522.0,1820,39,74,13407.6
1854.636,185.0,1522.0,1820,100,75,13407.6
1854.753,185.0,1522.0,1820,100,77,13407.6
1854.871,185.0,1522.0,1820,100,75,13407.6
1854.988,346.0,1522.0,1820,72,72,13418.6
1855.106,475.5,1522.0,1820,72,71,13438.1
1855.224,178.8,1522.0,1820,18,72,13446.8
1855.342,178.8,1522.0,1820,86,75,13446.8
1855.46,178.8,1522.0,1820,86,76,13446.8
1855.577,178.8,1522.0,1820,100,75,13446.8
1855.695,185.8,1522.0,1820,100,72,13460.3
1855.813,339.8,1522.0,1820,16,71,13498.9
1855.931,469.3,1522.0,1820,16,71,13519.0
1856.05,598.8,1522.0,1820,9,70,13405.1
1856.167,598.8,1522.0,1820,9,70,13447.1
1856.285,172.7,1522.0,1820,9,73,13456.1
1856.403,172.7,1522.0,1820,59,75,13456.1
1856.521,172.7,1522.0,1820,100,76,13456.1
1856.638,172.7,1522.0,1820,100,75,13456.1
1856.757,204.2,1522.0,1820,100,72,13472.4
1856.874,333.7,1522.0,1820,40,71,13502.3
1856.993,463.2,1522.0,1820,8,71,13534.7
1857.111,592.7,1522.0,1820,8,70,13460.5
1857.231,166.6,1522.0,1820,11,72,13460.2
1857.352,166.6,1522.0,1820,70,75,13439.2
1857.486,166.6,1522.0,1820,100,76,12988.5
1857.605,166.6,1522.0,1820,100,75,12929.9
1857.724,198.1,1522.0,1820,100,72,12948.5
1857.841,327.6,1522.0,1820,32,71,13005.2
1857.959,457.1,1522.0,1820,32,71,13064.0
1858.077,154.3,1522.0,1820,11,70,13116.7
1858.194,160.5,1522.0,1820,61,74,13116.7
1858.312,160.5,1522.0,1820,100,76,13116.7
1858.431,160.5,1522.0,1820,100,77,13116.7
1858.549,160.5,1522.0,1820,100,73,13119.9
1858.666,321.5,1522.0,1820,42,71,13172.9
1858.783,451.0,1522.0,1820,42,71,13232.6
1858.901,580.5,1522.0,1820,12,70,13290.6
1859.019,154.3,1522.0,1820,22,72,13311.6
1859.137,154.3,1522.0,1820,22,75,13311.6
1859.255,154.3,1522.0,1820,100,76,13311.6
1859.372,154.3,1522.0,1820,100,75,13311.6
1859.489,157.8,1522.0,1820,78,72,13322.2
1859.61,315.3,1522.0,1820,78,71,13376.6
1859.727,444.8,1522.0,1820,12,71,13433.1
1859.846,1159.8,1522.0,1820,13,70,13478.5
1859.965,148.2,1522.0,1820,13,74,13469.3
1860.084,148.2,1522.0,1820,95,76,13468.3
1860.202,148.2,1522.0,1820,100,76,13468.3
1860.321,148.2,1522.0,1820,93,73,13471.0
1860.442,309.2,1522.0,1820,93,71,13494.3
1860.561,568.2,1522.0,1820,15,71,13518.9
1860.681,142.1,1522.0,1820,59,73,13512.5
1860.8,142.1,1522.0,1820,59,75,13503.7
1860.919,142.1,1522.0,1820,100,77,13494.5
1861.039,142.1,1522.0,1820,100,74,13480.3
1861.16,303.1,1522.0,1820,56,72,13492.2
1861.279,562.1,1522.0,1820,56,71,13512.0
1861.398,136.0,1522.0,1820,32,74,13506.2
1861.518,136.0,1522.0,1820,100,75,13496.6
1861.638,136.0,1522.0,1820,100,77,13487.2
1861.757,136.0,1522.0,1820,100,74,13477.9
1861.876,297.0,1522.0,1820,78,72,13496.8
1861.997,297.0,1522.0,1820,4,71,13486.6
1862.117,297.0,1522.0,1820,4,71,13477.4
1862.238,426.5,1522.0,1820,4,70,13465.2
1862.358,426.5,1522.0,1820,3,70,13454.2
1862.478,426.5,1522.0,1820,3,70,13447.7
1862.598,426.5,1522.0,1820,4,70,13437.1
1862.719,556.0,1522.0,1820,3,70,13423.1
1862.841,556.0,1522.0,1820,2,70,13401.7
1862.962,556.0,1522.0,1820,2,70,13387.2
1863.082,556.0,1522.0,1820,0,70,13373.0
1863.201,556.0,1522.0,1820,2,70,13359.0
1863.321,556.0,1522.0,1820,2,70,13345.4
1863.441,556.0,1522.0,1820,2,70,13331.4
1863.56,556.0,1522.0,1820,0,70,13317.2
1863.68,556.0,1522.0,1820,2,70,13303.2
1863.799,556.0,1522.0,1820,2,70,13289.2
1863.919,556.0,1522.0,1820,2,70,13275.1
1864.039,556.0,1522.0,1820,0,70,13252.2
1864.16,556.0,1522.0,1820,0,70,13238.2
1864.279,556.0,1522.0,1820,2,70,13224.0
1864.399,556.0,1522.0,1820,2,70,13210.4
1864.518,556.0,1522.0,1820,0,70,13196.4
1864.638,556.0,1522.0,1820,0,70,13182.1
1864.758,556.0,1522.0,1820,2,70,13167.7
1864.878,556.0,1522.0,1820,2,70,13153.8
1864.997,556.0,1522.0,1820,2,70,13139.6
1865.117,556.0,1522.0,1820,0,70,13125.9
1865.237,556.0,1522.0,1820,2,70,13109.4
1865.359,556.0,1522.0,1820,2,70,13088.4
1865.479,556.0,1522.0,1820,2,70,13076.8
1865.599,556.0,1522.0,1820,0,70,13062.7
1865.719,556.0,1522.0,1820,2,70,13048.6
1865.839,556.0,1522.0,1820,2,70,13035.1
1865.959,129.8,1522.0,1820,2,73,13022.4
1866.078,129.8,1522.0,1820,73,74,13013.1
1866.197,129.8,1522.0,1820,100,75,13013.1
1866.314,129.8,1522.0,1820,100,75,13013.1
1866.433,129.8,1522.0,1820,100,72,13009.6
1866.552,129.8,1522.0,1820,23,71,12995.2
1866.672,129.8,1522.0,1820,23,70,12981.1
1866.792,129.8,1522.0,1820,2,70,12969.1
1866.911,129.8,1522.0,1820,2,70,12951.9
1867.033,136.8,1522.0,1820,0,70,12931.5
1867.152,161.3,1522.0,1820,0,70,12919.7
1867.272,161.3,1522.0,1820,2,70,12905.4
1867.391,161.3,1522.0,1820,2,70,12891.5
1867.511,161.3,1522.0,1820,0,70,12877.8
1867.631,161.3,1522.0,1820,0,70,12863.9
1867.75,290.8,1522.0,1820,2,70,12852.6
1867.87,290.8,1522.0,1820,2,70,12838.7
1867.99,290.8,1522.0,1820,2,70,12824.8
1868.109,290.8,1522.0,1820,0,70,12810.8
1868.229,290.8,1522.0,1820,2,70,12790.0
1868.348,290.8,1522.0,1820,2,70,12775.8
1868.468,290.8,1522.0,1820,2,70,12767.6
1868.587,290.8,1522.0,1820,0,70,12755.7
1868.707,290.8,1522.0,1820,2,70,12746.7
1868.826,290.8,1522.0,1820,2,70,12732.5
1868.946,290.8,1522.0,1820,2,70,12719.5
1869.065,290.8,1522.0,1820,0,70,12705.5
1869.187,290.8,1522.0,1820,2,70,12692.3
1869.306,290.8,1522.0,1820,2,70,12679.6
1869.427,290.8,1522.0,1820,2,70,12671.6
1869.548,290.8,1522.0,1820,1,70,12652.1
1869.668,290.8,1522.0,1820,1,70,12638.5
1869.787,290.8,1522.0,1820,2,70,12624.6
1869.907,290.8,1522.0,1820,2,70,12611.9
1870.027,290.8,1522.0,1820,1,70,12599.0
1870.146,290.8,1522.0,1820,1,70,12590.1
1870.266,420.3,1522.0,1820,2,70,12580.0
1870.385,420.3,1522.0,1820,2,70,12566.1
1870.506,420.3,1522.0,1820,2,70,12552.4
1870.625,420.3,1522.0,1820,0,70,12538.2
1870.744,420.3,1522.0,1820,2,70,12520.7
1870.866,420.3,1522.0,1820,2,70,12505.2
1870.985,420.3,1522.0,1820,2,70,12491.7
1871.105,420.3,1522.0,1820,1,70,12477.8
1871.225,420.3,1522.0,1820,2,70,12467.1
1871.344,420.3,1522.0,1820,2,70,12457.2
1871.464,420.3,1522.0,1820,2,70,12447.3
1871.584,420.3,1522.0,1820,1,70,12438.3
1871.704,420.3,1522.0,1820,2,70,12428.1
1871.824,420.3,1522.0,1820,2,70,12418.5
1871.943,420.3,1522.0,1820,2,70,12410.0
1872.062,420.3,1522.0,1820,1,70,12401.4
1872.182,420.3,1522.0,1820,1,70,12383.6
1872.304,420.3,1522.0,1820,2,70,12369.1
1872.423,549.8,1522.0,1820,2,70,12358.8
1872.543,549.8,1522.0,1820,1,70,12350.9
1872.663,549.8,1522.0,1820,1,70,12342.1
1872.783,549.8,1522.0,1820,2,70,12333.0
1872.903,549.8,1522.0,1820,2,70,12324.8
1873.023,549.8,1522.0,1820,2,70,12314.6
1873.143,549.8,1522.0,1820,1,70,12306.4
1873.261,549.8,1522.0,1820,2,70,12293.4
1873.382,549.8,1522.0,1820,2,70,12280.7
1873.502,549.8,1522.0,1820,2,70,12269.6
1873.621,549.8,1522.0,1820,1,70,12261.2
1873.74,549.8,1522.0,1820,2,70,12251.6
1873.86,549.8,1522.0,1820,2,70,12244.5
1873.98,549.8,1522.0,1820,2,70,12242.1
1874.099,123.7,1522.0,1820,14,71,12241.8
1874.217,123.7,1522.0,1820,100,74,12241.9
1874.335,123.7,1522.0,1820,100,76,12241.9
1874.453,123.7,1522.0,1820,100,75,12241.9
1874.57,123.7,1522.0,1820,79,71,12233.8
1874.689,123.7,1522.0,1820,79,70,12223.4
1874.808,127.2,1522.0,1820,2,70,12223.2
1874.928,155.2,1522.0,1820,3,70,12209.0
1875.048,155.2,1522.0,1820,0,70,12195.6
1875.167,155.2,1522.0,1820,0,70,12185.1
1875.286,284.7,1522.0,1820,2,70,12173.6
1875.406,284.7,1522.0,1820,2,70,12165.6
1875.527,284.7,1522.0,1820,2,70,12158.6
1875.647,284.7,1522.0,1820,1,70,12144.6
1875.767,284.7,1522.0,1820,2,70,12132.2
1875.887,284.7,1522.0,1820,2,70,12119.1
1876.007,284.7,1522.0,1820,2,70,12117.9
1876.127,284.7,1522.0,1820,1,70,12104.0
1876.248,284.7,1522.0,1820,2,70,12089.5
1876.367,284.7,1522.0,1820,2,70,12091.9
1876.487,284.7,1522.0,1820,2,70,12114.7
1876.61,414.2,1522.0,1820,4,70,11927.8
1876.732,543.7,1522.0,1820,9,70,11879.0
1876.864,543.7,1522.0,1820,9,70,11846.3
1876.983,117.6,1522.0,1820,16,74,11848.3
1877.1,117.6,1522.0,1820,100,75,11848.3
1877.218,117.6,1522.0,1820,100,76,11848.3
1877.335,117.6,1522.0,1820,100,73,11848.3
1877.454,278.6,1522.0,1820,79,71,11794.7
1877.571,278.6,1522.0,1820,7,70,11816.2
1877.689,408.1,1522.0,1820,7,70,11819.1
1877.807,408.1,1522.0,1820,8,70,11753.8
1877.929,537.6,1522.0,1820,7,70,11787.0
1878.047,537.6,1522.0,1820,5,70,11828.8
1878.167,90.0,1522.0,1820,5,73,11821.0
1878.286,90.0,1522.0,1820,96,75,11811.3
1878.405,90.0,1522.0,1820,100,76,11808.1
1878.525,90.0,1522.0,1820,100,73,11808.1
1878.643,65.4,1522.0,1820,92,71,11809.3
1878.769,56.6,1522.0,1820,4,70,11835.9
1878.887,88.3,1522.0,1820,73,72,11719.9
1879.005,88.3,1522.0,1820,73,76,11719.9
1879.123,249.3,1522.0,1820,100,71,11738.4
1879.243,95.3,1522.0,1820,73,72,11742.1
1879.361,95.3,1522.0,1820,73,75,11742.1
1879.479,126.8,1522.0,1820,100,71,11755.0
1879.596,256.3,1522.0,1820,14,70,11779.4
1879.714,385.8,1522.0,1820,14,70,11804.7
1879.832,385.8,1522.0,1820,10,69,11829.7
1879.95,102.4,1522.0,1820,12,70,11834.0
1880.068,102.4,1522.0,1820,88,74,11834.1
1880.186,102.4,1522.0,1820,88,72,11837.7
1880.304,522.4,1522.0,1820,78,71,11853.4
1880.422,522.4,1522.0,1820,13,70,11877.6
1880.54,109.4,1522.0,1820,13,74,11877.8
1880.672,109.4,1522.0,1820,82,73,11877.8
1880.789,529.4,1522.0,1820,91,70,11886.7
1880.907,116.5,1522.0,1820,88,74,11886.7
1881.025,116.5,1522.0,1820,88,74,11886.7
1881.143,555.5,1522.0,1820,93,71,11892.8
1881.26,123.5,1522.0,1820,82,75,11892.8
1881.378,123.5,1522.0,1820,82,74,11893.1
1881.497,543.5,1522.0,1820,92,71,11908.5
1881.615,130.6,1522.0,1820,64,74,11908.5
1881.755,130.6,1522.0,1820,100,73,11908.5
1881.873,550.6,1522.0,1820,100,70,11918.4
1881.992,137.6,1522.0,1820,61,74,11919.9
1882.109,137.6,1522.0,1820,100,74,11919.9
1882.227,428.1,1522.0,1820,100,71,11945.9
1882.346,144.7,1522.0,1820,62,74,11947.7
1882.464,144.7,1522.0,1820,94,75,11947.7
1882.582,305.7,1522.0,1820,62,71,11960.8
1882.699,305.7,1522.0,1820,62,70,11982.8
1882.817,435.2,1522.0,1820,9,70,12004.5
1882.935,564.7,1522.0,1820,12,70,12029.0
1883.053,151.8,1522.0,1820,12,72,12038.1
1883.171,151.8,1522.0,1820,59,76,12038.1
1883.288,183.3,1522.0,1820,90,71,12049.1
1883.406,312.8,1522.0,1820,10,70,12073.0
1883.524,442.3,1522.0,1820,10,70,12098.8
1883.642,571.8,1522.0,1820,9,70,12123.6
1883.759,571.8,1522.0,1820,8,70,12144.8
1883.877,158.8,1522.0,1820,8,72,12149.8
1883.995,158.8,1522.0,1820,73,74,12149.8
1884.112,319.8,1522.0,1820,80,71,12156.7
1884.231,578.8,1522.0,1820,80,71,12168.3
1884.349,165.9,1522.0,1820,36,74,12168.3
1884.466,165.9,1522.0,1820,100,74,12168.3
1884.584,585.9,1522.0,1820,55,70,12178.0
1884.702,172.9,1522.0,1820,55,72,12181.7
1884.82,172.9,1522.0,1820,80,75,12181.7
1884.937,333.9,1522.0,1820,79,71,12186.2
1885.056,180.0,1522.0,1820,79,71,12191.4
1885.173,180.0,1522.0,1820,62,76,12191.4
1885.291,183.5,1522.0,1820,100,72,12194.0
1885.409,470.5,1522.0,1820,100,70,12213.6
1885.528,600.0,1522.0,1820,24,70,12229.9
1885.647,187.0,1522.0,1820,46,75,12229.9
1885.764,187.0,1522.0,1820,100,74,12229.9
1885.882,348.0,1522.0,1820,100,70,12251.1
1886.0,348.0,1522.0,1820,22,70,12275.5
1886.118,477.5,1522.0,1820,10,69,12298.6
1886.235,607.0,1522.0,1820,10,69,12323.2
1886.353,194.1,1522.0,1820,7,70,12334.3
1886.471,194.1,1522.0,1820,70,73,12334.3
1886.588,225.6,1522.0,1820,90,72,12336.9
1886.706,484.6,1522.0,1820,90,70,12355.8
1886.825,201.1,1522.0,1820,20,71,12365.5
1886.942,201.1,1522.0,1820,89,76,12365.5
1887.06,362.1,1522.0,1820,89,71,12367.2
1887.179,621.1,1522.0,1820,71,70,12374.3
1887.297,208.2,1522.0,1820,66,75,12374.3
1887.414,208.2,1522.0,1820,66,74,12374.3
1887.532,628.2,1522.0,1820,96,70,12380.8
1887.65,215.3,1522.0,1820,50,74,12383.1
1887.767,215.3,1522.0,1820,100,74,12383.1
1887.885,505.8,1522.0,1820,100,70,12387.9
1888.003,222.3,1522.0,1820,49,72,12392.0
1888.122,222.3,1522.0,1820,90,76,12362.5
1888.24,383.3,1522.0,1820,79,71,12298.3
1888.381,229.4,1522.0,1820,79,72,12299.8
1888.504,229.4,1522.0,1820,91,75,12299.8
1888.622,519.9,1522.0,1820,78,71,12304.0
1888.74,236.4,1522.0,1820,78,72,12305.1
1888.857,236.4,1522.0,1820,81,75,12305.1
1888.975,397.4,1522.0,1820,85,71,12325.2
1889.093,243.5,1522.0,1820,85,72,12329.7
1889.211,243.5,1522.0,1820,59,76,12329.7
1889.328,404.5,1522.0,1820,100,71,12332.8
1889.447,250.5,1522.0,1820,57,71,12337.8
1889.564,250.5,1522.0,1820,57,75,12337.8
1889.682,254.0,1522.0,1820,100,72,12339.1
1889.8,541.0,1522.0,1820,49,70,12354.6
1889.918,257.6,1522.0,1820,49,72,12361.1
1890.035,257.6,1522.0,1820,54,76,12361.1
1890.155,289.1,1522.0,1820,100,72,12370.8
1890.273,418.6,1522.0,1820,14,70,12402.6
1890.391,677.6,1522.0,1820,14,70,12417.5
1890.508,264.6,1522.0,1820,18,71,12421.3
1890.626,264.6,1522.0,1820,97,74,12421.3
1890.744,296.2,1522.0,1820,97,71,12426.0
1890.861,555.2,1522.0,1820,58,70,12452.0
1890.979,684.7,1522.0,1820,15,70,12471.2
1891.097,271.7,1522.0,1820,15,71,12486.5
1891.216,271.7,1522.0,1820,26,76,12476.3
1891.338,271.7,1522.0,1820,100,72,12467.5
1891.457,562.2,1522.0,1820,41,70,12486.0
1891.577,691.7,1522.0,1820,41,69,12517.7
1891.697,739.7,1522.0,1820,11,70,12541.9
1891.816,248.1,1522.0,1820,61,74,12531.8
1891.937,248.1,1522.0,1820,61,73,12435.7
1892.056,254.9,1522.0,1820,92,70,12440.5
1892.196,254.9,1522.0,1820,2,70,12397.2
1892.325,254.9,1522.0,1820,0,69,12411.8
1892.462,254.9,1522.0,1820,2,69,12472.8
1892.587,254.9,1522.0,1820,2,69,12521.3
1892.711,254.9,1522.0,1820,2,69,12612.8
1892.837,254.9,1522.0,1820,0,69,12673.8
1892.963,254.9,1522.0,1820,2,69,12719.3
1893.09,254.9,1522.0,1820,2,69,12801.4
1893.234,254.9,1522.0,1820,2,69,12848.1
1893.363,254.9,1522.0,1820,0,69,12902.7
1893.49,254.9,1522.0,1820,2,69,12934.0
1893.619,254.9,1522.0,1820,2,69,12965.0
1893.749,254.9,1522.0,1820,2,69,12963.4
1893.876,254.9,1522.0,1820,0,69,13039.0
1894.004,254.9,1522.0,1820,4,69,12850.1
1894.131,254.9,1522.0,1820,2,69,12681.6
1894.263,254.9,1522.0,1820,0,69,12687.0
1894.412,254.9,1522.0,1820,0,69,12755.7
1894.538,254.9,1522.0,1820,2,69,12838.6
1894.665,254.9,1522.0,1820,2,69,12900.4
1894.79,254.9,1522.0,1820,0,69,12931.3
1894.917,254.9,1522.0,1820,0,69,13048.6
1895.043,254.9,1522.0,1820,2,69,13109.8
1895.169,254.9,1522.0,1820,2,69,13160.0
1895.295,254.9,1522.0,1820,0,69,13207.8
1895.42,254.9,1522.0,1820,0,69,13206.5
1895.548,254.9,1522.0,1820,2,69,13243.7
1895.673,254.9,1522.0,1820,2,69,13292.9
1895.799,254.9,1522.0,1820,0,69,13342.6
1895.93,254.9,1522.0,1820,0,69,13334.2
1896.057,254.9,1522.0,1820,2,69,12951.0
1896.188,254.9,1522.0,1820,2,69,12975.6
1896.336,254.9,1522.0,1820,0,69,13006.3
1896.464,254.9,1522.0,1820,3,69,13118.2
1896.589,254.9,1522.0,1820,3,69,13178.7
1896.716,254.9,1522.0,1820,2,69,13230.1
1896.842,254.9,1522.0,1820,0,69,13276.2
1896.968,254.9,1522.0,1820,2,69,13347.0
1897.094,254.9,1522.0,1820,2,69,13476.5
1897.218,254.9,1522.0,1820,2,69,13875.9
1897.385,254.9,1522.0,1820,0,69,13919.2
1897.516,254.9,1522.0,1820,2,69,12883.3
1897.639,254.9,1522.0,1820,2,69,12883.3
1897.766,254.9,1522.0,1820,2,69,12883.3
1897.892,254.9,1522.0,1820,0,69,12883.3
1898.02,254.9,1522.0,1820,2,69,12883.3
1898.147,254.9,1522.0,1820,2,69,12883.3
1898.274,254.9,1522.0,1820,2,69,12883.3
1898.4,254.9,1522.0,1820,0,69,12883.3
1898.527,254.9,1522.0,1820,2,69,12883.3
1898.654,254.9,1522.0,1820,2,69,12883.3
1898.782,254.9,1522.0,1820,2,69,12883.3
1898.909,254.9,1522.0,1820,0,69,12883.3
1899.036,254.9,1522.0,1820,2,69,12883.3
1899.163,254.9,1522.0,1820,2,69,12883.3
1899.29,254.9,1522.0,1820,2,69,12883.3
1899.417,254.9,1522.0,1820,1,69,12883.3
1899.544,254.9,1522.0,1820,1,69,12883.3
1899.671,254.9,1522.0,1820,2,69,12594.9
1899.789,447.3,1522.0,1820,2,69,12611.3
1899.907,576.8,1522.0,1820,13,69,12631.0
1900.025,706.3,1522.0,1820,10,68,12658.5
1900.143,286.7,1562.0,1860,55,70,12666.0
1900.262,286.7,1562.0,1860,55,73,12666.0
1900.379,286.7,1562.0,1860,100,74,12666.0
1900.497,286.7,1562.0,1860,100,74,12666.0
1900.614,286.7,1562.0,1860,100,72,12668.6
1900.732,447.7,1562.0,1860,70,70,12682.1
1900.85,577.2,1562.0,1860,13,70,12697.9
1900.968,706.7,1562.0,1860,13,69,12716.9
1901.085,280.3,1562.0,1860,8,72,12721.7
1901.203,280.3,1562.0,1860,84,73,12721.7
1901.322,280.3,1562.0,1860,100,71,12721.7
1901.44,280.3,1562.0,1860,100,73,12721.7
1901.558,280.3,1562.0,1860,100,71,12721.7
1901.676,441.3,1562.0,1860,67,70,12734.8
1901.793,570.8,1562.0,1860,67,70,12749.6
1901.911,700.3,1562.0,1860,13,70,12763.2
1902.029,273.9,1562.0,1860,30,72,12766.4
1902.146,273.9,1562.0,1860,30,74,12766.4
1902.264,273.9,1562.0,1860,100,74,12766.4
1902.381,273.9,1562.0,1860,100,74,12766.4
1902.499,273.9,1562.0,1860,88,72,12768.0
1902.617,564.4,1562.0,1860,88,70,12779.9
1902.735,693.9,1562.0,1860,16,70,12791.1
1902.853,267.5,1562.0,1860,38,72,12794.2
1902.971,267.5,1562.0,1860,38,75,12794.2
1903.088,267.5,1562.0,1860,100,73,12794.2
1903.206,267.5,1562.0,1860,100,73,12794.2
1903.323,267.5,1562.0,1860,86,71,12796.3
1903.444,558.0,1562.0,1860,86,70,12805.4
1903.562,687.5,1562.0,1860,16,70,12817.2
1903.68,261.1,1562.0,1860,64,75,12817.3
1903.797,261.1,1562.0,1860,64,74,12817.3
1903.915,261.1,1562.0,1860,100,75,12817.3
1904.032,261.1,1562.0,1860,100,72,12817.3
1904.15,422.1,1562.0,1860,100,71,12823.0
1904.267,681.1,1562.0,1860,56,70,12834.5
1904.385,254.7,1562.0,1860,44,74,12834.8
1904.502,254.7,1562.0,1860,100,74,12834.8
1904.62,254.7,1562.0,1860,100,73,12834.8
1904.737,254.7,1562.0,1860,100,73,12834.8
1904.855,286.2,1562.0,1860,80,71,12840.7
1904.972,545.2,1562.0,1860,80,70,12850.9
1905.091,674.7,1562.0,1860,12,70,12865.0
1905.208,248.3,1562.0,1860,27,72,12868.5
1905.326,248.3,1562.0,1860,27,75,12868.5
1905.443,248.3,1562.0,1860,100,73,12868.5
1905.56,248.3,1562.0,1860,100,74,12868.5
1905.678,248.3,1562.0,1860,96,71,12869.3
1905.795,538.8,1562.0,1860,96,70,12877.5
1905.912,668.3,1562.0,1860,19,70,12888.4
1906.03,241.9,1562.0,1860,59,74,12888.4
1906.148,241.9,1562.0,1860,59,74,12888.4
1906.265,241.9,1562.0,1860,100,75,12888.4
1906.383,241.9,1562.0,1860,100,73,12888.4
1906.501,402.9,1562.0,1860,58,71,12894.5
1906.619,532.4,1562.0,1860,58,70,12903.2
1906.736,318.5,1562.0,1860,16,71,12910.2
1906.854,235.5,1562.0,1860,77,75,12910.2
1906.971,235.5,1562.0,1860,77,72,12910.2
1907.088,235.5,1562.0,1860,100,74,12910.2
1907.206,235.5,1562.0,1860,100,72,12910.2
1907.324,396.5,1562.0,1860,100,70,12916.5
1907.441,655.5,1562.0,1860,42,70,12924.8
1907.559,229.1,1562.0,1860,22,71,12928.6
1907.679,229.1,1562.0,1860,100,73,12928.6
1907.799,229.1,1562.0,1860,100,71,12928.6
1907.916,229.1,1562.0,1860,100,73,12928.6
1908.035,229.1,1562.0,1860,100,71,12928.6
1908.152,390.1,1562.0,1860,100,70,12934.1
1908.27,649.1,1562.0,1860,38,70,12942.1
1908.389,222.7,1562.0,1860,22,71,12946.1
1908.506,222.7,1562.0,1860,22,75,12946.1
1908.627,222.7,1562.0,1860,100,73,12946.1
1908.745,222.7,1562.0,1860,100,74,12946.1
1908.863,222.7,1562.0,1860,98,72,12947.1
1908.98,513.2,1562.0,1860,98,70,12962.0
1909.097,642.7,1562.0,1860,15,70,12974.8
1909.215,216.3,1562.0,1860,45,74,12978.6
1909.332,216.3,1562.0,1860,45,74,12978.6
1909.45,216.3,1562.0,1860,100,74,12978.6
1909.567,216.3,1562.0,1860,100,73,12978.6
1909.686,216.3,1562.0,1860,76,71,12988.6
1909.803,377.3,1562.0,1860,76,70,13016.4
1909.921,506.8,1562.0,1860,10,70,13045.1
1910.039,506.8,1562.0,1860,6,70,13073.1
1910.157,636.3,1562.0,1860,6,69,13101.6
1910.274,209.9,1562.0,1860,10,71,13111.8
1910.392,209.9,1562.0,1860,84,76,13111.8
1910.509,209.9,1562.0,1860,84,73,13111.8
1910.627,209.9,1562.0,1860,100,74,13111.8
1910.744,209.9,1562.0,1860,100,72,13115.0
1910.861,371.0,1562.0,1860,32,70,13134.3
1910.979,500.5,1562.0,1860,32,70,13156.8
1911.097,630.0,1562.0,1860,10,69,13172.0
1911.214,203.5,1562.0,1860,66,74,13172.0
1911.332,203.5,1562.0,1860,66,74,13172.0
1911.45,203.5,1562.0,1860,100,74,13172.0
1911.567,203.5,1562.0,1860,100,72,13172.0
1911.685,364.6,1562.0,1860,100,71,13185.1
1911.803,623.6,1562.0,1860,53,70,13201.1
1911.92,197.1,1562.0,1860,30,72,13206.1
1912.038,197.1,1562.0,1860,100,74,13206.1
1912.155,197.1,1562.0,1860,100,73,13206.1
1912.272,197.1,1562.0,1860,100,73,13206.1
1912.389,197.2,1562.0,1860,100,71,13154.8
1912.507,487.7,1562.0,1860,100,70,13185.0
1912.625,617.2,1562.0,1860,18,70,13208.2
1912.743,190.7,1562.0,1860,9,71,13221.0
1912.86,190.7,1562.0,1860,99,75,13221.0
1912.978,190.7,1562.0,1860,99,72,13217.5
1913.095,190.7,1562.0,1860,100,74,13217.5
1913.212,190.7,1562.0,1860,100,71,13217.5
1913.329,351.8,1562.0,1860,100,70,13240.4
1913.447,481.3,1562.0,1860,16,70,13264.5
1913.565,610.8,1562.0,1860,10,70,13287.9
1913.683,1209.1,1562.0,1860,10,71,13311.8
1913.801,184.4,1562.0,1860,29,75,13311.8
1913.919,184.4,1562.0,1860,100,73,13311.8
1914.037,184.4,1562.0,1860,100,73,13311.8
1914.154,184.4,1562.0,1860,100,71,13311.8
1914.272,215.9,1562.0,1860,89,70,13327.7
1914.39,345.4,1562.0,1860,9,70,13354.4
1914.507,474.9,1562.0,1860,9,69,13386.1
1914.627,604.4,1562.0,1860,7,69,13416.7
1914.744,604.4,1562.0,1860,8,69,13443.5
1914.863,178.0,1562.0,1860,8,71,13447.2
1914.98,178.0,1562.0,1860,62,74,13447.2
1915.097,178.0,1562.0,1860,100,75,13447.2
1915.215,178.0,1562.0,1860,100,74,13447.2
1915.333,185.0,1562.0,1860,100,71,13456.9
1915.451,339.0,1562.0,1860,50,70,13479.9
1915.569,468.5,1562.0,1860,7,69,13498.9
1915.688,598.0,1562.0,1860,7,69,13516.7
1915.807,171.6,1562.0,1860,12,71,13524.5
1915.926,171.6,1562.0,1860,82,75,13515.7
1916.047,171.6,1562.0,1860,100,73,13507.2
1916.167,171.6,1562.0,1860,100,73,13498.4
1916.286,175.1,1562.0,1860,100,71,13499.3
1916.407,332.6,1562.0,1860,33,70,13516.6
1916.526,591.6,1562.0,1860,33,70,13532.8
1916.646,165.2,1562.0,1860,12,71,13547.2
1916.766,165.2,1562.0,1860,73,76,13537.7
1916.888,165.2,1562.0,1860,100,73,13528.6
1917.009,165.2,1562.0,1860,100,75,13519.3
1917.13,165.2,1562.0,1860,100,72,13515.3
1917.25,455.7,1562.0,1860,43,70,13531.9
1917.37,585.2,1562.0,1860,43,70,13555.1
1917.489,158.8,1562.0,1860,13,72,13553.2
1917.609,158.8,1562.0,1860,86,74,13543.8
1917.729,158.8,1562.0,1860,100,73,13534.5
1917.849,158.8,1562.0,1860,100,73,13525.1
1917.969,158.8,1562.0,1860,100,71,13526.5
1918.089,319.8,1562.0,1860,31,70,13554.5
1918.209,578.8,1562.0,1860,31,70,13577.2
1918.328,152.4,1562.0,1860,13,71,13585.3
1918.448,152.4,1562.0,1860,67,76,13575.1
1918.572,152.4,1562.0,1860,100,73,13558.5
1918.693,152.4,1562.0,1860,100,75,13544.4
1918.813,152.4,1562.0,1860,100,72,13540.8
1918.934,313.4,1562.0,1860,48,70,13561.9
1919.055,442.9,1562.0,1860,11,70,13578.4
1919.174,235.8,1562.0,1860,11,70,13589.5
1919.294,146.0,1562.0,1860,49,75,13579.9
1919.413,146.0,1562.0,1860,100,73,13570.6
1919.533,146.0,1562.0,1860,100,74,13561.1
1919.652,146.0,1562.0,1860,100,72,13551.8
1919.773,307.0,1562.0,1860,67,70,13568.1
1919.892,566.0,1562.0,1860,17,70,13583.0
1920.012,139.6,1562.0,1860,17,72,13580.2
1920.134,139.6,1562.0,1860,81,75,13570.9
1920.255,139.6,1562.0,1860,100,74,13561.6
1920.374,139.6,1562.0,1860,100,74,13552.2
1920.494,300.6,1562.0,1860,100,71,13559.7
1920.616,559.6,1562.0,1860,39,70,13583.2
1920.769,559.6,1562.0,1860,2,70,13525.2
1921.181,559.6,1562.0,1860,49,76,13487.4
1921.557,133.2,1562.0,1860,100,73,13475.9
1921.69,133.2,1562.0,1860,100,75,13457.6
1921.817,133.2,1562.0,1860,100,72,13443.6
1921.937,164.7,1562.0,1860,1,70,13436.2
1922.279,294.2,1562.0,1860,3,70,13399.8
1922.681,294.2,1562.0,1860,2,70,13335.6
1923.137,423.7,1562.0,1860,2,70,13286.3
1923.592,423.7,1562.0,1860,2,69,13206.2
1924.15,553.2,1562.0,1860,2,70,13159.9
1924.561,553.2,1562.0,1860,2,69,13086.8
1925.07,553.2,1562.0,1860,82,76,13056.9
1925.412,126.8,1562.0,1860,100,73,13045.5
1925.546,126.8,1562.0,1860,100,72,13032.0
1925.692,158.3,1562.0,1860,30,70,13029.5
1925.957,287.8,1562.0,1860,1,70,12946.9
1926.443,287.8,1562.0,1860,2,70,12930.7
1926.575,287.8,1562.0,1860,3,70,12906.3
1926.86,287.8,1562.0,1860,0,70,12892.4
1927.02,287.8,1562.0,1860,2,70,12878.1
1927.151,287.8,1562.0,1860,2,70,12844.4
1927.349,287.8,1562.0,1860,1,70,12830.4
1927.483,417.3,1562.0,1860,2,70,12817.7
1927.608,417.3,1562.0,1860,2,70,12803.3
1927.732,417.3,1562.0,1860,2,70,12786.4
1927.853,417.3,1562.0,1860,0,70,12771.6
1927.974,417.3,1562.0,1860,2,70,12758.9
1928.097,417.3,1562.0,1860,2,69,12745.5
1928.218,417.3,1562.0,1860,2,70,12732.2
1928.34,417.3,1562.0,1860,0,70,12711.4
1928.462,417.3,1562.0,1860,2,69,12697.4
1928.583,417.3,1562.0,1860,2,70,12680.4
1928.704,417.3,1562.0,1860,2,69,12667.3
1928.825,417.3,1562.0,1860,0,69,12658.6
1928.946,417.3,1562.0,1860,2,69,12650.8
1929.066,417.3,1562.0,1860,2,69,12633.1
1929.188,417.3,1562.0,1860,2,69,12628.9
1929.308,417.3,1562.0,1860,2,70,12630.8
1929.43,546.8,1562.0,1860,5,69,12667.6
1929.557,546.8,1562.0,1860,5,69,12651.5
1929.677,120.4,1562.0,1860,23,75,12654.3
1929.811,120.4,1562.0,1860,100,73,12593.6
1929.932,120.4,1562.0,1860,100,73,12593.5
1930.055,120.4,1562.0,1860,100,72,12559.5
1930.175,151.9,1562.0,1860,100,70,12588.7
1930.296,281.4,1562.0,1860,17,70,12661.6
1930.416,410.9,1562.0,1860,7,70,12667.5
1930.676,410.9,1562.0,1860,3,69,12650.8
1930.874,410.9,1562.0,1860,0,69,12640.4
1931.004,410.9,1562.0,1860,2,69,12628.7
1931.128,410.9,1562.0,1860,2,69,12617.4
1931.256,410.9,1562.0,1860,2,69,12596.1
1931.543,540.4,1562.0,1860,2,69,12582.3
1931.666,540.4,1562.0,1860,2,69,12540.9
1931.829,92.9,1562.0,1860,5,71,12053.0
1931.953,92.9,1562.0,1860,90,76,12005.1
1932.071,92.9,1562.0,1860,90,73,12005.1
1932.189,92.9,1562.0,1860,100,74,12005.2
1932.306,92.9,1562.0,1860,100,73,12005.2
1932.428,65.5,1562.0,1860,100,70,12025.7
1932.547,102.4,1562.0,1860,21,71,12029.7
1932.664,102.4,1562.0,1860,91,76,12029.7
1932.782,102.4,1562.0,1860,100,74,12029.7
1932.9,110.6,1562.0,1860,100,71,12029.8
1933.017,110.6,1562.0,1860,94,74,12029.8
1933.135,110.6,1562.0,1860,100,74,12029.8
1933.252,530.7,1562.0,1860,100,71,12029.9
1933.37,118.9,1562.0,1860,85,72,12029.9
1933.488,118.9,1562.0,1860,100,75,12029.9
1933.617,409.4,1562.0,1860,94,72,12029.9
1933.737,127.2,1562.0,1860,94,71,12030.2
1933.854,127.2,1562.0,1860,89,76,12030.2
1933.972,134.2,1562.0,1860,100,73,12030.2
1934.091,135.4,1562.0,1860,100,72,12030.2
1934.209,135.4,1562.0,1860,89,76,12030.2
1934.327,135.4,1562.0,1860,100,74,12030.2
1934.444,143.7,1562.0,1860,100,72,12030.5
1934.562,143.7,1562.0,1860,82,74,12030.5
1934.679,143.7,1562.0,1860,100,75,12030.5
1934.797,304.7,1562.0,1860,65,71,12043.2
1934.916,151.9,1562.0,1860,65,72,12044.0
1935.033,151.9,1562.0,1860,83,77,12044.0
1935.153,151.9,1562.0,1860,100,73,12044.0
1935.27,313.0,1562.0,1860,100,70,12062.6
1935.388,442.5,1562.0,1860,34,70,12088.6
1935.506,636.5,1562.0,1860,13,69,12107.6
1935.623,160.2,1562.0,1860,81,71,12107.6
1935.741,160.2,1562.0,1860,81,74,12107.6
1935.859,160.2,1562.0,1860,100,72,12108.6
1935.976,321.2,1562.0,1860,41,70,12132.3
1936.094,450.7,1562.0,1860,41,70,12156.2
1936.212,168.5,1562.0,1860,15,71,12172.5
1936.329,168.5,1562.0,1860,73,74,12172.5
1936.447,168.5,1562.0,1860,73,74,12172.5
1936.564,329.5,1562.0,1860,100,71,12176.3
1936.682,588.5,1562.0,1860,38,70,12199.7
1936.8,588.5,1562.0,1860,9,69,12223.7
1936.917,176.7,1562.0,1860,9,72,12223.7
1937.034,176.7,1562.0,1860,99,75,12223.7
1937.152,337.7,1562.0,1860,93,72,12225.6
1937.27,467.2,1562.0,1860,93,70,12248.6
1937.389,596.7,1562.0,1860,17,70,12275.3
1937.506,185.0,1562.0,1860,18,71,12285.8
1937.623,185.0,1562.0,1860,18,75,12285.8
1937.741,185.0,1562.0,1860,100,74,12285.8
1937.858,346.0,1562.0,1860,78,70,12299.7
1937.976,193.2,1562.0,1860,40,72,12306.4
1938.093,193.2,1562.0,1860,40,74,12306.4
1938.212,193.2,1562.0,1860,100,74,12306.4
1938.329,483.7,1562.0,1860,76,71,12312.7
1938.447,613.2,1562.0,1860,76,71,12327.6
1938.565,201.5,1562.0,1860,38,74,12327.6
1938.682,201.5,1562.0,1860,100,75,12327.6
1938.801,362.5,1562.0,1860,73,71,12331.2
1938.921,621.5,1562.0,1860,73,70,12340.0
1939.039,209.8,1562.0,1860,52,72,12340.0
1939.156,209.8,1562.0,1860,100,75,12340.0
1939.274,241.3,1562.0,1860,100,71,12343.8
1939.393,500.3,1562.0,1860,62,70,12356.8
1939.511,218.0,1562.0,1860,31,71,12361.5
1939.628,218.0,1562.0,1860,31,74,12361.5
1939.746,218.0,1562.0,1860,100,74,12361.5
1939.865,249.5,1562.0,1860,76,70,12383.9
1939.983,379.0,1562.0,1860,8,70,12408.4
1940.101,508.5,1562.0,1860,8,70,12436.0
1940.219,638.0,1562.0,1860,8,70,12463.8
1940.337,638.0,1562.0,1860,7,70,12488.4
1940.456,226.3,1562.0,1860,7,73,12480.6
1940.575,226.3,1562.0,1860,83,74,12473.2
1940.695,257.8,1562.0,1860,100,71,12465.7
1940.817,646.3,1562.0,1860,25,70,12473.9
1940.935,234.5,1562.0,1860,25,71,12472.0
1941.053,234.5,1562.0,1860,85,76,12462.2
1941.173,234.5,1562.0,1860,100,72,12453.2
1941.293,525.0,1562.0,1860,100,70,12458.5
1941.411,242.8,1562.0,1860,29,71,12451.8
1941.531,242.8,1562.0,1860,83,75,12446.2
1941.65,242.8,1562.0,1860,100,73,12440.9
1941.772,533.3,1562.0,1860,100,70,12435.9
1941.892,251.0,1562.0,1860,34,71,12429.6
1942.011,251.0,1562.0,1860,100,75,12420.5
1942.134,251.0,1562.0,1860,100,73,12410.5
1942.255,541.6,1562.0,1860,91,70,12413.7
1942.374,259.3,1562.0,1860,38,72,12406.7
1942.494,259.3,1562.0,1860,100,76,12399.6
1942.612,259.3,1562.0,1860,100,72,12396.1
1942.732,679.3,1562.0,1860,79,70,12392.1
1942.85,267.6,1562.0,1860,73,74,12388.2
1942.969,267.6,1562.0,1860,73,74,12379.4
1943.09,428.6,1562.0,1860,100,71,12334.7
1943.209,687.6,1562.0,1860,48,70,12339.1
1943.326,275.8,1562.0,1860,78,74,12339.1
1943.444,275.8,1562.0,1860,78,76,12339.1
1943.563,436.8,1562.0,1860,100,72,12341.7
1943.683,695.8,1562.0,1860,39,70,12349.7
1943.801,284.1,1562.0,1860,39,71,12349.7
1943.918,284.1,1562.0,1860,93,75,12349.7
1944.036,315.6,1562.0,1860,100,72,12351.7
1944.154,704.1,1562.0,1860,100,70,12358.7
1944.272,292.3,1562.0,1860,26,71,12359.0
1944.389,292.3,1562.0,1860,98,76,12359.0
1944.507,323.9,1562.0,1860,90,72,12360.7
1944.625,582.9,1562.0,1860,90,70,12371.4
1944.743,300.6,1562.0,1860,19,72,12379.9
1944.86,300.6,1562.0,1860,72,75,12379.9
1944.979,300.6,1562.0,1860,72,74,12379.9
1945.097,332.1,1562.0,1860,100,71,12393.2
1945.214,591.1,1562.0,1860,29,70,12235.7
1945.333,720.6,1562.0,1860,17,70,12246.7
1945.45,308.9,1562.0,1860,17,71,12246.8
1945.568,308.9,1562.0,1860,99,75,12246.8
1945.686,308.9,1562.0,1860,89,72,12250.7
1945.805,469.9,1562.0,1860,89,70,12267.0
1945.923,728.9,1562.0,1860,14,70,12282.4
1946.041,728.9,1562.0,1860,10,70,12299.2
1946.16,317.1,1562.0,1860,10,72,12272.7
1946.277,317.1,1562.0,1860,72,75,12272.7
1946.395,317.1,1562.0,1860,100,72,12276.1
1946.513,478.1,1562.0,1860,26,70,12292.5
1946.631,607.6,1562.0,1860,26,69,12316.0
1946.748,737.1,1562.0,1860,11,69,12339.2
1946.866,294.7,1562.0,1860,50,71,12341.0
1946.984,294.7,1562.0,1860,50,75,12341.0
1947.102,302.8,1562.0,1860,100,71,12362.8
1947.221,302.8,1562.0,1860,47,70,12492.7
1947.346,302.8,1562.0,1860,2,70,12494.4
1947.476,302.8,1562.0,1860,2,70,12556.6
1947.602,302.8,1562.0,1860,0,70,12587.8
1947.728,302.8,1562.0,1860,2,69,12643.9
1947.853,302.8,1562.0,1860,2,70,12713.1
1947.982,302.8,1562.0,1860,2,69,12747.9
1948.109,302.8,1562.0,1860,0,70,12781.6
1948.237,302.8,1562.0,1860,2,70,12815.1
1948.364,302.8,1562.0,1860,2,69,12822.5
1948.493,302.8,1562.0,1860,2,69,12879.6
1948.619,302.8,1562.0,1860,0,70,12943.3
1948.745,302.8,1562.0,1860,2,69,12963.7
1948.874,302.8,1562.0,1860,2,70,12984.1
1949.003,302.8,1562.0,1860,2,70,13011.8
1949.131,302.8,1562.0,1860,0,70,13033.7
1949.259,302.8,1562.0,1860,2,70,13063.0
1949.446,302.8,1562.0,1860,2,70,13066.6
1949.807,302.8,1562.0,1860,2,70,12973.0
1949.935,302.8,1562.0,1860,2,69,12605.5
1950.077,302.8,1562.0,1860,0,69,12630.4
1950.203,302.8,1562.0,1860,2,69,12668.9
1950.328,302.8,1562.0,1860,2,69,12759.4
1950.457,302.8,1562.0,1860,2,69,12821.7
1950.585,302.8,1562.0,1860,0,69,12884.1
1950.71,302.8,1562.0,1860,2,69,12925.3
1950.835,302.8,1562.0,1860,2,69,13013.4
1950.962,302.8,1562.0,1860,2,69,13075.2
1951.09,302.8,1562.0,1860,0,69,13137.3
1951.215,302.8,1562.0,1860,2,69,13179.7
1951.34,302.8,1562.0,1860,2,69,13256.4
1951.466,302.8,1562.0,1860,2,69,13270.9
1951.595,302.8,1562.0,1860,0,69,13302.0
1951.721,302.8,1562.0,1860,2,69,13335.6
1951.847,302.8,1562.0,1860,2,69,13340.5
1951.975,302.8,1562.0,1860,2,69,13397.3
1952.101,302.8,1562.0,1860,0,69,13459.6
1952.23,302.8,1562.0,1860,2,69,13493.3
1952.357,302.8,1562.0,1860,2,69,13526.3
1952.484,302.8,1562.0,1860,2,69,13559.5
1952.611,302.8,1562.0,1860,0,69,13561.8
1952.739,302.8,1562.0,1860,2,69,13624.7
1952.887,302.8,1562.0,1860,2,69,13676.2
1953.022,302.8,1562.0,1860,0,69,13699.1
1953.21,302.8,1562.0,1860,2,69,13699.8
1953.444,302.8,1562.0,1860,0,69,13712.3
1953.659,302.8,1562.0,1860,2,69,13715.8
1953.887,302.8,1562.0,1860,0,69,13701.5
1954.287,302.8,1562.0,1860,2,69,13693.7
1954.637,302.8,1562.0,1860,0,69,13630.4
1955.3,302.8,1562.0,1860,1,69,13501.9
1956.081,302.8,1562.0,1860,0,68,13400.8
1956.818,302.8,1562.0,1860,0,68,13361.7
1957.199,302.8,1562.0,1860,0,69,13263.1
1957.477,302.8,1562.0,1860,5,68,12947.9
1957.601,302.8,1562.0,1860,0,68,12636.7
1957.721,302.8,1562.0,1860,2,69,12215.7
1957.841,302.8,1562.0,1860,2,69,12234.4
1957.961,302.8,1562.0,1860,2,68,12251.2
1958.081,302.8,1562.0,1860,0,68,12270.4
1958.202,302.8,1562.0,1860,0,68,12290.5
1958.322,302.8,1562.0,1860,2,69,12310.6
1958.443,302.8,1562.0,1860,2,68,12328.6
1958.566,302.8,1562.0,1860,0,68,12347.0
1958.686,302.8,1562.0,1860,0,68,12367.5
1958.806,302.8,1562.0,1860,2,68,12386.4
1958.926,302.8,1562.0,1860,2,68,12406.8
1959.045,302.8,1562.0,1860,0,68,12426.0
1959.168,302.8,1562.0,1860,0,68,12445.3
1959.292,302.8,1562.0,1860,2,68,12464.1
1959.413,302.8,1562.0,1860,2,68,12483.9
1959.534,302.8,1562.0,1860,2,68,12502.7
1959.654,302.8,1562.0,1860,0,68,12522.1
1959.775,302.8,1562.0,1860,2,68,12540.4
1959.894,302.8,1562.0,1860,2,68,12559.4
1960.014,302.8,1562.0,1860,2,68,12580.1
1960.133,302.8,1562.0,1860,0,68,12602.0
1960.253,302.8,1562.0,1860,2,68,12618.9
1960.372,302.8,1562.0,1860,2,68,12637.2
1960.492,302.8,1562.0,1860,2,68,12658.9
1960.612,302.8,1562.0,1860,0,68,12677.2
1960.736,302.8,1562.0,1860,2,68,12695.5
1960.86,302.8,1562.0,1860,2,68,12713.2
1960.984,302.8,1562.0,1860,2,68,12734.6
1961.109,302.8,1562.0,1860,0,68,12754.3
1961.232,302.8,1562.0,1860,2,68,12770.6
1961.35,302.8,1562.0,1860,2,68,12790.0
1961.47,302.8,1562.0,1860,2,68,12809.8
1961.592,302.8,1562.0,1860,0,68,12829.6
1961.711,302.8,1562.0,1860,0,68,12847.0
1961.833,302.8,1562.0,1860,2,68,12866.5
1961.955,302.8,1562.0,1860,2,68,12887.5
1962.076,302.8,1562.0,1860,0,68,12906.3
1962.196,302.8,1562.0,1860,0,68,12928.2
1962.319,302.8,1562.0,1860,2,68,12947.4
1962.438,302.8,1562.0,1860,2,68,12966.0
1962.558,302.8,1562.0,1860,0,68,12985.0
1962.678,302.8,1562.0,1860,0,68,13004.5
1962.799,302.8,1562.0,1860,2,68,13022.2
1962.919,302.8,1562.0,1860,2,68,13042.2
1963.038,302.8,1562.0,1860,2,68,13059.4
1963.157,302.8,1562.0,1860,0,68,13076.0
1963.277,302.8,1562.0,1860,2,68,13092.2
1963.396,302.8,1562.0,1860,2,68,13110.5
1963.516,302.8,1562.0,1860,2,68,13127.3
1963.636,302.8,1562.0,1860,0,68,13146.7
1963.758,302.8,1562.0,1860,2,68,13164.1
1963.878,302.8,1562.0,1860,2,68,13181.6
1964.0,302.8,1562.0,1860,2,68,13194.7
1964.12,302.8,1562.0,1860,0,68,13206.4
1964.24,302.8,1562.0,1860,2,68,13217.4
1964.36,302.8,1562.0,1860,2,68,13230.6
1964.481,302.8,1562.0,1860,2,68,13242.6
1964.605,302.8,1562.0,1860,0,68,13242.6
1964.731,302.8,1562.0,1860,2,68,13242.6
1964.857,302.8,1562.0,1860,2,68,13242.6
1964.984,302.8,1562.0,1860,2,68,13242.6
1965.11,302.8,1562.0,1860,0,68,13242.6
1965.237,496.3,1562.0,1860,16,68,12907.5
1965.355,1357.6,1622.0,1940,16,69,12918.0
1965.473,335.3,1642.0,1940,61,71,12918.0
1965.59,335.3,1642.0,1940,100,73,12918.0
1965.708,335.3,1642.0,1940,100,73,12918.0
1965.825,335.3,1642.0,1940,100,74,12918.0
1965.943,335.3,1642.0,1940,100,71,12918.0
1966.062,496.3,1642.0,1940,100,70,12919.6
1966.18,327.3,1642.0,1940,76,71,12922.8
1966.298,327.3,1642.0,1940,83,76,12922.8
1966.417,327.3,1642.0,1940,100,73,12922.8
1966.536,327.3,1642.0,1940,100,74,12922.8
1966.655,327.3,1642.0,1940,100,74,12922.8
1966.774,327.3,1642.0,1940,100,71,12922.8
1966.891,617.8,1642.0,1940,100,70,12931.5
1967.01,319.2,1642.0,1940,51,71,12932.3
1967.128,319.2,1642.0,1940,97,75,12932.3
1967.249,319.2,1642.0,1940,100,72,12932.3
1967.368,319.2,1642.0,1940,100,74,12932.3
1967.487,319.2,1642.0,1940,100,73,12932.3
1967.605,319.2,1642.0,1940,100,72,12932.7
1967.724,311.2,1642.0,1940,100,72,12935.0
1967.841,311.2,1642.0,1940,69,75,12935.0
1967.963,311.2,1642.0,1940,100,74,12935.0
1968.081,311.2,1642.0,1940,100,73,12935.0
1968.202,311.2,1642.0,1940,100,74,12935.0
1968.322,311.2,1642.0,1940,100,71,12935.0
1968.439,601.7,1642.0,1940,77,70,12937.4
1968.557,303.1,1642.0,1940,77,72,12938.1
1968.675,303.1,1642.0,1940,84,75,12938.1
1968.794,303.1,1642.0,1940,100,73,12938.1
1968.911,303.1,1642.0,1940,100,74,12938.1
1969.03,303.1,1642.0,1940,100,72,12938.1
1969.148,303.1,1642.0,1940,100,72,12938.4
1969.266,295.1,1642.0,1940,73,71,12939.9
1969.384,295.1,1642.0,1940,73,75,12939.9
1969.502,295.1,1642.0,1940,100,74,12939.9
1969.62,295.1,1642.0,1940,100,74,12939.9
1969.737,295.1,1642.0,1940,100,75,12939.9
1969.855,295.1,1642.0,1940,100,71,12939.9
1969.972,585.6,1642.0,1940,86,70,12942.0
1970.091,287.1,1642.0,1940,75,72,12942.5
1970.209,287.1,1642.0,1940,75,76,12942.5
1970.326,287.1,1642.0,1940,100,72,12942.5
1970.446,287.1,1642.0,1940,100,74,12942.5
1970.563,287.1,1642.0,1940,100,72,12942.5
1970.681,287.1,1642.0,1940,100,72,12942.5
1970.799,707.1,1642.0,1940,65,70,12947.2
1970.917,279.0,1642.0,1940,65,72,12948.1
1971.034,279.0,1642.0,1940,76,75,12948.1
1971.154,279.0,1642.0,1940,100,73,12948.1
1971.271,279.0,1642.0,1940,100,74,12948.1
1971.389,279.0,1642.0,1940,100,73,12948.1
1971.507,286.0,1642.0,1940,100,72,12949.0
1971.625,569.5,1642.0,1940,49,70,12955.3
1971.744,271.0,1642.0,1940,49,71,12956.4
1971.862,271.0,1642.0,1940,77,73,12956.4
1971.98,271.0,1642.0,1940,100,73,12956.4
1972.098,271.0,1642.0,1940,100,73,12956.4
1972.218,271.0,1642.0,1940,100,74,12956.4
1972.336,271.0,1642.0,1940,100,71,12956.4
1972.453,561.5,1642.0,1940,66,70,12960.2
1972.571,263.0,1642.0,1940,66,72,12964.9
1972.688,263.0,1642.0,1940,51,76,12964.9
1972.805,263.0,1642.0,1940,100,74,12964.9
1972.924,263.0,1642.0,1940,100,73,12964.9
1973.041,263.0,1642.0,1940,100,74,12964.9
1973.158,263.0,1642.0,1940,100,72,12964.9
1973.276,424.0,1642.0,1940,75,71,12967.4
1973.393,683.0,1642.0,1940,75,70,12974.4
1973.511,254.9,1642.0,1940,38,71,12976.8
1973.628,254.9,1642.0,1940,100,76,12976.8
1973.747,254.9,1642.0,1940,100,74,12976.8
1973.865,254.9,1642.0,1940,100,75,12976.8
1973.982,254.9,1642.0,1940,100,74,12976.8
1974.099,254.9,1642.0,1940,100,73,12976.8
1974.218,545.4,1642.0,1940,93,70,12988.8
1974.336,674.9,1642.0,1940,19,70,12999.3
1974.454,246.9,1642.0,1940,78,75,12999.3
1974.571,246.9,1642.0,1940,78,74,12999.3
1974.689,246.9,1642.0,1940,100,74,12999.3
1974.806,246.9,1642.0,1940,100,74,12999.3
1974.923,246.9,1642.0,1940,100,72,12999.3
1975.041,246.9,1642.0,1940,100,71,13010.4
1975.158,407.9,1642.0,1940,33,70,13039.4
1975.276,537.4,1642.0,1940,33,70,13068.3
1975.393,537.4,1642.0,1940,7,70,13097.9
1975.512,666.9,1642.0,1940,7,70,13127.6
1975.629,666.9,1642.0,1940,7,70,13156.0
1975.747,238.8,1642.0,1940,7,72,13160.9
1975.864,238.8,1642.0,1940,79,75,13160.9
1975.981,238.8,1642.0,1940,100,73,13160.9
1976.099,238.8,1642.0,1940,100,75,13160.9
1976.217,238.8,1642.0,1940,100,72,13160.9
1976.334,238.8,1642.0,1940,100,72,13163.2
1976.451,399.8,1642.0,1940,28,70,13193.2
1976.568,529.3,1642.0,1940,28,70,13224.5
1976.687,658.8,1642.0,1940,11,70,13264.4
1976.804,1268.2,1642.0,1940,8,71,13286.1
1976.95,230.8,1642.0,1940,8,75,13286.1
1977.067,230.8,1642.0,1940,99,74,13286.1
1977.184,230.8,1642.0,1940,100,74,13286.1
1977.301,230.8,1642.0,1940,100,75,13286.1
1977.419,230.8,1642.0,1940,100,71,13286.1
1977.536,262.3,1642.0,1940,100,70,13307.2
1977.654,521.3,1642.0,1940,20,70,13338.9
1977.771,650.8,1642.0,1940,20,70,13375.0
1977.889,222.8,1642.0,1940,11,72,13399.1
1978.006,222.8,1642.0,1940,75,75,13399.1
1978.123,222.8,1642.0,1940,75,74,13399.1
1978.243,222.8,1642.0,1940,100,74,13399.1
1978.36,222.8,1642.0,1940,100,75,13399.1
1978.477,222.8,1642.0,1940,100,71,13399.1
1978.595,383.8,1642.0,1940,100,70,13423.1
1978.713,513.3,1642.0,1940,37,70,13463.2
1978.83,642.8,1642.0,1940,11,70,13488.4
1978.948,214.7,1642.0,1940,11,71,13498.8
1979.066,214.7,1642.0,1940,50,75,13498.8
1979.183,214.7,1642.0,1940,100,74,13498.8
1979.301,214.7,1642.0,1940,100,73,13498.8
1979.423,214.7,1642.0,1940,100,73,13477.4
1979.541,214.7,1642.0,1940,100,71,13472.3
1979.658,375.7,1642.0,1940,67,70,13463.4
1979.777,505.2,1642.0,1940,67,70,13325.7
1979.895,634.7,1642.0,1940,12,70,13349.9
1980.012,206.7,1642.0,1940,56,72,13350.2
1980.129,206.7,1642.0,1940,56,75,13350.2
1980.247,206.7,1642.0,1940,100,72,13350.2
1980.364,206.7,1642.0,1940,100,74,13350.2
1980.482,206.7,1642.0,1940,100,72,13349.4
1980.6,206.7,1642.0,1940,100,71,13355.9
1980.717,367.7,1642.0,1940,66,70,13379.1
1980.835,497.2,1642.0,1940,9,70,13399.9
1980.952,497.2,1642.0,1940,9,70,13435.3
1981.07,626.7,1642.0,1940,8,69,13468.5
1981.187,198.6,1642.0,1940,8,71,13487.3
1981.305,198.6,1642.0,1940,89,74,13487.3
1981.422,198.6,1642.0,1940,89,74,13487.3
1981.539,198.6,1642.0,1940,100,75,13467.6
1981.658,198.6,1642.0,1940,100,75,13208.0
1981.776,198.6,1642.0,1940,100,72,13208.0
1981.893,359.6,1642.0,1940,100,71,13226.2
1982.011,359.6,1642.0,1940,14,70,13248.2
1982.128,489.1,1642.0,1940,14,70,13276.8
1982.246,618.6,1642.0,1940,10,69,13305.3
1982.364,618.6,1642.0,1940,7,69,13336.8
1982.481,190.6,1642.0,1940,46,71,13347.3
1982.599,190.6,1642.0,1940,46,75,13347.3
1982.717,190.6,1642.0,1940,100,72,13347.3
1982.834,190.6,1642.0,1940,100,74,13347.3
1982.952,190.6,1642.0,1940,100,73,13347.3
1983.071,190.6,1642.0,1940,100,71,13347.3
1983.188,351.6,1642.0,1940,68,70,13378.2
1983.306,351.6,1642.0,1940,68,70,13410.2
1983.424,481.1,1642.0,1940,8,69,13445.7
1983.542,610.6,1642.0,1940,8,69,13482.4
1983.659,610.6,1642.0,1940,10,69,13370.7
1983.779,182.6,1642.0,1940,10,73,13318.7
1983.897,182.6,1642.0,1940,98,74,13318.7
1984.014,182.6,1642.0,1940,100,73,13318.7
1984.131,182.6,1642.0,1940,100,74,13318.7
1984.25,182.6,1642.0,1940,100,72,13318.7
1984.369,182.6,1642.0,1940,100,71,13336.5
1984.487,343.6,1642.0,1940,8,70,13374.9
1984.606,473.1,1642.0,1940,8,69,13420.2
1984.724,473.1,1642.0,1940,9,69,13457.0
1984.842,602.6,1642.0,1940,9,69,13493.4
1984.96,174.5,1642.0,1940,9,72,13332.9
1985.08,174.5,1642.0,1940,62,75,13156.5
1985.211,174.5,1642.0,1940,100,72,13156.5
1985.328,174.5,1642.0,1940,100,73,13156.5
1985.446,174.5,1642.0,1940,100,72,13156.5
1985.564,174.5,1642.0,1940,100,72,13156.5
1985.682,335.5,1642.0,1940,50,70,13196.9
1985.799,335.5,1642.0,1940,50,69,13240.3
1985.917,465.0,1642.0,1940,9,69,13283.1
1986.035,594.5,1642.0,1940,7,69,13322.2
1986.153,594.5,1642.0,1940,7,69,13363.5
1986.27,166.5,1642.0,1940,13,72,13365.1
1986.387,166.5,1642.0,1940,100,75,13365.1
1986.505,166.5,1642.0,1940,100,72,13365.1
1986.623,166.5,1642.0,1940,100,74,13365.1
1986.74,166.5,1642.0,1940,100,72,13365.1
1986.858,166.5,1642.0,1940,93,71,13383.9
1986.976,327.5,1642.0,1940,93,70,13443.1
1987.094,327.5,1642.0,1940,7,69,13488.0
1987.212,457.0,1642.0,1940,8,69,13524.2
1987.332,586.5,1642.0,1940,8,69,13575.7
1987.451,258.8,1642.0,1940,8,71,13614.6
1987.571,158.4,1642.0,1940,44,75,13605.0
1987.692,158.4,1642.0,1940,100,73,13595.6
1987.812,158.4,1642.0,1940,100,73,13580.8
1987.934,158.4,1642.0,1940,100,74,13568.3
1988.053,158.4,1642.0,1940,100,71,13558.8
1988.172,190.0,1642.0,1940,67,70,13591.0
1988.291,319.5,1642.0,1940,67,70,13659.7
1988.411,449.0,1642.0,1940,10,69,13726.3
1988.53,578.5,1642.0,1940,8,69,13764.7
1988.754,578.5,1642.0,1940,8,69,13727.4
1989.121,150.4,1642.0,1940,8,75,13718.7
1989.249,150.4,1642.0,1940,100,74,13704.3
1989.369,150.4,1642.0,1940,100,74,13688.8
1989.492,150.4,1642.0,1940,100,75,13678.6
1989.615,150.4,1642.0,1940,100,71,13669.1
1989.736,181.9,1642.0,1940,5,70,13651.7
1990.075,311.4,1642.0,1940,2,69,13605.0
1990.452,440.9,1642.0,1940,3,69,13567.8
1990.799,440.9,1642.0,1940,2,69,13426.9
1991.309,570.4,1642.0,1940,1,69,13391.9
1991.653,570.4,1642.0,1940,2,69,13344.8
1992.081,142.4,1642.0,1940,100,75,13331.6
1992.3,142.4,1642.0,1940,100,73,13321.5
1992.424,142.4,1642.0,1940,100,76,13311.5
1992.548,142.4,1642.0,1940,100,73,13302.0
1992.668,142.4,1642.0,1940,100,72,13297.7
1992.788,303.4,1642.0,1940,0,70,13272.1
1993.191,303.4,1642.0,1940,3,69,13234.3
1993.57,432.9,1642.0,1940,2,69,13204.8
1993.934,432.9,1642.0,1940,2,69,13159.5
1994.349,432.9,1642.0,1940,0,69,13114.7
1994.743,562.4,1642.0,1940,2,69,13070.7
1995.135,562.4,1642.0,1940,3,69,13042.9
1995.414,562.4,1642.0,1940,1,69,13015.4
1995.682,562.4,1642.0,1940,100,71,12990.9
1995.98,134.3,1642.0,1940,100,73,12980.4
1996.104,134.3,1642.0,1940,100,75,12970.9
1996.223,134.3,1642.0,1940,100,75,12961.3
1996.343,134.3,1642.0,1940,100,71,12951.5
1996.463,295.3,1642.0,1940,100,70,12963.4
1996.623,295.3,1642.0,1940,12,70,12946.5
1996.746,295.3,1642.0,1940,3,70,12934.8
1996.957,295.3,1642.0,1940,2,70,12944.8
1997.196,424.8,1642.0,1940,5,70,12840.3
1997.322,554.3,1642.0,1940,5,70,12872.6
1997.456,554.3,1642.0,1940,7,70,12860.4
1997.578,554.3,1642.0,1940,1,69,12834.6
1997.7,554.3,1642.0,1940,2,70,12807.4
1997.822,554.3,1642.0,1940,2,70,12795.0
1997.942,554.3,1642.0,1940,2,70,12782.3
1998.063,554.3,1642.0,1940,1,69,12765.5
1998.183,554.3,1642.0,1940,1,70,12750.8
1998.304,554.3,1642.0,1940,2,69,12734.4
1998.424,554.3,1642.0,1940,2,69,12710.7
1998.545,554.3,1642.0,1940,2,69,12705.2
1998.665,126.3,1642.0,1940,2,71,12702.1
1998.784,126.3,1642.0,1940,73,76,12688.6
1998.904,126.3,1642.0,1940,100,73,12679.6
1999.024,126.3,1642.0,1940,100,74,12670.6
1999.144,126.3,1642.0,1940,100,73,12661.6
1999.264,126.3,1642.0,1940,100,72,12654.8
1999.383,126.3,1642.0,1940,31,70,12643.3
1999.504,126.3,1642.0,1940,31,70,12626.8
1999.624,129.8,1642.0,1940,0,70,12609.7
1999.745,157.8,1642.0,1940,2,70,12597.9
1999.867,157.8,1642.0,1940,2,70,12589.0
1999.988,287.3,1642.0,1940,3,70,12578.1
2000.109,287.3,1642.0,1940,1,70,12578.4
2000.231,287.3,1642.0,1940,7,70,12626.5
2000.408,416.8,1642.0,1940,5,70,12590.5
2000.553,546.3,1642.0,1940,6,70,12108.2
2000.697,546.3,1642.0,1940,6,70,12094.3
2000.823,546.3,1642.0,1940,2,70,12080.7
2000.943,546.3,1642.0,1940,2,70,12075.9
2001.063,546.3,1642.0,1940,1,70,12069.4
2001.183,546.3,1642.0,1940,1,69,12062.7
2001.303,546.3,1642.0,1940,2,69,12054.9
2001.423,546.3,1642.0,1940,2,69,12048.4
2001.543,546.3,1642.0,1940,2,69,12041.6
2001.664,546.3,1642.0,1940,1,69,12034.9
2001.784,546.3,1642.0,1940,2,70,12026.4
2001.903,546.3,1642.0,1940,2,69,12016.3
2002.025,546.3,1642.0,1940,2,69,12004.7
2002.148,546.3,1642.0,1940,0,69,11991.8
2002.269,546.3,1642.0,1940,2,69,11980.7
2002.389,97.8,1642.0,1940,46,71,11972.0
2002.508,97.8,1642.0,1940,46,75,11961.8
2002.631,97.8,1642.0,1940,100,73,11961.5
2002.749,97.8,1642.0,1940,100,73,11961.5
2002.867,97.8,1642.0,1940,100,73,11961.5
2002.986,97.8,1642.0,1940,100,71,11961.5
2003.104,65.4,1642.0,1940,65,70,11906.3
2003.226,57.8,1642.0,1940,5,70,11937.7
2003.344,91.6,1642.0,1940,5,71,11951.3
2003.462,91.6,1642.0,1940,97,73,11951.3
2003.58,91.6,1642.0,1940,100,74,11939.0
2003.698,91.6,1642.0,1940,100,75,11939.0
2003.816,100.7,1642.0,1940,95,73,11967.9
2003.934,100.7,1642.0,1940,95,74,11967.9
2004.052,100.7,1642.0,1940,95,75,11967.9
2004.169,100.7,1642.0,1940,100,76,11967.9
2004.287,109.9,1642.0,1940,91,73,11969.5
2004.405,109.9,1642.0,1940,99,74,11969.5
2004.522,109.9,1642.0,1940,99,74,11969.5
2004.639,109.9,1642.0,1940,100,75,11969.5
2004.757,119.1,1642.0,1940,97,73,11969.7
2004.875,119.1,1642.0,1940,97,74,11969.7
2004.993,119.1,1642.0,1940,100,75,11969.7
2005.11,119.1,1642.0,1940,100,76,11969.7
2005.228,128.3,1642.0,1940,86,73,11984.4
2005.346,128.3,1642.0,1940,86,74,11984.4
2005.465,128.3,1642.0,1940,100,75,11984.4
2005.582,128.3,1642.0,1940,100,76,11984.4
2005.7,137.5,1642.0,1940,100,73,11989.3
2005.817,137.5,1642.0,1940,87,74,11989.3
2005.935,137.5,1642.0,1940,100,75,11989.3
2006.053,137.5,1642.0,1940,100,76,11989.3
2006.17,557.5,1642.0,1940,97,72,11995.1
2006.288,146.7,1642.0,1940,73,74,11995.1
2006.406,146.7,1642.0,1940,100,75,11995.1
2006.524,146.7,1642.0,1940,100,74,11995.1
2006.642,307.7,1642.0,1940,100,73,12003.4
2006.76,437.2,1642.0,1940,20,71,12025.4
2006.878,566.7,1642.0,1940,20,71,12046.0
2006.995,155.9,1642.0,1940,21,72,12047.5
2007.112,155.9,1642.0,1940,100,75,12047.5
2007.23,155.9,1642.0,1940,100,75,12047.5
2007.348,187.4,1642.0,1940,100,73,12054.2
2007.466,446.4,1642.0,1940,49,71,12076.9
2007.584,575.9,1642.0,1940,14,70,12104.1
2007.701,165.1,1642.0,1940,14,72,12107.3
2007.819,165.1,1642.0,1940,82,74,12107.3
2007.937,165.1,1642.0,1940,100,75,12107.3
2008.054,165.1,1642.0,1940,100,72,12110.2
2008.171,455.6,1642.0,1940,71,71,12122.8
2008.29,585.1,1642.0,1940,13,70,12147.9
2008.408,585.1,1642.0,1940,9,70,12176.8
2008.525,174.3,1642.0,1940,9,71,12181.1
2008.643,174.3,1642.0,1940,88,74,12181.1
2008.76,174.3,1642.0,1940,100,74,12181.1
2008.878,174.3,1642.0,1940,100,73,12183.4
2008.997,335.3,1642.0,1940,68,71,12196.1
2009.115,464.8,1642.0,1940,11,70,12220.5
2009.233,594.3,1642.0,1940,11,70,12250.7
2009.352,630.3,1642.0,1940,8,70,12270.1
2009.469,183.4,1642.0,1940,48,73,12270.1
2009.586,183.4,1642.0,1940,100,74,12270.1
2009.703,183.4,1642.0,1940,100,75,12270.1
2009.821,344.4,1642.0,1940,100,71,12279.9
2009.938,473.9,1642.0,1940,16,71,12293.6
2010.056,192.6,1642.0,1940,16,71,12294.3
2010.174,192.6,1642.0,1940,82,74,12294.3
2010.292,192.6,1642.0,1940,100,74,12294.4
2010.41,192.6,1642.0,1940,100,74,12296.3
2010.528,612.6,1642.0,1940,84,71,12307.6
2010.646,201.8,1642.0,1940,21,72,12315.7
2010.763,201.8,1642.0,1940,93,73,12315.7
2010.881,201.8,1642.0,1940,93,74,12315.7
2010.999,201.8,1642.0,1940,100,76,12315.7
2011.116,492.3,1642.0,1940,63,71,12323.3
2011.234,211.0,1642.0,1940,63,72,12331.6
2011.352,211.0,1642.0,1940,46,73,12331.6
2011.469,211.0,1642.0,1940,100,74,12331.6
2011.587,211.0,1642.0,1940,100,76,12331.6
2011.705,372.0,1642.0,1940,100,72,12340.9
2011.822,501.5,1642.0,1940,28,70,12355.1
2011.94,220.2,1642.0,1940,25,71,12364.6
2012.057,220.2,1642.0,1940,25,73,12364.6
2012.174,220.2,1642.0,1940,100,74,12364.6
2012.292,220.2,1642.0,1940,100,76,12364.6
2012.409,251.7,1642.0,1940,100,71,12385.6
2012.526,381.2,1642.0,1940,41,70,12410.7
2012.645,510.7,1642.0,1940,8,70,12438.1
2012.763,640.2,1642.0,1940,8,70,12464.2
2012.883,663.9,1642.0,1940,8,71,12482.6
2013.003,229.4,1642.0,1940,42,73,12472.6
2013.122,229.4,1642.0,1940,100,75,12462.8
2013.241,229.4,1642.0,1940,100,76,12453.5
2013.36,390.4,1642.0,1940,100,71,12463.8
2013.478,649.4,1642.0,1940,22,70,12477.4
2013.597,238.6,1642.0,1940,65,73,12386.1
2013.716,238.6,1642.0,1940,65,74,12217.5
2013.834,238.6,1642.0,1940,100,75,12217.5
2013.951,238.6,1642.0,1940,90,74,12219.4
2014.069,529.1,1642.0,1940,90,71,12226.2
2014.187,658.6,1642.0,1940,17,70,12234.0
2014.305,247.8,1642.0,1940,61,72,12234.0
2014.423,247.8,1642.0,1940,61,74,12234.0
2014.54,247.8,1642.0,1940,100,75,12234.0
2014.658,408.8,1642.0,1940,94,72,12237.2
2014.777,667.8,1642.0,1940,24,71,12243.6
2014.894,256.9,1642.0,1940,24,72,12246.1
2015.012,256.9,1642.0,1940,87,74,12246.1
2015.129,256.9,1642.0,1940,100,75,12246.1
2015.246,260.5,1642.0,1940,100,73,12247.8
2015.365,547.5,1642.0,1940,69,71,12255.1
2015.484,266.1,1642.0,1940,23,72,12259.8
2015.601,266.1,1642.0,1940,23,73,12259.8
2015.719,266.1,1642.0,1940,100,74,12259.8
2015.836,266.1,1642.0,1940,100,76,12259.8
2015.953,556.6,1642.0,1940,57,72,12264.5
2016.071,275.3,1642.0,1940,57,73,12269.1
2016.188,275.3,1642.0,1940,63,74,12269.1
2016.306,275.3,1642.0,1940,100,75,12269.1
2016.423,275.3,1642.0,1940,100,76,12269.1
2016.541,436.3,1642.0,1940,95,71,12280.6
2016.66,284.5,1642.0,1940,25,73,12288.1
2016.777,284.5,1642.0,1940,25,74,12288.1
2016.895,284.5,1642.0,1940,95,75,12288.1
2017.013,284.5,1642.0,1940,100,76,12288.1
2017.131,575.0,1642.0,1940,64,72,12298.9
2017.25,293.7,1642.0,1940,64,72,12304.0
2017.367,293.7,1642.0,1940,70,74,12304.0
2017.485,293.7,1642.0,1940,100,75,12304.0
2017.603,293.7,1642.0,1940,100,76,12304.1
2017.721,584.2,1642.0,1940,90,71,12318.5
2017.839,302.9,1642.0,1940,32,72,12322.0
2017.957,302.9,1642.0,1940,100,74,12322.0
2018.075,302.9,1642.0,1940,100,75,12322.0
2018.192,306.4,1642.0,1940,100,74,12324.3
2018.311,722.9,1642.0,1940,48,71,12339.6
2018.429,312.1,1642.0,1940,48,72,12343.9
2018.546,312.1,1642.0,1940,74,74,12343.9
2018.664,312.1,1642.0,1940,100,75,12343.9
2018.782,312.1,1642.0,1940,100,73,12347.7
2018.9,602.6,1642.0,1940,78,71,12365.9
2019.018,321.3,1642.0,1940,23,72,12374.3
2019.136,321.3,1642.0,1940,96,74,12374.3
2019.253,321.3,1642.0,1940,96,75,12374.3
2019.37,321.3,1642.0,1940,100,76,12374.3
2019.488,611.8,1642.0,1940,61,72,12388.4
2019.606,772.8,1642.0,1940,61,73,12401.1
2019.741,330.5,1642.0,1940,35,74,12385.4
2019.859,330.5,1642.0,1940,100,75,12340.2
2019.989,330.5,1642.0,1940,100,76,12340.2
2020.106,491.5,1642.0,1940,100,72,12355.6
2020.224,621.0,1642.0,1940,38,71,12380.2
2020.342,750.5,1642.0,1940,10,70,12397.9
2020.461,309.0,1642.0,1940,80,73,12397.9
2020.579,309.0,1642.0,1940,80,75,12397.9
2020.696,309.0,1642.0,1940,100,76,12397.9
2020.814,318.0,1642.0,1940,68,72,12468.2
2020.937,318.0,1642.0,1940,68,71,12560.3
2021.063,318.0,1642.0,1940,2,71,12584.6
2021.189,318.0,1642.0,1940,2,70,12432.0
2021.332,318.0,1642.0,1940,0,70,12443.5
2021.47,318.0,1642.0,1940,2,70,12477.0
2021.603,318.0,1642.0,1940,2,70,12567.1
2021.73,318.0,1642.0,1940,2,70,12587.0
2021.867,318.0,1642.0,1940,0,70,12612.6
2021.992,318.0,1642.0,1940,2,70,12638.2
2022.119,318.0,1642.0,1940,2,70,12663.9
2022.245,318.0,1642.0,1940,2,70,12678.6
2022.37,318.0,1642.0,1940,0,70,12753.9
2022.498,318.0,1642.0,1940,2,70,12782.8
2022.626,318.0,1642.0,1940,2,70,12810.9
2022.753,318.0,1642.0,1940,2,70,12831.7
2022.88,318.0,1642.0,1940,0,70,12853.4
2023.007,318.0,1642.0,1940,2,70,12871.3
2023.137,318.0,1642.0,1940,2,70,12912.5
2023.263,318.0,1642.0,1940,2,70,12988.0
2023.404,318.0,1642.0,1940,1,70,13004.7
2023.551,318.0,1642.0,1940,2,70,13003.5
2023.806,318.0,1642.0,1940,0,70,13001.1
2024.076,318.0,1642.0,1940,2,70,13010.5
2024.336,318.0,1642.0,1940,1,70,12987.1
2024.728,318.0,1642.0,1940,0,70,12992.2
2025.041,318.0,1642.0,1940,2,70,12989.3
2025.248,318.0,1642.0,1940,2,70,12780.9
2025.374,318.0,1642.0,1940,1,70,12637.8
2025.5,318.0,1642.0,1940,1,70,12669.1
2025.626,318.0,1642.0,1940,1,70,12774.8
2025.752,318.0,1642.0,1940,2,70,12833.8
2025.879,318.0,1642.0,1940,1,70,12892.3
2026.005,318.0,1642.0,1940,1,70,12927.5
2026.133,318.0,1642.0,1940,1,70,12990.0
2026.259,318.0,1642.0,1940,2,70,12700.1
2026.388,318.0,1642.0,1940,2,70,12762.6
2026.513,318.0,1642.0,1940,0,70,12803.3
2026.64,318.0,1642.0,1940,2,70,12835.3
2026.768,318.0,1642.0,1940,2,70,12959.9
2026.892,318.0,1642.0,1940,2,70,13007.1
2027.018,318.0,1642.0,1940,0,70,13053.7
2027.147,318.0,1642.0,1940,2,70,13084.9
2027.275,318.0,1642.0,1940,2,70,13202.5
2027.401,318.0,1642.0,1940,2,70,13249.7
2027.527,318.0,1642.0,1940,0,70,13312.2
2027.652,318.0,1642.0,1940,2,70,13181.4
2027.781,318.0,1642.0,1940,2,70,13206.1
2027.907,318.0,1642.0,1940,2,70,13242.2
2028.036,318.0,1642.0,1940,0,70,13334.5
2028.158,318.0,1642.0,1940,2,70,13634.5
2028.286,318.0,1642.0,1940,2,70,13531.0
2028.417,318.0,1642.0,1940,2,70,13232.0
2028.543,318.0,1642.0,1940,0,70,12503.0
2028.663,318.0,1642.0,1940,2,70,12522.1
2028.784,318.0,1642.0,1940,2,70,12543.6
2028.906,318.0,1642.0,1940,2,70,12563.0
2029.026,318.0,1642.0,1940,0,70,12582.5
2029.145,318.0,1642.0,1940,0,70,12601.5
2029.264,318.0,1642.0,1940,2,70,12621.9
2029.385,318.0,1642.0,1940,2,70,12642.7
2029.506,318.0,1642.0,1940,0,70,12662.0
2029.625,318.0,1642.0,1940,0,70,12683.6
2029.745,318.0,1642.0,1940,2,70,12691.4
2029.866,318.0,1642.0,1940,2,70,12700.2
2029.986,318.0,1642.0,1940,2,70,12710.6
2030.11,318.0,1642.0,1940,0,70,12721.1
2030.232,318.0,1642.0,1940,2,70,12722.8
2030.358,318.0,1642.0,1940,2,70,12722.8
2030.484,318.0,1642.0,1940,2,70,12722.8
2030.61,318.0,1642.0,1940,0,70,12722.8
2030.739,318.0,1642.0,1940,2,70,12722.8
2030.864,318.0,1642.0,1940,2,70,12722.8
2030.99,318.0,1642.0,1940,2,70,12722.8
2031.116,318.0,1642.0,1940,0,70,12722.8
2031.243,318.0,1642.0,1940,2,70,12722.8
2031.37,318.0,1642.0,1940,2,70,12722.8
2031.497,318.0,1642.0,1940,0,70,12722.8
2031.624,318.0,1642.0,1940,0,70,12722.8
2031.751,318.0,1642.0,1940,2,70,12722.8
2031.878,318.0,1642.0,1940,2,70,12722.8
2032.004,318.0,1642.0,1940,0,70,12722.8
2032.132,318.0,1642.0,1940,0,70,12722.8
2032.26,318.0,1642.0,1940,2,70,12722.8
2032.386,318.0,1642.0,1940,2,70,12382.6
2032.505,641.9,1642.0,1940,18,70,12355.0
2032.623,771.4,1642.0,1940,18,70,12372.7
2032.741,351.9,1682.0,1980,42,72,12375.8
2032.858,351.9,1682.0,1980,100,75,12375.8
2032.975,351.9,1682.0,1980,100,76,12375.8
2033.092,351.9,1682.0,1980,100,76,12375.8
2033.21,351.9,1682.0,1980,100,76,12375.8
2033.328,351.9,1682.0,1980,100,73,12375.8
2033.447,383.4,1682.0,1980,100,73,12381.8
2033.565,642.4,1682.0,1980,55,71,12416.5
2033.683,771.9,1682.0,1980,17,71,12454.6
2033.801,343.3,1682.0,1980,17,73,12456.5
2033.919,343.3,1682.0,1980,91,74,12456.5
2034.036,343.3,1682.0,1980,100,75,12456.5
2034.154,343.3,1682.0,1980,100,76,12456.5
2034.271,343.3,1682.0,1980,100,77,12456.5
2034.389,343.3,1682.0,1980,100,74,12456.5
2034.506,343.3,1682.0,1980,100,73,12462.6
2034.624,504.3,1682.0,1980,90,71,12509.7
2034.75,334.8,1682.0,1980,23,73,12531.2
2034.867,334.8,1682.0,1980,87,74,12531.2
2034.985,334.8,1682.0,1980,87,75,12531.2
2035.103,334.8,1682.0,1980,100,77,12531.2
2035.221,334.8,1682.0,1980,100,78,12531.2
2035.339,334.8,1682.0,1980,100,76,12531.2
2035.457,334.8,1682.0,1980,100,73,12531.2
2035.575,495.8,1682.0,1980,90,72,12551.7
2035.693,625.3,1682.0,1980,17,71,12593.8
2035.811,754.8,1682.0,1980,17,71,12639.7
2035.931,326.3,1682.0,1980,29,72,12645.2
2036.048,326.3,1682.0,1980,100,75,12645.2
2036.166,326.3,1682.0,1980,100,75,12645.2
2036.284,326.3,1682.0,1980,100,76,12645.2
2036.402,326.3,1682.0,1980,100,76,12645.2
2036.52,326.3,1682.0,1980,100,73,12645.2
2036.639,326.3,1682.0,1980,100,73,12648.5
2036.757,616.8,1682.0,1980,68,71,12689.7
2036.875,746.3,1682.0,1980,17,71,12724.2
2036.994,317.7,1682.0,1980,17,73,12727.1
2037.111,317.7,1682.0,1980,86,75,12727.1
2037.23,317.7,1682.0,1980,100,76,12727.1
2037.348,317.7,1682.0,1980,100,77,12727.1
2037.466,317.7,1682.0,1980,100,77,12727.1
2037.584,317.7,1682.0,1980,100,74,12727.1
2037.702,317.7,1682.0,1980,92,74,12735.3
2037.821,608.3,1682.0,1980,92,71,12775.8
2037.939,309.2,1682.0,1980,26,72,12786.8
2038.057,309.2,1682.0,1980,98,74,12786.8
2038.174,309.2,1682.0,1980,98,75,12786.8
2038.292,309.2,1682.0,1980,100,76,12786.8
2038.41,309.2,1682.0,1980,100,77,12786.8
2038.528,309.2,1682.0,1980,100,75,12786.8
2038.646,309.2,1682.0,1980,100,72,12786.8
2038.763,470.2,1682.0,1980,83,72,12819.3
2038.88,470.2,1682.0,1980,11,71,12871.1
2038.998,729.2,1682.0,1980,11,71,12915.2
2039.116,899.8,1682.0,1980,11,72,12951.4
2039.235,300.7,1682.0,1980,70,74,12951.4
2039.352,300.7,1682.0,1980,70,74,12951.4
2039.47,300.7,1682.0,1980,100,76,12951.4
2039.587,300.7,1682.0,1980,100,78,12951.4
2039.705,300.7,1682.0,1980,100,76,12951.4
2039.823,300.7,1682.0,1980,100,73,12951.4
2039.941,332.2,1682.0,1980,100,72,12963.8
2040.06,591.2,1682.0,1980,25,71,12989.3
2040.178,292.2,1682.0,1980,25,72,12996.7
2040.295,292.2,1682.0,1980,67,74,12996.7
2040.413,292.2,1682.0,1980,100,75,12996.7
2040.531,292.2,1682.0,1980,100,75,12996.7
2040.649,292.2,1682.0,1980,100,77,12996.7
2040.776,292.2,1682.0,1980,100,76,12996.7
2040.893,292.2,1682.0,1980,100,72,12996.7
2041.012,453.2,1682.0,1980,100,72,13023.0
2041.13,582.7,1682.0,1980,24,71,13055.6
2041.248,712.2,1682.0,1980,12,71,13090.1
2041.366,283.6,1682.0,1980,12,72,13100.2
2041.483,283.6,1682.0,1980,58,74,13100.2
2041.601,283.6,1682.0,1980,100,75,13100.2
2041.719,283.6,1682.0,1980,100,76,13100.2
2041.837,283.6,1682.0,1980,100,77,13100.2
2041.955,283.6,1682.0,1980,100,75,13100.2
2042.072,283.6,1682.0,1980,100,73,13100.2
2042.19,444.6,1682.0,1980,100,72,13126.6
2042.308,574.1,1682.0,1980,29,71,13163.8
2042.427,703.6,1682.0,1980,14,71,13194.4
2042.544,275.1,1682.0,1980,14,73,13195.6
2042.661,275.1,1682.0,1980,82,75,13195.6
2042.779,275.1,1682.0,1980,100,76,13195.6
2042.896,275.1,1682.0,1980,100,78,13195.6
2043.014,275.1,1682.0,1980,100,76,13195.6
2043.131,275.1,1682.0,1980,100,73,13195.6
2043.249,275.1,1682.0,1980,92,72,13202.2
2043.367,436.1,1682.0,1980,92,71,13228.1
2043.488,565.6,1682.0,1980,11,71,13262.1
2043.607,695.1,1682.0,1980,11,71,13293.8
2043.725,266.6,1682.0,1980,11,72,13308.0
2043.842,266.6,1682.0,1980,58,74,13308.0
2043.959,266.6,1682.0,1980,100,75,13308.0
2044.077,266.6,1682.0,1980,100,75,13308.0
2044.194,266.6,1682.0,1980,100,77,13308.0
2044.311,266.6,1682.0,1980,100,75,13308.0
2044.43,266.6,1682.0,1980,100,73,13308.0
2044.547,427.6,1682.0,1980,100,71,13338.0
2044.665,557.1,1682.0,1980,27,71,13372.1
2044.785,686.6,1682.0,1980,14,71,13396.9
2044.903,258.0,1682.0,1980,14,73,13398.5
2045.02,258.0,1682.0,1980,77,75,13398.5
2045.137,258.0,1682.0,1980,100,76,13398.5
2045.254,258.0,1682.0,1980,100,76,13398.5
2045.372,258.0,1682.0,1980,100,76,13398.5
2045.49,258.0,1682.0,1980,100,74,13398.5
2045.608,258.0,1682.0,1980,100,74,13403.8
2045.727,419.0,1682.0,1980,100,71,13438.6
2045.845,419.0,1682.0,1980,12,71,13468.4
2045.963,548.5,1682.0,1980,8,71,13498.5
2046.081,678.0,1682.0,1980,6,71,13533.3
2046.2,846.7,1682.0,1980,6,71,13551.8
2046.319,249.5,1682.0,1980,44,73,13542.4
2046.439,249.5,1682.0,1980,100,75,13532.6
2046.558,249.5,1682.0,1980,100,76,13522.8
2046.677,249.5,1682.0,1980,100,78,13513.1
2046.796,249.5,1682.0,1980,100,77,13503.5
2046.917,249.5,1682.0,1980,100,73,13493.5
2047.039,410.5,1682.0,1980,100,72,13490.5
2047.158,540.0,1682.0,1980,49,71,13504.2
2047.278,241.0,1682.0,1980,25,73,13509.0
2047.398,241.0,1682.0,1980,25,74,13499.2
2047.517,241.0,1682.0,1980,100,75,13489.4
2047.636,241.0,1682.0,1980,100,77,13479.7
2047.756,241.0,1682.0,1980,100,78,13469.7
2047.878,241.0,1682.0,1980,100,75,13460.1
2047.997,241.0,1682.0,1980,100,73,13450.4
2048.117,402.0,1682.0,1980,69,72,13456.6
2048.236,661.0,1682.0,1980,69,71,13465.0
2048.355,232.4,1682.0,1980,31,73,13455.8
2048.474,232.4,1682.0,1980,100,75,13445.7
2048.595,232.4,1682.0,1980,100,77,13435.9
2048.714,232.4,1682.0,1980,100,78,13426.2
2048.834,232.4,1682.0,1980,100,76,13417.9
2048.954,232.4,1682.0,1980,100,73,13409.0
2049.073,393.5,1682.0,1980,100,72,13411.7
2049.192,652.5,1682.0,1980,66,71,13424.0
2049.311,223.9,1682.0,1980,28,72,13425.6
2049.431,223.9,1682.0,1980,100,75,13419.0
2049.55,223.9,1682.0,1980,100,76,13411.1
2049.669,223.9,1682.0,1980,100,75,13401.2
2049.792,223.9,1682.0,1980,100,77,13391.5
2049.911,223.9,1682.0,1980,100,75,13382.0
2050.03,223.9,1682.0,1980,100,73,13372.3
2050.149,384.9,1682.0,1980,70,72,13387.7
2050.269,643.9,1682.0,1980,21,71,13396.5
2050.392,215.4,1682.0,1980,21,73,13387.5
2050.511,215.4,1682.0,1980,99,76,13374.9
2050.631,215.4,1682.0,1980,100,77,13359.7
2050.75,215.4,1682.0,1980,100,79,13350.2
2050.869,215.4,1682.0,1980,100,77,13340.6
2050.988,215.4,1682.0,1980,100,73,13330.9
2051.108,246.9,1682.0,1980,76,73,13326.8
2051.228,505.9,1682.0,1980,76,72,13335.0
2051.348,635.4,1682.0,1980,13,71,13368.6
2051.468,206.9,1682.0,1980,10,72,13384.4
2051.587,206.9,1682.0,1980,10,74,13374.6
2051.705,206.9,1682.0,1980,94,76,13365.0
2051.824,206.9,1682.0,1980,100,77,13355.3
2051.944,206.9,1682.0,1980,100,78,13345.6
2052.063,206.9,1682.0,1980,100,76,13335.5
2052.188,206.9,1682.0,1980,100,73,13325.8
2052.307,367.9,1682.0,1980,83,72,13329.4
2052.427,497.4,1682.0,1980,83,72,13340.2
2052.546,626.9,1682.0,1980,13,71,13377.5
2052.665,198.3,1682.0,1980,11,73,13383.0
2052.785,198.3,1682.0,1980,95,75,13371.8
2052.904,198.3,1682.0,1980,95,76,13362.1
2053.023,198.3,1682.0,1980,100,76,13352.5
2053.142,198.3,1682.0,1980,100,78,13342.9
2053.262,198.3,1682.0,1980,100,76,13333.2
2053.381,198.3,1682.0,1980,100,73,13323.7
2053.5,359.3,1682.0,1980,77,72,13344.9
2053.62,488.8,1682.0,1980,15,72,13372.4
2053.74,189.8,1682.0,1980,15,73,13385.3
2053.859,189.8,1682.0,1980,57,75,13375.5
2053.979,189.8,1682.0,1980,100,76,13365.9
2054.099,189.8,1682.0,1980,100,77,13356.2
2054.22,189.8,1682.0,1980,100,78,13346.5
2054.34,189.8,1682.0,1980,100,76,13336.8
2054.46,189.8,1682.0,1980,100,73,13327.2
2054.579,350.8,1682.0,1980,100,72,13347.9
2054.7,480.3,1682.0,1980,35,72,13378.8
2054.82,181.3,1682.0,1980,13,74,13393.1
2054.94,181.3,1682.0,1980,99,75,13378.1
2055.061,181.3,1682.0,1980,99,76,13361.8
2055.181,181.3,1682.0,1980,100,78,13352.2
2055.301,181.3,1682.0,1980,100,79,13342.4
2055.422,181.3,1682.0,1980,100,76,13332.7
2055.542,181.3,1682.0,1980,100,74,13323.1
2055.661,342.3,1682.0,1980,81,73,13325.8
2055.782,172.7,1682.0,1980,71,73,13316.2
2055.902,172.7,1682.0,1980,71,76,13306.5
2056.022,172.7,1682.0,1980,100,76,13296.8
2056.142,172.7,1682.0,1980,100,76,13287.1
2056.263,172.7,1682.0,1980,100,78,13277.4
2056.384,172.7,1682.0,1980,100,76,13267.7
2056.504,172.7,1682.0,1980,100,75,13258.0
2056.624,164.2,1682.0,1980,67,74,13256.8
2056.759,164.2,1682.0,1980,67,76,13246.9
2056.879,164.2,1682.0,1980,100,77,13237.4
2057.0,164.2,1682.0,1980,100,78,13228.2
2057.12,164.2,1682.0,1980,100,78,13219.1
2057.24,164.2,1682.0,1980,100,76,13203.5
2057.361,164.2,1682.0,1980,100,74,13187.8
2057.482,325.2,1682.0,1980,71,73,13203.2
2057.602,584.2,1682.0,1980,71,72,13235.2
2057.723,155.7,1682.0,1980,19,73,13237.8
2057.842,155.7,1682.0,1980,92,76,13228.2
2057.962,155.7,1682.0,1980,100,77,13218.6
2058.082,155.7,1682.0,1980,100,78,13209.0
2058.203,155.7,1682.0,1980,100,78,13199.4
2058.323,155.7,1682.0,1980,100,75,13189.8
2058.443,155.7,1682.0,1980,100,75,13185.1
2058.563,446.2,1682.0,1980,83,73,13215.4
2058.683,575.7,1682.0,1980,16,72,13250.5
2058.803,147.1,1682.0,1980,26,73,13279.2
2058.96,147.1,1682.0,1980,100,76,13268.1
2059.09,147.1,1682.0,1980,100,77,13258.2
2059.21,147.1,1682.0,1980,100,78,13248.8
2059.331,147.1,1682.0,1980,100,78,13239.7
2059.451,147.1,1682.0,1980,100,74,13230.5
2059.571,147.1,1682.0,1980,100,74,13223.9
2059.692,308.2,1682.0,1980,4,72,13208.9
2060.031,437.7,1682.0,1980,3,72,13174.6
2060.409,437.7,1682.0,1980,1,71,13113.0
2060.951,567.2,1682.0,1980,2,71,13052.6
2061.354,567.2,1682.0,1980,3,71,13057.5
2061.631,567.2,1682.0,1980,3,71,12943.5
2062.212,138.6,1682.0,1980,100,76,12905.7
2062.518,138.6,1682.0,1980,100,76,12896.2
2062.643,138.6,1682.0,1980,100,78,12886.6
2062.768,138.6,1682.0,1980,100,76,12877.4
2062.889,138.6,1682.0,1980,100,73,12868.1
2063.01,299.6,1682.0,1980,3,72,12852.7
2063.405,299.6,1682.0,1980,2,71,12775.1
2063.889,429.1,1682.0,1980,1,71,12736.7
2064.264,429.1,1682.0,1980,2,71,12703.9
2064.614,558.6,1682.0,1980,0,71,12666.6
2064.989,558.6,1682.0,1980,6,71,12615.9
2065.112,130.1,1682.0,1980,6,74,12622.4
2065.233,130.1,1682.0,1980,85,75,12612.6
2065.353,130.1,1682.0,1980,100,77,12610.7
2065.473,130.1,1682.0,1980,100,78,12606.4
2065.593,130.1,1682.0,1980,100,77,12595.6
2065.714,130.1,1682.0,1980,100,74,12586.5
2065.835,130.1,1682.0,1980,90,73,12590.9
2065.956,291.1,1682.0,1980,90,72,12646.1
2066.099,291.1,1682.0,1980,1,71,12615.1
2066.495,420.6,1682.0,1980,2,71,12601.7
2066.627,420.6,1682.0,1980,2,71,12589.1
2066.779,420.6,1682.0,1980,3,71,12564.8
2067.004,420.6,1682.0,1980,0,71,12545.5
2067.131,420.6,1682.0,1980,2,71,12474.1
2067.423,420.6,1682.0,1980,2,71,12459.4
2067.555,420.6,1682.0,1980,1,71,12464.9
2067.683,420.6,1682.0,1980,2,71,12449.5
2067.856,550.1,1682.0,1980,4,71,12427.1
2067.996,211.7,1682.0,1980,28,73,12219.1
2068.126,101.5,1682.0,1980,28,75,12057.5
2068.264,101.5,1682.0,1980,100,76,12037.7
2068.392,101.5,1682.0,1980,100,75,12037.7
2068.51,101.5,1682.0,1980,100,78,12037.7
2068.633,101.5,1682.0,1980,100,75,12037.7
2068.751,101.5,1682.0,1980,100,73,11982.6
2068.87,65.9,1682.0,1980,54,72,11990.2
2068.988,516.6,1682.0,1980,54,72,12025.0
2069.107,109.1,1682.0,1980,46,72,12025.0
2069.225,109.1,1682.0,1980,100,76,12025.0
2069.343,109.1,1682.0,1980,100,76,12023.5
2069.462,109.1,1682.0,1980,100,76,12019.5
2069.581,109.1,1682.0,1980,100,75,12019.5
2069.698,109.1,1682.0,1980,100,74,12019.5
2069.817,121.7,1682.0,1980,100,74,12027.0
2069.934,121.7,1682.0,1980,95,74,12027.0
2070.052,121.7,1682.0,1980,100,76,12027.0
2070.169,121.7,1682.0,1980,100,76,12027.0
2070.287,121.7,1682.0,1980,100,76,12027.0
2070.404,121.7,1682.0,1980,100,75,12027.1
2070.522,282.7,1682.0,1980,60,73,12040.0
2070.64,412.2,1682.0,1980,60,72,12059.3
2070.757,134.3,1682.0,1980,14,74,12099.3
2070.875,134.3,1682.0,1980,79,74,12099.3
2070.993,134.3,1682.0,1980,79,76,12099.3
2071.11,134.3,1682.0,1980,100,76,12099.3
2071.228,134.3,1682.0,1980,100,76,12099.3
2071.346,134.3,1682.0,1980,100,75,12099.3
2071.464,295.3,1682.0,1980,100,73,12105.9
2071.583,554.3,1682.0,1980,48,72,12120.7
2071.701,146.9,1682.0,1980,51,73,12134.0
2071.819,146.9,1682.0,1980,51,75,12134.0
2071.938,146.9,1682.0,1980,100,76,12134.0
2072.056,146.9,1682.0,1980,100,76,12134.0
2072.173,146.9,1682.0,1980,100,75,12134.0
2072.291,146.9,1682.0,1980,100,75,12134.0
2072.409,566.9,1682.0,1980,80,73,12145.1
2072.528,159.5,1682.0,1980,69,73,12147.1
2072.646,159.5,1682.0,1980,69,75,12147.1
2072.764,159.5,1682.0,1980,100,76,12147.1
2072.882,159.5,1682.0,1980,100,76,12147.1
2073.0,159.5,1682.0,1980,100,76,12147.1
2073.118,159.5,1682.0,1980,100,74,12147.2
2073.237,172.0,1682.0,1980,79,75,12149.3
2073.355,172.0,1682.0,1980,100,74,12149.3
2073.473,172.0,1682.0,1980,100,76,12149.3
2073.591,172.0,1682.0,1980,100,76,12149.3
2073.709,172.0,1682.0,1980,100,76,12149.3
2073.827,172.0,1682.0,1980,100,75,12149.3
2073.945,333.0,1682.0,1980,100,73,12155.5
2074.063,184.6,1682.0,1980,52,74,12160.8
2074.18,184.6,1682.0,1980,52,75,12160.8
2074.298,184.6,1682.0,1980,100,76,12160.8
2074.416,184.6,1682.0,1980,100,76,12160.8
2074.533,184.6,1682.0,1980,100,76,12160.8
2074.651,184.6,1682.0,1980,100,75,12160.8
2074.768,345.6,1682.0,1980,100,73,12165.8
2074.886,475.1,1682.0,1980,29,72,12180.6
2075.004,197.2,1682.0,1980,29,74,12192.2
2075.134,197.2,1682.0,1980,44,73,12192.2
2075.251,197.2,1682.0,1980,100,76,12192.2
2075.368,197.2,1682.0,1980,100,76,12192.2
2075.486,197.2,1682.0,1980,100,76,12192.2
2075.604,197.2,1682.0,1980,100,75,12192.2
2075.722,228.7,1682.0,1980,91,73,12197.0
2075.841,487.7,1682.0,1980,91,72,12216.0
2075.96,209.8,1682.0,1980,20,74,12227.6
2076.078,209.8,1682.0,1980,69,74,12227.6
2076.196,209.8,1682.0,1980,69,76,12227.6
2076.314,209.8,1682.0,1980,100,76,12227.6
2076.431,209.8,1682.0,1980,100,76,12227.6
2076.548,209.8,1682.0,1980,100,75,12227.6
2076.666,241.3,1682.0,1980,100,74,12230.9
2076.785,500.3,1682.0,1980,61,72,12242.7
2076.903,629.8,1682.0,1980,14,72,12261.0
2077.02,222.3,1682.0,1980,14,73,12266.8
2077.138,222.3,1682.0,1980,58,74,12266.8
2077.256,222.3,1682.0,1980,100,76,12266.8
2077.373,222.3,1682.0,1980,100,76,12266.8
2077.491,222.3,1682.0,1980,100,75,12266.8
2077.608,222.3,1682.0,1980,100,75,12266.8
2077.726,383.4,1682.0,1980,63,73,12274.6
2077.844,512.9,1682.0,1980,63,72,12287.3
2077.962,642.4,1682.0,1980,14,72,12304.9
2078.081,234.9,1682.0,1980,33,73,12308.1
2078.198,234.9,1682.0,1980,33,74,12308.1
2078.316,234.9,1682.0,1980,100,76,12308.1
2078.434,234.9,1682.0,1980,100,76,12308.1
2078.551,234.9,1682.0,1980,100,76,12308.1
2078.669,234.9,1682.0,1980,100,75,12308.1
2078.786,395.9,1682.0,1980,91,73,12318.2
2078.904,735.5,1682.0,1980,22,72,12326.5
2079.022,247.5,1682.0,1980,22,73,12326.5
2079.139,247.5,1682.0,1980,96,76,12326.5
2079.256,247.5,1682.0,1980,100,76,12326.5
2079.373,247.5,1682.0,1980,100,76,12326.5
2079.491,247.5,1682.0,1980,100,75,12326.5
2079.608,408.5,1682.0,1980,100,74,12330.4
2079.726,667.5,1682.0,1980,32,72,12342.3
2079.844,260.1,1682.0,1980,32,73,12344.5
2079.961,260.1,1682.0,1980,81,75,12344.5
2080.078,260.1,1682.0,1980,100,76,12344.5
2080.196,260.1,1682.0,1980,100,77,12344.5
2080.313,260.1,1682.0,1980,100,76,12344.5
2080.431,260.1,1682.0,1980,100,74,12346.5
2080.549,680.1,1682.0,1980,43,72,12355.9
2080.667,272.7,1682.0,1980,43,73,12357.7
2080.784,272.7,1682.0,1980,90,75,12357.7
2080.902,272.7,1682.0,1980,100,76,12357.7
2081.019,272.7,1682.0,1980,100,76,12357.7
2081.136,272.7,1682.0,1980,100,76,12357.7
2081.254,272.7,1682.0,1980,100,75,12357.7
2081.371,563.2,1682.0,1980,100,73,12351.3
2081.494,285.2,1682.0,1980,47,74,12265.1
2081.617,285.2,1682.0,1980,79,74,12263.2
2081.735,285.2,1682.0,1980,100,76,12263.2
2081.853,285.2,1682.0,1980,100,76,12263.2
2081.971,285.2,1682.0,1980,100,76,12263.2
2082.089,285.2,1682.0,1980,100,75,12263.2
2082.207,316.8,1682.0,1980,100,73,12277.3
2082.325,446.3,1682.0,1980,55,72,12297.9
2082.443,575.8,1682.0,1980,10,72,12321.1
2082.56,705.3,1682.0,1980,8,72,12343.2
2082.678,297.8,1682.0,1980,8,74,12353.6
2082.796,297.8,1682.0,1980,59,74,12353.6
2082.913,297.8,1682.0,1980,100,76,12353.6
2083.031,297.8,1682.0,1980,100,76,12353.6
2083.148,297.8,1682.0,1980,100,76,12353.6
2083.266,297.8,1682.0,1980,100,75,12353.6
2083.383,458.8,1682.0,1980,100,73,12356.8
2083.501,588.3,1682.0,1980,69,72,12369.5
2083.619,917.2,1682.0,1980,15,72,12379.4
2083.737,310.4,1682.0,1980,77,73,12137.3
2083.856,310.4,1682.0,1980,77,75,12132.9
2083.974,310.4,1682.0,1980,100,76,12132.9
2084.092,310.4,1682.0,1980,100,76,12132.9
2084.209,310.4,1682.0,1980,100,75,12132.9
2084.328,310.4,1682.0,1980,100,74,12136.5
2084.445,600.9,1682.0,1980,49,72,12150.0
2084.563,730.4,1682.0,1980,12,72,12166.4
2084.681,323.0,1682.0,1980,12,74,12176.8
2084.798,323.0,1682.0,1980,58,74,12176.8
2084.916,323.0,1682.0,1980,100,75,12176.8
2085.034,323.0,1682.0,1980,100,76,12176.8
2085.151,323.0,1682.0,1980,100,76,12176.8
2085.269,323.0,1682.0,1980,100,75,12176.8
2085.387,354.5,1682.0,1980,100,74,12180.8
2085.505,613.5,1682.0,1980,71,72,12196.7
2085.624,743.0,1682.0,1980,15,72,12214.7
2085.742,335.6,1682.0,1980,58,73,12219.0
2085.86,335.6,1682.0,1980,58,75,12219.0
2085.977,335.6,1682.0,1980,100,76,12219.0
2086.095,335.6,1682.0,1980,100,76,12219.0
2086.213,335.6,1682.0,1980,100,75,12219.0
2086.331,335.6,1682.0,1980,100,75,12219.0
2086.448,496.6,1682.0,1980,70,72,12234.2
2086.566,626.1,1682.0,1980,70,72,12254.0
2086.683,348.1,1682.0,1980,12,73,12267.8
2086.801,348.1,1682.0,1980,54,74,12267.8
2086.919,348.1,1682.0,1980,100,76,12267.8
2087.036,348.1,1682.0,1980,100,76,12267.8
2087.153,348.1,1682.0,1980,100,76,12267.8
2087.271,348.1,1682.0,1980,100,75,12267.8
2087.388,379.6,1682.0,1980,100,73,12274.9
2087.506,638.6,1682.0,1980,61,72,12286.5
2087.624,360.7,1682.0,1980,21,74,12293.0
2087.741,360.7,1682.0,1980,100,74,12293.0
2087.859,360.7,1682.0,1980,100,76,12293.0
2087.976,360.7,1682.0,1980,100,76,12293.0
2088.094,360.7,1682.0,1980,100,76,12293.0
2088.211,360.7,1682.0,1980,100,75,12293.0
2088.329,521.7,1682.0,1980,100,73,12300.2
2088.447,651.2,1682.0,1980,30,72,12317.4
2088.564,373.3,1682.0,1980,30,73,12328.0
2088.681,373.3,1682.0,1980,43,74,12328.0
2088.799,373.3,1682.0,1980,100,76,12328.0
2088.917,373.3,1682.0,1980,100,76,12328.0
2089.034,373.3,1682.0,1980,100,76,12328.0
2089.152,373.3,1682.0,1980,100,75,12328.0
2089.27,534.3,1682.0,1980,91,73,12334.2
2089.39,793.3,1682.0,1980,91,72,12193.2
2089.51,385.9,1682.0,1980,44,73,12121.2
2089.642,385.9,1682.0,1980,100,75,12121.2
2089.76,385.9,1682.0,1980,100,76,12121.2
2089.878,385.9,1682.0,1980,100,76,12121.2
2089.995,385.9,1682.0,1980,100,75,12121.3
2090.113,417.4,1682.0,1980,96,74,12124.4
2090.231,676.4,1682.0,1980,96,72,12136.8
2090.349,398.5,1682.0,1980,21,74,12154.9
2090.467,398.5,1682.0,1980,68,74,12154.9
2090.584,398.5,1682.0,1980,100,76,12154.9
2090.702,398.5,1682.0,1980,100,76,12154.9
2090.82,398.5,1682.0,1980,100,76,12154.9
2090.937,398.5,1682.0,1980,100,75,12154.9
2091.055,559.5,1682.0,1980,100,73,12161.4
2091.173,818.5,1682.0,1980,59,72,12177.4
2091.292,411.0,1682.0,1980,50,73,12181.1
2091.41,411.0,1682.0,1980,50,75,12181.1
2091.528,411.0,1682.0,1980,100,76,12181.1
2091.646,411.0,1682.0,1980,100,76,12181.1
2091.764,411.0,1682.0,1980,100,75,12181.1
2091.883,411.0,1682.0,1980,100,75,12181.1
2092.001,572.0,1682.0,1980,82,72,12200.5
2092.119,831.0,1682.0,1980,17,72,12223.5
2092.237,423.6,1682.0,1980,17,73,12225.1
2092.355,423.6,1682.0,1980,83,75,12225.1
2092.473,423.6,1682.0,1980,100,76,12225.1
2092.591,423.6,1682.0,1980,100,76,12225.1
2092.708,423.6,1682.0,1980,100,75,12225.1
2092.827,423.6,1682.0,1980,100,75,12225.2
2092.945,714.1,1682.0,1980,50,72,12244.1
2093.063,843.6,1682.0,1980,50,72,12268.8
2093.182,436.2,1682.0,1980,31,73,12268.8
2093.299,436.2,1682.0,1980,100,76,12268.8
2093.417,436.2,1682.0,1980,100,76,12268.8
2093.535,436.2,1682.0,1980,100,76,12268.8
2093.652,436.2,1682.0,1980,100,75,12268.8
2093.77,436.2,1682.0,1980,96,75,12271.4
2093.887,726.7,1682.0,1980,96,72,12291.2
2094.005,856.2,1682.0,1980,16,72,12311.5
2094.123,418.1,1682.0,1980,19,74,12323.0
2094.241,418.1,1682.0,1980,19,74,12323.0
2094.359,418.1,1682.0,1980,100,75,12323.0
2094.478,418.1,1682.0,1980,100,76,12323.0
2094.595,418.1,1682.0,1980,100,76,12323.0
2094.713,418.1,1682.0,1980,100,75,12323.0
2094.83,430.5,1682.0,1980,100,73,12378.3
2094.954,430.5,1682.0,1980,10,72,12507.3
2095.081,430.5,1682.0,1980,10,72,12535.2
2095.206,430.5,1682.0,1980,0,71,12569.7
2095.332,430.5,1682.0,1980,2,71,12600.5
2095.457,430.5,1682.0,1980,2,71,12623.2
2095.583,430.5,1682.0,1980,2,71,12632.2
2095.712,430.5,1682.0,1980,0,71,12671.3
2095.838,430.5,1682.0,1980,2,71,12766.7
2095.965,430.5,1682.0,1980,2,71,12792.3
2096.094,430.5,1682.0,1980,0,71,12781.6
2096.221,430.5,1682.0,1980,0,71,12794.4
2096.349,430.5,1682.0,1980,2,71,12812.9
2096.478,430.5,1682.0,1980,2,71,12839.4
2096.606,430.5,1682.0,1980,1,71,12842.7
2096.733,430.5,1682.0,1980,1,71,12901.6
2096.86,430.5,1682.0,1980,1,71,12973.4
2097.0,430.5,1682.0,1980,2,71,12966.2
2097.212,430.5,1682.0,1980,0,71,12960.6
2097.456,430.5,1682.0,1980,2,71,12968.0
2097.607,430.5,1682.0,1980,1,71,12975.1
2097.793,430.5,1682.0,1980,1,71,12979.7
2098.025,430.5,1682.0,1980,2,70,12975.4
2098.176,430.5,1682.0,1980,1,70,12992.1
2098.436,430.5,1682.0,1980,1,70,12951.9
2098.855,430.5,1682.0,1980,2,70,12951.5
2099.127,430.5,1682.0,1980,1,70,12943.8
2099.355,430.5,1682.0,1980,1,70,12866.1
2099.486,430.5,1682.0,1980,2,70,12632.7
2099.624,430.5,1682.0,1980,1,70,12639.1
2099.764,430.5,1682.0,1980,1,70,12710.1
2099.89,430.5,1682.0,1980,1,70,12791.5
2100.017,430.5,1682.0,1980,2,70,12818.8
2100.144,430.5,1682.0,1980,2,70,12817.5
2100.282,430.5,1682.0,1980,0,70,12840.2
2100.408,430.5,1682.0,1980,0,70,12831.8
2100.534,430.5,1682.0,1980,2,70,12855.1
2100.659,430.5,1682.0,1980,2,70,12936.5
2100.786,430.5,1682.0,1980,0,70,12953.2
2100.914,430.5,1682.0,1980,0,70,12975.3
2101.042,430.5,1682.0,1980,2,70,12997.3
2101.17,430.5,1682.0,1980,2,70,13019.3
2101.298,430.5,1682.0,1980,0,70,13041.3
2101.426,430.5,1682.0,1980,0,70,13032.4
2101.554,430.5,1682.0,1980,2,70,13060.0
2101.681,430.5,1682.0,1980,2,70,13139.7
2101.808,430.5,1682.0,1980,0,70,13152.8
2101.936,430.5,1682.0,1980,0,70,13169.4
2102.064,430.5,1682.0,1980,2,70,13189.1
2102.204,430.5,1682.0,1980,0,70,13189.8
2102.437,430.5,1682.0,1980,2,70,13196.3
2102.63,430.5,1682.0,1980,2,70,13185.6
2102.769,430.5,1682.0,1980,0,70,13202.6
2103.005,430.5,1682.0,1980,2,70,13203.8
2103.326,430.5,1682.0,1980,2,70,13204.7
2103.592,430.5,1682.0,1980,2,70,13210.4
2103.821,430.5,1682.0,1980,2,70,13212.9
2104.11,430.5,1682.0,1980,2,70,13225.4
2104.333,430.5,1682.0,1980,0,70,13233.2
2104.582,430.5,1682.0,1980,2,70,13243.0
2104.85,430.5,1682.0,1980,0,70,13237.5
2105.272,430.5,1682.0,1980,2,70,13230.4
2105.574,430.5,1682.0,1980,3,70,13217.4
2105.844,430.5,1682.0,1980,5,70,13188.6
2106.047,430.5,1682.0,1980,2,70,12847.4
2106.19,430.5,1682.0,1980,2,70,12499.7
2106.348,430.5,1682.0,1980,0,70,12575.2
2106.489,430.5,1682.0,1980,1,70,12617.1
2106.616,430.5,1682.0,1980,1,70,12638.2
2106.742,430.5,1682.0,1980,2,70,13077.5
2106.869,430.5,1682.0,1980,1,70,13398.3
2107.071,430.5,1682.0,1980,2,70,13253.7
2108.119,430.5,1682.0,1980,2,70,13109.7
2109.158,430.5,1682.0,1980,2,70,13041.1
2109.703,430.5,1682.0,1980,1,69,12985.3
2110.205,430.5,1682.0,1980,0,69,12920.5
2110.482,430.5,1682.0,1980,2,69,12779.4
2110.615,430.5,1682.0,1980,2,69,12266.2
2110.739,430.5,1682.0,1980,2,69,11496.3
2110.862,430.5,1682.0,1980,2,69,11516.0
2110.986,430.5,1682.0,1980,0,69,11536.7
2111.111,430.5,1682.0,1980,0,69,11555.7
2111.234,430.5,1682.0,1980,2,69,11573.2
2111.359,430.5,1682.0,1980,2,69,11581.8
2111.483,430.5,1682.0,1980,0,69,11598.9
2111.607,430.5,1682.0,1980,0,69,11615.6
2111.728,430.5,1682.0,1980,2,69,11632.8
2111.848,430.5,1682.0,1980,2,69,11649.1
2111.969,430.5,1682.0,1980,2,69,11667.2
2112.092,430.5,1682.0,1980,0,69,11684.5
2112.213,430.5,1682.0,1980,2,69,11701.3
2112.333,430.5,1682.0,1980,2,69,11717.9
2112.457,430.5,1682.0,1980,2,69,11735.5
2112.578,430.5,1682.0,1980,0,69,11754.9
2112.698,430.5,1682.0,1980,2,69,11772.2
2112.819,430.5,1682.0,1980,2,69,11789.8
2112.942,430.5,1682.0,1980,2,69,11807.5
2113.063,430.5,1682.0,1980,0,69,11824.0
2113.183,430.5,1682.0,1980,2,69,11840.9
2113.304,430.5,1682.0,1980,2,69,11859.7
2113.425,430.5,1682.0,1980,2,69,11879.1
2113.546,430.5,1682.0,1980,0,69,11897.2
2113.667,430.5,1682.0,1980,2,69,11914.4
2113.789,430.5,1682.0,1980,2,69,11932.3
2113.91,430.5,1682.0,1980,2,69,11949.0
2114.031,430.5,1682.0,1980,0,69,11966.0
2114.152,430.5,1682.0,1980,0,69,11983.1
2114.273,430.5,1682.0,1980,2,69,11999.0
2114.394,430.5,1682.0,1980,2,69,12017.3
2114.517,430.5,1682.0,1980,0,69,12035.9
2114.639,430.5,1682.0,1980,0,69,12055.9
2114.762,430.5,1682.0,1980,2,69,12074.9
2114.883,430.5,1682.0,1980,2,69,12093.4
2115.007,430.5,1682.0,1980,0,69,12112.0
2115.13,430.5,1682.0,1980,0,69,12129.2
2115.251,430.5,1682.0,1980,2,69,12148.6
2115.372,430.5,1682.0,1980,2,69,12165.2
2115.493,430.5,1682.0,1980,2,69,12184.1
2115.613,430.5,1682.0,1980,0,69,12201.2
2115.736,430.5,1682.0,1980,2,69,12219.6
2115.858,430.5,1682.0,1980,2,69,12237.6
2115.981,430.5,1682.0,1980,2,69,12255.6
2116.103,430.5,1682.0,1980,0,69,12275.8
2116.224,430.5,1682.0,1980,2,69,12293.1
2116.346,430.5,1682.0,1980,2,69,12310.0
2116.466,430.5,1682.0,1980,2,69,12327.2
2116.587,430.5,1682.0,1980,0,69,12346.8
2116.711,430.5,1682.0,1980,2,69,12368.0
2116.834,430.5,1682.0,1980,2,69,12385.1
2116.955,430.5,1682.0,1980,2,69,12403.3
2117.075,430.5,1682.0,1980,0,69,12420.4
2117.196,430.5,1682.0,1980,2,69,12437.5
2117.316,430.5,1682.0,1980,2,68,12453.4
2117.437,430.5,1682.0,1980,2,69,12471.4
2117.556,430.5,1682.0,1980,0,69,12487.9
2117.677,430.5,1682.0,1980,2,69,12505.7
2117.799,430.5,1682.0,1980,2,69,12524.1
2117.922,430.5,1682.0,1980,2,68,12542.1
2118.042,430.5,1682.0,1980,0,69,12560.8
2118.167,430.5,1682.0,1980,0,68,12579.4
2118.29,430.5,1682.0,1980,2,68,12595.4
2118.415,430.5,1682.0,1980,2,68,12613.4
2118.538,430.5,1682.0,1980,0,68,12628.5
2118.659,430.5,1682.0,1980,0,68,12643.3
2118.781,430.5,1682.0,1980,2,68,12660.3
2118.905,430.5,1682.0,1980,2,68,12678.8
2119.028,430.5,1682.0,1980,0,68,12693.2
2119.146,430.5,1682.0,1980,0,68,12710.4
2119.27,430.5,1682.0,1980,2,68,12729.1
2119.393,430.5,1682.0,1980,2,68,12746.2
2119.513,430.5,1682.0,1980,0,68,12762.7
2119.637,430.5,1682.0,1980,0,68,12779.3
2119.758,430.5,1682.0,1980,2,68,12796.0
2119.878,430.5,1682.0,1980,2,68,12811.5
2119.999,430.5,1682.0,1980,2,68,12826.2
2120.119,430.5,1682.0,1980,0,68,12842.1
2120.241,430.5,1682.0,1980,2,68,12858.6
2120.363,430.5,1682.0,1980,2,68,12874.0
2120.484,430.5,1682.0,1980,2,68,12889.1
2120.604,430.5,1682.0,1980,0,68,12906.3
2120.725,430.5,1682.0,1980,2,68,12923.3
2120.849,430.5,1682.0,1980,2,68,12938.0
2120.969,430.5,1682.0,1980,2,68,12955.9
2121.09,430.5,1682.0,1980,0,68,12970.5
2121.211,430.5,1682.0,1980,2,68,12985.6
2121.331,430.5,1682.0,1980,2,68,13001.5
2121.452,430.5,1682.0,1980,2,68,13015.4
2121.571,430.5,1682.0,1980,0,68,13029.3
2121.69,430.5,1682.0,1980,2,68,13046.8
2121.812,430.5,1682.0,1980,2,68,13062.6
2121.935,430.5,1682.0,1980,2,68,13076.9
2122.054,430.5,1682.0,1980,0,68,13092.6
2122.175,430.5,1682.0,1980,0,68,13110.0
2122.298,430.5,1682.0,1980,2,68,13128.6
2122.421,430.5,1682.0,1980,2,68,13144.2
2122.541,430.5,1682.0,1980,0,68,13159.1
2122.664,430.5,1682.0,1980,0,68,13175.2
2122.784,430.5,1682.0,1980,2,68,13192.7
2122.905,430.5,1682.0,1980,2,68,13210.2
2123.029,430.5,1682.0,1980,0,68,13227.7
2123.149,430.5,1682.0,1980,0,68,13235.6
2123.273,430.5,1682.0,1980,2,68,13235.6
2123.4,467.3,1682.0,1980,3,68,12723.3
2123.52,628.3,1682.0,1980,3,68,12772.8
2123.638,757.8,1682.0,1980,11,68,12825.6
2123.755,887.3,1682.0,1980,10,68,12876.9
2123.873,1153.3,1902.0,2200,35,69,12917.2
2123.99,467.3,1902.0,2200,35,69,12917.7
2124.108,467.3,1902.0,2200,100,71,12917.7
2124.226,467.3,1902.0,2200,100,72,12917.7
2124.343,467.3,1902.0,2200,100,72,12917.7
2124.461,467.3,1902.0,2200,100,72,12917.7
2124.578,467.3,1902.0,2200,100,72,12917.7
2124.696,467.3,1902.0,2200,100,75,12917.7
2124.813,467.3,1902.0,2200,100,74,12917.7
2124.931,467.3,1902.0,2200,100,71,12917.7
2125.048,467.3,1902.0,2200,100,70,12917.7
2125.166,628.3,1902.0,2200,100,71,12919.5
2125.284,887.3,1902.0,2200,68,70,12931.8
2125.403,455.0,1902.0,2200,68,71,12931.8
2125.52,455.0,1902.0,2200,68,73,12931.8
2125.638,455.0,1902.0,2200,100,74,12931.8
2125.755,455.0,1902.0,2200,100,74,12931.8
2125.873,455.0,1902.0,2200,100,73,12931.8
2125.991,455.0,1902.0,2200,100,72,12931.8
2126.108,455.0,1902.0,2200,100,73,12931.8
2126.229,455.0,1902.0,2200,100,73,12931.8
2126.346,455.0,1902.0,2200,100,72,12931.8
2126.464,455.0,1902.0,2200,100,71,12931.8
2126.582,455.0,1902.0,2200,100,73,12931.8
2126.699,745.5,1902.0,2200,100,70,12945.5
2126.818,442.6,1902.0,2200,43,71,12946.9
2126.936,442.6,1902.0,2200,96,73,12946.9
2127.054,442.6,1902.0,2200,100,74,12946.9
2127.171,442.6,1902.0,2200,100,74,12946.9
2127.289,442.6,1902.0,2200,100,73,12946.9
2127.406,442.6,1902.0,2200,100,73,12946.9
2127.524,442.6,1902.0,2200,100,77,12946.9
2127.641,442.6,1902.0,2200,100,74,12946.9
2127.759,442.6,1902.0,2200,100,73,12946.9
2127.878,442.6,1902.0,2200,100,71,12946.9
2127.996,442.6,1902.0,2200,100,73,12947.0
2128.114,862.6,1902.0,2200,73,70,12953.4
2128.232,430.3,1902.0,2200,79,71,12953.5
2128.35,430.3,1902.0,2200,79,74,12953.5
2128.468,430.3,1902.0,2200,100,74,12953.5
2128.585,430.3,1902.0,2200,100,74,12953.5
2128.703,430.3,1902.0,2200,100,73,12953.5
2128.82,430.3,1902.0,2200,100,73,12953.5
2128.939,430.3,1902.0,2200,100,76,12953.5
2129.057,430.3,1902.0,2200,100,75,12953.5
2129.18,430.3,1902.0,2200,100,72,12953.5
2129.298,430.3,1902.0,2200,100,71,12953.5
2129.416,433.8,1902.0,2200,95,72,12955.7
2129.535,720.8,1902.0,2200,95,70,12970.6
2129.652,850.3,1902.0,2200,19,70,13002.1
2129.77,417.9,1902.0,2200,43,71,13004.2
2129.887,417.9,1902.0,2200,43,73,13004.2
2130.005,417.9,1902.0,2200,100,74,13004.2
2130.123,417.9,1902.0,2200,100,75,13004.2
2130.24,417.9,1902.0,2200,100,73,13004.2
2130.358,417.9,1902.0,2200,100,73,13004.2
2130.476,417.9,1902.0,2200,100,76,13004.2
2130.594,417.9,1902.0,2200,100,75,13004.2
2130.712,417.9,1902.0,2200,100,72,13004.2
2130.83,417.9,1902.0,2200,100,71,13004.2
2130.948,417.9,1902.0,2200,100,72,13008.4
2131.066,708.4,1902.0,2200,36,70,13050.2
2131.183,837.9,1902.0,2200,36,70,13073.2
2131.301,405.5,1902.0,2200,43,71,13074.0
2131.418,405.5,1902.0,2200,100,74,13074.0
2131.536,405.5,1902.0,2200,100,74,13074.0
2131.654,405.5,1902.0,2200,100,74,13074.0
2131.771,405.5,1902.0,2200,100,74,13074.0
2131.889,405.5,1902.0,2200,100,73,13074.0
2132.007,405.5,1902.0,2200,100,76,13074.0
2132.127,405.5,1902.0,2200,100,75,13074.0
2132.245,405.5,1902.0,2200,100,72,13074.0
2132.363,405.5,1902.0,2200,100,71,13074.0
2132.481,405.5,1902.0,2200,100,71,13091.0
2132.599,566.6,1902.0,2200,27,70,13135.0
2132.718,696.1,1902.0,2200,27,70,13178.4
2132.835,825.6,1902.0,2200,11,70,13220.6
2132.954,393.2,1902.0,2200,17,72,13239.9
2133.072,393.2,1902.0,2200,100,72,13239.9
2133.189,393.2,1902.0,2200,100,74,13239.9
2133.306,393.2,1902.0,2200,100,74,13239.9
2133.424,393.2,1902.0,2200,100,74,13239.9
2133.541,393.2,1902.0,2200,100,73,13239.9
2133.658,393.2,1902.0,2200,100,75,13239.9
2133.776,393.2,1902.0,2200,100,75,13239.9
2133.894,393.2,1902.0,2200,100,73,13239.9
2134.012,393.2,1902.0,2200,100,71,13239.9
2134.13,393.2,1902.0,2200,100,71,13239.9
2134.248,554.2,1902.0,2200,61,71,13256.1
2134.366,683.7,1902.0,2200,61,70,13277.9
2134.485,380.8,1902.0,2200,19,73,13286.6
2134.602,380.8,1902.0,2200,79,71,13286.6
2134.72,380.8,1902.0,2200,79,74,13286.6
2134.837,380.8,1902.0,2200,100,75,13286.6
2134.956,380.8,1902.0,2200,100,74,13286.6
2135.074,380.8,1902.0,2200,100,74,13286.6
2135.191,380.8,1902.0,2200,100,76,13286.6
2135.309,380.8,1902.0,2200,100,75,13286.6
2135.428,380.8,1902.0,2200,100,73,13286.6
2135.545,380.8,1902.0,2200,100,71,13286.6
2135.685,380.8,1902.0,2200,100,73,13286.6
2135.802,541.8,1902.0,2200,71,71,13311.9
2135.92,671.3,1902.0,2200,10,70,13339.6
2136.038,800.8,1902.0,2200,10,70,13365.3
2136.156,368.5,1902.0,2200,11,72,13351.3
2136.318,368.5,1902.0,2200,78,73,13338.8
2136.452,368.5,1902.0,2200,100,74,13290.5
2136.577,368.5,1902.0,2200,100,75,13290.5
2136.695,368.5,1902.0,2200,100,74,13290.5
2136.813,368.5,1902.0,2200,100,73,13290.5
2136.932,368.5,1902.0,2200,100,76,13290.5
2137.051,368.5,1902.0,2200,100,75,13290.5
2137.169,368.5,1902.0,2200,100,72,13290.5
2137.287,368.5,1902.0,2200,100,71,13290.5
2137.404,368.5,1902.0,2200,100,73,13290.9
2137.522,529.5,1902.0,2200,86,70,13320.3
2137.64,659.0,1902.0,2200,11,70,13350.5
2137.758,788.5,1902.0,2200,12,70,13374.8
2137.876,356.1,1902.0,2200,12,71,13383.1
2137.994,356.1,1902.0,2200,78,73,13383.1
2138.112,356.1,1902.0,2200,100,74,13383.1
2138.23,356.1,1902.0,2200,100,75,13383.1
2138.348,356.1,1902.0,2200,100,74,13383.1
2138.466,356.1,1902.0,2200,100,73,13383.1
2138.584,356.1,1902.0,2200,100,77,13383.1
2138.702,356.1,1902.0,2200,100,75,13383.1
2138.82,356.1,1902.0,2200,100,73,13383.1
2138.938,356.1,1902.0,2200,100,71,13383.1
2139.056,356.1,1902.0,2200,100,73,13383.2
2139.173,517.1,1902.0,2200,74,71,13403.5
2139.292,646.6,1902.0,2200,11,70,13401.2
2139.41,776.1,1902.0,2200,11,70,13281.4
2139.527,343.7,1902.0,2200,12,72,13303.7
2139.644,343.7,1902.0,2200,76,72,13303.7
2139.762,343.7,1902.0,2200,100,74,13303.7
2139.88,343.7,1902.0,2200,100,75,13303.7
2139.997,343.7,1902.0,2200,100,74,13303.7
2140.115,343.7,1902.0,2200,100,73,13303.7
2140.233,343.7,1902.0,2200,100,76,13303.7
2140.351,343.7,1902.0,2200,100,75,13303.7
2140.469,343.7,1902.0,2200,100,74,13303.7
2140.587,343.7,1902.0,2200,100,71,13303.7
2140.704,343.7,1902.0,2200,100,71,13303.7
2140.821,504.8,1902.0,2200,80,71,13327.2
2140.939,634.3,1902.0,2200,11,70,13349.2
2141.057,763.8,1902.0,2200,11,70,13368.2
2141.175,331.4,1902.0,2200,11,71,13387.5
2141.293,331.4,1902.0,2200,74,72,13387.5
2141.41,331.4,1902.0,2200,74,74,13387.5
2141.527,331.4,1902.0,2200,100,75,13331.9
2141.647,331.4,1902.0,2200,100,74,13247.1
2141.764,331.4,1902.0,2200,100,74,13247.1
2141.883,331.4,1902.0,2200,100,76,13247.1
2142.001,331.4,1902.0,2200,100,76,13247.1
2142.118,331.4,1902.0,2200,100,75,13247.1
2142.236,331.4,1902.0,2200,100,72,13247.1
2142.353,331.4,1902.0,2200,100,71,13247.1
2142.471,334.9,1902.0,2200,84,71,13263.0
2142.589,492.4,1902.0,2200,84,71,13292.9
2142.707,621.9,1902.0,2200,7,70,13320.5
2142.825,621.9,1902.0,2200,7,70,13348.7
2142.942,751.4,1902.0,2200,7,70,13378.0
2143.061,751.4,1902.0,2200,7,70,13404.5
2143.178,319.0,1902.0,2200,19,71,13407.7
2143.297,319.0,1902.0,2200,100,74,13350.0
2143.417,319.0,1902.0,2200,100,75,12966.5
2143.536,319.0,1902.0,2200,100,75,12966.5
2143.654,319.0,1902.0,2200,100,74,12966.5
2143.772,319.0,1902.0,2200,100,73,12935.8
2143.89,319.0,1902.0,2200,100,76,12830.3
2144.011,319.0,1902.0,2200,100,75,12830.3
2144.129,319.0,1902.0,2200,100,72,12830.3
2144.246,319.0,1902.0,2200,100,71,12830.3
2144.364,319.0,1902.0,2200,100,72,12831.3
2144.481,480.0,1902.0,2200,51,71,12858.3
2144.599,609.5,1902.0,2200,51,70,12882.5
2144.718,739.0,1902.0,2200,11,70,12914.0
2144.836,306.7,1902.0,2200,10,73,12926.7
2144.954,306.7,1902.0,2200,98,73,12926.7
2145.071,306.7,1902.0,2200,98,74,12926.7
2145.188,306.7,1902.0,2200,100,75,12926.7
2145.306,306.7,1902.0,2200,100,74,12926.7
2145.424,306.7,1902.0,2200,100,74,12926.7
2145.542,306.7,1902.0,2200,100,77,12926.7
2145.661,306.7,1902.0,2200,100,75,12926.7
2145.778,306.7,1902.0,2200,100,73,12926.7
2145.896,306.7,1902.0,2200,100,72,12926.7
2146.014,306.7,1902.0,2200,100,71,12926.7
2146.132,467.7,1902.0,2200,60,71,12941.3
2146.25,597.2,1902.0,2200,60,70,12964.3
2146.368,294.3,1902.0,2200,15,70,12983.1
2146.486,294.3,1902.0,2200,70,71,12983.1
2146.603,294.3,1902.0,2200,70,74,12983.1
2146.721,294.3,1902.0,2200,100,75,12983.1
2146.84,294.3,1902.0,2200,100,75,12983.1
2146.957,294.3,1902.0,2200,100,74,12983.1
2147.075,294.3,1902.0,2200,100,74,12983.1
2147.192,294.3,1902.0,2200,100,73,12983.1
2147.31,294.3,1902.0,2200,100,74,12983.1
2147.429,294.3,1902.0,2200,100,72,12983.1
2147.547,294.3,1902.0,2200,100,71,12983.1
2147.664,294.3,1902.0,2200,100,73,12984.6
2147.782,455.3,1902.0,2200,100,71,13003.9
2147.9,714.3,1902.0,2200,31,70,13033.4
2148.018,714.3,1902.0,2200,10,70,13067.6
2148.136,281.9,1902.0,2200,53,72,13072.5
2148.254,281.9,1902.0,2200,53,74,13072.5
2148.372,281.9,1902.0,2200,100,74,13072.5
2148.489,281.9,1902.0,2200,100,75,13072.5
2148.607,281.9,1902.0,2200,100,74,13072.5
2148.725,281.9,1902.0,2200,100,74,13072.5
2148.842,281.9,1902.0,2200,100,77,13072.5
2148.961,281.9,1902.0,2200,100,75,13072.5
2149.079,281.9,1902.0,2200,100,73,13072.5
2149.198,281.9,1902.0,2200,100,72,13072.5
2149.315,281.9,1902.0,2200,100,74,13072.5
2149.434,443.0,1902.0,2200,100,71,13106.0
2149.552,572.5,1902.0,2200,19,70,13129.8
2149.67,702.0,1902.0,2200,11,70,13166.7
2149.787,1474.1,1902.0,2200,11,70,13201.3
2149.905,269.6,1902.0,2200,24,71,13201.3
2150.022,269.6,1902.0,2200,100,74,13201.3
2150.139,269.6,1902.0,2200,100,75,13201.3
2150.257,269.6,1902.0,2200,100,75,13201.3
2150.374,269.6,1902.0,2200,100,74,13201.3
2150.491,269.6,1902.0,2200,100,73,13201.3
2150.609,269.6,1902.0,2200,100,76,13201.3
2150.727,269.6,1902.0,2200,100,75,13201.3
2150.845,269.6,1902.0,2200,100,72,13201.3
2150.962,269.6,1902.0,2200,100,71,13201.3
2151.08,276.6,1902.0,2200,100,72,13218.8
2151.198,430.6,1902.0,2200,46,71,13264.3
2151.316,560.1,1902.0,2200,7,70,13297.4
2151.436,560.1,1902.0,2200,7,70,13333.7
2151.554,689.6,1902.0,2200,8,70,13267.4
2151.672,257.2,1902.0,2200,8,71,13298.0
2151.789,257.2,1902.0,2200,8,72,13298.0
2151.907,257.2,1902.0,2200,99,74,13298.0
2152.025,257.2,1902.0,2200,100,75,13298.0
2152.143,257.2,1902.0,2200,100,74,13298.0
2152.261,257.2,1902.0,2200,100,73,13298.0
2152.38,257.2,1902.0,2200,100,74,13298.0
2152.498,257.2,1902.0,2200,100,76,13298.0
2152.616,257.2,1902.0,2200,100,75,13298.0
2152.734,257.2,1902.0,2200,100,72,13298.0
2152.852,257.2,1902.0,2200,100,71,13298.0
2152.97,257.2,1902.0,2200,100,71,13312.0
2153.088,418.2,1902.0,2200,68,70,13327.0
2153.207,418.2,1902.0,2200,8,70,13301.0
2153.325,547.7,1902.0,2200,8,70,13326.0
2153.443,677.2,1902.0,2200,8,70,13348.7
2153.561,677.2,1902.0,2200,7,70,13340.9
2153.68,244.9,1902.0,2200,51,71,13341.5
2153.797,244.9,1902.0,2200,51,74,13341.5
2153.915,244.9,1902.0,2200,100,75,13341.5
2154.034,244.9,1902.0,2200,100,75,13341.5
2154.152,244.9,1902.0,2200,100,74,13341.5
2154.27,244.9,1902.0,2200,100,73,13341.5
2154.389,244.9,1902.0,2200,100,76,13341.5
2154.509,244.9,1902.0,2200,100,75,13341.5
2154.627,244.9,1902.0,2200,100,72,13341.5
2154.745,244.9,1902.0,2200,100,71,13341.5
2154.863,244.9,1902.0,2200,100,73,13347.4
2154.982,405.9,1902.0,2200,21,71,13381.5
2155.101,535.4,1902.0,2200,21,70,13355.3
2155.22,664.9,1902.0,2200,11,70,13167.7
2155.339,943.2,1902.0,2200,11,71,13139.4
2155.458,232.5,1902.0,2200,11,72,13026.3
2155.599,232.5,1902.0,2200,100,74,13026.3
2155.717,232.5,1902.0,2200,100,75,13026.3
2155.834,232.5,1902.0,2200,100,75,13026.3
2155.951,232.5,1902.0,2200,100,74,13026.3
2156.069,232.5,1902.0,2200,100,74,13026.3
2156.186,232.5,1902.0,2200,100,76,13026.3
2156.303,232.5,1902.0,2200,100,75,13026.3
2156.421,232.5,1902.0,2200,100,72,13026.4
2156.538,232.5,1902.0,2200,100,71,13026.4
2156.656,264.0,1902.0,2200,62,71,13052.9
2156.774,393.5,1902.0,2200,62,71,13093.1
2156.892,523.0,1902.0,2200,10,70,13137.0
2157.009,652.5,1902.0,2200,7,70,13188.8
2157.127,652.5,1902.0,2200,7,70,13251.1
2157.245,220.2,1902.0,2200,21,71,13254.7
2157.362,220.2,1902.0,2200,100,74,13254.7
2157.479,220.2,1902.0,2200,100,75,13254.7
2157.596,220.2,1902.0,2200,100,75,13254.7
2157.714,220.2,1902.0,2200,100,74,13254.7
2157.831,220.2,1902.0,2200,100,73,13254.7
2157.948,220.2,1902.0,2200,100,76,13254.7
2158.065,220.2,1902.0,2200,100,75,13254.7
2158.183,220.2,1902.0,2200,100,73,13254.7
2158.301,220.2,1902.0,2200,100,71,13254.7
2158.418,220.2,1902.0,2200,100,73,13257.6
2158.536,381.2,1902.0,2200,48,71,13313.9
2158.653,381.2,1902.0,2200,48,71,13072.7
2158.772,510.7,1902.0,2200,9,70,13120.0
2158.89,640.2,1902.0,2200,8,70,13170.0
2159.007,640.2,1902.0,2200,7,70,13218.8
2159.125,207.8,1902.0,2200,7,71,13226.2
2159.243,207.8,1902.0,2200,85,73,13226.2
2159.36,207.8,1902.0,2200,100,74,13226.2
2159.479,207.8,1902.0,2200,100,75,13226.2
2159.596,207.8,1902.0,2200,100,74,13226.2
2159.714,207.8,1902.0,2200,100,73,13226.2
2159.831,207.8,1902.0,2200,100,77,13226.2
2159.949,207.8,1902.0,2200,100,75,13226.2
2160.067,207.8,1902.0,2200,100,74,13226.2
2160.184,207.8,1902.0,2200,100,71,13226.2
2160.302,207.8,1902.0,2200,100,71,13226.2
2160.419,239.3,1902.0,2200,97,71,13266.9
2160.536,368.8,1902.0,2200,6,71,13314.0
2160.656,498.3,1902.0,2200,6,70,13172.1
2160.775,627.8,1902.0,2200,9,70,12817.5
2160.902,627.8,1902.0,2200,8,70,12828.4
2161.02,195.4,1902.0,2200,39,72,12852.1
2161.137,195.4,1902.0,2200,39,72,12852.1
2161.254,195.4,1902.0,2200,100,74,12852.1
2161.372,195.4,1902.0,2200,100,75,12852.1
2161.49,195.4,1902.0,2200,100,74,12852.1
2161.607,195.4,1902.0,2200,100,73,12852.1
2161.725,195.4,1902.0,2200,100,77,12852.1
2161.845,195.4,1902.0,2200,100,75,12852.1
2161.965,195.4,1902.0,2200,100,74,12852.1
2162.084,195.4,1902.0,2200,100,72,12852.1
2162.202,195.4,1902.0,2200,100,71,12852.1
2162.32,356.4,1902.0,2200,100,71,12903.1
2162.437,356.4,1902.0,2200,27,70,12961.3
2162.554,485.9,1902.0,2200,7,70,13022.7
2162.672,485.9,1902.0,2200,7,70,13087.7
2162.79,615.4,1902.0,2200,8,70,13153.5
2162.908,183.1,1902.0,2200,18,71,13175.8
2163.026,183.1,1902.0,2200,100,72,13175.8
2163.143,183.1,1902.0,2200,100,75,13175.8
2163.26,183.1,1902.0,2200,100,75,13175.8
2163.378,183.1,1902.0,2200,100,74,13175.8
2163.496,183.1,1902.0,2200,100,74,13175.8
2163.613,183.1,1902.0,2200,100,77,13175.8
2163.731,183.1,1902.0,2200,100,75,13175.8
2163.849,183.1,1902.0,2200,100,74,13175.8
2163.97,183.1,1902.0,2200,100,72,13175.8
2164.087,183.1,1902.0,2200,100,72,13176.0
2164.205,344.1,1902.0,2200,49,71,13233.4
2164.323,344.1,1902.0,2200,49,71,13271.4
2164.441,603.1,1902.0,2200,11,70,13255.2
2164.561,603.1,1902.0,2200,8,70,13300.6
2164.681,170.7,1902.0,2200,8,72,13327.4
2164.801,170.7,1902.0,2200,31,73,13310.4
2164.921,170.7,1902.0,2200,100,75,13300.4
2165.04,170.7,1902.0,2200,100,75,13290.6
2165.159,170.7,1902.0,2200,100,74,13280.9
2165.278,170.7,1902.0,2200,100,74,13279.8
2165.396,170.7,1902.0,2200,100,76,13279.8
2165.513,170.7,1902.0,2200,100,76,13279.8
2165.631,170.7,1902.0,2200,100,76,13279.8
2165.749,170.7,1902.0,2200,100,72,13220.0
2165.866,170.7,1902.0,2200,100,72,13220.0
2165.984,202.2,1902.0,2200,100,72,13257.7
2166.102,331.7,1902.0,2200,34,71,13316.9
2166.219,461.2,1902.0,2200,9,70,13364.7
2166.338,461.2,1902.0,2200,9,70,13419.2
2166.458,590.7,1902.0,2200,9,70,13509.9
2166.58,158.4,1902.0,2200,34,71,13514.0
2166.7,158.4,1902.0,2200,100,73,13503.9
2166.819,158.4,1902.0,2200,100,75,13484.7
2166.939,158.4,1902.0,2200,100,75,13465.1
2167.059,158.4,1902.0,2200,100,74,13445.8
2167.179,158.4,1902.0,2200,100,74,13426.9
2167.3,158.4,1902.0,2200,100,77,13407.6
2167.423,158.4,1902.0,2200,100,76,13388.4
2167.543,158.4,1902.0,2200,100,73,13373.9
2167.664,158.4,1902.0,2200,100,72,13364.2
2167.784,158.4,1902.0,2200,100,72,13379.4
2167.904,319.4,1902.0,2200,25,71,13456.4
2168.078,319.4,1902.0,2200,2,70,13416.6
2168.494,448.9,1902.0,2200,2,70,13374.1
2168.926,448.9,1902.0,2200,2,70,13335.4
2169.349,448.9,1902.0,2200,1,70,13291.7
2169.767,578.4,1902.0,2200,0,70,13247.6
2170.195,578.4,1902.0,2200,2,70,13206.1
2170.607,578.4,1902.0,2200,91,70,13168.4
2171.001,146.0,1902.0,2200,91,72,13157.7
2171.127,146.0,1902.0,2200,100,74,13147.6
2171.251,146.0,1902.0,2200,100,74,13137.9
2171.371,146.0,1902.0,2200,100,74,13128.3
2171.491,146.0,1902.0,2200,100,74,13118.6
2171.611,146.0,1902.0,2200,100,76,13108.9
2171.732,146.0,1902.0,2200,100,75,13099.3
2171.852,146.0,1902.0,2200,100,72,13089.6
2171.972,146.0,1902.0,2200,100,72,13080.0
2172.091,177.5,1902.0,2200,81,71,13100.7
2172.239,307.0,1902.0,2200,2,70,13053.8
2172.672,307.0,1902.0,2200,2,70,13008.4
2173.095,436.5,1902.0,2200,2,70,12960.5
2173.525,436.5,1902.0,2200,2,70,12914.7
2173.95,436.5,1902.0,2200,2,70,12864.6
2174.403,566.0,1902.0,2200,1,70,12816.6
2174.822,566.0,1902.0,2200,0,70,12772.3
2175.223,566.0,1902.0,2200,44,72,12753.6
2175.543,115.3,1902.0,2200,44,74,12753.6
2175.664,115.3,1902.0,2200,100,75,12753.6
2175.785,115.3,1902.0,2200,100,75,12753.6
2175.906,115.3,1902.0,2200,100,74,12752.7
2176.026,115.3,1902.0,2200,100,74,12742.5
2176.148,115.3,1902.0,2200,100,76,12724.6
2176.27,115.3,1902.0,2200,100,76,12706.6
2176.392,115.3,1902.0,2200,100,72,12688.9
2176.513,115.3,1902.0,2200,100,72,12670.8
2176.635,96.3,1902.0,2200,100,72,12464.9
2176.756,53.1,1902.0,2200,14,71,12378.6
2176.876,53.5,1902.0,2200,14,71,12396.2
2176.996,98.2,1902.0,2200,16,73,12384.9
2177.115,98.2,1902.0,2200,99,74,12374.9
2177.235,98.2,1902.0,2200,100,76,12365.0
2177.353,98.2,1902.0,2200,100,74,12355.1
2177.473,98.2,1902.0,2200,100,74,12345.1
2177.593,111.6,1902.0,2200,98,73,12335.0
2177.712,111.6,1902.0,2200,98,74,12324.3
2177.842,111.6,1902.0,2200,100,76,12314.4
2177.961,111.6,1902.0,2200,100,75,12304.4
2178.08,111.6,1902.0,2200,100,74,12294.3
2178.202,125.0,1902.0,2200,100,73,12284.3
2178.321,125.0,1902.0,2200,98,74,12274.4
2178.44,125.0,1902.0,2200,100,76,12264.5
2178.559,125.0,1902.0,2200,100,75,12254.5
2178.679,125.0,1902.0,2200,100,75,12246.6
2178.799,138.3,1902.0,2200,97,73,12249.5
2178.919,138.3,1902.0,2200,100,75,12239.7
2179.037,138.3,1902.0,2200,100,76,12229.8
2179.157,138.3,1902.0,2200,100,75,12220.0
2179.276,138.3,1902.0,2200,100,74,12210.1
2179.395,151.7,1902.0,2200,100,73,12207.1
2179.514,151.7,1902.0,2200,98,74,12197.9
2179.633,151.7,1902.0,2200,100,76,12188.5
2179.752,151.7,1902.0,2200,100,74,12178.6
2179.877,151.7,1902.0,2200,100,75,12169.2
2179.997,165.1,1902.0,2200,98,74,12159.8
2180.116,165.1,1902.0,2200,99,74,12150.5
2180.235,165.1,1902.0,2200,99,77,12141.2
2180.354,165.1,1902.0,2200,100,74,12132.0
2180.474,165.1,1902.0,2200,100,75,12122.6
2180.593,178.5,1902.0,2200,97,74,12120.6
2180.712,178.5,1902.0,2200,97,74,12111.0
2180.835,178.5,1902.0,2200,100,77,12101.7
2180.955,178.5,1902.0,2200,100,75,12092.2
2181.078,178.5,1902.0,2200,100,76,12081.8
2181.198,191.9,1902.0,2200,97,74,12072.3
2181.318,191.9,1902.0,2200,95,74,12062.7
2181.437,191.9,1902.0,2200,100,77,12052.9
2181.557,191.9,1902.0,2200,100,75,12043.0
2181.676,191.9,1902.0,2200,100,76,12033.3
2181.795,205.3,1902.0,2200,82,75,12026.3
2181.915,205.3,1902.0,2200,82,75,12016.5
2182.034,205.3,1902.0,2200,100,78,12006.7
2182.153,205.3,1902.0,2200,100,76,12005.8
2182.271,205.3,1902.0,2200,100,76,12005.8
2182.389,366.4,1902.0,2200,100,72,12017.7
2182.507,495.9,1902.0,2200,26,71,12030.8
2182.625,625.4,1902.0,2200,10,71,12054.4
2182.743,218.7,1902.0,2200,10,73,12076.5
2182.86,218.7,1902.0,2200,38,72,12076.5
2182.979,218.7,1902.0,2200,100,77,12076.5
2183.096,218.7,1902.0,2200,100,76,12076.5
2183.219,218.7,1902.0,2200,100,75,12076.5
2183.338,250.3,1902.0,2200,100,73,12083.1
2183.456,509.3,1902.0,2200,22,72,12095.6
2183.575,638.8,1902.0,2200,22,71,12115.1
2183.695,232.1,1902.0,2200,11,73,12123.2
2183.812,232.1,1902.0,2200,84,74,12123.2
2183.93,232.1,1902.0,2200,84,78,12123.2
2184.048,232.1,1902.0,2200,100,76,12123.2
2184.166,232.1,1902.0,2200,100,75,12123.2
2184.284,393.2,1902.0,2200,54,72,12140.1
2184.402,522.7,1902.0,2200,54,72,12156.7
2184.521,245.5,1902.0,2200,22,73,12158.8
2184.638,245.5,1902.0,2200,100,75,12158.8
2184.756,245.5,1902.0,2200,100,76,12158.8
2184.873,245.5,1902.0,2200,100,76,12158.8
2184.992,245.5,1902.0,2200,100,74,12161.0
2185.11,536.1,1902.0,2200,37,72,12174.1
2185.235,258.9,1902.0,2200,37,73,12184.6
2185.353,258.9,1902.0,2200,57,74,12174.7
2185.474,258.9,1902.0,2200,100,78,12170.7
2185.593,258.9,1902.0,2200,100,76,12170.7
2185.711,258.9,1902.0,2200,100,77,12170.7
2185.839,420.0,1902.0,2200,77,72,12182.9
2185.957,679.0,1902.0,2200,22,72,12195.8
2186.076,272.3,1902.0,2200,22,72,12195.8
2186.194,272.3,1902.0,2200,98,78,12195.8
2186.314,272.3,1902.0,2200,100,76,12195.8
2186.433,272.3,1902.0,2200,100,75,12195.8
2186.551,272.3,1902.0,2200,100,73,12197.6
2186.669,562.9,1902.0,2200,51,72,12212.3
2186.787,692.4,1902.0,2200,17,71,12224.5
2186.907,285.7,1902.0,2200,17,73,12216.0
2187.026,285.7,1902.0,2200,97,78,12206.9
2187.146,285.7,1902.0,2200,100,76,12206.9
2187.264,285.7,1902.0,2200,100,76,12206.9
2187.382,285.7,1902.0,2200,100,73,12214.3
2187.5,446.8,1902.0,2200,41,72,12241.3
2187.62,576.3,1902.0,2200,41,71,12271.1
2187.74,576.3,1902.0,2200,9,71,12294.5
2187.86,705.8,1902.0,2200,7,71,12318.0
2187.979,299.1,1902.0,2200,66,72,12308.4
2188.099,299.1,1902.0,2200,66,78,12298.8
2188.221,299.1,1902.0,2200,100,76,12289.2
2188.342,299.1,1902.0,2200,100,77,12280.0
2188.461,330.7,1902.0,2200,64,72,12288.9
2188.582,589.7,1902.0,2200,64,72,12315.3
2188.702,719.2,1902.0,2200,14,71,12338.9
2188.822,312.5,1902.0,2200,43,73,12344.9
2188.942,312.5,1902.0,2200,43,77,12340.4
2189.062,312.5,1902.0,2200,100,76,12337.3
2189.183,312.5,1902.0,2200,100,76,12329.7
2189.304,312.5,1902.0,2200,100,74,12329.0
2189.424,473.6,1902.0,2200,100,72,12309.2
2189.542,603.1,1902.0,2200,12,71,12304.7
2189.659,732.6,1902.0,2200,10,71,12309.8
2189.777,732.6,1902.0,2200,10,71,12319.6
2189.895,325.9,1902.0,2200,12,72,12306.7
2190.013,325.9,1902.0,2200,100,75,12288.2
2190.131,325.9,1902.0,2200,100,76,12288.2
2190.249,325.9,1902.0,2200,100,75,12288.2
2190.367,325.9,1902.0,2200,100,74,12291.6
2190.485,487.0,1902.0,2200,29,71,12319.7
2190.603,616.5,1902.0,2200,29,71,12347.5
2190.721,746.0,1902.0,2200,12,71,12370.4
2190.839,339.3,1902.0,2200,24,72,12380.4
2190.957,339.3,1902.0,2200,24,73,12380.4
2191.075,339.3,1902.0,2200,100,77,12380.4
2191.192,339.3,1902.0,2200,100,76,12380.4
2191.31,339.3,1902.0,2200,100,76,12380.4
2191.428,500.3,1902.0,2200,100,72,12391.1
2191.545,759.3,1902.0,2200,30,71,12226.5
2191.665,352.7,1902.0,2200,54,72,12134.3
2191.783,352.7,1902.0,2200,54,77,12134.3
2191.901,352.7,1902.0,2200,100,76,12134.3
2192.019,352.7,1902.0,2200,100,75,12134.3
2192.137,352.7,1902.0,2200,100,74,12135.1
2192.256,643.2,1902.0,2200,87,72,12156.2
2192.373,366.1,1902.0,2200,33,73,12159.2
2192.491,366.1,1902.0,2200,100,74,12159.2
2192.609,366.1,1902.0,2200,100,76,12159.2
2192.727,366.1,1902.0,2200,100,75,12159.2
2192.845,366.1,1902.0,2200,100,75,12159.4
2192.963,786.1,1902.0,2200,100,72,12170.5
2193.082,379.5,1902.0,2200,46,73,12170.6
2193.2,379.5,1902.0,2200,100,78,12170.6
2193.318,379.5,1902.0,2200,100,76,12170.6
2193.439,379.5,1902.0,2200,100,76,12170.6
2193.556,411.0,1902.0,2200,100,72,12185.7
2193.674,670.0,1902.0,2200,30,71,12229.1
2193.793,872.3,1902.0,2200,30,72,12257.3
2193.911,392.9,1902.0,2200,38,71,12257.3
2194.029,392.9,1902.0,2200,100,77,12257.3
2194.146,392.9,1902.0,2200,100,75,12257.3
2194.264,392.9,1902.0,2200,100,75,12257.3
2194.383,553.9,1902.0,2200,100,73,12268.9
2194.502,683.4,1902.0,2200,24,71,12298.0
2194.62,406.3,1902.0,2200,24,72,12300.3
2194.738,406.3,1902.0,2200,81,74,12300.3
2194.856,406.3,1902.0,2200,100,76,12300.3
2194.974,406.3,1902.0,2200,100,75,12300.3
2195.092,406.3,1902.0,2200,100,75,12300.8
2195.21,696.8,1902.0,2200,62,72,12333.7
2195.328,826.3,1902.0,2200,19,71,12366.0
2195.446,419.7,1902.0,2200,19,73,12366.2
2195.565,419.7,1902.0,2200,100,78,12366.2
2195.685,419.7,1902.0,2200,100,75,12366.2
2195.804,419.7,1902.0,2200,100,75,12366.2
2195.922,423.2,1902.0,2200,100,73,12376.5
2196.04,710.2,1902.0,2200,47,72,12380.0
2196.159,839.7,1902.0,2200,47,71,12373.7
2196.278,433.1,1902.0,2200,14,73,12340.1
2196.396,433.1,1902.0,2200,77,73,12338.9
2196.549,433.1,1902.0,2200,100,74,12330.4
2196.67,433.1,1902.0,2200,100,75,12325.8
2196.795,433.1,1902.0,2200,100,75,12327.8
2196.92,594.1,1902.0,2200,78,72,12190.1
2197.044,723.6,1902.0,2200,6,71,12073.9
2197.164,853.1,1902.0,2200,6,71,12075.7
2197.283,853.1,1902.0,2200,12,71,12052.3
2197.404,446.5,1902.0,2200,33,72,12052.4
2197.522,446.5,1902.0,2200,100,77,12052.4
2197.639,446.5,1902.0,2200,100,76,12052.4
2197.758,446.5,1902.0,2200,100,76,12052.4
2197.876,450.0,1902.0,2200,92,73,12021.0
2197.995,737.0,1902.0,2200,92,71,12045.5
2198.113,866.5,1902.0,2200,12,71,12057.9
2198.232,429.3,1902.0,2200,13,73,12072.3
2198.349,429.3,1902.0,2200,85,73,12072.3
2198.467,429.3,1902.0,2200,85,78,12072.3
2198.586,429.3,1902.0,2200,100,75,12072.3
2198.704,429.3,1902.0,2200,100,74,12059.6
2198.822,442.5,1902.0,2200,100,72,12097.7
2198.945,442.5,1902.0,2200,70,72,12247.8
2199.07,442.5,1902.0,2200,0,71,12279.9
2199.195,442.5,1902.0,2200,4,71,12311.1
2199.323,442.5,1902.0,2200,4,71,12361.7
2199.45,442.5,1902.0,2200,2,71,12373.7
2199.577,442.5,1902.0,2200,0,71,12480.0
2199.706,442.5,1902.0,2200,3,71,12488.6
2199.833,442.5,1902.0,2200,3,71,12522.8
2199.962,442.5,1902.0,2200,2,71,12542.6
2200.091,442.5,1902.0,2200,0,71,12569.8
2200.221,442.5,1902.0,2200,4,71,12595.2
2200.348,442.5,1902.0,2200,2,71,12592.8
2200.477,442.5,1902.0,2200,2,71,12608.4
2200.603,442.5,1902.0,2200,0,71,12676.0
2200.734,442.5,1902.0,2200,3,71,12731.9
2200.866,442.5,1902.0,2200,2,71,12758.5
2200.994,442.5,1902.0,2200,2,71,12782.6
2201.122,442.5,1902.0,2200,0,71,12782.6
2201.252,442.5,1902.0,2200,4,71,12801.7
2201.381,442.5,1902.0,2200,3,71,12823.3
2201.51,442.5,1902.0,2200,12,71,12813.8
2201.64,442.5,1902.0,2200,12,71,12829.9
2201.768,442.5,1902.0,2200,5,71,12872.9
2201.936,442.5,1902.0,2200,0,71,12881.9
2202.172,442.5,1902.0,2200,2,71,12887.3
2202.424,442.5,1902.0,2200,0,71,12884.5
2202.707,442.5,1902.0,2200,3,71,12887.1
2202.924,442.5,1902.0,2200,2,71,12891.7
2203.14,442.5,1902.0,2200,2,71,12840.5
2203.582,442.5,1902.0,2200,3,71,12854.7
2203.874,442.5,1902.0,2200,2,71,12683.3
2204.003,442.5,1902.0,2200,0,71,12562.1
2204.152,442.5,1902.0,2200,0,71,12593.5
2204.281,442.5,1902.0,2200,4,71,12614.2
2204.41,442.5,1902.0,2200,2,71,12642.5
2204.539,442.5,1902.0,2200,0,71,12668.1
2204.667,442.5,1902.0,2200,0,71,12662.5
2204.795,442.5,1902.0,2200,3,71,12684.6
2204.921,442.5,1902.0,2200,0,70,12760.8
2205.05,442.5,1902.0,2200,0,70,12799.1
2205.179,442.5,1902.0,2200,0,71,12825.3
2205.306,442.5,1902.0,2200,0,71,12852.1
2205.434,442.5,1902.0,2200,6,71,12865.4
2205.561,442.5,1902.0,2200,0,71,12873.1
2205.689,442.5,1902.0,2200,0,71,12899.2
2205.817,442.5,1902.0,2200,3,71,12894.1
2205.946,442.5,1902.0,2200,2,70,12946.9
2206.075,442.5,1902.0,2200,0,70,13031.0
2206.203,442.5,1902.0,2200,2,71,13038.2
2206.333,442.5,1902.0,2200,2,71,13063.3
2206.462,442.5,1902.0,2200,2,71,13082.6
2206.592,442.5,1902.0,2200,0,70,13108.6
2206.721,442.5,1902.0,2200,2,70,13133.5
2206.855,442.5,1902.0,2200,2,70,13128.2
2206.985,442.5,1902.0,2200,2,70,13150.4
2207.12,442.5,1902.0,2200,2,70,13157.1
2207.465,442.5,1902.0,2200,0,70,13157.0
2207.731,442.5,1902.0,2200,2,70,13159.2
2207.919,442.5,1902.0,2200,0,70,13161.6
2208.173,442.5,1902.0,2200,2,70,13161.7
2208.421,442.5,1902.0,2200,0,70,13162.5
2208.672,442.5,1902.0,2200,2,70,13158.4
2208.966,442.5,1902.0,2200,0,70,13169.7
2209.243,442.5,1902.0,2200,2,70,13174.1
2209.601,442.5,1902.0,2200,2,70,13174.8
2209.869,442.5,1902.0,2200,2,70,13176.0
2210.125,442.5,1902.0,2200,2,70,13177.1
2210.382,442.5,1902.0,2200,2,70,13177.7
2210.654,442.5,1902.0,2200,2,70,13178.1
2210.913,442.5,1902.0,2200,2,70,13165.5
2211.136,442.5,1902.0,2200,0,70,12819.2
2211.265,442.5,1902.0,2200,3,70,12468.0
2211.397,442.5,1902.0,2200,0,70,12492.6
2211.522,442.5,1902.0,2200,0,70,12649.8
2211.648,442.5,1902.0,2200,2,70,13125.9
2211.775,442.5,1902.0,2200,3,70,13317.6
2211.91,442.5,1902.0,2200,3,70,13366.9
2212.496,442.5,1902.0,2200,2,70,13217.1
2213.363,442.5,1902.0,2200,0,70,13046.1
2214.228,442.5,1902.0,2200,2,70,12870.4
2215.121,442.5,1902.0,2200,0,69,12737.3
2215.832,442.5,1902.0,2200,2,69,11627.0
2215.955,442.5,1902.0,2200,2,69,11634.0
2216.079,442.5,1902.0,2200,0,69,11638.5
2216.201,442.5,1902.0,2200,0,69,11641.8
2216.325,442.5,1902.0,2200,2,69,11645.4
2216.449,442.5,1902.0,2200,2,69,11653.4
2216.572,442.5,1902.0,2200,0,69,11673.9
2216.696,442.5,1902.0,2200,0,69,11691.1
2216.816,442.5,1902.0,2200,2,69,11708.0
2216.94,442.5,1902.0,2200,2,69,11729.2
2217.064,442.5,1902.0,2200,2,69,11750.2
2217.188,442.5,1902.0,2200,0,69,11767.3
2217.309,442.5,1902.0,2200,2,69,11787.3
2217.433,442.5,1902.0,2200,2,69,11775.4
2217.557,442.5,1902.0,2200,2,69,11792.8
2217.68,442.5,1902.0,2200,0,69,11811.1
2217.801,442.5,1902.0,2200,2,69,11829.5
2217.925,442.5,1902.0,2200,2,69,11847.6
2218.047,442.5,1902.0,2200,2,69,11865.9
2218.175,442.5,1902.0,2200,0,69,11886.1
2218.299,442.5,1902.0,2200,2,69,11905.9
2218.421,442.5,1902.0,2200,2,69,11923.5
2218.542,442.5,1902.0,2200,2,69,11941.4
2218.666,442.5,1902.0,2200,0,69,11961.5
2218.787,442.5,1902.0,2200,2,69,11978.4
2218.91,442.5,1902.0,2200,2,69,11997.0
2219.031,442.5,1902.0,2200,2,69,12013.4
2219.151,442.5,1902.0,2200,0,69,12030.5
2219.274,442.5,1902.0,2200,2,69,12046.3
2219.394,442.5,1902.0,2200,2,69,12064.6
2219.516,442.5,1902.0,2200,2,69,12080.4
2219.637,442.5,1902.0,2200,0,69,12098.2
2219.758,442.5,1902.0,2200,2,69,12114.5
2219.879,442.5,1902.0,2200,2,69,12134.3
2220.003,442.5,1902.0,2200,2,69,12151.3
2220.124,442.5,1902.0,2200,0,69,12168.2
2220.248,442.5,1902.0,2200,2,69,12187.0
2220.368,442.5,1902.0,2200,2,69,12204.7
2220.492,442.5,1902.0,2200,2,69,12223.3
2220.612,442.5,1902.0,2200,0,69,12237.9
2220.735,442.5,1902.0,2200,0,69,12254.9
2220.857,442.5,1902.0,2200,2,69,12274.7
2220.977,442.5,1902.0,2200,2,69,12293.0
2221.096,442.5,1902.0,2200,0,69,12311.4
2221.216,442.5,1902.0,2200,0,69,12328.9
2221.336,442.5,1902.0,2200,2,69,12345.1
2221.456,442.5,1902.0,2200,2,69,12361.2
2221.577,442.5,1902.0,2200,2,69,12379.6
2221.7,442.5,1902.0,2200,0,69,12395.4
2221.818,442.5,1902.0,2200,2,69,12416.4
2221.94,442.5,1902.0,2200,2,69,12436.1
2222.06,442.5,1902.0,2200,2,69,12454.7
2222.179,442.5,1902.0,2200,0,69,12473.3
2222.299,442.5,1902.0,2200,2,69,12492.3
2222.419,442.5,1902.0,2200,2,69,12511.0
2222.539,442.5,1902.0,2200,2,69,12528.4
2222.658,442.5,1902.0,2200,0,69,12546.8
2222.782,442.5,1902.0,2200,2,69,12566.8
2222.903,442.5,1902.0,2200,2,69,12583.5
2223.023,442.5,1902.0,2200,2,69,12600.9
2223.144,442.5,1902.0,2200,0,69,12617.6
2223.265,442.5,1902.0,2200,2,69,12634.4
2223.389,442.5,1902.0,2200,2,69,12649.9
2223.511,442.5,1902.0,2200,2,69,12665.4
2223.635,442.5,1902.0,2200,0,69,12682.2
2223.756,442.5,1902.0,2200,0,69,12697.0
2223.876,442.5,1902.0,2200,2,69,12711.8
2223.995,442.5,1902.0,2200,2,69,12726.0
2224.114,442.5,1902.0,2200,0,69,12741.1
2224.234,442.5,1902.0,2200,0,69,12755.3
2224.354,442.5,1902.0,2200,2,69,12769.3
2224.475,442.5,1902.0,2200,2,69,12785.9
2224.594,442.5,1902.0,2200,0,69,12802.0
2224.714,442.5,1902.0,2200,0,69,12821.5
2224.836,442.5,1902.0,2200,2,69,12839.5
2224.96,442.5,1902.0,2200,2,69,12859.6
2225.083,442.5,1902.0,2200,2,68,12879.6
2225.206,442.5,1902.0,2200,0,69,12896.5
2225.326,442.5,1902.0,2200,2,69,12913.8
2225.447,442.5,1902.0,2200,2,69,12931.9
2225.57,442.5,1902.0,2200,2,68,12947.8
2225.693,442.5,1902.0,2200,0,69,12964.5
2225.818,442.5,1902.0,2200,1,69,12979.8
2225.94,442.5,1902.0,2200,2,69,12994.7
2226.061,442.5,1902.0,2200,2,69,13008.9
2226.183,442.5,1902.0,2200,1,68,13024.4
2226.303,442.5,1902.0,2200,0,68,13042.5
2226.422,442.5,1902.0,2200,0,68,13018.6
2226.552,442.5,1902.0,2200,2,68,12545.7
2226.674,442.5,1902.0,2200,1,68,12531.0
2226.793,442.5,1902.0,2200,1,68,12546.5
2226.917,442.5,1902.0,2200,1,69,12560.7
2227.038,442.5,1902.0,2200,2,68,12574.3
2227.158,442.5,1902.0,2200,1,68,12588.1
2227.279,442.5,1902.0,2200,1,68,12602.1
2227.399,442.5,1902.0,2200,1,68,12615.1
2227.522,442.5,1902.0,2200,2,68,12630.9
2227.643,442.5,1902.0,2200,1,68,12644.6
2227.764,442.5,1902.0,2200,1,68,12656.9
2227.883,442.5,1902.0,2200,1,68,12671.1
2228.004,442.5,1902.0,2200,2,68,12686.6
2228.123,442.5,1902.0,2200,1,68,12700.4
2228.243,442.5,1902.0,2200,1,68,12714.0
2228.363,442.5,1902.0,2200,1,68,12728.3
2228.484,442.5,1902.0,2200,2,68,12742.3
2228.605,442.5,1902.0,2200,2,68,12757.6
2228.727,442.5,1902.0,2200,2,68,12771.8
2228.849,442.5,1902.0,2200,1,68,12347.7
2228.968,641.2,1902.0,2200,10,68,12235.5
2229.086,770.7,1902.0,2200,10,68,12254.9
2229.203,900.2,1902.0,2200,16,68,12273.6
2229.321,480.6,1942.0,2240,54,69,12282.5
2229.439,480.6,1942.0,2240,54,72,12282.5
2229.557,480.6,1942.0,2240,100,74,12282.5
2229.677,480.6,1942.0,2240,100,74,12282.5
2229.795,480.6,1942.0,2240,100,72,12282.5
2229.912,480.6,1942.0,2240,100,74,12282.5
2230.031,480.6,1942.0,2240,100,74,12282.5
2230.149,480.6,1942.0,2240,100,74,12282.5
2230.267,480.6,1942.0,2240,100,71,12282.5
2230.385,480.6,1942.0,2240,100,71,12282.5
2230.503,641.6,1942.0,2240,92,71,12292.1
2230.621,612.1,1942.0,2240,92,70,12303.8
2230.738,467.8,1942.0,2240,40,71,12303.8
2230.856,467.8,1942.0,2240,100,76,12303.8
2230.974,467.8,1942.0,2240,100,74,12303.8
2231.094,467.8,1942.0,2240,100,74,12303.8
2231.212,467.8,1942.0,2240,100,74,12303.8
2231.33,467.8,1942.0,2240,100,74,12303.8
2231.448,467.8,1942.0,2240,100,75,12303.8
2231.566,467.8,1942.0,2240,100,73,12303.8
2231.685,467.8,1942.0,2240,100,71,12303.8
2231.802,467.8,1942.0,2240,100,73,12303.8
2231.921,628.8,1942.0,2240,100,70,12322.2
2232.038,887.8,1942.0,2240,19,70,12347.6
2232.156,455.1,1942.0,2240,59,71,12354.6
2232.274,455.1,1942.0,2240,59,74,12354.6
2232.392,455.1,1942.0,2240,100,75,12354.6
2232.51,455.1,1942.0,2240,100,74,12354.6
2232.629,455.1,1942.0,2240,100,73,12354.6
2232.747,455.1,1942.0,2240,100,76,12354.6
2232.865,455.1,1942.0,2240,100,75,12354.6
2232.983,455.1,1942.0,2240,100,74,12354.6
2233.101,455.1,1942.0,2240,100,71,12354.6
2233.219,455.1,1942.0,2240,100,71,12354.6
2233.337,486.6,1942.0,2240,100,72,12357.6
2233.455,745.6,1942.0,2240,100,70,12376.1
2233.575,875.1,1942.0,2240,18,70,12397.5
2233.692,442.4,1942.0,2240,39,71,12399.2
2233.81,442.4,1942.0,2240,100,76,12399.2
2233.927,442.4,1942.0,2240,100,74,12399.2
2234.045,442.4,1942.0,2240,100,74,12399.2
2234.163,442.4,1942.0,2240,100,72,12399.2
2234.282,442.4,1942.0,2240,100,75,12399.2
2234.399,442.4,1942.0,2240,100,74,12399.2
2234.518,442.4,1942.0,2240,100,73,12399.2
2234.635,442.4,1942.0,2240,100,71,12399.2
2234.754,442.4,1942.0,2240,100,71,12399.2
2234.872,603.4,1942.0,2240,100,71,12403.6
2234.99,732.9,1942.0,2240,21,70,12417.5
2235.108,862.4,1942.0,2240,21,70,12428.4
2235.226,429.6,1942.0,2240,36,71,12428.5
2235.344,429.6,1942.0,2240,100,76,12428.5
2235.461,429.6,1942.0,2240,100,74,12428.5
2235.579,429.6,1942.0,2240,100,75,12428.5
2235.696,429.6,1942.0,2240,100,74,12428.5
2235.814,429.6,1942.0,2240,100,74,12428.5
2235.936,429.6,1942.0,2240,100,74,12428.5
2236.053,429.6,1942.0,2240,100,74,12428.5
2236.172,429.6,1942.0,2240,100,71,12428.5
2236.289,429.6,1942.0,2240,100,71,12428.5
2236.406,720.1,1942.0,2240,100,71,12434.3
2236.524,1603.9,1942.0,2240,34,70,12441.7
2236.641,416.9,1942.0,2240,34,71,12441.7
2236.758,416.9,1942.0,2240,90,77,12441.7
2236.876,416.9,1942.0,2240,100,74,12441.7
2236.994,416.9,1942.0,2240,100,74,12441.7
2237.112,416.9,1942.0,2240,100,73,12441.7
2237.231,416.9,1942.0,2240,100,76,12441.7
2237.349,416.9,1942.0,2240,100,75,12441.7
2237.466,416.9,1942.0,2240,100,74,12441.7
2237.584,416.9,1942.0,2240,100,71,12441.7
2237.701,416.9,1942.0,2240,100,71,12441.7
2237.819,577.9,1942.0,2240,100,71,12451.8
2237.937,707.4,1942.0,2240,54,70,12465.6
2238.056,836.9,1942.0,2240,13,70,12478.5
2238.174,404.1,1942.0,2240,64,71,12479.3
2238.291,404.1,1942.0,2240,64,76,12479.3
2238.409,404.1,1942.0,2240,100,75,12479.3
2238.526,404.1,1942.0,2240,100,75,12479.3
2238.644,404.1,1942.0,2240,100,73,12479.3
2238.761,404.1,1942.0,2240,100,75,12479.3
2238.879,404.1,1942.0,2240,100,75,12479.3
2238.997,404.1,1942.0,2240,100,73,12479.3
2239.116,404.1,1942.0,2240,100,72,12479.3
2239.235,404.1,1942.0,2240,100,71,12479.3
2239.353,565.1,1942.0,2240,72,71,12488.0
2239.47,694.6,1942.0,2240,72,70,12501.4
2239.588,959.9,1942.0,2240,17,72,12513.7
2239.705,391.4,1942.0,2240,61,71,12513.7
2239.822,391.4,1942.0,2240,61,76,12513.7
2239.941,391.4,1942.0,2240,100,74,12513.7
2240.058,391.4,1942.0,2240,100,75,12513.7
2240.176,391.4,1942.0,2240,100,73,12513.7
2240.294,391.4,1942.0,2240,100,75,12513.7
2240.412,391.4,1942.0,2240,100,75,12513.7
2240.53,391.4,1942.0,2240,100,74,12513.7
2240.648,391.4,1942.0,2240,100,71,12513.7
2240.768,391.4,1942.0,2240,100,71,12513.7
2240.886,552.4,1942.0,2240,79,71,12523.8
2241.004,681.9,1942.0,2240,11,70,12541.1
2241.123,811.4,1942.0,2240,11,70,12561.1
2241.241,378.7,1942.0,2240,11,73,12572.9
2241.359,378.7,1942.0,2240,81,73,12572.9
2241.477,378.7,1942.0,2240,81,76,12572.9
2241.595,378.7,1942.0,2240,100,74,12572.9
2241.713,378.7,1942.0,2240,100,74,12572.9
2241.831,378.7,1942.0,2240,100,73,12572.9
2241.949,378.7,1942.0,2240,100,76,12572.9
2242.067,378.7,1942.0,2240,100,75,12572.9
2242.184,378.7,1942.0,2240,100,74,12572.9
2242.302,378.7,1942.0,2240,100,72,12572.9
2242.421,378.7,1942.0,2240,100,71,12572.9
2242.538,539.7,1942.0,2240,59,71,12611.9
2242.657,669.2,1942.0,2240,59,70,12662.4
2242.775,669.2,1942.0,2240,11,70,12717.1
2242.892,798.7,1942.0,2240,10,70,12761.9
2243.01,365.9,1942.0,2240,10,72,12774.4
2243.128,365.9,1942.0,2240,55,75,12774.4
2243.245,365.9,1942.0,2240,100,75,12774.4
2243.362,365.9,1942.0,2240,100,74,12774.4
2243.48,365.9,1942.0,2240,100,73,12774.4
2243.598,365.9,1942.0,2240,100,77,12774.4
2243.716,365.9,1942.0,2240,100,75,12774.4
2243.833,365.9,1942.0,2240,100,76,12774.4
2243.951,365.9,1942.0,2240,100,72,12774.4
2244.068,365.9,1942.0,2240,100,71,12774.4
2244.186,365.9,1942.0,2240,72,72,12785.0
2244.303,526.9,1942.0,2240,72,71,12811.4
2244.421,656.4,1942.0,2240,10,70,12847.1
2244.538,785.9,1942.0,2240,8,70,12886.8
2244.655,830.2,1942.0,2240,8,71,12926.6
2244.772,353.2,1942.0,2240,35,72,12926.6
2244.89,353.2,1942.0,2240,100,77,12926.6
2245.008,353.2,1942.0,2240,100,74,12926.6
2245.125,353.2,1942.0,2240,100,74,12926.6
2245.242,353.2,1942.0,2240,100,73,12926.6
2245.36,353.2,1942.0,2240,100,75,12926.6
2245.477,353.2,1942.0,2240,100,75,12926.6
2245.595,353.2,1942.0,2240,100,73,12926.6
2245.712,353.2,1942.0,2240,100,71,12926.6
2245.829,353.2,1942.0,2240,100,71,12926.6
2245.947,384.7,1942.0,2240,100,71,12949.7
2246.065,514.2,1942.0,2240,13,70,12975.5
2246.184,643.7,1942.0,2240,13,70,12999.1
2246.301,773.2,1942.0,2240,11,70,13026.3
2246.419,340.4,1942.0,2240,20,72,13035.1
2246.537,340.4,1942.0,2240,100,75,13035.1
2246.654,340.4,1942.0,2240,100,75,13035.1
2246.771,340.4,1942.0,2240,100,74,13035.1
2246.888,340.4,1942.0,2240,100,74,13035.1
2247.006,340.4,1942.0,2240,100,75,13035.1
2247.123,340.4,1942.0,2240,100,75,13035.1
2247.241,340.4,1942.0,2240,100,76,13035.1
2247.358,340.4,1942.0,2240,100,72,13035.1
2247.477,340.4,1942.0,2240,100,71,13035.1
2247.595,340.4,1942.0,2240,100,72,13046.8
2247.713,501.4,1942.0,2240,15,71,13079.6
2247.831,501.4,1942.0,2240,15,70,13111.0
2247.949,630.9,1942.0,2240,8,70,13145.7
2248.067,630.9,1942.0,2240,5,70,13179.2
2248.185,760.4,1942.0,2240,5,70,13211.7
2248.302,327.7,1942.0,2240,9,72,13221.2
2248.42,327.7,1942.0,2240,87,73,13221.2
2248.553,327.7,1942.0,2240,100,73,13221.2
2248.671,327.7,1942.0,2240,100,74,13221.2
2248.788,327.7,1942.0,2240,100,74,13221.2
2248.906,327.7,1942.0,2240,100,76,13221.2
2249.024,327.7,1942.0,2240,100,75,13221.2
2249.141,327.7,1942.0,2240,100,75,13220.9
2249.259,327.7,1942.0,2240,100,74,13200.8
2249.378,327.7,1942.0,2240,100,71,13195.2
2249.498,327.7,1942.0,2240,100,71,13195.2
2249.616,488.7,1942.0,2240,74,71,13211.6
2249.733,618.2,1942.0,2240,13,70,13234.3
2249.852,747.7,1942.0,2240,13,70,13249.7
2249.972,314.9,1942.0,2240,28,71,13229.6
2250.091,314.9,1942.0,2240,100,76,13210.2
2250.21,314.9,1942.0,2240,100,75,13191.5
2250.329,314.9,1942.0,2240,100,74,13150.4
2250.472,314.9,1942.0,2240,100,75,13030.5
2250.604,314.9,1942.0,2240,100,75,13030.5
2250.722,314.9,1942.0,2240,100,75,13030.5
2250.845,314.9,1942.0,2240,100,74,13030.5
2250.963,314.9,1942.0,2240,100,72,13030.5
2251.08,314.9,1942.0,2240,100,72,13030.5
2251.198,476.0,1942.0,2240,100,71,13057.2
2251.317,605.5,1942.0,2240,28,70,13086.7
2251.435,735.0,1942.0,2240,13,70,13113.3
2251.553,302.2,1942.0,2240,13,71,13113.7
2251.67,302.2,1942.0,2240,77,77,13113.7
2251.791,302.2,1942.0,2240,100,74,13113.7
2251.908,302.2,1942.0,2240,100,73,13113.7
2252.025,302.2,1942.0,2240,100,72,13113.7
2252.143,302.2,1942.0,2240,100,77,12974.7
2252.261,302.2,1942.0,2240,100,75,12974.7
2252.379,302.2,1942.0,2240,100,75,12974.7
2252.497,302.2,1942.0,2240,100,72,12974.7
2252.614,302.2,1942.0,2240,100,71,12974.7
2252.732,302.2,1942.0,2240,84,73,12984.9
2252.85,463.2,1942.0,2240,84,71,13021.7
2252.967,592.7,1942.0,2240,12,70,13057.4
2253.085,722.2,1942.0,2240,10,70,13085.6
2253.203,289.5,1942.0,2240,10,72,13095.2
2253.32,289.5,1942.0,2240,68,74,13095.2
2253.438,289.5,1942.0,2240,100,75,13095.2
2253.556,289.5,1942.0,2240,100,74,13095.2
2253.674,289.5,1942.0,2240,100,74,13095.2
2253.793,289.5,1942.0,2240,100,76,13095.2
2253.911,289.5,1942.0,2240,100,75,13095.2
2254.029,289.5,1942.0,2240,100,76,13095.2
2254.147,289.5,1942.0,2240,100,72,13095.2
2254.265,289.5,1942.0,2240,100,71,13095.2
2254.383,289.5,1942.0,2240,100,73,13098.9
2254.501,450.5,1942.0,2240,87,71,13129.7
2254.626,580.0,1942.0,2240,10,70,13129.8
2254.746,709.5,1942.0,2240,12,70,12948.4
2254.865,276.7,1942.0,2240,12,71,12830.8
2254.982,276.7,1942.0,2240,82,76,12830.8
2255.1,276.7,1942.0,2240,100,75,12830.8
2255.219,276.7,1942.0,2240,100,74,12830.8
2255.337,276.7,1942.0,2240,100,74,12830.8
2255.456,276.7,1942.0,2240,100,75,12830.8
2255.579,276.7,1942.0,2240,100,74,12830.8
2255.698,276.7,1942.0,2240,100,75,12830.8
2255.816,276.7,1942.0,2240,100,73,12830.8
2255.934,276.7,1942.0,2240,100,71,12830.8
2256.052,276.7,1942.0,2240,100,71,12830.8
2256.171,308.2,1942.0,2240,92,71,12855.8
2256.289,437.7,1942.0,2240,8,70,12882.5
2256.407,567.2,1942.0,2240,10,70,12912.7
2256.525,567.2,1942.0,2240,10,70,12947.2
2256.643,696.7,1942.0,2240,6,70,12980.9
2256.76,264.0,1942.0,2240,21,73,12998.0
2256.878,264.0,1942.0,2240,21,73,12998.0
2256.996,264.0,1942.0,2240,100,76,12998.0
2257.113,264.0,1942.0,2240,100,74,12998.0
2257.231,264.0,1942.0,2240,100,74,12998.0
2257.349,264.0,1942.0,2240,100,75,12998.0
2257.467,264.0,1942.0,2240,100,76,12998.0
2257.586,264.0,1942.0,2240,100,76,12998.0
2257.708,264.0,1942.0,2240,100,72,12998.0
2257.825,264.0,1942.0,2240,100,72,12998.0
2257.943,264.0,1942.0,2240,100,71,12998.0
2258.061,425.0,1942.0,2240,100,71,13024.5
2258.178,425.0,1942.0,2240,21,70,13049.7
2258.296,554.5,1942.0,2240,8,70,13077.5
2258.414,554.5,1942.0,2240,8,70,13112.4
2258.532,684.0,1942.0,2240,8,70,13146.4
2258.649,251.2,1942.0,2240,6,73,13132.0
2258.767,251.2,1942.0,2240,85,73,12608.8
2258.887,251.2,1942.0,2240,85,76,12608.8
2259.008,251.2,1942.0,2240,100,74,12608.8
2259.126,251.2,1942.0,2240,100,75,12608.8
2259.244,251.2,1942.0,2240,100,75,12608.8
2259.361,251.2,1942.0,2240,100,75,12608.8
2259.479,251.2,1942.0,2240,100,76,12608.8
2259.597,251.2,1942.0,2240,100,72,12608.8
2259.714,251.2,1942.0,2240,100,71,12608.8
2259.832,251.2,1942.0,2240,100,73,12611.3
2259.949,412.2,1942.0,2240,42,71,12651.6
2260.068,412.2,1942.0,2240,42,70,12696.5
2260.186,541.7,1942.0,2240,6,70,12746.3
2260.303,671.2,1942.0,2240,9,70,12799.5
2260.421,961.5,1942.0,2240,9,70,12839.2
2260.539,238.5,1942.0,2240,21,71,12839.2
2260.657,238.5,1942.0,2240,100,77,12839.2
2260.775,238.5,1942.0,2240,100,75,12839.2
2260.893,238.5,1942.0,2240,100,74,12839.2
2261.011,238.5,1942.0,2240,100,73,12839.2
2261.129,238.5,1942.0,2240,100,75,12839.2
2261.247,238.5,1942.0,2240,100,75,12839.2
2261.365,238.5,1942.0,2240,100,74,12839.2
2261.483,238.5,1942.0,2240,100,72,12839.2
2261.601,238.5,1942.0,2240,100,71,12839.2
2261.718,245.5,1942.0,2240,100,72,12861.7
2261.836,399.5,1942.0,2240,38,70,12914.5
2261.953,529.0,1942.0,2240,9,70,12967.3
2262.072,529.0,1942.0,2240,9,70,13014.6
2262.19,658.5,1942.0,2240,7,70,13052.3
2262.308,225.8,1942.0,2240,10,73,13076.3
2262.426,225.8,1942.0,2240,10,73,13076.3
2262.543,225.8,1942.0,2240,100,73,13076.3
2262.661,225.8,1942.0,2240,100,74,13076.3
2262.779,225.8,1942.0,2240,100,74,13076.3
2262.897,225.8,1942.0,2240,100,73,13076.3
2263.014,225.8,1942.0,2240,100,75,13076.3
2263.132,225.8,1942.0,2240,100,75,13076.3
2263.25,225.8,1942.0,2240,100,73,13076.3
2263.368,225.8,1942.0,2240,100,72,13076.3
2263.485,225.8,1942.0,2240,100,71,13076.3
2263.603,257.3,1942.0,2240,57,71,13094.0
2263.721,386.8,1942.0,2240,57,70,13127.1
2263.84,516.3,1942.0,2240,7,70,13162.2
2263.962,516.3,1942.0,2240,9,70,13066.9
2264.08,645.8,1942.0,2240,9,70,12870.0
2264.199,213.0,1942.0,2240,9,72,12878.4
2264.317,213.0,1942.0,2240,97,74,12878.4
2264.434,213.0,1942.0,2240,97,75,12878.4
2264.552,213.0,1942.0,2240,100,74,12878.4
2264.67,213.0,1942.0,2240,100,73,12878.4
2264.788,213.0,1942.0,2240,100,75,12878.4
2264.908,213.0,1942.0,2240,100,75,12878.4
2265.026,213.0,1942.0,2240,100,75,12878.4
2265.144,213.0,1942.0,2240,100,72,12878.4
2265.262,213.0,1942.0,2240,100,71,12878.4
2265.38,213.0,1942.0,2240,100,71,12888.0
2265.498,374.0,1942.0,2240,35,70,12915.0
2265.616,503.5,1942.0,2240,8,70,12951.8
2265.734,503.5,1942.0,2240,8,70,12988.3
2265.852,633.0,1942.0,2240,7,70,13021.1
2265.97,633.0,1942.0,2240,7,70,13056.7
2266.087,200.3,1942.0,2240,7,71,13058.5
2266.204,200.3,1942.0,2240,91,76,13058.5
2266.322,200.3,1942.0,2240,100,74,13058.5
2266.441,200.3,1942.0,2240,100,74,13058.5
2266.558,200.3,1942.0,2240,100,72,13058.5
2266.676,200.3,1942.0,2240,100,75,13058.5
2266.794,200.3,1942.0,2240,100,75,13058.5
2266.911,200.3,1942.0,2240,100,74,13058.5
2267.029,200.3,1942.0,2240,100,72,13058.5
2267.147,200.3,1942.0,2240,100,71,13058.5
2267.265,231.8,1942.0,2240,100,71,13082.7
2267.383,361.3,1942.0,2240,40,70,13125.3
2267.501,490.8,1942.0,2240,9,70,13163.5
2267.62,490.8,1942.0,2240,8,70,13202.4
2267.738,620.3,1942.0,2240,8,70,13152.7
2267.857,187.5,1942.0,2240,9,71,13054.8
2267.98,187.5,1942.0,2240,100,73,13054.8
2268.097,187.5,1942.0,2240,100,75,13054.8
2268.215,187.5,1942.0,2240,100,74,13054.8
2268.333,187.5,1942.0,2240,100,74,13054.8
2268.451,187.5,1942.0,2240,100,75,13054.8
2268.57,187.5,1942.0,2240,100,75,13054.8
2268.689,187.5,1942.0,2240,100,76,13054.8
2268.807,187.5,1942.0,2240,100,72,13054.8
2268.927,187.5,1942.0,2240,100,71,13054.8
2269.045,187.5,1942.0,2240,100,72,13064.9
2269.163,348.5,1942.0,2240,35,70,13105.9
2269.282,478.0,1942.0,2240,35,70,13138.8
2269.399,478.0,1942.0,2240,8,70,13170.3
2269.517,607.5,1942.0,2240,10,70,13235.3
2269.635,174.8,1942.0,2240,47,72,13147.3
2269.753,174.8,1942.0,2240,47,74,13129.7
2269.873,174.8,1942.0,2240,100,74,13117.9
2269.994,174.8,1942.0,2240,100,74,13100.5
2270.116,174.8,1942.0,2240,100,73,13083.1
2270.238,174.8,1942.0,2240,100,77,13065.2
2270.363,174.8,1942.0,2240,100,75,13055.3
2270.484,174.8,1942.0,2240,100,74,13039.5
2270.605,174.8,1942.0,2240,100,71,13023.0
2270.726,174.8,1942.0,2240,100,71,13005.6
2270.848,174.8,1942.0,2240,98,72,13011.6
2270.971,335.8,1942.0,2240,8,70,13055.6
2271.092,465.3,1942.0,2240,8,70,13097.2
2271.213,594.8,1942.0,2240,9,70,13157.5
2271.333,594.8,1942.0,2240,9,70,13239.0
2271.455,162.1,1942.0,2240,9,72,13223.0
2271.577,162.1,1942.0,2240,86,77,13205.0
2271.703,162.1,1942.0,2240,100,74,13191.6
2271.824,162.1,1942.0,2240,100,74,13180.0
2271.945,162.1,1942.0,2240,100,75,13171.0
2272.066,162.1,1942.0,2240,100,76,13162.0
2272.187,162.1,1942.0,2240,100,75,13153.1
2272.309,162.1,1942.0,2240,100,73,13144.0
2272.434,162.1,1942.0,2240,100,72,13134.9
2272.555,162.1,1942.0,2240,100,74,13128.3
2272.677,323.1,1942.0,2240,49,71,13172.0
2272.801,452.6,1942.0,2240,10,70,13277.0
2272.931,452.6,1942.0,2240,2,70,13237.8
2273.4,452.6,1942.0,2240,2,70,13185.6
2273.903,582.1,1942.0,2240,2,70,13133.3
2274.384,582.1,1942.0,2240,2,70,13081.8
2274.855,149.3,1942.0,2240,100,77,13061.6
2275.14,149.3,1942.0,2240,100,74,13050.8
2275.269,149.3,1942.0,2240,100,75,13041.1
2275.389,149.3,1942.0,2240,100,76,13031.4
2275.509,149.3,1942.0,2240,100,75,13021.6
2275.629,149.3,1942.0,2240,100,75,13011.8
2275.75,149.3,1942.0,2240,100,73,13002.0
2275.87,149.3,1942.0,2240,100,71,12992.4
2275.99,149.3,1942.0,2240,97,74,12985.0
2276.11,310.3,1942.0,2240,1,70,12972.3
2276.551,310.3,1942.0,2240,0,70,12920.4
2277.005,310.3,1942.0,2240,1,70,12867.5
2277.483,439.8,1942.0,2240,2,70,12821.3
2277.893,439.8,1942.0,2240,2,70,12770.2
2278.342,569.3,1942.0,2240,1,70,12730.7
2278.708,569.3,1942.0,2240,1,69,12681.2
2279.141,569.3,1942.0,2240,1,69,12621.8
2279.595,118.7,1942.0,2240,91,71,12591.2
2279.853,118.7,1942.0,2240,100,74,12581.1
2279.976,118.7,1942.0,2240,100,75,12571.4
2280.095,118.7,1942.0,2240,100,75,12561.9
2280.216,118.7,1942.0,2240,100,76,12552.2
2280.337,118.7,1942.0,2240,100,76,12542.3
2280.46,118.7,1942.0,2240,100,76,12532.6
2280.581,118.7,1942.0,2240,100,73,12523.0
2280.7,118.7,1942.0,2240,100,72,12513.3
2280.82,98.3,1942.0,2240,100,73,12500.8
2280.941,65.6,1942.0,2240,64,71,12493.4
2281.061,100.9,1942.0,2240,11,71,12492.8
2281.181,100.9,1942.0,2240,99,75,12483.0
2281.301,100.9,1942.0,2240,99,75,12473.7
2281.42,108.1,1942.0,2240,99,72,12464.0
2281.542,108.1,1942.0,2240,100,75,12454.5
2281.661,269.1,1942.0,2240,100,74,12444.9
2281.784,115.3,1942.0,2240,99,73,12435.3
2281.904,115.3,1942.0,2240,100,77,12428.8
2282.023,122.5,1942.0,2240,99,73,12428.8
2282.153,122.5,1942.0,2240,99,76,12428.8
2282.27,122.5,1942.0,2240,100,75,12428.8
2282.388,129.7,1942.0,2240,99,72,12428.8
2282.506,129.7,1942.0,2240,99,77,12428.8
2282.625,290.7,1942.0,2240,100,74,12428.8
2282.745,136.9,1942.0,2240,98,72,12428.9
2282.863,136.9,1942.0,2240,100,76,12428.9
2282.98,168.4,1942.0,2240,100,73,12433.8
2283.098,144.1,1942.0,2240,55,73,12439.5
2283.215,144.1,1942.0,2240,93,77,12439.5
2283.333,144.1,1942.0,2240,93,75,12439.5
2283.451,564.1,1942.0,2240,92,71,12451.6
2283.569,151.3,1942.0,2240,55,73,12453.0
2283.687,151.3,1942.0,2240,100,76,12453.0
2283.805,441.8,1942.0,2240,100,72,12456.0
2283.924,158.5,1942.0,2240,71,73,12458.6
2284.041,158.5,1942.0,2240,100,76,12458.6
2284.159,165.5,1942.0,2240,100,72,12466.2
2284.277,319.5,1942.0,2240,57,71,12484.9
2284.395,449.0,1942.0,2240,11,71,12506.3
2284.512,578.5,1942.0,2240,11,70,12530.6
2284.63,165.7,1942.0,2240,9,72,12541.0
2284.748,165.7,1942.0,2240,75,76,12541.0
2284.866,165.7,1942.0,2240,89,73,12543.0
2284.984,326.7,1942.0,2240,89,71,12556.8
2285.102,456.2,1942.0,2240,13,70,12578.6
2285.219,585.7,1942.0,2240,10,70,12602.9
2285.337,172.9,1942.0,2240,10,71,12611.4
2285.454,172.9,1942.0,2240,56,77,12611.4
2285.572,172.9,1942.0,2240,100,72,12616.6
2285.689,333.9,1942.0,2240,100,71,12639.4
2285.808,592.9,1942.0,2240,22,70,12660.6
2285.928,180.0,1942.0,2240,43,72,12660.8
2286.045,180.0,1942.0,2240,100,75,12660.8
2286.162,341.1,1942.0,2240,100,71,12671.1
2286.282,600.1,1942.0,2240,51,70,12683.5
2286.401,187.2,1942.0,2240,37,72,12679.8
2286.521,187.2,1942.0,2240,37,76,12669.7
2286.643,348.2,1942.0,2240,100,72,12667.3
2286.763,477.7,1942.0,2240,48,71,12688.1
2286.884,194.4,1942.0,2240,38,72,12691.3
2287.003,194.4,1942.0,2240,38,77,12679.9
2287.124,194.4,1942.0,2240,100,72,12671.7
2287.244,484.9,1942.0,2240,49,71,12678.1
2287.364,201.6,1942.0,2240,49,72,12678.8
2287.483,201.6,1942.0,2240,49,77,12669.0
2287.604,201.6,1942.0,2240,100,73,12666.1
2287.724,362.6,1942.0,2240,33,71,12691.1
2287.844,492.1,1942.0,2240,33,70,12716.8
2287.964,621.6,1942.0,2240,10,70,12740.3
2288.083,653.1,1942.0,2240,8,71,12755.2
2288.203,208.8,1942.0,2240,85,73,12745.2
2288.325,208.8,1942.0,2240,85,75,12735.3
2288.447,369.8,1942.0,2240,88,71,12747.8
2288.567,499.3,1942.0,2240,14,71,12763.4
2288.688,216.0,1942.0,2240,14,72,12769.8
2288.807,216.0,1942.0,2240,50,76,12759.9
2288.927,216.0,1942.0,2240,100,73,12751.6
2289.047,506.5,1942.0,2240,33,71,12759.1
2289.167,636.0,1942.0,2240,33,70,12767.6
2289.287,223.2,1942.0,2240,34,71,12758.4
2289.407,223.2,1942.0,2240,100,74,12748.6
2289.527,384.2,1942.0,2240,100,71,12747.4
2289.648,643.2,1942.0,2240,58,71,12756.8
2289.768,230.4,1942.0,2240,32,72,12756.8
2289.887,230.4,1942.0,2240,100,77,12746.6
2290.007,391.4,1942.0,2240,100,72,12739.4
2290.128,650.4,1942.0,2240,59,71,12737.9
2290.248,237.6,1942.0,2240,66,74,12727.7
2290.367,237.6,1942.0,2240,66,75,12717.7
2290.487,528.1,1942.0,2240,100,71,12713.1
2290.607,244.8,1942.0,2240,46,71,12705.9
2290.727,244.8,1942.0,2240,100,77,12695.6
2290.846,405.8,1942.0,2240,100,72,12687.2
2290.968,252.0,1942.0,2240,69,72,12679.3
2291.088,252.0,1942.0,2240,91,76,12669.4
2291.207,252.0,1942.0,2240,91,73,12660.0
2291.329,259.2,1942.0,2240,85,73,12654.1
2291.448,259.2,1942.0,2240,77,76,12644.2
2291.569,259.2,1942.0,2240,100,76,12634.4
2291.689,679.2,1942.0,2240,100,72,12630.4
2291.809,266.4,1942.0,2240,47,73,12621.1
2291.93,266.4,1942.0,2240,100,76,12611.2
2292.049,556.9,1942.0,2240,100,72,12604.3
2292.171,273.5,1942.0,2240,72,73,12595.1
2292.291,273.5,1942.0,2240,97,77,12585.2
2292.411,434.6,1942.0,2240,76,72,12583.2
2292.532,280.7,1942.0,2240,76,73,12578.4
2292.651,280.7,1942.0,2240,68,77,12568.5
2292.771,280.7,1942.0,2240,100,74,12560.2
2292.891,287.9,1942.0,2240,100,71,12559.7
2293.011,287.9,1942.0,2240,55,75,12551.0
2293.13,287.9,1942.0,2240,100,75,12550.8
2293.25,578.4,1942.0,2240,58,71,12531.5
2293.369,707.9,1942.0,2240,58,71,12569.7
2293.49,264.5,1942.0,2240,13,72,12588.5
2293.609,264.5,1942.0,2240,90,76,12588.5
2293.728,271.4,1942.0,2240,90,74,12610.0
2293.85,271.4,1942.0,2240,80,71,12637.0
2293.979,271.4,1942.0,2240,2,71,12631.5
2294.108,271.4,1942.0,2240,0,71,12646.0
2294.236,271.4,1942.0,2240,2,71,12623.1
2294.377,271.4,1942.0,2240,2,71,12660.6
2294.503,271.4,1942.0,2240,2,70,12667.9
2294.632,271.4,1942.0,2240,0,70,12707.3
2294.76,271.4,1942.0,2240,2,71,12578.8
2294.887,271.4,1942.0,2240,2,70,12620.2
2295.013,271.4,1942.0,2240,2,70,12628.7
2295.14,271.4,1942.0,2240,0,70,12650.5
2295.266,271.4,1942.0,2240,2,70,12721.6
2295.394,271.4,1942.0,2240,2,70,12720.8
2295.52,271.4,1942.0,2240,2,70,12690.8
2295.648,271.4,1942.0,2240,0,70,12729.2
2295.775,271.4,1942.0,2240,2,70,12847.6
2295.901,271.4,1942.0,2240,2,70,12908.6
2296.026,271.4,1942.0,2240,2,70,12957.0
2296.152,271.4,1942.0,2240,0,70,13003.8
2296.279,271.4,1942.0,2240,2,70,13091.0
2296.406,271.4,1942.0,2240,2,70,13121.5
2296.534,271.4,1942.0,2240,2,70,13153.8
2296.664,271.4,1942.0,2240,0,70,13187.7
2296.792,271.4,1942.0,2240,2,70,13205.2
2296.922,271.4,1942.0,2240,2,70,13256.4
2297.049,271.4,1942.0,2240,2,70,13322.1
2297.176,271.4,1942.0,2240,0,70,13349.0
2297.304,271.4,1942.0,2240,2,70,13379.3
2297.433,271.4,1942.0,2240,2,70,13413.4
2297.562,271.4,1942.0,2240,2,70,13428.5
2297.691,271.4,1942.0,2240,0,70,13478.9
2297.842,271.4,1942.0,2240,2,70,13513.4
2297.973,271.4,1942.0,2240,2,70,13524.4
2298.174,271.4,1942.0,2240,2,70,13529.5
2298.431,271.4,1942.0,2240,2,70,13534.6
2298.693,271.4,1942.0,2240,2,70,13534.3
2298.929,271.4,1942.0,2240,2,70,13534.8
2299.07,271.4,1942.0,2240,0,70,13545.8
2299.324,271.4,1942.0,2240,0,70,13485.3
2299.851,271.4,1942.0,2240,2,70,13485.3
2300.126,271.4,1942.0,2240,2,70,13485.6
2300.387,271.4,1942.0,2240,2,70,13486.7
2300.654,271.4,1942.0,2240,2,70,13458.6
2301.03,271.4,1942.0,2240,0,70,13443.6
2301.27,271.4,1942.0,2240,2,70,13441.4
2301.632,271.4,1942.0,2240,2,70,13377.0
2302.117,271.4,1942.0,2240,2,70,13376.3
2302.402,271.4,1942.0,2240,2,70,13374.6
2302.706,271.4,1942.0,2240,1,70,13362.2
2303.011,271.4,1942.0,2240,0,70,13319.6
2303.374,271.4,1942.0,2240,7,70,13272.9
2303.627,271.4,1942.0,2240,12,70,12946.8
2303.754,271.4,1942.0,2240,12,70,12848.6
2303.881,271.4,1942.0,2240,1,70,13188.4
2304.007,271.4,1942.0,2240,2,70,13425.1
2304.662,271.4,1942.0,2240,1,70,13300.7
2305.514,271.4,1942.0,2240,1,70,13184.1
2306.283,271.4,1942.0,2240,2,70,13103.0
2306.822,271.4,1942.0,2240,2,70,12913.6
2307.094,271.4,1942.0,2240,2,70,12500.4
2307.217,271.4,1942.0,2240,2,70,12511.4
2307.341,271.4,1942.0,2240,0,70,12521.6
2307.466,271.4,1942.0,2240,2,70,12533.2
2307.59,271.4,1942.0,2240,2,70,12544.3
2307.712,271.4,1942.0,2240,2,70,12555.2
2307.834,271.4,1942.0,2240,0,70,12566.9
2307.96,271.4,1942.0,2240,2,70,12578.6
2308.084,271.4,1942.0,2240,2,70,12589.8
2308.208,271.4,1942.0,2240,2,70,12600.1
2308.333,271.4,1942.0,2240,0,70,12610.7
2308.457,271.4,1942.0,2240,0,70,12623.1
2308.579,271.4,1942.0,2240,2,70,12631.2
2308.705,271.4,1942.0,2240,2,70,12642.3
2308.828,271.4,1942.0,2240,0,70,12655.2
2308.951,271.4,1942.0,2240,0,70,12667.4
2309.074,271.4,1942.0,2240,2,70,12681.0
2309.197,271.4,1942.0,2240,2,70,12692.1
2309.321,271.4,1942.0,2240,1,70,12715.2
2309.444,271.4,1942.0,2240,1,70,12739.2
2309.568,271.4,1942.0,2240,1,70,12763.6
2309.691,271.4,1942.0,2240,2,70,12784.7
2309.814,271.4,1942.0,2240,1,70,12805.7
2309.936,271.4,1942.0,2240,1,70,12829.9
2310.059,271.4,1942.0,2240,1,70,12850.4
2310.18,271.4,1942.0,2240,2,70,12860.7
2310.303,271.4,1942.0,2240,2,70,12875.1
2310.428,271.4,1942.0,2240,2,70,12888.2
2310.549,271.4,1942.0,2240,0,70,12901.2
2310.674,271.4,1942.0,2240,2,70,12915.0
2310.798,271.4,1942.0,2240,2,70,12927.4
2310.921,271.4,1942.0,2240,2,70,12940.6
2311.042,271.4,1942.0,2240,0,70,12953.9
2311.165,271.4,1942.0,2240,2,70,12966.0
2311.29,271.4,1942.0,2240,2,70,12976.1
2311.412,271.4,1942.0,2240,1,70,12984.5
2311.536,271.4,1942.0,2240,1,70,12994.6
2311.657,271.4,1942.0,2240,2,70,12924.4
2311.782,271.4,1942.0,2240,2,70,12773.0
2311.901,271.4,1942.0,2240,1,70,12795.9
2312.02,271.4,1942.0,2240,1,70,12816.9
2312.145,271.4,1942.0,2240,2,70,12838.2
2312.269,271.4,1942.0,2240,2,70,12858.9
2312.392,271.4,1942.0,2240,1,70,12879.9
2312.512,271.4,1942.0,2240,1,70,12900.8
2312.637,271.4,1942.0,2240,1,70,12921.3
2312.761,271.4,1942.0,2240,2,70,12944.5
2312.88,271.4,1942.0,2240,2,70,12966.1
2312.999,271.4,1942.0,2240,0,70,12990.6
2313.121,271.4,1942.0,2240,0,70,12836.0
2313.243,271.4,1942.0,2240,2,70,12857.0
2313.363,271.4,1942.0,2240,2,70,12879.9
2313.486,271.4,1942.0,2240,0,70,12901.4
2313.609,271.4,1942.0,2240,0,70,12922.1
2313.73,271.4,1942.0,2240,2,70,12942.4
2313.853,271.4,1942.0,2240,2,70,12962.0
2313.973,271.4,1942.0,2240,2,70,12980.9
2314.093,271.4,1942.0,2240,0,70,13002.4
2314.212,271.4,1942.0,2240,2,70,13019.6
2314.332,271.4,1942.0,2240,2,70,13041.5
2314.454,271.4,1942.0,2240,2,70,13062.9
2314.573,271.4,1942.0,2240,0,70,13080.3
2314.695,271.4,1942.0,2240,2,70,13100.8
2314.814,271.4,1942.0,2240,2,70,13125.4
2314.936,271.4,1942.0,2240,2,70,13148.7
2315.059,271.4,1942.0,2240,0,70,13124.8
2315.184,271.4,1942.0,2240,2,70,13009.5
2315.31,271.4,1942.0,2240,2,70,13029.3
2315.434,271.4,1942.0,2240,2,70,13047.6
2315.559,271.4,1942.0,2240,0,70,13067.1
2315.68,271.4,1942.0,2240,2,70,13087.4
2315.805,271.4,1942.0,2240,2,70,13108.3
2315.929,271.4,1942.0,2240,2,70,13128.1
2316.05,271.4,1942.0,2240,0,70,13146.1
2316.172,271.4,1942.0,2240,2,70,13164.2
2316.296,271.4,1942.0,2240,2,70,13182.9
2316.419,271.4,1942.0,2240,0,70,13202.1
2316.541,271.4,1942.0,2240,3,70,13221.5
2316.665,271.4,1942.0,2240,2,70,13240.2
2316.785,271.4,1942.0,2240,2,69,13257.9
2316.906,271.4,1942.0,2240,2,70,13276.6
2317.026,271.4,1942.0,2240,0,69,13291.7
2317.151,271.4,1942.0,2240,2,70,13139.2
2317.288,271.4,1942.0,2240,2,69,13156.7
2317.409,271.4,1942.0,2240,2,70,13175.0
2317.532,271.4,1942.0,2240,0,69,13192.4
2317.654,271.4,1942.0,2240,0,69,13209.2
2317.775,271.4,1942.0,2240,2,69,13227.0
2317.896,271.4,1942.0,2240,2,69,13246.0
2318.016,271.4,1942.0,2240,0,69,13262.9
2318.136,271.4,1942.0,2240,0,69,13279.2
2318.26,271.4,1942.0,2240,2,69,12993.8
2318.38,463.9,1942.0,2240,9,69,13009.3
2318.498,722.9,1942.0,2240,9,69,13030.8
2318.615,362.6,1942.0,2240,13,71,13048.5
2318.733,302.9,1942.0,2240,69,75,13048.5
2318.85,302.9,1942.0,2240,100,73,13048.5
2318.969,302.9,1942.0,2240,100,74,13048.5
2319.088,302.9,1942.0,2240,100,72,13048.5
2319.206,463.9,1942.0,2240,93,71,13051.7
2319.324,722.9,1942.0,2240,93,70,13065.0
2319.442,295.9,1942.0,2240,28,73,13066.9
2319.559,295.9,1942.0,2240,100,74,13066.9
2319.677,295.9,1942.0,2240,100,73,13066.9
2319.795,295.9,1942.0,2240,100,74,13066.9
2319.914,295.9,1942.0,2240,100,71,13066.9
2320.032,456.9,1942.0,2240,61,70,13078.2
2320.15,289.0,1942.0,2240,61,72,13084.4
2320.268,289.0,1942.0,2240,57,76,13084.7
2320.398,289.0,1942.0,2240,100,72,13084.7
2320.517,289.0,1942.0,2240,100,73,13084.7
2320.635,289.0,1942.0,2240,100,72,13084.7
2320.754,320.5,1942.0,2240,100,72,13086.6
2320.872,318.9,1942.0,2240,47,70,13091.6
2320.99,282.0,1942.0,2240,47,75,13091.6
2321.111,282.0,1942.0,2240,100,74,13091.6
2321.229,282.0,1942.0,2240,100,74,13091.6
2321.348,282.0,1942.0,2240,100,73,13091.6
2321.467,282.0,1942.0,2240,100,71,13091.6
2321.585,572.5,1942.0,2240,77,70,13099.1
2321.704,275.0,1942.0,2240,39,72,13103.6
2321.821,275.0,1942.0,2240,39,75,13103.6
2321.939,275.0,1942.0,2240,100,73,13103.6
2322.057,275.0,1942.0,2240,100,74,13103.6
2322.174,275.0,1942.0,2240,100,72,13103.6
2322.293,306.5,1942.0,2240,100,71,13105.0
2322.411,695.0,1942.0,2240,60,70,13113.0
2322.529,268.1,1942.0,2240,73,74,13113.3
2322.647,268.1,1942.0,2240,73,74,13113.3
2322.764,268.1,1942.0,2240,100,75,13113.3
2322.883,268.1,1942.0,2240,100,74,13113.3
2323.0,268.1,1942.0,2240,100,71,13113.3
2323.118,558.6,1942.0,2240,89,71,13117.7
2323.236,261.1,1942.0,2240,48,71,13119.0
2323.353,261.1,1942.0,2240,48,76,13119.0
2323.471,261.1,1942.0,2240,100,74,13119.0
2323.589,261.1,1942.0,2240,100,75,13119.0
2323.706,261.1,1942.0,2240,100,71,13119.0
2323.824,422.1,1942.0,2240,100,71,13123.4
2323.942,681.1,1942.0,2240,47,70,13130.7
2324.06,254.1,1942.0,2240,48,72,13132.3
2324.178,254.1,1942.0,2240,48,75,13132.3
2324.297,254.1,1942.0,2240,100,74,13132.3
2324.415,254.1,1942.0,2240,100,74,13132.3
2324.533,254.1,1942.0,2240,100,71,13132.3
2324.651,415.1,1942.0,2240,100,70,13137.0
2324.769,544.6,1942.0,2240,36,70,13145.5
2324.887,247.1,1942.0,2240,24,71,13151.2
2325.005,247.1,1942.0,2240,24,75,13151.2
2325.122,247.1,1942.0,2240,100,74,13151.2
2325.241,247.1,1942.0,2240,100,74,13151.2
2325.359,247.1,1942.0,2240,100,72,13151.2
2325.477,247.1,1942.0,2240,100,72,13153.6
2325.595,408.1,1942.0,2240,54,70,13174.4
2325.713,537.6,1942.0,2240,12,70,13196.4
2325.83,667.1,1942.0,2240,12,70,13216.1
2325.948,240.2,1942.0,2240,22,72,13220.9
2326.065,240.2,1942.0,2240,100,75,13220.9
2326.183,240.2,1942.0,2240,100,74,13220.9
2326.302,240.2,1942.0,2240,100,74,13220.9
2326.42,240.2,1942.0,2240,100,71,13220.9
2326.538,401.2,1942.0,2240,53,70,13233.3
2326.657,401.2,1942.0,2240,53,70,13251.4
2326.775,530.7,1942.0,2240,10,70,13272.3
2326.893,660.2,1942.0,2240,10,70,13294.1
2327.01,233.2,1942.0,2240,10,71,13304.0
2327.128,233.2,1942.0,2240,64,76,13304.0
2327.246,233.2,1942.0,2240,100,73,13304.0
2327.364,233.2,1942.0,2240,100,75,13304.0
2327.482,233.2,1942.0,2240,100,72,13304.0
2327.6,264.7,1942.0,2240,89,71,13317.0
2327.718,394.2,1942.0,2240,12,70,13335.3
2327.836,523.7,1942.0,2240,12,70,13351.6
2327.955,653.2,1942.0,2240,11,70,13368.9
2328.073,226.2,1942.0,2240,56,74,13369.9
2328.19,226.2,1942.0,2240,56,74,13369.9
2328.307,226.2,1942.0,2240,100,74,13369.9
2328.425,226.2,1942.0,2240,100,73,13369.9
2328.543,226.2,1942.0,2240,100,71,13369.9
2328.661,257.7,1942.0,2240,100,70,13393.3
2328.778,387.2,1942.0,2240,10,70,13418.0
2328.896,516.7,1942.0,2240,8,70,13444.3
2329.014,516.7,1942.0,2240,8,69,13470.6
2329.132,646.2,1942.0,2240,6,69,13315.5
2329.25,219.2,1942.0,2240,26,71,13322.6
2329.367,219.2,1942.0,2240,26,76,13322.6
2329.485,219.2,1942.0,2240,100,72,13322.6
2329.603,219.2,1942.0,2240,100,74,13322.6
2329.721,219.2,1942.0,2240,100,71,13322.6
2329.84,250.8,1942.0,2240,100,71,13327.1
2329.958,380.3,1942.0,2240,50,70,13344.6
2330.076,639.3,1942.0,2240,15,70,13358.4
2330.194,212.3,1942.0,2240,15,72,13361.9
2330.312,212.3,1942.0,2240,76,74,13361.9
2330.431,212.3,1942.0,2240,100,74,13361.9
2330.549,212.3,1942.0,2240,100,74,13361.9
2330.667,212.3,1942.0,2240,100,71,13361.9
2330.785,373.3,1942.0,2240,87,70,13376.0
2330.903,502.8,1942.0,2240,16,70,13393.9
2331.021,205.3,1942.0,2240,16,71,13402.7
2331.139,205.3,1942.0,2240,54,75,13402.7
2331.257,205.3,1942.0,2240,100,73,13402.7
2331.375,205.3,1942.0,2240,100,74,13402.7
2331.492,205.3,1942.0,2240,100,72,13402.7
2331.61,205.3,1942.0,2240,100,71,13408.0
2331.73,495.8,1942.0,2240,26,70,13424.6
2331.847,625.3,1942.0,2240,26,70,13442.9
2331.965,198.3,1942.0,2240,20,72,13448.3
2332.083,198.3,1942.0,2240,100,75,13448.3
2332.202,198.3,1942.0,2240,100,73,13448.3
2332.319,198.3,1942.0,2240,100,73,13448.3
2332.437,198.3,1942.0,2240,100,71,13448.3
2332.555,229.8,1942.0,2240,100,71,13459.1
2332.673,488.8,1942.0,2240,55,70,13299.3
2332.791,618.3,1942.0,2240,14,70,13312.2
2332.91,191.4,1942.0,2240,74,73,13312.3
2333.027,191.4,1942.0,2240,74,74,13312.3
2333.145,191.4,1942.0,2240,100,74,13312.3
2333.263,191.4,1942.0,2240,100,74,13312.3
2333.381,191.4,1942.0,2240,100,71,13312.3
2333.499,352.4,1942.0,2240,89,70,13325.7
2333.616,481.9,1942.0,2240,10,70,13339.5
2333.734,481.9,1942.0,2240,9,70,13362.8
2333.852,611.4,1942.0,2240,9,69,13388.5
2333.969,184.4,1942.0,2240,9,70,13397.6
2334.087,184.4,1942.0,2240,98,76,13397.6
2334.206,184.4,1942.0,2240,98,73,13397.6
2334.323,184.4,1942.0,2240,100,74,13397.6
2334.441,184.4,1942.0,2240,100,71,13397.6
2334.559,187.9,1942.0,2240,100,71,13404.0
2334.677,345.4,1942.0,2240,63,70,13422.0
2334.795,474.9,1942.0,2240,10,70,13438.7
2334.912,604.4,1942.0,2240,10,69,13465.1
2335.03,604.4,1942.0,2240,10,69,13447.3
2335.149,177.4,1942.0,2240,38,74,13381.1
2335.268,177.4,1942.0,2240,100,74,13381.1
2335.385,177.4,1942.0,2240,100,73,13381.1
2335.505,177.4,1942.0,2240,100,72,13381.1
2335.623,177.4,1942.0,2240,100,71,13381.1
2335.741,467.9,1942.0,2240,46,70,13400.8
2335.859,170.4,1942.0,2240,46,71,13416.2
2335.977,170.4,1942.0,2240,58,75,13416.2
2336.095,170.4,1942.0,2240,100,73,13416.2
2336.213,170.4,1942.0,2240,100,74,13416.2
2336.331,170.4,1942.0,2240,100,73,13416.2
2336.449,170.4,1942.0,2240,100,72,13420.4
2336.567,331.4,1942.0,2240,100,70,13443.3
2336.686,590.4,1942.0,2240,22,70,13470.4
2336.804,163.5,1942.0,2240,14,71,13482.0
2336.922,163.5,1942.0,2240,97,75,13482.0
2337.04,163.5,1942.0,2240,97,72,13482.0
2337.158,163.5,1942.0,2240,100,74,13482.0
2337.276,163.5,1942.0,2240,100,71,13482.0
2337.394,163.5,1942.0,2240,100,71,13488.8
2337.511,324.5,1942.0,2240,65,70,13468.7
2337.63,454.0,1942.0,2240,12,70,13499.1
2337.748,583.5,1942.0,2240,12,69,13530.6
2337.866,156.5,1942.0,2240,9,71,13543.8
2337.986,156.5,1942.0,2240,68,76,13529.5
2338.105,156.5,1942.0,2240,100,73,13510.5
2338.223,156.5,1942.0,2240,100,75,13491.2
2338.342,156.5,1942.0,2240,100,71,13472.1
2338.461,188.0,1942.0,2240,89,71,13466.0
2338.579,317.5,1942.0,2240,89,70,13482.0
2338.698,447.0,1942.0,2240,9,70,13507.9
2338.817,576.5,1942.0,2240,10,69,13539.1
2338.936,149.5,1942.0,2240,33,71,13547.8
2339.056,149.5,1942.0,2240,33,75,13537.6
2339.179,149.5,1942.0,2240,100,73,13527.6
2339.3,149.5,1942.0,2240,100,74,13517.5
2339.421,149.5,1942.0,2240,100,71,13507.4
2339.541,181.0,1942.0,2240,100,70,13516.2
2339.66,310.5,1942.0,2240,40,70,13551.0
2339.78,440.0,1942.0,2240,10,70,13587.2
2339.899,569.5,1942.0,2240,10,70,13622.1
2340.018,142.5,1942.0,2240,9,71,13634.4
2340.137,142.5,1942.0,2240,81,76,13624.5
2340.256,142.5,1942.0,2240,81,73,13614.6
2340.377,142.5,1942.0,2240,100,75,13604.5
2340.497,142.5,1942.0,2240,100,71,13594.4
2340.617,174.1,1942.0,2240,77,71,13604.5
2340.737,303.6,1942.0,2240,77,70,13634.3
2340.856,433.1,1942.0,2240,8,70,13635.2
2341.106,562.6,1942.0,2240,2,70,13600.3
2341.447,562.6,1942.0,2240,1,69,13561.1
2341.829,135.6,1942.0,2240,28,74,13553.2
2341.975,135.6,1942.0,2240,100,73,13543.7
2342.094,135.6,1942.0,2240,100,73,13533.7
2342.214,135.6,1942.0,2240,100,74,13523.8
2342.334,135.6,1942.0,2240,100,71,13513.8
2342.454,296.6,1942.0,2240,2,70,13508.7
2342.732,296.6,1942.0,2240,2,70,13447.4
2343.083,296.6,1942.0,2240,2,70,13404.6
2343.446,426.1,1942.0,2240,2,70,13364.1
2343.829,555.6,1942.0,2240,2,69,13321.8
2344.233,555.6,1942.0,2240,2,70,13279.6
2344.632,128.6,1942.0,2240,34,76,13260.8
2344.892,128.6,1942.0,2240,100,73,13250.5
2345.016,128.6,1942.0,2240,100,74,13240.7
2345.136,128.6,1942.0,2240,100,71,13230.9
2345.255,289.6,1942.0,2240,36,70,13221.7
2345.526,289.6,1942.0,2240,1,70,13179.9
2345.912,289.6,1942.0,2240,2,70,13133.0
2346.345,419.1,1942.0,2240,2,70,13087.5
2346.763,419.1,1942.0,2240,2,70,13054.6
2347.076,419.1,1942.0,2240,2,70,13041.8
2347.207,419.1,1942.0,2240,2,69,13025.9
2347.338,419.1,1942.0,2240,2,70,13002.2
2347.641,548.6,1942.0,2240,3,69,12977.8
2347.894,548.6,1942.0,2240,3,69,12959.3
2348.094,548.6,1942.0,2240,3,69,12944.3
2348.222,548.6,1942.0,2240,2,69,12938.6
2348.352,548.6,1942.0,2240,3,69,12909.1
2348.642,548.6,1942.0,2240,5,69,12875.0
2349.018,121.6,1942.0,2240,80,73,12871.8
2349.22,121.6,1942.0,2240,100,75,12870.6
2349.362,121.6,1942.0,2240,100,71,12864.8
2349.51,153.1,1942.0,2240,89,71,12865.0
2349.642,282.6,1942.0,2240,2,70,12781.0
2350.123,282.6,1942.0,2240,1,70,12721.9
2350.55,282.6,1942.0,2240,1,70,12677.8
2350.969,412.1,1942.0,2240,1,70,12629.6
2351.426,412.1,1942.0,2240,2,70,12607.5
2351.788,541.6,1942.0,2240,2,70,12553.1
2352.207,541.6,1942.0,2240,3,70,12466.3
2352.334,93.6,1942.0,2240,25,71,12021.4
2352.454,93.6,1942.0,2240,25,76,11734.0
2352.574,93.6,1942.0,2240,100,73,11734.0
2352.691,93.6,1942.0,2240,100,74,11734.0
2352.809,93.6,1942.0,2240,100,71,11734.0
2352.927,82.8,1942.0,2240,100,71,11730.6
2353.045,53.1,1942.0,2240,44,70,11748.7
2353.164,79.1,1942.0,2240,53,72,11749.4
2353.281,79.3,1942.0,2240,53,72,11750.4
2353.399,79.5,1942.0,2240,87,71,11752.3
2353.517,79.7,1942.0,2240,76,71,11753.1
2353.634,499.8,1942.0,2240,76,71,11753.8
2353.752,500.0,1942.0,2240,83,71,11754.8
2353.87,111.7,1942.0,2240,88,72,11757.7
2353.989,241.2,1942.0,2240,14,70,11780.1
2354.107,80.4,1942.0,2240,14,72,11784.9
2354.225,370.9,1942.0,2240,61,70,11802.9
2354.344,500.4,1942.0,2240,15,70,11825.2
2354.462,241.6,1942.0,2240,15,72,11833.0
2354.58,500.6,1942.0,2240,52,70,11851.1
2354.697,80.8,1942.0,2240,30,73,11859.7
2354.815,241.9,1942.0,2240,33,70,11876.2
2354.932,371.4,1942.0,2240,33,70,11892.3
2355.05,500.9,1942.0,2240,9,70,11918.0
2355.167,500.9,1942.0,2240,10,70,11942.0
2355.285,81.1,1942.0,2240,10,72,11948.7
2355.403,242.1,1942.0,2240,45,70,11965.6
2355.52,371.6,1942.0,2240,10,70,11983.1
2355.639,501.1,1942.0,2240,10,69,12010.0
2355.757,501.1,1942.0,2240,9,69,12031.4
2355.875,112.8,1942.0,2240,41,71,12041.7
2355.992,242.3,1942.0,2240,12,70,12060.0
2356.11,501.3,1942.0,2240,12,69,12078.3
2356.229,81.5,1942.0,2240,23,71,12084.7
2356.347,372.0,1942.0,2240,44,70,12100.5
2356.465,501.5,1942.0,2240,44,69,12119.7
2356.583,81.7,1942.0,2240,12,72,12127.8
2356.701,242.7,1942.0,2240,48,70,12145.7
2356.819,501.7,1942.0,2240,15,69,12164.1
2356.937,81.9,1942.0,2240,15,72,12170.3
2357.055,243.0,1942.0,2240,47,70,12184.2
2357.173,502.0,1942.0,2240,15,69,12200.0
2357.29,82.2,1942.0,2240,15,70,12210.4
2357.408,113.7,1942.0,2240,46,70,12230.9
2357.526,243.2,1942.0,2240,6,69,12254.4
2357.644,372.7,1942.0,2240,6,69,12280.7
2357.762,372.7,1942.0,2240,8,69,12305.6
2357.879,502.2,1942.0,2240,7,69,12330.1
2357.997,82.4,1942.0,2240,26,71,12341.1
2358.115,243.4,1942.0,2240,26,69,12359.8
2358.234,372.9,1942.0,2240,27,69,12379.4
2358.351,502.4,1942.0,2240,11,69,12394.6
2358.469,82.6,1942.0,2240,11,71,12408.3
2358.586,243.6,1942.0,2240,38,70,12420.2
2358.704,243.6,1942.0,2240,17,69,12436.7
2358.822,373.1,1942.0,2240,17,69,12456.0
2358.939,502.6,1942.0,2240,10,69,12474.7
2359.056,82.8,1942.0,2240,14,72,12483.1
2359.174,243.8,1942.0,2240,40,69,12502.7
2359.291,373.3,1942.0,2240,40,69,12523.2
2359.411,502.8,1942.0,2240,13,69,12535.3
2359.529,244.0,1942.0,2240,46,70,12530.0
2359.648,503.0,1942.0,2240,46,69,12531.8
2359.767,83.3,1942.0,2240,20,72,12527.4
2359.886,503.3,1942.0,2240,52,69,12525.9
2360.005,83.5,1942.0,2240,53,72,12520.4
2360.126,503.5,1942.0,2240,53,69,12515.3
2360.245,374.2,1942.0,2240,53,70,12509.9
2360.364,83.9,1942.0,2240,42,71,12506.4
2360.483,374.4,1942.0,2240,42,70,12504.2
2360.602,84.1,1942.0,2240,46,72,12493.6
2360.721,504.1,1942.0,2240,57,69,12431.2
2360.84,245.4,1942.0,2240,58,70,12338.5
2360.958,510.8,1942.0,2240,58,70,12347.3
2361.075,245.6,1942.0,2240,53,70,12354.8
2361.193,510.4,1942.0,2240,28,70,12365.3
2361.311,245.8,1942.0,2240,28,70,12374.4
2361.429,375.3,1942.0,2240,50,69,12409.4
2361.547,504.8,1942.0,2240,12,69,12439.2
2361.666,54.4,1942.0,2240,12,70,12487.3
2361.786,54.4,1942.0,2240,43,69,12588.7
2361.913,54.4,1942.0,2240,2,69,12672.7
2362.039,54.4,1942.0,2240,0,69,12754.7
2362.166,54.4,1942.0,2240,2,69,12835.8
2362.292,54.4,1942.0,2240,2,69,12913.6
2362.42,54.4,1942.0,2240,2,69,12997.5
2362.546,54.4,1942.0,2240,0,69,13093.3
2362.72,54.4,1942.0,2240,2,69,13061.2
2362.849,54.4,1942.0,2240,2,69,13000.4
2362.989,54.4,1942.0,2240,2,69,13078.1
2363.121,54.4,1942.0,2240,0,69,13153.5
2363.249,54.4,1942.0,2240,2,69,13228.1
2363.378,54.4,1942.0,2240,2,69,13297.8
2363.506,54.4,1942.0,2240,0,69,13323.0
2363.762,54.4,1942.0,2240,2,69,13339.5
2364.034,54.4,1942.0,2240,0,69,13347.5
2364.276,54.4,1942.0,2240,2,69,13356.7
2364.565,54.4,1942.0,2240,2,69,13361.4
2364.805,54.4,1942.0,2240,2,69,13364.7
2365.052,54.4,1942.0,2240,2,69,13366.4
2365.347,54.4,1942.0,2240,0,69,13367.5
2365.655,54.4,1942.0,2240,2,69,13374.0
2365.866,54.4,1942.0,2240,2,69,13374.0
2366.063,54.4,1942.0,2240,0,69,13376.8
2366.287,54.4,1942.0,2240,2,69,13325.8
2366.413,54.4,1942.0,2240,2,69,12927.0
2366.535,54.4,1942.0,2240,0,69,12612.5
2366.655,54.4,1942.0,2240,0,69,12671.6
2366.774,54.4,1942.0,2240,2,69,12724.3
2366.894,54.4,1942.0,2240,2,69,12777.0
2367.013,54.4,1942.0,2240,2,69,12858.7
2367.131,239.3,1942.0,2240,0,69,12788.2
2367.249,239.3,1942.0,2240,7,69,12814.2
2367.368,239.3,1942.0,2240,6,69,12841.2
2367.487,368.8,1942.0,2240,6,69,12868.6
2367.604,368.8,1942.0,2240,5,69,12895.0
2367.723,498.3,1942.0,2240,7,69,12922.8
2367.841,498.3,1942.0,2240,7,69,12950.7
2367.959,240.1,1942.0,2240,6,72,12958.8
2368.077,369.6,1942.0,2240,47,69,12982.5
2368.195,369.6,1942.0,2240,8,69,13005.4
2368.312,499.1,1942.0,2240,8,69,13028.2
2368.431,499.1,1942.0,2240,8,69,13052.7
2368.549,240.4,1942.0,2240,45,70,13056.5
2368.667,79.6,1942.0,2240,45,70,13063.1
2368.784,240.6,1942.0,2240,52,70,13074.6
2368.902,499.6,1942.0,2240,29,69,13093.2
2369.02,79.8,1942.0,2240,29,72,13101.3
2369.138,370.3,1942.0,2240,46,69,13118.0
2369.256,499.8,1942.0,2240,18,69,13125.3
2369.375,241.0,1942.0,2240,53,70,13096.4
2369.493,500.0,1942.0,2240,53,69,13110.0
2369.611,80.2,1942.0,2240,21,71,13118.8
2369.729,241.2,1942.0,2240,41,69,13141.7
2369.847,80.5,1942.0,2240,41,69,13117.5
2369.966,241.5,1942.0,2240,46,70,13134.0
2370.083,371.0,1942.0,2240,26,69,13156.4
2370.201,500.5,1942.0,2240,13,69,13178.0
2370.319,241.7,1942.0,2240,13,70,13185.6
2370.437,500.7,1942.0,2240,53,69,13205.3
2370.554,80.9,1942.0,2240,49,71,13206.4
2370.674,241.9,1942.0,2240,49,69,13130.3
2370.792,371.4,1942.0,2240,11,69,13141.3
2370.911,500.9,1942.0,2240,11,69,13164.8
2371.031,81.1,1942.0,2240,11,72,13168.4
2371.151,242.1,1942.0,2240,44,69,13179.1
2371.27,371.6,1942.0,2240,13,69,13199.3
2371.39,501.1,1942.0,2240,9,69,13223.5
2371.509,81.3,1942.0,2240,9,71,13227.3
2371.629,242.3,1942.0,2240,44,69,13244.9
2371.748,501.3,1942.0,2240,15,69,13258.2
2371.867,242.6,1942.0,2240,15,70,13259.5
2371.987,372.1,1942.0,2240,52,69,13274.1
2372.107,81.8,1942.0,2240,17,70,13281.6
2372.227,242.8,1942.0,2240,48,69,13290.9
2372.347,501.8,1942.0,2240,48,69,13307.4
2372.467,82.0,1942.0,2240,17,71,13305.7
2372.588,372.5,1942.0,2240,47,69,13315.7
2372.708,502.0,1942.0,2240,47,69,13326.0
2372.828,89.2,1942.0,2240,18,70,13334.3
2372.948,243.2,1942.0,2240,43,69,13358.8
2373.068,372.7,1942.0,2240,8,68,13385.0
2373.187,502.2,1942.0,2240,8,68,13410.5
2373.307,82.4,1942.0,2240,8,69,13425.1
2373.428,243.4,1942.0,2240,45,69,13432.6
2373.566,372.9,1942.0,2240,10,68,13415.3
2373.839,502.4,1942.0,2240,10,68,13393.8
2374.118,114.2,1942.0,2240,27,69,13380.6
2374.304,243.7,1942.0,2240,6,68,13349.4
2374.584,373.2,1942.0,2240,4,68,13321.1
2374.893,502.7,1942.0,2240,7,71,13298.5
2375.175,243.9,1942.0,2240,9,69,13271.1
2375.474,373.4,1942.0,2240,5,68,13241.6
2375.775,83.1,1942.0,2240,41,69,13221.7
2376.02,373.6,1942.0,2240,13,69,13210.2
2376.189,83.3,1942.0,2240,49,71,13197.3
2376.367,373.8,1942.0,2240,16,69,13159.5
2376.642,83.5,1942.0,2240,9,71,13152.7
2376.779,503.5,1942.0,2240,48,72,13119.3
2377.032,503.8,1942.0,2240,20,69,13108.6
2377.195,91.0,1942.0,2240,20,71,13098.7
2377.335,504.0,1942.0,2240,49,69,13091.6
2377.488,245.2,1942.0,2240,27,70,13083.5
2377.622,84.4,1942.0,2240,50,70,13076.5
2377.753,374.9,1942.0,2240,53,69,13066.1
2377.935,84.6,1942.0,2240,46,71,13056.6
2378.072,504.6,1942.0,2240,29,69,13046.6
2378.252,245.9,1942.0,2240,45,69,13036.6
2378.415,375.4,1942.0,2240,2,68,13011.6
2378.702,54.4,1942.0,2240,45,69,13000.4
2378.966,54.4,1942.0,2240,0,68,12995.1
2379.258,54.4,1942.0,2240,2,68,12994.3
2379.595,54.4,1942.0,2240,0,69,13024.1
2379.775,54.4,1942.0,2240,2,68,13024.7
2380.057,54.4,1942.0,2240,0,69,13028.0
2380.308,54.4,1942.0,2240,2,69,13030.0
2380.56,54.4,1942.0,2240,0,68,13027.8
2380.792,54.4,1942.0,2240,2,69,13028.5
2381.085,54.4,1942.0,2240,3,69,13026.4
2381.427,54.4,1942.0,2240,0,69,13027.3
2381.727,54.4,1942.0,2240,2,69,12994.9
2381.933,54.4,1942.0,2240,2,69,12712.2
2382.055,54.4,1942.0,2240,2,69,12699.3
2382.183,54.4,1942.0,2240,0,69,12740.7
2382.309,54.4,1942.0,2240,2,69,12775.4
2382.433,54.4,1942.0,2240,2,69,12818.7
2382.561,54.4,1942.0,2240,2,69,12677.4
2382.689,54.4,1942.0,2240,0,69,12419.8
2382.816,54.4,1942.0,2240,2,69,12504.1
2382.944,54.4,1942.0,2240,2,69,12606.8
2383.069,54.4,1942.0,2240,2,69,12719.7
2383.194,54.4,1942.0,2240,0,69,12815.1
2383.32,54.4,1942.0,2240,2,69,12889.3
2383.44,54.4,1942.0,2240,2,69,12959.2
2383.56,54.4,1942.0,2240,2,69,13008.7
2383.68,54.4,1942.0,2240,0,69,13060.8
2383.799,54.4,1942.0,2240,2,69,13114.8
2383.919,54.4,1942.0,2240,2,69,13164.6
2384.039,54.4,1942.0,2240,2,69,13204.5
2384.159,54.4,1942.0,2240,0,69,13167.2
2384.28,109.8,1942.0,2240,4,69,13208.2
2384.398,239.3,1942.0,2240,4,69,13251.0
2384.515,239.3,1942.0,2240,8,68,13277.2
2384.633,368.8,1942.0,2240,5,69,13304.7
2384.751,498.3,1942.0,2240,5,69,13334.9
2384.868,498.3,1942.0,2240,7,68,13364.5
2384.986,498.3,1942.0,2240,6,68,13394.9
2385.105,240.3,1942.0,2240,46,70,13377.0
2385.223,240.3,1942.0,2240,46,69,13295.3
2385.342,369.8,1942.0,2240,10,69,13130.3
2385.46,499.3,1942.0,2240,8,68,13098.9
2385.581,499.3,1942.0,2240,8,68,13080.0
2385.7,499.3,1942.0,2240,2,68,13054.2
2385.837,499.3,1942.0,2240,3,68,13064.8
2385.958,499.3,1942.0,2240,2,68,13071.9
2386.077,499.3,1942.0,2240,2,68,13077.0
2386.196,499.3,1942.0,2240,2,68,13017.5
2386.316,499.3,1942.0,2240,2,68,12780.4
2386.434,79.5,1942.0,2240,2,70,12782.1
2386.552,83.0,1942.0,2240,42,69,12784.4
2386.67,111.0,1942.0,2240,3,68,12788.9
2386.789,111.0,1942.0,2240,1,68,12793.2
2386.909,240.5,1942.0,2240,1,68,12798.3
2387.027,240.5,1942.0,2240,3,68,12802.3
2387.144,240.5,1942.0,2240,2,68,12806.8
2387.262,240.5,1942.0,2240,2,68,12768.6
2387.381,240.5,1942.0,2240,2,68,12773.2
2387.5,240.5,1942.0,2240,3,68,12776.7
2387.618,240.5,1942.0,2240,2,68,12782.3
2387.736,240.5,1942.0,2240,2,68,12766.5
2387.854,240.5,1942.0,2240,2,68,12770.3
2387.974,240.5,1942.0,2240,3,68,12774.9
2388.092,370.0,1942.0,2240,3,68,12780.6
2388.211,370.0,1942.0,2240,1,68,12785.3
2388.328,370.0,1942.0,2240,4,68,12791.4
2388.448,370.0,1942.0,2240,2,68,12796.0
2388.568,370.0,1942.0,2240,2,68,12800.7
2388.686,370.0,1942.0,2240,3,68,12785.1
2388.805,370.0,1942.0,2240,1,67,12792.1
2388.924,370.0,1942.0,2240,1,67,12796.9
2389.042,370.0,1942.0,2240,2,67,12802.3
2389.16,370.0,1942.0,2240,3,67,12765.5
2389.278,370.0,1942.0,2240,3,67,12768.1
2389.397,499.5,1942.0,2240,1,67,12772.7
2389.514,499.5,1942.0,2240,3,67,12778.6
2389.635,499.5,1942.0,2240,3,67,12784.0
2389.754,499.5,1942.0,2240,3,67,12789.4
2389.872,499.5,1942.0,2240,1,67,12797.4
2389.992,499.5,1942.0,2240,3,67,12804.5
2390.11,499.5,1942.0,2240,3,67,12809.4
2390.23,499.5,1942.0,2240,2,67,12814.4
2390.349,499.5,1942.0,2240,1,67,12820.7
2390.469,499.5,1942.0,2240,3,67,12827.9
2390.589,499.5,1942.0,2240,3,67,12834.0
2390.707,499.5,1942.0,2240,3,67,12838.9
2390.826,79.7,1942.0,2240,26,70,12840.8
2390.944,111.2,1942.0,2240,26,67,12843.0
2391.064,240.7,1942.0,2240,19,67,12844.8
2391.182,240.7,1942.0,2240,4,67,12847.2
2391.301,240.7,1942.0,2240,3,67,12850.1
2391.418,240.7,1942.0,2240,3,67,12852.1
2391.536,370.2,1942.0,2240,5,67,12853.7
2391.655,370.2,1942.0,2240,3,67,12857.4
2391.773,370.2,1942.0,2240,3,67,12860.0
2391.892,370.2,1942.0,2240,2,67,12862.3
2392.015,499.7,1942.0,2240,5,67,12849.6
2392.133,499.7,1942.0,2240,3,67,12855.0
2392.252,499.7,1942.0,2240,3,67,12861.2
2392.372,499.7,1942.0,2240,1,67,12866.4
2392.491,499.7,1942.0,2240,3,67,12870.9
2392.609,499.7,1942.0,2240,3,67,12873.0
2392.729,499.7,1942.0,2240,3,67,12874.2
2392.849,499.7,1942.0,2240,1,67,12876.5
2392.967,499.7,1942.0,2240,4,66,12880.3
2393.085,499.7,1942.0,2240,4,67,12882.7
2393.204,79.9,1942.0,2240,16,69,12887.8
2393.321,79.9,1942.0,2240,28,67,12892.7
2393.441,111.4,1942.0,2240,28,67,12899.0
2393.559,111.4,1942.0,2240,3,66,12903.7
2393.676,240.9,1942.0,2240,3,66,12909.5
2393.798,240.9,1942.0,2240,1,66,12916.8
2393.924,240.9,1942.0,2240,1,66,12923.3
2394.042,240.9,1942.0,2240,3,66,12929.4
2394.163,240.9,1942.0,2240,3,66,12907.1
2394.282,240.9,1942.0,2240,3,66,12912.4
2394.4,240.9,1942.0,2240,2,66,12919.0
2394.52,240.9,1942.0,2240,2,66,12891.7
2394.638,240.9,1942.0,2240,3,65,12897.5
2394.76,240.9,1942.0,2240,3,65,12903.2
2394.879,370.4,1942.0,2240,2,65,12911.5
2394.998,370.4,1942.0,2240,2,65,12917.3
2395.116,370.4,1942.0,2240,2,65,12924.8
2395.234,370.4,1942.0,2240,3,65,12921.6
2395.352,370.4,1942.0,2240,1,65,12928.2
2395.47,370.4,1942.0,2240,1,65,12934.1
2395.589,370.4,1942.0,2240,3,65,12941.1
2395.707,370.4,1942.0,2240,3,65,12946.8
2395.826,370.4,1942.0,2240,3,65,12953.6
2395.944,499.9,1942.0,2240,3,65,12960.0
2396.062,499.9,1942.0,2240,1,65,12965.6
2396.181,499.9,1942.0,2240,3,65,12972.3
2396.3,499.9,1942.0,2240,3,65,12980.0
2396.419,499.9,1942.0,2240,3,65,12986.5
2396.537,499.9,1942.0,2240,1,65,12992.1
2396.658,499.9,1942.0,2240,3,65,12998.9
2396.777,499.9,1942.0,2240,3,65,13004.0
2396.896,499.9,1942.0,2240,3,65,13011.1
2397.015,499.9,1942.0,2240,1,65,13017.3
2397.133,499.9,1942.0,2240,1,65,13021.6
2397.251,80.1,1942.0,2240,18,66,13023.8
2397.369,80.1,1942.0,2240,36,65,13028.7
2397.487,87.1,1942.0,2240,2,65,13035.5
2397.606,111.6,1942.0,2240,2,65,13041.1
2397.726,241.1,1942.0,2240,3,65,13046.4
2397.844,241.1,1942.0,2240,2,65,13050.5
2397.963,241.1,1942.0,2240,2,65,13055.8
2398.082,241.1,1942.0,2240,2,65,13062.6
2398.201,241.1,1942.0,2240,3,65,13068.7
2398.321,241.1,1942.0,2240,3,65,13073.7
2398.439,241.1,1942.0,2240,3,64,13080.5
2398.56,241.1,1942.0,2240,1,64,13085.1
2398.678,241.1,1942.0,2240,3,64,13091.8
2398.797,241.1,1942.0,2240,3,64,13098.0
2398.918,241.1,1942.0,2240,3,64,13104.8
2399.038,370.6,1942.0,2240,1,64,13111.5
2399.157,370.6,1942.0,2240,3,64,13117.8
2399.275,370.6,1942.0,2240,3,64,13123.3
2399.394,370.6,1942.0,2240,3,64,13130.6
2399.514,370.6,1942.0,2240,1,64,13134.7
2399.633,370.6,1942.0,2240,1,64,13141.0
2399.756,370.6,1942.0,2240,3,64,13147.6
2399.875,370.6,1942.0,2240,3,64,13152.2
2399.998,370.6,1942.0,2240,1,64,13157.7
2400.118,500.1,1942.0,2240,1,64,13184.4
2400.236,500.1,1942.0,2240,7,64,13231.7
2400.354,80.4,1942.0,2240,55,65,13241.1
2400.471,241.4,1942.0,2240,55,64,13273.0
2400.59,500.4,1942.0,2240,13,64,13312.5
2400.709,80.6,1942.0,2240,15,66,13319.9
2400.829,241.6,1942.0,2240,53,65,13345.8
2400.949,371.1,1942.0,2240,53,65,13335.4
2401.068,371.1,1942.0,2240,2,65,13334.6
2401.187,500.6,1942.0,2240,10,65,13359.7
2401.304,80.8,1942.0,2240,10,67,13370.1
2401.422,371.3,1942.0,2240,51,65,13388.0
2401.54,500.8,1942.0,2240,15,65,13408.2
2401.658,81.0,1942.0,2240,15,68,13416.9
2401.776,242.0,1942.0,2240,50,65,13436.0
2401.894,371.5,1942.0,2240,10,65,13454.8
2402.013,501.0,1942.0,2240,8,65,13482.4
2402.131,501.0,1942.0,2240,8,65,13508.8
2402.249,112.7,1942.0,2240,27,67,13513.5
2402.367,242.2,1942.0,2240,30,65,13530.0
2402.486,371.7,1942.0,2240,30,65,13548.8
2402.605,501.2,1942.0,2240,10,65,13574.8
2402.724,81.4,1942.0,2240,19,68,13579.7
2402.844,242.5,1942.0,2240,38,66,13595.9
2402.963,372.0,1942.0,2240,38,65,13612.7
2403.082,81.7,1942.0,2240,16,69,13610.9
2403.202,372.2,1942.0,2240,51,65,13622.4
2403.322,501.7,1942.0,2240,51,65,13639.0
2403.441,85.4,1942.0,2240,15,67,13638.4
2403.56,372.4,1942.0,2240,48,65,13654.1
2403.681,501.9,1942.0,2240,16,65,13668.9
2403.8,243.1,1942.0,2240,16,67,13666.6
2403.92,372.6,1942.0,2240,50,65,13679.7
2404.039,502.1,1942.0,2240,15,65,13690.8
2404.158,113.8,1942.0,2240,15,66,13698.9
2404.286,243.3,1942.0,2240,6,65,13675.7
2404.598,372.8,1942.0,2240,5,65,13641.0
2404.924,372.8,1942.0,2240,2,65,13605.5
2405.276,502.3,1942.0,2240,4,65,13572.9
2405.605,82.5,1942.0,2240,44,66,13558.7
2405.799,243.6,1942.0,2240,7,65,13532.3
2406.073,373.1,1942.0,2240,4,65,13503.7
2406.368,502.6,1942.0,2240,2,65,13478.2
2406.646,82.8,1942.0,2240,44,66,13466.1
2406.817,243.8,1942.0,2240,8,65,13449.4
2407.076,373.3,1942.0,2240,4,66,13434.5
2407.302,502.8,1942.0,2240,7,65,13421.8
2407.527,83.0,1942.0,2240,42,66,13410.3
2407.716,244.0,1942.0,2240,5,66,13389.3
2407.986,373.5,1942.0,2240,6,66,13361.8
2408.288,83.2,1942.0,2240,46,67,13341.9
2408.535,373.7,1942.0,2240,11,66,13329.9
2408.712,503.2,1942.0,2240,12,68,13312.8
2408.935,373.9,1942.0,2240,48,66,13298.0
2409.138,83.6,1942.0,2240,50,69,13286.3
2409.322,374.2,1942.0,2240,50,66,13276.9
2409.472,83.9,1942.0,2240,19,68,13268.9
2409.601,374.4,1942.0,2240,55,66,13256.6
2409.797,84.1,1942.0,2240,12,68,13248.1
2409.931,374.6,1942.0,2240,52,66,13237.8
2410.1,84.3,1942.0,2240,13,69,13229.0
2410.26,374.8,1942.0,2240,53,66,13219.2
2410.422,116.0,1942.0,2240,40,67,13211.7
2410.563,375.0,1942.0,2240,8,66,13186.4
2410.848,116.3,1942.0,2240,50,67,13175.4
2411.005,504.8,1942.0,2240,16,66,13156.9
2411.235,116.5,1942.0,2240,38,67,13148.4
2411.385,375.5,1942.0,2240,1,66,13123.7
2411.659,54.5,1942.0,2240,46,66,13094.4
2411.988,54.5,1942.0,2240,2,66,13060.3
2412.357,54.5,1942.0,2240,0,66,13058.4
2412.678,54.5,1942.0,2240,2,66,13058.1
2413.003,54.5,1942.0,2240,0,66,13065.6
2413.313,54.5,1942.0,2240,2,66,12867.0
2413.441,54.5,1942.0,2240,2,66,12822.3
2413.577,54.5,1942.0,2240,0,66,12901.1
2413.705,54.5,1942.0,2240,2,66,12978.9
2413.833,54.5,1942.0,2240,2,66,13066.8
2413.96,54.5,1942.0,2240,2,66,13148.1
2414.087,54.5,1942.0,2240,0,66,13226.7
2414.217,54.5,1942.0,2240,2,66,13309.0
2414.35,54.5,1942.0,2240,2,66,13336.0
2414.616,54.5,1942.0,2240,2,66,13353.7
2414.885,54.5,1942.0,2240,0,66,13361.5
2415.192,54.5,1942.0,2240,2,66,13374.3
2415.517,54.5,1942.0,2240,0,66,13383.0
2415.796,54.5,1942.0,2240,2,67,13413.0
2416.089,54.5,1942.0,2240,4,67,13429.7
2416.399,54.5,1942.0,2240,2,67,13335.8
2416.538,54.5,1942.0,2240,2,67,13266.7
2416.663,54.5,1942.0,2240,0,67,13247.4
2416.795,54.5,1942.0,2240,2,67,13044.2
2416.922,54.5,1942.0,2240,2,67,13075.5
2417.04,54.5,1942.0,2240,2,67,13106.0
2417.157,54.5,1942.0,2240,0,67,13136.3
2417.275,54.5,1942.0,2240,2,67,13166.4
2417.392,54.5,1942.0,2240,2,67,13224.7
2417.512,78.4,1942.0,2240,2,67,13164.2
2417.63,239.4,1942.0,2240,3,67,13219.6
2417.747,368.9,1942.0,2240,10,67,13179.8
2417.869,368.9,1942.0,2240,10,67,13177.0
2417.987,368.9,1942.0,2240,4,67,13151.1
2418.107,498.4,1942.0,2240,5,67,12838.2
2418.226,79.4,1942.0,2240,35,70,12657.3
2418.343,240.4,1942.0,2240,35,67,12423.6
2418.461,369.9,1942.0,2240,23,67,12292.5
2418.579,369.9,1942.0,2240,9,67,12277.3
2418.696,499.4,1942.0,2240,9,67,12260.9
2418.816,240.6,1942.0,2240,16,69,12266.5
2418.935,499.6,1942.0,2240,53,67,12280.1
2419.053,79.8,1942.0,2240,53,70,12286.9
2419.17,240.8,1942.0,2240,49,67,12307.2
2419.289,499.8,1942.0,2240,16,67,12329.2
2419.406,80.0,1942.0,2240,44,70,12274.7
2419.524,370.5,1942.0,2240,44,67,12294.4
2419.642,80.2,1942.0,2240,27,69,12305.0
2419.759,241.3,1942.0,2240,54,67,12320.5
2419.877,500.3,1942.0,2240,54,67,12337.5
2419.995,112.0,1942.0,2240,35,68,12366.5
2420.113,241.5,1942.0,2240,30,67,12344.6
2420.231,371.0,1942.0,2240,10,67,12324.0
2420.349,500.5,1942.0,2240,10,67,12364.0
2420.467,112.2,1942.0,2240,35,69,12398.7
2420.587,241.7,1942.0,2240,26,67,12456.1
2420.706,371.2,1942.0,2240,26,67,12509.3
2420.829,500.7,1942.0,2240,9,67,12555.8
2420.95,500.7,1942.0,2240,9,66,12594.8
2421.071,241.9,1942.0,2240,48,68,12594.9
2421.189,371.4,1942.0,2240,48,67,12610.7
2421.308,500.9,1942.0,2240,16,67,12634.0
2421.428,112.6,1942.0,2240,47,68,12646.0
2421.547,371.6,1942.0,2240,47,67,12670.6
2421.667,501.1,1942.0,2240,11,67,12696.0
2421.785,512.7,1942.0,2240,11,68,12712.3
2421.905,242.3,1942.0,2240,49,67,12718.9
2422.025,371.8,1942.0,2240,49,67,12742.3
2422.143,501.3,1942.0,2240,10,67,12764.9
2422.261,503.8,1942.0,2240,11,67,12785.1
2422.379,242.6,1942.0,2240,11,68,12798.0
2422.497,372.1,1942.0,2240,49,67,12821.2
2422.617,501.6,1942.0,2240,13,67,12840.4
2422.736,113.3,1942.0,2240,51,68,12854.4
2422.856,372.3,1942.0,2240,51,67,12887.3
2422.975,501.8,1942.0,2240,15,67,12907.8
2423.094,82.0,1942.0,2240,28,69,12916.7
2423.213,243.0,1942.0,2240,28,67,12942.8
2423.333,372.5,1942.0,2240,31,67,12967.1
2423.452,82.2,1942.0,2240,15,67,12984.8
2423.571,243.2,1942.0,2240,50,67,12992.8
2423.69,372.7,1942.0,2240,50,67,13015.5
2423.808,82.4,1942.0,2240,17,69,13024.4
2423.926,243.4,1942.0,2240,48,67,13040.0
2424.045,372.9,1942.0,2240,48,67,13055.7
2424.164,82.7,1942.0,2240,13,67,13069.3
2424.282,114.2,1942.0,2240,49,67,13082.5
2424.402,243.7,1942.0,2240,49,67,13079.3
2424.521,243.7,1942.0,2240,6,67,13065.4
2424.641,243.7,1942.0,2240,2,66,13073.9
2424.761,373.2,1942.0,2240,5,66,13073.8
2424.88,373.2,1942.0,2240,5,66,13064.8
2425.0,502.7,1942.0,2240,5,66,13076.7
2425.119,502.7,1942.0,2240,6,66,13074.2
2425.239,82.9,1942.0,2240,6,68,13066.9
2425.358,243.9,1942.0,2240,26,67,13062.8
2425.478,243.9,1942.0,2240,25,67,13060.9
2425.599,373.4,1942.0,2240,5,66,13051.0
2425.719,373.4,1942.0,2240,5,66,13045.1
2425.839,373.4,1942.0,2240,5,66,13042.8
2425.959,373.4,1942.0,2240,4,66,13038.7
2426.077,502.9,1942.0,2240,4,66,13034.3
2426.197,502.9,1942.0,2240,5,66,13023.8
2426.317,502.9,1942.0,2240,4,66,13020.6
2426.437,83.1,1942.0,2240,43,68,13011.1
2426.557,86.6,1942.0,2240,43,67,13003.2
2426.677,114.6,1942.0,2240,2,67,12989.9
2426.797,244.1,1942.0,2240,3,66,12996.1
2426.916,244.1,1942.0,2240,6,66,12987.2
2427.034,244.1,1942.0,2240,6,66,12979.2
2427.152,373.6,1942.0,2240,3,66,12967.2
2427.271,373.6,1942.0,2240,4,66,12963.0
2427.389,373.6,1942.0,2240,4,66,12950.2
2427.508,373.6,1942.0,2240,3,66,12945.8
2427.626,373.6,1942.0,2240,2,66,12934.4
2427.745,373.6,1942.0,2240,2,66,12923.9
2427.863,503.1,1942.0,2240,3,66,12922.9
2427.982,503.1,1942.0,2240,5,66,12920.7
2428.1,83.3,1942.0,2240,43,68,12911.1
2428.219,244.3,1942.0,2240,43,67,12904.0
2428.338,244.3,1942.0,2240,6,67,12909.5
2428.456,373.8,1942.0,2240,10,67,12924.1
2428.573,503.3,1942.0,2240,10,67,12917.3
2428.691,503.3,1942.0,2240,4,66,12918.6
2428.809,83.5,1942.0,2240,7,69,12919.1
2428.927,244.5,1942.0,2240,47,67,12930.5
2429.045,244.5,1942.0,2240,47,67,12925.4
2429.163,374.0,1942.0,2240,5,67,12925.4
2429.281,503.5,1942.0,2240,13,67,12944.9
2429.4,87.3,1942.0,2240,13,69,12944.9
2429.518,374.3,1942.0,2240,49,67,12958.9
2429.636,374.3,1942.0,2240,10,67,12956.1
2429.754,503.8,1942.0,2240,10,67,12952.3
2429.872,503.8,1942.0,2240,6,67,12950.2
2429.99,245.0,1942.0,2240,42,68,12945.8
2430.108,374.5,1942.0,2240,15,67,12937.1
2430.228,374.5,1942.0,2240,15,67,12928.7
2430.347,504.0,1942.0,2240,8,67,12919.6
2430.465,84.2,1942.0,2240,15,68,12915.7
2430.583,245.2,1942.0,2240,15,68,12910.6
2430.702,245.2,1942.0,2240,38,67,12911.1
2430.821,374.7,1942.0,2240,7,67,12905.3
2430.939,374.7,1942.0,2240,7,67,12900.8
2431.057,504.2,1942.0,2240,7,67,12897.1
2431.176,84.4,1942.0,2240,4,67,12895.8
2431.294,245.4,1942.0,2240,48,68,12897.1
2431.412,374.9,1942.0,2240,48,67,12921.1
2431.53,504.4,1942.0,2240,16,67,12952.3
2431.648,116.1,1942.0,2240,42,69,12956.8
2431.767,375.1,1942.0,2240,21,67,12983.4
2431.886,504.6,1942.0,2240,21,67,13034.9
2432.006,91.9,1942.0,2240,30,69,13047.1
2432.125,375.4,1942.0,2240,35,67,13077.5
2432.244,504.9,1942.0,2240,12,67,13070.6
2432.52,246.1,1942.0,2240,19,67,13051.8
2432.735,375.6,1942.0,2240,8,67,13018.6
2433.061,505.1,1942.0,2240,6,67,12986.4
2433.379,54.6,1942.0,2240,42,68,12976.3
2433.588,54.6,1942.0,2240,0,67,12975.3
2433.849,54.6,1942.0,2240,1,67,13020.9
2434.019,54.6,1942.0,2240,0,67,13047.0
2434.251,54.6,1942.0,2240,2,67,13046.1
2434.505,54.6,1942.0,2240,1,67,13048.9
2434.774,54.6,1942.0,2240,1,67,13050.6
2435.038,54.6,1942.0,2240,1,67,13038.7
2435.296,54.6,1942.0,2240,1,67,13049.9
2435.444,54.6,1942.0,2240,2,67,13120.1
2435.683,54.6,1942.0,2240,0,67,13133.3
2435.987,54.6,1942.0,2240,2,67,13141.0
2436.317,54.6,1942.0,2240,0,67,13137.4
2436.482,54.6,1942.0,2240,3,67,13057.5
2436.609,54.6,1942.0,2240,2,67,13010.8
2436.737,54.6,1942.0,2240,2,67,12794.5
2436.871,54.6,1942.0,2240,0,67,12535.5
2436.997,54.6,1942.0,2240,2,67,12591.9
2437.14,54.6,1942.0,2240,2,67,12681.1
2437.266,54.6,1942.0,2240,2,67,12789.7
2437.39,54.6,1942.0,2240,0,67,12892.0
2437.515,54.6,1942.0,2240,2,67,12998.4
2437.64,54.6,1942.0,2240,2,67,13096.9
2437.765,54.6,1942.0,2240,2,67,13156.4
2437.883,54.6,1942.0,2240,0,67,13188.9
2438.001,54.6,1942.0,2240,2,67,13213.8
2438.119,54.6,1942.0,2240,2,67,13248.7
2438.236,54.6,1942.0,2240,2,67,13278.3
2438.354,54.6,1942.0,2240,0,67,13306.6
2438.471,54.6,1942.0,2240,2,67,13267.3
2438.592,239.4,1942.0,2240,2,67,13305.1
2438.711,368.9,1942.0,2240,10,67,13372.7
2438.829,79.5,1942.0,2240,46,70,13376.8
2438.947,499.5,1942.0,2240,46,68,13404.9
2439.065,79.7,1942.0,2240,37,71,13418.7
2439.182,240.7,1942.0,2240,47,68,13450.5
2439.301,370.2,1942.0,2240,8,68,13483.8
2439.421,499.7,1942.0,2240,8,67,13517.3
2439.539,499.7,1942.0,2240,9,67,13551.2
2439.658,83.4,1942.0,2240,41,71,13549.9
2439.777,499.9,1942.0,2240,41,68,13561.5
2439.896,111.6,1942.0,2240,32,71,13559.3
2440.015,500.1,1942.0,2240,59,68,13569.6
2440.133,241.4,1942.0,2240,60,70,13565.2
2440.252,80.6,1942.0,2240,60,68,13568.5
2440.37,241.6,1942.0,2240,59,69,13576.5
2440.49,500.6,1942.0,2240,26,68,13590.9
2440.61,241.8,1942.0,2240,26,69,13596.7
2440.73,500.8,1942.0,2240,55,68,13620.5
2440.85,81.0,1942.0,2240,28,71,13622.4
2440.969,371.5,1942.0,2240,50,68,13632.8
2441.088,81.2,1942.0,2240,50,71,13632.8
2441.207,242.2,1942.0,2240,54,68,13645.0
2441.326,371.7,1942.0,2240,13,68,13663.7
2441.445,508.7,1942.0,2240,13,68,13680.3
2441.564,242.5,1942.0,2240,34,69,13682.3
2441.687,372.0,1942.0,2240,32,68,13683.1
2441.879,501.5,1942.0,2240,3,67,13663.7
2442.14,81.7,1942.0,2240,39,69,13646.2
2442.362,242.7,1942.0,2240,5,68,13621.0
2442.644,372.2,1942.0,2240,4,68,13566.3
2442.946,81.9,1942.0,2240,52,70,13555.3
2443.095,372.4,1942.0,2240,17,68,13530.1
2443.367,501.9,1942.0,2240,24,71,13507.0
2443.641,243.1,1942.0,2240,4,68,13480.0
2443.932,502.1,1942.0,2240,13,70,13467.7
2444.144,243.3,1942.0,2240,49,68,13405.2
2444.301,502.3,1942.0,2240,49,68,13419.6
2444.43,82.6,1942.0,2240,15,71,13420.4
2444.549,243.6,1942.0,2240,47,68,13435.2
2444.701,243.6,1942.0,2240,8,68,13424.1
2444.926,373.1,1942.0,2240,4,68,13392.6
2445.238,373.1,1942.0,2240,3,68,13361.0
2445.551,502.6,1942.0,2240,4,68,13332.0
2445.849,82.8,1942.0,2240,40,69,13317.7
2446.032,243.8,1942.0,2240,5,68,13287.7
2446.344,502.8,1942.0,2240,2,68,13258.3
2446.642,83.0,1942.0,2240,47,69,13240.3
2446.86,244.0,1942.0,2240,2,68,13213.5
2447.138,373.5,1942.0,2240,10,68,13184.9
2447.424,83.2,1942.0,2240,46,68,13160.8
2447.698,373.7,1942.0,2240,3,68,13129.4
2448.004,503.2,1942.0,2240,44,70,13102.7
2448.291,83.6,1942.0,2240,44,70,13095.6
2448.425,503.7,1942.0,2240,65,69,13088.0
2448.559,244.9,1942.0,2240,65,70,13080.1
2448.682,84.1,1942.0,2240,69,72,13072.1
2448.802,504.1,1942.0,2240,69,70,13067.5
2448.928,374.8,1942.0,2240,59,69,13060.3
2449.054,84.5,1942.0,2240,54,72,13052.6
2449.178,84.7,1942.0,2240,73,70,13045.6
2449.3,375.3,1942.0,2240,73,69,13042.5
2449.426,246.0,1942.0,2240,64,71,13035.0
2449.547,85.2,1942.0,2240,75,72,13028.1
2449.669,505.2,1942.0,2240,44,69,13027.4
2449.813,54.8,1942.0,2240,49,69,13018.3
2450.013,54.8,1942.0,2240,2,68,13010.7
2450.426,54.8,1942.0,2240,0,68,13036.7
2450.695,54.8,1942.0,2240,2,68,13037.6
2450.835,54.8,1942.0,2240,2,68,13030.0
2450.966,54.8,1942.0,2240,2,68,13005.0
2451.107,54.8,1942.0,2240,0,68,13084.1
2451.245,54.8,1942.0,2240,2,68,13145.7
2451.374,54.8,1942.0,2240,2,68,13219.7
2451.504,54.8,1942.0,2240,2,68,13303.7
2451.632,54.8,1942.0,2240,2,68,13373.1
2451.816,54.8,1942.0,2240,2,68,13375.6
2451.973,54.8,1942.0,2240,2,68,13299.2
2452.101,54.8,1942.0,2240,0,68,13034.7
2452.226,54.8,1942.0,2240,2,68,13131.7
2452.353,54.8,1942.0,2240,2,68,13218.5
2452.482,54.8,1942.0,2240,2,68,13296.9
2452.61,54.8,1942.0,2240,0,68,13338.4
2452.742,54.8,1942.0,2240,2,67,13275.8
2452.871,54.8,1942.0,2240,2,67,13362.6
2453.0,54.8,1942.0,2240,2,67,13435.9
2453.128,54.8,1942.0,2240,0,67,13489.8
2453.25,54.8,1942.0,2240,2,67,13532.1
2453.37,54.8,1942.0,2240,2,67,13557.0
2453.49,54.8,1942.0,2240,2,67,13585.8
2453.613,54.8,1942.0,2240,0,67,13634.7
2453.735,110.0,1942.0,2240,2,67,13389.9
2453.854,239.5,1942.0,2240,2,67,13422.8
2453.972,369.0,1942.0,2240,11,67,13458.3
2454.089,498.5,1942.0,2240,8,67,13526.3
2454.207,505.9,1942.0,2240,11,67,13595.5
2454.325,79.6,1942.0,2240,11,69,13595.6
2454.443,240.7,1942.0,2240,77,67,13655.9
2454.563,240.7,1942.0,2240,8,67,13708.8
2454.684,370.2,1942.0,2240,8,67,13774.1
2454.804,499.7,1942.0,2240,9,67,13816.3
2454.923,79.9,1942.0,2240,19,69,13818.0
2455.043,240.9,1942.0,2240,66,68,13818.8
2455.162,499.9,1942.0,2240,66,68,13828.2
2455.281,80.1,1942.0,2240,17,70,13826.9
2455.4,241.1,1942.0,2240,69,68,13830.9
2455.518,500.1,1942.0,2240,69,68,13843.3
2455.637,80.3,1942.0,2240,17,71,13840.9
2455.757,241.3,1942.0,2240,68,69,13839.8
2455.883,80.5,1942.0,2240,33,71,13839.3
2456.024,371.0,1942.0,2240,65,69,13832.6
2456.169,80.7,1942.0,2240,65,71,13825.4
2456.317,241.7,1942.0,2240,18,68,13805.4
2456.565,500.7,1942.0,2240,16,72,13790.5
2456.79,371.5,1942.0,2240,11,68,13775.0
2457.018,501.0,1942.0,2240,10,70,13754.1
2457.289,371.7,1942.0,2240,14,68,13737.9
2457.5,81.4,1942.0,2240,68,72,13728.0
2457.657,242.4,1942.0,2240,12,68,13703.4
2457.901,371.9,1942.0,2240,2,68,13678.9
2458.168,81.6,1942.0,2240,56,72,13670.4
2458.332,242.6,1942.0,2240,23,69,13656.2
2458.55,501.6,1942.0,2240,8,68,13635.3
2458.808,81.8,1942.0,2240,5,72,13626.0
2458.97,372.3,1942.0,2240,10,68,13606.8
2459.2,82.1,1942.0,2240,43,70,13600.1
2459.342,243.1,1942.0,2240,41,69,13590.3
2459.503,502.1,1942.0,2240,15,69,13574.9
2459.712,113.8,1942.0,2240,66,70,13566.9
2459.842,502.3,1942.0,2240,18,68,13555.8
2460.023,82.5,1942.0,2240,18,72,13547.4
2460.149,373.0,1942.0,2240,67,69,13537.7
2460.327,513.5,1942.0,2240,54,72,13523.2
2460.548,243.7,1942.0,2240,24,68,13499.2
2460.826,373.2,1942.0,2240,7,68,13474.3
2461.127,502.7,1942.0,2240,6,68,13446.6
2461.432,82.9,1942.0,2240,45,70,13437.4
2461.566,373.4,1942.0,2240,29,68,13421.1
2461.804,502.9,1942.0,2240,9,68,13400.3
2462.052,83.2,1942.0,2240,63,71,13392.6
2462.183,244.2,1942.0,2240,9,68,13367.8
2462.465,373.7,1942.0,2240,4,68,13341.7
2462.744,83.4,1942.0,2240,19,71,13324.7
2462.976,244.4,1942.0,2240,6,68,13300.1
2463.261,373.9,1942.0,2240,5,68,13272.6
2463.556,83.6,1942.0,2240,27,70,13256.2
2463.796,374.1,1942.0,2240,46,68,13243.6
2463.97,503.6,1942.0,2240,11,68,13225.8
2464.168,83.8,1942.0,2240,8,72,13215.0
2464.298,374.3,1942.0,2240,68,69,13209.8
2464.435,514.0,1942.0,2240,19,71,13198.9
2464.612,374.5,1942.0,2240,68,69,13190.6
2464.751,84.3,1942.0,2240,31,70,13183.6
2464.882,245.3,1942.0,2240,31,69,13176.9
2465.008,504.3,1942.0,2240,63,70,13167.8
2465.174,245.5,1942.0,2240,42,69,13160.0
2465.31,504.5,1942.0,2240,43,69,13149.7
2465.483,84.7,1942.0,2240,16,73,13142.0
2465.608,375.2,1942.0,2240,69,69,13134.8
2465.763,84.9,1942.0,2240,32,71,13072.9
2465.886,245.9,1942.0,2240,32,70,12992.3
2466.009,504.9,1942.0,2240,54,69,12940.4
2466.129,85.1,1942.0,2240,33,72,12933.2
2466.249,246.1,1942.0,2240,53,69,12947.4
2466.367,505.1,1942.0,2240,53,69,12976.3
2466.486,85.4,1942.0,2240,16,71,12993.1
2466.606,246.4,1942.0,2240,67,70,13006.4
2466.725,375.9,1942.0,2240,67,69,13043.8
2466.844,54.9,1942.0,2240,16,71,13052.1
2466.963,54.9,1942.0,2240,69,70,13103.0
2467.096,54.9,1942.0,2240,2,68,13125.3
2467.375,54.9,1942.0,2240,2,68,13078.2
2467.508,54.9,1942.0,2240,2,68,12761.9
2467.637,54.9,1942.0,2240,0,68,12843.7
2467.765,54.9,1942.0,2240,2,68,12931.2
2467.893,54.9,1942.0,2240,2,68,13006.3
2468.022,54.9,1942.0,2240,2,68,12897.7
2468.153,54.9,1942.0,2240,0,68,12963.8
2468.29,54.9,1942.0,2240,2,68,13017.9
2468.42,54.9,1942.0,2240,2,68,13104.6
2468.548,54.9,1942.0,2240,2,68,13171.1
2468.677,54.9,1942.0,2240,0,68,13243.8
2468.806,54.9,1942.0,2240,2,68,13313.4
2468.937,54.9,1942.0,2240,2,68,13380.4
2469.066,54.9,1942.0,2240,2,68,13446.3
2469.196,54.9,1942.0,2240,0,68,13527.4
2469.325,54.9,1942.0,2240,2,68,13598.2
2469.456,54.9,1942.0,2240,2,68,13664.5
2469.588,54.9,1942.0,2240,0,68,13722.1
2469.718,54.9,1942.0,2240,0,68,13755.6
2469.841,54.9,1942.0,2240,2,68,13768.7
2469.967,54.9,1942.0,2240,2,68,13777.5
2470.094,54.9,1942.0,2240,0,68,13789.2
2470.253,54.9,1942.0,2240,2,68,13797.0
2470.405,54.9,1942.0,2240,2,68,13805.8
2470.556,54.9,1942.0,2240,0,68,13807.8
2470.734,54.9,1942.0,2240,0,68,13652.7
2471.238,239.6,1942.0,2240,0,68,13674.8
2471.363,369.1,1942.0,2240,7,68,13703.9
2471.483,498.6,1942.0,2240,15,68,13750.4
2471.609,498.6,1942.0,2240,3,68,13718.0
2471.974,79.8,1942.0,2240,39,68,13664.6
2472.361,240.8,1942.0,2240,1,68,13631.0
2472.742,240.8,1942.0,2240,4,68,13566.4
2473.04,370.3,1942.0,2240,3,68,13280.8
2473.161,499.8,1942.0,2240,7,68,13028.9
2473.282,499.8,1942.0,2240,8,68,13069.2
2473.4,80.0,1942.0,2240,8,72,13075.0
2473.517,241.0,1942.0,2240,66,69,13099.3
2473.635,241.0,1942.0,2240,7,68,13125.2
2473.753,370.5,1942.0,2240,7,68,13126.6
2473.871,370.5,1942.0,2240,8,68,13158.2
2473.988,500.0,1942.0,2240,7,68,13164.4
2474.106,80.2,1942.0,2240,19,69,13108.8
2474.223,83.8,1942.0,2240,19,70,13113.8
2474.341,241.3,1942.0,2240,54,68,13133.5
2474.459,500.3,1942.0,2240,14,68,13151.7
2474.578,500.3,1942.0,2240,14,68,13144.6
2474.696,80.5,1942.0,2240,26,71,13146.2
2474.814,371.0,1942.0,2240,52,68,13136.8
2474.934,500.5,1942.0,2240,17,68,13120.2
2475.052,80.7,1942.0,2240,17,72,13122.6
2475.169,371.2,1942.0,2240,70,69,13135.7
2475.287,500.7,1942.0,2240,17,68,13150.4
2475.405,80.9,1942.0,2240,17,72,13152.8
2475.522,241.9,1942.0,2240,67,68,13162.6
2475.64,371.4,1942.0,2240,9,68,13185.6
2475.758,500.9,1942.0,2240,9,68,13139.2
2475.878,81.1,1942.0,2240,18,71,13140.6
2475.996,242.1,1942.0,2240,65,68,13170.5
2476.114,371.6,1942.0,2240,10,68,13191.2
2476.233,501.1,1942.0,2240,10,68,13215.9
2476.35,81.3,1942.0,2240,14,68,13248.1
2476.469,112.9,1942.0,2240,67,70,13251.7
2476.588,371.9,1942.0,2240,67,68,13269.9
2476.708,501.4,1942.0,2240,15,68,13294.7
2476.828,81.6,1942.0,2240,39,71,13290.8
2476.947,242.6,1942.0,2240,38,68,13306.1
2477.067,372.1,1942.0,2240,38,68,13329.1
2477.187,372.1,1942.0,2240,9,68,13353.6
2477.307,501.6,1942.0,2240,8,68,13369.5
2477.429,501.6,1942.0,2240,8,68,13365.2
2477.549,501.6,1942.0,2240,4,68,13356.1
2477.67,81.8,1942.0,2240,8,70,13350.2
2477.79,242.8,1942.0,2240,60,69,13350.6
2477.91,372.3,1942.0,2240,60,68,13356.3
2478.031,372.3,1942.0,2240,11,68,13357.3
2478.152,372.3,1942.0,2240,4,68,13347.9
2478.273,372.3,1942.0,2240,4,68,13334.1
2478.393,501.8,1942.0,2240,1,68,13322.0
2478.514,501.8,1942.0,2240,3,68,13306.6
2478.636,501.8,1942.0,2240,2,67,13293.3
2478.758,501.8,1942.0,2240,2,68,13287.9
2478.879,501.8,1942.0,2240,3,67,13279.7
2479.0,501.8,1942.0,2240,4,68,13274.9
2479.121,82.0,1942.0,2240,65,70,13270.1
2479.241,243.0,1942.0,2240,65,68,13277.7
2479.362,372.5,1942.0,2240,9,68,13288.9
2479.482,82.2,1942.0,2240,16,69,13288.9
2479.601,89.2,1942.0,2240,16,69,13285.3
2479.722,372.7,1942.0,2240,67,68,13295.5
2479.842,502.2,1942.0,2240,15,68,13308.6
2479.962,82.4,1942.0,2240,53,71,13304.8
2480.082,243.5,1942.0,2240,53,68,13311.0
2480.201,373.0,1942.0,2240,26,68,13323.8
2480.321,82.7,1942.0,2240,18,69,13326.3
2480.44,243.7,1942.0,2240,18,69,13324.8
2480.56,373.2,1942.0,2240,65,68,13337.2
2480.68,505.9,1942.0,2240,16,68,13343.1
2480.8,82.9,1942.0,2240,68,70,13341.7
2480.921,243.9,1942.0,2240,10,68,13333.3
2481.146,373.4,1942.0,2240,2,68,13300.5
2481.42,502.9,1942.0,2240,7,67,13271.8
2481.712,83.1,1942.0,2240,16,72,13261.6
2481.839,244.1,1942.0,2240,54,68,13250.5
2482.041,503.1,1942.0,2240,9,68,13227.7
2482.303,83.3,1942.0,2240,46,72,13219.4
2482.443,244.3,1942.0,2240,28,68,13202.4
2482.67,373.8,1942.0,2240,3,68,13182.5
2482.936,503.3,1942.0,2240,9,68,13158.9
2483.214,83.5,1942.0,2240,20,71,13143.8
2483.365,244.6,1942.0,2240,6,68,13119.5
2483.641,503.6,1942.0,2240,1,68,13092.9
2483.931,83.8,1942.0,2240,55,69,13077.7
2484.151,374.3,1942.0,2240,25,68,13066.3
2484.33,503.8,1942.0,2240,10,68,13054.9
2484.513,84.0,1942.0,2240,39,69,13036.9
2484.69,374.5,1942.0,2240,38,68,13033.9
2484.837,515.1,1942.0,2240,15,69,12788.2
2484.957,87.7,1942.0,2240,15,70,12616.1
2485.076,374.7,1942.0,2240,68,68,12640.5
2485.194,504.2,1942.0,2240,16,68,12665.1
2485.312,84.4,1942.0,2240,59,71,12670.6
2485.431,245.4,1942.0,2240,59,69,12687.3
2485.549,504.4,1942.0,2240,24,68,12722.2
2485.668,84.6,1942.0,2240,21,68,12745.5
2485.785,116.2,1942.0,2240,21,70,12761.1
2485.904,375.2,1942.0,2240,61,68,12772.5
2486.024,504.7,1942.0,2240,12,68,12643.5
2486.145,84.9,1942.0,2240,12,70,12603.8
2486.264,245.9,1942.0,2240,50,69,12648.1
2486.382,245.9,1942.0,2240,28,68,12705.1
2486.5,375.4,1942.0,2240,9,68,12752.1
2486.62,509.2,1942.0,2240,9,68,12790.0
2486.74,85.1,1942.0,2240,38,70,12784.2
2486.862,92.1,1942.0,2240,36,68,12773.7
2486.982,246.1,1942.0,2240,36,68,12765.9
2487.103,246.1,1942.0,2240,2,68,12753.3
2487.224,246.1,1942.0,2240,3,68,12742.3
2487.345,246.1,1942.0,2240,3,68,12731.4
2487.466,246.1,1942.0,2240,3,68,12721.2
2487.586,246.1,1942.0,2240,2,68,12712.4
2487.707,246.1,1942.0,2240,3,67,12699.5
2487.827,375.6,1942.0,2240,5,67,12688.9
2487.948,375.6,1942.0,2240,5,67,12676.6
2488.07,375.6,1942.0,2240,2,67,12664.8
2488.19,375.6,1942.0,2240,3,67,12651.7
2488.311,505.1,1942.0,2240,3,67,12640.9
2488.432,505.1,1942.0,2240,4,67,12632.6
2488.553,505.1,1942.0,2240,2,67,12619.6
2488.674,505.1,1942.0,2240,3,67,12607.4
2488.795,505.1,1942.0,2240,3,67,12596.4
2488.916,85.3,1942.0,2240,3,69,12585.7
2489.036,88.8,1942.0,2240,64,69,12579.3
2489.157,246.3,1942.0,2240,64,68,12576.1
2489.278,246.3,1942.0,2240,7,68,12570.4
2489.401,375.8,1942.0,2240,6,67,12567.2
2489.522,375.8,1942.0,2240,4,67,12561.1
2489.643,505.3,1942.0,2240,4,67,12558.8
2489.764,505.3,1942.0,2240,7,67,12559.7
2489.885,505.3,1942.0,2240,4,67,12551.6
2490.006,85.5,1942.0,2240,17,68,12541.9
2490.126,85.5,1942.0,2240,17,69,12533.7
2490.247,246.5,1942.0,2240,51,68,12492.3
2490.367,376.0,1942.0,2240,13,68,12448.1
2490.486,505.5,1942.0,2240,13,67,12383.2
2490.604,55.1,1942.0,2240,8,70,12370.5
2490.725,55.1,1942.0,2240,65,68,12466.5
2490.849,55.1,1942.0,2240,2,68,12582.3
2490.974,55.1,1942.0,2240,2,68,12676.7
2491.098,55.1,1942.0,2240,0,67,12565.4
2491.225,55.1,1942.0,2240,2,67,12564.3
2491.352,55.1,1942.0,2240,2,67,12647.4
2491.478,55.1,1942.0,2240,2,68,12750.6
2491.603,55.1,1942.0,2240,0,68,12864.1
2491.728,55.1,1942.0,2240,2,68,12941.7
2491.864,55.1,1942.0,2240,2,68,13016.5
2491.992,55.1,1942.0,2240,2,68,13092.8
2492.118,55.1,1942.0,2240,0,68,13163.4
2492.245,55.1,1942.0,2240,2,68,13259.5
2492.372,55.1,1942.0,2240,2,68,13342.5
2492.499,55.1,1942.0,2240,0,68,13393.7
2492.787,55.1,1942.0,2240,2,68,13415.2
2493.053,55.1,1942.0,2240,2,68,13439.9
2493.374,55.1,1942.0,2240,0,68,13444.4
2493.709,55.1,1942.0,2240,2,68,13459.7
2494.051,55.1,1942.0,2240,0,68,13381.2
2494.178,55.1,1942.0,2240,2,68,13152.9
2494.305,55.1,1942.0,2240,2,68,13146.6
2494.428,55.1,1942.0,2240,2,68,13152.1
2494.548,55.1,1942.0,2240,0,68,13153.8
2494.666,55.1,1942.0,2240,0,68,13181.0
2494.784,55.1,1942.0,2240,2,68,13207.6
2494.902,55.1,1942.0,2240,2,68,13339.6
2495.024,85.7,1942.0,2240,2,68,13202.6
2495.142,239.7,1942.0,2240,2,68,13185.7
2495.26,239.7,1942.0,2240,8,68,13218.6
2495.378,369.2,1942.0,2240,9,68,13179.2
2495.497,498.7,1942.0,2240,9,68,13168.0
2495.619,80.0,1942.0,2240,32,71,13136.2
2495.737,241.0,1942.0,2240,61,68,13160.7
2495.854,241.0,1942.0,2240,8,68,13189.2
2495.972,370.5,1942.0,2240,8,68,13216.8
2496.09,500.0,1942.0,2240,8,68,13242.0
2496.209,80.2,1942.0,2240,8,68,13262.9
2496.326,80.2,1942.0,2240,8,70,13265.3
2496.444,241.2,1942.0,2240,66,68,13280.2
2496.561,370.7,1942.0,2240,10,68,13082.4
2496.679,370.7,1942.0,2240,10,68,13107.6
2496.798,500.2,1942.0,2240,8,68,13133.4
2496.916,500.2,1942.0,2240,8,68,13156.3
2497.033,80.4,1942.0,2240,65,71,13157.2
2497.151,241.4,1942.0,2240,65,68,13174.2
2497.269,500.4,1942.0,2240,15,68,13191.8
2497.387,80.6,1942.0,2240,13,69,13205.6
2497.505,80.6,1942.0,2240,13,71,13208.3
2497.623,371.1,1942.0,2240,68,68,13222.8
2497.74,500.6,1942.0,2240,17,68,13176.4
2497.862,80.9,1942.0,2240,70,72,13177.6
2497.98,371.4,1942.0,2240,70,68,13190.7
2498.098,81.1,1942.0,2240,19,68,13201.2
2498.216,81.1,1942.0,2240,69,71,13205.1
2498.333,242.1,1942.0,2240,69,68,13230.1
2498.452,501.1,1942.0,2240,11,68,12850.1
2498.572,81.3,1942.0,2240,35,71,12717.2
2498.698,242.3,1942.0,2240,51,69,12748.7
2498.816,371.8,1942.0,2240,51,68,12772.5
2498.934,501.3,1942.0,2240,12,68,12796.2
2499.051,501.3,1942.0,2240,9,67,12838.5
2499.169,81.5,1942.0,2240,9,72,12842.2
2499.287,242.5,1942.0,2240,66,68,12873.4
2499.405,242.5,1942.0,2240,9,68,12911.9
2499.523,372.0,1942.0,2240,9,67,12951.5
2499.64,501.5,1942.0,2240,7,67,12993.7
2499.758,81.7,1942.0,2240,9,69,13021.3
2499.875,81.7,1942.0,2240,66,69,13026.8
2499.993,242.7,1942.0,2240,66,68,13053.9
2500.11,242.7,1942.0,2240,6,68,13080.4
2500.229,372.2,1942.0,2240,8,67,13113.6
2500.346,372.2,1942.0,2240,8,67,13148.7
2500.463,501.7,1942.0,2240,8,67,13184.9
2500.581,82.0,1942.0,2240,6,68,13208.0
2500.699,82.0,1942.0,2240,6,69,13215.1
2500.816,243.0,1942.0,2240,66,68,13236.9
2500.934,372.5,1942.0,2240,9,67,13257.1
2501.052,372.5,1942.0,2240,7,67,13284.3
2501.169,502.0,1942.0,2240,7,67,13312.9
2501.286,502.0,1942.0,2240,7,67,13340.4
2501.405,82.2,1942.0,2240,40,71,13337.9
2501.524,243.2,1942.0,2240,40,68,13359.7
2501.643,243.2,1942.0,2240,34,67,13387.3
2501.762,372.7,1942.0,2240,9,67,13415.6
2501.881,502.2,1942.0,2240,14,68,13434.3
2502.0,82.4,1942.0,2240,14,69,13427.8
2502.119,243.4,1942.0,2240,63,68,13455.7
2502.238,372.9,1942.0,2240,13,67,13483.8
2502.357,502.4,1942.0,2240,13,67,13500.6
2502.477,82.6,1942.0,2240,9,68,13505.5
2502.596,114.1,1942.0,2240,64,69,13512.6
2502.715,243.6,1942.0,2240,11,68,13537.4
2502.835,373.1,1942.0,2240,11,67,13562.6
2502.955,519.9,1942.0,2240,11,67,13582.5
2503.074,82.8,1942.0,2240,67,70,13581.6
2503.194,243.8,1942.0,2240,9,67,13583.4
2503.465,373.3,1942.0,2240,4,67,13563.4
2503.725,502.8,1942.0,2240,9,67,13542.9
2503.988,83.1,1942.0,2240,5,71,13534.0
2504.116,244.1,1942.0,2240,3,67,13508.8
2504.411,244.1,1942.0,2240,1,67,13481.3
2504.708,373.6,1942.0,2240,2,67,13448.4
2505.016,373.6,1942.0,2240,3,67,13409.2
2505.337,503.1,1942.0,2240,8,67,13378.2
2505.651,83.3,1942.0,2240,3,72,13368.8
2505.79,244.3,1942.0,2240,5,68,13344.6
2506.062,373.8,1942.0,2240,3,68,13315.1
2506.368,503.3,1942.0,2240,9,67,13287.2
2506.66,83.5,1942.0,2240,2,71,13276.0
2506.833,244.5,1942.0,2240,9,68,13249.0
2507.119,374.0,1942.0,2240,5,68,13221.2
2507.401,503.5,1942.0,2240,1,68,13192.0
2507.709,83.7,1942.0,2240,65,72,13182.8
2507.86,244.7,1942.0,2240,10,68,13167.1
2508.095,503.7,1942.0,2240,8,68,12972.4
2508.214,83.9,1942.0,2240,8,69,12975.4
2508.348,244.9,1942.0,2240,40,69,12972.5
2508.467,374.4,1942.0,2240,44,68,12975.0
2508.586,84.2,1942.0,2240,19,68,12974.0
2508.705,84.2,1942.0,2240,19,71,12967.9
2508.823,374.7,1942.0,2240,63,68,12969.5
2508.943,84.4,1942.0,2240,23,69,12965.8
2509.062,245.4,1942.0,2240,23,70,12961.6
2509.181,504.4,1942.0,2240,65,68,12962.4
2509.3,84.6,1942.0,2240,32,72,12954.1
2509.42,245.6,1942.0,2240,60,69,12968.0
2509.539,504.6,1942.0,2240,60,68,12973.9
2509.659,84.8,1942.0,2240,25,72,12964.6
2509.778,245.8,1942.0,2240,61,69,12982.4
2509.898,504.8,1942.0,2240,61,68,12986.9
2510.017,85.0,1942.0,2240,18,72,12969.2
2510.145,505.0,1942.0,2240,74,69,12723.2
2510.264,85.2,1942.0,2240,69,71,12690.5
2510.395,246.3,1942.0,2240,69,69,12710.4
2510.513,505.3,1942.0,2240,26,68,12734.1
2510.63,85.5,1942.0,2240,19,71,12743.6
2510.748,246.5,1942.0,2240,63,69,12760.1
2510.866,376.0,1942.0,2240,63,68,12786.0
2510.985,505.5,1942.0,2240,13,68,12815.3
2511.103,85.7,1942.0,2240,33,71,12829.5
2511.22,246.7,1942.0,2240,33,69,12849.8
2511.356,376.2,1942.0,2240,46,68,12878.2
2511.475,55.3,1942.0,2240,34,72,12871.9
2511.594,55.3,1942.0,2240,50,69,12956.8
2511.72,55.3,1942.0,2240,50,68,13019.6
2511.848,55.3,1942.0,2240,2,68,13089.1
2511.975,55.3,1942.0,2240,2,68,13165.1
2512.101,55.3,1942.0,2240,0,68,13226.6
2512.337,55.3,1942.0,2240,2,68,13255.2
2512.608,55.3,1942.0,2240,0,68,13273.5
2512.737,55.3,1942.0,2240,2,68,13280.0
2512.865,55.3,1942.0,2240,2,68,13292.0
2512.992,55.3,1942.0,2240,2,68,13308.4
2513.119,55.3,1942.0,2240,0,68,13197.5
2513.246,55.3,1942.0,2240,2,68,13240.6
2513.401,55.3,1942.0,2240,2,68,13224.0
2513.547,55.3,1942.0,2240,2,68,13079.2
2513.676,55.3,1942.0,2240,0,68,13168.1
2513.802,55.3,1942.0,2240,2,68,13267.4
2513.928,55.3,1942.0,2240,2,68,13353.5
2514.052,55.3,1942.0,2240,2,68,13424.1
2514.171,55.3,1942.0,2240,0,68,13482.9
2514.29,55.3,1942.0,2240,2,68,13511.2
2514.409,55.3,1942.0,2240,2,67,13541.0
2514.527,55.3,1942.0,2240,2,67,13566.9
2514.644,55.3,1942.0,2240,0,67,13507.3
2514.768,110.3,1942.0,2240,4,67,13514.6
2514.887,239.8,1942.0,2240,4,67,13556.8
2515.006,369.3,1942.0,2240,9,67,13598.0
2515.125,369.3,1942.0,2240,6,67,13540.3
2515.243,498.8,1942.0,2240,6,67,13580.2
2515.36,80.3,1942.0,2240,8,68,13607.7
2515.478,80.3,1942.0,2240,66,68,13618.0
2515.596,241.3,1942.0,2240,20,67,13630.7
2515.715,241.3,1942.0,2240,20,67,13668.0
2515.833,370.8,1942.0,2240,8,67,13708.8
2515.953,500.3,1942.0,2240,9,67,13508.6
2516.072,500.3,1942.0,2240,9,67,13261.0
2516.189,80.5,1942.0,2240,20,70,13262.2
2516.307,241.5,1942.0,2240,61,68,13307.5
2516.425,241.5,1942.0,2240,9,67,13357.2
2516.543,371.0,1942.0,2240,9,67,13410.8
2516.661,500.5,1942.0,2240,7,67,13461.4
2516.779,500.5,1942.0,2240,8,67,13503.7
2516.896,80.7,1942.0,2240,8,71,13513.9
2517.013,241.7,1942.0,2240,68,68,13538.2
2517.131,371.2,1942.0,2240,10,68,13575.9
2517.249,500.7,1942.0,2240,10,68,13616.9
2517.367,500.7,1942.0,2240,13,68,13648.5
2517.485,80.9,1942.0,2240,45,70,13639.4
2517.604,241.9,1942.0,2240,34,68,13662.5
2517.725,500.9,1942.0,2240,34,68,13690.8
2517.844,81.1,1942.0,2240,13,71,13701.5
2517.963,242.1,1942.0,2240,69,70,13697.0
2518.082,501.1,1942.0,2240,69,68,13707.9
2518.2,81.4,1942.0,2240,19,70,13706.4
2518.319,242.4,1942.0,2240,69,69,13716.8
2518.438,371.9,1942.0,2240,16,68,13739.4
2518.557,81.6,1942.0,2240,16,69,13751.7
2518.676,88.6,1942.0,2240,56,70,13753.9
2518.795,372.1,1942.0,2240,27,68,13773.2
2518.914,501.6,1942.0,2240,27,68,13791.3
2519.033,81.8,1942.0,2240,14,68,13811.0
2519.155,81.8,1942.0,2240,61,69,13807.6
2519.28,372.3,1942.0,2240,18,68,13800.2
2519.494,501.8,1942.0,2240,5,68,13775.7
2519.758,82.0,1942.0,2240,54,69,13757.6
2519.988,243.0,1942.0,2240,3,68,13730.0
2520.284,243.0,1942.0,2240,3,68,13692.6
2520.597,372.5,1942.0,2240,2,68,13662.0
2520.906,502.0,1942.0,2240,2,68,13631.6
2521.243,502.0,1942.0,2240,4,69,13601.5
2521.54,113.7,1942.0,2240,34,70,13593.2
2521.676,243.2,1942.0,2240,2,68,13555.1
2521.946,372.7,1942.0,2240,12,68,13530.8
2522.223,502.2,1942.0,2240,4,68,13509.2
2522.516,82.5,1942.0,2240,16,72,13501.2
2522.66,373.0,1942.0,2240,8,68,13480.5
2522.913,82.7,1942.0,2240,73,69,13464.3
2523.138,502.7,1942.0,2240,21,69,13447.4
2523.359,82.9,1942.0,2240,38,71,13438.0
2523.484,502.9,1942.0,2240,48,68,13431.5
2523.649,83.1,1942.0,2240,58,71,13421.9
2523.773,373.6,1942.0,2240,32,68,13408.9
2523.985,83.3,1942.0,2240,36,72,13400.2
2524.14,244.3,1942.0,2240,47,68,13377.8
2524.399,503.3,1942.0,2240,9,68,13355.9
2524.653,83.6,1942.0,2240,28,71,13342.9
2524.851,374.1,1942.0,2240,10,68,13322.8
2525.095,83.8,1942.0,2240,60,71,13311.7
2525.272,244.8,1942.0,2240,3,68,13277.8
2525.633,374.3,1942.0,2240,9,68,12936.0
2525.752,503.8,1942.0,2240,9,68,12955.2
2525.871,84.0,1942.0,2240,18,72,12939.6
2525.989,245.0,1942.0,2240,60,69,12953.1
2526.108,374.5,1942.0,2240,60,68,12963.6
2526.228,504.0,1942.0,2240,12,68,12985.6
2526.347,84.2,1942.0,2240,41,72,12980.7
2526.467,504.2,1942.0,2240,56,69,12989.3
2526.586,84.4,1942.0,2240,56,72,12979.9
2526.705,508.1,1942.0,2240,76,69,12985.1
2526.825,84.6,1942.0,2240,78,72,12976.1
2526.944,84.9,1942.0,2240,78,71,12978.2
2527.08,245.9,1942.0,2240,59,70,12983.5
2527.201,85.1,1942.0,2240,53,71,12987.7
2527.32,246.1,1942.0,2240,73,70,12990.3
2527.44,512.8,1942.0,2240,73,69,13030.8
2527.56,85.3,1942.0,2240,44,71,13041.6
2527.68,246.3,1942.0,2240,44,69,13050.2
2527.801,246.3,1942.0,2240,2,68,13049.6
2527.921,375.8,1942.0,2240,2,68,13050.4
2528.041,505.3,1942.0,2240,16,68,12806.7
2528.164,85.5,1942.0,2240,68,71,12819.7
2528.282,246.5,1942.0,2240,68,68,12871.7
2528.4,505.5,1942.0,2240,13,68,12915.1
2528.518,85.7,1942.0,2240,13,69,12833.7
2528.636,117.3,1942.0,2240,13,70,12843.8
2528.753,376.3,1942.0,2240,70,68,12868.8
2528.871,505.8,1942.0,2240,13,68,12893.9
2528.988,505.8,1942.0,2240,10,68,12918.2
2529.106,86.0,1942.0,2240,10,71,12867.1
2529.224,247.0,1942.0,2240,69,69,12897.5
2529.341,376.5,1942.0,2240,13,68,12923.0
2529.46,506.0,1942.0,2240,13,68,12912.9
2529.58,506.0,1942.0,2240,4,68,12899.0
2529.701,506.0,1942.0,2240,2,68,12885.1
2529.821,506.0,1942.0,2240,2,68,12871.5
2529.941,506.0,1942.0,2240,2,68,12857.8
2530.061,506.0,1942.0,2240,0,68,12845.4
2530.181,506.0,1942.0,2240,2,68,12833.5
2530.301,506.0,1942.0,2240,2,68,12821.1
2530.421,506.0,1942.0,2240,2,68,12808.3
2530.54,506.0,1942.0,2240,0,68,12795.0
2530.66,506.0,1942.0,2240,2,68,12783.3
2530.78,506.0,1942.0,2240,2,68,12771.4
2530.9,506.0,1942.0,2240,2,68,12757.7
2531.02,506.0,1942.0,2240,1,68,12744.3
2531.14,506.0,1942.0,2240,1,68,12732.0
2531.26,506.0,1942.0,2240,2,68,12718.5
2531.379,55.5,1942.0,2240,2,69,12707.9
2531.499,55.5,1942.0,2240,64,69,12758.5
2531.624,55.5,1942.0,2240,64,68,12857.8
2531.752,55.5,1942.0,2240,2,68,12886.4
2531.879,55.5,1942.0,2240,2,68,12475.6
2532.005,55.5,1942.0,2240,0,68,12524.5
2532.132,55.5,1942.0,2240,0,68,12599.6
2532.257,55.5,1942.0,2240,2,68,12689.2
2532.386,55.5,1942.0,2240,2,68,12781.8
2532.511,55.5,1942.0,2240,0,68,12872.9
2532.636,55.5,1942.0,2240,0,68,12945.8
2532.761,55.5,1942.0,2240,2,68,13030.3
2532.887,55.5,1942.0,2240,2,68,13056.3
2533.011,55.5,1942.0,2240,0,68,13159.8
2533.136,55.5,1942.0,2240,0,68,13070.5
2533.262,55.5,1942.0,2240,2,68,13079.4
2533.388,55.5,1942.0,2240,2,68,13151.1
2533.513,55.5,1942.0,2240,0,68,13152.8
2533.641,55.5,1942.0,2240,0,68,13239.5
2533.766,55.5,1942.0,2240,2,68,13327.9
2533.892,55.5,1942.0,2240,2,68,13409.2
2534.017,55.5,1942.0,2240,0,68,13435.2
2534.136,55.5,1942.0,2240,0,68,13353.9
2534.253,110.4,1942.0,2240,2,68,13388.7
2534.371,239.9,1942.0,2240,8,68,13435.5
2534.489,369.4,1942.0,2240,8,68,13469.3
2534.607,369.4,1942.0,2240,6,68,13393.7
2534.726,498.9,1942.0,2240,8,68,13354.9
2534.844,498.9,1942.0,2240,8,68,13385.5
2534.962,80.4,1942.0,2240,8,72,13389.9
2535.08,241.4,1942.0,2240,67,69,13427.9
2535.198,241.4,1942.0,2240,8,68,13459.0
2535.315,370.9,1942.0,2240,8,68,13461.2
2535.434,500.4,1942.0,2240,8,68,13342.8
2535.552,500.4,1942.0,2240,7,68,13354.5
2535.669,80.6,1942.0,2240,7,71,13364.0
2535.786,112.2,1942.0,2240,51,69,13348.4
2535.904,241.7,1942.0,2240,26,68,13366.6
2536.022,371.2,1942.0,2240,8,68,13355.0
2536.14,500.7,1942.0,2240,8,68,13387.0
2536.259,500.7,1942.0,2240,8,68,13416.0
2536.376,80.9,1942.0,2240,44,72,13419.9
2536.493,241.9,1942.0,2240,44,69,13437.0
2536.611,371.4,1942.0,2240,36,68,13460.2
2536.729,500.9,1942.0,2240,13,68,13478.2
2536.85,81.1,1942.0,2240,69,72,13473.1
2536.969,371.6,1942.0,2240,69,68,13476.7
2537.088,81.3,1942.0,2240,24,71,13472.5
2537.207,242.3,1942.0,2240,72,69,13471.2
2537.327,501.3,1942.0,2240,72,68,13479.8
2537.446,81.5,1942.0,2240,18,72,13474.2
2537.566,242.5,1942.0,2240,67,69,13489.1
2537.685,372.0,1942.0,2240,14,68,13509.5
2537.804,81.7,1942.0,2240,14,69,13522.5
2537.923,85.2,1942.0,2240,53,70,13521.1
2538.042,242.8,1942.0,2240,31,68,13539.7
2538.162,501.8,1942.0,2240,31,68,13555.5
2538.283,82.0,1942.0,2240,13,68,13574.2
2538.402,82.0,1942.0,2240,57,70,13569.3
2538.522,243.0,1942.0,2240,23,68,13584.5
2538.641,502.0,1942.0,2240,23,68,13599.9
2538.762,82.2,1942.0,2240,15,71,13603.9
2538.881,243.2,1942.0,2240,69,69,13613.4
2539.001,243.2,1942.0,2240,69,68,13630.8
2539.121,372.7,1942.0,2240,8,68,13650.3
2539.24,502.2,1942.0,2240,9,68,13669.6
2539.372,82.4,1942.0,2240,18,68,13679.1
2539.491,82.4,1942.0,2240,18,70,13673.8
2539.612,243.4,1942.0,2240,57,68,13683.5
2539.744,372.9,1942.0,2240,4,68,13668.4
2540.012,502.4,1942.0,2240,3,68,13643.7
2540.314,82.6,1942.0,2240,64,69,13622.3
2540.578,243.6,1942.0,2240,5,68,13595.8
2540.882,373.1,1942.0,2240,3,68,13566.7
2541.204,82.8,1942.0,2240,30,70,13549.4
2541.45,373.3,1942.0,2240,9,68,13523.6
2541.735,502.8,1942.0,2240,4,68,13497.9
2542.027,83.1,1942.0,2240,52,72,13488.3
2542.191,244.1,1942.0,2240,24,68,13463.8
2542.465,503.1,1942.0,2240,7,68,13437.4
2542.75,83.3,1942.0,2240,19,72,13429.9
2542.896,244.3,1942.0,2240,59,68,13417.7
2543.116,373.8,1942.0,2240,9,68,13394.6
2543.39,83.5,1942.0,2240,11,69,13374.7
2543.658,244.5,1942.0,2240,5,68,13341.7
2543.981,244.5,1942.0,2240,4,68,13308.5
2544.313,374.0,1942.0,2240,1,68,13275.5
2544.662,374.0,1942.0,2240,5,68,13242.2
2544.995,503.5,1942.0,2240,4,68,13211.9
2545.301,83.7,1942.0,2240,8,72,13202.3
2545.431,244.7,1942.0,2240,64,68,13145.1
2545.592,374.2,1942.0,2240,7,68,13174.4
2545.711,503.7,1942.0,2240,11,68,13113.1
2545.833,83.9,1942.0,2240,11,69,13017.2
2545.952,83.9,1942.0,2240,51,70,12743.5
2546.076,244.9,1942.0,2240,25,68,12787.5
2546.195,374.4,1942.0,2240,25,68,12847.9
2546.318,503.9,1942.0,2240,9,68,12886.0
2546.437,503.9,1942.0,2240,10,68,12902.2
2546.557,503.9,1942.0,2240,1,68,12894.4
2546.676,84.2,1942.0,2240,1,69,12885.2
2546.795,84.2,1942.0,2240,53,69,12875.4
2546.914,245.2,1942.0,2240,18,68,12871.9
2547.035,245.2,1942.0,2240,18,68,12858.2
2547.155,245.2,1942.0,2240,1,68,12850.8
2547.275,374.7,1942.0,2240,7,68,12832.5
2547.393,504.2,1942.0,2240,11,68,12699.3
2547.511,84.4,1942.0,2240,11,70,12688.6
2547.629,115.9,1942.0,2240,57,69,12696.9
2547.747,374.9,1942.0,2240,22,68,12715.7
2547.865,374.9,1942.0,2240,22,68,12742.3
2547.983,504.4,1942.0,2240,11,68,12745.0
2548.101,84.6,1942.0,2240,40,72,12748.0
2548.218,245.6,1942.0,2240,38,68,12748.7
2548.337,375.1,1942.0,2240,38,68,12776.2
2548.455,504.6,1942.0,2240,13,68,12806.6
2548.573,84.8,1942.0,2240,39,71,12817.5
2548.691,245.8,1942.0,2240,39,69,12833.2
2548.808,375.3,1942.0,2240,41,68,12856.0
2548.926,504.8,1942.0,2240,13,68,12877.9
2549.044,85.0,1942.0,2240,13,71,12882.0
2549.162,246.0,1942.0,2240,60,69,12895.7
2549.279,375.5,1942.0,2240,23,68,12627.2
2549.398,85.3,1942.0,2240,24,69,12623.8
2549.516,85.3,1942.0,2240,24,70,12626.2
2549.634,246.3,1942.0,2240,60,68,12648.1
2549.752,375.8,1942.0,2240,13,68,12660.3
2549.869,85.5,1942.0,2240,13,70,12668.7
2549.987,117.0,1942.0,2240,52,69,12653.1
2550.108,246.5,1942.0,2240,29,68,12676.3
2550.226,376.0,1942.0,2240,9,68,12698.8
2550.344,505.5,1942.0,2240,9,68,12707.8
2550.461,85.7,1942.0,2240,17,70,12717.2
2550.579,246.7,1942.0,2240,64,69,12730.4
2550.697,376.2,1942.0,2240,64,68,12746.6
2550.816,505.7,1942.0,2240,17,68,12768.7
2550.934,85.9,1942.0,2240,56,72,12769.4
2551.052,246.9,1942.0,2240,56,68,12790.1
2551.17,376.4,1942.0,2240,24,68,12812.8
2551.288,505.9,1942.0,2240,12,67,12829.7
2551.405,86.1,1942.0,2240,53,71,12805.1
2551.523,247.1,1942.0,2240,53,68,12820.9
2551.645,376.6,1942.0,2240,26,68,12885.3
2551.769,506.1,1942.0,2240,12,67,12923.5
2551.888,55.7,1942.0,2240,12,71,12920.7
2552.007,55.7,1942.0,2240,63,68,12991.4
2552.134,55.7,1942.0,2240,8,68,13045.3
2552.261,55.7,1942.0,2240,2,67,13105.6
2552.389,55.7,1942.0,2240,2,67,13146.4
2552.517,55.7,1942.0,2240,2,67,13201.8
2552.646,55.7,1942.0,2240,0,67,13252.2
2552.774,55.7,1942.0,2240,2,67,13279.7
2552.902,55.7,1942.0,2240,2,67,13354.3
2553.03,55.7,1942.0,2240,0,67,13393.4
2553.286,55.7,1942.0,2240,2,67,13370.1
2553.512,55.7,1942.0,2240,2,67,13089.8
2553.64,55.7,1942.0,2240,0,67,12938.9
2553.761,55.7,1942.0,2240,2,67,13025.4
2553.887,55.7,1942.0,2240,2,67,13102.5
2554.013,55.7,1942.0,2240,2,67,13192.4
2554.138,55.7,1942.0,2240,0,67,13296.0
2554.263,55.7,1942.0,2240,2,67,13316.1
2554.387,55.7,1942.0,2240,2,67,13260.1
2554.508,55.7,1942.0,2240,2,67,13322.8
2554.628,55.7,1942.0,2240,0,67,13388.5
2554.748,55.7,1942.0,2240,2,67,13432.5
2554.867,55.7,1942.0,2240,2,67,13478.7
2554.988,55.7,1942.0,2240,2,67,13519.3
2555.107,55.7,1942.0,2240,0,67,13541.1
2555.225,54.7,1942.0,2240,0,67,13449.4
2555.343,240.2,1942.0,2240,3,67,13488.7
2555.461,240.2,1942.0,2240,8,67,13520.7
2555.579,369.7,1942.0,2240,6,67,13553.9
2555.697,499.2,1942.0,2240,6,67,13588.1
2555.815,499.2,1942.0,2240,8,67,13574.3
2555.935,81.0,1942.0,2240,43,71,13470.2
2556.052,112.5,1942.0,2240,43,69,13469.0
2556.172,242.0,1942.0,2240,34,68,13488.7
2556.296,371.5,1942.0,2240,8,67,13470.2
2556.421,371.5,1942.0,2240,9,67,13504.0
2556.538,501.0,1942.0,2240,9,67,13531.7
2556.656,81.2,1942.0,2240,6,68,13550.1
2556.773,81.2,1942.0,2240,70,70,13555.9
2556.892,242.2,1942.0,2240,70,68,13581.1
2557.01,371.7,1942.0,2240,10,68,13603.5
2557.127,371.7,1942.0,2240,6,67,13569.1
2557.25,501.2,1942.0,2240,8,67,13583.7
2557.368,501.2,1942.0,2240,8,67,13611.2
2557.487,81.4,1942.0,2240,38,72,13606.0
2557.607,371.9,1942.0,2240,46,68,13622.0
2557.726,501.4,1942.0,2240,46,68,13638.8
2557.845,81.6,1942.0,2240,15,72,13633.4
2557.964,242.7,1942.0,2240,73,68,13637.7
2558.084,501.7,1942.0,2240,73,68,13648.6
2558.203,81.9,1942.0,2240,19,72,13638.6
2558.323,372.4,1942.0,2240,74,68,13645.3
2558.443,523.9,1942.0,2240,19,68,13652.8
2558.562,82.1,1942.0,2240,19,71,13646.6
2558.681,243.1,1942.0,2240,69,68,13675.4
2558.802,502.1,1942.0,2240,15,68,13690.8
2558.922,82.3,1942.0,2240,59,72,13690.3
2559.041,243.3,1942.0,2240,59,69,13702.4
2559.16,372.8,1942.0,2240,27,68,13717.8
2559.28,502.3,1942.0,2240,13,68,13736.5
2559.399,82.5,1942.0,2240,13,72,13728.4
2559.519,243.5,1942.0,2240,71,68,13739.9
2559.639,502.5,1942.0,2240,14,68,13755.3
2559.758,82.7,1942.0,2240,47,71,13758.7
2559.877,114.2,1942.0,2240,47,69,13762.3
2559.999,243.7,1942.0,2240,37,68,13765.9
2560.171,373.2,1942.0,2240,5,68,13740.8
2560.458,502.7,1942.0,2240,2,68,13716.1
2560.759,502.7,1942.0,2240,63,69,13690.1
2561.056,244.0,1942.0,2240,6,68,13665.3
2561.312,373.5,1942.0,2240,4,68,13640.2
2561.583,503.0,1942.0,2240,3,68,13606.1
2561.91,83.2,1942.0,2240,46,69,13581.9
2562.195,244.2,1942.0,2240,6,68,13555.1
2562.481,373.7,1942.0,2240,4,68,13526.1
2562.776,83.4,1942.0,2240,45,69,13477.0
2563.087,373.9,1942.0,2240,12,68,13453.6
2563.352,503.4,1942.0,2240,6,68,13427.8
2563.631,83.6,1942.0,2240,35,72,13418.1
2563.796,244.6,1942.0,2240,3,68,13390.9
2564.076,503.6,1942.0,2240,10,68,13361.3
2564.379,83.8,1942.0,2240,4,72,13353.8
2564.506,244.8,1942.0,2240,73,68,13338.0
2564.711,374.3,1942.0,2240,9,68,13314.5
2564.979,84.1,1942.0,2240,69,69,13297.0
2565.235,245.1,1942.0,2240,69,68,13192.3
2565.354,374.6,1942.0,2240,8,68,13175.8
2565.473,504.1,1942.0,2240,10,68,13057.5
2565.592,504.1,1942.0,2240,10,68,12933.0
2565.726,504.1,1942.0,2240,6,68,12929.0
2565.847,504.1,1942.0,2240,1,68,12916.0
2565.967,504.1,1942.0,2240,2,68,12902.9
2566.087,504.1,1942.0,2240,2,68,12893.2
2566.207,504.1,1942.0,2240,3,68,12881.8
2566.327,504.1,1942.0,2240,1,68,12872.9
2566.447,84.3,1942.0,2240,1,73,12863.0
2566.566,84.3,1942.0,2240,69,69,12850.1
2566.686,84.3,1942.0,2240,2,68,12838.0
2566.807,87.8,1942.0,2240,1,68,12825.4
2566.927,115.8,1942.0,2240,1,68,12817.8
2567.047,115.8,1942.0,2240,3,68,12806.3
2567.167,245.3,1942.0,2240,2,68,12800.0
2567.287,245.3,1942.0,2240,1,68,12788.4
2567.407,245.3,1942.0,2240,1,68,12774.9
2567.527,245.3,1942.0,2240,2,68,12762.3
2567.647,245.3,1942.0,2240,2,68,12751.6
2567.767,245.3,1942.0,2240,2,68,12739.6
2567.887,245.3,1942.0,2240,1,68,12729.9
2568.007,245.3,1942.0,2240,3,68,12723.6
2568.129,245.3,1942.0,2240,2,68,12716.4
2568.248,374.8,1942.0,2240,2,68,12711.6
2568.367,374.8,1942.0,2240,5,68,12730.9
2568.484,504.3,1942.0,2240,8,68,12719.7
2568.603,84.5,1942.0,2240,8,69,12698.6
2568.721,84.5,1942.0,2240,41,70,12707.0
2568.838,375.0,1942.0,2240,38,68,12711.1
2568.956,375.0,1942.0,2240,13,68,12667.2
2569.076,504.5,1942.0,2240,13,68,12590.9
2569.194,84.7,1942.0,2240,27,72,12595.1
2569.312,245.7,1942.0,2240,52,69,12621.4
2569.431,245.7,1942.0,2240,52,68,12638.2
2569.548,375.2,1942.0,2240,9,68,12677.9
2569.666,84.9,1942.0,2240,15,69,12698.4
2569.784,84.9,1942.0,2240,15,70,12703.3
2569.901,375.4,1942.0,2240,72,68,12725.8
2570.02,85.2,1942.0,2240,19,68,12745.6
2570.137,116.7,1942.0,2240,78,71,12703.1
2570.256,505.2,1942.0,2240,78,68,12712.6
2570.374,85.4,1942.0,2240,53,72,12713.2
2570.492,505.4,1942.0,2240,56,69,12569.3
2570.611,85.6,1942.0,2240,56,72,12570.6
2570.729,376.1,1942.0,2240,76,69,12587.3
2570.847,85.8,1942.0,2240,31,70,12591.9
2570.965,246.8,1942.0,2240,71,69,12597.8
2571.083,505.8,1942.0,2240,71,68,12616.8
2571.2,86.0,1942.0,2240,30,72,12622.6
2571.319,247.0,1942.0,2240,61,69,12674.9
2571.437,376.5,1942.0,2240,61,68,12616.5
2571.559,506.0,1942.0,2240,12,68,12628.2
2571.677,506.0,1942.0,2240,5,68,12635.4
2571.795,86.3,1942.0,2240,5,72,12637.3
2571.913,247.3,1942.0,2240,67,69,12648.6
2572.031,376.8,1942.0,2240,16,68,12659.4
2572.149,86.5,1942.0,2240,33,70,12656.5
2572.268,247.5,1942.0,2240,33,69,12660.2
2572.386,506.5,1942.0,2240,61,68,12676.1
2572.504,86.7,1942.0,2240,33,70,12681.1
2572.621,247.7,1942.0,2240,33,69,12687.6
2572.739,506.7,1942.0,2240,63,68,12698.9
2572.856,56.3,1942.0,2240,12,69,12724.3
2572.974,56.3,1942.0,2240,69,71,12770.3
2573.097,56.3,1942.0,2240,69,68,12863.0
2573.233,56.3,1942.0,2240,2,68,12928.1
2573.359,56.3,1942.0,2240,2,68,12933.6
2573.486,56.3,1942.0,2240,0,68,12640.4
2573.614,56.3,1942.0,2240,0,68,12584.4
2573.753,56.3,1942.0,2240,2,68,12682.6
2573.878,56.3,1942.0,2240,1,68,12754.2
2574.003,56.3,1942.0,2240,1,68,12831.4
2574.129,56.3,1942.0,2240,1,68,12901.9
2574.255,56.3,1942.0,2240,2,68,12987.4
2574.38,56.3,1942.0,2240,1,68,13092.4
2574.506,56.3,1942.0,2240,1,68,13180.9
2574.631,56.3,1942.0,2240,1,68,13087.5
2574.756,56.3,1942.0,2240,2,68,13092.9
2574.882,56.3,1942.0,2240,1,68,13141.9
2575.009,56.3,1942.0,2240,1,68,13191.0
2575.136,56.3,1942.0,2240,1,68,13203.4
2575.261,56.3,1942.0,2240,2,68,13293.5
2575.386,56.3,1942.0,2240,1,68,13348.2
2575.507,56.3,1942.0,2240,1,68,13382.6
2575.628,56.3,1942.0,2240,1,68,13362.2
2575.75,110.9,1942.0,2240,2,67,13295.6
2575.868,240.4,1942.0,2240,8,67,13367.9
2575.986,369.9,1942.0,2240,9,67,13441.8
2576.104,499.4,1942.0,2240,9,67,13506.3
2576.222,499.4,1942.0,2240,9,67,13552.8
2576.339,81.4,1942.0,2240,58,68,13555.1
2576.456,112.9,1942.0,2240,58,68,13440.3
2576.575,242.4,1942.0,2240,46,68,13318.9
2576.693,371.9,1942.0,2240,10,68,13366.3
2576.811,501.4,1942.0,2240,10,68,13397.5
2576.928,501.4,1942.0,2240,9,68,13426.6
2577.046,81.6,1942.0,2240,43,72,13426.6
2577.164,242.6,1942.0,2240,54,69,13400.9
2577.281,372.1,1942.0,2240,54,68,13401.7
2577.399,501.6,1942.0,2240,11,68,13424.6
2577.516,501.6,1942.0,2240,7,68,13455.4
2577.633,81.8,1942.0,2240,7,70,13464.3
2577.751,113.3,1942.0,2240,60,69,13461.6
2577.869,242.8,1942.0,2240,40,68,13483.7
2577.987,501.8,1942.0,2240,40,68,13503.0
2578.105,501.8,1942.0,2240,12,68,13519.5
2578.223,82.0,1942.0,2240,42,71,13519.5
2578.342,243.0,1942.0,2240,57,69,13531.9
2578.46,502.0,1942.0,2240,57,68,13546.8
2578.579,82.3,1942.0,2240,17,71,13543.6
2578.697,243.3,1942.0,2240,89,70,13542.2
2578.816,502.3,1942.0,2240,89,68,13551.6
2578.934,82.5,1942.0,2240,20,70,13550.0
2579.053,86.0,1942.0,2240,76,70,13550.9
2579.171,243.5,1942.0,2240,24,68,13575.5
2579.29,502.5,1942.0,2240,24,68,13588.6
2579.409,82.7,1942.0,2240,23,71,13582.1
2579.528,114.2,1942.0,2240,88,70,13584.8
2579.649,373.2,1942.0,2240,88,68,13601.3
2579.768,502.7,1942.0,2240,20,68,13617.7
2579.887,82.9,1942.0,2240,12,70,13627.6
2580.005,82.9,1942.0,2240,86,71,13621.5
2580.124,373.4,1942.0,2240,86,68,13635.2
2580.243,502.9,1942.0,2240,15,68,13649.0
2580.362,83.1,1942.0,2240,39,71,13649.7
2580.48,114.6,1942.0,2240,39,70,13653.2
2580.599,244.1,1942.0,2240,62,68,13667.9
2580.718,373.6,1942.0,2240,10,68,13684.2
2580.843,503.1,1942.0,2240,9,68,13677.4
2581.076,58.9,1942.0,2240,68,71,13656.5
2581.367,244.4,1942.0,2240,2,68,13629.9
2581.654,373.9,1942.0,2240,4,68,13592.1
2581.983,503.4,1942.0,2240,2,68,13559.7
2582.298,83.6,1942.0,2240,41,70,13534.9
2582.6,244.6,1942.0,2240,7,68,13507.4
2582.877,374.1,1942.0,2240,3,68,13480.4
2583.157,83.8,1942.0,2240,33,71,13460.4
2583.418,244.8,1942.0,2240,7,68,13439.4
2583.658,503.8,1942.0,2240,10,68,13414.8
2583.928,84.0,1942.0,2240,78,71,13397.8
2584.161,245.0,1942.0,2240,19,68,13376.0
2584.407,504.0,1942.0,2240,5,68,13350.6
2584.678,84.2,1942.0,2240,46,72,13341.9
2584.831,245.2,1942.0,2240,51,69,13330.5
2584.992,374.7,1942.0,2240,9,68,13303.4
2585.282,504.2,1942.0,2240,29,72,13280.0
2585.543,116.0,1942.0,2240,5,69,13254.6
2585.808,245.5,1942.0,2240,7,68,13228.3
2586.097,375.0,1942.0,2240,3,68,13171.4
2586.275,504.5,1942.0,2240,9,68,12797.8
2586.396,84.7,1942.0,2240,47,72,12730.6
2586.518,116.2,1942.0,2240,47,69,12770.3
2586.635,245.7,1942.0,2240,47,69,12817.5
2586.753,375.2,1942.0,2240,8,68,12863.6
2586.871,375.2,1942.0,2240,8,68,12903.4
2586.988,504.7,1942.0,2240,8,68,12945.8
2587.106,84.9,1942.0,2240,7,71,12957.8
2587.227,84.9,1942.0,2240,84,71,12954.8
2587.346,245.9,1942.0,2240,84,69,12982.2
2587.466,375.4,1942.0,2240,13,68,13023.6
2587.587,504.9,1942.0,2240,8,68,13054.2
2587.706,85.1,1942.0,2240,30,70,13070.2
2587.826,85.1,1942.0,2240,30,71,13064.6
2587.946,246.1,1942.0,2240,69,69,13083.4
2588.066,505.1,1942.0,2240,12,68,13096.7
2588.186,85.3,1942.0,2240,12,70,13099.0
2588.306,85.3,1942.0,2240,40,72,13091.1
2588.427,375.8,1942.0,2240,63,69,13096.2
2588.547,505.3,1942.0,2240,16,68,13108.7
2588.667,85.5,1942.0,2240,16,72,13100.0
2588.787,246.6,1942.0,2240,88,69,12907.4
2588.906,376.1,1942.0,2240,14,68,12478.6
2589.025,505.6,1942.0,2240,14,68,12444.0
2589.143,85.8,1942.0,2240,9,69,12472.0
2589.26,85.8,1942.0,2240,51,73,12472.0
2589.377,246.8,1942.0,2240,46,69,12505.5
2589.495,246.8,1942.0,2240,46,68,12541.2
2589.613,376.3,1942.0,2240,9,68,12574.6
2589.731,505.8,1942.0,2240,10,68,12614.8
2589.848,86.0,1942.0,2240,10,70,12629.0
2589.966,86.0,1942.0,2240,51,71,12639.5
2590.084,247.0,1942.0,2240,45,69,12686.6
2590.203,376.5,1942.0,2240,14,68,12735.4
2590.321,506.0,1942.0,2240,14,68,12775.2
2590.44,86.2,1942.0,2240,10,69,12807.7
2590.557,86.2,1942.0,2240,77,73,12808.9
2590.675,247.2,1942.0,2240,77,69,12853.8
2590.793,247.2,1942.0,2240,18,68,12892.7
2590.911,376.7,1942.0,2240,9,68,12917.2
2591.034,506.2,1942.0,2240,9,68,12808.8
2591.151,86.4,1942.0,2240,9,71,12819.9
2591.269,86.4,1942.0,2240,77,70,12832.5
2591.386,247.4,1942.0,2240,24,68,12875.1
2591.504,376.9,1942.0,2240,24,68,12908.8
2591.622,506.4,1942.0,2240,11,68,12943.7
2591.739,86.6,1942.0,2240,52,72,12944.5
2591.857,247.7,1942.0,2240,52,69,12869.1
2591.978,247.7,1942.0,2240,48,68,12792.2
2592.095,377.2,1942.0,2240,9,68,12837.6
2592.213,506.7,1942.0,2240,10,68,12853.2
2592.333,86.9,1942.0,2240,10,70,12843.4
2592.45,118.4,1942.0,2240,72,70,12850.1
2592.568,247.9,1942.0,2240,27,68,12870.6
2592.686,377.4,1942.0,2240,27,68,12891.2
2592.804,506.9,1942.0,2240,12,68,12915.1
2592.922,87.1,1942.0,2240,34,71,12919.6
2593.039,118.6,1942.0,2240,34,69,12929.4
2593.157,377.6,1942.0,2240,64,68,12956.4
2593.274,507.1,1942.0,2240,15,68,12988.8
2593.392,507.1,1942.0,2240,8,68,13019.7
2593.511,507.1,1942.0,2240,8,68,13004.9
2593.63,56.7,1942.0,2240,1,70,12994.4
2593.748,56.7,1942.0,2240,89,70,13037.3
2593.874,56.7,1942.0,2240,2,68,13055.2
2594.002,56.7,1942.0,2240,2,68,13093.7
2594.13,56.7,1942.0,2240,0,68,13141.6
2594.259,56.7,1942.0,2240,2,68,13195.4
2594.388,56.7,1942.0,2240,2,68,13251.3
2594.516,56.7,1942.0,2240,2,68,13291.7
2594.652,56.7,1942.0,2240,0,68,13333.4
2594.781,56.7,1942.0,2240,2,68,13360.8
2595.093,56.7,1942.0,2240,2,68,13359.2
2595.356,56.7,1942.0,2240,2,68,13020.4
2595.493,56.7,1942.0,2240,2,68,13026.4
2595.637,56.7,1942.0,2240,0,68,13027.4
2595.764,56.7,1942.0,2240,2,68,13104.1
2595.889,56.7,1942.0,2240,2,68,13187.4
2596.015,56.7,1942.0,2240,2,68,13276.9
2596.141,56.7,1942.0,2240,0,68,13331.6
2596.268,56.7,1942.0,2240,2,68,13254.5
2596.393,56.7,1942.0,2240,2,68,13300.9
2596.519,56.7,1942.0,2240,2,68,13255.6
2596.64,56.7,1942.0,2240,0,68,13288.6
2596.76,56.7,1942.0,2240,2,68,13341.1
2596.88,56.7,1942.0,2240,2,68,13385.6
2597.001,56.7,1942.0,2240,2,68,13423.2
2597.12,56.7,1942.0,2240,0,68,13446.3
2597.24,56.7,1942.0,2240,2,68,13461.5
2597.36,53.1,1942.0,2240,2,68,13325.3
2597.478,240.7,1942.0,2240,3,68,13355.8
2597.596,370.2,1942.0,2240,11,68,13384.2
2597.714,499.7,1942.0,2240,11,68,13416.0
2597.832,82.0,1942.0,2240,12,69,13438.4
2597.949,82.0,1942.0,2240,66,72,13438.4
2598.067,243.0,1942.0,2240,48,69,13474.1
2598.185,243.0,1942.0,2240,48,68,13529.1
2598.304,372.5,1942.0,2240,10,68,13564.6
2598.422,502.0,1942.0,2240,9,68,13588.9
2598.54,502.0,1942.0,2240,9,68,13567.8
2598.658,82.2,1942.0,2240,24,71,13458.3
2598.788,113.7,1942.0,2240,92,69,13473.2
2598.906,243.2,1942.0,2240,9,68,13497.5
2599.024,372.7,1942.0,2240,9,68,13521.0
2599.141,372.7,1942.0,2240,6,68,13548.7
2599.26,502.2,1942.0,2240,8,68,13578.5
2599.377,82.4,1942.0,2240,8,69,13584.0
2599.502,82.4,1942.0,2240,33,72,13532.3
2599.62,243.4,1942.0,2240,82,69,13547.7
2599.738,372.9,1942.0,2240,13,68,13571.6
2599.856,502.4,1942.0,2240,13,68,13592.4
2599.977,82.7,1942.0,2240,13,70,13595.8
2600.097,82.7,1942.0,2240,93,72,13587.0
2600.217,373.2,1942.0,2240,93,68,13596.1
2600.338,502.7,1942.0,2240,29,68,13607.9
2600.458,82.9,1942.0,2240,50,72,13598.5
2600.578,243.9,1942.0,2240,73,69,13595.9
2600.698,502.9,1942.0,2240,73,68,13607.4
2600.818,83.1,1942.0,2240,18,70,13606.8
2600.938,83.1,1942.0,2240,88,72,13597.4
2601.058,244.1,1942.0,2240,88,69,13619.8
2601.178,373.6,1942.0,2240,30,68,13637.7
2601.299,83.3,1942.0,2240,17,69,13648.5
2601.42,83.3,1942.0,2240,86,72,13639.0
2601.54,244.3,1942.0,2240,86,69,13654.9
2601.661,373.8,1942.0,2240,33,68,13671.6
2601.781,503.3,1942.0,2240,13,68,13694.7
2601.902,83.5,1942.0,2240,59,71,13694.6
2602.022,83.5,1942.0,2240,59,71,13690.1
2602.144,244.5,1942.0,2240,58,68,13705.3
2602.265,503.5,1942.0,2240,14,68,13722.0
2602.385,83.8,1942.0,2240,14,70,13728.3
2602.504,83.8,1942.0,2240,56,73,13718.1
2602.623,244.8,1942.0,2240,64,69,13735.9
2602.742,374.3,1942.0,2240,10,68,13754.0
2602.861,374.3,1942.0,2240,7,68,13761.0
2603.045,503.8,1942.0,2240,4,68,13743.7
2603.303,84.0,1942.0,2240,96,71,13711.7
2603.59,245.0,1942.0,2240,27,68,13682.7
2603.859,374.5,1942.0,2240,8,68,13661.4
2604.115,504.0,1942.0,2240,3,68,13629.9
2604.415,504.0,1942.0,2240,1,68,13599.3
2604.73,84.2,1942.0,2240,1,72,13590.3
2604.856,87.7,1942.0,2240,77,70,13585.6
2604.992,245.2,1942.0,2240,5,68,13556.7
2605.279,374.7,1942.0,2240,4,68,13528.4
2605.575,84.4,1942.0,2240,51,72,13516.5
2605.754,115.9,1942.0,2240,70,69,13505.1
2605.912,374.9,1942.0,2240,13,68,13482.0
2606.176,504.4,1942.0,2240,7,68,13452.2
2606.466,84.6,1942.0,2240,39,72,13441.3
2606.597,116.1,1942.0,2240,77,70,13434.9
2606.732,375.1,1942.0,2240,10,68,13412.1
2606.999,504.6,1942.0,2240,6,68,13386.6
2607.267,84.9,1942.0,2240,71,72,13376.1
2607.39,245.9,1942.0,2240,71,70,13371.6
2607.518,375.4,1942.0,2240,7,68,13352.0
2607.77,504.9,1942.0,2240,3,68,13282.9
2608.044,85.1,1942.0,2240,3,72,13264.3
2608.164,85.1,1942.0,2240,90,71,13173.1
2608.284,246.1,1942.0,2240,27,69,12983.3
2608.403,375.6,1942.0,2240,27,68,12774.9
2608.531,505.1,1942.0,2240,9,68,12806.3
2608.649,505.1,1942.0,2240,7,68,12846.6
2608.768,85.3,1942.0,2240,67,72,12841.2
2608.887,85.3,1942.0,2240,67,71,12842.0
2609.006,246.3,1942.0,2240,51,69,12867.2
2609.125,375.8,1942.0,2240,9,69,12893.9
2609.245,505.3,1942.0,2240,9,68,12927.7
2609.364,85.5,1942.0,2240,11,71,12927.9
2609.483,85.5,1942.0,2240,91,72,12920.7
2609.603,246.5,1942.0,2240,28,69,12945.5
2609.722,376.0,1942.0,2240,28,69,12971.9
2609.841,376.0,1942.0,2240,7,68,12977.6
2609.961,505.5,1942.0,2240,8,68,12740.3
2610.08,85.7,1942.0,2240,8,70,12732.4
2610.197,85.7,1942.0,2240,45,72,12732.4
2610.314,246.7,1942.0,2240,73,69,12765.9
2610.433,246.7,1942.0,2240,73,69,12817.9
2610.55,376.2,1942.0,2240,9,68,12874.6
2610.667,505.7,1942.0,2240,9,68,12868.2
2610.785,85.9,1942.0,2240,15,68,12888.4
2610.904,85.9,1942.0,2240,15,72,12888.4
2611.021,117.5,1942.0,2240,100,70,12906.6
2611.139,247.0,1942.0,2240,12,69,12929.8
2611.257,376.5,1942.0,2240,12,68,12924.0
2611.377,506.0,1942.0,2240,9,68,12814.8
2611.495,86.2,1942.0,2240,10,70,12824.6
2611.613,86.2,1942.0,2240,100,73,12824.6
2611.731,247.2,1942.0,2240,100,69,12857.9
2611.849,247.2,1942.0,2240,15,68,12866.4
2611.968,376.7,1942.0,2240,11,68,12847.9
2612.087,86.4,1942.0,2240,11,70,12804.5
2612.21,86.4,1942.0,2240,49,73,12793.4
2612.328,247.4,1942.0,2240,70,69,12801.3
2612.446,376.9,1942.0,2240,16,68,12810.4
2612.564,86.6,1942.0,2240,16,69,12817.7
2612.681,86.6,1942.0,2240,54,72,12817.7
2612.798,247.6,1942.0,2240,67,69,12827.4
2612.917,377.1,1942.0,2240,67,68,12842.3
2613.034,86.8,1942.0,2240,18,70,12848.0
2613.152,86.8,1942.0,2240,81,72,12848.0
2613.269,247.8,1942.0,2240,81,69,12862.8
2613.388,377.3,1942.0,2240,40,68,12876.8
2613.506,506.8,1942.0,2240,15,68,12899.0
2613.624,87.0,1942.0,2240,58,71,12901.9
2613.742,87.0,1942.0,2240,58,71,12909.8
2613.86,248.1,1942.0,2240,59,69,12937.9
2613.978,377.6,1942.0,2240,12,68,12895.4
2614.097,507.1,1942.0,2240,12,68,12912.4
2614.215,87.3,1942.0,2240,12,71,12898.4
2614.334,87.3,1942.0,2240,94,71,12879.6
2614.452,248.3,1942.0,2240,24,69,12920.8
2614.57,377.8,1942.0,2240,24,68,12953.4
2614.688,507.3,1942.0,2240,14,68,12995.8
2614.812,87.5,1942.0,2240,65,72,12985.6
2614.932,248.5,1942.0,2240,65,70,12989.5
2615.052,507.5,1942.0,2240,58,68,13008.8
2615.172,87.7,1942.0,2240,23,70,13010.8
2615.292,87.7,1942.0,2240,100,73,13001.0
2615.412,248.7,1942.0,2240,100,69,13020.6
2615.532,378.2,1942.0,2240,14,68,13006.8
2615.651,378.2,1942.0,2240,3,68,12994.0
2615.772,378.2,1942.0,2240,3,68,12982.6
2615.894,378.2,1942.0,2240,2,68,12970.7
2616.014,378.2,1942.0,2240,3,68,12958.2
2616.134,378.2,1942.0,2240,2,68,12944.5
2616.253,378.2,1942.0,2240,2,68,12930.1
2616.373,378.2,1942.0,2240,0,68,12916.7
2616.493,378.2,1942.0,2240,3,68,12902.7
2616.613,507.7,1942.0,2240,3,68,12892.4
2616.734,507.7,1942.0,2240,3,68,12889.5
2616.853,507.7,1942.0,2240,2,68,12884.7
2616.972,507.7,1942.0,2240,3,68,12870.5
2617.092,507.7,1942.0,2240,3,68,12863.4
2617.212,57.3,1942.0,2240,30,72,12853.6
2617.331,57.3,1942.0,2240,82,70,12910.1
2617.46,57.3,1942.0,2240,2,68,13010.3
2617.587,57.3,1942.0,2240,2,68,12949.1
2617.714,57.3,1942.0,2240,2,68,12823.3
2617.855,57.3,1942.0,2240,0,68,12890.0
2617.981,57.3,1942.0,2240,2,68,12954.3
2618.106,57.3,1942.0,2240,2,68,13030.7
2618.233,57.3,1942.0,2240,2,68,13020.8
2618.36,57.3,1942.0,2240,0,68,13001.6
2618.487,57.3,1942.0,2240,2,68,12999.0
2618.616,57.3,1942.0,2240,2,68,13070.1
2618.74,57.3,1942.0,2240,2,68,13144.1
2618.866,57.3,1942.0,2240,0,68,13212.5
2618.992,57.3,1942.0,2240,2,68,13148.0
2619.117,57.3,1942.0,2240,2,68,13197.0
2619.243,57.3,1942.0,2240,2,68,13203.0
2619.368,57.3,1942.0,2240,0,68,13105.8
2619.495,57.3,1942.0,2240,2,68,13181.0
2619.619,57.3,1942.0,2240,2,68,13258.8
2619.745,57.3,1942.0,2240,2,68,13329.2
2619.871,57.3,1942.0,2240,0,68,13407.4
2619.996,57.3,1942.0,2240,2,68,13475.5
2620.122,57.3,1942.0,2240,2,68,13530.5
2620.244,57.3,1942.0,2240,2,68,13672.5
2620.371,53.1,1942.0,2240,1,68,13276.7
2620.489,241.0,1942.0,2240,6,68,13310.5
2620.606,241.0,1942.0,2240,6,68,13349.9
2620.725,370.5,1942.0,2240,9,68,13386.9
2620.842,500.0,1942.0,2240,8,68,13419.3
2620.96,82.5,1942.0,2240,8,69,13439.5
2621.077,82.5,1942.0,2240,36,74,13439.5
2621.196,243.5,1942.0,2240,80,69,13459.9
2621.314,373.0,1942.0,2240,11,68,13485.2
2621.432,373.0,1942.0,2240,11,68,13515.5
2621.551,502.5,1942.0,2240,15,68,13549.4
2621.669,82.7,1942.0,2240,20,69,13570.9
2621.786,82.7,1942.0,2240,20,73,13570.9
2621.903,243.7,1942.0,2240,100,69,13586.7
2622.022,243.7,1942.0,2240,9,68,13522.1
2622.14,373.2,1942.0,2240,9,68,13539.6
2622.259,322.0,1942.0,2240,10,69,13551.8
2622.379,82.9,1942.0,2240,49,73,13542.0
2622.499,244.0,1942.0,2240,70,69,13544.8
2622.618,373.5,1942.0,2240,70,68,13564.4
2622.738,503.0,1942.0,2240,15,68,13579.4
2622.857,83.2,1942.0,2240,48,74,13569.9
2622.979,244.2,1942.0,2240,70,69,13569.3
2623.1,503.2,1942.0,2240,70,69,13581.4
2623.224,83.4,1942.0,2240,18,71,13581.5
2623.344,83.4,1942.0,2240,95,72,13572.9
2623.464,373.9,1942.0,2240,95,69,13579.9
2623.584,503.4,1942.0,2240,28,68,13589.3
2623.704,83.6,1942.0,2240,52,74,13579.6
2623.823,115.1,1942.0,2240,67,70,13587.3
2623.943,244.6,1942.0,2240,67,69,13610.8
2624.062,503.6,1942.0,2240,14,68,13627.8
2624.182,83.8,1942.0,2240,52,73,13620.4
2624.301,87.3,1942.0,2240,52,70,13620.1
2624.421,244.8,1942.0,2240,68,69,13627.9
2624.582,374.3,1942.0,2240,7,68,13611.7
2624.84,503.8,1942.0,2240,1,68,13584.1
2625.172,84.0,1942.0,2240,58,74,13571.8
2625.312,245.0,1942.0,2240,55,69,13556.6
2625.546,374.5,1942.0,2240,6,68,13530.6
2625.842,504.0,1942.0,2240,1,70,13500.2
2626.172,84.3,1942.0,2240,85,74,13489.2
2626.299,245.3,1942.0,2240,26,68,13472.5
2626.548,245.3,1942.0,2240,4,68,13444.8
2626.859,374.8,1942.0,2240,1,68,13414.4
2627.189,504.3,1942.0,2240,2,68,13384.0
2627.503,504.3,1942.0,2240,83,72,13359.3
2627.833,245.5,1942.0,2240,37,68,13335.7
2628.103,375.0,1942.0,2240,8,68,13323.2
2628.348,504.5,1942.0,2240,1,68,13292.8
2628.673,504.5,1942.0,2240,26,69,13265.4
2628.97,84.7,1942.0,2240,26,72,13255.3
2629.094,245.7,1942.0,2240,7,68,13236.4
2629.361,375.2,1942.0,2240,2,68,13208.1
2629.665,504.7,1942.0,2240,21,69,13193.3
2629.813,84.9,1942.0,2240,21,73,12979.9
2629.933,245.9,1942.0,2240,98,69,12829.2
2630.051,245.9,1942.0,2240,8,68,12849.9
2630.168,375.4,1942.0,2240,8,68,12815.5
2630.286,504.9,1942.0,2240,10,68,12813.0
2630.405,504.9,1942.0,2240,7,68,12770.0
2630.522,85.1,1942.0,2240,65,72,12771.4
2630.639,92.1,1942.0,2240,65,70,12788.7
2630.758,246.1,1942.0,2240,49,69,12832.9
2630.875,375.6,1942.0,2240,9,68,12872.0
2630.993,375.6,1942.0,2240,9,68,12914.3
2631.11,505.1,1942.0,2240,7,68,12799.3
2631.23,85.4,1942.0,2240,33,73,12569.4
2631.352,85.4,1942.0,2240,83,71,12590.2
2631.47,246.4,1942.0,2240,83,69,12624.2
2631.587,375.9,1942.0,2240,8,68,12652.3
2631.706,375.9,1942.0,2240,8,68,12686.9
2631.823,505.4,1942.0,2240,8,68,12731.1
2631.941,85.6,1942.0,2240,9,70,12745.8
2632.058,85.6,1942.0,2240,77,73,12745.8
2632.176,246.6,1942.0,2240,77,69,12785.3
2632.295,376.1,1942.0,2240,38,68,12820.1
2632.413,376.1,1942.0,2240,9,68,12852.2
2632.53,505.6,1942.0,2240,9,68,12881.8
2632.648,85.8,1942.0,2240,9,70,12889.2
2632.765,85.8,1942.0,2240,77,72,12896.2
2632.882,246.8,1942.0,2240,39,68,12892.9
2633.015,246.8,1942.0,2240,39,68,12933.1
2633.133,376.3,1942.0,2240,7,68,12969.1
2633.254,505.8,1942.0,2240,8,68,13008.1
2633.374,86.0,1942.0,2240,9,69,13035.7
2633.494,86.0,1942.0,2240,9,72,13025.6
2633.615,247.0,1942.0,2240,100,69,13038.3
2633.735,247.0,1942.0,2240,16,68,13067.7
2633.855,376.5,1942.0,2240,9,68,13093.9
2633.976,506.0,1942.0,2240,9,68,13122.5
2634.096,86.2,1942.0,2240,24,72,13116.2
2634.218,89.7,1942.0,2240,91,70,13115.5
2634.338,376.7,1942.0,2240,91,68,13135.4
2634.458,506.2,1942.0,2240,13,68,13154.3
2634.578,86.5,1942.0,2240,12,70,13159.8
2634.698,86.5,1942.0,2240,96,73,12769.7
2634.817,247.5,1942.0,2240,96,69,12768.8
2634.935,247.5,1942.0,2240,19,68,12803.1
2635.053,377.0,1942.0,2240,8,68,12833.4
2635.171,506.5,1942.0,2240,8,67,12878.5
2635.288,86.7,1942.0,2240,10,69,12903.9
2635.406,86.7,1942.0,2240,66,73,12903.9
2635.524,118.2,1942.0,2240,66,69,12937.1
2635.642,247.7,1942.0,2240,48,68,12771.6
2635.761,377.2,1942.0,2240,11,68,12782.7
2635.879,506.7,1942.0,2240,11,68,12814.2
2635.996,86.9,1942.0,2240,11,72,12821.0
2636.114,86.9,1942.0,2240,74,71,12830.1
2636.232,247.9,1942.0,2240,38,68,12858.9
2636.35,377.4,1942.0,2240,38,68,12885.0
2636.467,506.9,1942.0,2240,11,67,12913.2
2636.585,87.1,1942.0,2240,9,68,12934.5
2636.702,87.1,1942.0,2240,80,72,12934.5
2636.823,248.1,1942.0,2240,80,69,12945.9
2636.94,377.6,1942.0,2240,42,68,12961.4
2637.076,507.1,1942.0,2240,14,68,12969.6
2637.196,87.3,1942.0,2240,80,73,12959.6
2637.316,248.3,1942.0,2240,80,69,12963.7
2637.435,377.8,1942.0,2240,40,68,12985.0
2637.555,507.3,1942.0,2240,12,68,13009.9
2637.675,87.6,1942.0,2240,12,69,13016.0
2637.796,87.6,1942.0,2240,60,71,13007.6
2637.916,248.6,1942.0,2240,73,68,13027.4
2638.037,378.1,1942.0,2240,13,67,13048.2
2638.157,87.8,1942.0,2240,13,68,13058.3
2638.277,87.8,1942.0,2240,56,72,13048.3
2638.397,248.8,1942.0,2240,69,69,13055.8
2638.518,378.3,1942.0,2240,69,68,13076.3
2638.638,507.8,1942.0,2240,14,68,13100.2
2638.758,88.0,1942.0,2240,56,73,13090.2
2638.878,249.0,1942.0,2240,63,69,13094.7
2639.0,378.5,1942.0,2240,63,68,13113.0
2639.12,508.0,1942.0,2240,12,68,13130.3
2639.259,88.2,1942.0,2240,31,72,13126.2
2639.387,119.7,1942.0,2240,89,70,13119.5
2639.533,249.2,1942.0,2240,19,68,13112.3
2639.769,378.7,1942.0,2240,4,68,13090.4
2640.052,508.2,1942.0,2240,3,68,13072.4
2640.361,57.8,1942.0,2240,3,70,12955.4
2640.482,57.8,1942.0,2240,54,72,12577.6
2640.602,57.8,1942.0,2240,56,69,12551.8
2640.727,57.8,1942.0,2240,2,68,12631.7
2640.853,57.8,1942.0,2240,2,68,12699.2
2640.978,57.8,1942.0,2240,2,68,12767.3
2641.104,57.8,1942.0,2240,0,68,12832.9
2641.23,57.8,1942.0,2240,2,68,12882.0
2641.357,57.8,1942.0,2240,2,68,12984.5
2641.483,57.8,1942.0,2240,2,68,13058.9
2641.609,57.8,1942.0,2240,0,68,12968.4
2641.738,57.8,1942.0,2240,2,68,12852.1
2641.879,57.8,1942.0,2240,2,68,12893.2
2642.005,57.8,1942.0,2240,2,68,12980.1
2642.132,57.8,1942.0,2240,0,68,13078.0
2642.258,57.8,1942.0,2240,2,68,13167.6
2642.383,57.8,1942.0,2240,2,68,13241.9
2642.51,57.8,1942.0,2240,2,68,13303.6
2642.638,57.8,1942.0,2240,0,68,13280.9
2642.765,57.8,1942.0,2240,2,68,13341.5
2642.891,57.8,1942.0,2240,2,68,13405.9
2643.017,57.8,1942.0,2240,2,68,13489.2
2643.143,57.8,1942.0,2240,0,68,13553.6
2643.272,57.8,1942.0,2240,2,68,13605.1
2643.399,57.8,1942.0,2240,2,67,13646.6
2643.526,57.8,1942.0,2240,2,67,13676.2
2643.654,57.8,1942.0,2240,0,67,13675.8
2643.776,57.8,1942.0,2240,2,67,13855.6
2643.918,55.6,1942.0,2240,2,67,13296.8
2644.04,241.1,1942.0,2240,2,67,13326.4
2644.159,370.6,1942.0,2240,10,67,13356.3
2644.276,500.1,1942.0,2240,10,67,13385.1
2644.394,525.0,1942.0,2240,10,68,13411.3
2644.512,82.7,1942.0,2240,21,70,13411.3
2644.629,86.2,1942.0,2240,100,69,13422.1
2644.747,243.7,1942.0,2240,20,68,13452.1
2644.864,373.2,1942.0,2240,20,67,13484.5
2644.982,502.7,1942.0,2240,10,67,13506.0
2645.099,82.9,1942.0,2240,16,68,13521.4
2645.217,82.9,1942.0,2240,16,71,13521.4
2645.335,114.5,1942.0,2240,100,69,13525.6
2645.455,244.0,1942.0,2240,25,68,13503.8
2645.574,373.5,1942.0,2240,17,68,13537.8
2645.693,503.0,1942.0,2240,17,68,13344.4
2645.811,503.0,1942.0,2240,9,68,13170.0
2645.93,83.2,1942.0,2240,68,73,13170.0
2646.047,244.2,1942.0,2240,68,69,13180.5
2646.165,373.7,1942.0,2240,50,68,13214.9
2646.283,503.2,1942.0,2240,14,68,13239.0
2646.401,83.4,1942.0,2240,14,70,13252.9
2646.519,83.4,1942.0,2240,43,73,13252.9
2646.637,244.4,1942.0,2240,73,69,13265.4
2646.755,373.9,1942.0,2240,14,68,13282.8
2646.873,503.4,1942.0,2240,14,68,13311.2
2646.991,83.6,1942.0,2240,11,69,13328.3
2647.109,83.6,1942.0,2240,85,73,13328.3
2647.226,244.6,1942.0,2240,85,69,13339.1
2647.345,374.1,1942.0,2240,34,68,13356.8
2647.463,503.6,1942.0,2240,13,68,13374.1
2647.581,83.8,1942.0,2240,71,71,13375.0
2647.701,83.8,1942.0,2240,71,70,13384.9
2647.82,244.8,1942.0,2240,46,68,13424.0
2647.937,374.3,1942.0,2240,12,68,13445.4
2648.055,503.8,1942.0,2240,12,68,13471.5
2648.172,84.0,1942.0,2240,10,72,13481.5
2648.289,84.0,1942.0,2240,93,70,13481.5
2648.407,245.1,1942.0,2240,93,68,13512.8
2648.524,374.6,1942.0,2240,43,67,13534.5
2648.641,504.1,1942.0,2240,11,67,13517.7
2648.76,84.3,1942.0,2240,25,68,13534.9
2648.877,84.3,1942.0,2240,25,70,13534.9
2648.995,115.8,1942.0,2240,100,69,13547.8
2649.112,245.3,1942.0,2240,10,68,13501.7
2649.234,374.8,1942.0,2240,10,67,13414.8
2649.353,504.3,1942.0,2240,13,67,13432.8
2649.471,84.5,1942.0,2240,43,72,13434.8
2649.588,84.5,1942.0,2240,43,70,13445.9
2649.709,245.5,1942.0,2240,72,68,13480.9
2649.827,375.0,1942.0,2240,9,68,13510.9
2649.944,375.0,1942.0,2240,9,68,13542.9
2650.062,504.5,1942.0,2240,9,67,13361.5
2650.184,84.7,1942.0,2240,8,69,13270.4
2650.301,84.7,1942.0,2240,83,72,13270.4
2650.42,245.7,1942.0,2240,83,68,13297.1
2650.538,245.7,1942.0,2240,33,68,13325.2
2650.656,375.2,1942.0,2240,7,67,13350.7
2650.773,504.7,1942.0,2240,8,67,13377.4
2650.89,504.7,1942.0,2240,8,67,13416.1
2651.008,84.9,1942.0,2240,8,68,13425.5
2651.125,84.9,1942.0,2240,99,71,13425.5
2651.242,245.9,1942.0,2240,99,68,13464.3
2651.359,245.9,1942.0,2240,19,67,13492.5
2651.477,375.4,1942.0,2240,9,67,13498.2
2651.6,504.9,1942.0,2240,9,67,13436.4
2651.718,85.1,1942.0,2240,9,68,13430.5
2651.834,85.1,1942.0,2240,72,72,13415.8
2651.952,375.7,1942.0,2240,53,68,13431.6
2652.071,505.2,1942.0,2240,53,68,13455.1
2652.188,85.4,1942.0,2240,15,71,13465.6
2652.306,85.4,1942.0,2240,93,71,13466.8
2652.425,375.9,1942.0,2240,93,68,13484.1
2652.543,85.6,1942.0,2240,34,69,13494.3
2652.66,85.6,1942.0,2240,64,73,13494.3
2652.778,246.6,1942.0,2240,61,69,13504.3
2652.896,85.8,1942.0,2240,61,69,13512.5
2653.013,85.8,1942.0,2240,63,74,13473.2
2653.14,246.8,1942.0,2240,64,68,13351.0
2653.263,376.3,1942.0,2240,64,68,13376.7
2653.381,376.3,1942.0,2240,10,68,13402.7
2653.498,505.8,1942.0,2240,9,67,13434.1
2653.616,86.0,1942.0,2240,30,69,13451.1
2653.734,86.0,1942.0,2240,30,72,13451.1
2653.851,117.5,1942.0,2240,82,68,13484.0
2653.969,247.0,1942.0,2240,8,68,13431.6
2654.089,376.5,1942.0,2240,8,67,13440.7
2654.207,506.0,1942.0,2240,10,67,13462.0
2654.325,86.2,1942.0,2240,10,68,13503.8
2654.443,86.2,1942.0,2240,10,72,13493.3
2654.561,247.3,1942.0,2240,99,68,13539.6
2654.68,376.8,1942.0,2240,17,67,13585.6
2654.799,376.8,1942.0,2240,10,67,13640.6
2654.918,506.3,1942.0,2240,10,67,13704.9
2655.037,86.5,1942.0,2240,30,71,13694.5
2655.156,118.0,1942.0,2240,90,69,13719.9
2655.276,247.5,1942.0,2240,11,68,13794.2
2655.401,377.0,1942.0,2240,2,67,13770.9
2655.768,377.0,1942.0,2240,2,67,13740.8
2656.1,377.0,1942.0,2240,1,67,13706.7
2656.463,506.5,1942.0,2240,2,67,13668.4
2656.867,506.5,1942.0,2240,2,67,13638.8
2657.203,86.7,1942.0,2240,11,72,13627.8
2657.391,506.7,1942.0,2240,25,68,13613.7
2657.587,86.9,1942.0,2240,25,71,13602.1
2657.715,247.9,1942.0,2240,89,69,13596.2
2657.835,87.1,1942.0,2240,47,70,13593.5
2657.965,87.1,1942.0,2240,100,72,13583.5
2658.084,507.1,1942.0,2240,100,69,13578.9
2658.232,87.3,1942.0,2240,54,72,13569.2
2658.37,248.4,1942.0,2240,93,68,13560.9
2658.564,507.4,1942.0,2240,13,67,13541.1
2658.799,87.6,1942.0,2240,64,71,13531.0
2658.926,119.1,1942.0,2240,64,70,13525.2
2659.057,248.6,1942.0,2240,7,68,13500.1
2659.329,507.6,1942.0,2240,3,68,13473.6
2659.633,87.8,1942.0,2240,94,69,13450.6
2659.939,248.8,1942.0,2240,1,67,13412.9
2660.289,378.3,1942.0,2240,3,67,13364.8
2660.602,378.3,1942.0,2240,4,67,13331.1
2660.917,507.8,1942.0,2240,3,67,13325.0
2661.045,88.0,1942.0,2240,15,71,13321.2
2661.197,119.5,1942.0,2240,100,69,13310.7
2661.335,249.0,1942.0,2240,17,68,13291.1
2661.595,508.0,1942.0,2240,12,69,13265.5
2661.9,88.2,1942.0,2240,36,73,13254.9
2662.023,249.2,1942.0,2240,77,69,13251.0
2662.173,378.7,1942.0,2240,13,68,13231.0
2662.428,508.2,1942.0,2240,15,73,13207.3
2662.723,249.4,1942.0,2240,98,68,13193.6
2662.929,378.9,1942.0,2240,7,68,13168.6
2663.226,508.4,1942.0,2240,2,68,13137.1
2663.534,508.4,1942.0,2240,2,68,13101.0
2663.884,58.0,1942.0,2240,61,73,13090.1
2664.009,58.0,1942.0,2240,2,68,13073.0
2664.398,58.0,1942.0,2240,2,68,13090.4
2664.552,58.0,1942.0,2240,0,68,12895.6
2664.678,58.0,1942.0,2240,2,68,12837.1
2664.82,58.0,1942.0,2240,1,68,12864.7
2664.947,58.0,1942.0,2240,1,68,12910.4
2665.074,58.0,1942.0,2240,0,68,12960.0
2665.2,58.0,1942.0,2240,2,68,13020.6
2665.33,58.0,1942.0,2240,2,68,13070.0
2665.458,58.0,1942.0,2240,2,68,13108.0
2665.586,58.0,1942.0,2240,0,68,13151.6
2665.714,58.0,1942.0,2240,2,68,13179.4
2665.843,58.0,1942.0,2240,2,68,13232.7
2665.971,58.0,1942.0,2240,2,68,13300.1
2666.098,58.0,1942.0,2240,0,68,13369.5
2666.228,58.0,1942.0,2240,2,68,13408.2
2666.376,58.0,1942.0,2240,2,68,13126.2
2666.502,58.0,1942.0,2240,0,68,13071.2
2666.629,58.0,1942.0,2240,0,68,13135.7
2666.755,58.0,1942.0,2240,2,68,13189.0
2666.881,58.0,1942.0,2240,2,68,13242.8
2667.008,58.0,1942.0,2240,0,68,13222.6
2667.134,58.0,1942.0,2240,0,68,13114.7
2667.26,58.0,1942.0,2240,2,68,13195.9
2667.385,58.0,1942.0,2240,2,68,13266.1
2667.511,58.0,1942.0,2240,0,68,13323.9
2667.636,58.0,1942.0,2240,0,68,13359.3
2667.755,58.0,1942.0,2240,2,68,13403.3
2667.875,58.0,1942.0,2240,2,68,13445.8
2667.994,58.0,1942.0,2240,2,68,13486.1
2668.114,58.0,1942.0,2240,0,68,13523.5
2668.235,58.0,1942.0,2240,2,68,13558.7
2668.356,58.0,1942.0,2240,2,68,13584.6
2668.48,53.1,1942.0,2240,2,68,13008.3
2668.605,112.0,1942.0,2240,0,68,13042.1
2668.723,241.5,1942.0,2240,7,68,13073.0
2668.841,371.0,1942.0,2240,8,68,13104.2
2668.959,371.0,1942.0,2240,8,68,13134.1
2669.077,500.5,1942.0,2240,6,68,13163.0
2669.195,500.5,1942.0,2240,8,68,13193.6
2669.312,83.4,1942.0,2240,8,71,13197.7
2669.43,83.4,1942.0,2240,79,72,13197.7
2669.547,114.9,1942.0,2240,70,70,13219.0
2669.665,244.4,1942.0,2240,70,69,13249.5
2669.783,373.9,1942.0,2240,8,68,13279.5
2669.901,373.9,1942.0,2240,7,68,13311.7
2670.019,503.4,1942.0,2240,5,68,13345.6
2670.139,503.4,1942.0,2240,5,68,13379.3
2670.257,83.6,1942.0,2240,15,71,13384.9
2670.374,83.6,1942.0,2240,100,73,13384.9
2670.492,115.1,1942.0,2240,100,69,13400.2
2670.61,244.6,1942.0,2240,42,68,13426.1
2670.729,374.1,1942.0,2240,8,68,13451.7
2670.847,374.1,1942.0,2240,8,68,13477.0
2670.965,503.6,1942.0,2240,8,68,13504.5
2671.083,503.6,1942.0,2240,6,68,13526.9
2671.2,83.8,1942.0,2240,62,71,13526.9
2671.317,83.8,1942.0,2240,62,73,13526.9
2671.436,244.9,1942.0,2240,90,69,13541.4
2671.554,374.4,1942.0,2240,14,68,13498.8
2671.672,84.1,1942.0,2240,14,70,13223.1
2671.79,84.1,1942.0,2240,66,72,13223.1
2671.907,374.6,1942.0,2240,93,70,13225.3
2672.026,84.3,1942.0,2240,77,72,13225.5
2672.144,84.3,1942.0,2240,77,73,13225.5
2672.262,374.8,1942.0,2240,95,69,13230.4
2672.379,84.5,1942.0,2240,45,71,13233.8
2672.496,84.5,1942.0,2240,45,73,13233.8
2672.614,245.5,1942.0,2240,100,70,13239.8
2672.733,84.7,1942.0,2240,49,70,13245.5
2672.85,84.7,1942.0,2240,95,72,13245.5
2672.968,84.7,1942.0,2240,95,71,13247.6
2673.086,504.7,1942.0,2240,64,69,13257.3
2673.204,529.5,1942.0,2240,17,69,13284.6
2673.322,84.9,1942.0,2240,17,72,13284.6
2673.44,84.9,1942.0,2240,98,74,13284.6
2673.558,375.5,1942.0,2240,58,69,13302.3
2673.675,505.0,1942.0,2240,58,69,13323.0
2673.794,505.0,1942.0,2240,12,68,13345.3
2673.912,85.2,1942.0,2240,46,72,13345.3
2674.03,85.2,1942.0,2240,100,73,13345.3
2674.148,116.7,1942.0,2240,100,69,13370.3
2674.265,246.2,1942.0,2240,13,68,13402.3
2674.383,375.7,1942.0,2240,7,68,13429.8
2674.501,375.7,1942.0,2240,7,68,13459.5
2674.619,505.2,1942.0,2240,6,68,13483.8
2674.736,85.4,1942.0,2240,8,69,13510.0
2674.853,85.4,1942.0,2240,8,72,13510.0
2674.971,85.4,1942.0,2240,91,73,13513.5
2675.089,246.4,1942.0,2240,57,69,13541.6
2675.207,246.4,1942.0,2240,8,68,13541.8
2675.326,375.9,1942.0,2240,8,68,13569.3
2675.444,505.4,1942.0,2240,9,68,13572.9
2675.561,505.4,1942.0,2240,6,68,13602.2
2675.678,85.6,1942.0,2240,6,71,13605.5
2675.796,85.6,1942.0,2240,76,73,13605.5
2675.914,117.1,1942.0,2240,74,69,13631.6
2676.034,246.6,1942.0,2240,8,68,13655.9
2676.153,376.1,1942.0,2240,8,68,13684.8
2676.273,505.6,1942.0,2240,10,68,13714.8
2676.392,85.8,1942.0,2240,34,70,13722.1
2676.51,85.8,1942.0,2240,34,72,13711.9
2676.63,117.3,1942.0,2240,100,70,13713.9
2676.749,376.3,1942.0,2240,31,69,13725.6
2676.869,505.8,1942.0,2240,13,68,13744.4
2676.988,86.0,1942.0,2240,13,71,13743.0
2677.106,86.0,1942.0,2240,80,73,13733.0
2677.226,247.1,1942.0,2240,72,69,13734.4
2677.346,376.6,1942.0,2240,72,69,13750.4
2677.465,506.1,1942.0,2240,14,68,13762.2
2677.584,86.3,1942.0,2240,51,72,13752.0
2677.704,86.3,1942.0,2240,100,73,13741.9
2677.824,247.3,1942.0,2240,100,69,13751.4
2677.943,376.8,1942.0,2240,14,69,13761.6
2678.063,86.5,1942.0,2240,18,70,13766.8
2678.192,86.5,1942.0,2240,18,72,13756.8
2678.311,86.5,1942.0,2240,100,71,13753.2
2678.445,247.5,1942.0,2240,4,69,13745.7
2678.685,377.0,1942.0,2240,3,68,13718.0
2679.0,506.5,1942.0,2240,5,68,13688.7
2679.302,506.5,1942.0,2240,4,69,13658.3
2679.609,86.7,1942.0,2240,67,72,13647.3
2679.736,90.2,1942.0,2240,81,69,13639.6
2679.92,247.7,1942.0,2240,1,68,13600.9
2680.281,377.2,1942.0,2240,5,68,13563.8
2680.623,506.7,1942.0,2240,4,68,13531.2
2680.963,86.9,1942.0,2240,76,73,13507.0
2681.262,247.9,1942.0,2240,5,69,13477.7
2681.555,377.4,1942.0,2240,3,68,13441.8
2681.892,506.9,1942.0,2240,1,68,13412.1
2682.198,506.9,1942.0,2240,17,73,13387.0
2682.491,118.7,1942.0,2240,100,70,13377.3
2682.641,377.7,1942.0,2240,37,69,13314.3
2682.807,507.2,1942.0,2240,11,69,13259.0
2682.926,87.4,1942.0,2240,24,71,13272.3
2683.046,87.4,1942.0,2240,24,73,13159.3
2683.166,248.4,1942.0,2240,100,71,12879.3
2683.285,507.4,1942.0,2240,47,69,12808.4
2683.403,87.6,1942.0,2240,33,70,12774.2
2683.52,87.6,1942.0,2240,33,73,12774.2
2683.638,87.6,1942.0,2240,100,71,12782.4
2683.756,248.6,1942.0,2240,30,69,12823.6
2683.874,378.1,1942.0,2240,30,69,12863.1
2683.993,507.6,1942.0,2240,12,69,12891.3
2684.111,87.8,1942.0,2240,26,71,12894.8
2684.23,87.8,1942.0,2240,100,73,12894.8
2684.347,119.3,1942.0,2240,100,71,12907.3
2684.465,378.3,1942.0,2240,38,69,12939.7
2684.583,507.8,1942.0,2240,10,69,12968.2
2684.701,88.0,1942.0,2240,10,70,12980.9
2684.818,88.0,1942.0,2240,50,73,12980.9
2684.936,88.0,1942.0,2240,100,72,12986.3
2685.054,249.0,1942.0,2240,100,69,13041.9
2685.172,378.5,1942.0,2240,11,69,12983.0
2685.292,508.0,1942.0,2240,13,68,12968.6
2685.421,88.2,1942.0,2240,60,72,12959.3
2685.539,88.2,1942.0,2240,60,74,12949.8
2685.658,249.3,1942.0,2240,93,70,12985.3
2685.777,378.8,1942.0,2240,11,69,13032.9
2685.896,508.3,1942.0,2240,11,69,13089.4
2686.014,88.5,1942.0,2240,12,70,13107.9
2686.133,88.5,1942.0,2240,68,73,13097.7
2686.251,88.5,1942.0,2240,82,71,13087.9
2686.371,88.5,1942.0,2240,82,69,13075.4
2686.493,88.5,1942.0,2240,2,69,13065.2
2686.613,249.5,1942.0,2240,4,69,12722.5
2686.731,379.0,1942.0,2240,4,69,12787.4
2686.848,508.5,1942.0,2240,10,69,12846.7
2686.966,533.3,1942.0,2240,11,69,12894.3
2687.084,88.7,1942.0,2240,77,72,12894.3
2687.202,88.7,1942.0,2240,77,73,12895.0
2687.32,249.7,1942.0,2240,72,69,12680.2
2687.445,379.2,1942.0,2240,10,69,12443.4
2687.563,508.7,1942.0,2240,10,69,12285.9
2687.683,88.9,1942.0,2240,11,70,12199.5
2687.802,88.9,1942.0,2240,62,73,12199.5
2687.92,88.9,1942.0,2240,91,72,12206.2
2688.04,249.9,1942.0,2240,91,69,12245.1
2688.162,379.4,1942.0,2240,7,69,12287.9
2688.282,379.4,1942.0,2240,10,68,12336.1
2688.404,508.9,1942.0,2240,10,68,12386.4
2688.525,89.1,1942.0,2240,9,70,12398.1
2688.645,89.1,1942.0,2240,78,73,12388.1
2688.764,120.6,1942.0,2240,74,70,12403.5
2688.885,250.1,1942.0,2240,74,69,12456.8
2689.006,379.6,1942.0,2240,10,69,12515.1
2689.129,509.1,1942.0,2240,8,69,12570.5
2689.25,58.7,1942.0,2240,39,70,12596.7
2689.37,58.7,1942.0,2240,39,73,12586.7
2689.489,58.7,1942.0,2240,100,71,12602.8
2689.613,58.7,1942.0,2240,15,69,12636.4
2689.74,58.7,1942.0,2240,15,69,12650.7
2689.865,58.7,1942.0,2240,2,69,12664.0
2689.993,58.7,1942.0,2240,2,69,12716.1
2690.119,58.7,1942.0,2240,0,69,12746.2
2690.245,58.7,1942.0,2240,0,69,12769.9
2690.373,58.7,1942.0,2240,2,69,12804.3
2690.492,58.7,1942.0,2240,2,69,12851.3
2690.619,58.7,1942.0,2240,0,69,12902.4
2690.746,58.7,1942.0,2240,0,69,12925.8
2690.873,58.7,1942.0,2240,2,69,13001.7
2690.999,58.7,1942.0,2240,2,69,13067.3
2691.132,58.7,1942.0,2240,0,69,13080.1
2691.26,58.7,1942.0,2240,2,69,13136.5
2691.385,58.7,1942.0,2240,2,69,13162.7
2691.51,58.7,1942.0,2240,2,69,13199.7
2691.636,58.7,1942.0,2240,0,69,13217.4
2691.768,58.7,1942.0,2240,2,69,13276.5
2691.895,58.7,1942.0,2240,2,69,13309.4
2692.021,58.7,1942.0,2240,2,69,13335.1
2692.148,58.7,1942.0,2240,0,68,13353.3
2692.276,58.7,1942.0,2240,1,68,13415.7
2692.41,58.7,1942.0,2240,1,68,13449.1
2692.537,58.7,1942.0,2240,2,68,13399.0
2692.669,58.7,1942.0,2240,1,68,13058.5
2692.794,58.7,1942.0,2240,1,68,13028.6
2692.919,58.7,1942.0,2240,1,68,13094.6
2693.044,58.7,1942.0,2240,2,68,13155.8
2693.17,58.7,1942.0,2240,1,68,13217.6
2693.295,58.7,1942.0,2240,1,68,13281.0
2693.42,58.7,1942.0,2240,1,68,13341.1
2693.546,58.7,1942.0,2240,2,68,13400.3
2693.671,58.7,1942.0,2240,1,68,13464.9
2693.797,58.7,1942.0,2240,1,68,13472.5
2693.92,80.6,1942.0,2240,1,68,13185.8
2694.038,241.6,1942.0,2240,4,68,13215.5
2694.157,241.6,1942.0,2240,8,68,13248.0
2694.275,371.1,1942.0,2240,8,68,13276.9
2694.393,500.6,1942.0,2240,6,68,13310.2
2694.511,500.6,1942.0,2240,8,68,13343.3
2694.628,83.7,1942.0,2240,46,69,13353.6
2694.746,83.7,1942.0,2240,46,71,13353.6
2694.863,83.7,1942.0,2240,100,70,13366.4
2694.981,244.7,1942.0,2240,26,69,13399.5
2695.098,244.7,1942.0,2240,26,69,13430.4
2695.216,374.2,1942.0,2240,8,68,13469.7
2695.334,503.7,1942.0,2240,6,68,13516.3
2695.453,503.7,1942.0,2240,9,68,13549.2
2695.571,83.9,1942.0,2240,9,72,13421.8
2695.688,83.9,1942.0,2240,96,74,13421.8
2695.806,244.9,1942.0,2240,57,70,13443.0
2695.925,244.9,1942.0,2240,57,69,13471.3
2696.042,374.4,1942.0,2240,9,69,13495.0
2696.16,374.4,1942.0,2240,7,68,13521.5
2696.278,503.9,1942.0,2240,7,68,13548.6
2696.396,84.1,1942.0,2240,7,69,13540.8
2696.516,84.1,1942.0,2240,59,73,13432.3
2696.634,84.1,1942.0,2240,93,71,13410.7
2696.751,374.6,1942.0,2240,93,69,13403.3
2696.869,504.1,1942.0,2240,15,69,13414.3
2696.987,84.4,1942.0,2240,67,72,13414.3
2697.105,84.4,1942.0,2240,67,73,13414.3
2697.222,504.4,1942.0,2240,98,70,13416.4
2697.34,84.6,1942.0,2240,72,72,13416.4
2697.457,84.6,1942.0,2240,100,74,13416.4
2697.575,375.1,1942.0,2240,100,70,13423.2
2697.693,84.8,1942.0,2240,40,72,13424.7
2697.811,84.8,1942.0,2240,100,73,13424.7
2697.929,245.8,1942.0,2240,100,70,13430.7
2698.047,85.0,1942.0,2240,57,71,13436.0
2698.165,85.0,1942.0,2240,87,73,13436.0
2698.282,246.0,1942.0,2240,87,71,13440.3
2698.401,505.0,1942.0,2240,72,69,13452.2
2698.518,85.2,1942.0,2240,18,70,13473.8
2698.636,85.2,1942.0,2240,79,72,13473.8
2698.753,85.2,1942.0,2240,79,74,13473.8
2698.871,375.7,1942.0,2240,78,70,13489.3
2698.989,505.2,1942.0,2240,12,69,13507.0
2699.107,505.2,1942.0,2240,12,69,13509.8
2699.227,85.5,1942.0,2240,25,72,13457.2
2699.345,85.5,1942.0,2240,100,74,13457.2
2699.463,117.0,1942.0,2240,36,70,13475.6
2699.581,246.5,1942.0,2240,36,69,13498.7
2699.699,376.0,1942.0,2240,7,69,13522.4
2699.817,376.0,1942.0,2240,6,68,13547.2
2699.934,505.5,1942.0,2240,6,68,13570.5
2700.054,85.7,1942.0,2240,9,70,13594.0
2700.173,85.7,1942.0,2240,66,72,13584.5
2700.292,85.7,1942.0,2240,66,72,13577.6
2700.412,246.7,1942.0,2240,85,69,13594.4
2700.532,376.2,1942.0,2240,9,69,13612.8
2700.651,376.2,1942.0,2240,9,68,13629.2
2700.771,505.7,1942.0,2240,9,68,13659.6
2700.89,85.9,1942.0,2240,7,70,13671.5
2701.01,85.9,1942.0,2240,80,72,13662.0
2701.13,85.9,1942.0,2240,80,71,13665.7
2701.251,246.9,1942.0,2240,73,69,13691.5
2701.371,376.4,1942.0,2240,9,69,13715.4
2701.49,505.9,1942.0,2240,9,68,13746.4
2701.61,86.1,1942.0,2240,9,70,13765.7
2701.731,86.1,1942.0,2240,46,73,13756.3
2701.851,86.1,1942.0,2240,100,72,13750.1
2701.971,247.1,1942.0,2240,100,69,13762.2
2702.091,506.1,1942.0,2240,23,69,13778.1
2702.21,86.3,1942.0,2240,12,70,13785.6
2702.33,86.3,1942.0,2240,85,73,13776.3
2702.451,89.8,1942.0,2240,85,71,13771.6
2702.571,247.3,1942.0,2240,67,69,13780.9
2702.706,506.3,1942.0,2240,12,68,13780.2
2702.898,86.5,1942.0,2240,9,72,13771.2
2703.057,86.5,1942.0,2240,96,73,13760.6
2703.184,247.6,1942.0,2240,62,69,13757.0
2703.377,377.1,1942.0,2240,7,68,13739.5
2703.65,86.8,1942.0,2240,25,73,13723.5
2703.88,86.8,1942.0,2240,100,70,13710.1
2704.048,247.8,1942.0,2240,4,69,13683.9
2704.333,377.3,1942.0,2240,1,68,13657.5
2704.637,506.8,1942.0,2240,1,68,13628.1
2704.949,506.8,1942.0,2240,5,68,13595.5
2705.269,87.0,1942.0,2240,2,72,13585.0
2705.416,87.0,1942.0,2240,91,74,13576.7
2705.539,248.0,1942.0,2240,3,69,13551.3
2705.851,248.0,1942.0,2240,1,68,13516.1
2706.202,377.5,1942.0,2240,1,68,13481.9
2706.537,377.5,1942.0,2240,3,68,13451.2
2706.864,507.0,1942.0,2240,1,68,13413.4
2707.224,87.2,1942.0,2240,94,74,13390.7
2707.518,248.2,1942.0,2240,58,69,13293.1
2707.718,248.2,1942.0,2240,6,69,13106.5
2707.837,377.7,1942.0,2240,8,69,13151.5
2707.957,507.2,1942.0,2240,8,68,13010.3
2708.076,87.4,1942.0,2240,8,70,12827.8
2708.194,87.4,1942.0,2240,68,73,12734.8
2708.318,87.4,1942.0,2240,68,72,12735.4
2708.445,248.4,1942.0,2240,85,69,12769.6
2708.566,377.9,1942.0,2240,9,69,12846.6
2708.688,507.4,1942.0,2240,9,69,12923.1
2708.806,507.4,1942.0,2240,9,69,12994.4
2708.924,87.6,1942.0,2240,9,71,13003.3
2709.043,87.6,1942.0,2240,95,73,12992.9
2709.162,248.7,1942.0,2240,95,70,13003.7
2709.281,248.7,1942.0,2240,56,69,13000.4
2709.401,248.7,1942.0,2240,4,69,12995.7
2709.52,248.7,1942.0,2240,2,69,12983.3
2709.64,378.2,1942.0,2240,2,69,12981.0
2709.76,378.2,1942.0,2240,5,69,12862.4
2709.879,507.7,1942.0,2240,7,68,12765.3
2709.997,87.9,1942.0,2240,7,71,12771.1
2710.114,87.9,1942.0,2240,54,73,12771.1
2710.232,91.4,1942.0,2240,100,71,12714.1
2710.352,248.9,1942.0,2240,13,69,12623.0
2710.471,378.4,1942.0,2240,13,69,12528.0
2710.589,507.9,1942.0,2240,12,69,12507.6
2710.706,88.1,1942.0,2240,47,71,12512.5
2710.824,88.1,1942.0,2240,47,73,12512.5
2710.941,119.6,1942.0,2240,100,70,12516.0
2711.069,249.1,1942.0,2240,17,69,12541.5
2711.188,508.1,1942.0,2240,14,69,12563.9
2711.308,88.3,1942.0,2240,14,71,12570.1
2711.428,88.3,1942.0,2240,55,73,12560.1
2711.547,95.3,1942.0,2240,100,71,12559.9
2711.668,249.3,1942.0,2240,100,69,12611.3
2711.79,378.8,1942.0,2240,12,69,12657.6
2711.911,508.3,1942.0,2240,11,69,12675.5
2712.03,88.5,1942.0,2240,70,73,12665.5
2712.15,88.5,1942.0,2240,70,74,12655.5
2712.27,249.5,1942.0,2240,85,70,12669.4
2712.39,508.5,1942.0,2240,18,69,12682.8
2712.51,88.7,1942.0,2240,18,71,12685.8
2712.629,88.7,1942.0,2240,53,73,12675.9
2712.749,95.8,1942.0,2240,100,71,12682.7
2712.868,379.3,1942.0,2240,15,69,12707.2
2712.988,508.8,1942.0,2240,15,69,12733.2
2713.107,89.0,1942.0,2240,14,71,12726.5
2713.226,89.0,1942.0,2240,84,73,12716.7
2713.345,250.0,1942.0,2240,84,71,12714.8
2713.466,509.0,1942.0,2240,73,69,12721.0
2713.587,89.2,1942.0,2240,19,71,12719.2
2713.706,89.2,1942.0,2240,100,73,12709.4
2713.825,250.2,1942.0,2240,100,71,12706.9
2713.944,379.7,1942.0,2240,55,69,12719.1
2714.064,379.7,1942.0,2240,9,69,12729.3
2714.183,509.2,1942.0,2240,9,69,12745.4
2714.303,89.4,1942.0,2240,10,72,12737.8
2714.422,89.4,1942.0,2240,94,74,12728.0
2714.541,250.4,1942.0,2240,62,70,12735.2
2714.661,379.9,1942.0,2240,62,69,12751.4
2714.782,509.4,1942.0,2240,12,69,12767.4
2714.902,509.4,1942.0,2240,8,69,12777.8
2715.021,59.0,1942.0,2240,8,72,12769.2
2715.14,59.0,1942.0,2240,62,74,12759.5
2715.259,59.0,1942.0,2240,88,70,12833.5
2715.385,59.0,1942.0,2240,2,69,12853.6
2715.512,59.0,1942.0,2240,2,69,12883.8
2715.637,59.0,1942.0,2240,0,69,12905.3
2715.766,59.0,1942.0,2240,2,69,12940.7
2715.891,59.0,1942.0,2240,2,69,12990.7
2716.019,59.0,1942.0,2240,0,69,13037.0
2716.146,59.0,1942.0,2240,0,69,13064.4
2716.273,59.0,1942.0,2240,2,69,13088.6
2716.401,59.0,1942.0,2240,2,69,13137.0
2716.528,59.0,1942.0,2240,0,69,13164.2
2716.657,59.0,1942.0,2240,0,69,13198.9
2716.784,59.0,1942.0,2240,2,69,13227.9
2716.911,59.0,1942.0,2240,2,69,13247.8
2717.039,59.0,1942.0,2240,0,69,13312.9
2717.177,59.0,1942.0,2240,0,69,13337.1
2717.305,59.0,1942.0,2240,2,69,13376.1
2717.432,59.0,1942.0,2240,2,69,13398.1
2717.562,59.0,1942.0,2240,0,69,13431.6
2717.688,59.0,1942.0,2240,2,69,13451.7
2717.957,59.0,1942.0,2240,2,69,13417.4
2718.084,59.0,1942.0,2240,0,69,13077.7
2718.214,59.0,1942.0,2240,2,69,12898.9
2718.341,59.0,1942.0,2240,2,69,13002.0
2718.467,59.0,1942.0,2240,2,69,13058.1
2718.593,59.0,1942.0,2240,0,69,13115.8
2718.719,59.0,1942.0,2240,2,69,13197.2
2718.844,59.0,1942.0,2240,2,69,13255.8
2718.97,59.0,1942.0,2240,2,69,13318.1
2719.096,59.0,1942.0,2240,0,69,13329.0
2719.221,59.0,1942.0,2240,2,69,13386.3
2719.346,59.0,1942.0,2240,2,69,13405.9
2719.472,59.0,1942.0,2240,2,69,13327.4
2719.597,59.0,1942.0,2240,0,69,13407.8
2719.724,59.0,1942.0,2240,2,69,13466.3
2719.852,59.0,1942.0,2240,2,69,13515.7
2719.977,59.0,1942.0,2240,2,69,13591.8
2720.102,59.0,1942.0,2240,0,69,13694.6
2720.225,53.1,1942.0,2240,4,69,13164.9
2720.349,112.3,1942.0,2240,4,69,13193.3
2720.469,241.8,1942.0,2240,6,69,13220.4
2720.587,371.3,1942.0,2240,7,69,13250.3
2720.704,371.3,1942.0,2240,7,69,13278.1
2720.822,500.8,1942.0,2240,8,69,13307.2
2720.939,84.1,1942.0,2240,9,70,13321.0
2721.056,84.1,1942.0,2240,98,73,13321.0
2721.174,84.1,1942.0,2240,98,72,13327.8
2721.291,245.1,1942.0,2240,64,70,13353.7
2721.409,374.6,1942.0,2240,9,69,13380.4
2721.527,374.6,1942.0,2240,9,69,13406.8
2721.647,84.3,1942.0,2240,9,70,13422.8
2721.765,84.3,1942.0,2240,67,73,13422.8
2721.882,84.3,1942.0,2240,91,72,13424.5
2722.0,245.3,1942.0,2240,91,70,13446.5
2722.117,245.3,1942.0,2240,8,69,13469.8
2722.235,374.8,1942.0,2240,8,69,13496.6
2722.353,504.3,1942.0,2240,8,69,13521.9
2722.471,504.3,1942.0,2240,8,69,13548.7
2722.588,84.5,1942.0,2240,28,71,13556.0
2722.711,84.5,1942.0,2240,28,73,13501.9
2722.827,245.5,1942.0,2240,100,71,13510.4
2722.946,504.5,1942.0,2240,44,69,13521.1
2723.064,84.7,1942.0,2240,67,72,13521.5
2723.181,84.7,1942.0,2240,67,73,13521.5
2723.299,504.8,1942.0,2240,99,70,13523.2
2723.418,85.0,1942.0,2240,80,73,13523.2
2723.536,85.0,1942.0,2240,80,74,13523.2
2723.653,505.0,1942.0,2240,100,70,13527.2
2723.772,85.2,1942.0,2240,58,73,13527.6
2723.89,85.2,1942.0,2240,100,74,13527.6
2724.008,375.7,1942.0,2240,100,70,13532.1
2724.127,85.4,1942.0,2240,58,73,13533.3
2724.245,85.4,1942.0,2240,100,73,13533.3
2724.362,246.4,1942.0,2240,100,71,13536.4
2724.481,505.4,1942.0,2240,64,70,13558.0
2724.6,85.6,1942.0,2240,42,72,13562.5
2724.717,85.6,1942.0,2240,42,73,13562.5
2724.835,246.6,1942.0,2240,100,71,13569.8
2724.953,376.1,1942.0,2240,34,69,13590.3
2725.072,505.6,1942.0,2240,12,69,13086.2
2725.191,85.8,1942.0,2240,12,72,13086.2
2725.316,85.8,1942.0,2240,99,74,13086.3
2725.435,246.9,1942.0,2240,59,70,13133.7
2725.553,246.9,1942.0,2240,59,69,13185.8
2725.671,376.4,1942.0,2240,7,69,13247.1
2725.788,505.9,1942.0,2240,9,69,13296.2
2725.906,505.9,1942.0,2240,9,69,13346.5
2726.023,86.1,1942.0,2240,9,72,13348.4
2726.141,86.1,1942.0,2240,91,74,13348.4
2726.259,117.6,1942.0,2240,67,70,13380.0
2726.377,247.1,1942.0,2240,67,69,13420.4
2726.495,376.6,1942.0,2240,8,69,13463.3
2726.612,376.6,1942.0,2240,7,69,13511.9
2726.731,506.1,1942.0,2240,9,69,13572.7
2726.851,86.3,1942.0,2240,9,71,13597.7
2726.971,86.3,1942.0,2240,68,73,13588.2
2727.091,86.3,1942.0,2240,90,71,13599.0
2727.212,247.3,1942.0,2240,90,69,13648.2
2727.332,376.8,1942.0,2240,9,69,13690.2
2727.452,506.3,1942.0,2240,10,69,13749.2
2727.572,506.3,1942.0,2240,8,69,13802.1
2727.692,86.5,1942.0,2240,8,73,13793.9
2727.812,86.5,1942.0,2240,98,74,13784.8
2727.934,247.5,1942.0,2240,57,69,13794.6
2728.137,247.5,1942.0,2240,3,69,13750.4
2728.487,377.0,1942.0,2240,1,69,13699.3
2728.84,377.0,1942.0,2240,5,69,13667.4
2729.178,506.5,1942.0,2240,5,69,13636.6
2729.509,86.7,1942.0,2240,85,73,13624.9
2729.709,86.7,1942.0,2240,85,73,13615.1
2729.839,247.7,1942.0,2240,8,69,13596.7
2730.113,506.7,1942.0,2240,4,69,13570.7
2730.399,86.9,1942.0,2240,51,72,13561.9
2730.567,86.9,1942.0,2240,51,74,13552.2
2730.691,248.0,1942.0,2240,16,69,13542.8
2730.878,377.5,1942.0,2240,10,69,13517.6
2731.163,507.0,1942.0,2240,62,73,13496.4
2731.449,87.2,1942.0,2240,97,70,13485.4
2731.626,248.2,1942.0,2240,2,69,13448.8
2731.977,248.2,1942.0,2240,1,69,13412.3
2732.345,377.7,1942.0,2240,4,69,13376.4
2732.706,507.2,1942.0,2240,3,69,13341.8
2733.056,507.2,1942.0,2240,4,68,13278.7
2733.314,87.4,1942.0,2240,31,72,13019.6
2733.434,87.4,1942.0,2240,100,74,12841.7
2733.564,118.9,1942.0,2240,100,70,12869.9
2733.681,248.4,1942.0,2240,28,69,12901.5
2733.799,377.9,1942.0,2240,9,69,12930.6
2733.917,507.4,1942.0,2240,9,69,12959.9
2734.035,507.4,1942.0,2240,9,69,12999.7
2734.153,87.6,1942.0,2240,20,71,13014.7
2734.27,87.6,1942.0,2240,100,73,13014.7
2734.388,119.1,1942.0,2240,100,71,13042.5
2734.505,248.6,1942.0,2240,42,69,13076.9
2734.629,378.1,1942.0,2240,7,69,13114.3
2734.748,507.6,1942.0,2240,7,69,13148.0
2734.868,87.8,1942.0,2240,12,70,13156.8
2734.988,87.8,1942.0,2240,72,73,13147.4
2735.108,119.3,1942.0,2240,84,72,13145.0
2735.228,378.3,1942.0,2240,84,69,13183.4
2735.348,507.8,1942.0,2240,14,69,13236.3
2735.47,507.8,1942.0,2240,10,69,13276.1
2735.59,88.0,1942.0,2240,10,72,13266.6
2735.709,88.0,1942.0,2240,84,74,13257.3
2735.83,249.1,1942.0,2240,71,70,13272.2
2735.95,378.6,1942.0,2240,11,69,13285.8
2736.084,508.1,1942.0,2240,8,69,13263.5
2736.223,88.3,1942.0,2240,8,71,12981.8
2736.342,88.3,1942.0,2240,77,73,12890.2
2736.46,119.8,1942.0,2240,86,71,12902.3
2736.579,249.3,1942.0,2240,86,69,12925.4
2736.696,508.3,1942.0,2240,9,69,12942.0
2736.814,88.5,1942.0,2240,26,71,12948.9
2736.933,88.5,1942.0,2240,26,73,12948.9
2737.05,88.5,1942.0,2240,100,71,12956.1
2737.168,249.5,1942.0,2240,49,69,12878.3
2737.286,379.0,1942.0,2240,11,69,12900.6
2737.405,508.5,1942.0,2240,11,69,12921.1
2737.523,88.7,1942.0,2240,26,72,12922.0
2737.641,88.7,1942.0,2240,100,74,12922.0
2737.758,249.7,1942.0,2240,100,70,12936.6
2737.875,379.2,1942.0,2240,43,69,12969.1
2737.993,508.7,1942.0,2240,11,69,12996.9
2738.111,88.9,1942.0,2240,31,70,13011.6
2738.229,88.9,1942.0,2240,31,72,13011.6
2738.347,88.9,1942.0,2240,100,74,13012.7
2738.466,249.9,1942.0,2240,41,70,13041.3
2738.584,379.4,1942.0,2240,41,69,12963.1
2738.703,508.9,1942.0,2240,10,69,12880.0
2738.827,89.1,1942.0,2240,9,70,12908.2
2738.944,89.1,1942.0,2240,93,72,12908.2
2739.062,89.1,1942.0,2240,93,73,12918.0
2739.179,250.2,1942.0,2240,68,69,12946.6
2739.297,379.7,1942.0,2240,9,69,12974.4
2739.415,509.2,1942.0,2240,9,69,13001.6
2739.533,89.4,1942.0,2240,12,70,13023.1
2739.65,89.4,1942.0,2240,73,73,13023.1
2739.768,89.4,1942.0,2240,73,72,13027.6
2739.891,250.4,1942.0,2240,82,69,13057.8
2740.008,379.9,1942.0,2240,10,69,13058.5
2740.127,509.4,1942.0,2240,13,69,13002.0
2740.246,89.6,1942.0,2240,13,71,13015.8
2740.365,89.6,1942.0,2240,69,73,13015.8
2740.484,121.1,1942.0,2240,91,70,13028.3
2740.603,380.1,1942.0,2240,91,69,13030.0
2740.722,380.1,1942.0,2240,12,69,13057.7
2740.846,509.6,1942.0,2240,8,69,13084.4
2740.965,89.8,1942.0,2240,47,72,13084.9
2741.084,89.8,1942.0,2240,47,73,13075.2
2741.204,250.8,1942.0,2240,100,70,13086.3
2741.324,380.3,1942.0,2240,21,69,13118.5
2741.444,380.3,1942.0,2240,21,69,13149.8
2741.563,509.8,1942.0,2240,9,69,13189.6
2741.683,59.4,1942.0,2240,9,71,13199.5
2741.802,59.4,1942.0,2240,99,73,13189.7
2741.922,59.4,1942.0,2240,99,71,13203.3
2742.049,59.4,1942.0,2240,56,69,13239.5
2742.177,59.4,1942.0,2240,2,69,13250.3
2742.304,59.4,1942.0,2240,0,69,13263.0
2742.432,59.4,1942.0,2240,0,69,13280.4
2742.561,59.4,1942.0,2240,2,69,13306.5
2742.759,59.4,1942.0,2240,0,69,13314.8
2742.932,59.4,1942.0,2240,0,69,13135.1
2743.06,59.4,1942.0,2240,2,69,12828.9
2743.187,59.4,1942.0,2240,2,69,12675.7
2743.313,59.4,1942.0,2240,0,69,12725.7
2743.439,59.4,1942.0,2240,0,69,12777.6
2743.564,59.4,1942.0,2240,2,69,12834.1
2743.69,59.4,1942.0,2240,2,69,12885.3
2743.815,59.4,1942.0,2240,0,69,12915.3
2743.946,59.4,1942.0,2240,0,69,12973.1
2744.072,59.4,1942.0,2240,2,69,13013.7
2744.2,59.4,1942.0,2240,2,69,13057.8
2744.325,59.4,1942.0,2240,0,69,13127.8
2744.45,59.4,1942.0,2240,0,69,13181.5
2744.577,59.4,1942.0,2240,2,69,13232.8
2744.701,59.4,1942.0,2240,2,68,13318.2
2744.827,59.4,1942.0,2240,0,68,13291.1
2744.954,59.4,1942.0,2240,0,68,13243.0
2745.082,59.4,1942.0,2240,2,68,13315.0
2745.21,59.4,1942.0,2240,2,68,13376.7
2745.336,59.4,1942.0,2240,0,68,13420.8
2745.464,59.4,1942.0,2240,2,68,13455.7
2745.596,59.4,1942.0,2240,2,68,13385.8
2745.721,59.4,1942.0,2240,2,68,13444.9
2745.846,59.4,1942.0,2240,0,68,13498.1
2745.972,59.4,1942.0,2240,2,68,13558.8
2746.098,59.4,1942.0,2240,2,68,13572.9
2746.225,53.2,1942.0,2240,2,68,12908.3
2746.344,242.0,1942.0,2240,5,68,12938.8
2746.462,371.5,1942.0,2240,5,68,12969.1
2746.581,371.5,1942.0,2240,9,68,12996.3
2746.699,501.0,1942.0,2240,10,68,13029.0
2746.817,84.4,1942.0,2240,56,69,13033.8
2746.934,84.4,1942.0,2240,56,72,13033.8
2747.052,115.9,1942.0,2240,100,69,13050.4
2747.17,245.4,1942.0,2240,14,69,13094.8
2747.287,374.9,1942.0,2240,14,68,13130.1
2747.405,504.4,1942.0,2240,8,68,13135.6
2747.523,504.4,1942.0,2240,20,68,13165.7
2747.641,84.7,1942.0,2240,77,73,13165.9
2747.761,84.7,1942.0,2240,77,72,13165.9
2747.879,245.7,1942.0,2240,75,69,13151.0
2747.997,375.2,1942.0,2240,9,69,13181.5
2748.115,375.2,1942.0,2240,9,68,13204.8
2748.233,504.7,1942.0,2240,11,68,13231.3
2748.35,84.9,1942.0,2240,53,73,13231.3
2748.468,84.9,1942.0,2240,53,73,13195.8
2748.586,245.9,1942.0,2240,95,69,13229.7
2748.704,375.4,1942.0,2240,12,69,13262.7
2748.822,504.9,1942.0,2240,11,68,13297.3
2748.94,85.1,1942.0,2240,11,69,13327.8
2749.057,85.1,1942.0,2240,52,75,13327.8
2749.178,85.1,1942.0,2240,96,70,13344.7
2749.296,246.1,1942.0,2240,96,69,13405.4
2749.413,375.6,1942.0,2240,14,68,13339.5
2749.533,505.1,1942.0,2240,10,68,13381.8
2749.65,85.3,1942.0,2240,76,72,13377.5
2749.768,85.3,1942.0,2240,76,72,13264.1
2749.888,246.3,1942.0,2240,74,69,13317.0
2750.006,505.3,1942.0,2240,15,69,13366.5
2750.123,85.5,1942.0,2240,15,69,13420.1
2750.241,85.5,1942.0,2240,36,74,13420.1
2750.361,85.5,1942.0,2240,100,72,13423.1
2750.479,246.5,1942.0,2240,100,69,13441.2
2750.597,376.0,1942.0,2240,22,68,13527.2
2750.718,85.8,1942.0,2240,15,68,13599.9
2750.84,85.8,1942.0,2240,79,72,13590.2
2750.963,85.8,1942.0,2240,79,71,13602.6
2751.087,246.8,1942.0,2240,77,69,13664.9
2751.208,505.8,1942.0,2240,14,69,13711.5
2751.328,86.0,1942.0,2240,29,70,13722.8
2751.448,86.0,1942.0,2240,29,75,13713.2
2751.568,247.0,1942.0,2240,100,70,13707.7
2751.69,376.5,1942.0,2240,35,69,13723.2
2751.81,506.0,1942.0,2240,35,68,13739.6
2751.936,86.2,1942.0,2240,23,71,13729.9
2752.056,86.2,1942.0,2240,100,72,13720.3
2752.176,247.2,1942.0,2240,48,69,13731.4
2752.312,376.7,1942.0,2240,8,68,13720.7
2752.561,506.2,1942.0,2240,6,68,13700.4
2752.832,533.4,1942.0,2240,13,75,13681.2
2753.112,117.9,1942.0,2240,37,69,13667.1
2753.31,247.4,1942.0,2240,7,68,13645.7
2753.59,376.9,1942.0,2240,6,68,13622.7
2753.88,506.4,1942.0,2240,3,68,13600.3
2754.161,86.6,1942.0,2240,49,72,13590.3
2754.344,86.6,1942.0,2240,100,71,13581.1
2754.467,247.6,1942.0,2240,8,68,13556.7
2754.777,377.1,1942.0,2240,7,68,13526.0
2755.09,506.6,1942.0,2240,6,68,13507.0
2755.407,86.8,1942.0,2240,97,73,13494.6
2755.646,118.4,1942.0,2240,51,69,13484.4
2755.826,377.4,1942.0,2240,13,69,13458.5
2756.1,506.9,1942.0,2240,6,69,13430.6
2756.398,87.1,1942.0,2240,19,74,13419.6
2756.578,87.1,1942.0,2240,100,70,13408.8
2756.721,248.1,1942.0,2240,5,68,13385.7
2756.978,507.1,1942.0,2240,8,68,13359.1
2757.259,87.3,1942.0,2240,9,70,13350.6
2757.393,87.3,1942.0,2240,100,72,13340.2
2757.516,248.3,1942.0,2240,55,69,13336.2
2757.666,377.8,1942.0,2240,10,69,13313.8
2757.912,507.3,1942.0,2240,7,71,13331.2
2758.083,87.5,1942.0,2240,74,75,13321.8
2758.205,119.0,1942.0,2240,74,70,13273.8
2758.348,248.5,1942.0,2240,74,69,12869.8
2758.466,378.0,1942.0,2240,10,69,12890.9
2758.584,507.5,1942.0,2240,9,68,12915.2
2758.701,87.7,1942.0,2240,33,70,12928.4
2758.819,87.7,1942.0,2240,33,74,12928.4
2758.936,87.7,1942.0,2240,100,70,12884.9
2759.054,248.7,1942.0,2240,21,69,12910.2
2759.172,248.7,1942.0,2240,21,68,12933.9
2759.29,378.2,1942.0,2240,9,68,12958.2
2759.407,507.7,1942.0,2240,8,68,12983.9
2759.525,87.9,1942.0,2240,33,69,12997.9
2759.642,87.9,1942.0,2240,33,72,12997.9
2759.76,87.9,1942.0,2240,100,71,12957.3
2759.881,249.0,1942.0,2240,29,69,12763.9
2759.999,378.5,1942.0,2240,29,68,12795.5
2760.116,378.5,1942.0,2240,6,68,12822.7
2760.234,508.0,1942.0,2240,9,68,12851.9
2760.352,88.2,1942.0,2240,9,70,12859.3
2760.469,88.2,1942.0,2240,58,73,12859.3
2760.587,249.2,1942.0,2240,88,69,12874.4
2760.704,249.2,1942.0,2240,11,69,12904.0
2760.822,378.7,1942.0,2240,11,68,12946.8
2760.94,508.2,1942.0,2240,9,68,12935.8
2761.059,88.4,1942.0,2240,15,69,12814.6
2761.182,88.4,1942.0,2240,15,74,12814.6
2761.299,88.4,1942.0,2240,100,70,12821.0
2761.417,249.4,1942.0,2240,42,69,12840.1
2761.535,378.9,1942.0,2240,7,68,12854.9
2761.652,378.9,1942.0,2240,7,68,12871.9
2761.77,508.4,1942.0,2240,9,68,12887.7
2761.888,88.6,1942.0,2240,54,71,12890.3
2762.005,88.6,1942.0,2240,54,73,12890.3
2762.124,249.6,1942.0,2240,94,69,12906.8
2762.243,249.6,1942.0,2240,8,68,12924.6
2762.361,379.1,1942.0,2240,8,68,12912.3
2762.478,88.8,1942.0,2240,13,70,12915.9
2762.605,88.8,1942.0,2240,57,74,12905.4
2762.724,88.8,1942.0,2240,91,71,12906.4
2762.843,249.8,1942.0,2240,91,69,12927.5
2762.962,379.3,1942.0,2240,12,68,12945.9
2763.081,89.0,1942.0,2240,12,70,12951.8
2763.199,89.0,1942.0,2240,12,73,12941.3
2763.322,89.0,1942.0,2240,95,71,12936.2
2763.44,250.1,1942.0,2240,56,69,12942.6
2763.559,250.1,1942.0,2240,3,69,12927.3
2763.678,379.6,1942.0,2240,3,68,12941.3
2763.797,509.1,1942.0,2240,9,68,12817.8
2763.915,89.3,1942.0,2240,11,70,12849.3
2764.032,89.3,1942.0,2240,11,75,12849.3
2764.15,89.3,1942.0,2240,100,70,12861.4
2764.268,250.3,1942.0,2240,47,69,12897.7
2764.385,379.8,1942.0,2240,10,69,12671.3
2764.504,509.3,1942.0,2240,10,68,12702.7
2764.622,509.3,1942.0,2240,7,68,12744.4
2764.74,89.5,1942.0,2240,38,70,12756.8
2764.858,89.5,1942.0,2240,38,74,12756.8
2764.976,121.0,1942.0,2240,100,70,12775.6
2765.095,250.5,1942.0,2240,16,68,12668.5
2765.213,380.0,1942.0,2240,16,68,12502.9
2765.331,509.5,1942.0,2240,12,68,12467.7
2765.45,89.7,1942.0,2240,10,69,12490.3
2765.568,89.7,1942.0,2240,86,72,12490.3
2765.688,89.7,1942.0,2240,86,71,12499.4
2765.806,250.7,1942.0,2240,63,69,12523.3
2765.926,380.2,1942.0,2240,12,68,12548.1
2766.045,509.7,1942.0,2240,12,68,12572.6
2766.164,89.9,1942.0,2240,9,71,12571.1
2766.283,89.9,1942.0,2240,87,73,12561.1
2766.401,121.4,1942.0,2240,60,69,12583.3
2766.522,250.9,1942.0,2240,60,68,12635.8
2766.643,380.4,1942.0,2240,7,68,12677.5
2766.761,509.9,1942.0,2240,9,68,12711.6
2766.881,509.9,1942.0,2240,9,68,12719.4
2767.0,509.9,1942.0,2240,6,68,12709.5
2767.12,509.9,1942.0,2240,1,68,12702.7
2767.239,509.9,1942.0,2240,3,68,12698.2
2767.358,90.1,1942.0,2240,3,69,12691.7
2767.477,90.1,1942.0,2240,35,73,12681.5
2767.596,90.1,1942.0,2240,100,71,12681.5
2767.715,121.7,1942.0,2240,100,69,12673.7
2767.834,251.2,1942.0,2240,15,68,12666.0
2767.953,251.2,1942.0,2240,3,68,12665.8
2768.071,251.2,1942.0,2240,2,68,12657.2
2768.19,251.2,1942.0,2240,2,68,12642.9
2768.309,251.2,1942.0,2240,2,68,12632.4
2768.429,251.2,1942.0,2240,3,68,12625.6
2768.548,251.2,1942.0,2240,3,68,12614.3
2768.667,380.7,1942.0,2240,1,68,12603.6
2768.787,380.7,1942.0,2240,3,68,12593.9
2768.906,380.7,1942.0,2240,3,68,12584.4
2769.025,380.7,1942.0,2240,3,68,12574.5
2769.144,380.7,1942.0,2240,1,68,12565.7
2769.263,380.7,1942.0,2240,3,68,12556.8
2769.383,380.7,1942.0,2240,3,68,12544.9
2769.502,380.7,1942.0,2240,3,68,12535.1
2769.621,380.7,1942.0,2240,1,68,12524.9
2769.741,380.7,1942.0,2240,2,68,12517.3
2769.859,510.2,1942.0,2240,2,68,12518.7
2769.978,510.2,1942.0,2240,4,68,12504.8
2770.097,510.2,1942.0,2240,1,68,12499.2
2770.216,510.2,1942.0,2240,1,68,12487.7
2770.336,510.2,1942.0,2240,3,68,12477.9
2770.455,510.2,1942.0,2240,2,68,12463.3
2770.575,510.2,1942.0,2240,1,68,12454.2
2770.694,510.2,1942.0,2240,1,68,12440.6
2770.814,510.2,1942.0,2240,2,68,12430.3
2770.934,59.7,1942.0,2240,49,71,12427.9
2771.052,59.7,1942.0,2240,49,73,12427.9
2771.169,59.7,1942.0,2240,97,69,12509.8
2771.293,59.7,1942.0,2240,2,68,12552.1
2771.417,59.7,1942.0,2240,2,68,12589.9
2771.544,59.7,1942.0,2240,2,68,12650.4
2771.67,59.7,1942.0,2240,0,68,12728.0
2771.794,59.7,1942.0,2240,2,68,12785.7
2771.922,59.7,1942.0,2240,2,68,12830.7
2772.048,59.7,1942.0,2240,2,68,12901.5
2772.173,59.7,1942.0,2240,0,68,12928.8
2772.3,59.7,1942.0,2240,2,68,12970.4
2772.427,59.7,1942.0,2240,2,68,13004.9
2772.554,59.7,1942.0,2240,2,68,12652.7
2772.679,59.7,1942.0,2240,0,68,12705.2
2772.807,59.7,1942.0,2240,2,68,12761.7
2772.932,59.7,1942.0,2240,2,68,12817.3
2773.058,59.7,1942.0,2240,2,68,12903.6
2773.183,59.7,1942.0,2240,0,68,12967.3
2773.308,59.7,1942.0,2240,2,68,13021.1
2773.434,59.7,1942.0,2240,2,68,13068.4
2773.558,59.7,1942.0,2240,2,68,13041.6
2773.689,59.7,1942.0,2240,0,68,12831.4
2773.813,59.7,1942.0,2240,2,68,12887.5
2773.938,59.7,1942.0,2240,2,68,12937.3
2774.063,59.7,1942.0,2240,2,68,13029.2
2774.187,59.7,1942.0,2240,0,68,13093.4
2774.311,59.7,1942.0,2240,2,68,13124.6
2774.438,59.7,1942.0,2240,2,68,13224.6
2774.563,59.7,1942.0,2240,2,68,13280.9
2774.689,59.7,1942.0,2240,0,68,13341.9
2774.814,59.7,1942.0,2240,2,68,13397.6
2774.941,59.7,1942.0,2240,2,68,13422.8
2775.069,59.7,1942.0,2240,2,68,13342.6
2775.196,59.7,1942.0,2240,0,68,13378.2
2775.322,59.7,1942.0,2240,2,68,13452.1
2775.449,59.7,1942.0,2240,2,68,13572.7
2775.572,53.1,1942.0,2240,2,68,13010.6
2775.69,112.8,1942.0,2240,0,68,13052.7
2775.807,242.3,1942.0,2240,8,68,13089.5
2775.925,371.8,1942.0,2240,10,68,13121.4
2776.043,501.3,1942.0,2240,10,68,13153.3
2776.161,501.3,1942.0,2240,8,68,13191.3
2776.279,85.0,1942.0,2240,63,72,13191.3
2776.397,85.0,1942.0,2240,63,72,13191.3
2776.515,246.0,1942.0,2240,90,69,13224.4
2776.632,246.0,1942.0,2240,8,68,13267.5
2776.75,375.5,1942.0,2240,8,68,13322.7
2776.868,505.0,1942.0,2240,10,68,13348.5
2776.985,85.2,1942.0,2240,20,70,13361.6
2777.102,85.2,1942.0,2240,100,73,13361.6
2777.22,116.7,1942.0,2240,100,69,13377.9
2777.337,246.2,1942.0,2240,42,68,13412.5
2777.455,375.7,1942.0,2240,9,68,13437.8
2777.573,505.2,1942.0,2240,9,68,13460.9
2777.691,505.2,1942.0,2240,8,68,13317.5
2777.809,85.4,1942.0,2240,49,73,13317.6
2777.927,85.4,1942.0,2240,49,72,13317.6
2778.048,246.5,1942.0,2240,100,69,13346.8
2778.166,376.0,1942.0,2240,15,68,13386.3
2778.283,505.5,1942.0,2240,11,68,13426.0
2778.401,85.7,1942.0,2240,11,69,13459.2
2778.518,85.7,1942.0,2240,46,73,13459.2
2778.636,85.7,1942.0,2240,100,71,13420.3
2778.755,246.7,1942.0,2240,100,68,13306.0
2778.874,376.2,1942.0,2240,21,68,13362.9
2778.992,505.7,1942.0,2240,10,68,13410.4
2779.11,85.9,1942.0,2240,66,70,13412.4
2779.228,85.9,1942.0,2240,66,73,13412.4
2779.346,376.4,1942.0,2240,90,69,13425.4
2779.464,86.1,1942.0,2240,46,70,13433.7
2779.581,86.1,1942.0,2240,46,74,13433.7
2779.701,247.1,1942.0,2240,100,70,13463.9
2779.82,506.1,1942.0,2240,48,69,13433.1
2779.949,86.3,1942.0,2240,73,72,13374.3
2780.086,86.3,1942.0,2240,73,71,13374.3
2780.203,247.3,1942.0,2240,100,68,13354.4
2780.322,376.8,1942.0,2240,16,68,13393.4
2780.444,506.3,1942.0,2240,15,68,13435.6
2780.563,86.5,1942.0,2240,15,69,13441.4
2780.681,86.5,1942.0,2240,72,74,13431.2
2780.803,247.5,1942.0,2240,86,70,13430.3
2780.923,377.0,1942.0,2240,86,69,13446.2
2781.042,86.8,1942.0,2240,15,70,13460.9
2781.162,86.8,1942.0,2240,61,74,13450.9
2781.302,86.8,1942.0,2240,100,71,13445.4
2781.423,247.8,1942.0,2240,100,68,13465.5
2781.542,377.3,1942.0,2240,16,68,13483.9
2781.66,506.8,1942.0,2240,10,68,13502.6
2781.779,545.5,1942.0,2240,20,68,13520.8
2781.898,87.0,1942.0,2240,20,71,13511.1
2782.017,87.0,1942.0,2240,100,72,13501.5
2782.137,248.0,1942.0,2240,48,69,13518.3
2782.256,377.5,1942.0,2240,48,69,13533.9
2782.376,377.5,1942.0,2240,9,68,13553.9
2782.497,507.0,1942.0,2240,9,68,13580.2
2782.618,87.2,1942.0,2240,62,71,13575.3
2782.739,87.2,1942.0,2240,62,73,13566.2
2782.861,248.2,1942.0,2240,88,69,13581.4
2782.981,377.7,1942.0,2240,10,68,13600.7
2783.101,377.7,1942.0,2240,10,68,13625.1
2783.222,507.2,1942.0,2240,11,68,13647.1
2783.342,87.4,1942.0,2240,45,74,13637.6
2783.462,87.4,1942.0,2240,100,72,13628.5
2783.582,248.4,1942.0,2240,100,69,13641.2
2783.703,377.9,1942.0,2240,20,68,13654.3
2783.823,507.4,1942.0,2240,10,68,13670.2
2783.944,87.6,1942.0,2240,10,71,13660.6
2784.065,87.6,1942.0,2240,85,73,13651.2
2784.185,248.6,1942.0,2240,72,69,13659.9
2784.31,378.1,1942.0,2240,11,68,13668.9
2784.474,87.9,1942.0,2240,27,71,13669.1
2784.62,87.9,1942.0,2240,100,73,13656.8
2784.762,248.9,1942.0,2240,36,68,13647.0
2784.945,378.4,1942.0,2240,10,68,13622.5
2785.246,88.1,1942.0,2240,53,72,13603.5
2785.519,91.6,1942.0,2240,100,69,13590.8
2785.71,249.1,1942.0,2240,5,68,13562.6
2786.026,378.6,1942.0,2240,4,68,13533.2
2786.346,508.1,1942.0,2240,3,68,13498.1
2786.679,88.3,1942.0,2240,100,73,13475.9
2786.948,119.8,1942.0,2240,39,68,13447.9
2787.232,249.3,1942.0,2240,3,68,13414.2
2787.574,378.8,1942.0,2240,5,68,13391.7
2787.863,508.3,1942.0,2240,4,68,13354.2
2787.99,515.3,1942.0,2240,8,68,13052.2
2788.109,88.5,1942.0,2240,8,72,13006.4
2788.233,88.5,1942.0,2240,97,72,13006.4
2788.352,249.5,1942.0,2240,59,69,13030.5
2788.469,379.0,1942.0,2240,59,69,13054.5
2788.587,379.0,1942.0,2240,9,68,13075.3
2788.705,508.5,1942.0,2240,9,68,13098.1
2788.823,88.7,1942.0,2240,32,70,13049.1
2788.942,88.7,1942.0,2240,32,75,13029.6
2789.06,120.2,1942.0,2240,100,70,13036.9
2789.178,249.7,1942.0,2240,29,68,13065.5
2789.296,379.2,1942.0,2240,29,68,13112.5
2789.415,508.7,1942.0,2240,9,68,13145.8
2789.534,89.0,1942.0,2240,9,69,13172.4
2789.654,89.0,1942.0,2240,90,71,13162.4
2789.773,89.0,1942.0,2240,90,72,13154.3
2789.893,250.0,1942.0,2240,72,69,13171.1
2790.012,379.5,1942.0,2240,11,69,13187.0
2790.131,509.0,1942.0,2240,11,68,13211.4
2790.251,89.2,1942.0,2240,25,74,13201.3
2790.37,89.2,1942.0,2240,100,72,13191.7
2790.49,250.2,1942.0,2240,40,69,13224.5
2790.609,379.7,1942.0,2240,40,68,13247.8
2790.73,89.4,1942.0,2240,17,69,13249.8
2790.849,89.4,1942.0,2240,89,72,13239.9
2790.969,89.4,1942.0,2240,89,71,13243.0
2791.088,250.4,1942.0,2240,69,69,13260.1
2791.209,379.9,1942.0,2240,12,69,13275.0
2791.329,89.6,1942.0,2240,21,70,13277.6
2791.473,89.6,1942.0,2240,21,75,13267.2
2791.596,121.1,1942.0,2240,100,69,13265.3
2791.733,250.6,1942.0,2240,4,68,13268.4
2791.991,380.1,1942.0,2240,7,68,13230.1
2792.137,89.8,1942.0,2240,7,68,12908.5
2792.256,89.8,1942.0,2240,36,71,12581.4
2792.375,89.8,1942.0,2240,100,72,12581.4
2792.493,250.8,1942.0,2240,36,69,12605.3
2792.611,380.3,1942.0,2240,36,68,12632.1
2792.729,380.3,1942.0,2240,10,68,12658.7
2792.847,509.8,1942.0,2240,11,68,12682.6
2792.965,90.1,1942.0,2240,11,72,12682.7
2793.082,90.1,1942.0,2240,88,73,12682.7
2793.2,251.1,1942.0,2240,67,69,12702.3
2793.318,380.6,1942.0,2240,67,69,12727.8
2793.435,510.1,1942.0,2240,12,69,12750.6
2793.553,90.3,1942.0,2240,10,68,12774.8
2793.671,90.3,1942.0,2240,81,72,12774.8
2793.791,90.3,1942.0,2240,81,71,12774.8
2793.908,251.3,1942.0,2240,87,69,12796.4
2794.026,251.3,1942.0,2240,8,68,12820.3
2794.144,380.8,1942.0,2240,8,68,12839.0
2794.262,510.3,1942.0,2240,12,68,12863.4
2794.379,90.5,1942.0,2240,29,69,12868.8
2794.496,90.5,1942.0,2240,29,72,12868.8
2794.614,122.0,1942.0,2240,100,69,12884.1
2794.731,251.5,1942.0,2240,33,68,12916.6
2794.849,381.0,1942.0,2240,8,68,12952.6
2794.967,381.0,1942.0,2240,8,68,12981.5
2795.086,510.5,1942.0,2240,8,68,12994.7
2795.205,90.7,1942.0,2240,24,69,12834.1
2795.327,90.7,1942.0,2240,24,72,12834.1
2795.445,122.2,1942.0,2240,100,69,12847.0
2795.563,251.7,1942.0,2240,41,68,12884.1
2795.68,381.2,1942.0,2240,10,68,12915.7
2795.798,510.7,1942.0,2240,10,68,12944.2
2795.917,510.7,1942.0,2240,8,68,12978.5
2796.035,60.3,1942.0,2240,40,69,12970.8
2796.153,60.3,1942.0,2240,40,72,12956.1
2796.271,60.3,1942.0,2240,100,69,13028.4
2796.395,60.3,1942.0,2240,12,68,13019.8
2796.529,60.3,1942.0,2240,3,68,13049.3
2796.654,60.3,1942.0,2240,3,67,13060.4
2796.778,60.3,1942.0,2240,2,68,13129.2
2796.902,60.3,1942.0,2240,2,67,13154.9
2797.027,60.3,1942.0,2240,0,67,13192.2
2797.154,60.3,1942.0,2240,0,67,13218.6
2797.28,60.3,1942.0,2240,2,67,13236.0
2797.407,60.3,1942.0,2240,2,67,13277.3
2797.534,60.3,1942.0,2240,0,68,13302.3
2797.661,60.3,1942.0,2240,0,67,13334.7
2797.787,60.3,1942.0,2240,2,67,13340.8
2797.914,60.3,1942.0,2240,2,67,13409.3
2798.042,60.3,1942.0,2240,0,68,13436.5
2798.169,60.3,1942.0,2240,0,67,13447.9
2798.296,60.3,1942.0,2240,2,68,13462.6
2798.424,60.3,1942.0,2240,0,67,13496.9
2798.659,60.3,1942.0,2240,2,67,13504.0
2798.884,60.3,1942.0,2240,2,67,13513.2
2799.083,60.3,1942.0,2240,2,67,13520.1
2799.312,60.3,1942.0,2240,2,67,13526.3
2799.491,60.3,1942.0,2240,2,67,13508.8
2799.937,60.3,1942.0,2240,0,67,13517.2
2800.186,60.3,1942.0,2240,2,67,13492.7
2800.514,60.3,1942.0,2240,0,67,13361.7
2800.644,60.3,1942.0,2240,0,67,13223.9
2800.791,60.3,1942.0,2240,2,67,13101.3
2800.917,60.3,1942.0,2240,2,67,13162.8
2801.043,60.3,1942.0,2240,0,67,13194.0
2801.169,60.3,1942.0,2240,0,67,13283.4
2801.297,60.3,1942.0,2240,2,67,13335.4
2801.424,60.3,1942.0,2240,2,67,13394.1
2801.55,60.3,1942.0,2240,0,67,13390.3
2801.678,60.3,1942.0,2240,0,67,13330.3
2801.802,60.3,1942.0,2240,2,67,13386.6
2801.93,60.3,1942.0,2240,2,67,13426.3
2802.055,60.3,1942.0,2240,0,67,13499.1
2802.18,60.3,1942.0,2240,0,67,13586.5
2802.306,60.3,1942.0,2240,2,67,13187.9
2802.427,53.2,1942.0,2240,2,67,12589.5
2802.545,242.5,1942.0,2240,5,67,12633.8
2802.663,372.0,1942.0,2240,5,67,12688.0
2802.781,372.0,1942.0,2240,10,67,12750.8
2802.899,501.5,1942.0,2240,10,67,12809.0
2803.016,85.4,1942.0,2240,10,68,12828.7
2803.134,85.4,1942.0,2240,55,70,12828.7
2803.252,85.4,1942.0,2240,100,71,12828.7
2803.37,116.9,1942.0,2240,61,69,12863.7
2803.488,246.4,1942.0,2240,61,69,12906.6
2803.606,375.9,1942.0,2240,9,68,12951.4
2803.724,505.4,1942.0,2240,10,68,12992.6
2803.842,85.6,1942.0,2240,10,69,13005.0
2803.96,85.6,1942.0,2240,62,72,13005.0
2804.077,85.6,1942.0,2240,100,74,13005.0
2804.195,246.6,1942.0,2240,100,69,13041.3
2804.312,246.6,1942.0,2240,45,69,13092.5
2804.43,376.1,1942.0,2240,10,68,13156.9
2804.548,505.6,1942.0,2240,8,68,13220.6
2804.666,85.8,1942.0,2240,8,70,13219.9
2804.784,85.8,1942.0,2240,55,71,13219.9
2804.901,85.8,1942.0,2240,100,72,13219.9
2805.019,117.4,1942.0,2240,100,70,13188.4
2805.139,376.4,1942.0,2240,52,69,13184.4
2805.258,86.1,1942.0,2240,20,70,13198.0
2805.375,86.1,1942.0,2240,92,72,13198.0
2805.493,86.1,1942.0,2240,92,72,13198.0
2805.61,247.1,1942.0,2240,100,70,13200.1
2805.729,86.3,1942.0,2240,54,70,13211.4
2805.847,86.3,1942.0,2240,54,72,13211.4
2805.964,86.3,1942.0,2240,100,73,13211.4
2806.082,247.3,1942.0,2240,80,70,13230.4
2806.2,376.8,1942.0,2240,80,69,13262.4
2806.318,86.5,1942.0,2240,18,70,13276.3
2806.436,86.5,1942.0,2240,66,72,13276.3
2806.553,86.5,1942.0,2240,100,73,13276.3
2806.671,247.5,1942.0,2240,100,71,13286.2
2806.789,377.0,1942.0,2240,54,69,13340.5
2806.907,506.5,1942.0,2240,6,68,13329.5
2807.026,506.5,1942.0,2240,6,68,13330.5
2807.145,506.5,1942.0,2240,2,68,13322.8
2807.265,506.5,1942.0,2240,3,68,13312.0
2807.384,506.5,1942.0,2240,2,68,13299.6
2807.504,506.5,1942.0,2240,2,68,13291.6
2807.623,506.5,1942.0,2240,1,68,13286.1
2807.743,86.7,1942.0,2240,63,71,13276.0
2807.862,86.7,1942.0,2240,63,73,13266.0
2807.981,86.7,1942.0,2240,100,72,13258.1
2808.1,86.7,1942.0,2240,37,69,13245.3
2808.219,93.7,1942.0,2240,2,69,13232.5
2808.339,118.2,1942.0,2240,2,68,13219.4
2808.458,118.2,1942.0,2240,2,68,13208.7
2808.578,247.7,1942.0,2240,1,68,13198.8
2808.698,247.7,1942.0,2240,1,68,13189.4
2808.817,247.7,1942.0,2240,3,68,13181.4
2808.938,247.7,1942.0,2240,3,68,13173.5
2809.057,377.2,1942.0,2240,4,68,13164.9
2809.175,377.2,1942.0,2240,4,68,13156.7
2809.295,377.2,1942.0,2240,5,68,13147.7
2809.416,377.2,1942.0,2240,3,68,13139.6
2809.536,506.7,1942.0,2240,3,68,13130.3
2809.656,506.7,1942.0,2240,2,68,13124.2
2809.775,506.7,1942.0,2240,4,68,13115.8
2809.895,506.7,1942.0,2240,4,68,13112.6
2810.015,86.9,1942.0,2240,4,70,13110.6
2810.134,86.9,1942.0,2240,53,72,13100.8
2810.254,86.9,1942.0,2240,100,73,13089.3
2810.374,248.0,1942.0,2240,100,70,13081.6
2810.493,377.5,1942.0,2240,53,69,13082.5
2810.612,507.0,1942.0,2240,7,69,13081.5
2810.733,507.0,1942.0,2240,8,68,13080.5
2810.852,507.0,1942.0,2240,8,68,13073.7
2810.971,87.2,1942.0,2240,4,70,13064.5
2811.09,87.2,1942.0,2240,76,72,13056.3
2811.209,87.2,1942.0,2240,76,73,13046.4
2811.327,87.2,1942.0,2240,100,70,13041.4
2811.446,248.2,1942.0,2240,26,69,13039.0
2811.566,248.2,1942.0,2240,3,69,13037.6
2811.686,248.2,1942.0,2240,3,68,13040.2
2811.805,377.7,1942.0,2240,5,68,13044.8
2811.925,377.7,1942.0,2240,6,68,13045.7
2812.045,507.2,1942.0,2240,6,68,13044.4
2812.164,507.2,1942.0,2240,4,68,13045.0
2812.283,507.2,1942.0,2240,5,68,13041.8
2812.402,87.4,1942.0,2240,37,70,13034.7
2812.521,87.4,1942.0,2240,37,72,13024.6
2812.64,87.4,1942.0,2240,100,74,13014.5
2812.76,94.4,1942.0,2240,65,70,13009.5
2812.879,248.4,1942.0,2240,65,69,13009.2
2812.998,248.4,1942.0,2240,6,69,13009.2
2813.118,248.4,1942.0,2240,4,69,13008.0
2813.237,377.9,1942.0,2240,5,69,13006.2
2813.356,377.9,1942.0,2240,5,68,13012.1
2813.474,507.4,1942.0,2240,6,69,13016.6
2813.601,507.4,1942.0,2240,5,68,13026.4
2813.719,87.6,1942.0,2240,5,70,13021.4
2813.836,87.6,1942.0,2240,32,72,13018.8
2813.954,87.6,1942.0,2240,100,73,13008.3
2814.074,87.6,1942.0,2240,69,70,13012.2
2814.192,248.6,1942.0,2240,69,69,13028.8
2814.31,378.1,1942.0,2240,8,69,13044.4
2814.428,378.1,1942.0,2240,10,69,12956.7
2814.546,507.6,1942.0,2240,10,69,12983.5
2814.664,87.8,1942.0,2240,7,70,12993.6
2814.781,87.8,1942.0,2240,90,72,12993.6
2814.898,87.8,1942.0,2240,90,74,12993.6
2815.016,248.8,1942.0,2240,100,70,13007.5
2815.134,378.3,1942.0,2240,18,69,13022.0
2815.251,507.8,1942.0,2240,12,69,12957.5
2815.371,507.8,1942.0,2240,12,69,12924.4
2815.489,88.0,1942.0,2240,32,72,12924.4
2815.605,88.0,1942.0,2240,100,73,12924.4
2815.723,91.5,1942.0,2240,100,71,12929.2
2815.84,249.0,1942.0,2240,71,70,12887.3
2815.959,378.5,1942.0,2240,11,69,12798.0
2816.077,508.0,1942.0,2240,9,69,12791.3
2816.195,88.3,1942.0,2240,9,70,12752.4
2816.313,88.3,1942.0,2240,88,73,12743.0
2816.431,88.3,1942.0,2240,100,75,12743.0
2816.549,249.3,1942.0,2240,100,70,12756.4
2816.668,378.8,1942.0,2240,18,69,12773.9
2816.786,508.3,1942.0,2240,15,69,12790.3
2816.904,88.5,1942.0,2240,15,70,12800.4
2817.021,88.5,1942.0,2240,40,72,12800.4
2817.139,88.5,1942.0,2240,100,73,12800.4
2817.257,120.0,1942.0,2240,69,70,12813.1
2817.375,249.5,1942.0,2240,69,69,12836.3
2817.492,379.0,1942.0,2240,10,69,12860.6
2817.61,508.5,1942.0,2240,8,69,12885.7
2817.728,508.5,1942.0,2240,8,68,12879.3
2817.851,88.7,1942.0,2240,9,71,12421.0
2817.969,88.7,1942.0,2240,98,73,12421.0
2818.087,88.7,1942.0,2240,96,72,12421.7
2818.205,249.7,1942.0,2240,96,70,12450.9
2818.322,249.7,1942.0,2240,7,69,12480.5
2818.44,379.2,1942.0,2240,8,69,12510.5
2818.558,379.2,1942.0,2240,8,68,12538.2
2818.676,508.7,1942.0,2240,6,68,12568.7
2818.794,88.9,1942.0,2240,8,70,12586.5
2818.911,88.9,1942.0,2240,8,72,12586.5
2819.029,88.9,1942.0,2240,98,73,12586.5
2819.147,95.9,1942.0,2240,95,70,12597.8
2819.265,249.9,1942.0,2240,9,69,12620.3
2819.383,379.4,1942.0,2240,9,69,12647.7
2819.502,379.4,1942.0,2240,8,68,12670.6
2819.62,508.9,1942.0,2240,7,68,12694.2
2819.737,89.1,1942.0,2240,7,69,12706.4
2819.854,89.1,1942.0,2240,50,72,12706.4
2819.971,89.1,1942.0,2240,100,73,12706.4
2820.089,250.1,1942.0,2240,100,70,12717.7
2820.207,379.6,1942.0,2240,57,69,12743.7
2820.326,379.6,1942.0,2240,11,69,12781.2
2820.443,509.1,1942.0,2240,8,68,12810.7
2820.562,509.1,1942.0,2240,8,68,12846.7
2820.68,89.4,1942.0,2240,22,71,12847.6
2820.797,89.4,1942.0,2240,100,73,12847.6
2820.914,89.4,1942.0,2240,100,72,12850.6
2821.032,250.4,1942.0,2240,80,69,12870.6
2821.149,379.9,1942.0,2240,8,69,12889.1
2821.267,379.9,1942.0,2240,9,68,12866.0
2821.386,509.4,1942.0,2240,9,68,12798.6
2821.504,89.6,1942.0,2240,37,71,12774.8
2821.623,89.6,1942.0,2240,100,72,12774.8
2821.74,89.6,1942.0,2240,100,73,12779.0
2821.859,250.6,1942.0,2240,76,69,12810.7
2821.978,380.1,1942.0,2240,10,69,12838.3
2822.096,509.6,1942.0,2240,10,68,12856.1
2822.214,89.8,1942.0,2240,13,71,12858.4
2822.331,89.8,1942.0,2240,93,72,12858.4
2822.449,89.8,1942.0,2240,100,74,12858.6
2822.566,250.8,1942.0,2240,100,69,12887.7
2822.685,250.8,1942.0,2240,14,69,12895.1
2822.804,509.8,1942.0,2240,12,68,12775.5
2822.93,90.0,1942.0,2240,12,70,12786.0
2823.048,90.0,1942.0,2240,37,72,12786.0
2823.166,90.0,1942.0,2240,100,73,12786.0
2823.284,251.0,1942.0,2240,67,70,12800.6
2823.401,251.0,1942.0,2240,67,69,12839.7
2823.519,380.5,1942.0,2240,10,68,12867.8
2823.637,510.0,1942.0,2240,12,68,12891.9
2823.755,90.2,1942.0,2240,12,71,12892.2
2823.873,90.2,1942.0,2240,81,73,12892.2
2823.99,90.2,1942.0,2240,100,72,12895.0
2824.107,251.2,1942.0,2240,27,69,12920.8
2824.227,380.7,1942.0,2240,27,69,12949.4
2824.345,510.2,1942.0,2240,9,68,12984.1
2824.463,90.5,1942.0,2240,11,68,13006.6
2824.581,90.5,1942.0,2240,11,71,13000.7
2824.699,90.5,1942.0,2240,98,73,12990.4
2824.817,90.5,1942.0,2240,98,71,12993.8
2824.936,251.5,1942.0,2240,98,69,13017.6
2825.054,381.0,1942.0,2240,11,69,13042.7
2825.173,510.5,1942.0,2240,12,68,13070.3
2825.292,90.7,1942.0,2240,58,70,13063.4
2825.411,90.7,1942.0,2240,58,73,13053.1
2825.53,90.7,1942.0,2240,100,74,13043.1
2825.65,251.7,1942.0,2240,61,70,13069.7
2825.769,381.2,1942.0,2240,61,69,13093.2
2825.887,510.7,1942.0,2240,11,69,13117.9
2826.007,90.9,1942.0,2240,14,70,13128.7
2826.125,90.9,1942.0,2240,100,72,13118.5
2826.245,90.9,1942.0,2240,100,74,13108.3
2826.364,251.9,1942.0,2240,98,70,13131.0
2826.487,251.9,1942.0,2240,2,69,13125.2
2826.776,381.4,1942.0,2240,4,68,13105.3
2827.052,381.4,1942.0,2240,5,68,13077.8
2827.36,510.9,1942.0,2240,3,68,13046.1
2827.687,91.1,1942.0,2240,13,72,13032.4
2827.88,91.1,1942.0,2240,100,73,13028.5
2827.999,252.1,1942.0,2240,86,70,13039.3
2828.185,252.1,1942.0,2240,2,69,13006.2
2828.53,381.6,1942.0,2240,2,68,12973.0
2828.909,381.6,1942.0,2240,4,68,12962.7
2829.103,511.1,1942.0,2240,4,68,12797.9
2829.225,511.1,1942.0,2240,7,68,12790.1
2829.345,511.1,1942.0,2240,1,68,12776.4
2829.465,511.1,1942.0,2240,2,68,12762.6
2829.585,511.1,1942.0,2240,2,68,12750.9
2829.705,60.7,1942.0,2240,18,71,12741.4
2829.823,60.7,1942.0,2240,100,73,12731.5
2829.942,60.7,1942.0,2240,100,74,12729.3
2830.062,60.7,1942.0,2240,79,69,12794.1
2830.189,60.7,1942.0,2240,2,69,12802.7
2830.316,60.7,1942.0,2240,0,69,12813.4
2830.444,60.7,1942.0,2240,0,69,12833.1
2830.572,60.7,1942.0,2240,2,69,12826.2
2830.703,60.7,1942.0,2240,2,69,12887.3
2830.831,60.7,1942.0,2240,0,69,12914.7
2830.959,60.7,1942.0,2240,2,68,12948.4
2831.086,60.7,1942.0,2240,2,68,12966.3
2831.214,60.7,1942.0,2240,2,69,12988.3
2831.341,60.7,1942.0,2240,0,69,12988.6
2831.469,60.7,1942.0,2240,2,68,13042.1
2831.63,60.7,1942.0,2240,2,68,13049.4
2831.835,60.7,1942.0,2240,0,68,13058.9
2832.065,60.7,1942.0,2240,2,69,13064.2
2832.265,60.7,1942.0,2240,0,68,13069.7
2832.448,60.7,1942.0,2240,2,68,13021.4
2832.601,60.7,1942.0,2240,2,68,12750.5
2832.741,60.7,1942.0,2240,2,68,12333.8
2832.868,60.7,1942.0,2240,1,69,12363.7
2832.994,60.7,1942.0,2240,1,68,12401.8
2833.123,60.7,1942.0,2240,1,68,12504.2
2833.249,60.7,1942.0,2240,2,68,12562.8
2833.375,60.7,1942.0,2240,1,69,12611.2
2833.501,60.7,1942.0,2240,1,69,12655.2
2833.628,60.7,1942.0,2240,1,69,12763.1
2833.753,60.7,1942.0,2240,2,69,12823.0
2833.879,60.7,1942.0,2240,1,69,12880.8
2834.004,60.7,1942.0,2240,1,69,12926.8
2834.128,60.7,1942.0,2240,1,69,13016.4
2834.255,60.7,1942.0,2240,2,69,13074.9
2834.381,60.7,1942.0,2240,1,69,13123.7
2834.51,60.7,1942.0,2240,1,69,13211.3
2834.635,60.7,1942.0,2240,2,69,13267.8
2834.761,60.7,1942.0,2240,2,69,13324.6
2834.888,60.7,1942.0,2240,2,69,13355.4
2835.015,60.7,1942.0,2240,0,69,13141.0
2835.144,60.7,1942.0,2240,2,69,13163.4
2835.269,60.7,1942.0,2240,2,69,13220.3
2835.394,60.7,1942.0,2240,2,69,13260.3
2835.521,60.7,1942.0,2240,0,69,13328.1
2835.647,60.7,1942.0,2240,2,69,13381.2
2835.773,60.7,1942.0,2240,2,69,13518.3
2835.898,53.3,1942.0,2240,2,69,12721.6
2836.016,243.0,1942.0,2240,4,69,12748.1
2836.134,243.0,1942.0,2240,4,69,12776.0
2836.252,372.5,1942.0,2240,10,69,12802.6
2836.37,502.0,1942.0,2240,11,69,12831.7
2836.489,86.3,1942.0,2240,70,72,12832.0
2836.606,86.3,1942.0,2240,70,74,12832.0
2836.727,93.3,1942.0,2240,100,70,12842.2
2836.844,247.3,1942.0,2240,24,69,12874.5
2836.962,376.8,1942.0,2240,24,68,12901.3
2837.08,506.3,1942.0,2240,9,68,12926.1
2837.198,86.5,1942.0,2240,10,70,12946.1
2837.316,86.5,1942.0,2240,10,70,12946.1
2837.434,86.5,1942.0,2240,86,75,12946.1
2837.552,118.1,1942.0,2240,100,70,12954.4
2837.671,247.6,1942.0,2240,14,69,12977.6
2837.789,377.1,1942.0,2240,14,68,13004.7
2837.907,506.6,1942.0,2240,12,68,13029.6
2838.025,86.8,1942.0,2240,53,70,13029.6
2838.142,86.8,1942.0,2240,53,74,13029.6
2838.261,86.8,1942.0,2240,100,71,13032.7
2838.378,247.8,1942.0,2240,50,69,13058.5
2838.497,506.8,1942.0,2240,14,69,13078.3
2838.614,87.0,1942.0,2240,14,70,13089.0
2838.732,87.0,1942.0,2240,71,75,13089.0
2838.85,87.0,1942.0,2240,100,73,13089.1
2838.969,248.0,1942.0,2240,100,69,13119.1
2839.09,377.5,1942.0,2240,28,69,13152.9
2839.208,87.2,1942.0,2240,19,70,13173.8
2839.326,87.2,1942.0,2240,19,73,13173.8
2839.443,87.2,1942.0,2240,100,73,13173.8
2839.561,248.2,1942.0,2240,87,70,13191.1
2839.679,87.4,1942.0,2240,28,69,13208.3
2839.796,87.4,1942.0,2240,28,72,13208.3
2839.929,87.4,1942.0,2240,100,72,13208.3
2840.047,248.4,1942.0,2240,98,70,13213.2
2840.165,507.4,1942.0,2240,98,69,13280.8
2840.284,507.4,1942.0,2240,21,68,13318.5
2840.402,87.6,1942.0,2240,33,71,13319.9
2840.52,87.6,1942.0,2240,100,74,13319.9
2840.637,87.6,1942.0,2240,100,71,13329.0
2840.755,248.6,1942.0,2240,64,69,13364.4
2840.873,378.1,1942.0,2240,12,69,13398.8
2840.991,507.6,1942.0,2240,12,69,13437.7
2841.108,87.9,1942.0,2240,10,71,13457.6
2841.226,87.9,1942.0,2240,63,74,13457.6
2841.344,87.9,1942.0,2240,100,72,13457.6
2841.463,248.9,1942.0,2240,100,69,13464.3
2841.581,378.4,1942.0,2240,38,68,13484.1
2841.699,507.9,1942.0,2240,12,68,13503.9
2841.817,88.1,1942.0,2240,12,69,13516.0
2841.934,88.1,1942.0,2240,55,73,13516.0
2842.052,88.1,1942.0,2240,100,72,13516.0
2842.17,119.6,1942.0,2240,100,69,13507.3
2842.291,249.1,1942.0,2240,46,69,13415.1
2842.409,378.6,1942.0,2240,8,68,13439.7
2842.526,378.6,1942.0,2240,6,68,13464.0
2842.644,508.1,1942.0,2240,6,68,13486.8
2842.763,88.3,1942.0,2240,9,70,13503.4
2842.881,88.3,1942.0,2240,83,74,13503.4
2842.999,88.3,1942.0,2240,83,72,13503.4
2843.117,119.8,1942.0,2240,100,69,13519.2
2843.235,249.3,1942.0,2240,11,68,13542.2
2843.353,378.8,1942.0,2240,8,68,13504.1
2843.475,508.3,1942.0,2240,8,68,13302.0
2843.599,508.3,1942.0,2240,7,68,13329.4
2843.717,88.5,1942.0,2240,25,69,13341.8
2843.834,88.5,1942.0,2240,25,72,13341.8
2843.952,88.5,1942.0,2240,100,73,13341.8
2844.07,120.0,1942.0,2240,69,69,13363.4
2844.188,249.5,1942.0,2240,9,69,13386.4
2844.306,379.0,1942.0,2240,9,68,13409.4
2844.424,508.5,1942.0,2240,9,68,13434.8
2844.541,508.5,1942.0,2240,7,68,13461.9
2844.658,88.7,1942.0,2240,7,70,13468.9
2844.776,88.7,1942.0,2240,72,74,13468.9
2844.894,88.7,1942.0,2240,100,72,13469.1
2845.011,249.7,1942.0,2240,100,69,13487.6
2845.129,379.2,1942.0,2240,25,68,13503.4
2845.248,508.7,1942.0,2240,12,68,13525.3
2845.365,89.0,1942.0,2240,17,68,13541.8
2845.482,89.0,1942.0,2240,17,70,13539.5
2845.603,89.0,1942.0,2240,100,73,13483.3
2845.722,120.5,1942.0,2240,82,70,13482.7
2845.841,379.5,1942.0,2240,82,69,13495.2
2845.959,509.0,1942.0,2240,13,68,13507.9
2846.078,89.2,1942.0,2240,23,69,13505.6
2846.197,89.2,1942.0,2240,100,74,13495.7
2846.317,89.2,1942.0,2240,100,72,13486.0
2846.436,250.2,1942.0,2240,80,69,13495.4
2846.556,379.7,1942.0,2240,12,68,13505.7
2846.675,509.2,1942.0,2240,12,68,13514.7
2846.793,89.4,1942.0,2240,33,71,13505.0
2846.911,89.4,1942.0,2240,100,73,13495.1
2847.03,92.9,1942.0,2240,100,70,13497.5
2847.153,250.4,1942.0,2240,69,69,13518.5
2847.271,379.9,1942.0,2240,11,68,13538.7
2847.39,509.4,1942.0,2240,11,68,13561.1
2847.508,89.6,1942.0,2240,11,71,13562.2
2847.626,89.6,1942.0,2240,68,74,13552.6
2847.745,89.6,1942.0,2240,100,71,13548.3
2847.864,250.6,1942.0,2240,100,69,13573.8
2847.983,380.1,1942.0,2240,25,68,13598.8
2848.102,380.1,1942.0,2240,8,68,13623.3
2848.221,509.6,1942.0,2240,9,68,13652.0
2848.341,89.8,1942.0,2240,9,68,13653.0
2848.46,89.8,1942.0,2240,65,74,13642.8
2848.582,89.8,1942.0,2240,100,72,13633.0
2848.702,250.8,1942.0,2240,100,69,13649.9
2848.821,380.3,1942.0,2240,36,68,13676.6
2848.941,380.3,1942.0,2240,4,68,13677.0
2849.18,509.8,1942.0,2240,6,68,13652.9
2849.492,90.1,1942.0,2240,3,69,13641.7
2849.618,90.1,1942.0,2240,98,74,13631.1
2849.744,121.6,1942.0,2240,92,70,13627.4
2849.877,251.1,1942.0,2240,3,68,13607.3
2850.19,380.6,1942.0,2240,4,68,13581.2
2850.486,510.1,1942.0,2240,2,68,13556.0
2850.795,510.1,1942.0,2240,3,68,13540.8
2851.083,90.3,1942.0,2240,22,73,13542.2
2851.282,90.3,1942.0,2240,100,73,13532.4
2851.401,121.8,1942.0,2240,71,69,13525.7
2851.577,251.3,1942.0,2240,3,68,13495.9
2851.892,380.8,1942.0,2240,6,68,13469.7
2852.17,510.3,1942.0,2240,6,68,13401.9
2852.475,90.5,1942.0,2240,12,70,12953.2
2852.597,90.5,1942.0,2240,100,74,12912.0
2852.726,90.5,1942.0,2240,81,70,12927.3
2852.849,251.5,1942.0,2240,81,69,12968.9
2852.966,381.0,1942.0,2240,8,68,13002.7
2853.084,381.0,1942.0,2240,8,68,13031.4
2853.202,510.5,1942.0,2240,8,68,13058.6
2853.32,90.7,1942.0,2240,9,69,13063.8
2853.438,90.7,1942.0,2240,90,74,13063.8
2853.555,90.7,1942.0,2240,90,71,13064.0
2853.672,251.7,1942.0,2240,98,69,13097.7
2853.791,251.7,1942.0,2240,9,68,13116.6
2853.909,381.2,1942.0,2240,11,68,13139.0
2854.027,510.7,1942.0,2240,11,68,13156.9
2854.145,90.9,1942.0,2240,34,70,13156.9
2854.263,90.9,1942.0,2240,100,73,13156.9
2854.381,122.4,1942.0,2240,100,70,13149.1
2854.5,251.9,1942.0,2240,66,69,13041.1
2854.619,381.4,1942.0,2240,8,68,13085.7
2854.739,510.9,1942.0,2240,13,68,13102.4
2854.857,91.2,1942.0,2240,13,72,13074.1
2854.993,91.2,1942.0,2240,91,73,13063.8
2855.112,122.7,1942.0,2240,98,70,13069.5
2855.232,252.2,1942.0,2240,11,68,13097.7
2855.351,381.7,1942.0,2240,11,68,13130.9
2855.47,511.2,1942.0,2240,11,68,13177.7
2855.589,91.4,1942.0,2240,49,70,13177.1
2855.707,91.4,1942.0,2240,49,74,13166.9
2855.826,91.4,1942.0,2240,100,70,13161.7
2855.945,252.4,1942.0,2240,50,69,13188.8
2856.064,381.9,1942.0,2240,50,68,13217.4
2856.184,511.4,1942.0,2240,9,68,13243.7
2856.303,91.6,1942.0,2240,11,70,13257.9
2856.422,91.6,1942.0,2240,89,72,13247.9
2856.541,91.6,1942.0,2240,89,73,13238.3
2856.66,252.6,1942.0,2240,100,69,13257.4
2856.779,382.1,1942.0,2240,12,68,13283.9
2856.899,511.6,1942.0,2240,12,68,13305.6
2857.018,91.8,1942.0,2240,12,69,13325.8
2857.138,91.8,1942.0,2240,58,73,13315.7
2857.257,91.8,1942.0,2240,100,73,13308.5
2857.376,123.3,1942.0,2240,100,69,13311.0
2857.495,252.8,1942.0,2240,41,68,13295.0
2857.614,382.3,1942.0,2240,8,68,13277.0
2857.733,511.8,1942.0,2240,8,68,12879.1
2857.853,92.0,1942.0,2240,11,69,12694.2
2857.97,92.0,1942.0,2240,77,73,12694.2
2858.088,92.0,1942.0,2240,100,73,12694.2
2858.205,253.0,1942.0,2240,100,69,12732.0
2858.323,253.0,1942.0,2240,26,68,12751.0
2858.441,382.5,1942.0,2240,8,68,12753.2
2858.565,512.0,1942.0,2240,8,68,12745.3
2858.683,512.0,1942.0,2240,7,68,12700.2
2858.801,61.6,1942.0,2240,31,70,12682.6
2858.918,61.6,1942.0,2240,100,73,12682.6
2859.036,61.6,1942.0,2240,100,71,12684.2
2859.154,61.6,1942.0,2240,66,69,12749.1
2859.281,61.6,1942.0,2240,2,69,12759.4
2859.407,61.6,1942.0,2240,2,68,12789.9
2859.531,61.6,1942.0,2240,2,68,12863.7
2859.658,61.6,1942.0,2240,0,68,12901.1
2859.786,61.6,1942.0,2240,2,68,12927.6
2859.913,61.6,1942.0,2240,2,68,12984.7
2860.04,61.6,1942.0,2240,2,68,13019.1
2860.167,61.6,1942.0,2240,0,68,13047.7
2860.291,61.6,1942.0,2240,2,68,13109.7
2860.418,61.6,1942.0,2240,2,68,13139.4
2860.544,61.6,1942.0,2240,2,68,13175.2
2860.67,61.6,1942.0,2240,0,68,13236.0
2860.796,61.6,1942.0,2240,2,68,13239.6
2860.923,61.6,1942.0,2240,2,68,13217.3
2861.051,61.6,1942.0,2240,2,68,13281.7
2861.176,61.6,1942.0,2240,0,68,13304.0
2861.301,61.6,1942.0,2240,2,68,13325.2
2861.426,61.6,1942.0,2240,2,68,13344.4
2861.554,61.6,1942.0,2240,2,68,13361.9
2861.679,61.6,1942.0,2240,0,68,13422.3
2861.806,61.6,1942.0,2240,2,68,13450.9
2861.931,61.6,1942.0,2240,2,68,13483.0
2862.058,61.6,1942.0,2240,2,68,13515.0
2862.184,61.6,1942.0,2240,0,68,13520.5
2862.311,61.6,1942.0,2240,2,68,13580.0
2862.44,61.6,1942.0,2240,2,68,13603.3
2862.567,61.6,1942.0,2240,2,68,13636.3
2862.693,61.6,1942.0,2240,0,68,13664.9
2862.819,61.6,1942.0,2240,2,68,13665.4
2862.945,61.6,1942.0,2240,2,68,13747.2
2863.072,61.6,1942.0,2240,2,68,13767.3
2863.199,61.6,1942.0,2240,0,68,13792.5
2863.34,61.6,1942.0,2240,2,68,13811.8
2863.506,61.6,1942.0,2240,0,68,13797.2
2863.806,61.6,1942.0,2240,2,68,13777.5
2864.174,61.6,1942.0,2240,2,68,13777.8
2864.478,61.6,1942.0,2240,2,68,13780.5
2864.712,61.6,1942.0,2240,2,68,13617.3
2865.553,61.6,1942.0,2240,2,68,13599.1
2865.702,61.6,1942.0,2240,1,68,13391.0
2865.822,53.2,1942.0,2240,1,68,12211.9
2865.942,243.2,1942.0,2240,6,68,12253.2
2866.06,243.2,1942.0,2240,6,68,12286.8
2866.179,372.7,1942.0,2240,9,68,12322.6
2866.297,502.2,1942.0,2240,8,67,12360.7
2866.415,86.8,1942.0,2240,8,68,12387.5
2866.534,86.8,1942.0,2240,36,69,12387.5
2866.651,86.8,1942.0,2240,100,72,12387.5
2866.769,86.8,1942.0,2240,100,70,12392.0
2866.886,247.8,1942.0,2240,85,69,12431.6
2867.004,377.3,1942.0,2240,9,68,12464.8
2867.122,377.3,1942.0,2240,9,68,12503.2
2867.24,506.8,1942.0,2240,9,68,12528.2
2867.358,87.0,1942.0,2240,8,70,12545.6
2867.476,87.0,1942.0,2240,89,74,12545.6
2867.593,87.0,1942.0,2240,89,72,12545.6
2867.71,248.0,1942.0,2240,100,69,12568.0
2867.829,248.0,1942.0,2240,11,68,12594.4
2867.947,377.5,1942.0,2240,10,68,12620.1
2868.065,507.0,1942.0,2240,10,68,12653.2
2868.183,87.2,1942.0,2240,9,69,12664.2
2868.301,87.2,1942.0,2240,99,73,12664.2
2868.42,87.2,1942.0,2240,99,73,12664.2
2868.538,248.2,1942.0,2240,92,69,12693.3
2868.655,377.7,1942.0,2240,12,69,12722.3
2868.773,507.2,1942.0,2240,12,68,12757.6
2868.891,87.4,1942.0,2240,13,70,12766.6
2869.009,87.4,1942.0,2240,92,74,12766.6
2869.13,87.4,1942.0,2240,100,71,12769.9
2869.248,248.5,1942.0,2240,100,69,12820.2
2869.366,378.0,1942.0,2240,12,68,12872.8
2869.484,507.5,1942.0,2240,13,68,12907.1
2869.601,87.7,1942.0,2240,13,70,12907.1
2869.718,87.7,1942.0,2240,86,74,12907.1
2869.836,91.2,1942.0,2240,100,71,12911.4
2869.954,378.2,1942.0,2240,100,69,12837.1
2870.073,87.9,1942.0,2240,24,70,12833.7
2870.19,87.9,1942.0,2240,65,74,12833.7
2870.309,87.9,1942.0,2240,100,72,12833.7
2870.427,248.9,1942.0,2240,100,69,12838.2
2870.547,507.9,1942.0,2240,50,68,12674.2
2870.666,598.7,1942.0,2240,12,68,12683.7
2870.784,88.1,1942.0,2240,12,72,12683.7
2870.902,88.1,1942.0,2240,88,73,12683.7
2871.019,95.1,1942.0,2240,100,70,12670.6
2871.138,249.1,1942.0,2240,13,69,12687.6
2871.256,508.1,1942.0,2240,13,68,12703.5
2871.376,88.3,1942.0,2240,14,70,12721.1
2871.495,88.3,1942.0,2240,72,73,12721.1
2871.613,88.3,1942.0,2240,72,72,12721.1
2871.731,249.3,1942.0,2240,100,70,12726.4
2871.849,378.8,1942.0,2240,36,68,12745.5
2871.967,508.3,1942.0,2240,11,68,12765.3
2872.084,88.5,1942.0,2240,11,69,12776.7
2872.203,88.5,1942.0,2240,54,71,12766.6
2872.323,88.5,1942.0,2240,100,73,12759.1
2872.441,92.0,1942.0,2240,100,70,12769.5
2872.56,249.5,1942.0,2240,49,69,12793.8
2872.678,249.5,1942.0,2240,7,68,12815.5
2872.796,379.0,1942.0,2240,7,68,12837.3
2872.914,508.5,1942.0,2240,7,68,12844.7
2873.031,508.5,1942.0,2240,9,68,12870.9
2873.15,88.8,1942.0,2240,68,72,12870.9
2873.267,88.8,1942.0,2240,68,73,12870.9
2873.387,88.8,1942.0,2240,100,70,12876.9
2873.505,249.8,1942.0,2240,29,68,12898.7
2873.623,379.3,1942.0,2240,29,68,12915.6
2873.743,379.3,1942.0,2240,9,68,12934.3
2873.862,508.8,1942.0,2240,9,68,12958.0
2873.98,89.0,1942.0,2240,36,68,12970.6
2874.098,89.0,1942.0,2240,36,72,12970.6
2874.216,89.0,1942.0,2240,100,72,12970.6
2874.334,120.5,1942.0,2240,67,69,12986.5
2874.451,250.0,1942.0,2240,67,68,13008.4
2874.568,379.5,1942.0,2240,8,68,13030.1
2874.686,379.5,1942.0,2240,9,68,13055.5
2874.803,509.0,1942.0,2240,9,68,13076.3
2874.923,89.2,1942.0,2240,9,70,13073.9
2875.042,89.2,1942.0,2240,87,74,13063.7
2875.161,89.2,1942.0,2240,100,71,13063.1
2875.279,250.2,1942.0,2240,100,68,13080.7
2875.398,379.7,1942.0,2240,13,68,13096.3
2875.516,509.2,1942.0,2240,10,68,13115.2
2875.633,579.0,1942.0,2240,10,69,13131.9
2875.75,89.4,1942.0,2240,27,71,13131.9
2875.868,89.4,1942.0,2240,100,72,13131.9
2875.984,96.4,1942.0,2240,73,69,13137.5
2876.103,250.4,1942.0,2240,73,69,13154.4
2876.221,379.9,1942.0,2240,11,68,13173.5
2876.338,509.4,1942.0,2240,11,68,13191.8
2876.456,89.6,1942.0,2240,11,69,13195.1
2876.573,89.6,1942.0,2240,72,74,13195.1
2876.693,89.6,1942.0,2240,100,72,13195.5
2876.81,250.6,1942.0,2240,100,68,13205.9
2876.93,380.1,1942.0,2240,29,68,13216.1
2877.049,509.6,1942.0,2240,13,68,13226.3
2877.168,89.9,1942.0,2240,71,70,13216.4
2877.287,89.9,1942.0,2240,71,73,13206.5
2877.407,89.9,1942.0,2240,100,70,13206.1
2877.526,250.9,1942.0,2240,33,68,13227.1
2877.645,380.4,1942.0,2240,33,68,13248.7
2877.764,509.9,1942.0,2240,11,67,13272.1
2877.884,90.1,1942.0,2240,10,68,13279.1
2878.003,90.1,1942.0,2240,100,71,13269.1
2878.123,90.1,1942.0,2240,100,72,13259.3
2878.242,121.6,1942.0,2240,97,69,13274.4
2878.361,251.1,1942.0,2240,8,68,13301.7
2878.481,380.6,1942.0,2240,8,68,13329.5
2878.6,510.1,1942.0,2240,8,68,13357.9
2878.719,90.3,1942.0,2240,9,70,13371.7
2878.839,90.3,1942.0,2240,87,73,13361.9
2878.958,90.3,1942.0,2240,87,72,13352.1
2879.079,251.3,1942.0,2240,100,69,13363.8
2879.2,251.3,1942.0,2240,13,68,13390.4
2879.32,380.8,1942.0,2240,13,68,13413.2
2879.44,510.3,1942.0,2240,9,68,13434.6
2879.559,90.5,1942.0,2240,29,69,13434.1
2879.679,90.5,1942.0,2240,100,72,13424.3
2879.8,90.5,1942.0,2240,100,72,13414.6
2879.92,251.5,1942.0,2240,85,69,13432.2
2880.04,381.0,1942.0,2240,11,68,13435.6
2880.287,510.5,1942.0,2240,1,68,13402.2
2880.63,510.5,1942.0,2240,2,68,13367.0
2880.98,510.5,1942.0,2240,11,74,13349.7
2881.277,90.7,1942.0,2240,100,72,13349.7
2881.397,251.7,1942.0,2240,84,69,13359.3
2881.534,251.7,1942.0,2240,7,68,13302.3
2881.748,381.2,1942.0,2240,6,68,12903.5
2881.867,510.7,1942.0,2240,12,68,12752.9
2881.991,91.0,1942.0,2240,12,69,12755.0
2882.109,91.0,1942.0,2240,76,74,12755.0
2882.227,91.0,1942.0,2240,100,70,12758.1
2882.344,252.0,1942.0,2240,26,68,12793.8
2882.462,252.0,1942.0,2240,26,68,12822.8
2882.58,381.5,1942.0,2240,8,68,12842.0
2882.698,511.0,1942.0,2240,11,67,12863.1
2882.815,91.2,1942.0,2240,11,69,12864.3
2882.933,91.2,1942.0,2240,90,73,12864.3
2883.05,91.2,1942.0,2240,100,71,12869.6
2883.168,252.2,1942.0,2240,100,68,12904.8
2883.285,381.7,1942.0,2240,15,68,12931.4
2883.403,511.2,1942.0,2240,13,68,12962.5
2883.52,91.4,1942.0,2240,47,69,12975.3
2883.64,91.4,1942.0,2240,47,73,12975.3
2883.757,91.4,1942.0,2240,100,72,12975.3
2883.876,252.4,1942.0,2240,56,69,13004.3
2883.994,381.9,1942.0,2240,56,68,13036.5
2884.112,511.4,1942.0,2240,8,68,13063.3
2884.232,91.6,1942.0,2240,31,69,13063.9
2884.353,91.6,1942.0,2240,100,73,13054.0
2884.473,91.6,1942.0,2240,100,72,13044.2
2884.592,252.6,1942.0,2240,73,69,13068.5
2884.712,382.1,1942.0,2240,12,68,13092.4
2884.831,511.6,1942.0,2240,12,68,13118.3
2884.952,91.8,1942.0,2240,21,71,13108.5
2885.072,91.8,1942.0,2240,100,73,13098.6
2885.194,91.8,1942.0,2240,81,70,13100.6
2885.314,252.8,1942.0,2240,81,68,13128.2
2885.434,382.3,1942.0,2240,11,68,13156.6
2885.555,511.8,1942.0,2240,10,68,13186.8
2885.675,92.1,1942.0,2240,10,69,13187.3
2885.795,92.1,1942.0,2240,65,74,13177.4
2885.918,92.1,1942.0,2240,100,72,13168.3
2886.039,253.1,1942.0,2240,39,68,13197.0
2886.159,382.6,1942.0,2240,39,68,13223.0
2886.28,512.1,1942.0,2240,15,68,13236.1
2886.475,92.3,1942.0,2240,18,70,13225.4
2886.603,92.3,1942.0,2240,100,73,13215.0
2886.722,95.8,1942.0,2240,87,70,13217.5
2886.857,253.3,1942.0,2240,1,68,13187.9
2887.192,253.3,1942.0,2240,3,68,13154.9
2887.55,382.8,1942.0,2240,3,68,13125.2
2887.85,512.3,1942.0,2240,1,68,13094.3
2888.184,92.5,1942.0,2240,64,74,13080.6
2888.396,92.5,1942.0,2240,100,72,13070.9
2888.517,253.5,1942.0,2240,37,68,13049.5
2888.795,383.0,1942.0,2240,5,67,13018.1
2889.128,512.5,1942.0,2240,6,67,12987.9
2889.457,512.5,1942.0,2240,54,73,12964.2
2889.763,62.1,1942.0,2240,100,71,12956.4
2889.887,62.1,1942.0,2240,0,68,12968.2
2890.167,62.1,1942.0,2240,0,68,12919.5
2890.741,62.1,1942.0,2240,2,67,12922.0
2890.988,62.1,1942.0,2240,0,67,12921.1
2891.291,62.1,1942.0,2240,2,67,12920.8
2891.548,62.1,1942.0,2240,0,68,12921.9
2891.805,62.1,1942.0,2240,2,67,12917.9
2891.956,62.1,1942.0,2240,0,67,12927.3
2892.25,62.1,1942.0,2240,2,67,12924.2
2892.495,62.1,1942.0,2240,2,67,12759.7
2892.621,62.1,1942.0,2240,0,68,12643.8
2892.753,62.1,1942.0,2240,2,68,12680.6
2892.88,62.1,1942.0,2240,2,68,12706.1
2893.008,62.1,1942.0,2240,2,68,12759.3
2893.133,62.1,1942.0,2240,0,68,12837.1
2893.26,62.1,1942.0,2240,2,68,12866.4
2893.387,62.1,1942.0,2240,2,68,12892.2
2893.514,62.1,1942.0,2240,2,67,12924.3
2893.643,62.1,1942.0,2240,0,68,12872.6
2893.772,62.1,1942.0,2240,2,67,12569.7
2893.909,62.1,1942.0,2240,2,68,12556.1
2894.037,62.1,1942.0,2240,2,68,12618.6
2894.164,62.1,1942.0,2240,0,68,12680.8
2894.289,62.1,1942.0,2240,2,67,12715.8
2894.414,62.1,1942.0,2240,2,68,12813.4
2894.54,62.1,1942.0,2240,2,68,12875.9
2894.666,62.1,1942.0,2240,0,67,12927.5
2894.791,62.1,1942.0,2240,2,67,12961.9
2894.916,62.1,1942.0,2240,2,68,13070.6
2895.042,62.1,1942.0,2240,2,68,13133.1
2895.167,62.1,1942.0,2240,0,68,13173.2
2895.292,62.1,1942.0,2240,2,68,13022.6
2895.419,62.1,1942.0,2240,2,68,13139.1
2895.545,62.1,1942.0,2240,2,68,13190.7
2895.671,62.1,1942.0,2240,0,68,13248.5
2895.797,62.1,1942.0,2240,2,68,13279.7
2895.924,62.1,1942.0,2240,2,68,13352.0
2896.051,62.1,1942.0,2240,2,68,13281.3
2896.176,62.1,1942.0,2240,0,68,13332.2
2896.301,62.1,1942.0,2240,2,67,13375.0
2896.429,62.1,1942.0,2240,2,68,13443.9
2896.555,62.1,1942.0,2240,2,68,13461.2
2896.682,62.1,1942.0,2240,0,68,13411.9
2896.809,62.1,1942.0,2240,3,68,13445.8
2896.935,62.1,1942.0,2240,2,68,13463.2
2897.059,62.1,1942.0,2240,2,68,13526.5
2897.184,62.1,1942.0,2240,0,68,13648.2
2897.307,62.1,1942.0,2240,2,68,13679.1
2897.428,53.4,1942.0,2240,2,68,12900.1
2897.546,244.6,1942.0,2240,2,68,12924.3
2897.664,374.1,1942.0,2240,8,68,12952.3
2897.782,374.1,1942.0,2240,9,68,12979.8
2897.9,503.6,1942.0,2240,9,68,13006.9
2898.018,89.4,1942.0,2240,11,68,13015.2
2898.135,89.4,1942.0,2240,90,71,13015.2
2898.252,89.4,1942.0,2240,100,72,13015.2
2898.372,89.4,1942.0,2240,100,72,13015.2
2898.489,89.4,1942.0,2240,100,72,13015.2
2898.607,121.0,1942.0,2240,83,70,13027.8
2898.724,250.5,1942.0,2240,83,69,13054.2
2898.842,380.0,1942.0,2240,11,68,13083.1
2898.961,509.5,1942.0,2240,10,68,13110.1
2899.078,89.7,1942.0,2240,10,71,13120.8
2899.196,89.7,1942.0,2240,44,71,13120.8
2899.314,89.7,1942.0,2240,100,73,13120.8
2899.432,89.7,1942.0,2240,100,73,13120.8
2899.549,89.7,1942.0,2240,100,72,13120.8
2899.667,89.7,1942.0,2240,100,70,13127.7
2899.785,250.7,1942.0,2240,28,69,13150.1
2899.902,380.2,1942.0,2240,28,69,13174.6
2900.02,509.7,1942.0,2240,10,68,13201.7
2900.138,557.6,1942.0,2240,8,69,13223.3
2900.256,89.9,1942.0,2240,81,71,13223.3
2900.373,89.9,1942.0,2240,81,72,13223.3
2900.49,89.9,1942.0,2240,100,73,13223.3
2900.608,89.9,1942.0,2240,100,72,13223.3
2900.726,89.9,1942.0,2240,100,72,13223.3
2900.843,250.9,1942.0,2240,86,69,13236.9
2900.961,509.9,1942.0,2240,21,69,13247.2
2901.079,90.1,1942.0,2240,21,70,13247.2
2901.196,90.1,1942.0,2240,82,72,13247.2
2901.314,90.1,1942.0,2240,100,73,13247.2
2901.433,90.1,1942.0,2240,100,72,13247.2
2901.55,90.1,1942.0,2240,100,72,13247.2
2901.668,380.6,1942.0,2240,88,69,13257.6
2901.787,90.3,1942.0,2240,40,71,13265.0
2901.905,90.3,1942.0,2240,40,72,13265.0
2902.022,90.3,1942.0,2240,100,73,13265.0
2902.14,90.3,1942.0,2240,100,73,13265.0
2902.258,90.3,1942.0,2240,100,72,13265.0
2902.375,90.3,1942.0,2240,100,70,13268.5
2902.494,380.8,1942.0,2240,59,69,13280.3
2902.611,90.5,1942.0,2240,35,70,13290.0
2902.73,90.5,1942.0,2240,35,71,13290.0
2902.848,90.5,1942.0,2240,100,72,13290.0
2902.966,90.5,1942.0,2240,100,73,13290.0
2903.083,90.5,1942.0,2240,100,72,13290.0
2903.201,90.5,1942.0,2240,100,71,13291.1
2903.318,381.1,1942.0,2240,62,69,13312.7
2903.436,510.6,1942.0,2240,13,69,13343.5
2903.554,90.8,1942.0,2240,13,70,13350.2
2903.672,90.8,1942.0,2240,80,72,13350.2
2903.789,90.8,1942.0,2240,100,73,13350.2
2903.907,90.8,1942.0,2240,100,73,13350.2
2904.025,90.8,1942.0,2240,100,72,13350.2
2904.142,251.8,1942.0,2240,78,70,13367.4
2904.26,251.8,1942.0,2240,78,69,13397.4
2904.378,381.3,1942.0,2240,12,69,13425.9
2904.495,510.8,1942.0,2240,11,68,13453.6
2904.613,91.0,1942.0,2240,44,70,13463.3
2904.731,91.0,1942.0,2240,44,72,13463.3
2904.848,91.0,1942.0,2240,100,73,13463.3
2904.966,91.0,1942.0,2240,100,73,13463.3
2905.084,91.0,1942.0,2240,100,72,13463.3
2905.202,252.0,1942.0,2240,100,70,13471.3
2905.32,381.5,1942.0,2240,27,69,13491.8
2905.437,511.0,1942.0,2240,12,69,13511.6
2905.554,91.2,1942.0,2240,12,71,13490.5
2905.673,91.2,1942.0,2240,59,71,13399.7
2905.806,91.2,1942.0,2240,100,73,13399.7
2905.924,91.2,1942.0,2240,100,73,13399.7
2906.041,91.2,1942.0,2240,100,72,13399.7
2906.159,91.2,1942.0,2240,96,70,13410.9
2906.277,252.2,1942.0,2240,7,69,13436.8
2906.395,252.2,1942.0,2240,7,69,13460.8
2906.513,381.7,1942.0,2240,8,68,13485.1
2906.631,511.2,1942.0,2240,9,68,13510.8
2906.749,91.4,1942.0,2240,9,71,13535.2
2906.866,91.4,1942.0,2240,43,71,13535.2
2906.984,91.4,1942.0,2240,100,72,13535.2
2907.101,91.4,1942.0,2240,100,73,13535.2
2907.218,91.4,1942.0,2240,100,72,13535.2
2907.335,91.4,1942.0,2240,100,71,13536.2
2907.453,252.4,1942.0,2240,37,69,13559.1
2907.57,252.4,1942.0,2240,37,69,13535.4
2907.689,381.9,1942.0,2240,8,68,13488.9
2907.808,511.4,1942.0,2240,8,68,13163.6
2907.926,91.6,1942.0,2240,8,70,13010.7
2908.053,91.6,1942.0,2240,43,71,13010.7
2908.171,91.6,1942.0,2240,100,73,13010.7
2908.289,91.6,1942.0,2240,100,73,13010.7
2908.406,91.6,1942.0,2240,100,72,13010.7
2908.523,91.6,1942.0,2240,100,70,13021.1
2908.641,252.7,1942.0,2240,29,69,13051.9
2908.759,252.7,1942.0,2240,29,69,13074.5
2908.877,382.2,1942.0,2240,7,68,13106.5
2908.996,511.7,1942.0,2240,9,68,13138.8
2909.114,91.9,1942.0,2240,9,70,13161.4
2909.232,91.9,1942.0,2240,26,71,13161.4
2909.35,91.9,1942.0,2240,100,72,13161.4
2909.467,91.9,1942.0,2240,100,73,13161.4
2909.585,91.9,1942.0,2240,100,72,13161.4
2909.702,91.9,1942.0,2240,100,71,13166.1
2909.82,252.9,1942.0,2240,37,69,13185.3
2909.938,382.4,1942.0,2240,37,69,13202.3
2910.056,511.9,1942.0,2240,12,68,13228.2
2910.173,551.2,1942.0,2240,9,69,13252.5
2910.291,92.1,1942.0,2240,80,71,13252.5
2910.409,92.1,1942.0,2240,80,72,13252.5
2910.526,92.1,1942.0,2240,100,73,13252.5
2910.643,92.1,1942.0,2240,100,72,13252.5
2910.761,92.1,1942.0,2240,100,71,13252.9
2910.878,253.1,1942.0,2240,77,69,13270.4
2910.995,382.6,1942.0,2240,10,69,13290.6
2911.112,512.1,1942.0,2240,10,68,13312.0
2911.23,544.5,1942.0,2240,11,68,13327.3
2911.348,92.3,1942.0,2240,50,70,13327.3
2911.465,92.3,1942.0,2240,100,72,13327.3
2911.582,92.3,1942.0,2240,100,73,13327.3
2911.7,92.3,1942.0,2240,100,72,13327.3
2911.818,92.3,1942.0,2240,100,72,13327.3
2911.936,253.3,1942.0,2240,100,69,13349.1
2912.054,382.8,1942.0,2240,21,69,13374.6
2912.172,382.8,1942.0,2240,10,68,13391.8
2912.29,512.3,1942.0,2240,10,68,13417.4
2912.407,92.5,1942.0,2240,9,70,13422.4
2912.525,92.5,1942.0,2240,94,72,13422.4
2912.643,92.5,1942.0,2240,100,73,13422.4
2912.762,92.5,1942.0,2240,100,72,13422.4
2912.879,92.5,1942.0,2240,100,72,13422.4
2912.997,253.5,1942.0,2240,66,69,13441.3
2913.114,253.5,1942.0,2240,66,69,13467.2
2913.232,383.0,1942.0,2240,9,68,13506.0
2913.35,512.5,1942.0,2240,8,68,13541.4
2913.468,92.7,1942.0,2240,29,70,13567.9
2913.586,92.7,1942.0,2240,29,71,13557.7
2913.704,92.7,1942.0,2240,100,73,13548.3
2913.823,92.7,1942.0,2240,100,73,13538.3
2913.941,92.7,1942.0,2240,100,72,13528.2
2914.06,92.7,1942.0,2240,100,71,13526.6
2914.179,253.8,1942.0,2240,50,69,13571.9
2914.297,383.3,1942.0,2240,50,69,13614.2
2914.416,383.3,1942.0,2240,10,69,13652.5
2914.535,512.8,1942.0,2240,9,68,13688.6
2914.653,93.0,1942.0,2240,59,70,13681.4
2914.772,93.0,1942.0,2240,59,72,13671.3
2914.891,93.0,1942.0,2240,100,73,13663.2
2915.01,93.0,1942.0,2240,100,73,13653.2
2915.129,93.0,1942.0,2240,100,72,13643.2
2915.249,254.0,1942.0,2240,100,70,13662.3
2915.368,383.5,1942.0,2240,13,69,13694.0
2915.487,513.0,1942.0,2240,9,69,13719.5
2915.606,513.0,1942.0,2240,9,69,13738.8
2915.726,93.2,1942.0,2240,35,70,13728.7
2915.845,93.2,1942.0,2240,100,73,13718.7
2915.965,93.2,1942.0,2240,100,73,13708.8
2916.085,93.2,1942.0,2240,100,73,13698.8
2916.204,93.2,1942.0,2240,100,72,13688.9
2916.324,254.2,1942.0,2240,47,70,13703.4
2916.444,383.7,1942.0,2240,9,69,13680.8
2916.765,513.2,1942.0,2240,3,69,13653.3
2917.061,513.2,1942.0,2240,3,69,13596.7
2917.443,93.4,1942.0,2240,67,72,13577.8
2917.693,93.4,1942.0,2240,100,73,13568.1
2917.812,93.4,1942.0,2240,100,73,13558.4
2917.932,93.4,1942.0,2240,100,72,13548.6
2918.051,254.4,1942.0,2240,94,70,13550.9
2918.176,254.4,1942.0,2240,10,69,13531.7
2918.443,383.9,1942.0,2240,5,69,13502.5
2918.757,93.6,1942.0,2240,70,71,13485.7
2918.987,93.6,1942.0,2240,70,73,13476.3
2919.107,93.6,1942.0,2240,100,73,13466.3
2919.227,93.6,1942.0,2240,100,73,13456.3
2919.346,93.6,1942.0,2240,96,72,13449.8
2919.465,254.6,1942.0,2240,8,69,13444.3
2919.699,513.6,1942.0,2240,9,69,13404.5
2919.84,93.8,1942.0,2240,47,70,12974.1
2919.959,93.8,1942.0,2240,47,73,12966.7
2920.077,93.8,1942.0,2240,100,74,12966.7
2920.195,93.8,1942.0,2240,100,73,12966.7
2920.313,93.8,1942.0,2240,100,72,12966.7
2920.433,97.4,1942.0,2240,100,71,12978.8
2920.55,254.9,1942.0,2240,32,70,13005.3
2920.668,384.4,1942.0,2240,32,69,13027.5
2920.786,513.9,1942.0,2240,10,69,13051.0
2920.904,94.1,1942.0,2240,11,70,13069.4
2921.021,94.1,1942.0,2240,83,71,13069.4
2921.139,94.1,1942.0,2240,83,73,13069.4
2921.256,94.1,1942.0,2240,100,74,13069.4
2921.374,94.1,1942.0,2240,100,73,13069.4
2921.492,94.1,1942.0,2240,100,72,13071.8
2921.61,255.1,1942.0,2240,81,70,13103.0
2921.728,384.6,1942.0,2240,11,69,13139.1
2921.846,514.1,1942.0,2240,11,69,13168.7
2921.967,94.3,1942.0,2240,11,70,13154.8
2922.087,94.3,1942.0,2240,70,73,13149.4
2922.206,94.3,1942.0,2240,100,74,13139.5
2922.324,94.3,1942.0,2240,100,73,13129.6
2922.443,94.3,1942.0,2240,100,73,13120.7
2922.562,125.8,1942.0,2240,95,70,13123.7
2922.681,255.3,1942.0,2240,11,70,13148.6
2922.8,384.8,1942.0,2240,11,69,13173.4
2922.919,587.4,1942.0,2240,12,69,13192.6
2923.038,94.5,1942.0,2240,71,71,13183.2
2923.157,94.5,1942.0,2240,71,73,13173.3
2923.275,94.5,1942.0,2240,100,74,13163.4
2923.394,94.5,1942.0,2240,100,73,13153.5
2923.513,94.5,1942.0,2240,93,73,13144.8
2923.632,255.5,1942.0,2240,93,70,13172.4
2923.751,385.0,1942.0,2240,10,70,13199.2
2923.87,514.5,1942.0,2240,11,69,13224.9
2923.99,94.7,1942.0,2240,11,70,13244.0
2924.109,94.7,1942.0,2240,42,72,13233.7
2924.229,94.7,1942.0,2240,100,73,13223.5
2924.348,94.7,1942.0,2240,100,74,13219.5
2924.468,94.7,1942.0,2240,100,73,13218.7
2924.588,94.7,1942.0,2240,100,72,13186.5
2924.707,255.7,1942.0,2240,34,70,12985.0
2924.826,385.2,1942.0,2240,34,70,12986.3
2924.944,514.7,1942.0,2240,10,69,12971.8
2925.063,514.7,1942.0,2240,7,69,12815.7
2925.181,94.9,1942.0,2240,7,70,12821.9
2925.298,94.9,1942.0,2240,69,73,12821.9
2925.416,94.9,1942.0,2240,100,74,12821.9
2925.534,94.9,1942.0,2240,100,73,12821.9
2925.651,94.9,1942.0,2240,100,73,12821.9
2925.769,126.5,1942.0,2240,91,70,12836.5
2925.887,256.0,1942.0,2240,8,70,12699.3
2926.005,385.5,1942.0,2240,8,69,12562.5
2926.132,385.5,1942.0,2240,7,69,12595.6
2926.251,515.0,1942.0,2240,7,69,12622.2
2926.4,95.2,1942.0,2240,7,71,12337.2
2926.519,95.2,1942.0,2240,7,72,12103.7
2926.637,95.2,1942.0,2240,98,73,12103.7
2926.754,95.2,1942.0,2240,100,74,12103.7
2926.872,95.2,1942.0,2240,100,73,12103.7
2926.99,95.2,1942.0,2240,100,73,12113.0
2927.109,256.2,1942.0,2240,66,70,12019.8
2927.229,256.2,1942.0,2240,8,69,11886.7
2927.347,385.7,1942.0,2240,8,69,11826.2
2927.464,515.2,1942.0,2240,9,69,11820.7
2927.584,515.2,1942.0,2240,6,69,11842.0
2927.702,64.7,1942.0,2240,55,70,11856.5
2927.82,64.7,1942.0,2240,55,73,11856.5
2927.938,64.7,1942.0,2240,100,74,11856.5
2928.056,64.7,1942.0,2240,100,73,11856.5
2928.174,64.7,1942.0,2240,100,73,11840.0
2928.292,64.7,1942.0,2240,100,70,11905.2
2928.417,64.7,1942.0,2240,9,70,11913.9
2928.543,64.7,1942.0,2240,0,69,11921.3
2928.671,64.7,1942.0,2240,0,69,12005.7
2928.796,64.7,1942.0,2240,2,69,12036.3
2928.922,64.7,1942.0,2240,2,69,12073.6
2929.047,64.7,1942.0,2240,0,69,12099.6
2929.175,64.7,1942.0,2240,0,69,12152.7
2929.304,64.7,1942.0,2240,2,69,12186.4
2929.432,64.7,1942.0,2240,2,69,12220.0
2929.558,64.7,1942.0,2240,0,69,12235.6
2929.684,64.7,1942.0,2240,0,69,12311.4
2929.811,64.7,1942.0,2240,2,69,12340.7
2929.937,64.7,1942.0,2240,2,69,12361.6
2930.064,64.7,1942.0,2240,0,69,12428.0
2930.19,64.7,1942.0,2240,0,69,12457.6
2930.316,64.7,1942.0,2240,2,69,12471.1
2930.444,64.7,1942.0,2240,2,69,12482.8
2930.57,64.7,1942.0,2240,0,69,12559.0
2930.698,64.7,1942.0,2240,2,69,12584.8
2930.826,64.7,1942.0,2240,2,69,12601.0
2930.953,64.7,1942.0,2240,2,69,12623.8
2931.079,64.7,1942.0,2240,0,68,12639.9
2931.204,64.7,1942.0,2240,2,68,12715.4
2931.33,64.7,1942.0,2240,2,68,12762.8
2931.457,64.7,1942.0,2240,2,68,12807.0
2931.583,64.7,1942.0,2240,0,68,12824.9
2931.71,64.7,1942.0,2240,2,68,12890.5
2931.837,64.7,1942.0,2240,2,68,12924.9
2931.962,64.7,1942.0,2240,2,68,12970.2
2932.089,64.7,1942.0,2240,0,68,12988.6
2932.214,64.7,1942.0,2240,2,68,13074.2
2932.341,64.7,1942.0,2240,2,68,13101.0
2932.467,64.7,1942.0,2240,2,68,13130.0
2932.594,64.7,1942.0,2240,0,68,13177.9
2932.72,64.7,1942.0,2240,2,68,13223.9
2932.846,64.7,1942.0,2240,2,68,13246.6
2932.972,64.7,1942.0,2240,2,68,13685.4
2933.097,53.6,1942.0,2240,0,68,12777.6
2933.215,60.6,1942.0,2240,2,68,12798.0
2933.334,246.2,1942.0,2240,2,68,12825.0
2933.453,246.2,1942.0,2240,10,68,12848.8
2933.57,375.7,1942.0,2240,7,68,12875.3
2933.688,505.2,1942.0,2240,7,68,12901.4
2933.806,92.4,1942.0,2240,10,70,12916.0
2933.924,92.4,1942.0,2240,78,69,12916.0
2934.041,92.4,1942.0,2240,78,72,12916.0
2934.159,92.4,1942.0,2240,100,74,12916.0
2934.276,92.4,1942.0,2240,100,75,12916.0
2934.393,123.9,1942.0,2240,70,70,12929.3
2934.514,253.4,1942.0,2240,70,69,12956.0
2934.632,382.9,1942.0,2240,9,69,12982.9
2934.751,512.4,1942.0,2240,9,69,13008.7
2934.868,512.4,1942.0,2240,9,69,13034.1
2934.985,92.6,1942.0,2240,21,70,13034.4
2935.102,92.6,1942.0,2240,100,74,13034.4
2935.22,92.6,1942.0,2240,100,73,13034.4
2935.337,92.6,1942.0,2240,100,73,13034.4
2935.454,92.6,1942.0,2240,100,72,13034.4
2935.572,253.6,1942.0,2240,40,70,13054.4
2935.692,253.6,1942.0,2240,40,69,13077.3
2935.81,383.1,1942.0,2240,9,69,13100.8
2935.928,512.6,1942.0,2240,9,69,13125.2
2936.046,561.5,1942.0,2240,9,70,13146.1
2936.163,92.8,1942.0,2240,25,70,13146.1
2936.28,92.8,1942.0,2240,100,75,13146.1
2936.398,92.8,1942.0,2240,100,73,13146.1
2936.519,92.8,1942.0,2240,100,73,13146.1
2936.637,92.8,1942.0,2240,100,72,13150.2
2936.755,383.3,1942.0,2240,44,70,13165.4
2936.873,512.8,1942.0,2240,44,69,13176.4
2936.99,93.0,1942.0,2240,36,70,13176.4
2937.108,93.0,1942.0,2240,100,75,13176.4
2937.227,93.0,1942.0,2240,100,73,13176.4
2937.346,93.0,1942.0,2240,100,73,13176.4
2937.463,93.0,1942.0,2240,100,72,13177.5
2937.58,513.1,1942.0,2240,45,69,13185.1
2937.698,93.3,1942.0,2240,45,71,13185.3
2937.815,93.3,1942.0,2240,94,75,13185.3
2937.933,93.3,1942.0,2240,100,73,13185.3
2938.05,93.3,1942.0,2240,100,73,13185.3
2938.168,93.3,1942.0,2240,100,71,13186.8
2938.287,383.8,1942.0,2240,53,69,13195.8
2938.405,93.5,1942.0,2240,53,72,13199.4
2938.522,93.5,1942.0,2240,53,72,13199.4
2938.639,93.5,1942.0,2240,100,75,13199.4
2938.757,93.5,1942.0,2240,100,73,13199.4
2938.875,93.5,1942.0,2240,100,73,13199.4
2938.993,254.5,1942.0,2240,98,70,13210.1
2939.111,384.0,1942.0,2240,18,69,13245.2
2939.23,513.5,1942.0,2240,18,69,13277.8
2939.348,93.7,1942.0,2240,9,70,13285.1
2939.465,93.7,1942.0,2240,93,74,13285.1
2939.583,93.7,1942.0,2240,100,74,13285.1
2939.7,93.7,1942.0,2240,100,72,13285.1
2939.818,93.7,1942.0,2240,100,72,13285.1
2939.936,254.7,1942.0,2240,50,69,13316.5
2940.054,254.7,1942.0,2240,50,69,13345.9
2940.178,513.7,1942.0,2240,10,69,13367.2
2940.296,513.7,1942.0,2240,12,70,12974.6
2940.415,93.9,1942.0,2240,82,70,12850.4
2940.544,93.9,1942.0,2240,82,76,12850.4
2940.662,93.9,1942.0,2240,100,73,12850.4
2940.78,93.9,1942.0,2240,100,73,12850.4
2940.897,125.4,1942.0,2240,100,70,12858.0
2941.017,384.4,1942.0,2240,57,70,12875.5
2941.134,384.4,1942.0,2240,9,69,12894.5
2941.253,513.9,1942.0,2240,9,69,12914.1
2941.37,94.1,1942.0,2240,10,71,12921.9
2941.488,94.1,1942.0,2240,82,72,12921.9
2941.606,94.1,1942.0,2240,100,74,12921.9
2941.724,94.1,1942.0,2240,100,72,12921.9
2941.842,94.1,1942.0,2240,100,73,12921.9
2941.96,125.7,1942.0,2240,50,70,12943.4
2942.077,255.2,1942.0,2240,50,69,12966.6
2942.195,384.7,1942.0,2240,6,69,12988.7
2942.313,384.7,1942.0,2240,7,69,13010.6
2942.432,514.2,1942.0,2240,8,69,13031.1
2942.55,514.2,1942.0,2240,8,69,13054.3
2942.667,94.4,1942.0,2240,24,70,13056.7
2942.785,94.4,1942.0,2240,100,75,13056.7
2942.903,94.4,1942.0,2240,100,73,13056.7
2943.021,94.4,1942.0,2240,100,73,13056.7
2943.138,94.4,1942.0,2240,100,71,13056.8
2943.258,255.4,1942.0,2240,100,70,13079.3
2943.375,255.4,1942.0,2240,26,69,13098.4
2943.493,255.4,1942.0,2240,6,69,13117.6
2943.611,384.9,1942.0,2240,5,69,13133.2
2943.729,384.9,1942.0,2240,5,69,13152.6
2943.846,514.4,1942.0,2240,7,68,13176.3
2943.963,514.4,1942.0,2240,6,68,13199.0
2944.081,94.6,1942.0,2240,6,70,13201.4
2944.198,94.6,1942.0,2240,75,74,13201.4
2944.315,94.6,1942.0,2240,100,73,13201.4
2944.433,94.6,1942.0,2240,100,72,13201.4
2944.55,94.6,1942.0,2240,100,71,13202.1
2944.668,126.1,1942.0,2240,63,69,13219.2
2944.787,255.6,1942.0,2240,6,69,13241.1
2944.904,255.6,1942.0,2240,6,69,13255.9
2945.022,385.1,1942.0,2240,7,69,13273.5
2945.139,385.1,1942.0,2240,6,69,13291.7
2945.257,514.6,1942.0,2240,6,68,13319.8
2945.374,514.6,1942.0,2240,6,68,13343.7
2945.492,94.8,1942.0,2240,46,70,13343.7
2945.609,94.8,1942.0,2240,100,75,13343.7
2945.727,94.8,1942.0,2240,100,73,13343.7
2945.845,94.8,1942.0,2240,100,73,13343.7
2945.963,94.8,1942.0,2240,84,70,13349.2
2946.081,255.8,1942.0,2240,84,69,13361.5
2946.199,385.3,1942.0,2240,10,69,13373.9
2946.317,385.3,1942.0,2240,8,68,13389.6
2946.434,514.8,1942.0,2240,8,68,13403.7
2946.552,514.8,1942.0,2240,6,68,13420.1
2946.669,95.0,1942.0,2240,26,70,13422.5
2946.787,95.0,1942.0,2240,100,72,13422.5
2946.906,95.0,1942.0,2240,100,73,13422.5
2947.024,95.0,1942.0,2240,100,73,13422.5
2947.141,95.0,1942.0,2240,100,72,13422.5
2947.259,256.0,1942.0,2240,100,69,13435.3
2947.377,256.0,1942.0,2240,18,69,13446.8
2947.495,385.5,1942.0,2240,10,68,13460.3
2947.613,515.0,1942.0,2240,10,68,13474.1
2947.73,95.2,1942.0,2240,9,71,13480.8
2947.847,95.2,1942.0,2240,61,72,13480.8
2947.964,95.2,1942.0,2240,100,75,13480.8
2948.084,95.2,1942.0,2240,100,73,13480.8
2948.201,95.2,1942.0,2240,100,73,13480.8
2948.318,126.8,1942.0,2240,76,70,13487.0
2948.435,256.3,1942.0,2240,76,69,13511.7
2948.554,385.8,1942.0,2240,8,69,13496.8
2948.672,385.8,1942.0,2240,9,68,13378.1
2948.79,515.3,1942.0,2240,7,68,13401.8
2948.908,95.5,1942.0,2240,7,70,13422.4
2949.025,95.5,1942.0,2240,52,71,13422.4
2949.142,95.5,1942.0,2240,100,75,13422.4
2949.261,95.5,1942.0,2240,100,73,13422.4
2949.379,95.5,1942.0,2240,100,73,13422.4
2949.496,127.0,1942.0,2240,82,70,13435.7
2949.614,256.5,1942.0,2240,82,69,13465.0
2949.732,256.5,1942.0,2240,8,69,13495.7
2949.85,386.0,1942.0,2240,6,68,13540.2
2949.968,515.5,1942.0,2240,9,68,13500.0
2950.087,95.7,1942.0,2240,9,71,13332.8
2950.211,95.7,1942.0,2240,50,71,13332.8
2950.328,95.7,1942.0,2240,100,75,13332.8
2950.446,95.7,1942.0,2240,100,73,13332.8
2950.563,95.7,1942.0,2240,100,73,13332.8
2950.681,99.2,1942.0,2240,98,70,13354.7
2950.799,256.7,1942.0,2240,5,69,13386.7
2950.918,256.7,1942.0,2240,5,69,13426.5
2951.037,386.2,1942.0,2240,8,68,13461.4
2951.154,515.7,1942.0,2240,7,68,13496.7
2951.272,515.7,1942.0,2240,7,68,13539.1
2951.39,95.9,1942.0,2240,7,70,13530.1
2951.509,95.9,1942.0,2240,93,72,13520.1
2951.628,95.9,1942.0,2240,93,73,13510.2
2951.747,95.9,1942.0,2240,100,72,13500.5
2951.866,95.9,1942.0,2240,100,72,13491.0
2951.986,256.9,1942.0,2240,40,69,13512.0
2952.105,256.9,1942.0,2240,40,68,13534.3
2952.226,386.4,1942.0,2240,7,68,13558.8
2952.347,515.9,1942.0,2240,8,68,13579.8
2952.466,515.9,1942.0,2240,8,68,13598.3
2952.587,96.1,1942.0,2240,6,69,13593.9
2952.707,96.1,1942.0,2240,87,72,13584.1
2952.827,96.1,1942.0,2240,100,73,13574.4
2952.949,96.1,1942.0,2240,100,72,13564.5
2953.07,96.1,1942.0,2240,100,72,13556.1
2953.19,257.1,1942.0,2240,51,69,13571.9
2953.31,386.6,1942.0,2240,10,69,13591.5
2953.431,386.6,1942.0,2240,10,69,13609.9
2953.551,516.1,1942.0,2240,6,68,13633.4
2953.672,516.1,1942.0,2240,7,68,13660.1
2953.793,96.3,1942.0,2240,7,70,13651.2
2953.913,96.3,1942.0,2240,82,74,13641.4
2954.036,96.3,1942.0,2240,100,73,13631.6
2954.157,96.3,1942.0,2240,100,72,13622.1
2954.278,96.3,1942.0,2240,100,70,13613.9
2954.4,257.3,1942.0,2240,72,69,13627.4
2954.521,257.3,1942.0,2240,6,69,13639.6
2954.642,386.8,1942.0,2240,6,68,13648.3
2954.762,516.3,1942.0,2240,8,68,13660.3
2954.883,96.6,1942.0,2240,8,70,13667.8
2955.003,96.6,1942.0,2240,77,71,13657.9
2955.123,96.6,1942.0,2240,77,75,13648.3
2955.243,96.6,1942.0,2240,100,73,13638.4
2955.363,96.6,1942.0,2240,100,73,13628.9
2955.484,128.1,1942.0,2240,100,70,13635.9
2955.605,257.6,1942.0,2240,57,69,13652.0
2955.725,387.1,1942.0,2240,8,69,13662.2
2955.873,516.6,1942.0,2240,3,69,13635.7
2956.185,96.8,1942.0,2240,49,70,13627.5
2956.312,96.8,1942.0,2240,49,75,13616.7
2956.442,96.8,1942.0,2240,100,73,13606.9
2956.562,96.8,1942.0,2240,100,73,13597.1
2956.682,96.8,1942.0,2240,100,71,13594.9
2956.803,257.8,1942.0,2240,9,69,13584.3
2957.095,387.3,1942.0,2240,7,69,13552.4
2957.421,387.3,1942.0,2240,9,69,13499.9
2957.758,516.8,1942.0,2240,5,69,13468.1
2958.092,97.0,1942.0,2240,21,70,13458.4
2958.216,97.0,1942.0,2240,100,76,13447.8
2958.351,97.0,1942.0,2240,100,73,13438.5
2958.472,97.0,1942.0,2240,100,72,13429.1
2958.594,128.5,1942.0,2240,100,70,13431.1
2958.715,258.0,1942.0,2240,7,68,13401.2
2959.124,258.0,1942.0,2240,2,68,13360.4
2959.489,387.5,1942.0,2240,4,68,13322.6
2959.686,517.0,1942.0,2240,11,68,13134.0
2959.806,97.2,1942.0,2240,11,69,13016.0
2959.925,97.2,1942.0,2240,96,75,12974.2
2960.043,97.2,1942.0,2240,100,73,12974.2
2960.16,97.2,1942.0,2240,100,72,12974.2
2960.278,97.2,1942.0,2240,100,71,12974.2
2960.396,258.2,1942.0,2240,70,69,13012.7
2960.514,258.2,1942.0,2240,7,69,13067.6
2960.632,387.7,1942.0,2240,7,69,13121.1
2960.749,517.2,1942.0,2240,9,68,13156.5
2960.884,517.2,1942.0,2240,7,68,13190.2
2961.004,97.4,1942.0,2240,7,70,13204.5
2961.125,97.4,1942.0,2240,58,73,13196.0
2961.245,97.4,1942.0,2240,100,74,13109.5
2961.366,97.4,1942.0,2240,100,73,12876.2
2961.487,97.4,1942.0,2240,100,71,12744.8
2961.627,258.4,1942.0,2240,70,69,12801.8
2961.751,387.9,1942.0,2240,9,69,12842.5
2961.869,387.9,1942.0,2240,8,69,12900.5
2961.986,517.4,1942.0,2240,8,69,12899.6
2962.105,97.7,1942.0,2240,8,70,12913.0
2962.227,97.7,1942.0,2240,82,72,12913.0
2962.345,97.7,1942.0,2240,82,75,12913.0
2962.464,97.7,1942.0,2240,100,73,12913.0
2962.582,97.7,1942.0,2240,100,74,12913.0
2962.7,129.2,1942.0,2240,57,70,12840.2
2962.822,258.7,1942.0,2240,57,69,12840.6
2962.94,388.2,1942.0,2240,11,69,12848.7
2963.059,97.9,1942.0,2240,11,72,12850.0
2963.176,97.9,1942.0,2240,11,70,12850.0
2963.294,97.9,1942.0,2240,96,75,12850.0
2963.411,97.9,1942.0,2240,100,73,12850.0
2963.529,97.9,1942.0,2240,100,73,12850.0
2963.647,258.9,1942.0,2240,100,70,12853.9
2963.765,388.4,1942.0,2240,47,69,12853.9
2963.885,517.9,1942.0,2240,14,69,12876.1
2964.002,98.1,1942.0,2240,14,72,12876.0
2964.121,98.1,1942.0,2240,46,72,12876.0
2964.24,98.1,1942.0,2240,100,75,12876.0
2964.358,98.1,1942.0,2240,100,73,12876.0
2964.475,98.1,1942.0,2240,100,72,12876.0
2964.593,101.6,1942.0,2240,100,70,12880.8
2964.712,259.1,1942.0,2240,22,69,12901.6
2964.83,388.6,1942.0,2240,22,69,12920.3
2964.948,518.1,1942.0,2240,13,69,12922.1
2965.066,67.7,1942.0,2240,47,70,12920.7
2965.188,67.7,1942.0,2240,47,75,12920.7
2965.305,67.7,1942.0,2240,100,74,12920.7
2965.423,67.7,1942.0,2240,100,74,12920.7
2965.541,67.7,1942.0,2240,81,71,12951.1
2965.66,67.7,1942.0,2240,81,69,13002.1
2965.786,67.7,1942.0,2240,2,69,13009.6
2965.911,67.7,1942.0,2240,2,69,13016.9
2966.037,67.7,1942.0,2240,0,69,13085.4
2966.164,67.7,1942.0,2240,0,69,13143.3
2966.29,67.7,1942.0,2240,2,69,13160.5
2966.416,67.7,1942.0,2240,2,69,13207.3
2966.541,67.7,1942.0,2240,0,69,13207.4
2966.667,67.7,1942.0,2240,0,68,13213.3
2966.797,67.7,1942.0,2240,2,69,13229.3
2966.927,67.7,1942.0,2240,2,69,13247.0
2967.056,67.7,1942.0,2240,0,68,13262.2
2967.183,67.7,1942.0,2240,0,69,13279.3
2967.311,67.7,1942.0,2240,2,68,13275.3
2967.44,67.7,1942.0,2240,2,68,13359.8
2967.564,67.7,1942.0,2240,0,68,13367.3
2967.691,67.7,1942.0,2240,0,68,13384.9
2967.818,67.7,1942.0,2240,2,69,13389.1
2967.945,67.7,1942.0,2240,2,68,13392.8
2968.073,67.7,1942.0,2240,0,68,13403.6
2968.203,67.7,1942.0,2240,0,68,13403.0
2968.331,67.7,1942.0,2240,2,69,13477.2
2968.459,67.7,1942.0,2240,2,68,13488.6
2968.586,67.7,1942.0,2240,0,68,13495.8
2968.714,67.7,1942.0,2240,2,68,13502.2
2968.842,67.7,1942.0,2240,2,68,13508.5
2968.969,67.7,1942.0,2240,2,68,13503.1
2969.098,67.7,1942.0,2240,0,68,13522.8
2969.225,67.7,1942.0,2240,2,69,13584.6
2969.456,67.7,1942.0,2240,2,68,13596.4
2969.64,67.7,1942.0,2240,0,68,13596.7
2969.783,67.7,1942.0,2240,2,68,13606.9
2969.945,67.7,1942.0,2240,0,68,13612.4
2970.213,67.7,1942.0,2240,2,68,13626.6
2970.512,67.7,1942.0,2240,2,68,13562.6
2971.114,67.7,1942.0,2240,2,68,13548.1
2971.444,67.7,1942.0,2240,2,68,13444.5
2971.94,67.7,1942.0,2240,2,68,13445.6
2972.16,67.7,1942.0,2240,2,68,13444.5
2972.435,67.7,1942.0,2240,0,68,13445.2
2972.734,67.7,1942.0,2240,1,68,13385.0
2973.192,67.7,1942.0,2240,2,68,13262.6
2973.626,67.7,1942.0,2240,0,68,12939.7
2973.755,67.7,1942.0,2240,2,68,12932.6
2973.881,67.7,1942.0,2240,2,68,12981.9
2974.006,67.7,1942.0,2240,2,68,13013.1
2974.132,67.7,1942.0,2240,0,68,13032.5
2974.258,67.7,1942.0,2240,2,68,13166.5
2974.382,67.7,1942.0,2240,2,68,13143.2
2974.509,67.7,1942.0,2240,2,68,13075.2
2974.635,67.7,1942.0,2240,0,69,13090.5
2974.761,67.7,1942.0,2240,2,68,13089.7
2974.888,67.7,1942.0,2240,2,68,13165.8
2975.013,67.7,1942.0,2240,2,68,13203.2
2975.14,67.7,1942.0,2240,0,68,13228.7
2975.267,67.7,1942.0,2240,2,68,13370.0
2975.395,67.7,1942.0,2240,2,69,13439.9
2975.522,67.7,1942.0,2240,3,69,13438.6
2975.647,53.1,1942.0,2240,12,68,11713.2
