t_s,vram_alloc_mb,vram_reserved_mb,smi_used_mb,gpu_util_pct,gpu_temp_c,cpu_ram_mb
0.001,639.1,656.0,1103,2,74,3329.5
0.183,692.8,716.0,1163,2,74,3381.8
0.302,822.3,836.0,1283,6,74,3432.0
0.419,822.3,836.0,1283,6,74,3475.7
0.538,822.3,836.0,1423,4,74,3519.7
0.657,951.8,976.0,1423,5,74,3559.4
0.775,951.8,976.0,1423,5,74,3602.8
0.894,951.8,976.0,1423,5,74,3643.4
1.013,1081.3,1096.0,1543,3,74,3685.2
1.132,1081.3,1096.0,1543,5,74,3721.4
1.251,1081.3,1096.0,1543,5,74,3763.4
1.37,662.1,1278.0,1725,5,74,3783.2
1.488,662.1,1278.0,1725,52,74,3805.4
1.607,823.2,1278.0,1725,52,74,3845.2
1.725,823.2,1278.0,1725,5,74,3884.9
1.843,823.2,1278.0,1725,5,74,3924.4
1.961,823.2,1278.0,1725,3,74,3964.4
2.079,952.7,1278.0,1725,3,74,4004.2
2.198,952.7,1278.0,1725,5,74,4044.2
2.317,952.7,1278.0,1725,5,74,4083.4
2.436,1082.2,1278.0,1725,5,74,4125.8
2.555,1082.2,1278.0,1725,3,74,4170.4
2.673,1082.2,1278.0,1725,5,74,4211.1
2.791,662.2,1278.0,1725,43,75,4227.9
2.911,693.7,1278.0,1725,43,74,4266.0
3.029,823.2,1278.0,1725,9,74,4304.3
3.148,823.2,1278.0,1725,5,74,4343.8
3.265,823.2,1278.0,1725,5,74,4383.3
3.384,952.7,1278.0,1725,4,74,4422.5
3.502,952.7,1278.0,1725,3,74,4462.8
3.62,952.7,1278.0,1725,4,74,4500.5
3.739,952.7,1278.0,1725,4,74,4541.1
3.858,1082.2,1278.0,1725,5,74,4580.3
3.976,1082.2,1278.0,1725,3,74,4620.8
4.095,1082.2,1278.0,1725,3,74,4660.5
4.214,662.3,1278.0,1725,5,77,4678.8
4.332,693.8,1278.0,1725,46,74,4718.2
4.45,823.3,1278.0,1725,46,74,4755.0
4.567,823.3,1278.0,1725,3,74,4791.3
4.686,823.3,1278.0,1725,5,74,4839.8
4.805,952.8,1278.0,1725,5,74,4878.3
4.922,952.8,1278.0,1725,5,74,4908.0
5.06,952.8,1278.0,1725,3,74,4946.1
5.179,1082.3,1278.0,1725,5,74,4985.8
5.298,1082.3,1278.0,1725,5,74,5025.7
5.417,1082.3,1278.0,1725,5,74,5064.8
5.536,662.4,1278.0,1725,3,75,5094.8
5.654,662.4,1278.0,1725,45,75,5122.3
5.772,823.4,1278.0,1725,45,74,5149.0
5.89,823.4,1278.0,1725,4,74,5173.6
6.01,823.4,1278.0,1725,3,74,5201.1
6.128,823.4,1278.0,1725,3,74,5233.5
6.247,952.9,1278.0,1725,4,74,5272.7
6.365,952.9,1278.0,1725,5,74,5312.3
6.484,952.9,1278.0,1725,3,74,5352.1
6.602,1082.4,1278.0,1725,3,74,5392.4
6.72,1082.4,1278.0,1725,5,74,5429.8
6.84,1082.4,1278.0,1725,5,74,5455.5
6.961,662.4,1278.0,1725,5,77,5469.5
7.083,669.4,1278.0,1725,30,75,5494.4
7.205,823.4,1278.0,1725,17,74,5525.7
7.326,823.4,1278.0,1725,4,74,5559.5
7.448,823.4,1278.0,1725,4,74,5592.0
7.569,952.9,1278.0,1725,3,74,5626.1
7.691,952.9,1278.0,1725,4,74,5658.6
7.812,952.9,1278.0,1725,4,74,5690.7
7.934,1082.4,1278.0,1725,4,74,5723.5
8.054,1082.4,1278.0,1725,3,74,5757.1
8.176,1082.4,1278.0,1725,5,74,5794.1
8.299,1082.4,1278.0,1725,5,74,5822.1
8.421,662.5,1278.0,1725,13,76,5845.4
8.542,823.5,1278.0,1725,35,75,5881.5
8.663,823.5,1278.0,1725,4,74,5912.2
8.784,823.5,1278.0,1725,4,74,5944.7
8.906,953.0,1278.0,1725,4,74,5985.5
9.028,953.0,1278.0,1725,3,74,6022.3
9.15,953.0,1278.0,1725,5,74,6057.8
9.273,1082.5,1278.0,1725,5,74,6082.2
9.396,1082.5,1278.0,1725,4,74,6106.9
9.52,1082.5,1278.0,1725,3,74,6132.5
9.643,1082.5,1278.0,1725,3,74,6159.3
9.765,662.6,1278.0,1725,3,77,6167.7
9.887,694.1,1278.0,1725,44,75,6194.2
10.011,823.6,1278.0,1725,3,75,6219.9
10.134,823.6,1278.0,1725,3,75,6243.8
10.256,823.6,1278.0,1725,3,75,6266.1
10.381,823.6,1278.0,1725,4,74,6294.0
10.505,953.1,1278.0,1725,3,75,6319.1
10.629,953.1,1278.0,1725,3,75,6343.5
10.752,953.1,1278.0,1725,3,75,6370.8
10.876,953.1,1278.0,1725,4,75,6396.2
10.999,1082.6,1278.0,1725,3,75,6421.0
11.124,1082.6,1278.0,1725,3,75,6448.1
11.25,1082.6,1278.0,1725,3,75,6478.4
11.372,1082.6,1278.0,1725,4,75,6503.2
11.497,662.6,1278.0,1725,43,76,6505.8
11.621,669.7,1278.0,1725,43,75,6523.9
11.746,823.7,1278.0,1725,2,75,6546.7
11.872,823.7,1278.0,1725,3,75,6566.6
11.999,823.7,1278.0,1725,3,75,6588.1
12.125,823.7,1278.0,1725,3,75,6608.4
12.249,823.7,1278.0,1725,2,75,6627.8
12.374,953.2,1278.0,1725,3,75,6648.7
12.496,953.2,1278.0,1725,3,75,6666.7
12.619,953.2,1278.0,1725,3,75,6683.9
12.744,953.2,1278.0,1725,2,75,6706.2
12.868,953.2,1278.0,1725,3,75,6728.4
12.998,1082.7,1278.0,1725,3,75,6751.4
13.124,1082.7,1278.0,1725,3,75,6772.7
13.249,1082.7,1278.0,1725,2,75,6794.7
13.373,1082.7,1278.0,1725,3,75,6815.0
13.498,662.7,1278.0,1725,27,77,6825.9
13.617,662.7,1278.0,1725,27,76,6843.7
13.741,694.2,1278.0,1725,18,75,6862.5
13.864,823.7,1278.0,1725,3,75,6882.3
13.988,823.7,1278.0,1725,3,75,6903.3
14.111,823.7,1278.0,1725,3,75,6926.2
14.234,823.7,1278.0,1725,1,75,7085.9
15.569,953.2,1278.0,1725,3,75,7128.9
15.686,953.2,1278.0,1725,3,75,7167.6
15.804,953.2,1278.0,1725,3,75,7212.3
15.922,1082.7,1278.0,1725,5,75,7251.8
16.039,1082.7,1278.0,1725,4,75,7292.3
16.157,1082.7,1278.0,1725,4,75,7338.9
16.275,662.8,1278.0,1725,10,76,7363.3
16.393,823.8,1278.0,1725,39,75,7410.8
16.511,823.8,1278.0,1725,5,75,7455.6
16.629,823.8,1278.0,1725,5,75,7497.7
16.746,953.3,1278.0,1725,4,75,7539.5
16.865,953.3,1278.0,1725,5,75,7577.5
16.983,953.3,1278.0,1725,5,75,7594.8
17.105,953.3,1278.0,1725,4,75,7614.1
17.229,1082.8,1278.0,1725,2,75,7635.1
17.351,1082.8,1278.0,1725,3,75,7659.0
17.473,1082.8,1278.0,1725,3,75,7684.6
17.596,1082.8,1278.0,1725,4,75,7706.1
17.718,1082.8,1278.0,1725,2,75,7726.6
17.84,662.9,1278.0,1725,44,76,7732.2
17.963,694.4,1278.0,1725,44,75,7752.0
18.086,823.9,1278.0,1725,2,75,7773.4
18.209,823.9,1278.0,1725,6,75,7796.4
18.333,823.9,1278.0,1725,6,75,7818.7
18.456,823.9,1278.0,1725,4,75,7840.0
18.579,953.4,1278.0,1725,3,75,7861.4
18.701,953.4,1278.0,1725,3,75,7886.2
18.823,953.4,1278.0,1725,3,75,7905.8
18.945,953.4,1278.0,1725,3,75,7926.1
19.066,953.4,1278.0,1725,3,75,7947.6
19.188,1082.9,1278.0,1725,2,75,7968.8
19.309,1082.9,1278.0,1725,2,75,7989.0
19.432,1082.9,1278.0,1725,4,75,8012.4
19.553,1082.9,1278.0,1725,3,75,8042.6
19.676,662.9,1278.0,1725,43,77,8049.7
19.797,694.4,1278.0,1725,43,75,8071.7
19.92,823.9,1278.0,1725,4,75,8096.5
20.043,823.9,1278.0,1725,4,75,8126.4
20.167,823.9,1278.0,1725,4,75,8156.9
20.29,823.9,1278.0,1725,3,75,8178.1
20.413,953.4,1278.0,1725,3,75,8197.0
20.536,953.4,1278.0,1725,3,75,8220.6
20.66,953.4,1278.0,1725,3,75,8242.5
20.783,953.4,1278.0,1725,2,75,8265.3
20.907,1082.9,1278.0,1725,4,75,8291.1
21.03,1082.9,1278.0,1725,3,75,8307.9
21.153,1082.9,1278.0,1725,3,75,8328.3
21.275,1082.9,1278.0,1725,2,75,8353.2
21.399,663.0,1278.0,1725,7,78,8366.6
21.518,663.0,1278.0,1725,41,76,8385.4
21.641,824.0,1278.0,1725,41,75,8411.0
21.766,824.0,1278.0,1725,2,75,8431.9
21.89,824.0,1278.0,1725,4,75,8457.7
22.016,824.0,1278.0,1725,4,75,8480.0
22.139,824.0,1278.0,1725,4,75,8503.7
22.264,953.5,1278.0,1725,2,75,8524.0
22.386,953.5,1278.0,1725,3,75,8547.2
22.508,953.5,1278.0,1725,3,75,8568.5
22.63,953.5,1278.0,1725,3,75,8589.7
22.752,1083.0,1278.0,1725,2,75,8615.8
22.874,1083.0,1278.0,1725,4,75,8638.6
22.996,1083.0,1278.0,1725,4,75,8659.8
23.122,1083.0,1278.0,1725,6,75,8681.7
23.245,663.1,1278.0,1725,13,79,8688.2
23.366,670.1,1278.0,1725,33,76,8710.2
23.489,824.1,1278.0,1725,33,75,8734.2
23.612,824.1,1278.0,1725,4,75,8761.4
23.735,824.1,1278.0,1725,3,75,8783.8
23.858,824.1,1278.0,1725,4,75,8813.4
23.982,953.6,1278.0,1725,4,75,8835.2
24.104,953.6,1278.0,1725,4,75,8860.5
24.226,953.6,1278.0,1725,2,75,8880.6
24.349,953.6,1278.0,1725,2,75,8901.7
24.472,953.6,1278.0,1725,2,75,8918.5
24.595,1083.1,1278.0,1725,6,75,8953.1
24.717,1083.1,1278.0,1725,3,75,8986.7
24.84,1083.1,1278.0,1725,3,75,9009.4
24.963,663.1,1278.0,1725,4,78,9017.6
25.085,670.2,1278.0,1725,44,76,9037.8
25.208,824.2,1278.0,1725,2,75,9063.1
25.331,824.2,1278.0,1725,2,75,9084.1
25.454,824.2,1278.0,1725,4,75,9107.3
25.576,824.2,1278.0,1725,4,75,9128.4
25.699,953.7,1278.0,1725,2,75,9153.6
25.823,953.7,1278.0,1725,2,75,9157.3
25.944,953.7,1278.0,1725,3,75,9180.4
26.066,953.7,1278.0,1725,4,75,9206.5
26.189,953.7,1278.0,1725,4,75,9227.9
26.314,1083.2,1278.0,1725,2,75,9253.5
26.436,1083.2,1278.0,1725,4,75,9273.5
26.558,1083.2,1278.0,1725,4,75,9300.4
26.681,1083.2,1278.0,1725,4,75,9322.8
26.804,663.2,1278.0,1725,2,78,9329.8
26.925,666.7,1278.0,1725,44,76,9353.5
27.048,824.2,1278.0,1725,4,76,9375.9
27.17,824.2,1278.0,1725,4,76,9402.9
27.293,824.2,1278.0,1725,3,75,9425.0
27.417,824.2,1278.0,1725,4,75,9451.1
27.54,953.7,1278.0,1725,4,75,9474.2
27.662,953.7,1278.0,1725,4,75,9495.3
27.784,953.7,1278.0,1725,2,75,9520.8
27.907,953.7,1278.0,1725,4,75,9541.0
28.03,1083.2,1278.0,1725,4,75,9567.8
28.152,1083.2,1278.0,1725,6,75,9588.5
28.275,1083.2,1278.0,1725,2,75,9614.2
28.397,1083.2,1278.0,1725,4,75,9642.0
28.52,663.3,1278.0,1725,4,75,9657.9
28.641,663.3,1278.0,1725,30,76,9673.2
28.765,694.8,1278.0,1725,16,76,9694.6
28.888,824.3,1278.0,1725,4,76,9722.9
29.011,824.3,1278.0,1725,4,76,9746.5
29.134,824.3,1278.0,1725,4,76,9769.3
29.256,824.3,1278.0,1725,3,75,9794.6
29.38,953.8,1278.0,1725,3,75,9814.8
29.503,953.8,1278.0,1725,3,76,9840.1
29.626,953.8,1278.0,1725,4,75,9865.1
29.748,953.8,1278.0,1725,2,76,9884.7
29.871,1083.3,1278.0,1725,2,75,9910.2
29.994,1083.3,1278.0,1725,4,76,9940.4
30.118,1083.3,1278.0,1725,4,75,9970.3
30.24,663.4,1278.0,1725,14,78,9987.1
30.361,663.4,1278.0,1725,14,76,10003.4
30.485,694.9,1278.0,1725,33,76,10028.9
30.607,824.4,1278.0,1725,4,76,10053.8
30.729,824.4,1278.0,1725,3,76,10080.8
30.851,824.4,1278.0,1725,3,76,10105.7
30.975,953.9,1278.0,1725,4,75,10126.9
31.098,953.9,1278.0,1725,4,75,10153.1
31.221,953.9,1278.0,1725,2,76,10174.0
31.344,953.9,1278.0,1725,2,75,10199.0
31.467,1083.4,1278.0,1725,4,75,10223.6
31.591,1083.4,1278.0,1725,3,76,10245.4
31.714,1083.4,1278.0,1725,2,76,10269.6
31.837,1083.4,1278.0,1725,2,76,10294.0
31.96,1085.6,1278.0,1725,4,76,10313.8
32.081,663.4,1278.0,1725,44,77,10328.7
32.203,694.9,1278.0,1725,44,76,10355.0
32.325,824.4,1278.0,1725,3,76,10379.1
32.447,824.4,1278.0,1725,4,76,10403.7
32.568,824.4,1278.0,1725,4,76,10423.7
32.691,824.4,1278.0,1725,4,76,10445.5
32.814,953.9,1278.0,1725,2,76,10465.0
32.937,953.9,1278.0,1725,3,76,10489.7
33.059,953.9,1278.0,1725,4,76,10514.3
33.181,953.9,1278.0,1725,4,76,10535.8
33.303,1083.4,1278.0,1725,2,76,10563.3
33.426,1083.4,1278.0,1725,4,76,10588.6
33.548,1083.4,1278.0,1725,4,76,10612.3
33.671,1083.4,1278.0,1725,4,76,10637.5
33.794,663.5,1278.0,1725,22,77,10643.3
33.916,695.0,1278.0,1725,24,76,10664.4
34.038,824.5,1278.0,1725,24,76,10684.1
34.159,824.5,1278.0,1725,4,76,10702.6
34.282,824.5,1278.0,1725,2,76,10723.0
34.404,824.5,1278.0,1725,4,76,10741.9
34.527,954.0,1278.0,1725,4,76,10759.2
34.648,954.0,1278.0,1725,3,76,10779.1
34.771,954.0,1278.0,1725,2,75,10797.7
34.893,954.0,1278.0,1725,4,75,10819.2
35.016,1083.5,1278.0,1725,4,75,10837.4
35.138,1083.5,1278.0,1725,4,75,10855.6
35.262,1083.5,1278.0,1725,2,75,10875.6
35.387,1083.5,1278.0,1725,2,75,10892.5
35.51,1083.5,1278.0,1725,3,75,10911.0
35.633,663.6,1278.0,1725,21,77,10913.5
35.752,670.6,1278.0,1725,35,75,10931.5
35.873,824.6,1278.0,1725,35,75,10947.7
35.996,824.6,1278.0,1725,3,75,10967.6
36.119,824.6,1278.0,1725,4,75,10984.9
36.241,824.6,1278.0,1725,4,75,10998.9
36.362,824.6,1278.0,1725,4,75,11016.7
36.484,954.1,1278.0,1725,2,75,11031.5
36.608,954.1,1278.0,1725,4,75,11050.8
36.73,954.1,1278.0,1725,4,75,11074.1
36.853,954.1,1278.0,1725,3,75,11094.7
36.975,1083.6,1278.0,1725,3,75,11117.9
37.098,1083.6,1278.0,1725,4,75,11143.7
37.22,1083.6,1278.0,1725,4,75,11166.7
37.344,1083.6,1278.0,1725,3,75,11191.1
37.467,663.7,1278.0,1725,30,76,11195.7
37.591,695.2,1278.0,1725,27,75,11221.3
37.714,824.7,1278.0,1725,27,75,11246.9
37.838,824.7,1278.0,1725,3,75,11275.9
37.96,824.7,1278.0,1725,3,75,11303.4
38.083,824.7,1278.0,1725,4,75,11327.7
38.205,954.2,1278.0,1725,4,75,11354.6
38.328,954.2,1278.0,1725,3,75,11383.1
38.451,954.2,1278.0,1725,4,75,11416.4
38.574,1083.7,1278.0,1725,4,75,11443.7
38.696,1083.7,1278.0,1725,4,75,11471.2
38.818,1083.7,1278.0,1725,4,75,11498.1
38.941,1083.7,1278.0,1725,3,75,11525.7
39.064,663.7,1278.0,1725,3,76,11529.1
39.189,695.2,1278.0,1725,53,75,11552.4
39.313,824.7,1278.0,1725,4,75,11579.3
39.437,824.7,1278.0,1725,3,75,11604.7
39.561,824.7,1278.0,1725,3,75,11629.8
39.685,824.7,1278.0,1725,4,75,11658.6
39.809,954.2,1278.0,1725,4,75,11684.3
39.933,954.2,1278.0,1725,3,75,11710.3
40.056,954.2,1278.0,1725,3,75,11736.6
40.178,954.2,1278.0,1725,4,75,11761.3
40.302,1083.7,1278.0,1725,4,75,11789.4
40.425,1083.7,1278.0,1725,3,75,11815.5
40.546,1083.7,1278.0,1725,3,75,11839.1
40.67,1083.7,1278.0,1725,4,75,11862.7
40.793,663.8,1278.0,1725,38,77,11868.1
40.914,695.3,1278.0,1725,13,75,11890.2
41.037,824.8,1278.0,1725,13,75,11916.2
41.158,824.8,1278.0,1725,4,75,11922.8
41.279,824.8,1278.0,1725,3,75,11942.9
41.397,824.8,1278.0,1725,3,75,11981.4
41.515,954.3,1278.0,1725,3,75,12021.1
41.633,954.3,1278.0,1725,5,75,12061.4
41.751,954.3,1278.0,1725,5,75,12101.4
41.87,954.3,1278.0,1725,5,75,12140.8
41.988,1083.8,1278.0,1725,3,75,12047.1
42.118,1083.8,1278.0,1725,4,75,12024.9
42.237,1083.8,1278.0,1725,4,75,12023.0
42.355,663.9,1278.0,1725,5,77,12028.3
42.475,695.4,1278.0,1725,48,75,12033.2
42.593,824.9,1278.0,1725,5,75,12046.5
42.712,824.9,1278.0,1725,5,75,12056.2
42.83,824.9,1278.0,1725,5,75,12073.8
42.948,954.4,1278.0,1725,4,75,12090.6
43.066,954.4,1278.0,1725,4,75,12107.2
43.185,954.4,1278.0,1725,5,75,12114.7
43.303,1083.9,1278.0,1725,5,75,12103.5
43.421,1083.9,1278.0,1725,5,75,12072.4
43.539,1083.9,1278.0,1725,4,75,12066.2
43.67,663.9,1278.0,1725,37,77,12063.3
43.791,824.9,1278.0,1725,13,76,12080.3
43.91,824.9,1278.0,1725,13,75,12074.2
44.028,824.9,1278.0,1725,3,75,12073.4
44.146,824.9,1278.0,1725,5,75,12069.1
44.265,954.4,1278.0,1725,5,75,12070.0
44.384,954.4,1278.0,1725,5,75,12087.4
44.502,954.4,1278.0,1725,3,75,12103.7
44.62,1083.9,1278.0,1725,5,75,12098.1
44.738,1083.9,1278.0,1725,5,75,12115.0
44.857,1083.9,1278.0,1725,5,75,12112.0
44.975,664.0,1280.0,1727,14,78,12132.8
45.093,695.5,1280.0,1727,14,76,12141.1
45.213,825.0,1280.0,1727,35,75,12181.6
45.332,825.0,1280.0,1727,6,75,12217.3
45.45,954.5,1280.0,1727,4,75,12241.6
45.569,954.5,1280.0,1727,4,75,12270.1
45.689,954.5,1280.0,1727,5,75,12301.4
45.811,1084.0,1280.0,1727,5,75,12332.1
45.934,1084.0,1280.0,1727,3,75,12358.3
46.057,1084.0,1280.0,1727,3,75,12386.8
46.181,1084.0,1280.0,1727,4,75,12419.3
46.303,637.6,1280.0,1727,39,78,12433.9
46.425,637.6,1280.0,1727,5,75,12512.2
46.554,637.6,1280.0,1727,5,75,12579.9
46.684,637.6,1280.0,1727,1,75,12636.2
46.813,637.6,1280.0,1727,1,75,12693.7
46.951,637.6,1280.0,1727,0,75,12749.4
47.082,637.6,1280.0,1727,0,75,12802.3
47.212,637.6,1280.0,1727,1,75,12850.0
47.342,637.6,1280.0,1727,1,75,12915.2
47.472,637.6,1280.0,1727,0,75,12957.8
47.65,637.6,1280.0,1727,1,75,12866.6
47.781,637.6,1280.0,1727,1,75,12780.6
47.912,637.6,1280.0,1727,1,75,12688.2
48.059,637.6,1280.0,1727,0,75,12618.5
48.188,637.6,1280.0,1727,1,75,12545.8
48.318,637.6,1280.0,1727,1,75,12464.7
48.446,637.6,1280.0,1727,0,75,12543.7
48.608,637.6,1280.0,1727,1,75,12628.6
48.736,637.6,1280.0,1727,1,75,12712.9
48.864,637.6,1280.0,1727,1,75,12767.2
48.992,637.6,1280.0,1727,0,75,12847.6
49.12,637.6,1280.0,1727,1,75,12862.5
49.25,637.6,1280.0,1727,1,76,12821.8
49.379,637.6,1280.0,1727,1,75,12894.6
49.508,637.6,1280.0,1727,0,75,12866.0
49.64,637.6,1280.0,1727,1,76,12737.4
49.762,637.6,1280.0,1727,1,76,12608.4
49.885,637.6,1280.0,1727,1,76,12541.8
50.006,637.6,1280.0,1727,0,75,12590.8
50.127,637.6,1280.0,1727,1,75,12636.6
50.248,637.6,1280.0,1727,1,76,12670.7
50.368,636.0,1280.0,1727,1,76,12615.8
50.487,692.9,1280.0,1727,2,76,12634.7
50.605,822.4,1280.0,1727,2,75,12657.2
50.723,822.4,1280.0,1727,6,75,12682.4
50.841,822.4,1280.0,1727,5,75,12708.1
50.96,951.9,1280.0,1727,4,75,12736.8
51.078,951.9,1280.0,1727,4,75,12763.6
51.196,1081.4,1280.0,1727,5,75,12794.0
51.318,1081.4,1280.0,1727,5,75,12744.9
51.437,662.3,1280.0,1727,5,79,12746.7
51.556,823.3,1280.0,1727,46,76,12727.4
51.675,952.8,1280.0,1727,10,76,12662.9
51.794,1082.3,1280.0,1727,12,76,12610.1
51.914,1082.3,1280.0,1727,12,75,12544.1
52.033,662.4,1280.0,1727,30,78,12513.5
52.152,823.4,1280.0,1727,22,76,12443.8
52.273,823.4,1280.0,1727,22,76,12406.1
52.391,952.9,1280.0,1727,7,76,12321.8
52.511,952.9,1280.0,1727,4,76,12266.6
52.631,1082.4,1280.0,1727,7,75,12227.0
52.75,662.4,1280.0,1727,7,75,12171.8
52.868,693.9,1280.0,1727,45,77,12151.2
52.988,823.4,1280.0,1727,8,76,12108.3
53.108,952.9,1280.0,1727,8,76,12081.9
53.226,952.9,1280.0,1727,9,76,12073.5
53.347,1082.4,1280.0,1727,7,75,12082.6
53.466,662.5,1280.0,1727,51,79,12100.9
53.584,953.0,1280.0,1727,51,76,12123.0
53.703,1082.5,1280.0,1727,16,76,12156.2
53.821,662.6,1280.0,1727,44,79,12163.1
53.94,662.6,1280.0,1727,44,79,12165.0
54.06,953.2,1280.0,1727,77,77,12170.7
54.178,1082.7,1280.0,1727,18,76,12150.9
54.298,1082.7,1280.0,1727,4,76,12127.2
54.416,1082.7,1280.0,1727,4,76,12144.2
54.534,662.7,1280.0,1727,3,76,12157.1
54.652,662.7,1280.0,1727,45,77,12167.8
54.772,694.2,1280.0,1727,45,76,12184.7
54.889,823.7,1280.0,1727,4,76,12201.1
55.007,823.7,1280.0,1727,3,75,12217.8
55.125,823.7,1280.0,1727,3,75,12234.2
55.242,953.2,1280.0,1727,4,75,12250.5
55.36,953.2,1280.0,1727,4,75,12266.6
55.477,953.2,1280.0,1727,3,75,12283.4
55.595,953.2,1280.0,1727,3,75,12299.5
55.713,1082.7,1280.0,1727,4,75,12316.6
55.83,1082.7,1280.0,1727,4,75,12333.3
55.948,662.8,1280.0,1727,4,76,12344.9
56.067,662.8,1280.0,1727,34,76,12355.7
56.185,823.8,1280.0,1727,16,76,12373.0
56.303,823.8,1280.0,1727,5,75,12390.0
56.421,823.8,1280.0,1727,5,75,12406.4
56.539,953.3,1280.0,1727,3,75,12423.6
56.657,953.3,1280.0,1727,4,75,12438.9
56.774,953.3,1280.0,1727,4,75,12455.9
56.893,953.3,1280.0,1727,5,75,12472.2
57.01,1082.8,1280.0,1727,3,75,12488.6
57.128,1082.8,1280.0,1727,3,75,12505.8
57.246,1082.8,1280.0,1727,5,75,12522.3
57.365,662.9,1280.0,1727,23,79,12529.3
57.483,694.4,1280.0,1727,26,76,12546.8
57.601,823.9,1280.0,1727,26,75,12564.2
57.718,823.9,1280.0,1727,4,75,12581.0
57.836,823.9,1280.0,1727,4,75,12598.0
57.953,953.4,1280.0,1727,4,75,12623.0
58.071,1082.9,1280.0,1727,8,75,12645.4
58.189,823.9,1280.0,1727,53,76,12654.2
58.307,953.4,1280.0,1727,53,75,12685.6
58.424,953.4,1280.0,1727,15,75,12701.7
58.542,1082.9,1280.0,1727,4,75,12718.1
58.66,1082.9,1280.0,1727,4,75,12735.0
58.778,1082.9,1280.0,1727,4,75,12750.3
58.896,663.0,1280.0,1727,9,77,12758.0
59.014,694.5,1280.0,1727,40,76,12774.0
59.131,824.0,1280.0,1727,40,75,12790.3
59.249,824.0,1280.0,1727,4,75,12806.1
59.367,824.0,1280.0,1727,5,75,12821.9
59.485,953.5,1280.0,1727,4,75,12839.0
59.603,953.5,1280.0,1727,4,75,12855.5
59.722,953.5,1280.0,1727,4,75,12872.0
59.84,1083.0,1280.0,1727,5,75,12889.3
59.958,1083.0,1280.0,1727,5,75,12906.2
60.075,1083.0,1280.0,1727,4,75,12922.9
60.193,663.1,1280.0,1727,6,77,12932.7
60.31,694.6,1280.0,1727,6,76,12946.2
60.428,824.1,1280.0,1727,44,75,12961.4
60.546,824.1,1280.0,1727,5,75,12979.3
60.664,824.1,1280.0,1727,4,75,12995.4
60.782,953.6,1280.0,1727,4,75,13011.3
60.9,953.6,1280.0,1727,4,75,13027.6
61.018,953.6,1280.0,1727,5,75,13043.6
61.137,1083.1,1280.0,1727,5,75,13058.0
61.254,1083.1,1280.0,1727,3,75,13073.8
61.372,1083.1,1280.0,1727,5,75,13089.0
61.49,1083.1,1280.0,1727,9,75,13102.6
61.608,663.2,1280.0,1727,9,76,13111.0
61.726,694.7,1280.0,1727,39,75,13127.7
61.844,824.2,1280.0,1727,4,75,13143.9
61.961,824.2,1280.0,1727,4,75,13160.3
62.08,824.2,1280.0,1727,4,75,13176.6
62.198,953.7,1280.0,1727,3,75,13192.5
62.316,953.7,1280.0,1727,3,75,13208.8
62.434,953.7,1280.0,1727,4,75,13225.1
62.552,953.7,1280.0,1727,4,75,13241.4
62.67,1083.2,1280.0,1727,3,75,13257.3
62.788,1083.2,1280.0,1727,3,75,13276.1
62.906,1083.2,1280.0,1727,5,75,13291.0
63.023,663.2,1280.0,1727,14,76,13301.3
63.141,666.7,1280.0,1727,14,75,13315.6
63.259,824.2,1280.0,1727,34,75,13332.2
63.377,824.2,1280.0,1727,4,75,13348.0
63.494,824.2,1280.0,1727,4,75,13351.7
63.614,824.2,1280.0,1727,4,75,13273.2
63.735,953.7,1280.0,1727,4,75,13284.9
63.859,953.7,1280.0,1727,4,75,13295.3
63.977,953.7,1280.0,1727,4,74,13296.6
64.097,1083.2,1280.0,1727,4,75,13301.8
64.225,1083.2,1280.0,1727,3,75,13294.6
64.346,1083.2,1280.0,1727,5,75,13309.6
64.465,663.3,1280.0,1727,5,77,13318.3
64.583,694.8,1280.0,1727,45,75,13335.7
64.701,824.3,1280.0,1727,3,75,13353.0
64.82,824.3,1280.0,1727,3,75,13370.5
64.938,824.3,1280.0,1727,4,75,13387.0
65.055,953.8,1280.0,1727,4,74,13404.3
65.173,953.8,1280.0,1727,3,74,13420.7
65.291,953.8,1280.0,1727,3,74,13437.3
65.408,953.8,1280.0,1727,5,74,13454.3
65.526,1083.3,1280.0,1727,4,74,13376.0
65.647,1083.3,1280.0,1727,4,74,13350.2
65.764,1083.3,1280.0,1727,3,74,13367.4
65.883,663.4,1280.0,1727,18,78,13375.4
66.001,694.9,1280.0,1727,18,75,13391.6
66.12,824.4,1280.0,1727,31,75,13409.7
66.238,824.4,1280.0,1727,3,74,13426.1
66.357,824.4,1280.0,1727,4,74,13444.0
66.475,953.9,1280.0,1727,4,74,13460.4
66.593,953.9,1280.0,1727,4,74,13476.5
66.711,953.9,1280.0,1727,3,74,13483.1
66.832,953.9,1280.0,1727,3,74,13494.5
66.953,1083.4,1280.0,1727,5,74,13507.9
67.071,1083.4,1280.0,1727,5,74,13521.3
67.191,1083.4,1280.0,1727,3,74,13532.1
67.312,663.4,1280.0,1727,3,76,13531.3
67.434,824.4,1280.0,1727,45,75,13543.2
67.555,824.4,1280.0,1727,4,75,13554.4
67.676,824.4,1280.0,1727,3,75,13565.9
67.798,953.9,1280.0,1727,3,74,13576.2
67.919,953.9,1280.0,1727,4,74,13586.3
68.04,953.9,1280.0,1727,4,74,13596.4
68.161,953.9,1280.0,1727,4,74,13606.3
68.282,1083.4,1280.0,1727,3,74,13616.7
68.403,1083.4,1280.0,1727,5,74,13627.9
68.524,663.5,1280.0,1727,26,77,13630.2
68.646,695.0,1280.0,1727,26,75,13638.8
68.767,824.5,1280.0,1727,22,75,13649.2
68.889,824.5,1280.0,1727,5,74,13662.1
69.01,824.5,1280.0,1727,5,74,13672.2
69.135,954.0,1280.0,1727,5,74,13683.4
69.256,954.0,1280.0,1727,3,74,13690.4
69.388,954.0,1280.0,1727,4,74,13682.3
69.606,1083.5,1280.0,1727,2,74,13663.4
69.874,1083.5,1280.0,1727,3,74,13645.4
70.139,1083.5,1280.0,1727,14,76,13623.3
70.414,695.1,1280.0,1727,3,75,13600.5
70.722,824.6,1280.0,1727,2,74,13575.2
71.039,824.6,1280.0,1727,1,75,13550.0
71.351,954.1,1280.0,1727,2,75,13524.9
71.659,954.1,1280.0,1727,2,75,13497.9
71.97,954.1,1280.0,1727,3,75,13472.4
72.285,1083.6,1280.0,1727,3,75,13443.4
72.623,1083.6,1280.0,1727,2,75,13418.3
72.917,1083.6,1280.0,1727,24,77,13392.6
73.23,695.2,1280.0,1727,2,75,13366.9
73.532,824.7,1280.0,1727,1,75,13340.5
73.844,824.7,1280.0,1727,3,75,13315.4
74.152,954.2,1280.0,1727,2,75,13287.2
74.477,954.2,1280.0,1727,3,75,13262.8
74.765,954.2,1280.0,1727,3,75,13238.0
75.054,1083.7,1280.0,1727,1,75,13211.3
75.361,1083.7,1280.0,1727,3,75,13189.6
75.648,1083.7,1280.0,1727,2,75,13148.5
75.79,663.7,1280.0,1727,2,78,12994.9
75.91,695.2,1280.0,1727,45,76,13010.8
76.028,824.7,1280.0,1727,45,75,13026.0
76.146,824.7,1280.0,1727,4,75,13042.1
76.264,824.7,1280.0,1727,3,75,13058.2
76.382,824.7,1280.0,1727,4,75,13073.9
76.5,954.2,1280.0,1727,4,75,13090.3
76.617,954.2,1280.0,1727,4,75,13107.4
76.735,954.2,1280.0,1727,3,75,13123.4
76.853,954.2,1280.0,1727,3,75,13128.5
76.972,1083.7,1280.0,1727,4,75,13141.4
77.09,1083.7,1280.0,1727,4,75,13149.2
77.211,1083.7,1280.0,1727,2,75,13150.8
77.343,1083.7,1280.0,1727,24,77,13143.3
77.567,695.3,1280.0,1727,1,75,13127.2
77.834,824.8,1280.0,1727,3,75,13111.3
78.094,824.8,1280.0,1727,1,75,13093.9
78.382,954.3,1280.0,1727,3,75,13072.0
78.657,954.3,1280.0,1727,2,75,13054.3
78.895,954.3,1280.0,1727,2,75,13031.2
79.179,1083.8,1280.0,1727,3,75,13006.7
79.445,1083.8,1280.0,1727,3,75,12981.1
79.749,663.9,1280.0,1727,29,76,12968.4
79.936,695.4,1280.0,1727,2,75,12938.8
80.272,824.9,1280.0,1727,2,75,12905.0
80.636,824.9,1280.0,1727,2,75,12870.7
81.036,824.9,1280.0,1727,0,75,12837.8
81.391,954.4,1280.0,1727,2,74,12803.7
81.759,954.4,1280.0,1727,2,74,12777.3
82.102,954.4,1280.0,1727,3,74,12748.1
82.273,954.4,1280.0,1727,2,74,12663.2
82.395,1083.9,1280.0,1727,4,74,12541.1
82.515,1083.9,1280.0,1727,4,74,12446.6
82.636,1083.9,1280.0,1727,4,74,12336.3
82.757,663.9,1280.0,1727,30,76,12322.3
82.876,667.4,1280.0,1727,30,74,12339.3
82.994,824.9,1280.0,1727,27,74,12361.2
83.113,824.9,1280.0,1727,4,74,12383.2
83.231,954.4,1280.0,1727,13,74,12389.7
83.352,664.0,1280.0,1727,13,75,12390.2
83.473,825.0,1280.0,1727,59,75,12391.7
83.594,954.5,1280.0,1727,12,74,12399.3
83.715,664.1,1280.0,1727,12,75,12399.6
83.836,825.1,1280.0,1727,45,75,12397.5
83.957,1084.1,1280.0,1727,32,75,12398.2
84.078,825.2,1280.0,1727,53,77,12395.8
84.199,954.7,1280.0,1727,53,75,12401.0
84.321,1084.2,1280.0,1727,12,75,12406.8
84.442,1084.2,1280.0,1727,3,75,12417.7
84.563,1084.2,1280.0,1727,3,75,12429.2
84.684,637.7,1280.0,1727,7,78,12438.7
84.806,637.7,1280.0,1727,44,75,12501.7
84.936,637.7,1280.0,1727,1,75,12252.1
85.08,637.7,1280.0,1727,1,75,12228.7
85.208,637.7,1280.0,1727,1,75,12318.8
85.336,637.7,1280.0,1727,1,75,12407.8
85.464,637.7,1280.0,1727,1,75,12490.8
85.593,637.7,1280.0,1727,1,75,12577.1
85.721,637.7,1280.0,1727,1,75,12669.6
85.849,637.7,1280.0,1727,1,75,12641.7
85.979,637.7,1280.0,1727,1,75,12583.1
86.108,637.7,1280.0,1727,1,75,12668.2
86.236,637.7,1280.0,1727,1,75,12755.4
86.365,637.7,1280.0,1727,1,75,12838.0
86.493,637.7,1280.0,1727,1,75,12781.2
86.625,637.7,1280.0,1727,1,75,12720.6
86.754,637.7,1280.0,1727,1,75,12813.6
86.882,637.7,1280.0,1727,1,75,12899.7
87.012,637.7,1280.0,1727,1,75,12986.5
87.14,637.7,1280.0,1727,1,75,13016.7
87.268,637.7,1280.0,1727,1,75,13041.6
87.397,637.7,1280.0,1727,1,75,13038.3
87.527,637.7,1280.0,1727,0,75,13111.9
87.656,637.7,1280.0,1727,1,75,13153.7
87.784,637.7,1280.0,1727,1,75,13236.2
87.913,637.7,1280.0,1727,0,75,13276.1
88.035,637.7,1280.0,1727,0,75,13341.0
88.158,664.2,1280.0,1727,4,75,13244.6
88.277,821.7,1280.0,1727,6,75,13267.6
88.396,821.7,1280.0,1727,6,75,13293.4
88.514,951.2,1280.0,1727,5,75,13320.4
88.632,1080.7,1280.0,1727,8,75,13355.3
88.751,1080.7,1280.0,1727,12,75,13378.6
88.869,821.9,1280.0,1727,12,76,13391.2
88.987,951.4,1280.0,1727,37,75,13404.6
89.106,1080.9,1280.0,1727,14,75,13418.2
89.224,661.0,1280.0,1727,14,77,13429.3
89.342,822.0,1280.0,1727,36,75,13444.8
89.461,951.6,1280.0,1727,52,77,13447.4
89.581,822.1,1280.0,1727,52,77,13449.6
89.699,692.7,1280.0,1727,70,78,13451.7
89.818,661.3,1280.0,1727,64,78,13455.7
89.937,951.8,1280.0,1727,47,76,13470.7
90.055,1081.3,1280.0,1727,47,75,13487.3
90.173,1081.3,1280.0,1727,6,75,13500.5
90.291,661.3,1280.0,1727,7,77,13511.8
90.408,692.8,1280.0,1727,7,76,13263.0
90.529,822.3,1280.0,1727,33,75,13254.1
90.647,951.8,1280.0,1727,9,75,13267.9
90.765,951.8,1280.0,1727,7,75,13281.6
90.884,1081.3,1280.0,1727,7,75,13295.9
91.002,1081.3,1280.0,1727,5,75,13310.3
91.119,668.4,1280.0,1727,36,76,13317.8
91.238,822.4,1280.0,1727,36,75,13332.0
91.356,822.4,1280.0,1727,7,75,13344.5
91.474,951.9,1280.0,1727,6,75,13358.5
91.591,951.9,1280.0,1727,6,75,13371.4
91.709,1081.4,1280.0,1727,7,75,13384.8
91.827,1081.4,1280.0,1727,7,75,13397.5
91.945,693.0,1280.0,1727,33,76,13407.3
92.064,822.5,1280.0,1727,33,75,13421.1
92.182,822.5,1280.0,1727,7,75,13437.9
92.3,661.5,1280.0,1727,18,77,13420.2
92.419,952.1,1280.0,1727,18,75,13354.5
92.537,952.1,1280.0,1727,44,75,13325.0
92.655,1081.6,1280.0,1727,7,75,13337.8
92.773,661.6,1280.0,1727,30,78,13345.3
92.892,822.6,1280.0,1727,30,75,13358.4
93.01,822.6,1280.0,1727,11,75,13371.1
93.128,952.1,1280.0,1727,8,75,13382.9
93.246,952.1,1280.0,1727,8,75,13396.0
93.366,1081.6,1280.0,1727,8,75,13407.9
93.483,661.7,1280.0,1727,8,77,13415.8
93.602,822.7,1280.0,1727,33,75,13427.9
93.719,822.7,1280.0,1727,33,75,13441.5
93.837,952.2,1280.0,1727,8,75,13453.7
93.955,1081.7,1280.0,1727,6,75,13465.1
94.073,1081.7,1280.0,1727,6,75,13477.6
94.191,661.8,1280.0,1727,7,77,13486.4
94.309,693.3,1280.0,1727,34,75,13499.9
94.427,822.8,1280.0,1727,34,75,13513.0
94.544,952.3,1280.0,1727,5,75,13450.4
94.666,952.3,1280.0,1727,7,75,13465.0
94.786,1081.8,1280.0,1727,9,75,13478.7
94.906,661.8,1280.0,1727,9,77,13359.4
95.024,693.3,1280.0,1727,32,75,13369.9
95.143,822.8,1280.0,1727,4,75,13400.0
95.262,822.8,1280.0,1727,5,75,13384.0
95.392,822.8,1280.0,1727,5,75,13393.7
95.51,952.3,1280.0,1727,3,75,13384.2
95.639,952.3,1280.0,1727,4,75,13406.0
95.758,952.3,1280.0,1727,4,75,13423.4
95.876,952.3,1280.0,1727,4,75,13444.2
95.995,1081.8,1280.0,1727,3,75,13115.7
96.122,1081.8,1280.0,1727,5,75,12806.2
96.242,1081.8,1280.0,1727,5,75,12500.1
96.361,661.9,1280.0,1727,21,76,12348.6
96.484,693.4,1280.0,1727,14,75,12141.8
96.604,822.9,1280.0,1727,14,75,12163.5
96.728,822.9,1280.0,1727,4,75,12186.0
96.851,822.9,1280.0,1727,4,75,12206.5
96.973,952.4,1280.0,1727,3,75,12230.0
97.096,952.4,1280.0,1727,3,75,12253.2
97.222,952.4,1280.0,1727,4,75,12275.1
97.346,952.4,1280.0,1727,4,75,12297.9
97.469,1081.9,1280.0,1727,3,75,12320.7
97.593,1081.9,1280.0,1727,3,75,12344.2
97.716,1081.9,1280.0,1727,4,75,12367.6
97.838,1081.9,1280.0,1727,4,75,12389.8
97.961,662.0,1280.0,1727,31,77,12400.6
98.083,693.5,1280.0,1727,31,75,12422.1
98.204,823.0,1280.0,1727,4,75,12442.1
98.324,823.0,1280.0,1727,4,75,12465.9
98.447,823.0,1280.0,1727,3,75,12491.0
98.57,823.0,1280.0,1727,3,75,12515.1
98.693,952.5,1280.0,1727,3,75,12517.7
98.815,952.5,1280.0,1727,3,75,12540.4
98.938,952.5,1280.0,1727,3,75,12564.2
99.061,952.5,1280.0,1727,3,75,12585.1
99.183,1082.0,1280.0,1727,4,75,12609.4
99.305,1082.0,1280.0,1727,4,75,12631.7
99.427,1082.0,1280.0,1727,4,75,12653.2
99.55,1082.0,1280.0,1727,3,75,12679.5
99.672,662.1,1280.0,1727,32,76,12690.9
99.794,693.6,1280.0,1727,4,75,12713.0
99.917,823.1,1280.0,1727,4,75,12737.0
100.039,823.1,1280.0,1727,3,75,12758.7
100.162,823.1,1280.0,1727,4,75,12779.7
100.285,823.1,1280.0,1727,4,75,12801.8
100.407,952.6,1280.0,1727,4,75,12822.5
100.529,952.6,1280.0,1727,2,75,12844.8
100.651,952.6,1280.0,1727,4,75,12865.4
100.774,952.6,1280.0,1727,4,75,12886.4
100.896,1082.1,1280.0,1727,4,75,12909.6
101.019,1082.1,1280.0,1727,3,75,12933.9
101.141,1082.1,1280.0,1727,4,75,12954.8
101.261,662.1,1280.0,1727,4,77,12968.3
101.383,693.6,1280.0,1727,32,75,12989.3
101.505,823.1,1280.0,1727,3,75,13012.5
101.627,823.1,1280.0,1727,4,75,13036.8
101.749,823.1,1280.0,1727,4,75,13060.1
101.872,823.1,1280.0,1727,4,75,13080.9
101.994,952.6,1280.0,1727,2,75,13101.3
102.116,952.6,1280.0,1727,2,75,13127.3
102.239,952.6,1280.0,1727,4,75,13150.5
102.362,1082.1,1280.0,1727,4,75,13175.8
102.485,1082.1,1280.0,1727,3,75,13198.2
102.609,1082.1,1280.0,1727,3,75,13218.2
102.73,1082.1,1280.0,1727,4,75,13241.9
102.854,662.2,1280.0,1727,14,78,13254.3
102.977,693.7,1280.0,1727,21,75,13280.8
103.1,823.2,1280.0,1727,21,75,13301.7
103.222,823.2,1280.0,1727,4,75,13325.5
103.343,823.2,1280.0,1727,4,75,13343.8
103.464,823.2,1280.0,1727,4,75,13344.3
103.585,823.2,1280.0,1727,1,75,13343.6
103.706,952.7,1280.0,1727,2,75,13342.0
103.827,952.7,1280.0,1727,2,75,13334.7
103.947,952.7,1280.0,1727,2,75,13321.9
104.067,952.7,1280.0,1727,0,75,13313.3
104.188,952.7,1280.0,1727,2,75,13300.0
104.309,952.7,1280.0,1727,2,75,13287.1
104.43,952.7,1280.0,1727,2,75,13274.4
104.55,952.7,1280.0,1727,0,75,13261.0
104.671,952.7,1280.0,1727,1,75,13249.6
104.791,952.7,1280.0,1727,1,75,13237.4
104.911,952.7,1280.0,1727,2,75,13224.7
105.033,952.7,1280.0,1727,1,75,13210.8
105.153,952.7,1280.0,1727,1,75,13197.1
105.275,952.7,1280.0,1727,1,75,13183.4
105.396,952.7,1280.0,1727,2,75,13169.5
105.517,952.7,1280.0,1727,0,75,13158.1
105.638,952.7,1280.0,1727,0,75,13144.8
105.759,952.7,1280.0,1727,4,75,13130.6
105.879,952.7,1280.0,1727,2,75,13117.6
106.0,952.7,1280.0,1727,2,75,13104.4
106.12,952.7,1280.0,1727,2,75,13090.7
106.242,952.7,1280.0,1727,0,75,13077.4
106.363,952.7,1280.0,1727,2,75,13064.4
106.483,952.7,1280.0,1727,1,75,13051.6
106.604,952.7,1280.0,1727,1,75,13038.2
106.724,952.7,1280.0,1727,1,75,13024.9
106.845,952.7,1280.0,1727,2,75,13011.5
106.965,1082.2,1280.0,1727,2,75,13000.7
107.085,1082.2,1280.0,1727,1,75,12987.7
107.206,1082.2,1280.0,1727,1,75,12974.3
107.326,1082.2,1280.0,1727,2,75,12962.1
107.447,1082.2,1280.0,1727,2,75,12951.4
107.568,1082.2,1280.0,1727,1,75,12937.9
107.689,1082.2,1280.0,1727,1,75,12924.8
107.81,1082.2,1280.0,1727,1,75,12911.3
107.931,1082.2,1280.0,1727,2,75,12899.7
108.052,1082.2,1280.0,1727,1,75,12887.7
108.173,1082.2,1280.0,1727,1,75,12873.9
108.294,1082.2,1280.0,1727,1,75,12858.7
108.415,1082.2,1280.0,1727,2,75,12845.5
108.536,1082.2,1280.0,1727,2,75,12834.0
108.657,1082.2,1280.0,1727,0,75,12821.4
108.778,1082.2,1280.0,1727,0,75,12808.2
108.899,1082.2,1280.0,1727,2,75,12794.7
109.02,1082.2,1280.0,1727,2,75,12783.1
109.141,1082.2,1280.0,1727,2,75,12769.8
109.262,1082.2,1280.0,1727,0,75,12756.8
109.384,1082.2,1280.0,1727,2,75,12743.8
109.504,1082.2,1280.0,1727,2,75,12730.6
109.626,1082.2,1280.0,1727,2,75,12717.6
109.746,1082.2,1280.0,1727,0,75,12704.9
109.868,1082.2,1280.0,1727,2,75,12691.6
109.989,662.3,1280.0,1727,2,75,12691.0
110.108,665.8,1280.0,1727,21,76,12663.7
110.226,823.3,1280.0,1727,13,75,12697.9
110.343,823.3,1280.0,1727,4,75,12704.6
110.461,823.3,1280.0,1727,4,75,12697.9
110.579,823.3,1280.0,1727,5,75,12714.8
110.697,952.8,1280.0,1727,3,75,12704.8
110.815,952.8,1280.0,1727,3,75,12718.3
110.932,952.8,1280.0,1727,5,75,12731.1
111.05,1082.3,1280.0,1727,5,75,12717.4
111.169,1082.3,1280.0,1727,3,75,12732.2
111.286,1082.3,1280.0,1727,3,75,12721.9
111.405,662.3,1280.0,1727,5,78,12741.4
111.523,693.8,1280.0,1727,32,75,12762.4
111.64,823.3,1280.0,1727,32,75,12764.8
111.758,823.3,1280.0,1727,3,75,12514.2
111.88,823.3,1280.0,1727,4,75,12429.9
111.998,823.3,1280.0,1727,4,75,12341.2
112.118,952.8,1280.0,1727,4,75,12299.7
112.237,952.8,1280.0,1727,3,75,12320.8
112.356,952.8,1280.0,1727,4,75,12340.5
112.474,1082.3,1280.0,1727,4,75,12357.5
112.593,1082.3,1280.0,1727,6,75,12307.7
112.712,662.4,1280.0,1727,4,75,12323.9
112.829,669.4,1280.0,1727,4,75,12342.8
112.948,823.4,1280.0,1727,33,75,12362.2
113.066,823.4,1280.0,1727,4,75,12382.4
113.185,823.4,1280.0,1727,3,75,12403.4
113.303,823.4,1280.0,1727,3,75,12423.9
113.422,952.9,1280.0,1727,4,75,12442.3
113.54,952.9,1280.0,1727,5,75,12465.3
113.659,952.9,1280.0,1727,5,75,12487.4
113.778,1082.4,1280.0,1727,3,75,12509.5
113.897,1082.4,1280.0,1727,5,75,12535.0
114.015,1082.4,1280.0,1727,5,75,12559.5
114.133,662.5,1280.0,1727,5,76,12576.1
114.25,694.0,1280.0,1727,31,75,12606.2
114.369,823.5,1280.0,1727,4,75,12632.9
114.486,823.5,1280.0,1727,4,75,12658.4
114.605,823.5,1280.0,1727,4,75,12663.7
114.724,823.5,1280.0,1727,3,75,12561.0
114.842,953.0,1280.0,1727,3,75,12412.1
114.961,953.0,1280.0,1727,4,75,12256.8
115.079,953.0,1280.0,1727,5,75,12170.4
115.199,1082.5,1280.0,1727,3,75,12086.1
115.32,1082.5,1280.0,1727,3,75,12095.6
115.438,1082.5,1280.0,1727,4,75,12119.9
115.555,1082.5,1280.0,1727,4,75,12149.2
115.675,694.1,1280.0,1727,4,75,12111.2
115.793,1082.6,1280.0,1727,34,75,12119.2
115.912,823.6,1280.0,1727,53,75,12123.4
116.03,662.7,1280.0,1727,50,77,12126.2
116.149,1083.7,1280.0,1727,50,75,12102.6
116.267,953.3,1280.0,1727,58,75,12061.1
116.387,1082.8,1280.0,1727,18,75,12074.4
116.505,1082.8,1280.0,1727,18,75,12086.5
116.623,636.3,1280.0,1727,27,75,12154.7
116.749,636.3,1280.0,1727,10,75,12253.2
116.876,636.3,1280.0,1727,1,75,12353.7
117.004,636.3,1280.0,1727,1,75,12446.8
117.133,636.3,1280.0,1727,1,75,12549.1
117.261,636.3,1280.0,1727,0,75,12649.5
117.389,636.3,1280.0,1727,1,75,12750.8
117.518,636.3,1280.0,1727,1,75,12842.5
117.647,636.3,1280.0,1727,1,75,12945.5
117.776,636.3,1280.0,1727,0,75,13044.8
117.905,636.3,1280.0,1727,1,75,13146.3
118.034,636.3,1280.0,1727,3,75,13236.8
118.163,636.3,1280.0,1727,3,75,13317.8
118.293,636.3,1280.0,1727,0,75,13405.9
118.421,636.3,1280.0,1727,1,75,13461.3
118.551,636.1,1280.0,1727,1,75,13416.2
118.673,662.5,1280.0,1727,1,75,13100.9
118.796,823.5,1280.0,1727,2,75,13120.8
118.914,823.5,1280.0,1727,6,75,13141.3
119.032,823.5,1280.0,1727,6,75,13163.1
119.151,953.0,1280.0,1727,5,75,13183.8
119.269,953.0,1280.0,1727,4,75,13204.1
119.386,1082.5,1280.0,1727,6,75,13223.5
119.504,1082.5,1280.0,1727,6,75,13246.6
119.622,664.3,1280.0,1727,7,77,13255.7
119.74,664.3,1280.0,1727,76,77,13255.8
119.858,825.3,1280.0,1727,76,75,13277.0
119.975,954.8,1280.0,1727,8,75,13296.7
120.094,1084.3,1280.0,1727,13,75,13316.4
120.212,1084.3,1280.0,1727,7,75,13339.1
120.331,664.4,1300.0,1747,7,80,13340.2
120.449,695.9,1300.0,1747,77,76,13335.9
120.568,825.4,1300.0,1747,7,75,13218.1
120.687,954.9,1300.0,1747,7,75,13241.7
120.804,954.9,1300.0,1747,6,75,13263.2
120.922,1084.4,1300.0,1747,9,75,13278.4
121.041,664.4,1300.0,1747,9,80,13278.4
121.159,825.5,1300.0,1747,80,76,13285.7
121.277,955.0,1300.0,1747,11,75,13295.1
121.395,664.5,1300.0,1747,62,78,13296.4
121.514,825.5,1300.0,1747,62,76,13300.0
121.633,955.0,1300.0,1747,37,75,13308.8
121.751,664.6,1300.0,1747,26,76,13313.7
121.87,664.6,1300.0,1747,26,78,13313.7
121.987,1084.6,1300.0,1747,71,75,13323.1
122.106,664.7,1300.0,1747,36,79,13330.0
122.225,664.7,1300.0,1747,63,76,13334.4
122.343,825.7,1300.0,1747,63,75,13354.3
122.46,955.2,1300.0,1747,15,75,13384.0
122.578,1084.7,1300.0,1747,5,75,13365.2
122.697,1084.7,1300.0,1747,5,75,13130.6
122.817,1084.7,1300.0,1747,4,75,13151.8
122.935,1084.7,1300.0,1747,3,75,13155.6
123.053,1084.7,1300.0,1747,3,75,13156.4
123.171,1084.7,1300.0,1747,2,75,13157.9
123.288,1084.7,1300.0,1747,0,75,13160.5
123.47,640.2,1300.0,1747,9,78,13163.2
123.589,664.7,1300.0,1747,69,76,13164.8
123.724,664.7,1300.0,1747,0,75,13167.1
123.842,664.7,1300.0,1747,0,75,13168.9
123.972,664.7,1300.0,1747,2,75,13170.7
124.09,664.7,1300.0,1747,2,75,13172.2
124.213,664.7,1300.0,1747,2,75,13174.7
124.332,668.2,1300.0,1747,0,75,13175.6
124.449,671.7,1300.0,1747,2,74,13176.8
124.568,671.7,1300.0,1747,2,75,13177.0
124.708,671.7,1300.0,1747,2,74,13177.1
124.847,696.2,1300.0,1747,0,74,13178.3
124.965,696.2,1300.0,1747,2,74,13178.3
125.083,696.2,1300.0,1747,2,74,13179.0
125.205,696.2,1300.0,1747,2,74,13180.5
125.336,696.2,1300.0,1747,0,74,13180.5
125.475,696.2,1300.0,1747,1,74,13181.8
125.594,696.2,1300.0,1747,1,74,13183.0
125.721,696.2,1300.0,1747,1,74,13183.3
125.839,696.2,1300.0,1747,0,74,13184.2
125.958,696.2,1300.0,1747,1,74,13185.5
126.076,696.2,1300.0,1747,2,74,13186.0
126.198,696.2,1300.0,1747,2,74,13187.0
126.329,696.2,1300.0,1747,0,74,13187.8
126.465,696.2,1300.0,1747,1,73,13188.2
126.583,696.2,1300.0,1747,2,73,13189.5
126.707,696.2,1300.0,1747,2,73,13189.7
126.845,825.7,1300.0,1747,0,73,13190.8
126.981,825.7,1300.0,1747,1,73,13191.7
127.1,825.7,1300.0,1747,2,73,13191.8
127.239,825.7,1300.0,1747,0,73,13193.0
127.379,825.7,1300.0,1747,0,73,13194.1
127.497,825.7,1300.0,1747,1,73,13194.1
127.635,825.7,1300.0,1747,2,73,13195.3
127.753,825.7,1300.0,1747,1,73,13196.4
127.871,825.7,1300.0,1747,1,73,13196.4
127.989,825.7,1300.0,1747,1,73,13197.7
128.129,825.7,1300.0,1747,2,73,13199.1
128.253,825.7,1300.0,1747,1,73,13200.0
128.39,825.7,1300.0,1747,1,73,13200.3
128.528,825.7,1300.0,1747,1,73,13201.9
128.667,825.7,1300.0,1747,2,73,13203.3
128.799,825.7,1300.0,1747,1,73,13204.9
128.917,825.7,1300.0,1747,1,72,13205.2
129.056,825.7,1300.0,1747,2,72,13206.3
129.197,825.7,1300.0,1747,2,72,13207.3
129.325,825.7,1300.0,1747,1,73,13208.8
129.451,825.7,1300.0,1747,1,72,13209.0
129.591,825.7,1300.0,1747,2,72,13210.3
129.728,825.7,1300.0,1747,1,72,13210.9
129.868,825.7,1300.0,1747,1,72,13212.6
130.008,825.7,1300.0,1747,1,72,13213.9
130.133,825.7,1300.0,1747,2,72,13214.0
130.255,825.7,1300.0,1747,2,72,13215.6
130.382,825.7,1300.0,1747,2,72,13216.8
130.5,825.7,1300.0,1747,0,72,13218.2
130.624,825.7,1300.0,1747,1,72,13218.3
130.763,825.7,1300.0,1747,2,72,13219.4
130.884,825.7,1300.0,1747,2,72,13220.3
131.004,825.7,1300.0,1747,0,72,13221.6
131.141,825.7,1300.0,1747,2,72,13222.0
131.281,825.7,1300.0,1747,2,72,13223.8
131.42,825.7,1300.0,1747,0,72,13225.2
131.552,825.7,1300.0,1747,0,72,13226.3
131.67,825.7,1300.0,1747,2,72,13226.5
131.809,825.7,1300.0,1747,2,72,13227.7
131.948,825.7,1300.0,1747,0,72,13229.0
132.073,825.7,1300.0,1747,0,72,13229.9
132.194,825.7,1300.0,1747,2,72,13230.6
132.333,825.7,1300.0,1747,2,72,13231.3
132.474,825.7,1300.0,1747,0,72,13232.6
132.614,825.7,1300.0,1747,2,72,13234.1
132.738,825.7,1300.0,1747,2,72,13235.5
132.861,825.7,1300.0,1747,2,72,13235.8
132.983,825.7,1300.0,1747,0,72,13237.0
133.102,825.7,1300.0,1747,2,71,13238.1
133.219,825.7,1300.0,1747,2,72,13238.6
133.359,825.7,1300.0,1747,2,72,13239.2
133.481,825.7,1300.0,1747,0,72,13240.7
133.602,825.7,1300.0,1747,2,71,13241.5
133.726,825.7,1300.0,1747,2,71,13242.2
133.866,825.7,1300.0,1747,2,71,13243.6
133.994,825.7,1300.0,1747,0,71,13245.0
134.125,825.7,1300.0,1747,2,71,13246.0
134.248,825.7,1300.0,1747,2,71,13246.2
134.371,825.7,1300.0,1747,2,71,13247.0
134.493,825.7,1300.0,1747,0,71,13248.0
134.631,825.7,1300.0,1747,2,71,13249.1
134.75,825.7,1300.0,1747,2,71,13249.5
134.889,825.7,1300.0,1747,2,71,13249.8
135.028,825.7,1300.0,1747,0,71,13250.4
135.169,825.7,1300.0,1747,2,71,13251.2
135.29,825.7,1300.0,1747,2,71,13252.3
135.409,825.7,1300.0,1747,2,71,13252.5
135.531,825.7,1300.0,1747,0,71,13253.7
135.653,955.2,1300.0,1747,2,71,13254.4
135.792,955.2,1300.0,1747,2,71,13255.5
135.92,955.2,1300.0,1747,0,71,13255.8
136.061,955.2,1300.0,1747,0,71,13257.2
136.183,955.2,1300.0,1747,2,71,13257.9
136.301,955.2,1300.0,1747,2,71,13258.9
136.437,955.2,1300.0,1747,0,71,13259.2
136.578,955.2,1300.0,1747,0,71,13260.4
136.718,955.2,1300.0,1747,2,71,13261.5
136.853,955.2,1300.0,1747,2,71,13262.4
136.973,955.2,1300.0,1747,0,71,13263.0
137.111,955.2,1300.0,1747,2,71,13263.5
137.251,955.2,1300.0,1747,2,71,13264.2
137.39,955.2,1300.0,1747,2,71,13265.4
137.512,955.2,1300.0,1747,0,71,13265.4
137.635,955.2,1300.0,1747,2,71,13266.8
137.757,955.2,1300.0,1747,2,71,13268.2
137.875,955.2,1300.0,1747,2,71,13269.3
138.006,955.2,1300.0,1747,0,71,13269.5
138.127,955.2,1300.0,1747,2,71,13270.7
138.245,955.2,1300.0,1747,2,71,13271.6
138.364,955.2,1300.0,1747,1,71,13271.6
138.486,955.2,1300.0,1747,0,71,13273.1
138.619,955.2,1300.0,1747,2,71,13274.6
138.757,955.2,1300.0,1747,2,71,13276.0
138.877,955.2,1300.0,1747,2,71,13276.4
139.0,955.2,1300.0,1747,0,71,13277.5
139.139,955.2,1300.0,1747,2,70,13278.3
139.272,955.2,1300.0,1747,2,71,13279.6
139.391,955.2,1300.0,1747,2,70,13280.8
139.528,955.2,1300.0,1747,0,70,13281.1
139.65,955.2,1300.0,1747,2,70,13282.1
139.788,955.2,1300.0,1747,2,70,13283.5
139.906,955.2,1300.0,1747,2,70,13284.1
140.037,955.2,1300.0,1747,0,70,13284.3
140.177,955.2,1300.0,1747,2,70,13285.2
140.315,955.2,1300.0,1747,2,70,13286.2
140.433,955.2,1300.0,1747,2,70,13287.2
140.564,955.2,1300.0,1747,0,70,13287.5
140.703,955.2,1300.0,1747,2,70,13288.4
140.842,955.2,1300.0,1747,2,70,13289.2
140.967,955.2,1300.0,1747,0,70,13290.6
141.091,955.2,1300.0,1747,0,70,13290.8
141.23,955.2,1300.0,1747,2,70,13292.5
141.351,955.2,1300.0,1747,2,70,13294.1
141.472,955.2,1300.0,1747,0,70,13295.3
141.607,955.2,1300.0,1747,1,70,13295.4
141.743,955.2,1300.0,1747,1,70,13296.5
141.865,955.2,1300.0,1747,2,70,13297.6
141.984,955.2,1300.0,1747,0,70,13297.6
142.126,955.2,1300.0,1747,2,70,13298.9
142.265,955.2,1300.0,1747,2,70,13299.8
142.386,955.2,1300.0,1747,2,70,13301.2
142.506,955.2,1300.0,1747,0,70,13301.4
142.646,955.2,1300.0,1747,2,70,13302.7
142.785,955.2,1300.0,1747,2,70,13303.8
142.925,955.2,1300.0,1747,2,70,13305.0
143.05,955.2,1300.0,1747,0,70,13306.1
143.168,955.2,1300.0,1747,2,70,13306.2
143.29,955.2,1300.0,1747,2,70,13307.3
143.43,955.2,1300.0,1747,2,70,13308.8
143.554,955.2,1300.0,1747,0,70,13310.6
143.676,955.2,1300.0,1747,2,70,13310.8
143.799,955.2,1300.0,1747,2,70,13312.5
143.938,955.2,1300.0,1747,2,70,13313.7
144.06,955.2,1300.0,1747,0,70,13314.7
144.192,955.2,1300.0,1747,2,70,13314.8
144.333,955.2,1300.0,1747,0,70,13316.0
144.465,955.2,1300.0,1747,0,70,13317.4
144.587,955.2,1300.0,1747,0,70,13318.2
144.724,1084.7,1300.0,1747,0,70,13318.2
144.865,1084.7,1300.0,1747,0,70,13319.4
145.005,1084.7,1300.0,1747,0,70,13320.9
145.128,1084.7,1300.0,1747,0,70,13321.7
145.247,1084.7,1300.0,1747,0,70,13321.9
145.388,1084.7,1300.0,1747,0,70,13322.6
145.528,1084.7,1300.0,1747,0,69,13323.7
145.666,1084.7,1300.0,1747,0,69,13277.4
145.787,1084.7,1300.0,1747,0,69,13060.7
145.905,1084.7,1300.0,1747,0,69,13061.9
146.026,1084.7,1300.0,1747,0,69,13063.1
146.145,1084.7,1300.0,1747,0,69,13063.2
146.286,1084.7,1300.0,1747,0,69,13064.4
146.427,1084.7,1300.0,1747,0,69,13065.4
146.563,1084.7,1300.0,1747,0,69,13066.8
146.683,1084.7,1300.0,1747,0,69,13067.1
146.824,1084.7,1300.0,1747,1,69,13068.1
146.947,1084.7,1300.0,1747,1,69,13069.2
147.067,1084.7,1300.0,1747,3,69,13070.4
147.187,1084.7,1300.0,1747,2,69,13071.5
147.319,1084.7,1300.0,1747,2,69,13071.6
147.459,1084.7,1300.0,1747,2,69,13072.8
147.581,1084.7,1300.0,1747,0,69,13074.0
147.705,1084.7,1300.0,1747,2,69,13075.0
147.828,1084.7,1300.0,1747,2,69,13075.9
147.967,1084.7,1300.0,1747,0,69,13077.6
148.105,1084.7,1300.0,1747,0,69,13078.7
148.231,1084.7,1300.0,1747,2,69,13079.9
148.355,1084.7,1300.0,1747,2,69,13080.0
148.495,1084.7,1300.0,1747,0,69,13081.1
148.636,1084.7,1300.0,1747,2,69,13082.3
148.773,1084.7,1300.0,1747,2,69,13083.4
148.892,1084.7,1300.0,1747,2,69,13083.7
149.031,1084.7,1300.0,1747,0,69,13080.8
149.15,1084.7,1300.0,1747,2,69,13082.4
149.281,1084.7,1300.0,1747,2,69,13083.5
149.399,1084.7,1300.0,1747,2,69,13083.6
149.54,1084.7,1300.0,1747,0,69,13084.8
149.662,1084.7,1300.0,1747,2,69,13086.2
149.794,1084.7,1300.0,1747,2,69,13087.0
149.919,1084.7,1300.0,1747,3,69,13087.0
150.059,1084.7,1300.0,1747,0,69,13088.0
150.2,1084.7,1300.0,1747,2,69,13089.0
150.319,1084.7,1300.0,1747,2,69,13089.8
150.457,1084.7,1300.0,1747,2,69,13090.1
150.596,1084.7,1300.0,1747,0,69,13090.9
150.737,1084.7,1300.0,1747,2,69,13092.4
150.875,1084.7,1300.0,1747,2,69,13093.6
150.992,1084.7,1300.0,1747,0,69,13095.2
151.114,664.8,1300.0,1747,0,71,13095.4
151.254,664.8,1300.0,1747,69,70,13096.4
151.392,664.8,1300.0,1747,24,69,13097.4
151.515,664.8,1300.0,1747,0,69,13098.2
151.652,664.8,1300.0,1747,2,69,13099.7
151.788,664.8,1300.0,1747,2,69,13100.0
151.929,664.8,1300.0,1747,2,69,13101.1
152.069,664.8,1300.0,1747,0,69,13102.7
152.19,664.8,1300.0,1747,2,69,13104.0
152.312,664.8,1300.0,1747,2,69,13104.1
152.452,664.8,1300.0,1747,2,69,13105.7
152.576,664.8,1300.0,1747,0,69,13106.6
152.708,664.8,1300.0,1747,2,69,13107.7
152.831,668.3,1300.0,1747,2,69,13108.0
152.973,671.8,1300.0,1747,2,69,13109.2
153.093,696.3,1300.0,1747,0,69,13110.0
153.22,696.3,1300.0,1747,2,69,13111.1
153.341,696.3,1300.0,1747,2,69,13111.3
153.481,696.3,1300.0,1747,0,69,13112.8
153.62,696.3,1300.0,1747,0,69,13114.1
153.758,696.3,1300.0,1747,2,69,13115.4
153.876,696.3,1300.0,1747,1,69,13115.7
154.017,696.3,1300.0,1747,0,69,13116.6
154.159,696.3,1300.0,1747,2,69,13117.9
154.356,696.3,1300.0,1747,2,69,13118.8
154.497,696.3,1300.0,1747,0,69,13119.9
154.63,696.3,1300.0,1747,0,69,13121.0
154.749,825.8,1300.0,1747,2,69,13121.1
154.891,825.8,1300.0,1747,2,69,13122.0
155.032,825.8,1300.0,1747,0,69,13123.4
155.171,825.8,1300.0,1747,2,69,13124.4
155.301,825.8,1300.0,1747,2,69,13125.4
155.422,825.8,1300.0,1747,2,69,13125.8
155.558,825.8,1300.0,1747,0,69,13126.4
155.697,825.8,1300.0,1747,1,69,13126.7
155.838,825.8,1300.0,1747,2,69,13127.9
155.964,825.8,1300.0,1747,2,69,13129.2
156.082,825.8,1300.0,1747,0,69,13129.3
156.222,825.8,1300.0,1747,2,69,13130.8
156.344,825.8,1300.0,1747,2,69,13131.7
156.467,825.8,1300.0,1747,2,69,13132.6
156.599,825.8,1300.0,1747,0,69,13132.7
156.741,825.8,1300.0,1747,2,69,13134.0
156.88,825.8,1300.0,1747,2,69,13135.4
157.019,825.8,1300.0,1747,0,69,13136.7
157.138,825.8,1300.0,1747,0,69,13136.9
157.278,825.8,1300.0,1747,2,69,13137.7
157.418,825.8,1300.0,1747,2,68,13138.9
157.54,825.8,1300.0,1747,0,68,13139.8
157.662,825.8,1300.0,1747,1,69,13140.7
157.799,825.8,1300.0,1747,1,68,13141.4
157.939,825.8,1300.0,1747,2,68,13142.5
158.061,825.8,1300.0,1747,0,68,13143.5
158.184,825.8,1300.0,1747,2,68,13143.7
158.325,825.8,1300.0,1747,2,68,13144.4
158.447,825.8,1300.0,1747,2,68,13145.2
158.58,825.8,1300.0,1747,0,68,13146.2
158.699,825.8,1300.0,1747,2,68,13146.7
158.839,825.8,1300.0,1747,2,68,13147.7
158.961,825.8,1300.0,1747,2,68,13148.9
159.082,825.8,1300.0,1747,0,68,13150.3
159.213,825.8,1300.0,1747,2,68,13151.7
159.344,825.8,1300.0,1747,2,68,13152.2
159.485,825.8,1300.0,1747,2,68,13153.2
159.608,825.8,1300.0,1747,0,68,13154.0
159.731,825.8,1300.0,1747,1,68,13154.6
159.854,825.8,1300.0,1747,2,68,13155.1
159.995,825.8,1300.0,1747,2,68,13156.5
160.136,825.8,1300.0,1747,0,68,13157.6
160.264,825.8,1300.0,1747,2,68,13159.2
160.389,825.8,1300.0,1747,2,68,13159.4
160.529,825.8,1300.0,1747,0,68,13161.0
160.651,825.8,1300.0,1747,0,68,13162.3
160.77,825.8,1300.0,1747,2,68,13163.5
160.906,825.8,1300.0,1747,2,68,13163.6
161.046,825.8,1300.0,1747,0,68,13164.5
161.185,825.8,1300.0,1747,0,68,13165.7
161.307,825.8,1300.0,1747,2,68,13166.9
161.44,825.8,1300.0,1747,2,68,13167.1
161.583,825.8,1300.0,1747,0,68,13168.5
161.723,825.8,1300.0,1747,2,68,13169.4
161.854,825.8,1300.0,1747,2,68,13170.3
161.989,825.8,1300.0,1747,2,68,13170.6
162.111,825.8,1300.0,1747,0,68,13171.6
162.236,825.8,1300.0,1747,1,68,13172.8
162.369,825.8,1300.0,1747,1,68,13173.2
162.491,825.8,1300.0,1747,1,68,13173.8
162.632,825.8,1300.0,1747,0,68,13174.7
162.754,825.8,1300.0,1747,2,68,13175.7
162.893,825.8,1300.0,1747,2,68,13176.9
163.026,825.8,1300.0,1747,0,68,13177.2
163.168,955.3,1300.0,1747,0,68,13179.1
163.309,955.3,1300.0,1747,2,68,13180.3
163.437,955.3,1300.0,1747,2,68,13181.5
163.56,955.3,1300.0,1747,0,68,13181.9
163.682,955.3,1300.0,1747,2,68,13183.2
163.823,955.3,1300.0,1747,2,68,13184.2
163.945,955.3,1300.0,1747,1,68,13185.2
164.066,955.3,1300.0,1747,0,68,13185.6
164.208,955.3,1300.0,1747,2,68,13186.4
164.351,955.3,1300.0,1747,2,68,13187.7
164.492,955.3,1300.0,1747,2,68,13188.7
164.623,955.3,1300.0,1747,0,68,13190.1
164.746,955.3,1300.0,1747,2,68,13190.4
164.888,955.3,1300.0,1747,2,68,13192.2
165.029,955.3,1300.0,1747,0,68,13193.8
165.161,955.3,1300.0,1747,0,68,13194.7
165.279,955.3,1300.0,1747,2,68,13195.2
165.42,955.3,1300.0,1747,2,68,13196.3
165.561,955.3,1300.0,1747,0,68,13197.6
165.701,955.3,1300.0,1747,2,68,13198.3
165.827,955.3,1300.0,1747,2,68,13199.6
165.955,955.3,1300.0,1747,2,68,13199.7
166.095,955.3,1300.0,1747,0,68,13200.0
166.235,955.3,1300.0,1747,2,68,13201.1
166.374,955.3,1300.0,1747,2,68,13202.0
166.492,955.3,1300.0,1747,2,68,13202.3
166.632,955.3,1300.0,1747,0,68,13203.6
166.773,955.3,1300.0,1747,2,68,13204.9
166.891,955.3,1300.0,1747,2,68,13206.1
167.025,955.3,1300.0,1747,2,68,13206.6
167.165,955.3,1300.0,1747,0,68,13207.2
167.307,955.3,1300.0,1747,2,68,13208.4
167.427,955.3,1300.0,1747,2,68,13208.4
167.549,955.3,1300.0,1747,0,68,13209.7
167.671,955.3,1300.0,1747,0,68,13211.0
167.81,955.3,1300.0,1747,2,68,13211.9
167.93,955.3,1300.0,1747,2,68,13212.1
168.052,955.3,1300.0,1747,0,68,13213.1
168.191,955.3,1300.0,1747,0,68,13214.6
168.31,955.3,1300.0,1747,2,68,13214.6
168.451,955.3,1300.0,1747,2,68,13215.7
168.592,955.3,1300.0,1747,0,68,13216.9
168.715,955.3,1300.0,1747,1,68,13217.7
168.852,955.3,1300.0,1747,1,68,13217.8
168.993,955.3,1300.0,1747,2,68,13219.1
169.111,955.3,1300.0,1747,0,68,13220.1
169.234,955.3,1300.0,1747,2,68,13220.3
169.377,955.3,1300.0,1747,2,68,13221.9
169.499,955.3,1300.0,1747,2,68,13223.1
169.619,955.3,1300.0,1747,0,67,13223.4
169.76,955.3,1300.0,1747,2,68,13225.0
169.903,955.3,1300.0,1747,2,68,13225.8
170.025,955.3,1300.0,1747,2,68,13226.0
170.165,955.3,1300.0,1747,0,68,13227.1
170.3,955.3,1300.0,1747,2,67,13228.0
170.423,955.3,1300.0,1747,2,67,13228.2
170.545,955.3,1300.0,1747,2,67,13229.5
170.672,955.3,1300.0,1747,0,68,13229.8
170.813,955.3,1300.0,1747,2,67,13230.9
170.954,955.3,1300.0,1747,1,67,13232.0
171.074,955.3,1300.0,1747,0,67,13232.0
171.215,955.3,1300.0,1747,0,67,13233.3
171.336,955.3,1300.0,1747,2,67,13233.7
171.477,955.3,1300.0,1747,1,67,13233.7
171.618,955.3,1300.0,1747,0,67,13235.5
171.75,955.3,1300.0,1747,2,67,13235.5
171.872,955.3,1300.0,1747,2,67,13236.8
172.013,955.3,1300.0,1747,2,67,13238.2
172.134,1084.8,1300.0,1747,0,67,13238.3
172.275,1084.8,1300.0,1747,1,67,13239.3
172.396,1084.8,1300.0,1747,2,67,13239.4
172.538,1084.8,1300.0,1747,2,67,13240.6
172.678,1084.8,1300.0,1747,0,67,13241.7
172.802,1084.8,1300.0,1747,2,67,13241.8
172.943,1084.8,1300.0,1747,1,67,13242.7
173.065,1084.8,1300.0,1747,0,67,13242.7
173.188,1084.8,1300.0,1747,0,67,13243.6
173.312,1084.8,1300.0,1747,2,67,13245.1
173.431,1084.8,1300.0,1747,1,67,13246.2
173.549,1084.8,1300.0,1747,1,67,13247.4
173.686,1084.8,1300.0,1747,0,67,13249.9
173.807,1084.8,1300.0,1747,2,67,13251.1
173.928,1084.8,1300.0,1747,1,67,13252.3
174.052,1084.8,1300.0,1747,1,67,13254.0
174.175,1084.8,1300.0,1747,0,67,13255.6
174.293,1084.8,1300.0,1747,2,67,13255.7
174.435,1084.8,1300.0,1747,1,67,13257.3
174.558,1084.8,1300.0,1747,0,67,13257.6
174.7,1084.8,1300.0,1747,0,67,13259.1
174.841,1084.8,1300.0,1747,3,67,13260.5
174.959,1084.8,1300.0,1747,0,67,13260.5
175.1,1084.8,1300.0,1747,0,67,13262.2
175.238,1084.8,1300.0,1747,3,67,13262.8
175.361,1084.8,1300.0,1747,3,67,13263.7
175.481,1084.8,1300.0,1747,0,67,13264.8
175.611,1084.8,1300.0,1747,0,67,13265.9
175.739,1084.8,1300.0,1747,2,67,13268.3
175.872,1084.8,1300.0,1747,2,67,13269.1
175.995,1084.8,1300.0,1747,1,67,13270.4
176.122,1084.8,1300.0,1747,0,67,13270.5
176.262,1084.8,1300.0,1747,3,67,13271.9
176.4,1084.8,1300.0,1747,3,67,13272.9
176.529,1084.8,1300.0,1747,0,67,13273.0
176.67,1084.8,1300.0,1747,0,67,13273.5
176.793,1084.8,1300.0,1747,2,67,13274.4
176.931,1084.8,1300.0,1747,1,67,13274.7
177.073,1084.8,1300.0,1747,1,67,13275.3
177.192,1084.8,1300.0,1747,0,67,13276.7
177.311,1084.8,1300.0,1747,3,67,13279.5
177.432,1084.8,1300.0,1747,1,67,13280.7
177.556,1084.8,1300.0,1747,1,67,13282.1
177.695,1084.8,1300.0,1747,0,67,13283.2
177.836,1084.8,1300.0,1747,3,67,13283.9
177.977,1084.8,1300.0,1747,0,67,13285.6
178.095,1084.8,1300.0,1747,0,67,13286.8
178.235,1084.8,1300.0,1747,3,67,13286.9
178.375,1084.8,1300.0,1747,3,67,13288.7
178.503,1084.8,1300.0,1747,0,67,13290.2
178.622,1084.8,1300.0,1747,0,67,13285.7
178.76,1084.8,1300.0,1747,3,67,13203.6
178.963,1084.8,1300.0,1747,0,67,12974.6
179.306,1084.8,1300.0,1747,3,67,12974.8
179.448,1084.8,1300.0,1747,0,67,12975.8
179.587,664.9,1300.0,1747,0,68,12976.4
179.705,664.9,1300.0,1747,44,68,12976.7
179.822,664.9,1300.0,1747,45,67,12977.7
179.965,664.9,1300.0,1747,0,67,12978.8
180.087,664.9,1300.0,1747,0,68,12980.3
180.206,664.9,1300.0,1747,0,68,12980.8
180.348,664.9,1300.0,1747,5,67,12981.7
180.489,664.9,1300.0,1747,0,67,12982.7
180.63,664.9,1300.0,1747,0,67,12983.8
180.749,664.9,1300.0,1747,3,68,12984.5
180.887,664.9,1300.0,1747,3,68,12984.8
181.029,664.9,1300.0,1747,0,67,12985.9
181.17,664.9,1300.0,1747,0,67,12986.9
181.303,664.9,1300.0,1747,3,67,12986.0
181.422,668.4,1300.0,1747,3,67,12986.0
181.545,671.9,1300.0,1747,0,67,12986.9
181.687,671.9,1300.0,1747,0,67,12987.4
181.81,671.9,1300.0,1747,3,67,12987.7
181.933,696.4,1300.0,1747,0,67,12988.9
182.075,696.4,1300.0,1747,0,67,12990.4
182.197,696.4,1300.0,1747,1,67,12991.8
182.324,696.4,1300.0,1747,2,67,12992.3
182.466,696.4,1300.0,1747,0,67,12994.1
182.607,696.4,1300.0,1747,0,67,12995.2
182.75,696.4,1300.0,1747,0,67,12996.2
182.873,696.4,1300.0,1747,3,67,12996.8
183.01,696.4,1300.0,1747,0,67,12997.5
183.152,696.4,1300.0,1747,1,67,12999.0
183.294,696.4,1300.0,1747,2,67,13000.3
183.427,696.4,1300.0,1747,2,67,13001.6
183.55,825.9,1300.0,1747,0,67,13001.7
183.693,825.9,1300.0,1747,1,67,13003.0
183.816,825.9,1300.0,1747,2,67,13004.3
183.948,825.9,1300.0,1747,0,67,13005.5
184.077,825.9,1300.0,1747,0,67,13006.0
184.22,825.9,1300.0,1747,1,67,13007.1
184.344,825.9,1300.0,1747,2,67,13008.9
184.472,825.9,1300.0,1747,0,67,13009.6
184.59,825.9,1300.0,1747,1,67,13010.7
184.732,825.9,1300.0,1747,1,67,13011.5
184.873,825.9,1300.0,1747,2,67,13013.3
185.056,825.9,1300.0,1747,0,67,13014.6
185.174,825.9,1300.0,1747,1,67,13015.1
185.294,825.9,1300.0,1747,2,67,13016.0
185.433,825.9,1300.0,1747,2,67,13016.9
185.559,825.9,1300.0,1747,0,67,13018.2
185.677,825.9,1300.0,1747,2,67,13018.4
185.818,825.9,1300.0,1747,2,67,13019.4
185.957,825.9,1300.0,1747,0,67,13020.5
186.077,825.9,1300.0,1747,0,67,13022.3
186.204,825.9,1300.0,1747,2,67,13022.3
186.343,825.9,1300.0,1747,1,67,13023.5
186.481,825.9,1300.0,1747,0,67,13024.7
186.609,825.9,1300.0,1747,0,67,13025.6
186.731,825.9,1300.0,1747,1,67,13025.9
186.854,825.9,1300.0,1747,1,67,13026.4
186.997,825.9,1300.0,1747,0,67,13027.9
187.122,825.9,1300.0,1747,2,67,13028.4
187.245,825.9,1300.0,1747,2,67,13029.2
187.386,825.9,1300.0,1747,2,67,13031.0
187.528,825.9,1300.0,1747,0,67,13032.2
187.67,825.9,1300.0,1747,2,67,13033.4
187.791,825.9,1300.0,1747,2,67,13033.6
187.933,825.9,1300.0,1747,2,67,13034.8
188.055,825.9,1300.0,1747,0,67,13036.1
188.176,825.9,1300.0,1747,2,67,13037.2
188.299,825.9,1300.0,1747,2,67,13038.2
188.442,825.9,1300.0,1747,0,67,13040.3
188.585,825.9,1300.0,1747,0,67,13042.0
188.71,825.9,1300.0,1747,2,67,13043.2
188.839,825.9,1300.0,1747,2,67,13043.5
188.98,825.9,1300.0,1747,0,67,13044.6
189.122,825.9,1300.0,1747,1,67,13045.6
189.253,825.9,1300.0,1747,1,67,13046.6
189.382,825.9,1300.0,1747,1,67,13046.9
189.524,825.9,1300.0,1747,0,67,13048.1
189.665,825.9,1300.0,1747,2,67,13049.2
189.798,825.9,1300.0,1747,2,67,13050.3
189.917,825.9,1300.0,1747,2,67,13050.3
190.058,825.9,1300.0,1747,0,67,13051.7
190.201,825.9,1300.0,1747,2,67,13053.0
190.34,825.9,1300.0,1747,1,67,13054.3
190.461,825.9,1300.0,1747,0,67,13055.0
190.603,825.9,1300.0,1747,0,67,13055.7
190.725,825.9,1300.0,1747,2,67,13057.3
190.844,825.9,1300.0,1747,2,67,13059.1
190.972,825.9,1300.0,1747,0,67,13059.2
191.114,825.9,1300.0,1747,0,67,13060.4
191.236,825.9,1300.0,1747,1,67,13061.7
191.36,825.9,1300.0,1747,1,67,13062.5
191.501,955.4,1300.0,1747,0,67,13062.6
191.643,955.4,1300.0,1747,2,67,13063.7
191.786,955.4,1300.0,1747,2,67,13064.8
191.906,955.4,1300.0,1747,2,67,13066.3
192.036,955.4,1300.0,1747,0,67,13066.3
192.159,955.4,1300.0,1747,2,67,13067.2
192.3,955.4,1300.0,1747,2,67,13069.0
192.435,955.4,1300.0,1747,2,67,13071.0
192.569,955.4,1300.0,1747,0,67,13071.2
192.712,955.4,1300.0,1747,2,67,13072.8
192.854,955.4,1300.0,1747,2,67,13074.1
192.996,955.4,1300.0,1747,0,67,13074.8
193.115,955.4,1300.0,1747,0,67,13074.8
193.238,955.4,1300.0,1747,1,67,13076.0
193.36,955.4,1300.0,1747,2,67,13077.0
193.488,955.4,1300.0,1747,0,67,13079.1
193.622,955.4,1300.0,1747,0,67,13079.3
193.745,955.4,1300.0,1747,2,67,13080.0
193.868,955.4,1300.0,1747,1,67,13081.0
194.009,955.4,1300.0,1747,0,67,13081.3
194.131,955.4,1300.0,1747,0,67,13082.3
194.253,955.4,1300.0,1747,2,67,13083.2
194.391,955.4,1300.0,1747,2,67,13084.3
194.521,955.4,1300.0,1747,1,67,13084.3
194.643,955.4,1300.0,1747,2,67,13085.2
194.785,955.4,1300.0,1747,2,67,13086.3
194.912,955.4,1300.0,1747,2,67,13087.1
195.033,955.4,1300.0,1747,0,67,13087.6
195.174,955.4,1300.0,1747,2,67,13088.7
195.297,955.4,1300.0,1747,2,67,13089.6
195.424,955.4,1300.0,1747,2,67,13090.1
195.547,955.4,1300.0,1747,0,67,13090.3
195.688,955.4,1300.0,1747,2,67,13091.5
195.811,955.4,1300.0,1747,2,67,13093.0
195.933,955.4,1300.0,1747,2,67,13093.2
196.055,955.4,1300.0,1747,0,67,13093.9
196.196,955.4,1300.0,1747,2,67,13097.6
196.319,955.4,1300.0,1747,2,67,13099.6
196.448,955.4,1300.0,1747,2,67,13100.9
196.588,955.4,1300.0,1747,0,67,13101.4
196.729,955.4,1300.0,1747,1,67,13102.3
196.872,955.4,1300.0,1747,2,67,13103.1
196.995,955.4,1300.0,1747,0,67,13103.9
197.127,1084.9,1300.0,1747,0,67,13104.1
197.268,1084.9,1300.0,1747,2,67,13104.5
197.39,1084.9,1300.0,1747,2,67,13105.5
197.509,1084.9,1300.0,1747,0,67,13106.5
197.649,1084.9,1300.0,1747,0,67,13106.7
197.771,1084.9,1300.0,1747,2,67,13108.1
197.912,1084.9,1300.0,1747,2,67,13109.1
198.034,1084.9,1300.0,1747,0,67,13109.5
198.176,1084.9,1300.0,1747,3,67,13109.8
198.318,1084.9,1300.0,1747,3,67,13110.9
198.441,1084.9,1300.0,1747,2,67,13111.8
198.566,1084.9,1300.0,1747,0,67,13111.8
198.689,1084.9,1300.0,1747,2,67,13112.8
198.83,1084.9,1300.0,1747,2,67,13113.8
198.959,1084.9,1300.0,1747,2,67,13115.1
199.084,1084.9,1300.0,1747,0,67,13115.1
199.206,1084.9,1300.0,1747,2,67,13116.3
199.328,1084.9,1300.0,1747,2,67,13117.4
199.455,1084.9,1300.0,1747,2,67,13117.7
199.6,1084.9,1300.0,1747,0,67,13118.5
199.742,1084.9,1300.0,1747,2,67,13122.0
199.884,1084.9,1300.0,1747,1,67,13122.6
200.009,1084.9,1300.0,1747,0,67,13123.6
200.147,1084.9,1300.0,1747,0,67,13123.7
200.269,1084.9,1300.0,1747,2,67,13126.9
200.41,1084.9,1300.0,1747,2,67,13127.7
200.532,1084.9,1300.0,1747,0,67,13128.1
200.672,1084.9,1300.0,1747,2,67,13128.7
200.795,1084.9,1300.0,1747,2,67,13130.0
200.923,1084.9,1300.0,1747,2,67,13131.0
201.048,1084.9,1300.0,1747,0,67,13131.0
201.171,1084.9,1300.0,1747,2,67,13132.5
201.31,664.9,1300.0,1747,2,68,13133.6
201.433,664.9,1300.0,1747,46,68,13134.7
201.57,664.9,1300.0,1747,32,67,13134.7
201.713,664.9,1300.0,1747,2,67,13135.7
201.836,668.5,1300.0,1747,2,67,13136.6
201.958,668.5,1300.0,1747,2,67,13136.7
202.081,672.0,1300.0,1747,0,67,13137.7
202.22,696.5,1300.0,1747,2,67,13138.7
202.363,696.5,1300.0,1747,2,67,13139.7
202.482,696.5,1300.0,1747,2,67,13139.7
202.604,696.5,1300.0,1747,0,67,13140.4
202.727,696.5,1300.0,1747,2,67,13141.7
202.848,696.5,1300.0,1747,2,67,13142.3
202.989,696.5,1300.0,1747,2,67,13143.2
203.13,826.0,1300.0,1747,0,67,13144.3
203.249,826.0,1300.0,1747,2,67,13145.3
203.369,826.0,1300.0,1747,1,67,13145.4
203.512,826.0,1300.0,1747,0,67,13146.2
203.655,826.0,1300.0,1747,0,67,13146.8
203.777,826.0,1300.0,1747,2,67,13147.2
203.914,826.0,1300.0,1747,2,67,13147.5
204.056,826.0,1300.0,1747,0,67,13147.6
204.198,826.0,1300.0,1747,2,67,13148.4
204.316,826.0,1300.0,1747,2,67,13149.1
204.458,826.0,1300.0,1747,3,67,13149.6
204.599,826.0,1300.0,1747,0,67,13150.2
204.741,826.0,1300.0,1747,3,67,13151.5
204.883,826.0,1300.0,1747,2,67,13152.5
205.004,826.0,1300.0,1747,2,67,13153.1
205.147,826.0,1300.0,1747,0,67,13153.6
205.288,826.0,1300.0,1747,2,67,13154.7
205.429,826.0,1300.0,1747,2,67,13156.0
205.552,826.0,1300.0,1747,0,67,13156.7
205.691,826.0,1300.0,1747,2,67,13156.9
205.813,826.0,1300.0,1747,2,67,13157.7
205.935,826.0,1300.0,1747,2,67,13158.5
206.067,826.0,1300.0,1747,0,67,13158.6
206.208,826.0,1300.0,1747,2,67,13159.4
206.326,826.0,1300.0,1747,2,67,13160.2
206.468,826.0,1300.0,1747,2,67,13161.0
206.6,826.0,1300.0,1747,0,67,13161.1
206.743,826.0,1300.0,1747,2,67,13161.8
206.885,826.0,1300.0,1747,2,67,13162.6
207.013,826.0,1300.0,1747,2,67,13163.7
207.139,955.5,1300.0,1747,0,67,13163.9
207.282,955.5,1300.0,1747,2,67,13165.0
207.423,955.5,1300.0,1747,2,67,13165.7
207.551,955.5,1300.0,1747,0,67,13166.6
207.673,955.5,1300.0,1747,0,67,13166.7
207.795,955.5,1300.0,1747,2,67,13167.8
207.938,955.5,1300.0,1747,2,67,13168.9
208.064,955.5,1300.0,1747,0,67,13169.1
208.206,955.5,1300.0,1747,4,67,13170.8
208.343,955.5,1300.0,1747,4,67,13172.2
208.471,955.5,1300.0,1747,3,67,13173.4
208.603,955.5,1300.0,1747,0,67,13173.6
208.746,955.5,1300.0,1747,1,67,13174.5
208.866,955.5,1300.0,1747,1,67,13175.7
208.986,955.5,1300.0,1747,2,67,13176.4
209.126,955.5,1300.0,1747,0,67,13176.7
209.268,955.5,1300.0,1747,1,67,13177.8
209.409,955.5,1300.0,1747,2,66,13178.6
209.533,955.5,1300.0,1747,0,67,13179.2
209.675,955.5,1300.0,1747,0,67,13179.9
209.818,955.5,1300.0,1747,2,67,13181.6
209.959,955.5,1300.0,1747,2,66,13182.4
210.083,955.5,1300.0,1747,0,66,13182.8
210.206,955.5,1300.0,1747,2,67,13184.1
210.346,955.5,1300.0,1747,2,67,13185.6
210.467,955.5,1300.0,1747,2,66,13187.0
210.595,955.5,1300.0,1747,0,66,13187.1
210.737,955.5,1300.0,1747,1,66,13188.1
210.862,955.5,1300.0,1747,1,66,13189.3
210.992,955.5,1300.0,1747,2,66,13189.4
211.114,955.5,1300.0,1747,0,66,13190.4
211.256,955.5,1300.0,1747,2,66,13191.3
211.399,955.5,1300.0,1747,2,66,13192.6
211.519,955.5,1300.0,1747,2,66,13192.7
211.643,955.5,1300.0,1747,0,66,13194.3
211.784,955.5,1300.0,1747,2,66,13195.5
211.917,955.5,1300.0,1747,2,66,13196.6
212.043,955.5,1300.0,1747,0,66,13197.0
212.187,955.5,1300.0,1747,0,66,13198.0
212.331,955.5,1300.0,1747,2,66,13199.1
212.468,955.5,1300.0,1747,2,66,13200.3
212.604,955.5,1300.0,1747,0,66,13201.3
212.74,955.5,1300.0,1747,1,66,13201.4
212.873,955.5,1300.0,1747,2,66,13203.1
213.013,955.5,1300.0,1747,2,66,13204.3
213.136,955.5,1300.0,1747,0,66,13205.4
213.274,955.5,1300.0,1747,2,66,13205.8
213.415,955.5,1300.0,1747,2,66,13206.6
213.553,955.5,1300.0,1747,2,66,13195.4
213.672,955.5,1300.0,1747,0,66,13195.9
213.802,955.5,1300.0,1747,2,66,13196.9
213.943,955.5,1300.0,1747,2,66,13198.0
214.083,955.5,1300.0,1747,0,66,13199.1
214.209,955.5,1300.0,1747,1,66,13200.2
214.346,955.5,1300.0,1747,1,66,13200.3
214.487,1085.0,1300.0,1747,1,66,13201.2
214.607,1085.0,1300.0,1747,0,66,13201.6
214.745,1085.0,1300.0,1747,1,66,13202.1
214.882,1085.0,1300.0,1747,1,66,13203.1
215.0,1085.0,1300.0,1747,2,66,13204.5
215.123,1085.0,1300.0,1747,0,66,13205.7
215.256,1085.0,1300.0,1747,2,66,13205.8
215.398,1085.0,1300.0,1747,1,66,13207.1
215.54,1085.0,1300.0,1747,1,66,13208.0
215.662,1085.0,1300.0,1747,0,66,13208.5
215.785,1085.0,1300.0,1747,2,66,13209.5
215.908,1085.0,1300.0,1747,2,66,13210.8
216.026,1085.0,1300.0,1747,2,66,13212.1
216.162,1085.0,1300.0,1747,0,66,13212.2
216.304,1085.0,1300.0,1747,2,66,13213.3
216.447,1085.0,1300.0,1747,1,66,13214.7
216.567,1085.0,1300.0,1747,0,66,13215.5
216.705,1085.0,1300.0,1747,0,66,13215.7
216.827,1085.0,1300.0,1747,2,66,13216.6
216.955,1085.0,1300.0,1747,1,66,13217.7
217.078,1085.0,1300.0,1747,0,66,13217.8
217.219,1085.0,1300.0,1747,2,66,13218.6
217.36,1085.0,1300.0,1747,2,66,13219.9
217.482,1085.0,1300.0,1747,1,66,13220.6
217.603,1085.0,1300.0,1747,0,66,13221.4
217.744,1085.0,1300.0,1747,3,66,13222.5
217.864,1085.0,1300.0,1747,3,66,13223.8
217.983,1085.0,1300.0,1747,0,66,13224.1
218.125,1085.0,1300.0,1747,0,66,13225.5
218.267,1085.0,1300.0,1747,3,66,13226.6
218.396,1085.0,1300.0,1747,3,66,13227.4
218.518,1085.0,1300.0,1747,0,66,13228.0
218.64,1085.0,1300.0,1747,0,66,13229.6
218.761,1085.0,1300.0,1747,2,66,13231.0
218.893,1085.0,1300.0,1747,2,66,13231.2
219.036,1085.0,1300.0,1747,1,66,13232.5
219.178,1085.0,1300.0,1747,0,66,13234.3
219.302,1085.0,1300.0,1747,2,66,13235.3
219.436,1085.0,1300.0,1747,1,66,13235.5
219.578,1085.0,1300.0,1747,0,66,13235.9
219.721,1085.0,1300.0,1747,0,66,13237.0
219.842,1085.0,1300.0,1747,3,66,13238.2
219.981,1085.0,1300.0,1747,0,66,13238.4
220.102,1085.0,1300.0,1747,0,66,13239.5
220.23,1085.0,1300.0,1747,0,66,13240.5
220.358,1085.0,1300.0,1747,3,65,13240.7
220.5,1085.0,1300.0,1747,0,65,13242.1
220.623,1085.0,1300.0,1747,0,65,13242.9
220.758,1085.0,1300.0,1747,3,65,13243.5
220.88,1085.0,1300.0,1747,3,65,13243.9
221.023,1085.0,1300.0,1747,0,65,13244.0
221.145,1085.0,1300.0,1747,0,65,13245.3
221.286,1085.0,1300.0,1747,3,65,13246.2
221.409,1085.0,1300.0,1747,0,65,13246.3
221.551,1085.0,1300.0,1747,0,65,13247.4
221.673,1085.0,1300.0,1747,0,65,13248.5
221.796,1085.0,1300.0,1747,3,65,13248.6
221.938,1085.0,1300.0,1747,0,65,13249.7
222.061,1085.0,1300.0,1747,0,65,13249.8
222.203,1085.0,1300.0,1747,0,65,13250.4
222.336,1085.0,1300.0,1747,3,65,13250.8
222.477,1085.0,1300.0,1747,0,65,13251.5
222.619,1085.0,1300.0,1747,0,65,13251.6
222.76,1085.0,1300.0,1747,0,65,13252.9
222.879,1085.0,1300.0,1747,3,65,13252.9
223.022,1085.0,1300.0,1747,0,65,13253.8
223.164,1085.0,1300.0,1747,0,65,13253.8
223.286,1085.0,1300.0,1747,3,65,13254.5
223.429,1085.0,1300.0,1747,0,65,13254.5
223.57,1085.0,1300.0,1747,0,65,13255.3
223.711,665.0,1300.0,1747,1,66,13259.7
223.829,665.0,1300.0,1747,68,68,13259.8
223.946,696.5,1300.0,1747,27,66,13281.1
224.064,826.0,1300.0,1747,27,65,13302.1
224.182,826.0,1300.0,1747,5,65,13309.2
224.301,955.5,1300.0,1747,6,65,13306.8
224.419,955.5,1300.0,1747,6,65,13331.2
224.536,955.5,1300.0,1747,4,65,13354.0
224.657,1085.0,1300.0,1747,6,65,13379.2
224.776,1085.0,1300.0,1747,5,65,13403.0
224.894,665.1,1300.0,1747,5,67,13405.9
225.011,665.1,1300.0,1747,66,67,13395.8
225.13,696.6,1300.0,1747,21,66,13408.9
225.248,826.1,1300.0,1747,21,66,13422.4
225.368,826.1,1300.0,1747,6,66,13438.6
225.486,955.6,1300.0,1747,4,66,13452.4
225.605,955.6,1300.0,1747,4,66,13466.1
225.724,1085.1,1300.0,1747,4,66,13479.1
225.843,1085.1,1300.0,1747,6,66,13492.7
225.964,1085.1,1300.0,1747,4,66,13507.1
226.083,665.2,1300.0,1747,4,69,13500.8
226.202,665.2,1300.0,1747,76,67,13500.0
226.321,826.2,1300.0,1747,7,67,13513.2
226.441,826.2,1300.0,1747,7,67,13525.8
226.559,826.2,1300.0,1747,3,67,13539.1
226.678,955.7,1300.0,1747,4,67,13553.3
226.797,955.7,1300.0,1747,6,67,13568.0
226.916,955.7,1300.0,1747,6,67,13581.1
227.036,1085.2,1300.0,1747,4,67,13594.5
227.162,1085.2,1300.0,1747,5,67,13604.9
227.305,665.2,1300.0,1747,28,71,13598.4
227.493,665.2,1300.0,1747,3,67,13591.8
227.746,826.2,1300.0,1747,1,67,13546.1
228.164,826.2,1300.0,1747,1,67,13500.0
228.583,826.2,1300.0,1747,2,67,13463.7
228.929,955.7,1300.0,1747,2,67,13418.6
229.349,955.7,1300.0,1747,2,67,13370.5
229.798,955.7,1300.0,1747,1,68,13323.0
230.229,1085.2,1300.0,1747,1,68,13288.3
230.579,1085.2,1300.0,1747,2,68,13254.3
230.926,665.3,1300.0,1747,2,72,13246.0
231.053,668.8,1300.0,1747,75,68,13235.4
231.231,955.8,1300.0,1747,21,68,13216.9
231.466,665.4,1300.0,1747,73,70,13203.1
231.659,665.4,1300.0,1747,47,71,13196.2
231.782,665.4,1300.0,1747,47,70,13187.6
231.906,1085.5,1300.0,1747,68,69,13188.1
232.027,665.5,1300.0,1747,65,73,13178.6
232.153,1085.5,1300.0,1747,56,69,13180.6
232.273,665.6,1300.0,1747,56,72,13171.4
232.394,1085.6,1300.0,1747,83,69,13166.4
232.524,665.7,1300.0,1747,47,69,13125.0
232.776,900.2,1300.0,1747,50,70,13119.2
232.921,665.7,1300.0,1747,50,71,13109.1
233.045,956.2,1300.0,1747,52,69,13103.8
233.196,956.2,1300.0,1747,14,69,13082.8
233.405,1085.7,1300.0,1747,2,69,13068.4
233.617,1085.7,1300.0,1747,6,69,13059.7
233.829,665.8,1300.0,1747,27,72,13052.9
233.994,669.3,1300.0,1747,2,69,13018.0
234.283,826.8,1300.0,1747,2,69,12930.7
234.403,826.8,1300.0,1747,8,69,12867.8
234.524,956.3,1300.0,1747,5,69,12825.8
234.644,956.3,1300.0,1747,7,69,12520.4
234.769,1085.8,1300.0,1747,7,69,12367.9
234.89,1085.8,1300.0,1747,5,69,12397.9
235.018,1085.8,1300.0,1747,3,69,12427.5
235.136,665.9,1300.0,1747,3,70,12453.4
235.255,665.9,1300.0,1747,20,73,12458.2
235.372,697.4,1300.0,1747,63,70,12494.4
235.491,826.9,1300.0,1747,3,69,12525.9
235.611,826.9,1300.0,1747,3,69,12548.0
235.732,826.9,1300.0,1747,4,69,12570.4
235.855,826.9,1300.0,1747,4,69,12591.6
235.975,956.4,1300.0,1747,3,69,12612.9
236.096,956.4,1300.0,1747,3,69,12630.6
236.217,956.4,1300.0,1747,6,69,12650.9
236.339,1085.9,1300.0,1747,4,69,12673.3
236.459,1085.9,1300.0,1747,4,69,12690.7
236.58,1085.9,1300.0,1747,3,69,12708.3
236.7,666.0,1300.0,1747,4,70,12718.6
236.82,666.0,1300.0,1747,77,71,12709.3
236.939,697.5,1300.0,1747,77,69,12714.5
237.061,827.0,1300.0,1747,4,69,12720.1
237.18,1086.0,1300.0,1747,16,69,12722.5
237.3,666.0,1300.0,1747,16,72,12717.4
237.42,666.0,1300.0,1747,60,70,12710.5
237.54,827.0,1300.0,1747,29,69,12714.2
237.66,956.5,1300.0,1747,12,69,12715.5
237.78,666.1,1300.0,1747,12,71,12710.9
237.901,666.1,1300.0,1747,68,71,12703.2
238.021,956.6,1300.0,1747,26,69,12702.7
238.14,1086.1,1300.0,1747,26,69,12701.8
238.26,666.2,1300.0,1747,17,73,12694.8
238.381,697.7,1300.0,1747,77,70,12690.6
238.501,827.2,1300.0,1747,10,69,12692.6
238.621,956.7,1300.0,1747,10,69,12694.5
238.741,1086.2,1300.0,1747,8,69,12683.0
238.862,1086.2,1300.0,1747,3,69,12676.3
238.982,1086.2,1300.0,1747,3,69,12674.4
239.102,1086.2,1300.0,1747,2,69,12675.9
239.222,639.7,1300.0,1747,36,73,12668.0
239.343,639.7,1300.0,1747,45,70,12758.6
239.471,639.7,1300.0,1747,45,69,12827.0
239.601,639.7,1300.0,1747,0,69,12890.4
239.731,639.7,1300.0,1747,1,69,12938.1
239.877,639.7,1300.0,1747,0,69,12972.7
240.13,639.7,1300.0,1747,1,69,13015.2
240.32,639.7,1300.0,1747,1,69,13003.0
240.487,639.7,1300.0,1747,0,69,12760.8
240.631,639.7,1300.0,1747,0,69,12479.3
240.759,639.7,1300.0,1747,1,70,12546.0
240.886,639.7,1300.0,1747,1,70,12637.5
241.012,639.7,1300.0,1747,0,70,12721.1
241.138,639.7,1300.0,1747,0,70,12781.6
241.265,639.7,1300.0,1747,1,70,12900.0
241.391,639.7,1300.0,1747,1,70,12993.8
241.517,639.7,1300.0,1747,0,70,13071.3
241.643,639.7,1300.0,1747,0,70,12960.9
241.774,639.7,1300.0,1747,1,70,12889.1
241.9,639.7,1300.0,1747,1,70,12975.5
242.026,639.7,1300.0,1747,0,70,13040.1
242.152,639.7,1300.0,1747,0,70,13120.9
242.279,639.7,1300.0,1747,1,70,13197.1
242.405,639.7,1300.0,1747,1,70,13247.4
242.533,639.7,1300.0,1747,0,70,13261.1
242.653,639.7,1300.0,1747,0,70,13283.8
242.773,639.7,1300.0,1747,1,70,13299.8
242.893,639.7,1300.0,1747,1,70,13315.8
243.013,636.1,1300.0,1747,0,70,13144.4
243.131,692.2,1300.0,1747,0,70,13164.4
243.249,821.7,1300.0,1747,5,70,13185.6
243.367,821.7,1300.0,1747,5,70,13209.0
243.486,951.2,1300.0,1747,5,70,13233.4
243.604,951.2,1300.0,1747,4,70,13256.0
243.722,951.2,1300.0,1747,5,70,13277.3
243.841,1080.7,1300.0,1747,6,70,13301.4
243.959,1082.0,1300.0,1747,6,70,13317.8
244.076,821.9,1300.0,1747,34,70,13332.9
244.195,821.9,1300.0,1747,10,70,13352.9
244.312,1080.9,1300.0,1747,10,70,13371.1
244.431,1080.9,1300.0,1747,12,70,13391.3
244.55,661.0,1300.0,1747,32,71,13229.1
244.669,822.0,1300.0,1747,6,70,13239.2
244.797,822.0,1300.0,1747,6,70,13260.6
244.915,822.0,1300.0,1747,5,70,13279.9
245.033,951.5,1300.0,1747,3,70,13299.8
245.151,951.5,1300.0,1747,3,70,13271.8
245.27,951.5,1300.0,1747,5,70,13292.9
245.388,1081.0,1300.0,1747,5,70,13315.4
245.506,1081.0,1300.0,1747,5,70,13336.7
245.625,1081.0,1300.0,1747,3,70,13357.1
245.743,661.0,1300.0,1747,12,71,13351.6
245.864,692.5,1300.0,1747,26,70,13113.8
245.994,822.0,1300.0,1747,26,70,13132.9
246.111,822.0,1300.0,1747,4,70,13156.1
246.229,951.5,1300.0,1747,7,70,13173.5
246.347,1081.0,1300.0,1747,8,70,13190.6
246.465,661.1,1300.0,1747,8,70,13203.7
246.583,822.1,1300.0,1747,35,70,13214.4
246.701,822.1,1300.0,1747,7,70,13230.6
246.818,951.6,1300.0,1747,7,70,13248.7
246.936,951.6,1300.0,1747,7,70,13266.0
247.054,1081.1,1300.0,1747,7,70,13280.2
247.171,1081.1,1300.0,1747,7,70,13297.6
247.289,661.2,1300.0,1747,7,71,13309.7
247.407,692.7,1300.0,1747,33,70,13329.0
247.524,822.2,1300.0,1747,4,70,13348.4
247.643,822.2,1300.0,1747,4,70,13208.2
247.761,951.7,1300.0,1747,5,70,13207.3
247.88,951.7,1300.0,1747,6,70,13202.7
247.997,951.7,1300.0,1747,6,70,13197.6
248.116,1081.2,1300.0,1747,4,70,13192.8
248.234,1081.2,1300.0,1747,6,70,13209.3
248.352,822.3,1300.0,1747,37,70,13222.9
248.47,951.8,1300.0,1747,37,70,13242.1
248.589,951.8,1300.0,1747,11,70,13269.0
248.707,1081.3,1300.0,1747,5,70,13290.0
248.825,1081.3,1300.0,1747,5,70,13309.8
248.943,1081.3,1300.0,1747,5,69,13331.7
249.062,661.3,1300.0,1747,31,71,13345.3
249.18,822.3,1300.0,1747,31,70,13367.6
249.298,822.3,1300.0,1747,5,70,13389.1
249.415,822.3,1300.0,1747,5,70,13292.6
249.535,951.8,1300.0,1747,4,70,13304.4
249.654,951.8,1300.0,1747,4,70,13311.3
249.772,951.8,1300.0,1747,5,70,13333.1
249.889,1081.3,1300.0,1747,5,69,13355.4
250.007,1081.3,1300.0,1747,5,69,13377.1
250.125,661.4,1300.0,1747,4,72,13388.6
250.242,692.9,1300.0,1747,34,70,13383.9
250.361,822.4,1300.0,1747,5,70,13381.5
250.479,822.4,1300.0,1747,5,70,13400.7
250.597,822.4,1300.0,1747,4,69,13419.8
250.716,951.9,1300.0,1747,3,69,13433.4
250.835,951.9,1300.0,1747,3,69,13438.0
250.955,951.9,1300.0,1747,3,69,13445.5
251.075,1081.4,1300.0,1747,6,69,13459.1
251.194,1081.4,1300.0,1747,5,69,13471.9
251.314,661.5,1300.0,1747,5,71,13476.0
251.434,693.0,1300.0,1747,32,70,13489.8
251.554,822.5,1300.0,1747,4,70,13504.6
251.675,822.5,1300.0,1747,4,70,13520.8
251.795,952.0,1300.0,1747,5,70,13535.0
251.915,952.0,1300.0,1747,6,70,13546.2
252.034,1081.5,1300.0,1747,7,70,13556.1
252.154,661.5,1300.0,1747,7,71,13559.5
252.274,822.5,1300.0,1747,36,70,13568.6
252.393,952.0,1300.0,1747,10,70,13579.9
252.513,952.0,1300.0,1747,10,70,13593.7
252.633,1081.5,1300.0,1747,4,70,13602.3
252.782,1081.5,1300.0,1747,5,70,13604.7
252.985,661.6,1300.0,1747,31,71,13599.7
253.165,693.1,1300.0,1747,4,70,13598.0
253.371,822.6,1300.0,1747,4,70,13586.9
253.622,822.6,1300.0,1747,3,70,13567.9
253.916,952.1,1300.0,1747,1,70,13543.8
254.221,952.1,1300.0,1747,4,70,13526.0
254.493,668.7,1300.0,1747,2,72,13518.0
254.627,952.2,1300.0,1747,47,70,13510.1
254.796,661.8,1300.0,1747,11,71,13504.0
254.937,952.3,1300.0,1747,44,70,13490.7
255.143,1081.8,1300.0,1747,7,70,13472.9
255.381,693.3,1300.0,1747,35,70,13452.6
255.647,1081.8,1300.0,1747,17,70,13432.5
255.883,822.9,1300.0,1747,36,71,13422.5
256.042,822.9,1300.0,1747,7,70,13409.2
256.229,1081.9,1300.0,1747,9,70,13396.2
256.414,662.0,1300.0,1747,30,71,13385.5
256.562,952.5,1300.0,1747,17,70,13375.6
256.716,1082.0,1300.0,1747,8,70,13342.4
256.962,662.0,1300.0,1747,5,73,13332.6
257.119,823.0,1300.0,1747,36,71,13320.1
257.29,952.5,1300.0,1747,5,71,13296.0
257.523,1082.0,1300.0,1747,3,70,13265.1
257.804,1082.0,1300.0,1747,5,72,13242.6
258.052,693.6,1300.0,1747,29,71,13218.6
258.309,823.1,1300.0,1747,2,71,13188.4
258.588,952.6,1300.0,1747,5,71,13170.6
258.82,952.6,1300.0,1747,4,71,13125.8
259.006,952.6,1300.0,1747,3,71,13090.5
259.127,1082.1,1300.0,1747,4,71,12916.0
259.247,1082.9,1300.0,1747,12,72,12652.6
259.367,693.7,1300.0,1747,12,71,12625.7
259.485,823.2,1300.0,1747,30,71,12659.7
259.603,823.2,1300.0,1747,5,71,12692.5
259.722,952.7,1300.0,1747,5,71,12726.2
259.84,952.7,1300.0,1747,7,71,12742.9
259.958,1082.2,1300.0,1747,4,71,12775.5
260.077,1082.2,1300.0,1747,4,71,12725.8
260.194,1082.2,1300.0,1747,4,71,12689.9
260.314,662.3,1300.0,1747,16,72,12645.4
260.432,823.3,1300.0,1747,22,71,12664.6
260.552,823.3,1300.0,1747,22,71,12683.9
260.67,823.3,1300.0,1747,4,71,12703.7
260.788,952.8,1300.0,1747,7,71,12723.3
260.906,952.8,1300.0,1747,7,71,12743.5
261.025,1082.3,1300.0,1747,5,70,12762.8
261.142,1082.3,1300.0,1747,3,71,12782.7
261.261,1082.3,1300.0,1747,6,71,12803.1
261.379,662.3,1300.0,1747,6,72,12814.4
261.496,693.8,1300.0,1747,32,71,12830.0
261.614,823.3,1300.0,1747,3,71,12849.7
261.734,823.3,1300.0,1747,3,71,12832.1
261.856,952.8,1300.0,1747,6,70,12846.4
261.976,952.8,1300.0,1747,4,70,12854.7
262.095,952.8,1300.0,1747,3,70,12863.3
262.215,1082.3,1300.0,1747,3,70,12871.1
262.334,1082.3,1300.0,1747,6,71,12880.4
262.454,1082.3,1300.0,1747,4,71,12888.1
262.574,669.4,1300.0,1747,4,71,12893.3
262.694,823.4,1300.0,1747,32,71,12901.5
262.814,823.4,1300.0,1747,6,71,12911.4
262.934,823.4,1300.0,1747,4,71,12919.4
263.054,952.9,1300.0,1747,4,71,12927.2
263.173,952.9,1300.0,1747,4,71,12944.5
263.293,1082.4,1300.0,1747,7,71,12963.8
263.413,694.0,1300.0,1747,7,72,13002.1
263.532,662.5,1300.0,1747,45,73,13006.7
263.652,662.6,1300.0,1747,55,73,13009.4
263.771,953.1,1300.0,1747,58,71,12985.8
263.892,694.2,1300.0,1747,58,72,12735.1
264.011,953.2,1300.0,1747,47,71,12746.3
264.13,638.3,1300.0,1747,16,72,12756.3
264.249,823.8,1300.0,1747,16,71,12766.1
264.367,953.3,1300.0,1747,36,71,12776.8
264.485,1082.8,1300.0,1747,12,71,12790.6
264.603,1082.8,1300.0,1747,4,71,12805.0
264.721,1082.8,1300.0,1747,4,71,12817.9
264.839,636.3,1300.0,1747,33,71,12854.4
264.966,636.3,1300.0,1747,3,71,12699.7
265.092,636.3,1300.0,1747,0,71,12796.9
265.219,636.3,1300.0,1747,0,71,12905.8
265.346,636.3,1300.0,1747,3,71,13016.0
265.473,636.3,1300.0,1747,0,71,13122.6
265.6,636.3,1300.0,1747,0,71,13205.6
265.73,636.3,1300.0,1747,0,71,13106.8
265.875,636.3,1300.0,1747,0,71,13047.9
266.049,636.3,1300.0,1747,0,71,13149.0
266.175,636.3,1300.0,1747,0,71,13247.7
266.303,636.3,1300.0,1747,3,71,13313.1
266.424,636.3,1300.0,1747,3,71,13343.9
266.543,661.4,1300.0,1747,0,71,13359.2
266.661,822.4,1300.0,1747,3,71,13380.9
266.779,822.4,1300.0,1747,7,71,13402.7
266.896,822.4,1300.0,1747,7,71,13426.8
267.015,951.9,1300.0,1747,4,71,13450.1
267.133,951.9,1300.0,1747,4,70,13471.5
267.251,951.9,1300.0,1747,4,70,13492.0
267.369,1081.4,1300.0,1747,6,70,13513.1
267.487,1081.4,1300.0,1747,3,70,13376.4
267.605,1081.4,1300.0,1747,4,70,13239.4
267.724,662.3,1300.0,1747,4,72,13247.2
267.842,693.8,1300.0,1747,52,71,13266.9
267.961,823.3,1300.0,1747,3,71,13287.7
268.079,823.3,1300.0,1747,3,71,13309.5
268.197,823.3,1300.0,1747,4,70,13331.8
268.315,952.8,1300.0,1747,5,70,13352.7
268.433,952.8,1300.0,1747,5,70,13373.4
268.551,952.8,1300.0,1747,3,70,13394.9
268.668,1082.3,1300.0,1747,4,70,13416.6
268.786,1082.3,1300.0,1747,6,70,13438.3
268.904,1082.3,1300.0,1747,6,70,13455.7
269.023,662.3,1300.0,1747,4,73,13342.8
269.141,693.8,1300.0,1747,46,71,13334.2
269.26,823.3,1300.0,1747,46,71,13355.7
269.378,823.3,1300.0,1747,6,71,13376.5
269.496,823.3,1300.0,1747,4,71,13395.3
269.614,952.8,1300.0,1747,4,71,13417.0
269.731,952.8,1300.0,1747,4,71,13436.5
269.849,952.8,1300.0,1747,6,71,13430.9
269.97,1082.3,1300.0,1747,4,71,13440.8
270.088,1082.3,1300.0,1747,4,71,13462.0
270.207,1082.3,1300.0,1747,4,70,13481.8
270.326,662.4,1300.0,1747,44,73,13492.1
270.445,823.4,1300.0,1747,5,71,13507.6
270.565,823.4,1300.0,1747,5,71,13521.3
270.685,952.9,1300.0,1747,6,71,13534.4
270.806,1082.4,1300.0,1747,9,71,13544.9
270.926,1082.4,1300.0,1747,9,71,13556.1
271.046,662.5,1300.0,1747,7,74,13553.6
271.166,823.5,1300.0,1747,48,71,13561.3
271.286,953.0,1300.0,1747,7,71,13571.2
271.407,953.0,1300.0,1747,7,71,13581.9
271.527,1082.5,1300.0,1747,6,71,13591.1
271.647,1082.5,1300.0,1747,7,71,13602.2
271.767,662.5,1300.0,1747,7,73,13602.1
271.888,823.6,1300.0,1747,46,71,13614.8
272.008,823.6,1300.0,1747,5,71,13627.4
272.129,953.1,1300.0,1747,6,71,13640.5
272.249,953.1,1300.0,1747,6,71,13653.3
272.369,1082.6,1300.0,1747,7,71,13666.9
272.493,1082.6,1300.0,1747,5,71,13678.6
272.614,662.6,1300.0,1747,5,73,13678.1
272.735,953.1,1300.0,1747,49,71,13687.5
272.856,953.1,1300.0,1747,14,71,13703.4
272.979,1082.6,1300.0,1747,4,71,13714.3
273.122,1082.6,1300.0,1747,4,71,13704.0
273.352,1082.6,1300.0,1747,43,73,13680.2
273.623,694.2,1300.0,1747,2,71,13653.3
273.934,823.7,1300.0,1747,2,71,13629.3
274.229,823.7,1300.0,1747,4,71,13598.7
274.562,953.2,1300.0,1747,3,71,13570.6
274.881,953.2,1300.0,1747,2,71,13542.0
275.21,953.2,1300.0,1747,3,71,13513.7
275.506,1082.7,1300.0,1747,2,71,13486.0
275.804,662.8,1300.0,1747,15,72,13462.8
276.083,694.3,1300.0,1747,4,71,13437.5
276.377,823.8,1300.0,1747,34,73,13429.4
276.505,662.9,1300.0,1747,75,75,13420.4
276.63,663.0,1300.0,1747,74,74,13411.7
276.754,663.1,1300.0,1747,74,73,13403.2
276.875,953.6,1300.0,1747,79,73,13393.7
276.995,663.1,1300.0,1747,46,75,13384.8
277.116,663.2,1300.0,1747,46,74,13375.4
277.237,824.2,1300.0,1747,83,73,13378.5
277.362,953.7,1300.0,1747,19,72,13384.3
277.518,1083.2,1300.0,1747,4,71,13369.6
277.764,663.3,1300.0,1747,45,72,13359.4
277.931,824.3,1300.0,1747,4,72,13333.4
278.232,824.3,1300.0,1747,4,71,13307.1
278.525,953.8,1300.0,1747,3,71,13282.8
278.802,953.8,1300.0,1747,5,72,13258.5
279.08,1083.3,1300.0,1747,4,71,13233.8
279.359,1091.0,1300.0,1747,43,73,13212.7
279.605,694.8,1300.0,1747,4,72,13156.7
279.826,824.3,1300.0,1747,6,72,12893.1
279.946,953.8,1300.0,1747,6,72,12541.8
280.065,953.8,1300.0,1747,5,72,12384.5
280.186,953.8,1300.0,1747,5,72,12420.4
280.304,1083.3,1300.0,1747,5,72,12431.8
280.424,1083.3,1300.0,1747,6,72,12428.2
280.543,663.4,1300.0,1747,4,75,12442.4
280.664,694.9,1300.0,1747,46,72,12444.5
280.785,824.4,1300.0,1747,46,72,12426.1
280.906,824.4,1300.0,1747,5,72,12233.1
281.026,953.9,1300.0,1747,4,72,12159.1
281.144,953.9,1300.0,1747,4,72,12151.6
281.263,953.9,1300.0,1747,5,72,12063.0
281.382,1083.4,1300.0,1747,5,71,12079.2
281.5,1083.4,1300.0,1747,4,71,12074.2
281.618,1083.4,1300.0,1747,4,72,12068.8
281.738,663.5,1300.0,1747,19,75,12062.9
281.857,695.0,1300.0,1747,32,72,12077.5
281.975,824.5,1300.0,1747,32,72,12094.2
282.093,824.5,1300.0,1747,4,71,12082.4
282.212,954.0,1300.0,1747,6,72,12097.9
282.33,954.0,1300.0,1747,6,72,12108.0
282.448,1083.5,1300.0,1747,6,71,12094.7
282.566,1083.5,1300.0,1747,5,72,12107.4
282.684,663.6,1300.0,1747,23,74,12124.0
282.805,824.6,1300.0,1747,23,72,12130.3
282.928,824.6,1300.0,1747,30,72,12141.3
283.047,954.1,1300.0,1747,5,71,12054.4
283.181,1083.6,1300.0,1747,9,71,12027.7
283.299,1083.6,1300.0,1747,9,72,11987.4
283.417,663.6,1300.0,1747,34,73,11995.6
283.535,824.6,1300.0,1747,20,72,12013.5
283.654,824.6,1300.0,1747,20,72,12010.9
283.772,824.6,1300.0,1747,5,71,12029.2
283.89,954.1,1300.0,1747,6,71,12046.7
284.008,954.1,1300.0,1747,4,71,12046.2
284.126,1083.6,1300.0,1747,4,71,12064.7
284.245,1083.6,1300.0,1747,5,71,12083.0
284.363,1083.6,1300.0,1747,5,71,12098.6
284.481,663.7,1300.0,1747,5,73,12051.7
284.599,824.7,1300.0,1747,44,72,12069.1
284.717,824.7,1300.0,1747,5,71,12089.9
284.835,824.7,1300.0,1747,5,71,12110.7
284.954,954.2,1300.0,1747,7,71,12127.9
285.071,954.2,1300.0,1747,3,71,12142.8
285.19,954.2,1300.0,1747,4,71,12158.3
285.308,1083.7,1300.0,1747,4,71,12173.7
285.426,1083.7,1300.0,1747,6,71,12189.6
285.545,663.8,1300.0,1747,14,74,12199.1
285.664,670.8,1300.0,1747,14,72,12214.2
285.782,824.8,1300.0,1747,35,71,12229.7
285.9,824.8,1300.0,1747,4,71,12246.6
286.019,824.8,1300.0,1747,4,71,12262.2
286.137,954.3,1300.0,1747,4,71,12277.3
286.256,954.3,1300.0,1747,5,71,12293.2
286.374,954.3,1300.0,1747,5,71,12319.1
286.492,1083.8,1300.0,1747,5,71,12339.2
286.61,663.8,1300.0,1747,7,74,12346.6
286.729,695.3,1300.0,1747,47,72,12362.0
286.848,824.8,1300.0,1747,6,71,12385.4
286.966,954.3,1300.0,1747,6,71,12282.2
287.086,1083.8,1300.0,1747,10,71,12267.0
287.204,1083.8,1300.0,1747,7,71,12279.2
287.322,663.9,1300.0,1747,7,73,12199.5
287.441,824.9,1300.0,1747,47,72,12211.4
287.559,824.9,1300.0,1747,8,71,12230.8
287.677,954.4,1300.0,1747,8,71,12250.5
287.795,954.4,1300.0,1747,5,71,12270.2
287.913,954.4,1300.0,1747,5,71,12290.4
288.031,1083.9,1300.0,1747,4,71,12310.0
288.149,1083.9,1300.0,1747,4,71,12330.4
288.267,664.0,1300.0,1747,14,74,12339.1
288.385,825.0,1300.0,1747,39,72,12319.1
288.503,825.0,1300.0,1747,39,71,12335.9
288.621,954.5,1300.0,1747,6,71,12353.5
288.739,954.5,1300.0,1747,7,71,12371.8
288.856,1084.0,1300.0,1747,6,71,12392.2
288.974,1084.0,1300.0,1747,6,71,12414.8
289.092,1084.0,1300.0,1747,4,71,12436.8
289.209,664.1,1300.0,1747,45,72,12445.3
289.328,825.1,1300.0,1747,45,71,12465.2
289.446,825.1,1300.0,1747,5,71,12485.0
289.564,825.1,1300.0,1747,3,71,12504.8
289.682,954.6,1300.0,1747,3,71,12524.6
289.8,954.6,1300.0,1747,5,71,12544.5
289.918,954.6,1300.0,1747,5,71,12564.0
290.036,954.6,1300.0,1747,3,71,12582.7
290.154,1084.1,1300.0,1747,3,71,12602.3
290.272,1084.1,1300.0,1747,5,71,12622.4
290.391,664.1,1300.0,1747,5,71,12638.2
290.509,664.1,1300.0,1747,5,72,12648.7
290.626,825.1,1300.0,1747,44,71,12668.6
290.744,825.1,1300.0,1747,6,71,12687.7
290.862,954.6,1300.0,1747,6,71,12702.9
290.98,954.6,1300.0,1747,6,71,12716.8
291.098,1084.1,1300.0,1747,7,71,12730.5
291.216,1084.1,1300.0,1747,6,71,12744.0
291.334,637.7,1300.0,1747,6,73,12780.3
291.457,637.7,1300.0,1747,45,71,12819.9
291.584,637.7,1300.0,1747,0,71,12867.0
291.711,637.7,1300.0,1747,1,71,12876.8
291.84,637.7,1300.0,1747,1,71,12971.5
291.966,637.7,1300.0,1747,1,71,13068.8
292.093,637.7,1300.0,1747,0,71,13150.3
292.22,637.7,1300.0,1747,1,71,13220.7
292.348,637.7,1300.0,1747,1,71,13300.7
292.476,637.7,1300.0,1747,1,71,13378.5
292.604,637.7,1300.0,1747,0,71,13455.4
292.732,637.7,1300.0,1747,1,71,13526.9
292.861,637.7,1300.0,1747,1,71,13585.7
293.104,637.7,1300.0,1747,1,71,13594.9
293.413,637.7,1300.0,1747,0,71,13597.7
293.753,637.7,1300.0,1747,1,71,13605.2
293.949,637.7,1300.0,1747,1,71,13624.0
294.123,637.7,1300.0,1747,0,71,13634.9
294.25,637.7,1300.0,1747,1,71,13655.3
294.371,637.7,1300.0,1747,1,71,13670.3
294.492,637.7,1300.0,1747,1,71,13683.0
294.623,637.7,1300.0,1747,0,71,13693.2
294.77,637.7,1300.0,1747,1,71,13696.6
295.068,661.1,1300.0,1747,1,71,13564.3
295.188,822.1,1300.0,1747,1,71,13578.6
295.31,822.1,1300.0,1747,6,72,13582.8
295.431,822.1,1300.0,1747,5,72,13606.2
295.551,951.6,1300.0,1747,4,72,13625.3
295.671,951.6,1300.0,1747,4,72,13391.5
295.79,1081.1,1300.0,1747,5,72,12939.4
295.91,1081.1,1300.0,1747,5,71,12902.2
296.029,1081.1,1300.0,1747,5,72,12924.0
296.147,661.8,1300.0,1747,3,73,12936.5
296.265,693.3,1300.0,1747,40,72,12955.1
296.383,822.8,1300.0,1747,5,72,12970.0
296.501,822.8,1300.0,1747,5,72,12990.4
296.619,822.8,1300.0,1747,3,72,13010.0
296.738,952.3,1300.0,1747,4,72,13030.9
296.856,952.3,1300.0,1747,4,72,13050.6
296.973,952.3,1300.0,1747,5,71,13069.5
297.091,1081.8,1300.0,1747,4,71,13090.6
297.21,1081.8,1300.0,1747,4,71,13114.4
297.328,1081.8,1300.0,1747,5,71,13135.9
297.446,661.8,1300.0,1747,30,73,13146.1
297.564,693.3,1300.0,1747,14,72,13168.1
297.681,822.8,1300.0,1747,14,72,13189.5
297.799,822.8,1300.0,1747,5,71,13211.7
297.917,822.8,1300.0,1747,5,71,13236.4
298.035,952.3,1300.0,1747,5,71,13260.4
298.153,952.3,1300.0,1747,3,71,13283.3
298.272,952.3,1300.0,1747,5,71,13305.9
298.39,1081.8,1300.0,1747,5,71,13326.7
298.508,1081.8,1300.0,1747,5,71,13299.3
298.63,661.9,1300.0,1747,16,74,13205.5
298.748,822.9,1300.0,1747,30,72,13223.4
298.866,822.9,1300.0,1747,30,71,13242.3
298.984,952.4,1300.0,1747,7,71,13259.2
299.103,1081.9,1300.0,1747,9,71,13274.2
299.222,1081.9,1300.0,1747,9,71,13290.4
299.34,693.5,1300.0,1747,9,73,13296.2
299.458,823.0,1300.0,1747,43,72,13309.1
299.576,952.5,1300.0,1747,6,71,13324.2
299.694,952.5,1300.0,1747,6,71,13339.3
299.812,1082.0,1300.0,1747,7,71,13347.1
299.931,1082.0,1300.0,1747,8,71,13199.5
300.049,662.1,1300.0,1747,8,73,13208.6
300.167,823.1,1300.0,1747,40,72,13226.4
300.285,823.1,1300.0,1747,6,71,13244.1
300.404,952.6,1300.0,1747,6,71,13262.3
300.522,952.6,1300.0,1747,6,71,13279.3
300.64,1082.1,1300.0,1747,6,71,13297.5
300.758,1082.1,1300.0,1747,6,71,13316.8
300.876,1082.1,1300.0,1747,6,71,13318.8
300.996,665.6,1300.0,1747,19,73,13203.9
301.115,823.1,1300.0,1747,26,71,13225.4
301.233,823.1,1300.0,1747,5,71,13245.5
301.351,823.1,1300.0,1747,5,71,13265.2
301.469,952.6,1300.0,1747,5,71,13288.1
301.587,952.6,1300.0,1747,3,71,13309.4
301.705,952.6,1300.0,1747,3,71,13333.5
301.822,1082.1,1300.0,1747,6,71,13352.8
301.94,1082.1,1300.0,1747,4,71,13372.5
302.06,1082.1,1300.0,1747,4,71,13385.3
302.18,662.2,1300.0,1747,3,74,13388.4
302.3,693.7,1300.0,1747,41,71,13403.0
302.42,823.2,1300.0,1747,4,71,13417.8
302.54,823.2,1300.0,1747,4,71,13431.4
302.659,952.7,1300.0,1747,4,71,13443.2
302.778,952.7,1300.0,1747,6,71,13457.0
302.898,952.7,1300.0,1747,6,71,13470.8
303.018,1082.2,1300.0,1747,4,71,13483.1
303.137,1082.2,1300.0,1747,3,71,13496.3
303.257,1082.2,1300.0,1747,6,71,13507.5
303.377,662.3,1300.0,1747,6,72,13509.6
303.497,823.3,1300.0,1747,40,71,13514.5
303.616,662.3,1300.0,1747,33,74,13507.8
303.736,952.8,1300.0,1747,33,72,13512.1
303.857,1082.3,1300.0,1747,42,72,13522.0
303.976,1082.3,1300.0,1747,7,71,13533.3
304.095,693.9,1300.0,1747,42,72,13536.9
304.216,823.4,1300.0,1747,42,72,13547.6
304.336,952.9,1300.0,1747,9,71,13557.2
304.462,1082.4,1300.0,1747,5,71,13548.3
304.652,662.5,1300.0,1747,10,74,13538.5
304.803,953.0,1300.0,1747,49,72,13533.1
304.952,823.6,1300.0,1747,45,73,13522.6
305.086,662.6,1300.0,1747,67,75,13513.0
305.214,662.7,1300.0,1747,67,74,13504.9
305.335,823.7,1300.0,1747,4,72,13505.0
305.565,823.7,1300.0,1747,3,72,13477.0
305.902,953.2,1300.0,1747,1,72,13438.2
306.312,953.2,1300.0,1747,1,72,13399.1
306.716,1082.7,1300.0,1747,7,72,13373.0
307.009,662.8,1300.0,1747,2,73,13362.9
307.166,823.8,1300.0,1747,3,72,13334.3
307.475,823.8,1300.0,1747,1,72,13297.7
307.852,823.8,1300.0,1747,3,72,13282.4
308.116,953.3,1300.0,1747,3,72,13254.0
308.375,953.3,1300.0,1747,3,72,13250.9
308.505,1082.8,1300.0,1747,4,72,13225.9
308.625,1082.8,1300.0,1747,3,72,12908.9
308.765,1082.8,1300.0,1747,6,72,12679.7
308.888,662.8,1300.0,1747,6,75,12638.9
309.006,694.4,1300.0,1747,40,72,12488.3
309.126,823.9,1300.0,1747,5,72,12453.8
309.245,953.4,1300.0,1747,5,72,12463.4
309.367,1082.9,1300.0,1747,12,72,12478.5
309.487,1082.9,1300.0,1747,8,72,12490.5
309.608,694.4,1300.0,1747,42,73,12492.8
309.728,823.9,1300.0,1747,42,72,12500.8
309.848,953.4,1300.0,1747,8,72,12513.6
309.968,663.0,1300.0,1747,21,74,12509.8
310.088,824.0,1300.0,1747,21,73,12517.9
310.209,1083.0,1300.0,1747,45,72,12525.8
310.329,663.1,1300.0,1747,14,74,12526.2
310.448,824.1,1300.0,1747,46,73,12532.4
310.567,953.6,1300.0,1747,46,72,12540.9
310.687,1083.1,1300.0,1747,9,72,12553.3
310.807,663.1,1300.0,1747,17,75,12558.4
310.925,694.6,1300.0,1747,17,73,12574.6
311.043,824.1,1300.0,1747,35,72,12592.1
311.161,824.1,1300.0,1747,4,72,12610.8
311.279,953.6,1300.0,1747,7,72,12608.0
311.4,953.6,1300.0,1747,7,72,12611.1
311.519,1083.1,1300.0,1747,5,72,12629.5
311.637,1083.1,1300.0,1747,4,72,12648.1
311.754,1083.1,1300.0,1747,4,72,12667.2
311.872,663.2,1300.0,1747,6,75,12675.7
311.99,694.7,1300.0,1747,40,72,12690.7
312.108,824.2,1300.0,1747,4,72,12711.2
312.226,824.2,1300.0,1747,4,72,12730.6
312.345,953.7,1300.0,1747,7,72,12748.9
312.463,953.7,1300.0,1747,3,72,12763.5
312.582,953.7,1300.0,1747,3,72,12778.5
312.701,1083.2,1300.0,1747,4,72,12793.5
312.819,1083.2,1300.0,1747,6,72,12808.2
312.937,1083.2,1300.0,1747,4,72,12824.2
313.056,663.3,1300.0,1747,4,74,12832.6
313.174,694.8,1300.0,1747,40,72,12848.7
313.292,824.3,1300.0,1747,5,72,12863.3
313.41,824.3,1300.0,1747,5,72,12878.7
313.528,824.3,1300.0,1747,3,72,12892.4
313.648,953.8,1300.0,1747,4,72,12899.3
313.767,953.8,1300.0,1747,4,72,12913.3
313.887,1083.3,1300.0,1747,6,72,12928.3
314.006,1083.3,1300.0,1747,6,72,12936.4
314.125,663.3,1300.0,1747,43,73,12937.8
314.245,694.9,1300.0,1747,43,72,12937.1
314.365,824.4,1300.0,1747,4,72,12927.7
314.486,824.4,1300.0,1747,1,72,12915.5
314.606,824.4,1300.0,1747,2,72,12902.1
314.728,824.4,1300.0,1747,2,72,12884.2
314.849,824.4,1300.0,1747,2,72,12871.5
314.969,824.4,1300.0,1747,2,72,12859.7
315.09,824.4,1300.0,1747,2,72,12852.7
315.211,953.9,1300.0,1747,4,72,12841.6
315.331,953.9,1300.0,1747,6,72,12837.8
315.452,1083.4,1300.0,1747,6,72,12831.9
315.572,1083.4,1300.0,1747,6,72,12821.3
315.693,1083.4,1300.0,1747,3,72,12805.5
315.814,1083.4,1300.0,1747,2,72,12793.7
315.935,663.4,1300.0,1747,2,73,12786.8
316.055,824.4,1300.0,1747,30,73,12787.7
316.176,953.9,1300.0,1747,24,72,12793.5
316.296,1083.4,1300.0,1747,9,72,12801.7
316.418,695.0,1300.0,1747,9,73,12799.1
316.538,954.0,1300.0,1747,45,72,12803.7
316.658,1083.5,1300.0,1747,12,72,12807.6
316.778,1083.5,1300.0,1747,12,72,12820.1
316.898,667.1,1300.0,1747,9,74,12819.0
317.018,824.6,1300.0,1747,41,72,12829.9
317.138,824.6,1300.0,1747,6,72,12840.9
317.259,954.1,1300.0,1747,6,72,12851.5
317.38,954.1,1300.0,1747,6,72,12861.2
317.5,1083.6,1300.0,1747,5,72,12868.4
317.622,1083.6,1300.0,1747,6,72,12877.0
317.744,667.1,1300.0,1747,6,73,12875.6
317.865,824.6,1300.0,1747,43,72,12885.5
317.986,954.1,1300.0,1747,6,72,12892.8
318.107,954.1,1300.0,1747,6,72,12905.7
318.227,1083.6,1300.0,1747,6,72,12911.4
318.348,1083.6,1300.0,1747,8,72,12918.0
318.468,637.2,1300.0,1747,41,74,12930.6
318.616,637.2,1300.0,1747,1,72,12933.4
318.873,637.2,1300.0,1747,0,72,12934.3
319.157,637.2,1300.0,1747,0,72,12886.1
319.319,637.2,1300.0,1747,4,72,12581.6
319.448,637.2,1300.0,1747,4,72,12564.9
319.575,637.2,1300.0,1747,0,72,12661.6
319.702,637.2,1300.0,1747,3,72,12757.9
319.829,637.2,1300.0,1747,2,72,12628.1
319.959,637.2,1300.0,1747,0,72,12728.9
320.086,637.2,1300.0,1747,0,72,12732.7
320.226,637.2,1300.0,1747,1,72,12826.2
320.352,637.2,1300.0,1747,1,72,12923.8
320.479,637.2,1300.0,1747,0,72,13023.5
320.606,637.2,1300.0,1747,0,72,12968.3
320.736,637.2,1300.0,1747,1,72,13051.8
320.864,637.2,1300.0,1747,1,72,13132.6
320.992,637.2,1300.0,1747,0,72,13211.6
321.119,637.2,1300.0,1747,0,72,13289.2
321.246,637.2,1300.0,1747,1,72,13358.9
321.374,637.2,1300.0,1747,1,72,13412.9
321.501,637.2,1300.0,1747,0,72,13452.2
321.623,637.2,1300.0,1747,0,72,13486.2
321.745,637.2,1300.0,1747,1,72,13518.2
321.867,637.2,1300.0,1747,1,72,13532.9
321.989,637.2,1300.0,1747,0,72,13544.7
322.111,637.2,1300.0,1747,0,72,13556.1
322.233,636.0,1300.0,1747,1,72,13518.8
322.354,693.2,1300.0,1747,3,72,13533.4
322.475,822.7,1300.0,1747,4,72,13547.6
322.596,822.7,1300.0,1747,4,72,13564.7
322.716,952.2,1300.0,1747,5,72,13580.2
322.834,952.2,1300.0,1747,5,72,13592.8
322.954,952.2,1300.0,1747,5,71,13606.6
323.074,1081.7,1300.0,1747,3,71,13623.4
323.194,1081.7,1300.0,1747,5,71,13637.8
323.314,662.9,1300.0,1747,21,72,13645.7
323.434,662.9,1300.0,1747,21,73,13636.6
323.554,694.4,1300.0,1747,63,72,13645.3
323.674,823.9,1300.0,1747,5,72,13659.8
323.794,823.9,1300.0,1747,5,72,13673.5
323.914,823.9,1300.0,1747,5,72,13687.1
324.034,953.4,1300.0,1747,3,72,13700.6
324.155,953.4,1300.0,1747,5,72,13714.0
324.275,1082.9,1300.0,1747,3,72,13712.2
324.448,1082.9,1300.0,1747,4,72,13673.2
324.779,1082.9,1300.0,1747,52,74,13646.0
325.109,694.4,1300.0,1747,22,72,13623.7
325.387,823.9,1300.0,1747,2,72,13590.1
325.735,823.9,1300.0,1747,4,72,13562.4
326.06,953.4,1300.0,1747,3,72,13534.9
326.356,953.4,1300.0,1747,1,72,13511.8
326.66,1082.9,1300.0,1747,4,72,13492.7
326.813,1082.9,1300.0,1747,4,72,13455.1
326.933,663.0,1300.0,1747,5,73,13416.5
327.053,663.0,1300.0,1747,58,75,12912.9
327.173,694.5,1300.0,1747,14,73,12930.8
327.292,824.0,1300.0,1747,14,73,12951.9
327.411,824.0,1300.0,1747,5,73,12978.3
327.529,953.5,1300.0,1747,4,73,12997.6
327.647,953.5,1300.0,1747,4,73,13020.2
327.766,1083.0,1300.0,1747,7,73,13039.4
327.884,1083.0,1300.0,1747,7,73,13057.2
328.002,663.1,1300.0,1747,38,75,13065.8
328.12,663.1,1300.0,1747,38,74,13068.8
328.239,824.1,1300.0,1747,34,73,13089.3
328.357,824.1,1300.0,1747,6,73,13113.9
328.476,824.1,1300.0,1747,6,72,13139.2
328.594,953.6,1300.0,1747,4,72,13160.8
328.711,953.6,1300.0,1747,5,72,13177.5
328.829,1083.1,1300.0,1747,5,72,13194.0
328.946,1083.1,1300.0,1747,8,72,13214.3
329.064,663.2,1300.0,1747,4,73,13226.1
329.181,663.2,1300.0,1747,67,74,13186.5
329.301,824.2,1300.0,1747,67,73,13117.8
329.419,824.2,1300.0,1747,6,72,13083.9
329.552,824.2,1300.0,1747,4,72,13095.4
329.67,953.7,1300.0,1747,5,72,13120.1
329.788,953.7,1300.0,1747,5,72,13142.7
329.907,1083.2,1300.0,1747,6,72,13163.8
330.026,1083.2,1300.0,1747,4,72,13184.2
330.143,1083.2,1300.0,1747,4,72,13205.0
330.261,663.2,1300.0,1747,5,75,13213.5
330.38,663.2,1300.0,1747,66,74,13217.2
330.498,824.2,1300.0,1747,66,72,13228.3
330.618,824.2,1300.0,1747,4,72,13040.0
330.736,824.2,1300.0,1747,5,72,13060.2
330.855,953.7,1300.0,1747,5,72,13084.1
330.973,953.7,1300.0,1747,5,72,13104.9
331.091,953.7,1300.0,1747,3,72,13130.6
331.21,1083.2,1300.0,1747,5,72,13150.3
331.328,1083.2,1300.0,1747,5,72,13171.2
331.445,1083.2,1300.0,1747,5,72,13191.2
331.568,663.3,1300.0,1747,3,73,13198.3
331.687,663.3,1300.0,1747,66,74,13188.5
331.807,694.8,1300.0,1747,66,73,13198.8
331.927,824.3,1300.0,1747,4,72,13212.8
332.046,824.3,1300.0,1747,3,72,13225.9
332.166,824.3,1300.0,1747,3,72,13238.9
332.286,953.8,1300.0,1747,5,72,13252.5
332.407,953.8,1300.0,1747,5,72,13266.5
332.527,1083.3,1300.0,1747,3,72,13279.9
332.647,1083.3,1300.0,1747,3,72,13293.0
332.767,1083.3,1300.0,1747,5,72,13306.3
332.887,663.4,1300.0,1747,16,75,13308.3
333.007,666.9,1300.0,1747,16,74,13312.3
333.128,953.9,1300.0,1747,54,73,13317.6
333.247,1083.4,1300.0,1747,15,72,13318.5
333.368,663.4,1300.0,1747,40,75,13313.0
333.488,663.4,1300.0,1747,40,73,13304.7
333.608,824.4,1300.0,1747,39,73,13307.0
333.729,953.9,1300.0,1747,10,72,13316.3
333.849,1083.4,1300.0,1747,9,72,13327.2
333.969,663.5,1300.0,1747,9,74,13331.3
334.089,663.5,1300.0,1747,62,74,13321.8
334.209,824.5,1300.0,1747,11,73,13334.9
334.329,824.5,1300.0,1747,11,72,13346.7
334.449,954.0,1300.0,1747,7,72,13357.7
334.569,1083.5,1300.0,1747,7,72,13360.2
334.69,663.6,1300.0,1747,43,74,13355.0
334.815,663.6,1300.0,1747,43,73,13346.6
334.936,954.1,1300.0,1747,39,73,13343.4
335.072,663.7,1300.0,1747,30,76,13336.0
335.197,824.7,1300.0,1747,59,74,13327.9
335.317,663.7,1300.0,1747,59,74,13322.5
335.444,663.7,1300.0,1747,57,74,13313.1
335.565,954.2,1300.0,1747,35,73,13312.0
335.685,663.8,1300.0,1747,35,77,13303.4
335.806,663.8,1300.0,1747,64,74,13299.7
335.93,824.8,1300.0,1747,21,73,13313.1
336.063,824.8,1300.0,1747,4,72,13295.1
336.352,954.3,1300.0,1747,5,73,13286.7
336.541,1083.8,1300.0,1747,5,73,13231.4
336.661,1083.8,1300.0,1747,5,73,13068.8
336.782,663.9,1300.0,1747,6,75,12617.6
336.903,663.9,1300.0,1747,66,74,12621.0
337.023,695.4,1300.0,1747,66,73,12653.8
337.141,824.9,1300.0,1747,3,73,12479.9
337.26,824.9,1300.0,1747,5,73,12265.0
337.378,824.9,1300.0,1747,4,73,12277.7
337.496,954.4,1300.0,1747,4,73,12287.5
337.613,954.4,1300.0,1747,3,73,12298.7
337.731,954.4,1300.0,1747,5,72,12301.9
337.85,1083.9,1300.0,1747,5,72,12302.6
337.97,1083.9,1300.0,1747,5,72,12323.1
338.088,1083.9,1300.0,1747,5,73,12346.1
338.206,663.9,1300.0,1747,67,75,12346.2
338.324,667.4,1300.0,1747,67,73,12360.1
338.442,824.9,1300.0,1747,4,73,12377.5
338.56,824.9,1300.0,1747,7,73,12386.2
338.678,954.4,1300.0,1747,7,72,12406.3
338.797,954.4,1300.0,1747,7,72,12427.3
338.916,1083.9,1300.0,1747,5,72,12434.4
339.034,1083.9,1300.0,1747,5,72,12453.0
339.154,1083.9,1300.0,1747,4,72,12467.4
339.274,664.0,1300.0,1747,41,77,12459.1
339.394,695.5,1300.0,1747,34,73,12463.2
339.514,825.0,1300.0,1747,34,73,12475.7
339.634,954.5,1300.0,1747,5,72,12484.4
339.754,1087.6,1300.0,1747,14,72,12487.6
339.874,664.1,1300.0,1747,69,77,12478.2
339.994,825.1,1300.0,1747,69,73,12481.8
340.114,954.6,1300.0,1747,11,73,12490.5
340.234,664.2,1300.0,1747,14,73,12491.9
340.354,664.2,1300.0,1747,14,77,12482.4
340.475,825.2,1300.0,1747,66,73,12487.1
340.595,954.7,1300.0,1747,9,73,12497.1
340.715,954.7,1300.0,1747,6,73,12510.7
340.835,1084.2,1300.0,1747,6,73,12522.9
340.955,1084.2,1300.0,1747,5,73,12535.1
341.075,1084.2,1300.0,1747,4,72,12548.2
341.196,664.2,1300.0,1747,4,77,12541.4
341.317,664.2,1300.0,1747,67,73,12541.0
341.438,825.2,1300.0,1747,4,73,12553.7
341.559,825.2,1300.0,1747,4,73,12567.0
341.681,954.7,1300.0,1747,4,73,12580.9
341.801,954.7,1300.0,1747,6,73,12593.7
341.921,1084.2,1300.0,1747,6,73,12605.9
342.041,1084.2,1300.0,1747,6,73,12619.0
342.162,1084.2,1300.0,1747,4,73,12631.6
342.283,664.3,1300.0,1747,35,77,12622.8
342.403,664.3,1300.0,1747,36,73,12623.5
342.524,825.3,1300.0,1747,36,73,12634.2
342.644,825.3,1300.0,1747,4,73,12647.3
342.765,954.8,1300.0,1747,6,73,12649.9
342.886,954.8,1300.0,1747,4,73,12649.9
343.008,954.8,1300.0,1747,4,73,12645.0
343.128,954.8,1300.0,1747,2,73,12637.4
343.249,954.8,1300.0,1747,2,73,12630.8
343.37,954.8,1300.0,1747,2,73,12625.1
343.491,1084.3,1300.0,1747,3,73,12626.5
343.612,1084.3,1300.0,1747,4,73,12618.5
343.733,1084.3,1300.0,1747,2,73,12608.4
343.854,1084.3,1300.0,1747,2,73,12607.6
343.975,664.4,1300.0,1747,31,77,12601.8
344.095,695.9,1300.0,1747,38,73,12596.6
344.217,825.4,1300.0,1747,38,73,12603.4
344.338,825.4,1300.0,1747,4,73,12612.5
344.459,825.4,1300.0,1747,5,73,12620.4
344.579,954.9,1300.0,1747,4,73,12628.4
344.699,954.9,1300.0,1747,4,73,12647.0
344.817,1084.4,1300.0,1747,5,73,12551.5
344.937,1084.4,1300.0,1747,7,73,12326.0
345.055,664.4,1300.0,1747,7,76,12332.9
345.173,664.4,1300.0,1747,55,74,12337.0
345.292,825.5,1300.0,1747,17,73,12365.1
345.41,825.5,1300.0,1747,7,73,12382.8
345.529,955.0,1300.0,1747,7,73,12401.2
345.647,1084.5,1300.0,1747,9,73,12399.9
345.767,1084.5,1300.0,1747,7,73,12368.9
345.885,664.5,1300.0,1747,7,76,12374.5
346.004,696.0,1300.0,1747,56,74,12354.6
346.122,825.5,1300.0,1747,19,73,12257.4
346.24,955.0,1300.0,1747,7,73,12273.7
346.359,955.0,1300.0,1747,7,73,12289.8
346.477,1084.5,1300.0,1747,7,73,12270.7
346.596,1084.5,1300.0,1747,5,73,12286.8
346.715,664.6,1300.0,1747,5,77,12288.7
346.834,664.6,1300.0,1747,70,73,12294.5
346.952,825.6,1300.0,1747,6,73,12308.3
347.071,955.1,1300.0,1747,9,73,12263.1
347.189,1084.6,1300.0,1747,9,73,12279.6
347.307,1084.6,1300.0,1747,9,72,12297.4
347.425,664.7,1300.0,1747,17,73,12308.0
347.543,664.7,1300.0,1747,17,75,12308.0
347.662,696.2,1300.0,1747,54,73,12323.7
347.78,825.7,1300.0,1747,6,73,12340.6
347.898,825.7,1300.0,1747,6,73,12359.2
348.017,955.2,1300.0,1747,5,72,12375.6
348.136,955.2,1300.0,1747,4,73,12392.8
348.254,1084.7,1300.0,1747,6,73,12410.3
348.372,1084.7,1300.0,1747,6,72,12428.1
348.49,1084.7,1300.0,1747,5,72,12445.0
348.608,664.7,1300.0,1747,48,77,12445.4
348.727,671.7,1300.0,1747,48,73,12454.1
348.845,825.7,1300.0,1747,24,73,12472.4
348.963,825.7,1300.0,1747,7,72,12489.1
349.08,955.2,1300.0,1747,5,72,12510.0
349.199,955.2,1300.0,1747,5,72,12529.6
349.317,1084.7,1300.0,1747,7,72,12547.1
349.435,1090.2,1300.0,1747,6,73,12558.0
349.553,638.3,1300.0,1747,6,77,12562.1
349.671,638.3,1300.0,1747,65,73,12651.8
349.795,638.3,1300.0,1747,2,73,12756.7
349.923,638.3,1300.0,1747,1,72,12729.8
350.051,638.3,1300.0,1747,1,72,12742.8
350.178,638.3,1300.0,1747,0,72,12818.3
350.306,638.3,1300.0,1747,2,72,12860.6
350.471,638.3,1300.0,1747,0,72,12924.8
350.653,638.3,1300.0,1747,0,72,12910.1
350.788,638.3,1300.0,1747,3,72,13000.1
350.915,638.3,1300.0,1747,0,73,13086.1
351.042,638.3,1300.0,1747,0,73,13167.2
351.169,638.3,1300.0,1747,0,73,13229.1
351.301,638.3,1300.0,1747,3,73,13324.4
351.429,638.3,1300.0,1747,0,73,13392.5
351.558,638.3,1300.0,1747,0,73,13401.2
351.687,638.3,1300.0,1747,0,73,13291.9
351.815,638.3,1300.0,1747,3,73,13328.5
351.944,638.3,1300.0,1747,0,73,13380.1
352.072,638.3,1300.0,1747,0,72,13272.2
352.194,638.3,1300.0,1747,0,73,13299.5
352.325,636.0,1300.0,1747,3,73,13213.2
352.443,661.0,1300.0,1747,0,73,13235.1
352.562,822.0,1300.0,1747,0,73,13271.4
352.68,822.0,1300.0,1747,4,73,13304.9
352.798,822.0,1300.0,1747,9,73,13340.1
352.916,822.0,1300.0,1747,9,73,13372.5
353.034,951.5,1300.0,1747,3,73,13404.0
353.152,951.5,1300.0,1747,4,73,13436.3
353.27,951.5,1300.0,1747,6,73,13468.1
353.389,1081.0,1300.0,1747,6,73,13496.1
353.508,1081.0,1300.0,1747,4,73,13518.3
353.628,1081.0,1300.0,1747,3,73,13535.1
353.748,662.1,1300.0,1747,3,73,13542.6
353.869,823.1,1300.0,1747,41,73,13557.6
353.989,823.1,1300.0,1747,3,73,13578.8
354.11,823.1,1300.0,1747,3,73,13596.0
354.23,952.6,1300.0,1747,3,73,13617.7
354.351,952.6,1300.0,1747,6,73,13635.8
354.472,952.6,1300.0,1747,3,73,13652.0
354.592,1082.1,1300.0,1747,3,73,13672.2
354.713,1082.1,1300.0,1747,3,73,13695.4
354.833,1082.1,1300.0,1747,6,73,13714.4
354.953,663.1,1300.0,1747,39,74,13718.2
355.082,694.6,1300.0,1747,2,73,13717.9
355.309,824.1,1300.0,1747,1,73,13700.4
355.604,824.1,1300.0,1747,3,73,13660.6
356.005,824.1,1300.0,1747,3,73,13622.3
356.404,953.6,1300.0,1747,1,73,13581.1
356.817,953.6,1300.0,1747,1,73,13541.2
357.216,1083.1,1300.0,1747,1,73,13510.5
357.568,1083.1,1300.0,1747,1,73,13268.1
357.688,1087.4,1302.0,1749,4,73,13112.7
357.815,695.7,1302.0,1749,43,74,13125.9
357.934,825.2,1302.0,1749,43,73,13142.8
358.052,954.7,1302.0,1749,8,73,13155.9
358.17,1084.2,1302.0,1749,13,73,13169.6
358.289,696.7,1302.0,1749,47,74,13175.9
358.407,955.7,1302.0,1749,47,73,13187.9
358.526,955.7,1302.0,1749,11,73,13200.9
358.644,1085.2,1302.0,1749,10,73,13216.7
358.765,666.3,1304.0,1751,10,76,13216.4
358.886,827.3,1304.0,1751,43,73,13226.9
359.005,827.3,1304.0,1751,7,73,13238.6
359.126,956.8,1304.0,1751,9,73,13249.0
359.246,1086.3,1304.0,1751,9,73,13261.2
359.366,667.3,1306.0,1753,8,74,13266.3
359.486,698.8,1306.0,1753,40,73,13276.0
359.607,828.3,1306.0,1753,5,73,13288.9
359.728,828.3,1306.0,1753,5,73,13303.5
359.848,957.8,1306.0,1753,7,73,13311.8
359.969,957.8,1306.0,1753,5,73,13323.5
360.089,1087.3,1306.0,1753,5,73,13334.6
360.21,1087.3,1306.0,1753,5,73,13345.0
360.331,668.4,1306.0,1753,30,75,13345.9
360.451,829.4,1306.0,1753,16,73,13356.4
360.571,829.4,1306.0,1753,16,73,13365.3
360.691,958.9,1306.0,1753,5,73,13374.9
360.812,958.9,1306.0,1753,6,73,13384.6
360.931,1088.4,1306.0,1753,6,73,13393.7
361.051,1088.4,1306.0,1753,5,73,13402.2
361.179,669.4,1308.0,1755,18,74,13394.5
361.346,830.5,1308.0,1755,29,73,13386.3
361.525,1089.5,1308.0,1755,11,73,13380.1
361.674,670.5,1308.0,1755,11,74,13367.7
361.848,831.5,1308.0,1755,43,73,13362.6
362.003,961.0,1308.0,1755,7,73,13349.2
362.223,1090.5,1308.0,1755,10,73,13340.3
362.413,703.1,1310.0,1757,10,74,13334.2
362.558,962.1,1310.0,1757,9,73,13319.0
362.77,1091.6,1310.0,1757,7,73,13309.0
362.952,672.6,1310.0,1757,39,75,13300.7
363.1,963.1,1310.0,1757,19,73,13294.3
363.25,673.7,1312.0,1759,19,76,13170.0
363.372,674.7,1314.0,1761,65,76,12944.7
363.493,1096.7,1314.0,1761,64,74,12572.7
363.613,707.3,1314.0,1761,64,74,12469.9
363.731,836.8,1314.0,1761,48,73,12492.9
363.849,836.8,1314.0,1761,7,73,12515.5
363.968,966.3,1314.0,1761,5,73,12544.0
364.086,966.3,1314.0,1761,5,73,12569.8
364.204,1095.8,1314.0,1761,7,73,12587.7
364.322,708.3,1316.0,1763,45,74,12599.2
364.441,967.3,1316.0,1763,45,73,12614.6
364.559,967.3,1316.0,1763,14,73,12643.5
364.678,1096.8,1316.0,1763,8,73,12670.3
364.796,677.9,1316.0,1763,32,74,12684.1
364.914,838.9,1316.0,1763,32,74,12700.4
365.033,968.4,1316.0,1763,21,73,12716.8
365.151,1097.9,1316.0,1763,13,73,12737.5
365.269,1097.9,1316.0,1763,13,73,12754.2
365.387,679.0,1318.0,1765,9,75,12765.1
365.505,840.0,1318.0,1765,41,73,12773.1
365.622,840.0,1318.0,1765,41,73,12778.2
365.741,969.5,1318.0,1765,6,73,12801.6
365.86,969.5,1318.0,1765,6,73,12821.6
365.978,1099.0,1318.0,1765,5,73,12840.5
366.096,680.0,1318.0,1765,5,76,12846.8
366.215,970.5,1318.0,1765,51,73,12861.4
366.333,1100.0,1318.0,1765,18,73,12875.1
366.451,842.1,1320.0,1767,18,74,12881.9
366.569,971.6,1320.0,1767,48,73,12896.6
366.687,971.6,1320.0,1767,11,73,12914.0
366.805,1101.1,1320.0,1767,7,73,12931.5
366.924,682.1,1320.0,1767,7,73,12942.7
367.042,843.1,1320.0,1767,41,74,12952.8
367.161,843.1,1320.0,1767,9,73,12968.5
367.28,972.6,1320.0,1767,9,73,12984.3
367.398,1102.1,1320.0,1767,11,73,13000.7
367.517,683.2,1322.0,1769,7,75,12843.4
367.645,714.7,1322.0,1769,43,73,12852.3
367.763,844.2,1322.0,1769,43,73,12869.3
367.881,973.7,1322.0,1769,8,73,12888.7
367.999,973.7,1322.0,1769,4,73,12902.0
368.118,973.7,1322.0,1769,4,73,12915.4
368.236,1103.2,1322.0,1769,6,73,12929.6
368.355,1103.2,1322.0,1769,6,73,12944.1
368.474,684.2,1322.0,1769,40,75,12951.8
368.592,715.7,1322.0,1769,40,73,12967.0
368.709,845.2,1322.0,1769,5,73,12982.8
368.828,845.2,1322.0,1769,6,73,12998.7
368.948,974.7,1322.0,1769,6,73,13015.1
369.067,974.7,1322.0,1769,5,73,13034.1
369.187,1104.2,1322.0,1769,6,73,13047.0
369.307,685.3,1324.0,1771,41,75,13046.4
369.427,846.3,1324.0,1771,41,73,13061.5
369.547,975.8,1324.0,1771,11,73,13075.2
369.668,1105.3,1324.0,1771,12,73,13084.0
369.789,686.3,1324.0,1771,12,74,13088.2
369.909,847.4,1324.0,1771,36,73,13093.1
370.03,976.9,1324.0,1771,17,73,13104.2
370.15,976.9,1324.0,1771,6,73,13116.0
370.271,1106.4,1324.0,1771,6,73,13128.3
370.392,1106.4,1324.0,1771,6,73,13141.0
370.513,687.4,1326.0,1773,10,74,13143.9
370.633,848.4,1326.0,1773,10,73,13151.3
370.754,848.4,1326.0,1773,38,73,13160.2
370.875,977.9,1326.0,1773,9,73,13170.5
370.996,1107.4,1326.0,1773,6,73,13183.0
371.116,1107.4,1326.0,1773,6,73,13198.7
371.237,688.5,1326.0,1773,5,75,13206.2
371.365,720.0,1326.0,1773,41,73,13214.4
371.486,849.5,1326.0,1773,4,73,13206.8
371.721,849.5,1326.0,1773,3,73,13184.0
372.022,979.0,1326.0,1773,2,73,13161.8
372.317,979.0,1326.0,1773,4,73,13136.6
372.565,1108.5,1326.0,1773,1,73,13070.3
372.685,1108.5,1326.0,1773,4,73,12857.9
372.806,1108.5,1326.0,1773,4,73,12749.9
372.927,689.5,1328.0,1775,5,76,12691.2
373.047,721.0,1328.0,1775,40,73,12717.0
373.168,850.5,1328.0,1775,6,73,12747.0
373.286,850.5,1328.0,1775,6,73,12775.5
373.405,980.0,1328.0,1775,6,73,12793.9
373.523,1109.5,1328.0,1775,7,73,12813.0
373.641,1109.5,1328.0,1775,7,73,12836.1
373.759,664.1,1328.0,1775,6,74,12833.4
373.879,665.0,1328.0,1775,40,73,12892.0
374.01,665.0,1328.0,1775,0,73,12962.2
374.142,665.0,1328.0,1775,0,73,12741.6
374.271,665.0,1328.0,1775,1,73,12493.5
374.394,665.0,1328.0,1775,1,73,12580.0
374.521,665.0,1328.0,1775,0,73,12673.9
374.649,665.0,1328.0,1775,1,73,12770.1
374.778,665.0,1328.0,1775,1,73,12874.5
374.906,665.0,1328.0,1775,1,73,12970.0
375.033,665.0,1328.0,1775,0,73,13065.8
375.161,665.0,1328.0,1775,1,73,13164.4
375.289,665.0,1328.0,1775,1,73,13254.0
375.416,665.0,1328.0,1775,1,73,13355.5
375.544,665.0,1328.0,1775,0,73,13261.2
375.674,665.0,1328.0,1775,1,73,13337.3
375.803,665.0,1328.0,1775,1,73,13394.3
375.926,665.0,1328.0,1775,1,73,13431.8
376.047,665.0,1328.0,1775,0,73,13494.5
376.166,665.0,1328.0,1775,1,73,13372.5
376.295,665.0,1328.0,1775,1,73,13372.5
376.423,665.0,1328.0,1775,1,73,13372.5
376.552,851.5,1330.0,1777,0,73,13335.0
376.67,1585.8,1596.0,2043,36,73,13343.6
376.792,690.7,1598.0,2045,36,74,13349.2
376.91,1110.7,1598.0,2045,80,73,13357.5
377.029,689.8,1598.0,2045,58,76,13358.5
377.147,850.8,1598.0,2045,58,73,13361.7
377.266,688.9,1598.0,2045,44,77,13363.1
377.384,849.9,1598.0,2045,76,74,13365.3
377.502,1147.1,1598.0,2045,34,75,13372.2
377.62,695.1,1598.0,2045,34,75,13376.1
377.738,978.6,1598.0,2045,58,74,13383.9
377.857,687.2,1598.0,2045,61,77,13385.1
377.975,694.2,1598.0,2045,61,74,13389.5
378.093,848.2,1598.0,2045,29,73,13399.9
378.211,977.7,1598.0,2045,9,73,13410.3
378.329,1107.2,1598.0,2045,9,73,13422.2
378.448,686.4,1598.0,2045,13,77,13423.8
378.566,717.9,1598.0,2045,67,74,13435.8
378.684,847.4,1598.0,2045,6,73,13450.9
378.802,976.9,1598.0,2045,6,73,13461.5
378.92,1106.4,1598.0,2045,11,73,13471.8
379.038,685.5,1598.0,2045,25,76,13410.1
379.157,717.0,1598.0,2045,25,74,13329.8
379.275,846.5,1598.0,2045,53,73,13343.7
379.393,846.5,1598.0,2045,7,73,13356.7
379.511,976.0,1598.0,2045,5,73,13369.1
379.629,1105.5,1598.0,2045,5,73,13381.4
379.747,1105.5,1598.0,2045,7,73,13395.2
379.866,1105.5,1598.0,2045,6,74,13406.7
379.984,684.6,1598.0,2045,6,77,13329.6
380.103,975.2,1598.0,2045,71,74,13341.7
380.22,975.2,1598.0,2045,9,73,13356.6
380.339,1104.7,1598.0,2045,9,73,13370.7
380.456,1171.7,1598.0,2045,9,73,13381.4
380.574,844.8,1598.0,2045,48,76,13344.4
380.694,1103.8,1598.0,2045,41,74,13258.1
380.812,682.9,1598.0,2045,41,77,13260.4
380.93,843.9,1598.0,2045,70,74,13272.4
381.049,1102.9,1598.0,2045,17,73,13278.0
381.167,682.1,1598.0,2045,17,77,13278.0
381.285,713.6,1598.0,2045,73,74,13291.5
381.404,843.1,1598.0,2045,7,73,13306.4
381.522,972.6,1598.0,2045,9,73,13321.9
381.64,1102.1,1598.0,2045,9,73,13339.6
381.758,1102.1,1598.0,2045,7,73,13357.1
381.876,1102.1,1598.0,2045,6,73,13376.3
381.995,681.2,1598.0,2045,6,75,13379.6
382.113,842.2,1598.0,2045,68,74,13395.2
382.232,971.7,1598.0,2045,12,73,13319.3
382.351,1101.2,1598.0,2045,8,73,13347.0
382.489,1101.2,1598.0,2045,8,73,13342.7
382.607,680.4,1598.0,2045,5,76,13328.7
382.726,680.4,1598.0,2045,66,74,13332.2
382.844,841.4,1598.0,2045,66,73,13353.6
382.962,841.4,1598.0,2045,6,73,13372.0
383.081,970.9,1598.0,2045,7,73,13395.5
383.2,970.9,1598.0,2045,6,73,13417.9
383.317,1100.4,1598.0,2045,6,73,13412.8
383.436,679.5,1598.0,2045,8,76,13419.2
383.554,840.5,1598.0,2045,72,74,13421.5
383.672,678.6,1598.0,2045,72,76,13422.7
383.791,678.6,1598.0,2045,66,74,13422.9
383.909,677.8,1598.0,2045,41,76,13425.4
384.027,838.8,1598.0,2045,82,76,13425.9
384.145,676.9,1598.0,2045,82,77,13426.9
384.264,837.9,1598.0,2045,78,74,13417.1
384.385,837.9,1598.0,2045,8,73,13428.8
384.503,967.4,1598.0,2045,8,73,13440.4
384.621,1096.9,1598.0,2045,10,73,13450.4
384.739,676.1,1598.0,2045,25,76,13446.1
384.859,837.1,1598.0,2045,56,74,13447.7
384.981,837.1,1598.0,2045,56,73,13450.9
385.101,966.6,1598.0,2045,7,73,13457.4
385.221,1096.1,1598.0,2045,12,73,13463.2
385.341,675.2,1598.0,2045,12,77,13458.5
385.461,836.2,1598.0,2045,68,74,13464.6
385.58,965.7,1598.0,2045,13,73,13464.5
385.701,1160.0,1598.0,2045,19,73,13463.7
385.82,674.4,1598.0,2045,19,77,13460.1
385.94,835.4,1598.0,2045,59,74,13470.5
386.06,835.4,1598.0,2045,4,73,13479.6
386.18,835.4,1598.0,2045,4,73,13489.5
386.3,964.9,1598.0,2045,5,73,13499.2
386.42,964.9,1598.0,2045,5,73,13509.3
386.541,1094.4,1598.0,2045,4,73,13518.3
386.661,1094.4,1598.0,2045,4,73,13528.3
386.781,673.5,1598.0,2045,13,76,13523.8
386.902,705.0,1598.0,2045,61,74,13538.2
387.022,834.5,1598.0,2045,61,73,13551.6
387.143,834.5,1598.0,2045,4,73,13564.3
387.263,964.0,1598.0,2045,5,73,13576.1
387.384,964.0,1598.0,2045,7,73,13587.1
387.504,1093.5,1598.0,2045,7,73,13597.4
387.624,1093.5,1598.0,2045,4,73,13607.8
387.75,1093.5,1598.0,2045,5,73,13617.1
387.87,672.6,1598.0,2045,67,76,13611.4
387.991,833.6,1598.0,2045,67,73,13620.0
388.125,833.6,1598.0,2045,6,73,13607.2
388.379,833.6,1598.0,2045,4,73,13593.1
388.613,963.1,1598.0,2045,3,73,13574.1
388.861,1092.6,1598.0,2045,1,73,13550.0
389.167,1092.6,1598.0,2045,4,73,13519.5
389.487,1092.6,1598.0,2045,2,76,13493.1
389.787,703.3,1598.0,2045,62,74,13481.5
389.964,832.8,1598.0,2045,3,73,13455.1
390.256,962.3,1598.0,2045,3,73,13428.2
390.559,1091.8,1598.0,2045,4,73,13405.9
390.809,1091.8,1598.0,2045,5,73,13380.1
391.12,670.9,1598.0,2045,1,75,13366.1
391.326,702.4,1598.0,2045,4,73,13337.8
391.64,831.9,1598.0,2045,4,73,13305.2
391.976,961.4,1598.0,2045,6,73,13292.1
392.173,1090.9,1598.0,2045,6,73,13012.4
392.293,1090.9,1598.0,2045,8,73,12868.2
392.414,670.1,1598.0,2045,39,76,12874.7
392.533,677.1,1598.0,2045,39,74,12899.9
392.651,831.1,1598.0,2045,33,74,12926.2
392.769,831.1,1598.0,2045,5,73,12950.6
392.887,831.1,1598.0,2045,6,73,12979.6
393.006,960.6,1598.0,2045,6,73,13006.1
393.123,960.6,1598.0,2045,4,73,12976.0
393.242,1090.1,1598.0,2045,5,73,12966.1
393.365,1090.1,1598.0,2045,5,73,12965.0
393.484,1090.1,1598.0,2045,5,73,12989.9
393.602,669.2,1598.0,2045,10,76,13004.6
393.72,669.2,1598.0,2045,10,74,13026.4
393.842,830.2,1598.0,2045,59,73,13057.2
393.962,830.2,1598.0,2045,5,73,13088.3
394.083,830.2,1598.0,2045,3,73,13115.6
394.204,959.7,1598.0,2045,3,73,13141.2
394.325,959.7,1598.0,2045,4,73,13168.2
394.446,959.7,1598.0,2045,5,73,13198.4
394.566,959.7,1598.0,2045,3,73,13226.8
394.687,1089.2,1598.0,2045,3,73,13249.3
394.808,1089.2,1598.0,2045,3,73,13253.2
395.071,1089.2,1598.0,2045,66,74,13223.4
395.425,699.9,1598.0,2045,4,73,13186.1
395.588,829.4,1598.0,2045,3,73,12716.1
395.708,829.4,1598.0,2045,3,73,12745.9
395.827,958.9,1598.0,2045,5,73,12751.1
395.946,958.9,1598.0,2045,5,73,12753.8
396.065,958.9,1598.0,2045,4,73,12781.6
396.183,1088.4,1598.0,2045,4,73,12790.1
396.301,1088.4,1598.0,2045,5,73,12819.7
396.419,1088.4,1598.0,2045,4,73,12760.7
396.538,643.5,1598.0,2045,4,76,12776.4
396.657,639.5,1598.0,2045,60,74,12783.0
396.776,665.7,1598.0,2045,41,76,12784.1
396.895,666.8,1598.0,2045,41,76,12784.4
397.013,957.3,1598.0,2045,95,74,12791.0
397.135,828.9,1598.0,2045,50,76,12792.1
397.254,669.0,1598.0,2045,83,77,12792.5
397.373,670.1,1598.0,2045,83,77,12793.3
397.491,671.2,1598.0,2045,78,77,12794.1
397.61,961.7,1598.0,2045,63,74,12800.9
397.729,672.3,1598.0,2045,63,77,12804.3
397.848,962.9,1598.0,2045,53,74,12811.4
397.966,673.5,1598.0,2045,21,76,12815.3
398.085,964.0,1598.0,2045,52,74,12821.7
398.203,674.6,1598.0,2045,52,75,12826.8
398.321,965.1,1598.0,2045,52,74,12826.9
398.446,675.7,1598.0,2045,21,74,12832.7
398.564,836.7,1598.0,2045,21,74,12840.1
398.683,1095.7,1598.0,2045,45,74,12846.4
398.801,1096.8,1598.0,2045,61,74,12847.2
398.921,968.4,1598.0,2045,73,75,12848.9
399.04,679.0,1598.0,2045,73,76,12851.1
399.159,1099.0,1598.0,2045,60,74,12856.8
399.278,841.1,1598.0,2045,55,75,12861.8
399.396,1100.1,1598.0,2045,55,74,12872.3
399.515,712.7,1598.0,2045,33,74,12879.7
399.634,842.2,1598.0,2045,32,74,12895.2
399.752,971.7,1598.0,2045,13,74,12910.6
399.871,682.3,1598.0,2045,13,77,12917.2
399.989,843.3,1598.0,2045,48,74,12925.2
400.11,843.3,1598.0,2045,6,74,12933.1
400.271,972.8,1598.0,2045,9,73,12638.8
400.389,1102.3,1598.0,2045,9,73,12658.4
400.507,1102.3,1598.0,2045,5,73,12674.9
400.625,1102.3,1598.0,2045,4,74,12693.2
400.743,687.0,1598.0,2045,4,74,12702.0
400.862,844.5,1598.0,2045,43,74,12730.2
400.981,844.5,1598.0,2045,4,73,12755.4
401.099,844.5,1598.0,2045,4,73,12777.4
401.217,974.0,1598.0,2045,4,73,12796.6
401.334,974.0,1598.0,2045,7,73,12818.0
401.453,1103.5,1598.0,2045,4,73,12837.0
401.571,1103.5,1598.0,2045,4,73,12858.1
401.689,684.6,1598.0,2045,5,75,12870.2
401.808,716.1,1598.0,2045,43,74,12888.6
401.926,845.6,1598.0,2045,5,73,12911.5
402.044,845.6,1598.0,2045,5,73,12930.1
402.162,975.1,1598.0,2045,5,73,12950.7
402.28,975.1,1598.0,2045,7,73,12970.6
402.399,1104.6,1598.0,2045,7,73,12818.9
402.517,1104.6,1598.0,2045,5,73,12837.4
402.634,685.7,1598.0,2045,24,76,12848.5
402.753,846.7,1598.0,2045,24,73,12868.7
402.871,846.7,1598.0,2045,25,73,12889.4
402.989,976.2,1598.0,2045,5,73,12910.0
403.107,976.2,1598.0,2045,4,73,12929.3
403.226,976.2,1598.0,2045,4,73,12948.4
403.344,1105.7,1598.0,2045,7,73,12923.3
403.466,1105.7,1598.0,2045,4,73,12858.5
403.584,686.8,1598.0,2045,4,74,12848.4
403.702,718.3,1598.0,2045,34,74,12864.9
403.821,847.8,1598.0,2045,12,73,12884.0
403.939,847.8,1598.0,2045,4,73,12903.9
404.057,977.3,1598.0,2045,4,73,12924.1
404.175,977.3,1598.0,2045,5,73,12943.5
404.294,977.3,1598.0,2045,7,73,12963.2
404.412,1106.8,1598.0,2045,7,73,12944.9
404.534,1106.8,1598.0,2045,4,73,12809.4
404.652,687.9,1598.0,2045,4,74,12823.7
404.771,691.4,1598.0,2045,42,74,12837.6
404.89,848.9,1598.0,2045,42,73,12855.5
405.008,848.9,1598.0,2045,3,73,12876.1
405.126,848.9,1598.0,2045,5,73,12895.7
405.245,978.4,1598.0,2045,5,73,12914.0
405.363,978.4,1598.0,2045,6,73,12933.4
405.481,978.4,1598.0,2045,3,73,12953.3
405.599,1107.9,1598.0,2045,4,73,12900.6
405.719,1107.9,1598.0,2045,4,73,12715.9
405.837,689.0,1598.0,2045,7,75,12732.0
405.954,696.0,1598.0,2045,39,73,12753.3
406.073,850.0,1598.0,2045,39,73,12779.2
406.19,850.0,1598.0,2045,4,73,12803.7
406.309,850.0,1598.0,2045,5,73,12834.3
406.426,979.5,1598.0,2045,5,73,12855.3
406.544,979.5,1598.0,2045,3,73,12878.4
406.662,979.5,1598.0,2045,4,73,12895.3
406.781,1109.0,1598.0,2045,6,73,12811.2
406.899,1109.0,1598.0,2045,6,73,12824.7
407.017,690.1,1598.0,2045,18,74,12831.4
407.135,851.1,1598.0,2045,29,73,12827.7
407.257,851.1,1598.0,2045,29,73,12811.2
407.375,851.1,1598.0,2045,6,73,12840.3
407.492,980.6,1598.0,2045,5,73,12860.0
407.611,980.6,1598.0,2045,6,73,12878.1
407.73,1110.1,1598.0,2045,6,73,12867.5
407.849,1110.1,1598.0,2045,7,73,12835.6
407.967,691.2,1598.0,2045,27,76,12848.4
408.086,722.7,1598.0,2045,27,73,12836.0
408.204,852.2,1598.0,2045,18,73,12790.3
408.325,852.2,1598.0,2045,5,73,12810.7
408.443,852.2,1598.0,2045,3,73,12827.9
408.561,981.7,1598.0,2045,3,73,12849.5
408.679,981.7,1598.0,2045,5,73,12868.1
408.798,981.7,1598.0,2045,5,73,12883.2
408.917,1111.2,1598.0,2045,5,72,12909.0
409.039,1111.2,1598.0,2045,4,72,12874.2
409.157,1111.2,1598.0,2045,5,72,12877.3
409.276,692.3,1598.0,2045,40,76,12876.2
409.396,723.8,1598.0,2045,40,73,12887.8
409.514,853.3,1598.0,2045,4,73,12901.5
409.633,853.3,1598.0,2045,5,73,12909.1
409.751,982.8,1598.0,2045,5,72,12910.1
409.87,982.8,1598.0,2045,6,72,12925.2
409.988,982.8,1598.0,2045,4,72,12913.8
410.106,1112.3,1598.0,2045,4,72,12933.4
410.225,693.4,1598.0,2045,7,76,12942.1
410.343,725.0,1598.0,2045,43,73,12950.1
410.462,854.5,1598.0,2045,4,73,12957.8
410.58,854.5,1598.0,2045,4,72,12970.0
410.698,984.0,1598.0,2045,5,72,12897.2
410.816,984.0,1598.0,2045,6,73,12864.3
410.936,984.0,1598.0,2045,6,72,12877.7
411.06,1113.5,1598.0,2045,4,72,12879.7
411.189,694.6,1598.0,2045,13,76,12890.3
411.307,726.1,1598.0,2045,36,73,12908.3
411.425,855.6,1598.0,2045,36,73,12919.4
411.543,855.6,1598.0,2045,4,73,12919.0
411.661,855.6,1598.0,2045,4,72,12934.0
411.784,985.1,1598.0,2045,5,72,12955.3
411.905,985.1,1598.0,2045,5,72,12967.6
412.025,985.1,1598.0,2045,2,72,12955.8
412.146,985.1,1598.0,2045,2,72,12944.4
412.267,985.1,1598.0,2045,2,72,12935.0
412.388,985.1,1598.0,2045,2,72,12924.6
412.509,1114.6,1598.0,2045,1,72,12912.9
412.63,1114.6,1598.0,2045,2,73,12904.7
412.75,1114.6,1598.0,2045,2,73,12894.2
412.87,1114.6,1598.0,2045,2,72,12886.3
412.991,1114.6,1598.0,2045,1,73,12880.2
413.111,1114.6,1598.0,2045,1,72,12869.6
413.232,1114.6,1598.0,2045,3,73,12864.9
413.352,1114.6,1598.0,2045,3,73,12860.7
413.47,670.2,1598.0,2045,38,73,12900.3
413.592,670.2,1598.0,2045,38,73,12982.4
413.72,670.2,1598.0,2045,1,73,13062.3
413.848,670.2,1598.0,2045,1,73,13142.4
413.977,670.2,1598.0,2045,0,73,13222.8
414.106,670.2,1598.0,2045,0,73,13303.4
414.237,670.2,1598.0,2045,1,73,13383.5
414.366,670.2,1598.0,2045,1,73,13351.9
414.496,670.2,1598.0,2045,0,73,13116.9
414.624,670.2,1598.0,2045,1,73,12983.4
414.751,670.2,1598.0,2045,1,73,13073.8
414.879,670.2,1598.0,2045,1,73,13170.4
415.008,670.2,1598.0,2045,0,73,13265.7
415.135,670.2,1598.0,2045,1,73,13348.9
415.261,670.2,1598.0,2045,1,73,13408.1
415.382,670.2,1598.0,2045,1,73,13380.7
415.503,670.2,1598.0,2045,0,73,13404.5
415.623,670.2,1598.0,2045,0,73,13430.3
415.743,670.2,1598.0,2045,1,73,13300.2
415.87,670.2,1598.0,2045,1,73,13300.2
415.998,670.2,1598.0,2045,0,73,13300.2
416.127,673.3,1598.0,2045,0,73,13260.7
416.245,695.7,1658.0,2105,7,76,13274.3
416.368,694.7,1658.0,2105,97,75,13278.7
416.486,855.7,1658.0,2105,91,76,13279.8
416.606,693.7,1658.0,2105,91,77,13281.7
416.725,692.6,1658.0,2105,91,75,13293.9
416.844,853.6,1658.0,2105,92,76,13294.6
416.963,691.6,1658.0,2105,92,78,13297.7
417.082,690.5,1658.0,2105,87,76,13298.3
417.201,981.1,1658.0,2105,89,75,13299.0
417.32,689.5,1658.0,2105,81,78,13299.2
417.447,1145.7,1658.0,2105,81,74,13301.4
417.566,688.5,1658.0,2105,69,77,13301.4
417.684,1108.5,1658.0,2105,57,74,13302.9
417.802,687.4,1658.0,2105,57,77,13302.9
417.92,1107.4,1658.0,2105,78,74,13304.1
418.038,686.4,1658.0,2105,56,78,13304.4
418.156,685.3,1658.0,2105,80,76,13306.5
418.274,685.3,1658.0,2105,80,75,13306.5
418.394,846.4,1658.0,2105,53,74,13323.4
418.511,846.4,1658.0,2105,7,74,13338.6
418.629,1111.6,1658.0,2105,7,75,13343.4
418.747,684.3,1658.0,2105,39,75,13349.2
418.865,845.3,1658.0,2105,48,74,13368.1
418.984,974.8,1658.0,2105,9,73,13385.3
419.101,974.8,1658.0,2105,9,73,13402.2
419.22,1104.3,1658.0,2105,9,73,13417.9
419.338,683.3,1658.0,2105,48,77,13421.1
419.455,844.3,1658.0,2105,48,74,13440.0
419.573,844.3,1658.0,2105,28,74,13460.1
419.69,973.8,1658.0,2105,9,73,13483.2
419.808,1103.3,1658.0,2105,9,73,13502.8
419.926,682.2,1658.0,2105,12,77,13505.7
420.044,713.7,1658.0,2105,68,74,13531.9
420.163,843.2,1658.0,2105,7,73,13310.1
420.283,843.2,1658.0,2105,7,73,13245.9
420.403,972.7,1658.0,2105,6,73,13278.7
420.52,972.7,1658.0,2105,4,73,13312.4
420.638,1102.2,1658.0,2105,4,73,13345.6
420.756,1102.2,1658.0,2105,5,73,13378.5
420.873,1130.5,1658.0,2105,6,75,13403.6
420.992,681.2,1658.0,2105,66,75,13411.6
421.11,842.2,1658.0,2105,66,74,13438.2
421.228,842.2,1658.0,2105,8,73,13470.4
421.348,971.7,1658.0,2105,8,73,13496.5
421.466,1101.2,1658.0,2105,8,73,13523.2
421.59,1101.2,1658.0,2105,5,73,13455.5
421.716,680.2,1658.0,2105,7,76,13268.3
421.837,841.2,1658.0,2105,69,75,13283.2
421.955,970.7,1658.0,2105,69,74,13313.3
422.073,1100.2,1658.0,2105,14,73,13338.0
422.191,679.1,1658.0,2105,30,77,13349.0
422.308,710.6,1658.0,2105,30,74,13361.0
422.427,840.1,1658.0,2105,49,74,13377.9
422.545,840.1,1658.0,2105,5,73,13408.5
422.664,969.6,1658.0,2105,6,73,13435.8
422.782,969.6,1658.0,2105,6,73,13469.0
422.9,1099.1,1658.0,2105,7,73,13498.4
423.018,1125.2,1658.0,2105,6,73,13523.2
423.136,678.1,1658.0,2105,6,77,13507.9
423.255,839.1,1658.0,2105,67,74,13523.9
423.375,839.1,1658.0,2105,7,73,13543.9
423.495,968.6,1658.0,2105,10,73,13559.9
423.615,1098.1,1658.0,2105,10,73,13580.1
423.735,677.0,1658.0,2105,8,75,13591.4
423.856,677.0,1658.0,2105,67,75,13582.5
423.977,967.5,1658.0,2105,67,74,13583.4
424.098,1097.0,1658.0,2105,14,73,13589.4
424.218,676.0,1658.0,2105,16,76,13592.7
424.339,707.5,1658.0,2105,63,75,13592.3
424.459,837.0,1658.0,2105,63,74,13596.8
424.58,966.5,1658.0,2105,7,73,13601.3
424.7,966.5,1658.0,2105,8,73,13606.4
424.82,1096.0,1658.0,2105,8,73,13613.7
424.94,675.0,1658.0,2105,7,74,13617.5
425.059,678.5,1658.0,2105,61,76,13620.1
425.18,836.0,1658.0,2105,14,74,13632.7
425.3,965.5,1658.0,2105,14,73,13646.3
425.42,965.5,1658.0,2105,6,73,13655.9
425.54,1095.0,1658.0,2105,7,73,13660.9
425.66,673.9,1658.0,2105,7,75,13659.2
425.78,834.9,1658.0,2105,49,74,13665.0
425.905,834.9,1658.0,2105,29,74,13683.6
426.025,964.4,1658.0,2105,6,73,13700.2
426.145,1093.9,1658.0,2105,9,73,13704.4
426.314,1093.9,1658.0,2105,4,73,13689.1
426.59,672.9,1658.0,2105,15,77,13680.4
426.733,833.9,1658.0,2105,3,73,13644.7
427.116,833.9,1658.0,2105,2,73,13608.5
427.511,963.4,1658.0,2105,2,73,13571.2
427.881,1092.9,1658.0,2105,1,74,13536.2
428.247,671.8,1658.0,2105,21,77,13527.4
428.4,703.3,1658.0,2105,4,74,13504.0
428.673,832.8,1658.0,2105,3,74,13467.5
429.05,962.3,1658.0,2105,5,74,13437.0
429.248,1091.8,1658.0,2105,6,73,13430.9
429.375,670.8,1658.0,2105,34,76,13070.9
429.494,702.3,1658.0,2105,34,75,13083.7
429.613,831.8,1658.0,2105,38,74,13101.1
429.732,831.8,1658.0,2105,6,74,13120.0
429.85,961.3,1658.0,2105,6,73,13139.1
429.969,961.3,1658.0,2105,6,73,13158.2
430.088,1090.8,1658.0,2105,5,73,13179.4
430.206,1090.8,1658.0,2105,6,73,13179.4
430.326,1090.8,1658.0,2105,6,73,13157.3
430.459,669.8,1658.0,2105,4,76,13160.8
430.58,669.8,1658.0,2105,66,75,13168.3
430.702,830.8,1658.0,2105,4,74,13186.1
430.823,830.8,1658.0,2105,4,74,13200.5
430.943,830.8,1658.0,2105,5,74,13219.0
431.064,960.3,1658.0,2105,3,73,13234.4
431.185,960.3,1658.0,2105,3,73,13248.6
431.306,960.3,1658.0,2105,4,74,13263.6
431.427,1089.8,1658.0,2105,4,73,13280.9
431.548,1089.8,1658.0,2105,3,73,13302.7
431.669,1089.8,1658.0,2105,3,73,13322.3
431.79,668.7,1658.0,2105,5,76,13178.9
431.912,668.7,1658.0,2105,67,74,12924.4
432.073,829.7,1658.0,2105,3,74,12954.6
432.191,829.7,1658.0,2105,3,74,12979.1
432.309,829.7,1658.0,2105,5,74,13003.8
432.427,959.2,1658.0,2105,5,73,13027.6
432.545,959.2,1658.0,2105,3,73,13051.6
432.663,959.2,1658.0,2105,3,73,13076.5
432.781,959.2,1658.0,2105,5,73,13100.7
432.899,1088.7,1658.0,2105,5,73,13057.7
433.02,1088.7,1658.0,2105,5,73,13059.2
433.152,1088.7,1658.0,2105,3,73,12869.4
433.27,643.7,1658.0,2105,11,77,12879.6
433.39,639.5,1658.0,2105,63,75,12882.1
433.508,646.6,1658.0,2105,63,74,12890.6
433.626,699.6,1658.0,2105,4,73,12899.4
433.746,669.3,1658.0,2105,55,76,12900.1
433.867,670.5,1658.0,2105,55,77,12900.2
433.987,703.1,1658.0,2105,97,77,12900.2
434.107,704.3,1658.0,2105,95,77,12900.2
434.227,677.5,1658.0,2105,94,78,12902.9
434.346,675.1,1658.0,2105,94,77,12904.4
434.465,836.1,1658.0,2105,69,74,12918.8
434.584,965.6,1658.0,2105,10,74,12932.2
434.703,1095.1,1658.0,2105,10,74,12944.4
434.822,676.3,1658.0,2105,11,76,12950.2
434.94,837.3,1658.0,2105,43,74,12961.1
435.059,837.3,1658.0,2105,7,74,12972.6
435.177,966.8,1658.0,2105,7,74,12984.2
435.296,966.8,1658.0,2105,8,73,12996.4
435.413,1096.3,1658.0,2105,7,73,13008.2
435.532,677.5,1658.0,2105,7,76,13017.1
435.65,838.5,1658.0,2105,40,74,13025.5
435.769,1097.5,1658.0,2105,20,74,13033.6
435.888,678.6,1658.0,2105,42,77,13043.4
436.007,839.6,1658.0,2105,42,74,13064.4
436.125,969.1,1658.0,2105,15,73,13077.0
436.244,679.8,1658.0,2105,43,77,13082.2
436.365,1099.8,1658.0,2105,43,74,13082.2
436.491,842.0,1658.0,2105,58,74,13096.1
436.609,1101.0,1658.0,2105,37,74,13111.3
436.732,972.6,1658.0,2105,67,75,12969.9
436.851,714.8,1658.0,2105,67,76,12972.3
436.969,684.5,1658.0,2105,67,77,12973.1
437.088,845.5,1658.0,2105,53,74,12987.3
437.206,1104.5,1658.0,2105,53,74,12998.5
437.325,685.6,1658.0,2105,19,76,13005.2
437.444,846.6,1658.0,2105,43,74,13023.7
437.562,846.6,1658.0,2105,5,74,13045.5
437.68,976.1,1658.0,2105,5,73,13062.8
437.797,976.1,1658.0,2105,6,73,13079.4
437.915,1105.6,1658.0,2105,6,73,13098.2
438.033,1105.6,1658.0,2105,6,73,13112.5
438.151,686.8,1658.0,2105,21,75,13122.8
438.269,847.8,1658.0,2105,31,74,12780.6
438.388,977.3,1658.0,2105,31,73,12798.3
438.506,977.3,1658.0,2105,9,73,12813.0
438.625,1106.8,1658.0,2105,6,73,12825.7
438.743,687.9,1658.0,2105,36,76,12832.2
438.862,849.0,1658.0,2105,36,74,12854.2
438.98,849.0,1658.0,2105,16,73,12878.7
439.098,978.5,1658.0,2105,4,73,12899.5
439.216,978.5,1658.0,2105,4,73,12918.6
439.334,978.5,1658.0,2105,6,73,12938.4
439.451,1108.0,1658.0,2105,5,73,12958.3
439.569,1108.0,1658.0,2105,5,73,12978.1
439.688,689.1,1658.0,2105,5,75,12987.7
439.805,850.1,1658.0,2105,41,73,13008.0
439.925,850.1,1658.0,2105,7,73,13026.4
440.043,979.6,1658.0,2105,7,73,13045.5
440.161,979.6,1658.0,2105,6,73,13065.0
440.279,1109.1,1658.0,2105,6,73,13084.9
440.398,1109.1,1658.0,2105,8,73,12770.7
440.516,697.3,1658.0,2105,8,75,12780.9
440.634,851.3,1658.0,2105,42,73,12801.6
440.752,851.3,1658.0,2105,7,73,12822.6
440.869,980.8,1658.0,2105,7,73,12842.7
440.988,980.8,1658.0,2105,7,73,12860.4
441.106,1110.3,1658.0,2105,4,73,12878.9
441.225,1110.3,1658.0,2105,4,73,12897.6
441.343,691.4,1658.0,2105,8,76,12910.3
441.461,723.0,1658.0,2105,41,73,12925.7
441.579,852.5,1658.0,2105,6,73,12940.5
441.697,982.0,1658.0,2105,6,73,12954.7
441.815,982.0,1658.0,2105,9,73,12971.0
441.933,1111.5,1658.0,2105,6,73,12987.3
442.051,1111.5,1658.0,2105,6,73,13001.0
442.169,692.6,1658.0,2105,5,76,13009.2
442.288,724.1,1658.0,2105,42,73,13025.2
442.407,853.6,1658.0,2105,5,73,12988.6
442.526,853.6,1658.0,2105,5,73,12910.8
442.645,983.1,1658.0,2105,5,73,12927.9
442.762,983.1,1658.0,2105,6,73,12946.0
442.88,983.1,1658.0,2105,6,73,12968.4
442.999,1112.6,1658.0,2105,4,73,12982.0
443.117,1112.6,1658.0,2105,5,73,13004.3
443.235,693.8,1658.0,2105,5,76,13016.2
443.353,725.3,1658.0,2105,43,73,13041.4
443.471,854.8,1658.0,2105,3,73,13064.7
443.589,854.8,1658.0,2105,4,73,12915.8
443.71,854.8,1658.0,2105,4,73,12923.7
443.828,984.3,1658.0,2105,6,73,12946.9
443.946,984.3,1658.0,2105,4,73,12974.4
444.064,1113.8,1658.0,2105,4,73,12997.1
444.181,1113.8,1658.0,2105,4,73,13019.7
444.3,701.9,1658.0,2105,41,74,13031.2
444.418,856.0,1658.0,2105,9,73,13057.4
444.536,856.0,1658.0,2105,9,73,12984.2
444.655,985.5,1658.0,2105,8,73,12897.2
444.775,1115.0,1658.0,2105,13,73,12806.8
444.894,696.1,1658.0,2105,13,75,12823.6
445.013,857.1,1658.0,2105,40,73,12844.5
445.131,857.1,1658.0,2105,8,73,12873.2
445.249,857.1,1658.0,2105,6,73,12902.1
445.366,986.6,1658.0,2105,6,73,12928.4
445.485,986.6,1658.0,2105,4,73,12957.6
445.603,986.6,1658.0,2105,4,73,12987.2
445.722,1116.1,1658.0,2105,4,73,13020.8
445.84,1116.1,1658.0,2105,6,73,13055.0
445.959,1116.1,1658.0,2105,4,73,13083.4
446.077,697.3,1658.0,2105,4,74,12958.2
446.198,858.3,1658.0,2105,39,73,12941.2
446.317,858.3,1658.0,2105,6,73,12980.2
446.435,858.3,1658.0,2105,4,73,13010.5
446.553,987.8,1658.0,2105,4,73,13044.9
446.671,987.8,1658.0,2105,3,73,13068.4
446.791,987.8,1658.0,2105,6,73,13104.7
446.91,987.8,1658.0,2105,6,73,13093.3
447.029,1117.3,1658.0,2105,4,73,13119.6
447.147,1123.0,1658.0,2105,6,73,13101.9
447.278,705.4,1658.0,2105,43,73,13105.5
447.395,859.4,1658.0,2105,43,73,13068.0
447.513,859.4,1658.0,2105,4,73,13053.9
447.631,859.4,1658.0,2105,4,73,13066.3
447.749,988.9,1658.0,2105,4,73,13055.9
447.867,988.9,1658.0,2105,7,73,13040.3
447.985,988.9,1658.0,2105,4,73,13052.5
448.103,1118.4,1658.0,2105,4,73,12952.8
448.227,1118.4,1658.0,2105,4,73,12951.1
448.348,699.6,1658.0,2105,26,74,12968.4
448.469,731.1,1658.0,2105,20,73,12983.6
448.589,860.6,1658.0,2105,3,73,13008.3
448.712,860.6,1658.0,2105,3,73,13031.4
448.834,860.6,1658.0,2105,5,73,13053.7
448.956,990.1,1658.0,2105,3,73,13072.9
449.077,990.1,1658.0,2105,3,73,13091.0
449.199,990.1,1658.0,2105,3,73,13115.7
449.319,990.1,1658.0,2105,5,73,13115.8
449.439,990.1,1658.0,2105,1,73,13107.7
449.559,990.1,1658.0,2105,1,73,13096.2
449.68,990.1,1658.0,2105,0,73,13085.8
449.8,1119.6,1658.0,2105,3,73,13076.1
449.92,1119.6,1658.0,2105,3,73,13064.8
450.04,1119.6,1658.0,2105,1,72,13054.3
450.16,1119.6,1658.0,2105,1,72,13041.0
450.281,1119.6,1658.0,2105,3,72,13032.4
450.401,1119.6,1658.0,2105,3,72,13024.2
450.521,1119.6,1658.0,2105,1,72,13011.2
450.642,1119.6,1658.0,2105,1,72,12999.3
450.763,1119.6,1658.0,2105,3,72,12988.3
450.884,1119.6,1658.0,2105,3,72,12977.0
451.005,1119.6,1658.0,2105,1,72,12964.2
451.126,1119.6,1658.0,2105,1,72,12954.1
451.247,1119.6,1658.0,2105,1,72,12942.0
451.368,1119.6,1658.0,2105,2,72,12929.1
451.49,1119.6,1658.0,2105,0,72,12916.5
451.61,1119.6,1658.0,2105,1,72,12906.6
451.733,1119.6,1658.0,2105,1,72,12894.3
451.853,1119.6,1658.0,2105,2,72,12882.5
451.974,1119.6,1658.0,2105,0,72,12868.8
452.095,1119.6,1658.0,2105,0,72,12857.4
452.216,675.4,1658.0,2105,4,73,12881.0
452.342,675.4,1658.0,2105,44,72,12949.0
452.46,675.4,1658.0,2105,0,72,13010.7
452.589,675.4,1658.0,2105,1,72,12825.2
452.733,675.4,1658.0,2105,1,72,12622.4
452.861,675.4,1658.0,2105,2,72,12712.8
452.988,675.4,1658.0,2105,0,72,12810.6
453.115,675.4,1658.0,2105,1,72,12908.1
453.242,675.4,1658.0,2105,1,72,13001.1
453.369,675.4,1658.0,2105,2,72,12996.0
453.496,675.4,1658.0,2105,0,72,13095.8
453.624,675.4,1658.0,2105,1,72,13189.5
453.751,675.4,1658.0,2105,1,72,13103.8
453.879,675.4,1658.0,2105,2,72,13133.2
454.009,675.4,1658.0,2105,0,72,13218.6
454.136,675.4,1658.0,2105,1,72,13287.2
454.257,675.4,1658.0,2105,1,72,13352.4
454.377,675.4,1658.0,2105,1,72,13356.7
454.506,675.4,1658.0,2105,0,72,13356.7
454.635,675.4,1658.0,2105,1,72,13356.7
454.764,1121.0,1658.0,2105,1,72,13315.3
454.883,701.1,1658.0,2105,44,76,13316.0
455.003,700.1,1658.0,2105,94,77,13316.8
455.123,699.1,1658.0,2105,93,77,13345.9
455.259,989.6,1658.0,2105,93,75,13347.8
455.377,698.2,1658.0,2105,68,77,13348.3
455.496,729.7,1658.0,2105,77,74,13348.3
455.616,697.2,1658.0,2105,69,78,13349.6
455.735,1117.2,1658.0,2105,69,75,13349.9
455.854,727.7,1658.0,2105,80,76,13349.9
455.973,1116.2,1658.0,2105,49,74,13349.9
456.093,695.3,1658.0,2105,49,78,13349.9
456.211,694.3,1658.0,2105,85,77,13350.1
456.33,1114.3,1658.0,2105,83,75,13350.2
456.449,693.3,1658.0,2105,83,79,13350.2
456.568,1141.9,1658.0,2105,84,74,13355.0
456.687,692.4,1658.0,2105,69,77,13355.0
456.804,853.4,1658.0,2105,27,74,13365.0
456.922,982.9,1658.0,2105,27,74,13375.0
457.04,1112.4,1658.0,2105,12,73,13391.0
457.158,1112.4,1658.0,2105,7,74,13409.0
457.277,691.4,1658.0,2105,7,77,13412.6
457.395,691.4,1658.0,2105,65,74,13418.6
457.514,852.4,1658.0,2105,7,74,13435.6
457.632,852.4,1658.0,2105,8,73,13452.4
457.75,981.9,1658.0,2105,8,73,13467.4
457.868,1111.4,1658.0,2105,9,73,13479.2
457.987,690.4,1658.0,2105,21,76,13486.2
458.104,697.4,1658.0,2105,21,74,13495.1
458.222,851.4,1658.0,2105,55,74,13515.2
458.341,851.4,1658.0,2105,6,73,13424.2
458.459,980.9,1658.0,2105,5,73,13340.5
458.578,980.9,1658.0,2105,5,73,13358.8
458.697,1110.4,1658.0,2105,7,73,13374.0
458.815,689.5,1658.0,2105,45,77,13377.8
458.932,721.0,1658.0,2105,45,74,13382.6
459.051,980.0,1658.0,2105,32,74,13396.5
459.168,1109.5,1658.0,2105,18,73,13408.2
459.286,688.5,1658.0,2105,18,77,13408.4
459.404,849.5,1658.0,2105,69,74,13412.9
459.522,687.5,1658.0,2105,27,76,13413.9
459.64,719.0,1658.0,2105,67,74,13415.9
459.76,686.6,1658.0,2105,67,75,13427.4
459.879,690.1,1658.0,2105,60,75,13427.4
459.997,847.6,1658.0,2105,33,74,13447.0
460.115,1106.6,1658.0,2105,33,73,13467.7
460.234,685.6,1658.0,2105,17,76,13472.3
460.355,717.1,1658.0,2105,70,75,13471.4
460.475,846.6,1658.0,2105,7,74,13479.4
460.595,976.1,1658.0,2105,7,73,13494.0
460.715,976.1,1658.0,2105,7,73,13513.2
460.836,1105.6,1658.0,2105,9,73,13528.9
460.955,684.6,1658.0,2105,9,78,13522.6
461.075,716.1,1658.0,2105,69,74,13525.9
461.195,845.6,1658.0,2105,5,74,13540.4
461.314,975.1,1658.0,2105,11,73,13551.3
461.434,1104.6,1658.0,2105,11,73,13562.0
461.553,683.7,1658.0,2105,9,76,13568.5
461.673,683.7,1658.0,2105,68,75,13560.2
461.794,974.2,1658.0,2105,68,74,13561.1
461.915,1103.7,1658.0,2105,14,74,13567.1
462.036,682.7,1658.0,2105,24,77,13562.4
462.156,843.7,1658.0,2105,56,74,13564.9
462.277,843.7,1658.0,2105,56,74,13569.4
462.398,973.2,1658.0,2105,8,74,13573.7
462.518,1102.7,1658.0,2105,7,73,13578.8
462.639,1102.7,1658.0,2105,7,73,13586.0
462.759,681.7,1658.0,2105,7,76,13583.4
462.881,842.7,1658.0,2105,68,74,13586.8
463.002,842.7,1658.0,2105,7,74,13599.4
463.123,972.2,1658.0,2105,7,74,13607.9
463.244,1101.7,1658.0,2105,7,73,13614.8
463.365,1138.0,1658.0,2105,10,73,13617.7
463.485,712.3,1658.0,2105,69,77,13613.0
463.606,841.8,1658.0,2105,69,74,13627.4
463.727,971.3,1658.0,2105,10,74,13637.4
463.847,1100.8,1658.0,2105,12,74,13650.9
463.968,679.8,1658.0,2105,12,76,13648.8
464.089,840.8,1658.0,2105,55,74,13657.4
464.215,970.3,1658.0,2105,20,74,13663.2
464.364,970.3,1658.0,2105,3,73,13647.6
464.677,1099.8,1658.0,2105,67,75,13630.8
464.968,839.8,1658.0,2105,3,74,13607.0
465.283,969.3,1658.0,2105,2,73,13574.4
465.668,1098.8,1658.0,2105,2,74,13546.0
465.975,677.9,1658.0,2105,66,77,13537.7
466.107,838.9,1658.0,2105,5,74,13513.0
466.408,838.9,1658.0,2105,3,74,13489.6
466.69,968.4,1658.0,2105,3,74,13479.6
466.893,968.4,1658.0,2105,5,74,13290.6
467.045,1097.9,1658.0,2105,4,74,13313.7
467.167,1097.9,1658.0,2105,4,74,13286.9
467.287,1124.0,1658.0,2105,4,74,13209.6
467.413,676.9,1658.0,2105,34,77,13142.8
467.534,708.4,1658.0,2105,37,74,13174.7
467.684,837.9,1658.0,2105,5,74,13215.2
467.803,837.9,1658.0,2105,5,74,13257.7
467.928,837.9,1658.0,2105,5,74,13289.4
468.049,967.4,1658.0,2105,3,74,13322.1
468.17,967.4,1658.0,2105,4,74,13354.8
468.291,967.4,1658.0,2105,4,74,13386.6
468.412,1096.9,1658.0,2105,4,74,13419.6
468.533,1096.9,1658.0,2105,3,74,13446.9
468.705,1096.9,1658.0,2105,0,74,13406.7
469.15,675.9,1658.0,2105,66,75,13400.5
469.326,707.4,1658.0,2105,66,74,13363.4
469.447,836.9,1658.0,2105,4,74,13022.3
469.574,836.9,1658.0,2105,3,74,13002.6
469.705,836.9,1658.0,2105,4,74,12839.4
469.824,966.4,1658.0,2105,4,74,12561.6
469.945,966.4,1658.0,2105,4,74,12375.7
470.064,966.4,1658.0,2105,3,74,12277.7
470.183,1095.9,1658.0,2105,4,74,12214.6
470.301,1095.9,1658.0,2105,4,74,12206.8
470.42,1095.9,1658.0,2105,4,74,12191.6
470.539,1095.9,1658.0,2105,3,74,12198.0
470.657,651.0,1658.0,2105,3,77,12198.3
470.838,646.6,1658.0,2105,1,74,12206.1
470.956,672.9,1658.0,2105,1,77,12206.5
471.075,674.1,1658.0,2105,94,78,12157.9
471.195,835.2,1658.0,2105,47,74,12174.1
471.313,835.2,1658.0,2105,47,74,12188.1
471.431,964.7,1658.0,2105,6,74,12203.1
471.549,964.7,1658.0,2105,7,74,12220.0
471.668,675.4,1658.0,2105,7,76,12225.9
471.786,836.4,1658.0,2105,49,74,12243.4
471.904,965.9,1658.0,2105,11,74,12263.6
472.022,1095.4,1658.0,2105,10,74,12283.6
472.14,1095.4,1658.0,2105,10,74,12300.1
472.259,708.1,1658.0,2105,27,75,12309.0
472.377,967.1,1658.0,2105,27,74,12326.4
472.496,1096.6,1658.0,2105,27,74,12345.2
472.614,677.8,1658.0,2105,11,74,12352.3
472.733,838.8,1658.0,2105,45,74,12363.2
472.851,838.8,1658.0,2105,8,74,12381.3
472.969,968.3,1658.0,2105,8,74,12397.6
473.087,1097.8,1658.0,2105,10,73,12414.8
473.206,679.0,1658.0,2105,18,76,12425.1
473.324,840.0,1658.0,2105,18,74,12438.3
473.442,840.0,1658.0,2105,35,74,12456.2
473.56,969.5,1658.0,2105,4,74,12471.6
473.679,969.5,1658.0,2105,7,73,12486.4
473.798,1099.0,1658.0,2105,7,73,12497.8
473.917,680.2,1658.0,2105,9,77,12503.9
474.035,841.3,1658.0,2105,41,74,12514.6
474.153,841.3,1658.0,2105,41,74,12526.0
474.271,970.8,1658.0,2105,8,73,12537.6
474.389,970.8,1658.0,2105,7,73,12548.9
474.508,1100.3,1658.0,2105,7,73,12560.3
474.626,1100.3,1658.0,2105,5,73,12575.0
474.745,681.5,1658.0,2105,11,76,12581.1
474.863,842.5,1658.0,2105,44,74,12590.6
474.983,1101.5,1658.0,2105,44,73,12601.2
475.101,682.7,1658.0,2105,13,76,12610.8
475.22,843.7,1658.0,2105,44,74,12631.7
475.338,843.7,1658.0,2105,44,73,12649.5
475.456,1102.7,1658.0,2105,9,73,12661.3
475.574,683.9,1658.0,2105,27,77,12668.5
475.693,844.9,1658.0,2105,31,74,12684.9
475.811,844.9,1658.0,2105,31,73,12702.8
475.929,974.4,1658.0,2105,7,73,12722.9
476.047,974.4,1658.0,2105,5,73,12746.2
476.165,1103.9,1658.0,2105,5,73,12765.8
476.283,846.1,1658.0,2105,21,74,12770.4
476.402,1105.1,1658.0,2105,44,74,12779.3
476.52,686.3,1658.0,2105,44,76,12786.9
476.638,687.6,1658.0,2105,48,75,12788.0
476.756,688.8,1658.0,2105,71,75,12789.1
476.875,849.8,1658.0,2105,57,74,12798.8
476.992,1108.8,1658.0,2105,57,74,12808.3
477.111,690.0,1658.0,2105,39,75,12815.7
477.229,851.0,1658.0,2105,24,74,12833.6
477.347,851.0,1658.0,2105,24,73,12852.3
477.465,980.5,1658.0,2105,7,73,12871.0
477.584,980.5,1658.0,2105,4,73,12890.0
477.702,1110.0,1658.0,2105,9,73,12904.8
477.82,691.2,1658.0,2105,9,77,12913.2
477.937,852.2,1658.0,2105,43,74,12934.8
478.056,852.2,1658.0,2105,6,73,12952.4
478.173,981.7,1658.0,2105,6,73,12968.1
478.291,1111.2,1658.0,2105,9,73,12980.7
478.409,1115.3,1658.0,2105,10,74,12990.3
478.527,853.5,1658.0,2105,10,74,12999.1
478.646,853.5,1658.0,2105,43,73,13013.4
478.764,983.0,1658.0,2105,12,73,13026.1
478.882,1112.5,1658.0,2105,8,73,13044.6
479.0,693.7,1658.0,2105,8,73,13059.0
479.118,854.7,1658.0,2105,37,74,13068.9
479.236,984.2,1658.0,2105,18,73,12993.2
479.356,694.9,1658.0,2105,18,75,12936.9
479.474,855.9,1658.0,2105,49,74,12951.7
479.592,985.4,1658.0,2105,11,73,12964.9
479.709,1114.9,1658.0,2105,10,73,12979.0
479.828,1114.9,1658.0,2105,10,73,12991.4
479.946,857.1,1658.0,2105,35,74,12997.3
480.064,986.6,1658.0,2105,23,73,13006.9
480.182,1116.1,1658.0,2105,23,74,13015.4
480.301,704.3,1658.0,2105,32,74,13022.5
480.419,858.3,1658.0,2105,24,73,13034.8
480.537,987.8,1658.0,2105,10,73,13045.3
480.654,987.8,1658.0,2105,10,73,13051.7
480.772,1117.3,1658.0,2105,9,73,13059.7
480.89,702.1,1658.0,2105,43,74,13068.7
481.008,859.6,1658.0,2105,43,73,13086.0
481.125,859.6,1658.0,2105,6,73,12894.4
481.259,989.1,1658.0,2105,6,73,12923.6
481.377,989.1,1658.0,2105,7,73,12952.3
481.495,1118.6,1658.0,2105,7,74,12975.2
481.613,731.3,1658.0,2105,42,74,12992.5
481.731,860.8,1658.0,2105,11,73,13022.6
481.85,990.3,1658.0,2105,11,73,13046.2
481.968,1126.3,1658.0,2105,15,73,13065.5
482.085,862.0,1658.0,2105,45,74,13081.8
482.203,862.0,1658.0,2105,45,73,13109.9
482.321,991.5,1658.0,2105,7,73,12953.1
482.442,991.5,1658.0,2105,5,73,12963.4
482.56,991.5,1658.0,2105,5,73,12998.4
482.679,1121.0,1658.0,2105,5,73,13036.1
482.797,1121.0,1658.0,2105,7,73,13073.1
482.915,702.2,1658.0,2105,41,74,13091.6
483.033,863.2,1658.0,2105,41,73,13062.0
483.151,863.2,1658.0,2105,4,73,13091.6
483.27,863.2,1658.0,2105,5,73,13129.6
483.389,863.2,1658.0,2105,4,73,13156.6
483.509,992.7,1658.0,2105,4,73,13195.1
483.63,992.7,1658.0,2105,3,73,13207.8
483.751,992.7,1658.0,2105,2,73,13134.4
483.875,992.7,1658.0,2105,3,73,13012.9
484.002,1122.2,1658.0,2105,3,73,12794.7
484.126,1122.2,1658.0,2105,3,73,12810.8
484.25,1122.2,1658.0,2105,4,73,12835.5
484.368,703.4,1658.0,2105,4,76,12852.3
484.487,710.4,1658.0,2105,41,73,12851.3
484.608,864.4,1658.0,2105,3,73,12848.7
484.726,864.4,1658.0,2105,4,73,12702.1
484.846,864.4,1658.0,2105,4,73,12532.2
484.965,864.4,1658.0,2105,4,73,12425.6
485.085,993.9,1658.0,2105,3,73,12300.3
485.205,993.9,1658.0,2105,3,73,12150.1
485.323,993.9,1658.0,2105,4,73,12144.7
485.457,1123.4,1658.0,2105,4,73,12142.9
485.578,1123.4,1658.0,2105,3,73,12163.8
485.698,1123.4,1658.0,2105,3,73,12182.9
485.819,704.6,1658.0,2105,4,74,12197.0
485.94,704.7,1658.0,2105,40,74,12211.8
486.06,865.7,1658.0,2105,3,73,12235.4
486.182,865.7,1658.0,2105,3,73,12261.4
486.304,865.7,1658.0,2105,4,73,12287.3
486.429,865.7,1658.0,2105,4,73,12311.7
486.551,995.2,1658.0,2105,4,73,12335.3
486.674,995.2,1658.0,2105,3,73,12370.1
486.797,995.2,1658.0,2105,5,73,12400.4
486.92,1124.7,1658.0,2105,4,73,12423.5
487.043,1124.7,1658.0,2105,4,73,12448.5
487.165,1124.7,1658.0,2105,2,73,12471.8
487.287,1124.7,1658.0,2105,4,73,12495.7
487.409,679.4,1658.0,2105,33,76,12501.9
487.529,680.5,1658.0,2105,33,73,12523.7
487.659,680.5,1658.0,2105,7,73,12587.5
487.79,680.5,1658.0,2105,1,73,12670.6
487.918,680.5,1658.0,2105,1,73,12752.1
488.046,680.5,1658.0,2105,1,73,12828.0
488.174,680.5,1658.0,2105,0,73,12671.3
488.301,680.5,1658.0,2105,1,73,12763.1
488.429,680.5,1658.0,2105,1,73,12856.4
488.557,680.5,1658.0,2105,0,73,12955.1
488.684,680.5,1658.0,2105,0,73,13024.9
488.811,680.5,1658.0,2105,1,73,13037.2
488.939,680.5,1658.0,2105,1,73,13122.9
489.067,680.5,1658.0,2105,0,73,13176.9
489.189,680.5,1658.0,2105,0,73,13194.6
489.309,680.5,1658.0,2105,1,73,13248.6
489.436,680.5,1658.0,2105,1,73,13248.6
489.565,680.5,1658.0,2105,0,73,13248.6
489.694,680.5,1658.0,2105,0,73,13199.8
489.818,706.2,1658.0,2105,18,76,13202.9
489.936,1126.2,1658.0,2105,99,75,13210.5
490.053,736.5,1658.0,2105,99,78,13211.6
490.17,995.5,1658.0,2105,80,74,13260.6
490.289,703.9,1658.0,2105,53,78,13262.1
490.41,1123.9,1658.0,2105,64,75,13270.9
490.528,702.7,1658.0,2105,64,78,13272.9
490.646,1122.7,1658.0,2105,69,74,13276.0
490.763,701.6,1658.0,2105,77,78,13276.1
490.882,862.6,1658.0,2105,77,74,13284.9
491.0,992.1,1658.0,2105,21,74,13306.2
491.118,992.1,1658.0,2105,4,74,13335.5
491.236,1121.6,1658.0,2105,4,74,13363.2
491.354,700.4,1658.0,2105,8,78,13368.8
491.472,700.4,1658.0,2105,72,74,13372.0
491.589,861.4,1658.0,2105,7,74,13386.0
491.708,1597.6,1658.0,2105,7,75,13392.8
491.826,699.3,1658.0,2105,50,77,13396.0
491.944,860.3,1658.0,2105,39,74,13409.5
492.062,989.8,1658.0,2105,39,74,13422.2
492.18,1119.3,1658.0,2105,9,74,13436.0
492.298,698.1,1658.0,2105,12,74,13447.8
492.416,729.6,1658.0,2105,70,76,13451.3
492.534,988.6,1658.0,2105,70,74,13464.4
492.651,1118.1,1658.0,2105,13,74,13479.2
492.77,697.0,1658.0,2105,46,77,12883.6
492.89,858.0,1658.0,2105,46,74,12896.3
493.008,987.5,1658.0,2105,38,74,12908.2
493.126,1117.0,1658.0,2105,13,74,12918.8
493.244,695.8,1658.0,2105,13,77,12921.1
493.363,856.8,1658.0,2105,72,74,12937.0
493.481,986.3,1658.0,2105,9,74,12948.8
493.599,1115.8,1658.0,2105,9,74,12965.6
493.717,1115.8,1658.0,2105,9,74,12984.6
493.834,694.7,1658.0,2105,8,78,12990.1
493.953,726.2,1658.0,2105,67,75,13009.9
494.071,855.7,1658.0,2105,67,74,13031.2
494.19,985.2,1658.0,2105,6,74,13051.0
494.308,985.2,1658.0,2105,10,74,13066.9
494.426,1114.7,1658.0,2105,7,73,13079.9
494.544,693.5,1658.0,2105,7,77,13083.4
494.662,725.0,1658.0,2105,68,74,13096.8
494.781,854.5,1658.0,2105,7,74,13117.7
494.899,854.5,1658.0,2105,7,74,13136.3
495.017,984.0,1658.0,2105,5,73,13155.7
495.134,984.0,1658.0,2105,4,73,13172.3
495.252,1113.5,1658.0,2105,4,73,13186.2
495.37,692.4,1658.0,2105,12,78,13188.9
495.489,853.4,1658.0,2105,69,74,13201.2
495.608,982.9,1658.0,2105,12,74,13217.7
495.726,1112.4,1658.0,2105,12,73,13241.5
495.844,691.2,1658.0,2105,11,77,13249.9
495.962,691.2,1658.0,2105,66,74,13252.5
496.08,852.2,1658.0,2105,66,74,13278.6
496.197,981.7,1658.0,2105,7,74,13308.9
496.315,1309.7,1658.0,2105,14,73,13324.9
496.433,690.1,1658.0,2105,73,77,13324.9
496.551,851.1,1658.0,2105,73,74,13340.5
496.67,1110.1,1658.0,2105,13,74,13362.9
496.789,1110.1,1658.0,2105,13,74,13387.7
496.907,688.9,1658.0,2105,13,77,13389.3
497.025,849.9,1658.0,2105,70,74,13401.6
497.143,1108.9,1658.0,2105,15,74,13416.4
497.261,687.8,1658.0,2105,42,76,13424.5
497.379,719.3,1658.0,2105,42,75,13432.3
497.497,848.8,1658.0,2105,37,74,13448.7
497.615,978.3,1658.0,2105,6,74,13465.9
497.733,978.3,1658.0,2105,6,73,13396.1
497.852,978.3,1658.0,2105,7,73,13360.4
497.974,686.6,1658.0,2105,8,75,13367.1
498.093,690.1,1658.0,2105,8,75,13355.8
498.213,847.6,1658.0,2105,69,74,13372.5
498.33,847.6,1658.0,2105,8,73,13392.7
498.448,1106.6,1658.0,2105,10,73,13413.6
498.566,1106.6,1658.0,2105,10,73,13433.6
498.684,685.5,1658.0,2105,7,76,13440.1
498.801,685.5,1658.0,2105,67,74,13444.2
498.919,976.0,1658.0,2105,67,74,13459.1
499.036,976.0,1658.0,2105,12,73,13478.8
499.154,1105.5,1658.0,2105,11,73,13496.1
499.273,684.3,1658.0,2105,70,77,13482.3
499.394,845.3,1658.0,2105,70,74,13485.2
499.513,845.3,1658.0,2105,7,73,13489.8
499.633,974.8,1658.0,2105,8,73,13494.2
499.754,1104.3,1658.0,2105,8,73,13499.1
499.874,1104.3,1658.0,2105,7,73,13509.6
499.993,683.2,1658.0,2105,27,77,13503.0
500.112,844.2,1658.0,2105,49,74,13513.5
500.232,844.2,1658.0,2105,49,74,13530.0
500.352,973.7,1658.0,2105,6,73,13540.7
500.471,1103.2,1658.0,2105,6,73,13549.8
500.592,1103.2,1658.0,2105,6,73,13556.0
500.713,682.0,1658.0,2105,17,77,13550.1
500.834,843.0,1658.0,2105,62,74,13558.9
500.955,972.5,1658.0,2105,6,74,13573.5
501.075,1102.0,1658.0,2105,6,74,13586.9
501.196,1102.0,1658.0,2105,10,73,13600.5
501.317,680.9,1658.0,2105,28,76,13597.9
501.437,841.9,1658.0,2105,28,75,13607.5
501.559,841.9,1658.0,2105,49,74,13625.6
501.679,971.4,1658.0,2105,8,74,13643.8
501.802,1100.9,1658.0,2105,8,73,13661.3
501.922,679.7,1658.0,2105,8,76,13663.7
502.043,679.7,1658.0,2105,50,74,13657.1
502.164,840.8,1658.0,2105,26,74,13671.0
502.318,970.3,1658.0,2105,4,73,13646.4
502.625,1099.8,1658.0,2105,2,73,13617.3
502.954,678.6,1658.0,2105,56,77,13611.2
503.093,839.6,1658.0,2105,15,74,13579.1
503.403,839.6,1658.0,2105,1,73,13523.2
503.748,969.1,1658.0,2105,5,74,13486.0
504.069,969.1,1658.0,2105,3,74,13446.3
504.399,969.1,1658.0,2105,2,74,13409.7
504.733,1098.6,1658.0,2105,2,74,13371.0
504.904,1098.6,1658.0,2105,5,74,13140.7
505.036,1576.4,1658.0,2105,3,75,13160.6
505.157,677.4,1658.0,2105,64,75,13166.7
505.277,709.0,1658.0,2105,64,74,13189.1
505.399,838.5,1658.0,2105,8,74,13217.4
505.52,838.5,1658.0,2105,3,74,13237.9
505.641,838.5,1658.0,2105,4,73,13265.0
505.763,968.0,1658.0,2105,4,74,13282.3
505.885,968.0,1658.0,2105,5,74,13303.6
506.008,968.0,1658.0,2105,3,73,13332.7
506.131,1097.5,1658.0,2105,5,74,13365.3
506.253,1097.5,1658.0,2105,4,73,13387.8
506.476,1097.5,1658.0,2105,2,73,13366.5
506.609,676.3,1658.0,2105,2,77,13199.6
506.731,707.8,1658.0,2105,67,74,12925.5
506.855,837.3,1658.0,2105,4,74,12867.5
507.015,837.3,1658.0,2105,3,74,12878.3
507.134,837.3,1658.0,2105,4,73,12902.5
507.253,966.8,1658.0,2105,4,73,12930.0
507.372,966.8,1658.0,2105,4,74,12875.8
507.492,966.8,1658.0,2105,2,74,12877.6
507.61,966.8,1658.0,2105,2,73,12870.9
507.729,1096.3,1658.0,2105,4,73,12815.7
507.848,1096.3,1658.0,2105,4,73,12774.6
507.966,1096.3,1658.0,2105,3,73,12767.6
508.084,651.2,1658.0,2105,3,74,12764.1
508.203,646.6,1658.0,2105,46,76,12765.7
508.329,646.6,1658.0,2105,28,74,12772.4
508.45,643.1,1658.0,2105,28,74,12782.5
508.57,669.5,1658.0,2105,10,76,12783.0
508.689,670.7,1658.0,2105,95,76,12786.1
508.806,1090.7,1658.0,2105,57,74,12764.5
508.928,833.0,1658.0,2105,57,76,12765.4
509.046,673.3,1658.0,2105,61,76,12768.8
509.164,1093.3,1658.0,2105,63,75,12773.1
509.282,835.6,1658.0,2105,63,75,12782.1
509.401,835.6,1658.0,2105,49,74,12799.9
509.519,965.1,1658.0,2105,6,74,12815.5
509.639,1094.6,1658.0,2105,12,74,12834.6
509.758,1094.6,1658.0,2105,12,74,12856.8
509.877,675.8,1658.0,2105,23,76,12865.5
509.995,836.8,1658.0,2105,27,74,12881.8
510.113,966.3,1658.0,2105,27,74,12899.6
510.231,966.3,1658.0,2105,6,74,12913.6
510.349,1095.8,1658.0,2105,11,74,12923.7
510.467,677.1,1658.0,2105,11,77,12930.3
510.585,838.1,1658.0,2105,42,74,12941.2
510.703,838.1,1658.0,2105,7,74,12952.5
510.821,967.6,1658.0,2105,7,74,12963.9
510.939,967.6,1658.0,2105,7,73,12975.0
511.057,1097.1,1658.0,2105,5,73,12987.0
511.175,1097.1,1658.0,2105,7,74,13000.3
511.293,678.4,1658.0,2105,7,76,13006.5
511.411,839.4,1658.0,2105,42,74,13015.1
511.529,968.9,1658.0,2105,12,74,13038.2
511.647,679.7,1658.0,2105,31,74,13043.4
511.765,711.2,1658.0,2105,31,74,13056.3
511.883,840.7,1658.0,2105,25,74,13075.0
512.001,970.2,1658.0,2105,8,74,12927.0
512.121,1099.7,1658.0,2105,8,74,12714.1
512.251,680.9,1658.0,2105,10,74,12726.6
512.37,841.9,1658.0,2105,44,74,12737.9
512.488,841.9,1658.0,2105,6,74,12754.6
512.606,971.4,1658.0,2105,6,73,12772.5
512.725,971.4,1658.0,2105,7,73,12794.2
512.843,1100.9,1658.0,2105,8,73,12811.2
512.961,682.2,1658.0,2105,8,76,12818.7
513.079,972.7,1658.0,2105,45,74,12826.6
513.197,1102.2,1658.0,2105,19,73,12838.7
513.314,683.5,1658.0,2105,19,76,12844.4
513.434,1103.5,1658.0,2105,47,74,12849.8
513.552,845.8,1658.0,2105,55,75,12852.9
513.67,686.0,1658.0,2105,58,77,12854.9
513.788,847.0,1658.0,2105,58,74,12872.9
513.905,976.5,1658.0,2105,17,74,12888.6
514.023,687.3,1658.0,2105,38,77,12894.9
514.141,848.3,1658.0,2105,38,74,12923.9
514.259,848.3,1658.0,2105,23,74,12952.1
514.378,977.8,1658.0,2105,7,73,12979.4
514.496,977.8,1658.0,2105,4,73,13000.0
514.614,1107.3,1658.0,2105,4,73,13019.1
514.732,1107.3,1658.0,2105,9,73,13035.3
514.85,692.1,1658.0,2105,43,75,13047.3
514.968,849.6,1658.0,2105,43,74,13063.3
515.086,979.1,1658.0,2105,7,73,13091.9
515.204,979.1,1658.0,2105,7,73,13112.0
515.323,1108.6,1658.0,2105,7,73,13075.5
515.443,1108.6,1658.0,2105,8,73,13097.7
515.562,721.4,1658.0,2105,40,74,13110.3
515.68,850.9,1658.0,2105,11,74,13127.4
515.8,980.4,1658.0,2105,11,73,13150.9
515.933,1109.9,1658.0,2105,11,73,12878.5
516.052,1109.9,1658.0,2105,6,73,12654.4
516.171,698.1,1658.0,2105,42,74,12670.0
516.288,852.1,1658.0,2105,42,74,12692.9
516.407,981.6,1658.0,2105,12,73,12709.7
516.525,1111.1,1658.0,2105,10,73,12726.3
516.643,692.4,1658.0,2105,10,75,12740.2
516.762,853.4,1658.0,2105,44,74,12758.5
516.881,982.9,1658.0,2105,9,73,12785.1
516.999,1112.4,1658.0,2105,9,73,12815.7
517.117,1112.4,1658.0,2105,8,73,12844.8
517.236,693.7,1658.0,2105,21,76,12858.4
517.354,854.7,1658.0,2105,30,74,12883.5
517.472,854.7,1658.0,2105,30,73,12912.8
517.59,984.2,1658.0,2105,6,73,12940.1
517.708,1113.7,1658.0,2105,9,73,12970.6
517.826,1113.7,1658.0,2105,9,74,12996.6
517.944,856.0,1658.0,2105,27,75,13012.3
518.063,856.0,1658.0,2105,25,73,13039.8
518.182,1115.0,1658.0,2105,12,73,13062.7
518.301,1115.0,1658.0,2105,12,73,13082.7
518.421,696.2,1658.0,2105,9,76,13094.7
518.54,857.2,1658.0,2105,44,74,13125.4
518.658,986.7,1658.0,2105,44,73,13132.6
518.777,1116.2,1658.0,2105,11,73,13043.7
518.895,697.5,1658.0,2105,8,73,13058.6
519.015,858.5,1658.0,2105,8,74,12965.0
519.133,858.5,1658.0,2105,43,74,12989.1
519.251,988.0,1658.0,2105,10,73,13009.1
519.369,1117.5,1658.0,2105,8,73,13036.2
519.487,1117.5,1658.0,2105,8,73,13062.8
519.605,698.8,1658.0,2105,5,76,13075.8
519.725,859.8,1658.0,2105,43,74,13101.1
519.842,859.8,1658.0,2105,43,73,13086.3
519.961,989.3,1658.0,2105,8,73,13088.0
520.083,1118.8,1658.0,2105,6,73,13099.5
520.202,1118.8,1658.0,2105,8,73,12846.1
520.323,700.1,1658.0,2105,8,76,12590.8
520.442,861.1,1658.0,2105,42,74,12621.6
520.56,861.1,1658.0,2105,6,73,12648.8
520.679,861.1,1658.0,2105,6,73,12685.6
520.797,990.6,1658.0,2105,6,73,12713.3
520.916,990.6,1658.0,2105,6,73,12737.6
521.034,1120.1,1658.0,2105,4,73,12768.7
521.152,1120.1,1658.0,2105,4,73,12808.4
521.27,1120.1,1658.0,2105,5,73,12854.9
521.388,701.3,1658.0,2105,41,76,12856.6
521.506,732.8,1658.0,2105,3,73,12864.2
521.652,862.3,1658.0,2105,3,73,12890.4
521.776,862.3,1658.0,2105,4,73,12911.3
521.897,862.3,1658.0,2105,4,73,12934.1
522.018,991.8,1658.0,2105,4,73,12941.4
522.139,991.8,1658.0,2105,2,73,12935.5
522.262,991.8,1658.0,2105,2,73,12926.0
522.383,991.8,1658.0,2105,2,73,12916.6
522.505,991.8,1658.0,2105,2,73,12908.5
522.626,991.8,1658.0,2105,1,73,12901.0
522.747,991.8,1658.0,2105,2,73,12890.6
522.869,991.8,1658.0,2105,2,73,12882.8
522.991,991.8,1658.0,2105,2,73,12873.6
523.112,991.8,1658.0,2105,1,73,12865.4
523.234,991.8,1658.0,2105,2,73,12856.1
523.355,991.8,1658.0,2105,2,73,12846.7
523.477,991.8,1658.0,2105,2,73,12838.2
523.599,991.8,1658.0,2105,1,73,12829.8
523.721,1121.3,1658.0,2105,2,73,12823.2
523.843,1121.3,1658.0,2105,2,73,12811.6
523.964,1121.3,1658.0,2105,2,73,12802.7
524.086,1121.3,1658.0,2105,1,73,12794.3
524.208,1121.3,1658.0,2105,2,73,12785.2
524.329,1121.3,1658.0,2105,2,73,12776.6
524.451,1121.3,1658.0,2105,2,72,12766.9
524.573,1121.3,1658.0,2105,1,72,12758.4
524.694,1121.3,1658.0,2105,1,72,12748.8
524.816,1121.3,1658.0,2105,2,72,12741.1
524.938,1121.3,1658.0,2105,2,72,12732.1
525.06,1121.3,1658.0,2105,1,72,12722.4
525.181,1121.3,1658.0,2105,1,72,12713.1
525.303,1121.3,1658.0,2105,2,72,12703.7
525.425,702.6,1658.0,2105,2,73,12700.4
525.545,702.6,1658.0,2105,46,73,12700.2
525.671,702.6,1658.0,2105,46,73,12686.9
525.792,706.1,1658.0,2105,2,73,12674.5
525.914,734.1,1658.0,2105,2,73,12663.5
526.034,863.6,1658.0,2105,2,73,12375.0
526.18,863.6,1658.0,2105,2,73,12247.0
526.298,863.6,1658.0,2105,5,73,12057.7
526.432,993.1,1658.0,2105,4,73,12061.3
526.555,993.1,1658.0,2105,3,73,12091.4
526.679,993.1,1658.0,2105,3,73,12128.0
526.802,993.1,1658.0,2105,5,73,12151.3
526.927,1122.6,1658.0,2105,4,73,12175.1
527.051,1122.6,1658.0,2105,2,73,12199.7
527.174,1122.6,1658.0,2105,2,73,12223.0
527.298,1122.6,1658.0,2105,4,73,12245.9
527.42,678.6,1658.0,2105,42,74,12285.3
527.574,678.6,1658.0,2105,0,73,12356.1
527.702,678.6,1658.0,2105,0,73,12428.9
527.83,678.6,1658.0,2105,1,73,12526.2
527.957,678.6,1658.0,2105,1,73,12623.3
528.084,678.6,1658.0,2105,0,73,12606.4
528.211,678.6,1658.0,2105,1,73,12699.5
528.338,678.6,1658.0,2105,1,73,12790.7
528.466,678.6,1658.0,2105,1,73,12882.2
528.594,678.6,1658.0,2105,0,73,12987.8
528.722,678.6,1658.0,2105,1,73,13079.8
528.849,678.6,1658.0,2105,1,73,13168.0
528.979,678.6,1658.0,2105,0,73,13240.6
529.114,678.6,1658.0,2105,0,73,12865.9
529.245,678.6,1658.0,2105,0,73,12885.9
529.373,678.6,1658.0,2105,0,73,12961.3
529.501,678.6,1658.0,2105,3,73,13015.6
529.622,678.6,1658.0,2105,0,73,13139.5
529.746,678.6,1658.0,2105,1,74,13078.8
529.874,678.6,1658.0,2105,1,73,13078.8
530.002,678.6,1658.0,2105,1,73,13078.8
530.13,1124.3,1658.0,2105,0,74,13046.5
530.252,704.4,1698.0,2145,89,78,13073.2
530.371,703.3,1698.0,2145,89,78,13081.1
530.49,864.3,1698.0,2145,94,75,13081.8
530.609,702.3,1698.0,2145,64,78,13085.5
530.728,863.3,1698.0,2145,52,75,13088.7
530.846,701.2,1698.0,2145,52,75,13096.8
530.964,732.7,1698.0,2145,67,76,13097.5
531.082,1599.8,1698.0,2145,41,74,13102.1
531.2,861.1,1698.0,2145,41,77,13102.6
531.317,1120.1,1698.0,2145,72,75,13109.8
531.436,699.0,1698.0,2145,67,78,13109.8
531.555,989.5,1698.0,2145,67,75,13113.1
531.673,698.0,1698.0,2145,42,79,13114.5
531.791,988.5,1698.0,2145,70,75,13120.6
531.91,696.9,1698.0,2145,72,79,13122.4
532.028,857.9,1698.0,2145,72,75,13124.8
532.146,695.8,1698.0,2145,37,76,13131.1
532.264,695.8,1698.0,2145,75,76,13131.1
532.382,986.3,1698.0,2145,75,75,13139.0
532.5,694.7,1698.0,2145,18,76,13142.3
532.617,694.7,1698.0,2145,74,76,13142.8
532.737,855.7,1698.0,2145,8,74,13157.9
532.855,985.2,1698.0,2145,8,74,13170.6
532.974,1114.7,1698.0,2145,12,74,13183.9
533.092,693.6,1698.0,2145,25,76,13190.3
533.21,693.6,1698.0,2145,25,76,13192.2
533.33,854.7,1698.0,2145,51,74,13206.8
533.448,854.7,1698.0,2145,7,74,13222.5
533.566,984.2,1698.0,2145,7,74,13236.5
533.684,1113.7,1698.0,2145,9,74,13246.6
533.802,692.6,1698.0,2145,33,78,13247.4
533.919,692.6,1698.0,2145,45,75,13253.3
534.038,853.6,1698.0,2145,45,74,13271.3
534.156,853.6,1698.0,2145,7,74,13289.5
534.273,983.1,1698.0,2145,7,74,13306.6
534.391,1112.6,1698.0,2145,7,74,13323.2
534.509,1112.6,1698.0,2145,7,74,13335.9
534.627,691.5,1698.0,2145,41,78,13336.7
534.746,852.5,1698.0,2145,39,74,13349.5
534.864,982.0,1698.0,2145,39,74,13359.9
534.982,690.4,1698.0,2145,23,77,13361.6
535.1,851.4,1698.0,2145,70,75,13366.0
535.218,689.3,1698.0,2145,70,77,13369.2
535.337,689.3,1698.0,2145,73,75,13369.9
535.456,1109.3,1698.0,2145,24,74,13374.8
535.574,688.3,1698.0,2145,24,77,13384.2
535.692,688.3,1698.0,2145,50,75,13384.4
535.812,978.8,1698.0,2145,37,74,13393.2
535.93,1448.7,1698.0,2145,20,75,13402.9
536.047,690.7,1698.0,2145,20,76,13406.1
536.166,848.2,1698.0,2145,69,74,13419.7
536.283,977.7,1698.0,2145,11,74,13435.7
536.401,977.7,1698.0,2145,11,74,13409.5
536.521,686.1,1698.0,2145,9,76,13301.1
536.64,693.1,1698.0,2145,65,75,13310.4
536.758,847.1,1698.0,2145,12,74,13335.5
536.876,976.6,1698.0,2145,12,74,13354.4
536.993,1106.1,1698.0,2145,11,74,13367.0
537.111,685.0,1698.0,2145,38,77,13374.2
537.231,685.0,1698.0,2145,38,75,13380.4
537.349,975.5,1698.0,2145,42,74,13394.1
537.467,975.5,1698.0,2145,15,74,13414.4
537.585,1105.0,1698.0,2145,11,74,13429.4
537.703,684.0,1698.0,2145,11,78,13434.1
537.822,845.0,1698.0,2145,68,74,13454.5
537.939,845.0,1698.0,2145,7,74,13471.9
538.057,974.5,1698.0,2145,7,74,13471.5
538.176,974.5,1698.0,2145,6,74,13368.3
538.295,1104.0,1698.0,2145,8,74,13392.7
538.412,1104.0,1698.0,2145,8,74,13420.5
538.53,682.9,1698.0,2145,4,78,13424.3
538.649,843.9,1698.0,2145,67,74,13444.4
538.767,843.9,1698.0,2145,9,74,13468.4
538.885,973.4,1698.0,2145,9,74,13482.3
539.003,973.4,1698.0,2145,5,74,13507.1
539.122,1102.9,1698.0,2145,5,74,13529.1
539.242,1102.9,1698.0,2145,5,74,13548.9
539.363,681.8,1698.0,2145,8,77,13551.0
539.484,713.3,1698.0,2145,68,75,13558.1
539.604,842.8,1698.0,2145,6,74,13578.9
539.724,972.3,1698.0,2145,6,74,13593.7
539.845,972.3,1698.0,2145,9,74,13608.3
539.965,1101.8,1698.0,2145,8,74,13620.8
540.085,680.7,1698.0,2145,8,78,13617.8
540.205,841.7,1698.0,2145,62,74,13632.1
540.325,841.7,1698.0,2145,14,74,13646.0
540.445,971.2,1698.0,2145,6,74,13660.0
540.565,1100.7,1698.0,2145,6,74,13674.3
540.692,1100.7,1698.0,2145,7,74,13688.1
540.812,679.6,1698.0,2145,38,78,13681.0
540.932,711.2,1698.0,2145,38,74,13680.8
541.053,840.7,1698.0,2145,38,74,13697.4
541.187,970.2,1698.0,2145,8,74,13687.8
541.454,1099.7,1698.0,2145,1,74,13652.0
541.76,678.6,1698.0,2145,46,77,13637.8
541.962,839.6,1698.0,2145,2,74,13613.5
542.273,839.6,1698.0,2145,1,74,13581.2
542.64,969.1,1698.0,2145,3,74,13551.0
542.968,969.1,1698.0,2145,1,74,13525.8
543.221,969.1,1698.0,2145,1,74,13483.3
543.646,1098.6,1698.0,2145,3,74,13468.9
543.894,1098.6,1698.0,2145,3,74,13452.3
544.028,677.5,1698.0,2145,12,78,13430.2
544.149,709.0,1698.0,2145,59,75,13141.9
544.321,838.5,1698.0,2145,5,74,13137.7
544.469,838.5,1698.0,2145,3,74,13161.5
544.589,838.5,1698.0,2145,3,74,13190.3
544.71,968.0,1698.0,2145,4,74,13206.1
544.831,968.0,1698.0,2145,3,74,13197.2
544.953,968.0,1698.0,2145,0,74,13185.1
545.074,968.0,1698.0,2145,0,74,13175.1
545.196,968.0,1698.0,2145,1,74,13162.1
545.317,968.0,1698.0,2145,2,74,13151.8
545.439,968.0,1698.0,2145,0,74,13139.7
545.561,968.0,1698.0,2145,0,74,13128.0
545.682,968.0,1698.0,2145,1,74,13030.2
545.802,968.0,1698.0,2145,4,74,13068.7
545.921,1097.5,1698.0,2145,4,74,13109.4
546.038,1097.5,1698.0,2145,3,74,13010.0
546.157,1097.5,1698.0,2145,3,74,12765.1
546.279,1097.5,1698.0,2145,5,74,12649.0
546.4,676.4,1698.0,2145,5,78,12661.2
546.519,683.4,1698.0,2145,66,75,12663.0
546.638,837.4,1698.0,2145,5,74,12654.7
546.756,837.4,1698.0,2145,5,74,12529.1
546.876,837.4,1698.0,2145,4,74,12517.7
546.996,837.4,1698.0,2145,3,74,12555.5
547.114,966.9,1698.0,2145,3,74,12341.9
547.236,966.9,1698.0,2145,3,74,12258.6
547.354,966.9,1698.0,2145,5,74,12290.6
547.477,966.9,1698.0,2145,3,74,12188.1
547.595,1096.4,1698.0,2145,3,74,12150.5
547.721,1096.4,1698.0,2145,5,74,12091.2
547.848,1096.4,1698.0,2145,4,74,12028.8
547.968,651.4,1698.0,2145,43,78,11996.1
548.087,646.6,1698.0,2145,43,75,11997.5
548.205,832.8,1698.0,2145,25,74,12005.2
548.325,673.1,1698.0,2145,58,77,12010.2
548.444,963.6,1698.0,2145,58,74,11880.5
548.567,677.9,1698.0,2145,43,76,11858.3
548.685,835.4,1698.0,2145,45,74,11875.5
548.803,835.4,1698.0,2145,6,74,11895.8
548.921,964.9,1698.0,2145,6,74,11913.0
549.039,964.9,1698.0,2145,6,74,11928.9
549.157,1094.4,1698.0,2145,6,74,11950.2
549.275,675.7,1698.0,2145,6,77,11956.5
549.393,836.8,1698.0,2145,45,74,11978.1
549.511,966.3,1698.0,2145,11,74,11997.1
549.63,1095.8,1698.0,2145,11,74,12016.3
549.748,677.1,1698.0,2145,11,74,12029.2
549.866,708.6,1698.0,2145,43,75,12045.5
549.984,838.1,1698.0,2145,7,74,12063.3
550.102,967.6,1698.0,2145,7,74,12082.5
550.221,1097.1,1698.0,2145,14,74,12100.3
550.339,709.9,1698.0,2145,45,75,12113.2
550.456,839.4,1698.0,2145,45,74,12137.7
550.574,839.4,1698.0,2145,6,74,12158.8
550.692,968.9,1698.0,2145,7,74,12179.5
550.811,1098.4,1698.0,2145,9,74,12200.2
550.929,1098.4,1698.0,2145,9,74,12219.9
551.047,679.7,1698.0,2145,7,76,12230.4
551.166,840.7,1698.0,2145,42,74,12245.7
551.284,970.2,1698.0,2145,42,74,12262.2
551.402,1099.7,1698.0,2145,11,74,12290.1
551.52,1102.1,1698.0,2145,7,74,12308.7
551.638,712.6,1698.0,2145,43,75,12317.1
551.756,842.1,1698.0,2145,43,74,12329.1
551.874,842.1,1698.0,2145,7,74,12341.7
551.992,971.6,1698.0,2145,6,74,12353.5
552.11,1101.1,1698.0,2145,6,74,12365.4
552.229,1101.1,1698.0,2145,9,74,12379.8
552.348,689.4,1698.0,2145,42,75,12385.9
552.466,972.9,1698.0,2145,11,74,12396.9
552.584,972.9,1698.0,2145,11,74,12414.7
552.703,1102.4,1698.0,2145,10,73,12422.2
552.821,715.2,1698.0,2145,45,75,12431.1
552.94,844.7,1698.0,2145,45,74,12450.6
553.058,844.7,1698.0,2145,5,74,12469.2
553.177,974.2,1698.0,2145,9,73,12489.7
553.296,1103.7,1698.0,2145,9,73,12510.6
553.415,685.1,1698.0,2145,9,77,12522.9
553.533,846.1,1698.0,2145,42,74,12540.7
553.651,846.1,1698.0,2145,7,74,12567.9
553.769,975.6,1698.0,2145,7,74,12590.3
553.887,975.6,1698.0,2145,7,73,12615.1
554.005,975.6,1698.0,2145,4,73,12637.5
554.123,1105.1,1698.0,2145,4,73,12657.1
554.24,686.4,1698.0,2145,8,76,12665.0
554.359,847.4,1698.0,2145,44,74,12679.0
554.477,976.9,1698.0,2145,12,74,12690.6
554.595,1106.4,1698.0,2145,12,73,12704.7
554.714,687.7,1698.0,2145,10,76,12714.8
554.832,848.7,1698.0,2145,47,74,12726.6
554.95,1107.7,1698.0,2145,47,74,12737.0
555.068,689.0,1698.0,2145,14,76,12741.1
555.186,850.1,1698.0,2145,47,74,12751.4
555.305,690.4,1698.0,2145,47,74,12757.0
555.423,851.4,1698.0,2145,36,74,12765.4
555.541,851.4,1698.0,2145,30,74,12778.7
555.66,1110.4,1698.0,2145,13,73,12789.5
555.778,691.7,1698.0,2145,13,77,12795.9
555.896,852.7,1698.0,2145,46,74,12812.8
556.014,852.7,1698.0,2145,5,74,12831.3
556.133,982.2,1698.0,2145,5,73,12851.8
556.251,982.2,1698.0,2145,7,73,12869.7
556.369,982.2,1698.0,2145,5,73,12886.3
556.487,1111.7,1698.0,2145,7,73,12900.7
556.605,693.0,1698.0,2145,7,76,12907.1
556.723,724.5,1698.0,2145,43,74,12924.2
556.841,854.0,1698.0,2145,6,74,12941.3
556.959,854.0,1698.0,2145,6,73,12959.3
557.077,983.5,1698.0,2145,6,73,12974.4
557.195,1113.0,1698.0,2145,9,73,12987.2
557.313,694.4,1698.0,2145,9,75,12995.5
557.431,855.4,1698.0,2145,30,74,13008.1
557.549,855.4,1698.0,2145,20,73,13022.5
557.667,984.9,1698.0,2145,8,73,12979.9
557.786,1114.4,1698.0,2145,8,73,12993.2
557.904,1114.4,1698.0,2145,9,73,13009.5
558.022,1114.4,1698.0,2145,5,73,13028.4
558.14,695.7,1698.0,2145,5,76,13036.6
558.258,986.2,1698.0,2145,43,73,13013.7
558.376,986.2,1698.0,2145,15,73,13030.2
558.495,1115.7,1698.0,2145,8,73,13037.7
558.613,700.5,1698.0,2145,8,75,13014.6
558.731,858.0,1698.0,2145,43,73,13039.3
558.849,1117.0,1698.0,2145,19,73,13049.6
558.966,988.9,1698.0,2145,19,75,13051.9
559.085,699.7,1698.0,2145,63,77,13054.4
559.203,1119.7,1698.0,2145,60,74,13049.7
559.321,862.0,1698.0,2145,60,76,13047.7
559.44,991.5,1698.0,2145,52,74,13063.3
559.558,1121.0,1698.0,2145,13,73,13044.6
559.676,702.3,1698.0,2145,36,77,13055.9
559.795,863.4,1698.0,2145,36,74,13071.8
559.913,1122.4,1698.0,2145,26,73,13092.4
560.038,703.7,1698.0,2145,10,76,13099.3
560.157,864.7,1698.0,2145,10,74,13122.3
560.277,864.7,1698.0,2145,44,73,13139.7
560.397,1123.7,1698.0,2145,12,73,13141.0
560.516,705.0,1698.0,2145,37,77,13140.4
560.636,866.0,1698.0,2145,37,74,13081.5
560.759,866.0,1698.0,2145,16,74,12961.7
560.881,866.0,1698.0,2145,5,73,12922.7
561.001,995.5,1698.0,2145,4,73,12951.2
561.119,995.5,1698.0,2145,4,73,12976.2
561.238,1125.0,1698.0,2145,6,73,13004.4
561.356,1125.0,1698.0,2145,5,73,13036.9
561.475,1125.0,1698.0,2145,5,73,13033.4
561.595,706.3,1698.0,2145,4,76,12950.3
561.715,737.8,1698.0,2145,41,74,12977.9
561.862,867.3,1698.0,2145,4,73,12951.2
561.98,867.3,1698.0,2145,3,73,12822.2
562.122,867.3,1698.0,2145,3,73,12548.8
562.244,996.8,1698.0,2145,4,73,12254.5
562.368,996.8,1698.0,2145,4,73,12191.2
562.486,996.8,1698.0,2145,4,73,12149.3
562.605,996.8,1698.0,2145,3,73,12165.9
562.751,1126.3,1698.0,2145,3,73,12129.4
562.869,1126.3,1698.0,2145,4,73,11983.8
562.988,1126.3,1698.0,2145,4,73,11892.3
563.106,707.7,1698.0,2145,3,74,11851.5
563.224,707.7,1698.0,2145,41,74,11833.2
563.342,868.7,1698.0,2145,4,73,11845.4
563.465,868.7,1698.0,2145,4,73,11856.9
563.583,868.7,1698.0,2145,3,73,11869.0
563.702,998.2,1698.0,2145,5,73,11863.8
563.82,998.2,1698.0,2145,5,73,11842.4
563.938,998.2,1698.0,2145,5,73,11673.5
564.062,1127.7,1698.0,2145,3,73,11598.2
564.181,1127.7,1698.0,2145,5,73,11351.9
564.3,1127.7,1698.0,2145,5,73,11171.2
564.419,1127.7,1698.0,2145,3,73,11057.6
564.537,683.7,1698.0,2145,41,75,11083.6
564.657,683.7,1698.0,2145,41,74,11106.1
564.786,683.7,1698.0,2145,1,73,11190.2
564.915,683.7,1698.0,2145,1,73,11230.8
565.043,683.7,1698.0,2145,0,73,11261.7
565.171,683.7,1698.0,2145,1,73,11344.6
565.299,683.7,1698.0,2145,1,73,11434.7
565.426,683.7,1698.0,2145,1,73,11527.9
565.552,683.7,1698.0,2145,0,73,11609.9
565.679,683.7,1698.0,2145,1,73,11672.5
565.804,683.7,1698.0,2145,1,73,11696.7
565.925,683.7,1698.0,2145,1,73,11774.4
566.044,683.7,1698.0,2145,0,73,11766.6
566.173,683.7,1698.0,2145,1,74,11766.6
566.303,683.7,1698.0,2145,1,73,11766.6
566.432,741.0,1698.0,2145,1,73,11714.4
566.552,709.5,1698.0,2145,61,77,11716.4
566.678,683.7,1698.0,2145,61,77,11751.1
566.797,739.7,1698.0,2145,98,76,11760.2
566.914,869.2,1698.0,2145,40,74,11789.0
567.033,869.2,1698.0,2145,5,74,11808.2
567.151,998.7,1698.0,2145,5,74,11828.0
567.27,1128.2,1698.0,2145,8,74,11850.2
567.388,1128.2,1698.0,2145,7,74,11887.9
567.506,707.0,1698.0,2145,7,77,11894.9
567.625,707.0,1698.0,2145,64,75,11915.3
567.743,868.0,1698.0,2145,13,74,11932.6
567.862,997.5,1698.0,2145,12,74,11949.1
567.98,705.7,1698.0,2145,12,76,11957.6
568.098,705.7,1698.0,2145,57,75,11957.6
568.216,996.2,1698.0,2145,29,74,11973.8
568.334,704.5,1698.0,2145,29,76,11985.4
568.453,736.0,1698.0,2145,48,75,11985.4
568.571,995.0,1698.0,2145,41,74,12003.0
568.688,1124.5,1698.0,2145,17,74,12022.4
568.808,703.2,1698.0,2145,17,77,12022.4
568.926,864.2,1698.0,2145,67,74,12030.2
569.045,1123.2,1698.0,2145,19,74,12043.5
569.163,701.9,1698.0,2145,19,74,12054.1
569.281,701.9,1698.0,2145,44,76,12054.1
569.4,992.5,1698.0,2145,41,74,12064.1
569.519,700.7,1698.0,2145,41,78,12064.3
569.638,861.7,1698.0,2145,80,74,12072.8
569.756,991.2,1698.0,2145,10,74,12087.6
569.875,699.4,1698.0,2145,39,76,12094.6
569.993,699.4,1698.0,2145,39,75,12094.9
570.117,860.4,1698.0,2145,44,74,12110.6
570.236,989.9,1698.0,2145,14,74,12129.6
570.355,1119.4,1698.0,2145,14,74,12146.8
570.473,698.2,1698.0,2145,13,78,12148.3
570.591,859.2,1698.0,2145,67,74,12169.4
570.708,859.2,1698.0,2145,8,74,12186.0
570.826,988.7,1698.0,2145,8,74,12200.9
570.945,1118.2,1698.0,2145,9,74,12216.3
571.063,1118.2,1698.0,2145,5,73,12235.3
571.18,696.9,1698.0,2145,5,75,12250.4
571.299,696.9,1698.0,2145,34,75,12250.4
571.417,728.4,1698.0,2145,39,74,12265.8
571.535,857.9,1698.0,2145,5,74,12287.5
571.653,857.9,1698.0,2145,5,73,12303.1
571.771,987.4,1698.0,2145,8,73,12319.8
571.89,1116.9,1698.0,2145,9,73,12332.8
572.008,1116.9,1698.0,2145,9,73,12347.6
572.125,695.7,1698.0,2145,23,78,12347.7
572.243,699.2,1698.0,2145,50,74,12357.7
572.362,856.7,1698.0,2145,50,74,12374.9
572.48,856.7,1698.0,2145,6,74,12393.4
572.598,986.2,1698.0,2145,6,73,12411.9
572.716,986.2,1698.0,2145,5,73,12434.8
572.835,1115.7,1698.0,2145,5,73,12450.1
572.952,1115.7,1698.0,2145,8,73,12469.4
573.07,694.4,1698.0,2145,47,78,12470.4
573.188,701.4,1698.0,2145,47,74,12476.2
573.306,855.4,1698.0,2145,27,73,12494.5
573.424,984.9,1698.0,2145,9,73,12508.7
573.543,1114.4,1698.0,2145,8,73,12533.2
573.66,1114.4,1698.0,2145,8,73,12557.8
573.779,693.1,1698.0,2145,28,77,12559.8
573.897,724.7,1698.0,2145,48,74,12568.8
574.015,854.2,1698.0,2145,48,74,12569.0
574.133,983.7,1698.0,2145,8,73,12594.1
574.251,1113.2,1698.0,2145,13,73,12616.4
574.369,691.9,1698.0,2145,13,76,12610.5
574.487,691.9,1698.0,2145,46,75,12612.1
574.606,852.9,1698.0,2145,26,74,12642.6
574.725,852.9,1698.0,2145,6,73,12645.2
574.843,982.4,1698.0,2145,6,73,12649.5
574.961,982.4,1698.0,2145,10,73,12658.3
575.079,1111.9,1698.0,2145,8,73,12682.5
575.197,690.6,1698.0,2145,8,78,12684.4
575.315,851.6,1698.0,2145,70,74,12710.2
575.433,851.6,1698.0,2145,6,73,12734.4
575.551,851.6,1698.0,2145,5,73,12734.0
575.669,981.1,1698.0,2145,5,73,12701.0
575.787,981.1,1698.0,2145,6,73,12682.0
575.906,1110.6,1698.0,2145,5,73,12578.1
576.025,1110.6,1698.0,2145,5,73,12575.8
576.146,1110.6,1698.0,2145,5,73,12573.4
576.263,689.4,1698.0,2145,25,77,12578.4
576.382,720.9,1698.0,2145,48,74,12599.8
576.501,850.4,1698.0,2145,48,73,12617.5
576.62,850.4,1698.0,2145,4,73,12631.0
576.741,850.4,1698.0,2145,5,73,12643.5
576.862,979.9,1698.0,2145,5,73,12660.1
576.984,979.9,1698.0,2145,5,73,12676.9
577.106,979.9,1698.0,2145,3,73,12697.2
577.227,1109.4,1698.0,2145,5,73,12717.1
577.347,1109.4,1698.0,2145,5,73,12735.9
577.468,1109.4,1698.0,2145,5,73,12755.2
577.591,688.1,1698.0,2145,48,77,12755.1
577.71,719.6,1698.0,2145,48,74,12770.4
577.83,849.1,1698.0,2145,24,74,12785.6
577.95,849.1,1698.0,2145,6,73,12801.0
578.071,978.6,1698.0,2145,4,73,12822.0
578.193,978.6,1698.0,2145,4,73,12842.6
578.314,978.6,1698.0,2145,5,73,12860.0
578.436,1108.1,1698.0,2145,4,73,12880.0
578.557,1108.1,1698.0,2145,3,73,12897.5
578.679,1108.1,1698.0,2145,3,73,12919.7
578.801,686.9,1698.0,2145,24,78,12911.9
578.922,847.9,1698.0,2145,50,74,12923.2
579.043,847.9,1698.0,2145,50,74,12941.4
579.164,847.9,1698.0,2145,3,73,12962.8
579.286,977.4,1698.0,2145,4,73,12977.9
579.407,977.4,1698.0,2145,5,73,12996.7
579.528,1106.9,1698.0,2145,5,73,13007.4
579.649,1106.9,1698.0,2145,7,73,13020.8
579.769,685.6,1698.0,2145,4,76,13030.3
579.889,689.1,1698.0,2145,4,75,13026.7
580.01,846.6,1698.0,2145,69,74,13033.6
580.13,846.6,1698.0,2145,4,74,13049.4
580.252,976.1,1698.0,2145,6,73,13056.2
580.372,976.1,1698.0,2145,6,73,13064.3
580.492,1105.6,1698.0,2145,7,73,13073.8
580.611,1105.6,1698.0,2145,5,73,13090.7
580.729,684.3,1698.0,2145,34,77,13095.5
580.849,684.3,1698.0,2145,34,75,13100.0
580.969,845.3,1698.0,2145,39,74,13108.8
581.089,845.3,1698.0,2145,5,74,13125.2
581.21,974.8,1698.0,2145,5,74,13143.3
581.333,974.8,1698.0,2145,6,73,13166.0
581.455,974.8,1698.0,2145,5,73,13179.7
581.576,1104.3,1698.0,2145,5,73,13195.1
581.694,683.1,1698.0,2145,5,76,13201.4
581.814,683.1,1698.0,2145,50,75,13199.8
581.935,844.1,1698.0,2145,27,74,13213.9
582.053,973.6,1698.0,2145,27,74,13223.6
582.173,973.6,1698.0,2145,6,74,13234.2
582.293,1103.1,1698.0,2145,9,74,13248.3
582.41,1169.5,1698.0,2145,15,75,13255.7
582.53,681.8,1698.0,2145,15,76,13252.2
582.651,842.8,1698.0,2145,59,74,13263.2
582.771,842.8,1698.0,2145,7,74,13272.5
582.891,972.3,1698.0,2145,7,74,13283.0
583.01,972.3,1698.0,2145,6,74,13302.2
583.129,1101.8,1698.0,2145,4,74,13314.2
583.25,1101.8,1698.0,2145,4,74,13315.4
583.37,1101.8,1698.0,2145,4,74,13326.6
583.49,680.6,1698.0,2145,19,78,13318.8
583.609,680.6,1698.0,2145,53,74,13309.0
583.729,680.6,1698.0,2145,53,74,13298.8
583.85,712.1,1698.0,2145,4,74,13287.6
583.972,841.6,1698.0,2145,1,74,13274.4
584.093,841.6,1698.0,2145,1,74,13262.6
584.214,841.6,1698.0,2145,1,74,13254.6
584.334,841.6,1698.0,2145,5,74,13250.3
584.455,841.6,1698.0,2145,1,74,13237.8
584.575,841.6,1698.0,2145,1,74,13223.7
584.696,971.1,1698.0,2145,1,74,13214.5
584.816,971.1,1698.0,2145,4,74,13210.7
584.935,971.1,1698.0,2145,3,74,13208.0
585.053,971.1,1698.0,2145,3,74,13202.8
585.171,1100.6,1698.0,2145,3,74,13206.7
585.29,1100.6,1698.0,2145,6,74,13211.0
585.408,1100.6,1698.0,2145,4,74,13210.8
585.53,679.3,1698.0,2145,4,78,13077.7
585.651,686.3,1698.0,2145,67,75,13106.3
585.771,840.3,1698.0,2145,5,74,13131.8
585.891,840.3,1698.0,2145,5,74,12927.4
586.028,840.3,1698.0,2145,3,74,12962.9
586.146,969.8,1698.0,2145,3,74,12996.0
586.264,969.8,1698.0,2145,5,74,13031.0
586.381,969.8,1698.0,2145,5,74,13003.2
586.501,969.8,1698.0,2145,3,74,13035.7
586.62,1099.3,1698.0,2145,3,74,13046.6
586.739,1099.3,1698.0,2145,3,74,13079.0
586.861,1099.3,1698.0,2145,6,74,13111.5
586.98,678.0,1698.0,2145,3,76,13120.2
587.101,678.0,1698.0,2145,66,75,13126.6
587.221,709.6,1698.0,2145,66,74,13081.0
587.345,839.1,1698.0,2145,4,74,12914.6
587.466,839.1,1698.0,2145,3,74,12774.9
587.585,839.1,1698.0,2145,3,74,12728.0
587.704,968.6,1698.0,2145,3,74,12714.0
587.824,968.6,1698.0,2145,6,74,12705.5
587.943,968.6,1698.0,2145,2,74,12725.3
588.061,968.6,1698.0,2145,2,74,12745.0
588.179,1098.1,1698.0,2145,3,74,12765.3
588.297,1098.1,1698.0,2145,6,74,12790.2
588.416,1098.1,1698.0,2145,6,73,12809.6
588.535,1098.1,1698.0,2145,3,73,12828.9
588.656,676.8,1698.0,2145,25,78,12833.6
588.775,708.3,1698.0,2145,47,74,12769.8
588.894,837.8,1698.0,2145,47,74,12705.2
589.012,837.8,1698.0,2145,3,74,12704.7
589.132,837.8,1698.0,2145,3,74,12514.3
589.251,967.3,1698.0,2145,3,74,12335.0
589.371,967.3,1698.0,2145,6,74,12337.4
589.489,967.3,1698.0,2145,3,74,12325.9
589.608,967.3,1698.0,2145,3,73,12331.8
589.726,1096.8,1698.0,2145,3,74,12354.1
589.845,1096.8,1698.0,2145,6,74,12352.9
589.963,1096.8,1698.0,2145,3,73,12343.2
590.083,651.7,1698.0,2145,3,78,12339.2
590.201,646.6,1698.0,2145,64,74,12340.5
590.319,647.2,1698.0,2145,10,74,12344.7
590.437,643.1,1698.0,2145,1,74,12355.4
590.556,1090.6,1698.0,2145,1,74,12285.2
590.675,671.0,1698.0,2145,70,75,12307.0
590.793,702.5,1698.0,2145,74,75,12317.2
590.911,672.4,1698.0,2145,74,76,12368.9
591.03,703.9,1698.0,2145,54,74,12380.0
591.149,833.4,1698.0,2145,17,74,12398.0
591.267,962.9,1698.0,2145,17,74,12394.2
591.385,1092.4,1698.0,2145,10,74,12412.7
591.503,673.8,1698.0,2145,10,74,12422.4
591.622,834.8,1698.0,2145,44,74,12434.9
591.74,964.3,1698.0,2145,44,74,12447.1
591.858,1093.8,1698.0,2145,15,74,12462.1
591.976,675.2,1698.0,2145,29,77,12468.3
592.094,836.2,1698.0,2145,29,74,12487.2
592.213,965.7,1698.0,2145,24,74,12502.7
592.331,1095.2,1698.0,2145,11,74,12517.6
592.448,1097.3,1698.0,2145,15,74,12529.7
592.566,708.1,1698.0,2145,15,74,12541.9
592.685,837.6,1698.0,2145,39,74,12557.9
592.802,837.6,1698.0,2145,7,73,12576.7
592.92,1096.6,1698.0,2145,7,74,12593.0
593.039,677.9,1698.0,2145,12,77,12599.1
593.157,838.9,1698.0,2145,45,74,12611.1
593.275,838.9,1698.0,2145,45,74,12624.3
593.393,838.9,1698.0,2145,7,74,12638.8
593.511,968.4,1698.0,2145,5,73,12650.6
593.629,1097.9,1698.0,2145,7,73,12663.7
593.746,1097.9,1698.0,2145,7,73,12677.6
593.865,1097.9,1698.0,2145,7,73,12691.6
593.983,679.3,1698.0,2145,40,75,12697.7
594.101,840.3,1698.0,2145,40,74,12713.2
594.219,840.3,1698.0,2145,7,73,12733.8
594.351,969.8,1698.0,2145,5,73,12745.9
594.469,969.8,1698.0,2145,5,73,12689.9
594.589,1099.3,1698.0,2145,5,73,12704.6
594.708,1099.3,1698.0,2145,9,73,12717.8
594.826,680.7,1698.0,2145,42,75,12726.1
594.944,841.7,1698.0,2145,42,74,12747.7
595.062,841.7,1698.0,2145,4,73,12767.2
595.18,971.2,1698.0,2145,7,73,12787.8
595.298,971.2,1698.0,2145,5,73,12787.8
595.417,971.2,1698.0,2145,5,73,12813.0
595.535,1100.7,1698.0,2145,4,73,12830.9
595.653,1100.7,1698.0,2145,6,73,12849.1
595.771,682.1,1698.0,2145,6,76,12820.3
595.889,713.6,1698.0,2145,41,74,12836.0
596.008,843.1,1698.0,2145,4,73,12851.1
596.125,843.1,1698.0,2145,4,73,12867.2
596.243,972.6,1698.0,2145,6,73,12886.8
596.361,972.6,1698.0,2145,6,73,12905.4
596.479,972.6,1698.0,2145,4,73,12923.3
596.597,1102.1,1698.0,2145,4,73,12942.9
596.715,1102.1,1698.0,2145,5,73,12959.6
596.834,683.5,1698.0,2145,16,75,12968.4
596.952,844.5,1698.0,2145,16,74,12989.9
597.07,974.0,1698.0,2145,34,73,12999.4
597.188,684.9,1698.0,2145,19,74,13005.2
597.306,845.9,1698.0,2145,48,74,13011.1
597.423,975.4,1698.0,2145,48,73,13020.8
597.542,1050.3,1698.0,2145,13,74,13030.4
597.659,847.3,1698.0,2145,46,74,13037.4
597.778,976.8,1698.0,2145,46,73,13047.8
597.896,687.6,1698.0,2145,18,76,13050.4
598.015,848.6,1698.0,2145,46,74,13063.1
598.133,848.6,1698.0,2145,46,73,13076.7
598.25,978.1,1698.0,2145,8,73,13087.4
598.368,689.0,1698.0,2145,14,75,13096.7
598.486,720.5,1698.0,2145,42,74,13108.8
598.604,850.0,1698.0,2145,42,73,13095.0
598.722,850.0,1698.0,2145,6,73,13099.8
598.841,979.5,1698.0,2145,7,73,13099.0
598.958,979.5,1698.0,2145,7,73,13080.5
599.077,1109.0,1698.0,2145,5,73,13094.6
599.195,1109.0,1698.0,2145,8,73,13111.6
599.313,690.4,1698.0,2145,42,74,13064.8
599.432,851.4,1698.0,2145,42,73,13067.7
599.549,851.4,1698.0,2145,5,73,13087.7
599.668,980.9,1698.0,2145,7,73,13102.5
599.786,980.9,1698.0,2145,7,73,13116.9
599.903,1110.4,1698.0,2145,7,73,13121.0
600.022,1130.0,1698.0,2145,6,74,13125.6
600.14,723.3,1698.0,2145,6,74,13135.3
600.258,852.8,1698.0,2145,43,73,13143.4
600.376,982.3,1698.0,2145,8,73,13120.3
600.495,982.3,1698.0,2145,7,73,13134.5
600.613,1111.8,1698.0,2145,7,73,13109.5
600.732,1111.8,1698.0,2145,6,73,13113.9
600.849,693.2,1698.0,2145,6,73,13127.9
600.967,724.7,1698.0,2145,6,74,13125.4
601.085,854.2,1698.0,2145,41,73,13101.9
601.204,983.7,1698.0,2145,11,73,13122.2
601.322,1113.2,1698.0,2145,7,73,13140.6
601.44,1113.2,1698.0,2145,7,73,13129.5
601.558,694.5,1698.0,2145,6,76,13134.8
601.677,726.1,1698.0,2145,42,74,13161.9
601.795,855.6,1698.0,2145,42,73,13182.5
601.913,985.1,1698.0,2145,6,73,13176.8
602.031,1114.6,1698.0,2145,12,73,13186.3
602.149,727.4,1698.0,2145,12,74,13188.3
602.267,986.4,1698.0,2145,49,73,13193.5
602.386,697.3,1698.0,2145,24,77,13195.7
602.504,987.8,1698.0,2145,46,73,13192.6
602.623,1117.3,1698.0,2145,46,73,13197.6
602.743,1117.3,1698.0,2145,10,73,13209.3
602.864,859.7,1698.0,2145,44,74,13204.0
602.986,989.2,1698.0,2145,44,73,13209.7
603.107,989.2,1698.0,2145,12,73,13225.6
603.228,1118.7,1698.0,2145,9,73,13237.8
603.349,700.1,1698.0,2145,42,75,13239.8
603.47,861.1,1698.0,2145,42,74,13246.9
603.591,990.6,1698.0,2145,11,73,13255.2
603.711,1120.1,1698.0,2145,9,73,13262.8
603.832,701.5,1698.0,2145,45,76,13262.2
603.952,862.5,1698.0,2145,45,73,13270.5
604.071,992.0,1698.0,2145,8,73,13276.7
604.191,1121.5,1698.0,2145,13,73,13279.6
604.312,702.9,1698.0,2145,13,75,13277.0
604.432,863.9,1698.0,2145,46,73,13289.5
604.552,863.9,1698.0,2145,4,73,13301.5
604.673,993.4,1698.0,2145,7,73,13312.2
604.793,993.4,1698.0,2145,7,73,13320.8
604.913,1122.9,1698.0,2145,6,73,13329.5
605.106,1122.9,1698.0,2145,2,73,13297.6
605.466,704.2,1698.0,2145,39,74,13284.2
605.658,735.7,1698.0,2145,2,73,13247.0
606.045,865.2,1698.0,2145,2,73,13210.6
606.417,865.2,1698.0,2145,2,73,13167.5
606.875,865.2,1698.0,2145,2,73,13125.4
607.311,994.7,1698.0,2145,0,73,13087.5
607.698,994.7,1698.0,2145,2,73,13054.4
608.067,705.6,1698.0,2145,5,76,13044.4
608.243,866.6,1698.0,2145,3,73,13018.7
608.548,996.1,1698.0,2145,9,73,12996.6
608.822,681.8,1698.0,2145,43,74,12991.5
608.997,681.8,1698.0,2145,0,73,13001.3
609.286,681.8,1698.0,2145,1,74,12923.5
609.419,681.8,1698.0,2145,1,73,12963.1
609.557,681.8,1698.0,2145,0,74,13023.8
609.687,681.8,1698.0,2145,1,74,12828.0
609.815,681.8,1698.0,2145,1,74,12642.9
609.949,681.8,1698.0,2145,1,74,12736.0
610.077,681.8,1698.0,2145,0,74,12828.8
610.204,681.8,1698.0,2145,1,74,12919.8
610.331,681.8,1698.0,2145,1,74,13013.2
610.459,681.8,1698.0,2145,1,74,12979.4
610.587,681.8,1698.0,2145,0,74,13028.7
610.716,681.8,1698.0,2145,1,74,13063.6
610.844,681.8,1698.0,2145,1,74,13081.7
610.974,681.8,1698.0,2145,1,74,13169.0
611.102,681.8,1698.0,2145,0,74,13255.1
611.229,681.8,1698.0,2145,1,74,13350.5
611.357,681.8,1698.0,2145,1,74,13238.1
611.48,681.8,1698.0,2145,1,74,13273.3
611.602,681.8,1698.0,2145,0,73,13314.4
611.722,681.8,1698.0,2145,1,73,13383.3
611.844,681.8,1698.0,2145,1,73,13385.9
611.974,681.8,1698.0,2145,2,73,13385.9
612.103,681.8,1698.0,2145,0,73,13385.9
612.235,868.6,1698.0,2145,4,73,13332.0
612.355,707.7,1698.0,2145,4,74,13333.7
612.473,1127.8,1698.0,2145,72,74,13335.0
612.591,706.6,1698.0,2145,82,77,13335.0
612.709,1126.6,1698.0,2145,64,74,13339.4
612.827,705.4,1698.0,2145,64,79,13340.0
612.945,704.2,1698.0,2145,79,75,13342.0
613.064,865.2,1698.0,2145,83,77,13343.7
613.189,703.0,1698.0,2145,83,77,13345.7
613.308,993.5,1698.0,2145,59,76,13347.1
613.427,701.8,1698.0,2145,76,79,13347.5
613.547,862.8,1698.0,2145,54,75,13348.4
613.666,700.6,1698.0,2145,54,78,13349.8
613.786,861.6,1698.0,2145,79,76,13351.3
613.905,699.4,1698.0,2145,43,77,13352.8
614.024,860.5,1698.0,2145,43,76,13353.0
614.143,698.3,1698.0,2145,72,78,13354.2
614.262,1118.3,1698.0,2145,83,75,13355.1
614.381,697.1,1698.0,2145,87,79,13355.1
614.498,987.6,1698.0,2145,87,75,13359.3
614.617,695.9,1698.0,2145,23,78,13360.3
614.737,856.9,1698.0,2145,71,75,13362.5
614.856,1151.6,1698.0,2145,71,75,13367.1
614.974,726.2,1698.0,2145,46,77,13367.1
615.092,1114.7,1698.0,2145,59,75,13370.7
615.211,693.5,1698.0,2145,76,78,13370.7
615.33,854.5,1698.0,2145,76,75,13374.8
615.449,692.3,1698.0,2145,24,78,13377.3
615.568,853.3,1698.0,2145,75,76,13380.4
615.687,691.1,1698.0,2145,75,78,13382.0
615.806,698.2,1698.0,2145,72,76,13382.9
615.925,1144.2,1698.0,2145,34,76,13386.8
616.044,690.0,1698.0,2145,74,77,13386.8
616.162,1110.0,1698.0,2145,74,75,13391.1
616.28,688.8,1698.0,2145,25,78,13399.8
616.398,688.8,1698.0,2145,67,76,13401.1
616.522,849.8,1698.0,2145,67,75,13419.2
616.64,849.8,1698.0,2145,6,74,13437.3
616.758,979.3,1698.0,2145,9,74,13305.7
616.887,1108.8,1698.0,2145,6,74,13323.9
617.005,1108.8,1698.0,2145,6,74,13343.4
617.123,687.6,1698.0,2145,6,77,13354.4
617.242,687.6,1698.0,2145,68,76,13354.4
617.363,848.6,1698.0,2145,68,74,13367.6
617.481,978.1,1698.0,2145,12,74,13388.3
617.6,1107.6,1698.0,2145,6,74,13410.5
617.719,1107.6,1698.0,2145,9,74,13430.2
617.836,686.4,1698.0,2145,9,76,13441.4
617.955,693.4,1698.0,2145,67,76,13449.3
618.073,847.4,1698.0,2145,8,74,13472.6
618.19,847.4,1698.0,2145,8,74,13477.2
618.316,976.9,1698.0,2145,5,74,13427.2
618.435,976.9,1698.0,2145,6,74,13451.6
618.554,1106.4,1698.0,2145,6,74,13461.0
618.673,1106.4,1698.0,2145,6,74,13480.0
618.791,685.2,1698.0,2145,6,75,13498.3
618.908,685.2,1698.0,2145,68,77,13498.3
619.027,716.7,1698.0,2145,68,74,13507.6
619.145,846.2,1698.0,2145,3,74,13515.5
619.263,846.2,1698.0,2145,6,74,13538.8
619.382,975.7,1698.0,2145,6,74,13544.4
619.502,1105.2,1698.0,2145,7,74,13552.4
619.623,1105.2,1698.0,2145,6,74,13566.6
619.743,1137.8,1698.0,2145,5,74,13581.9
619.868,684.0,1698.0,2145,5,78,13581.5
619.988,845.0,1698.0,2145,68,74,13594.7
620.109,845.0,1698.0,2145,6,74,13610.4
620.231,974.5,1698.0,2145,7,74,13628.0
620.352,974.5,1698.0,2145,7,74,13642.9
620.473,1104.0,1698.0,2145,6,74,13654.9
620.594,682.8,1698.0,2145,24,78,13655.0
620.714,714.4,1698.0,2145,24,75,13659.4
620.835,843.9,1698.0,2145,53,74,13670.0
620.956,973.4,1698.0,2145,9,74,13679.9
621.076,1102.9,1698.0,2145,10,74,13687.8
621.197,681.7,1698.0,2145,10,78,13684.0
621.318,713.2,1698.0,2145,69,75,13690.8
621.439,842.7,1698.0,2145,8,74,13701.1
621.56,972.2,1698.0,2145,6,74,13711.1
621.682,972.2,1698.0,2145,6,74,13723.9
621.819,1101.7,1698.0,2145,3,74,13703.1
622.131,680.5,1698.0,2145,4,78,13694.5
622.326,712.0,1698.0,2145,3,74,13674.9
622.597,841.5,1698.0,2145,3,74,13644.1
622.965,971.0,1698.0,2145,2,74,13614.8
623.329,1100.5,1698.0,2145,4,74,13587.6
623.66,1100.5,1698.0,2145,4,74,13562.1
623.953,679.3,1698.0,2145,42,78,13553.2
624.081,840.3,1698.0,2145,29,74,13530.9
624.352,840.3,1698.0,2145,3,74,13458.4
624.624,969.8,1698.0,2145,4,74,13358.9
624.745,969.8,1698.0,2145,7,74,13348.4
624.867,969.8,1698.0,2145,7,74,13266.3
624.995,1099.3,1698.0,2145,3,74,13230.7
625.114,1099.3,1698.0,2145,3,74,13271.8
625.24,1099.3,1698.0,2145,3,74,13306.5
625.363,678.1,1698.0,2145,6,78,13306.4
625.484,709.6,1698.0,2145,67,75,13331.8
625.606,839.1,1698.0,2145,3,74,13360.3
625.727,839.1,1698.0,2145,3,74,13393.0
625.849,839.1,1698.0,2145,6,74,13421.0
625.97,968.6,1698.0,2145,3,74,13447.7
626.101,968.6,1698.0,2145,3,74,13438.8
626.366,968.6,1698.0,2145,4,74,13436.1
626.514,1098.1,1698.0,2145,4,74,13411.4
626.635,1098.1,1698.0,2145,3,74,13003.3
626.774,1127.4,1698.0,2145,13,75,13030.6
626.896,676.9,1698.0,2145,13,76,13044.7
627.014,708.4,1698.0,2145,60,75,13081.4
627.133,837.9,1698.0,2145,3,74,13018.9
627.251,837.9,1698.0,2145,3,74,13054.9
627.369,837.9,1698.0,2145,6,74,13009.5
627.512,967.4,1698.0,2145,2,74,12545.4
627.632,967.4,1698.0,2145,3,74,12355.3
627.751,967.4,1698.0,2145,3,74,12225.7
627.87,967.4,1698.0,2145,6,74,11943.6
627.99,1096.9,1698.0,2145,3,74,11857.8
628.109,1096.9,1698.0,2145,3,74,11853.6
628.228,1096.9,1698.0,2145,3,74,11847.4
628.346,651.9,1698.0,2145,7,77,11835.3
628.465,646.6,1698.0,2145,65,75,11828.9
628.584,673.2,1698.0,2145,65,77,11829.6
628.703,963.7,1698.0,2145,71,75,11835.3
628.821,674.6,1698.0,2145,37,78,11742.6
628.939,835.6,1698.0,2145,31,75,11758.4
629.058,835.6,1698.0,2145,31,74,11776.0
629.175,965.1,1698.0,2145,6,74,11794.3
629.295,675.9,1698.0,2145,32,76,11801.4
629.413,836.9,1698.0,2145,32,75,11821.8
629.53,836.9,1698.0,2145,28,74,11842.7
629.649,966.4,1698.0,2145,7,74,11865.2
629.767,966.4,1698.0,2145,7,74,11885.9
629.885,1095.9,1698.0,2145,7,74,11905.0
630.003,1095.9,1698.0,2145,6,74,11921.4
630.121,677.3,1698.0,2145,42,76,11930.1
630.24,838.3,1698.0,2145,42,74,11946.7
630.358,838.3,1698.0,2145,8,74,11962.9
630.477,967.8,1698.0,2145,7,74,11978.6
630.595,1097.3,1698.0,2145,7,74,11997.7
630.714,678.7,1698.0,2145,8,74,12010.1
630.832,710.2,1698.0,2145,44,75,12022.8
630.95,839.7,1698.0,2145,6,74,12039.7
631.069,969.2,1698.0,2145,6,74,12054.6
631.187,1098.7,1698.0,2145,9,74,12071.1
631.305,1098.7,1698.0,2145,10,74,12083.5
631.428,680.1,1698.0,2145,10,75,12095.1
631.547,841.1,1698.0,2145,46,74,12112.8
631.665,841.1,1698.0,2145,16,74,12133.7
631.783,970.6,1698.0,2145,7,74,12151.0
631.901,970.6,1698.0,2145,7,74,12172.7
632.019,1100.1,1698.0,2145,4,74,12191.2
632.137,1100.1,1698.0,2145,8,74,12208.2
632.256,688.5,1698.0,2145,8,75,12214.5
632.373,842.5,1698.0,2145,43,74,12226.8
632.491,842.5,1698.0,2145,5,74,12246.9
632.609,972.0,1698.0,2145,5,74,12259.3
632.728,972.0,1698.0,2145,6,74,12273.8
632.846,1101.5,1698.0,2145,6,74,12288.5
632.964,1101.5,1698.0,2145,5,74,12305.8
633.082,682.9,1698.0,2145,5,77,12313.7
633.201,843.9,1698.0,2145,43,74,12330.0
633.319,843.9,1698.0,2145,7,74,12349.0
633.437,973.4,1698.0,2145,7,74,12371.8
633.555,973.4,1698.0,2145,5,74,12397.1
633.673,1102.9,1698.0,2145,6,74,12407.6
633.791,1102.9,1698.0,2145,7,74,12399.9
633.911,684.2,1698.0,2145,7,77,12410.3
634.029,845.3,1698.0,2145,42,74,12431.4
634.147,845.3,1698.0,2145,6,74,12455.0
634.265,974.8,1698.0,2145,6,74,12479.9
634.382,974.8,1698.0,2145,6,74,12489.3
634.5,974.8,1698.0,2145,4,74,12517.0
634.618,1104.3,1698.0,2145,5,74,12545.6
634.736,1104.3,1698.0,2145,5,73,12572.9
634.854,1104.3,1698.0,2145,5,73,12588.0
634.972,685.6,1698.0,2145,40,75,12602.7
635.09,846.6,1698.0,2145,40,74,12606.8
635.208,846.6,1698.0,2145,5,74,12634.1
635.327,846.6,1698.0,2145,5,73,12567.5
635.451,976.1,1698.0,2145,5,73,12525.6
635.57,976.1,1698.0,2145,4,73,12542.8
635.688,976.1,1698.0,2145,5,73,12532.0
635.806,1105.6,1698.0,2145,5,73,12494.8
635.925,1105.6,1698.0,2145,5,73,12475.2
636.043,687.0,1698.0,2145,4,76,12467.7
636.161,848.0,1698.0,2145,43,74,12488.5
636.279,977.5,1698.0,2145,43,74,12487.8
636.397,977.5,1698.0,2145,10,73,12508.9
636.515,1107.0,1698.0,2145,9,73,12500.8
636.634,719.9,1698.0,2145,44,75,12450.5
636.752,849.4,1698.0,2145,44,74,12425.2
636.871,978.9,1698.0,2145,10,74,12444.8
636.989,1108.4,1698.0,2145,11,74,12440.5
637.107,721.3,1698.0,2145,11,74,12455.9
637.227,980.3,1698.0,2145,45,74,12475.1
637.345,1109.8,1698.0,2145,17,73,12467.3
637.463,691.2,1698.0,2145,44,77,12477.5
637.581,852.2,1698.0,2145,44,74,12479.1
637.699,852.2,1698.0,2145,6,74,12486.6
637.817,852.2,1698.0,2145,6,73,12511.5
637.936,981.7,1698.0,2145,6,73,12525.5
638.054,1111.2,1698.0,2145,5,73,12520.2
638.172,1111.2,1698.0,2145,10,73,12491.9
638.291,692.6,1698.0,2145,10,75,12502.3
638.41,853.6,1698.0,2145,43,74,12499.5
638.529,853.6,1698.0,2145,4,74,12522.8
638.647,983.1,1698.0,2145,7,74,12520.0
638.765,983.1,1698.0,2145,7,73,12540.0
638.883,983.1,1698.0,2145,5,73,12564.6
639.001,1112.6,1698.0,2145,5,73,12566.8
639.119,1112.6,1698.0,2145,5,73,12595.7
639.237,693.9,1698.0,2145,6,77,12585.5
639.355,854.9,1698.0,2145,42,74,12612.0
639.474,854.9,1698.0,2145,4,73,12619.9
639.592,854.9,1698.0,2145,4,73,12622.4
639.711,984.4,1698.0,2145,6,73,12648.7
639.828,984.4,1698.0,2145,6,73,12660.6
639.947,1113.9,1698.0,2145,6,73,12666.0
640.065,1113.9,1698.0,2145,5,73,12659.1
640.183,1120.8,1698.0,2145,6,74,12662.4
640.3,702.3,1698.0,2145,6,74,12677.9
640.418,856.3,1698.0,2145,42,73,12706.3
640.536,856.3,1698.0,2145,5,73,12720.2
640.655,985.8,1698.0,2145,6,73,12729.7
640.773,985.8,1698.0,2145,6,73,12749.5
640.89,1115.3,1698.0,2145,6,73,12759.3
641.008,1115.3,1698.0,2145,5,73,12756.5
641.126,696.7,1698.0,2145,5,75,12772.2
641.244,857.7,1698.0,2145,42,74,12794.5
641.362,987.2,1698.0,2145,10,73,12804.1
641.48,1116.7,1698.0,2145,16,73,12815.6
641.599,859.1,1698.0,2145,16,75,12821.5
641.717,988.6,1698.0,2145,48,74,12822.2
641.836,1118.1,1698.0,2145,15,73,12835.0
641.954,731.0,1698.0,2145,15,74,12824.5
642.073,860.5,1698.0,2145,44,73,12834.9
642.192,990.0,1698.0,2145,8,73,12844.1
642.309,1119.5,1698.0,2145,8,73,12820.5
642.428,1119.5,1698.0,2145,10,73,12818.3
642.547,861.9,1698.0,2145,34,75,12829.1
642.665,861.9,1698.0,2145,19,74,12798.4
642.783,1120.9,1698.0,2145,19,73,12794.0
642.902,702.2,1698.0,2145,14,75,12804.0
643.02,863.3,1698.0,2145,48,74,12823.3
643.138,992.8,1698.0,2145,48,73,12847.1
643.259,1122.3,1698.0,2145,12,73,12841.0
643.378,703.6,1698.0,2145,20,77,12847.1
643.496,735.1,1698.0,2145,30,74,12867.6
643.615,864.6,1698.0,2145,30,73,12894.2
643.745,864.6,1698.0,2145,5,73,12751.2
643.868,994.1,1698.0,2145,6,73,12774.6
643.991,994.1,1698.0,2145,3,73,12687.8
644.114,994.1,1698.0,2145,3,73,12664.5
644.256,1123.6,1698.0,2145,5,73,12686.9
644.421,1123.6,1698.0,2145,5,73,12708.2
644.544,705.0,1698.0,2145,20,77,12716.7
644.668,736.5,1698.0,2145,25,74,12738.3
644.791,866.0,1698.0,2145,25,73,12757.9
644.912,866.0,1698.0,2145,6,73,12778.1
645.035,995.5,1698.0,2145,4,73,12795.2
645.155,1125.0,1698.0,2145,8,73,12815.1
645.277,1125.0,1698.0,2145,8,73,12837.2
645.399,1125.0,1698.0,2145,5,73,12858.0
645.52,706.4,1698.0,2145,37,75,12859.3
645.641,867.4,1698.0,2145,37,73,12865.8
645.764,867.4,1698.0,2145,8,73,12856.8
645.886,867.4,1698.0,2145,2,73,12850.2
646.008,867.4,1698.0,2145,1,73,12848.7
646.13,867.4,1698.0,2145,1,73,12840.4
646.252,867.4,1698.0,2145,2,73,12834.5
646.374,867.4,1698.0,2145,2,73,12828.4
646.495,867.4,1698.0,2145,2,73,12828.0
646.617,867.4,1698.0,2145,2,73,12818.7
646.738,996.9,1698.0,2145,2,73,12815.2
646.861,996.9,1698.0,2145,4,73,12808.4
646.983,996.9,1698.0,2145,4,73,12805.5
647.105,996.9,1698.0,2145,2,73,12796.5
647.227,996.9,1698.0,2145,2,73,12785.5
647.35,996.9,1698.0,2145,2,73,12778.2
647.473,996.9,1698.0,2145,2,73,12770.6
647.595,996.9,1698.0,2145,1,73,12764.0
647.718,1126.4,1698.0,2145,2,73,12758.1
647.84,1126.4,1698.0,2145,2,73,12748.6
647.962,1126.4,1698.0,2145,2,73,12739.6
648.084,1126.4,1698.0,2145,1,73,12731.5
648.206,1126.4,1698.0,2145,2,73,12722.7
648.329,1126.4,1698.0,2145,2,73,12716.3
648.451,1126.4,1698.0,2145,2,73,12708.6
648.574,1126.4,1698.0,2145,1,73,12699.2
648.696,1126.4,1698.0,2145,2,73,12691.2
648.818,1126.4,1698.0,2145,2,73,12682.7
648.941,1126.4,1698.0,2145,2,73,12673.0
649.063,1126.4,1698.0,2145,1,73,12664.6
649.185,1126.4,1698.0,2145,2,73,12660.7
649.307,1126.4,1698.0,2145,2,73,12648.7
649.43,707.8,1698.0,2145,3,75,12635.6
649.551,707.8,1698.0,2145,39,74,12624.6
649.674,711.3,1698.0,2145,39,73,12615.1
649.792,739.3,1698.0,2145,10,73,12579.7
649.911,868.8,1698.0,2145,5,73,12423.4
650.03,868.8,1698.0,2145,3,73,12087.8
650.153,868.8,1698.0,2145,3,73,11948.0
650.278,998.3,1698.0,2145,4,73,11931.6
650.397,998.3,1698.0,2145,4,73,11857.7
650.516,998.3,1698.0,2145,3,73,11849.8
650.635,1127.8,1698.0,2145,3,73,11869.9
650.755,1127.8,1698.0,2145,4,73,11888.7
650.877,1127.8,1698.0,2145,4,73,11909.9
651.001,1127.8,1698.0,2145,4,73,11926.7
651.123,709.2,1698.0,2145,3,76,11930.1
651.244,740.7,1698.0,2145,41,73,11931.8
651.367,870.2,1698.0,2145,4,73,11951.8
651.488,870.2,1698.0,2145,4,73,11968.1
651.609,870.2,1698.0,2145,3,73,11983.4
651.731,999.7,1698.0,2145,4,73,11999.1
651.852,999.7,1698.0,2145,4,73,12020.1
651.97,999.7,1698.0,2145,5,73,12033.3
652.091,1129.2,1698.0,2145,3,73,12049.2
652.212,1129.2,1698.0,2145,4,73,12068.2
652.331,1129.2,1698.0,2145,4,73,12086.3
652.451,685.4,1698.0,2145,4,76,12097.2
652.573,685.4,1698.0,2145,38,74,12214.5
652.699,685.4,1698.0,2145,2,73,12297.1
652.827,685.4,1698.0,2145,2,73,12390.6
652.954,685.4,1698.0,2145,1,73,12480.2
653.081,685.4,1698.0,2145,0,73,12433.2
653.209,685.4,1698.0,2145,1,73,12524.9
653.337,685.4,1698.0,2145,1,73,12606.9
653.465,685.4,1698.0,2145,1,73,12693.0
653.594,685.4,1698.0,2145,0,73,12782.1
653.722,685.4,1698.0,2145,1,73,12872.7
653.849,685.4,1698.0,2145,1,73,12966.2
653.977,685.4,1698.0,2145,1,73,13059.8
654.104,685.4,1698.0,2145,0,73,13146.0
654.232,685.4,1698.0,2145,1,73,13242.0
654.38,685.4,1698.0,2145,1,74,13035.5
654.51,685.4,1698.0,2145,1,73,13063.9
654.633,685.4,1698.0,2145,0,73,13105.8
654.755,685.4,1698.0,2145,1,73,13278.5
654.876,685.4,1698.0,2145,1,73,13172.1
655.006,685.4,1698.0,2145,1,73,13172.1
655.136,685.4,1698.0,2145,0,74,13172.1
655.265,686.7,1698.0,2145,1,74,13118.1
655.385,711.2,1698.0,2145,68,77,13123.8
655.504,709.9,1698.0,2145,68,76,13150.4
655.621,741.4,1698.0,2145,98,77,13157.4
655.741,708.5,1698.0,2145,80,78,13162.9
655.86,869.5,1698.0,2145,80,75,13171.1
655.978,707.2,1698.0,2145,63,78,13175.8
656.097,868.2,1698.0,2145,74,75,13196.3
656.215,705.9,1698.0,2145,52,77,13198.4
656.333,866.9,1698.0,2145,52,76,13201.4
656.451,1125.9,1698.0,2145,53,75,13209.1
656.569,704.6,1698.0,2145,75,77,13210.5
656.69,995.1,1698.0,2145,75,75,13216.7
656.808,703.3,1698.0,2145,30,79,13218.0
656.926,734.8,1698.0,2145,69,75,13219.5
657.045,1123.3,1698.0,2145,69,75,13228.0
657.163,702.0,1698.0,2145,30,79,13228.1
657.281,992.5,1698.0,2145,63,75,13233.5
657.4,700.7,1698.0,2145,49,77,13236.1
657.518,700.7,1698.0,2145,49,76,13237.8
657.638,1120.7,1698.0,2145,48,74,13246.8
657.757,699.4,1698.0,2145,64,79,13246.9
657.876,860.4,1698.0,2145,64,75,13253.8
657.994,989.9,1698.0,2145,32,74,13267.4
658.112,698.0,1698.0,2145,14,75,13279.9
658.23,698.0,1698.0,2145,71,76,13287.4
658.349,859.0,1698.0,2145,71,75,13312.4
658.467,859.0,1698.0,2145,6,74,13338.7
658.585,988.5,1698.0,2145,5,74,13364.4
658.703,988.5,1698.0,2145,5,74,13390.0
658.821,1118.0,1698.0,2145,6,74,13403.5
658.94,696.7,1698.0,2145,51,78,13405.7
659.058,857.7,1698.0,2145,28,74,13426.3
659.175,857.7,1698.0,2145,28,74,13441.4
659.296,857.7,1698.0,2145,6,74,13309.8
659.417,987.2,1698.0,2145,5,74,13188.5
659.535,987.2,1698.0,2145,5,74,13210.9
659.654,1116.7,1698.0,2145,4,74,13238.4
659.771,1116.7,1698.0,2145,5,74,13267.4
659.888,1116.7,1698.0,2145,5,74,13295.5
660.007,695.4,1698.0,2145,5,74,13315.7
660.125,695.4,1698.0,2145,51,77,13315.7
660.243,856.4,1698.0,2145,21,74,13331.7
660.361,856.4,1698.0,2145,21,74,13351.4
660.48,985.9,1698.0,2145,10,74,13365.6
660.598,694.1,1698.0,2145,30,77,13373.2
660.716,694.1,1698.0,2145,30,75,13374.0
660.836,855.1,1698.0,2145,51,74,13386.0
660.955,1114.1,1698.0,2145,19,74,13392.5
661.073,692.8,1698.0,2145,71,77,13392.6
661.19,853.8,1698.0,2145,71,74,13396.7
661.309,1112.8,1698.0,2145,14,74,13409.1
661.426,691.5,1698.0,2145,21,76,13419.1
661.544,691.5,1698.0,2145,21,75,13419.1
661.664,852.5,1698.0,2145,58,74,13431.4
661.781,1111.5,1698.0,2145,14,74,13443.6
661.899,690.2,1698.0,2145,30,76,13456.9
662.018,690.2,1698.0,2145,30,76,13463.6
662.137,851.2,1698.0,2145,53,74,13349.8
662.256,980.7,1698.0,2145,9,74,13355.1
662.385,980.7,1698.0,2145,9,74,13328.2
662.51,980.7,1698.0,2145,5,74,13351.7
662.629,1110.2,1698.0,2145,5,74,13373.9
662.747,1110.2,1698.0,2145,8,74,13391.1
662.866,688.9,1698.0,2145,8,77,13396.5
662.983,720.4,1698.0,2145,67,74,13417.9
663.101,849.9,1698.0,2145,5,74,13437.7
663.22,849.9,1698.0,2145,5,74,13461.1
663.338,979.4,1698.0,2145,8,74,13477.3
663.456,1108.9,1698.0,2145,7,74,13491.2
663.574,1108.9,1698.0,2145,8,74,13492.9
663.694,687.5,1698.0,2145,8,77,13483.8
663.816,848.5,1698.0,2145,69,74,13493.0
663.936,848.5,1698.0,2145,5,74,13510.0
664.056,978.0,1698.0,2145,5,74,13524.7
664.177,978.0,1698.0,2145,4,74,13547.2
664.297,1107.5,1698.0,2145,8,74,13552.4
664.416,1107.5,1698.0,2145,5,74,13561.0
664.536,1146.8,1698.0,2145,5,76,13569.2
664.656,686.2,1698.0,2145,45,76,13564.8
664.777,847.2,1698.0,2145,29,74,13571.3
664.897,847.2,1698.0,2145,29,74,13580.7
665.017,976.7,1698.0,2145,5,74,13586.0
665.139,976.7,1698.0,2145,6,74,13593.6
665.259,1106.2,1698.0,2145,8,74,13599.9
665.38,1135.4,1698.0,2145,8,76,13605.3
665.5,684.9,1698.0,2145,46,76,13605.7
665.62,845.9,1698.0,2145,29,74,13616.3
665.74,845.9,1698.0,2145,29,74,13627.1
665.861,975.4,1698.0,2145,7,74,13638.4
665.981,1104.9,1698.0,2145,5,74,13646.5
666.101,1104.9,1698.0,2145,7,74,13654.5
666.221,683.6,1698.0,2145,7,78,13647.4
666.342,844.6,1698.0,2145,71,75,13658.6
666.463,844.6,1698.0,2145,6,74,13665.7
666.593,974.1,1698.0,2145,9,74,13662.6
666.781,1103.6,1698.0,2145,9,79,13650.8
667.0,843.3,1698.0,2145,3,74,13632.9
667.278,843.3,1698.0,2145,2,74,13610.9
667.556,972.8,1698.0,2145,5,74,13585.5
667.861,1102.3,1698.0,2145,5,74,13560.5
668.161,681.0,1698.0,2145,29,78,13549.6
668.294,712.5,1698.0,2145,42,74,13541.2
668.475,842.0,1698.0,2145,2,74,13509.3
668.817,971.5,1698.0,2145,1,74,13398.0
669.064,971.5,1698.0,2145,1,74,13326.7
669.197,1101.0,1698.0,2145,6,74,12997.3
669.32,1101.0,1698.0,2145,8,74,12885.2
669.438,679.7,1698.0,2145,68,78,12888.4
669.556,840.7,1698.0,2145,68,75,12904.6
669.675,840.7,1698.0,2145,6,74,12921.1
669.794,840.7,1698.0,2145,6,74,12943.4
669.912,970.2,1698.0,2145,6,74,12965.3
670.031,970.2,1698.0,2145,4,74,12985.6
670.149,1099.7,1698.0,2145,5,74,13008.5
670.267,1099.7,1698.0,2145,5,74,13020.8
670.386,1099.7,1698.0,2145,3,74,13045.4
670.504,1099.7,1698.0,2145,3,74,13082.3
670.622,678.4,1698.0,2145,44,78,13094.8
670.741,681.9,1698.0,2145,44,75,13124.3
670.859,839.4,1698.0,2145,28,74,13157.3
670.977,839.4,1698.0,2145,3,74,13192.7
671.095,839.4,1698.0,2145,5,74,13204.4
671.235,968.9,1698.0,2145,5,74,13234.5
671.375,968.9,1698.0,2145,4,74,13258.9
671.495,968.9,1698.0,2145,3,74,13274.0
671.616,1098.4,1698.0,2145,4,74,13289.8
671.737,1098.4,1698.0,2145,4,74,13309.8
671.859,1098.4,1698.0,2145,5,74,13328.3
671.98,677.0,1698.0,2145,40,78,13325.3
672.101,708.5,1698.0,2145,40,75,13347.0
672.223,838.0,1698.0,2145,31,74,13371.4
672.344,838.0,1698.0,2145,5,74,13399.8
672.465,838.0,1698.0,2145,3,74,13429.4
672.586,967.5,1698.0,2145,4,74,13443.4
672.763,967.5,1698.0,2145,3,74,13424.2
673.045,967.5,1698.0,2145,1,74,13412.5
673.189,1097.0,1698.0,2145,3,74,13088.2
673.31,1097.0,1698.0,2145,4,74,13053.1
673.467,1097.0,1698.0,2145,3,74,13081.8
673.595,1097.0,1698.0,2145,3,74,12996.9
673.713,651.9,1698.0,2145,10,79,12998.7
673.832,647.2,1698.0,2145,63,75,13003.0
673.951,643.1,1698.0,2145,63,74,13012.9
674.069,1225.2,1698.0,2145,2,75,13018.5
674.187,830.6,1698.0,2145,69,75,13018.6
674.307,702.5,1698.0,2145,67,77,13019.5
674.426,672.4,1698.0,2145,67,78,13019.9
674.545,673.8,1698.0,2145,76,77,12992.6
674.665,675.2,1698.0,2145,71,76,12974.0
674.784,1095.2,1698.0,2145,71,75,12976.2
674.903,837.6,1698.0,2145,71,76,12977.9
675.021,677.9,1698.0,2145,68,78,12980.4
675.141,1097.9,1698.0,2145,58,75,12986.4
675.26,969.8,1698.0,2145,58,75,12992.1
675.378,712.2,1698.0,2145,65,77,12995.2
675.497,682.1,1698.0,2145,69,78,12999.7
675.616,843.1,1698.0,2145,69,75,13008.9
675.735,1102.1,1698.0,2145,44,75,13019.1
675.854,844.5,1698.0,2145,52,76,13022.1
675.973,684.9,1698.0,2145,35,74,13030.2
676.09,975.4,1698.0,2145,35,75,13033.8
676.208,686.2,1698.0,2145,56,78,13037.5
676.328,1106.3,1698.0,2145,57,75,13043.2
676.447,848.6,1698.0,2145,57,77,13045.7
676.566,689.0,1698.0,2145,63,75,13050.8
676.684,720.5,1698.0,2145,53,75,13063.9
676.803,850.0,1698.0,2145,9,74,13082.5
676.921,690.4,1698.0,2145,9,75,13088.7
677.04,721.9,1698.0,2145,56,75,13105.2
677.158,851.4,1698.0,2145,6,74,13130.5
677.276,980.9,1698.0,2145,6,74,13133.8
677.396,1110.4,1698.0,2145,9,74,13000.3
677.517,852.8,1698.0,2145,47,76,12885.2
677.643,1111.8,1698.0,2145,20,74,12895.9
677.76,693.2,1698.0,2145,20,75,12905.1
677.88,854.2,1698.0,2145,50,75,12913.0
677.998,694.5,1698.0,2145,24,75,12920.4
678.116,985.1,1698.0,2145,24,75,12923.6
678.235,695.9,1698.0,2145,59,78,12926.7
678.354,986.4,1698.0,2145,53,75,12932.3
678.473,697.3,1698.0,2145,55,78,12935.3
678.591,987.8,1698.0,2145,55,75,12940.4
678.709,698.7,1698.0,2145,27,78,12942.8
678.828,989.2,1698.0,2145,48,75,12950.3
678.948,700.1,1698.0,2145,48,77,12953.5
679.066,861.1,1698.0,2145,56,75,12988.1
679.185,990.6,1698.0,2145,7,74,13020.1
679.303,990.6,1698.0,2145,7,74,13054.8
679.428,1120.1,1698.0,2145,7,74,13054.7
679.546,1120.1,1698.0,2145,7,74,13073.6
679.671,701.5,1698.0,2145,36,77,13056.0
679.791,862.5,1698.0,2145,36,75,12915.7
679.91,862.5,1698.0,2145,12,74,12896.3
680.042,992.0,1698.0,2145,6,74,12849.9
680.161,1121.5,1698.0,2145,11,74,12855.1
680.28,1121.5,1698.0,2145,11,74,12883.4
680.403,702.9,1698.0,2145,5,77,12894.8
680.523,863.9,1698.0,2145,41,75,12918.2
680.668,863.9,1698.0,2145,4,74,12943.8
680.786,863.9,1698.0,2145,4,74,12956.9
680.904,863.9,1698.0,2145,5,74,12980.3
681.023,993.4,1698.0,2145,4,74,12893.8
681.141,993.4,1698.0,2145,4,74,12813.2
681.26,1122.9,1698.0,2145,5,74,12780.2
681.379,1122.9,1698.0,2145,5,74,12743.6
681.497,1122.9,1698.0,2145,4,74,12756.6
681.616,704.2,1698.0,2145,4,77,12771.9
681.735,735.7,1698.0,2145,42,75,12792.9
681.853,865.2,1698.0,2145,5,74,12799.2
681.973,865.2,1698.0,2145,5,74,12825.7
682.091,865.2,1698.0,2145,3,74,12829.9
682.209,994.7,1698.0,2145,6,74,12829.0
682.328,994.7,1698.0,2145,5,74,12851.1
682.446,994.7,1698.0,2145,5,74,12874.2
682.564,994.7,1698.0,2145,3,74,12891.9
682.683,1124.2,1698.0,2145,4,74,12888.6
682.81,1124.2,1698.0,2145,4,74,12885.5
682.934,1124.2,1698.0,2145,4,74,12760.2
683.056,705.6,1698.0,2145,3,77,12720.0
683.174,737.1,1698.0,2145,41,74,12744.6
683.292,866.6,1698.0,2145,41,74,12772.3
683.411,866.6,1698.0,2145,5,74,12798.6
683.53,866.6,1698.0,2145,3,74,12825.5
683.648,996.1,1698.0,2145,3,74,12846.1
683.766,996.1,1698.0,2145,5,74,12870.3
683.884,996.1,1698.0,2145,5,74,12831.4
684.002,1125.6,1698.0,2145,3,74,12853.0
684.121,1125.6,1698.0,2145,3,74,12875.0
684.239,1125.6,1698.0,2145,4,74,12896.3
684.357,680.5,1698.0,2145,14,76,12908.6
684.477,681.8,1698.0,2145,14,74,12932.2
684.607,681.8,1698.0,2145,29,74,13006.2
684.735,681.8,1698.0,2145,1,74,13091.4
684.862,681.8,1698.0,2145,1,74,13180.6
684.99,681.8,1698.0,2145,0,74,13259.8
685.119,681.8,1698.0,2145,0,74,13281.7
685.268,681.8,1698.0,2145,1,74,13203.9
685.399,681.8,1698.0,2145,1,74,13283.9
685.526,681.8,1698.0,2145,0,74,13344.1
685.655,681.8,1698.0,2145,1,74,13375.4
685.783,681.8,1698.0,2145,1,74,13412.9
685.922,681.8,1698.0,2145,1,73,13473.1
686.052,681.8,1698.0,2145,0,73,13160.3
686.198,681.8,1698.0,2145,1,73,13035.1
686.328,681.8,1698.0,2145,1,73,13035.1
686.457,998.1,1698.0,2145,1,73,12979.9
686.576,707.7,1698.0,2145,42,75,12980.0
686.695,998.3,1698.0,2145,69,74,12981.8
686.817,706.6,1698.0,2145,69,76,12992.9
686.935,867.6,1698.0,2145,81,75,13000.9
687.054,705.4,1698.0,2145,51,78,13001.8
687.172,705.4,1698.0,2145,53,75,13005.4
687.29,866.4,1698.0,2145,53,75,13022.1
687.408,1125.4,1698.0,2145,14,74,13042.1
687.527,1125.4,1698.0,2145,9,74,13072.0
687.645,704.2,1698.0,2145,9,78,13076.9
687.763,865.2,1698.0,2145,65,75,13080.7
687.881,994.7,1698.0,2145,18,74,13094.5
687.999,1150.8,1698.0,2145,18,74,13119.7
688.116,703.0,1698.0,2145,24,77,13120.8
688.234,993.5,1698.0,2145,64,75,13126.8
688.353,701.8,1698.0,2145,26,76,13135.2
688.472,705.3,1698.0,2145,26,76,13137.1
688.59,992.3,1698.0,2145,66,75,13141.2
688.709,700.6,1698.0,2145,18,76,13143.5
688.826,700.6,1698.0,2145,18,76,13143.5
688.945,861.6,1698.0,2145,68,75,13146.1
689.063,1127.3,1698.0,2145,21,74,13149.3
689.181,699.4,1698.0,2145,71,78,13149.3
689.3,860.5,1698.0,2145,71,75,13151.3
689.419,1463.3,1698.0,2145,20,74,13154.8
689.537,698.3,1698.0,2145,71,78,13154.8
689.655,859.3,1698.0,2145,71,75,13159.3
689.774,697.1,1698.0,2145,18,76,13161.5
689.893,697.1,1698.0,2145,77,76,13161.5
690.013,858.1,1698.0,2145,10,75,13168.9
690.131,1117.1,1698.0,2145,10,74,13176.8
690.25,695.9,1698.0,2145,30,79,13179.1
690.369,856.9,1698.0,2145,57,75,13191.6
690.487,986.4,1698.0,2145,57,75,13203.4
690.606,694.7,1698.0,2145,17,76,13208.7
690.724,694.7,1698.0,2145,71,76,13208.7
690.842,855.7,1698.0,2145,71,75,13224.1
690.96,1114.7,1698.0,2145,12,74,13233.1
691.078,693.5,1698.0,2145,14,76,13238.5
691.196,693.5,1698.0,2145,69,76,13238.5
691.314,854.5,1698.0,2145,69,75,13245.2
691.432,1113.5,1698.0,2145,15,74,13251.6
691.55,692.3,1698.0,2145,58,79,13251.7
691.668,853.3,1698.0,2145,58,75,13254.0
691.786,1112.3,1698.0,2145,27,75,13258.5
691.904,691.1,1698.0,2145,40,78,13259.2
692.022,852.2,1698.0,2145,51,75,13260.6
692.14,981.7,1698.0,2145,51,75,13265.8
692.258,690.0,1698.0,2145,19,77,13269.0
692.376,690.0,1698.0,2145,68,76,13269.1
692.493,980.5,1698.0,2145,68,75,13273.9
692.612,1110.0,1698.0,2145,16,74,13282.9
692.73,688.8,1698.0,2145,42,79,13286.0
692.848,849.8,1698.0,2145,42,75,13301.5
692.966,849.8,1698.0,2145,40,74,13317.3
693.085,979.3,1698.0,2145,6,74,13332.1
693.203,979.3,1698.0,2145,7,74,13349.7
693.321,1108.8,1698.0,2145,7,74,13366.7
693.438,1108.8,1698.0,2145,8,74,13380.8
693.556,687.6,1698.0,2145,57,79,13385.0
693.674,848.6,1698.0,2145,57,75,13400.7
693.791,848.6,1698.0,2145,18,74,13418.6
693.909,978.1,1698.0,2145,6,74,13438.6
694.027,978.1,1698.0,2145,5,74,13433.9
694.146,978.1,1698.0,2145,5,74,13427.8
694.264,1107.6,1698.0,2145,5,74,13451.0
694.383,1107.6,1698.0,2145,5,74,13472.0
694.501,1107.6,1698.0,2145,5,74,13491.9
694.619,686.4,1698.0,2145,12,79,13493.8
694.737,693.4,1698.0,2145,59,75,13499.9
694.856,847.4,1698.0,2145,59,74,13489.9
694.975,847.4,1698.0,2145,8,74,13492.2
695.093,976.9,1698.0,2145,5,74,13512.5
695.21,1106.4,1698.0,2145,8,74,13528.4
695.328,1106.4,1698.0,2145,8,74,13512.7
695.447,1106.4,1698.0,2145,7,74,13534.5
695.566,685.2,1698.0,2145,58,76,13533.3
695.683,846.2,1698.0,2145,58,74,13548.9
695.803,975.7,1698.0,2145,18,74,13556.1
695.923,1105.2,1698.0,2145,14,74,13558.0
696.043,684.0,1698.0,2145,22,77,13564.2
696.163,684.0,1698.0,2145,22,75,13567.8
696.283,845.0,1698.0,2145,54,75,13574.0
696.403,974.5,1698.0,2145,10,74,13588.5
696.523,974.5,1698.0,2145,10,74,13613.1
696.644,1104.0,1698.0,2145,4,74,13628.0
696.764,1104.0,1698.0,2145,6,74,13639.6
696.885,682.8,1698.0,2145,62,78,13632.6
697.007,843.9,1698.0,2145,62,75,13645.1
697.127,843.9,1698.0,2145,14,74,13659.6
697.248,973.4,1698.0,2145,7,74,13671.4
697.368,1102.9,1698.0,2145,7,74,13684.2
697.488,1102.9,1698.0,2145,7,74,13699.8
697.608,1142.8,1698.0,2145,5,76,13708.7
697.729,681.7,1698.0,2145,68,76,13708.0
697.849,842.7,1698.0,2145,68,75,13720.0
697.973,842.7,1698.0,2145,7,74,13730.4
698.093,972.2,1698.0,2145,6,74,13737.7
698.255,972.2,1698.0,2145,2,74,13703.8
698.626,1101.7,1698.0,2145,3,74,13672.7
698.949,1101.7,1698.0,2145,46,76,13647.9
699.261,841.5,1698.0,2145,4,74,13617.8
699.572,971.0,1698.0,2145,3,74,13587.3
699.903,971.0,1698.0,2145,1,74,13557.0
700.233,1100.5,1698.0,2145,2,74,13523.7
700.587,679.3,1698.0,2145,18,78,13512.0
700.777,840.3,1698.0,2145,4,74,13475.1
701.135,840.3,1698.0,2145,4,74,13446.0
701.458,969.8,1698.0,2145,3,74,13433.0
701.582,1099.3,1698.0,2145,5,74,13217.8
701.703,1099.3,1698.0,2145,5,74,13220.4
701.827,1099.3,1698.0,2145,5,74,13067.1
701.947,678.1,1698.0,2145,21,79,13038.5
702.067,685.1,1698.0,2145,50,75,13070.9
702.185,839.1,1698.0,2145,50,75,13110.2
702.303,839.1,1698.0,2145,5,74,13149.7
702.421,839.1,1698.0,2145,5,74,13179.1
702.541,968.6,1698.0,2145,5,74,13168.0
702.661,968.6,1698.0,2145,3,74,13111.7
702.783,968.6,1698.0,2145,4,74,13082.1
702.901,968.6,1698.0,2145,4,74,13063.7
703.038,1098.1,1698.0,2145,4,74,13012.5
703.156,1098.1,1698.0,2145,3,74,13024.5
703.275,1098.1,1698.0,2145,5,74,12940.1
703.394,676.9,1698.0,2145,68,78,12926.4
703.512,708.4,1698.0,2145,68,75,12905.3
703.63,837.9,1698.0,2145,3,75,12929.8
703.752,837.9,1698.0,2145,3,74,12942.1
703.873,837.9,1698.0,2145,3,74,12964.8
703.996,837.9,1698.0,2145,4,74,12990.2
704.12,967.4,1698.0,2145,3,74,13013.6
704.242,967.4,1698.0,2145,4,74,13037.3
704.364,967.4,1698.0,2145,4,74,13061.8
704.486,967.4,1698.0,2145,4,74,13083.3
704.608,1096.9,1698.0,2145,3,74,13102.8
704.728,1096.9,1698.0,2145,4,74,13121.5
704.849,1096.9,1698.0,2145,4,74,13139.2
704.97,1124.1,1698.0,2145,4,75,13153.4
705.09,649.9,1698.0,2145,65,77,13133.6
705.212,962.3,1698.0,2145,65,75,13140.9
705.332,834.3,1698.0,2145,35,77,13142.1
705.452,674.7,1698.0,2145,91,77,13142.2
705.57,1094.7,1698.0,2145,46,76,13142.8
705.688,966.6,1698.0,2145,46,76,13034.3
705.806,838.6,1698.0,2145,80,79,13040.9
705.925,679.0,1698.0,2145,84,78,13048.7
706.044,680.5,1698.0,2145,84,78,13061.0
706.164,681.9,1698.0,2145,79,77,13065.1
706.283,683.3,1698.0,2145,79,76,13066.2
706.402,844.3,1698.0,2145,52,76,13076.7
706.522,973.8,1698.0,2145,52,75,13093.6
706.64,1103.3,1698.0,2145,9,75,13107.8
706.758,684.8,1698.0,2145,52,78,13113.2
706.876,845.8,1698.0,2145,52,75,13055.6
706.995,845.8,1698.0,2145,7,75,12779.5
707.114,975.3,1698.0,2145,7,75,12794.7
707.232,1104.8,1698.0,2145,7,74,12809.1
707.35,686.2,1698.0,2145,13,77,12819.5
707.468,717.7,1698.0,2145,45,75,12832.4
707.586,847.2,1698.0,2145,6,75,12847.2
707.704,976.7,1698.0,2145,6,74,12860.2
707.822,976.7,1698.0,2145,9,74,12875.8
707.94,687.6,1698.0,2145,11,76,12888.6
708.057,719.2,1698.0,2145,11,75,12898.5
708.175,848.7,1698.0,2145,45,75,12917.0
708.293,978.2,1698.0,2145,9,74,12938.5
708.411,978.2,1698.0,2145,8,74,12961.1
708.529,1107.7,1698.0,2145,8,74,12981.8
708.647,689.1,1698.0,2145,6,77,12990.7
708.765,850.1,1698.0,2145,45,75,13014.3
708.883,850.1,1698.0,2145,45,74,13034.0
709.002,979.6,1698.0,2145,9,74,13054.4
709.131,1109.1,1698.0,2145,9,74,13069.1
709.252,722.0,1698.0,2145,49,75,12664.6
709.37,851.5,1698.0,2145,49,75,12683.6
709.488,981.0,1698.0,2145,7,74,12707.1
709.607,1110.5,1698.0,2145,8,74,12727.1
709.725,1110.5,1698.0,2145,8,74,12748.7
709.844,692.0,1698.0,2145,9,77,12757.1
709.963,853.0,1698.0,2145,46,75,12777.6
710.081,982.5,1698.0,2145,6,74,12802.2
710.199,982.5,1698.0,2145,6,74,12822.2
710.318,1112.0,1698.0,2145,10,74,12840.8
710.436,1112.0,1698.0,2145,5,74,12864.0
710.554,724.9,1698.0,2145,5,76,12869.3
710.672,983.9,1698.0,2145,47,74,12885.9
710.79,983.9,1698.0,2145,12,74,12900.8
710.908,1113.4,1698.0,2145,12,74,12917.7
711.026,694.8,1698.0,2145,7,76,12927.7
711.144,855.8,1698.0,2145,45,75,12936.4
711.262,985.3,1698.0,2145,18,74,12949.6
711.38,1114.8,1698.0,2145,18,74,12967.1
711.498,727.8,1698.0,2145,28,75,12973.8
711.616,857.3,1698.0,2145,27,74,12991.7
711.734,986.8,1698.0,2145,27,74,13011.0
711.853,1116.3,1698.0,2145,12,74,13026.8
711.971,697.7,1698.0,2145,17,77,13033.0
712.089,988.2,1698.0,2145,45,75,13044.1
712.207,699.2,1698.0,2145,45,75,13049.9
712.325,989.7,1698.0,2145,57,75,13056.3
712.442,700.6,1698.0,2145,22,75,13062.0
712.56,861.6,1698.0,2145,22,75,13067.2
712.678,1122.7,1698.0,2145,53,75,13072.5
712.796,863.0,1698.0,2145,56,75,13078.4
712.918,992.5,1698.0,2145,13,74,13084.8
713.043,1122.0,1698.0,2145,13,74,13094.0
713.161,735.0,1698.0,2145,38,76,13099.5
713.279,864.5,1698.0,2145,24,74,13111.5
713.398,1123.5,1698.0,2145,24,74,13121.1
713.516,865.9,1698.0,2145,24,76,13127.6
713.634,865.9,1698.0,2145,38,74,13147.7
713.762,995.4,1698.0,2145,8,74,13160.2
713.883,995.4,1698.0,2145,8,74,13174.3
714.003,1124.9,1698.0,2145,6,74,13194.6
714.125,706.4,1698.0,2145,41,78,13201.0
714.247,867.4,1698.0,2145,41,74,13225.4
714.368,867.4,1698.0,2145,13,74,13247.4
714.489,1126.4,1698.0,2145,10,74,13268.2
714.611,1126.4,1698.0,2145,8,74,13291.4
714.732,714.8,1698.0,2145,8,75,13296.3
714.853,868.8,1698.0,2145,46,74,13322.8
714.975,868.8,1698.0,2145,3,74,13346.2
715.1,998.3,1698.0,2145,5,74,13355.8
715.257,998.3,1698.0,2145,1,74,13334.0
715.595,998.3,1698.0,2145,2,74,13302.5
715.948,1127.8,1698.0,2145,1,74,13268.0
716.314,709.2,1698.0,2145,41,74,13240.3
716.658,870.2,1698.0,2145,3,74,13214.5
716.965,870.2,1698.0,2145,1,74,13180.8
717.311,999.7,1698.0,2145,2,74,13149.9
717.664,999.7,1698.0,2145,3,74,13120.1
718.001,1129.2,1698.0,2145,3,74,13083.2
718.398,1129.2,1698.0,2145,21,75,13063.2
718.688,871.7,1698.0,2145,3,74,13034.3
719.019,871.7,1698.0,2145,3,74,13006.4
719.343,1001.2,1698.0,2145,4,74,12986.4
719.599,1130.7,1698.0,2145,6,74,12976.9
719.846,687.0,1698.0,2145,25,75,12969.3
719.982,687.0,1698.0,2145,1,74,13027.6
720.394,687.0,1698.0,2145,2,74,12994.7
720.527,687.0,1698.0,2145,0,74,12809.8
720.664,687.0,1698.0,2145,1,74,12811.1
720.825,687.0,1698.0,2145,2,74,12895.6
720.952,687.0,1698.0,2145,0,74,12987.2
721.08,687.0,1698.0,2145,0,74,13074.5
721.209,687.0,1698.0,2145,1,74,13147.4
721.341,687.0,1698.0,2145,1,74,13219.0
721.472,687.0,1698.0,2145,0,74,13289.0
721.604,687.0,1698.0,2145,0,74,13364.0
721.735,687.0,1698.0,2145,1,74,13437.5
721.873,687.0,1698.0,2145,1,74,13506.0
722.005,687.0,1698.0,2145,0,74,13565.2
722.142,687.0,1698.0,2145,1,74,13578.4
722.519,687.0,1698.0,2145,1,74,13572.4
722.814,687.0,1698.0,2145,1,74,13559.3
722.949,687.0,1698.0,2145,0,74,13445.4
723.102,687.0,1698.0,2145,1,74,13383.6
723.241,687.0,1698.0,2145,1,74,13284.5
723.369,687.0,1698.0,2145,1,74,13337.9
723.49,687.0,1698.0,2145,0,74,13358.2
723.61,687.0,1698.0,2145,0,74,13390.8
723.73,687.0,1698.0,2145,1,74,13417.4
723.85,687.0,1698.0,2145,1,74,13443.8
723.97,687.0,1698.0,2145,0,74,13469.3
724.09,687.0,1698.0,2145,0,74,13371.5
724.215,687.0,1698.0,2145,1,74,13372.3
724.343,687.0,1698.0,2145,1,74,13374.2
724.473,687.0,1698.0,2145,0,74,13374.5
724.603,687.0,1698.0,2145,0,75,13316.4
724.731,744.3,1698.0,2145,1,74,13329.1
724.849,873.8,1698.0,2145,7,75,13347.6
724.967,873.8,1698.0,2145,4,75,13366.3
725.085,1003.3,1698.0,2145,4,75,13376.5
725.204,1132.8,1698.0,2145,9,74,13387.9
725.321,1174.9,1698.0,2145,9,75,13399.0
725.439,712.8,1698.0,2145,9,78,13403.4
725.557,873.8,1698.0,2145,75,75,13416.7
725.675,1003.3,1698.0,2145,10,75,13429.0
725.793,1003.3,1698.0,2145,10,75,13443.8
725.912,1132.8,1698.0,2145,9,75,13460.1
726.029,1132.8,1698.0,2145,5,74,13477.3
726.147,711.5,1698.0,2145,64,79,13478.9
726.265,711.5,1698.0,2145,64,75,13490.6
726.383,872.5,1698.0,2145,17,75,13512.4
726.501,1002.0,1698.0,2145,8,74,13533.9
726.628,1002.0,1698.0,2145,8,74,13332.6
726.746,1131.5,1698.0,2145,7,74,13354.5
726.865,1171.0,1698.0,2145,8,76,13373.0
726.983,710.1,1698.0,2145,74,79,13373.0
727.101,871.1,1698.0,2145,74,75,13386.4
727.22,1000.6,1698.0,2145,7,75,13409.5
727.339,1130.1,1698.0,2145,15,74,13433.1
727.457,1130.1,1698.0,2145,15,74,13459.8
727.574,708.7,1698.0,2145,5,78,13466.8
727.693,740.2,1698.0,2145,75,76,13473.5
727.811,869.7,1698.0,2145,10,75,13487.7
727.929,999.2,1698.0,2145,10,75,13503.6
728.047,999.2,1698.0,2145,6,74,13522.9
728.165,1128.7,1698.0,2145,10,74,13541.5
728.31,707.4,1698.0,2145,75,78,13496.7
728.428,738.9,1698.0,2145,75,75,13507.2
728.546,868.4,1698.0,2145,5,74,13519.4
728.664,997.9,1698.0,2145,11,75,13530.5
728.783,1469.9,1698.0,2145,11,76,13544.4
728.901,706.0,1698.0,2145,40,77,13544.4
729.019,867.0,1698.0,2145,46,75,13552.8
729.138,996.5,1698.0,2145,46,75,13564.9
729.257,996.5,1698.0,2145,13,74,13387.2
729.384,1126.0,1698.0,2145,7,74,13020.1
729.505,704.6,1698.0,2145,19,77,13033.8
729.623,704.6,1698.0,2145,19,76,13033.8
729.742,865.6,1698.0,2145,61,75,13054.8
729.86,865.6,1698.0,2145,8,75,13079.1
729.979,995.1,1698.0,2145,8,74,13102.5
730.097,995.1,1698.0,2145,5,74,13127.0
730.216,1124.6,1698.0,2145,8,74,13146.7
730.335,1605.2,1698.0,2145,8,74,13165.0
730.453,703.3,1698.0,2145,8,79,13165.1
730.572,864.3,1698.0,2145,73,75,13175.3
730.69,993.8,1698.0,2145,11,75,13191.8
730.809,993.8,1698.0,2145,11,74,13211.1
730.927,1123.3,1698.0,2145,9,74,13228.6
731.045,701.9,1698.0,2145,7,77,13240.6
731.162,701.9,1698.0,2145,75,76,13241.5
731.281,862.9,1698.0,2145,75,75,13259.7
731.399,862.9,1698.0,2145,8,74,13276.8
731.517,992.4,1698.0,2145,9,74,13290.8
731.636,1121.9,1698.0,2145,9,74,13305.6
731.754,700.5,1698.0,2145,11,78,13309.1
731.872,861.5,1698.0,2145,76,75,13322.5
731.99,861.5,1698.0,2145,7,75,13339.3
732.109,991.0,1698.0,2145,7,74,13359.3
732.227,991.0,1698.0,2145,8,74,13375.8
732.345,1120.5,1698.0,2145,8,74,13391.2
732.463,699.2,1698.0,2145,8,75,13402.2
732.581,699.2,1698.0,2145,46,77,13402.2
732.699,730.7,1698.0,2145,35,75,13415.8
732.817,860.2,1698.0,2145,35,74,13431.7
732.935,989.7,1698.0,2145,9,74,13447.5
733.052,989.7,1698.0,2145,5,74,13462.9
733.17,1119.2,1698.0,2145,7,74,13479.6
733.288,1161.1,1698.0,2145,7,75,13491.7
733.411,697.8,1698.0,2145,43,78,13491.4
733.532,858.8,1698.0,2145,41,75,13501.4
733.653,858.8,1698.0,2145,41,74,13506.4
733.775,988.3,1698.0,2145,6,74,13517.7
733.896,988.3,1698.0,2145,6,74,13530.2
734.017,1117.8,1698.0,2145,4,74,13544.8
734.138,1117.8,1698.0,2145,4,74,13559.8
734.258,1117.8,1698.0,2145,5,74,13576.9
734.379,696.4,1698.0,2145,21,78,13576.9
734.5,727.9,1698.0,2145,60,75,13583.0
734.623,986.9,1698.0,2145,60,75,13593.8
734.744,986.9,1698.0,2145,10,74,13604.8
734.866,1116.4,1698.0,2145,12,75,13612.0
734.989,695.1,1698.0,2145,12,78,13605.8
735.112,856.1,1698.0,2145,76,75,13615.7
735.234,985.6,1698.0,2145,10,74,13622.3
735.356,693.7,1698.0,2145,30,77,13619.2
735.478,854.7,1698.0,2145,30,76,13613.0
735.6,984.2,1698.0,2145,69,75,13615.0
735.723,692.3,1698.0,2145,17,77,13611.3
735.845,692.3,1698.0,2145,74,76,13602.5
735.967,982.8,1698.0,2145,74,75,13602.4
736.09,1112.3,1698.0,2145,18,74,13607.4
736.212,691.0,1698.0,2145,46,79,13600.1
736.334,852.0,1698.0,2145,40,75,13607.8
736.456,852.0,1698.0,2145,40,74,13615.7
736.578,981.5,1698.0,2145,6,74,13624.1
736.7,1111.0,1698.0,2145,8,74,13634.2
736.821,689.6,1698.0,2145,8,76,13635.3
736.943,689.6,1698.0,2145,40,77,13632.5
737.065,850.6,1698.0,2145,44,75,13637.1
737.188,850.6,1698.0,2145,7,75,13647.5
737.31,980.1,1698.0,2145,7,74,13659.7
737.431,980.1,1698.0,2145,7,74,13668.6
737.569,1109.6,1698.0,2145,4,74,13674.0
737.724,688.2,1698.0,2145,27,78,13669.1
737.852,849.2,1698.0,2145,59,75,13664.9
738.01,849.2,1698.0,2145,5,74,13638.0
738.248,978.7,1698.0,2145,4,74,13500.0
738.433,1585.2,1698.0,2145,10,75,13503.4
738.567,686.9,1698.0,2145,62,77,13494.6
738.688,1106.9,1698.0,2145,37,75,13487.1
738.812,685.5,1698.0,2145,37,78,13478.4
738.934,1105.5,1698.0,2145,87,76,13478.7
739.056,684.1,1698.0,2145,65,78,13469.9
739.178,1104.1,1698.0,2145,48,75,13465.5
739.3,682.8,1698.0,2145,48,79,13456.7
739.422,973.3,1698.0,2145,76,75,13452.8
739.545,681.4,1698.0,2145,69,79,13444.2
739.667,971.9,1698.0,2145,69,75,13436.2
739.79,680.0,1698.0,2145,52,79,13427.6
739.911,841.0,1698.0,2145,75,76,13424.8
740.034,1100.0,1698.0,2145,23,75,13427.4
740.158,678.7,1698.0,2145,23,80,13421.7
740.281,839.7,1698.0,2145,75,75,13436.1
740.403,839.7,1698.0,2145,5,75,13450.2
740.525,839.7,1698.0,2145,4,75,13464.2
740.647,969.2,1698.0,2145,4,75,13477.8
740.769,969.2,1698.0,2145,5,75,13494.1
740.891,969.2,1698.0,2145,5,74,13508.9
741.012,1098.7,1698.0,2145,3,74,13520.3
741.233,1098.7,1698.0,2145,2,74,13489.9
741.612,1098.7,1698.0,2145,73,77,13434.9
742.018,708.8,1698.0,2145,2,75,13397.0
742.422,838.3,1698.0,2145,2,74,13351.9
742.896,838.3,1698.0,2145,2,74,13308.6
743.351,838.3,1698.0,2145,2,74,13252.7
743.846,967.8,1698.0,2145,1,74,13204.4
744.316,967.8,1698.0,2145,0,74,13138.3
744.749,967.8,1698.0,2145,1,74,13121.1
745.021,1097.3,1698.0,2145,4,74,13111.3
745.265,1097.3,1698.0,2145,3,74,13105.5
745.505,1097.3,1698.0,2145,2,74,13098.1
745.75,1097.3,1698.0,2145,3,74,12915.1
745.898,652.1,1698.0,2145,64,76,12755.9
746.024,647.2,1698.0,2145,64,74,12733.2
746.143,643.1,1698.0,2145,29,74,12671.1
746.272,1092.3,1698.0,2145,7,74,12676.4
746.406,1118.7,1698.0,2145,91,75,12676.4
746.524,1093.6,1698.0,2145,91,76,12676.4
746.643,1092.8,1698.0,2145,99,76,12676.4
746.761,1094.3,1698.0,2145,98,76,12676.4
746.881,1095.8,1698.0,2145,98,76,12676.4
747.0,1097.3,1698.0,2145,98,76,12593.2
747.119,1098.8,1698.0,2145,98,77,12593.2
747.238,1100.3,1698.0,2145,98,77,12594.7
747.372,842.8,1698.0,2145,98,77,12602.2
747.491,842.8,1698.0,2145,63,75,12619.0
747.609,1122.2,1698.0,2145,10,75,12629.1
747.727,844.2,1698.0,2145,58,76,12634.2
747.845,973.7,1698.0,2145,58,75,12643.6
747.965,845.7,1698.0,2145,26,78,12640.6
748.087,686.2,1698.0,2145,71,78,12638.9
748.209,687.7,1698.0,2145,81,76,12633.7
748.33,978.2,1698.0,2145,81,76,12628.1
748.453,850.2,1698.0,2145,72,78,12622.3
748.575,690.7,1698.0,2145,66,78,12617.5
748.697,1110.7,1698.0,2145,66,76,12615.6
748.819,982.7,1698.0,2145,61,76,12609.4
748.942,725.2,1698.0,2145,75,78,12604.1
749.065,695.2,1698.0,2145,55,77,12601.8
749.186,985.7,1698.0,2145,55,76,12598.0
749.309,700.2,1698.0,2145,63,78,12591.9
749.431,698.2,1698.0,2145,69,78,12587.2
749.553,1120.6,1698.0,2145,76,76,12581.7
749.675,860.7,1698.0,2145,76,77,12582.2
749.797,990.2,1698.0,2145,47,75,12592.3
749.919,701.2,1698.0,2145,24,78,12589.2
750.041,862.2,1698.0,2145,24,76,12597.4
750.162,991.7,1698.0,2145,39,75,12602.4
750.285,702.7,1698.0,2145,17,78,12604.5
750.406,863.7,1698.0,2145,49,76,12613.9
750.528,993.2,1698.0,2145,49,75,12625.4
750.65,993.2,1698.0,2145,7,75,12637.8
750.771,704.2,1698.0,2145,12,76,12648.9
750.893,735.7,1698.0,2145,45,76,12655.0
751.014,865.2,1698.0,2145,45,75,12668.3
751.135,1124.2,1698.0,2145,9,75,12679.9
751.257,1128.8,1698.0,2145,15,75,12688.3
751.38,737.2,1698.0,2145,15,76,12694.2
751.502,866.7,1698.0,2145,46,75,12711.6
751.623,866.7,1698.0,2145,4,75,12729.2
751.745,996.2,1698.0,2145,7,75,12745.3
751.867,996.2,1698.0,2145,7,75,12762.8
751.989,1125.7,1698.0,2145,6,75,12782.1
752.111,707.1,1698.0,2145,6,78,12787.3
752.232,868.1,1698.0,2145,46,75,12796.7
752.355,868.1,1698.0,2145,46,75,12811.6
752.477,997.6,1698.0,2145,10,75,12826.0
752.604,1127.1,1698.0,2145,5,75,12834.1
752.788,1127.1,1698.0,2145,3,75,12821.3
753.082,740.1,1698.0,2145,44,76,12813.7
753.243,869.6,1698.0,2145,3,75,12795.6
753.566,1128.6,1698.0,2145,11,75,12780.2
753.815,683.6,1698.0,2145,6,76,12771.7
754.014,685.0,1698.0,2145,0,75,12782.6
754.353,685.0,1698.0,2145,1,75,12819.9
754.634,685.0,1698.0,2145,0,75,12872.2
754.77,685.0,1698.0,2145,1,75,12906.6
754.907,685.0,1698.0,2145,1,75,12856.7
755.04,685.0,1698.0,2145,0,75,12776.5
755.202,685.0,1698.0,2145,0,75,12853.2
755.333,685.0,1698.0,2145,2,75,12929.0
755.466,685.0,1698.0,2145,1,75,13006.0
755.598,685.0,1698.0,2145,0,75,13086.4
755.753,685.0,1698.0,2145,2,75,13160.7
755.885,685.0,1698.0,2145,1,75,13096.7
756.072,685.0,1698.0,2145,0,75,12954.0
756.247,685.0,1698.0,2145,1,75,12853.2
756.414,685.0,1698.0,2145,1,75,12944.8
756.543,685.0,1698.0,2145,1,75,13036.8
756.671,685.0,1698.0,2145,0,75,13125.6
756.799,685.0,1698.0,2145,2,75,13219.5
756.928,685.0,1698.0,2145,1,75,13236.8
757.056,685.0,1698.0,2145,1,75,13327.6
757.184,685.0,1698.0,2145,0,75,13418.5
757.353,685.0,1698.0,2145,2,75,13160.2
757.482,685.0,1698.0,2145,1,75,12894.4
757.607,685.0,1698.0,2145,0,75,12919.5
757.728,685.0,1698.0,2145,0,75,12944.4
757.85,685.0,1698.0,2145,2,75,12970.2
757.97,685.0,1698.0,2145,1,75,13033.1
758.093,685.0,1698.0,2145,0,75,13037.6
758.222,685.0,1698.0,2145,0,75,13037.6
758.351,685.0,1698.0,2145,2,75,13037.6
758.481,686.5,1698.0,2145,0,75,12978.1
758.601,742.5,1698.0,2145,3,75,12994.8
758.719,872.0,1698.0,2145,3,75,13015.9
758.837,872.0,1698.0,2145,7,75,13035.2
758.955,1001.5,1698.0,2145,6,75,13046.5
759.073,1131.0,1698.0,2145,6,75,13061.5
759.195,1131.0,1698.0,2145,7,75,13073.7
759.312,711.1,1698.0,2145,45,79,13075.8
759.431,872.1,1698.0,2145,38,76,13091.3
759.549,872.1,1698.0,2145,38,75,13107.4
759.668,1001.6,1698.0,2145,8,75,13124.2
759.786,1001.6,1698.0,2145,8,75,13142.9
759.904,1131.1,1698.0,2145,8,75,13162.0
760.022,1131.1,1698.0,2145,5,75,13181.2
760.14,709.8,1698.0,2145,19,78,13187.1
760.258,709.8,1698.0,2145,62,77,13191.1
760.376,870.8,1698.0,2145,62,75,13213.3
760.495,870.8,1698.0,2145,6,75,13234.7
760.612,1000.3,1698.0,2145,6,75,13254.7
760.731,1000.3,1698.0,2145,6,75,13277.3
760.849,1129.8,1698.0,2145,8,75,13299.6
760.967,1129.8,1698.0,2145,6,75,13322.1
761.085,708.5,1698.0,2145,6,80,13323.8
761.203,740.0,1698.0,2145,75,76,13331.3
761.321,869.5,1698.0,2145,8,75,13351.2
761.439,999.0,1698.0,2145,11,75,13370.0
761.557,1128.5,1698.0,2145,11,75,13391.4
761.676,1128.5,1698.0,2145,7,75,13413.4
761.794,707.2,1698.0,2145,43,79,13416.9
761.913,738.7,1698.0,2145,43,76,13422.8
762.032,868.2,1698.0,2145,40,75,13441.0
762.15,997.7,1698.0,2145,5,75,13460.3
762.268,997.7,1698.0,2145,9,75,13477.6
762.386,1127.2,1698.0,2145,9,75,13498.2
762.506,1127.2,1698.0,2145,7,75,13500.2
762.627,705.9,1698.0,2145,60,78,13497.8
762.749,737.4,1698.0,2145,60,75,13500.3
762.87,866.9,1698.0,2145,23,75,13511.6
762.991,996.4,1698.0,2145,6,75,13526.9
763.113,1125.9,1698.0,2145,9,75,13539.8
763.234,704.6,1698.0,2145,9,78,13542.5
763.355,704.6,1698.0,2145,55,76,13533.6
763.475,865.6,1698.0,2145,32,75,13541.5
763.596,995.1,1698.0,2145,9,75,13551.2
763.717,1124.6,1698.0,2145,9,75,13555.9
763.837,703.3,1698.0,2145,12,78,13551.8
763.958,703.3,1698.0,2145,74,76,13542.7
764.078,993.8,1698.0,2145,74,75,13542.7
764.199,702.0,1698.0,2145,18,76,13541.9
764.319,702.0,1698.0,2145,66,78,13533.0
764.439,863.0,1698.0,2145,23,75,13533.9
764.56,1122.0,1698.0,2145,23,75,13536.9
764.68,700.7,1698.0,2145,16,78,13532.6
764.8,700.7,1698.0,2145,76,76,13526.2
764.921,861.7,1698.0,2145,76,75,13531.8
765.041,1120.7,1698.0,2145,12,75,13535.5
765.162,699.4,1698.0,2145,24,78,13530.3
765.282,699.4,1698.0,2145,63,76,13524.1
765.404,989.9,1698.0,2145,63,75,13527.9
765.524,1119.4,1698.0,2145,15,75,13532.9
765.646,698.1,1698.0,2145,27,78,13529.9
765.767,698.1,1698.0,2145,27,77,13522.6
765.888,988.6,1698.0,2145,59,75,13522.2
766.009,696.8,1698.0,2145,18,78,13520.4
766.13,696.8,1698.0,2145,79,77,13511.3
766.251,857.8,1698.0,2145,79,75,13514.3
766.373,987.3,1698.0,2145,12,75,13516.7
766.494,1460.1,1698.0,2145,12,76,13517.3
766.617,695.5,1698.0,2145,78,78,13510.4
766.738,856.6,1698.0,2145,78,75,13518.6
766.861,986.1,1698.0,2145,13,75,13523.9
766.982,694.2,1698.0,2145,23,78,13521.0
767.102,855.3,1698.0,2145,23,77,13519.6
767.224,984.8,1698.0,2145,67,75,13523.0
767.345,1114.3,1698.0,2145,16,75,13523.2
767.466,693.0,1698.0,2145,72,79,13515.1
767.587,983.5,1698.0,2145,72,76,13515.1
767.708,1113.0,1698.0,2145,24,75,13515.8
767.83,691.7,1698.0,2145,57,80,13507.5
767.951,982.2,1698.0,2145,40,76,13506.8
768.073,1111.7,1698.0,2145,40,75,13510.4
768.194,690.4,1698.0,2145,22,79,13504.1
768.315,851.4,1698.0,2145,67,76,13509.1
768.436,851.4,1698.0,2145,67,75,13516.4
768.557,980.9,1698.0,2145,6,75,13523.4
768.678,980.9,1698.0,2145,6,75,13531.4
768.798,689.1,1698.0,2145,22,77,13533.4
768.919,689.1,1698.0,2145,22,77,13530.4
769.04,850.1,1698.0,2145,65,75,13538.8
769.161,850.1,1698.0,2145,7,75,13552.6
769.282,979.6,1698.0,2145,7,75,13562.6
769.408,1109.1,1698.0,2145,7,75,13569.4
769.537,1109.1,1698.0,2145,5,75,13567.3
769.712,687.8,1698.0,2145,24,78,13554.4
769.856,848.8,1698.0,2145,5,75,13540.4
770.105,978.3,1698.0,2145,6,75,13518.7
770.382,1107.8,1698.0,2145,6,75,13497.4
770.62,686.5,1698.0,2145,33,80,13485.0
770.814,1148.5,1698.0,2145,70,79,13474.8
770.953,846.2,1698.0,2145,87,77,13466.2
771.076,683.9,1698.0,2145,87,79,13463.7
771.208,974.4,1698.0,2145,66,77,13455.9
771.338,682.6,1698.0,2145,66,79,13447.8
771.459,973.1,1698.0,2145,69,76,13442.6
771.585,681.3,1698.0,2145,69,80,13433.8
771.707,1101.3,1698.0,2145,84,77,13425.5
771.829,680.0,1698.0,2145,77,80,13416.7
771.951,1100.0,1698.0,2145,77,76,13416.1
772.073,678.7,1698.0,2145,42,79,13414.9
772.195,678.7,1698.0,2145,76,77,13409.9
772.317,839.7,1698.0,2145,4,76,13409.7
772.506,839.7,1698.0,2145,2,75,13382.9
772.826,969.2,1698.0,2145,1,75,13351.1
773.188,969.2,1698.0,2145,3,75,13319.2
773.534,969.2,1698.0,2145,2,75,13305.1
773.765,1098.7,1698.0,2145,4,75,13297.7
774.001,1098.7,1698.0,2145,1,75,13262.1
774.393,1098.7,1698.0,2145,3,75,13227.3
774.548,677.4,1698.0,2145,24,79,13228.3
774.668,677.4,1698.0,2145,55,76,13235.8
774.789,838.4,1698.0,2145,55,75,13253.8
774.922,838.4,1698.0,2145,2,75,13229.5
775.306,838.4,1698.0,2145,2,75,13186.9
775.766,838.4,1698.0,2145,0,75,13143.5
776.215,967.9,1698.0,2145,1,75,13080.4
776.593,967.9,1698.0,2145,1,75,12962.7
776.733,967.9,1698.0,2145,4,75,12672.1
776.911,1097.4,1698.0,2145,4,75,12663.6
777.029,1097.4,1698.0,2145,3,75,12654.5
777.147,1097.4,1698.0,2145,5,75,12599.9
777.267,652.3,1698.0,2145,5,80,12591.3
777.386,646.6,1698.0,2145,75,76,12597.4
777.504,673.3,1698.0,2145,48,78,12597.7
777.624,674.8,1698.0,2145,48,78,12598.0
777.743,1099.5,1698.0,2145,88,76,12565.4
777.862,966.8,1698.0,2145,72,77,12567.9
777.981,709.3,1698.0,2145,68,79,12569.1
778.1,679.3,1698.0,2145,68,79,12570.4
778.219,680.8,1698.0,2145,71,77,12571.9
778.338,971.3,1698.0,2145,69,77,12574.6
778.456,843.3,1698.0,2145,69,78,12575.8
778.575,683.8,1698.0,2145,67,80,12577.5
778.694,1103.8,1698.0,2145,66,76,12589.5
778.813,846.3,1698.0,2145,66,78,12591.7
778.931,686.8,1698.0,2145,61,79,12593.6
779.05,1106.8,1698.0,2145,67,76,12597.6
779.168,978.8,1698.0,2145,65,77,12599.2
779.287,696.8,1698.0,2145,65,79,12600.5
779.405,691.3,1698.0,2145,69,78,12603.6
779.524,981.8,1698.0,2145,61,77,12607.4
779.643,853.8,1698.0,2145,61,78,12609.2
779.761,694.2,1698.0,2145,69,79,12612.8
779.88,671.3,1698.0,2145,67,77,12615.0
779.998,986.3,1698.0,2145,67,77,12617.4
780.117,858.2,1698.0,2145,67,80,12618.2
780.235,698.7,1698.0,2145,72,79,12619.2
780.355,1118.7,1698.0,2145,66,77,12622.4
780.474,990.7,1698.0,2145,66,78,12624.3
780.592,701.7,1698.0,2145,63,80,12627.3
780.711,992.2,1698.0,2145,55,77,12632.5
780.829,703.2,1698.0,2145,61,79,12637.7
780.948,864.2,1698.0,2145,61,76,12651.0
781.066,993.7,1698.0,2145,12,76,12665.5
781.184,1123.2,1698.0,2145,6,76,12677.8
781.302,704.7,1698.0,2145,6,78,12684.1
781.422,736.2,1698.0,2145,47,76,12697.1
781.54,865.7,1698.0,2145,9,76,12710.5
781.659,995.2,1698.0,2145,9,76,12723.1
781.777,1124.7,1698.0,2145,9,76,12739.5
781.896,867.2,1698.0,2145,36,77,12744.3
782.014,867.2,1698.0,2145,22,76,12759.4
782.132,996.7,1698.0,2145,22,76,12782.6
782.25,996.7,1698.0,2145,7,75,12790.9
782.37,996.7,1698.0,2145,5,75,12804.6
782.488,1126.2,1698.0,2145,5,75,12814.6
782.607,707.7,1698.0,2145,8,78,12806.4
782.725,739.2,1698.0,2145,45,76,12810.2
782.845,868.7,1698.0,2145,7,76,12816.1
782.963,998.2,1698.0,2145,7,75,12825.1
783.084,1127.7,1698.0,2145,9,75,12797.0
783.201,1127.7,1698.0,2145,7,75,12816.9
783.319,709.2,1698.0,2145,7,79,12824.8
783.438,870.2,1698.0,2145,45,76,12853.3
783.555,870.2,1698.0,2145,4,76,12842.1
783.675,870.2,1698.0,2145,4,75,12813.3
783.797,870.2,1698.0,2145,4,75,12765.3
783.929,999.7,1698.0,2145,4,75,12742.2
784.047,999.7,1698.0,2145,3,75,12757.0
784.167,999.7,1698.0,2145,5,75,12657.8
784.287,1129.2,1698.0,2145,5,75,12693.5
784.407,1129.2,1698.0,2145,5,75,12731.5
784.525,710.7,1698.0,2145,17,78,12754.6
784.644,742.2,1698.0,2145,17,76,12780.4
784.764,871.7,1698.0,2145,32,75,12749.6
784.882,871.7,1698.0,2145,5,75,12740.6
785.0,871.7,1698.0,2145,5,75,12735.3
785.119,1001.2,1698.0,2145,3,75,12717.9
785.239,1001.2,1698.0,2145,4,75,12705.4
785.358,1001.2,1698.0,2145,4,75,12484.3
785.486,1130.7,1698.0,2145,4,75,12475.8
785.609,1130.7,1698.0,2145,3,75,12501.3
785.73,1130.7,1698.0,2145,4,75,12528.4
785.855,1130.7,1698.0,2145,4,75,12552.0
785.977,712.2,1698.0,2145,4,77,12559.9
786.1,743.7,1698.0,2145,42,76,12582.6
786.224,873.2,1698.0,2145,4,75,12604.5
786.346,873.2,1698.0,2145,3,75,12605.5
786.467,873.2,1698.0,2145,3,75,12599.6
786.588,873.2,1698.0,2145,1,75,12592.5
786.709,873.2,1698.0,2145,2,75,12584.8
786.83,873.2,1698.0,2145,2,75,12576.8
786.951,873.2,1698.0,2145,2,75,12568.8
787.072,873.2,1698.0,2145,1,75,12561.7
787.194,873.2,1698.0,2145,2,75,12554.8
787.314,873.2,1698.0,2145,2,75,12549.3
787.435,1002.7,1698.0,2145,2,75,12539.8
787.558,1002.7,1698.0,2145,1,75,12530.1
787.679,1002.7,1698.0,2145,2,75,12521.8
787.802,1002.7,1698.0,2145,2,75,12515.1
787.923,1002.7,1698.0,2145,2,75,12505.9
788.044,1002.7,1698.0,2145,1,75,12494.2
788.165,1002.7,1698.0,2145,1,75,12483.1
788.286,1002.7,1698.0,2145,2,75,12473.4
788.407,1002.7,1698.0,2145,2,75,12465.5
788.528,1002.7,1698.0,2145,1,75,12459.8
788.649,1002.7,1698.0,2145,1,75,12453.5
788.77,1002.7,1698.0,2145,2,75,12448.0
788.892,1132.2,1698.0,2145,2,74,12438.7
789.013,1132.2,1698.0,2145,2,74,12431.5
789.135,1132.2,1698.0,2145,1,74,12425.8
789.256,1132.2,1698.0,2145,2,74,12420.2
789.377,1132.2,1698.0,2145,2,74,12413.4
789.498,1132.2,1698.0,2145,2,74,12407.9
789.619,1132.2,1698.0,2145,1,74,12400.5
789.741,1132.2,1698.0,2145,2,74,12391.9
789.865,1132.2,1698.0,2145,2,74,12382.1
789.987,1132.2,1698.0,2145,2,74,12372.8
790.108,1132.2,1698.0,2145,1,74,12364.6
790.23,1132.2,1698.0,2145,2,74,12357.1
790.354,687.2,1698.0,2145,39,75,12351.8
790.476,688.6,1698.0,2145,39,75,12240.7
790.603,688.6,1698.0,2145,12,74,12341.7
790.73,688.6,1698.0,2145,1,74,12424.4
790.859,688.6,1698.0,2145,1,74,12513.3
790.988,688.6,1698.0,2145,1,74,12598.5
791.116,688.6,1698.0,2145,0,74,12676.6
791.245,688.6,1698.0,2145,1,74,12781.2
791.372,688.6,1698.0,2145,1,74,12870.9
791.501,688.6,1698.0,2145,1,74,12871.5
791.63,688.6,1698.0,2145,0,74,12805.9
791.76,688.6,1698.0,2145,1,74,12880.1
791.889,688.6,1698.0,2145,1,74,12973.9
792.016,688.6,1698.0,2145,1,74,13079.2
792.144,688.6,1698.0,2145,0,74,13064.6
792.274,688.6,1698.0,2145,1,74,13078.6
792.403,688.6,1698.0,2145,1,74,13097.1
792.532,688.6,1698.0,2145,0,74,13127.4
792.66,688.6,1698.0,2145,0,74,13131.1
792.789,688.6,1698.0,2145,1,74,13206.0
792.917,688.6,1698.0,2145,1,74,13220.1
793.046,688.6,1698.0,2145,0,74,13296.6
793.175,688.6,1698.0,2145,0,74,13319.2
793.317,688.6,1698.0,2145,1,74,13342.4
793.46,688.6,1698.0,2145,1,74,13228.2
793.589,688.6,1698.0,2145,0,74,13228.2
793.719,688.6,1698.0,2145,1,74,13228.2
793.848,688.6,1698.0,2145,1,74,13228.2
793.978,875.5,1698.0,2145,1,74,13170.9
794.098,714.5,1698.0,2145,50,78,13187.9
794.217,713.1,1698.0,2145,94,77,13193.6
794.336,713.1,1698.0,2145,94,78,13197.2
794.467,711.7,1698.0,2145,78,79,13201.1
794.586,711.7,1698.0,2145,89,77,13201.4
794.705,872.7,1698.0,2145,7,76,13229.4
794.824,1002.2,1698.0,2145,7,76,13257.3
794.942,710.2,1698.0,2145,21,78,13260.4
795.061,710.2,1698.0,2145,74,77,13262.1
795.181,871.2,1698.0,2145,74,76,13279.6
795.299,871.2,1698.0,2145,9,76,13301.2
795.417,1000.7,1698.0,2145,7,75,13322.2
795.535,1000.7,1698.0,2145,7,75,13343.1
795.653,1130.2,1698.0,2145,5,75,13362.3
795.772,708.8,1698.0,2145,10,78,13371.3
795.891,708.8,1698.0,2145,73,77,13372.4
796.009,869.8,1698.0,2145,73,76,13386.7
796.127,869.8,1698.0,2145,6,75,13398.5
796.245,999.3,1698.0,2145,9,75,13408.7
796.363,1128.8,1698.0,2145,9,75,13420.3
796.482,707.4,1698.0,2145,26,79,13420.4
796.6,738.9,1698.0,2145,61,76,13425.7
796.718,997.9,1698.0,2145,12,75,13437.5
796.837,997.9,1698.0,2145,12,75,13451.4
796.955,1127.4,1698.0,2145,6,75,13462.5
797.073,706.0,1698.0,2145,23,78,13468.6
797.191,706.0,1698.0,2145,23,78,13468.6
797.308,867.0,1698.0,2145,61,76,13479.0
797.427,996.5,1698.0,2145,14,75,13497.3
797.545,1126.0,1698.0,2145,14,75,13518.1
797.663,704.5,1698.0,2145,9,78,13529.7
797.781,704.5,1698.0,2145,69,77,13529.8
797.899,865.6,1698.0,2145,15,76,13547.8
798.018,865.6,1698.0,2145,15,75,13469.9
798.138,995.1,1698.0,2145,8,75,13420.1
798.256,1124.6,1698.0,2145,7,75,13435.6
798.375,1124.6,1698.0,2145,7,75,13455.0
798.493,703.1,1698.0,2145,7,78,13462.1
798.611,710.1,1698.0,2145,75,76,13470.6
798.729,864.1,1698.0,2145,6,75,13491.6
798.848,864.1,1698.0,2145,6,75,13512.2
798.965,993.6,1698.0,2145,6,75,13534.2
799.083,993.6,1698.0,2145,6,75,13391.7
799.203,1123.1,1698.0,2145,6,75,13336.1
799.321,1156.2,1698.0,2145,7,76,13352.6
799.44,701.7,1698.0,2145,54,78,13354.2
799.559,862.7,1698.0,2145,30,75,13371.6
799.677,992.2,1698.0,2145,30,75,13386.7
799.795,1121.7,1698.0,2145,11,75,13403.2
799.913,700.3,1698.0,2145,14,75,13415.6
800.032,700.3,1698.0,2145,14,79,13419.6
800.15,861.3,1698.0,2145,72,76,13440.3
800.268,861.3,1698.0,2145,7,75,13463.3
800.386,990.8,1698.0,2145,7,75,13481.1
800.503,990.8,1698.0,2145,6,75,13498.0
800.621,1120.3,1698.0,2145,8,75,13425.4
800.742,698.9,1698.0,2145,62,79,13186.1
800.86,859.9,1698.0,2145,62,76,13205.6
800.979,859.9,1698.0,2145,23,75,13223.8
801.097,989.4,1698.0,2145,5,75,13240.7
801.215,989.4,1698.0,2145,5,75,13255.8
801.334,1118.9,1698.0,2145,8,75,13277.2
801.452,1118.9,1698.0,2145,6,75,13296.9
801.569,697.4,1698.0,2145,31,78,13305.4
801.687,697.4,1698.0,2145,31,76,13314.0
801.806,858.4,1698.0,2145,52,75,13334.1
801.923,858.4,1698.0,2145,7,75,13356.9
802.042,987.9,1698.0,2145,7,75,13376.3
802.16,987.9,1698.0,2145,4,75,13397.7
802.278,1117.4,1698.0,2145,8,75,13419.6
802.396,696.0,1698.0,2145,8,77,13429.6
802.515,696.0,1698.0,2145,39,77,13429.7
802.633,727.5,1698.0,2145,41,75,13454.5
802.75,857.0,1698.0,2145,7,75,13475.0
802.869,986.5,1698.0,2145,7,75,13495.8
802.987,986.5,1698.0,2145,9,75,13513.8
803.105,1116.0,1698.0,2145,7,75,13477.7
803.227,694.6,1698.0,2145,33,76,13444.5
803.353,698.1,1698.0,2145,33,77,13290.6
803.472,855.6,1698.0,2145,50,75,13311.8
803.59,985.1,1698.0,2145,7,75,13336.1
803.708,985.1,1698.0,2145,7,75,13358.0
803.826,985.1,1698.0,2145,7,75,13382.3
803.945,1114.6,1698.0,2145,5,75,13405.2
804.064,1114.6,1698.0,2145,5,75,13425.1
804.182,693.2,1698.0,2145,12,79,13427.4
804.301,724.7,1698.0,2145,68,75,13445.9
804.419,854.2,1698.0,2145,4,75,13465.9
804.539,854.2,1698.0,2145,4,75,13486.9
804.657,983.7,1698.0,2145,8,75,13507.5
804.775,1113.2,1698.0,2145,11,75,13529.7
804.897,1142.6,1698.0,2145,11,75,13540.2
805.018,691.8,1698.0,2145,20,78,13531.4
805.138,723.3,1698.0,2145,59,75,13540.8
805.259,852.8,1698.0,2145,7,75,13558.6
805.38,852.8,1698.0,2145,7,75,13580.5
805.501,982.3,1698.0,2145,4,75,13598.3
805.622,982.3,1698.0,2145,4,75,13618.1
805.743,982.3,1698.0,2145,7,74,13637.3
805.865,1111.8,1698.0,2145,7,74,13656.0
805.987,690.3,1698.0,2145,7,77,13658.5
806.109,690.3,1698.0,2145,74,76,13649.6
806.231,721.8,1698.0,2145,74,75,13669.9
806.352,851.3,1698.0,2145,5,75,13690.3
806.473,851.3,1698.0,2145,4,75,13709.2
806.604,980.8,1698.0,2145,4,75,13726.0
806.745,980.8,1698.0,2145,1,75,13703.5
807.073,1110.3,1698.0,2145,4,75,13678.8
807.339,1110.3,1698.0,2145,61,78,13640.8
807.747,720.4,1698.0,2145,2,75,13602.2
808.156,849.9,1698.0,2145,1,75,13563.3
808.581,979.4,1698.0,2145,2,75,13524.5
809.012,979.4,1698.0,2145,3,75,13490.0
809.379,979.4,1698.0,2145,0,75,13453.2
809.773,1108.9,1698.0,2145,1,75,13407.6
810.209,1108.9,1698.0,2145,50,79,13378.3
810.564,978.0,1698.0,2145,38,75,13367.4
810.73,686.1,1698.0,2145,54,79,13358.5
810.9,847.1,1698.0,2145,54,76,13349.0
811.032,1106.1,1698.0,2145,12,75,13337.2
811.235,684.6,1698.0,2145,12,80,13328.9
811.363,975.2,1698.0,2145,75,76,13324.2
811.502,683.2,1698.0,2145,27,80,13316.7
811.633,714.7,1698.0,2145,73,76,13310.4
811.765,973.7,1698.0,2145,18,75,13297.2
811.978,681.8,1698.0,2145,33,79,13288.3
812.103,713.3,1698.0,2145,51,76,13280.3
812.232,1101.8,1698.0,2145,51,76,13277.1
812.364,680.4,1698.0,2145,28,80,13268.4
812.489,841.4,1698.0,2145,68,76,13263.5
812.615,970.9,1698.0,2145,16,76,13258.0
812.785,679.0,1698.0,2145,29,77,13239.0
813.051,710.5,1698.0,2145,3,76,13171.0
813.246,840.0,1698.0,2145,3,75,13095.5
813.376,840.0,1698.0,2145,6,75,13125.3
813.498,969.5,1698.0,2145,3,75,13152.9
813.62,969.5,1698.0,2145,4,75,13173.6
813.742,969.5,1698.0,2145,4,75,13191.6
813.864,1099.0,1698.0,2145,5,75,13206.5
813.986,1099.0,1698.0,2145,3,75,13215.2
814.169,1099.0,1698.0,2145,2,75,13189.6
814.457,677.5,1698.0,2145,43,76,13163.5
814.729,709.0,1698.0,2145,0,75,13125.8
815.069,838.5,1698.0,2145,3,75,13082.6
815.423,838.5,1698.0,2145,1,75,13041.8
815.762,968.0,1698.0,2145,1,75,12824.9
815.884,968.0,1698.0,2145,5,75,12635.3
816.014,968.0,1698.0,2145,3,75,12660.2
816.133,1097.5,1698.0,2145,5,75,12687.1
816.251,1097.5,1698.0,2145,5,75,12707.6
816.37,1097.5,1698.0,2145,4,75,12728.3
816.488,652.3,1698.0,2145,13,78,12739.6
816.63,652.3,1698.0,2145,65,76,12740.3
816.758,647.2,1698.0,2145,65,76,12746.3
816.883,643.1,1698.0,2145,6,75,12757.7
817.001,669.9,1698.0,2145,21,76,12761.0
817.118,671.4,1698.0,2145,91,77,12761.1
817.237,961.9,1698.0,2145,91,76,12763.7
817.356,673.0,1698.0,2145,57,80,12766.2
817.475,1093.0,1698.0,2145,59,76,12771.8
817.594,835.5,1698.0,2145,59,77,12774.0
817.713,676.1,1698.0,2145,59,78,12777.3
817.831,966.6,1698.0,2145,61,76,12748.4
817.962,677.6,1698.0,2145,52,79,12746.9
818.085,1097.6,1698.0,2145,52,76,12247.6
818.206,840.2,1698.0,2145,58,77,12210.8
818.324,680.7,1698.0,2145,43,78,12215.6
818.442,687.7,1698.0,2145,43,76,12235.1
818.56,841.7,1698.0,2145,42,76,12255.7
818.678,841.7,1698.0,2145,7,76,12280.5
818.795,971.2,1698.0,2145,6,75,12306.8
818.913,971.2,1698.0,2145,6,75,12331.7
819.032,682.3,1698.0,2145,16,78,12337.8
819.15,713.8,1698.0,2145,41,76,12362.8
819.269,843.3,1698.0,2145,41,75,12386.0
819.388,972.8,1698.0,2145,6,75,12408.5
819.507,972.8,1698.0,2145,8,75,12429.8
819.625,1102.3,1698.0,2145,7,75,12445.4
819.743,1102.3,1698.0,2145,7,75,12465.5
819.862,683.8,1698.0,2145,31,78,12476.5
819.98,844.8,1698.0,2145,19,76,12499.6
820.098,844.8,1698.0,2145,19,75,12523.5
820.217,844.8,1698.0,2145,5,75,12545.9
820.335,974.3,1698.0,2145,5,75,12567.6
820.453,974.3,1698.0,2145,5,75,12591.8
820.572,1103.8,1698.0,2145,4,75,12613.2
820.691,1103.8,1698.0,2145,8,75,12637.6
820.809,846.4,1698.0,2145,48,78,12641.8
820.927,1105.4,1698.0,2145,48,75,12661.4
821.045,686.9,1698.0,2145,22,79,12669.7
821.164,847.9,1698.0,2145,48,76,12691.0
821.282,977.4,1698.0,2145,48,75,12713.2
821.4,977.4,1698.0,2145,8,75,12735.3
821.517,1106.9,1698.0,2145,6,75,12756.8
821.636,688.5,1698.0,2145,49,79,12761.3
821.756,690.0,1698.0,2145,49,77,12622.6
821.874,980.5,1698.0,2145,64,76,12601.2
821.992,691.6,1698.0,2145,52,78,12603.2
822.11,1111.6,1698.0,2145,52,76,12607.8
822.229,854.1,1698.0,2145,54,78,12609.6
822.349,694.7,1698.0,2145,59,77,12611.4
822.467,1114.7,1698.0,2145,61,76,12614.4
822.586,857.2,1698.0,2145,61,78,12615.8
822.704,697.8,1698.0,2145,63,76,12620.0
822.822,988.3,1698.0,2145,59,77,12622.4
822.941,699.3,1698.0,2145,59,77,12626.6
823.061,860.3,1698.0,2145,56,76,12631.8
823.18,700.8,1698.0,2145,25,77,12635.2
823.298,861.9,1698.0,2145,25,76,12643.9
823.417,991.4,1698.0,2145,49,75,12657.6
823.536,991.4,1698.0,2145,8,75,12672.0
823.654,1120.9,1698.0,2145,7,75,12685.9
823.772,702.4,1698.0,2145,7,77,12692.2
823.889,733.9,1698.0,2145,48,76,12705.3
824.007,863.4,1698.0,2145,6,75,12718.0
824.125,992.9,1698.0,2145,6,75,12731.0
824.243,1122.4,1698.0,2145,7,75,12743.6
824.362,703.9,1698.0,2145,13,78,12710.7
824.481,865.0,1698.0,2145,47,76,12630.2
824.601,865.0,1698.0,2145,47,75,12557.8
824.719,994.5,1698.0,2145,8,75,12574.1
824.837,994.5,1698.0,2145,6,75,12591.9
824.955,1124.0,1698.0,2145,6,75,12606.1
825.073,705.5,1698.0,2145,10,78,12614.9
825.191,866.5,1698.0,2145,45,75,12634.2
825.31,996.0,1698.0,2145,10,75,12655.4
825.428,1125.5,1698.0,2145,10,75,12677.7
825.546,1125.5,1698.0,2145,7,75,12697.8
825.664,707.0,1698.0,2145,15,76,12710.9
825.782,738.5,1698.0,2145,15,76,12690.8
825.902,868.0,1698.0,2145,36,75,12633.8
826.022,868.0,1698.0,2145,3,75,12635.6
826.147,868.0,1698.0,2145,5,75,12614.2
826.265,997.5,1698.0,2145,5,75,12613.0
826.383,997.5,1698.0,2145,5,75,12636.3
826.502,1127.0,1698.0,2145,4,75,12678.0
826.62,1127.0,1698.0,2145,4,75,12688.0
826.742,1127.0,1698.0,2145,5,75,12733.0
826.861,708.6,1698.0,2145,25,79,12752.2
826.979,740.1,1698.0,2145,25,75,12787.3
827.097,869.6,1698.0,2145,23,75,12820.8
827.217,869.6,1698.0,2145,5,75,12856.8
827.359,869.6,1698.0,2145,4,75,12891.1
827.479,999.1,1698.0,2145,4,75,12926.9
827.599,999.1,1698.0,2145,4,75,12866.9
827.72,999.1,1698.0,2145,5,75,12615.7
827.855,1128.6,1698.0,2145,4,75,12651.4
827.975,1128.6,1698.0,2145,4,75,12631.0
828.097,1128.6,1698.0,2145,3,75,12622.6
828.236,710.1,1698.0,2145,4,79,12637.3
828.355,741.6,1698.0,2145,44,75,12633.8
828.474,871.1,1698.0,2145,44,75,12562.2
828.592,871.1,1698.0,2145,3,75,12523.3
828.711,871.1,1698.0,2145,5,75,12489.8
828.83,1000.6,1698.0,2145,4,75,12506.8
828.947,1000.6,1698.0,2145,4,75,12515.5
829.066,1000.6,1698.0,2145,4,75,12440.0
829.186,1130.1,1698.0,2145,4,75,12235.4
829.305,1130.1,1698.0,2145,4,75,11991.3
829.425,1130.1,1698.0,2145,4,75,11836.2
829.555,685.2,1698.0,2145,3,76,11805.8
829.675,686.7,1698.0,2145,43,76,11851.4
829.803,686.7,1698.0,2145,43,75,11923.5
829.932,686.7,1698.0,2145,1,75,11991.5
830.06,686.7,1698.0,2145,0,75,12066.1
830.189,686.7,1698.0,2145,1,75,12131.2
830.318,686.7,1698.0,2145,1,75,12226.4
830.447,686.7,1698.0,2145,1,75,12297.5
830.576,686.7,1698.0,2145,0,75,12336.2
830.705,686.7,1698.0,2145,1,75,12429.4
830.834,686.7,1698.0,2145,1,75,12517.9
830.963,686.7,1698.0,2145,1,75,12598.4
831.091,686.7,1698.0,2145,0,75,12694.2
831.219,686.7,1698.0,2145,1,75,12785.1
831.347,686.7,1698.0,2145,1,75,12884.0
831.475,686.7,1698.0,2145,1,75,12973.5
831.603,686.7,1698.0,2145,0,75,13051.9
831.73,686.7,1698.0,2145,1,75,13088.5
831.852,686.7,1698.0,2145,1,75,13159.9
831.97,686.7,1698.0,2145,1,75,13171.2
832.099,686.7,1698.0,2145,0,75,13171.2
832.231,686.7,1698.0,2145,1,75,13171.2
832.36,686.7,1698.0,2145,1,75,13171.2
832.489,1003.1,1698.0,2145,1,75,13110.9
832.609,712.8,1698.0,2145,35,80,13112.7
832.727,873.8,1698.0,2145,70,76,13153.7
832.846,711.4,1698.0,2145,75,80,13182.1
832.965,718.4,1698.0,2145,75,76,13187.2
833.083,872.4,1698.0,2145,32,76,13206.3
833.202,1001.9,1698.0,2145,8,75,13223.3
833.32,1131.4,1698.0,2145,8,76,13238.6
833.438,710.1,1698.0,2145,35,79,13238.6
833.557,717.1,1698.0,2145,55,76,13250.9
833.675,871.1,1698.0,2145,8,75,13268.9
833.794,1000.6,1698.0,2145,8,75,13283.8
833.912,1130.1,1698.0,2145,13,75,13300.2
834.03,708.7,1698.0,2145,53,79,13301.8
834.148,869.7,1698.0,2145,53,76,13315.0
834.266,869.7,1698.0,2145,35,76,13331.1
834.384,999.2,1698.0,2145,7,75,13347.3
834.502,999.2,1698.0,2145,7,75,13363.9
834.621,1128.7,1698.0,2145,5,75,13379.2
834.744,707.4,1698.0,2145,28,79,13381.4
834.862,707.4,1698.0,2145,56,76,13387.6
834.98,868.4,1698.0,2145,56,75,13400.1
835.098,868.4,1698.0,2145,6,75,13411.9
835.216,997.9,1698.0,2145,7,75,13422.8
835.334,1127.4,1698.0,2145,7,75,13435.5
835.452,706.0,1698.0,2145,14,80,13436.0
835.571,706.0,1698.0,2145,73,76,13441.6
835.689,867.0,1698.0,2145,11,75,13451.9
835.807,996.5,1698.0,2145,11,75,13465.4
835.925,996.5,1698.0,2145,10,75,13478.9
836.043,1126.0,1698.0,2145,8,75,13488.2
836.161,704.7,1698.0,2145,8,79,13488.6
836.279,865.7,1698.0,2145,77,76,13494.9
836.397,1124.7,1698.0,2145,21,75,13504.4
836.515,703.3,1698.0,2145,77,80,13504.4
836.634,864.3,1698.0,2145,77,76,13509.4
836.752,702.0,1698.0,2145,21,76,13512.8
836.87,702.0,1698.0,2145,81,79,13512.8
836.987,992.5,1698.0,2145,81,76,13518.8
837.106,700.6,1698.0,2145,20,78,13473.9
837.225,700.6,1698.0,2145,79,77,13394.4
837.344,1160.6,1698.0,2145,79,76,13397.2
837.463,699.3,1698.0,2145,45,79,13397.2
837.581,989.8,1698.0,2145,61,76,13401.2
837.7,697.9,1698.0,2145,57,79,13403.7
837.818,701.4,1698.0,2145,57,77,13404.3
837.938,696.6,1698.0,2145,51,77,13406.7
838.057,696.6,1698.0,2145,78,78,13406.7
838.175,987.1,1698.0,2145,78,76,13410.7
838.293,695.2,1698.0,2145,28,79,13412.6
838.412,695.2,1698.0,2145,81,77,13413.4
838.531,1115.2,1698.0,2145,22,76,13418.8
838.65,693.9,1698.0,2145,22,80,13418.9
838.769,854.9,1698.0,2145,79,76,13426.3
838.887,854.9,1698.0,2145,9,76,13442.3
839.005,984.4,1698.0,2145,9,75,13456.6
839.122,1113.9,1698.0,2145,7,75,13472.0
839.241,692.5,1698.0,2145,30,78,13474.9
839.36,699.5,1698.0,2145,60,77,13476.7
839.478,983.0,1698.0,2145,60,76,13489.8
839.596,1112.5,1698.0,2145,18,75,13508.5
839.717,691.2,1698.0,2145,53,80,13503.9
839.838,691.2,1698.0,2145,53,76,13497.4
839.959,852.2,1698.0,2145,29,76,13508.2
840.08,852.2,1698.0,2145,5,75,13520.8
840.2,981.7,1698.0,2145,6,75,13533.4
840.32,981.7,1698.0,2145,6,75,13545.3
840.44,1111.2,1698.0,2145,5,75,13554.8
840.56,1138.0,1698.0,2145,8,76,13562.3
840.683,689.8,1698.0,2145,8,78,13553.1
840.804,696.8,1698.0,2145,76,76,13557.4
840.925,850.8,1698.0,2145,5,75,13568.0
841.046,850.8,1698.0,2145,6,75,13579.6
841.167,980.3,1698.0,2145,6,75,13593.7
841.287,1109.8,1698.0,2145,8,75,13600.4
841.408,1310.9,1698.0,2145,8,76,13607.6
841.529,688.5,1698.0,2145,8,78,13597.6
841.65,720.0,1698.0,2145,74,76,13604.2
841.771,849.5,1698.0,2145,5,75,13614.3
841.892,979.0,1698.0,2145,7,75,13628.7
842.012,979.0,1698.0,2145,7,75,13639.1
842.133,687.1,1698.0,2145,5,77,13643.9
842.254,687.1,1698.0,2145,72,78,13634.8
842.375,977.6,1698.0,2145,28,76,13632.8
842.496,685.8,1698.0,2145,28,79,13628.9
842.617,685.8,1698.0,2145,70,77,13620.1
842.738,1105.8,1698.0,2145,29,76,13621.4
842.86,684.4,1698.0,2145,29,80,13613.2
842.981,974.9,1698.0,2145,72,77,13605.1
843.103,683.1,1698.0,2145,42,79,13598.2
843.225,683.1,1698.0,2145,68,77,13589.7
843.347,1143.3,1698.0,2145,68,78,13586.8
843.468,681.7,1698.0,2145,56,78,13577.4
843.59,1101.7,1698.0,2145,57,76,13585.0
843.712,1101.7,1698.0,2145,7,76,13616.1
843.833,1101.7,1698.0,2145,7,76,13641.0
843.959,680.4,1698.0,2145,29,80,13634.1
844.081,680.4,1698.0,2145,50,76,13642.8
844.216,841.4,1698.0,2145,2,76,13629.4
844.566,841.4,1698.0,2145,2,75,13579.6
845.05,841.4,1698.0,2145,2,75,13537.0
845.496,841.4,1698.0,2145,2,75,13490.6
845.943,970.9,1698.0,2145,2,75,13448.5
846.361,970.9,1698.0,2145,2,75,13396.4
846.865,970.9,1698.0,2145,0,74,13347.2
847.329,1100.4,1698.0,2145,1,74,13293.5
847.742,1100.4,1698.0,2145,0,74,13241.8
848.188,1100.4,1698.0,2145,2,74,13206.4
848.601,679.0,1698.0,2145,17,76,13161.7
848.723,679.0,1698.0,2145,17,76,13022.4
848.844,710.5,1698.0,2145,74,75,12872.5
848.979,840.0,1698.0,2145,4,75,12898.9
849.1,840.0,1698.0,2145,3,75,12919.2
849.221,840.0,1698.0,2145,3,75,12936.2
849.342,969.5,1698.0,2145,5,75,12955.2
849.463,969.5,1698.0,2145,4,74,12981.0
849.584,969.5,1698.0,2145,3,75,13008.2
849.705,1099.0,1698.0,2145,3,74,13040.3
849.827,1099.0,1698.0,2145,5,75,13070.9
849.948,1099.0,1698.0,2145,4,75,13100.1
850.069,677.7,1698.0,2145,45,77,13106.6
850.191,677.7,1698.0,2145,45,76,13100.7
850.312,709.2,1698.0,2145,37,75,13132.5
850.434,838.7,1698.0,2145,4,75,13153.8
850.558,838.7,1698.0,2145,2,75,13139.2
850.882,838.7,1698.0,2145,0,75,13105.2
851.271,968.2,1698.0,2145,3,75,13097.2
851.448,968.2,1698.0,2145,2,75,12987.1
851.57,968.2,1698.0,2145,3,75,12676.5
851.701,1097.7,1698.0,2145,3,75,12621.2
851.822,1097.7,1698.0,2145,5,75,12601.4
851.94,1097.7,1698.0,2145,3,75,12622.4
852.058,1097.7,1698.0,2145,3,75,12643.3
852.176,652.5,1698.0,2145,9,80,12643.8
852.295,646.6,1698.0,2145,70,76,12584.1
852.413,1091.9,1698.0,2145,29,75,12594.6
852.531,964.1,1698.0,2145,29,77,12605.5
852.651,965.8,1698.0,2145,92,78,12617.0
852.771,837.9,1698.0,2145,92,78,12617.9
852.89,678.6,1698.0,2145,92,80,12644.7
853.009,680.2,1698.0,2145,75,80,12645.2
853.129,681.9,1698.0,2145,77,79,12645.7
853.248,683.5,1698.0,2145,85,78,12646.2
853.367,1103.5,1698.0,2145,85,77,12647.9
853.486,688.7,1698.0,2145,77,78,12654.0
853.604,1105.2,1698.0,2145,42,76,12661.6
853.725,847.9,1698.0,2145,42,77,12666.7
853.843,688.5,1698.0,2145,59,77,12674.0
853.961,849.5,1698.0,2145,59,77,12677.9
854.08,690.2,1698.0,2145,41,77,12681.6
854.199,1110.2,1698.0,2145,41,77,12682.7
854.318,852.8,1698.0,2145,81,77,12685.4
854.436,693.5,1698.0,2145,49,79,12687.9
854.554,1113.5,1698.0,2145,49,77,12689.7
854.672,985.6,1698.0,2145,75,77,12691.3
854.79,696.8,1698.0,2145,69,79,12692.2
854.91,698.5,1698.0,2145,69,80,12693.4
855.029,700.1,1698.0,2145,79,77,12694.9
855.148,1120.1,1698.0,2145,71,77,12696.4
855.266,862.8,1698.0,2145,68,78,12701.4
855.384,1121.8,1698.0,2145,68,76,12708.0
855.502,864.4,1698.0,2145,36,78,12713.3
855.62,1123.4,1698.0,2145,40,76,12723.7
855.738,705.1,1698.0,2145,40,80,12728.8
855.857,866.1,1698.0,2145,54,76,12737.5
855.975,1125.1,1698.0,2145,18,76,12747.8
856.094,706.7,1698.0,2145,48,78,12752.8
856.213,867.8,1698.0,2145,48,76,12764.1
856.33,997.3,1698.0,2145,13,76,12777.1
856.448,997.3,1698.0,2145,5,76,12711.5
856.568,1126.8,1698.0,2145,5,76,12685.3
856.686,708.4,1698.0,2145,8,79,12689.7
856.806,869.4,1698.0,2145,46,76,12691.8
856.926,869.4,1698.0,2145,6,76,12701.9
857.044,998.9,1698.0,2145,6,76,12713.4
857.162,998.9,1698.0,2145,5,76,12731.9
857.279,1128.4,1698.0,2145,13,76,12742.8
857.397,741.6,1698.0,2145,13,77,12753.3
857.515,871.1,1698.0,2145,46,76,12773.5
857.634,1000.6,1698.0,2145,5,76,12792.9
857.751,1000.6,1698.0,2145,5,75,12810.3
857.87,1000.6,1698.0,2145,8,75,12832.0
857.987,1130.1,1698.0,2145,6,75,12817.7
858.106,711.7,1698.0,2145,45,77,12616.4
858.243,872.7,1698.0,2145,45,76,12623.1
858.362,872.7,1698.0,2145,9,75,12643.1
858.479,1002.2,1698.0,2145,6,76,12668.4
858.597,1002.2,1698.0,2145,8,75,12692.0
858.716,713.4,1698.0,2145,8,77,12703.6
858.835,744.9,1698.0,2145,49,76,12715.4
858.953,874.4,1698.0,2145,6,76,12737.2
859.071,1003.9,1698.0,2145,6,75,12756.2
859.188,1003.9,1698.0,2145,8,75,12780.4
859.307,1133.4,1698.0,2145,9,75,12815.1
859.426,715.0,1698.0,2145,9,79,12820.7
859.547,876.0,1698.0,2145,47,76,12844.5
859.667,876.0,1698.0,2145,6,75,12865.6
859.789,1005.5,1698.0,2145,7,75,12883.0
859.91,1005.5,1698.0,2145,7,75,12900.0
860.032,1135.0,1698.0,2145,5,75,12918.5
860.153,1135.0,1698.0,2145,5,75,12944.6
860.274,716.7,1698.0,2145,19,78,12965.3
860.395,723.7,1698.0,2145,19,76,12983.7
860.516,877.7,1698.0,2145,30,76,13011.5
860.637,1007.2,1698.0,2145,7,75,13038.6
860.776,1007.2,1698.0,2145,1,75,13011.1
861.177,1007.2,1698.0,2145,4,75,12980.3
861.53,1136.7,1698.0,2145,44,77,12968.7
861.814,693.4,1698.0,2145,0,75,12970.5
862.104,693.4,1698.0,2145,1,75,12921.7
862.237,693.4,1698.0,2145,1,75,12975.7
862.372,693.4,1698.0,2145,2,75,13048.3
862.502,693.4,1698.0,2145,0,75,13104.8
862.646,693.4,1698.0,2145,1,75,13160.2
862.838,693.4,1698.0,2145,0,75,13176.8
863.069,693.4,1698.0,2145,0,75,13155.8
863.2,693.4,1698.0,2145,1,75,12910.8
863.33,693.4,1698.0,2145,1,75,12893.2
863.497,693.4,1698.0,2145,0,75,12992.4
863.625,693.4,1698.0,2145,1,75,13090.8
863.755,693.4,1698.0,2145,1,76,13169.4
863.885,693.4,1698.0,2145,1,75,13243.9
864.015,693.4,1698.0,2145,0,75,13319.5
864.145,693.4,1698.0,2145,1,75,13389.2
864.276,693.4,1698.0,2145,0,75,13462.6
864.407,693.4,1698.0,2145,0,76,13539.9
864.554,693.4,1698.0,2145,2,76,13595.0
864.678,693.4,1698.0,2145,2,76,13648.4
864.816,693.4,1698.0,2145,1,76,13709.5
864.95,693.4,1698.0,2145,0,76,13716.7
865.127,693.4,1698.0,2145,1,76,13720.4
865.315,693.4,1698.0,2145,1,76,13723.8
865.521,693.4,1698.0,2145,1,76,13737.0
865.788,693.4,1698.0,2145,1,76,13656.4
866.487,693.4,1698.0,2145,1,76,13449.8
866.801,693.4,1698.0,2145,1,76,13172.5
867.007,693.4,1698.0,2145,0,76,13223.9
867.136,693.4,1698.0,2145,1,76,13279.4
867.266,693.4,1698.0,2145,1,76,13346.2
867.395,693.4,1698.0,2145,1,76,13409.0
867.523,693.4,1698.0,2145,0,76,13461.2
867.652,693.4,1698.0,2145,1,76,13506.0
867.783,693.4,1698.0,2145,1,76,13532.5
867.924,693.4,1698.0,2145,1,76,13536.9
868.056,1139.5,1698.0,2145,0,76,13472.7
868.175,719.5,1698.0,2145,67,80,13474.0
868.294,717.9,1698.0,2145,67,78,13474.9
868.413,749.4,1698.0,2145,87,79,13475.5
868.532,716.3,1698.0,2145,72,80,13476.2
868.652,716.3,1698.0,2145,76,78,13478.9
868.77,877.3,1698.0,2145,76,77,13490.3
868.889,714.8,1698.0,2145,21,78,13494.0
869.008,714.8,1698.0,2145,80,79,13494.0
869.126,875.8,1698.0,2145,80,77,13506.4
869.244,875.8,1698.0,2145,8,76,13522.5
869.363,1005.3,1698.0,2145,8,76,13500.1
869.482,1134.8,1698.0,2145,5,76,13373.9
869.601,1134.8,1698.0,2145,5,76,13387.4
869.719,713.2,1698.0,2145,22,81,13388.3
869.839,744.7,1698.0,2145,64,77,13401.4
869.957,874.2,1698.0,2145,64,76,13413.6
870.074,1003.7,1698.0,2145,6,76,13426.3
870.192,1003.7,1698.0,2145,6,76,13436.6
870.31,1133.2,1698.0,2145,12,76,13449.3
870.429,711.6,1698.0,2145,12,80,13450.9
870.548,711.6,1698.0,2145,76,77,13456.0
870.666,872.6,1698.0,2145,7,76,13467.4
870.784,1002.1,1698.0,2145,7,76,13480.2
870.901,1002.1,1698.0,2145,9,76,13498.0
871.019,1131.6,1698.0,2145,4,76,13508.5
871.137,1476.4,1698.0,2145,4,76,13518.1
871.255,710.0,1698.0,2145,22,80,13520.9
871.373,871.0,1698.0,2145,65,76,13401.7
871.491,1000.5,1698.0,2145,22,76,13410.5
871.613,1167.1,1698.0,2145,22,76,13418.8
871.731,708.4,1698.0,2145,41,80,13418.8
871.85,869.4,1698.0,2145,55,77,13402.7
871.97,1128.4,1698.0,2145,55,76,13409.1
872.088,706.8,1698.0,2145,18,80,13410.4
872.208,867.8,1698.0,2145,77,77,13412.8
872.327,997.3,1698.0,2145,18,76,13421.5
872.445,705.2,1698.0,2145,18,79,13425.3
872.564,705.2,1698.0,2145,69,77,13426.3
872.684,995.7,1698.0,2145,26,76,13441.2
872.803,703.6,1698.0,2145,26,79,13444.8
872.923,703.6,1698.0,2145,59,77,13445.1
873.042,994.2,1698.0,2145,37,76,13452.8
873.16,702.1,1698.0,2145,28,77,13459.8
873.278,702.1,1698.0,2145,28,79,13459.8
873.396,863.1,1698.0,2145,69,76,13468.0
873.515,700.5,1698.0,2145,23,78,13473.1
873.633,700.5,1698.0,2145,23,78,13473.1
873.751,861.5,1698.0,2145,76,76,13485.5
873.869,1120.5,1698.0,2145,19,76,13492.6
873.988,698.9,1698.0,2145,77,81,13492.8
874.107,859.9,1698.0,2145,77,77,13498.1
874.227,989.4,1698.0,2145,17,76,13522.0
874.346,1118.9,1698.0,2145,13,77,13431.7
874.475,697.3,1698.0,2145,76,78,13315.5
874.641,858.3,1698.0,2145,76,76,13334.6
874.759,858.3,1698.0,2145,8,76,13356.9
874.878,987.8,1698.0,2145,7,76,13373.1
874.996,987.8,1698.0,2145,5,76,13390.8
875.114,1117.3,1698.0,2145,5,76,13406.8
875.232,695.7,1698.0,2145,18,80,13409.9
875.351,727.2,1698.0,2145,67,77,13412.3
875.47,986.2,1698.0,2145,67,76,13424.3
875.588,694.1,1698.0,2145,20,77,13435.2
875.706,694.1,1698.0,2145,62,79,13435.2
875.824,725.6,1698.0,2145,20,76,13449.9
875.941,855.1,1698.0,2145,20,76,13468.1
876.059,855.1,1698.0,2145,4,76,13489.1
876.177,855.1,1698.0,2145,5,76,13509.2
876.294,984.6,1698.0,2145,5,76,13522.6
876.413,984.6,1698.0,2145,5,76,13540.7
876.534,1114.1,1698.0,2145,5,75,13552.1
876.655,1115.7,1698.0,2145,5,77,13560.5
876.775,692.5,1698.0,2145,18,79,13551.2
876.896,692.5,1698.0,2145,64,76,13557.1
877.016,853.6,1698.0,2145,4,76,13570.1
877.136,853.6,1698.0,2145,4,76,13582.0
877.256,983.1,1698.0,2145,6,76,13595.3
877.377,983.1,1698.0,2145,12,76,13605.0
877.498,1112.6,1698.0,2145,14,76,13615.2
877.62,691.0,1698.0,2145,14,79,13614.3
877.74,691.0,1698.0,2145,74,77,13608.4
877.862,852.0,1698.0,2145,7,76,13621.4
877.983,852.0,1698.0,2145,7,76,13633.2
878.104,981.5,1698.0,2145,5,76,13645.3
878.224,981.5,1698.0,2145,6,76,13659.3
878.345,1111.0,1698.0,2145,10,76,13664.8
878.466,689.4,1698.0,2145,10,80,13655.8
878.587,850.4,1698.0,2145,77,76,13652.8
878.708,979.9,1698.0,2145,14,76,13662.2
878.829,1109.4,1698.0,2145,14,76,13674.8
878.949,687.8,1698.0,2145,11,80,13671.8
879.07,719.3,1698.0,2145,76,77,13665.5
879.191,978.3,1698.0,2145,14,76,13676.1
879.313,1107.8,1698.0,2145,14,76,13681.1
879.434,686.2,1698.0,2145,30,81,13672.2
879.555,847.2,1698.0,2145,59,77,13668.7
879.676,684.6,1698.0,2145,43,77,13664.9
879.797,684.6,1698.0,2145,43,79,13655.8
879.918,975.1,1698.0,2145,60,76,13654.6
880.039,683.0,1698.0,2145,22,79,13651.3
880.16,683.0,1698.0,2145,22,78,13642.2
880.281,973.5,1698.0,2145,74,76,13643.0
880.402,1103.0,1698.0,2145,18,76,13668.9
880.531,1103.0,1698.0,2145,2,76,13644.7
880.885,681.4,1698.0,2145,43,81,13636.1
881.014,681.4,1698.0,2145,35,76,13621.2
881.255,713.0,1698.0,2145,0,76,13580.7
881.682,842.5,1698.0,2145,2,76,13541.7
882.083,842.5,1698.0,2145,2,76,13504.1
882.483,972.0,1698.0,2145,3,76,13460.0
882.925,972.0,1698.0,2145,2,76,13422.8
883.317,1101.5,1698.0,2145,2,76,13396.0
883.461,1101.5,1698.0,2145,4,76,13415.2
883.65,679.9,1698.0,2145,64,80,13340.4
883.826,840.9,1698.0,2145,64,77,12906.7
883.952,840.9,1698.0,2145,20,76,12928.7
884.079,970.4,1698.0,2145,7,76,12957.6
884.197,1099.9,1698.0,2145,8,76,12993.0
884.315,1099.9,1698.0,2145,8,76,13029.4
884.432,678.3,1698.0,2145,6,78,13003.7
884.551,678.3,1698.0,2145,76,78,13003.7
884.669,839.3,1698.0,2145,76,76,13031.9
884.788,839.3,1698.0,2145,5,76,13062.5
884.906,968.8,1698.0,2145,8,76,13100.4
885.049,968.8,1698.0,2145,4,76,12836.5
885.174,968.8,1698.0,2145,4,76,12742.2
885.321,1098.3,1698.0,2145,4,76,12788.2
885.495,1098.3,1698.0,2145,4,76,12826.2
885.613,1098.3,1698.0,2145,3,76,12643.0
885.731,653.0,1698.0,2145,40,81,12646.4
885.851,646.6,1698.0,2145,40,77,12597.5
885.975,646.6,1698.0,2145,40,76,12604.4
886.094,643.1,1698.0,2145,4,76,12616.1
886.213,670.1,1698.0,2145,55,79,12616.1
886.333,671.8,1698.0,2145,55,78,12616.9
886.451,703.4,1698.0,2145,76,77,12627.4
886.569,832.9,1698.0,2145,18,76,12626.1
886.687,832.9,1698.0,2145,18,76,12643.0
886.805,962.4,1698.0,2145,5,76,12659.7
886.924,962.4,1698.0,2145,8,76,12675.3
887.042,1091.9,1698.0,2145,7,76,12693.9
887.16,673.6,1698.0,2145,7,79,12637.5
887.28,1093.6,1698.0,2145,63,76,12653.8
887.399,675.3,1698.0,2145,28,79,12653.9
887.521,965.8,1698.0,2145,28,76,12657.9
887.642,677.0,1698.0,2145,44,78,12659.8
887.76,1097.0,1698.0,2145,64,77,12665.5
887.879,839.7,1698.0,2145,64,78,12673.2
887.997,969.2,1698.0,2145,64,76,12696.3
888.115,680.4,1698.0,2145,12,77,12704.0
888.232,841.4,1698.0,2145,53,77,12712.6
888.35,970.9,1698.0,2145,53,76,12725.5
888.469,682.1,1698.0,2145,17,79,12731.6
888.587,713.6,1698.0,2145,50,76,12748.4
888.706,843.1,1698.0,2145,6,76,12766.0
888.824,843.1,1698.0,2145,6,76,12785.8
888.942,972.6,1698.0,2145,6,75,12803.7
889.061,972.6,1698.0,2145,4,75,12824.0
889.179,1102.1,1698.0,2145,4,75,12834.3
889.298,683.8,1698.0,2145,23,77,12844.0
889.416,715.3,1698.0,2145,33,76,12867.0
889.534,844.8,1698.0,2145,33,76,12886.0
889.653,844.8,1698.0,2145,4,76,12906.4
889.774,974.3,1698.0,2145,7,75,12917.8
889.895,1103.8,1698.0,2145,7,75,12926.7
890.015,1103.8,1698.0,2145,7,75,12939.5
890.135,685.5,1698.0,2145,5,78,12944.9
890.256,846.5,1698.0,2145,47,76,12948.4
890.376,976.0,1698.0,2145,12,76,12956.3
890.497,976.0,1698.0,2145,12,75,12972.9
890.617,1105.5,1698.0,2145,4,76,12986.7
890.738,1105.5,1698.0,2145,6,75,12998.2
890.858,848.3,1698.0,2145,6,77,12994.1
890.979,1107.3,1698.0,2145,53,76,12993.2
891.1,850.0,1698.0,2145,56,77,12992.2
891.22,979.5,1698.0,2145,13,76,13000.8
891.341,1109.0,1698.0,2145,13,76,13008.1
891.461,722.2,1698.0,2145,20,78,13003.7
891.582,1110.7,1698.0,2145,54,76,13011.2
891.703,695.9,1698.0,2145,54,79,13007.4
891.824,1112.4,1698.0,2145,57,76,13008.4
891.944,855.1,1698.0,2145,56,77,13006.3
892.065,695.8,1698.0,2145,36,77,13006.7
892.185,986.3,1698.0,2145,36,77,13004.2
892.306,697.5,1698.0,2145,55,79,13001.5
892.427,988.0,1698.0,2145,57,77,13002.5
892.548,699.2,1698.0,2145,62,80,12995.8
892.669,1119.2,1698.0,2145,62,76,12994.2
892.79,862.0,1698.0,2145,41,79,12989.5
892.911,1121.0,1698.0,2145,43,76,12989.8
893.032,706.2,1698.0,2145,43,79,12984.7
893.152,993.2,1698.0,2145,51,76,12984.0
893.273,704.4,1698.0,2145,21,77,12982.4
893.394,865.4,1698.0,2145,49,77,12983.5
893.514,994.9,1698.0,2145,49,76,12987.8
893.635,994.9,1698.0,2145,9,76,12994.2
893.756,1124.4,1698.0,2145,9,76,12996.3
893.876,709.6,1698.0,2145,9,79,12994.7
893.997,867.1,1698.0,2145,47,76,13000.0
894.118,996.6,1698.0,2145,7,76,13005.8
894.238,1126.1,1698.0,2145,10,76,13012.4
894.36,707.8,1698.0,2145,10,79,13012.4
894.481,868.8,1698.0,2145,49,76,13017.9
894.602,998.3,1698.0,2145,9,76,13026.6
894.723,998.3,1698.0,2145,9,76,13036.5
894.845,1133.1,1698.0,2145,9,76,13040.3
894.966,741.0,1698.0,2145,45,77,13043.0
895.087,1000.0,1698.0,2145,15,76,13050.2
895.208,1129.5,1698.0,2145,15,76,13053.8
895.33,872.2,1698.0,2145,28,77,13051.4
895.452,1131.2,1698.0,2145,44,76,13064.4
895.573,712.9,1698.0,2145,33,78,13067.0
895.694,873.9,1698.0,2145,33,77,13076.5
895.816,1132.9,1698.0,2145,30,76,13083.0
895.937,1150.8,1698.0,2145,13,76,13092.2
896.058,714.7,1698.0,2145,43,77,13101.4
896.183,875.7,1698.0,2145,4,76,13096.7
896.414,875.7,1698.0,2145,1,76,13069.9
896.767,875.7,1698.0,2145,2,76,13036.2
897.146,1005.2,1698.0,2145,2,76,13002.4
897.533,1005.2,1698.0,2145,2,76,12963.6
897.931,1134.7,1698.0,2145,1,76,12934.7
898.253,1134.7,1698.0,2145,1,76,12904.7
898.6,689.9,1698.0,2145,42,76,12883.4
898.89,691.5,1698.0,2145,0,76,12863.8
899.305,691.5,1698.0,2145,1,76,12859.5
899.63,691.5,1698.0,2145,1,76,12849.9
899.916,691.5,1698.0,2145,1,76,12855.1
900.182,691.5,1698.0,2145,2,76,12855.3
900.505,691.5,1698.0,2145,0,76,12888.2
900.807,691.5,1698.0,2145,0,76,12890.8
901.044,691.5,1698.0,2145,0,76,12873.4
901.191,691.5,1698.0,2145,3,76,12563.4
901.362,691.5,1698.0,2145,3,76,12620.3
901.491,691.5,1698.0,2145,0,75,12566.5
901.624,691.5,1698.0,2145,0,75,12644.2
901.754,691.5,1698.0,2145,3,75,12745.6
901.883,691.5,1698.0,2145,3,75,12838.1
902.012,691.5,1698.0,2145,0,75,12900.1
902.143,691.5,1698.0,2145,0,75,12825.6
902.275,691.5,1698.0,2145,2,75,12855.5
902.406,691.5,1698.0,2145,1,75,12920.1
902.538,691.5,1698.0,2145,1,75,12998.9
902.666,691.5,1698.0,2145,0,75,13093.0
902.797,691.5,1698.0,2145,3,75,13160.5
902.929,691.5,1698.0,2145,0,75,13226.5
903.059,691.5,1698.0,2145,0,75,13291.3
903.19,691.5,1698.0,2145,0,75,13343.5
903.32,691.5,1698.0,2145,3,75,13401.1
903.451,691.5,1698.0,2145,0,75,13448.2
903.575,691.5,1698.0,2145,0,75,13483.4
903.7,691.5,1698.0,2145,0,75,13520.5
903.825,691.5,1698.0,2145,3,75,13550.0
903.949,691.5,1698.0,2145,0,75,13557.7
904.076,691.5,1698.0,2145,1,75,13646.3
904.461,691.5,1698.0,2145,0,75,13513.6
904.744,691.5,1698.0,2145,0,75,13546.7
904.874,691.5,1698.0,2145,3,75,13584.6
905.005,691.5,1698.0,2145,0,75,13611.1
905.149,691.5,1698.0,2145,0,75,13622.0
905.279,691.5,1698.0,2145,3,75,13635.2
905.41,691.5,1698.0,2145,0,75,13649.3
905.549,691.5,1698.0,2145,0,75,13666.0
905.687,691.5,1698.0,2145,0,75,13682.8
905.825,691.5,1698.0,2145,3,75,13693.5
905.964,691.5,1698.0,2145,0,75,13699.6
906.103,691.5,1698.0,2145,0,75,13702.8
906.242,691.5,1698.0,2145,0,75,13698.3
906.38,691.5,1698.0,2145,3,75,13694.1
906.518,691.5,1698.0,2145,0,75,13688.1
906.657,691.5,1698.0,2145,0,75,13679.4
906.795,717.6,1698.0,2145,4,75,13613.7
906.918,878.6,1698.0,2145,4,75,13626.3
907.04,878.6,1698.0,2145,5,75,13639.1
907.163,1008.1,1698.0,2145,5,75,13653.2
907.285,1008.1,1698.0,2145,8,75,13666.0
907.407,1137.6,1698.0,2145,8,75,13677.9
907.53,1137.6,1698.0,2145,4,74,13691.3
907.653,717.8,1718.0,2165,32,77,13691.7
907.775,717.8,1718.0,2165,64,75,13684.9
907.901,1008.3,1718.0,2165,64,75,13688.7
908.023,1137.8,1718.0,2165,20,75,13697.3
908.145,716.2,1718.0,2165,49,79,13689.0
908.268,877.3,1718.0,2165,42,76,13686.1
908.39,1136.3,1718.0,2165,42,76,13691.7
908.512,714.7,1718.0,2165,16,79,13689.6
908.634,714.7,1718.0,2165,76,77,13683.3
908.756,875.7,1718.0,2165,76,76,13689.6
908.878,1134.7,1718.0,2165,10,76,13694.7
909.001,713.2,1718.0,2165,26,79,13688.9
909.122,720.2,1718.0,2165,65,77,13683.2
909.246,874.2,1718.0,2165,65,76,13690.8
909.369,1003.7,1718.0,2165,10,76,13696.4
909.498,1133.2,1718.0,2165,7,76,13693.8
909.68,711.7,1718.0,2165,8,80,13685.6
909.84,711.7,1718.0,2165,76,76,13676.5
909.998,872.7,1718.0,2165,4,76,13664.4
910.181,1002.2,1718.0,2165,5,76,13392.3
910.309,1131.7,1718.0,2165,9,76,13395.8
910.43,1477.9,1718.0,2165,9,76,13399.1
910.552,710.2,1718.0,2165,27,80,13390.4
910.673,741.7,1718.0,2165,56,76,13390.7
910.795,871.2,1718.0,2165,10,76,13394.6
910.917,1000.7,1718.0,2165,10,76,13401.2
911.04,1130.2,1718.0,2165,6,76,13406.9
911.161,1130.2,1718.0,2165,8,76,13409.1
911.283,708.7,1718.0,2165,73,80,13400.8
911.405,740.2,1718.0,2165,73,76,13397.7
911.527,999.2,1718.0,2165,10,76,13398.5
911.648,1128.7,1718.0,2165,16,76,13400.9
911.77,707.2,1718.0,2165,16,80,13394.5
911.892,738.7,1718.0,2165,67,77,13388.4
912.016,997.7,1718.0,2165,23,76,13388.8
912.138,705.6,1718.0,2165,20,77,13386.6
912.259,705.6,1718.0,2165,20,79,13377.9
912.38,866.7,1718.0,2165,71,76,13376.7
912.502,1125.7,1718.0,2165,15,76,13376.0
912.623,704.1,1718.0,2165,62,80,13368.8
912.745,865.1,1718.0,2165,62,77,13361.9
912.87,1470.2,1718.0,2165,35,77,13357.3
912.991,702.6,1718.0,2165,73,79,13348.6
913.113,993.1,1718.0,2165,73,77,13344.1
913.234,701.1,1718.0,2165,28,78,13340.3
913.357,701.1,1718.0,2165,63,78,13331.7
913.478,1121.1,1718.0,2165,39,76,13332.6
913.599,699.6,1718.0,2165,39,80,13325.7
913.721,699.6,1718.0,2165,70,77,13318.8
913.842,1119.6,1718.0,2165,27,76,13319.5
913.963,698.1,1718.0,2165,55,80,13312.9
914.084,698.1,1718.0,2165,55,77,13305.8
914.205,1118.1,1718.0,2165,40,76,13303.7
914.327,696.6,1718.0,2165,51,80,13296.4
914.448,857.6,1718.0,2165,51,77,13292.4
914.569,987.1,1718.0,2165,46,76,13296.8
914.691,1116.6,1718.0,2165,13,76,13300.1
914.812,695.0,1718.0,2165,65,81,13291.6
914.933,856.1,1718.0,2165,65,77,13286.9
915.054,1183.5,1718.0,2165,32,78,13285.0
915.175,693.5,1718.0,2165,66,79,13276.6
915.297,854.5,1718.0,2165,27,76,13277.3
915.418,984.0,1718.0,2165,27,76,13282.8
915.539,1113.5,1718.0,2165,8,76,13294.7
915.661,1113.5,1718.0,2165,8,76,13304.3
915.783,692.0,1718.0,2165,8,81,13297.6
915.906,692.0,1718.0,2165,73,77,13300.0
916.028,853.0,1718.0,2165,7,76,13311.3
916.15,853.0,1718.0,2165,7,76,13321.3
916.272,982.5,1718.0,2165,7,76,13329.9
916.394,1112.0,1718.0,2165,8,76,13335.5
916.516,1139.0,1718.0,2165,7,76,13344.4
916.639,690.5,1718.0,2165,77,79,13336.0
916.761,697.5,1718.0,2165,77,76,13339.0
916.882,851.5,1718.0,2165,5,76,13347.5
917.004,981.0,1718.0,2165,6,76,13358.1
917.125,981.0,1718.0,2165,6,76,13370.0
917.248,1110.5,1718.0,2165,7,76,13373.7
917.37,689.0,1718.0,2165,26,80,13366.7
917.491,692.5,1718.0,2165,60,77,13361.5
917.613,979.5,1718.0,2165,60,76,13363.4
917.734,1109.0,1718.0,2165,14,76,13367.1
917.856,687.5,1718.0,2165,33,80,13361.0
917.978,691.0,1718.0,2165,55,77,13354.9
918.099,978.0,1718.0,2165,55,76,13364.3
918.221,1107.5,1718.0,2165,14,76,13366.7
918.343,686.0,1718.0,2165,56,80,13358.2
918.469,976.5,1718.0,2165,44,77,13356.9
918.595,684.5,1718.0,2165,44,79,13352.7
918.721,716.0,1718.0,2165,62,78,13346.6
918.844,975.0,1718.0,2165,37,77,13340.4
918.976,682.9,1718.0,2165,34,79,13335.3
919.114,682.9,1718.0,2165,34,78,13326.1
919.24,973.4,1718.0,2165,56,76,13322.6
919.375,1102.9,1718.0,2165,19,77,13316.0
919.592,681.4,1718.0,2165,24,78,13307.2
919.735,842.4,1718.0,2165,4,76,13286.9
920.051,842.4,1718.0,2165,3,76,13261.1
920.371,971.9,1718.0,2165,1,76,13236.5
920.687,1101.4,1718.0,2165,3,76,13213.1
920.994,1101.4,1718.0,2165,9,78,13186.0
921.327,711.4,1718.0,2165,70,77,13178.6
921.494,840.9,1718.0,2165,3,76,13171.7
921.643,840.9,1718.0,2165,5,76,13168.4
921.943,1099.9,1718.0,2165,7,76,13164.2
922.075,1099.9,1718.0,2165,4,76,13102.3
922.203,1099.9,1718.0,2165,5,76,13070.6
922.325,678.4,1718.0,2165,40,79,12960.6
922.46,678.4,1718.0,2165,40,77,12971.1
922.585,839.4,1718.0,2165,40,76,12998.6
922.708,839.4,1718.0,2165,5,76,13024.8
922.831,839.4,1718.0,2165,4,76,13053.5
922.953,968.9,1718.0,2165,4,76,13085.7
923.076,968.9,1718.0,2165,3,76,13107.8
923.201,968.9,1718.0,2165,2,76,13096.7
923.519,968.9,1718.0,2165,2,76,13075.8
923.832,1098.4,1718.0,2165,1,76,13043.8
924.22,1098.4,1718.0,2165,1,76,12996.9
924.636,653.2,1718.0,2165,49,79,12966.7
924.861,672.0,1718.0,2165,30,76,12967.3
924.986,680.8,1718.0,2165,30,80,12958.8
925.109,675.7,1718.0,2165,76,78,12951.4
925.233,836.7,1718.0,2165,67,77,12949.9
925.357,677.5,1718.0,2165,26,78,12947.4
925.48,838.5,1718.0,2165,26,77,12942.9
925.602,1097.5,1718.0,2165,50,77,12941.2
925.726,840.3,1718.0,2165,55,77,12936.2
925.848,681.1,1718.0,2165,41,78,12930.6
925.971,971.6,1718.0,2165,41,77,12925.0
926.095,682.9,1718.0,2165,45,80,12918.2
926.218,1103.0,1718.0,2165,60,77,12916.0
926.34,716.3,1718.0,2165,60,80,12909.3
926.464,1104.8,1718.0,2165,57,76,12906.5
926.586,693.6,1718.0,2165,33,78,12901.2
926.709,1106.6,1718.0,2165,44,76,12899.1
926.832,849.4,1718.0,2165,44,78,12894.5
926.955,1108.4,1718.0,2165,55,76,12890.7
927.078,980.7,1718.0,2165,60,77,12884.3
927.201,692.1,1718.0,2165,53,80,12878.4
927.324,693.9,1718.0,2165,53,78,12870.6
927.447,1113.9,1718.0,2165,74,77,12863.2
927.57,986.2,1718.0,2165,71,78,12855.3
927.694,858.5,1718.0,2165,70,79,12847.0
927.817,699.3,1718.0,2165,70,80,12839.1
927.94,701.2,1718.0,2165,71,79,12831.1
928.063,1121.2,1718.0,2165,67,77,12824.3
928.186,864.0,1718.0,2165,68,78,12816.8
928.31,704.8,1718.0,2165,68,81,12807.8
928.432,706.6,1718.0,2165,70,79,12800.2
928.555,1126.6,1718.0,2165,68,77,12793.0
928.678,999.0,1718.0,2165,68,78,12785.4
928.802,871.3,1718.0,2165,73,78,12777.8
928.925,712.1,1718.0,2165,70,81,12770.6
929.048,713.9,1718.0,2165,64,78,12765.0
929.171,874.9,1718.0,2165,64,78,12761.4
929.293,715.7,1718.0,2165,56,78,12757.8
929.416,1006.2,1718.0,2165,57,77,12754.6
929.539,717.6,1718.0,2165,52,80,12748.2
929.662,1137.6,1718.0,2165,52,77,12746.0
929.785,880.4,1718.0,2165,46,79,12742.0
929.908,1139.4,1718.0,2165,47,77,12741.3
930.032,752.7,1718.0,2165,51,78,12739.1
930.154,1011.7,1718.0,2165,51,77,12743.0
930.277,1141.2,1718.0,2165,13,77,12746.0
930.4,698.3,1718.0,2165,47,79,12769.1
930.523,698.3,1718.0,2165,4,77,12815.4
930.716,698.3,1718.0,2165,1,76,12841.7
930.88,698.3,1718.0,2165,1,76,12885.5
931.039,698.3,1718.0,2165,0,76,12909.0
931.271,698.3,1718.0,2165,1,76,12814.0
931.404,698.3,1718.0,2165,1,76,12903.6
931.557,698.3,1718.0,2165,0,76,12969.4
931.692,698.3,1718.0,2165,1,76,13041.4
931.842,698.3,1718.0,2165,1,76,13090.5
932.152,698.3,1718.0,2165,1,76,13111.3
932.408,698.3,1718.0,2165,1,76,13061.8
932.541,698.3,1718.0,2165,0,76,12953.6
932.678,698.3,1718.0,2165,0,76,12898.4
932.808,698.3,1718.0,2165,1,76,12968.5
932.936,698.3,1718.0,2165,1,76,12984.4
933.066,698.3,1718.0,2165,0,76,12997.3
933.195,698.3,1718.0,2165,1,76,13051.1
933.326,698.3,1718.0,2165,1,76,13048.1
933.455,698.3,1718.0,2165,1,76,13111.7
933.584,698.3,1718.0,2165,0,76,13147.6
933.712,698.3,1718.0,2165,1,76,13213.5
933.841,698.3,1718.0,2165,1,76,13226.9
933.965,698.3,1718.0,2165,1,76,13217.2
934.087,698.3,1718.0,2165,0,76,13272.6
934.21,698.3,1718.0,2165,1,76,13302.9
934.331,698.3,1718.0,2165,1,76,13325.8
934.452,698.3,1718.0,2165,1,76,13343.7
934.574,698.3,1718.0,2165,0,76,13359.4
934.694,698.3,1718.0,2165,0,76,13445.6
934.816,698.3,1718.0,2165,1,76,13128.5
934.941,698.3,1718.0,2165,1,76,13142.5
935.07,698.3,1718.0,2165,0,76,13158.9
935.199,698.3,1718.0,2165,0,76,13161.2
935.328,698.3,1718.0,2165,1,76,13161.2
935.458,698.3,1718.0,2165,1,76,13161.2
935.599,724.5,1718.0,2165,0,76,13098.4
935.717,756.0,1718.0,2165,5,76,13120.2
935.834,885.5,1718.0,2165,5,76,13145.6
935.953,885.5,1718.0,2165,5,76,13169.3
936.074,1015.0,1718.0,2165,4,76,13195.8
936.193,1015.0,1718.0,2165,4,76,13229.7
936.311,1015.0,1718.0,2165,6,76,13255.1
936.43,1144.5,1718.0,2165,6,76,13267.3
936.55,1184.7,1718.0,2165,9,76,13278.4
936.667,724.5,1718.0,2165,9,81,13280.8
936.786,885.5,1718.0,2165,77,77,13292.2
936.904,1144.5,1718.0,2165,18,76,13306.5
937.022,722.8,1718.0,2165,18,80,13311.0
937.141,722.8,1718.0,2165,64,78,13314.6
937.259,883.8,1718.0,2165,22,77,13327.6
937.377,1142.8,1718.0,2165,22,76,13340.6
937.495,721.0,1718.0,2165,18,81,13342.7
937.614,721.0,1718.0,2165,77,77,13348.9
937.733,882.0,1718.0,2165,9,76,13365.0
937.851,1011.5,1718.0,2165,9,76,13381.3
937.969,1141.0,1718.0,2165,12,77,13396.3
938.087,719.3,1718.0,2165,63,81,13396.3
938.206,880.3,1718.0,2165,63,77,13404.7
938.325,1009.8,1718.0,2165,28,76,13421.5
938.443,1009.8,1718.0,2165,8,76,13438.5
938.561,1139.3,1718.0,2165,8,76,13460.3
938.679,717.5,1718.0,2165,8,78,13472.9
938.797,717.5,1718.0,2165,57,79,13472.9
938.915,878.5,1718.0,2165,27,77,13491.5
939.033,878.5,1718.0,2165,27,76,13516.7
939.151,1008.0,1718.0,2165,6,76,13539.7
939.271,1137.5,1718.0,2165,9,76,13555.9
939.393,715.8,1718.0,2165,71,81,13550.8
939.513,747.3,1718.0,2165,71,77,13556.5
939.634,876.8,1718.0,2165,18,76,13576.4
939.754,1006.3,1718.0,2165,7,76,13596.6
939.877,1006.3,1718.0,2165,7,76,13618.4
939.998,1135.8,1718.0,2165,8,76,13634.4
940.119,714.0,1718.0,2165,45,81,13626.3
940.24,745.5,1718.0,2165,40,77,13640.6
940.361,875.0,1718.0,2165,40,76,13666.2
940.481,875.0,1718.0,2165,5,76,13688.0
940.602,1004.5,1718.0,2165,8,76,13707.6
940.723,1134.0,1718.0,2165,8,76,13726.2
940.844,712.3,1718.0,2165,12,81,13717.8
940.964,873.3,1718.0,2165,76,77,13714.6
941.086,1132.3,1718.0,2165,16,76,13729.8
941.207,710.5,1718.0,2165,16,81,13726.8
941.328,871.5,1718.0,2165,73,77,13735.7
941.456,1130.5,1718.0,2165,24,77,13745.0
941.577,708.8,1718.0,2165,54,80,13744.1
941.699,869.8,1718.0,2165,54,78,13738.7
941.821,1128.8,1718.0,2165,46,77,13742.1
941.945,707.0,1718.0,2165,66,80,13653.5
942.071,868.0,1718.0,2165,30,77,13537.3
942.203,1127.0,1718.0,2165,30,77,13549.9
942.324,705.3,1718.0,2165,17,79,13556.6
942.446,866.3,1718.0,2165,78,79,13554.1
942.567,995.8,1718.0,2165,18,77,13564.5
942.689,703.5,1718.0,2165,18,80,13561.9
942.81,864.5,1718.0,2165,75,78,13565.0
942.932,994.0,1718.0,2165,23,77,13579.9
943.053,1164.7,1718.0,2165,23,77,13593.7
943.176,701.8,1718.0,2165,32,81,13589.1
943.297,992.3,1718.0,2165,63,77,13599.9
943.419,1121.8,1718.0,2165,17,77,13611.5
943.54,700.0,1718.0,2165,17,81,13602.5
943.662,731.5,1718.0,2165,75,77,13611.4
943.784,990.5,1718.0,2165,14,77,13623.2
943.906,698.3,1718.0,2165,40,79,13628.2
944.027,859.3,1718.0,2165,40,79,13622.6
944.149,1118.3,1718.0,2165,61,77,13627.7
944.272,696.5,1718.0,2165,74,81,13618.9
944.394,987.0,1718.0,2165,74,77,13618.3
944.516,1116.5,1718.0,2165,28,77,13630.3
944.638,694.8,1718.0,2165,12,80,13629.2
944.76,694.8,1718.0,2165,75,78,13620.5
944.881,855.8,1718.0,2165,75,77,13625.0
945.003,985.3,1718.0,2165,9,77,13625.3
945.14,693.0,1718.0,2165,28,80,13619.1
945.268,693.0,1718.0,2165,64,77,13611.8
945.4,854.0,1718.0,2165,8,77,13611.7
945.566,983.5,1718.0,2165,8,76,13595.3
945.803,691.3,1718.0,2165,18,81,13584.3
945.951,691.3,1718.0,2165,67,78,13580.2
946.08,852.3,1718.0,2165,4,77,13557.5
946.407,981.8,1718.0,2165,9,76,13536.8
946.664,1313.6,1718.0,2165,68,81,13522.1
946.887,850.5,1718.0,2165,20,76,13500.4
947.163,980.0,1718.0,2165,3,76,13460.8
947.565,1109.5,1718.0,2165,25,80,13448.6
947.751,848.8,1718.0,2165,67,77,13433.8
947.958,1107.8,1718.0,2165,12,77,13423.2
948.147,686.0,1718.0,2165,27,81,13414.8
948.277,847.0,1718.0,2165,62,77,13408.6
948.407,976.5,1718.0,2165,12,77,13398.5
948.62,684.3,1718.0,2165,24,81,13392.4
948.768,687.8,1718.0,2165,63,78,13384.1
948.898,974.8,1718.0,2165,14,77,13378.0
949.057,1104.3,1718.0,2165,4,76,13353.7
949.369,682.5,1718.0,2165,58,78,13339.0
949.627,714.0,1718.0,2165,3,77,13311.0
949.946,843.5,1718.0,2165,1,76,13281.0
950.275,973.0,1718.0,2165,1,76,13239.9
950.583,973.0,1718.0,2165,3,76,13219.6
950.852,1102.5,1718.0,2165,3,76,13195.7
951.172,680.8,1718.0,2165,2,80,13041.7
951.311,841.8,1718.0,2165,83,77,13047.5
951.472,971.3,1718.0,2165,11,77,13068.4
951.595,1100.8,1718.0,2165,6,76,13100.8
951.719,1587.9,1718.0,2165,6,78,13117.8
951.842,679.0,1718.0,2165,45,80,13109.4
951.965,710.5,1718.0,2165,37,77,13121.0
952.088,840.0,1718.0,2165,37,77,13143.5
952.211,840.0,1718.0,2165,3,76,13154.6
952.422,840.0,1718.0,2165,1,76,13119.1
952.878,969.5,1718.0,2165,3,76,13063.9
953.053,969.5,1718.0,2165,2,76,13028.1
953.215,969.5,1718.0,2165,3,76,13060.0
953.364,1099.0,1718.0,2165,5,76,13089.9
953.486,1099.0,1718.0,2165,2,76,13097.0
953.762,1099.0,1718.0,2165,1,76,13063.4
954.189,653.6,1718.0,2165,76,79,13050.7
954.412,646.6,1718.0,2165,76,77,13004.2
954.535,643.1,1718.0,2165,5,76,13006.7
954.658,670.5,1718.0,2165,19,78,13002.9
954.78,961.0,1718.0,2165,98,78,12994.3
954.904,672.4,1718.0,2165,98,81,12985.6
955.029,674.3,1718.0,2165,97,81,12975.2
955.151,676.3,1718.0,2165,98,80,12966.6
955.274,678.2,1718.0,2165,98,78,12958.0
955.396,968.7,1718.0,2165,98,79,12949.3
955.52,680.1,1718.0,2165,98,81,12940.7
955.645,682.0,1718.0,2165,98,81,12931.1
955.783,684.0,1718.0,2165,99,80,12922.6
955.905,685.9,1718.0,2165,99,80,12914.0
956.028,976.4,1718.0,2165,98,79,12905.5
956.152,687.8,1718.0,2165,98,80,12896.9
956.277,689.8,1718.0,2165,98,81,12888.4
956.399,691.7,1718.0,2165,98,81,12879.7
956.522,693.6,1718.0,2165,99,79,12871.2
956.644,984.1,1718.0,2165,98,80,12862.6
956.769,695.6,1718.0,2165,98,82,12854.1
956.893,697.5,1718.0,2165,98,81,12845.4
957.018,699.4,1718.0,2165,98,81,12836.8
957.142,1119.4,1718.0,2165,91,78,12828.3
957.266,701.4,1718.0,2165,91,80,12819.8
957.39,703.3,1718.0,2165,76,80,12811.9
957.513,703.3,1718.0,2165,89,78,12803.9
957.638,705.2,1718.0,2165,62,80,12795.7
957.761,707.2,1718.0,2165,62,79,12788.1
957.885,707.2,1718.0,2165,93,79,12779.7
958.008,709.1,1718.0,2165,49,80,12773.3
958.132,999.6,1718.0,2165,82,78,12769.0
958.256,711.0,1718.0,2165,82,81,12761.4
958.381,872.0,1718.0,2165,75,78,12755.6
958.505,712.9,1718.0,2165,47,81,12748.5
958.628,874.0,1718.0,2165,51,78,12743.2
958.752,714.9,1718.0,2165,51,80,12739.6
958.875,714.9,1718.0,2165,65,78,12732.2
958.999,1141.2,1718.0,2165,34,78,12729.0
959.122,716.8,1718.0,2165,71,79,12720.6
959.245,1136.8,1718.0,2165,71,78,12721.2
959.369,718.7,1718.0,2165,40,81,12715.0
959.493,879.7,1718.0,2165,56,78,12711.6
959.617,720.7,1718.0,2165,56,78,12710.5
959.74,720.7,1718.0,2165,49,78,12702.3
959.864,881.7,1718.0,2165,39,77,12713.7
959.987,1011.2,1718.0,2165,8,77,12727.8
960.11,1011.2,1718.0,2165,8,77,12745.6
960.234,1140.7,1718.0,2165,8,77,12752.4
960.357,698.0,1718.0,2165,47,80,12746.0
960.48,698.0,1718.0,2165,24,77,12786.1
960.618,698.0,1718.0,2165,24,77,12790.6
960.748,698.0,1718.0,2165,1,77,12852.2
960.894,698.0,1718.0,2165,1,77,12910.9
961.032,698.0,1718.0,2165,0,77,12971.8
961.235,698.0,1718.0,2165,1,77,13006.0
961.467,698.0,1718.0,2165,0,77,13037.0
961.677,698.0,1718.0,2165,1,77,12967.0
961.823,698.0,1718.0,2165,1,77,12971.0
961.955,698.0,1718.0,2165,0,77,12695.4
962.106,698.0,1718.0,2165,1,77,12599.3
962.272,698.0,1718.0,2165,1,77,12682.5
962.401,698.0,1718.0,2165,1,77,12781.2
962.53,698.0,1718.0,2165,0,77,12866.7
962.66,698.0,1718.0,2165,1,77,12951.5
962.791,698.0,1718.0,2165,1,77,13029.2
962.92,698.0,1718.0,2165,1,77,13123.6
963.05,698.0,1718.0,2165,0,76,13204.9
963.179,698.0,1718.0,2165,1,76,13293.8
963.31,698.0,1718.0,2165,1,76,13066.8
963.441,698.0,1718.0,2165,1,76,13153.5
963.569,698.0,1718.0,2165,0,76,13231.6
963.698,698.0,1718.0,2165,1,76,13308.6
963.829,698.0,1718.0,2165,1,76,13368.2
963.951,698.0,1718.0,2165,1,76,13411.5
964.073,698.0,1718.0,2165,0,76,13458.7
964.195,698.0,1718.0,2165,1,76,13498.6
964.318,698.0,1718.0,2165,1,76,13579.4
964.442,698.0,1718.0,2165,1,76,13312.6
964.565,698.0,1718.0,2165,0,76,13312.6
964.695,698.0,1718.0,2165,1,76,13312.6
964.825,698.0,1718.0,2165,1,76,13312.6
964.956,698.0,1718.0,2165,1,76,13312.6
965.087,698.0,1718.0,2165,0,76,13312.6
965.218,699.8,1718.0,2165,1,76,13235.5
965.337,885.3,1718.0,2165,9,76,13246.8
965.459,1014.8,1718.0,2165,9,76,13264.4
965.577,1144.3,1718.0,2165,8,76,13277.3
965.696,724.4,1718.0,2165,12,76,13284.6
965.814,724.4,1718.0,2165,12,78,13284.6
965.936,727.9,1718.0,2165,98,77,13294.4
966.054,885.4,1718.0,2165,33,76,13310.3
966.172,1014.9,1718.0,2165,13,76,13327.0
966.291,1181.1,1718.0,2165,13,76,13336.2
966.408,722.7,1718.0,2165,41,79,13336.2
966.528,754.2,1718.0,2165,84,77,13346.5
966.646,883.7,1718.0,2165,84,77,13362.0
966.765,1013.2,1718.0,2165,11,77,13381.0
966.882,1142.7,1718.0,2165,9,76,13399.9
967.0,1142.7,1718.0,2165,6,76,13423.7
967.118,721.0,1718.0,2165,6,81,13425.4
967.237,721.0,1718.0,2165,85,78,13408.5
967.356,882.0,1718.0,2165,31,77,13424.0
967.473,1011.5,1718.0,2165,31,77,13441.6
967.591,1141.0,1718.0,2165,9,76,13458.2
967.709,719.2,1718.0,2165,16,79,13465.2
967.827,719.2,1718.0,2165,100,82,13465.2
967.946,880.2,1718.0,2165,100,78,13476.7
968.064,1009.7,1718.0,2165,14,77,13485.9
968.183,717.5,1718.0,2165,36,79,13474.6
968.305,717.5,1718.0,2165,36,82,13462.2
968.426,878.5,1718.0,2165,86,77,13465.3
968.547,715.8,1718.0,2165,21,80,13460.2
968.668,715.8,1718.0,2165,95,82,13450.6
968.789,1006.3,1718.0,2165,95,78,13451.4
968.91,714.0,1718.0,2165,39,81,13443.6
969.03,714.0,1718.0,2165,98,80,13435.8
969.151,1004.5,1718.0,2165,98,77,13442.3
969.273,712.3,1718.0,2165,28,80,13438.1
969.394,712.3,1718.0,2165,79,81,13429.1
969.515,1002.8,1718.0,2165,47,77,13432.2
969.636,710.6,1718.0,2165,47,80,13431.1
969.757,710.6,1718.0,2165,60,82,13422.2
969.879,1001.1,1718.0,2165,67,78,13423.5
970.0,708.8,1718.0,2165,55,80,13418.2
970.121,708.8,1718.0,2165,55,81,13410.8
970.242,999.4,1718.0,2165,76,78,13414.6
970.365,707.1,1718.0,2165,40,80,13410.2
970.486,707.1,1718.0,2165,40,81,13402.8
970.608,868.1,1718.0,2165,87,78,13414.1
970.73,997.6,1718.0,2165,12,77,13422.1
970.851,1127.1,1718.0,2165,10,77,13433.6
970.972,705.4,1718.0,2165,10,80,13432.6
971.093,705.4,1718.0,2165,68,81,13429.7
971.214,866.4,1718.0,2165,45,77,13443.5
971.335,995.9,1718.0,2165,11,77,13453.6
971.456,1125.4,1718.0,2165,11,77,13461.5
971.576,703.6,1718.0,2165,12,81,13461.2
971.698,703.6,1718.0,2165,98,80,13456.0
971.82,864.7,1718.0,2165,98,78,13469.3
971.94,994.2,1718.0,2165,18,77,13482.0
972.061,1123.7,1718.0,2165,9,77,13493.5
972.182,1193.2,1718.0,2165,16,78,13504.0
972.306,701.9,1718.0,2165,16,82,13494.9
972.427,733.4,1718.0,2165,100,78,13501.6
972.549,862.9,1718.0,2165,8,77,13510.2
972.671,1121.9,1718.0,2165,13,77,13518.8
972.792,1162.5,1718.0,2165,13,78,13526.4
972.916,700.2,1718.0,2165,50,81,13517.3
973.038,731.7,1718.0,2165,63,78,13528.1
973.161,861.2,1718.0,2165,63,77,13540.6
973.282,1120.2,1718.0,2165,10,77,13549.8
973.403,1151.4,1718.0,2165,11,78,13555.9
973.528,698.4,1718.0,2165,82,82,13546.9
973.65,859.5,1718.0,2165,82,78,13552.6
973.771,989.0,1718.0,2165,38,77,13561.2
973.893,696.7,1718.0,2165,28,80,13558.2
974.014,696.7,1718.0,2165,94,81,13551.0
974.135,857.7,1718.0,2165,94,78,13558.0
974.257,1116.7,1718.0,2165,14,77,13562.6
974.378,1116.7,1718.0,2165,10,77,13570.0
974.5,695.0,1718.0,2165,10,81,13561.4
974.622,856.0,1718.0,2165,85,78,13555.0
974.766,856.0,1718.0,2165,7,77,13543.3
974.973,1115.0,1718.0,2165,11,77,13534.7
975.142,693.2,1718.0,2165,11,82,13524.1
975.289,724.8,1718.0,2165,86,78,13518.4
975.44,854.3,1718.0,2165,6,77,13507.3
975.649,983.8,1718.0,2165,7,77,13495.7
975.842,691.5,1718.0,2165,40,80,13488.3
975.986,691.5,1718.0,2165,40,81,13479.7
976.122,852.5,1718.0,2165,5,77,13458.3
976.431,982.0,1718.0,2165,6,77,13434.8
976.754,1111.5,1718.0,2165,16,78,13420.0
976.987,689.8,1718.0,2165,16,82,13410.7
977.112,850.8,1718.0,2165,6,77,13391.7
977.366,850.8,1718.0,2165,0,77,13349.4
977.77,980.3,1718.0,2165,6,77,13325.5
978.074,1313.8,1718.0,2165,5,81,13314.5
978.276,695.1,1718.0,2165,86,78,13306.7
978.433,849.1,1718.0,2165,5,77,13252.3
978.816,978.6,1718.0,2165,9,77,13225.4
979.112,686.3,1718.0,2165,4,80,13219.8
979.249,686.3,1718.0,2165,81,81,13211.5
979.378,847.3,1718.0,2165,36,77,13205.8
979.551,976.8,1718.0,2165,3,77,13174.2
979.894,1106.3,1718.0,2165,26,80,13155.1
980.181,684.6,1718.0,2165,26,81,13146.1
980.315,845.6,1718.0,2165,84,77,13140.7
980.478,975.1,1718.0,2165,5,77,13119.8
980.762,1104.6,1718.0,2165,3,77,13091.0
981.084,1173.2,1718.0,2165,83,82,13075.9
981.34,714.4,1718.0,2165,30,78,13028.4
981.497,843.9,1718.0,2165,30,77,12860.5
981.618,843.9,1718.0,2165,4,77,12877.0
981.74,973.4,1718.0,2165,5,77,12850.9
981.862,973.4,1718.0,2165,5,77,12777.1
981.984,973.4,1718.0,2165,5,77,12809.2
982.106,1102.9,1718.0,2165,3,77,12797.2
982.227,1102.9,1718.0,2165,4,77,12791.9
982.35,1102.9,1718.0,2165,4,77,12653.5
982.468,1102.9,1718.0,2165,4,77,12681.5
982.586,681.1,1718.0,2165,43,81,12683.4
982.706,681.1,1718.0,2165,66,79,12688.6
982.827,712.6,1718.0,2165,66,77,12697.5
982.949,842.1,1718.0,2165,3,77,12694.4
983.072,842.1,1718.0,2165,1,77,12689.8
983.195,842.1,1718.0,2165,1,77,12687.2
983.319,842.1,1718.0,2165,3,77,12676.3
983.442,842.1,1718.0,2165,2,77,12666.3
983.565,842.1,1718.0,2165,0,77,12657.7
983.687,842.1,1718.0,2165,0,77,12646.4
983.811,842.1,1718.0,2165,4,76,12634.4
983.934,842.1,1718.0,2165,2,76,12624.1
984.057,842.1,1718.0,2165,1,76,12614.4
984.181,842.1,1718.0,2165,1,76,12602.3
984.304,842.1,1718.0,2165,2,76,12592.0
984.426,842.1,1718.0,2165,2,76,12582.4
984.55,842.1,1718.0,2165,0,76,12572.3
984.673,842.1,1718.0,2165,0,76,12566.1
984.795,842.1,1718.0,2165,2,76,12557.7
984.918,842.1,1718.0,2165,2,76,12499.1
985.052,971.6,1718.0,2165,2,76,12346.7
985.206,971.6,1718.0,2165,2,76,12254.7
985.33,971.6,1718.0,2165,4,76,12149.1
985.449,1101.1,1718.0,2165,5,76,12031.7
985.569,1101.1,1718.0,2165,3,76,12021.9
985.69,1101.1,1718.0,2165,3,76,12045.9
985.812,1144.3,1718.0,2165,4,77,11928.3
985.93,679.4,1718.0,2165,61,82,11928.3
986.05,679.4,1718.0,2165,49,78,11862.1
986.169,840.4,1718.0,2165,49,77,11830.0
986.287,840.4,1718.0,2165,5,77,11710.8
986.407,840.4,1718.0,2165,5,76,11571.3
986.525,840.4,1718.0,2165,5,76,11432.6
986.645,969.9,1718.0,2165,3,76,11411.8
986.764,969.9,1718.0,2165,5,76,11285.2
986.883,969.9,1718.0,2165,5,76,11161.0
987.001,1099.4,1718.0,2165,4,76,11021.2
987.121,1099.4,1718.0,2165,3,76,10909.6
987.239,1099.4,1718.0,2165,4,76,10820.0
987.358,654.1,1718.0,2165,4,77,10776.5
987.476,654.1,1718.0,2165,47,81,10776.5
987.596,646.6,1718.0,2165,63,78,10784.0
987.714,674.2,1718.0,2165,63,78,10786.3
987.834,964.7,1718.0,2165,61,79,10787.1
987.954,676.2,1718.0,2165,89,81,10788.9
988.073,707.7,1718.0,2165,40,78,10791.3
988.191,837.2,1718.0,2165,40,77,10738.8
988.309,837.2,1718.0,2165,4,77,10745.8
988.428,837.2,1718.0,2165,5,76,10670.2
988.546,966.7,1718.0,2165,5,76,10698.3
988.668,966.7,1718.0,2165,5,76,10638.7
988.787,678.2,1718.0,2165,16,79,10644.9
988.905,709.8,1718.0,2165,63,78,10660.7
989.025,839.3,1718.0,2165,63,77,10683.1
989.143,839.3,1718.0,2165,5,77,10704.7
989.262,968.8,1718.0,2165,6,76,10714.7
989.382,968.8,1718.0,2165,6,76,10718.1
989.501,1098.3,1718.0,2165,7,76,10734.7
989.619,1098.3,1718.0,2165,4,76,10757.6
989.737,1098.3,1718.0,2165,6,76,10777.1
989.861,680.3,1718.0,2165,6,80,10782.1
989.98,711.8,1718.0,2165,63,77,10768.1
990.099,841.3,1718.0,2165,5,76,10796.3
990.217,841.3,1718.0,2165,5,76,10819.2
990.337,970.8,1718.0,2165,6,76,10841.1
990.458,970.8,1718.0,2165,5,76,10634.9
990.601,1100.3,1718.0,2165,4,76,10661.4
990.72,1100.3,1718.0,2165,4,76,10690.8
990.838,682.3,1718.0,2165,7,80,10702.0
990.957,713.8,1718.0,2165,65,77,10718.9
991.076,843.3,1718.0,2165,5,76,10742.1
991.194,843.3,1718.0,2165,5,76,10749.3
991.312,972.8,1718.0,2165,8,76,10755.9
991.43,972.8,1718.0,2165,6,76,10761.3
991.549,1102.3,1718.0,2165,6,76,10724.4
991.668,1102.3,1718.0,2165,4,76,10731.9
991.786,684.4,1718.0,2165,19,79,10745.0
991.905,715.9,1718.0,2165,52,77,10731.5
992.023,845.4,1718.0,2165,52,76,10742.1
992.141,845.4,1718.0,2165,4,76,10746.6
992.26,974.9,1718.0,2165,6,76,10757.2
992.379,974.9,1718.0,2165,6,76,10781.8
992.497,1104.4,1718.0,2165,6,76,10803.1
992.615,1104.4,1718.0,2165,5,76,10806.6
992.733,1104.4,1718.0,2165,5,76,10813.5
992.853,686.4,1718.0,2165,15,79,10802.2
992.971,717.9,1718.0,2165,55,76,10829.2
993.09,847.4,1718.0,2165,3,76,10831.5
993.209,847.4,1718.0,2165,3,76,10831.4
993.328,976.9,1718.0,2165,7,76,10812.4
993.446,976.9,1718.0,2165,5,76,10817.1
993.564,1106.4,1718.0,2165,5,76,10803.3
993.682,1106.4,1718.0,2165,4,76,10801.8
993.801,1106.4,1718.0,2165,6,76,10765.4
993.918,688.5,1718.0,2165,21,76,10754.9
994.037,688.5,1718.0,2165,21,78,10749.7
994.156,720.0,1718.0,2165,46,76,10737.1
994.274,849.5,1718.0,2165,5,76,10694.4
994.393,849.5,1718.0,2165,5,76,10682.1
994.511,849.5,1718.0,2165,4,76,10690.1
994.63,979.0,1718.0,2165,3,76,10683.9
994.748,979.0,1718.0,2165,6,76,10663.6
994.866,979.0,1718.0,2165,6,76,10653.5
994.985,1108.5,1718.0,2165,3,76,10682.1
995.103,1108.5,1718.0,2165,3,76,10654.3
995.222,1108.5,1718.0,2165,3,76,10660.8
995.34,690.5,1718.0,2165,6,79,10653.9
995.46,690.5,1718.0,2165,63,77,10599.0
995.58,851.5,1718.0,2165,63,76,10534.0
995.698,851.5,1718.0,2165,3,76,10487.3
995.818,851.5,1718.0,2165,6,76,10507.3
995.936,981.0,1718.0,2165,4,76,10497.9
996.054,981.0,1718.0,2165,4,76,10503.4
996.172,981.0,1718.0,2165,4,76,10451.4
996.291,1110.5,1718.0,2165,6,76,10454.2
996.409,1110.5,1718.0,2165,6,76,10476.9
996.527,1110.5,1718.0,2165,3,76,10429.4
996.646,692.5,1718.0,2165,31,80,10432.1
996.765,853.5,1718.0,2165,39,76,10449.0
996.884,853.5,1718.0,2165,39,76,10457.6
997.002,983.0,1718.0,2165,6,76,10478.1
997.12,983.0,1718.0,2165,4,76,10500.2
997.238,983.0,1718.0,2165,4,75,10489.4
997.357,1112.5,1718.0,2165,7,76,10512.6
997.475,1112.5,1718.0,2165,4,75,10506.9
997.593,1137.3,1718.0,2165,13,75,10495.3
997.711,694.6,1718.0,2165,13,79,10501.1
997.83,855.6,1718.0,2165,57,76,10521.1
997.948,855.6,1718.0,2165,7,76,10540.6
998.066,985.1,1718.0,2165,7,75,10544.7
998.185,985.1,1718.0,2165,5,75,10566.5
998.303,1114.6,1718.0,2165,8,75,10588.3
998.422,1114.6,1718.0,2165,8,76,10607.1
998.54,696.6,1718.0,2165,17,78,10540.6
998.659,857.6,1718.0,2165,53,76,10561.7
998.777,857.6,1718.0,2165,8,76,10585.6
998.895,987.1,1718.0,2165,8,75,10607.0
999.013,987.1,1718.0,2165,5,76,10629.3
999.131,1116.6,1718.0,2165,5,75,10651.0
999.25,1116.6,1718.0,2165,5,75,10673.8
999.368,698.7,1718.0,2165,8,76,10664.8
999.487,698.7,1718.0,2165,64,77,10679.8
999.605,859.7,1718.0,2165,5,76,10685.0
999.724,859.7,1718.0,2165,5,76,10690.7
999.842,989.2,1718.0,2165,7,75,10689.9
999.961,989.2,1718.0,2165,6,75,10694.4
1000.079,1118.7,1718.0,2165,6,75,10701.0
1000.197,1118.7,1718.0,2165,6,75,10725.4
1000.315,700.7,1718.0,2165,7,77,10743.1
1000.434,704.2,1718.0,2165,64,77,10736.1
1000.552,861.7,1718.0,2165,64,76,10758.7
1000.67,861.7,1718.0,2165,6,75,10762.1
1000.788,991.2,1718.0,2165,7,75,10786.8
1000.906,991.2,1718.0,2165,7,75,10793.6
1001.025,1120.7,1718.0,2165,5,75,10803.0
1001.143,1120.7,1718.0,2165,5,75,10816.4
1001.261,702.7,1718.0,2165,5,77,10805.4
1001.38,706.2,1718.0,2165,31,77,10801.7
1001.499,863.7,1718.0,2165,41,76,10812.1
1001.617,863.7,1718.0,2165,5,75,10818.6
1001.736,993.2,1718.0,2165,5,75,10831.0
1001.855,993.2,1718.0,2165,7,75,10849.5
1001.973,1122.7,1718.0,2165,4,75,10849.9
1002.092,1122.7,1718.0,2165,4,75,10872.1
1002.21,1122.7,1718.0,2165,5,75,10891.8
1002.328,704.8,1718.0,2165,42,79,10895.7
1002.447,736.3,1718.0,2165,27,76,10915.9
1002.565,865.8,1718.0,2165,27,75,10916.1
1002.683,865.8,1718.0,2165,6,75,10934.8
1002.802,995.3,1718.0,2165,6,75,10944.7
1002.92,995.3,1718.0,2165,6,75,10967.8
1003.039,1124.8,1718.0,2165,4,75,10994.6
1003.156,1124.8,1718.0,2165,5,75,11008.1
1003.275,1124.8,1718.0,2165,5,75,11016.8
1003.393,706.8,1718.0,2165,6,79,11023.4
1003.512,738.3,1718.0,2165,64,76,11046.6
1003.63,867.8,1718.0,2165,5,75,11072.3
1003.748,867.8,1718.0,2165,5,75,11082.4
1003.866,997.3,1718.0,2165,6,75,11102.6
1003.984,997.3,1718.0,2165,4,75,11118.2
1004.102,997.3,1718.0,2165,4,75,11111.1
1004.222,1126.8,1718.0,2165,5,75,11111.1
1004.34,1126.8,1718.0,2165,5,75,11137.3
1004.458,1126.8,1718.0,2165,3,75,11140.3
1004.576,708.9,1718.0,2165,3,78,11151.3
1004.694,712.4,1718.0,2165,64,76,11169.6
1004.811,869.9,1718.0,2165,5,75,11178.6
1004.93,869.9,1718.0,2165,5,75,11205.8
1005.048,869.9,1718.0,2165,4,75,11214.2
1005.166,999.4,1718.0,2165,5,75,11221.7
1005.284,999.4,1718.0,2165,5,75,11246.0
1005.402,1128.9,1718.0,2165,5,75,11266.1
1005.521,1128.9,1718.0,2165,4,75,11277.8
1005.639,1128.9,1718.0,2165,6,75,11267.8
1005.757,710.9,1718.0,2165,6,78,11270.9
1005.875,742.4,1718.0,2165,63,76,11280.7
1005.993,871.9,1718.0,2165,6,75,11286.1
1006.11,871.9,1718.0,2165,6,75,11309.7
1006.228,1001.4,1718.0,2165,6,75,11314.9
1006.347,1001.4,1718.0,2165,5,75,11325.2
1006.465,1001.4,1718.0,2165,3,75,11348.1
1006.583,1130.9,1718.0,2165,3,75,11355.6
1006.701,1130.9,1718.0,2165,5,75,11361.8
1006.819,1130.9,1718.0,2165,5,75,11371.6
1006.937,712.9,1718.0,2165,5,78,11363.2
1007.056,719.9,1718.0,2165,55,76,11364.4
1007.174,873.9,1718.0,2165,13,75,11342.1
1007.292,873.9,1718.0,2165,5,75,11334.9
1007.41,873.9,1718.0,2165,5,75,11328.5
1007.529,1003.4,1718.0,2165,4,75,11362.1
1007.647,1003.4,1718.0,2165,5,75,11353.2
1007.766,1003.4,1718.0,2165,5,75,11341.7
1007.886,1132.9,1718.0,2165,5,75,11351.2
1008.005,1132.9,1718.0,2165,4,75,11377.4
1008.122,1132.9,1718.0,2165,4,75,11389.8
1008.24,715.0,1718.0,2165,5,79,11397.7
1008.359,746.5,1718.0,2165,64,75,11419.4
1008.476,876.0,1718.0,2165,4,75,11423.0
1008.595,876.0,1718.0,2165,4,75,11445.7
1008.714,1005.5,1718.0,2165,6,75,11453.8
1008.832,1005.5,1718.0,2165,5,75,11463.9
1008.95,1005.5,1718.0,2165,5,75,11483.0
1009.068,1135.0,1718.0,2165,4,75,11493.1
1009.186,1135.0,1718.0,2165,5,75,11513.0
1009.305,1135.0,1718.0,2165,5,75,11530.1
1009.422,717.0,1718.0,2165,5,79,11534.1
1009.54,748.5,1718.0,2165,63,75,11539.6
1009.658,878.0,1718.0,2165,5,75,11553.2
1009.778,878.0,1718.0,2165,5,75,11570.3
1009.896,878.0,1718.0,2165,5,74,11591.4
1010.014,1007.5,1718.0,2165,3,74,11606.4
1010.133,1007.5,1718.0,2165,3,75,11604.1
1010.252,1137.0,1718.0,2165,5,74,11636.6
1010.37,1137.0,1718.0,2165,5,74,11659.8
1010.497,1137.0,1718.0,2165,4,74,11673.2
1010.617,719.1,1718.0,2165,4,78,11675.4
1010.736,719.1,1718.0,2165,61,75,11682.3
1010.855,880.1,1718.0,2165,8,75,11693.7
1010.974,880.1,1718.0,2165,4,75,11659.6
1011.093,880.1,1718.0,2165,4,74,11567.0
1011.212,1009.6,1718.0,2165,5,74,11567.0
1011.336,1009.6,1718.0,2165,5,74,11540.0
1011.455,1009.6,1718.0,2165,5,74,11543.8
1011.574,1139.1,1718.0,2165,3,74,11567.2
1011.695,1139.1,1718.0,2165,5,74,11590.8
1011.819,1139.1,1718.0,2165,4,74,11613.5
1011.941,721.1,1718.0,2165,4,77,11620.3
1012.062,721.1,1718.0,2165,57,76,11632.3
1012.184,882.1,1718.0,2165,10,75,11653.5
1012.307,882.1,1718.0,2165,10,75,11671.1
1012.427,882.1,1718.0,2165,5,75,11690.0
1012.547,1011.6,1718.0,2165,4,75,11706.8
1012.668,1011.6,1718.0,2165,5,75,11726.3
1012.789,1141.1,1718.0,2165,5,74,11742.8
1012.909,1141.1,1718.0,2165,5,74,11763.4
1013.031,1141.1,1718.0,2165,3,74,11785.8
1013.153,723.1,1718.0,2165,43,78,11786.8
1013.273,754.7,1718.0,2165,43,75,11798.2
1013.395,884.2,1718.0,2165,27,75,11819.9
1013.517,884.2,1718.0,2165,4,75,11839.1
1013.638,1013.7,1718.0,2165,4,75,11857.9
1013.758,1013.7,1718.0,2165,5,74,11877.7
1013.88,1143.2,1718.0,2165,6,75,11895.7
1014.003,1143.2,1718.0,2165,4,75,11917.4
1014.123,725.2,1718.0,2165,4,76,11931.0
1014.244,725.2,1718.0,2165,43,76,11935.1
1014.365,886.2,1718.0,2165,29,75,11952.5
1014.487,886.2,1718.0,2165,4,75,11976.0
1014.609,1015.7,1718.0,2165,4,75,11994.8
1014.732,1015.7,1718.0,2165,6,75,12011.8
1014.854,1145.2,1718.0,2165,5,75,12027.6
1014.975,1145.2,1718.0,2165,5,75,12047.0
1015.099,1145.2,1718.0,2165,4,75,12067.7
1015.222,727.2,1718.0,2165,17,79,12066.5
1015.343,734.2,1718.0,2165,51,75,12086.9
1015.466,888.2,1718.0,2165,51,75,12111.4
1015.589,888.2,1718.0,2165,3,75,12137.4
1015.714,888.2,1718.0,2165,4,75,12162.6
1015.837,888.2,1718.0,2165,4,75,12185.9
1015.962,1017.7,1718.0,2165,4,75,12211.0
1016.087,1017.7,1718.0,2165,3,75,12240.6
1016.211,1017.7,1718.0,2165,4,75,12262.4
1016.332,1147.2,1718.0,2165,3,75,12269.0
1016.457,1147.2,1718.0,2165,3,75,12290.8
1016.579,1147.2,1718.0,2165,2,75,12161.9
1016.747,1147.2,1718.0,2165,4,75,12199.9
1016.865,704.7,1718.0,2165,56,77,12215.9
1016.985,704.7,1718.0,2165,9,75,12334.3
1017.113,704.7,1718.0,2165,9,75,12310.0
1017.243,704.7,1718.0,2165,1,75,12378.5
1017.37,704.7,1718.0,2165,1,75,12452.9
1017.498,704.7,1718.0,2165,0,75,12533.9
1017.626,704.7,1718.0,2165,0,75,12628.4
1017.753,704.7,1718.0,2165,1,75,12696.9
1017.881,704.7,1718.0,2165,1,75,12490.8
1018.024,704.7,1718.0,2165,0,75,12578.0
1018.152,704.7,1718.0,2165,0,75,12661.4
1018.28,704.7,1718.0,2165,1,75,12742.7
1018.407,704.7,1718.0,2165,1,75,12831.4
1018.536,704.7,1718.0,2165,0,75,12935.8
1018.663,704.7,1718.0,2165,1,75,12861.9
1018.791,704.7,1718.0,2165,1,75,12891.9
1018.92,704.7,1718.0,2165,1,75,12963.0
1019.048,704.7,1718.0,2165,0,75,12978.8
1019.177,704.7,1718.0,2165,1,75,13040.1
1019.307,704.7,1718.0,2165,1,75,13070.5
1019.436,704.7,1718.0,2165,1,75,13160.9
1019.565,704.7,1718.0,2165,0,74,13249.6
1019.693,704.7,1718.0,2165,1,74,13328.0
1019.822,704.7,1718.0,2165,1,74,13378.4
1019.944,704.7,1718.0,2165,1,74,13396.7
1020.072,704.7,1718.0,2165,0,74,13151.7
1020.203,704.7,1718.0,2165,1,74,13151.7
1020.332,704.7,1718.0,2165,1,74,13151.7
1020.461,704.7,1718.0,2165,1,74,13151.7
1020.59,704.7,1718.0,2165,0,74,13151.7
1020.719,1021.7,1718.0,2165,2,74,13072.0
1020.84,731.2,1718.0,2165,96,76,13073.8
1020.96,762.7,1718.0,2165,96,77,13077.5
1021.081,729.2,1718.0,2165,98,79,13079.3
1021.217,1019.7,1718.0,2165,100,77,13082.1
1021.338,727.3,1718.0,2165,100,80,13082.3
1021.457,1017.8,1718.0,2165,98,78,13085.5
1021.577,725.3,1718.0,2165,98,80,13085.6
1021.697,1015.8,1718.0,2165,95,78,13088.1
1021.818,723.3,1718.0,2165,95,80,13088.2
1021.938,884.3,1718.0,2165,98,78,13119.9
1022.057,721.3,1718.0,2165,79,80,13124.3
1022.177,752.9,1718.0,2165,86,78,13124.5
1022.296,719.4,1718.0,2165,86,79,13125.3
1022.416,719.4,1718.0,2165,86,80,13125.3
1022.536,717.4,1718.0,2165,71,78,13126.9
1022.656,717.4,1718.0,2165,71,81,13126.9
1022.775,1007.9,1718.0,2165,100,77,13128.8
1022.894,715.4,1718.0,2165,60,80,13128.9
1023.014,876.4,1718.0,2165,83,78,13129.9
1023.132,713.5,1718.0,2165,83,80,13130.4
1023.253,713.5,1718.0,2165,87,80,13130.4
1023.372,711.5,1718.0,2165,72,78,13131.4
1023.49,711.5,1718.0,2165,72,82,13131.4
1023.609,1131.5,1718.0,2165,98,77,13132.8
1023.73,709.5,1718.0,2165,71,81,13132.8
1023.849,870.5,1718.0,2165,77,78,13133.6
1023.968,707.6,1718.0,2165,77,80,13134.1
1024.086,739.1,1718.0,2165,90,79,13134.8
1024.205,705.6,1718.0,2165,71,80,13136.2
1024.323,705.6,1718.0,2165,71,81,13136.2
1024.442,1125.6,1718.0,2165,91,78,13138.3
1024.561,703.6,1718.0,2165,77,81,13138.3
1024.679,994.1,1718.0,2165,77,78,13151.0
1024.797,701.7,1718.0,2165,72,80,13157.6
1024.917,701.7,1718.0,2165,89,81,13158.1
1025.036,699.7,1718.0,2165,71,78,13161.8
1025.155,699.7,1718.0,2165,71,82,13161.8
1025.274,990.2,1718.0,2165,89,78,13164.5
1025.393,697.7,1718.0,2165,62,81,13166.1
1025.511,697.7,1718.0,2165,62,79,13174.5
1025.629,729.2,1718.0,2165,72,77,13201.5
1025.747,858.7,1718.0,2165,5,76,13226.9
1025.866,858.7,1718.0,2165,6,76,13252.2
1025.984,988.2,1718.0,2165,6,76,13276.5
1026.102,988.2,1718.0,2165,4,76,13299.0
1026.219,1117.7,1718.0,2165,6,76,13319.9
1026.337,1117.7,1718.0,2165,6,76,13339.1
1026.455,1117.7,1718.0,2165,5,76,13366.2
1026.572,695.8,1718.0,2165,34,80,13370.2
1026.691,695.8,1718.0,2165,78,78,13379.8
1026.81,727.3,1718.0,2165,78,76,13404.0
1026.928,856.8,1718.0,2165,5,76,13427.8
1027.045,856.8,1718.0,2165,3,76,13452.0
1027.164,986.3,1718.0,2165,3,76,13470.6
1027.283,986.3,1718.0,2165,5,76,13463.2
1027.403,986.3,1718.0,2165,5,76,13493.8
1027.523,1115.8,1718.0,2165,5,76,13522.5
1027.64,1115.8,1718.0,2165,4,76,13552.1
1027.759,1115.8,1718.0,2165,5,76,13577.1
1027.879,693.8,1718.0,2165,36,79,13570.2
1028.0,693.8,1718.0,2165,36,81,13559.3
1028.121,725.3,1718.0,2165,75,77,13579.5
1028.242,854.8,1718.0,2165,5,76,13595.0
1028.363,854.8,1718.0,2165,6,76,13611.1
1028.484,984.3,1718.0,2165,6,76,13624.6
1028.605,984.3,1718.0,2165,6,76,13641.4
1028.728,1113.8,1718.0,2165,6,76,13658.2
1028.851,1113.8,1718.0,2165,6,76,13674.0
1028.972,691.8,1718.0,2165,16,80,13666.2
1029.093,698.8,1718.0,2165,96,77,13671.9
1029.214,852.8,1718.0,2165,7,76,13687.8
1029.335,852.8,1718.0,2165,7,76,13706.1
1029.456,982.3,1718.0,2165,5,76,13724.8
1029.576,982.3,1718.0,2165,6,76,13737.2
1029.701,1111.8,1718.0,2165,7,76,13748.7
1029.826,689.8,1718.0,2165,7,79,13749.0
1029.964,689.8,1718.0,2165,57,80,13740.3
1030.094,850.9,1718.0,2165,56,76,13732.3
1030.323,850.9,1718.0,2165,1,76,13706.0
1030.668,980.4,1718.0,2165,2,76,13677.1
1030.996,980.4,1718.0,2165,2,76,13640.8
1031.356,1109.9,1718.0,2165,1,76,13603.9
1031.737,687.9,1718.0,2165,31,81,13589.3
1031.943,848.9,1718.0,2165,4,76,13570.2
1032.185,978.4,1718.0,2165,2,76,13529.4
1032.599,978.4,1718.0,2165,2,76,13498.6
1032.958,978.4,1718.0,2165,1,76,13471.5
1033.267,1107.9,1718.0,2165,2,76,13439.1
1033.632,685.9,1718.0,2165,3,80,13431.4
1033.792,717.4,1718.0,2165,98,78,13423.4
1033.924,976.4,1718.0,2165,23,76,13414.4
1034.095,1105.9,1718.0,2165,4,76,13396.5
1034.357,683.9,1718.0,2165,52,80,13386.2
1034.552,715.4,1718.0,2165,62,77,13372.4
1034.75,844.9,1718.0,2165,3,76,13341.2
1035.06,974.4,1718.0,2165,2,76,13300.1
1035.48,1103.9,1718.0,2165,4,76,13274.5
1035.779,1103.9,1718.0,2165,33,80,13256.2
1036.067,682.0,1718.0,2165,77,78,13246.0
1036.203,713.5,1718.0,2165,2,76,13209.9
1036.634,843.0,1718.0,2165,2,76,13175.3
1037.052,843.0,1718.0,2165,1,76,13149.3
1037.35,843.0,1718.0,2165,3,76,13150.3
1037.478,972.5,1718.0,2165,3,76,12949.7
1037.608,972.5,1718.0,2165,3,76,12966.6
1037.729,972.5,1718.0,2165,3,76,12989.4
1037.851,1102.0,1718.0,2165,5,76,13017.7
1037.972,1102.0,1718.0,2165,4,76,13041.8
1038.093,1102.0,1718.0,2165,3,76,13062.2
1038.215,680.0,1718.0,2165,3,79,13062.7
1038.337,680.0,1718.0,2165,66,79,13058.8
1038.458,711.5,1718.0,2165,46,77,13076.8
1038.58,841.0,1718.0,2165,3,76,13092.8
1038.705,841.0,1718.0,2165,3,76,13084.3
1038.963,841.0,1718.0,2165,1,76,13054.3
1039.334,970.5,1718.0,2165,0,76,13010.6
1039.828,970.5,1718.0,2165,1,76,12967.3
1040.21,1100.0,1718.0,2165,1,76,12834.9
1040.332,1100.0,1718.0,2165,5,76,12627.3
1040.453,1100.0,1718.0,2165,2,76,12355.6
1040.624,1105.9,1718.0,2165,3,76,12171.3
1040.753,654.5,1718.0,2165,3,81,12171.3
1040.873,646.6,1718.0,2165,89,77,12173.2
1040.991,646.6,1718.0,2165,25,76,12182.2
1041.109,644.1,1718.0,2165,1,76,12193.3
1041.228,670.7,1718.0,2165,1,79,12193.7
1041.347,672.8,1718.0,2165,83,78,12193.7
1041.466,676.3,1718.0,2165,95,79,12194.5
1041.584,674.9,1718.0,2165,95,79,12196.6
1041.702,674.9,1718.0,2165,61,78,12196.6
1041.821,1094.9,1718.0,2165,43,77,12201.1
1041.939,677.0,1718.0,2165,71,81,12201.3
1042.057,838.0,1718.0,2165,71,77,12203.9
1042.176,679.1,1718.0,2165,29,80,12206.0
1042.296,969.6,1718.0,2165,77,77,12209.9
1042.415,681.2,1718.0,2165,77,81,12210.3
1042.533,971.7,1718.0,2165,76,77,12212.1
1042.652,683.3,1718.0,2165,23,80,12216.4
1042.77,683.3,1718.0,2165,65,78,12217.0
1042.888,1103.3,1718.0,2165,65,77,12224.4
1043.007,685.4,1718.0,2165,36,80,12227.7
1043.126,716.9,1718.0,2165,52,77,12251.0
1043.244,846.4,1718.0,2165,52,76,12270.7
1043.362,846.4,1718.0,2165,6,76,12291.4
1043.48,846.4,1718.0,2165,4,76,12313.1
1043.599,975.9,1718.0,2165,4,76,12335.3
1043.718,1105.4,1718.0,2165,4,76,12353.7
1043.836,687.5,1718.0,2165,42,81,12357.4
1043.955,719.0,1718.0,2165,37,77,12381.0
1044.073,848.5,1718.0,2165,37,76,12404.4
1044.191,848.5,1718.0,2165,5,76,12427.7
1044.31,978.0,1718.0,2165,5,76,12447.3
1044.428,978.0,1718.0,2165,5,76,12465.5
1044.546,978.0,1718.0,2165,6,76,12486.6
1044.664,1107.5,1718.0,2165,5,76,12504.7
1044.783,1107.5,1718.0,2165,6,76,12527.8
1044.901,689.6,1718.0,2165,6,80,12536.9
1045.019,980.1,1718.0,2165,64,77,12540.5
1045.137,691.7,1718.0,2165,25,76,12545.1
1045.255,852.7,1718.0,2165,25,79,12546.0
1045.373,693.8,1718.0,2165,79,79,12547.7
1045.492,693.8,1718.0,2165,72,78,12548.7
1045.61,1113.8,1718.0,2165,21,76,12553.6
1045.729,695.9,1718.0,2165,21,80,12553.9
1045.848,856.9,1718.0,2165,68,77,12557.5
1045.966,697.9,1718.0,2165,35,78,12559.8
1046.085,697.9,1718.0,2165,35,78,12559.8
1046.207,988.5,1718.0,2165,54,77,12566.1
1046.325,700.0,1718.0,2165,39,79,12568.5
1046.443,990.6,1718.0,2165,66,77,12571.7
1046.561,702.1,1718.0,2165,66,80,12572.0
1046.68,863.1,1718.0,2165,70,77,12573.7
1046.799,704.2,1718.0,2165,41,79,12577.2
1046.918,704.2,1718.0,2165,41,78,12577.3
1047.036,706.3,1718.0,2165,55,78,12578.1
1047.154,706.3,1718.0,2165,80,78,12578.1
1047.272,1131.5,1718.0,2165,80,77,12579.4
1047.39,708.4,1718.0,2165,38,79,12579.4
1047.508,998.9,1718.0,2165,53,77,12580.8
1047.626,710.5,1718.0,2165,72,81,12581.1
1047.745,871.5,1718.0,2165,72,77,12582.2
1047.864,712.6,1718.0,2165,33,80,12583.2
1047.982,873.6,1718.0,2165,66,77,12583.8
1048.1,714.7,1718.0,2165,66,78,12585.0
1048.219,714.7,1718.0,2165,66,78,12586.8
1048.337,1005.2,1718.0,2165,32,77,12597.7
1048.455,716.8,1718.0,2165,68,80,12597.9
1048.573,877.8,1718.0,2165,68,77,12603.8
1048.691,1007.3,1718.0,2165,18,76,12623.5
1048.809,1136.8,1718.0,2165,10,76,12648.4
1048.929,1136.8,1718.0,2165,10,76,12669.9
1049.049,1136.8,1718.0,2165,5,76,12684.2
1049.17,718.9,1718.0,2165,4,77,12671.4
1049.291,718.9,1718.0,2165,65,78,12669.9
1049.409,879.9,1718.0,2165,65,76,12686.4
1049.528,879.9,1718.0,2165,5,76,12684.4
1049.648,1009.4,1718.0,2165,7,76,12689.6
1049.773,1009.4,1718.0,2165,7,76,12702.3
1049.895,1138.9,1718.0,2165,7,76,12680.4
1050.016,1138.9,1718.0,2165,4,76,12526.6
1050.136,721.0,1718.0,2165,15,76,12394.2
1050.255,721.0,1718.0,2165,15,78,12406.7
1050.374,752.5,1718.0,2165,54,76,12398.8
1050.492,882.0,1718.0,2165,3,76,12424.4
1050.61,882.0,1718.0,2165,3,76,12455.0
1050.728,882.0,1718.0,2165,5,76,12482.3
1050.847,1011.5,1718.0,2165,5,76,12507.0
1050.965,1011.5,1718.0,2165,4,76,12535.4
1051.083,1141.0,1718.0,2165,4,76,12566.5
1051.202,1141.0,1718.0,2165,5,76,12592.6
1051.32,1141.0,1718.0,2165,5,76,12632.3
1051.437,723.1,1718.0,2165,5,79,12646.7
1051.556,723.1,1718.0,2165,54,77,12666.3
1051.674,884.1,1718.0,2165,14,76,12694.8
1051.792,884.1,1718.0,2165,5,76,12711.7
1051.915,884.1,1718.0,2165,5,76,12558.0
1052.036,1013.6,1718.0,2165,3,76,12348.3
1052.154,1013.6,1718.0,2165,4,76,12360.5
1052.272,1013.6,1718.0,2165,4,76,12359.3
1052.409,1013.6,1718.0,2165,5,76,12285.6
1052.528,1143.1,1718.0,2165,3,76,12147.6
1052.648,1143.1,1718.0,2165,4,76,12008.1
1052.769,1143.1,1718.0,2165,4,76,11895.3
1052.888,725.2,1718.0,2165,4,79,11884.2
1053.007,756.7,1718.0,2165,63,77,11871.4
1053.126,886.2,1718.0,2165,4,76,11873.1
1053.252,886.2,1718.0,2165,4,76,11825.2
1053.394,886.2,1718.0,2165,3,76,11390.9
1053.512,886.2,1718.0,2165,3,76,11431.1
1053.63,1015.7,1718.0,2165,3,76,11363.6
1053.75,1015.7,1718.0,2165,5,75,11278.8
1053.869,1145.2,1718.0,2165,5,75,11219.7
1053.988,1145.2,1718.0,2165,3,75,11179.7
1054.106,1145.2,1718.0,2165,3,75,11188.8
1054.225,1145.2,1718.0,2165,5,75,11212.7
1054.343,702.8,1718.0,2165,51,79,11216.6
1054.462,702.8,1718.0,2165,15,76,11265.9
1054.591,702.8,1718.0,2165,15,76,11311.6
1054.721,702.8,1718.0,2165,2,76,11380.5
1054.85,702.8,1718.0,2165,1,76,11451.7
1054.98,702.8,1718.0,2165,0,75,11536.0
1055.109,702.8,1718.0,2165,0,76,11622.2
1055.237,702.8,1718.0,2165,1,76,11700.5
1055.364,702.8,1718.0,2165,1,76,11788.2
1055.493,702.8,1718.0,2165,0,75,11874.0
1055.622,702.8,1718.0,2165,0,76,11979.4
1055.75,702.8,1718.0,2165,1,76,12067.4
1055.878,702.8,1718.0,2165,1,76,12149.4
1056.006,702.8,1718.0,2165,0,76,12229.9
1056.134,702.8,1718.0,2165,1,76,12318.1
1056.263,702.8,1718.0,2165,1,76,12394.0
1056.394,702.8,1718.0,2165,1,76,12495.8
1056.522,702.8,1718.0,2165,0,76,12583.3
1056.651,702.8,1718.0,2165,1,76,12669.8
1056.779,702.8,1718.0,2165,1,76,12731.0
1056.902,702.8,1718.0,2165,1,76,12785.1
1057.025,702.8,1718.0,2165,0,76,12967.0
1057.148,702.8,1718.0,2165,1,76,12879.2
1057.278,702.8,1718.0,2165,1,76,12879.2
1057.408,702.8,1718.0,2165,1,76,12879.2
1057.538,702.8,1718.0,2165,0,76,12879.2
1057.668,702.8,1718.0,2165,1,76,12879.2
1057.8,890.3,1718.0,2165,1,76,12795.4
1057.919,729.4,1718.0,2165,31,80,12796.1
1058.038,733.0,1718.0,2165,100,79,12799.9
1058.156,1149.5,1718.0,2165,44,77,12818.1
1058.273,727.5,1718.0,2165,44,81,12818.1
1058.392,888.6,1718.0,2165,100,78,12837.0
1058.511,1147.6,1718.0,2165,22,76,12861.1
1058.629,725.7,1718.0,2165,22,79,12867.1
1058.746,725.7,1718.0,2165,61,81,12867.1
1058.866,757.2,1718.0,2165,57,77,12890.7
1058.984,886.7,1718.0,2165,57,76,12908.6
1059.103,886.7,1718.0,2165,4,76,12926.7
1059.221,1016.2,1718.0,2165,6,76,12942.2
1059.34,1016.2,1718.0,2165,6,76,12962.6
1059.457,1145.7,1718.0,2165,6,76,12973.5
1059.575,723.8,1718.0,2165,29,81,12973.5
1059.693,755.3,1718.0,2165,92,78,12981.8
1059.811,884.8,1718.0,2165,92,77,13002.5
1059.928,1014.3,1718.0,2165,8,76,13025.0
1060.046,1014.3,1718.0,2165,7,76,13023.3
1060.164,1143.8,1718.0,2165,5,76,13021.0
1060.284,1143.8,1718.0,2165,5,76,13042.5
1060.401,721.9,1718.0,2165,5,77,13058.8
1060.52,721.9,1718.0,2165,72,81,13058.8
1060.638,882.9,1718.0,2165,72,77,13067.9
1060.756,1141.9,1718.0,2165,46,76,13078.1
1060.875,720.0,1718.0,2165,56,81,13078.1
1060.993,881.0,1718.0,2165,79,78,13079.4
1061.111,718.1,1718.0,2165,79,80,13081.8
1061.23,718.1,1718.0,2165,80,81,13081.8
1061.348,749.6,1718.0,2165,46,77,13098.6
1061.467,879.1,1718.0,2165,46,76,12970.3
1061.585,879.1,1718.0,2165,4,76,12997.5
1061.703,1008.6,1718.0,2165,7,76,12648.1
1061.822,1008.6,1718.0,2165,7,76,12676.1
1061.94,1138.1,1718.0,2165,7,76,12700.9
1062.057,1138.1,1718.0,2165,5,76,12725.9
1062.176,716.2,1718.0,2165,45,79,12733.4
1062.294,716.2,1718.0,2165,45,80,12734.6
1062.411,877.2,1718.0,2165,69,77,12753.0
1062.529,1006.7,1718.0,2165,8,76,12775.2
1062.646,1006.7,1718.0,2165,8,76,12797.1
1062.765,1136.2,1718.0,2165,8,76,12820.4
1062.883,1136.2,1718.0,2165,7,76,12840.9
1063.002,714.3,1718.0,2165,49,80,12847.7
1063.12,714.3,1718.0,2165,49,80,12848.1
1063.238,875.3,1718.0,2165,65,77,12872.9
1063.356,875.3,1718.0,2165,7,76,12896.9
1063.474,1004.8,1718.0,2165,7,76,12916.3
1063.592,1134.3,1718.0,2165,7,76,12935.8
1063.71,1134.3,1718.0,2165,9,76,12957.9
1063.828,712.4,1718.0,2165,9,78,12971.5
1063.946,712.4,1718.0,2165,47,81,12972.3
1064.065,873.4,1718.0,2165,67,77,12992.9
1064.183,873.4,1718.0,2165,8,76,13016.0
1064.302,1002.9,1718.0,2165,8,76,13037.2
1064.42,1132.4,1718.0,2165,8,76,13059.0
1064.539,1132.4,1718.0,2165,7,76,13082.9
1064.657,710.5,1718.0,2165,7,79,13091.2
1064.775,710.5,1718.0,2165,58,80,13091.4
1064.894,742.0,1718.0,2165,56,77,13109.0
1065.012,871.5,1718.0,2165,6,76,13112.6
1065.13,1001.0,1718.0,2165,6,76,13133.8
1065.249,1001.0,1718.0,2165,6,76,13154.8
1065.368,1001.0,1718.0,2165,6,76,13176.4
1065.486,1130.5,1718.0,2165,6,76,13197.8
1065.604,708.6,1718.0,2165,5,77,13214.5
1065.722,708.6,1718.0,2165,65,81,13214.5
1065.84,740.1,1718.0,2165,65,77,13231.3
1065.958,869.6,1718.0,2165,49,76,13219.8
1066.076,869.6,1718.0,2165,5,76,13226.1
1066.194,999.1,1718.0,2165,7,76,13243.6
1066.312,999.1,1718.0,2165,7,76,13262.2
1066.43,1128.6,1718.0,2165,7,76,13285.1
1066.548,1128.6,1718.0,2165,5,75,13307.5
1066.666,706.7,1718.0,2165,5,79,13310.5
1066.784,706.7,1718.0,2165,71,79,13315.9
1066.902,867.7,1718.0,2165,44,76,13337.5
1067.02,867.7,1718.0,2165,5,76,13358.8
1067.137,997.2,1718.0,2165,5,76,13357.1
1067.256,997.2,1718.0,2165,7,76,13378.5
1067.374,1126.7,1718.0,2165,7,76,13401.7
1067.492,1126.7,1718.0,2165,7,75,13318.0
1067.611,704.8,1718.0,2165,20,80,13318.4
1067.729,704.8,1718.0,2165,93,77,13327.9
1067.848,865.8,1718.0,2165,93,76,13350.6
1067.966,865.8,1718.0,2165,7,76,13372.9
1068.084,995.3,1718.0,2165,8,76,13385.3
1068.203,1124.8,1718.0,2165,9,75,13406.6
1068.32,702.9,1718.0,2165,9,77,13415.4
1068.439,702.9,1718.0,2165,60,81,13415.6
1068.558,863.9,1718.0,2165,57,77,13431.5
1068.676,993.4,1718.0,2165,57,76,13446.8
1068.794,1122.9,1718.0,2165,13,76,13463.9
1068.912,701.0,1718.0,2165,11,78,13428.7
1069.037,701.0,1718.0,2165,98,78,13407.4
1069.209,991.5,1718.0,2165,20,76,13415.8
1069.33,1121.0,1718.0,2165,20,76,13424.1
1069.45,699.1,1718.0,2165,15,79,13423.2
1069.571,699.1,1718.0,2165,87,80,13415.3
1069.691,989.6,1718.0,2165,39,77,13415.9
1069.811,697.2,1718.0,2165,39,78,13410.3
1069.931,697.2,1718.0,2165,68,81,13400.2
1070.052,728.7,1718.0,2165,49,77,13413.8
1070.172,858.2,1718.0,2165,49,76,13431.0
1070.292,858.2,1718.0,2165,5,76,13446.8
1070.413,987.7,1718.0,2165,6,76,13462.0
1070.533,987.7,1718.0,2165,5,76,13477.1
1070.653,1117.2,1718.0,2165,5,76,13488.7
1070.773,1117.2,1718.0,2165,6,76,13504.3
1070.894,695.3,1718.0,2165,27,79,13506.9
1071.014,695.3,1718.0,2165,27,81,13500.0
1071.135,726.8,1718.0,2165,85,77,13517.2
1071.255,856.3,1718.0,2165,5,76,13532.5
1071.375,856.3,1718.0,2165,5,76,13547.9
1071.496,985.8,1718.0,2165,5,76,13563.3
1071.617,985.8,1718.0,2165,4,76,13580.3
1071.738,693.4,1718.0,2165,17,79,13580.5
1071.859,693.4,1718.0,2165,17,81,13571.5
1071.981,854.4,1718.0,2165,100,77,13582.4
1072.102,983.9,1718.0,2165,14,76,13602.7
1072.222,983.9,1718.0,2165,7,76,13622.0
1072.343,1113.4,1718.0,2165,7,76,13640.7
1072.464,691.5,1718.0,2165,8,79,13643.2
1072.585,691.5,1718.0,2165,77,81,13634.4
1072.706,852.5,1718.0,2165,41,77,13641.5
1072.864,982.0,1718.0,2165,1,76,13614.8
1073.229,1111.5,1718.0,2165,2,76,13581.1
1073.596,1111.5,1718.0,2165,2,76,13536.1
1074.048,689.6,1718.0,2165,58,80,13528.2
1074.181,721.1,1718.0,2165,54,77,13519.4
1074.345,850.6,1718.0,2165,4,76,13481.7
1074.739,1109.6,1718.0,2165,3,77,13458.5
1075.045,687.7,1718.0,2165,81,81,13449.1
1075.17,848.7,1718.0,2165,81,77,13446.6
1075.313,978.2,1718.0,2165,11,76,13428.4
1075.607,685.8,1718.0,2165,86,81,13411.6
1075.882,846.8,1718.0,2165,1,76,13382.7
1076.229,976.3,1718.0,2165,4,76,13343.4
1076.658,1105.8,1718.0,2165,8,76,13321.2
1076.929,683.9,1718.0,2165,34,80,13314.4
1077.057,690.9,1718.0,2165,78,78,13308.2
1077.191,844.9,1718.0,2165,8,76,13285.6
1077.475,974.4,1718.0,2165,2,76,13236.1
1077.936,1103.9,1718.0,2165,40,81,13213.2
1078.249,843.0,1718.0,2165,3,77,13193.7
1078.514,843.0,1718.0,2165,2,76,13156.5
1078.931,843.0,1718.0,2165,2,76,13116.2
1079.359,972.5,1718.0,2165,4,76,13084.9
1079.539,972.5,1718.0,2165,3,76,13064.0
1079.676,1102.0,1718.0,2165,3,76,13079.1
1079.799,1102.0,1718.0,2165,5,76,13090.2
1079.937,680.1,1718.0,2165,51,81,13081.8
1080.059,841.1,1718.0,2165,73,78,13079.3
1080.2,1100.1,1718.0,2165,8,76,13058.6
1080.516,1100.1,1718.0,2165,2,76,13046.1
1080.647,1100.1,1718.0,2165,1,76,13031.1
1080.775,1100.1,1718.0,2165,2,76,13017.3
1080.902,1100.1,1718.0,2165,2,76,13004.3
1081.025,1100.1,1718.0,2165,2,76,12991.6
1081.15,1100.1,1718.0,2165,0,76,12977.6
1081.273,1100.1,1718.0,2165,2,76,12964.3
1081.397,1100.1,1718.0,2165,2,76,12957.2
1081.52,1100.1,1718.0,2165,2,76,12946.8
1081.643,1100.1,1718.0,2165,1,76,12932.3
1081.766,1100.1,1718.0,2165,2,76,12918.4
1081.89,1100.1,1718.0,2165,2,76,12903.7
1082.014,1100.1,1718.0,2165,2,76,12761.3
1082.142,654.7,1718.0,2165,2,79,12575.7
1082.262,654.7,1718.0,2165,95,80,12575.9
1082.383,646.6,1718.0,2165,95,77,12585.8
1082.502,674.6,1718.0,2165,16,79,12587.0
1082.622,1094.6,1718.0,2165,97,78,12587.0
1082.742,837.9,1718.0,2165,99,80,12587.0
1082.862,679.2,1718.0,2165,99,81,12587.0
1082.982,681.5,1718.0,2165,98,80,12587.0
1083.101,1103.9,1718.0,2165,98,79,12587.0
1083.221,844.8,1718.0,2165,98,80,12587.0
1083.341,686.2,1718.0,2165,98,81,12587.0
1083.461,688.5,1718.0,2165,89,79,12587.2
1083.581,1108.5,1718.0,2165,95,79,12587.2
1083.7,690.8,1718.0,2165,95,82,12587.2
1083.82,693.1,1718.0,2165,86,80,12588.2
1083.94,693.1,1718.0,2165,78,78,12588.2
1084.058,695.4,1718.0,2165,78,79,12590.1
1084.177,695.4,1718.0,2165,63,78,12590.2
1084.298,697.7,1718.0,2165,63,80,12590.2
1084.418,700.0,1718.0,2165,99,79,12590.3
1084.536,990.5,1718.0,2165,99,79,12591.1
1084.657,702.4,1718.0,2165,90,81,12591.3
1084.777,704.7,1718.0,2165,90,80,12592.7
1084.898,995.2,1718.0,2165,90,79,12594.4
1085.019,707.0,1718.0,2165,88,82,12594.7
1085.138,1127.0,1718.0,2165,62,78,12595.4
1085.257,709.3,1718.0,2165,91,82,12595.7
1085.377,711.6,1718.0,2165,91,78,12599.7
1085.495,872.6,1718.0,2165,65,79,12599.8
1085.613,713.9,1718.0,2165,67,80,12601.2
1085.732,874.9,1718.0,2165,67,78,12601.3
1085.852,716.2,1718.0,2165,80,82,12601.4
1085.972,718.6,1718.0,2165,78,79,12601.5
1086.092,722.1,1718.0,2165,85,79,12601.9
1086.211,720.9,1718.0,2165,85,80,12605.5
1086.33,1011.4,1718.0,2165,76,78,12606.4
1086.448,723.2,1718.0,2165,77,81,12607.0
1086.568,884.2,1718.0,2165,77,78,12610.3
1086.687,725.5,1718.0,2165,45,81,12611.5
1086.806,886.5,1718.0,2165,75,78,12617.9
1086.925,1016.0,1718.0,2165,17,77,12635.6
1087.043,1145.5,1718.0,2165,17,77,12664.8
1087.161,1145.5,1718.0,2165,6,77,12696.1
1087.279,727.8,1718.0,2165,7,77,12718.4
1087.397,727.8,1718.0,2165,7,80,12722.4
1087.518,727.8,1718.0,2165,63,77,12719.6
1087.638,727.8,1718.0,2165,0,77,12712.6
1087.759,727.8,1718.0,2165,3,77,12704.2
1087.882,727.8,1718.0,2165,3,77,12696.1
1088.003,759.3,1718.0,2165,0,76,12697.7
1088.125,759.3,1718.0,2165,2,76,12699.0
1088.246,888.8,1718.0,2165,2,77,12712.9
1088.369,888.8,1718.0,2165,6,77,12661.7
1088.49,1018.3,1718.0,2165,3,77,12600.0
1088.609,1018.3,1718.0,2165,5,76,12626.6
1088.728,1147.8,1718.0,2165,5,76,12649.3
1088.846,1147.8,1718.0,2165,7,76,12640.0
1088.965,1147.8,1718.0,2165,3,76,12555.4
1089.09,730.1,1718.0,2165,34,79,12508.0
1089.209,730.1,1718.0,2165,34,78,12508.3
1089.327,891.1,1718.0,2165,36,77,12486.0
1089.445,891.1,1718.0,2165,5,76,12381.2
1089.563,891.1,1718.0,2165,5,76,12320.3
1089.682,1020.6,1718.0,2165,4,76,12232.5
1089.8,1020.6,1718.0,2165,7,76,12214.0
1089.919,1150.1,1718.0,2165,7,76,12221.4
1090.04,1150.1,1718.0,2165,5,76,12193.9
1090.158,732.4,1718.0,2165,5,79,12203.1
1090.276,732.4,1718.0,2165,66,78,12180.5
1090.395,893.4,1718.0,2165,66,77,12168.3
1090.513,893.4,1718.0,2165,5,76,12188.8
1090.634,893.4,1718.0,2165,3,76,12205.3
1090.758,1022.9,1718.0,2165,6,76,12230.9
1090.882,1022.9,1718.0,2165,6,76,12255.6
1091.006,1022.9,1718.0,2165,3,76,12280.9
1091.13,1152.4,1718.0,2165,3,76,12305.5
1091.249,1152.4,1718.0,2165,3,76,12324.0
1091.372,1152.4,1718.0,2165,6,76,12346.5
1091.493,1152.4,1718.0,2165,3,76,12364.5
1091.611,734.7,1718.0,2165,64,80,12368.2
1091.73,766.3,1718.0,2165,64,77,12383.2
1091.852,1154.8,1718.0,2165,8,77,12383.4
1091.973,710.6,1718.0,2165,63,81,12382.9
1092.092,712.8,1718.0,2165,19,77,12458.0
1092.22,712.8,1718.0,2165,19,76,12514.9
1092.35,712.8,1718.0,2165,2,76,12557.7
1092.481,712.8,1718.0,2165,0,76,12523.3
1092.61,712.8,1718.0,2165,1,76,12629.9
1092.737,712.8,1718.0,2165,1,76,12709.0
1092.866,712.8,1718.0,2165,2,76,12790.8
1092.994,712.8,1718.0,2165,0,76,12869.9
1093.137,712.8,1718.0,2165,1,76,12847.3
1093.269,712.8,1718.0,2165,2,76,12737.0
1093.404,712.8,1718.0,2165,0,76,12841.2
1093.567,712.8,1718.0,2165,0,76,12934.3
1093.695,712.8,1718.0,2165,1,76,13015.9
1093.824,712.8,1718.0,2165,2,76,13101.6
1093.953,712.8,1718.0,2165,0,76,13180.4
1094.081,712.8,1718.0,2165,0,76,13257.5
1094.21,712.8,1718.0,2165,1,76,13330.5
1094.341,712.8,1718.0,2165,2,76,13406.4
1094.471,712.8,1718.0,2165,0,76,13471.0
1094.602,712.8,1718.0,2165,0,76,13532.9
1094.733,712.8,1718.0,2165,0,76,13595.7
1094.864,712.8,1718.0,2165,3,76,13639.2
1094.994,712.8,1718.0,2165,0,75,13663.3
1095.117,712.8,1718.0,2165,1,75,13743.8
1095.35,712.8,1718.0,2165,2,75,13686.0
1096.034,712.8,1718.0,2165,2,75,13620.8
1096.542,712.8,1718.0,2165,2,75,13318.4
1096.931,712.8,1718.0,2165,2,75,13133.5
1097.06,712.8,1718.0,2165,0,75,13156.3
1097.188,712.8,1718.0,2165,1,75,13225.2
1097.317,712.8,1718.0,2165,1,75,13298.9
1097.446,712.8,1718.0,2165,0,75,13373.1
1097.574,712.8,1718.0,2165,0,75,13401.0
1097.705,712.8,1718.0,2165,1,75,13362.3
1097.833,712.8,1718.0,2165,1,75,13367.5
1097.965,712.8,1718.0,2165,0,75,13367.5
1098.096,712.8,1718.0,2165,0,75,13367.5
1098.238,900.5,1718.0,2165,1,75,13282.1
1098.357,1159.5,1718.0,2165,16,75,13293.3
1098.475,739.5,1718.0,2165,48,77,13299.1
1098.594,739.5,1718.0,2165,48,81,13299.1
1098.714,737.3,1718.0,2165,94,79,13304.0
1098.834,737.3,1718.0,2165,96,82,13304.0
1098.954,1157.3,1718.0,2165,96,78,13306.7
1099.072,735.1,1718.0,2165,66,82,13307.0
1099.191,735.1,1718.0,2165,100,79,13317.4
1099.311,896.1,1718.0,2165,17,77,13344.0
1099.429,732.8,1718.0,2165,17,79,13346.4
1099.549,732.8,1718.0,2165,70,82,13346.4
1099.669,893.8,1718.0,2165,69,78,13356.7
1099.788,1023.3,1718.0,2165,69,77,13371.9
1099.907,1152.8,1718.0,2165,13,77,13398.2
1100.025,1152.8,1718.0,2165,5,77,13424.3
1100.143,1646.7,1718.0,2165,9,77,13445.5
1100.261,730.6,1718.0,2165,9,81,13445.5
1100.38,891.6,1718.0,2165,100,78,13450.6
1100.499,1150.6,1718.0,2165,30,77,13458.9
1100.618,728.3,1718.0,2165,30,81,13459.0
1100.738,889.3,1718.0,2165,83,79,13406.1
1100.858,1636.3,1718.0,2165,55,78,13302.6
1100.976,726.1,1718.0,2165,83,81,13302.6
1101.096,887.1,1718.0,2165,83,78,13305.8
1101.214,1146.1,1718.0,2165,52,77,13314.8
1101.333,723.8,1718.0,2165,60,81,13314.9
1101.452,755.4,1718.0,2165,60,79,13316.4
1101.57,1143.9,1718.0,2165,74,77,13324.2
1101.688,721.6,1718.0,2165,34,81,13326.5
1101.808,721.6,1718.0,2165,99,80,13327.2
1101.928,1012.1,1718.0,2165,99,77,13336.1
1102.047,719.4,1718.0,2165,23,81,13340.4
1102.166,719.4,1718.0,2165,94,81,13340.4
1102.286,750.9,1718.0,2165,94,78,13357.5
1102.404,880.4,1718.0,2165,26,77,13376.7
1102.522,1009.9,1718.0,2165,8,77,13394.5
1102.64,1139.4,1718.0,2165,11,77,13409.6
1102.759,717.1,1718.0,2165,11,80,13410.5
1102.878,717.1,1718.0,2165,92,80,13412.2
1102.996,878.1,1718.0,2165,30,77,13426.5
1103.114,1007.6,1718.0,2165,30,77,13441.1
1103.232,1137.1,1718.0,2165,11,77,13458.3
1103.351,1137.1,1718.0,2165,7,77,13475.4
1103.483,714.9,1718.0,2165,53,81,13091.4
1103.605,714.9,1718.0,2165,53,79,12929.9
1103.723,875.9,1718.0,2165,67,77,12948.3
1103.841,875.9,1718.0,2165,7,77,12967.6
1103.959,1005.4,1718.0,2165,7,77,12980.8
1104.077,1134.9,1718.0,2165,7,77,12995.2
1104.196,1134.9,1718.0,2165,8,76,13004.2
1104.314,712.6,1718.0,2165,53,80,13008.2
1104.433,712.6,1718.0,2165,53,81,13012.3
1104.551,873.6,1718.0,2165,66,77,13032.7
1104.669,873.6,1718.0,2165,8,77,13050.9
1104.788,1003.1,1718.0,2165,8,77,13072.1
1104.906,1003.1,1718.0,2165,7,76,13096.1
1105.024,1132.6,1718.0,2165,6,76,13118.0
1105.142,710.4,1718.0,2165,6,78,13132.8
1105.26,710.4,1718.0,2165,32,82,13132.8
1105.38,741.9,1718.0,2165,88,78,13154.0
1105.498,871.4,1718.0,2165,6,77,13177.8
1105.617,871.4,1718.0,2165,6,77,13202.0
1105.735,1000.9,1718.0,2165,8,76,13222.0
1105.853,1130.4,1718.0,2165,8,76,13243.3
1105.971,1130.4,1718.0,2165,8,76,13263.1
1106.089,708.1,1718.0,2165,5,80,13268.0
1106.208,708.1,1718.0,2165,91,81,13269.5
1106.326,739.7,1718.0,2165,29,77,13291.1
1106.444,869.2,1718.0,2165,29,77,13314.2
1106.562,869.2,1718.0,2165,4,76,13344.1
1106.68,998.7,1718.0,2165,8,76,13368.8
1106.798,998.7,1718.0,2165,8,76,13393.0
1106.916,1128.2,1718.0,2165,6,76,13424.8
1107.046,1128.2,1718.0,2165,4,76,13189.7
1107.183,705.9,1718.0,2165,15,78,13203.9
1107.301,705.9,1718.0,2165,15,81,13203.9
1107.421,737.4,1718.0,2165,100,77,13214.7
1107.539,866.9,1718.0,2165,11,77,13231.7
1107.658,996.4,1718.0,2165,9,77,13250.2
1107.777,1125.9,1718.0,2165,9,76,13269.5
1107.895,1125.9,1718.0,2165,8,76,13288.4
1108.014,703.7,1718.0,2165,22,79,13304.3
1108.132,703.7,1718.0,2165,22,82,13304.3
1108.252,735.2,1718.0,2165,98,77,13322.5
1108.37,864.7,1718.0,2165,6,76,13345.4
1108.489,864.7,1718.0,2165,6,76,13366.7
1108.607,994.2,1718.0,2165,5,76,13389.0
1108.726,994.2,1718.0,2165,6,76,13411.2
1108.844,1123.7,1718.0,2165,6,76,13429.8
1108.962,1123.7,1718.0,2165,6,76,13453.4
1109.08,1123.7,1718.0,2165,4,76,13474.4
1109.206,701.4,1718.0,2165,47,81,13469.2
1109.327,701.4,1718.0,2165,72,78,13472.2
1109.45,862.4,1718.0,2165,72,77,13488.7
1109.571,862.4,1718.0,2165,5,76,13506.7
1109.693,991.9,1718.0,2165,7,76,13523.7
1109.815,991.9,1718.0,2165,7,76,13538.1
1109.937,1121.4,1718.0,2165,7,76,13549.3
1110.059,1121.4,1718.0,2165,5,76,13569.3
1110.18,699.2,1718.0,2165,60,80,13562.5
1110.302,699.2,1718.0,2165,60,79,13565.2
1110.424,860.2,1718.0,2165,59,77,13581.9
1110.546,860.2,1718.0,2165,4,76,13596.3
1110.668,860.2,1718.0,2165,6,76,13612.5
1110.791,989.7,1718.0,2165,6,76,13630.1
1110.913,1119.2,1718.0,2165,5,76,13641.5
1111.035,696.9,1718.0,2165,55,80,13633.6
1111.157,696.9,1718.0,2165,55,78,13633.1
1111.279,857.9,1718.0,2165,72,77,13648.1
1111.401,987.4,1718.0,2165,9,76,13664.2
1111.526,987.4,1718.0,2165,6,76,13679.8
1111.648,1116.9,1718.0,2165,7,76,13686.4
1111.83,694.7,1718.0,2165,67,81,13677.4
1111.965,694.7,1718.0,2165,67,78,13672.4
1112.1,855.7,1718.0,2165,8,76,13665.0
1112.344,985.2,1718.0,2165,1,76,13650.7
1112.649,1114.7,1718.0,2165,3,76,13621.5
1112.991,1114.7,1718.0,2165,2,76,13580.9
1113.394,692.5,1718.0,2165,39,81,13573.4
1113.524,699.5,1718.0,2165,78,77,13568.0
1113.675,853.5,1718.0,2165,2,76,13537.1
1114.021,983.0,1718.0,2165,3,76,13513.1
1114.322,1112.5,1718.0,2165,7,76,13483.9
1114.623,690.2,1718.0,2165,74,82,13466.9
1114.85,721.7,1718.0,2165,47,77,13436.2
1115.128,851.2,1718.0,2165,3,76,13380.8
1115.478,980.7,1718.0,2165,2,76,13351.4
1115.805,1110.2,1718.0,2165,25,80,13322.6
1116.172,688.0,1718.0,2165,25,81,13314.8
1116.302,849.0,1718.0,2165,1,76,13288.6
1116.663,849.0,1718.0,2165,2,76,13251.6
1117.089,978.5,1718.0,2165,4,76,13218.4
1117.48,978.5,1718.0,2165,3,76,13192.2
1117.797,1108.0,1718.0,2165,14,81,13165.4
1118.112,692.7,1718.0,2165,100,78,13065.7
1118.235,846.7,1718.0,2165,12,77,13039.2
1118.366,976.2,1718.0,2165,6,77,13048.8
1118.488,976.2,1718.0,2165,6,76,13062.9
1118.641,1143.7,1718.0,2165,5,78,13060.5
1118.763,683.5,1718.0,2165,58,82,13047.0
1118.887,715.0,1718.0,2165,67,78,13053.3
1119.01,844.5,1718.0,2165,67,77,13075.2
1119.133,844.5,1718.0,2165,4,77,13102.9
1119.256,974.0,1718.0,2165,3,76,13100.9
1119.522,974.0,1718.0,2165,2,76,13088.4
1119.844,974.0,1718.0,2165,1,76,13066.7
1120.204,1103.5,1718.0,2165,2,76,13037.1
1120.618,681.2,1718.0,2165,83,82,13022.0
1120.87,842.2,1718.0,2165,41,77,13003.2
1121.146,971.7,1718.0,2165,2,76,12966.4
1121.546,1101.2,1718.0,2165,2,76,12920.0
1122.03,1101.2,1718.0,2165,2,76,12879.2
1122.472,1101.2,1718.0,2165,2,76,12839.2
1122.862,655.6,1718.0,2165,2,81,12829.5
1122.992,652.2,1718.0,2165,87,78,12813.2
1123.115,647.2,1718.0,2165,29,77,12810.0
1123.239,643.1,1718.0,2165,3,77,12814.5
1123.362,671.3,1718.0,2165,3,78,12807.9
1123.483,1091.3,1718.0,2165,66,78,12798.6
1123.605,834.8,1718.0,2165,99,81,12789.5
1123.728,676.2,1718.0,2165,96,81,12780.3
1123.85,678.7,1718.0,2165,96,81,12771.2
1123.972,1098.7,1718.0,2165,96,79,12762.0
1124.094,842.2,1718.0,2165,92,80,12752.9
1124.217,683.7,1718.0,2165,94,82,12744.0
1124.339,686.2,1718.0,2165,94,81,12734.9
1124.461,1106.2,1718.0,2165,92,79,12725.8
1124.584,849.6,1718.0,2165,95,81,12716.8
1124.707,691.1,1718.0,2165,95,82,12707.5
1124.829,693.6,1718.0,2165,87,79,12696.7
1124.95,984.1,1718.0,2165,88,80,12687.3
1125.073,696.1,1718.0,2165,94,82,12678.3
1125.196,698.6,1718.0,2165,94,81,12669.3
1125.318,1118.6,1718.0,2165,90,79,12661.7
1125.44,701.0,1718.0,2165,78,80,12652.6
1125.562,703.5,1718.0,2165,59,79,12644.2
1125.684,994.0,1718.0,2165,59,79,12635.1
1125.809,706.0,1718.0,2165,93,82,12626.2
1125.931,708.5,1718.0,2165,92,81,12617.2
1126.053,710.9,1718.0,2165,87,79,12608.4
1126.175,742.5,1718.0,2165,87,80,12599.6
1126.298,713.4,1718.0,2165,75,81,12590.6
1126.42,874.4,1718.0,2165,67,79,12581.7
1126.543,715.9,1718.0,2165,67,81,12573.2
1126.664,876.9,1718.0,2165,79,78,12564.5
1126.786,718.4,1718.0,2165,40,82,12555.6
1126.907,879.4,1718.0,2165,60,78,12546.6
1127.03,720.9,1718.0,2165,60,82,12537.8
1127.151,1011.4,1718.0,2165,87,78,12528.8
1127.273,723.3,1718.0,2165,66,82,12520.0
1127.394,1013.8,1718.0,2165,46,78,12513.3
1127.516,725.8,1718.0,2165,46,82,12504.4
1127.637,886.8,1718.0,2165,72,78,12498.7
1127.76,728.3,1718.0,2165,56,81,12491.6
1127.881,1018.8,1718.0,2165,56,78,12487.1
1128.003,730.8,1718.0,2165,58,82,12398.2
1128.133,1021.3,1718.0,2165,71,78,12413.4
1128.254,733.2,1718.0,2165,19,79,12426.4
1128.375,733.2,1718.0,2165,19,79,12426.4
1128.496,894.3,1718.0,2165,65,78,12442.6
1128.616,894.3,1718.0,2165,8,77,12463.9
1128.738,1023.8,1718.0,2165,6,77,12473.4
1128.858,1023.8,1718.0,2165,6,77,12222.8
1128.979,1153.3,1718.0,2165,5,77,12022.8
1129.101,735.7,1718.0,2165,50,82,11999.0
1129.228,896.7,1718.0,2165,50,78,12023.4
1129.346,896.7,1718.0,2165,25,78,12044.8
1129.464,1155.7,1718.0,2165,15,77,12061.5
1129.583,1155.7,1718.0,2165,7,77,12079.3
1129.701,714.1,1718.0,2165,7,80,12079.5
1129.82,714.1,1718.0,2165,65,78,12172.0
1129.947,714.1,1718.0,2165,1,77,12245.2
1130.078,714.1,1718.0,2165,0,77,12304.9
1130.207,714.1,1718.0,2165,0,77,12384.2
1130.337,714.1,1718.0,2165,2,77,12461.4
1130.465,714.1,1718.0,2165,1,77,12535.0
1130.594,714.1,1718.0,2165,0,77,12605.6
1130.723,714.1,1718.0,2165,0,77,12620.3
1130.853,714.1,1718.0,2165,2,77,12725.2
1130.983,714.1,1718.0,2165,1,77,12784.1
1131.132,714.1,1718.0,2165,0,77,12801.1
1131.262,714.1,1718.0,2165,2,77,12643.1
1131.392,714.1,1718.0,2165,2,77,12721.8
1131.521,714.1,1718.0,2165,1,77,12798.7
1131.65,714.1,1718.0,2165,0,77,12866.7
1131.78,714.1,1718.0,2165,2,77,12965.0
1131.909,714.1,1718.0,2165,1,77,13058.8
1132.038,714.1,1718.0,2165,1,77,13141.2
1132.167,714.1,1718.0,2165,0,77,13162.0
1132.298,714.1,1718.0,2165,1,77,13125.8
1132.429,714.1,1718.0,2165,1,77,13177.6
1132.558,714.1,1718.0,2165,0,77,13216.8
1132.708,714.1,1718.0,2165,0,77,13283.3
1132.843,714.1,1718.0,2165,3,77,13243.6
1132.974,714.1,1718.0,2165,0,77,13328.6
1133.103,714.1,1718.0,2165,0,77,13407.7
1133.232,714.1,1718.0,2165,0,77,13470.2
1133.356,714.1,1718.0,2165,3,77,13493.0
1133.477,714.1,1718.0,2165,0,77,13542.6
1133.603,714.1,1718.0,2165,0,77,13418.2
1133.734,714.1,1718.0,2165,0,77,13404.6
1133.867,714.1,1718.0,2165,3,77,13404.6
1133.999,714.1,1718.0,2165,0,77,13404.6
1134.131,714.1,1718.0,2165,0,77,13404.6
1134.262,714.1,1718.0,2165,3,77,13404.6
1134.394,714.1,1718.0,2165,3,77,13404.6
1134.525,1161.0,1718.0,2165,0,77,13305.8
1134.643,741.1,1738.0,2185,68,82,13307.4
1134.763,772.6,1738.0,2185,76,79,13313.2
1134.882,902.1,1738.0,2185,76,78,13332.2
1135.0,1031.6,1738.0,2185,7,77,13342.8
1135.118,738.8,1738.0,2185,17,79,13349.1
1135.236,738.8,1738.0,2185,17,83,13349.1
1135.356,899.9,1738.0,2185,100,79,13355.7
1135.474,1158.9,1738.0,2185,26,78,13368.7
1135.592,736.6,1738.0,2185,26,80,13376.1
1135.711,736.6,1738.0,2185,49,83,13376.1
1135.83,743.6,1738.0,2185,79,79,13394.2
1135.948,1027.1,1738.0,2185,11,78,13408.0
1136.066,1156.6,1738.0,2185,11,77,13423.8
1136.184,734.3,1738.0,2185,27,81,13424.0
1136.304,734.3,1738.0,2185,100,81,13427.5
1136.423,895.3,1738.0,2185,100,78,13444.4
1136.541,1024.8,1738.0,2185,11,77,13464.3
1136.659,1154.3,1738.0,2185,9,77,13489.9
1136.777,1154.3,1738.0,2185,6,77,13518.0
1136.895,1154.3,1738.0,2185,6,77,13459.3
1137.02,732.0,1738.0,2185,5,81,12997.4
1137.138,732.0,1738.0,2185,100,81,12997.6
1137.256,893.0,1738.0,2185,100,78,13021.7
1137.374,1022.5,1738.0,2185,21,77,13042.5
1137.493,1022.5,1738.0,2185,9,77,13062.9
1137.611,729.7,1738.0,2185,28,79,13076.5
1137.73,729.7,1738.0,2185,28,82,13076.5
1137.849,890.7,1738.0,2185,98,79,13086.6
1137.967,1020.2,1738.0,2185,15,77,13103.7
1138.086,1182.8,1738.0,2185,15,78,13116.7
1138.204,727.5,1738.0,2185,38,82,13116.7
1138.323,888.5,1738.0,2185,88,79,13125.6
1138.442,1147.5,1738.0,2185,88,78,13136.7
1138.56,725.2,1738.0,2185,18,81,13144.0
1138.679,725.2,1738.0,2185,73,82,13144.0
1138.798,1015.7,1738.0,2185,61,79,13149.5
1138.917,722.9,1738.0,2185,61,80,13152.1
1139.036,722.9,1738.0,2185,67,83,13152.1
1139.155,1013.4,1738.0,2185,69,79,13159.0
1139.273,720.6,1738.0,2185,69,78,13166.7
1139.391,720.6,1738.0,2185,41,83,13166.7
1139.51,881.6,1738.0,2185,91,79,13172.5
1139.628,1140.6,1738.0,2185,25,78,13178.6
1139.745,718.3,1738.0,2185,25,82,13178.6
1139.864,879.3,1738.0,2185,100,80,13182.2
1139.983,1138.3,1738.0,2185,31,78,13194.9
1140.101,716.1,1738.0,2185,31,81,13198.4
1140.219,716.1,1738.0,2185,66,82,13198.4
1140.337,877.1,1738.0,2185,62,78,13214.1
1140.456,1006.6,1738.0,2185,10,78,13230.0
1140.574,1136.1,1738.0,2185,10,77,13245.0
1140.692,713.8,1738.0,2185,18,82,13249.2
1140.811,713.8,1738.0,2185,100,82,13249.2
1140.929,874.8,1738.0,2185,100,78,13268.0
1141.048,1004.3,1738.0,2185,18,78,13285.9
1141.165,1133.8,1738.0,2185,10,77,13300.5
1141.283,1182.0,1738.0,2185,10,77,13315.1
1141.401,711.5,1738.0,2185,23,82,13315.1
1141.52,743.0,1738.0,2185,100,79,13322.0
1141.638,872.5,1738.0,2185,11,78,13336.3
1141.756,1002.0,1738.0,2185,11,77,13352.7
1141.874,1131.5,1738.0,2185,13,77,13366.6
1141.993,709.2,1738.0,2185,61,82,13366.6
1142.112,740.7,1738.0,2185,61,79,13372.6
1142.231,870.2,1738.0,2185,61,78,13384.6
1142.349,1129.2,1738.0,2185,14,77,13395.5
1142.467,706.9,1738.0,2185,59,81,13397.4
1142.586,706.9,1738.0,2185,59,81,13399.3
1142.704,867.9,1738.0,2185,66,78,13418.0
1142.822,867.9,1738.0,2185,9,77,13440.1
1142.939,997.4,1738.0,2185,9,77,13456.7
1143.057,1126.9,1738.0,2185,8,77,13472.6
1143.176,704.7,1738.0,2185,25,81,13465.1
1143.299,704.7,1738.0,2185,99,81,13452.3
1143.421,865.7,1738.0,2185,99,78,13463.9
1143.543,995.2,1738.0,2185,7,77,13474.6
1143.666,995.2,1738.0,2185,9,77,13483.9
1143.787,1124.7,1738.0,2185,9,77,13496.1
1143.909,702.4,1738.0,2185,10,81,13489.9
1144.031,702.4,1738.0,2185,97,80,13486.9
1144.153,863.4,1738.0,2185,26,78,13505.4
1144.274,1122.4,1738.0,2185,26,77,13513.0
1144.396,700.1,1738.0,2185,17,81,13506.7
1144.536,700.1,1738.0,2185,100,80,13507.5
1144.658,861.1,1738.0,2185,20,78,13524.4
1144.78,990.6,1738.0,2185,20,77,13534.7
1144.902,697.8,1738.0,2185,19,81,13528.5
1145.024,697.8,1738.0,2185,98,82,13524.7
1145.146,858.8,1738.0,2185,27,78,13538.0
1145.268,988.3,1738.0,2185,27,77,13556.1
1145.39,988.3,1738.0,2185,5,77,13573.7
1145.512,1117.8,1738.0,2185,5,77,13591.7
1145.634,1117.8,1738.0,2185,6,77,13609.8
1145.757,695.5,1738.0,2185,6,80,13612.8
1145.879,695.5,1738.0,2185,69,82,13604.3
1146.001,856.5,1738.0,2185,50,78,13617.8
1146.123,986.0,1738.0,2185,50,77,13631.6
1146.245,1115.5,1738.0,2185,12,77,13650.7
1146.367,1115.5,1738.0,2185,7,77,13668.6
1146.489,693.3,1738.0,2185,42,80,13667.9
1146.611,693.3,1738.0,2185,42,82,13660.0
1146.733,854.3,1738.0,2185,78,78,13674.3
1146.855,983.8,1738.0,2185,11,77,13687.6
1146.977,1113.3,1738.0,2185,8,77,13696.9
1147.131,1113.3,1738.0,2185,2,77,13678.8
1147.466,691.0,1738.0,2185,65,82,13670.8
1147.609,691.0,1738.0,2185,53,78,13664.9
1147.77,852.0,1738.0,2185,1,77,13620.1
1148.208,981.5,1738.0,2185,7,77,13586.6
1148.577,1111.0,1738.0,2185,2,77,13548.0
1149.015,688.7,1738.0,2185,47,81,13540.2
1149.15,688.7,1738.0,2185,70,78,13532.3
1149.321,849.7,1738.0,2185,1,77,13498.4
1149.719,849.7,1738.0,2185,0,77,13465.1
1150.134,979.2,1738.0,2185,2,77,13433.3
1150.507,979.2,1738.0,2185,2,77,13393.2
1150.9,1108.7,1738.0,2185,6,78,13364.2
1151.24,686.4,1738.0,2185,40,82,13353.8
1151.375,717.9,1738.0,2185,78,78,13313.1
1151.501,847.4,1738.0,2185,6,77,13314.9
1151.632,976.9,1738.0,2185,6,77,13334.4
1151.794,976.9,1738.0,2185,6,77,13334.9
1152.026,1106.4,1738.0,2185,3,77,13310.2
1152.38,684.1,1738.0,2185,13,82,13298.2
1152.612,715.6,1738.0,2185,2,77,13263.8
1153.015,845.1,1738.0,2185,2,77,13221.1
1153.493,845.1,1738.0,2185,2,77,13180.6
1153.907,845.1,1738.0,2185,2,77,13138.1
1154.369,974.6,1738.0,2185,1,77,13104.4
1154.758,974.6,1738.0,2185,0,77,13069.1
1155.173,1104.1,1738.0,2185,3,76,13037.6
1155.385,1104.1,1738.0,2185,3,76,13056.8
1155.604,681.9,1738.0,2185,9,78,13055.6
1155.755,681.9,1738.0,2185,36,77,13055.2
1155.963,842.9,1738.0,2185,6,76,13046.8
1156.23,972.4,1738.0,2185,5,76,12863.3
1156.353,1101.9,1738.0,2185,7,76,12590.1
1156.501,1101.9,1738.0,2185,3,76,12632.4
1156.654,1101.9,1738.0,2185,3,76,12666.7
1156.773,656.3,1738.0,2185,5,77,12681.3
1156.892,656.3,1738.0,2185,68,81,12681.3
1157.011,646.6,1738.0,2185,68,77,12683.1
1157.132,963.0,1738.0,2185,55,77,12692.6
1157.254,675.3,1738.0,2185,51,81,12693.0
1157.374,678.1,1738.0,2185,87,80,12694.6
1157.494,678.1,1738.0,2185,87,78,12694.6
1157.613,968.6,1738.0,2185,55,77,12700.6
1157.733,680.9,1738.0,2185,63,82,12701.3
1157.852,842.0,1738.0,2185,39,77,12714.9
1157.97,971.5,1738.0,2185,39,77,12728.9
1158.089,1101.0,1738.0,2185,10,77,12740.5
1158.208,683.8,1738.0,2185,47,81,12744.1
1158.329,844.8,1738.0,2185,47,78,12753.9
1158.447,1103.8,1738.0,2185,40,77,12766.0
1158.566,1108.6,1738.0,2185,14,77,12775.9
1158.685,686.6,1738.0,2185,70,82,12779.3
1158.803,977.1,1738.0,2185,70,77,12790.1
1158.922,689.4,1738.0,2185,22,77,12799.6
1159.041,689.4,1738.0,2185,68,81,12799.6
1159.159,850.4,1738.0,2185,68,77,12810.0
1159.279,1109.4,1738.0,2185,15,77,12823.5
1159.396,1118.2,1738.0,2185,11,78,12834.8
1159.534,692.2,1738.0,2185,67,79,12734.7
1159.657,853.2,1738.0,2185,67,77,12701.5
1159.786,982.7,1738.0,2185,13,77,12710.3
1159.909,695.0,1738.0,2185,13,78,12711.8
1160.03,695.0,1738.0,2185,67,79,12703.4
1160.152,856.0,1738.0,2185,67,77,12708.7
1160.274,697.8,1738.0,2185,15,79,12706.2
1160.397,858.8,1738.0,2185,76,79,12702.4
1160.519,1117.8,1738.0,2185,76,77,12706.3
1160.641,700.6,1738.0,2185,18,81,12700.0
1160.763,861.6,1738.0,2185,71,78,12693.8
1160.886,1120.6,1738.0,2185,23,77,12689.8
1161.008,703.4,1738.0,2185,23,81,12643.2
1161.127,864.4,1738.0,2185,67,77,12650.5
1161.245,1127.5,1738.0,2185,22,77,12658.5
1161.364,706.2,1738.0,2185,70,80,12658.5
1161.481,867.2,1738.0,2185,70,77,12661.7
1161.6,709.0,1738.0,2185,20,80,12664.7
1161.719,709.0,1738.0,2185,72,78,12665.2
1161.837,1129.0,1738.0,2185,72,77,12671.5
1161.955,711.8,1738.0,2185,27,81,12672.6
1162.074,1002.3,1738.0,2185,75,78,12678.2
1162.193,714.6,1738.0,2185,75,81,12679.1
1162.312,875.6,1738.0,2185,73,78,12681.0
1162.432,717.4,1738.0,2185,32,80,12685.9
1162.551,717.4,1738.0,2185,68,80,12685.9
1162.669,1007.9,1738.0,2185,68,77,12697.2
1162.788,720.2,1738.0,2185,19,78,12685.1
1162.907,720.2,1738.0,2185,73,80,12674.0
1163.032,1010.7,1738.0,2185,12,77,12349.1
1163.154,1140.2,1738.0,2185,12,77,12261.2
1163.272,723.0,1738.0,2185,12,80,12270.8
1163.391,723.0,1738.0,2185,67,78,12271.0
1163.512,884.0,1738.0,2185,67,77,12290.3
1163.63,1013.5,1738.0,2185,7,77,12309.5
1163.749,1143.0,1738.0,2185,12,77,12325.2
1163.867,725.8,1738.0,2185,12,78,12334.7
1163.986,725.8,1738.0,2185,43,79,12336.1
1164.107,886.9,1738.0,2185,36,77,12352.1
1164.226,1016.4,1738.0,2185,12,77,12369.8
1164.344,1145.9,1738.0,2185,12,77,12382.8
1164.462,728.7,1738.0,2185,28,81,12384.5
1164.581,1019.2,1738.0,2185,61,77,12396.1
1164.701,1162.8,1738.0,2185,61,77,12409.7
1164.819,731.5,1738.0,2185,28,81,12409.7
1164.937,892.5,1738.0,2185,56,77,12424.3
1165.055,892.5,1738.0,2185,4,77,12450.3
1165.173,1022.0,1738.0,2185,4,77,12470.9
1165.291,1022.0,1738.0,2185,9,76,12496.0
1165.408,1151.5,1738.0,2185,6,76,12516.4
1165.526,1151.5,1738.0,2185,6,76,12531.1
1165.644,734.3,1738.0,2185,21,80,12531.1
1165.761,765.8,1738.0,2185,52,77,12546.7
1165.88,895.3,1738.0,2185,11,77,12564.0
1165.999,1024.8,1738.0,2185,11,77,12583.1
1166.117,1157.0,1738.0,2185,11,78,12600.9
1166.234,737.1,1738.0,2185,70,81,12600.9
1166.352,898.1,1738.0,2185,70,77,12613.8
1166.47,898.1,1738.0,2185,9,77,12630.4
1166.588,1027.6,1738.0,2185,6,76,12573.5
1166.708,1157.1,1738.0,2185,6,76,12540.9
1166.826,1157.1,1738.0,2185,8,76,12562.2
1166.945,1157.1,1738.0,2185,5,76,12582.6
1167.063,739.9,1738.0,2185,40,80,12590.1
1167.181,739.9,1738.0,2185,40,78,12594.6
1167.3,900.9,1738.0,2185,30,77,12612.3
1167.418,1030.4,1738.0,2185,13,77,12628.6
1167.536,1159.9,1738.0,2185,13,76,12651.7
1167.654,742.7,1738.0,2185,11,77,12672.5
1167.772,742.7,1738.0,2185,55,79,12672.5
1167.89,903.7,1738.0,2185,26,77,12677.4
1168.009,1033.2,1738.0,2185,26,77,12693.7
1168.13,1162.7,1738.0,2185,9,76,12597.7
1168.251,745.5,1738.0,2185,49,80,12462.1
1168.371,777.0,1738.0,2185,49,77,12470.7
1168.49,906.5,1738.0,2185,32,77,12491.3
1168.608,906.5,1738.0,2185,5,76,12528.3
1168.726,1036.0,1738.0,2185,6,76,12566.4
1168.845,1036.0,1738.0,2185,6,76,12605.6
1168.963,1165.5,1738.0,2185,5,76,12643.1
1169.081,1165.5,1738.0,2185,5,76,12682.2
1169.199,748.3,1738.0,2185,5,78,12575.3
1169.32,748.3,1738.0,2185,50,78,12577.8
1169.441,909.3,1738.0,2185,24,77,12599.6
1169.562,909.3,1738.0,2185,3,76,12646.1
1169.684,909.3,1738.0,2185,3,76,12682.7
1169.804,1038.8,1738.0,2185,5,76,12698.1
1169.926,1038.8,1738.0,2185,2,76,12685.9
1170.048,1038.8,1738.0,2185,2,76,12673.6
1170.17,1038.8,1738.0,2185,0,76,12661.0
1170.293,1038.8,1738.0,2185,2,76,12648.3
1170.415,1038.8,1738.0,2185,2,76,12635.4
1170.538,1038.8,1738.0,2185,2,76,12622.6
1170.66,1038.8,1738.0,2185,0,76,12609.8
1170.783,1038.8,1738.0,2185,2,76,12597.0
1170.905,1038.8,1738.0,2185,2,76,12585.2
1171.028,1038.8,1738.0,2185,2,76,12572.4
1171.151,1038.8,1738.0,2185,0,76,12559.7
1171.274,1038.8,1738.0,2185,2,76,12548.4
1171.396,1038.8,1738.0,2185,2,76,12535.7
1171.518,1038.8,1738.0,2185,2,76,12523.7
1171.64,1038.8,1738.0,2185,0,76,12513.2
1171.763,1038.8,1738.0,2185,2,76,12503.1
1171.885,1038.8,1738.0,2185,3,76,12254.2
1172.025,1168.3,1738.0,2185,3,76,12207.5
1172.152,1168.3,1738.0,2185,3,76,12235.4
1172.277,1168.3,1738.0,2185,4,76,12263.4
1172.402,1168.3,1738.0,2185,4,76,12291.6
1172.526,724.6,1738.0,2185,4,78,12286.8
1172.687,724.6,1738.0,2185,42,77,12279.0
1172.81,727.3,1738.0,2185,25,76,11862.0
1172.944,727.3,1738.0,2185,1,76,11929.0
1173.073,727.3,1738.0,2185,0,76,11996.8
1173.203,727.3,1738.0,2185,0,76,12046.9
1173.333,727.3,1738.0,2185,2,76,12128.9
1173.461,727.3,1738.0,2185,1,76,12220.5
1173.592,727.3,1738.0,2185,0,76,12258.0
1173.722,727.3,1738.0,2185,0,76,12344.8
1173.85,727.3,1738.0,2185,2,76,12423.0
1173.979,727.3,1738.0,2185,1,76,12500.1
1174.107,727.3,1738.0,2185,0,76,12570.7
1174.237,727.3,1738.0,2185,2,76,12653.6
1174.365,727.3,1738.0,2185,2,76,12749.7
1174.495,727.3,1738.0,2185,1,76,12832.4
1174.624,727.3,1738.0,2185,0,76,12920.6
1174.753,727.3,1738.0,2185,2,76,12997.1
1174.882,727.3,1738.0,2185,2,76,13075.2
1175.01,727.3,1738.0,2185,1,76,13145.2
1175.142,727.3,1738.0,2185,0,76,13234.0
1175.27,727.3,1738.0,2185,3,76,13135.7
1175.4,727.3,1738.0,2185,0,76,13217.1
1175.529,727.3,1738.0,2185,0,76,13296.4
1175.658,727.3,1738.0,2185,0,76,13376.1
1175.786,727.3,1738.0,2185,3,76,13427.0
1175.908,727.3,1738.0,2185,0,76,13460.8
1176.029,727.3,1738.0,2185,0,76,13475.2
1176.151,727.3,1738.0,2185,0,76,13726.0
1176.279,727.3,1738.0,2185,3,76,13505.9
1176.411,727.3,1738.0,2185,0,76,13498.2
1176.544,727.3,1738.0,2185,0,76,13488.7
1176.674,727.3,1738.0,2185,0,76,13479.3
1176.807,727.3,1738.0,2185,3,76,13472.7
1176.938,727.3,1738.0,2185,0,76,13468.0
1177.069,727.3,1738.0,2185,0,76,13463.1
1177.199,727.3,1738.0,2185,0,76,13457.8
1177.339,727.3,1738.0,2185,3,76,13451.2
1177.478,727.3,1738.0,2185,0,76,13445.0
1177.617,727.3,1738.0,2185,0,76,13438.6
1177.757,915.6,1738.0,2185,13,76,13330.9
1177.879,754.6,1738.0,2185,13,80,13329.8
1178.0,754.6,1738.0,2185,85,82,13320.1
1178.121,915.6,1738.0,2185,61,78,13328.2
1178.242,1045.1,1738.0,2185,61,77,13348.6
1178.363,751.8,1738.0,2185,13,78,13353.7
1178.484,751.8,1738.0,2185,73,82,13344.1
1178.604,912.8,1738.0,2185,66,78,13343.2
1178.725,1171.8,1738.0,2185,66,77,13348.6
1178.848,749.1,1738.0,2185,26,82,13340.8
1178.969,749.1,1738.0,2185,100,80,13333.8
1179.09,910.1,1738.0,2185,22,77,13342.7
1179.211,1169.1,1738.0,2185,22,77,13346.7
1179.332,746.4,1738.0,2185,23,81,13341.7
1179.453,746.4,1738.0,2185,100,81,13332.6
1179.574,907.4,1738.0,2185,100,78,13339.5
1179.695,1036.9,1738.0,2185,26,77,13348.7
1179.816,1166.4,1738.0,2185,12,77,13362.0
1179.937,1166.4,1738.0,2185,5,77,13376.1
1180.058,1667.7,1738.0,2185,5,77,13385.2
1180.179,743.6,1738.0,2185,36,82,13375.9
1180.3,904.6,1738.0,2185,93,79,13370.3
1180.422,1236.7,1738.0,2185,39,77,13366.1
1180.545,740.9,1738.0,2185,39,82,13356.7
1180.666,901.9,1738.0,2185,100,79,13348.9
1180.788,738.2,1738.0,2185,53,80,13341.4
1180.908,738.2,1738.0,2185,53,83,13332.1
1181.029,1028.7,1738.0,2185,100,78,13324.3
1181.151,735.4,1738.0,2185,60,82,13315.4
1181.272,735.4,1738.0,2185,94,80,13306.2
1181.393,732.7,1738.0,2185,94,79,13299.0
1181.515,732.7,1738.0,2185,63,83,13289.7
1181.636,1023.2,1738.0,2185,87,79,13281.1
1181.759,729.9,1738.0,2185,87,82,13272.8
1181.88,729.9,1738.0,2185,72,82,13263.6
1182.0,1150.0,1738.0,2185,81,78,13256.7
1182.122,727.2,1738.0,2185,78,82,13247.9
1182.243,888.2,1738.0,2185,78,80,13239.1
1182.367,724.5,1738.0,2185,79,82,13232.8
1182.488,724.5,1738.0,2185,89,83,13223.5
1182.61,1015.0,1738.0,2185,60,79,13218.2
1182.733,721.7,1738.0,2185,60,82,13209.4
1182.855,721.7,1738.0,2185,88,82,13199.8
1182.977,1012.3,1738.0,2185,53,78,13199.6
1183.101,719.0,1738.0,2185,57,82,13192.9
1183.222,719.0,1738.0,2185,57,83,13183.3
1183.344,1009.5,1738.0,2185,84,79,13182.3
1183.465,1139.0,1738.0,2185,19,78,13183.1
1183.587,716.3,1738.0,2185,19,83,13173.8
1183.709,747.8,1738.0,2185,94,80,13167.3
1183.831,1136.3,1738.0,2185,48,78,13162.9
1183.953,713.5,1738.0,2185,77,82,13156.4
1184.073,713.5,1738.0,2185,77,80,13156.4
1184.194,1004.1,1738.0,2185,63,78,13160.1
1184.316,710.8,1738.0,2185,19,79,13160.4
1184.437,710.8,1738.0,2185,19,83,13151.4
1184.558,871.8,1738.0,2185,96,80,13147.0
1184.68,1130.8,1738.0,2185,42,78,13145.8
1184.802,708.1,1738.0,2185,64,82,13137.4
1184.923,708.1,1738.0,2185,64,80,13129.9
1185.045,998.6,1738.0,2185,74,78,13138.2
1185.167,1128.1,1738.0,2185,14,78,13140.9
1185.288,705.3,1738.0,2185,76,83,13132.6
1185.41,705.3,1738.0,2185,76,80,13129.2
1185.531,866.3,1738.0,2185,58,78,13140.7
1185.654,1125.3,1738.0,2185,14,78,13145.4
1185.775,702.6,1738.0,2185,14,82,13138.7
1185.897,702.6,1738.0,2185,69,82,13129.8
1186.018,863.6,1738.0,2185,67,79,13138.7
1186.14,993.1,1738.0,2185,8,78,13151.1
1186.261,993.1,1738.0,2185,8,78,13162.2
1186.383,1122.6,1738.0,2185,9,78,13174.4
1186.504,699.9,1738.0,2185,39,82,13166.3
1186.626,699.9,1738.0,2185,91,82,13159.5
1186.747,860.9,1738.0,2185,91,78,13167.9
1186.868,990.4,1738.0,2185,15,78,13179.0
1186.991,1119.9,1738.0,2185,6,78,13192.4
1187.113,697.1,1738.0,2185,6,81,13196.6
1187.234,697.1,1738.0,2185,43,83,13187.8
1187.356,858.1,1738.0,2185,87,79,13190.6
1187.477,858.1,1738.0,2185,9,78,13200.6
1187.599,1117.1,1738.0,2185,9,78,13207.6
1187.721,694.4,1738.0,2185,13,79,13212.0
1187.843,694.4,1738.0,2185,69,83,13203.1
1187.965,725.9,1738.0,2185,60,79,13205.4
1188.087,855.4,1738.0,2185,60,78,13215.7
1188.21,1114.4,1738.0,2185,11,78,13224.6
1188.332,1143.0,1738.0,2185,11,78,13234.6
1188.455,691.7,1738.0,2185,11,83,13225.6
1188.576,691.7,1738.0,2185,92,80,13224.8
1188.697,852.7,1738.0,2185,37,78,13238.9
1188.819,852.7,1738.0,2185,8,78,13255.3
1188.94,982.2,1738.0,2185,8,78,13268.4
1189.061,1111.7,1738.0,2185,6,78,13277.3
1189.182,688.9,1738.0,2185,22,81,13274.8
1189.303,688.9,1738.0,2185,100,83,13265.8
1189.424,849.9,1738.0,2185,100,79,13267.2
1189.546,849.9,1738.0,2185,20,78,13287.3
1189.668,979.4,1738.0,2185,5,78,13304.5
1189.816,979.4,1738.0,2185,1,78,13272.9
1190.232,1108.9,1738.0,2185,1,77,13227.2
1190.64,686.2,1738.0,2185,94,82,13205.2
1190.937,717.7,1738.0,2185,1,78,13172.4
1191.348,847.2,1738.0,2185,0,77,13133.9
1191.768,847.2,1738.0,2185,3,77,13128.8
1192.042,847.2,1738.0,2185,2,78,13003.6
1192.164,976.7,1738.0,2185,4,77,12949.9
1192.298,976.7,1738.0,2185,4,77,12987.1
1192.42,976.7,1738.0,2185,4,77,13019.9
1192.542,1106.2,1738.0,2185,3,77,13052.6
1192.663,1106.2,1738.0,2185,5,77,13032.1
1192.785,1134.9,1738.0,2185,5,78,13051.7
1192.908,683.5,1738.0,2185,33,83,13042.7
1193.03,683.5,1738.0,2185,95,80,13049.1
1193.152,844.5,1738.0,2185,5,78,13079.8
1193.274,844.5,1738.0,2185,5,78,13102.2
1193.407,844.5,1738.0,2185,2,77,13062.1
1193.866,844.5,1738.0,2185,1,77,13025.1
1194.272,974.0,1738.0,2185,0,77,12986.6
1194.687,974.0,1738.0,2185,3,77,12965.7
1194.879,974.0,1738.0,2185,3,77,12662.7
1195.053,1103.5,1738.0,2185,3,77,12317.9
1195.172,1103.5,1738.0,2185,5,77,12308.3
1195.29,1103.5,1738.0,2185,5,78,12209.0
1195.409,657.6,1738.0,2185,32,83,12209.1
1195.528,653.5,1738.0,2185,95,81,12210.5
1195.649,647.2,1738.0,2185,95,78,12216.1
1195.772,643.1,1738.0,2185,6,78,12227.1
1195.89,1089.1,1738.0,2185,2,77,12235.1
1196.01,672.2,1738.0,2185,95,81,12235.1
1196.129,675.3,1738.0,2185,95,82,12235.4
1196.249,836.3,1738.0,2185,93,79,12219.0
1196.366,836.3,1738.0,2185,13,78,12239.5
1196.484,965.8,1738.0,2185,13,78,12263.1
1196.602,1095.3,1738.0,2185,6,77,12283.8
1196.721,1095.3,1738.0,2185,7,77,12304.1
1196.84,678.4,1738.0,2185,57,82,12307.6
1196.96,709.9,1738.0,2185,57,78,12325.0
1197.077,839.4,1738.0,2185,18,78,12344.7
1197.196,968.9,1738.0,2185,7,77,12365.8
1197.314,968.9,1738.0,2185,7,77,12385.6
1197.433,1098.4,1738.0,2185,7,77,12400.7
1197.552,681.4,1738.0,2185,9,78,12408.9
1197.67,681.4,1738.0,2185,67,80,12408.9
1197.788,842.5,1738.0,2185,67,78,12422.9
1197.906,972.0,1738.0,2185,9,77,12439.2
1198.025,1101.5,1738.0,2185,11,77,12455.4
1198.143,1101.5,1738.0,2185,11,77,12473.2
1198.263,684.5,1738.0,2185,14,82,12475.1
1198.382,691.5,1738.0,2185,60,78,12482.5
1198.5,845.5,1738.0,2185,60,77,12499.3
1198.618,975.0,1738.0,2185,8,77,12512.4
1198.737,1104.5,1738.0,2185,13,77,12527.0
1198.856,687.6,1738.0,2185,39,81,12532.5
1198.975,848.6,1738.0,2185,39,78,12544.3
1199.094,978.1,1738.0,2185,40,77,12558.4
1199.213,1107.6,1738.0,2185,12,77,12576.7
1199.33,1107.6,1738.0,2185,12,77,12596.7
1199.449,690.7,1738.0,2185,7,79,12606.4
1199.568,690.7,1738.0,2185,68,79,12609.1
1199.689,851.7,1738.0,2185,9,77,12624.2
1199.808,981.2,1738.0,2185,9,77,12642.5
1199.926,981.2,1738.0,2185,6,77,12659.3
1200.044,1110.7,1738.0,2185,7,77,12677.3
1200.162,693.8,1738.0,2185,7,79,12687.2
1200.28,693.8,1738.0,2185,43,79,12687.2
1200.401,854.8,1738.0,2185,33,77,12706.1
1200.519,984.3,1738.0,2185,11,77,12720.6
1200.637,696.8,1738.0,2185,11,78,12728.6
1200.756,696.8,1738.0,2185,53,80,12728.6
1200.874,857.9,1738.0,2185,31,77,12740.7
1200.992,987.4,1738.0,2185,31,77,12750.6
1201.112,699.9,1738.0,2185,13,80,12659.8
1201.237,860.9,1738.0,2185,74,79,12664.7
1201.357,1119.9,1738.0,2185,22,77,12672.0
1201.475,703.0,1738.0,2185,22,81,12672.9
1201.595,734.5,1738.0,2185,69,78,12678.2
1201.714,993.5,1738.0,2185,14,77,12690.7
1201.833,706.1,1738.0,2185,14,78,12699.8
1201.951,706.1,1738.0,2185,37,80,12699.8
1202.07,867.1,1738.0,2185,45,78,12704.2
1202.188,709.2,1738.0,2185,41,79,12707.5
1202.306,870.2,1738.0,2185,41,79,12709.7
1202.424,999.7,1738.0,2185,59,78,12722.7
1202.543,712.2,1738.0,2185,32,81,12726.2
1202.662,712.2,1738.0,2185,32,78,12726.3
1202.781,1002.8,1738.0,2185,52,77,12735.5
1202.899,715.3,1738.0,2185,23,81,12739.3
1203.018,715.3,1738.0,2185,66,79,12739.5
1203.138,1135.3,1738.0,2185,66,77,12744.1
1203.257,718.4,1738.0,2185,55,81,12744.1
1203.376,1008.9,1738.0,2185,52,78,12747.4
1203.497,721.5,1738.0,2185,52,82,12515.5
1203.619,1012.0,1738.0,2185,78,78,12488.6
1203.74,1141.5,1738.0,2185,17,77,12502.1
1203.858,724.6,1738.0,2185,72,81,12502.1
1203.976,885.6,1738.0,2185,72,78,12510.7
1204.094,1144.6,1738.0,2185,11,77,12523.3
1204.212,727.6,1738.0,2185,31,78,12531.7
1204.331,727.6,1738.0,2185,31,79,12531.7
1204.449,1018.2,1738.0,2185,53,77,12544.5
1204.568,1147.7,1738.0,2185,17,77,12556.6
1204.686,730.7,1738.0,2185,17,82,12556.6
1204.805,891.7,1738.0,2185,71,78,12568.4
1204.923,1021.2,1738.0,2185,13,77,12587.6
1205.041,1157.1,1738.0,2185,14,77,12602.4
1205.159,733.8,1738.0,2185,14,81,12602.4
1205.276,894.8,1738.0,2185,67,78,12616.8
1205.394,1024.3,1738.0,2185,13,77,12637.3
1205.513,1153.8,1738.0,2185,13,77,12658.0
1205.631,736.9,1738.0,2185,12,81,12661.1
1205.75,897.9,1738.0,2185,68,78,12665.3
1205.87,1027.4,1738.0,2185,15,77,12686.5
1205.988,1156.9,1738.0,2185,15,77,12709.7
1206.106,740.0,1738.0,2185,11,81,12717.0
1206.225,740.0,1738.0,2185,67,78,12722.2
1206.343,901.0,1738.0,2185,67,77,12738.5
1206.462,1030.5,1738.0,2185,9,77,12753.6
1206.58,1030.5,1738.0,2185,8,77,12662.4
1206.699,1160.0,1738.0,2185,6,77,12668.7
1206.818,1160.0,1738.0,2185,6,77,12565.8
1206.935,743.0,1738.0,2185,6,80,12576.1
1207.055,743.0,1738.0,2185,65,78,12579.1
1207.174,904.0,1738.0,2185,65,77,12600.2
1207.291,904.0,1738.0,2185,6,77,12622.2
1207.409,1033.5,1738.0,2185,6,77,12648.2
1207.527,1033.5,1738.0,2185,6,77,12675.7
1207.645,1163.0,1738.0,2185,5,77,12700.8
1207.764,1163.0,1738.0,2185,8,77,12722.1
1207.882,746.1,1738.0,2185,49,81,12728.2
1208.001,777.6,1738.0,2185,49,78,12744.8
1208.119,1036.6,1738.0,2185,27,77,12762.5
1208.237,1036.6,1738.0,2185,13,77,12748.5
1208.358,1166.1,1738.0,2185,13,77,12630.2
1208.48,1166.1,1738.0,2185,6,76,12668.9
1208.598,749.2,1738.0,2185,31,81,12674.2
1208.717,780.7,1738.0,2185,41,77,12708.9
1208.834,910.2,1738.0,2185,41,77,12741.3
1208.953,910.2,1738.0,2185,5,77,12764.9
1209.071,910.2,1738.0,2185,4,77,12800.9
1209.189,1039.7,1738.0,2185,4,76,12778.2
1209.309,1039.7,1738.0,2185,6,76,12814.6
1209.43,1169.2,1738.0,2185,6,76,12854.6
1209.551,1169.2,1738.0,2185,4,76,12889.9
1209.673,752.3,1738.0,2185,4,80,12687.8
1209.796,783.8,1738.0,2185,64,78,12681.8
1209.915,913.3,1738.0,2185,9,77,12712.8
1210.033,913.3,1738.0,2185,9,76,12710.3
1210.153,913.3,1738.0,2185,2,76,12722.3
1210.279,1042.8,1738.0,2185,4,77,12675.7
1210.404,1042.8,1738.0,2185,5,76,12445.9
1210.532,1042.8,1738.0,2185,5,76,12235.3
1210.65,1172.3,1738.0,2185,3,76,12227.8
1210.785,1172.3,1738.0,2185,4,76,12253.1
1210.91,1172.3,1738.0,2185,4,76,12277.4
1211.033,1172.3,1738.0,2185,4,76,12304.3
1211.158,728.8,1738.0,2185,3,80,12312.4
1211.279,731.9,1738.0,2185,67,77,12381.6
1211.409,731.9,1738.0,2185,1,77,12411.6
1211.539,731.9,1738.0,2185,0,76,12444.4
1211.669,731.9,1738.0,2185,0,77,12468.0
1211.8,731.9,1738.0,2185,1,76,12545.8
1211.93,731.9,1738.0,2185,1,76,12615.9
1212.06,731.9,1738.0,2185,0,76,12693.2
1212.213,731.9,1738.0,2185,1,77,12483.7
1212.348,731.9,1738.0,2185,1,77,12557.2
1212.477,731.9,1738.0,2185,1,77,12596.3
1212.609,731.9,1738.0,2179,0,77,12670.4
1212.74,731.9,1738.0,2178,2,77,12768.8
1212.87,731.9,1738.0,2178,2,76,12847.3
1212.999,731.9,1738.0,2178,1,77,12922.0
1213.128,731.9,1738.0,2178,0,76,12993.2
1213.258,731.9,1738.0,2178,1,76,13052.0
1213.389,731.9,1738.0,2178,1,77,12972.8
1213.524,731.9,1738.0,2178,1,76,13023.1
1213.656,731.9,1738.0,2178,0,77,13079.7
1213.79,731.9,1738.0,2179,1,77,13126.4
1213.922,731.9,1738.0,2179,1,76,13188.2
1214.056,731.9,1738.0,2100,4,76,13240.4
1214.188,731.9,1738.0,2122,4,76,13297.2
1214.319,731.9,1738.0,2135,2,76,13347.3
1214.457,731.9,1738.0,2201,14,76,13364.6
1214.58,731.9,1738.0,2201,10,76,13392.4
1214.705,731.9,1738.0,2201,10,76,13405.0
1214.829,731.9,1738.0,2201,9,76,13469.6
1215.13,731.9,1738.0,2201,8,76,13488.0
1215.386,731.9,1738.0,2201,1,76,13352.5
1216.387,731.9,1738.0,2201,1,76,13276.0
1216.925,731.9,1738.0,2201,1,75,13194.4
1217.574,731.9,1738.0,2201,0,75,12957.2
1217.703,731.9,1738.0,2201,0,76,12958.6
1217.833,731.9,1738.0,2201,4,75,12970.9
1217.964,731.9,1738.0,2201,1,76,13003.2
1218.095,731.9,1738.0,2201,0,76,13047.1
1218.226,731.9,1738.0,2201,2,75,13093.1
1218.358,731.9,1738.0,2201,2,76,13138.7
1218.489,731.9,1738.0,2201,1,75,13182.2
1218.622,731.9,1738.0,2201,0,75,13199.3
1218.867,731.9,1738.0,2201,1,75,13135.5
1219.0,731.9,1738.0,2201,1,75,12553.0
1219.148,731.9,1738.0,2201,0,76,12580.9
1219.334,731.9,1738.0,2141,2,76,12632.5
1219.463,731.9,1738.0,2118,3,76,12677.9
1219.594,731.9,1738.0,2118,1,76,12723.5
1219.722,731.9,1738.0,2118,1,75,12758.8
1219.85,731.9,1738.0,2118,2,75,12793.9
1219.978,731.9,1738.0,2118,1,76,12811.8
1220.12,731.9,1738.0,2118,0,75,12811.8
1220.253,920.4,1738.0,2118,10,76,12693.0
1220.371,1179.4,1738.0,2118,10,75,12710.7
1220.49,759.5,1758.0,2138,49,81,12712.9
1220.609,759.5,1758.0,2138,100,80,12715.0
1220.728,920.5,1758.0,2138,100,77,12731.5
1220.846,1050.0,1758.0,2138,15,77,12751.6
1220.965,1050.0,1758.0,2138,7,77,12778.6
1221.083,1179.5,1758.0,2138,9,76,12809.7
1221.201,756.6,1758.0,2138,9,81,12811.2
1221.32,756.6,1758.0,2138,96,80,12812.3
1221.438,1047.1,1758.0,2138,42,77,12825.6
1221.557,1176.6,1758.0,2138,42,77,12841.1
1221.674,753.7,1758.0,2138,34,81,12841.5
1221.793,753.7,1758.0,2138,100,81,12844.6
1221.911,914.7,1758.0,2138,100,77,12861.3
1222.029,1173.7,1758.0,2138,14,77,12872.6
1222.147,750.8,1758.0,2138,17,78,12882.9
1222.264,750.8,1758.0,2138,91,82,12882.9
1222.383,782.4,1758.0,2138,91,78,12892.4
1222.5,911.9,1758.0,2138,41,77,12912.8
1222.619,1041.4,1758.0,2138,7,77,12932.2
1222.737,1041.4,1758.0,2138,7,77,12954.0
1222.856,1170.9,1758.0,2138,9,77,12975.4
1222.974,1170.9,1758.0,2138,4,76,12995.6
1223.092,748.0,1758.0,2138,36,80,13005.1
1223.21,748.0,1758.0,2138,36,82,13005.1
1223.329,909.0,1758.0,2138,96,78,13011.3
1223.447,1038.5,1758.0,2138,12,77,13032.7
1223.566,1038.5,1758.0,2138,12,77,13055.1
1223.684,1168.0,1758.0,2138,6,77,13078.5
1223.802,745.1,1758.0,2138,44,81,13080.8
1223.921,745.1,1758.0,2138,89,80,13084.1
1224.055,906.1,1758.0,2138,89,77,13104.0
1224.173,1035.6,1758.0,2138,11,77,13125.4
1224.291,1165.1,1758.0,2138,12,77,13143.7
1224.41,742.2,1758.0,2138,12,82,13144.5
1224.528,745.7,1758.0,2138,89,79,13148.4
1224.647,903.2,1758.0,2138,44,77,13168.6
1224.765,1032.7,1758.0,2138,14,77,13188.0
1224.884,1162.2,1758.0,2138,14,77,13207.9
1225.002,739.3,1758.0,2138,22,81,13211.8
1225.121,739.3,1758.0,2138,100,82,13211.8
1225.24,900.3,1758.0,2138,100,78,13228.0
1225.358,1029.8,1758.0,2138,23,77,13248.7
1225.477,1159.3,1758.0,2138,9,77,13266.4
1225.597,736.4,1758.0,2138,56,80,12869.7
1225.718,736.4,1758.0,2138,56,83,12703.6
1225.837,897.4,1758.0,2138,79,78,12719.4
1225.955,1026.9,1758.0,2138,9,77,12739.2
1226.074,1156.4,1758.0,2138,9,77,12753.6
1226.192,733.6,1758.0,2138,12,78,12763.7
1226.31,733.6,1758.0,2138,77,82,12763.7
1226.429,765.1,1758.0,2138,77,78,12774.5
1226.548,894.6,1758.0,2138,56,77,12795.8
1226.667,1024.1,1758.0,2138,9,77,12814.8
1226.786,1153.6,1758.0,2138,12,77,12830.2
1226.905,730.7,1758.0,2138,12,81,12831.7
1227.023,730.7,1758.0,2138,87,81,12834.5
1227.142,891.7,1758.0,2138,48,77,12855.0
1227.26,1150.7,1758.0,2138,48,77,12872.8
1227.379,727.8,1758.0,2138,14,78,12884.8
1227.497,727.8,1758.0,2138,58,82,12884.8
1227.616,759.3,1758.0,2138,74,79,12892.3
1227.734,1018.3,1758.0,2138,74,77,12903.4
1227.855,724.9,1758.0,2138,17,78,12911.8
1227.973,724.9,1758.0,2138,72,82,12911.8
1228.092,885.9,1758.0,2138,72,79,12919.3
1228.21,1015.4,1758.0,2138,65,77,12937.2
1228.328,1015.4,1758.0,2138,12,77,12959.8
1228.447,1144.9,1758.0,2138,5,77,12983.1
1228.566,1144.9,1758.0,2138,5,77,13007.8
1228.684,722.0,1758.0,2138,7,78,13018.3
1228.802,722.0,1758.0,2138,90,82,13018.3
1228.921,729.0,1758.0,2138,90,78,13034.5
1229.04,883.0,1758.0,2138,39,77,13056.2
1229.158,883.0,1758.0,2138,5,77,13082.4
1229.276,1012.5,1758.0,2138,6,77,13106.3
1229.394,1012.5,1758.0,2138,6,77,13131.2
1229.513,1142.0,1758.0,2138,5,77,13152.4
1229.631,719.2,1758.0,2138,48,81,13155.4
1229.749,719.2,1758.0,2138,48,82,13155.4
1229.868,750.7,1758.0,2138,87,78,13161.8
1229.986,1009.7,1758.0,2138,9,77,13178.3
1230.104,1139.2,1758.0,2138,9,77,13195.7
1230.223,716.3,1758.0,2138,12,79,13204.7
1230.341,716.3,1758.0,2138,64,82,13204.7
1230.459,747.8,1758.0,2138,68,78,13216.8
1230.577,877.3,1758.0,2138,68,77,13237.8
1230.695,1006.8,1758.0,2138,8,77,13260.1
1230.813,1006.8,1758.0,2138,8,77,13279.4
1230.93,1136.3,1758.0,2138,8,77,13298.8
1231.078,713.4,1758.0,2138,8,81,13178.8
1231.216,713.4,1758.0,2138,72,81,13080.7
1231.335,744.9,1758.0,2138,58,77,13098.6
1231.453,874.4,1758.0,2138,5,77,13118.1
1231.572,874.4,1758.0,2138,5,77,13140.1
1231.69,1003.9,1758.0,2138,7,77,13161.5
1231.809,1003.9,1758.0,2138,7,77,13184.3
1231.926,1133.4,1758.0,2138,7,76,13204.1
1232.045,1133.4,1758.0,2138,6,76,13225.9
1232.163,710.5,1758.0,2138,45,82,13226.6
1232.281,710.5,1758.0,2138,45,79,13227.9
1232.398,871.5,1758.0,2138,84,77,13248.0
1232.517,871.5,1758.0,2138,7,77,13267.2
1232.635,1001.0,1758.0,2138,7,77,13287.9
1232.753,1130.5,1758.0,2138,7,76,13237.5
1232.878,1130.5,1758.0,2138,8,76,13247.0
1232.996,707.6,1758.0,2138,41,81,13250.7
1233.115,707.6,1758.0,2138,41,81,13250.7
1233.233,739.1,1758.0,2138,90,77,13276.0
1233.351,868.6,1758.0,2138,6,77,13299.0
1233.471,998.1,1758.0,2138,7,77,13308.3
1233.591,1127.6,1758.0,2138,7,77,13326.3
1233.71,704.7,1758.0,2138,12,79,13336.1
1233.827,704.7,1758.0,2138,85,82,13336.1
1233.946,736.3,1758.0,2138,85,78,13348.9
1234.065,865.8,1758.0,2138,47,77,13362.4
1234.187,995.3,1758.0,2138,7,77,13382.9
1234.308,995.3,1758.0,2138,5,77,13403.8
1234.43,995.3,1758.0,2138,5,76,13427.6
1234.554,1124.8,1758.0,2138,4,76,13449.6
1234.677,1124.8,1758.0,2138,5,76,13471.8
1234.799,701.9,1758.0,2138,52,81,13469.7
1234.921,701.9,1758.0,2138,52,80,13461.0
1235.042,862.9,1758.0,2138,77,77,13475.2
1235.165,862.9,1758.0,2138,8,77,13489.1
1235.287,992.4,1758.0,2138,8,77,13507.8
1235.409,1121.9,1758.0,2138,9,76,13527.3
1235.532,1121.9,1758.0,2138,4,76,13546.2
1235.659,699.0,1758.0,2138,25,80,13547.8
1235.797,699.0,1758.0,2138,100,82,13539.3
1235.919,860.0,1758.0,2138,9,77,13541.2
1236.142,860.0,1758.0,2138,5,77,13536.0
1236.412,989.5,1758.0,2138,5,76,13513.0
1236.75,1119.0,1758.0,2138,6,76,13489.4
1237.07,1330.3,1758.0,2138,56,81,13466.2
1237.4,727.6,1758.0,2138,2,76,13385.7
1237.887,857.1,1758.0,2138,2,76,13352.4
1238.285,986.6,1758.0,2138,6,76,13326.3
1238.595,1116.1,1758.0,2138,2,76,13288.3
1239.008,693.2,1758.0,2138,100,79,13263.3
1239.369,724.7,1758.0,2138,1,77,13228.4
1239.766,854.2,1758.0,2138,1,77,13194.4
1240.15,854.2,1758.0,2138,2,76,13156.6
1240.573,983.7,1758.0,2138,2,76,13124.0
1240.946,983.7,1758.0,2138,2,76,13089.7
1241.341,1113.2,1758.0,2138,1,76,13057.9
1241.711,1113.2,1758.0,2138,37,82,13034.2
1242.046,721.8,1758.0,2138,4,77,13016.9
1242.286,851.3,1758.0,2138,5,77,12970.8
1242.603,851.3,1758.0,2138,1,77,12932.3
1242.738,980.8,1758.0,2138,6,77,12960.2
1242.861,980.8,1758.0,2138,5,76,12946.5
1242.983,1110.3,1758.0,2138,5,76,12762.6
1243.105,1110.3,1758.0,2138,4,76,12635.3
1243.226,687.5,1758.0,2138,5,77,12652.8
1243.348,687.5,1758.0,2138,80,82,12642.1
1243.471,687.5,1758.0,2138,80,78,12652.1
1243.593,848.5,1758.0,2138,48,77,12686.1
1243.715,848.5,1758.0,2138,4,77,12719.6
1243.838,848.5,1758.0,2138,5,77,12752.3
1243.96,848.5,1758.0,2138,5,77,12754.5
1244.084,848.5,1758.0,2138,1,76,12742.7
1244.208,848.5,1758.0,2138,2,76,12732.1
1244.331,848.5,1758.0,2138,2,76,12721.8
1244.453,978.0,1758.0,2138,2,76,12710.7
1244.577,978.0,1758.0,2138,0,76,12700.5
1244.7,978.0,1758.0,2138,4,76,12691.0
1244.823,978.0,1758.0,2138,4,76,12679.6
1244.945,978.0,1758.0,2138,2,76,12669.1
1245.069,978.0,1758.0,2138,0,76,12658.6
1245.192,978.0,1758.0,2138,2,76,12647.7
1245.315,978.0,1758.0,2138,2,76,12637.2
1245.438,978.0,1758.0,2138,2,76,12626.1
1245.561,978.0,1758.0,2138,0,76,12615.7
1245.685,978.0,1758.0,2138,2,76,12607.4
1245.808,978.0,1758.0,2138,2,76,12597.3
1245.931,978.0,1758.0,2138,2,76,12587.7
1246.054,978.0,1758.0,2138,0,76,12577.4
1246.177,978.0,1758.0,2138,2,76,12567.4
1246.3,978.0,1758.0,2138,2,76,12558.3
1246.424,978.0,1758.0,2138,2,76,12549.2
1246.547,978.0,1758.0,2138,0,76,12538.3
1246.67,978.0,1758.0,2138,2,76,12528.9
1246.793,978.0,1758.0,2138,2,76,12519.4
1246.916,978.0,1758.0,2138,2,76,12507.4
1247.039,978.0,1758.0,2138,0,76,12496.2
1247.162,978.0,1758.0,2138,0,76,12482.6
1247.286,978.0,1758.0,2138,2,76,12472.1
1247.409,978.0,1758.0,2138,2,76,12461.0
1247.531,978.0,1758.0,2138,0,76,12443.7
1247.655,1107.5,1758.0,2138,0,76,12430.9
1247.779,1107.5,1758.0,2138,2,76,12420.2
1247.902,1107.5,1758.0,2138,2,76,12408.3
1248.024,1107.5,1758.0,2138,0,76,12396.4
1248.147,1107.5,1758.0,2138,0,76,12384.9
1248.27,1107.5,1758.0,2138,2,76,12374.1
1248.394,1107.5,1758.0,2138,2,76,12362.1
1248.516,1107.5,1758.0,2138,0,76,12350.1
1248.639,1107.5,1758.0,2138,0,76,12338.8
1248.763,1107.5,1758.0,2138,2,76,12326.3
1248.886,1107.5,1758.0,2138,2,76,12314.7
1249.009,1107.5,1758.0,2138,0,76,12303.1
1249.132,1107.5,1758.0,2138,0,76,12292.3
1249.255,1107.5,1758.0,2138,2,76,12281.6
1249.377,1107.5,1758.0,2138,2,76,12269.6
1249.502,1107.5,1758.0,2138,2,76,12258.1
1249.625,1107.5,1758.0,2138,0,76,12246.4
1249.748,1107.5,1758.0,2138,2,76,12235.4
1249.871,1107.5,1758.0,2138,2,76,12224.4
1249.994,1107.5,1758.0,2138,2,76,12213.0
1250.117,1107.5,1758.0,2138,0,76,12201.3
1250.24,1107.5,1758.0,2138,2,76,12190.3
1250.364,1107.5,1758.0,2138,2,76,12179.5
1250.488,1107.5,1758.0,2138,2,76,12169.2
1250.611,1107.5,1758.0,2138,0,76,12157.3
1250.734,1107.5,1758.0,2138,2,76,12146.2
1250.858,1107.5,1758.0,2138,2,76,12134.6
1250.981,1107.5,1758.0,2138,2,76,12124.2
1251.103,1107.5,1758.0,2138,0,76,12113.0
1251.227,684.6,1758.0,2138,22,79,12102.4
1251.35,684.6,1758.0,2138,100,82,12094.1
1251.472,684.6,1758.0,2138,100,77,12082.7
1251.594,684.6,1758.0,2138,6,76,12040.5
1251.72,716.1,1758.0,2138,3,76,11790.4
1251.842,845.6,1758.0,2138,5,76,11770.1
1251.973,845.6,1758.0,2138,5,76,11768.5
1252.093,845.6,1758.0,2138,3,76,11804.7
1252.23,975.1,1758.0,2138,4,76,11688.4
1252.349,975.1,1758.0,2138,4,76,11628.0
1252.467,975.1,1758.0,2138,5,76,11509.1
1252.587,1104.6,1758.0,2138,3,76,11414.4
1252.706,1104.6,1758.0,2138,4,76,11175.3
1252.825,1104.6,1758.0,2138,4,76,11171.6
1252.958,1104.6,1758.0,2138,4,76,11157.3
1253.078,658.7,1758.0,2138,8,80,11161.0
1253.198,658.7,1758.0,2138,100,82,11161.0
1253.317,646.6,1758.0,2138,100,77,11164.8
1253.435,834.0,1758.0,2138,22,77,11175.9
1253.555,676.6,1758.0,2138,70,80,11144.6
1253.674,967.1,1758.0,2138,70,79,11145.0
1253.794,680.2,1758.0,2138,98,81,11145.4
1253.914,680.2,1758.0,2138,99,79,11151.4
1254.033,841.2,1758.0,2138,6,77,11168.8
1254.153,841.2,1758.0,2138,6,77,11190.5
1254.271,970.7,1758.0,2138,6,76,11215.2
1254.389,970.7,1758.0,2138,5,76,11238.0
1254.508,1100.2,1758.0,2138,5,76,11260.4
1254.626,683.8,1758.0,2138,6,78,11271.6
1254.744,683.8,1758.0,2138,72,81,11271.6
1254.863,715.3,1758.0,2138,72,77,11293.8
1254.982,844.8,1758.0,2138,37,77,11317.0
1255.1,844.8,1758.0,2138,5,76,11345.1
1255.218,974.3,1758.0,2138,5,76,11372.1
1255.338,974.3,1758.0,2138,5,76,11329.6
1255.46,974.3,1758.0,2138,6,76,11353.9
1255.58,1103.8,1758.0,2138,3,76,11375.7
1255.698,1103.8,1758.0,2138,3,76,11393.8
1255.816,687.5,1758.0,2138,13,80,11393.8
1255.936,719.0,1758.0,2138,96,78,11334.2
1256.054,848.5,1758.0,2138,6,77,11358.0
1256.173,978.0,1758.0,2138,6,76,11379.2
1256.291,978.0,1758.0,2138,7,76,11398.4
1256.41,1107.5,1758.0,2138,9,76,11420.5
1256.528,1107.5,1758.0,2138,9,76,11444.9
1256.647,691.1,1758.0,2138,5,80,11446.5
1256.766,691.1,1758.0,2138,99,78,11454.9
1256.884,852.1,1758.0,2138,11,77,11473.9
1257.002,852.1,1758.0,2138,11,76,11492.8
1257.12,981.6,1758.0,2138,7,76,11511.8
1257.239,1111.1,1758.0,2138,9,76,11529.3
1257.358,1111.1,1758.0,2138,9,76,11550.3
1257.477,694.7,1758.0,2138,9,80,11552.0
1257.596,726.2,1758.0,2138,99,78,11562.7
1257.714,855.7,1758.0,2138,8,77,11581.3
1257.833,985.2,1758.0,2138,8,76,11602.6
1257.952,985.2,1758.0,2138,9,76,11627.7
1258.071,1114.7,1758.0,2138,5,76,11649.2
1258.189,698.3,1758.0,2138,5,80,11657.4
1258.308,698.3,1758.0,2138,59,81,11658.2
1258.426,859.4,1758.0,2138,57,77,11675.2
1258.544,988.9,1758.0,2138,5,76,11700.5
1258.663,988.9,1758.0,2138,5,76,11723.3
1258.781,1118.4,1758.0,2138,6,76,11748.1
1258.899,1118.4,1758.0,2138,6,76,11773.9
1259.018,1118.4,1758.0,2138,6,76,11798.1
1259.136,702.0,1758.0,2138,17,79,11798.5
1259.254,863.0,1758.0,2138,97,78,11805.1
1259.373,992.5,1758.0,2138,97,76,11821.3
1259.492,1122.0,1758.0,2138,9,76,11837.5
1259.611,705.6,1758.0,2138,49,80,11837.5
1259.73,866.6,1758.0,2138,69,77,11845.0
1259.849,996.1,1758.0,2138,69,76,11855.9
1259.967,709.2,1758.0,2138,19,79,11862.5
1260.086,709.2,1758.0,2138,84,81,11862.9
1260.205,999.7,1758.0,2138,84,77,11869.3
1260.323,712.9,1758.0,2138,39,79,11872.6
1260.443,712.9,1758.0,2138,78,81,11872.6
1260.561,873.9,1758.0,2138,40,77,11885.1
1260.679,1132.9,1758.0,2138,40,76,11895.6
1260.797,716.5,1758.0,2138,23,80,11898.6
1260.916,716.5,1758.0,2138,97,78,11899.9
1261.034,1007.0,1758.0,2138,97,77,11906.0
1261.152,720.1,1758.0,2138,23,79,11907.2
1261.27,720.1,1758.0,2138,96,80,11908.5
1261.389,1010.6,1758.0,2138,27,77,11919.4
1261.507,723.7,1758.0,2138,27,78,11922.9
1261.626,723.7,1758.0,2138,71,81,11922.9
1261.746,884.7,1758.0,2138,50,77,11932.6
1261.864,1143.7,1758.0,2138,50,76,11940.6
1261.982,727.4,1758.0,2138,33,80,11940.7
1262.101,888.4,1758.0,2138,88,78,11945.4
1262.218,1017.9,1758.0,2138,88,77,11956.6
1262.337,1147.4,1758.0,2138,14,76,11966.9
1262.455,731.0,1758.0,2138,24,80,11969.5
1262.573,734.5,1758.0,2138,90,79,11969.9
1262.692,1151.0,1758.0,2138,90,77,11976.9
1262.81,734.6,1758.0,2138,50,81,11976.9
1262.929,895.6,1758.0,2138,82,78,11979.7
1263.048,738.2,1758.0,2138,82,79,11983.4
1263.166,738.2,1758.0,2138,53,81,11983.4
1263.285,1028.7,1758.0,2138,78,77,11986.1
1263.403,741.9,1758.0,2138,67,80,11987.4
1263.521,902.9,1758.0,2138,67,79,11989.5
1263.639,745.5,1758.0,2138,66,77,11993.1
1263.757,745.5,1758.0,2138,79,81,11993.1
1263.877,1036.0,1758.0,2138,79,78,11995.6
1263.995,749.1,1758.0,2138,57,80,11996.5
1264.115,749.1,1758.0,2138,95,81,11997.6
1264.234,1169.1,1758.0,2138,95,77,12005.3
1264.352,752.7,1758.0,2138,33,79,12010.0
1264.471,752.7,1758.0,2138,72,82,12010.1
1264.589,1043.3,1758.0,2138,46,77,12018.1
1264.708,756.4,1758.0,2138,46,79,12022.3
1264.826,756.4,1758.0,2138,66,82,12022.3
1264.945,917.4,1758.0,2138,53,77,12030.3
1265.063,917.4,1758.0,2138,53,77,12042.9
1265.181,1046.9,1758.0,2138,10,77,12061.8
1265.299,1176.4,1758.0,2138,9,76,12081.7
1265.417,1176.4,1758.0,2138,5,76,12101.2
1265.536,760.0,1758.0,2138,5,79,12110.5
1265.653,760.0,1758.0,2138,63,81,12112.0
1265.772,791.5,1758.0,2138,45,77,12129.0
1265.89,1050.5,1758.0,2138,45,77,12139.5
1266.008,763.6,1758.0,2138,19,78,12150.5
1266.125,763.6,1758.0,2138,66,81,12150.5
1266.244,924.6,1758.0,2138,66,78,12160.8
1266.363,1183.6,1758.0,2138,50,77,12173.7
1266.481,767.2,1758.0,2138,32,80,12176.7
1266.6,767.2,1758.0,2138,84,79,12181.6
1266.719,928.3,1758.0,2138,84,77,12199.9
1266.837,1057.8,1758.0,2138,10,77,12219.4
1266.956,1057.8,1758.0,2138,6,76,12240.5
1267.074,1187.3,1758.0,2138,6,76,12263.6
1267.193,770.9,1758.0,2138,12,80,12260.1
1267.315,802.4,1758.0,2138,100,79,12265.1
1267.434,931.9,1758.0,2138,9,77,12285.1
1267.555,1061.4,1758.0,2138,9,77,12314.9
1267.677,1061.4,1758.0,2138,4,76,12345.5
1267.798,1061.4,1758.0,2138,6,76,12373.5
1267.92,1190.9,1758.0,2138,3,76,12217.4
1268.046,1190.9,1758.0,2138,3,76,12227.3
1268.174,1190.9,1758.0,2138,1,76,12231.4
1268.295,1190.9,1758.0,2138,4,76,12191.5
1268.416,1190.9,1758.0,2138,3,76,11935.8
1268.55,748.0,1758.0,2138,3,77,11770.9
1268.67,748.0,1758.0,2138,58,80,11771.0
1268.789,751.5,1758.0,2138,47,77,11859.2
1268.915,751.5,1758.0,2138,47,77,11976.9
1269.042,751.5,1758.0,2138,0,76,11988.5
1269.171,751.5,1758.0,2138,0,76,12049.1
1269.3,751.5,1758.0,2138,3,76,12127.5
1269.429,751.5,1758.0,2138,0,76,12194.0
1269.557,751.5,1758.0,2138,0,76,12260.8
1269.685,751.5,1758.0,2138,0,76,12304.6
1269.815,751.5,1758.0,2138,2,76,12416.0
1269.944,751.5,1758.0,2138,0,76,12515.3
1270.072,751.5,1758.0,2138,0,76,12585.4
1270.2,751.5,1758.0,2138,1,76,12664.5
1270.329,751.5,1758.0,2138,2,76,12735.5
1270.46,751.5,1758.0,2138,0,76,12805.0
1270.59,751.5,1758.0,2138,0,76,12876.5
1270.721,751.5,1758.0,2138,1,76,12888.1
1270.853,751.5,1758.0,2138,2,76,12911.9
1270.982,751.5,1758.0,2138,0,76,12945.6
1271.111,751.5,1758.0,2138,1,76,12939.1
1271.24,751.5,1758.0,2138,1,76,12942.2
1271.37,751.5,1758.0,2138,2,76,13013.8
1271.5,751.5,1758.0,2138,0,76,13082.2
1271.63,751.5,1758.0,2138,1,76,13138.1
1271.761,751.5,1758.0,2138,1,75,13222.4
1271.889,751.5,1758.0,2138,2,75,13318.6
1272.018,751.5,1758.0,2138,0,75,13360.8
1272.151,751.5,1758.0,2138,1,75,13293.9
1272.281,751.5,1758.0,2138,2,75,13340.1
1272.423,751.5,1758.0,2138,2,75,13393.4
1272.546,751.5,1758.0,2138,0,75,13407.8
1272.68,751.5,1758.0,2138,1,75,13809.2
1272.814,751.5,1758.0,2138,1,75,13547.8
1272.945,751.5,1758.0,2138,0,75,13541.8
1273.076,751.5,1758.0,2138,0,75,13535.9
1273.207,751.5,1758.0,2138,1,75,13529.7
1273.338,751.5,1758.0,2138,1,75,13523.8
1273.47,751.5,1758.0,2138,0,75,13517.7
1273.604,751.5,1758.0,2138,1,76,13511.7
1273.736,751.5,1758.0,2138,1,75,13505.5
1273.867,751.5,1758.0,2138,1,75,13499.5
1273.998,751.5,1758.0,2138,0,75,13493.0
1274.139,751.5,1758.0,2138,1,75,13486.3
1274.28,751.5,1758.0,2138,1,75,13479.7
1274.42,751.5,1758.0,2138,1,75,13473.2
1274.56,751.5,1758.0,2138,0,75,13466.6
1274.7,779.6,1758.0,2138,1,75,13311.3
1274.822,1070.1,1758.0,2138,12,75,13320.7
1274.949,779.6,1798.0,2178,52,76,13330.7
1275.072,779.6,1798.0,2178,52,79,13321.8
1275.193,779.6,1798.0,2178,100,81,13312.9
1275.314,940.6,1798.0,2178,76,78,13315.8
1275.435,940.6,1798.0,2178,76,77,13326.6
1275.557,1070.1,1798.0,2178,7,77,13342.0
1275.678,1199.6,1798.0,2178,8,76,13351.0
1275.799,776.0,1798.0,2178,70,81,13342.2
1275.92,776.0,1798.0,2178,70,83,13333.3
1276.042,776.0,1798.0,2178,100,79,13326.7
1276.163,1066.6,1798.0,2178,43,77,13331.6
1276.286,772.5,1798.0,2178,43,79,13332.5
1276.407,772.5,1798.0,2178,40,82,13323.7
1276.528,772.5,1798.0,2178,100,82,13314.8
1276.649,772.5,1798.0,2178,72,78,13316.9
1276.77,1063.0,1798.0,2178,72,77,13321.3
1276.891,1192.5,1798.0,2178,14,77,13325.6
1277.013,768.9,1798.0,2178,55,81,13319.2
1277.131,768.9,1798.0,2178,100,82,13319.2
1277.25,768.9,1798.0,2178,100,79,13322.1
1277.369,929.9,1798.0,2178,58,77,13334.5
1277.487,1059.4,1798.0,2178,11,77,13348.7
1277.605,1188.9,1798.0,2178,11,77,13368.2
1277.723,1188.9,1798.0,2178,6,77,13385.8
1277.84,765.4,1798.0,2178,5,78,13399.6
1277.958,765.4,1798.0,2178,5,81,13399.4
1278.078,765.4,1798.0,2178,91,82,13389.9
1278.199,926.4,1798.0,2178,100,78,13384.8
1278.32,1185.4,1798.0,2178,29,78,13383.5
1278.439,761.8,1798.0,2178,29,81,13383.5
1278.558,761.8,1798.0,2178,93,83,13383.5
1278.677,761.8,1798.0,2178,100,79,13384.3
1278.797,1413.9,1798.0,2178,50,79,13385.9
1278.917,758.3,1798.0,2178,50,81,13376.7
1279.038,758.3,1798.0,2178,100,83,13367.8
1279.159,919.3,1798.0,2178,88,79,13360.0
1279.281,754.7,1798.0,2178,88,80,13352.2
1279.402,754.7,1798.0,2178,71,82,13343.3
1279.523,754.7,1798.0,2178,100,81,13334.5
1279.644,1045.2,1798.0,2178,65,78,13328.4
1279.766,751.2,1798.0,2178,65,81,13320.3
1279.887,751.2,1798.0,2178,85,83,13311.5
1280.009,751.2,1798.0,2178,100,80,13302.6
1280.13,1171.2,1798.0,2178,100,78,13296.3
1280.252,747.6,1798.0,2178,54,82,13287.6
1280.373,747.6,1798.0,2178,100,83,13278.7
1280.494,908.6,1798.0,2178,93,80,13271.7
1280.616,744.1,1798.0,2178,93,80,13264.4
1280.738,744.1,1798.0,2178,70,82,13255.6
1280.859,744.1,1798.0,2178,100,83,13246.7
1280.981,1034.6,1798.0,2178,65,78,13241.1
1281.103,740.5,1798.0,2178,65,82,13232.9
1281.224,740.5,1798.0,2178,90,84,13224.1
1281.345,740.5,1798.0,2178,100,81,13215.8
1281.468,1160.5,1798.0,2178,100,78,13213.9
1281.589,736.9,1798.0,2178,35,81,13205.4
1281.711,736.9,1798.0,2178,93,83,13195.2
1281.833,736.9,1798.0,2178,100,81,13185.2
1281.955,1027.5,1798.0,2178,100,79,13185.4
1282.076,733.4,1798.0,2178,26,80,13179.1
1282.197,733.4,1798.0,2178,80,83,13168.8
1282.319,733.4,1798.0,2178,100,83,13158.6
1282.441,1023.9,1798.0,2178,100,79,13153.9
1282.562,1153.4,1798.0,2178,40,78,13153.1
1282.685,729.8,1798.0,2178,63,82,13143.7
1282.807,729.8,1798.0,2178,63,84,13134.7
1282.928,736.8,1798.0,2178,100,80,13127.5
1283.05,1149.8,1798.0,2178,56,78,13124.4
1283.172,726.3,1798.0,2178,68,82,13115.9
1283.294,726.3,1798.0,2178,68,84,13107.3
1283.415,726.3,1798.0,2178,100,80,13101.2
1283.536,1016.8,1798.0,2178,51,79,13105.3
1283.658,1196.7,1798.0,2178,28,79,13106.6
1283.78,722.7,1798.0,2178,28,82,13097.9
1283.901,722.7,1798.0,2178,100,84,13089.1
1284.023,883.7,1798.0,2178,87,80,13084.4
1284.145,1142.7,1798.0,2178,87,78,13082.2
1284.267,719.2,1798.0,2178,26,82,13073.9
1284.388,719.2,1798.0,2178,100,84,13065.1
1284.513,719.2,1798.0,2178,97,82,13056.7
1284.634,1009.7,1798.0,2178,97,79,13062.8
1284.756,1139.2,1798.0,2178,14,78,13067.3
1284.878,715.6,1798.0,2178,45,82,13059.6
1284.999,715.6,1798.0,2178,100,84,13050.9
1285.12,719.1,1798.0,2178,100,81,13044.1
1285.242,1006.1,1798.0,2178,71,79,13051.2
1285.365,1135.6,1798.0,2178,11,78,13058.1
1285.487,712.1,1798.0,2178,11,82,13049.7
1285.609,712.1,1798.0,2178,74,84,13040.8
1285.731,712.1,1798.0,2178,100,81,13033.3
1285.853,873.1,1798.0,2178,42,79,13043.1
1285.974,1002.6,1798.0,2178,42,78,13055.7
1286.095,1002.6,1798.0,2178,5,78,13070.0
1286.216,1132.1,1798.0,2178,6,78,13083.4
1286.338,1132.1,1798.0,2178,6,78,13096.9
1286.458,708.5,1798.0,2178,6,81,13093.9
1286.58,708.5,1798.0,2178,74,84,13084.3
1286.712,708.5,1798.0,2178,100,82,13076.1
1286.833,869.5,1798.0,2178,29,79,13088.8
1286.954,999.0,1798.0,2178,29,78,13097.2
1287.076,999.0,1798.0,2178,9,78,13109.8
1287.197,1128.5,1798.0,2178,7,78,13121.5
1287.318,705.0,1798.0,2178,7,82,13116.4
1287.44,705.0,1798.0,2178,69,84,13107.7
1287.561,705.0,1798.0,2178,100,81,13098.9
1287.683,866.0,1798.0,2178,36,79,13113.1
1287.805,866.0,1798.0,2178,36,78,13125.1
1287.928,995.5,1798.0,2178,8,78,13136.7
1288.05,1125.0,1798.0,2178,8,78,13147.6
1288.172,1125.0,1798.0,2178,17,79,13158.3
1288.295,701.4,1798.0,2178,17,82,13148.0
1288.418,701.4,1798.0,2178,100,84,13137.5
1288.54,701.4,1798.0,2178,86,80,13136.4
1288.662,862.4,1798.0,2178,86,78,13149.5
1288.785,991.9,1798.0,2178,8,78,13162.7
1288.907,991.9,1798.0,2178,8,78,13173.2
1289.029,1121.4,1798.0,2178,7,78,13186.8
1289.151,1168.5,1798.0,2178,7,78,13196.8
1289.275,697.8,1798.0,2178,36,82,13187.7
1289.398,697.8,1798.0,2178,100,84,13178.1
1289.525,697.8,1798.0,2178,67,79,13181.8
1289.647,858.9,1798.0,2178,67,78,13199.2
1289.774,858.9,1798.0,2178,4,78,13188.6
1290.061,988.4,1798.0,2178,2,78,13155.1
1290.425,988.4,1798.0,2178,2,78,13128.3
1290.742,988.4,1798.0,2178,2,78,13097.8
1291.092,1117.9,1798.0,2178,4,78,13069.7
1291.422,694.3,1798.0,2178,9,82,13059.9
1291.609,694.3,1798.0,2178,100,84,13049.6
1291.742,697.8,1798.0,2178,91,79,13047.0
1291.876,855.3,1798.0,2178,1,78,13021.8
1292.2,855.3,1798.0,2178,1,78,12962.8
1292.657,984.8,1798.0,2178,2,78,12926.8
1293.014,984.8,1798.0,2178,2,78,12896.1
1293.354,1114.3,1798.0,2178,6,81,12874.8
1293.643,690.7,1798.0,2178,52,84,12865.1
1293.773,690.7,1798.0,2178,100,81,12855.8
1293.9,981.2,1798.0,2178,56,78,12854.6
1294.079,981.2,1798.0,2178,2,78,12821.6
1294.439,981.2,1798.0,2178,1,78,12772.7
1294.762,1110.7,1798.0,2178,3,78,12743.0
1294.885,1110.7,1798.0,2178,5,78,12788.4
1295.021,1110.7,1798.0,2178,2,78,12799.6
1295.251,1110.7,1798.0,2178,23,82,12774.0
1295.615,687.2,1798.0,2178,100,84,12764.9
1295.745,687.2,1798.0,2178,2,78,12750.7
1296.027,848.2,1798.0,2178,2,78,12718.6
1296.404,848.2,1798.0,2178,1,78,12683.6
1296.815,848.2,1798.0,2178,2,78,12671.5
1297.005,977.7,1798.0,2178,2,78,12642.7
1297.35,1107.2,1798.0,2178,1,77,12614.2
1297.693,660.9,1798.0,2178,1,82,12604.9
1297.824,660.9,1798.0,2178,93,84,12596.1
1297.951,655.5,1798.0,2178,100,80,12588.9
1298.075,647.2,1798.0,2178,10,78,12590.9
1298.218,643.1,1798.0,2178,2,78,12604.4
1298.343,673.4,1798.0,2178,2,79,12607.1
1298.465,673.4,1798.0,2178,83,82,12607.2
1298.589,677.2,1798.0,2178,75,80,12608.4
1298.712,677.2,1798.0,2178,100,83,12567.4
1298.841,681.1,1798.0,2178,100,81,12552.3
1298.992,681.1,1798.0,2178,72,84,12185.4
1299.115,684.9,1798.0,2178,75,80,12042.4
1299.236,684.9,1798.0,2178,92,83,12042.4
1299.357,688.8,1798.0,2178,92,80,12043.0
1299.478,688.8,1798.0,2178,80,83,12043.0
1299.598,1108.8,1798.0,2178,84,80,12043.6
1299.717,692.6,1798.0,2178,84,83,12043.6
1299.837,724.1,1798.0,2178,95,80,12052.9
1299.955,853.6,1798.0,2178,27,79,12067.1
1300.073,983.1,1798.0,2178,8,78,12082.7
1300.193,696.5,1798.0,2178,8,80,12089.8
1300.312,696.5,1798.0,2178,60,83,12089.8
1300.433,857.5,1798.0,2178,65,79,12098.6
1300.551,987.0,1798.0,2178,65,78,12116.2
1300.67,987.0,1798.0,2178,6,78,12134.3
1300.789,987.0,1798.0,2178,6,78,12152.5
1300.906,1116.5,1798.0,2178,6,78,12170.1
1301.025,1116.5,1798.0,2178,6,78,12188.3
1301.143,700.3,1798.0,2178,4,79,12200.9
1301.262,700.3,1798.0,2178,75,83,12200.9
1301.381,861.3,1798.0,2178,75,79,12209.1
1301.5,990.8,1798.0,2178,40,78,12221.5
1301.618,704.1,1798.0,2178,10,78,12229.1
1301.736,704.1,1798.0,2178,93,82,12229.1
1301.856,865.1,1798.0,2178,93,79,12239.1
1301.975,994.6,1798.0,2178,30,78,12250.1
1302.093,708.0,1798.0,2178,28,79,12194.3
1302.213,708.0,1798.0,2178,28,83,12194.3
1302.332,869.0,1798.0,2178,87,79,12199.4
1302.451,1128.0,1798.0,2178,21,78,12204.8
1302.57,711.8,1798.0,2178,80,82,12204.8
1302.689,872.8,1798.0,2178,80,80,12212.4
1302.808,1131.8,1798.0,2178,38,78,12223.3
1302.926,715.7,1798.0,2178,36,80,12228.5
1303.046,715.7,1798.0,2178,36,83,12228.5
1303.165,1006.2,1798.0,2178,84,79,12233.6
1303.284,719.5,1798.0,2178,30,80,12236.8
1303.403,719.5,1798.0,2178,30,83,12236.8
1303.522,1010.0,1798.0,2178,99,79,12243.9
1303.641,1139.5,1798.0,2178,16,78,12251.9
1303.76,723.4,1798.0,2178,74,82,12251.9
1303.88,884.4,1798.0,2178,74,80,12255.9
1303.999,1013.9,1798.0,2178,51,78,12262.9
1304.118,727.2,1798.0,2178,42,81,12264.5
1304.238,727.2,1798.0,2178,42,81,12265.5
1304.357,1147.2,1798.0,2178,83,79,12271.3
1304.476,731.1,1798.0,2178,45,82,12271.5
1304.596,892.1,1798.0,2178,84,80,12272.5
1304.714,734.9,1798.0,2178,84,80,12275.9
1304.834,734.9,1798.0,2178,65,83,12275.9
1304.955,1154.9,1798.0,2178,72,79,12278.8
1305.073,738.7,1798.0,2178,72,82,12279.6
1305.193,899.8,1798.0,2178,78,80,12280.9
1305.311,742.6,1798.0,2178,58,81,12283.0
1305.431,742.6,1798.0,2178,89,83,12283.0
1305.551,1033.1,1798.0,2178,89,79,12285.9
1305.67,746.4,1798.0,2178,43,82,12286.8
1305.791,746.4,1798.0,2178,97,81,12287.2
1305.91,750.3,1798.0,2178,97,80,12289.3
1306.03,750.3,1798.0,2178,56,83,12289.3
1306.15,1170.3,1798.0,2178,87,80,12290.0
1306.27,754.1,1798.0,2178,87,83,12290.0
1306.391,915.1,1798.0,2178,87,80,12294.6
1306.509,1174.1,1798.0,2178,48,79,12300.9
1306.628,758.0,1798.0,2178,56,83,12300.9
1306.748,789.5,1798.0,2178,56,80,12306.4
1306.867,919.0,1798.0,2178,64,79,12317.3
1306.986,1048.5,1798.0,2178,11,78,12274.4
1307.109,1178.0,1798.0,2178,5,78,12234.2
1307.228,1178.0,1798.0,2178,5,78,12206.9
1307.355,761.8,1798.0,2178,10,82,12202.5
1307.476,761.8,1798.0,2178,100,80,12209.3
1307.593,922.8,1798.0,2178,8,79,12223.4
1307.712,1181.8,1798.0,2178,8,78,12234.2
1307.83,765.7,1798.0,2178,19,81,12240.7
1307.95,765.7,1798.0,2178,93,83,12241.2
1308.069,926.7,1798.0,2178,93,79,12252.0
1308.188,1185.7,1798.0,2178,24,78,12265.2
1308.307,769.5,1798.0,2178,42,82,12267.5
1308.427,769.5,1798.0,2178,77,80,12272.1
1308.546,930.5,1798.0,2178,77,79,12289.5
1308.664,1060.0,1798.0,2178,7,78,12307.6
1308.782,1060.0,1798.0,2178,8,78,12329.9
1308.901,1189.5,1798.0,2178,8,78,12323.8
1309.02,773.4,1798.0,2178,11,82,12321.8
1309.142,804.9,1798.0,2178,100,80,12327.4
1309.262,934.4,1798.0,2178,13,79,12272.6
1309.383,1063.9,1798.0,2178,13,78,12299.9
1309.504,1063.9,1798.0,2178,4,78,12326.5
1309.625,1193.4,1798.0,2178,4,78,12360.2
1309.746,1193.4,1798.0,2178,4,78,12062.4
1309.873,750.7,1798.0,2178,8,81,12073.7
1309.993,754.5,1798.0,2178,74,83,12075.5
1310.11,754.5,1798.0,2178,30,79,12198.8
1310.24,754.5,1798.0,2178,30,78,12289.5
1310.368,754.5,1798.0,2178,3,78,12357.5
1310.499,754.5,1798.0,2178,0,78,12435.0
1310.629,754.5,1798.0,2178,0,78,12510.7
1310.758,754.5,1798.0,2178,3,78,12574.2
1310.888,754.5,1798.0,2178,3,78,12637.2
1311.019,754.5,1798.0,2178,0,78,12673.3
1311.151,754.5,1798.0,2178,0,78,12783.2
1311.28,754.5,1798.0,2178,2,78,12876.9
1311.412,754.5,1798.0,2178,2,78,12930.7
1311.543,754.5,1798.0,2178,0,78,12991.8
1311.675,754.5,1798.0,2178,0,78,13056.3
1311.807,754.5,1798.0,2178,2,78,13050.0
1311.94,754.5,1798.0,2178,0,78,13060.5
1312.073,754.5,1798.0,2178,0,78,13028.8
1312.203,754.5,1798.0,2178,1,78,13114.9
1312.335,754.5,1798.0,2178,1,78,12904.0
1312.483,754.5,1798.0,2178,0,78,12715.4
1312.614,754.5,1798.0,2178,1,78,12780.1
1312.745,754.5,1798.0,2178,1,78,12861.2
1312.876,754.5,1798.0,2178,2,78,12933.3
1313.005,754.5,1798.0,2178,0,78,12996.7
1313.136,754.5,1798.0,2178,1,78,13050.3
1313.267,754.5,1798.0,2178,2,78,13134.7
1313.397,754.5,1798.0,2178,2,78,13217.1
1313.526,754.5,1798.0,2178,0,78,13286.6
1313.656,754.5,1798.0,2178,1,78,13355.9
1313.787,754.5,1798.0,2178,2,78,13429.3
1313.916,754.5,1798.0,2178,2,78,13317.5
1314.046,754.5,1798.0,2178,0,78,13340.1
1314.167,754.5,1798.0,2178,1,78,13360.4
1314.288,754.5,1798.0,2178,2,78,13381.1
1314.409,754.5,1798.0,2178,2,78,13456.6
1314.53,754.5,1798.0,2178,0,78,13564.5
1314.665,754.5,1798.0,2178,1,78,13241.7
1314.798,754.5,1798.0,2178,1,78,13241.7
1314.929,754.5,1798.0,2178,1,78,13241.7
1315.06,754.5,1798.0,2178,0,78,13241.7
1315.194,754.5,1798.0,2178,1,78,13241.7
1315.325,754.5,1798.0,2178,1,78,13241.7
1315.456,754.5,1798.0,2178,0,78,13241.7
1315.588,754.5,1798.0,2178,0,78,13241.8
1315.719,754.5,1798.0,2178,1,78,13241.8
1315.85,754.5,1798.0,2178,1,78,13241.8
1315.982,814.2,1798.0,2178,1,78,13083.4
1316.1,1719.9,1798.0,2178,1,79,13091.5
1316.219,782.9,1798.0,2178,52,82,13092.9
1316.338,782.9,1798.0,2178,100,84,13092.9
1316.459,814.4,1798.0,2178,77,80,13097.7
1316.577,943.9,1798.0,2178,77,79,13115.5
1316.695,1073.4,1798.0,2178,8,78,13133.0
1316.814,1073.4,1798.0,2178,7,78,13153.5
1316.932,1202.9,1798.0,2178,7,78,13170.1
1317.051,779.2,1798.0,2178,14,82,13171.3
1317.17,779.2,1798.0,2178,100,84,13171.3
1317.29,779.2,1798.0,2178,96,81,13171.5
1317.41,940.2,1798.0,2178,96,79,13182.1
1317.528,1199.2,1798.0,2178,14,78,13195.5
1317.647,775.6,1798.0,2178,50,82,13199.1
1317.767,775.6,1798.0,2178,50,84,13199.1
1317.887,775.6,1798.0,2178,100,81,13199.1
1318.007,807.1,1798.0,2178,61,79,13214.1
1318.124,1066.1,1798.0,2178,15,78,13225.0
1318.242,1195.6,1798.0,2178,15,79,13237.3
1318.362,771.9,1798.0,2178,43,82,13237.3
1318.482,771.9,1798.0,2178,100,84,13237.3
1318.602,771.9,1798.0,2178,100,81,13240.3
1318.72,932.9,1798.0,2178,70,79,13252.6
1318.838,1062.4,1798.0,2178,10,78,13266.0
1318.957,1191.9,1798.0,2178,10,78,13284.8
1319.076,1191.9,1798.0,2178,7,78,13303.2
1319.195,1191.9,1798.0,2178,6,78,13321.8
1319.314,768.3,1798.0,2178,60,82,13321.8
1319.433,768.3,1798.0,2178,60,84,13321.8
1319.552,768.3,1798.0,2178,100,82,13322.6
1319.67,1058.8,1798.0,2178,53,79,13329.7
1319.789,764.6,1798.0,2178,53,81,13332.4
1319.908,764.6,1798.0,2178,57,83,13332.4
1320.028,764.6,1798.0,2178,100,83,13332.4
1320.148,1184.6,1798.0,2178,77,79,13333.3
1320.268,761.0,1798.0,2178,77,83,13333.3
1320.388,761.0,1798.0,2178,97,84,13333.3
1320.507,761.0,1798.0,2178,100,81,13333.7
1320.625,757.3,1798.0,2178,100,80,13336.0
1320.744,757.3,1798.0,2178,55,83,13336.0
1320.864,757.3,1798.0,2178,100,84,13336.0
1320.984,918.3,1798.0,2178,82,80,13337.1
1321.103,753.7,1798.0,2178,82,80,13339.6
1321.221,753.7,1798.0,2178,59,83,13339.6
1321.341,753.7,1798.0,2178,100,85,13339.7
1321.461,914.7,1798.0,2178,100,80,13340.9
1321.58,750.0,1798.0,2178,74,80,13343.0
1321.699,750.0,1798.0,2178,72,83,13343.0
1321.819,750.0,1798.0,2178,100,85,13343.0
1321.939,911.0,1798.0,2178,100,80,13344.6
1322.057,746.4,1798.0,2178,61,81,13346.6
1322.176,746.4,1798.0,2178,87,84,13346.6
1322.296,746.4,1798.0,2178,87,84,13346.6
1322.417,1036.9,1798.0,2178,100,80,13349.4
1322.535,742.7,1798.0,2178,50,82,13350.9
1322.654,742.7,1798.0,2178,100,84,13350.9
1322.774,742.7,1798.0,2178,100,83,13351.2
1322.895,1033.3,1798.0,2178,98,80,13355.7
1323.014,739.1,1798.0,2178,37,82,13358.3
1323.134,739.1,1798.0,2178,37,84,13358.3
1323.254,739.1,1798.0,2178,100,83,13358.3
1323.373,900.1,1798.0,2178,89,80,13363.3
1323.492,1159.1,1798.0,2178,18,79,13371.1
1323.61,735.5,1798.0,2178,18,82,13372.5
1323.729,735.5,1798.0,2178,83,84,13372.5
1323.849,735.5,1798.0,2178,100,82,13372.5
1323.969,1026.0,1798.0,2178,100,80,13380.2
1324.088,1155.5,1798.0,2178,35,79,13389.6
1324.206,731.8,1798.0,2178,42,83,13389.9
1324.325,731.8,1798.0,2178,100,85,13389.9
1324.444,731.8,1798.0,2178,100,82,13390.8
1324.562,1022.3,1798.0,2178,76,80,13396.2
1324.681,728.2,1798.0,2178,45,82,13398.5
1324.8,728.2,1798.0,2178,45,84,13398.5
1324.919,728.2,1798.0,2178,100,84,13398.5
1325.039,889.2,1798.0,2178,77,80,13407.5
1325.157,1148.2,1798.0,2178,18,79,13418.8
1325.275,724.5,1798.0,2178,18,81,13424.2
1325.394,724.5,1798.0,2178,65,84,13424.2
1325.513,724.5,1798.0,2178,100,85,13424.2
1325.632,885.5,1798.0,2178,100,80,13429.1
1325.75,1144.5,1798.0,2178,52,79,13436.4
1325.868,720.9,1798.0,2178,43,83,13437.7
1325.987,720.9,1798.0,2178,100,85,13437.7
1326.106,720.9,1798.0,2178,100,82,13437.7
1326.227,881.9,1798.0,2178,79,80,13449.8
1326.345,1011.4,1798.0,2178,14,79,13462.1
1326.463,717.2,1798.0,2178,14,81,13468.2
1326.582,717.2,1798.0,2178,57,84,13468.2
1326.702,717.2,1798.0,2178,100,84,13468.2
1326.821,878.2,1798.0,2178,60,80,13474.6
1326.939,1007.7,1798.0,2178,60,79,13487.4
1327.057,1137.2,1798.0,2178,9,79,13500.3
1327.178,713.6,1798.0,2178,61,83,13488.5
1327.299,713.6,1798.0,2178,61,85,13476.8
1327.421,713.6,1798.0,2178,100,82,13465.2
1327.544,874.6,1798.0,2178,57,79,13470.3
1327.666,1004.1,1798.0,2178,6,79,13481.6
1327.788,1004.1,1798.0,2178,6,79,13494.5
1327.911,1133.6,1798.0,2178,6,79,13507.2
1328.032,1133.6,1798.0,2178,4,79,13521.5
1328.153,709.9,1798.0,2178,4,80,13526.2
1328.275,709.9,1798.0,2178,35,84,13517.5
1328.396,709.9,1798.0,2178,100,83,13508.8
1328.518,741.4,1798.0,2178,71,80,13513.2
1328.639,870.9,1798.0,2178,71,79,13522.1
1328.761,1000.4,1798.0,2178,9,79,13533.1
1328.882,706.3,1798.0,2178,13,80,13533.7
1329.003,706.3,1798.0,2178,91,83,13524.9
1329.124,706.3,1798.0,2178,91,84,13516.2
1329.247,737.8,1798.0,2178,100,80,13514.7
1329.37,996.8,1798.0,2178,21,79,13519.4
1329.491,1181.7,1798.0,2178,21,79,13518.9
1329.615,702.6,1798.0,2178,29,83,13508.2
1329.737,702.6,1798.0,2178,100,84,13497.8
1329.859,702.6,1798.0,2178,84,81,13492.6
1329.981,993.1,1798.0,2178,84,79,13496.7
1330.103,1122.6,1798.0,2178,14,79,13504.4
1330.225,699.0,1798.0,2178,32,82,13499.2
1330.347,699.0,1798.0,2178,100,85,13490.5
1330.47,699.0,1798.0,2178,100,82,13481.7
1330.594,860.0,1798.0,2178,78,80,13494.5
1330.717,860.0,1798.0,2178,8,79,13506.5
1330.839,989.5,1798.0,2178,9,79,13517.5
1330.961,1154.8,1798.0,2178,9,79,13524.0
1331.083,695.3,1798.0,2178,44,83,13515.3
1331.205,695.3,1798.0,2178,100,84,13506.6
1331.328,695.3,1798.0,2178,100,81,13506.1
1331.45,726.8,1798.0,2178,62,79,13538.9
1331.573,856.3,1798.0,2178,3,79,13572.0
1331.695,856.3,1798.0,2178,4,79,13606.1
1331.819,856.3,1798.0,2178,4,79,13630.4
1331.989,985.8,1798.0,2178,2,78,13585.4
1332.51,985.8,1798.0,2178,2,78,13512.7
1333.095,985.8,1798.0,2178,2,78,13470.1
1333.529,1115.3,1798.0,2178,93,84,13443.1
1333.877,691.7,1798.0,2178,100,81,13435.0
1334.009,723.2,1798.0,2178,2,79,13404.2
1334.376,852.7,1798.0,2178,1,79,13374.4
1334.745,852.7,1798.0,2178,3,78,13343.6
1335.107,982.2,1798.0,2178,2,78,13298.0
1335.522,982.2,1798.0,2178,2,78,13262.6
1335.895,1111.7,1798.0,2178,1,78,13229.3
1336.277,1111.7,1798.0,2178,2,78,13172.6
1336.818,1111.7,1798.0,2178,0,77,13127.2
1337.318,688.0,1798.0,2178,100,84,13105.1
1337.673,688.0,1798.0,2178,59,79,13076.9
1337.959,719.6,1798.0,2178,2,78,13041.1
1338.434,849.1,1798.0,2178,2,78,13002.1
1338.912,849.1,1798.0,2178,1,78,12967.1
1339.232,849.1,1798.0,2178,0,78,12914.0
1339.67,849.1,1798.0,2178,2,78,12890.5
1340.06,978.6,1798.0,2178,1,78,12893.1
1340.276,978.6,1798.0,2178,2,78,12829.1
1340.53,978.6,1798.0,2178,2,78,12475.8
1340.652,1108.1,1798.0,2178,3,78,12282.8
1340.774,1108.1,1798.0,2178,5,78,12223.1
1340.896,1108.1,1798.0,2178,4,78,12147.4
1341.014,1108.1,1798.0,2178,4,78,12129.7
1341.133,661.8,1798.0,2178,24,82,12131.5
1341.253,661.8,1798.0,2178,100,84,12131.5
1341.373,656.0,1798.0,2178,77,80,12131.6
1341.492,646.7,1798.0,2178,77,79,12143.9
1341.612,676.6,1798.0,2178,0,78,12161.9
1341.73,1093.1,1798.0,2178,22,78,12169.7
1341.85,677.1,1798.0,2178,22,83,12170.3
1341.97,684.1,1798.0,2178,100,80,12179.4
1342.087,838.1,1798.0,2178,17,79,12142.1
1342.207,838.1,1798.0,2178,17,78,12153.8
1342.325,967.6,1798.0,2178,6,78,12170.8
1342.444,967.6,1798.0,2178,5,78,12188.1
1342.561,967.6,1798.0,2178,3,78,12205.1
1342.679,1097.1,1798.0,2178,3,78,12223.3
1342.799,1097.1,1798.0,2178,5,78,12241.7
1342.917,1097.1,1798.0,2178,4,78,12261.1
1343.034,681.0,1798.0,2178,4,79,12276.4
1343.155,681.0,1798.0,2178,27,82,12267.4
1343.276,971.6,1798.0,2178,86,79,12298.8
1343.394,971.6,1798.0,2178,11,78,12316.8
1343.513,971.6,1798.0,2178,11,78,12333.2
1343.631,685.0,1798.0,2178,8,79,12343.0
1343.749,685.0,1798.0,2178,73,82,12343.0
1343.869,716.5,1798.0,2178,73,79,12355.2
1343.987,846.0,1798.0,2178,36,78,12369.4
1344.105,975.5,1798.0,2178,8,78,12382.7
1344.224,1105.0,1798.0,2178,11,78,12394.5
1344.344,689.0,1798.0,2178,11,81,12396.2
1344.463,689.0,1798.0,2178,82,81,12399.8
1344.582,979.5,1798.0,2178,36,79,12411.5
1344.7,1109.0,1798.0,2178,36,78,12422.9
1344.819,692.9,1798.0,2178,14,81,12427.5
1344.938,692.9,1798.0,2178,87,81,12430.6
1345.056,853.9,1798.0,2178,27,79,12441.8
1345.174,1112.9,1798.0,2178,27,78,12453.5
1345.292,696.9,1798.0,2178,17,82,12457.2
1345.412,696.9,1798.0,2178,100,81,12460.7
1345.53,857.9,1798.0,2178,100,79,12478.9
1345.649,857.9,1798.0,2178,7,78,12495.7
1345.767,987.4,1798.0,2178,9,78,12514.0
1345.885,700.8,1798.0,2178,9,78,12521.4
1346.003,700.8,1798.0,2178,30,82,12521.4
1346.122,861.8,1798.0,2178,86,80,12528.5
1346.241,861.8,1798.0,2178,9,78,12546.8
1346.359,991.3,1798.0,2178,9,78,12566.0
1346.477,991.3,1798.0,2178,5,78,12585.5
1346.596,1120.8,1798.0,2178,4,78,12604.8
1346.715,1120.8,1798.0,2178,4,78,12618.4
1346.836,1120.8,1798.0,2178,5,78,12630.9
1346.958,704.8,1798.0,2178,41,82,12622.1
1347.079,865.8,1798.0,2178,73,80,12619.5
1347.201,995.3,1798.0,2178,73,78,12625.7
1347.322,1124.8,1798.0,2178,11,78,12633.2
1347.443,708.7,1798.0,2178,39,81,12626.0
1347.565,715.7,1798.0,2178,80,80,12620.9
1347.686,999.2,1798.0,2178,80,78,12625.9
1347.808,1128.7,1798.0,2178,14,78,12629.8
1347.931,712.7,1798.0,2178,58,82,12621.5
1348.052,873.7,1798.0,2178,58,80,12617.5
1348.174,1132.7,1798.0,2178,62,78,12617.0
1348.296,716.6,1798.0,2178,36,82,12609.3
1348.417,716.6,1798.0,2178,84,81,12604.6
1348.539,1007.1,1798.0,2178,84,79,12608.1
1348.661,1166.9,1798.0,2178,16,79,12609.7
1348.782,720.6,1798.0,2178,63,82,12601.1
1348.904,881.6,1798.0,2178,59,80,12595.3
1349.025,1140.6,1798.0,2178,59,79,12593.3
1349.148,724.5,1798.0,2178,40,82,12589.8
1349.269,885.6,1798.0,2178,83,80,12349.0
1349.391,1015.1,1798.0,2178,83,79,12294.7
1349.51,1144.6,1798.0,2178,13,78,12310.3
1349.628,728.5,1798.0,2178,40,82,12310.7
1349.747,889.5,1798.0,2178,76,81,12317.8
1349.865,1019.0,1798.0,2178,76,79,12330.1
1349.984,1148.5,1798.0,2178,12,78,12344.7
1350.102,732.5,1798.0,2178,55,82,12345.6
1350.221,764.0,1798.0,2178,55,81,12348.2
1350.34,1023.0,1798.0,2178,67,79,12357.9
1350.459,736.4,1798.0,2178,19,80,12364.2
1350.577,736.4,1798.0,2178,98,83,12364.2
1350.697,1026.9,1798.0,2178,98,79,12371.5
1350.815,740.4,1798.0,2178,29,81,12374.8
1350.935,740.4,1798.0,2178,93,84,12375.3
1351.054,1030.9,1798.0,2178,93,79,12383.7
1351.172,744.3,1798.0,2178,33,82,12386.0
1351.291,744.3,1798.0,2178,89,83,12386.2
1351.41,1034.8,1798.0,2178,37,79,12393.3
1351.528,748.3,1798.0,2178,37,82,12395.5
1351.647,748.3,1798.0,2178,77,83,12395.6
1351.767,1038.8,1798.0,2178,50,79,12401.7
1351.885,752.2,1798.0,2178,50,81,12404.3
1352.004,752.2,1798.0,2178,62,84,12404.7
1352.124,1042.7,1798.0,2178,61,79,12415.2
1352.241,756.2,1798.0,2178,61,81,12419.6
1352.36,756.2,1798.0,2178,49,83,12419.6
1352.48,917.2,1798.0,2178,76,79,12438.2
1352.598,1046.7,1798.0,2178,9,79,12465.2
1352.717,1176.2,1798.0,2178,9,78,12491.8
1352.835,1176.2,1798.0,2178,12,78,12514.7
1352.953,760.1,1798.0,2178,18,80,12526.0
1353.071,760.1,1798.0,2178,18,83,12526.0
1353.19,921.1,1798.0,2178,92,79,12526.4
1353.314,1180.1,1798.0,2178,19,79,12441.2
1353.435,764.1,1798.0,2178,59,82,12442.4
1353.554,767.6,1798.0,2178,59,81,12447.9
1353.672,925.1,1798.0,2178,55,79,12464.7
1353.791,1054.6,1798.0,2178,10,78,12482.9
1353.908,1054.6,1798.0,2178,10,78,12503.6
1354.026,1184.1,1798.0,2178,7,78,12526.3
1354.146,1184.1,1798.0,2178,4,78,12545.1
1354.268,768.0,1798.0,2178,36,80,12546.4
1354.389,768.0,1798.0,2178,36,83,12536.5
1354.511,799.6,1798.0,2178,75,79,12546.2
1354.633,1058.6,1798.0,2178,8,78,12551.9
1354.755,1188.1,1798.0,2178,14,78,12563.6
1354.876,772.0,1798.0,2178,14,81,12562.6
1354.998,772.0,1798.0,2178,67,82,12554.2
1355.12,933.0,1798.0,2178,49,79,12560.3
1355.243,1062.5,1798.0,2178,49,78,12575.6
1355.364,1202.3,1798.0,2178,11,79,12583.4
1355.489,776.0,1798.0,2178,53,83,12574.6
1355.61,937.0,1798.0,2178,61,79,12579.7
1355.732,937.0,1798.0,2178,61,78,12593.8
1355.854,1066.5,1798.0,2178,9,78,12605.5
1355.976,1196.0,1798.0,2178,4,78,12617.7
1356.098,779.9,1798.0,2178,33,79,12619.7
1356.22,779.9,1798.0,2178,33,83,12611.1
1356.342,940.9,1798.0,2178,81,79,12619.3
1356.463,1070.4,1798.0,2178,9,78,12636.0
1356.585,1199.9,1798.0,2178,9,78,12657.5
1356.707,1199.9,1798.0,2178,8,78,12677.0
1356.831,1199.9,1798.0,2178,6,78,12695.2
1356.954,757.4,1798.0,2178,61,82,12686.5
1357.076,761.2,1798.0,2178,43,79,12734.3
1357.217,761.2,1798.0,2178,43,78,12792.3
1357.369,761.2,1798.0,2178,3,78,12779.5
1357.501,761.2,1798.0,2178,0,78,12830.9
1357.633,761.2,1798.0,2178,0,78,12874.9
1357.772,761.2,1798.0,2178,3,78,12923.7
1357.959,761.2,1798.0,2178,0,78,12978.8
1358.091,761.2,1798.0,2178,0,78,12967.7
1358.229,761.2,1798.0,2178,0,78,12618.5
1358.362,761.2,1798.0,2178,2,78,12595.1
1358.495,761.2,1798.0,2178,0,78,12689.6
1358.624,761.2,1798.0,2178,1,78,12768.2
1358.754,761.2,1798.0,2178,1,78,12834.0
1358.885,761.2,1798.0,2178,2,78,12901.9
1359.016,761.2,1798.0,2178,0,78,12974.6
1359.145,761.2,1798.0,2178,1,78,13037.6
1359.278,761.2,1798.0,2178,2,78,12991.1
1359.408,761.2,1798.0,2178,2,78,12909.8
1359.54,761.2,1798.0,2178,0,78,12987.8
1359.672,761.2,1798.0,2178,0,78,13077.9
1359.802,761.2,1798.0,2178,3,78,13147.2
1359.932,761.2,1798.0,2178,0,78,13212.2
1360.062,761.2,1798.0,2178,0,78,13255.8
1360.197,761.2,1798.0,2178,1,78,13345.8
1360.365,761.2,1798.0,2178,1,78,13367.1
1360.512,761.2,1798.0,2178,0,78,13132.5
1360.658,761.2,1798.0,2178,1,78,13201.9
1360.792,761.2,1798.0,2178,1,78,13276.9
1360.921,761.2,1798.0,2178,1,78,13332.2
1361.044,761.2,1798.0,2178,0,78,13369.4
1361.167,761.2,1798.0,2178,1,78,13407.4
1361.289,761.2,1798.0,2178,1,78,13437.2
1361.412,761.2,1798.0,2178,1,78,13452.2
1361.536,761.2,1798.0,2178,0,78,13599.3
1361.659,761.2,1798.0,2178,1,78,13292.6
1361.801,761.2,1798.0,2178,2,78,12972.2
1361.933,761.2,1798.0,2178,2,78,12972.2
1362.064,761.2,1798.0,2178,0,78,12972.2
1362.196,761.2,1798.0,2178,1,78,12972.2
1362.327,761.2,1798.0,2178,2,78,12972.2
1362.46,761.2,1798.0,2178,0,78,12972.2
1362.594,761.2,1798.0,2178,0,78,12972.2
1362.725,761.2,1798.0,2178,1,78,12972.2
1362.856,761.2,1798.0,2178,1,78,12972.2
1362.986,761.2,1798.0,2178,0,78,12972.2
1363.118,772.9,1798.0,2178,2,78,12808.2
1363.237,950.6,1798.0,2178,2,78,12824.1
1363.356,1080.1,1798.0,2178,10,78,12841.6
1363.474,1209.6,1798.0,2178,11,78,12858.9
1363.592,1209.6,1798.0,2178,11,78,12881.5
1363.71,1728.4,1798.0,2178,4,79,12897.1
1363.829,789.6,1798.0,2178,70,82,12897.8
1363.948,789.6,1798.0,2178,70,84,12897.8
1364.068,950.6,1798.0,2178,100,80,12908.4
1364.187,950.6,1798.0,2178,39,79,12932.4
1364.305,1080.1,1798.0,2178,7,78,12959.5
1364.424,1080.1,1798.0,2178,7,78,12980.3
1364.542,1209.6,1798.0,2178,4,78,13000.6
1364.66,1730.4,1798.0,2178,10,78,13017.2
1364.778,785.7,1798.0,2178,10,82,13017.2
1364.897,785.7,1798.0,2178,90,84,13017.2
1365.016,817.2,1798.0,2178,100,80,13022.6
1365.136,946.7,1798.0,2178,24,79,13041.2
1365.253,1076.2,1798.0,2178,24,78,13064.2
1365.371,1205.7,1798.0,2178,9,78,13086.6
1365.49,781.9,1798.0,2178,46,82,13091.6
1365.609,781.9,1798.0,2178,46,84,13091.6
1365.728,781.9,1798.0,2178,100,81,13091.6
1365.849,813.4,1798.0,2178,64,79,13110.1
1365.966,942.9,1798.0,2178,9,78,13123.5
1366.085,1201.9,1798.0,2178,9,78,13142.1
1366.203,1280.4,1798.0,2178,13,79,13157.1
1366.323,778.0,1798.0,2178,69,82,13157.1
1366.442,778.0,1798.0,2178,69,84,13157.1
1366.561,778.0,1798.0,2178,100,80,13162.3
1366.679,939.0,1798.0,2178,42,79,13182.2
1366.797,939.0,1798.0,2178,8,78,13204.2
1366.915,1068.5,1798.0,2178,8,78,13227.2
1367.032,1198.0,1798.0,2178,6,78,13252.2
1367.15,1198.0,1798.0,2178,5,78,13277.2
1367.268,1198.0,1798.0,2178,5,78,13301.3
1367.387,774.1,1798.0,2178,12,82,13304.6
1367.506,774.1,1798.0,2178,100,84,13304.6
1367.627,774.1,1798.0,2178,100,81,13304.6
1367.746,1064.6,1798.0,2178,94,79,13312.0
1367.865,1194.1,1798.0,2178,19,78,13326.3
1367.983,770.2,1798.0,2178,49,82,13330.8
1368.102,770.2,1798.0,2178,49,84,13330.8
1368.222,770.2,1798.0,2178,100,81,13330.8
1368.342,1231.2,1798.0,2178,77,79,13333.8
1368.462,766.3,1798.0,2178,77,82,13333.8
1368.582,766.3,1798.0,2178,93,84,13333.8
1368.702,797.8,1798.0,2178,100,81,13334.5
1368.82,762.4,1798.0,2178,53,80,13337.6
1368.939,762.4,1798.0,2178,53,83,13337.6
1369.059,762.4,1798.0,2178,100,84,13337.6
1369.179,923.4,1798.0,2178,90,80,13339.4
1369.297,1182.4,1798.0,2178,90,79,13343.7
1369.415,758.6,1798.0,2178,40,82,13343.7
1369.534,758.6,1798.0,2178,100,85,13343.7
1369.654,758.6,1798.0,2178,89,81,13344.5
1369.772,1178.6,1798.0,2178,89,79,13348.3
1369.891,754.7,1798.0,2178,52,83,13348.3
1370.01,754.7,1798.0,2178,100,84,13348.3
1370.131,761.7,1798.0,2178,100,81,13349.5
1370.249,1174.7,1798.0,2178,78,79,13354.2
1370.368,750.8,1798.0,2178,58,83,13354.3
1370.486,750.8,1798.0,2178,100,84,13354.3
1370.606,750.8,1798.0,2178,100,81,13355.0
1370.725,1170.8,1798.0,2178,73,79,13361.0
1370.844,746.9,1798.0,2178,68,83,13361.1
1370.963,746.9,1798.0,2178,68,84,13361.1
1371.083,746.9,1798.0,2178,100,81,13361.9
1371.202,1037.4,1798.0,2178,59,79,13368.5
1371.321,743.0,1798.0,2178,66,82,13370.0
1371.441,743.0,1798.0,2178,66,84,13370.0
1371.562,743.0,1798.0,2178,100,81,13370.0
1371.682,904.0,1798.0,2178,58,79,13379.0
1371.8,1163.0,1798.0,2178,58,79,13387.1
1371.919,739.1,1798.0,2178,36,82,13387.2
1372.039,739.1,1798.0,2178,100,84,13387.2
1372.159,739.1,1798.0,2178,85,81,13389.7
1372.278,1029.6,1798.0,2178,85,79,13400.5
1372.396,1159.1,1798.0,2178,15,79,13416.1
1372.514,735.3,1798.0,2178,54,82,13417.3
1372.634,735.3,1798.0,2178,54,84,13417.3
1372.754,735.3,1798.0,2178,100,82,13417.3
1372.875,896.3,1798.0,2178,61,80,13423.0
1372.993,1155.3,1798.0,2178,61,79,13428.5
1373.111,731.4,1798.0,2178,29,82,13428.5
1373.231,731.4,1798.0,2178,100,84,13428.5
1373.351,731.4,1798.0,2178,93,82,13430.9
1373.469,892.4,1798.0,2178,93,79,13440.8
1373.587,1151.4,1798.0,2178,16,79,13451.1
1373.705,727.5,1798.0,2178,58,83,13451.5
1373.825,727.5,1798.0,2178,58,84,13451.5
1373.946,727.5,1798.0,2178,100,82,13452.5
1374.064,1018.0,1798.0,2178,58,79,13460.1
1374.182,1180.7,1798.0,2178,20,79,13466.8
1374.301,723.6,1798.0,2178,20,83,13466.8
1374.42,723.6,1798.0,2178,100,84,13466.8
1374.54,727.1,1798.0,2178,98,81,13470.4
1374.658,884.6,1798.0,2178,98,79,13484.6
1374.776,1143.6,1798.0,2178,13,79,13490.1
1374.898,719.7,1798.0,2178,13,80,13489.2
1375.02,719.7,1798.0,2178,92,83,13476.2
1375.144,719.7,1798.0,2178,92,84,13463.6
1375.267,880.7,1798.0,2178,100,80,13462.7
1375.389,1010.2,1798.0,2178,19,79,13475.7
1375.51,1010.2,1798.0,2178,6,79,13492.1
1375.631,1139.7,1798.0,2178,6,78,13503.4
1375.753,715.8,1798.0,2178,35,82,13495.0
1375.874,715.8,1798.0,2178,100,84,13486.3
1375.996,715.8,1798.0,2178,100,81,13478.3
1376.118,876.9,1798.0,2178,80,79,13493.3
1376.239,1006.4,1798.0,2178,8,79,13512.4
1376.361,1006.4,1798.0,2178,4,79,13531.2
1376.483,1006.4,1798.0,2178,4,79,13553.5
1376.604,1135.9,1798.0,2178,4,78,13572.4
1376.726,1135.9,1798.0,2178,5,78,13594.6
1376.849,1135.9,1798.0,2178,5,78,13612.4
1376.97,712.0,1798.0,2178,5,83,13602.9
1377.092,712.0,1798.0,2178,98,84,13593.7
1377.215,712.0,1798.0,2178,100,82,13587.9
1377.337,873.0,1798.0,2178,100,79,13607.3
1377.459,873.0,1798.0,2178,9,79,13628.4
1377.581,1002.5,1798.0,2178,6,78,13650.4
1377.703,1132.0,1798.0,2178,12,78,13656.7
1377.825,708.1,1798.0,2178,12,82,13648.3
1377.948,708.1,1798.0,2178,89,85,13639.4
1378.071,708.1,1798.0,2178,100,81,13633.7
1378.193,869.1,1798.0,2178,23,79,13638.7
1378.316,1128.1,1798.0,2178,23,79,13641.8
1378.438,704.2,1798.0,2178,23,82,13634.8
1378.561,704.2,1798.0,2178,100,84,13625.2
1378.692,704.2,1798.0,2178,95,82,13616.6
1378.815,865.2,1798.0,2178,95,79,13621.3
1378.938,1124.2,1798.0,2178,14,79,13626.6
1379.061,700.3,1798.0,2178,20,80,13628.6
1379.183,700.3,1798.0,2178,20,83,13619.4
1379.306,700.3,1798.0,2178,100,85,13610.6
1379.429,731.8,1798.0,2178,95,80,13613.4
1379.552,861.3,1798.0,2178,6,79,13623.8
1379.689,990.8,1798.0,2178,9,79,13619.9
1379.892,1120.3,1798.0,2178,28,81,13601.0
1380.164,696.4,1798.0,2178,28,84,13591.5
1380.303,696.4,1798.0,2178,100,82,13582.9
1380.431,703.4,1798.0,2178,76,79,13581.4
1380.611,857.4,1798.0,2178,3,79,13552.5
1380.982,857.4,1798.0,2178,2,78,13509.3
1381.422,986.9,1798.0,2178,2,78,13472.0
1381.834,986.9,1798.0,2178,1,78,13434.0
1382.263,986.9,1798.0,2178,2,78,13368.2
1382.872,1116.4,1798.0,2178,59,83,13340.4
1383.236,692.5,1798.0,2178,100,83,13331.3
1383.363,699.6,1798.0,2178,44,79,13326.8
1383.539,853.6,1798.0,2178,2,78,13298.1
1383.88,853.6,1798.0,2178,1,78,13252.4
1384.304,853.6,1798.0,2178,3,78,13229.7
1384.581,983.1,1798.0,2178,2,78,13176.2
1385.0,983.1,1798.0,2178,2,78,13138.7
1385.415,1112.6,1798.0,2178,2,78,13083.2
1385.927,1112.6,1798.0,2178,2,77,13040.2
1386.364,1112.6,1798.0,2178,2,77,12985.8
1386.86,688.7,1798.0,2178,75,79,12977.1
1387.042,688.7,1798.0,2178,75,81,12967.8
1387.168,688.7,1798.0,2178,100,79,12970.3
1387.291,720.2,1798.0,2178,3,78,12971.4
1387.616,849.7,1798.0,2178,2,78,12967.4
1387.91,849.7,1798.0,2178,2,78,12921.3
1388.443,849.7,1798.0,2178,2,78,12871.1
1388.965,979.2,1798.0,2178,2,78,12824.6
1389.483,979.2,1798.0,2178,1,78,12801.5
1389.817,979.2,1798.0,2178,3,78,12680.4
1389.957,1108.7,1798.0,2178,4,78,12354.3
1390.137,1108.7,1798.0,2178,2,78,12251.8
1390.257,1108.7,1798.0,2178,6,78,12026.5
1390.376,662.2,1798.0,2178,6,81,11993.7
1390.496,662.2,1798.0,2178,71,84,11993.7
1390.616,662.2,1798.0,2178,100,81,11993.7
1390.736,646.6,1798.0,2178,100,79,11994.3
1390.855,650.2,1798.0,2178,36,78,12004.4
1390.975,643.1,1798.0,2178,1,78,12015.1
1391.093,674.4,1798.0,2178,41,79,12019.5
1391.213,674.4,1798.0,2178,41,84,12019.4
1391.332,835.4,1798.0,2178,93,79,11992.4
1391.451,1094.4,1798.0,2178,19,78,12005.6
1391.57,678.9,1798.0,2178,19,83,12010.4
1391.69,678.9,1798.0,2178,74,80,12018.8
1391.808,839.9,1798.0,2178,40,78,12037.7
1391.926,839.9,1798.0,2178,4,78,12055.9
1392.045,839.9,1798.0,2178,4,78,12074.2
1392.163,969.4,1798.0,2178,4,78,12091.1
1392.282,1098.9,1798.0,2178,10,78,12112.8
1392.4,683.4,1798.0,2178,10,82,12114.1
1392.52,683.4,1798.0,2178,76,81,12120.3
1392.639,844.4,1798.0,2178,39,78,12133.6
1392.757,973.9,1798.0,2178,11,78,12148.2
1392.876,973.9,1798.0,2178,11,78,12160.7
1392.994,687.9,1798.0,2178,9,79,12168.0
1393.112,687.9,1798.0,2178,74,83,12168.0
1393.233,719.4,1798.0,2178,74,79,12174.7
1393.352,978.4,1798.0,2178,43,78,12185.0
1393.47,1107.9,1798.0,2178,14,78,12197.2
1393.588,692.4,1798.0,2178,59,83,12199.6
1393.707,692.4,1798.0,2178,59,81,12202.9
1393.826,853.4,1798.0,2178,55,79,12215.0
1393.944,982.9,1798.0,2178,11,78,12225.3
1394.062,1112.4,1798.0,2178,11,78,12234.8
1394.18,696.9,1798.0,2178,27,84,12234.8
1394.3,728.4,1798.0,2178,86,79,12244.3
1394.418,857.9,1798.0,2178,86,78,12262.6
1394.537,987.4,1798.0,2178,7,78,12280.3
1394.655,1116.9,1798.0,2178,8,78,12294.7
1394.773,701.4,1798.0,2178,31,80,12299.7
1394.892,701.4,1798.0,2178,31,83,12299.7
1395.011,862.4,1798.0,2178,86,79,12307.8
1395.13,862.4,1798.0,2178,8,78,12327.1
1395.248,991.9,1798.0,2178,8,78,12346.8
1395.366,991.9,1798.0,2178,7,78,12366.7
1395.484,1121.4,1798.0,2178,5,78,12388.0
1395.602,1121.4,1798.0,2178,4,78,12408.8
1395.72,705.9,1798.0,2178,4,79,12423.0
1395.839,705.9,1798.0,2178,50,83,12423.0
1395.959,866.9,1798.0,2178,64,79,12431.1
1396.077,996.4,1798.0,2178,64,78,12443.6
1396.195,1125.9,1798.0,2178,8,78,12456.5
1396.314,710.4,1798.0,2178,36,83,12458.2
1396.434,710.4,1798.0,2178,81,81,12460.3
1396.554,871.4,1798.0,2178,81,78,12473.0
1396.672,1000.9,1798.0,2178,12,78,12484.5
1396.79,714.9,1798.0,2178,14,79,12493.3
1396.908,714.9,1798.0,2178,14,83,12493.3
1397.027,875.9,1798.0,2178,99,79,12498.4
1397.145,1005.4,1798.0,2178,19,78,12506.8
1397.263,1134.9,1798.0,2178,19,78,12514.3
1397.382,719.4,1798.0,2178,23,83,12514.3
1397.503,750.9,1798.0,2178,94,79,12519.0
1397.621,1009.9,1798.0,2178,14,78,12529.5
1397.74,1139.4,1798.0,2178,14,78,12538.4
1397.858,723.9,1798.0,2178,39,83,12538.4
1397.978,884.9,1798.0,2178,80,79,12542.3
1398.096,1014.4,1798.0,2178,80,78,12549.3
1398.215,1143.9,1798.0,2178,14,78,12556.2
1398.334,728.4,1798.0,2178,51,83,12556.2
1398.454,889.4,1798.0,2178,69,80,12559.8
1398.573,1018.9,1798.0,2178,69,78,12570.4
1398.691,1162.7,1798.0,2178,14,78,12576.4
1398.809,732.9,1798.0,2178,69,84,12576.4
1398.931,893.9,1798.0,2178,69,79,12581.5
1399.051,1023.4,1798.0,2178,49,78,12588.4
1399.17,737.4,1798.0,2178,17,80,12592.8
1399.288,737.4,1798.0,2178,95,83,12592.8
1399.407,898.4,1798.0,2178,95,79,12598.2
1399.526,1157.4,1798.0,2178,26,78,12603.4
1399.645,741.9,1798.0,2178,70,82,12603.4
1399.764,773.4,1798.0,2178,70,80,12604.9
1399.882,1161.9,1798.0,2178,54,78,12611.1
1400.0,746.4,1798.0,2178,52,83,12605.7
1400.122,907.4,1798.0,2178,75,80,12430.7
1400.246,1166.4,1798.0,2178,75,78,12385.6
1400.364,750.9,1798.0,2178,46,84,12385.6
1400.484,911.9,1798.0,2178,78,80,12388.3
1400.602,1170.9,1798.0,2178,78,79,12393.1
1400.721,755.4,1798.0,2178,29,83,12393.4
1400.841,916.4,1798.0,2178,99,80,12395.1
1400.96,1175.4,1798.0,2178,19,78,12401.1
1401.079,759.9,1798.0,2178,19,81,12402.8
1401.199,759.9,1798.0,2178,76,83,12403.2
1401.318,1050.4,1798.0,2178,54,79,12409.1
1401.437,764.4,1798.0,2178,54,82,12410.8
1401.557,764.4,1798.0,2178,68,82,12411.1
1401.674,1184.4,1798.0,2178,61,79,12415.9
1401.793,768.9,1798.0,2178,61,83,12416.7
1401.912,800.4,1798.0,2178,74,80,12420.3
1402.03,1059.4,1798.0,2178,49,79,12428.2
1402.149,1188.9,1798.0,2178,17,78,12438.6
1402.267,773.4,1798.0,2178,17,84,12438.6
1402.388,804.9,1798.0,2178,93,79,12446.4
1402.506,934.4,1798.0,2178,17,78,12465.7
1402.624,1063.9,1798.0,2178,17,78,12483.5
1402.742,1193.4,1798.0,2178,9,78,12502.4
1402.861,1193.4,1798.0,2178,7,78,12523.9
1402.979,1216.3,1798.0,2178,8,77,12540.4
1403.097,777.9,1798.0,2178,8,82,12540.4
1403.216,777.9,1798.0,2178,100,79,12553.0
1403.334,938.9,1798.0,2178,10,78,12570.6
1403.453,1068.4,1798.0,2178,10,78,12592.2
1403.57,1068.4,1798.0,2178,8,78,12613.4
1403.691,1197.9,1798.0,2178,9,78,12502.3
1403.811,782.4,1798.0,2178,37,79,12499.1
1403.931,782.4,1798.0,2178,37,82,12501.0
1404.05,943.4,1798.0,2178,72,79,12529.1
1404.168,943.4,1798.0,2178,7,78,12558.5
1404.286,1072.9,1798.0,2178,7,78,12580.7
1404.404,1072.9,1798.0,2178,5,78,12602.9
1404.523,1202.4,1798.0,2178,7,78,12624.7
1404.641,1202.4,1798.0,2178,16,78,12617.8
1404.763,786.9,1798.0,2178,16,84,12576.8
1404.888,947.9,1798.0,2178,97,79,12580.0
1405.01,947.9,1798.0,2178,6,78,12601.8
1405.131,1077.4,1798.0,2178,6,78,12514.5
1405.253,1077.4,1798.0,2178,8,78,12481.4
1405.387,1206.9,1798.0,2178,5,77,12503.5
1405.505,791.4,1798.0,2178,13,79,12520.0
1405.624,791.4,1798.0,2178,13,82,12520.0
1405.745,822.9,1798.0,2178,100,79,12541.9
1405.865,952.4,1798.0,2178,8,78,12561.1
1405.986,952.4,1798.0,2178,3,77,12586.5
1406.107,952.4,1798.0,2178,3,77,12579.4
1406.231,1081.9,1798.0,2178,2,78,12570.7
1406.353,1081.9,1798.0,2178,2,77,12558.3
1406.476,1081.9,1798.0,2178,2,77,12552.6
1406.598,1081.9,1798.0,2178,0,77,12555.2
1406.719,1081.9,1798.0,2178,3,77,12551.7
1406.841,1081.9,1798.0,2178,4,77,12569.7
1406.96,1211.4,1798.0,2178,4,77,12370.6
1407.081,1211.4,1798.0,2178,3,77,12061.5
1407.203,1211.4,1798.0,2178,4,77,11879.8
1407.323,1366.0,1798.0,2178,12,79,11903.1
1407.445,769.4,1798.0,2178,12,82,11894.5
1407.569,773.8,1798.0,2178,96,79,11892.2
1407.699,773.8,1798.0,2178,2,78,11923.9
1407.821,773.8,1798.0,2178,1,77,11968.5
1407.952,773.8,1798.0,2178,1,77,12010.0
1408.082,773.8,1798.0,2178,0,77,12049.6
1408.215,773.8,1798.0,2178,1,77,12083.5
1408.346,773.8,1798.0,2178,1,77,12104.5
1408.475,773.8,1798.0,2178,1,77,12218.7
1408.605,773.8,1798.0,2178,0,77,12292.5
1408.739,773.8,1798.0,2178,1,77,12351.4
1408.869,773.8,1798.0,2178,1,77,12423.8
1408.999,773.8,1798.0,2178,0,77,12487.8
1409.13,773.8,1798.0,2178,0,77,12547.6
1409.262,773.8,1798.0,2178,1,77,12604.0
1409.392,773.8,1798.0,2178,1,77,12664.3
1409.521,773.8,1798.0,2178,0,77,12770.0
1409.649,773.8,1798.0,2178,1,77,12859.3
1409.78,773.8,1798.0,2178,1,77,12921.8
1409.911,773.8,1798.0,2178,1,77,12990.5
1410.043,773.8,1798.0,2178,0,77,13052.0
1410.174,773.8,1798.0,2178,1,77,13115.6
1410.304,773.8,1798.0,2178,1,77,13067.6
1410.436,773.8,1798.0,2178,1,77,13072.4
1410.567,773.8,1798.0,2178,0,77,13168.9
1410.696,773.8,1798.0,2178,1,77,13247.8
1410.825,773.8,1798.0,2178,1,77,13315.4
1410.954,773.8,1798.0,2178,1,77,13380.2
1411.085,773.8,1798.0,2178,0,77,13183.0
1411.217,773.8,1798.0,2178,1,77,13211.3
1411.347,773.8,1798.0,2178,1,77,13226.6
1411.468,773.8,1798.0,2178,1,77,13237.3
1411.593,773.8,1798.0,2178,0,77,13536.0
1411.724,773.8,1798.0,2178,1,77,13052.7
1411.851,773.8,1798.0,2178,1,77,13052.7
1411.983,773.8,1798.0,2178,1,77,13052.7
1412.113,773.8,1798.0,2178,0,77,13052.7
1412.245,773.8,1798.0,2178,1,77,13052.7
1412.376,773.8,1798.0,2178,1,77,13052.7
1412.507,773.8,1798.0,2178,0,77,13052.7
1412.638,773.8,1798.0,2178,0,77,13052.7
1412.77,773.8,1798.0,2178,1,77,13052.7
1412.903,773.8,1798.0,2178,1,77,13052.7
1413.034,773.8,1798.0,2178,0,77,13052.7
1413.165,773.8,1798.0,2178,1,77,13052.7
1413.297,802.8,1798.0,2178,1,77,12870.7
1413.415,1272.5,1838.0,2218,29,81,12911.0
1413.534,802.9,1838.0,2218,100,82,12911.0
1413.653,802.9,1838.0,2218,100,82,12911.0
1413.772,963.9,1838.0,2218,100,79,12915.8
1413.891,798.6,1838.0,2218,48,81,12919.9
1414.01,798.6,1838.0,2218,100,83,12919.9
1414.134,798.6,1838.0,2218,100,83,12919.9
1414.254,830.1,1838.0,2218,100,79,12923.2
1414.375,1089.1,1838.0,2218,25,78,12946.4
1414.494,1218.6,1838.0,2218,25,78,12969.6
1414.613,794.3,1838.0,2218,13,83,12974.2
1414.733,794.3,1838.0,2218,90,83,12974.2
1414.853,794.3,1838.0,2218,100,82,12974.2
1414.974,825.8,1838.0,2218,100,79,12986.1
1415.092,955.3,1838.0,2218,31,78,12998.7
1415.21,1214.3,1838.0,2218,14,78,13011.7
1415.328,1214.3,1838.0,2218,14,78,13025.2
1415.447,790.0,1838.0,2218,27,84,13025.2
1415.565,790.0,1838.0,2218,100,83,13025.4
1415.685,790.0,1838.0,2218,99,81,13025.4
1415.804,951.0,1838.0,2218,99,79,13038.5
1415.922,951.0,1838.0,2218,9,78,13055.4
1416.04,1080.5,1838.0,2218,9,78,13070.5
1416.159,1210.0,1838.0,2218,9,78,13087.9
1416.277,1210.0,1838.0,2218,7,78,13104.8
1416.394,785.7,1838.0,2218,37,83,13107.5
1416.514,785.7,1838.0,2218,37,83,13107.5
1416.634,785.7,1838.0,2218,100,80,13107.5
1416.756,946.7,1838.0,2218,83,79,13114.2
1416.874,1076.2,1838.0,2218,15,78,13121.8
1416.993,781.4,1838.0,2218,15,79,13128.6
1417.111,781.4,1838.0,2218,49,84,13128.6
1417.232,781.4,1838.0,2218,100,83,13128.6
1417.354,781.4,1838.0,2218,100,81,13130.1
1417.473,1201.4,1838.0,2218,81,79,13135.2
1417.591,777.1,1838.0,2218,48,83,13135.5
1417.711,777.1,1838.0,2218,100,84,13135.5
1417.831,777.1,1838.0,2218,100,81,13135.5
1417.952,1067.6,1838.0,2218,89,79,13140.2
1418.071,772.8,1838.0,2218,22,80,13143.8
1418.19,772.8,1838.0,2218,22,84,13143.8
1418.311,772.8,1838.0,2218,96,83,13143.8
1418.431,772.8,1838.0,2218,100,81,13144.9
1418.55,1063.3,1838.0,2218,35,79,13150.5
1418.668,768.5,1838.0,2218,35,80,13153.6
1418.788,768.5,1838.0,2218,59,84,13153.6
1418.908,768.5,1838.0,2218,100,83,13153.6
1419.028,929.5,1838.0,2218,100,80,13155.5
1419.146,1188.5,1838.0,2218,72,79,13160.5
1419.266,764.2,1838.0,2218,35,83,13162.8
1419.386,764.2,1838.0,2218,100,83,13162.8
1419.508,764.2,1838.0,2218,100,82,13162.8
1419.628,925.2,1838.0,2218,100,79,13169.1
1419.747,1184.2,1838.0,2218,19,79,13175.0
1419.865,759.9,1838.0,2218,19,84,13175.7
1419.985,759.9,1838.0,2218,72,84,13175.7
1420.106,759.9,1838.0,2218,100,82,13175.7
1420.226,920.9,1838.0,2218,57,79,13187.0
1420.345,1050.4,1838.0,2218,57,79,13202.2
1420.463,1179.9,1838.0,2218,13,78,13219.4
1420.587,755.6,1838.0,2218,17,80,13225.6
1420.706,755.6,1838.0,2218,100,83,13225.6
1420.829,755.6,1838.0,2218,100,82,13225.6
1420.949,787.1,1838.0,2218,100,80,13230.3
1421.068,916.6,1838.0,2218,15,79,13245.0
1421.186,1046.1,1838.0,2218,15,78,13259.6
1421.304,1175.6,1838.0,2218,10,78,13275.8
1421.422,1175.6,1838.0,2218,8,78,13292.7
1421.54,751.3,1838.0,2218,8,83,13293.7
1421.66,751.3,1838.0,2218,69,84,13293.7
1421.781,751.3,1838.0,2218,100,81,13293.7
1421.901,912.3,1838.0,2218,54,79,13303.3
1422.019,1041.8,1838.0,2218,54,78,13315.8
1422.137,1171.3,1838.0,2218,11,78,13328.1
1422.255,747.0,1838.0,2218,26,81,13334.5
1422.376,747.0,1838.0,2218,26,83,13334.5
1422.496,747.0,1838.0,2218,100,83,13334.5
1422.615,908.0,1838.0,2218,100,79,13337.7
1422.733,1037.5,1838.0,2218,15,78,13347.7
1422.851,1167.0,1838.0,2218,15,78,13357.5
1422.97,742.7,1838.0,2218,28,83,13358.1
1423.09,742.7,1838.0,2218,100,83,13358.1
1423.209,742.7,1838.0,2218,100,81,13358.1
1423.328,903.7,1838.0,2218,100,79,13363.5
1423.447,1033.2,1838.0,2218,15,79,13370.6
1423.565,1162.7,1838.0,2218,12,78,13383.2
1423.683,738.4,1838.0,2218,12,84,13384.0
1423.805,738.4,1838.0,2218,92,83,13384.0
1423.924,738.4,1838.0,2218,100,80,13384.0
1424.044,769.9,1838.0,2218,100,79,13395.4
1424.161,899.4,1838.0,2218,33,78,13412.8
1424.279,1028.9,1838.0,2218,8,78,13429.5
1424.403,1158.4,1838.0,2218,11,78,13445.7
1424.521,734.0,1838.0,2218,11,80,13457.8
1424.639,734.0,1838.0,2218,45,83,13457.8
1424.758,734.0,1838.0,2218,100,83,13457.8
1424.877,734.0,1838.0,2218,100,80,13459.9
1424.995,895.1,1838.0,2218,78,79,13469.5
1425.113,1024.6,1838.0,2218,12,78,13479.0
1425.231,1154.1,1838.0,2218,16,78,13486.7
1425.349,729.7,1838.0,2218,16,84,13486.9
1425.47,729.7,1838.0,2218,100,83,13486.9
1425.59,729.7,1838.0,2218,100,80,13487.7
1425.709,890.8,1838.0,2218,100,79,13439.9
1425.828,1020.3,1838.0,2218,22,78,13334.6
1425.947,1149.8,1838.0,2218,11,78,13346.8
1426.065,725.4,1838.0,2218,60,83,13349.8
1426.184,725.4,1838.0,2218,60,83,13349.8
1426.303,725.4,1838.0,2218,100,83,13349.8
1426.422,886.5,1838.0,2218,69,79,13355.5
1426.54,1016.0,1838.0,2218,69,79,13369.0
1426.658,1016.0,1838.0,2218,8,78,13383.1
1426.776,1185.6,1838.0,2218,12,79,13390.5
1426.894,721.1,1838.0,2218,12,84,13390.5
1427.014,721.1,1838.0,2218,92,83,13390.5
1427.134,721.1,1838.0,2218,100,81,13392.5
1427.253,882.1,1838.0,2218,31,79,13405.4
1427.371,1011.6,1838.0,2218,31,78,13426.7
1427.489,1011.6,1838.0,2218,4,78,13448.1
1427.609,1011.6,1838.0,2218,4,78,13472.6
1427.728,1141.1,1838.0,2218,4,78,13495.0
1427.846,1141.1,1838.0,2218,7,78,13520.7
1427.964,1141.1,1838.0,2218,4,78,13493.1
1428.088,716.8,1838.0,2218,68,83,13375.9
1428.207,716.8,1838.0,2218,68,83,13375.9
1428.326,716.8,1838.0,2218,100,81,13375.9
1428.446,748.3,1838.0,2218,60,79,13395.0
1428.565,877.8,1838.0,2218,60,78,13421.4
1428.683,877.8,1838.0,2218,5,78,13447.3
1428.801,1007.3,1838.0,2218,8,78,13472.0
1428.919,1136.8,1838.0,2218,6,78,13492.6
1429.036,1666.2,1838.0,2218,6,80,13506.7
1429.156,712.5,1838.0,2218,43,83,13506.7
1429.277,712.5,1838.0,2218,100,83,13506.7
1429.398,712.5,1838.0,2218,100,80,13508.8
1429.516,873.5,1838.0,2218,78,79,13530.0
1429.634,873.5,1838.0,2218,6,78,13545.8
1429.754,1003.0,1838.0,2218,11,78,13394.6
1429.884,1132.5,1838.0,2218,11,78,13420.8
1430.002,708.2,1838.0,2218,7,80,13432.9
1430.121,708.2,1838.0,2218,81,83,13432.9
1430.24,708.2,1838.0,2218,81,83,13432.9
1430.36,708.2,1838.0,2218,100,80,13444.3
1430.478,869.2,1838.0,2218,41,79,13470.2
1430.596,869.2,1838.0,2218,6,78,13505.5
1430.725,998.7,1838.0,2218,6,78,13522.1
1430.847,1128.2,1838.0,2218,9,78,13537.8
1430.968,1128.2,1838.0,2218,6,78,13562.2
1431.09,703.9,1838.0,2218,51,83,13561.6
1431.213,703.9,1838.0,2218,51,83,13548.3
1431.337,703.9,1838.0,2218,100,82,13539.9
1431.46,735.4,1838.0,2218,67,79,13558.2
1431.582,864.9,1838.0,2218,67,78,13581.6
1431.705,864.9,1838.0,2218,4,78,13619.3
1431.827,994.4,1838.0,2218,7,78,13643.8
1431.95,994.4,1838.0,2218,5,78,13669.9
1432.072,1123.9,1838.0,2218,5,78,13691.5
1432.194,1504.2,1838.0,2218,5,79,13707.1
1432.32,699.6,1838.0,2218,57,84,13698.4
1432.442,699.6,1838.0,2218,100,83,13689.9
1432.565,699.6,1838.0,2218,100,81,13689.6
1432.686,731.1,1838.0,2218,64,78,13712.3
1432.819,860.6,1838.0,2218,2,78,13638.8
1433.395,860.6,1838.0,2218,1,78,13600.7
1433.843,860.6,1838.0,2218,1,78,13563.0
1434.285,990.1,1838.0,2218,0,78,13524.5
1434.714,990.1,1838.0,2218,0,78,13487.0
1435.155,1119.6,1838.0,2218,1,77,13446.1
1435.57,1119.6,1838.0,2218,2,77,13366.2
1436.147,695.3,1838.0,2218,31,80,13355.0
1436.322,695.3,1838.0,2218,100,81,13345.4
1436.452,695.3,1838.0,2218,100,79,13336.7
1436.576,702.3,1838.0,2218,15,78,13322.5
1436.866,856.3,1838.0,2218,1,78,13288.7
1437.252,856.3,1838.0,2218,0,78,13253.9
1437.651,856.3,1838.0,2218,1,77,13217.8
1438.072,985.8,1838.0,2218,0,77,13143.0
1438.663,985.8,1838.0,2218,0,78,13089.6
1439.182,985.8,1838.0,2218,0,77,13050.0
1439.6,985.8,1838.0,2218,2,77,13010.4
1440.015,1115.3,1838.0,2218,2,77,12965.2
1440.472,1115.3,1838.0,2218,2,77,12946.8
1440.809,1115.3,1838.0,2218,3,77,12943.1
1440.984,691.0,1838.0,2218,46,83,12847.4
1441.107,691.0,1838.0,2218,46,83,12842.9
1441.231,691.0,1838.0,2218,100,80,12832.8
1441.354,722.5,1838.0,2218,70,79,12864.2
1441.477,852.0,1838.0,2218,3,78,12898.1
1441.6,852.0,1838.0,2218,3,78,12928.2
1441.727,852.0,1838.0,2218,0,78,12898.6
1442.191,981.5,1838.0,2218,0,77,12853.3
1442.658,981.5,1838.0,2218,0,78,12809.8
1443.146,981.5,1838.0,2218,1,78,12766.8
1443.63,1111.0,1838.0,2218,3,77,12735.5
1443.868,1111.0,1838.0,2218,3,78,12414.2
1444.008,1111.0,1838.0,2218,3,77,12413.4
1444.126,664.4,1838.0,2218,3,82,12348.5
1444.245,664.4,1838.0,2218,61,82,12348.5
1444.366,664.4,1838.0,2218,100,82,12299.5
1444.486,646.6,1838.0,2218,57,79,12265.7
1444.604,646.7,1838.0,2218,57,78,12279.3
1444.725,678.3,1838.0,2218,21,80,12279.9
1444.844,678.3,1838.0,2218,100,83,12290.6
1444.964,683.0,1838.0,2218,100,81,12298.6
1445.083,683.0,1838.0,2218,92,84,12310.3
1445.201,687.7,1838.0,2218,80,81,12323.3
1445.32,687.7,1838.0,2218,98,84,12323.3
1445.439,692.4,1838.0,2218,98,79,12347.8
1445.559,692.4,1838.0,2218,70,85,12347.8
1445.679,982.9,1838.0,2218,79,80,12361.4
1445.798,697.1,1838.0,2218,79,83,12362.4
1445.917,728.6,1838.0,2218,76,82,12365.4
1446.035,701.9,1838.0,2218,67,80,12371.3
1446.153,701.9,1838.0,2218,86,85,12371.3
1446.274,992.4,1838.0,2218,86,79,12375.1
1446.393,706.6,1838.0,2218,50,82,12378.5
1446.512,706.6,1838.0,2218,94,83,12378.7
1446.63,711.3,1838.0,2218,94,80,12384.4
1446.751,711.3,1838.0,2218,63,84,12384.4
1446.871,1001.8,1838.0,2218,84,80,12388.5
1446.991,716.0,1838.0,2218,60,83,12390.2
1447.111,716.0,1838.0,2218,60,82,12391.1
1447.23,877.0,1838.0,2218,70,79,12404.1
1447.348,1006.5,1838.0,2218,10,78,12415.9
1447.467,720.7,1838.0,2218,10,80,12420.1
1447.586,720.7,1838.0,2218,47,83,12420.1
1447.705,881.8,1838.0,2218,73,79,12427.4
1447.823,1011.3,1838.0,2218,13,79,12436.5
1447.941,1140.8,1838.0,2218,13,78,12445.3
1448.06,725.5,1838.0,2218,9,80,12449.6
1448.179,725.5,1838.0,2218,85,83,12449.6
1448.298,886.5,1838.0,2218,85,79,12458.8
1448.417,1016.0,1838.0,2218,30,78,12469.0
1448.535,1145.5,1838.0,2218,14,78,12479.3
1448.653,730.2,1838.0,2218,75,83,12479.4
1448.777,761.7,1838.0,2218,75,80,12483.2
1448.896,891.2,1838.0,2218,43,78,12491.0
1449.014,1020.7,1838.0,2218,11,78,12498.2
1449.133,734.9,1838.0,2218,11,78,12504.0
1449.25,734.9,1838.0,2218,39,84,12504.0
1449.371,895.9,1838.0,2218,76,79,12509.2
1449.489,1025.4,1838.0,2218,76,79,12519.2
1449.607,1154.9,1838.0,2218,12,78,12529.2
1449.725,739.6,1838.0,2218,24,83,12530.9
1449.844,739.6,1838.0,2218,91,82,12532.4
1449.962,900.6,1838.0,2218,91,79,12541.6
1450.081,1030.1,1838.0,2218,12,78,12549.3
1450.2,744.3,1838.0,2218,20,79,12554.3
1450.318,744.3,1838.0,2218,20,83,12554.3
1450.438,905.4,1838.0,2218,98,79,12561.3
1450.557,1034.9,1838.0,2218,14,78,12568.7
1450.675,749.1,1838.0,2218,34,79,12571.8
1450.794,749.1,1838.0,2218,34,83,12571.8
1450.914,910.1,1838.0,2218,86,79,12576.9
1451.032,1169.1,1838.0,2218,18,78,12583.9
1451.15,753.8,1838.0,2218,18,83,12584.8
1451.271,785.3,1838.0,2218,73,80,12499.4
1451.399,1044.3,1838.0,2218,46,79,12506.0
1451.518,758.5,1838.0,2218,25,80,12510.0
1451.636,758.5,1838.0,2218,25,83,12510.0
1451.756,919.5,1838.0,2218,94,79,12514.2
1451.875,1178.5,1838.0,2218,19,78,12519.3
1451.993,763.2,1838.0,2218,19,83,12520.5
1452.112,794.7,1838.0,2218,68,81,12522.4
1452.231,1053.7,1838.0,2218,54,79,12529.0
1452.349,1241.2,1838.0,2218,19,80,12533.7
1452.467,767.9,1838.0,2218,19,84,12533.7
1452.59,929.0,1838.0,2218,99,79,12537.3
1452.708,1188.0,1838.0,2218,18,78,12544.2
1452.826,772.7,1838.0,2218,18,82,12546.0
1452.945,772.7,1838.0,2218,65,82,12546.7
1453.063,1063.2,1838.0,2218,57,79,12553.3
1453.182,777.4,1838.0,2218,40,81,12556.8
1453.301,777.4,1838.0,2218,40,84,12556.8
1453.42,938.4,1838.0,2218,83,79,12565.1
1453.539,1067.9,1838.0,2218,12,78,12573.0
1453.656,1197.4,1838.0,2218,12,78,12582.8
1453.774,782.1,1838.0,2218,28,83,12582.8
1453.894,813.6,1838.0,2218,88,80,12590.8
1454.013,943.1,1838.0,2218,8,79,12598.6
1454.132,1072.6,1838.0,2218,8,78,12548.9
1454.255,1072.6,1838.0,2218,9,78,12458.3
1454.377,1202.1,1838.0,2218,6,78,12466.9
1454.495,1202.1,1838.0,2218,6,78,12488.3
1454.613,786.8,1838.0,2218,4,81,12496.5
1454.732,786.8,1838.0,2218,88,83,12499.9
1454.85,818.3,1838.0,2218,21,79,12520.9
1454.968,947.8,1838.0,2218,21,78,12538.0
1455.087,1077.3,1838.0,2218,8,78,12559.4
1455.205,1206.8,1838.0,2218,8,78,12584.0
1455.323,1206.8,1838.0,2218,8,78,12605.5
1455.441,791.5,1838.0,2218,9,82,12607.9
1455.559,791.5,1838.0,2218,100,81,12594.3
1455.679,952.6,1838.0,2218,100,78,12432.9
1455.799,1082.1,1838.0,2218,16,78,12456.5
1455.917,1082.1,1838.0,2218,8,78,12476.7
1456.034,1211.6,1838.0,2218,9,78,12499.1
1456.152,796.3,1838.0,2218,9,82,12499.1
1456.32,957.3,1838.0,2218,93,79,12518.7
1456.439,957.3,1838.0,2218,23,78,12538.9
1456.557,1086.8,1838.0,2218,6,78,12558.1
1456.676,1086.8,1838.0,2218,6,77,12579.4
1456.794,1216.3,1838.0,2218,5,77,12599.1
1456.912,801.0,1838.0,2218,13,79,12607.1
1457.03,801.0,1838.0,2218,100,82,12568.9
1457.151,962.0,1838.0,2218,100,78,12502.0
1457.271,962.0,1838.0,2218,10,78,12491.7
1457.391,1091.5,1838.0,2218,5,78,12530.6
1457.508,1091.5,1838.0,2218,5,77,12569.9
1457.626,1091.5,1838.0,2218,4,77,12608.4
1457.744,1091.5,1838.0,2218,5,77,12629.4
1457.864,1221.0,1838.0,2218,4,77,12663.3
1457.985,1221.0,1838.0,2218,4,77,12694.7
1458.105,1221.0,1838.0,2218,3,77,12698.3
1458.228,1221.0,1838.0,2218,2,77,12689.0
1458.351,779.7,1838.0,2218,2,77,12580.4
1458.473,779.2,1838.0,2218,23,81,12270.6
1458.632,783.8,1838.0,2218,85,78,12380.6
1458.763,783.8,1838.0,2218,1,78,12412.3
1458.894,783.8,1838.0,2218,1,78,12449.2
1459.026,783.8,1838.0,2218,0,78,12479.7
1459.157,783.8,1838.0,2218,0,78,12513.8
1459.288,783.8,1838.0,2218,1,77,12620.8
1459.417,783.8,1838.0,2218,1,77,12716.5
1459.548,783.8,1838.0,2218,0,78,12780.0
1459.681,783.8,1838.0,2218,0,78,12847.3
1459.811,783.8,1838.0,2218,1,77,12913.6
1459.941,783.8,1838.0,2218,1,78,12975.0
1460.071,783.8,1838.0,2218,0,78,13033.5
1460.2,783.8,1838.0,2218,1,78,13063.6
1460.337,783.8,1838.0,2218,1,78,13118.9
1460.469,783.8,1838.0,2218,1,78,13213.2
1460.601,783.8,1838.0,2218,0,78,13277.3
1460.733,783.8,1838.0,2218,1,78,13320.8
1460.866,783.8,1838.0,2218,1,77,13378.1
1461.0,783.8,1838.0,2218,1,77,13416.8
1461.134,783.8,1838.0,2218,0,77,13468.9
1461.267,783.8,1838.0,2218,1,78,13472.7
1461.551,783.8,1838.0,2218,0,78,13466.9
1461.903,783.8,1838.0,2218,1,77,13433.4
1462.379,783.8,1838.0,2218,0,77,13434.7
1462.765,783.8,1838.0,2218,1,77,13438.0
1463.153,783.8,1838.0,2218,1,78,13438.9
1463.533,783.8,1838.0,2218,3,78,13439.0
1463.893,783.8,1838.0,2218,0,77,13440.0
1464.199,783.8,1838.0,2218,1,78,13424.3
1464.508,783.8,1838.0,2218,0,78,13322.8
1464.639,783.8,1838.0,2218,2,77,13070.5
1464.832,783.8,1838.0,2218,1,77,13026.2
1464.953,783.8,1838.0,2218,1,77,13024.2
1465.073,783.8,1838.0,2218,0,77,13035.5
1465.193,783.8,1838.0,2218,0,77,13251.3
1465.324,783.8,1838.0,2218,1,77,12749.0
1465.446,783.8,1838.0,2218,1,77,12771.2
1465.578,783.8,1838.0,2218,0,77,12800.3
1465.708,783.8,1838.0,2218,1,77,12828.9
1465.84,783.8,1838.0,2218,1,77,12856.4
1465.973,783.8,1838.0,2218,1,77,12904.9
1466.103,783.8,1838.0,2218,0,77,12963.3
1466.232,783.8,1838.0,2218,1,77,13021.4
1466.362,783.8,1838.0,2218,1,77,13079.4
1466.491,783.8,1838.0,2218,1,77,13137.9
1466.621,783.8,1838.0,2218,0,77,13195.6
1466.75,783.8,1838.0,2218,1,78,13252.8
1466.88,783.8,1838.0,2218,1,78,13272.4
1467.011,783.8,1838.0,2218,1,77,13272.4
1467.142,783.8,1838.0,2218,0,77,13272.4
1467.274,783.8,1838.0,2218,1,78,13272.4
1467.406,783.8,1838.0,2218,1,77,13272.4
1467.536,783.8,1838.0,2218,1,77,13272.4
1467.668,1103.5,1838.0,2218,0,77,13075.4
1467.787,813.0,1838.0,2218,49,82,13078.3
1467.907,813.0,1838.0,2218,100,83,13078.3
1468.026,813.0,1838.0,2218,100,82,13078.3
1468.145,808.3,1838.0,2218,100,80,13078.3
1468.263,808.3,1838.0,2218,90,85,13078.3
1468.383,808.3,1838.0,2218,90,83,13078.3
1468.502,808.3,1838.0,2218,100,81,13078.4
1468.621,803.7,1838.0,2218,75,81,13079.1
1468.74,803.7,1838.0,2218,99,84,13079.1
1468.861,803.7,1838.0,2218,99,83,13079.1
1468.98,964.7,1838.0,2218,100,80,13079.7
1469.099,799.0,1838.0,2218,75,84,13080.7
1469.218,799.0,1838.0,2218,75,84,13080.7
1469.338,799.0,1838.0,2218,100,83,13080.7
1469.457,830.6,1838.0,2218,88,80,13089.7
1469.576,960.1,1838.0,2218,6,79,13112.8
1469.695,960.1,1838.0,2218,6,78,13131.3
1469.813,794.4,1838.0,2218,23,83,13132.5
1469.933,794.4,1838.0,2218,100,84,13132.5
1470.052,794.4,1838.0,2218,100,82,13132.5
1470.172,825.9,1838.0,2218,100,79,13148.5
1470.29,955.4,1838.0,2218,24,79,13169.4
1470.409,1084.9,1838.0,2218,10,78,13188.7
1470.527,1214.4,1838.0,2218,10,78,13205.6
1470.645,789.8,1838.0,2218,24,83,13209.4
1470.764,789.8,1838.0,2218,100,84,13209.4
1470.884,789.8,1838.0,2218,100,81,13209.4
1471.004,950.8,1838.0,2218,100,79,13223.2
1471.122,1080.3,1838.0,2218,12,78,13247.2
1471.24,1209.8,1838.0,2218,12,78,13264.2
1471.359,785.1,1838.0,2218,15,80,13266.7
1471.478,785.1,1838.0,2218,76,83,13266.7
1471.597,785.1,1838.0,2218,100,83,13266.7
1471.717,816.6,1838.0,2218,100,80,13273.0
1471.835,1075.6,1838.0,2218,52,79,13292.5
1471.954,1205.1,1838.0,2218,12,78,13314.0
1472.072,780.5,1838.0,2218,12,80,13325.9
1472.19,780.5,1838.0,2218,42,83,13325.9
1472.31,780.5,1838.0,2218,100,83,13325.9
1472.43,787.5,1838.0,2218,84,80,13327.7
1472.549,1071.0,1838.0,2218,84,79,13344.2
1472.666,1200.5,1838.0,2218,13,78,13355.5
1472.785,775.8,1838.0,2218,34,81,13361.2
1472.905,775.8,1838.0,2218,34,83,13361.2
1473.024,775.8,1838.0,2218,100,84,13361.2
1473.144,936.8,1838.0,2218,94,80,13365.9
1473.263,1066.3,1838.0,2218,18,79,13376.7
1473.381,771.2,1838.0,2218,18,80,13382.5
1473.498,771.2,1838.0,2218,54,84,13382.5
1473.619,771.2,1838.0,2218,100,83,13382.5
1473.738,771.2,1838.0,2218,100,80,13384.0
1473.856,932.2,1838.0,2218,76,79,13401.3
1473.974,1061.7,1838.0,2218,11,78,13413.7
1474.092,766.5,1838.0,2218,36,80,13420.0
1474.211,766.5,1838.0,2218,36,84,13420.0
1474.331,766.5,1838.0,2218,100,84,13420.0
1474.451,766.5,1838.0,2218,92,80,13423.7
1474.569,927.5,1838.0,2218,92,79,13443.1
1474.686,1186.5,1838.0,2218,13,78,13455.6
1474.804,761.9,1838.0,2218,19,82,13464.1
1474.924,761.9,1838.0,2218,19,83,13464.1
1475.043,761.9,1838.0,2218,100,83,13464.1
1475.164,761.9,1838.0,2218,100,81,13473.9
1475.282,922.9,1838.0,2218,19,79,13498.5
1475.4,1052.4,1838.0,2218,19,78,13510.9
1475.518,1181.9,1838.0,2218,13,78,13521.0
1475.637,757.2,1838.0,2218,55,83,13304.5
1475.761,757.2,1838.0,2218,55,84,13304.5
1475.88,757.2,1838.0,2218,100,81,13304.7
1476.0,918.2,1838.0,2218,72,79,13328.7
1476.118,918.2,1838.0,2218,8,79,13351.6
1476.237,1047.7,1838.0,2218,8,78,13375.7
1476.355,1177.2,1838.0,2218,11,78,13395.6
1476.473,752.6,1838.0,2218,53,84,13395.7
1476.593,752.6,1838.0,2218,53,83,13395.7
1476.713,752.6,1838.0,2218,100,81,13395.7
1476.834,913.6,1838.0,2218,74,79,13414.9
1476.952,913.6,1838.0,2218,8,79,13434.5
1477.07,1043.1,1838.0,2218,8,78,13455.2
1477.188,1172.6,1838.0,2218,8,78,13415.0
1477.312,747.9,1838.0,2218,19,80,13417.4
1477.435,747.9,1838.0,2218,100,83,13408.4
1477.561,747.9,1838.0,2218,100,82,13400.2
1477.682,754.9,1838.0,2218,100,80,13401.6
1477.804,908.9,1838.0,2218,13,79,13419.6
1477.925,1038.4,1838.0,2218,13,78,13434.3
1478.047,1167.9,1838.0,2218,8,78,13449.9
1478.168,1167.9,1838.0,2218,8,79,13459.2
1478.29,743.3,1838.0,2218,77,85,13450.6
1478.411,743.3,1838.0,2218,77,83,13441.7
1478.534,743.3,1838.0,2218,100,82,13434.6
1478.655,904.3,1838.0,2218,50,79,13440.2
1478.778,1163.3,1838.0,2218,17,79,13444.0
1478.9,738.6,1838.0,2218,17,81,13445.7
1479.021,738.6,1838.0,2218,73,84,13437.0
1479.142,738.6,1838.0,2218,100,83,13428.3
1479.263,742.1,1838.0,2218,100,80,13436.9
1479.385,899.6,1838.0,2218,52,79,13461.8
1479.508,899.6,1838.0,2218,5,78,13485.6
1479.629,1029.1,1838.0,2218,6,78,13507.9
1479.75,1029.1,1838.0,2218,6,78,13531.0
1479.872,1158.6,1838.0,2218,6,78,13551.2
1479.994,1158.6,1838.0,2218,4,78,13577.6
1480.116,1242.4,1838.0,2218,20,80,13590.3
1480.238,734.0,1838.0,2218,20,84,13581.6
1480.36,734.0,1838.0,2218,100,84,13572.7
1480.484,734.0,1838.0,2218,100,81,13569.7
1480.607,895.0,1838.0,2218,100,79,13592.7
1480.729,895.0,1838.0,2218,6,79,13612.6
1480.851,1024.5,1838.0,2218,9,78,13624.4
1480.972,1154.0,1838.0,2218,9,78,13638.3
1481.094,729.3,1838.0,2218,9,82,13642.2
1481.215,729.3,1838.0,2218,53,83,13633.3
1481.338,729.3,1838.0,2218,100,83,13624.6
1481.461,890.3,1838.0,2218,72,80,13626.0
1481.585,1019.8,1838.0,2218,72,79,13640.0
1481.716,1149.3,1838.0,2218,11,78,13644.4
1481.909,724.7,1838.0,2218,9,84,13635.5
1482.06,724.7,1838.0,2218,86,84,13624.9
1482.196,724.7,1838.0,2218,100,81,13618.4
1482.323,885.7,1838.0,2218,3,79,13593.2
1482.68,1144.7,1838.0,2218,8,79,13568.2
1483.002,720.0,1838.0,2218,45,85,13558.6
1483.135,720.0,1838.0,2218,100,83,13549.3
1483.262,720.0,1838.0,2218,100,82,13541.2
1483.388,881.0,1838.0,2218,5,79,13525.2
1483.721,1010.5,1838.0,2218,5,79,13494.5
1484.08,1140.0,1838.0,2218,50,85,13480.2
1484.32,715.4,1838.0,2218,100,84,13470.9
1484.446,715.4,1838.0,2218,100,81,13462.1
1484.575,1005.9,1838.0,2218,79,79,13461.5
1484.727,1135.4,1838.0,2218,5,79,13427.3
1485.093,710.7,1838.0,2218,2,84,13418.5
1485.249,710.7,1838.0,2218,77,84,13409.2
1485.375,710.7,1838.0,2218,100,82,13400.4
1485.498,871.7,1838.0,2218,3,79,13293.9
1485.957,871.7,1838.0,2218,2,79,13256.7
1486.371,1001.2,1838.0,2218,3,78,13222.1
1486.779,1130.7,1838.0,2218,1,78,13193.4
1487.119,706.1,1838.0,2218,68,85,13185.1
1487.291,706.1,1838.0,2218,68,84,13175.7
1487.422,706.1,1838.0,2218,100,81,13170.1
1487.548,867.1,1838.0,2218,4,79,13150.1
1487.861,867.1,1838.0,2218,2,78,13115.5
1488.282,996.6,1838.0,2218,1,78,13076.0
1488.753,1126.1,1838.0,2218,2,78,13044.6
1489.152,701.4,1838.0,2218,100,83,13026.3
1489.455,701.4,1838.0,2218,100,81,13017.8
1489.581,732.9,1838.0,2218,3,79,12997.6
1489.83,862.4,1838.0,2218,5,79,12844.3
1489.953,862.4,1838.0,2218,5,79,12779.2
1490.085,991.9,1838.0,2218,6,78,12807.4
1490.207,696.8,1838.0,2218,23,82,12813.4
1490.33,696.8,1838.0,2218,100,83,12805.4
1490.456,696.8,1838.0,2218,100,84,12797.6
1490.58,857.8,1838.0,2218,100,80,12797.4
1490.704,987.3,1838.0,2218,17,79,12786.1
1490.829,987.3,1838.0,2218,2,79,12775.2
1490.955,987.3,1838.0,2218,2,79,12762.1
1491.081,987.3,1838.0,2218,1,78,12747.8
1491.206,987.3,1838.0,2218,2,78,12736.4
1491.331,987.3,1838.0,2218,2,78,12725.8
1491.456,987.3,1838.0,2218,2,78,12714.9
1491.581,987.3,1838.0,2218,1,78,12703.5
1491.705,987.3,1838.0,2218,2,78,12693.2
1491.829,987.3,1838.0,2218,2,78,12680.4
1491.955,987.3,1838.0,2218,2,78,12665.9
1492.082,987.3,1838.0,2218,0,78,12652.7
1492.207,987.3,1838.0,2218,2,78,12639.8
1492.332,987.3,1838.0,2218,2,78,12626.5
1492.457,987.3,1838.0,2218,2,78,12614.9
1492.581,987.3,1838.0,2218,0,78,12602.3
1492.705,987.3,1838.0,2218,2,78,12589.7
1492.83,987.3,1838.0,2218,2,78,12577.4
1492.955,987.3,1838.0,2218,2,78,12565.4
1493.08,987.3,1838.0,2218,0,78,12553.6
1493.205,987.3,1838.0,2218,2,78,12541.0
1493.332,987.3,1838.0,2218,2,77,12528.6
1493.457,987.3,1838.0,2218,2,77,12517.1
1493.581,987.3,1838.0,2218,0,77,12506.4
1493.706,1116.8,1838.0,2218,2,77,12495.8
1493.831,1116.8,1838.0,2218,2,77,12483.8
1493.955,1116.8,1838.0,2218,2,77,12472.2
1494.079,1116.8,1838.0,2218,0,77,12460.7
1494.204,1116.8,1838.0,2218,2,77,12449.1
1494.329,1116.8,1838.0,2218,2,77,12437.4
1494.454,1116.8,1838.0,2218,2,77,12426.4
1494.578,1116.8,1838.0,2218,0,77,12414.8
1494.704,1116.8,1838.0,2218,2,77,12403.2
1494.829,1116.8,1838.0,2218,2,77,12391.3
1494.953,1116.8,1838.0,2218,2,77,12379.7
1495.078,1116.8,1838.0,2218,0,77,12365.9
1495.2,1116.8,1838.0,2218,2,77,12350.9
1495.323,1116.8,1838.0,2218,2,77,12338.5
1495.445,1116.8,1838.0,2218,2,77,12186.3
1495.603,692.1,1838.0,2218,3,78,12202.1
1495.722,692.1,1838.0,2218,88,80,12202.1
1495.841,692.1,1838.0,2218,88,81,12202.1
1495.961,692.1,1838.0,2218,100,80,12187.7
1496.081,723.6,1838.0,2218,52,78,12189.5
1496.217,723.6,1838.0,2218,3,78,12182.3
1496.34,723.6,1838.0,2218,3,78,12170.0
1496.463,853.1,1838.0,2218,2,78,12159.6
1496.586,853.1,1838.0,2218,0,78,12147.6
1496.71,853.1,1838.0,2218,2,78,12135.3
1496.833,853.1,1838.0,2218,2,78,12127.8
1496.953,853.1,1838.0,2218,2,78,12118.2
1497.077,853.1,1838.0,2218,1,78,12111.3
1497.2,853.1,1838.0,2218,2,78,12103.4
1497.324,853.1,1838.0,2218,2,78,12098.4
1497.448,853.1,1838.0,2218,2,78,12088.9
1497.571,853.1,1838.0,2218,1,78,12081.7
1497.695,853.1,1838.0,2218,2,78,12072.0
1497.818,853.1,1838.0,2218,2,77,12065.0
1497.94,853.1,1838.0,2218,2,78,12057.4
1498.064,853.1,1838.0,2218,1,78,12049.1
1498.187,853.1,1838.0,2218,2,78,12043.0
1498.309,853.1,1838.0,2218,2,77,12035.2
1498.433,853.1,1838.0,2218,2,78,12014.9
1498.551,982.6,1838.0,2218,3,78,11984.8
1498.67,982.6,1838.0,2218,3,78,11978.0
1498.788,982.6,1838.0,2218,5,78,11970.4
1498.907,1112.1,1838.0,2218,5,78,11936.9
1499.027,1112.1,1838.0,2218,3,77,11852.0
1499.145,1112.1,1838.0,2218,3,77,11873.6
1499.263,1196.8,1838.0,2218,4,78,11892.4
1499.382,665.3,1838.0,2218,72,84,11892.4
1499.501,665.3,1838.0,2218,72,83,11892.4
1499.631,665.3,1838.0,2218,100,81,11892.2
1499.75,646.6,1838.0,2218,47,78,11897.7
1499.869,643.1,1838.0,2218,5,78,11908.0
1499.988,643.1,1838.0,2218,5,78,11922.3
1500.106,675.5,1838.0,2218,23,79,11842.5
1500.226,675.5,1838.0,2218,99,83,11842.5
1500.346,680.7,1838.0,2218,99,80,11844.6
1500.466,680.7,1838.0,2218,86,83,11844.6
1500.585,685.9,1838.0,2218,87,80,11849.0
1500.703,685.9,1838.0,2218,93,85,11849.0
1500.823,1105.9,1838.0,2218,93,79,11862.0
1500.941,691.1,1838.0,2218,80,83,11862.1
1501.112,696.3,1838.0,2218,91,81,11866.9
1501.232,696.3,1838.0,2218,95,83,11866.9
1501.359,701.5,1838.0,2218,95,80,11871.7
1501.479,701.5,1838.0,2218,77,85,11871.7
1501.602,706.7,1838.0,2218,89,80,11872.1
1501.722,706.7,1838.0,2218,92,85,11872.1
1501.844,1126.8,1838.0,2218,92,80,11874.7
1501.963,712.0,1838.0,2218,86,84,11874.7
1502.083,1002.5,1838.0,2218,89,80,11875.5
1502.203,717.2,1838.0,2218,89,83,11875.8
1502.323,1007.7,1838.0,2218,91,81,11878.1
1502.445,722.4,1838.0,2218,81,84,11878.3
1502.566,722.4,1838.0,2218,88,82,11878.4
1502.685,727.6,1838.0,2218,88,81,11901.3
1502.805,727.6,1838.0,2218,69,84,11901.3
1502.924,732.8,1838.0,2218,85,81,11903.7
1503.044,732.8,1838.0,2218,97,85,11903.7
1503.166,1023.3,1838.0,2218,97,80,11921.3
1503.285,738.0,1838.0,2218,56,83,11922.7
1503.404,738.0,1838.0,2218,92,82,11922.7
1503.523,899.0,1838.0,2218,92,79,11929.0
1503.643,1028.5,1838.0,2218,11,78,11940.6
1503.765,743.2,1838.0,2218,32,80,11943.6
1503.884,743.2,1838.0,2218,93,83,11943.8
1504.004,1033.7,1838.0,2218,93,79,11950.9
1504.123,748.4,1838.0,2218,19,79,11956.6
1504.241,748.4,1838.0,2218,77,84,11956.6
1504.365,909.5,1838.0,2218,77,80,11962.0
1504.483,1168.5,1838.0,2218,48,79,11969.1
1504.601,753.7,1838.0,2218,30,82,11971.3
1504.72,753.7,1838.0,2218,30,84,11971.8
1504.838,1044.2,1838.0,2218,88,79,11978.6
1504.957,1173.7,1838.0,2218,19,78,11984.3
1505.075,758.9,1838.0,2218,71,82,11984.3
1505.194,790.4,1838.0,2218,71,81,11986.9
1505.312,1049.4,1838.0,2218,50,79,11993.7
1505.43,1178.9,1838.0,2218,15,79,11999.2
1505.549,764.1,1838.0,2218,15,85,11999.2
1505.669,925.1,1838.0,2218,84,80,12002.4
1505.788,1054.6,1838.0,2218,35,79,12009.1
1505.906,1184.1,1838.0,2218,18,78,12014.7
1506.024,769.3,1838.0,2218,18,82,12014.7
1506.144,930.3,1838.0,2218,100,80,12017.8
1506.264,1059.8,1838.0,2218,24,79,12024.6
1506.383,1189.3,1838.0,2218,24,78,12030.4
1506.501,774.5,1838.0,2218,27,83,12030.4
1506.621,935.5,1838.0,2218,92,80,12033.5
1506.74,1065.0,1838.0,2218,18,78,12039.7
1506.859,779.7,1838.0,2218,18,80,12043.6
1506.978,779.7,1838.0,2218,60,84,12043.6
1507.097,940.7,1838.0,2218,60,79,12049.4
1507.216,1199.7,1838.0,2218,60,79,12056.0
1507.335,784.9,1838.0,2218,19,83,12059.0
1507.455,784.9,1838.0,2218,83,82,12059.2
1507.574,945.9,1838.0,2218,34,79,12067.7
1507.693,1075.4,1838.0,2218,34,78,12077.1
1507.811,790.1,1838.0,2218,15,79,12082.4
1507.929,790.1,1838.0,2218,86,82,12082.4
1508.048,951.2,1838.0,2218,86,79,12092.6
1508.167,951.2,1838.0,2218,35,78,12109.7
1508.284,1080.7,1838.0,2218,9,78,12127.3
1508.402,1210.2,1838.0,2218,9,78,12150.4
1508.52,1210.2,1838.0,2218,6,78,12172.1
1508.638,1210.2,1838.0,2218,4,78,12194.3
1508.757,795.4,1838.0,2218,50,81,12198.4
1508.876,795.4,1838.0,2218,50,82,12203.7
1508.994,956.4,1838.0,2218,63,79,12221.4
1509.112,956.4,1838.0,2218,5,78,12232.8
1509.232,956.4,1838.0,2218,5,78,12241.3
1509.351,1085.9,1838.0,2218,6,78,12232.4
1509.471,1085.9,1838.0,2218,4,78,12216.5
1509.589,1215.4,1838.0,2218,4,78,12238.0
1509.707,800.6,1838.0,2218,4,80,12238.2
1509.824,800.6,1838.0,2218,49,84,12238.2
1509.944,832.1,1838.0,2218,67,79,12255.3
1510.063,1091.1,1838.0,2218,67,78,12256.7
1510.181,805.8,1838.0,2218,19,80,12257.6
1510.299,805.8,1838.0,2218,61,84,12252.0
1510.419,805.8,1838.0,2218,52,79,12219.9
1510.558,966.8,1838.0,2218,52,79,12243.5
1510.678,1096.3,1838.0,2218,9,78,12137.2
1510.799,1225.8,1838.0,2218,12,78,12134.2
1510.921,1225.8,1838.0,2218,4,78,12150.1
1511.047,811.0,1838.0,2218,4,84,12151.0
1511.167,818.0,1838.0,2218,90,80,12160.6
1511.291,972.0,1838.0,2218,24,78,12140.4
1511.412,1101.5,1838.0,2218,24,78,12077.3
1511.534,1101.5,1838.0,2218,4,78,11722.5
1511.656,1231.0,1838.0,2218,6,78,11754.3
1511.81,1231.0,1838.0,2218,7,78,11783.4
1511.928,789.7,1838.0,2218,22,79,11806.9
1512.048,789.7,1838.0,2218,22,82,11806.9
1512.168,794.8,1838.0,2218,93,79,11873.4
1512.29,794.8,1838.0,2218,2,78,11999.2
1512.418,794.8,1838.0,2218,1,78,12077.1
1512.548,794.8,1838.0,2218,1,78,12077.4
1512.68,794.8,1838.0,2218,0,78,12147.2
1512.811,794.8,1838.0,2218,3,78,12214.7
1512.942,794.8,1838.0,2218,0,78,12277.3
1513.072,794.8,1838.0,2218,0,78,12328.1
1513.203,794.8,1838.0,2218,0,78,12371.3
1513.336,794.8,1838.0,2218,1,78,12441.6
1513.465,794.8,1838.0,2218,1,78,12562.3
1513.594,794.8,1838.0,2218,0,78,12636.0
1513.724,794.8,1838.0,2218,0,78,12686.3
1513.854,794.8,1838.0,2218,3,78,12753.5
1513.984,794.8,1838.0,2218,0,78,12818.6
1514.118,794.8,1838.0,2218,0,78,12887.7
1514.247,794.8,1838.0,2218,3,78,12901.1
1514.404,794.8,1838.0,2218,0,78,12904.2
1514.558,794.8,1838.0,2218,0,78,12931.5
1514.692,794.8,1838.0,2218,0,78,13011.9
1514.822,794.8,1838.0,2218,2,78,13070.8
1514.953,794.8,1838.0,2218,0,78,13119.6
1515.083,794.8,1838.0,2218,0,78,13170.3
1515.214,794.8,1838.0,2218,0,78,13226.7
1515.348,794.8,1838.0,2218,3,78,13282.0
1515.48,794.8,1838.0,2218,0,78,13169.4
1515.631,794.8,1838.0,2218,1,78,12813.6
1515.763,794.8,1838.0,2218,2,78,12904.4
1515.893,794.8,1838.0,2218,2,78,12988.2
1516.023,794.8,1838.0,2218,0,78,13037.9
1516.153,794.8,1838.0,2218,1,78,13116.8
1516.284,794.8,1838.0,2218,2,78,13180.6
1516.414,794.8,1838.0,2218,2,78,13238.8
1516.544,794.8,1838.0,2218,0,78,13283.0
1516.677,794.8,1838.0,2218,1,78,13300.0
1516.799,794.8,1838.0,2218,2,78,13318.1
1516.92,794.8,1838.0,2218,2,78,13325.6
1517.04,794.8,1838.0,2218,0,78,13597.9
1517.163,794.8,1838.0,2218,1,78,13739.3
1517.304,794.8,1838.0,2218,2,78,13302.2
1517.437,794.8,1838.0,2218,0,78,13302.2
1517.568,794.8,1838.0,2218,0,78,13302.2
1517.699,794.8,1838.0,2218,1,78,13302.2
1517.831,794.8,1838.0,2218,1,78,13302.2
1517.964,794.8,1838.0,2218,0,78,13302.2
1518.097,794.8,1838.0,2218,1,78,13302.2
1518.233,794.8,1838.0,2218,1,78,13302.2
1518.365,794.8,1838.0,2218,1,78,13302.2
1518.496,794.8,1838.0,2218,0,78,13302.2
1518.627,794.8,1838.0,2218,1,78,13302.2
1518.758,794.8,1838.0,2218,1,78,13302.2
1518.89,794.8,1838.0,2218,1,78,13302.2
1519.021,794.8,1838.0,2218,0,78,13175.8
1519.145,985.5,1838.0,2218,7,78,13098.8
1519.264,824.6,1858.0,2238,7,82,13104.6
1519.382,824.6,1858.0,2238,79,83,13104.6
1519.503,824.6,1858.0,2238,100,83,13104.6
1519.624,985.6,1858.0,2238,69,79,13114.3
1519.744,1115.1,1858.0,2238,69,79,13134.2
1519.863,819.6,1858.0,2238,19,80,13144.0
1519.982,819.6,1858.0,2238,74,84,13144.0
1520.102,819.6,1858.0,2238,74,83,13144.0
1520.223,819.6,1858.0,2238,100,81,13144.2
1520.343,1239.6,1858.0,2238,68,79,13150.9
1520.462,814.6,1858.0,2238,81,85,13150.9
1520.583,814.6,1858.0,2238,81,83,13150.9
1520.705,814.6,1858.0,2238,100,81,13150.9
1520.826,975.6,1858.0,2238,61,79,13168.5
1520.945,809.6,1858.0,2238,61,80,13176.5
1521.064,809.6,1858.0,2238,48,84,13176.5
1521.185,809.6,1858.0,2238,100,84,13176.5
1521.305,809.6,1858.0,2238,95,81,13178.4
1521.423,970.6,1858.0,2238,95,79,13196.8
1521.542,970.6,1858.0,2238,7,78,13217.5
1521.661,1261.8,1858.0,2238,17,79,13233.7
1521.779,804.5,1858.0,2238,17,85,13233.7
1521.9,804.5,1858.0,2238,91,83,13233.7
1522.02,804.5,1858.0,2238,100,81,13233.7
1522.14,965.6,1858.0,2238,41,79,13246.4
1522.26,1095.1,1858.0,2238,41,79,13264.9
1522.378,1224.6,1858.0,2238,14,78,13280.7
1522.496,799.5,1858.0,2238,60,85,13280.8
1522.618,799.5,1858.0,2238,60,83,13280.8
1522.738,799.5,1858.0,2238,100,81,13280.8
1522.858,1090.0,1858.0,2238,76,79,13285.1
1522.976,794.5,1858.0,2238,49,82,13289.8
1523.096,794.5,1858.0,2238,49,84,13289.8
1523.216,794.5,1858.0,2238,100,84,13289.8
1523.336,826.0,1858.0,2238,91,80,13292.1
1523.455,1214.5,1858.0,2238,91,79,13300.0
1523.573,789.5,1858.0,2238,26,84,13300.5
1523.696,789.5,1858.0,2238,99,84,13300.5
1523.816,789.5,1858.0,2238,100,81,13300.5
1523.936,950.5,1858.0,2238,100,79,13316.5
1524.054,1080.0,1858.0,2238,33,79,13327.5
1524.173,784.5,1858.0,2238,49,84,13328.6
1524.293,784.5,1858.0,2238,49,84,13328.6
1524.413,784.5,1858.0,2238,100,83,13328.6
1524.534,784.5,1858.0,2238,93,80,13330.3
1524.652,1075.0,1858.0,2238,17,79,13340.1
1524.772,779.5,1858.0,2238,17,80,13352.0
1524.89,779.5,1858.0,2238,50,84,13352.0
1525.009,779.5,1858.0,2238,100,83,13352.0
1525.129,779.5,1858.0,2238,100,81,13352.4
1525.248,940.5,1858.0,2238,86,79,13370.0
1525.366,1070.0,1858.0,2238,16,79,13380.5
1525.484,774.5,1858.0,2238,26,80,13392.2
1525.602,774.5,1858.0,2238,26,85,13392.2
1525.722,774.5,1858.0,2238,100,84,13392.2
1525.842,774.5,1858.0,2238,100,80,13393.1
1525.96,935.5,1858.0,2238,100,79,13405.6
1526.078,1194.5,1858.0,2238,22,79,13417.3
1526.196,769.5,1858.0,2238,31,82,13421.8
1526.316,769.5,1858.0,2238,100,84,13421.8
1526.438,769.5,1858.0,2238,100,84,13421.8
1526.558,930.5,1858.0,2238,100,80,13429.5
1526.676,1060.0,1858.0,2238,15,79,13444.9
1526.794,1189.5,1858.0,2238,15,79,13462.1
1526.911,764.4,1858.0,2238,12,80,13469.7
1527.03,764.4,1858.0,2238,77,84,13469.7
1527.15,764.4,1858.0,2238,100,83,13470.0
1527.286,925.4,1858.0,2238,100,80,13477.9
1527.404,925.4,1858.0,2238,55,79,13492.9
1527.523,1184.4,1858.0,2238,13,79,13505.8
1527.641,745.2,1858.0,2238,13,80,13509.1
1527.765,759.4,1858.0,2238,34,84,13498.9
1527.887,759.4,1858.0,2238,100,84,13492.4
1528.007,759.4,1858.0,2238,96,81,13494.6
1528.125,1049.9,1858.0,2238,96,79,13504.6
1528.243,1049.9,1858.0,2238,15,79,13519.4
1528.363,754.4,1858.0,2238,26,83,13514.5
1528.485,754.4,1858.0,2238,100,83,13504.0
1528.61,754.4,1858.0,2238,100,83,13493.8
1528.734,785.9,1858.0,2238,100,80,13492.5
1528.856,915.4,1858.0,2238,18,79,13506.4
1528.979,1044.9,1858.0,2238,18,79,13514.1
1529.101,1174.4,1858.0,2238,7,79,13526.1
1529.224,1174.4,1858.0,2238,8,79,13540.6
1529.346,749.4,1858.0,2238,32,83,13543.6
1529.469,749.4,1858.0,2238,32,83,13534.9
1529.591,749.4,1858.0,2238,100,83,13526.3
1529.715,749.4,1858.0,2238,94,80,13531.2
1529.838,910.4,1858.0,2238,5,79,13549.9
1529.962,910.4,1858.0,2238,5,79,13567.0
1530.085,1039.9,1858.0,2238,5,79,13582.4
1530.208,1039.9,1858.0,2238,6,79,13595.1
1530.33,1169.4,1858.0,2238,8,78,13613.2
1530.453,1169.4,1858.0,2238,8,79,13625.9
1530.575,744.4,1858.0,2238,32,85,13617.6
1530.7,744.4,1858.0,2238,100,84,13609.4
1530.823,744.4,1858.0,2238,100,81,13601.2
1530.947,905.4,1858.0,2238,95,79,13619.0
1531.069,905.4,1858.0,2238,5,79,13634.5
1531.194,1034.9,1858.0,2238,7,79,13648.3
1531.316,1034.9,1858.0,2238,7,78,13665.2
1531.439,1164.4,1858.0,2238,6,78,13675.3
1531.593,1164.4,1858.0,2238,5,79,13666.0
1531.84,739.4,1858.0,2238,84,84,13655.9
1531.982,739.4,1858.0,2238,84,83,13647.0
1532.109,739.4,1858.0,2238,100,80,13642.9
1532.251,900.4,1858.0,2238,4,79,13632.9
1532.513,900.4,1858.0,2238,2,78,13608.6
1532.835,1029.9,1858.0,2238,1,78,13574.0
1533.242,1159.4,1858.0,2238,1,78,13519.5
1533.679,1207.8,1858.0,2238,100,81,13472.8
1534.118,895.4,1858.0,2238,16,79,13453.3
1534.386,1024.9,1858.0,2238,2,78,13424.0
1534.743,1154.4,1858.0,2238,6,78,13403.6
1535.028,729.3,1858.0,2238,42,85,13395.5
1535.189,729.3,1858.0,2238,100,83,13386.1
1535.322,729.3,1858.0,2238,100,81,13378.4
1535.45,890.3,1858.0,2238,4,79,13369.4
1535.688,1019.8,1858.0,2238,4,78,13346.5
1535.991,724.3,1858.0,2238,52,85,13336.6
1536.191,724.3,1858.0,2238,100,84,13327.4
1536.324,724.3,1858.0,2238,100,81,13320.0
1536.452,885.3,1858.0,2238,6,79,13306.5
1536.733,1014.8,1858.0,2238,5,78,13284.9
1537.02,1377.3,1858.0,2238,100,84,13266.5
1537.318,719.3,1858.0,2238,100,82,13255.6
1537.446,750.8,1858.0,2238,100,79,13241.0
1537.621,1009.8,1858.0,2238,2,79,13187.4
1538.002,1139.3,1858.0,2238,16,81,13158.5
1538.355,714.3,1858.0,2238,100,84,13149.9
1538.485,714.3,1858.0,2238,100,82,13141.2
1538.614,745.8,1858.0,2238,100,80,13141.0
1538.749,875.3,1858.0,2238,4,79,13125.5
1539.019,1004.8,1858.0,2238,4,78,13095.3
1539.397,1134.3,1858.0,2238,2,78,13066.2
1539.766,1134.3,1858.0,2238,66,83,13043.9
1540.094,709.3,1858.0,2238,100,81,13035.1
1540.226,740.8,1858.0,2238,61,79,13025.0
1540.442,870.3,1858.0,2238,2,78,12988.7
1540.859,999.8,1858.0,2238,1,78,12954.0
1541.276,1129.3,1858.0,2238,6,78,12942.5
1541.546,704.3,1858.0,2238,19,85,12932.3
1541.773,704.3,1858.0,2238,100,83,12923.3
1541.897,704.3,1858.0,2238,100,81,12916.2
1542.021,865.3,1858.0,2238,11,79,12913.1
1542.319,865.3,1858.0,2238,5,78,12905.8
1542.561,1124.3,1858.0,2238,9,78,12898.6
1542.8,699.3,1858.0,2238,8,85,12891.4
1542.95,699.3,1858.0,2238,99,83,12883.5
1543.073,699.3,1858.0,2238,100,81,12875.6
1543.196,989.8,1858.0,2238,39,79,12878.7
1543.35,989.8,1858.0,2238,4,79,12873.4
1543.605,989.8,1858.0,2238,2,78,12867.2
1543.893,989.8,1858.0,2238,1,78,12861.0
1544.174,1119.3,1858.0,2238,3,78,12669.5
1544.409,1119.3,1858.0,2238,4,78,12655.9
1544.533,694.2,1858.0,2238,4,81,12671.9
1544.663,694.2,1858.0,2238,35,84,12671.9
1544.786,694.2,1858.0,2238,100,84,12671.7
1544.909,694.2,1858.0,2238,89,80,12682.7
1545.033,725.7,1858.0,2238,89,79,12715.8
1545.156,855.2,1858.0,2238,3,79,12749.2
1545.328,855.2,1858.0,2238,2,78,12695.5
1545.858,855.2,1858.0,2238,1,78,12665.1
1546.266,984.7,1858.0,2238,3,78,12648.4
1546.476,984.7,1858.0,2238,2,78,12633.6
1546.608,984.7,1858.0,2238,0,78,12619.3
1546.737,984.7,1858.0,2238,2,78,12605.4
1546.862,984.7,1858.0,2238,2,78,12592.3
1546.985,984.7,1858.0,2238,2,78,12579.1
1547.11,984.7,1858.0,2238,0,78,12565.9
1547.235,984.7,1858.0,2238,2,78,12553.3
1547.36,984.7,1858.0,2238,2,78,12539.7
1547.484,984.7,1858.0,2238,2,78,12525.7
1547.611,984.7,1858.0,2238,0,78,12512.4
1547.736,984.7,1858.0,2238,2,77,12498.6
1547.86,984.7,1858.0,2238,2,77,12484.8
1547.986,984.7,1858.0,2238,2,77,12472.2
1548.11,984.7,1858.0,2238,1,77,12480.9
1548.233,1114.2,1858.0,2238,5,77,12495.3
1548.356,1114.2,1858.0,2238,4,77,12520.7
1548.521,1114.2,1858.0,2238,2,77,12539.0
1548.701,667.3,1858.0,2238,2,80,12331.5
1548.83,667.3,1858.0,2238,78,81,12034.0
1548.954,667.3,1858.0,2238,100,82,11993.3
1549.075,659.5,1858.0,2238,64,79,11994.6
1549.195,646.7,1858.0,2238,64,78,12010.0
1549.326,679.7,1858.0,2238,2,79,12012.9
1549.446,679.7,1858.0,2238,94,83,12012.9
1549.566,711.2,1858.0,2238,94,81,12013.5
1549.685,685.3,1858.0,2238,83,82,12013.9
1549.804,685.3,1858.0,2238,94,83,11955.5
1549.925,1105.3,1858.0,2238,89,80,11938.8
1550.043,691.0,1858.0,2238,95,83,11938.9
1550.222,1111.0,1858.0,2238,95,82,11940.0
1550.34,696.6,1858.0,2238,79,81,11940.4
1550.46,696.6,1858.0,2238,89,83,11940.4
1550.58,728.1,1858.0,2238,64,81,11947.4
1550.698,702.3,1858.0,2238,64,81,11951.4
1550.817,702.3,1858.0,2238,81,83,11951.4
1550.937,733.8,1858.0,2238,86,82,11957.2
1551.055,992.8,1858.0,2238,86,79,11967.0
1551.173,1122.3,1858.0,2238,15,79,11983.8
1551.292,707.9,1858.0,2238,17,80,11989.7
1551.411,707.9,1858.0,2238,100,83,11989.7
1551.531,711.4,1858.0,2238,100,81,11996.9
1551.649,868.9,1858.0,2238,46,79,12010.8
1551.767,998.4,1858.0,2238,12,79,12026.4
1551.886,713.6,1858.0,2238,12,80,12038.1
1552.004,713.6,1858.0,2238,39,83,12038.1
1552.123,713.6,1858.0,2238,100,83,12040.0
1552.241,874.6,1858.0,2238,100,79,12055.5
1552.36,1004.1,1858.0,2238,23,79,12069.2
1552.478,1133.6,1858.0,2238,14,79,12080.1
1552.596,719.2,1858.0,2238,74,82,12080.1
1552.715,719.2,1858.0,2238,74,84,12080.1
1552.836,880.2,1858.0,2238,83,80,12094.0
1552.954,1009.7,1858.0,2238,8,79,12109.1
1553.073,1139.2,1858.0,2238,8,79,12120.5
1553.19,724.9,1858.0,2238,10,81,12129.5
1553.31,724.9,1858.0,2238,72,83,12129.5
1553.43,724.9,1858.0,2238,77,81,12134.8
1553.549,885.9,1858.0,2238,77,79,12150.7
1553.667,1015.4,1858.0,2238,7,79,12170.4
1553.785,1015.4,1858.0,2238,9,78,12189.1
1553.903,1144.9,1858.0,2238,9,78,12204.3
1554.022,730.5,1858.0,2238,7,80,12214.1
1554.14,730.5,1858.0,2238,65,83,12214.1
1554.259,730.5,1858.0,2238,84,82,12218.3
1554.378,891.5,1858.0,2238,84,79,12235.5
1554.495,891.5,1858.0,2238,5,79,12250.4
1554.613,1021.0,1858.0,2238,6,78,12264.1
1554.732,1150.5,1858.0,2238,6,78,12284.3
1554.85,736.2,1858.0,2238,12,80,12296.6
1554.969,736.2,1858.0,2238,76,83,12296.6
1555.089,736.2,1858.0,2238,76,81,12304.0
1555.207,897.2,1858.0,2238,70,79,12323.0
1555.326,897.2,1858.0,2238,8,79,12339.4
1555.443,1026.7,1858.0,2238,6,78,12346.0
1555.563,1026.7,1858.0,2238,6,78,12199.8
1555.681,1156.2,1858.0,2238,6,78,12216.7
1555.799,741.8,1858.0,2238,13,79,12226.5
1555.918,741.8,1858.0,2238,13,83,12226.5
1556.037,741.8,1858.0,2238,100,81,12229.0
1556.155,902.8,1858.0,2238,46,79,12242.2
1556.274,1032.3,1858.0,2238,10,79,12255.8
1556.393,1032.3,1858.0,2238,10,78,12268.7
1556.511,1161.8,1858.0,2238,9,78,12281.5
1556.63,747.5,1858.0,2238,44,81,12283.9
1556.751,747.5,1858.0,2238,44,83,12283.9
1556.871,908.5,1858.0,2238,100,80,12289.0
1556.989,1038.0,1858.0,2238,15,79,12296.4
1557.109,1167.5,1858.0,2238,16,78,12303.8
1557.228,753.1,1858.0,2238,16,82,12304.0
1557.347,753.1,1858.0,2238,98,83,12304.0
1557.467,1043.6,1858.0,2238,60,80,12308.8
1557.586,1173.1,1858.0,2238,60,79,12316.8
1557.704,758.8,1858.0,2238,28,82,12316.8
1557.824,758.8,1858.0,2238,100,84,12316.8
1557.944,1049.3,1858.0,2238,43,79,12322.5
1558.062,764.4,1858.0,2238,43,80,12326.3
1558.181,764.4,1858.0,2238,57,83,12326.3
1558.301,764.4,1858.0,2238,96,83,12327.3
1558.42,1054.9,1858.0,2238,96,79,12333.0
1558.539,770.1,1858.0,2238,20,80,12336.0
1558.659,770.1,1858.0,2238,77,83,12336.0
1558.779,801.6,1858.0,2238,77,82,12337.4
1558.897,1060.6,1858.0,2238,78,79,12343.3
1559.015,775.7,1858.0,2238,17,81,12347.4
1559.135,775.7,1858.0,2238,84,83,12347.4
1559.255,775.7,1858.0,2238,84,82,12348.4
1559.373,1066.2,1858.0,2238,71,79,12353.9
1559.492,1239.2,1858.0,2238,18,79,12359.0
1559.61,781.4,1858.0,2238,18,83,12300.8
1559.731,781.4,1858.0,2238,88,81,12294.6
1559.869,1071.9,1858.0,2238,66,79,12238.9
1559.99,1201.4,1858.0,2238,15,79,12166.0
1560.11,787.0,1858.0,2238,15,82,12166.0
1560.23,787.0,1858.0,2238,84,84,12166.3
1560.352,948.0,1858.0,2238,73,80,12173.2
1560.47,1077.5,1858.0,2238,13,79,12179.6
1560.589,792.7,1858.0,2238,13,81,12182.9
1560.709,792.7,1858.0,2238,58,83,12182.9
1560.828,796.2,1858.0,2238,94,82,12185.0
1560.946,1083.2,1858.0,2238,94,79,12191.6
1561.063,1212.7,1858.0,2238,15,79,12199.2
1561.181,798.3,1858.0,2238,24,81,12201.7
1561.3,798.3,1858.0,2238,100,83,12201.7
1561.419,959.3,1858.0,2238,100,80,12207.1
1561.538,959.3,1858.0,2238,37,79,12217.2
1561.656,1088.8,1858.0,2238,10,79,12228.3
1561.774,1218.3,1858.0,2238,10,78,12239.0
1561.892,804.0,1858.0,2238,24,82,12239.0
1562.011,804.0,1858.0,2238,100,84,12239.0
1562.13,965.0,1858.0,2238,36,79,12252.2
1562.248,965.0,1858.0,2238,36,79,12266.6
1562.366,1224.0,1858.0,2238,9,78,12277.3
1562.485,809.6,1858.0,2238,60,82,12278.9
1562.604,809.6,1858.0,2238,60,84,12278.9
1562.724,970.6,1858.0,2238,96,80,12291.1
1562.843,1100.1,1858.0,2238,16,79,12305.1
1562.961,815.3,1858.0,2238,61,82,12308.2
1563.081,815.3,1858.0,2238,61,83,12308.2
1563.201,976.3,1858.0,2238,94,80,12314.3
1563.32,1235.3,1858.0,2238,24,80,12322.0
1563.438,820.9,1858.0,2238,24,82,12322.0
1563.557,820.9,1858.0,2238,96,83,12322.0
1563.676,1111.4,1858.0,2238,59,79,12340.2
1563.795,1240.9,1858.0,2238,59,79,12353.7
1563.913,826.6,1858.0,2238,16,83,12355.3
1564.032,826.6,1858.0,2238,92,84,12355.3
1564.151,987.6,1858.0,2238,60,80,12370.6
1564.269,987.6,1858.0,2238,60,79,12390.9
1564.392,1117.1,1858.0,2238,8,79,12396.8
1564.513,1246.6,1858.0,2238,6,78,12421.6
1564.634,1246.6,1858.0,2238,6,78,12448.6
1564.755,1246.6,1858.0,2238,6,78,12473.0
1564.876,805.7,1858.0,2238,37,82,12453.4
1564.998,805.7,1858.0,2238,100,81,12468.5
1565.149,811.3,1858.0,2238,13,79,12537.1
1565.277,811.3,1858.0,2238,13,79,12588.8
1565.411,811.3,1858.0,2238,0,78,12421.0
1565.55,811.3,1858.0,2238,0,78,12236.7
1565.686,811.3,1858.0,2238,0,78,12270.7
1565.818,811.3,1858.0,2238,0,78,12290.3
1565.951,811.3,1858.0,2238,0,78,12387.0
1566.08,811.3,1858.0,2238,3,78,12443.0
1566.21,811.3,1858.0,2238,1,78,12502.5
1566.341,811.3,1858.0,2238,1,78,12533.7
1566.474,811.3,1858.0,2238,0,78,12590.9
1566.606,811.3,1858.0,2238,0,78,12589.8
1566.738,811.3,1858.0,2238,1,78,12618.0
1566.869,811.3,1858.0,2238,1,78,12581.1
1567.005,811.3,1858.0,2238,0,78,12578.1
1567.138,811.3,1858.0,2238,2,78,12552.6
1567.269,811.3,1858.0,2238,2,78,12605.4
1567.401,811.3,1858.0,2238,2,78,12654.7
1567.532,811.3,1858.0,2238,0,78,12716.4
1567.661,811.3,1858.0,2238,1,78,12730.9
1567.794,811.3,1858.0,2238,1,78,12726.1
1567.944,811.3,1858.0,2238,1,78,12767.9
1568.075,811.3,1858.0,2238,0,78,12779.9
1568.206,811.3,1858.0,2238,1,78,12818.9
1568.339,811.3,1858.0,2238,1,78,12868.3
1568.471,811.3,1858.0,2238,1,78,12895.8
1568.602,811.3,1858.0,2238,0,78,12946.5
1568.733,811.3,1858.0,2238,1,78,13008.9
1568.864,811.3,1858.0,2238,1,78,13036.7
1568.995,811.3,1858.0,2238,0,78,13064.3
1569.127,811.3,1858.0,2238,0,78,13096.9
1569.261,811.3,1858.0,2238,1,78,13118.7
1569.393,811.3,1858.0,2238,1,78,13160.8
1569.524,811.3,1858.0,2238,0,78,13220.4
1569.656,811.3,1858.0,2238,1,78,13247.0
1569.79,811.3,1858.0,2238,1,78,13275.7
1569.922,811.3,1858.0,2238,1,78,13302.0
1570.053,811.3,1858.0,2238,0,78,13328.4
1570.187,811.3,1858.0,2238,1,78,13358.9
1570.318,811.3,1858.0,2238,1,78,13424.6
1570.455,811.3,1858.0,2238,1,78,13459.6
1570.586,811.3,1858.0,2238,0,78,13489.9
1570.719,811.3,1858.0,2238,1,78,13516.3
1570.852,811.3,1858.0,2238,1,78,13542.7
1570.985,811.3,1858.0,2238,0,78,13569.6
1571.116,811.3,1858.0,2238,0,78,13609.9
1571.249,811.3,1858.0,2238,1,78,13640.9
1571.381,811.3,1858.0,2238,1,78,13686.3
1571.51,811.3,1858.0,2238,1,78,13714.2
1572.12,811.3,1858.0,2238,1,78,13689.2
1572.523,811.3,1858.0,2238,0,78,13523.1
1573.679,811.3,1858.0,2238,1,78,13360.1
1574.858,811.3,1858.0,2238,1,78,13307.3
1575.526,811.3,1858.0,2238,1,78,13291.9
1575.919,811.3,1858.0,2238,1,78,13163.1
1576.063,811.3,1858.0,2238,0,78,12520.5
1576.185,811.3,1858.0,2238,1,78,12540.9
1576.31,811.3,1858.0,2238,1,78,12562.6
1576.436,811.3,1858.0,2238,1,78,12584.2
1576.561,811.3,1858.0,2238,0,78,12606.4
1576.686,811.3,1858.0,2238,1,78,12626.3
1576.81,811.3,1858.0,2238,1,78,12645.5
1576.932,811.3,1858.0,2238,1,78,12665.8
1577.058,811.3,1858.0,2238,0,78,12684.1
1577.186,811.3,1858.0,2238,1,78,12703.9
1577.308,811.3,1858.0,2238,1,78,12723.2
1577.43,811.3,1858.0,2238,1,78,12741.9
1577.558,811.3,1858.0,2238,0,78,12762.1
1577.681,811.3,1858.0,2238,1,78,12780.4
1577.805,811.3,1858.0,2238,1,78,12800.1
1577.932,811.3,1858.0,2238,1,78,12818.5
1578.054,811.3,1858.0,2238,0,78,12833.0
1578.176,811.3,1858.0,2238,1,78,12851.2
1578.301,811.3,1858.0,2238,1,78,12869.4
1578.423,811.3,1858.0,2238,1,78,12886.6
1578.546,811.3,1858.0,2238,0,78,12902.6
1578.672,811.3,1858.0,2238,0,78,12922.2
1578.793,811.3,1858.0,2238,1,78,12940.1
1578.915,811.3,1858.0,2238,1,78,12961.8
1579.036,811.3,1858.0,2238,0,78,12982.9
1579.16,811.3,1858.0,2238,0,78,13002.4
1579.286,811.3,1858.0,2238,1,78,13021.8
1579.412,811.3,1858.0,2238,1,78,13043.9
1579.539,811.3,1858.0,2238,0,78,13063.5
1579.664,811.3,1858.0,2238,0,78,13082.5
1579.79,811.3,1858.0,2238,2,78,13100.8
1579.912,811.3,1858.0,2238,1,78,13121.5
1580.034,811.3,1858.0,2238,0,78,13139.7
1580.16,811.3,1858.0,2238,0,78,13158.8
1580.283,811.3,1858.0,2238,1,78,13177.6
1580.408,811.3,1858.0,2238,1,78,13198.8
1580.533,811.3,1858.0,2238,0,78,13170.6
1580.656,811.3,1858.0,2238,0,78,13136.3
1580.781,811.3,1858.0,2238,1,78,13153.1
1580.906,811.3,1858.0,2238,1,78,13169.9
1581.031,811.3,1858.0,2238,0,78,13187.4
1581.152,811.3,1858.0,2238,0,78,13207.0
1581.273,811.3,1858.0,2238,1,78,13225.1
1581.397,811.3,1858.0,2238,1,78,13244.3
1581.521,811.3,1858.0,2238,0,78,13262.3
1581.647,811.3,1858.0,2238,0,78,13279.6
1581.771,811.3,1858.0,2238,1,78,13299.5
1581.892,811.3,1858.0,2238,1,78,13318.5
1582.017,811.3,1858.0,2238,1,78,13337.1
1582.14,811.3,1858.0,2238,0,78,13301.3
1582.264,811.3,1858.0,2238,1,78,13255.9
1582.391,811.3,1858.0,2238,1,78,13251.0
1582.518,811.3,1858.0,2238,1,78,13263.8
1582.645,811.3,1858.0,2238,0,78,13269.3
1582.769,811.3,1858.0,2238,1,78,13244.2
1582.901,811.3,1858.0,2238,1,78,13244.2
1583.031,811.3,1858.0,2238,0,78,13244.2
1583.161,811.3,1858.0,2238,0,78,13244.2
1583.292,811.3,1858.0,2238,1,78,13244.2
1583.423,811.3,1858.0,2238,1,78,13244.2
1583.555,1002.4,1858.0,2238,9,78,13014.4
1583.674,841.4,1878.0,2258,9,82,13022.6
1583.794,841.4,1878.0,2258,92,83,13022.6
1583.914,841.4,1878.0,2258,100,85,13022.6
1584.035,841.4,1878.0,2258,100,81,13022.8
1584.157,1301.3,1878.0,2278,100,79,13034.5
1584.275,835.8,1898.0,2278,64,82,13034.5
1584.395,835.8,1898.0,2278,100,84,13034.5
1584.515,835.8,1898.0,2278,100,85,13034.5
1584.635,996.8,1898.0,2278,100,82,13034.8
1584.754,830.2,1898.0,2278,80,81,13038.0
1584.874,830.2,1898.0,2278,100,83,13038.0
1584.994,830.2,1898.0,2278,100,85,13038.0
1585.114,830.2,1898.0,2278,100,83,13038.0
1585.234,1250.2,1898.0,2278,78,80,13043.1
1585.353,824.6,1898.0,2278,78,83,13043.9
1585.491,824.6,1898.0,2278,97,85,13043.9
1585.611,824.6,1898.0,2278,100,85,13043.9
1585.732,856.2,1898.0,2278,87,81,13049.2
1585.85,819.1,1898.0,2278,87,81,13054.9
1585.97,819.1,1898.0,2278,68,83,13054.9
1586.089,819.1,1898.0,2278,100,86,13054.9
1586.208,819.1,1898.0,2278,100,83,13054.9
1586.328,980.1,1898.0,2278,100,80,13061.3
1586.447,813.5,1898.0,2278,52,81,13069.9
1586.567,813.5,1898.0,2278,96,84,13069.9
1586.686,813.5,1898.0,2278,96,85,13069.9
1586.807,813.5,1898.0,2278,100,83,13069.9
1586.927,1233.5,1898.0,2278,88,80,13072.6
1587.046,807.9,1898.0,2278,88,83,13072.6
1587.165,807.9,1898.0,2278,89,85,13072.6
1587.286,807.9,1898.0,2278,100,85,13072.6
1587.405,807.9,1898.0,2278,100,82,13073.3
1587.524,802.3,1898.0,2278,100,82,13075.4
1587.644,802.3,1898.0,2278,75,84,13075.4
1587.764,802.3,1898.0,2278,100,85,13075.4
1587.884,802.3,1898.0,2278,100,83,13075.4
1588.007,963.3,1898.0,2278,100,80,13084.1
1588.125,1092.8,1898.0,2278,35,80,13094.8
1588.243,1455.1,1898.0,2278,16,80,13101.3
1588.364,796.8,1898.0,2278,16,83,13101.3
1588.483,796.8,1898.0,2278,98,85,13101.3
1588.603,796.8,1898.0,2278,100,85,13101.3
1588.727,828.3,1898.0,2278,77,81,13104.2
1588.848,1087.3,1898.0,2278,77,80,13114.3
1588.967,1249.7,1898.0,2278,17,79,13122.8
1589.085,791.2,1898.0,2278,68,83,13122.8
1589.205,791.2,1898.0,2278,68,85,13122.8
1589.326,791.2,1898.0,2278,100,85,13122.8
1589.447,791.2,1898.0,2278,100,81,13125.5
1589.566,1081.7,1898.0,2278,21,80,13138.2
1589.684,1211.2,1898.0,2278,21,79,13147.7
1589.802,785.6,1898.0,2278,35,83,13148.2
1589.923,785.6,1898.0,2278,100,84,13148.2
1590.043,785.6,1898.0,2278,100,85,13148.2
1590.163,785.6,1898.0,2278,100,83,13149.3
1590.283,946.6,1898.0,2278,58,80,13162.9
1590.401,1076.1,1898.0,2278,14,79,13177.6
1590.519,1438.3,1898.0,2278,14,80,13189.4
1590.637,780.0,1898.0,2278,47,83,13189.4
1590.758,780.0,1898.0,2278,100,85,13189.4
1590.879,780.0,1898.0,2278,100,85,13189.4
1590.999,811.5,1898.0,2278,100,81,13193.9
1591.118,1070.5,1898.0,2278,38,80,13207.5
1591.236,1200.0,1898.0,2278,14,79,13224.3
1591.355,774.4,1898.0,2278,14,81,13231.7
1591.475,774.4,1898.0,2278,71,84,13231.7
1591.595,774.4,1898.0,2278,100,85,13231.7
1591.716,774.4,1898.0,2278,100,82,13231.7
1591.837,935.5,1898.0,2278,100,80,13253.2
1591.957,1065.0,1898.0,2278,16,80,13285.9
1592.075,1194.5,1898.0,2278,12,79,13310.4
1592.195,768.9,1898.0,2278,12,82,12965.1
1592.316,768.9,1898.0,2278,89,84,12965.1
1592.437,768.9,1898.0,2278,100,85,12965.1
1592.564,768.9,1898.0,2278,100,82,12965.9
1592.684,929.9,1898.0,2278,89,80,12989.7
1592.802,1059.4,1898.0,2278,12,79,13019.6
1592.921,1188.9,1898.0,2278,11,79,13052.2
1593.039,763.3,1898.0,2278,11,82,13056.2
1593.16,763.3,1898.0,2278,81,83,13056.2
1593.28,763.3,1898.0,2278,100,85,13056.2
1593.4,763.3,1898.0,2278,100,82,13056.2
1593.521,924.3,1898.0,2278,97,80,13075.6
1593.64,1053.8,1898.0,2278,10,79,13096.3
1593.758,1183.3,1898.0,2278,13,79,13120.0
1593.876,757.7,1898.0,2278,13,81,13136.1
1593.996,757.7,1898.0,2278,50,83,13136.1
1594.117,757.7,1898.0,2278,100,85,13136.1
1594.238,757.7,1898.0,2278,100,85,13136.1
1594.361,789.2,1898.0,2278,100,81,13151.7
1594.479,918.7,1898.0,2278,32,80,13180.8
1594.596,1048.2,1898.0,2278,8,79,13206.0
1594.714,1177.7,1898.0,2278,8,79,13234.2
1594.832,1177.7,1898.0,2278,10,79,13263.2
1594.951,752.1,1898.0,2278,57,82,13263.4
1595.071,752.1,1898.0,2278,57,85,13263.4
1595.192,752.1,1898.0,2278,100,85,13263.4
1595.312,752.1,1898.0,2278,100,83,13265.1
1595.43,913.1,1898.0,2278,29,80,13293.4
1595.548,1042.6,1898.0,2278,29,79,13259.9
1595.671,1172.1,1898.0,2278,9,79,13166.1
1595.788,746.6,1898.0,2278,18,81,13186.3
1595.908,746.6,1898.0,2278,18,84,13186.3
1596.028,746.6,1898.0,2278,100,86,13186.3
1596.149,746.6,1898.0,2278,100,84,13186.3
1596.27,778.1,1898.0,2278,74,80,13195.6
1596.391,907.6,1898.0,2278,74,80,13222.1
1596.509,1037.1,1898.0,2278,9,79,13257.0
1596.627,1166.6,1898.0,2278,7,79,13293.9
1596.745,1166.6,1898.0,2278,7,79,13320.0
1596.864,741.0,1898.0,2278,21,83,13321.3
1596.983,741.0,1898.0,2278,100,85,13321.3
1597.102,741.0,1898.0,2278,100,85,13321.3
1597.223,741.0,1898.0,2278,100,82,13326.2
1597.341,902.0,1898.0,2278,65,80,13352.5
1597.458,1031.5,1898.0,2278,9,79,13393.3
1597.58,1161.0,1898.0,2278,9,79,13007.1
1597.701,735.4,1898.0,2278,11,80,13024.1
1597.82,735.4,1898.0,2278,69,83,13024.1
1597.939,735.4,1898.0,2278,100,86,13024.1
1598.059,735.4,1898.0,2278,100,83,13024.1
1598.179,735.4,1898.0,2278,100,81,13040.7
1598.298,896.4,1898.0,2278,15,80,13081.8
1598.415,1025.9,1898.0,2278,15,79,13157.7
1598.534,1155.4,1898.0,2278,8,79,13243.2
1598.652,1155.4,1898.0,2278,10,79,13329.7
1598.77,729.8,1898.0,2278,10,82,13329.7
1598.89,729.8,1898.0,2278,78,84,13329.7
1599.009,729.8,1898.0,2278,100,84,13329.7
1599.129,729.8,1898.0,2278,99,82,13333.2
1599.247,890.8,1898.0,2278,99,80,13377.2
1599.376,1020.3,1898.0,2278,10,79,13440.4
1599.5,1149.8,1898.0,2278,9,79,13481.3
1599.623,724.2,1898.0,2278,39,81,13496.0
1599.746,724.2,1898.0,2278,39,83,13487.4
1599.869,724.2,1898.0,2278,100,85,13479.1
1599.991,724.2,1898.0,2278,100,83,13470.6
1600.115,885.2,1898.0,2278,100,80,13508.1
1600.238,1014.7,1898.0,2278,47,79,13567.1
1600.362,1144.2,1898.0,2278,13,79,13617.1
1600.485,718.7,1898.0,2278,49,83,13616.2
1600.607,718.7,1898.0,2278,49,85,13607.6
1600.73,718.7,1898.0,2278,100,85,13599.1
1600.853,718.7,1898.0,2278,100,83,13594.3
1600.975,879.7,1898.0,2278,33,79,13619.9
1601.251,879.7,1898.0,2278,1,79,13605.9
1601.711,1009.2,1898.0,2278,1,79,13563.4
1602.201,1009.2,1898.0,2278,0,79,13499.2
1602.755,1138.7,1898.0,2278,1,79,13458.0
1603.191,1138.7,1898.0,2278,2,78,13397.9
1603.777,1138.7,1898.0,2278,87,80,13327.7
1604.283,713.1,1898.0,2278,87,84,13318.6
1604.411,713.1,1898.0,2278,100,84,13309.5
1604.538,744.6,1898.0,2278,2,79,13277.2
1604.992,874.1,1898.0,2278,2,79,13228.6
1605.519,874.1,1898.0,2278,2,79,13181.6
1606.001,1003.6,1898.0,2278,2,79,13135.0
1606.503,1003.6,1898.0,2278,2,79,13094.3
1606.953,1003.6,1898.0,2278,2,79,13049.2
1607.44,1133.1,1898.0,2278,2,79,13011.4
1607.842,1133.1,1898.0,2278,90,84,12981.1
1608.227,707.5,1898.0,2278,100,85,12972.5
1608.35,707.5,1898.0,2278,87,80,12965.0
1608.56,868.5,1898.0,2278,2,79,12917.8
1609.044,868.5,1898.0,2278,2,79,12871.8
1609.524,868.5,1898.0,2278,2,79,12833.0
1609.952,998.0,1898.0,2278,2,79,12786.4
1610.386,1127.5,1898.0,2278,6,79,12769.7
1610.604,701.9,1898.0,2278,5,82,12761.8
1610.757,701.9,1898.0,2278,94,84,12753.7
1610.88,701.9,1898.0,2278,100,85,12745.4
1611.004,701.9,1898.0,2278,82,81,12741.3
1611.132,992.4,1898.0,2278,2,79,12682.4
1611.482,1121.9,1898.0,2278,7,79,12716.3
1611.626,1121.9,1898.0,2278,12,80,12707.4
1611.811,696.3,1898.0,2278,12,83,12683.6
1611.935,696.3,1898.0,2278,100,86,12675.7
1612.058,696.3,1898.0,2278,100,84,12664.6
1612.183,727.9,1898.0,2278,71,80,12701.3
1612.332,857.4,1898.0,2278,1,79,12673.5
1612.744,857.4,1898.0,2278,0,79,12634.0
1613.219,857.4,1898.0,2278,3,79,12551.3
1613.418,986.9,1898.0,2278,4,79,12236.5
1613.537,1116.4,1898.0,2278,6,79,12280.5
1613.655,1116.4,1898.0,2278,6,79,12143.6
1613.782,669.1,1898.0,2278,11,83,12138.1
1613.905,669.1,1898.0,2278,100,84,12129.9
1614.028,669.1,1898.0,2278,100,84,12126.1
1614.16,669.1,1898.0,2278,100,82,12126.1
1614.279,646.6,1898.0,2278,72,79,12128.1
1614.398,643.2,1898.0,2278,6,79,12148.2
1614.517,676.6,1898.0,2278,53,81,12053.5
1614.637,676.6,1898.0,2278,53,83,12014.9
1614.757,676.6,1898.0,2278,100,83,12016.4
1614.876,682.5,1898.0,2278,63,81,12032.4
1614.995,682.5,1898.0,2278,63,84,12032.4
1615.115,714.0,1898.0,2278,100,83,12025.2
1615.236,688.4,1898.0,2278,65,81,12030.7
1615.356,688.4,1898.0,2278,99,84,12030.7
1615.477,849.4,1898.0,2278,99,82,12031.5
1615.597,694.3,1898.0,2278,73,82,12035.3
1615.718,694.3,1898.0,2278,98,84,12035.3
1615.838,855.3,1898.0,2278,98,82,12052.2
1615.958,700.3,1898.0,2278,73,83,12053.4
1616.078,700.3,1898.0,2278,96,84,12053.4
1616.198,990.8,1898.0,2278,76,81,12078.9
1616.316,706.2,1898.0,2278,76,83,12092.2
1616.437,706.2,1898.0,2278,87,84,12092.2
1616.557,867.2,1898.0,2278,77,81,12108.5
1616.675,712.1,1898.0,2278,77,81,12125.6
1616.796,712.1,1898.0,2278,61,84,12125.6
1616.917,712.1,1898.0,2278,100,83,12131.5
1617.034,873.1,1898.0,2278,23,80,12153.7
1617.154,718.0,1898.0,2278,23,82,12167.0
1617.274,718.0,1898.0,2278,78,84,12167.0
1617.395,749.5,1898.0,2278,88,82,12177.4
1617.513,1008.5,1898.0,2278,88,80,12204.6
1617.631,1138.0,1898.0,2278,12,80,12223.0
1617.75,724.0,1898.0,2278,33,82,12227.5
1617.871,724.0,1898.0,2278,100,83,12227.5
1617.992,755.5,1898.0,2278,100,81,12238.7
1618.111,885.0,1898.0,2278,34,80,12262.6
1618.23,1014.5,1898.0,2278,9,79,12289.7
1618.349,1144.0,1898.0,2278,9,79,12313.2
1618.467,729.9,1898.0,2278,11,82,12319.3
1618.587,729.9,1898.0,2278,83,84,12319.3
1618.707,761.4,1898.0,2278,66,81,12334.4
1618.825,890.9,1898.0,2278,66,80,12360.0
1618.944,1020.4,1898.0,2278,10,79,12383.0
1619.062,1149.9,1898.0,2278,10,79,12405.9
1619.179,735.8,1898.0,2278,10,82,12413.0
1619.299,735.8,1898.0,2278,63,84,12413.0
1619.42,767.3,1898.0,2278,91,81,12425.9
1619.54,896.8,1898.0,2278,8,80,12449.3
1619.662,1026.3,1898.0,2278,8,79,12467.2
1619.784,1155.8,1898.0,2278,10,79,12491.7
1619.906,741.7,1898.0,2278,29,82,12494.4
1620.028,741.7,1898.0,2278,29,83,12486.5
1620.151,902.7,1898.0,2278,100,81,12490.6
1620.273,1032.2,1898.0,2278,35,80,12507.1
1620.395,1161.7,1898.0,2278,13,79,12522.1
1620.517,747.6,1898.0,2278,13,80,12525.9
1620.641,747.6,1898.0,2278,55,84,12517.9
1620.765,908.7,1898.0,2278,94,81,12516.8
1620.888,1038.2,1898.0,2278,17,80,12521.0
1621.01,753.6,1898.0,2278,17,82,12518.9
1621.133,753.6,1898.0,2278,61,84,12511.1
1621.256,914.6,1898.0,2278,95,82,12515.1
1621.379,1173.6,1898.0,2278,21,80,12531.3
1621.502,759.5,1898.0,2278,21,82,12527.5
1621.625,759.5,1898.0,2278,77,84,12520.0
1621.749,920.5,1898.0,2278,76,80,12519.7
1621.872,1179.5,1898.0,2278,22,80,12519.7
1621.996,765.4,1898.0,2278,22,83,12511.5
1622.119,765.4,1898.0,2278,100,85,12503.6
1622.242,1055.9,1898.0,2278,56,80,12503.4
1622.365,771.3,1898.0,2278,56,81,12501.0
1622.488,771.3,1898.0,2278,41,84,12493.0
1622.611,802.8,1898.0,2278,100,84,12488.4
1622.735,1061.8,1898.0,2278,33,80,12491.3
1622.858,777.3,1898.0,2278,33,82,12488.4
1622.98,777.3,1898.0,2278,55,84,12479.9
1623.103,938.3,1898.0,2278,100,82,12475.1
1623.226,1067.8,1898.0,2278,18,80,12481.9
1623.356,783.2,1898.0,2278,18,82,12424.2
1623.477,783.2,1898.0,2278,62,84,12379.5
1623.599,944.2,1898.0,2278,92,82,12340.8
1623.721,1073.7,1898.0,2278,17,80,12320.5
1623.846,789.1,1898.0,2278,17,81,12325.3
1623.965,789.1,1898.0,2278,53,83,12325.3
1624.085,789.1,1898.0,2278,100,85,12325.9
1624.204,795.0,1898.0,2278,100,82,12328.2
1624.323,795.0,1898.0,2278,67,84,12328.2
1624.443,956.0,1898.0,2278,100,84,12329.6
1624.563,801.0,1898.0,2278,69,82,12331.3
1624.683,801.0,1898.0,2278,69,85,12331.3
1624.803,962.0,1898.0,2278,100,82,12335.9
1624.921,806.9,1898.0,2278,37,80,12348.4
1625.04,806.9,1898.0,2278,37,84,12348.4
1625.16,806.9,1898.0,2278,98,85,12349.3
1625.278,1226.9,1898.0,2278,61,81,12358.7
1625.399,812.8,1898.0,2278,82,84,12355.1
1625.521,812.8,1898.0,2278,82,85,12346.7
1625.643,1232.8,1898.0,2278,84,81,12346.8
1625.765,818.7,1898.0,2278,73,84,12285.8
1625.888,818.7,1898.0,2278,73,86,12242.6
1626.01,979.7,1898.0,2278,96,81,12257.3
1626.129,1238.7,1898.0,2278,17,80,12304.7
1626.248,824.7,1898.0,2278,65,84,12308.7
1626.368,824.7,1898.0,2278,65,85,12308.7
1626.488,985.7,1898.0,2278,92,81,12341.6
1626.606,1244.7,1898.0,2278,17,80,12367.2
1626.724,830.6,1898.0,2278,17,82,12380.8
1626.843,830.6,1898.0,2278,48,84,12380.8
1626.963,862.1,1898.0,2278,100,84,12389.3
1627.081,1250.6,1898.0,2278,32,81,12411.8
1627.2,810.0,1898.0,2278,32,84,12414.0
1627.321,810.0,1898.0,2278,88,85,12414.0
1627.442,815.8,1898.0,2278,67,81,12444.6
1627.576,815.8,1898.0,2278,0,80,12423.6
1627.734,815.8,1898.0,2278,2,80,12445.8
1627.873,815.8,1898.0,2278,2,80,12473.0
1628.006,815.8,1898.0,2278,1,80,12499.2
1628.139,815.8,1898.0,2278,0,80,12515.0
1628.272,815.8,1898.0,2278,3,80,12446.0
1628.414,815.8,1898.0,2278,0,80,12498.3
1628.547,815.8,1898.0,2278,0,80,12577.3
1628.679,815.8,1898.0,2278,0,79,12639.8
1628.811,815.8,1898.0,2278,2,80,12687.8
1628.942,815.8,1898.0,2278,1,80,12725.8
1629.074,815.8,1898.0,2278,0,80,12675.1
1629.206,815.8,1898.0,2278,0,79,12614.5
1629.338,815.8,1898.0,2278,2,79,12631.1
1629.471,815.8,1898.0,2278,1,79,12664.8
1629.603,815.8,1898.0,2278,0,79,12708.1
1629.734,815.8,1898.0,2278,2,79,12785.4
1629.866,815.8,1898.0,2278,2,79,12847.8
1629.998,815.8,1898.0,2278,1,79,12899.9
1630.13,815.8,1898.0,2278,0,79,12938.0
1630.26,815.8,1898.0,2278,2,79,12813.1
1630.392,815.8,1898.0,2278,1,79,12867.4
1630.54,815.8,1898.0,2278,1,79,12913.2
1630.67,815.8,1898.0,2278,0,79,12948.7
1630.803,815.8,1898.0,2278,3,79,13048.5
1630.934,815.8,1898.0,2278,0,79,13099.2
1631.064,815.8,1898.0,2278,0,79,13157.8
1631.201,815.8,1898.0,2278,0,79,13145.6
1631.349,815.8,1898.0,2278,3,79,13203.0
1631.48,815.8,1898.0,2278,0,79,13265.3
1631.612,815.8,1898.0,2278,0,79,13284.6
1631.747,815.8,1898.0,2278,3,79,13134.9
1631.9,815.8,1898.0,2278,3,79,13171.2
1632.03,815.8,1898.0,2278,0,79,13186.8
1632.162,815.8,1898.0,2278,0,79,13069.5
1632.295,815.8,1898.0,2278,3,79,13089.4
1632.427,815.8,1898.0,2278,0,79,13153.3
1632.578,815.8,1898.0,2278,0,79,13202.6
1632.709,815.8,1898.0,2278,0,79,13258.0
1632.84,815.8,1898.0,2278,3,79,13331.7
1632.971,815.8,1898.0,2278,0,79,13384.8
1633.103,815.8,1898.0,2278,0,79,13447.1
1633.234,815.8,1898.0,2278,0,79,13484.0
1633.364,815.8,1898.0,2278,3,79,13542.9
1633.495,815.8,1898.0,2278,0,79,13602.7
1633.618,815.8,1898.0,2278,0,79,13836.2
1633.746,815.8,1898.0,2278,3,79,13681.7
1633.882,815.8,1898.0,2278,3,79,12677.3
1634.012,815.8,1898.0,2278,0,79,12649.6
1634.145,815.8,1898.0,2278,0,79,12649.6
1634.28,815.8,1898.0,2278,3,79,12649.6
1634.413,815.8,1898.0,2278,3,79,12649.6
1634.547,815.8,1898.0,2278,0,79,12649.6
1634.679,815.8,1898.0,2278,0,79,12649.6
1634.813,815.8,1898.0,2278,3,79,12649.6
1634.946,815.8,1898.0,2278,0,79,12649.6
1635.079,815.8,1898.0,2278,0,79,12649.6
1635.213,815.8,1898.0,2278,0,79,12649.6
1635.347,815.8,1898.0,2278,3,79,12649.6
1635.481,815.8,1898.0,2278,0,79,12649.6
1635.614,815.8,1898.0,2278,0,79,12649.6
1635.748,815.8,1898.0,2278,0,79,12649.6
1635.882,815.8,1898.0,2278,2,79,12649.6
1636.016,815.8,1898.0,2278,0,79,12649.6
1636.15,815.8,1898.0,2278,1,79,12649.6
1636.283,1136.7,1898.0,2278,18,79,12405.4
1636.402,846.3,1918.0,2298,18,83,12409.5
1636.521,846.3,1918.0,2298,92,85,12409.5
1636.641,846.3,1918.0,2298,100,85,12409.5
1636.76,846.3,1918.0,2298,100,82,12409.5
1636.88,1266.3,1918.0,2298,100,80,12417.3
1637.001,840.6,1918.0,2298,58,84,12417.4
1637.121,840.6,1918.0,2298,100,85,12417.4
1637.241,840.6,1918.0,2298,100,85,12417.4
1637.36,840.6,1918.0,2298,100,83,12417.4
1637.481,834.9,1918.0,2298,89,83,12417.5
1637.6,834.9,1918.0,2298,89,85,12417.5
1637.72,834.9,1918.0,2298,100,86,12417.5
1637.839,834.9,1918.0,2298,100,84,12417.5
1637.959,995.9,1918.0,2298,70,81,12435.0
1638.077,1125.4,1918.0,2298,70,80,12495.1
1638.195,829.1,1918.0,2298,17,82,12525.7
1638.316,829.1,1918.0,2298,88,84,12525.7
1638.436,829.1,1918.0,2298,88,86,12525.7
1638.556,829.1,1918.0,2298,100,83,12525.7
1638.676,990.2,1918.0,2298,92,81,12545.5
1638.795,1249.2,1918.0,2298,23,80,12571.0
1638.914,823.4,1918.0,2298,23,84,12571.5
1639.033,823.4,1918.0,2298,94,86,12571.5
1639.153,823.4,1918.0,2298,100,85,12571.5
1639.274,823.4,1918.0,2298,100,82,12571.6
1639.394,984.4,1918.0,2298,90,80,12596.7
1639.512,1243.4,1918.0,2298,15,80,12628.9
1639.631,817.7,1918.0,2298,51,82,12644.8
1639.751,817.7,1918.0,2298,51,84,12644.8
1639.871,817.7,1918.0,2298,100,86,12644.8
1639.991,817.7,1918.0,2298,100,83,12644.8
1640.111,978.7,1918.0,2298,100,81,12665.5
1640.23,1237.7,1918.0,2298,46,80,12693.3
1640.348,812.0,1918.0,2298,33,83,12698.1
1640.468,812.0,1918.0,2298,100,85,12698.1
1640.588,812.0,1918.0,2298,100,86,12698.1
1640.708,812.0,1918.0,2298,100,83,12698.1
1640.829,973.0,1918.0,2298,64,81,12726.7
1640.948,1102.5,1918.0,2298,64,80,12758.8
1641.071,806.2,1918.0,2298,15,81,12781.3
1641.189,806.2,1918.0,2298,61,84,12781.3
1641.309,806.2,1918.0,2298,100,86,12781.3
1641.429,806.2,1918.0,2298,100,85,12781.3
1641.548,837.8,1918.0,2298,100,83,12784.4
1641.667,1226.2,1918.0,2298,43,81,12808.0
1641.786,800.5,1918.0,2298,43,82,12828.6
1641.904,800.5,1918.0,2298,45,84,12828.6
1642.024,800.5,1918.0,2298,100,86,12828.6
1642.144,800.5,1918.0,2298,100,84,12828.6
1642.279,961.5,1918.0,2298,100,82,12834.7
1642.399,794.8,1918.0,2298,63,83,12839.9
1642.518,794.8,1918.0,2298,87,85,12839.9
1642.638,794.8,1918.0,2298,87,86,12839.9
1642.758,794.8,1918.0,2298,100,84,12839.9
1642.878,1085.3,1918.0,2298,97,81,12842.3
1642.996,789.1,1918.0,2298,69,84,12843.2
1643.116,789.1,1918.0,2298,69,84,12843.2
1643.236,789.1,1918.0,2298,100,87,12843.2
1643.356,789.1,1918.0,2298,100,83,12843.2
1643.477,1209.1,1918.0,2298,100,81,12846.7
1643.595,783.3,1918.0,2298,68,84,12846.7
1643.715,783.3,1918.0,2298,100,86,12846.7
1643.835,783.3,1918.0,2298,100,87,12846.7
1643.955,783.3,1918.0,2298,100,83,12847.2
1644.074,777.6,1918.0,2298,83,83,12849.7
1644.194,777.6,1918.0,2298,88,85,12849.7
1644.314,777.6,1918.0,2298,100,87,12849.7
1644.434,777.6,1918.0,2298,100,85,12849.7
1644.554,938.6,1918.0,2298,100,82,12856.2
1644.674,771.9,1918.0,2298,37,83,12875.6
1644.792,771.9,1918.0,2298,37,85,12875.6
1644.911,771.9,1918.0,2298,100,87,12875.6
1645.031,771.9,1918.0,2298,100,86,12875.6
1645.151,803.4,1918.0,2298,81,82,12881.3
1645.271,1191.9,1918.0,2298,81,81,12908.2
1645.389,766.2,1918.0,2298,24,83,12925.0
1645.509,766.2,1918.0,2298,97,85,12925.0
1645.629,766.2,1918.0,2298,97,86,12925.0
1645.749,766.2,1918.0,2298,100,84,12925.0
1645.869,927.2,1918.0,2298,85,82,12947.3
1645.989,927.2,1918.0,2298,9,81,12985.2
1646.106,1056.7,1918.0,2298,9,81,13020.3
1646.225,1186.2,1918.0,2298,10,80,13059.3
1646.343,760.4,1918.0,2298,39,83,13069.9
1646.462,760.4,1918.0,2298,39,85,13069.9
1646.581,760.4,1918.0,2298,100,87,13069.9
1646.701,760.4,1918.0,2298,100,83,13069.9
1646.821,921.4,1918.0,2298,100,82,13096.6
1646.939,921.4,1918.0,2298,51,81,13145.1
1647.057,1050.9,1918.0,2298,8,80,13189.3
1647.175,1180.4,1918.0,2298,11,80,13230.8
1647.293,754.7,1918.0,2298,11,81,13255.3
1647.412,754.7,1918.0,2298,63,85,13255.3
1647.532,754.7,1918.0,2298,100,87,13255.3
1647.653,754.7,1918.0,2298,100,84,13253.2
1647.774,915.7,1918.0,2298,100,82,13212.0
1647.892,915.7,1918.0,2298,27,81,13261.4
1648.011,1045.2,1918.0,2298,8,80,13311.0
1648.129,1174.7,1918.0,2298,8,80,13343.4
1648.247,749.0,1918.0,2298,40,84,13343.9
1648.368,749.0,1918.0,2298,100,86,13343.9
1648.488,749.0,1918.0,2298,100,86,13343.9
1648.608,749.0,1918.0,2298,100,84,13356.5
1648.726,910.0,1918.0,2298,54,81,13419.9
1648.847,1039.5,1918.0,2298,13,80,13440.0
1648.97,1257.3,1918.0,2298,13,80,13485.2
1649.092,743.3,1918.0,2298,40,84,13479.1
1649.215,743.3,1918.0,2298,100,87,13470.9
1649.337,743.3,1918.0,2298,100,86,13462.9
1649.46,774.8,1918.0,2298,100,82,13474.6
1649.582,1033.8,1918.0,2298,52,81,13518.9
1649.707,1559.4,1918.0,2298,17,82,13547.4
1649.831,737.5,1918.0,2298,17,84,13533.1
1649.955,737.5,1918.0,2298,96,87,13524.6
1650.08,737.5,1918.0,2298,100,86,13516.2
1650.204,769.0,1918.0,2298,83,82,13529.0
1650.327,1028.0,1918.0,2298,83,81,13571.7
1650.45,731.8,1918.0,2298,17,82,13589.9
1650.573,731.8,1918.0,2298,73,85,13581.5
1650.696,731.8,1918.0,2298,100,87,13573.2
1650.82,731.8,1918.0,2298,100,85,13564.9
1650.943,892.8,1918.0,2298,100,82,13602.5
1651.067,1022.3,1918.0,2298,24,81,13646.0
1651.19,1151.8,1918.0,2298,13,82,13661.0
1651.41,726.1,1918.0,2298,53,85,13651.4
1651.546,726.1,1918.0,2298,100,87,13642.5
1651.673,726.1,1918.0,2298,100,84,13634.3
1651.797,757.6,1918.0,2298,33,81,13614.4
1652.1,887.1,1918.0,2298,3,80,13589.3
1652.472,1016.6,1918.0,2298,2,80,13563.0
1652.879,1016.6,1918.0,2298,2,80,13496.7
1653.455,1146.1,1918.0,2298,2,80,13455.7
1653.909,1146.1,1918.0,2298,100,87,13395.6
1654.395,720.4,1918.0,2298,100,84,13386.4
1654.528,751.9,1918.0,2298,2,80,13353.3
1654.96,881.4,1918.0,2298,2,80,13290.3
1655.448,1010.9,1918.0,2298,2,80,13251.9
1655.871,1010.9,1918.0,2298,0,80,13214.9
1656.321,1140.4,1918.0,2298,1,80,13171.3
1656.764,1146.2,1918.0,2298,69,85,13146.0
1657.107,714.6,1918.0,2298,100,86,13136.6
1657.239,714.6,1918.0,2298,100,83,13134.3
1657.375,746.1,1918.0,2298,2,80,13067.4
1657.908,875.6,1918.0,2298,2,80,13020.5
1658.403,1005.1,1918.0,2298,4,80,12970.9
1658.902,1134.6,1918.0,2298,1,80,12940.2
1659.263,708.9,1918.0,2298,20,84,12921.6
1659.464,708.9,1918.0,2298,100,87,12912.1
1659.597,708.9,1918.0,2298,100,84,12898.9
1659.729,869.9,1918.0,2298,63,81,12895.8
1659.971,869.9,1918.0,2298,5,80,12891.0
1660.197,1128.9,1918.0,2298,9,80,12885.5
1660.442,703.2,1918.0,2298,100,85,12876.4
1660.67,703.2,1918.0,2298,100,86,12868.0
1660.798,703.2,1918.0,2298,100,84,12860.2
1660.922,864.2,1918.0,2298,69,81,12861.6
1661.067,993.7,1918.0,2298,3,80,12859.4
1661.35,993.7,1918.0,2298,4,80,12853.8
1661.652,1123.2,1918.0,2298,2,80,12742.0
1661.777,697.5,1918.0,2298,7,81,12720.2
1661.905,697.5,1918.0,2298,96,85,12720.2
1662.029,697.5,1918.0,2298,96,86,12711.9
1662.152,697.5,1918.0,2298,100,82,12710.3
1662.279,729.0,1918.0,2298,80,81,12713.0
1662.414,858.5,1918.0,2298,9,80,12790.6
1662.552,988.0,1918.0,2298,2,80,12785.9
1662.893,988.0,1918.0,2298,2,80,12747.6
1663.359,1117.5,1918.0,2298,1,80,12711.7
1663.794,1117.5,1918.0,2298,0,80,12669.2
1664.307,670.2,1918.0,2298,82,86,12645.0
1664.686,670.2,1918.0,2298,100,83,12636.1
1664.82,646.7,1918.0,2298,93,81,12632.5
1664.943,680.5,1918.0,2298,23,82,12636.5
1665.067,680.5,1918.0,2298,100,85,12628.5
1665.19,841.5,1918.0,2298,100,83,12618.8
1665.326,686.7,1918.0,2298,81,84,12504.5
1665.448,686.7,1918.0,2298,100,85,12272.4
1665.567,1106.7,1918.0,2298,100,82,12272.8
1665.686,692.9,1918.0,2298,81,84,12272.8
1665.806,692.9,1918.0,2298,100,86,12272.8
1665.926,699.1,1918.0,2298,83,83,12273.0
1666.045,699.1,1918.0,2298,83,85,12273.0
1666.164,860.1,1918.0,2298,100,84,12273.2
1666.283,705.3,1918.0,2298,82,84,12273.3
1666.403,705.3,1918.0,2298,82,86,12243.9
1666.523,1125.3,1918.0,2298,100,82,12170.9
1666.643,711.5,1918.0,2298,78,85,12170.9
1666.763,711.5,1918.0,2298,100,85,12170.9
1666.882,717.7,1918.0,2298,100,83,12182.2
1667.002,717.7,1918.0,2298,80,85,12182.2
1667.122,717.7,1918.0,2298,100,86,12182.9
1667.242,723.9,1918.0,2298,90,83,12186.2
1667.362,723.9,1918.0,2298,90,85,12186.2
1667.481,884.9,1918.0,2298,100,83,12189.6
1667.6,730.1,1918.0,2298,74,84,12195.8
1667.72,730.1,1918.0,2298,74,85,12195.8
1667.84,891.1,1918.0,2298,100,83,12214.8
1667.959,1020.6,1918.0,2298,22,81,12238.2
1668.078,1150.1,1918.0,2298,22,81,12262.1
1668.197,736.3,1918.0,2298,10,82,12285.8
1668.315,736.3,1918.0,2298,65,85,12285.8
1668.435,736.3,1918.0,2298,94,85,12293.2
1668.554,897.3,1918.0,2298,94,81,12317.1
1668.672,1026.8,1918.0,2298,10,81,12340.0
1668.791,1156.3,1918.0,2298,14,80,12361.8
1668.908,742.5,1918.0,2298,14,84,12363.2
1669.028,742.5,1918.0,2298,75,85,12363.2
1669.148,903.5,1918.0,2298,81,82,12383.3
1669.266,903.5,1918.0,2298,11,81,12409.3
1669.384,1033.0,1918.0,2298,11,81,12433.6
1669.502,1162.5,1918.0,2298,9,80,12455.6
1669.621,748.7,1918.0,2298,42,84,12461.0
1669.74,748.7,1918.0,2298,42,85,12461.0
1669.861,909.7,1918.0,2298,100,82,12462.6
1669.98,1039.2,1918.0,2298,26,81,12480.3
1670.098,1168.7,1918.0,2298,11,80,12501.4
1670.216,754.9,1918.0,2298,11,83,12511.4
1670.336,754.9,1918.0,2298,67,85,12511.4
1670.456,786.4,1918.0,2298,90,83,12514.8
1670.574,1045.4,1918.0,2298,90,81,12525.3
1670.693,1184.5,1918.0,2298,15,82,12529.3
1670.817,761.1,1918.0,2298,59,84,12521.5
1670.94,761.1,1918.0,2298,100,86,12514.1
1671.063,1051.6,1918.0,2298,100,81,12521.5
1671.187,767.3,1918.0,2298,19,81,12523.7
1671.309,767.3,1918.0,2298,65,84,12515.7
1671.433,767.3,1918.0,2298,98,86,12508.6
1671.556,1057.8,1918.0,2298,98,81,12510.6
1671.68,773.5,1918.0,2298,18,82,12507.6
1671.802,773.5,1918.0,2298,78,85,12499.8
1671.926,773.5,1918.0,2298,82,83,12494.0
1672.049,1064.0,1918.0,2298,82,81,12493.9
1672.173,779.7,1918.0,2298,19,82,12490.5
1672.296,779.7,1918.0,2298,91,85,12482.7
1672.419,811.2,1918.0,2298,91,83,12478.2
1672.542,1070.2,1918.0,2298,68,81,12481.3
1672.665,785.9,1918.0,2298,17,82,12479.1
1672.789,785.9,1918.0,2298,91,85,12471.3
1672.912,789.4,1918.0,2298,91,83,12465.7
1673.036,1076.4,1918.0,2298,69,81,12466.9
1673.159,792.1,1918.0,2298,18,82,12466.0
1673.282,792.1,1918.0,2298,93,85,12458.2
1673.405,823.6,1918.0,2298,93,83,12455.0
1673.529,1082.6,1918.0,2298,58,81,12459.1
1673.652,798.3,1918.0,2298,17,82,12457.4
1673.774,798.3,1918.0,2298,94,85,12449.5
1673.898,798.3,1918.0,2298,94,84,12440.3
1674.022,804.5,1918.0,2298,71,83,12368.6
1674.144,804.5,1918.0,2298,75,85,12368.6
1674.264,804.5,1918.0,2298,75,86,12369.2
1674.383,1224.5,1918.0,2298,91,81,12377.8
1674.502,810.7,1918.0,2298,40,85,12379.4
1674.622,810.7,1918.0,2298,100,85,12379.4
1674.742,971.7,1918.0,2298,100,82,12386.2
1674.861,1230.7,1918.0,2298,47,81,12390.0
1674.979,816.9,1918.0,2298,50,85,12336.9
1675.102,816.9,1918.0,2298,50,86,12059.9
1675.222,977.9,1918.0,2298,100,82,12096.6
1675.341,1107.4,1918.0,2298,23,81,12122.7
1675.459,823.1,1918.0,2298,24,82,12135.3
1675.579,823.1,1918.0,2298,24,85,12135.3
1675.699,823.1,1918.0,2298,100,85,12138.7
1675.817,984.1,1918.0,2298,49,81,12161.9
1675.935,1243.1,1918.0,2298,49,81,12190.2
1676.053,829.3,1918.0,2298,18,84,12192.0
1676.173,829.3,1918.0,2298,99,86,12192.0
1676.293,990.3,1918.0,2298,59,82,12212.2
1676.411,1249.3,1918.0,2298,59,81,12233.3
1676.529,835.4,1918.0,2298,17,83,12239.7
1676.65,835.4,1918.0,2298,99,85,12239.7
1676.771,996.5,1918.0,2298,99,83,12261.6
1676.889,1126.0,1918.0,2298,57,81,12303.8
1677.008,1255.5,1918.0,2298,14,81,12362.2
1677.126,841.6,1918.0,2298,70,84,12362.2
1677.246,841.6,1918.0,2298,70,86,12362.2
1677.368,1002.7,1918.0,2298,87,82,12391.0
1677.489,1132.2,1918.0,2298,12,81,12403.1
1677.611,1261.7,1918.0,2298,12,81,12480.9
1677.74,821.3,1918.0,2298,12,85,12481.0
1677.863,821.3,1918.0,2298,96,86,12477.9
1677.985,827.5,1918.0,2298,56,82,12543.4
1678.119,827.5,1918.0,2298,1,81,12588.0
1678.252,827.5,1918.0,2298,1,80,12620.9
1678.385,827.5,1918.0,2298,1,80,12660.2
1678.518,827.5,1918.0,2298,0,80,12692.1
1678.652,827.5,1918.0,2298,1,80,12723.3
1678.785,827.5,1918.0,2298,1,80,12741.3
1678.919,827.5,1918.0,2298,1,80,12814.6
1679.053,827.5,1918.0,2298,0,80,12777.3
1679.2,827.5,1918.0,2298,1,80,12609.3
1679.332,827.5,1918.0,2298,2,80,12453.2
1679.463,827.5,1918.0,2298,0,80,12486.5
1679.598,827.5,1918.0,2298,0,80,12547.7
1679.73,827.5,1918.0,2298,2,80,12626.7
1679.863,827.5,1918.0,2298,1,80,12674.8
1679.995,827.5,1918.0,2298,0,80,12730.9
1680.127,827.5,1918.0,2298,1,80,12770.4
1680.258,827.5,1918.0,2298,1,80,12851.1
1680.392,827.5,1918.0,2298,1,80,12913.6
1680.523,827.5,1918.0,2298,0,80,12953.1
1680.66,827.5,1918.0,2298,1,80,12971.0
1680.795,827.5,1918.0,2298,1,79,13011.9
1680.927,827.5,1918.0,2298,1,79,13077.1
1681.062,827.5,1918.0,2298,0,79,13105.6
1681.194,827.5,1918.0,2298,1,79,13134.8
1681.328,827.5,1918.0,2298,1,79,13161.6
1681.461,827.5,1918.0,2298,0,79,13188.4
1681.594,827.5,1918.0,2298,0,79,13206.5
1681.727,827.5,1918.0,2298,1,79,13271.6
1681.861,827.5,1918.0,2298,1,79,13300.9
1681.997,827.5,1918.0,2298,0,79,13328.5
1682.184,827.5,1918.0,2298,1,79,13342.5
1682.424,827.5,1918.0,2298,0,79,13352.1
1682.697,827.5,1918.0,2298,1,79,13351.5
1682.913,827.5,1918.0,2298,0,79,13333.7
1683.152,827.5,1918.0,2298,1,79,13134.6
1683.285,827.5,1918.0,2298,1,79,13061.0
1683.432,827.5,1918.0,2298,1,79,13116.2
1683.563,827.5,1918.0,2298,0,79,13147.4
1683.698,827.5,1918.0,2298,1,79,13232.9
1683.835,827.5,1918.0,2298,1,79,13267.8
1683.972,827.5,1918.0,2298,0,79,13306.0
1684.106,827.5,1918.0,2298,0,79,13335.5
1684.24,827.5,1918.0,2298,1,79,13365.2
1684.374,827.5,1918.0,2298,1,79,13373.0
1684.518,827.5,1918.0,2298,0,79,13428.0
1684.65,827.5,1918.0,2298,1,79,13482.1
1684.785,827.5,1918.0,2298,1,79,13508.4
1684.929,827.5,1918.0,2298,1,78,13535.0
1685.066,827.5,1918.0,2298,0,79,13565.8
1685.231,827.5,1918.0,2298,1,79,13550.1
1685.569,827.5,1918.0,2298,1,78,13558.2
1685.885,827.5,1918.0,2298,0,78,13564.8
1686.183,827.5,1918.0,2298,1,78,13572.5
1686.444,827.5,1918.0,2298,1,78,13571.7
1687.096,827.5,1918.0,2298,1,78,13590.5
1687.556,827.5,1918.0,2298,1,78,13565.4
1687.981,827.5,1918.0,2298,1,78,13408.2
1689.242,827.5,1918.0,2298,1,78,13355.4
1689.518,827.5,1918.0,2298,0,78,13020.1
1689.647,827.5,1918.0,2298,0,78,12556.2
1689.773,827.5,1918.0,2298,1,78,12562.3
1689.901,827.5,1918.0,2298,1,78,12569.7
1690.031,827.5,1918.0,2298,0,78,12593.3
1690.157,827.5,1918.0,2298,1,78,12615.9
1690.285,827.5,1918.0,2298,1,78,12633.8
1690.408,827.5,1918.0,2298,1,78,12650.5
1690.529,827.5,1918.0,2298,0,78,12672.8
1690.65,827.5,1918.0,2298,0,78,12692.7
1690.773,827.5,1918.0,2298,1,78,12710.8
1690.895,827.5,1918.0,2298,1,78,12730.0
1691.018,827.5,1918.0,2298,0,78,12751.0
1691.143,827.5,1918.0,2298,0,78,12770.6
1691.267,827.5,1918.0,2298,1,78,12788.5
1691.389,827.5,1918.0,2298,1,78,12807.1
1691.512,827.5,1918.0,2298,0,78,12824.8
1691.632,827.5,1918.0,2298,0,78,12845.0
1691.755,827.5,1918.0,2298,1,78,12865.2
1691.88,827.5,1918.0,2298,1,78,12884.3
1692.003,827.5,1918.0,2298,0,78,12903.1
1692.125,827.5,1918.0,2298,0,78,12922.8
1692.25,827.5,1918.0,2298,1,78,12943.6
1692.374,827.5,1918.0,2298,1,78,12963.1
1692.496,827.5,1918.0,2298,1,78,12980.8
1692.619,827.5,1918.0,2298,0,78,12998.3
1692.746,827.5,1918.0,2298,1,78,13015.4
1692.872,827.5,1918.0,2298,1,78,13035.8
1693.001,827.5,1918.0,2298,1,78,13055.6
1693.127,827.5,1918.0,2298,0,78,13075.4
1693.255,827.5,1918.0,2298,1,78,13095.2
1693.382,827.5,1918.0,2298,1,78,13115.3
1693.508,827.5,1918.0,2298,1,78,13134.0
1693.633,827.5,1918.0,2298,0,78,13151.7
1693.756,827.5,1918.0,2298,1,78,13169.9
1693.878,827.5,1918.0,2298,1,78,13187.6
1694.002,827.5,1918.0,2298,1,78,13205.2
1694.125,827.5,1918.0,2298,0,78,13223.2
1694.252,827.5,1918.0,2298,1,78,13240.2
1694.375,827.5,1918.0,2298,1,78,13257.9
1694.502,827.5,1918.0,2298,1,78,13276.3
1694.625,827.5,1918.0,2298,0,78,13293.9
1694.75,827.5,1918.0,2298,1,77,13311.5
1694.874,827.5,1918.0,2298,1,78,13329.1
1694.994,827.5,1918.0,2298,1,77,13348.1
1695.115,827.5,1918.0,2298,0,78,13366.1
1695.237,827.5,1918.0,2298,1,78,13383.9
1695.363,827.5,1918.0,2298,1,78,13402.4
1695.484,827.5,1918.0,2298,1,78,13421.8
1695.609,827.5,1918.0,2298,0,78,13440.7
1695.735,827.5,1918.0,2298,1,78,13458.8
1695.862,827.5,1918.0,2298,1,78,13471.6
1695.988,827.5,1918.0,2298,1,77,13481.9
1696.114,827.5,1918.0,2298,0,77,13493.6
1696.24,827.5,1918.0,2298,1,77,13502.2
1696.369,827.5,1918.0,2298,1,77,13502.2
1696.501,827.5,1918.0,2298,1,77,13502.2
1696.632,827.5,1918.0,2298,0,77,13502.2
1696.764,827.5,1918.0,2298,1,78,13493.3
1696.897,833.6,1918.0,2298,1,78,12889.9
1697.017,1019.1,1918.0,2298,1,78,12919.6
1697.134,1278.1,1918.0,2298,11,77,12970.1
1697.252,858.1,1938.0,2318,34,79,12978.0
1697.372,858.1,1938.0,2318,100,80,12978.0
1697.492,858.1,1938.0,2318,100,82,12978.0
1697.614,858.1,1938.0,2318,100,83,12978.0
1697.735,889.6,1938.0,2318,83,80,12999.3
1697.854,1148.6,1938.0,2318,83,79,13039.5
1697.972,1278.1,1938.0,2318,16,79,13084.4
1698.09,852.0,1938.0,2318,48,82,13084.5
1698.21,852.0,1938.0,2318,100,83,13084.5
1698.33,852.0,1938.0,2318,100,85,13084.5
1698.45,852.0,1938.0,2318,100,81,13084.5
1698.57,1013.0,1938.0,2318,51,80,13127.6
1698.688,1272.0,1938.0,2318,51,79,13163.7
1698.806,845.8,1938.0,2318,16,80,13183.0
1698.926,845.8,1938.0,2318,77,83,13183.0
1699.045,845.8,1938.0,2318,100,86,13183.0
1699.167,845.8,1938.0,2318,100,84,13183.0
1699.287,1006.8,1938.0,2318,100,80,13198.0
1699.405,1136.3,1938.0,2318,21,79,13183.1
1699.524,839.7,1938.0,2318,21,80,13212.1
1699.642,839.7,1938.0,2318,40,82,13212.1
1699.763,839.7,1938.0,2318,100,84,13212.1
1699.884,839.7,1938.0,2318,100,85,13212.1
1700.004,846.7,1938.0,2318,100,81,13219.1
1700.123,1130.2,1938.0,2318,59,80,13269.5
1700.241,1259.7,1938.0,2318,12,79,13309.4
1700.359,833.6,1938.0,2318,12,80,13347.6
1700.478,833.6,1938.0,2318,38,83,13347.6
1700.598,833.6,1938.0,2318,100,85,13347.6
1700.717,833.6,1938.0,2318,100,85,13347.6
1700.841,865.1,1938.0,2318,100,81,13352.0
1700.959,1253.6,1938.0,2318,59,80,13366.7
1701.078,827.5,1938.0,2318,33,81,13380.9
1701.198,827.5,1938.0,2318,33,83,13380.9
1701.317,827.5,1938.0,2318,100,86,13380.9
1701.437,827.5,1938.0,2318,100,84,13380.9
1701.557,988.5,1938.0,2318,72,80,13390.3
1701.677,1247.5,1938.0,2318,72,80,13406.3
1701.797,821.3,1938.0,2318,41,83,13406.3
1701.917,821.3,1938.0,2318,100,85,13406.3
1702.037,821.3,1938.0,2318,100,85,13406.3
1702.157,821.3,1938.0,2318,100,83,13409.8
1702.277,982.3,1938.0,2318,62,80,13371.0
1702.408,1111.8,1938.0,2318,11,79,13331.9
1702.528,815.2,1938.0,2318,11,82,13332.2
1702.656,815.2,1938.0,2318,58,84,13273.4
1702.777,815.2,1938.0,2318,100,86,13273.4
1702.897,815.2,1938.0,2318,100,83,13273.4
1703.018,976.2,1938.0,2318,100,80,13281.4
1703.137,1105.7,1938.0,2318,36,80,13304.1
1703.256,1235.2,1938.0,2318,12,79,13318.8
1703.375,809.1,1938.0,2318,12,80,13333.8
1703.494,809.1,1938.0,2318,43,84,13333.8
1703.614,809.1,1938.0,2318,100,86,13333.8
1703.735,809.1,1938.0,2318,100,84,13333.8
1703.855,840.6,1938.0,2318,100,81,13338.4
1703.973,1099.6,1938.0,2318,50,80,13353.6
1704.092,1229.1,1938.0,2318,12,79,13364.8
1704.21,803.0,1938.0,2318,12,82,13371.7
1704.33,803.0,1938.0,2318,56,84,13371.7
1704.451,803.0,1938.0,2318,100,86,13371.7
1704.571,803.0,1938.0,2318,100,83,13371.7
1704.692,834.5,1938.0,2318,100,81,13377.0
1704.811,1093.5,1938.0,2318,41,80,13389.9
1704.928,1223.0,1938.0,2318,14,80,13400.4
1705.046,796.8,1938.0,2318,14,83,13379.0
1705.173,796.8,1938.0,2318,75,84,13253.3
1705.293,796.8,1938.0,2318,100,86,13253.3
1705.414,796.8,1938.0,2318,100,82,13253.3
1705.533,957.8,1938.0,2318,100,80,13274.3
1705.652,1087.3,1938.0,2318,22,80,13293.0
1705.77,1216.8,1938.0,2318,11,79,13311.6
1705.889,1311.2,1938.0,2318,11,81,13326.4
1706.006,790.7,1938.0,2318,27,83,13326.4
1706.126,790.7,1938.0,2318,100,85,13326.4
1706.246,790.7,1938.0,2318,100,85,13326.4
1706.368,790.7,1938.0,2318,100,81,13331.6
1706.487,951.7,1938.0,2318,66,80,13349.9
1706.605,1081.2,1938.0,2318,9,80,13369.8
1706.723,1210.7,1938.0,2318,9,79,13387.0
1706.842,784.6,1938.0,2318,13,81,13393.7
1706.962,784.6,1938.0,2318,86,84,13393.7
1707.082,784.6,1938.0,2318,100,86,13393.7
1707.214,784.6,1938.0,2318,100,82,13393.7
1707.334,945.6,1938.0,2318,100,80,13407.0
1707.452,1075.1,1938.0,2318,12,80,13426.5
1707.57,1204.6,1938.0,2318,11,79,13441.9
1707.713,778.5,1938.0,2318,11,81,13173.4
1707.836,778.5,1938.0,2318,58,84,13173.4
1707.956,778.5,1938.0,2318,100,86,13173.4
1708.076,778.5,1938.0,2318,100,83,13173.4
1708.197,810.0,1938.0,2318,100,81,13191.0
1708.315,939.5,1938.0,2318,30,80,13216.1
1708.433,1069.0,1938.0,2318,9,80,13240.7
1708.551,1198.5,1938.0,2318,9,79,13265.7
1708.669,772.3,1938.0,2318,10,82,13279.0
1708.788,772.3,1938.0,2318,99,84,13279.0
1708.907,772.3,1938.0,2318,99,86,13279.0
1709.027,772.3,1938.0,2318,100,83,13279.0
1709.147,933.3,1938.0,2318,83,81,13303.5
1709.266,933.3,1938.0,2318,12,80,13341.9
1709.383,1062.8,1938.0,2318,12,80,13378.4
1709.501,1192.3,1938.0,2318,7,79,13417.7
1709.618,1192.3,1938.0,2318,7,79,13421.0
1709.742,766.2,1938.0,2318,7,83,13403.9
1709.862,766.2,1938.0,2318,85,85,13403.9
1709.981,766.2,1938.0,2318,100,85,13403.9
1710.101,766.2,1938.0,2318,97,83,13406.6
1710.22,927.2,1938.0,2318,97,80,13433.4
1710.339,1056.7,1938.0,2318,10,80,13372.7
1710.457,1056.7,1938.0,2318,7,80,13403.8
1710.576,1186.2,1938.0,2318,7,79,13437.9
1710.693,760.1,1938.0,2318,7,81,13396.6
1710.823,760.1,1938.0,2318,72,84,13265.0
1710.942,760.1,1938.0,2318,100,86,13265.0
1711.065,760.1,1938.0,2318,100,85,13265.0
1711.185,791.6,1938.0,2318,100,81,13283.5
1711.303,921.1,1938.0,2318,17,80,13317.4
1711.422,1050.6,1938.0,2318,17,80,13353.2
1711.54,1050.6,1938.0,2318,7,79,13398.0
1711.658,1180.1,1938.0,2318,8,79,13442.1
1711.776,754.0,1938.0,2318,30,81,13358.7
1711.895,754.0,1938.0,2318,30,84,13312.8
1712.015,754.0,1938.0,2318,100,86,13312.8
1712.135,754.0,1938.0,2318,100,85,13312.8
1712.254,757.5,1938.0,2318,100,81,13325.3
1712.374,915.0,1938.0,2318,65,80,13370.0
1712.492,1044.5,1938.0,2318,7,80,13413.6
1712.61,1044.5,1938.0,2318,8,80,13453.0
1712.729,1174.0,1938.0,2318,8,79,13485.1
1712.847,747.8,1938.0,2318,18,82,13486.2
1712.968,747.8,1938.0,2318,100,84,13364.7
1713.089,747.8,1938.0,2318,100,85,12926.2
1713.234,747.8,1938.0,2318,100,83,12927.9
1713.354,908.8,1938.0,2318,73,80,12958.2
1713.472,1038.3,1938.0,2318,10,80,12982.5
1713.59,1167.8,1938.0,2318,10,79,13021.2
1713.709,741.7,1938.0,2318,19,83,13022.7
1713.828,741.7,1938.0,2318,100,85,13022.7
1713.948,741.7,1938.0,2318,100,85,13022.7
1714.067,741.7,1938.0,2318,100,83,13022.9
1714.187,902.7,1938.0,2318,74,80,13053.3
1714.305,1032.2,1938.0,2318,10,80,13101.7
1714.431,1161.7,1938.0,2318,10,80,13144.3
1714.549,735.6,1938.0,2318,10,81,13179.6
1714.669,735.6,1938.0,2318,66,84,13179.6
1714.789,735.6,1938.0,2318,100,86,13179.6
1714.91,735.6,1938.0,2318,100,85,13179.6
1715.032,739.1,1938.0,2318,100,81,13213.3
1715.15,896.6,1938.0,2318,26,80,13264.0
1715.268,1155.6,1938.0,2318,26,80,13298.4
1715.386,729.5,1938.0,2318,17,83,13312.4
1715.506,729.5,1938.0,2318,90,84,13312.4
1715.626,729.5,1938.0,2318,100,86,13312.4
1715.747,729.5,1938.0,2318,100,83,13312.4
1715.868,890.5,1938.0,2318,94,81,13354.4
1715.986,890.5,1938.0,2318,9,80,13418.0
1716.104,1020.0,1938.0,2318,9,80,13413.7
1716.233,1149.5,1938.0,2318,10,80,13298.5
1716.351,723.3,1938.0,2318,35,83,13279.2
1716.498,723.3,1938.0,2318,100,85,13251.8
1716.617,723.3,1938.0,2318,100,85,13251.8
1716.737,723.3,1938.0,2318,100,82,13261.9
1716.856,884.3,1938.0,2318,58,80,13321.3
1716.974,1013.8,1938.0,2318,8,80,13401.6
1717.092,1013.8,1938.0,2318,8,80,13477.4
1717.21,1143.3,1938.0,2318,11,80,13516.5
1717.331,717.2,1938.0,2318,26,83,13508.5
1717.453,717.2,1938.0,2318,26,84,13496.4
1717.576,717.2,1938.0,2318,100,86,13487.7
1717.699,717.2,1938.0,2318,100,83,13479.2
1717.823,717.2,1938.0,2318,61,81,13468.1
1717.945,717.2,1938.0,2318,61,80,13455.8
1718.067,717.2,1938.0,2318,0,80,13444.0
1718.19,724.2,1938.0,2318,2,80,13433.8
1718.312,748.7,1938.0,2318,2,80,13422.7
1718.434,748.7,1938.0,2318,2,80,13410.5
1718.557,748.7,1938.0,2318,0,80,13398.8
1718.679,748.7,1938.0,2318,2,80,13387.0
1718.803,878.2,1938.0,2318,2,79,13376.3
1718.925,878.2,1938.0,2318,2,79,13357.2
1719.048,878.2,1938.0,2318,1,79,13345.4
1719.17,878.2,1938.0,2318,2,79,13333.7
1719.292,878.2,1938.0,2318,2,79,13321.3
1719.414,878.2,1938.0,2318,2,79,13309.0
1719.536,878.2,1938.0,2318,1,79,13297.8
1719.658,878.2,1938.0,2318,2,79,13286.0
1719.78,878.2,1938.0,2318,2,79,13271.5
1719.904,878.2,1938.0,2318,2,79,13259.4
1720.026,878.2,1938.0,2318,1,79,13247.1
1720.15,878.2,1938.0,2318,2,79,13235.2
1720.272,878.2,1938.0,2318,2,79,13223.6
1720.394,878.2,1938.0,2318,2,79,13209.2
1720.517,878.2,1938.0,2318,1,79,13187.4
1720.64,1007.7,1938.0,2318,1,79,13170.5
1720.762,1007.7,1938.0,2318,4,79,13158.3
1720.885,1007.7,1938.0,2318,2,79,13145.9
1721.007,1007.7,1938.0,2318,2,79,13134.9
1721.129,1007.7,1938.0,2318,2,79,13126.0
1721.251,1007.7,1938.0,2318,3,79,13117.3
1721.376,1007.7,1938.0,2318,4,79,13107.8
1721.498,1137.2,1938.0,2318,1,79,13098.2
1721.621,1137.2,1938.0,2318,1,79,13085.6
1721.745,1137.2,1938.0,2318,2,79,13073.6
1721.868,1137.2,1938.0,2318,2,79,13060.3
1721.991,1137.2,1938.0,2318,0,79,13047.5
1722.113,1137.2,1938.0,2318,0,79,13034.8
1722.236,1137.2,1938.0,2318,2,79,13023.5
1722.36,1137.2,1938.0,2318,2,79,13011.4
1722.482,1137.2,1938.0,2318,2,79,12999.7
1722.605,1137.2,1938.0,2318,1,79,12991.7
1722.73,1137.2,1938.0,2318,2,79,12981.6
1722.853,1137.2,1938.0,2318,2,79,12970.4
1722.976,1137.2,1938.0,2318,2,79,12958.5
1723.099,1137.2,1938.0,2318,0,79,12950.4
1723.222,1137.2,1938.0,2318,2,79,12940.3
1723.344,1137.2,1938.0,2318,2,79,12928.4
1723.467,1137.2,1938.0,2318,2,79,12915.8
1723.59,1137.2,1938.0,2318,0,79,12903.5
1723.713,1137.2,1938.0,2318,2,79,12891.1
1723.836,711.1,1938.0,2318,54,82,12882.2
1723.958,711.1,1938.0,2318,54,84,12873.5
1724.081,711.1,1938.0,2318,100,85,12864.9
1724.204,711.1,1938.0,2318,100,82,12856.4
1724.326,711.1,1938.0,2318,31,80,12844.2
1724.449,711.1,1938.0,2318,31,80,12831.8
1724.572,711.1,1938.0,2318,0,79,12818.8
1724.695,711.1,1938.0,2318,2,79,12806.1
1724.818,711.1,1938.0,2318,2,79,12793.5
1724.94,714.6,1938.0,2318,2,79,12781.9
1725.063,742.6,1938.0,2318,1,79,12770.3
1725.186,742.6,1938.0,2318,2,79,12758.0
1725.31,742.6,1938.0,2318,2,79,12746.5
1725.433,742.6,1938.0,2318,2,79,12735.2
1725.556,872.1,1938.0,2318,0,79,12727.3
1725.679,872.1,1938.0,2318,2,79,12714.9
1725.801,872.1,1938.0,2318,2,79,12703.0
1725.924,872.1,1938.0,2318,2,79,12690.4
1726.048,872.1,1938.0,2318,0,79,12679.5
1726.171,872.1,1938.0,2318,2,79,12667.1
1726.294,872.1,1938.0,2318,2,79,12656.0
1726.416,872.1,1938.0,2318,2,79,12647.5
1726.539,872.1,1938.0,2318,1,79,12636.0
1726.664,872.1,1938.0,2318,1,79,12625.7
1726.787,872.1,1938.0,2318,2,79,12613.2
1726.909,872.1,1938.0,2318,2,78,12603.1
1727.031,872.1,1938.0,2318,1,78,12591.4
1727.153,872.1,1938.0,2318,1,78,12579.0
1727.276,872.1,1938.0,2318,2,78,12567.9
1727.398,872.1,1938.0,2318,2,78,12556.2
1727.52,872.1,1938.0,2318,0,78,12545.2
1727.642,872.1,1938.0,2318,0,78,12532.2
1727.765,872.1,1938.0,2318,2,78,12518.5
1727.887,872.1,1938.0,2318,2,78,12502.0
1728.012,872.1,1938.0,2318,0,78,12487.8
1728.135,872.1,1938.0,2318,0,78,12475.7
1728.257,1001.6,1938.0,2318,3,78,12508.9
1728.383,1131.1,1938.0,2318,8,78,12531.7
1728.505,705.0,1938.0,2318,8,79,12543.1
1728.627,705.0,1938.0,2318,34,80,12533.7
1728.748,705.0,1938.0,2318,100,82,12528.3
1728.868,705.0,1938.0,2318,100,83,12528.3
1728.988,705.0,1938.0,2318,100,81,12533.2
1729.106,866.0,1938.0,2318,66,79,12536.8
1729.23,995.5,1938.0,2318,10,79,12541.4
1729.358,995.5,1938.0,2318,7,79,12575.3
1729.484,1125.0,1938.0,2318,7,79,12597.3
1729.607,698.8,1938.0,2318,11,82,12587.9
1729.73,698.8,1938.0,2318,100,84,12584.6
1729.851,698.8,1938.0,2318,100,85,12584.6
1729.971,698.8,1938.0,2318,100,82,12584.6
1730.091,702.3,1938.0,2318,78,80,12591.4
1730.215,730.3,1938.0,2318,3,79,12605.6
1730.338,859.8,1938.0,2318,3,79,12611.0
1730.461,859.8,1938.0,2318,3,79,12601.6
1730.586,859.8,1938.0,2318,0,79,12591.5
1730.711,859.8,1938.0,2318,2,79,12580.1
1730.834,859.8,1938.0,2318,2,79,12569.6
1730.957,859.8,1938.0,2318,2,79,12558.3
1731.081,859.8,1938.0,2318,0,79,12546.8
1731.205,859.8,1938.0,2318,2,79,12536.5
1731.329,859.8,1938.0,2318,2,79,12519.7
1731.454,859.8,1938.0,2318,2,79,12508.0
1731.577,859.8,1938.0,2318,0,79,12496.5
1731.7,859.8,1938.0,2318,2,79,12484.7
1731.824,859.8,1938.0,2318,2,79,12473.0
1731.948,859.8,1938.0,2318,2,79,12461.5
1732.071,859.8,1938.0,2318,0,79,12449.6
1732.194,859.8,1938.0,2318,2,79,12437.3
1732.319,859.8,1938.0,2318,2,79,12424.6
1732.443,859.8,1938.0,2318,2,79,12412.9
1732.567,859.8,1938.0,2318,0,79,12401.2
1732.691,859.8,1938.0,2318,2,79,12389.1
1732.814,859.8,1938.0,2318,2,79,12377.7
1732.937,859.8,1938.0,2318,2,79,12365.8
1733.06,859.8,1938.0,2318,0,79,12353.8
1733.185,859.8,1938.0,2318,0,79,12342.3
1733.307,859.8,1938.0,2318,2,79,12330.5
1733.431,859.8,1938.0,2318,2,79,12315.0
1733.554,859.8,1938.0,2318,0,79,12303.8
1733.677,989.3,1938.0,2318,0,78,12292.3
1733.8,989.3,1938.0,2318,2,78,12280.4
1733.923,989.3,1938.0,2318,2,79,12268.8
1734.046,989.3,1938.0,2318,0,78,12256.7
1734.17,989.3,1938.0,2318,0,79,12245.1
1734.293,989.3,1938.0,2318,1,78,12231.9
1734.416,989.3,1938.0,2318,2,78,12220.0
1734.539,989.3,1938.0,2318,1,78,12211.7
1734.663,989.3,1938.0,2318,1,78,12196.8
1734.787,989.3,1938.0,2318,0,78,12184.3
1734.911,989.3,1938.0,2318,3,78,12173.3
1735.035,989.3,1938.0,2318,0,78,12162.2
1735.158,989.3,1938.0,2318,0,78,12150.6
1735.281,989.3,1938.0,2318,2,78,12138.8
1735.405,989.3,1938.0,2318,2,78,12124.4
1735.53,989.3,1938.0,2318,2,78,12112.7
1735.654,989.3,1938.0,2318,0,78,12101.1
1735.778,989.3,1938.0,2318,2,78,12089.7
1735.904,989.3,1938.0,2318,2,78,12077.6
1736.029,989.3,1938.0,2318,2,78,12065.9
1736.152,989.3,1938.0,2318,0,78,12053.0
1736.276,989.3,1938.0,2318,2,78,12040.1
1736.4,1118.8,1938.0,2318,4,78,11855.3
1736.526,1118.8,1938.0,2318,4,78,11865.0
1736.649,671.3,1938.0,2318,6,82,11779.9
1736.769,671.3,1938.0,2318,88,83,11779.9
1736.888,671.3,1938.0,2318,100,85,11779.9
1737.008,671.3,1938.0,2318,100,81,11780.0
1737.128,646.6,1938.0,2318,95,80,11637.7
1737.25,646.6,1938.0,2318,6,79,11645.3
1737.368,646.6,1938.0,2318,6,79,11671.8
1737.488,678.1,1938.0,2318,11,83,11675.3
1737.607,678.1,1938.0,2318,99,83,11675.3
1737.726,685.0,1938.0,2318,98,81,11686.6
1737.845,685.0,1938.0,2318,98,84,11686.6
1737.965,685.0,1938.0,2318,100,84,11692.8
1738.084,691.9,1938.0,2318,88,81,11710.8
1738.204,691.9,1938.0,2318,88,85,11710.8
1738.323,982.4,1938.0,2318,100,81,11720.0
1738.443,698.8,1938.0,2318,85,84,11720.7
1738.596,698.8,1938.0,2318,100,81,11721.1
1738.715,705.7,1938.0,2318,78,81,11788.4
1738.836,705.7,1938.0,2318,78,85,11788.4
1738.959,866.7,1938.0,2318,100,80,11806.9
1739.079,712.6,1938.0,2318,61,82,11811.9
1739.198,712.6,1938.0,2318,61,85,11811.9
1739.317,1003.1,1938.0,2318,100,80,11815.8
1739.436,719.5,1938.0,2318,71,84,11817.9
1739.556,719.5,1938.0,2318,100,84,11817.9
1739.676,1010.0,1938.0,2318,100,80,11821.7
1739.796,726.4,1938.0,2318,74,85,11822.0
1739.916,726.4,1938.0,2318,100,84,11822.0
1740.036,887.4,1938.0,2318,100,80,11839.7
1740.155,733.3,1938.0,2318,35,80,11848.1
1740.274,733.3,1938.0,2318,73,85,11848.1
1740.394,733.3,1938.0,2318,86,82,11854.0
1740.515,894.4,1938.0,2318,86,80,11887.7
1740.634,1023.9,1938.0,2318,9,79,11918.3
1740.752,1153.4,1938.0,2318,9,79,11946.0
1740.87,740.3,1938.0,2318,9,81,11960.2
1740.989,740.3,1938.0,2318,46,85,11960.2
1741.109,743.8,1938.0,2318,100,82,11968.5
1741.228,901.3,1938.0,2318,16,79,11994.1
1741.347,1160.3,1938.0,2318,16,79,12018.3
1741.464,747.2,1938.0,2318,12,79,12038.2
1741.582,747.2,1938.0,2318,76,83,12038.2
1741.701,747.2,1938.0,2318,76,84,12042.0
1741.819,908.2,1938.0,2318,72,80,12065.8
1741.937,1037.7,1938.0,2318,13,79,12084.7
1742.056,1167.2,1938.0,2318,13,79,12106.9
1742.174,754.1,1938.0,2318,12,84,12108.3
1742.293,754.1,1938.0,2318,99,84,12108.3
1742.413,915.1,1938.0,2318,48,80,12127.9
1742.531,915.1,1938.0,2318,48,79,12150.5
1742.649,1044.6,1938.0,2318,8,79,12173.7
1742.767,1174.1,1938.0,2318,9,79,12199.5
1742.885,1174.1,1938.0,2318,9,80,12221.3
1743.003,761.0,1938.0,2318,23,85,12221.3
1743.122,761.0,1938.0,2318,100,82,12221.9
1743.241,922.0,1938.0,2318,32,79,12238.1
1743.36,1051.5,1938.0,2318,32,78,12253.6
1743.478,1181.0,1938.0,2318,13,78,12270.8
1743.597,767.9,1938.0,2318,51,83,12273.2
1743.716,767.9,1938.0,2318,51,84,12273.2
1743.836,928.9,1938.0,2318,100,80,12284.5
1743.954,1058.4,1938.0,2318,15,79,12299.1
1744.073,774.8,1938.0,2318,34,80,12311.7
1744.196,774.8,1938.0,2318,34,84,12311.7
1744.318,806.3,1938.0,2318,100,81,12316.9
1744.44,1065.3,1938.0,2318,34,79,12251.6
1744.561,781.7,1938.0,2318,34,80,12237.0
1744.682,781.7,1938.0,2318,50,85,12210.0
1744.803,813.2,1938.0,2318,100,80,12214.3
1744.922,1072.2,1938.0,2318,20,79,12222.3
1745.04,788.6,1938.0,2318,20,80,12228.3
1745.159,788.6,1938.0,2318,48,85,12228.3
1745.279,788.6,1938.0,2318,100,81,12229.3
1745.397,949.6,1938.0,2318,100,79,12239.6
1745.516,1208.6,1938.0,2318,19,79,12247.1
1745.634,795.5,1938.0,2318,30,81,12249.4
1745.755,795.5,1938.0,2318,100,83,12249.4
1745.875,956.5,1938.0,2318,100,80,12255.6
1745.992,1086.0,1938.0,2318,39,79,12266.5
1746.11,1215.5,1938.0,2318,14,79,12276.7
1746.23,802.4,1938.0,2318,14,83,12276.7
1746.35,802.4,1938.0,2318,86,83,12276.7
1746.471,963.4,1938.0,2318,65,80,12290.4
1746.589,1092.9,1938.0,2318,11,79,12306.6
1746.707,1222.4,1938.0,2318,11,79,12325.8
1746.825,809.3,1938.0,2318,21,83,12328.3
1746.944,809.3,1938.0,2318,100,84,12328.3
1747.064,1099.8,1938.0,2318,100,80,12338.3
1747.183,816.2,1938.0,2318,53,81,12339.9
1747.303,816.2,1938.0,2318,94,84,12339.9
1747.424,1106.7,1938.0,2318,66,80,12345.5
1747.543,823.1,1938.0,2318,66,82,12347.3
1747.663,823.1,1938.0,2318,82,85,12347.3
1747.783,984.2,1938.0,2318,77,80,12353.5
1747.901,1243.2,1938.0,2318,77,79,12360.6
1748.02,830.1,1938.0,2318,37,85,12354.3
1748.14,830.1,1938.0,2318,100,84,12356.4
1748.258,1120.6,1938.0,2318,36,79,12385.2
1748.376,837.0,1938.0,2318,36,80,12393.1
1748.495,837.0,1938.0,2318,61,85,12393.1
1748.615,840.5,1938.0,2318,95,82,12384.3
1748.735,1257.0,1938.0,2318,95,79,12401.2
1748.853,843.9,1938.0,2318,46,85,12401.2
1748.974,843.9,1938.0,2318,100,83,12401.8
1749.093,1263.9,1938.0,2318,43,79,12413.7
1749.213,850.8,1938.0,2318,43,83,12389.2
1749.333,850.8,1938.0,2318,90,84,12389.2
1749.454,1011.8,1938.0,2318,61,80,12407.0
1749.572,1141.3,1938.0,2318,61,79,12427.9
1749.693,857.7,1938.0,2318,16,81,12424.9
1749.813,857.7,1938.0,2318,81,85,12424.9
1749.934,889.2,1938.0,2318,69,81,12440.4
1750.056,1148.2,1938.0,2318,69,79,12443.2
1750.175,838.1,1938.0,2318,19,80,12472.0
1750.297,838.1,1938.0,2318,73,84,12461.8
1750.419,844.9,1938.0,2318,73,83,12472.1
1750.542,844.9,1938.0,2318,73,80,12539.3
1750.68,844.9,1938.0,2318,0,79,12612.2
1750.819,844.9,1938.0,2318,2,79,12446.1
1750.951,844.9,1938.0,2318,0,79,12422.4
1751.099,844.9,1938.0,2318,1,79,12471.6
1751.228,844.9,1938.0,2318,1,79,12506.6
1751.36,844.9,1938.0,2318,2,79,12595.6
1751.488,844.9,1938.0,2318,0,79,12654.7
1751.618,844.9,1938.0,2318,1,79,12690.3
1751.75,844.9,1938.0,2318,1,79,12722.1
1751.883,844.9,1938.0,2318,2,79,12752.2
1752.013,844.9,1938.0,2318,0,79,12805.9
1752.15,844.9,1938.0,2318,1,79,12839.0
1752.283,844.9,1938.0,2318,2,79,12861.2
1752.417,844.9,1938.0,2318,2,79,12883.6
1752.551,844.9,1938.0,2318,0,79,12905.3
1752.686,844.9,1938.0,2318,1,79,12932.1
1752.819,844.9,1938.0,2318,2,79,13001.1
1752.951,844.9,1938.0,2318,0,79,13030.5
1753.084,844.9,1938.0,2318,0,79,13068.9
1753.216,844.9,1938.0,2318,1,79,13095.5
1753.355,844.9,1938.0,2318,2,79,13119.0
1753.507,844.9,1938.0,2318,0,79,13111.1
1753.646,844.9,1938.0,2318,0,79,13099.3
1753.872,844.9,1938.0,2318,0,79,13113.5
1754.105,844.9,1938.0,2318,1,79,13107.1
1754.365,844.9,1938.0,2318,0,79,13106.4
1754.609,844.9,1938.0,2318,1,79,13112.8
1754.849,844.9,1938.0,2318,2,79,13090.5
1754.995,844.9,1938.0,2318,0,79,12750.0
1755.135,844.9,1938.0,2318,0,79,12770.2
1755.267,844.9,1938.0,2318,0,79,12872.4
1755.397,844.9,1938.0,2318,4,79,12918.8
1755.527,844.9,1938.0,2318,0,79,12977.6
1755.658,844.9,1938.0,2318,1,79,13008.8
1755.791,844.9,1938.0,2318,1,79,13034.2
1755.924,844.9,1938.0,2318,1,79,12841.7
1756.059,844.9,1938.0,2318,0,79,12869.2
1756.191,844.9,1938.0,2318,2,79,12905.2
1756.323,844.9,1938.0,2318,1,79,12936.0
1756.455,844.9,1938.0,2318,0,79,13038.9
1756.585,844.9,1938.0,2318,0,79,13072.3
1756.716,844.9,1938.0,2318,1,79,13120.6
1756.847,844.9,1938.0,2318,1,79,13166.0
1756.978,844.9,1938.0,2318,0,79,13191.2
1757.109,844.9,1938.0,2318,0,79,13118.9
1757.239,844.9,1938.0,2318,1,79,13177.4
1757.369,844.9,1938.0,2318,1,79,13213.8
1757.5,844.9,1938.0,2318,0,79,13247.9
1757.635,844.9,1938.0,2318,1,79,13321.6
1757.766,844.9,1938.0,2318,1,79,13368.8
1757.898,844.9,1938.0,2318,1,79,13413.2
1758.028,844.9,1938.0,2318,0,79,13451.4
1758.147,844.9,1938.0,2318,0,79,13709.3
1758.739,844.9,1938.0,2318,1,79,13643.6
1759.333,844.9,1938.0,2318,1,79,13074.9
1759.457,844.9,1938.0,2318,0,79,13070.5
1759.586,844.9,1938.0,2318,0,79,13066.7
1759.717,844.9,1938.0,2318,1,79,13066.8
1759.847,844.9,1938.0,2318,1,79,13068.2
1759.977,844.9,1938.0,2318,0,79,13078.5
1760.105,844.9,1938.0,2318,0,79,13090.3
1760.23,844.9,1938.0,2318,1,79,13102.6
1760.357,844.9,1938.0,2318,1,79,13114.6
1760.484,844.9,1938.0,2318,0,79,13123.0
1760.611,844.9,1938.0,2318,0,79,13136.0
1760.74,844.9,1938.0,2318,1,79,13146.2
1760.865,844.9,1938.0,2318,1,79,13155.8
1760.994,844.9,1938.0,2318,0,79,13166.8
1761.122,844.9,1938.0,2318,0,79,13184.9
1761.248,844.9,1938.0,2318,1,79,13201.1
1761.372,844.9,1938.0,2318,1,79,13217.4
1761.495,844.9,1938.0,2318,0,79,13234.3
1761.618,844.9,1938.0,2318,0,79,13250.8
1761.742,844.9,1938.0,2318,1,79,13268.9
1761.865,844.9,1938.0,2318,1,79,13287.1
1761.992,844.9,1938.0,2318,0,79,13306.7
1762.119,844.9,1938.0,2318,0,79,13325.3
1762.243,844.9,1938.0,2318,1,79,13341.9
1762.367,844.9,1938.0,2318,1,79,13358.5
1762.491,844.9,1938.0,2318,0,79,13376.0
1762.62,844.9,1938.0,2318,0,79,13394.6
1762.747,844.9,1938.0,2318,1,79,13315.6
1762.871,844.9,1938.0,2318,1,78,13245.4
1762.995,844.9,1938.0,2318,0,79,13260.8
1763.118,844.9,1938.0,2318,0,79,13276.2
1763.244,844.9,1938.0,2318,1,79,13289.6
1763.372,844.9,1938.0,2318,1,79,13304.4
1763.499,844.9,1938.0,2318,0,79,13319.3
1763.623,844.9,1938.0,2318,0,79,13322.5
1763.754,844.9,1938.0,2318,1,79,13322.5
1763.886,844.9,1938.0,2318,2,79,13322.5
1764.019,844.9,1938.0,2318,0,79,13322.5
1764.15,844.9,1938.0,2318,1,79,13322.5
1764.282,844.9,1938.0,2318,1,79,13322.5
1764.413,844.9,1938.0,2318,0,79,13322.5
1764.545,844.9,1938.0,2318,2,79,13322.5
1764.677,844.9,1938.0,2318,1,79,13322.5
1764.809,844.9,1938.0,2318,1,79,13322.5
1764.94,844.9,1938.0,2318,1,78,13322.5
1765.072,844.9,1938.0,2318,0,79,13032.5
1765.193,1166.8,1938.0,2318,10,79,13043.3
1765.313,876.4,1958.0,2338,10,82,13059.2
1765.433,876.4,1958.0,2338,63,83,13059.2
1765.553,876.4,1958.0,2338,100,84,13059.2
1765.673,876.4,1958.0,2338,100,82,13059.2
1765.793,1037.4,1958.0,2338,100,80,13067.2
1765.912,1166.9,1958.0,2338,55,79,13084.6
1766.03,869.7,1958.0,2338,25,82,13092.2
1766.15,869.7,1958.0,2338,25,84,13092.2
1766.27,869.7,1958.0,2338,100,83,13092.2
1766.39,869.7,1958.0,2338,100,83,13092.2
1766.51,1030.7,1958.0,2338,86,80,13094.1
1766.629,863.0,1958.0,2338,86,80,13099.8
1766.748,863.0,1958.0,2338,57,85,13099.8
1766.87,863.0,1958.0,2338,100,84,13099.8
1766.989,863.0,1958.0,2338,100,84,13099.8
1767.109,863.0,1958.0,2338,100,81,13101.4
1767.228,1703.9,1958.0,2338,69,80,13107.4
1767.347,856.3,1958.0,2338,83,86,13107.4
1767.47,856.3,1958.0,2338,83,84,13107.4
1767.59,856.3,1958.0,2338,100,84,13107.4
1767.71,856.3,1958.0,2338,100,82,13108.3
1767.83,1146.8,1958.0,2338,42,80,13118.9
1767.949,849.5,1958.0,2338,42,85,13119.9
1768.07,849.5,1958.0,2338,89,84,13119.9
1768.19,849.5,1958.0,2338,100,84,13119.9
1768.311,849.5,1958.0,2338,100,82,13119.9
1768.431,1010.6,1958.0,2338,100,80,13127.9
1768.55,1269.6,1958.0,2338,31,80,13143.1
1768.668,842.8,1958.0,2338,77,85,13143.1
1768.788,842.8,1958.0,2338,77,84,13143.1
1768.908,842.8,1958.0,2338,100,84,13143.1
1769.028,842.8,1958.0,2338,100,82,13143.1
1769.149,1133.3,1958.0,2338,100,80,13150.8
1769.268,836.1,1958.0,2338,46,84,13154.1
1769.388,836.1,1958.0,2338,92,84,13154.1
1769.508,836.1,1958.0,2338,100,84,13154.1
1769.63,836.1,1958.0,2338,100,82,13154.1
1769.75,1126.6,1958.0,2338,100,80,13159.7
1769.869,829.4,1958.0,2338,47,82,13164.1
1769.988,829.4,1958.0,2338,47,85,13164.1
1770.108,829.4,1958.0,2338,100,84,13164.1
1770.229,829.4,1958.0,2338,100,84,13164.1
1770.349,832.9,1958.0,2338,84,81,13168.0
1770.468,990.4,1958.0,2338,84,80,13183.8
1770.586,1249.4,1958.0,2338,12,79,13197.5
1770.704,1249.4,1958.0,2338,12,81,13214.1
1770.822,822.7,1958.0,2338,12,85,13214.1
1770.943,822.7,1958.0,2338,90,84,13214.1
1771.063,822.7,1958.0,2338,100,84,13214.1
1771.183,822.7,1958.0,2338,100,82,13214.1
1771.303,983.7,1958.0,2338,100,80,13223.1
1771.421,1113.2,1958.0,2338,21,80,13233.9
1771.539,816.0,1958.0,2338,18,81,13240.9
1771.658,816.0,1958.0,2338,18,86,13241.2
1771.792,816.0,1958.0,2338,100,84,13241.2
1771.913,816.0,1958.0,2338,100,84,13241.2
1772.033,816.0,1958.0,2338,91,81,13243.0
1772.152,1106.5,1958.0,2338,91,80,13253.0
1772.271,1236.0,1958.0,2338,15,80,13261.3
1772.389,809.3,1958.0,2338,51,85,13261.9
1772.51,809.3,1958.0,2338,51,84,13261.9
1772.63,809.3,1958.0,2338,100,84,13261.9
1772.751,809.3,1958.0,2338,100,82,13261.9
1772.871,970.3,1958.0,2338,61,80,13269.1
1772.989,1229.3,1958.0,2338,61,80,13277.1
1773.108,802.6,1958.0,2338,16,84,13279.6
1773.228,802.6,1958.0,2338,96,84,13279.6
1773.349,802.6,1958.0,2338,96,83,13279.6
1773.472,802.6,1958.0,2338,100,83,13279.6
1773.592,963.6,1958.0,2338,98,81,13285.9
1773.71,1093.1,1958.0,2338,17,80,13294.7
1773.829,795.9,1958.0,2338,17,81,13298.5
1773.949,795.9,1958.0,2338,59,86,13298.5
1774.071,795.9,1958.0,2338,100,85,13298.5
1774.192,795.9,1958.0,2338,100,85,13298.5
1774.316,956.9,1958.0,2338,100,81,13305.0
1774.434,1086.4,1958.0,2338,50,80,13320.4
1774.552,1215.9,1958.0,2338,13,80,13336.0
1774.67,789.2,1958.0,2338,13,85,13337.2
1774.79,789.2,1958.0,2338,81,84,13337.2
1774.911,789.2,1958.0,2338,100,84,13337.2
1775.031,789.2,1958.0,2338,100,82,13337.2
1775.155,950.2,1958.0,2338,100,80,13349.2
1775.273,1079.7,1958.0,2338,25,80,13365.0
1775.39,1209.2,1958.0,2338,15,80,13379.3
1775.508,782.4,1958.0,2338,15,84,13384.2
1775.629,782.4,1958.0,2338,71,84,13384.2
1775.749,782.4,1958.0,2338,100,84,13384.2
1775.871,782.4,1958.0,2338,100,82,13384.2
1775.992,943.5,1958.0,2338,100,81,13398.2
1776.109,943.5,1958.0,2338,30,80,13423.1
1776.228,1073.0,1958.0,2338,9,80,13438.2
1776.346,1202.5,1958.0,2338,9,79,13129.4
1776.467,775.7,1958.0,2338,10,81,13100.3
1776.585,775.7,1958.0,2338,58,85,13100.3
1776.706,775.7,1958.0,2338,100,84,13100.3
1776.828,775.7,1958.0,2338,100,85,13100.3
1776.949,775.7,1958.0,2338,100,83,13105.0
1777.067,936.7,1958.0,2338,39,80,13132.5
1777.185,936.7,1958.0,2338,39,80,13158.6
1777.303,1066.2,1958.0,2338,8,80,13184.6
1777.421,1195.7,1958.0,2338,9,79,13211.3
1777.539,769.0,1958.0,2338,30,81,13232.2
1777.658,769.0,1958.0,2338,30,86,13232.2
1777.779,769.0,1958.0,2338,100,84,13232.2
1777.899,769.0,1958.0,2338,100,85,13232.2
1778.02,769.0,1958.0,2338,100,81,13243.2
1778.139,930.0,1958.0,2338,71,80,13290.1
1778.256,1059.5,1958.0,2338,9,80,13331.5
1778.374,1059.5,1958.0,2338,9,80,13369.9
1778.492,1189.0,1958.0,2338,9,79,13395.0
1778.61,762.3,1958.0,2338,23,85,13401.2
1778.73,762.3,1958.0,2338,100,84,13401.2
1778.851,762.3,1958.0,2338,100,84,13401.2
1778.972,762.3,1958.0,2338,100,82,13401.2
1779.093,793.8,1958.0,2338,81,80,13396.6
1779.216,923.3,1958.0,2338,10,80,12994.3
1779.335,1052.8,1958.0,2338,10,79,13024.7
1779.454,1182.3,1958.0,2338,9,79,13057.2
1779.572,755.6,1958.0,2338,14,81,13084.1
1779.692,755.6,1958.0,2338,14,85,13084.1
1779.813,755.6,1958.0,2338,100,84,13084.1
1779.934,755.6,1958.0,2338,100,84,13084.1
1780.054,755.6,1958.0,2338,88,81,13087.4
1780.172,916.6,1958.0,2338,88,80,13111.9
1780.29,1175.6,1958.0,2338,12,80,13140.7
1780.409,748.9,1958.0,2338,23,81,13167.8
1780.528,748.9,1958.0,2338,23,86,13167.8
1780.648,748.9,1958.0,2338,100,84,13167.8
1780.768,748.9,1958.0,2338,100,84,13167.8
1780.888,752.4,1958.0,2338,89,81,13177.0
1781.008,1039.4,1958.0,2338,89,80,13202.6
1781.127,742.2,1958.0,2338,27,84,13209.2
1781.247,742.2,1958.0,2338,100,84,13209.2
1781.367,742.2,1958.0,2338,100,83,13209.2
1781.487,742.2,1958.0,2338,100,82,13209.2
1781.607,903.2,1958.0,2338,91,80,13228.2
1781.726,1032.7,1958.0,2338,17,80,13259.7
1781.844,1162.2,1958.0,2338,17,80,13293.7
1781.963,735.5,1958.0,2338,22,83,13298.0
1782.083,735.5,1958.0,2338,100,84,13298.0
1782.203,735.5,1958.0,2338,100,83,13298.0
1782.322,735.5,1958.0,2338,100,83,13298.0
1782.442,767.0,1958.0,2338,85,81,13325.5
1782.561,896.5,1958.0,2338,8,80,13361.7
1782.679,1026.0,1958.0,2338,8,80,13417.3
1782.798,1155.5,1958.0,2338,9,79,13471.1
1782.916,1155.5,1958.0,2338,8,79,13519.3
1783.038,728.8,1958.0,2338,8,85,13512.2
1783.164,728.8,1958.0,2338,85,83,13497.8
1783.288,728.8,1958.0,2338,100,84,13483.5
1783.41,728.8,1958.0,2338,100,82,13475.1
1783.532,889.8,1958.0,2338,100,80,13508.6
1783.655,889.8,1958.0,2338,17,80,13550.4
1783.779,1019.3,1958.0,2338,9,80,13609.9
1783.902,1148.8,1958.0,2338,10,79,13691.1
1784.025,722.1,1958.0,2338,10,85,13684.3
1784.151,722.1,1958.0,2338,94,84,13675.7
1784.275,722.1,1958.0,2338,100,84,13667.1
1784.398,722.1,1958.0,2338,100,82,13658.7
1784.524,883.1,1958.0,2338,100,80,13751.7
1784.648,883.1,1958.0,2338,2,79,13723.0
1785.102,1012.6,1958.0,2338,2,79,13658.7
1785.574,1012.6,1958.0,2338,2,79,13618.6
1785.996,1142.1,1958.0,2338,1,79,13552.0
1786.494,1142.1,1958.0,2338,13,86,13526.6
1786.826,715.4,1958.0,2338,100,84,13516.8
1786.957,715.4,1958.0,2338,100,84,13508.4
1787.081,715.4,1958.0,2338,86,81,13507.3
1787.207,876.4,1958.0,2338,3,79,13484.8
1787.552,1005.9,1958.0,2338,2,79,13415.1
1788.063,1005.9,1958.0,2338,2,79,13375.7
1788.484,1135.4,1958.0,2338,1,79,13297.9
1789.075,1135.4,1958.0,2338,2,79,13253.7
1789.538,1135.4,1958.0,2338,1,78,13196.3
1790.043,708.6,1958.0,2338,84,83,13182.2
1790.27,708.6,1958.0,2338,100,82,13120.5
1790.557,708.6,1958.0,2338,100,80,13095.8
1790.732,869.7,1958.0,2338,0,79,13044.2
1791.218,869.7,1958.0,2338,1,79,13006.0
1791.657,869.7,1958.0,2338,1,79,12963.3
1792.122,999.2,1958.0,2338,2,79,12915.9
1792.62,999.2,1958.0,2338,0,79,12873.6
1793.059,999.2,1958.0,2338,3,79,12831.2
1793.519,1128.7,1958.0,2338,3,79,12783.8
1794.015,1128.7,1958.0,2338,3,79,12745.9
1794.416,1128.7,1958.0,2338,1,81,12707.6
1794.846,701.9,1958.0,2338,63,84,12689.5
1795.04,701.9,1958.0,2338,100,85,12680.9
1795.168,701.9,1958.0,2338,100,81,12680.3
1795.322,733.4,1958.0,2338,1,79,12632.9
1795.638,862.9,1958.0,2338,2,79,12648.5
1796.049,862.9,1958.0,2338,2,79,12635.3
1796.56,992.4,1958.0,2338,2,79,12591.1
1797.067,992.4,1958.0,2338,1,79,12542.4
1797.576,992.4,1958.0,2338,1,79,12498.6
1798.04,1121.9,1958.0,2338,1,79,12452.8
1798.339,674.1,1958.0,2338,6,81,12130.4
1798.462,674.1,1958.0,2338,95,85,11882.4
1798.586,674.1,1958.0,2338,95,84,11695.9
1798.709,674.1,1958.0,2338,100,84,11695.9
1798.828,663.7,1958.0,2338,100,82,11696.1
1798.947,646.8,1958.0,2338,100,80,11723.6
1799.066,683.5,1958.0,2338,4,82,11724.0
1799.186,683.5,1958.0,2338,98,86,11610.3
1799.306,683.5,1958.0,2338,100,84,11611.0
1799.427,691.6,1958.0,2338,100,82,11620.0
1799.547,691.6,1958.0,2338,71,86,11620.0
1799.67,691.6,1958.0,2338,100,84,11620.0
1799.789,723.1,1958.0,2338,100,80,11635.2
1799.908,852.6,1958.0,2338,52,80,11654.8
1800.025,982.1,1958.0,2338,9,79,11674.4
1800.145,699.7,1958.0,2338,34,81,11683.5
1800.264,699.7,1958.0,2338,34,84,11683.5
1800.383,699.7,1958.0,2338,100,84,11683.5
1800.503,860.7,1958.0,2338,66,80,11742.2
1800.622,1119.7,1958.0,2338,66,80,11765.9
1800.74,707.8,1958.0,2338,19,81,11771.7
1800.859,707.8,1958.0,2338,84,85,11771.7
1800.979,707.8,1958.0,2338,99,84,11773.5
1801.098,868.8,1958.0,2338,99,80,11799.8
1801.216,998.3,1958.0,2338,11,80,11824.1
1801.335,715.9,1958.0,2338,23,82,11834.7
1801.455,715.9,1958.0,2338,23,85,11834.7
1801.577,715.9,1958.0,2338,100,84,11834.7
1801.697,876.9,1958.0,2338,78,80,11850.4
1801.816,1135.9,1958.0,2338,19,80,11878.3
1801.934,724.0,1958.0,2338,19,82,11881.0
1802.054,724.0,1958.0,2338,85,85,11881.0
1802.174,724.0,1958.0,2338,100,82,11885.8
1802.292,1144.1,1958.0,2338,100,80,11901.0
1802.411,732.2,1958.0,2338,24,81,11904.8
1802.53,732.2,1958.0,2338,92,85,11904.8
1802.65,732.2,1958.0,2338,92,83,11907.5
1802.769,1152.2,1958.0,2338,92,80,11920.3
1802.887,740.3,1958.0,2338,42,83,11920.7
1803.006,740.3,1958.0,2338,100,85,11920.7
1803.126,771.8,1958.0,2338,100,82,11925.4
1803.244,901.3,1958.0,2338,69,80,11942.9
1803.363,1160.3,1958.0,2338,15,79,11958.0
1803.481,748.4,1958.0,2338,67,82,11959.1
1803.603,748.4,1958.0,2338,67,85,11959.1
1803.725,748.4,1958.0,2338,100,82,11965.3
1803.843,909.4,1958.0,2338,30,80,11987.6
1803.962,1038.9,1958.0,2338,30,79,12011.5
1804.08,1168.4,1958.0,2338,8,79,12031.2
1804.198,756.5,1958.0,2338,14,80,12041.3
1804.318,756.5,1958.0,2338,100,83,12041.3
1804.443,756.5,1958.0,2338,100,84,12041.3
1804.564,917.5,1958.0,2338,82,80,12060.8
1804.683,1047.0,1958.0,2338,12,80,12083.2
1804.8,1176.5,1958.0,2338,12,80,12103.0
1804.919,764.6,1958.0,2338,12,81,12110.8
1805.039,764.6,1958.0,2338,82,85,12110.8
1805.16,764.6,1958.0,2338,100,83,12111.2
1805.281,925.6,1958.0,2338,100,80,12134.1
1805.399,925.6,1958.0,2338,10,79,12157.5
1805.517,1055.1,1958.0,2338,8,79,12178.7
1805.636,1184.6,1958.0,2338,8,79,12201.4
1805.754,772.7,1958.0,2338,10,80,12211.9
1805.874,772.7,1958.0,2338,75,85,12211.9
1805.995,772.7,1958.0,2338,100,84,12211.9
1806.116,933.7,1958.0,2338,100,80,12231.1
1806.234,1063.2,1958.0,2338,16,79,12253.7
1806.352,1063.2,1958.0,2338,9,79,12276.4
1806.47,1192.7,1958.0,2338,9,79,12300.9
1806.589,780.8,1958.0,2338,8,80,12310.2
1806.709,780.8,1958.0,2338,79,85,12310.2
1806.833,780.8,1958.0,2338,100,84,12310.2
1806.954,941.8,1958.0,2338,100,80,12324.3
1807.073,1071.3,1958.0,2338,15,79,12336.7
1807.192,788.9,1958.0,2338,16,81,12342.2
1807.313,788.9,1958.0,2338,16,84,12333.6
1807.435,788.9,1958.0,2338,95,84,12323.8
1807.557,949.9,1958.0,2338,87,81,12304.6
1807.679,1079.4,1958.0,2338,16,80,12282.3
1807.797,797.0,1958.0,2338,16,82,12249.4
1807.921,797.0,1958.0,2338,54,86,12249.4
1808.042,797.0,1958.0,2338,100,84,12249.4
1808.162,958.0,1958.0,2338,46,80,12258.3
1808.283,1217.0,1958.0,2338,46,80,12266.0
1808.402,805.2,1958.0,2338,21,81,12268.2
1808.522,805.2,1958.0,2338,100,85,12268.2
1808.643,805.2,1958.0,2338,100,83,12269.0
1808.762,1095.7,1958.0,2338,79,80,12277.4
1808.88,1225.2,1958.0,2338,17,79,12285.4
1808.998,813.3,1958.0,2338,17,81,12286.9
1809.118,813.3,1958.0,2338,63,85,12286.9
1809.237,813.3,1958.0,2338,100,83,12288.2
1809.356,974.3,1958.0,2338,34,80,12297.7
1809.474,1233.3,1958.0,2338,34,79,12305.1
1809.593,821.4,1958.0,2338,15,80,12307.4
1809.713,821.4,1958.0,2338,98,84,12307.4
1809.834,821.4,1958.0,2338,98,84,12302.1
1809.954,1111.9,1958.0,2338,88,80,12266.4
1810.077,1241.4,1958.0,2338,15,79,12275.5
1810.195,829.5,1958.0,2338,48,81,12278.8
1810.316,829.5,1958.0,2338,48,85,12278.8
1810.438,829.5,1958.0,2338,100,83,12280.9
1810.556,990.5,1958.0,2338,49,80,12293.4
1810.675,1120.0,1958.0,2338,49,80,12307.9
1810.793,1249.5,1958.0,2338,12,79,12321.4
1810.911,837.6,1958.0,2338,38,84,12321.4
1811.03,837.6,1958.0,2338,100,84,12321.4
1811.15,998.6,1958.0,2338,100,81,12324.3
1811.269,845.7,1958.0,2338,64,82,12328.8
1811.389,845.7,1958.0,2338,78,85,12328.8
1811.51,845.7,1958.0,2338,78,84,12328.9
1811.636,1136.2,1958.0,2338,100,80,12334.3
1811.754,853.8,1958.0,2338,41,81,12336.3
1811.876,853.8,1958.0,2338,99,85,12336.3
1811.997,853.8,1958.0,2338,99,84,12336.9
1812.117,1144.3,1958.0,2338,85,80,12341.6
1812.239,861.9,1958.0,2338,42,81,12111.1
1812.361,861.9,1958.0,2338,100,85,12083.3
1812.484,861.9,1958.0,2338,100,83,12089.8
1812.603,1022.9,1958.0,2338,65,80,12119.5
1812.721,1152.4,1958.0,2338,13,79,12150.2
1812.84,870.0,1958.0,2338,13,81,12167.6
1812.961,870.0,1958.0,2338,41,85,12167.6
1813.081,870.0,1958.0,2338,100,84,12167.6
1813.202,1031.0,1958.0,2338,55,80,12195.6
1813.321,1160.5,1958.0,2338,55,80,12230.9
1813.439,878.1,1958.0,2338,18,81,12255.7
1813.559,878.1,1958.0,2338,78,85,12255.7
1813.68,878.1,1958.0,2338,78,84,12255.7
1813.801,1039.2,1958.0,2338,100,80,12282.9
1813.92,1298.2,1958.0,2338,21,80,12316.1
1814.038,886.3,1958.0,2338,49,81,12324.7
1814.158,886.3,1958.0,2338,49,85,12324.7
1814.281,886.3,1958.0,2338,100,84,12326.2
1814.4,1047.3,1958.0,2338,51,80,12360.4
1814.535,1306.3,1958.0,2338,15,80,12252.2
1814.661,894.4,1958.0,2338,15,83,12225.3
1814.782,894.4,1958.0,2338,95,84,12225.3
1814.904,925.9,1958.0,2338,88,81,12233.6
1815.023,1314.4,1958.0,2338,88,80,12257.5
1815.14,876.0,1958.0,2338,22,81,12286.3
1815.262,876.0,1958.0,2338,80,85,12286.3
1815.384,876.0,1958.0,2338,100,84,12288.9
1815.505,884.0,1958.0,2338,100,80,12369.9
1815.634,884.0,1958.0,2338,5,79,12452.1
1815.767,884.0,1958.0,2338,1,79,12481.3
1815.898,884.0,1958.0,2338,1,79,12480.5
1816.029,884.0,1958.0,2338,0,79,12500.2
1816.161,884.0,1958.0,2338,0,79,12507.3
1816.292,884.0,1958.0,2338,1,79,12543.9
1816.422,884.0,1958.0,2338,1,79,12612.7
1816.552,884.0,1958.0,2338,0,79,12637.1
1816.684,884.0,1958.0,2338,0,79,12673.0
1816.817,884.0,1958.0,2338,1,79,12699.2
1816.951,884.0,1958.0,2338,1,79,12718.4
1817.083,884.0,1958.0,2338,0,79,12736.8
1817.217,884.0,1958.0,2338,1,79,12751.2
1817.35,884.0,1958.0,2338,1,79,12815.4
1817.484,884.0,1958.0,2338,1,79,12842.5
1817.617,884.0,1958.0,2338,0,79,12872.8
1817.75,884.0,1958.0,2338,4,79,12897.6
1817.884,884.0,1958.0,2338,1,79,12921.8
1818.016,884.0,1958.0,2338,1,79,12948.8
1818.149,884.0,1958.0,2338,0,79,12969.5
1818.281,884.0,1958.0,2338,1,79,13034.4
1818.431,884.0,1958.0,2338,0,79,13051.7
1818.705,884.0,1958.0,2338,1,79,13052.4
1818.99,884.0,1958.0,2338,0,79,13060.9
1819.194,884.0,1958.0,2338,0,79,12861.3
1819.326,884.0,1958.0,2338,1,79,12763.5
1819.459,884.0,1958.0,2338,1,79,12815.0
1819.591,884.0,1958.0,2338,0,79,12753.8
1819.724,884.0,1958.0,2338,1,79,12810.3
1819.855,884.0,1958.0,2338,1,79,12847.5
1819.988,884.0,1958.0,2338,1,79,12878.8
1820.122,884.0,1958.0,2338,0,79,12950.6
1820.252,884.0,1958.0,2338,1,79,13022.2
1820.385,884.0,1958.0,2338,1,79,13070.6
1820.517,884.0,1958.0,2338,1,79,12911.6
1820.65,884.0,1958.0,2338,0,79,12933.2
1820.799,884.0,1958.0,2338,1,78,13033.2
1820.932,884.0,1958.0,2338,1,79,13089.7
1821.063,884.0,1958.0,2338,0,79,13127.8
1821.196,884.0,1958.0,2338,0,79,13182.4
1821.327,884.0,1958.0,2338,1,79,13202.9
1821.46,884.0,1958.0,2338,1,79,13233.9
1821.62,884.0,1958.0,2338,0,78,13067.3
1821.776,884.0,1958.0,2338,1,79,13039.8
1821.907,884.0,1958.0,2338,1,78,13082.8
1822.038,884.0,1958.0,2338,1,78,13107.2
1822.171,884.0,1958.0,2338,0,78,13212.3
1822.301,884.0,1958.0,2338,1,78,13262.9
1822.431,884.0,1958.0,2338,2,78,13294.3
1822.587,884.0,1958.0,2338,0,78,13328.9
1822.724,884.0,1958.0,2338,1,78,13356.7
1822.859,884.0,1958.0,2338,1,78,13393.7
1823.0,884.0,1958.0,2338,2,78,13443.6
1823.133,884.0,1958.0,2338,0,78,13410.8
1823.265,884.0,1958.0,2338,1,78,13475.4
1823.408,884.0,1958.0,2338,1,78,13658.6
1823.54,884.0,1958.0,2338,0,78,13743.2
1823.685,884.0,1958.0,2338,0,78,13752.4
1823.817,884.0,1958.0,2338,1,78,12956.7
1823.952,884.0,1958.0,2338,1,78,12973.8
1824.079,884.0,1958.0,2338,0,78,12993.3
1824.207,884.0,1958.0,2338,0,78,13006.4
1824.327,884.0,1958.0,2338,1,78,13020.9
1824.456,884.0,1958.0,2338,2,78,13033.7
1824.581,884.0,1958.0,2338,0,78,13050.7
1824.703,884.0,1958.0,2338,0,78,13065.1
1824.826,884.0,1958.0,2338,2,78,13080.9
1824.951,884.0,1958.0,2338,1,78,13081.3
1825.084,884.0,1958.0,2338,0,78,13081.3
1825.216,884.0,1958.0,2338,0,78,13081.3
1825.347,884.0,1958.0,2338,2,78,13081.3
1825.478,884.0,1958.0,2338,1,78,13081.3
1825.61,884.0,1958.0,2338,0,78,13081.3
1825.742,884.0,1958.0,2338,2,78,13081.3
1825.876,884.0,1958.0,2338,2,78,13081.3
1826.008,884.0,1958.0,2338,1,78,13081.3
1826.14,884.0,1958.0,2338,0,78,13081.3
1826.272,884.0,1958.0,2338,2,78,13081.3
1826.403,884.0,1958.0,2338,1,78,13081.3
1826.534,884.0,1958.0,2338,1,78,13081.3
1826.666,884.0,1958.0,2338,0,78,13081.3
1826.797,884.0,1958.0,2338,2,78,13081.3
1826.929,884.0,1958.0,2338,1,78,13081.3
1827.06,884.0,1958.0,2338,1,78,13081.3
1827.191,884.0,1958.0,2338,0,78,13081.3
1827.324,884.0,1958.0,2338,2,78,13081.3
1827.456,884.0,1958.0,2338,1,78,13081.3
1827.587,1077.6,1958.0,2338,11,78,12746.8
1827.706,916.5,1998.0,2378,11,79,12754.3
1827.825,916.5,1998.0,2378,85,85,12754.3
1827.949,916.5,1998.0,2378,100,83,12754.3
1828.069,916.5,1998.0,2378,100,84,12754.3
1828.19,916.5,1998.0,2378,100,82,12754.3
1828.311,916.5,1998.0,2378,100,81,12756.8
1828.43,1207.1,1998.0,2378,42,80,12782.8
1828.55,908.5,1998.0,2378,42,81,12787.3
1828.669,908.5,1998.0,2378,70,85,12787.3
1828.791,908.5,1998.0,2378,100,84,12787.3
1828.91,908.5,1998.0,2378,100,84,12787.3
1829.03,908.5,1998.0,2378,100,82,12787.3
1829.15,1069.5,1998.0,2378,100,81,12793.6
1829.269,1580.4,1998.0,2378,51,82,12813.6
1829.388,900.5,1998.0,2378,51,85,12813.6
1829.508,900.5,1998.0,2378,100,83,12813.6
1829.628,900.5,1998.0,2378,100,84,12813.6
1829.747,900.5,1998.0,2378,100,84,12813.6
1829.869,900.5,1998.0,2378,100,81,12813.6
1829.989,1191.0,1998.0,2378,86,80,12825.8
1830.108,892.4,1998.0,2378,70,82,12830.3
1830.229,892.4,1998.0,2378,70,85,12830.3
1830.349,892.4,1998.0,2378,100,84,12830.3
1830.468,892.4,1998.0,2378,100,84,12830.3
1830.588,892.4,1998.0,2378,100,81,12830.3
1830.708,1053.4,1998.0,2378,100,81,12842.1
1830.826,1312.4,1998.0,2378,57,80,12864.3
1830.945,884.4,1998.0,2378,65,84,12865.6
1831.064,884.4,1998.0,2378,65,85,12865.6
1831.185,884.4,1998.0,2378,100,85,12865.6
1831.305,884.4,1998.0,2378,100,85,12865.6
1831.425,884.4,1998.0,2378,100,81,12865.6
1831.55,1045.4,1998.0,2378,100,81,12873.3
1831.669,1304.4,1998.0,2378,47,80,12890.8
1831.787,876.4,1998.0,2378,60,83,12892.8
1831.907,876.4,1998.0,2378,60,85,12892.8
1832.027,876.4,1998.0,2378,100,84,12884.6
1832.147,876.4,1998.0,2378,100,84,12884.6
1832.267,876.4,1998.0,2378,100,81,12884.6
1832.388,1037.4,1998.0,2378,100,81,12889.3
1832.507,1296.4,1998.0,2378,57,80,12901.5
1832.626,868.3,1998.0,2378,71,85,12901.8
1832.746,868.3,1998.0,2378,71,84,12901.8
1832.866,868.3,1998.0,2378,100,85,12901.8
1832.986,868.3,1998.0,2378,100,85,12901.8
1833.106,868.3,1998.0,2378,100,82,12901.8
1833.23,1029.3,1998.0,2378,100,81,12911.9
1833.348,1288.3,1998.0,2378,46,80,12924.6
1833.467,860.3,1998.0,2378,72,85,12924.6
1833.587,860.3,1998.0,2378,72,84,12924.6
1833.707,860.3,1998.0,2378,100,85,12924.6
1833.827,860.3,1998.0,2378,100,85,12924.6
1833.947,860.3,1998.0,2378,100,81,12924.6
1834.066,1021.3,1998.0,2378,100,81,12935.9
1834.185,1280.3,1998.0,2378,40,80,12955.2
1834.304,852.2,1998.0,2378,47,81,12961.4
1834.424,852.2,1998.0,2378,47,86,12961.4
1834.543,852.2,1998.0,2378,100,84,12961.4
1834.663,852.2,1998.0,2378,100,85,12961.4
1834.783,852.2,1998.0,2378,100,82,12961.4
1834.907,852.2,1998.0,2378,100,82,12965.2
1835.026,1142.7,1998.0,2378,60,80,12977.6
1835.145,844.2,1998.0,2378,28,82,12986.2
1835.265,844.2,1998.0,2378,28,86,12986.2
1835.385,844.2,1998.0,2378,100,84,12986.2
1835.506,844.2,1998.0,2378,100,84,12986.2
1835.626,844.2,1998.0,2378,100,84,12986.2
1835.747,844.2,1998.0,2378,100,82,12986.2
1835.867,1005.2,1998.0,2378,80,80,12996.3
1835.986,1134.7,1998.0,2378,14,80,13006.1
1836.105,836.2,1998.0,2378,14,82,13011.6
1836.225,836.2,1998.0,2378,47,86,13011.6
1836.348,836.2,1998.0,2378,100,84,13011.6
1836.467,836.2,1998.0,2378,100,84,13011.6
1836.587,836.2,1998.0,2378,100,84,13011.6
1836.707,836.2,1998.0,2378,100,82,13011.6
1836.827,997.2,1998.0,2378,61,80,13022.0
1836.945,1256.2,1998.0,2378,61,80,13031.7
1837.064,828.1,1998.0,2378,16,82,13036.5
1837.184,828.1,1998.0,2378,72,85,13036.5
1837.304,828.1,1998.0,2378,100,84,13036.5
1837.425,828.1,1998.0,2378,100,85,13036.5
1837.547,828.1,1998.0,2378,100,84,13036.5
1837.668,828.1,1998.0,2378,100,83,13039.1
1837.786,1118.6,1998.0,2378,100,80,13050.5
1837.905,1248.1,1998.0,2378,29,80,13061.3
1838.023,820.1,1998.0,2378,31,82,13063.3
1838.142,820.1,1998.0,2378,100,85,13063.3
1838.262,820.1,1998.0,2378,100,84,13063.3
1838.383,820.1,1998.0,2378,100,84,13063.3
1838.503,820.1,1998.0,2378,100,82,13063.3
1838.623,827.1,1998.0,2378,100,82,13068.7
1838.742,1110.6,1998.0,2378,75,80,13084.5
1838.861,1240.1,1998.0,2378,15,80,13099.5
1838.979,812.0,1998.0,2378,33,82,13111.6
1839.098,812.0,1998.0,2378,33,85,13111.6
1839.218,812.0,1998.0,2378,100,84,13111.6
1839.338,812.0,1998.0,2378,100,84,13111.6
1839.458,812.0,1998.0,2378,100,83,13111.6
1839.578,812.0,1998.0,2378,100,83,13112.1
1839.698,973.1,1998.0,2378,67,80,13131.6
1839.816,1102.6,1998.0,2378,11,80,13151.2
1839.934,1232.1,1998.0,2378,11,80,13170.5
1840.053,804.0,1998.0,2378,18,82,13176.6
1840.173,804.0,1998.0,2378,100,85,13176.6
1840.302,804.0,1998.0,2378,100,84,13176.6
1840.423,804.0,1998.0,2378,100,85,13176.6
1840.543,804.0,1998.0,2378,100,82,13176.6
1840.663,835.5,1998.0,2378,80,81,13187.4
1840.781,965.0,1998.0,2378,80,80,13213.9
1840.9,1094.5,1998.0,2378,9,80,13237.7
1841.018,1094.5,1998.0,2378,7,80,13262.9
1841.137,1224.0,1998.0,2378,7,80,13292.9
1841.255,796.0,1998.0,2378,9,81,13301.6
1841.375,796.0,1998.0,2378,77,86,13301.6
1841.507,796.0,1998.0,2378,100,84,13301.6
1841.626,796.0,1998.0,2378,100,85,13301.6
1841.746,796.0,1998.0,2378,100,83,13301.6
1841.866,796.0,1998.0,2378,100,82,13309.9
1841.984,957.0,1998.0,2378,16,80,13338.8
1842.107,1086.5,1998.0,2378,16,80,13363.2
1842.225,1086.5,1998.0,2378,9,80,13388.6
1842.343,1216.0,1998.0,2378,10,80,13416.7
1842.461,787.9,1998.0,2378,10,81,13430.4
1842.58,787.9,1998.0,2378,56,85,13430.4
1842.7,787.9,1998.0,2378,100,84,13430.4
1842.819,787.9,1998.0,2378,100,84,13430.4
1842.941,787.9,1998.0,2378,100,83,13430.4
1843.061,787.9,1998.0,2378,100,83,13436.8
1843.179,948.9,1998.0,2378,38,80,13469.7
1843.299,1078.4,1998.0,2378,38,80,13501.9
1843.421,1207.9,1998.0,2378,10,80,13532.5
1843.543,779.9,1998.0,2378,9,81,13549.1
1843.664,779.9,1998.0,2378,87,86,13540.3
1843.789,779.9,1998.0,2378,87,84,13531.8
1843.912,779.9,1998.0,2378,100,85,13523.2
1844.035,779.9,1998.0,2378,100,84,13514.8
1844.156,779.9,1998.0,2378,96,83,13508.9
1844.282,940.9,1998.0,2378,96,80,13536.0
1844.403,1070.4,1998.0,2378,10,80,13570.3
1844.526,1199.9,1998.0,2378,8,80,13600.3
1844.648,1761.0,1998.0,2378,8,80,13625.8
1844.77,771.8,1998.0,2378,26,85,13617.3
1844.893,771.8,1998.0,2378,100,84,13608.8
1845.016,771.8,1998.0,2378,100,84,13600.2
1845.139,771.8,1998.0,2378,100,84,13591.8
1845.262,771.8,1998.0,2378,100,81,13583.3
1845.385,932.9,1998.0,2378,72,80,13597.9
1845.51,1191.9,1998.0,2378,15,80,13618.4
1845.632,763.8,1998.0,2378,15,82,13626.1
1845.754,763.8,1998.0,2378,58,85,13618.6
1845.878,763.8,1998.0,2378,100,84,13610.4
1846.001,763.8,1998.0,2378,100,84,13601.8
1846.125,763.8,1998.0,2378,100,82,13593.4
1846.247,763.8,1998.0,2378,100,82,13588.4
1846.37,1054.3,1998.0,2378,48,80,13600.1
1846.493,755.8,1998.0,2378,48,82,13595.9
1846.616,755.8,1998.0,2378,70,86,13587.4
1846.741,755.8,1998.0,2378,100,85,13578.8
1846.866,755.8,1998.0,2378,100,85,13570.3
1846.988,755.8,1998.0,2378,100,82,13561.8
1847.111,916.8,1998.0,2378,100,81,13568.9
1847.234,1175.8,1998.0,2378,43,80,13585.9
1847.357,747.7,1998.0,2378,36,82,13591.3
1847.479,747.7,1998.0,2378,36,86,13582.8
1847.606,747.7,1998.0,2378,100,84,13574.7
1847.73,747.7,1998.0,2378,100,85,13566.6
1847.855,747.7,1998.0,2378,100,83,13558.8
1847.978,747.7,1998.0,2378,100,82,13557.8
1848.102,908.7,1998.0,2378,68,80,13580.8
1848.225,1038.2,1998.0,2378,13,80,13606.1
1848.347,1167.7,1998.0,2378,10,80,13618.9
1848.53,739.7,1998.0,2378,54,86,13609.6
1848.67,739.7,1998.0,2378,54,84,13600.5
1848.8,739.7,1998.0,2378,100,85,13592.0
1848.923,739.7,1998.0,2378,100,85,13583.0
1849.049,739.7,1998.0,2378,100,82,13574.5
1849.172,900.7,1998.0,2378,37,80,13584.3
1849.386,900.7,1998.0,2378,1,80,13562.0
1849.745,1030.2,1998.0,2378,2,80,13534.1
1850.101,1159.7,1998.0,2378,4,80,13498.9
1850.469,731.7,1998.0,2378,4,86,13491.9
1850.618,731.7,1998.0,2378,91,84,13482.5
1850.748,731.7,1998.0,2378,100,86,13473.5
1850.875,731.7,1998.0,2378,100,86,13465.5
1850.999,731.7,1998.0,2378,100,82,13457.4
1851.122,892.7,1998.0,2378,2,80,13445.2
1851.491,1022.2,1998.0,2378,6,80,13409.4
1851.874,1151.7,1998.0,2378,1,80,13376.1
1852.27,1151.7,1998.0,2378,100,85,13344.2
1852.664,723.6,1998.0,2378,100,84,13334.6
1852.795,723.6,1998.0,2378,100,85,13325.7
1852.923,723.6,1998.0,2378,100,82,13316.8
1853.05,755.1,1998.0,2378,2,80,13289.7
1853.509,884.6,1998.0,2378,2,80,13245.5
1853.995,884.6,1998.0,2378,2,80,13196.4
1854.502,884.6,1998.0,2378,2,80,13129.5
1855.074,1014.1,1998.0,2378,3,80,13093.0
1855.48,1143.6,1998.0,2378,2,79,13049.1
1855.935,715.6,1998.0,2378,31,80,13040.5
1856.065,715.6,1998.0,2378,100,83,13032.2
1856.188,715.6,1998.0,2378,100,84,13023.8
1856.31,715.6,1998.0,2378,100,84,13009.8
1856.433,715.6,1998.0,2378,100,82,12999.3
1856.556,715.6,1998.0,2378,82,81,12968.0
1856.68,876.6,1998.0,2378,82,80,12853.2
1856.803,1006.1,1998.0,2378,10,80,12961.6
1856.926,1135.6,1998.0,2378,1,80,13005.8
1857.294,1135.6,1998.0,2378,0,80,12976.0
1857.713,1135.6,1998.0,2378,21,86,12944.1
1858.132,707.5,1998.0,2378,100,84,12934.0
1858.259,707.5,1998.0,2378,100,84,12925.2
1858.382,707.5,1998.0,2378,100,83,12915.2
1858.509,707.5,1998.0,2378,100,83,12915.0
1858.632,739.0,1998.0,2378,2,80,12882.1
1859.13,868.5,1998.0,2378,2,80,12838.0
1859.648,868.5,1998.0,2378,2,79,12791.3
1860.158,868.5,1998.0,2378,0,79,12722.8
1860.75,998.0,1998.0,2378,2,79,12692.3
1861.11,998.0,1998.0,2378,2,79,12688.5
1861.48,998.0,1998.0,2378,0,79,12529.4
1862.297,1127.5,1998.0,2378,0,79,12380.8
1862.743,1565.1,1998.0,2378,23,81,11997.1
1862.869,679.0,1998.0,2378,23,85,11651.9
1862.992,679.0,1998.0,2378,100,84,11517.0
1863.112,679.0,1998.0,2378,100,84,11517.0
1863.233,679.0,1998.0,2378,100,83,11517.0
1863.353,679.0,1998.0,2378,100,81,11517.0
1863.473,646.6,1998.0,2378,75,80,11518.9
1863.591,646.6,1998.0,2378,4,80,11528.3
1863.709,833.4,1998.0,2378,4,80,11556.4
1863.83,681.4,1998.0,2378,34,81,11556.7
1863.95,681.4,1998.0,2378,100,84,11556.7
1864.07,681.4,1998.0,2378,100,85,11556.7
1864.191,712.9,1998.0,2378,100,82,11562.1
1864.309,971.9,1998.0,2378,45,80,11586.8
1864.429,1115.8,1998.0,2378,13,81,11606.0
1864.55,690.4,1998.0,2378,13,84,11606.0
1864.67,690.4,1998.0,2378,100,84,11606.0
1864.789,690.4,1998.0,2378,100,85,11511.8
1864.923,851.4,1998.0,2378,54,81,11550.4
1865.041,980.9,1998.0,2378,54,80,11572.5
1865.159,1110.4,1998.0,2378,14,80,11591.0
1865.276,699.5,1998.0,2378,62,83,11591.0
1865.396,699.5,1998.0,2378,62,85,11591.0
1865.516,699.5,1998.0,2378,100,85,11591.0
1865.636,860.5,1998.0,2378,83,82,11606.6
1865.755,990.0,1998.0,2378,16,80,11636.0
1865.873,1119.5,1998.0,2378,16,80,11656.6
1865.991,708.5,1998.0,2378,27,83,11659.0
1866.11,708.5,1998.0,2378,100,84,11659.0
1866.231,708.5,1998.0,2378,100,84,11659.0
1866.351,740.0,1998.0,2378,100,82,11666.6
1866.469,869.5,1998.0,2378,31,80,11689.4
1866.587,999.0,1998.0,2378,10,80,11709.3
1866.705,717.6,1998.0,2378,10,82,11719.4
1866.824,717.6,1998.0,2378,65,84,11719.4
1866.944,717.6,1998.0,2378,100,85,11719.4
1867.064,717.6,1998.0,2378,100,85,11720.7
1867.182,878.6,1998.0,2378,82,81,11738.0
1867.3,1008.1,1998.0,2378,15,80,11756.7
1867.42,726.6,1998.0,2378,48,81,11763.5
1867.539,726.6,1998.0,2378,48,84,11763.5
1867.659,726.6,1998.0,2378,100,85,11763.5
1867.779,726.6,1998.0,2378,100,86,11765.9
1867.898,1017.1,1998.0,2378,100,81,11784.4
1868.015,735.6,1998.0,2378,22,80,11797.6
1868.134,735.6,1998.0,2378,67,84,11797.6
1868.254,735.6,1998.0,2378,100,85,11797.6
1868.375,735.6,1998.0,2378,100,86,11797.6
1868.495,896.6,1998.0,2378,78,81,11811.6
1868.613,744.7,1998.0,2378,24,81,11820.5
1868.733,744.7,1998.0,2378,24,84,11820.5
1868.853,744.7,1998.0,2378,100,85,11820.5
1868.973,744.7,1998.0,2378,100,86,11820.5
1869.092,905.7,1998.0,2378,43,82,11835.3
1869.21,1035.2,1998.0,2378,43,81,11852.9
1869.328,1164.7,1998.0,2378,16,80,11872.3
1869.447,753.7,1998.0,2378,56,81,11873.3
1869.566,753.7,1998.0,2378,56,84,11873.3
1869.686,753.7,1998.0,2378,100,85,11873.3
1869.806,785.2,1998.0,2378,84,82,11887.0
1869.924,914.7,1998.0,2378,84,81,11909.8
1870.043,1044.2,1998.0,2378,8,80,11934.1
1870.161,1173.7,1998.0,2378,9,80,11956.3
1870.279,762.8,1998.0,2378,25,82,11968.4
1870.398,762.8,1998.0,2378,25,84,11968.4
1870.518,762.8,1998.0,2378,100,85,11968.4
1870.638,762.8,1998.0,2378,100,86,11968.5
1870.758,923.8,1998.0,2378,100,81,11994.7
1870.876,923.8,1998.0,2378,32,80,12021.0
1870.995,1053.3,1998.0,2378,8,80,12046.0
1871.113,1182.8,1998.0,2378,9,80,12069.6
1871.231,771.8,1998.0,2378,9,81,12072.7
1871.351,771.8,1998.0,2378,81,84,12072.7
1871.47,771.8,1998.0,2378,100,84,12072.7
1871.59,778.8,1998.0,2378,100,82,12084.8
1871.708,932.8,1998.0,2378,65,81,12111.9
1871.826,1062.3,1998.0,2378,9,80,12134.8
1871.944,1062.3,1998.0,2378,8,80,12162.3
1872.063,1191.8,1998.0,2378,8,80,12187.5
1872.181,780.8,1998.0,2378,24,81,12189.6
1872.3,780.8,1998.0,2378,100,84,12189.6
1872.42,780.8,1998.0,2378,100,85,12189.6
1872.539,812.3,1998.0,2378,100,83,12198.6
1872.657,941.8,1998.0,2378,30,81,12221.5
1872.776,1071.3,1998.0,2378,10,80,12241.4
1872.894,1071.3,1998.0,2378,10,80,12263.3
1873.013,1200.8,1998.0,2378,7,80,12287.6
1873.131,789.9,1998.0,2378,31,81,12295.9
1873.25,789.9,1998.0,2378,31,84,12295.9
1873.37,789.9,1998.0,2378,100,85,12295.9
1873.489,789.9,1998.0,2378,100,85,12299.0
1873.607,950.9,1998.0,2378,22,81,12314.3
1873.725,1080.4,1998.0,2378,22,80,12327.5
1873.844,1209.9,1998.0,2378,15,80,12332.8
1873.964,798.9,1998.0,2378,66,83,12323.3
1874.087,798.9,1998.0,2378,66,85,12303.3
1874.209,798.9,1998.0,2378,100,86,12234.0
1874.33,959.9,1998.0,2378,76,82,12184.8
1874.448,1089.4,1998.0,2378,12,80,12199.3
1874.567,1218.9,1998.0,2378,12,80,12217.0
1874.685,808.0,1998.0,2378,13,81,12222.7
1874.805,808.0,1998.0,2378,100,84,12222.7
1874.925,808.0,1998.0,2378,100,85,12222.7
1875.046,811.5,1998.0,2378,100,84,12227.3
1875.164,1098.5,1998.0,2378,44,81,12236.9
1875.283,1228.0,1998.0,2378,15,80,12246.0
1875.401,817.0,1998.0,2378,15,82,12248.4
1875.521,817.0,1998.0,2378,78,84,12248.4
1875.64,817.0,1998.0,2378,100,85,12248.4
1875.76,848.5,1998.0,2378,100,83,12252.1
1875.877,1107.5,1998.0,2378,65,81,12261.1
1875.996,1237.0,1998.0,2378,13,80,12269.8
1876.114,826.0,1998.0,2378,13,82,12273.7
1876.233,826.0,1998.0,2378,49,84,12273.7
1876.354,826.0,1998.0,2378,100,85,12273.7
1876.474,826.0,1998.0,2378,95,84,12275.1
1876.592,987.0,1998.0,2378,95,81,12286.1
1876.71,1246.0,1998.0,2378,13,80,12295.8
1876.828,835.1,1998.0,2378,24,82,12300.6
1876.947,835.1,1998.0,2378,24,84,12300.6
1877.067,835.1,1998.0,2378,100,85,12300.6
1877.187,835.1,1998.0,2378,100,84,12301.6
1877.305,996.1,1998.0,2378,37,81,12313.7
1877.423,1255.1,1998.0,2378,37,81,12323.9
1877.541,844.1,1998.0,2378,23,82,12326.6
1877.661,844.1,1998.0,2378,100,84,12326.6
1877.78,844.1,1998.0,2378,100,85,12326.6
1877.9,875.6,1998.0,2378,100,84,12331.5
1878.018,1134.6,1998.0,2378,43,81,12323.2
1878.138,1468.0,1998.0,2378,19,80,12232.8
1878.256,853.2,1998.0,2378,19,83,12213.1
1878.377,853.2,1998.0,2378,100,85,12213.1
1878.497,853.2,1998.0,2378,100,86,12213.1
1878.616,1014.2,1998.0,2378,100,82,12229.6
1878.735,1143.7,1998.0,2378,44,81,12258.9
1878.855,862.2,1998.0,2378,16,83,12270.1
1878.974,862.2,1998.0,2378,96,84,12270.1
1879.094,862.2,1998.0,2378,96,85,12270.1
1879.214,862.2,1998.0,2378,100,86,12271.0
1879.332,1023.2,1998.0,2378,49,81,12303.0
1879.451,1282.2,1998.0,2378,49,81,12322.0
1879.569,871.2,1998.0,2378,19,82,12323.4
1879.689,871.2,1998.0,2378,100,85,12323.4
1879.809,871.2,1998.0,2378,100,85,12323.4
1879.929,1032.3,1998.0,2378,100,83,12340.5
1880.046,1161.8,1998.0,2378,45,81,12134.3
1880.17,1291.3,1998.0,2378,15,80,12160.5
1880.288,880.3,1998.0,2378,15,83,12161.6
1880.408,880.3,1998.0,2378,81,85,12161.6
1880.528,880.3,1998.0,2378,100,85,12161.6
1880.648,1041.3,1998.0,2378,65,82,12184.6
1880.766,1170.8,1998.0,2378,65,81,12212.4
1880.885,1300.3,1998.0,2378,13,80,12242.1
1881.003,889.3,1998.0,2378,56,83,12242.9
1881.122,889.3,1998.0,2378,56,84,12242.9
1881.243,889.3,1998.0,2378,100,86,12242.9
1881.363,1050.3,1998.0,2378,90,82,12259.0
1881.481,1309.3,1998.0,2378,18,81,12286.4
1881.6,898.4,1998.0,2378,18,82,12298.4
1881.72,898.4,1998.0,2378,71,85,12298.4
1881.84,898.4,1998.0,2378,100,85,12298.4
1881.959,898.4,1998.0,2378,100,85,12303.1
1882.077,1188.9,1998.0,2378,78,81,12336.0
1882.195,907.4,1998.0,2378,18,82,12357.5
1882.313,907.4,1998.0,2378,87,84,12357.5
1882.433,907.4,1998.0,2378,87,85,12357.5
1882.553,907.4,1998.0,2378,100,87,12357.5
1882.673,1068.4,1998.0,2378,60,82,12384.8
1882.792,1197.9,1998.0,2378,60,81,12417.7
1882.911,1327.4,1998.0,2378,13,80,12447.2
1883.032,916.4,1998.0,2378,36,83,12448.6
1883.154,916.4,1998.0,2378,100,85,12420.7
1883.275,916.4,1998.0,2378,100,85,12403.6
1883.397,948.0,1998.0,2378,100,82,12358.8
1883.519,1077.5,1998.0,2378,14,81,12301.7
1883.638,1207.0,1998.0,2378,14,81,12327.3
1883.759,1336.5,1998.0,2378,9,80,12357.1
1883.881,1387.2,1998.0,2378,9,80,12410.7
1884.0,899.0,1998.0,2378,73,84,12410.8
1884.121,899.0,1998.0,2378,73,85,12410.8
1884.241,899.0,1998.0,2378,100,86,12410.8
1884.361,907.9,1998.0,2378,67,82,12487.5
1884.495,907.9,1998.0,2378,1,81,12561.7
1884.628,907.9,1998.0,2378,1,80,12519.3
1884.765,907.9,1998.0,2378,1,80,12322.7
1884.911,907.9,1998.0,2378,2,80,12141.1
1885.043,907.9,1998.0,2378,0,80,12192.4
1885.175,907.9,1998.0,2378,1,80,12205.7
1885.309,907.9,1998.0,2378,1,80,12310.6
1885.441,907.9,1998.0,2378,1,80,12360.2
1885.572,907.9,1998.0,2378,0,80,12393.2
1885.705,907.9,1998.0,2378,1,80,12444.0
1885.838,907.9,1998.0,2378,1,80,12458.3
1885.971,907.9,1998.0,2378,1,80,12565.7
1886.103,907.9,1998.0,2378,0,80,12617.9
1886.234,907.9,1998.0,2378,1,80,12649.9
1886.368,907.9,1998.0,2378,1,80,12700.3
1886.501,907.9,1998.0,2378,0,80,12715.9
1886.634,907.9,1998.0,2378,0,80,12823.7
1886.766,907.9,1998.0,2378,1,80,12874.3
1886.897,907.9,1998.0,2378,1,80,12858.2
1887.03,907.9,1998.0,2378,0,80,12774.7
1887.163,907.9,1998.0,2378,2,80,12781.3
1887.297,907.9,1998.0,2378,2,80,12819.1
1887.427,907.9,1998.0,2378,1,80,12849.2
1887.562,907.9,1998.0,2378,0,80,12899.3
1887.695,907.9,1998.0,2378,1,80,12934.7
1887.826,907.9,1998.0,2378,1,80,12966.0
1887.959,907.9,1998.0,2378,1,80,13014.8
1888.09,907.9,1998.0,2378,0,80,13099.4
1888.223,907.9,1998.0,2378,2,80,13141.9
1888.357,907.9,1998.0,2378,1,80,13009.2
1888.49,907.9,1998.0,2378,0,80,13054.9
1888.621,907.9,1998.0,2378,0,80,13073.1
1888.753,907.9,1998.0,2378,1,80,13179.0
1888.884,907.9,1998.0,2378,1,80,13219.6
1889.014,907.9,1998.0,2378,0,80,13084.9
1889.146,907.9,1998.0,2378,0,80,13127.9
1889.278,907.9,1998.0,2378,1,80,13147.4
1889.41,907.9,1998.0,2378,2,80,13250.3
1889.543,907.9,1998.0,2378,0,80,13302.4
1889.675,907.9,1998.0,2378,1,80,13342.2
1889.812,907.9,1998.0,2378,1,80,13354.4
1889.945,907.9,1998.0,2378,1,80,13381.4
1890.076,907.9,1998.0,2378,0,80,13377.7
1890.21,907.9,1998.0,2378,1,80,13422.9
1890.341,907.9,1998.0,2378,1,80,13492.0
1890.472,907.9,1998.0,2378,1,80,13510.3
1890.603,907.9,1998.0,2378,0,80,13540.2
1890.736,907.9,1998.0,2378,1,80,13559.3
1890.87,907.9,1998.0,2378,1,80,13582.0
1891.005,907.9,1998.0,2378,0,80,13604.7
1891.137,907.9,1998.0,2378,0,80,13596.2
1891.271,907.9,1998.0,2378,1,80,13628.4
1891.403,907.9,1998.0,2378,1,80,13666.1
1891.536,907.9,1998.0,2378,0,80,13692.0
1891.669,907.9,1998.0,2378,1,80,13704.1
1891.804,907.9,1998.0,2378,2,80,13781.5
1892.642,907.9,1998.0,2378,1,80,13671.0
1893.546,907.9,1998.0,2378,1,80,13626.1
1894.094,907.9,1998.0,2378,0,79,13565.5
1894.581,907.9,1998.0,2378,0,79,13396.1
1895.749,907.9,1998.0,2378,0,79,13169.9
1897.184,907.9,1998.0,2378,0,79,13036.8
1898.176,907.9,1998.0,2378,0,79,12873.7
1898.31,907.9,1998.0,2378,1,79,11903.0
1898.443,907.9,1998.0,2378,1,79,11921.1
1898.576,907.9,1998.0,2378,0,79,11940.0
1898.7,907.9,1998.0,2378,1,79,11957.2
1898.822,907.9,1998.0,2378,1,79,11974.0
1898.944,907.9,1998.0,2378,1,79,11990.5
1899.067,907.9,1998.0,2378,0,79,11953.4
1899.193,907.9,1998.0,2378,0,79,11966.6
1899.315,907.9,1998.0,2378,1,79,11978.9
1899.44,907.9,1998.0,2378,1,79,11994.2
1899.563,907.9,1998.0,2378,0,79,12009.8
1899.686,907.9,1998.0,2378,0,79,12018.6
1899.81,907.9,1998.0,2378,1,79,12033.1
1899.934,907.9,1998.0,2378,1,79,12048.1
1900.062,907.9,1998.0,2378,0,79,12064.1
1900.19,907.9,1998.0,2378,0,79,12079.7
1900.315,907.9,1998.0,2378,1,79,12094.5
1900.44,907.9,1998.0,2378,1,79,12108.9
1900.566,907.9,1998.0,2378,0,79,12124.9
1900.694,907.9,1998.0,2378,0,79,12140.0
1900.819,907.9,1998.0,2378,1,79,12155.1
1900.945,907.9,1998.0,2378,1,79,12169.5
1901.069,907.9,1998.0,2378,0,79,12184.1
1901.194,907.9,1998.0,2378,0,79,12199.1
1901.319,907.9,1998.0,2378,1,79,12213.6
1901.444,907.9,1998.0,2378,1,79,12228.1
1901.569,907.9,1998.0,2378,0,79,12243.4
1901.697,907.9,1998.0,2378,0,79,12259.4
1901.821,907.9,1998.0,2378,1,79,12273.2
1901.947,907.9,1998.0,2378,1,79,12288.5
1902.074,907.9,1998.0,2378,0,79,12304.8
1902.202,907.9,1998.0,2378,0,79,12320.4
1902.322,907.9,1998.0,2378,1,79,12336.6
1902.445,907.9,1998.0,2378,1,79,12355.1
1902.572,907.9,1998.0,2378,0,79,12372.8
1902.696,907.9,1998.0,2378,0,79,12388.0
1902.82,907.9,1998.0,2378,1,79,12403.9
1902.944,907.9,1998.0,2378,1,79,12417.7
1903.068,907.9,1998.0,2378,0,79,12435.5
1903.191,907.9,1998.0,2378,0,78,12450.1
1903.315,907.9,1998.0,2378,1,78,12464.7
1903.439,907.9,1998.0,2378,1,78,12480.5
1903.558,907.9,1998.0,2378,0,78,12496.4
1903.686,907.9,1998.0,2378,0,78,12514.0
1903.809,907.9,1998.0,2378,1,78,12529.5
1903.932,907.9,1998.0,2378,1,78,12545.6
1904.056,907.9,1998.0,2378,0,78,12562.2
1904.184,907.9,1998.0,2378,0,78,12578.2
1904.312,907.9,1998.0,2378,1,78,12594.5
1904.436,907.9,1998.0,2378,1,78,12611.0
1904.56,907.9,1998.0,2378,0,78,12625.7
1904.684,907.9,1998.0,2378,0,78,12641.7
1904.804,907.9,1998.0,2378,1,78,12656.7
1904.926,907.9,1998.0,2378,1,78,12672.7
1905.047,907.9,1998.0,2378,1,78,12686.5
1905.169,907.9,1998.0,2378,0,78,12702.8
1905.291,907.9,1998.0,2378,1,78,12718.9
1905.415,907.9,1998.0,2378,1,78,12734.7
1905.538,907.9,1998.0,2378,1,78,12750.7
1905.666,907.9,1998.0,2378,0,78,12766.8
1905.791,907.9,1998.0,2378,1,78,12781.8
1905.915,907.9,1998.0,2378,1,78,12797.0
1906.039,907.9,1998.0,2378,1,78,12811.4
1906.165,907.9,1998.0,2378,0,78,12826.8
1906.291,907.9,1998.0,2378,1,78,12843.0
1906.415,907.9,1998.0,2378,1,78,12857.4
1906.539,907.9,1998.0,2378,1,78,12871.5
1906.662,907.9,1998.0,2378,0,78,12887.6
1906.784,907.9,1998.0,2378,1,78,12904.3
1906.905,907.9,1998.0,2378,1,77,12921.7
1907.029,907.9,1998.0,2378,1,78,12938.5
1907.155,907.9,1998.0,2378,0,78,12954.4
1907.28,907.9,1998.0,2378,2,78,12970.9
1907.403,907.9,1998.0,2378,1,78,12987.3
1907.525,907.9,1998.0,2378,1,78,13000.9
1907.651,907.9,1998.0,2378,0,78,13018.5
1907.775,907.9,1998.0,2378,2,78,13034.0
1907.903,907.9,1998.0,2378,1,78,13050.2
1908.03,907.9,1998.0,2378,1,78,13063.5
1908.158,907.9,1998.0,2378,0,77,13075.8
1908.282,907.9,1998.0,2378,2,77,13087.4
1908.407,907.9,1998.0,2378,1,78,13100.0
1908.536,907.9,1998.0,2378,1,77,13114.4
1908.664,907.9,1998.0,2378,0,77,13128.4
1908.792,907.9,1998.0,2378,2,77,13140.8
1908.918,907.9,1998.0,2378,1,77,13142.8
1909.049,907.9,1998.0,2378,1,77,13142.8
1909.18,907.9,1998.0,2378,0,77,13142.8
1909.312,907.9,1998.0,2378,3,77,13142.8
1909.444,972.9,1998.0,2378,2,77,12770.5
1909.562,1361.4,1998.0,2378,2,77,12789.4
1909.68,941.5,2058.0,2438,34,78,12792.3
1909.8,941.5,2058.0,2438,100,80,12792.3
1909.919,941.5,2058.0,2438,100,81,12792.3
1910.039,941.5,2058.0,2438,100,85,12792.3
1910.158,941.5,2058.0,2438,100,84,12792.3
1910.277,941.5,2058.0,2438,100,80,12792.3
1910.397,1102.5,2058.0,2438,100,80,12800.7
1910.515,1232.0,2058.0,2438,68,79,12818.1
1910.633,932.7,2058.0,2438,15,80,12830.2
1910.751,932.7,2058.0,2438,90,83,12830.2
1910.87,932.7,2058.0,2438,90,84,12830.2
1910.989,932.7,2058.0,2438,100,85,12830.2
1911.109,932.7,2058.0,2438,100,85,12830.2
1911.228,932.7,2058.0,2438,100,83,12830.2
1911.348,932.7,2058.0,2438,100,81,12830.2
1911.466,1223.2,2058.0,2438,80,80,12837.7
1911.585,923.9,2058.0,2438,53,81,12842.4
1911.703,923.9,2058.0,2438,53,83,12842.4
1911.823,923.9,2058.0,2438,100,84,12842.4
1911.942,923.9,2058.0,2438,100,85,12842.4
1912.062,923.9,2058.0,2438,100,84,12842.4
1912.181,923.9,2058.0,2438,100,83,12842.4
1912.3,923.9,2058.0,2438,100,82,12842.4
1912.421,1214.4,2058.0,2438,46,80,12850.8
1912.54,915.0,2058.0,2438,46,81,12853.5
1912.659,915.0,2058.0,2438,83,84,12853.5
1912.778,915.0,2058.0,2438,100,84,12853.5
1912.898,915.0,2058.0,2438,100,87,12853.5
1913.017,915.0,2058.0,2438,100,84,12853.5
1913.136,915.0,2058.0,2438,100,82,12853.5
1913.256,915.0,2058.0,2438,87,82,12857.1
1913.375,1205.5,2058.0,2438,87,80,12868.3
1913.493,906.2,2058.0,2438,25,81,12870.6
1913.612,906.2,2058.0,2438,100,83,12870.6
1913.731,906.2,2058.0,2438,100,84,12870.6
1913.85,906.2,2058.0,2438,100,86,12870.6
1913.969,906.2,2058.0,2438,100,84,12870.6
1914.088,906.2,2058.0,2438,100,81,12870.6
1914.207,906.2,2058.0,2438,100,82,12870.9
1914.327,1196.7,2058.0,2438,70,80,12882.9
1914.45,897.3,2058.0,2438,29,82,12892.1
1914.569,897.3,2058.0,2438,29,83,12892.1
1914.688,897.3,2058.0,2438,100,84,12892.1
1914.807,897.3,2058.0,2438,100,85,12892.1
1914.928,897.3,2058.0,2438,100,85,12892.1
1915.047,897.3,2058.0,2438,100,83,12892.1
1915.167,897.3,2058.0,2438,100,81,12892.1
1915.287,1187.8,2058.0,2438,64,80,12897.2
1915.406,888.5,2058.0,2438,64,81,12902.1
1915.525,888.5,2058.0,2438,68,84,12902.1
1915.644,888.5,2058.0,2438,100,85,12902.1
1915.765,888.5,2058.0,2438,100,86,12902.1
1915.886,888.5,2058.0,2438,100,84,12902.1
1916.006,888.5,2058.0,2438,100,82,12902.1
1916.126,888.5,2058.0,2438,100,82,12902.6
1916.245,1308.5,2058.0,2438,100,80,12909.7
1916.364,879.6,2058.0,2438,29,81,12911.7
1916.484,879.6,2058.0,2438,97,84,12911.7
1916.604,879.6,2058.0,2438,97,84,12911.7
1916.724,879.6,2058.0,2438,100,87,12911.7
1916.847,879.6,2058.0,2438,100,85,12911.7
1916.967,879.6,2058.0,2438,100,82,12911.7
1917.087,879.6,2058.0,2438,100,82,12914.6
1917.206,1040.7,2058.0,2438,71,80,12928.7
1917.324,1170.2,2058.0,2438,13,80,12943.8
1917.443,1299.7,2058.0,2438,13,80,12959.4
1917.561,870.8,2058.0,2438,14,83,12959.5
1917.68,870.8,2058.0,2438,100,84,12959.5
1917.8,870.8,2058.0,2438,100,85,12959.5
1917.92,870.8,2058.0,2438,100,85,12959.5
1918.039,870.8,2058.0,2438,100,84,12959.5
1918.159,870.8,2058.0,2438,100,81,12959.5
1918.279,902.3,2058.0,2438,100,81,12963.7
1918.398,1161.3,2058.0,2438,65,80,12974.8
1918.517,1290.8,2058.0,2438,13,80,12985.4
1918.634,862.0,2058.0,2438,44,82,12989.0
1918.754,862.0,2058.0,2438,44,84,12989.0
1918.874,862.0,2058.0,2438,100,84,12989.0
1918.994,862.0,2058.0,2438,100,86,12989.0
1919.115,862.0,2058.0,2438,100,85,12989.0
1919.234,862.0,2058.0,2438,100,84,12989.0
1919.355,862.0,2058.0,2438,100,84,12990.0
1919.473,1023.0,2058.0,2438,33,81,13000.7
1919.591,1282.0,2058.0,2438,33,80,13008.7
1919.709,853.1,2058.0,2438,16,82,13013.5
1919.828,853.1,2058.0,2438,87,84,13013.5
1919.947,853.1,2058.0,2438,87,85,13013.5
1920.067,853.1,2058.0,2438,100,86,13013.5
1920.187,853.1,2058.0,2438,100,85,13013.5
1920.306,853.1,2058.0,2438,100,83,13013.5
1920.425,853.1,2058.0,2438,100,81,13013.5
1920.545,1014.1,2058.0,2438,82,81,13021.7
1920.664,1143.6,2058.0,2438,15,80,13030.3
1920.782,844.3,2058.0,2438,15,81,13035.9
1920.9,844.3,2058.0,2438,38,84,13035.9
1921.02,844.3,2058.0,2438,100,85,13035.9
1921.139,844.3,2058.0,2438,100,86,13035.9
1921.26,844.3,2058.0,2438,100,85,13035.9
1921.38,844.3,2058.0,2438,100,85,13035.9
1921.499,844.3,2058.0,2438,100,82,13035.9
1921.618,1005.3,2058.0,2438,100,81,13043.8
1921.736,1134.8,2058.0,2438,42,80,13052.2
1921.855,1365.8,2058.0,2438,15,81,13058.7
1921.973,835.4,2058.0,2438,83,84,13058.7
1922.092,835.4,2058.0,2438,83,85,13058.7
1922.212,835.4,2058.0,2438,100,86,13058.7
1922.331,835.4,2058.0,2438,100,86,13058.7
1922.451,835.4,2058.0,2438,100,85,13058.7
1922.571,835.4,2058.0,2438,100,82,13058.7
1922.691,996.4,2058.0,2438,80,81,13066.6
1922.809,1125.9,2058.0,2438,13,80,13079.8
1922.927,1255.4,2058.0,2438,13,80,13092.0
1923.046,826.6,2058.0,2438,11,82,13101.5
1923.164,826.6,2058.0,2438,87,84,13101.5
1923.284,826.6,2058.0,2438,87,85,13101.5
1923.404,826.6,2058.0,2438,100,86,13101.5
1923.524,826.6,2058.0,2438,100,85,13101.5
1923.644,826.6,2058.0,2438,100,83,13101.5
1923.766,826.6,2058.0,2438,100,82,13101.5
1923.886,987.6,2058.0,2438,84,81,13115.8
1924.004,1117.1,2058.0,2438,9,80,13137.6
1924.122,1246.6,2058.0,2438,9,80,13151.5
1924.24,817.7,2058.0,2438,12,82,13165.6
1924.358,817.7,2058.0,2438,61,84,13165.6
1924.479,817.7,2058.0,2438,100,85,13165.6
1924.6,817.7,2058.0,2438,100,86,13165.6
1924.721,817.7,2058.0,2438,100,85,13165.6
1924.842,817.7,2058.0,2438,100,84,13165.6
1924.963,817.7,2058.0,2438,100,82,13165.6
1925.085,978.8,2058.0,2438,99,81,13186.5
1925.203,978.8,2058.0,2438,8,80,13210.8
1925.32,1108.3,2058.0,2438,8,80,13229.7
1925.438,1237.8,2058.0,2438,8,80,13234.6
1925.556,1237.8,2058.0,2438,7,80,13261.8
1925.675,808.9,2058.0,2438,38,82,13271.4
1925.795,808.9,2058.0,2438,38,84,13271.4
1925.914,808.9,2058.0,2438,100,85,13271.4
1926.034,808.9,2058.0,2438,100,87,13271.4
1926.154,808.9,2058.0,2438,100,85,13271.4
1926.278,808.9,2058.0,2438,100,82,13271.4
1926.398,808.9,2058.0,2438,100,82,13281.1
1926.517,969.9,2058.0,2438,34,81,13259.7
1926.636,1099.4,2058.0,2438,34,80,13280.5
1926.755,1099.4,2058.0,2438,9,80,13307.8
1926.873,1228.9,2058.0,2438,9,80,13341.8
1926.991,800.1,2058.0,2438,38,82,13351.9
1927.112,800.1,2058.0,2438,38,84,13344.2
1927.234,800.1,2058.0,2438,100,85,13336.2
1927.357,800.1,2058.0,2438,100,87,13328.0
1927.482,800.1,2058.0,2438,100,85,13327.3
1927.601,800.1,2058.0,2438,100,83,13327.3
1927.723,800.1,2058.0,2438,100,83,13330.8
1927.841,961.1,2058.0,2438,33,81,13364.0
1927.959,1090.6,2058.0,2438,33,80,13397.0
1928.081,1090.6,2058.0,2438,8,80,13426.0
1928.203,1220.1,2058.0,2438,10,80,13453.4
1928.325,791.2,2058.0,2438,81,84,13445.0
1928.448,791.2,2058.0,2438,81,85,13436.6
1928.57,791.2,2058.0,2438,100,86,13428.2
1928.693,791.2,2058.0,2438,100,86,13419.7
1928.817,791.2,2058.0,2438,100,84,13411.3
1928.941,791.2,2058.0,2438,100,82,13402.9
1929.065,952.2,2058.0,2438,85,81,13426.1
1929.188,952.2,2058.0,2438,9,80,13460.4
1929.31,1081.7,2058.0,2438,9,80,13491.5
1929.433,1211.2,2058.0,2438,9,80,13527.8
1929.555,782.4,2058.0,2438,21,81,13530.1
1929.677,782.4,2058.0,2438,100,84,13521.8
1929.8,782.4,2058.0,2438,100,85,13513.4
1929.922,782.4,2058.0,2438,100,88,13504.8
1930.048,782.4,2058.0,2438,100,85,13496.8
1930.171,782.4,2058.0,2438,100,82,13485.2
1930.296,813.9,2058.0,2438,100,82,13483.8
1930.419,1072.9,2058.0,2438,53,81,13508.0
1930.547,1202.4,2058.0,2438,12,80,13533.7
1930.669,773.5,2058.0,2438,58,83,13535.0
1930.803,773.5,2058.0,2438,58,84,13526.7
1930.926,773.5,2058.0,2438,100,85,13518.3
1931.049,773.5,2058.0,2438,100,87,13509.8
1931.172,773.5,2058.0,2438,100,85,13501.5
1931.297,773.5,2058.0,2438,100,83,13488.2
1931.419,934.5,2058.0,2438,100,82,13484.0
1931.542,1193.5,2058.0,2438,28,80,13471.8
1931.744,764.7,2058.0,2438,26,84,13463.5
1931.883,764.7,2058.0,2438,100,85,13454.6
1932.011,764.7,2058.0,2438,100,86,13445.8
1932.138,764.7,2058.0,2438,100,86,13437.0
1932.266,764.7,2058.0,2438,100,85,13428.6
1932.391,764.7,2058.0,2438,100,82,13420.3
1932.515,925.7,2058.0,2438,49,81,13431.2
1932.763,1184.7,2058.0,2438,2,80,13399.9
1933.14,755.9,2058.0,2438,2,83,13391.6
1933.268,755.9,2058.0,2438,93,85,13383.3
1933.393,755.9,2058.0,2438,100,86,13374.4
1933.521,755.9,2058.0,2438,100,86,13366.1
1933.644,755.9,2058.0,2438,100,85,13357.8
1933.768,755.9,2058.0,2438,100,82,13349.6
1933.891,916.9,2058.0,2438,71,81,13364.6
1934.058,1046.4,2058.0,2438,3,80,13333.6
1934.451,1175.9,2058.0,2438,2,80,13284.8
1934.988,1175.9,2058.0,2438,2,80,13243.2
1935.453,747.0,2058.0,2438,6,84,13236.4
1935.604,747.0,2058.0,2438,100,85,13227.4
1935.732,747.0,2058.0,2438,100,86,13218.6
1935.861,747.0,2058.0,2438,100,86,13210.3
1935.985,747.0,2058.0,2438,100,84,13201.4
1936.113,747.0,2058.0,2438,100,82,13193.1
1936.238,908.0,2058.0,2438,4,81,13197.0
1936.483,908.0,2058.0,2438,2,80,13162.0
1936.894,1037.5,2058.0,2438,2,80,13122.3
1937.375,1167.0,2058.0,2438,3,81,13090.4
1937.767,738.2,2058.0,2438,46,84,13081.5
1937.899,738.2,2058.0,2438,100,85,13073.3
1938.022,738.2,2058.0,2438,100,86,13064.5
1938.149,738.2,2058.0,2438,100,85,13056.2
1938.274,738.2,2058.0,2438,100,84,13047.9
1938.398,738.2,2058.0,2438,100,83,13043.5
1938.525,899.2,2058.0,2438,17,81,13040.9
1938.661,899.2,2058.0,2438,17,80,13026.5
1938.794,899.2,2058.0,2438,2,80,13013.1
1938.922,899.2,2058.0,2438,3,80,13006.4
1939.046,899.2,2058.0,2438,1,80,12991.4
1939.176,899.2,2058.0,2438,1,80,12977.7
1939.301,899.2,2058.0,2438,2,80,12963.8
1939.425,899.2,2058.0,2438,2,80,12954.6
1939.551,899.2,2058.0,2438,1,80,12945.4
1939.675,899.2,2058.0,2438,1,80,12932.8
1939.799,899.2,2058.0,2438,2,80,12917.7
1939.923,899.2,2058.0,2438,2,80,12903.6
1940.048,899.2,2058.0,2438,0,80,12888.9
1940.172,899.2,2058.0,2438,0,80,12875.3
1940.296,1028.7,2058.0,2438,3,80,12864.0
1940.42,1028.7,2058.0,2438,6,80,12853.1
1940.544,1158.2,2058.0,2438,4,80,12842.4
1940.667,1158.2,2058.0,2438,4,80,12827.9
1940.792,1158.2,2058.0,2438,2,80,12815.5
1940.917,1158.2,2058.0,2438,2,80,12801.9
1941.041,1158.2,2058.0,2438,1,80,12790.7
1941.165,1158.2,2058.0,2438,1,80,12777.8
1941.289,1158.2,2058.0,2438,4,80,12766.0
1941.413,1158.2,2058.0,2438,2,80,12752.9
1941.538,1158.2,2058.0,2438,2,80,12739.9
1941.661,729.3,2058.0,2438,1,81,12728.6
1941.784,729.3,2058.0,2438,79,84,12720.3
1941.907,729.3,2058.0,2438,100,85,12711.9
1942.03,729.3,2058.0,2438,100,87,12703.6
1942.154,729.3,2058.0,2438,100,84,12695.2
1942.278,729.3,2058.0,2438,100,82,12686.9
1942.401,729.3,2058.0,2438,91,82,12685.8
1942.524,890.3,2058.0,2438,91,80,12693.5
1942.648,890.3,2058.0,2438,4,80,12694.5
1942.773,890.3,2058.0,2438,4,80,12696.1
1942.896,1019.8,2058.0,2438,4,80,12694.1
1943.02,1019.8,2058.0,2438,4,80,12685.8
1943.144,1149.3,2058.0,2438,4,80,12684.9
1943.268,1149.3,2058.0,2438,8,80,12698.5
1943.392,720.5,2058.0,2438,81,83,12690.6
1943.515,720.5,2058.0,2438,81,85,12621.6
1943.638,720.5,2058.0,2438,100,86,12565.3
1943.76,720.5,2058.0,2438,100,86,12540.1
1943.883,720.5,2058.0,2438,100,83,12539.2
1944.009,720.5,2058.0,2438,100,83,12539.1
1944.132,881.5,2058.0,2438,80,81,12587.4
1944.254,881.5,2058.0,2438,8,80,12626.0
1944.379,1011.0,2058.0,2438,8,80,12681.5
1944.518,1140.5,2058.0,2438,7,80,12720.6
1944.752,1140.5,2058.0,2438,2,80,12577.5
1945.467,711.6,2058.0,2438,24,83,12571.2
1945.603,711.6,2058.0,2438,100,85,12562.2
1945.73,711.6,2058.0,2438,100,86,12554.0
1945.854,711.6,2058.0,2438,100,86,12545.9
1945.977,711.6,2058.0,2438,100,84,12537.4
1946.105,711.6,2058.0,2438,100,82,12529.2
1946.229,743.1,2058.0,2438,0,80,12496.3
1946.753,872.6,2058.0,2438,0,80,12446.1
1947.292,872.6,2058.0,2438,4,80,12390.1
1947.87,872.6,2058.0,2438,2,80,12338.5
1948.429,1002.1,2058.0,2438,3,80,12295.2
1948.659,1131.6,2058.0,2438,3,80,11976.9
1948.785,1131.6,2058.0,2438,9,80,11965.5
1948.911,1186.8,2058.0,2438,14,80,11882.7
1949.031,682.8,2058.0,2438,14,81,11882.8
1949.151,682.8,2058.0,2438,100,82,11882.8
1949.271,682.8,2058.0,2438,100,83,11882.8
1949.391,682.8,2058.0,2438,100,85,11875.6
1949.511,682.8,2058.0,2438,100,85,11777.9
1949.631,682.8,2058.0,2438,100,82,11777.9
1949.752,669.0,2058.0,2438,59,81,11779.0
1949.872,709.3,2058.0,2438,59,80,11809.6
1949.991,690.2,2058.0,2438,35,82,11842.5
1950.11,690.2,2058.0,2438,100,84,11842.5
1950.231,690.2,2058.0,2438,100,85,11842.5
1950.351,690.2,2058.0,2438,100,85,11842.5
1950.471,690.2,2058.0,2438,100,84,11842.5
1950.591,690.2,2058.0,2438,100,84,11842.7
1950.711,702.7,2058.0,2438,100,83,11862.4
1950.831,702.7,2058.0,2438,81,83,11862.4
1950.95,702.7,2058.0,2438,100,85,11862.4
1951.07,702.7,2058.0,2438,100,85,11862.4
1951.201,702.7,2058.0,2438,100,85,11862.4
1951.321,702.7,2058.0,2438,100,84,11862.4
1951.441,1219.0,2058.0,2438,72,83,11867.6
1951.56,715.1,2058.0,2438,72,83,11867.6
1951.679,715.1,2058.0,2438,98,85,11867.6
1951.799,715.1,2058.0,2438,100,86,11867.6
1951.919,715.1,2058.0,2438,100,85,11867.6
1952.039,715.1,2058.0,2438,100,84,11867.6
1952.16,1005.6,2058.0,2438,96,82,11874.8
1952.279,727.5,2058.0,2438,55,83,11878.1
1952.399,727.5,2058.0,2438,55,85,11878.1
1952.519,727.5,2058.0,2438,100,85,11878.1
1952.639,727.5,2058.0,2438,100,85,11878.1
1952.759,727.5,2058.0,2438,100,85,11878.1
1952.879,727.5,2058.0,2438,100,84,11878.1
1952.999,740.0,2058.0,2438,82,83,11901.9
1953.118,740.0,2058.0,2438,86,83,11901.9
1953.238,740.0,2058.0,2438,86,85,11901.9
1953.359,740.0,2058.0,2438,100,86,11901.9
1953.479,740.0,2058.0,2438,100,86,11901.9
1953.599,740.0,2058.0,2438,100,84,11901.9
1953.721,1030.5,2058.0,2438,100,82,11916.6
1953.84,752.4,2058.0,2438,65,83,11924.2
1953.961,752.4,2058.0,2438,100,86,11924.2
1954.081,752.4,2058.0,2438,100,86,11924.2
1954.201,752.4,2058.0,2438,100,86,11924.2
1954.321,752.4,2058.0,2438,100,85,11924.2
1954.442,913.4,2058.0,2438,90,83,11926.0
1954.561,764.8,2058.0,2438,90,84,11928.3
1954.681,764.8,2058.0,2438,82,85,11928.3
1954.801,764.8,2058.0,2438,100,85,11928.3
1954.922,764.8,2058.0,2438,100,86,11928.3
1955.043,764.8,2058.0,2438,100,85,11928.3
1955.163,764.8,2058.0,2438,100,85,11928.3
1955.283,777.3,2058.0,2438,77,84,11931.9
1955.404,777.3,2058.0,2438,77,84,11931.9
1955.524,777.3,2058.0,2438,100,85,11931.9
1955.644,777.3,2058.0,2438,100,86,11931.9
1955.765,777.3,2058.0,2438,100,85,11931.9
1955.885,777.3,2058.0,2438,100,85,11931.9
1956.006,1067.8,2058.0,2438,93,82,11937.6
1956.125,789.7,2058.0,2438,74,83,11937.7
1956.246,789.7,2058.0,2438,74,85,11937.7
1956.367,789.7,2058.0,2438,100,86,11937.7
1956.487,789.7,2058.0,2438,100,86,11937.7
1956.608,789.7,2058.0,2438,100,85,11937.7
1956.728,950.7,2058.0,2438,100,83,11941.4
1956.848,802.1,2058.0,2438,71,84,11943.4
1956.968,802.1,2058.0,2438,100,85,11943.4
1957.088,802.1,2058.0,2438,100,86,11943.4
1957.208,802.1,2058.0,2438,100,86,11943.4
1957.328,802.1,2058.0,2438,100,85,11943.4
1957.447,802.1,2058.0,2438,95,85,11945.4
1957.566,963.1,2058.0,2438,95,82,11975.1
1957.684,1092.6,2058.0,2438,10,82,12004.4
1957.803,1092.6,2058.0,2438,8,81,12034.4
1957.921,814.5,2058.0,2438,8,83,12041.5
1958.04,814.5,2058.0,2438,66,85,12041.5
1958.16,814.5,2058.0,2438,100,86,12041.5
1958.28,814.5,2058.0,2438,100,86,12041.5
1958.4,814.5,2058.0,2438,100,85,12041.5
1958.52,814.5,2058.0,2438,100,85,12042.7
1958.638,975.6,2058.0,2438,44,82,12067.8
1958.757,975.6,2058.0,2438,44,81,12091.9
1958.876,1105.1,2058.0,2438,9,81,12115.0
1958.994,1234.6,2058.0,2438,8,81,12138.1
1959.112,827.0,2058.0,2438,35,84,12152.4
1959.233,827.0,2058.0,2438,35,84,12152.4
1959.354,827.0,2058.0,2438,100,85,12152.4
1959.475,827.0,2058.0,2438,100,86,12152.4
1959.596,827.0,2058.0,2438,100,85,12152.4
1959.717,827.0,2058.0,2438,100,85,12152.4
1959.839,988.0,2058.0,2438,83,82,12166.0
1959.957,988.0,2058.0,2438,8,81,12187.8
1960.075,1117.5,2058.0,2438,8,81,12210.7
1960.194,1247.0,2058.0,2438,9,81,12238.8
1960.311,839.4,2058.0,2438,10,83,12255.2
1960.43,839.4,2058.0,2438,10,83,12236.8
1960.553,839.4,2058.0,2438,97,85,12199.8
1960.676,839.4,2058.0,2438,100,86,11914.8
1960.799,839.4,2058.0,2438,100,85,11757.8
1960.935,839.4,2058.0,2438,100,85,11757.8
1961.055,1000.4,2058.0,2438,100,82,11783.1
1961.173,1000.4,2058.0,2438,17,81,11815.4
1961.291,1129.9,2058.0,2438,12,81,11876.0
1961.41,1259.4,2058.0,2438,12,81,11904.3
1961.528,851.8,2058.0,2438,39,82,11904.3
1961.648,851.8,2058.0,2438,100,85,11904.3
1961.768,851.8,2058.0,2438,100,86,11904.3
1961.888,851.8,2058.0,2438,100,86,11904.3
1962.008,851.8,2058.0,2438,100,85,11904.3
1962.128,1012.8,2058.0,2438,66,83,11910.9
1962.247,1142.3,2058.0,2438,66,82,11925.2
1962.366,1271.8,2058.0,2438,13,81,11938.4
1962.484,864.3,2058.0,2438,29,84,11945.8
1962.603,864.3,2058.0,2438,29,84,11945.8
1962.724,864.3,2058.0,2438,100,86,11945.8
1962.843,864.3,2058.0,2438,100,86,11945.8
1962.964,864.3,2058.0,2438,100,85,11945.8
1963.084,864.3,2058.0,2438,100,85,11945.8
1963.203,1025.3,2058.0,2438,87,82,11953.8
1963.322,1154.8,2058.0,2438,15,81,11962.2
1963.44,876.7,2058.0,2438,15,81,11968.3
1963.558,876.7,2058.0,2438,36,82,11968.3
1963.678,876.7,2058.0,2438,100,85,11968.3
1963.798,876.7,2058.0,2438,100,86,11968.3
1963.918,876.7,2058.0,2438,100,86,11968.3
1964.039,876.7,2058.0,2438,100,85,11968.3
1964.159,1037.7,2058.0,2438,82,83,11972.9
1964.277,1167.2,2058.0,2438,82,82,11984.6
1964.396,1296.7,2058.0,2438,16,81,11992.6
1964.514,889.1,2058.0,2438,41,83,11993.5
1964.634,889.1,2058.0,2438,100,85,11993.5
1964.755,889.1,2058.0,2438,100,86,11993.5
1964.874,889.1,2058.0,2438,100,86,11993.5
1964.994,889.1,2058.0,2438,100,85,11993.5
1965.114,889.1,2058.0,2438,100,84,11995.6
1965.234,1050.1,2058.0,2438,74,82,12005.5
1965.353,1309.1,2058.0,2438,15,81,12013.6
1965.471,901.6,2058.0,2438,49,83,12018.3
1965.59,901.6,2058.0,2438,49,85,12018.3
1965.71,901.6,2058.0,2438,100,86,12018.3
1965.83,901.6,2058.0,2438,100,86,12018.3
1965.95,901.6,2058.0,2438,100,85,12018.3
1966.07,901.6,2058.0,2438,100,85,12018.3
1966.19,1062.6,2058.0,2438,66,82,12027.5
1966.308,1192.1,2058.0,2438,13,82,12037.1
1966.427,1321.6,2058.0,2438,13,81,12045.8
1966.546,914.0,2058.0,2438,40,82,12045.8
1966.666,914.0,2058.0,2438,100,85,12045.8
1966.786,914.0,2058.0,2438,100,86,12045.8
1966.906,914.0,2058.0,2438,100,86,12045.8
1967.027,914.0,2058.0,2438,100,85,12045.8
1967.147,945.5,2058.0,2438,75,83,12050.7
1967.266,1204.5,2058.0,2438,75,82,12065.4
1967.384,1334.0,2058.0,2438,12,81,12077.5
1967.501,1334.0,2058.0,2438,9,81,12118.2
1967.62,926.4,2058.0,2438,9,82,12122.3
1967.74,926.4,2058.0,2438,81,85,12122.3
1967.861,926.4,2058.0,2438,100,86,12122.3
1967.98,926.4,2058.0,2438,100,86,12122.3
1968.1,926.4,2058.0,2438,100,85,12122.3
1968.221,933.4,2058.0,2438,100,84,12130.7
1968.34,1216.9,2058.0,2438,38,82,12168.9
1968.458,938.9,2058.0,2438,38,84,12183.4
1968.578,938.9,2058.0,2438,57,85,12183.4
1968.698,938.9,2058.0,2438,100,86,12183.4
1968.818,938.9,2058.0,2438,100,86,12183.4
1968.937,938.9,2058.0,2438,100,86,12183.4
1969.058,938.9,2058.0,2438,100,86,12184.0
1969.177,1229.4,2058.0,2438,53,82,12203.8
1969.297,951.3,2058.0,2438,53,84,12228.3
1969.416,951.3,2058.0,2438,45,84,12228.2
1969.536,951.3,2058.0,2438,100,86,12228.2
1969.656,951.3,2058.0,2438,100,86,12227.5
1969.778,951.3,2058.0,2438,100,86,12219.4
1969.899,951.3,2058.0,2438,100,85,12156.5
1970.019,1112.3,2058.0,2438,76,83,12162.3
1970.138,1371.3,2058.0,2438,76,82,12175.0
1970.256,963.7,2058.0,2438,21,83,12178.0
1970.377,963.7,2058.0,2438,99,86,12178.0
1970.497,963.7,2058.0,2438,100,86,12178.0
1970.618,963.7,2058.0,2438,100,86,12178.0
1970.738,963.7,2058.0,2438,100,85,12178.0
1970.858,963.7,2058.0,2438,100,84,12180.6
1970.976,1254.2,2058.0,2438,100,82,12191.4
1971.095,976.2,2058.0,2438,26,83,12193.3
1971.215,976.2,2058.0,2438,87,85,12193.3
1971.335,976.2,2058.0,2438,100,86,12193.3
1971.455,976.2,2058.0,2438,100,86,12193.3
1971.575,976.2,2058.0,2438,100,86,12193.3
1971.696,976.2,2058.0,2438,100,85,12193.3
1971.815,1266.7,2058.0,2438,100,82,12201.5
1971.933,988.6,2058.0,2438,44,84,12203.2
1972.053,988.6,2058.0,2438,89,86,12203.2
1972.173,988.6,2058.0,2438,100,86,12203.2
1972.293,988.6,2058.0,2438,100,87,12203.2
1972.413,988.6,2058.0,2438,100,85,12203.2
1972.533,988.6,2058.0,2438,100,85,12203.5
1972.652,1279.1,2058.0,2438,100,82,12214.7
1972.771,1001.0,2058.0,2438,41,84,12217.0
1972.892,1001.0,2058.0,2438,91,86,12217.0
1973.011,1001.0,2058.0,2438,100,87,12217.0
1973.132,1001.0,2058.0,2438,100,87,12217.0
1973.252,1001.0,2058.0,2438,100,86,12217.0
1973.372,1004.5,2058.0,2438,100,85,12220.0
1973.49,1291.5,2058.0,2438,100,82,12252.9
1973.608,1421.0,2058.0,2438,23,82,12273.0
1973.727,1013.4,2058.0,2438,37,83,12274.2
1973.849,1013.4,2058.0,2438,100,86,12241.2
1973.971,1013.4,2058.0,2438,100,87,12239.7
1974.093,1013.4,2058.0,2438,100,86,12238.8
1974.217,1013.4,2058.0,2438,100,86,12234.0
1974.339,1045.0,2058.0,2438,73,84,12239.7
1974.462,1304.0,2058.0,2438,73,82,12261.2
1974.585,1433.5,2058.0,2438,12,82,12291.8
1974.707,1000.0,2058.0,2438,9,84,12240.6
1974.831,999.4,2058.0,2438,89,84,12134.7
1974.965,999.4,2058.0,2438,89,86,12134.7
1975.085,999.4,2058.0,2438,100,87,12134.7
1975.205,999.4,2058.0,2438,100,86,12134.7
1975.325,999.4,2058.0,2438,100,85,12134.7
1975.445,1011.7,2058.0,2438,100,83,12207.9
1975.574,1011.7,2058.0,2438,17,82,12325.6
1975.706,1011.7,2058.0,2438,1,82,12356.9
1975.839,1011.7,2058.0,2438,1,82,12388.1
1975.971,1011.7,2058.0,2438,1,81,12419.4
1976.105,1011.7,2058.0,2438,0,82,12450.6
1976.239,1011.7,2058.0,2438,1,81,12474.1
1976.371,1011.7,2058.0,2438,1,81,12547.7
1976.505,1011.7,2058.0,2438,0,81,12569.9
1976.638,1011.7,2058.0,2438,0,81,12595.1
1976.769,1011.7,2058.0,2438,1,81,12621.8
1976.901,1011.7,2058.0,2438,1,81,12630.4
1977.034,1011.7,2058.0,2438,0,81,12646.5
1977.166,1011.7,2058.0,2438,1,81,12674.0
1977.297,1011.7,2058.0,2438,1,81,12670.8
1977.43,1011.7,2058.0,2438,1,81,12696.0
1977.561,1011.7,2058.0,2438,0,81,12753.2
1977.695,1011.7,2058.0,2438,1,81,12811.2
1977.828,1011.7,2058.0,2438,1,81,12812.5
1977.962,1011.7,2058.0,2438,1,81,12827.3
1978.095,1011.7,2058.0,2438,0,81,12850.0
1978.23,1011.7,2058.0,2438,1,81,12871.7
1978.365,1011.7,2058.0,2438,1,81,12868.0
1978.498,1011.7,2058.0,2438,0,81,12886.6
1978.633,1011.7,2058.0,2438,0,81,12881.0
1978.767,1011.7,2058.0,2438,1,81,12920.9
1978.898,1011.7,2058.0,2438,0,81,12966.8
1979.204,1011.7,2058.0,2438,1,81,12969.6
1979.46,1011.7,2058.0,2438,0,81,12967.5
1979.757,1011.7,2058.0,2438,1,81,12987.7
1979.892,1011.7,2058.0,2438,1,81,12998.3
1980.085,1011.7,2058.0,2438,0,81,13002.6
1980.238,1011.7,2058.0,2438,1,81,13009.0
1980.49,1011.7,2058.0,2438,1,81,13003.8
1980.634,1011.7,2058.0,2438,1,81,12994.4
1980.969,1011.7,2058.0,2438,1,81,12980.4
1981.137,1011.7,2058.0,2438,0,81,12818.9
1981.27,1011.7,2058.0,2438,1,81,12522.5
1981.425,1011.7,2058.0,2438,1,81,12411.8
1981.558,1011.7,2058.0,2438,0,81,12451.6
1981.706,1011.7,2058.0,2438,1,81,12482.8
1981.837,1011.7,2058.0,2438,1,81,12482.8
1981.972,1011.7,2058.0,2438,1,81,12568.6
1982.106,1011.7,2058.0,2438,0,81,12631.3
1982.241,1011.7,2058.0,2438,2,81,12679.1
1982.375,1011.7,2058.0,2438,1,81,12715.1
1982.508,1011.7,2058.0,2438,1,81,12752.3
1982.641,1011.7,2058.0,2438,0,81,12756.3
1982.776,1011.7,2058.0,2438,2,81,12818.8
1982.907,1011.7,2058.0,2438,1,81,12904.8
1983.041,1011.7,2058.0,2438,0,81,12939.4
1983.174,1011.7,2058.0,2438,0,81,12975.9
1983.31,1011.7,2058.0,2438,1,81,13012.2
1983.444,1011.7,2058.0,2438,1,81,13028.8
1983.583,1011.7,2058.0,2438,0,81,13050.0
1983.714,1011.7,2058.0,2438,1,81,13113.9
1983.848,1011.7,2058.0,2438,1,81,13164.8
1983.983,1011.7,2058.0,2438,1,81,13184.4
1984.116,1011.7,2058.0,2438,0,81,13205.6
1984.25,1011.7,2058.0,2438,1,81,13213.4
1984.384,1011.7,2058.0,2438,1,81,13239.6
1984.518,1011.7,2058.0,2438,1,81,13263.9
1984.652,1011.7,2058.0,2438,0,81,13261.6
1984.791,1011.7,2058.0,2438,1,81,13263.8
1984.936,1011.7,2058.0,2438,1,81,13313.4
1985.073,1011.7,2058.0,2438,0,81,13390.0
1985.207,1011.7,2058.0,2438,1,81,13394.0
1985.341,1011.7,2058.0,2438,1,81,13417.0
1985.476,1011.7,2058.0,2438,1,81,13443.7
1985.61,1011.7,2058.0,2438,0,81,13466.8
1985.765,1011.7,2058.0,2438,1,80,13466.9
1985.922,1011.7,2058.0,2438,1,80,13485.4
1986.057,1011.7,2058.0,2438,0,81,13480.8
1986.191,1011.7,2058.0,2438,1,81,13504.6
1986.486,1011.7,2058.0,2438,0,81,13508.2
1986.77,1011.7,2058.0,2438,1,81,13514.2
1986.994,1011.7,2058.0,2438,0,80,13521.6
1987.241,1011.7,2058.0,2438,1,80,13466.9
1988.013,1011.7,2058.0,2438,1,80,13378.7
1988.923,1011.7,2058.0,2438,1,80,13312.5
1989.642,1011.7,2058.0,2438,0,80,13068.4
1989.768,1011.7,2058.0,2438,1,80,13114.7
1989.892,1011.7,2058.0,2438,1,80,13048.8
1990.019,1011.7,2058.0,2438,1,80,13118.1
1990.15,1011.7,2058.0,2438,0,80,12105.6
1990.27,1011.7,2058.0,2438,1,80,12027.6
1990.394,1011.7,2058.0,2438,1,80,12043.9
1990.521,1011.7,2058.0,2438,1,80,12063.7
1990.647,1011.7,2058.0,2438,0,80,12079.2
1990.769,1011.7,2058.0,2438,1,80,12095.9
1990.896,1011.7,2058.0,2438,1,80,12111.6
1991.018,1011.7,2058.0,2438,1,80,12129.1
1991.145,1011.7,2058.0,2438,0,80,12145.7
1991.268,1011.7,2058.0,2438,1,80,12162.1
1991.391,1011.7,2058.0,2438,1,80,12178.4
1991.513,1011.7,2058.0,2438,1,80,12194.0
1991.638,1011.7,2058.0,2438,0,80,12210.9
1991.765,1011.7,2058.0,2438,1,80,12228.2
1991.888,1011.7,2058.0,2438,1,80,12244.8
1992.015,1011.7,2058.0,2438,1,80,12262.7
1992.143,1011.7,2058.0,2438,0,80,12281.1
1992.271,1011.7,2058.0,2438,1,80,12298.1
1992.395,1011.7,2058.0,2438,1,80,12315.1
1992.522,1011.7,2058.0,2438,1,80,12329.5
1992.647,1011.7,2058.0,2438,0,80,12342.7
1992.772,1011.7,2058.0,2438,2,80,12358.4
1992.9,1011.7,2058.0,2438,1,80,12373.6
1993.024,1011.7,2058.0,2438,1,80,12390.7
1993.148,1011.7,2058.0,2438,0,80,12404.5
1993.271,1011.7,2058.0,2438,2,80,12419.3
1993.395,1011.7,2058.0,2438,2,80,12432.7
1993.515,1011.7,2058.0,2438,1,80,12447.5
1993.638,1011.7,2058.0,2438,0,80,12461.7
1993.767,1011.7,2058.0,2438,3,80,12476.0
1993.891,1011.7,2058.0,2438,3,80,12492.6
1994.017,1011.7,2058.0,2438,0,80,12505.7
1994.141,1011.7,2058.0,2438,0,80,12520.3
1994.267,1011.7,2058.0,2438,3,79,12534.0
1994.391,1011.7,2058.0,2438,3,79,12548.9
1994.515,1011.7,2058.0,2438,0,79,12562.2
1994.639,1011.7,2058.0,2438,0,79,12575.6
1994.763,1011.7,2058.0,2438,3,79,12588.8
1994.886,1011.7,2058.0,2438,3,79,12602.7
1995.01,1011.7,2058.0,2438,0,79,12615.7
1995.134,1011.7,2058.0,2438,0,79,12629.1
1995.257,1011.7,2058.0,2438,3,79,12641.3
1995.381,1011.7,2058.0,2438,3,79,12655.3
1995.503,1011.7,2058.0,2438,0,79,12669.5
1995.628,1011.7,2058.0,2438,0,79,12683.5
1995.752,1011.7,2058.0,2438,2,79,12696.0
1995.875,1011.7,2058.0,2438,2,79,12709.8
1995.998,1011.7,2058.0,2438,0,79,12724.5
1996.125,1011.7,2058.0,2438,0,79,12739.8
1996.252,1011.7,2058.0,2438,3,79,12755.5
1996.376,1011.7,2058.0,2438,3,79,12771.9
1996.503,1011.7,2058.0,2438,0,79,12785.0
1996.627,1011.7,2058.0,2438,0,79,12796.4
1996.75,1011.7,2058.0,2438,3,79,12807.4
1996.873,1011.7,2058.0,2438,3,79,12817.8
1996.999,1011.7,2058.0,2438,0,79,12826.3
1997.122,1011.7,2058.0,2438,0,79,12835.3
1997.246,1011.7,2058.0,2438,0,79,12845.9
1997.373,1011.7,2058.0,2438,3,79,12857.5
1997.5,1011.7,2058.0,2438,0,79,12869.4
1997.629,1011.7,2058.0,2438,0,79,12876.8
1997.762,1011.7,2058.0,2438,3,79,12876.8
1997.896,1011.7,2058.0,2438,3,79,12876.8
1998.03,1011.7,2058.0,2438,0,79,12876.8
1998.163,1011.7,2058.0,2438,0,79,12876.8
1998.297,1011.7,2058.0,2438,3,79,12876.8
1998.432,1011.7,2058.0,2438,0,79,12876.8
1998.564,1011.7,2058.0,2438,0,79,12876.8
1998.698,1011.7,2058.0,2438,0,79,12876.8
1998.833,1011.7,2058.0,2438,3,79,12876.8
1998.967,1011.7,2058.0,2438,0,78,12876.8
1999.101,1011.7,2058.0,2438,0,79,12876.8
1999.235,1011.7,2058.0,2438,0,79,12876.8
1999.369,1011.7,2058.0,2438,3,78,12876.8
1999.503,1011.7,2058.0,2438,0,79,12876.8
1999.637,1011.7,2058.0,2438,0,79,12876.8
1999.769,1011.7,2058.0,2438,3,79,12385.3
1999.892,1209.6,2058.0,2438,3,79,12363.9
2000.01,1598.0,2058.0,2598,23,79,12378.8
2000.129,1048.6,2218.0,2598,76,79,12381.0
2000.25,1048.6,2218.0,2598,76,82,12381.0
2000.371,1048.6,2218.0,2598,100,83,12381.0
2000.492,1048.6,2218.0,2598,100,84,12381.0
2000.612,1048.6,2218.0,2598,100,83,12381.0
2000.732,1048.6,2218.0,2598,100,86,12381.0
2000.853,1048.6,2218.0,2598,100,85,12381.0
2000.973,1048.6,2218.0,2598,100,84,12381.0
2001.094,1048.6,2218.0,2598,100,81,12381.0
2001.214,1048.6,2218.0,2598,100,81,12381.0
2001.334,1209.6,2218.0,2598,82,81,12391.7
2001.453,1468.6,2218.0,2598,16,80,12407.8
2001.571,1036.2,2218.0,2598,16,82,12412.7
2001.692,1036.2,2218.0,2598,70,83,12412.7
2001.813,1036.2,2218.0,2598,100,85,12412.7
2001.934,1036.2,2218.0,2598,100,85,12412.7
2002.055,1036.2,2218.0,2598,100,84,12412.7
2002.175,1036.2,2218.0,2598,100,84,12412.7
2002.296,1036.2,2218.0,2598,100,85,12412.7
2002.418,1036.2,2218.0,2598,100,85,12412.7
2002.539,1036.2,2218.0,2598,100,82,12395.3
2002.66,1036.2,2218.0,2598,100,81,12395.3
2002.78,1197.2,2218.0,2598,77,81,12400.1
2002.899,1575.7,2218.0,2618,77,81,12407.7
2003.017,1023.9,2238.0,2618,54,82,12407.7
2003.137,1023.9,2238.0,2618,100,85,12407.7
2003.258,1023.9,2238.0,2618,100,85,12407.7
2003.378,1023.9,2238.0,2618,100,85,12407.7
2003.498,1023.9,2238.0,2618,100,84,12407.7
2003.618,1023.9,2238.0,2618,100,87,12407.7
2003.739,1023.9,2238.0,2618,100,85,12407.7
2003.859,1023.9,2238.0,2618,100,83,12407.7
2003.979,1023.9,2238.0,2618,100,81,12407.7
2004.1,1023.9,2238.0,2618,100,84,12407.7
2004.219,1314.4,2238.0,2618,94,81,12415.3
2004.338,1011.5,2238.0,2618,38,82,12418.2
2004.459,1011.5,2238.0,2618,100,84,12418.2
2004.579,1011.5,2238.0,2618,100,85,12418.2
2004.699,1011.5,2238.0,2618,100,85,12418.2
2004.819,1011.5,2238.0,2618,100,84,12418.4
2004.951,1011.5,2238.0,2618,100,85,12418.4
2005.071,1011.5,2238.0,2618,100,85,12418.4
2005.191,1011.5,2238.0,2618,100,86,12418.4
2005.311,1011.5,2238.0,2618,100,82,12418.4
2005.432,1011.5,2238.0,2618,100,82,12418.4
2005.551,1172.5,2238.0,2618,100,81,12425.3
2005.669,1431.5,2238.0,2618,29,81,12433.2
2005.787,999.1,2238.0,2618,84,82,12433.2
2005.908,999.1,2238.0,2618,84,85,12433.2
2006.028,999.1,2238.0,2618,100,85,12433.2
2006.148,999.1,2238.0,2618,100,85,12433.2
2006.269,999.1,2238.0,2618,100,84,12433.2
2006.389,999.1,2238.0,2618,100,87,12433.2
2006.508,999.1,2238.0,2618,100,86,12433.2
2006.628,999.1,2238.0,2618,100,85,12433.2
2006.751,999.1,2238.0,2618,100,82,12433.2
2006.871,999.1,2238.0,2618,100,81,12433.2
2006.992,1289.7,2238.0,2618,61,81,12441.7
2007.11,1419.2,2238.0,2618,61,81,12452.8
2007.229,986.8,2238.0,2618,34,82,12452.8
2007.349,986.8,2238.0,2618,100,85,12452.8
2007.469,986.8,2238.0,2618,100,85,12452.8
2007.589,986.8,2238.0,2618,100,85,12452.8
2007.709,986.8,2238.0,2618,100,84,12452.8
2007.829,986.8,2238.0,2618,100,87,12452.8
2007.949,986.8,2238.0,2618,100,86,12452.8
2008.069,986.8,2238.0,2618,100,86,12452.8
2008.189,986.8,2238.0,2618,100,82,12452.8
2008.309,986.8,2238.0,2618,100,82,12452.8
2008.43,1277.3,2238.0,2618,100,81,12482.9
2008.548,974.4,2238.0,2618,32,83,12495.2
2008.669,974.4,2238.0,2618,98,85,12495.2
2008.79,974.4,2238.0,2618,98,85,12495.2
2008.911,974.4,2238.0,2618,100,86,12495.2
2009.031,974.4,2238.0,2618,100,85,12495.2
2009.151,974.4,2238.0,2618,100,84,12495.2
2009.271,974.4,2238.0,2618,100,86,12495.2
2009.391,974.4,2238.0,2618,100,86,12495.2
2009.512,974.4,2238.0,2618,100,82,12495.2
2009.632,974.4,2238.0,2618,100,82,12495.2
2009.756,1135.4,2238.0,2618,100,82,12508.2
2009.874,962.1,2238.0,2618,45,84,12521.0
2009.994,962.1,2238.0,2618,86,84,12521.0
2010.115,962.1,2238.0,2618,86,85,12521.0
2010.236,962.1,2238.0,2618,100,86,12521.0
2010.357,962.1,2238.0,2618,100,85,12521.0
2010.477,962.1,2238.0,2618,100,85,12521.0
2010.597,962.1,2238.0,2618,100,86,12521.0
2010.717,962.1,2238.0,2618,100,86,12521.0
2010.838,962.1,2238.0,2618,100,83,12521.0
2010.958,962.1,2238.0,2618,100,82,12521.0
2011.079,962.1,2238.0,2618,100,83,12524.2
2011.197,1252.6,2238.0,2618,47,81,12538.8
2011.315,1382.1,2238.0,2618,12,81,12550.1
2011.433,949.7,2238.0,2618,12,84,12561.2
2011.553,949.7,2238.0,2618,59,84,12561.2
2011.672,949.7,2238.0,2618,100,85,12561.2
2011.792,949.7,2238.0,2618,100,86,12561.2
2011.912,949.7,2238.0,2618,100,85,12561.2
2012.032,949.7,2238.0,2618,100,84,12561.2
2012.152,949.7,2238.0,2618,100,87,12561.2
2012.274,949.7,2238.0,2618,100,85,12561.2
2012.396,949.7,2238.0,2618,100,84,12561.2
2012.516,949.7,2238.0,2618,100,82,12561.2
2012.637,949.7,2238.0,2618,100,85,12561.3
2012.757,1110.7,2238.0,2618,89,81,12574.8
2012.876,1240.2,2238.0,2618,15,81,12584.4
2012.994,937.4,2238.0,2618,32,84,12590.2
2013.113,937.4,2238.0,2618,32,84,12590.2
2013.235,937.4,2238.0,2618,100,85,12590.2
2013.356,937.4,2238.0,2618,100,86,12590.2
2013.477,937.4,2238.0,2618,100,85,12590.2
2013.597,937.4,2238.0,2618,100,84,12590.2
2013.717,937.4,2238.0,2618,100,87,12590.2
2013.846,937.4,2238.0,2618,100,86,12590.2
2013.969,937.4,2238.0,2618,100,84,12590.2
2014.089,937.4,2238.0,2618,100,82,12590.2
2014.209,937.4,2238.0,2618,100,84,12591.5
2014.327,1227.9,2238.0,2618,26,81,12602.7
2014.447,1357.4,2238.0,2618,26,81,12614.0
2014.569,925.0,2238.0,2618,41,82,12614.1
2014.69,925.0,2238.0,2618,100,85,12614.1
2014.811,925.0,2238.0,2618,100,86,12614.1
2014.931,925.0,2238.0,2618,100,86,12614.1
2015.051,925.0,2238.0,2618,100,85,12614.1
2015.17,925.0,2238.0,2618,100,88,12614.1
2015.291,925.0,2238.0,2618,100,86,12614.1
2015.411,925.0,2238.0,2618,100,86,12614.1
2015.531,925.0,2238.0,2618,100,82,12614.1
2015.651,925.0,2238.0,2618,100,82,12614.1
2015.771,1086.0,2238.0,2618,99,82,12621.1
2015.889,1345.0,2238.0,2618,16,81,12634.8
2016.007,912.6,2238.0,2618,38,84,12638.8
2016.126,912.6,2238.0,2618,38,84,12638.8
2016.246,912.6,2238.0,2618,100,85,12638.8
2016.367,912.6,2238.0,2618,100,86,12638.8
2016.488,912.6,2238.0,2618,100,85,12638.8
2016.608,912.6,2238.0,2618,100,85,12638.8
2016.728,912.6,2238.0,2618,100,86,12638.8
2016.856,912.6,2238.0,2618,100,86,12638.8
2016.976,912.6,2238.0,2618,100,83,12638.8
2017.096,912.6,2238.0,2618,100,82,12638.8
2017.216,912.6,2238.0,2618,100,84,12640.1
2017.335,1203.1,2238.0,2618,100,82,12648.5
2017.453,1332.6,2238.0,2618,31,81,12655.3
2017.571,900.3,2238.0,2618,31,82,12656.8
2017.691,900.3,2238.0,2618,100,85,12656.8
2017.812,900.3,2238.0,2618,100,86,12656.8
2017.933,900.3,2238.0,2618,100,86,12656.8
2018.053,900.3,2238.0,2618,100,85,12656.8
2018.172,900.3,2238.0,2618,100,87,12656.8
2018.293,900.3,2238.0,2618,100,86,12656.8
2018.413,900.3,2238.0,2618,100,87,12656.8
2018.534,900.3,2238.0,2618,100,83,12656.8
2018.654,900.3,2238.0,2618,100,83,12656.8
2018.774,1061.3,2238.0,2618,100,82,12663.7
2018.893,1190.8,2238.0,2618,23,81,12676.0
2019.011,1320.3,2238.0,2618,13,81,12690.3
2019.13,887.9,2238.0,2618,13,83,12692.0
2019.25,887.9,2238.0,2618,94,85,12692.0
2019.369,887.9,2238.0,2618,100,86,12692.0
2019.49,887.9,2238.0,2618,100,86,12692.0
2019.61,887.9,2238.0,2618,100,85,12692.0
2019.729,887.9,2238.0,2618,100,88,12692.0
2019.85,887.9,2238.0,2618,100,86,12692.0
2019.971,887.9,2238.0,2618,100,86,12692.0
2020.092,887.9,2238.0,2618,100,83,12692.0
2020.212,887.9,2238.0,2618,100,82,12692.1
2020.332,1048.9,2238.0,2618,100,82,12700.6
2020.451,1307.9,2238.0,2618,43,81,12711.4
2020.569,875.6,2238.0,2618,17,84,12722.0
2020.688,875.6,2238.0,2618,99,85,12722.0
2020.809,875.6,2238.0,2618,99,86,12722.0
2020.929,875.6,2238.0,2618,100,86,12722.0
2021.049,875.6,2238.0,2618,100,85,12722.0
2021.169,875.6,2238.0,2618,100,85,12722.0
2021.289,875.6,2238.0,2618,100,86,12722.0
2021.409,875.6,2238.0,2618,100,86,12722.0
2021.529,875.6,2238.0,2618,100,83,12722.0
2021.65,875.6,2238.0,2618,100,83,12722.0
2021.77,875.6,2238.0,2618,100,83,12733.7
2021.888,1036.6,2238.0,2618,29,82,12770.6
2022.006,1166.1,2238.0,2618,29,81,12798.8
2022.124,1166.1,2238.0,2618,8,81,12837.6
2022.243,1295.6,2238.0,2618,9,81,12866.3
2022.361,863.2,2238.0,2618,47,84,12879.6
2022.481,863.2,2238.0,2618,47,85,12879.6
2022.601,863.2,2238.0,2618,100,86,12879.6
2022.721,863.2,2238.0,2618,100,86,12879.6
2022.841,863.2,2238.0,2618,100,85,12879.6
2022.962,863.2,2238.0,2618,100,86,12879.6
2023.082,863.2,2238.0,2618,100,86,12879.6
2023.203,863.2,2238.0,2618,100,86,12879.6
2023.323,863.2,2238.0,2618,100,83,12879.6
2023.444,863.2,2238.0,2618,100,82,12879.6
2023.564,863.2,2238.0,2618,92,83,12891.2
2023.682,1024.2,2238.0,2618,92,82,12926.7
2023.8,1153.7,2238.0,2618,9,81,12963.0
2023.918,1153.7,2238.0,2618,9,81,12999.4
2024.036,1283.2,2238.0,2618,8,81,13036.2
2024.154,850.8,2238.0,2618,8,83,13045.6
2024.274,850.8,2238.0,2618,86,85,13045.6
2024.394,850.8,2238.0,2618,100,85,13045.6
2024.515,850.8,2238.0,2618,100,86,13045.6
2024.635,850.8,2238.0,2618,100,85,13045.6
2024.755,850.8,2238.0,2618,100,85,13045.6
2024.876,850.8,2238.0,2618,100,86,13045.6
2024.996,850.8,2238.0,2618,100,86,13045.6
2025.116,850.8,2238.0,2618,100,83,13045.6
2025.236,850.8,2238.0,2618,100,82,13045.6
2025.357,882.3,2238.0,2618,100,83,13065.7
2025.476,1011.8,2238.0,2618,49,82,13106.4
2025.594,1141.3,2238.0,2618,7,81,13139.8
2025.712,1141.3,2238.0,2618,8,81,13182.3
2025.829,1270.8,2238.0,2618,8,81,13230.7
2025.947,838.5,2238.0,2618,20,83,13237.7
2026.067,838.5,2238.0,2618,100,85,13237.7
2026.187,838.5,2238.0,2618,100,86,13237.7
2026.307,838.5,2238.0,2618,100,86,13237.7
2026.427,838.5,2238.0,2618,100,85,13237.7
2026.547,838.5,2238.0,2618,100,87,13237.7
2026.667,838.5,2238.0,2618,100,86,13237.7
2026.787,838.5,2238.0,2618,100,87,13237.7
2026.907,838.5,2238.0,2618,100,83,13237.7
2027.028,838.5,2238.0,2618,100,83,13237.7
2027.148,870.0,2238.0,2618,100,82,13269.7
2027.266,999.5,2238.0,2618,15,81,13315.3
2027.384,1129.0,2238.0,2618,8,81,13358.1
2027.502,1129.0,2238.0,2618,8,81,13397.4
2027.619,1258.5,2238.0,2618,6,81,13439.1
2027.738,1867.7,2238.0,2618,10,82,13315.1
2027.859,826.1,2238.0,2618,10,82,13284.6
2027.985,826.1,2238.0,2618,98,86,13284.6
2028.106,826.1,2238.0,2618,100,86,13284.6
2028.226,826.1,2238.0,2618,100,86,13284.6
2028.346,826.1,2238.0,2618,100,85,13284.6
2028.466,826.1,2238.0,2618,100,88,13284.6
2028.586,826.1,2238.0,2618,100,86,13284.6
2028.707,826.1,2238.0,2618,100,84,13284.6
2028.827,826.1,2238.0,2618,100,83,13284.6
2028.948,826.1,2238.0,2618,100,84,13293.5
2029.065,987.1,2238.0,2618,25,82,13334.9
2029.183,1116.6,2238.0,2618,25,81,13394.2
2029.303,1116.6,2238.0,2618,9,81,13382.0
2029.422,1246.1,2238.0,2618,11,81,13336.0
2029.541,813.8,2238.0,2618,11,83,13337.5
2029.662,813.8,2238.0,2618,77,85,13337.5
2029.782,813.8,2238.0,2618,100,86,13337.5
2029.902,813.8,2238.0,2618,100,86,13337.5
2030.022,813.8,2238.0,2618,100,85,13337.5
2030.143,813.8,2238.0,2618,100,87,13337.5
2030.263,813.8,2238.0,2618,100,86,13337.5
2030.383,813.8,2238.0,2618,100,86,13337.5
2030.504,813.8,2238.0,2618,100,83,13337.5
2030.626,813.8,2238.0,2618,100,82,13337.5
2030.746,974.8,2238.0,2618,60,82,13379.9
2030.865,974.8,2238.0,2618,60,81,13436.7
2030.984,1233.8,2238.0,2618,11,81,13489.7
2031.105,801.4,2238.0,2618,16,83,13521.3
2031.228,801.4,2238.0,2618,100,85,13513.6
2031.351,801.4,2238.0,2618,100,86,13505.8
2031.474,801.4,2238.0,2618,100,86,13495.9
2031.598,801.4,2238.0,2618,100,85,13480.6
2031.723,801.4,2238.0,2618,100,85,13472.2
2031.847,801.4,2238.0,2618,100,86,13464.2
2031.97,801.4,2238.0,2618,100,87,13456.0
2032.093,801.4,2238.0,2618,100,83,13447.9
2032.217,801.4,2238.0,2618,100,83,13439.9
2032.34,832.9,2238.0,2618,100,82,13467.6
2032.465,1091.9,2238.0,2618,32,82,13508.8
2032.59,1221.4,2238.0,2618,12,81,13571.4
2032.715,789.0,2238.0,2618,12,84,13595.0
2032.839,789.0,2238.0,2618,55,85,13586.8
2032.963,789.0,2238.0,2618,100,86,13578.5
2033.087,789.0,2238.0,2618,100,86,13570.2
2033.212,789.0,2238.0,2618,100,85,13562.3
2033.337,789.0,2238.0,2618,100,86,13554.2
2033.461,789.0,2238.0,2618,100,87,13546.1
2033.585,789.0,2238.0,2618,100,86,13538.0
2033.71,789.0,2238.0,2618,100,83,13529.8
2033.834,789.0,2238.0,2618,100,83,13521.8
2033.959,950.0,2238.0,2618,83,82,13565.5
2034.083,950.0,2238.0,2618,8,82,13626.0
2034.209,1079.5,2238.0,2618,1,81,13589.4
2034.671,1209.0,2238.0,2618,2,81,13532.0
2035.193,1209.0,2238.0,2618,56,82,13449.3
2035.746,776.7,2238.0,2618,100,86,13440.1
2035.879,776.7,2238.0,2618,100,86,13432.0
2036.003,776.7,2238.0,2618,100,86,13423.5
2036.131,776.7,2238.0,2618,100,85,13415.5
2036.256,776.7,2238.0,2618,100,87,13407.5
2036.38,776.7,2238.0,2618,100,86,13399.5
2036.504,776.7,2238.0,2618,100,83,13391.4
2036.629,776.7,2238.0,2618,100,83,13383.4
2036.753,776.7,2238.0,2618,80,83,13395.9
2036.877,937.7,2238.0,2618,2,81,13333.3
2037.406,937.7,2238.0,2618,0,81,13302.2
2037.777,937.7,2238.0,2618,0,81,13268.2
2038.197,1067.2,2238.0,2618,1,81,13214.2
2038.632,1067.2,2238.0,2618,1,81,13067.8
2039.254,1196.7,2238.0,2618,3,80,13029.4
2039.682,764.3,2238.0,2618,100,82,13018.0
2039.884,764.3,2238.0,2618,100,83,13009.0
2040.016,764.3,2238.0,2618,100,85,13000.6
2040.142,764.3,2238.0,2618,100,85,12992.8
2040.266,764.3,2238.0,2618,100,84,12984.9
2040.39,764.3,2238.0,2618,100,86,12975.9
2040.522,764.3,2238.0,2618,100,86,12968.0
2040.647,764.3,2238.0,2618,100,83,12959.6
2040.778,764.3,2238.0,2618,100,82,12951.7
2040.902,764.3,2238.0,2618,100,83,12955.4
2041.034,925.3,2238.0,2618,4,81,12923.7
2041.447,925.3,2238.0,2618,1,81,12886.5
2041.888,1054.8,2238.0,2618,2,81,12850.3
2042.303,1184.3,2238.0,2618,1,81,12814.3
2042.721,1184.3,2238.0,2618,61,85,12779.0
2043.14,752.0,2238.0,2618,100,86,12770.0
2043.271,752.0,2238.0,2618,100,86,12761.8
2043.395,752.0,2238.0,2618,100,85,12753.0
2043.522,752.0,2238.0,2618,100,85,12744.7
2043.646,752.0,2238.0,2618,100,87,12736.5
2043.769,752.0,2238.0,2618,100,87,12728.3
2043.893,752.0,2238.0,2618,100,83,12719.9
2044.017,752.0,2238.0,2618,100,82,12711.7
2044.14,783.5,2238.0,2618,70,82,12734.0
2044.29,913.0,2238.0,2618,1,81,12696.9
2044.711,913.0,2238.0,2618,1,81,12654.4
2045.154,1042.5,2238.0,2618,3,81,12621.0
2045.555,1042.5,2238.0,2618,1,81,12602.7
2045.698,1172.0,2238.0,2618,6,81,12617.2
2045.827,1172.0,2238.0,2618,7,81,12578.1
2045.952,739.6,2238.0,2618,74,82,12477.8
2046.079,739.6,2238.0,2618,74,85,12452.0
2046.203,739.6,2238.0,2618,100,86,12435.0
2046.328,739.6,2238.0,2618,100,86,12424.0
2046.453,739.6,2238.0,2618,100,85,12414.5
2046.578,739.6,2238.0,2618,100,87,12401.3
2046.705,739.6,2238.0,2618,100,86,12385.6
2046.831,739.6,2238.0,2618,100,83,12369.8
2046.959,739.6,2238.0,2618,100,82,12354.2
2047.084,743.1,2238.0,2618,100,83,12386.4
2047.208,900.6,2238.0,2618,52,82,12475.7
2047.332,1030.1,2238.0,2618,2,81,12493.4
2047.741,1030.1,2238.0,2618,0,81,12419.9
2048.272,1159.6,2238.0,2618,3,81,12347.5
2048.83,1159.6,2238.0,2618,0,81,12311.2
2049.19,1159.6,2238.0,2618,2,81,12288.5
2049.475,1159.6,2238.0,2618,1,81,12272.3
2049.734,1159.6,2238.0,2618,2,81,12247.6
2050.029,1159.6,2238.0,2618,1,81,12212.4
2050.353,727.2,2238.0,2618,39,83,12204.2
2050.491,727.2,2238.0,2618,100,85,12195.3
2050.618,727.2,2238.0,2618,100,86,12186.9
2050.742,727.2,2238.0,2618,100,86,12178.1
2050.865,727.2,2238.0,2618,100,85,12169.7
2050.988,727.2,2238.0,2618,100,88,12161.4
2051.112,727.2,2238.0,2618,100,86,12153.0
2051.235,727.2,2238.0,2618,100,84,12144.7
2051.359,727.2,2238.0,2618,100,82,12136.4
2051.482,727.2,2238.0,2618,94,84,12132.0
2051.607,727.2,2238.0,2618,94,82,12139.2
2051.73,734.2,2238.0,2618,1,81,12142.7
2051.852,758.8,2238.0,2618,2,81,12143.3
2051.979,758.8,2238.0,2618,2,81,12145.1
2052.121,888.2,2238.0,2618,1,81,12131.5
2052.31,888.2,2238.0,2618,2,81,12046.1
2052.438,888.2,2238.0,2618,2,81,11522.2
2052.692,888.2,2238.0,2618,1,81,11515.2
2052.867,888.2,2238.0,2618,2,81,11521.3
2052.988,888.2,2238.0,2618,1,81,11511.7
2053.106,888.2,2238.0,2618,1,81,11474.0
2053.23,888.2,2238.0,2618,1,81,11468.2
2053.351,888.2,2238.0,2618,2,81,11448.6
2053.474,888.2,2238.0,2618,2,81,11434.5
2053.594,888.2,2238.0,2618,2,81,11426.1
2053.715,1017.8,2238.0,2618,1,81,11406.6
2053.835,1017.8,2238.0,2618,2,81,11361.2
2053.954,1017.8,2238.0,2618,2,80,11289.0
2054.073,1017.8,2238.0,2618,2,80,11198.9
2054.193,1017.8,2238.0,2618,1,80,11098.6
2054.318,1017.8,2238.0,2618,2,80,11020.2
2054.442,1017.8,2238.0,2618,2,80,10942.7
2054.565,1017.8,2238.0,2618,2,80,10906.1
2054.685,1017.8,2238.0,2618,1,80,10905.8
2054.807,1017.8,2238.0,2618,2,80,10903.0
2054.94,1017.8,2238.0,2618,2,80,10860.7
2055.059,1017.8,2238.0,2618,2,80,10845.6
2055.18,1017.8,2238.0,2618,1,80,10835.8
2055.3,1017.8,2238.0,2618,2,80,10795.4
2055.466,1017.8,2238.0,2618,2,80,10768.6
2055.592,1147.2,2238.0,2618,2,80,10777.0
2055.713,1147.2,2238.0,2618,1,80,10753.7
2055.836,1147.2,2238.0,2618,2,80,10758.5
2055.955,1147.2,2238.0,2618,2,80,10765.0
2056.077,1147.2,2238.0,2618,2,80,10769.8
2056.196,1147.2,2238.0,2618,1,80,10775.6
2056.32,1147.2,2238.0,2618,1,80,10779.9
2056.439,1147.2,2238.0,2618,2,80,10784.5
2056.557,1147.2,2238.0,2618,2,80,10789.4
2056.676,1147.2,2238.0,2618,0,80,10791.7
2056.797,1147.2,2238.0,2618,0,80,10798.7
2056.92,1147.2,2238.0,2618,2,80,10802.6
2057.052,1147.2,2238.0,2618,2,80,10806.1
2057.183,1147.2,2238.0,2618,0,80,10811.1
2057.303,1147.2,2238.0,2618,0,80,10646.8
2057.425,1147.2,2238.0,2618,2,80,10279.4
2057.544,1147.2,2238.0,2618,1,80,10286.0
2057.665,1198.1,2238.0,2618,11,80,10295.2
2057.783,696.6,2238.0,2618,11,81,10297.3
2057.905,696.6,2238.0,2618,100,84,10259.3
2058.027,696.6,2238.0,2618,100,85,10215.7
2058.148,696.6,2238.0,2618,100,85,10215.7
2058.268,696.6,2238.0,2618,100,84,10215.7
2058.388,696.6,2238.0,2618,100,87,10215.7
2058.508,696.6,2238.0,2618,100,85,10215.7
2058.63,696.6,2238.0,2618,100,84,10215.7
2058.75,696.6,2238.0,2618,100,82,10215.8
2058.871,696.6,2238.0,2618,100,83,10215.9
2058.991,646.6,2238.0,2618,100,81,10216.8
2059.128,646.6,2238.0,2618,16,80,10220.4
2059.25,646.6,2238.0,2618,3,80,10222.2
2059.37,647.2,2238.0,2618,3,80,10223.7
2059.503,646.6,2238.0,2618,2,80,10225.1
2059.621,646.6,2238.0,2618,2,80,10228.3
2059.748,650.2,2238.0,2618,0,80,10229.9
2059.895,643.1,2238.0,2618,2,80,10233.3
2060.037,643.5,2238.0,2618,2,80,10235.1
2060.162,643.5,2238.0,2618,2,80,10241.4
2060.282,643.5,2238.0,2618,0,80,10249.3
2060.402,643.5,2238.0,2618,1,79,10258.3
2060.521,643.5,2238.0,2618,1,79,10267.0
2060.641,674.7,2238.0,2618,1,79,10268.8
2060.76,706.2,2238.0,2618,2,79,10269.1
2060.88,835.7,2238.0,2618,7,79,10283.6
2061.004,688.0,2238.0,2618,7,81,10296.4
2061.123,688.0,2238.0,2618,82,86,10296.4
2061.243,688.0,2238.0,2618,100,83,10296.4
2061.364,688.0,2238.0,2618,100,83,10296.4
2061.484,691.5,2238.0,2618,100,82,10311.8
2061.603,849.0,2238.0,2618,77,80,10312.3
2061.721,849.0,2238.0,2618,5,80,10312.6
2061.841,849.0,2238.0,2618,5,79,10312.9
2061.959,978.5,2238.0,2618,5,79,10313.2
2062.08,978.5,2238.0,2618,5,79,10320.4
2062.203,978.5,2238.0,2618,3,79,10320.7
2062.324,978.5,2238.0,2618,3,79,10321.0
2062.442,1108.0,2238.0,2618,4,79,10321.2
2062.564,1108.0,2238.0,2618,4,79,10321.5
2062.686,1108.0,2238.0,2618,3,79,10321.8
2062.818,676.7,2238.0,2618,3,82,10323.5
2062.937,701.2,2238.0,2618,53,83,10323.5
2063.056,701.2,2238.0,2618,100,83,10323.5
2063.176,701.2,2238.0,2618,100,83,10323.5
2063.296,701.2,2238.0,2618,100,83,10323.5
2063.416,701.2,2238.0,2618,85,80,10330.3
2063.54,701.2,2238.0,2618,2,80,10334.6
2063.662,704.7,2238.0,2618,2,79,10337.7
2063.78,732.7,2238.0,2618,1,79,10340.6
2063.902,732.7,2238.0,2618,2,79,10342.6
2064.022,732.7,2238.0,2618,2,79,10348.4
2064.142,732.7,2238.0,2618,2,79,10355.7
2064.261,862.2,2238.0,2618,1,79,10358.6
2064.379,862.2,2238.0,2618,0,79,10363.2
2064.499,862.2,2238.0,2618,0,79,10370.3
2064.617,862.2,2238.0,2618,1,79,10375.1
2064.737,862.2,2238.0,2618,3,79,10380.1
2064.863,862.2,2238.0,2618,2,79,10384.0
2064.982,862.2,2238.0,2618,2,79,10389.2
2065.107,862.2,2238.0,2618,2,79,10397.7
2065.23,862.2,2238.0,2618,1,79,10403.0
2065.354,862.2,2238.0,2618,1,79,10407.8
2065.475,862.2,2238.0,2618,2,79,10410.7
2065.597,862.2,2238.0,2618,2,79,10417.9
2065.717,862.2,2238.0,2618,1,79,10422.1
2065.836,862.2,2238.0,2618,1,79,10427.8
2065.963,862.2,2238.0,2618,2,79,10431.6
2066.085,862.2,2238.0,2618,2,78,10439.7
2066.209,862.2,2238.0,2618,1,78,10445.3
2066.328,991.7,2238.0,2618,1,78,10451.1
2066.451,991.7,2238.0,2618,2,78,10457.4
2066.571,991.7,2238.0,2618,2,78,10463.1
2066.69,991.7,2238.0,2618,2,78,10469.8
2066.809,991.7,2238.0,2618,1,78,10473.6
2066.931,991.7,2238.0,2618,2,78,10479.2
2067.053,991.7,2238.0,2618,2,78,10482.8
2067.176,991.7,2238.0,2618,2,78,10488.9
2067.3,991.7,2238.0,2618,1,78,10492.6
2067.423,991.7,2238.0,2618,2,78,10499.6
2067.542,991.7,2238.0,2618,2,78,10503.6
2067.66,991.7,2238.0,2618,2,78,10507.2
2067.779,991.7,2238.0,2618,0,78,10509.7
2067.898,991.7,2238.0,2618,2,78,10513.4
2068.029,991.7,2238.0,2618,2,78,10517.5
2068.161,991.7,2238.0,2618,2,78,10521.8
2068.29,1121.2,2238.0,2618,1,78,10525.8
2068.421,1121.2,2238.0,2618,2,78,10530.4
2068.542,1121.2,2238.0,2618,2,78,10533.5
2068.663,1121.2,2238.0,2618,2,78,10537.7
2068.794,1121.2,2238.0,2618,1,78,10542.5
2068.92,1121.2,2238.0,2618,2,78,10545.5
2069.048,1121.2,2238.0,2618,2,78,10548.2
2069.171,1121.2,2238.0,2618,2,78,10552.0
2069.291,1121.2,2238.0,2618,0,78,10557.1
2069.42,1121.2,2238.0,2618,2,78,10560.8
2069.552,1121.2,2238.0,2618,2,78,10564.7
2069.671,1121.2,2238.0,2618,2,78,10566.3
2069.799,1121.2,2238.0,2618,0,78,10569.0
2069.928,1121.2,2238.0,2618,2,78,10572.3
2070.047,1121.2,2238.0,2618,2,78,10574.1
2070.176,1121.2,2238.0,2618,2,78,10582.8
2070.296,714.5,2238.0,2618,2,79,10595.3
2070.415,714.5,2238.0,2618,93,84,10595.3
2070.534,714.5,2238.0,2618,93,82,10595.3
2070.653,714.5,2238.0,2618,100,82,10595.3
2070.773,714.5,2238.0,2618,100,81,10602.1
2070.891,875.5,2238.0,2618,27,78,10642.5
2071.01,875.5,2238.0,2618,27,78,10682.5
2071.128,1005.0,2238.0,2618,8,77,10722.7
2071.245,1134.5,2238.0,2618,8,77,10759.5
2071.365,727.7,2238.0,2618,8,80,10786.7
2071.483,727.7,2238.0,2618,49,81,10786.7
2071.602,727.7,2238.0,2618,100,83,10786.7
2071.722,727.7,2238.0,2618,100,82,10786.7
2071.843,727.7,2238.0,2618,100,81,10746.1
2071.963,759.2,2238.0,2618,100,79,10734.4
2072.081,888.7,2238.0,2618,7,78,10779.6
2072.199,888.7,2238.0,2618,7,78,10795.0
2072.318,1018.2,2238.0,2618,6,78,10849.8
2072.437,1147.7,2238.0,2618,8,78,10889.8
2072.556,741.0,2238.0,2618,26,79,10916.0
2072.675,741.0,2238.0,2618,26,80,10916.0
2072.795,741.0,2238.0,2618,100,84,10916.0
2072.915,741.0,2238.0,2618,100,82,10916.0
2073.034,741.0,2238.0,2618,100,83,10916.1
2073.158,902.0,2238.0,2618,93,79,10938.7
2073.279,902.0,2238.0,2618,7,78,10944.9
2073.398,1031.5,2238.0,2618,9,78,10920.7
2073.517,1161.0,2238.0,2618,9,77,10889.3
2073.635,1161.0,2238.0,2618,9,77,10855.9
2073.753,754.2,2238.0,2618,54,79,10856.7
2073.873,754.2,2238.0,2618,54,85,10856.7
2073.994,754.2,2238.0,2618,100,82,10856.7
2074.113,754.2,2238.0,2618,100,82,10856.7
2074.233,754.2,2238.0,2618,86,81,10853.4
2074.352,915.3,2238.0,2618,86,79,10883.7
2074.47,1044.8,2238.0,2618,12,78,10888.6
2074.589,1174.3,2238.0,2618,9,78,10910.7
2074.709,1195.0,2238.0,2618,9,78,10912.8
2074.828,767.5,2238.0,2618,25,79,10912.8
2074.947,767.5,2238.0,2618,100,84,10912.8
2075.069,767.5,2238.0,2618,100,83,10912.8
2075.189,767.5,2238.0,2618,100,83,10845.4
2075.31,928.5,2238.0,2618,99,80,10851.8
2075.428,780.7,2238.0,2618,43,82,10851.2
2075.551,780.7,2238.0,2618,100,84,10691.5
2075.689,780.7,2238.0,2618,100,82,10400.8
2075.847,780.7,2238.0,2618,100,83,10400.8
2075.973,941.8,2238.0,2618,100,80,10410.9
2076.093,1071.3,2238.0,2618,14,79,10433.2
2076.211,1200.8,2238.0,2618,14,78,10456.6
2076.329,794.0,2238.0,2618,14,80,10463.4
2076.447,794.0,2238.0,2618,91,82,10463.4
2076.568,794.0,2238.0,2618,91,82,10463.4
2076.687,794.0,2238.0,2618,100,82,10463.4
2076.807,794.0,2238.0,2618,100,83,10463.4
2076.927,955.0,2238.0,2618,51,80,10483.5
2077.045,955.0,2238.0,2618,51,79,10503.3
2077.163,1084.5,2238.0,2618,10,79,10527.0
2077.281,1214.0,2238.0,2618,10,79,10550.9
2077.399,807.2,2238.0,2618,10,80,10556.6
2077.519,807.2,2238.0,2618,64,85,10556.6
2077.639,807.2,2238.0,2618,100,83,10556.6
2077.759,807.2,2238.0,2618,100,81,10556.6
2077.88,807.2,2238.0,2618,100,82,10557.3
2077.998,968.3,2238.0,2618,74,79,10586.5
2078.117,968.3,2238.0,2618,8,79,10611.0
2078.235,1097.8,2238.0,2618,8,78,10638.5
2078.354,1097.8,2238.0,2618,7,78,10665.7
2078.472,1227.3,2238.0,2618,7,78,10688.0
2078.592,820.5,2238.0,2618,74,80,10688.0
2078.711,820.5,2238.0,2618,74,85,10688.0
2078.83,820.5,2238.0,2618,100,83,10688.0
2078.95,820.5,2238.0,2618,100,83,10688.0
2079.07,824.0,2238.0,2618,100,80,10702.7
2079.188,981.5,2238.0,2618,52,79,10733.1
2079.306,981.5,2238.0,2618,7,79,10759.2
2079.424,1111.0,2238.0,2618,6,78,10783.7
2079.543,1240.5,2238.0,2618,6,78,10808.3
2079.661,1240.5,2238.0,2618,7,78,10835.0
2079.78,833.8,2238.0,2618,33,81,10843.1
2079.899,833.8,2238.0,2618,33,83,10843.1
2080.018,833.8,2238.0,2618,100,82,10843.1
2080.138,833.8,2238.0,2618,100,82,10843.1
2080.257,833.8,2238.0,2618,90,83,10846.5
2080.377,994.8,2238.0,2618,90,79,10867.3
2080.495,994.8,2238.0,2618,6,78,10896.9
2080.614,1124.3,2238.0,2618,7,78,10927.2
2080.732,1124.3,2238.0,2618,7,78,10951.1
2080.851,1253.8,2238.0,2618,7,78,10974.9
2080.97,1253.8,2238.0,2618,5,78,10998.3
2081.088,847.0,2238.0,2618,5,79,10998.3
2081.207,847.0,2238.0,2618,79,85,10998.3
2081.33,847.0,2238.0,2618,100,82,10998.3
2081.449,847.0,2238.0,2618,100,82,10998.3
2081.569,847.0,2238.0,2618,100,82,11002.0
2081.688,1008.0,2238.0,2618,71,79,11027.8
2081.807,1008.0,2238.0,2618,7,78,11052.6
2081.926,1137.5,2238.0,2618,7,78,11082.8
2082.044,1137.5,2238.0,2618,6,78,11117.4
2082.161,1267.0,2238.0,2618,8,78,11141.3
2082.279,860.3,2238.0,2618,27,82,11152.9
2082.398,860.3,2238.0,2618,27,82,11152.9
2082.516,860.3,2238.0,2618,100,83,11152.9
2082.636,860.3,2238.0,2618,100,83,11152.9
2082.755,860.3,2238.0,2618,100,83,11152.9
2082.875,1021.3,2238.0,2618,88,79,11170.8
2082.993,1021.3,2238.0,2618,7,79,11190.6
2083.111,1150.8,2238.0,2618,8,78,11213.5
2083.229,1280.3,2238.0,2618,8,78,11236.2
2083.348,1280.3,2238.0,2618,8,78,11257.0
2083.466,873.5,2238.0,2618,45,80,11260.5
2083.585,873.5,2238.0,2618,45,85,11260.5
2083.705,873.5,2238.0,2618,100,82,11260.5
2083.824,873.5,2238.0,2618,100,81,11260.5
2083.943,873.5,2238.0,2618,87,82,11263.1
2084.062,1034.5,2238.0,2618,87,79,11277.3
2084.181,1164.0,2238.0,2618,10,79,11291.9
2084.299,1164.0,2238.0,2618,8,78,11306.1
2084.417,1293.5,2238.0,2618,8,78,11323.0
2084.535,886.8,2238.0,2618,8,81,11329.6
2084.653,886.8,2238.0,2618,91,83,11329.6
2084.772,886.8,2238.0,2618,91,82,11329.6
2084.892,886.8,2238.0,2618,100,82,11329.6
2085.011,886.8,2238.0,2618,100,83,11329.6
2085.131,1047.8,2238.0,2618,42,79,11344.4
2085.249,1047.8,2238.0,2618,42,79,11361.5
2085.368,1177.3,2238.0,2618,9,79,11378.2
2085.487,1306.8,2238.0,2618,7,79,11394.9
2085.606,900.0,2238.0,2618,7,81,11406.3
2085.724,900.0,2238.0,2618,31,81,11406.3
2085.843,900.0,2238.0,2618,100,84,11406.3
2085.963,900.0,2238.0,2618,100,83,11406.3
2086.083,900.0,2238.0,2618,100,83,11406.3
2086.202,931.5,2238.0,2618,91,79,11417.7
2086.321,1061.0,2238.0,2618,8,78,11433.8
2086.44,1190.5,2238.0,2618,8,78,11451.3
2086.558,1320.0,2238.0,2618,8,78,11469.2
2086.677,1320.0,2238.0,2618,8,78,11486.2
2086.795,913.3,2238.0,2618,60,79,11488.1
2086.917,913.3,2238.0,2618,60,85,11488.1
2087.037,913.3,2238.0,2618,100,82,11488.1
2087.156,913.3,2238.0,2618,100,82,11488.1
2087.276,913.3,2238.0,2618,100,82,11488.1
2087.396,1074.3,2238.0,2618,92,79,11505.0
2087.514,1074.3,2238.0,2618,7,79,11524.9
2087.632,1203.8,2238.0,2618,8,79,11544.6
2087.75,1333.3,2238.0,2618,8,78,11559.4
2087.868,1333.3,2238.0,2618,9,78,11576.0
2087.987,926.5,2238.0,2618,59,80,11576.3
2088.106,926.5,2238.0,2618,59,85,11576.3
2088.226,926.5,2238.0,2618,100,82,11576.3
2088.345,926.5,2238.0,2618,100,82,11576.3
2088.464,926.5,2238.0,2618,100,82,11579.4
2088.582,1087.5,2238.0,2618,83,79,11593.9
2088.7,1217.0,2238.0,2618,7,79,11612.9
2088.819,1217.0,2238.0,2618,8,78,11629.6
2088.937,1346.5,2238.0,2618,8,78,11646.3
2089.055,1346.5,2238.0,2618,8,78,11665.1
2089.174,939.8,2238.0,2618,56,80,11665.1
2089.292,939.8,2238.0,2618,56,85,11665.1
2089.412,939.8,2238.0,2618,100,84,11665.1
2089.531,939.8,2238.0,2618,100,83,11665.1
2089.65,971.3,2238.0,2618,79,81,11670.3
2089.77,1230.3,2238.0,2618,79,79,11683.6
2089.889,1359.8,2238.0,2618,16,79,11701.7
2090.014,953.0,2238.0,2618,52,80,11702.6
2090.133,953.0,2238.0,2618,52,85,11702.6
2090.252,953.0,2238.0,2618,100,83,11702.6
2090.372,953.0,2238.0,2618,100,83,11702.6
2090.492,953.0,2238.0,2618,93,82,11703.7
2090.61,1243.5,2238.0,2618,93,79,11717.4
2090.729,1373.0,2238.0,2618,17,79,11737.2
2090.847,966.3,2238.0,2618,43,81,11745.1
2090.967,966.3,2238.0,2618,43,85,11745.1
2091.089,966.3,2238.0,2618,100,83,11745.1
2091.209,966.3,2238.0,2618,100,83,11745.1
2091.329,966.3,2238.0,2618,83,81,11748.5
2091.447,1256.8,2238.0,2618,83,79,11764.6
2091.566,1386.3,2238.0,2618,15,79,11779.3
2091.685,979.5,2238.0,2618,36,80,11786.6
2091.805,979.5,2238.0,2618,36,83,11786.6
2091.925,979.5,2238.0,2618,100,83,11786.6
2092.046,979.5,2238.0,2618,100,83,11786.6
2092.166,979.5,2238.0,2618,91,82,11789.8
2092.284,1140.5,2238.0,2618,91,79,11806.2
2092.403,1270.0,2238.0,2618,13,79,11823.3
2092.521,1399.5,2238.0,2618,11,78,11845.4
2092.639,992.8,2238.0,2618,11,80,11850.5
2092.758,992.8,2238.0,2618,69,85,11850.5
2092.877,992.8,2238.0,2618,100,83,11850.5
2092.997,992.8,2238.0,2618,100,82,11850.5
2093.119,992.8,2238.0,2618,100,83,11850.9
2093.239,1153.8,2238.0,2618,74,80,11868.5
2093.357,1283.3,2238.0,2618,12,79,11882.4
2093.476,1412.8,2238.0,2618,12,79,11902.4
2093.594,1006.0,2238.0,2618,20,80,11903.1
2093.714,1006.0,2238.0,2618,100,86,11903.1
2093.843,1006.0,2238.0,2618,100,83,11903.1
2093.964,1006.0,2238.0,2618,100,84,11903.1
2094.084,1037.5,2238.0,2618,100,80,11917.3
2094.202,1296.5,2238.0,2618,12,79,11941.6
2094.32,1426.0,2238.0,2618,12,79,11959.1
2094.437,1019.3,2238.0,2618,13,80,11967.3
2094.556,1019.3,2238.0,2618,80,83,11967.3
2094.676,1019.3,2238.0,2618,100,83,11967.3
2094.796,1019.3,2238.0,2618,100,82,11967.3
2094.916,1019.3,2238.0,2618,100,83,11967.3
2095.036,1180.3,2238.0,2618,55,79,11975.4
2095.155,1180.3,2238.0,2618,55,79,12000.6
2095.273,1309.8,2238.0,2618,9,79,12020.4
2095.391,1439.3,2238.0,2618,11,79,12037.5
2095.509,1032.5,2238.0,2618,61,80,12040.2
2095.631,1032.5,2238.0,2618,61,85,12040.2
2095.751,1032.5,2238.0,2618,100,83,12040.2
2095.871,1032.5,2238.0,2618,100,83,12040.2
2095.991,1032.5,2238.0,2618,100,82,12040.2
2096.111,1193.5,2238.0,2618,90,79,12055.8
2096.229,1323.0,2238.0,2618,11,79,12074.3
2096.348,1452.5,2238.0,2618,13,79,12100.2
2096.465,1019.3,2238.0,2618,13,82,12111.2
2096.59,1019.3,2238.0,2618,52,83,12110.9
2096.711,1019.3,2238.0,2618,100,83,12110.9
2096.832,1019.3,2238.0,2618,100,83,12110.9
2096.952,1019.3,2238.0,2618,100,84,12110.9
2097.072,1032.4,2238.0,2618,78,80,12131.9
2097.2,1032.4,2238.0,2618,0,79,12220.6
2097.326,1032.4,2238.0,2618,0,79,12257.5
2097.459,1032.4,2238.0,2618,1,79,12276.7
2097.591,1032.4,2238.0,2618,1,79,12209.7
2097.723,1032.4,2238.0,2618,0,79,12241.6
2097.854,1032.4,2238.0,2618,1,79,12272.2
2097.987,1032.4,2238.0,2618,1,79,12316.5
2098.116,1032.4,2238.0,2618,1,79,12424.3
2098.247,1032.4,2238.0,2618,0,79,12455.6
2098.376,1032.4,2238.0,2618,1,79,12486.8
2098.508,1032.4,2238.0,2618,1,79,12483.6
2098.642,1032.4,2238.0,2618,1,79,12392.6
2098.773,1032.4,2238.0,2618,0,79,12413.4
2098.905,1032.4,2238.0,2618,1,79,12530.0
2099.036,1032.4,2238.0,2618,1,79,12567.4
2099.168,1032.4,2238.0,2618,1,79,12582.9
2099.299,1032.4,2238.0,2618,0,79,12548.3
2099.43,1032.4,2238.0,2618,1,78,12520.9
2099.56,1032.4,2238.0,2618,1,79,12520.9
2099.694,1032.4,2238.0,2618,0,78,12619.1
2099.826,1032.4,2238.0,2618,0,78,12674.9
2099.959,1032.4,2238.0,2618,1,78,12716.2
2100.091,1032.4,2238.0,2618,1,78,12621.3
2100.222,1032.4,2238.0,2618,0,78,12659.2
2100.354,1032.4,2238.0,2618,1,78,12676.0
2100.486,1032.4,2238.0,2618,1,78,12735.0
2100.615,1032.4,2238.0,2618,1,78,12828.1
2100.745,1032.4,2238.0,2618,0,78,12859.3
2100.877,1032.4,2238.0,2618,1,78,12860.5
2101.012,1032.4,2238.0,2618,1,78,12761.3
2101.143,1032.4,2238.0,2618,1,78,12792.5
2101.276,1032.4,2238.0,2618,0,78,12818.5
2101.405,1032.4,2238.0,2618,1,78,12934.0
2101.536,1032.4,2238.0,2618,1,78,12971.2
2101.666,1032.4,2238.0,2618,1,78,13007.2
2101.796,1032.4,2238.0,2618,0,78,13038.4
2101.927,1032.4,2238.0,2618,1,78,13069.7
2102.059,1032.4,2238.0,2618,1,78,13068.2
2102.192,1032.4,2238.0,2618,0,77,13022.8
2102.36,1032.4,2238.0,2618,1,77,13048.5
2102.503,1032.4,2238.0,2618,1,78,13087.1
2102.675,1032.4,2238.0,2618,1,78,13077.6
2102.809,1032.4,2238.0,2618,0,78,13108.8
2102.941,1032.4,2238.0,2618,1,77,13140.1
2103.073,1032.4,2238.0,2618,1,78,13161.1
2103.203,1032.4,2238.0,2618,0,78,13279.1
2103.335,1032.4,2238.0,2618,0,77,13313.6
2103.467,1032.4,2238.0,2618,1,77,13356.6
2103.596,1032.4,2238.0,2618,1,77,13387.5
2103.732,1032.4,2238.0,2618,0,77,13268.7
2103.881,1032.4,2238.0,2618,1,77,13226.2
2104.017,1032.4,2238.0,2618,1,77,13281.8
2104.147,1032.4,2238.0,2618,1,77,13378.3
2104.278,1032.4,2238.0,2618,0,77,13409.6
2104.408,1032.4,2238.0,2618,1,77,13440.8
2104.54,1032.4,2238.0,2618,1,77,13428.2
2104.671,1032.4,2238.0,2618,1,77,13423.4
2104.801,1032.4,2238.0,2618,0,77,13423.4
2104.934,1032.4,2238.0,2618,1,77,13497.0
2105.065,1032.4,2238.0,2618,1,77,13534.6
2105.195,1032.4,2238.0,2618,0,77,13533.9
2105.329,1032.4,2238.0,2618,0,77,13628.7
2105.459,1032.4,2238.0,2618,2,77,13858.3
2105.698,1032.4,2238.0,2618,0,77,13758.1
2105.844,1032.5,2238.0,2618,1,77,13841.5
2105.994,1032.5,2238.0,2618,1,77,13770.2
2106.144,1032.5,2238.0,2618,1,77,13845.8
2106.288,1032.5,2238.0,2618,0,77,13837.2
2106.477,1032.5,2238.0,2618,1,77,12710.9
2106.607,1032.5,2238.0,2618,1,77,12716.3
2106.738,1032.5,2238.0,2618,0,77,12716.3
2106.87,1032.5,2238.0,2618,2,77,12716.3
2107.003,1032.5,2238.0,2618,2,77,12716.3
2107.135,1032.5,2238.0,2618,1,77,12716.3
2107.266,1032.5,2238.0,2618,0,77,12716.3
2107.398,1032.5,2238.0,2618,1,77,12716.3
2107.53,1032.5,2238.0,2618,1,77,12716.3
2107.661,1032.5,2238.0,2618,1,77,12716.3
2107.793,1032.5,2238.0,2618,0,77,12716.3
2107.924,1032.5,2238.0,2618,1,77,12716.3
2108.055,1032.5,2238.0,2618,1,77,12716.3
2108.187,1032.5,2238.0,2618,1,77,12716.3
2108.319,1032.5,2238.0,2618,0,77,12716.3
2108.452,1032.5,2238.0,2618,1,77,12716.3
2108.584,1032.5,2238.0,2618,2,77,12716.3
2108.718,1032.5,2238.0,2618,2,77,12716.3
2108.85,1032.5,2238.0,2618,2,77,12716.3
2108.982,1032.5,2238.0,2618,1,77,12716.3
2109.114,1032.5,2238.0,2618,4,77,12716.3
2109.245,1032.5,2238.0,2618,0,77,12716.3
2109.376,1032.5,2238.0,2618,1,77,12716.3
2109.508,1032.5,2238.0,2618,1,77,12716.3
2109.639,1032.5,2238.0,2618,3,77,12716.3
2109.771,1032.5,2238.0,2618,0,77,12716.3
2109.903,1032.5,2238.0,2618,1,77,12716.3
2110.035,1032.5,2238.0,2618,1,77,12716.3
2110.166,1032.5,2238.0,2618,1,77,12716.3
2110.298,1032.5,2238.0,2618,0,77,12716.3
2110.43,1032.5,2238.0,2618,1,77,12716.3
2110.561,1032.5,2238.0,2618,1,77,12716.3
2110.692,1032.5,2238.0,2618,1,77,12716.3
2110.823,1032.5,2238.0,2618,0,77,12716.3
2110.954,1032.5,2238.0,2618,1,77,12716.3
2111.086,1032.5,2238.0,2618,2,77,12716.3
2111.219,1032.5,2238.0,2618,0,77,12576.1
2111.349,1101.6,2238.0,2618,0,77,12167.3
2111.467,1360.6,2238.0,2618,12,77,12182.4
2111.586,1490.1,2238.0,2618,17,77,12211.9
2111.703,1070.3,2278.0,2658,17,78,12221.8
2111.824,1070.3,2278.0,2658,70,80,12221.8
2111.946,1070.3,2278.0,2658,100,82,12221.8
2112.067,1070.3,2278.0,2658,100,83,12221.8
2112.189,1070.3,2278.0,2658,100,83,12221.8
2112.31,1070.3,2278.0,2658,100,83,12221.8
2112.43,1070.3,2278.0,2658,100,84,12221.8
2112.552,1070.3,2278.0,2658,100,83,12221.8
2112.672,1070.3,2278.0,2658,100,80,12221.8
2112.793,1070.3,2278.0,2658,100,79,12221.8
2112.914,1231.3,2278.0,2658,63,79,12235.8
2113.032,1360.8,2278.0,2658,63,79,12258.7
2113.15,1490.3,2278.0,2658,12,79,12279.3
2113.268,1057.2,2298.0,2678,30,80,12286.1
2113.388,1057.2,2298.0,2678,30,85,12286.1
2113.51,1057.2,2298.0,2678,100,82,12286.1
2113.631,1057.2,2298.0,2678,100,82,12286.1
2113.753,1057.2,2298.0,2678,100,83,12286.1
2113.875,1057.2,2298.0,2678,100,83,12286.1
2113.995,1057.2,2298.0,2678,100,84,12286.1
2114.116,1057.2,2298.0,2678,100,82,12286.1
2114.237,1057.2,2298.0,2678,100,80,12286.1
2114.359,1057.2,2298.0,2678,100,80,12286.1
2114.479,1218.2,2298.0,2678,85,79,12305.4
2114.598,1347.7,2298.0,2678,15,79,12327.0
2114.716,1974.0,2298.0,2678,15,80,12343.1
2114.834,1044.1,2298.0,2678,37,80,12343.1
2114.954,1044.1,2298.0,2678,100,85,12343.1
2115.076,1044.1,2298.0,2678,100,82,12343.1
2115.198,1044.1,2298.0,2678,100,83,12343.1
2115.319,1044.1,2298.0,2678,100,85,12343.1
2115.442,1044.1,2298.0,2678,100,84,12343.1
2115.562,1044.1,2298.0,2678,100,85,12343.1
2115.683,1044.1,2298.0,2678,100,81,12343.1
2115.804,1044.1,2298.0,2678,100,80,12343.1
2115.925,1044.1,2298.0,2678,83,81,12349.4
2116.044,1205.2,2298.0,2678,83,79,12366.3
2116.162,1464.2,2298.0,2678,16,79,12385.2
2116.28,1031.1,2298.0,2678,47,81,12389.9
2116.401,1031.1,2298.0,2678,47,85,12389.9
2116.524,1031.1,2298.0,2678,100,83,12389.9
2116.645,1031.1,2298.0,2678,100,83,12389.9
2116.766,1031.1,2298.0,2678,100,83,12389.9
2116.887,1031.1,2298.0,2678,100,84,12389.9
2117.009,1031.1,2298.0,2678,100,84,12389.9
2117.13,1031.1,2298.0,2678,100,81,12389.9
2117.251,1031.1,2298.0,2678,100,80,12389.9
2117.374,1031.1,2298.0,2678,100,83,12390.0
2117.494,1192.1,2298.0,2678,77,79,12407.2
2117.613,1321.6,2298.0,2678,15,79,12425.6
2117.731,1528.4,2298.0,2678,15,82,12444.7
2117.85,1018.0,2298.0,2678,37,82,12444.7
2117.97,1018.0,2298.0,2678,100,84,12444.7
2118.094,1018.0,2298.0,2678,100,83,12444.7
2118.217,1018.0,2298.0,2678,100,84,12444.7
2118.338,1018.0,2298.0,2678,100,85,12444.7
2118.459,1018.0,2298.0,2678,100,85,12444.7
2118.581,1018.0,2298.0,2678,100,85,12444.7
2118.702,1018.0,2298.0,2678,100,81,12444.7
2118.823,1018.0,2298.0,2678,100,80,12444.7
2118.945,1049.5,2298.0,2678,86,81,12449.0
2119.064,1308.5,2298.0,2678,86,79,12465.3
2119.182,1438.0,2298.0,2678,17,79,12483.5
2119.301,1005.0,2298.0,2678,55,80,12483.6
2119.422,1005.0,2298.0,2678,55,85,12483.6
2119.543,1005.0,2298.0,2678,100,83,12483.6
2119.663,1005.0,2298.0,2678,100,83,12483.6
2119.784,1005.0,2298.0,2678,100,84,12483.6
2119.904,1005.0,2298.0,2678,100,84,12483.6
2120.025,1005.0,2298.0,2678,100,84,12483.6
2120.147,1005.0,2298.0,2678,100,82,12483.6
2120.268,1005.0,2298.0,2678,100,80,12483.6
2120.389,1005.0,2298.0,2678,100,82,12483.6
2120.51,1295.5,2298.0,2678,78,80,12497.4
2120.628,1425.0,2298.0,2678,20,79,12517.8
2120.746,991.9,2298.0,2678,20,81,12517.9
2120.867,991.9,2298.0,2678,84,85,12517.9
2120.987,991.9,2298.0,2678,100,83,12517.9
2121.108,991.9,2298.0,2678,100,83,12517.9
2121.231,991.9,2298.0,2678,100,84,12517.9
2121.352,991.9,2298.0,2678,100,83,12517.9
2121.474,991.9,2298.0,2678,100,84,12517.9
2121.595,991.9,2298.0,2678,100,82,12517.9
2121.716,991.9,2298.0,2678,100,80,12517.9
2121.837,991.9,2298.0,2678,100,82,12517.9
2121.958,1152.9,2298.0,2678,53,80,12527.1
2122.076,1411.9,2298.0,2678,53,79,12540.8
2122.194,978.9,2298.0,2678,21,81,12547.2
2122.314,978.9,2298.0,2678,100,86,12547.2
2122.435,978.9,2298.0,2678,100,83,12547.2
2122.555,978.9,2298.0,2678,100,84,12547.2
2122.676,978.9,2298.0,2678,100,84,12547.2
2122.797,978.9,2298.0,2678,100,84,12547.2
2122.918,978.9,2298.0,2678,100,85,12547.2
2123.039,978.9,2298.0,2678,100,82,12547.2
2123.161,978.9,2298.0,2678,100,81,12547.2
2123.282,978.9,2298.0,2678,100,82,12547.2
2123.403,1139.9,2298.0,2678,100,80,12562.2
2123.521,1269.4,2298.0,2678,15,79,12581.3
2123.64,1269.4,2298.0,2678,9,79,12599.3
2123.757,1398.9,2298.0,2678,9,79,12618.8
2123.875,965.8,2298.0,2678,15,80,12621.2
2123.997,965.8,2298.0,2678,100,86,12621.2
2124.119,965.8,2298.0,2678,100,83,12621.2
2124.24,965.8,2298.0,2678,100,85,12621.2
2124.361,965.8,2298.0,2678,100,85,12621.2
2124.488,965.8,2298.0,2678,100,85,12621.2
2124.609,965.8,2298.0,2678,100,85,12621.2
2124.73,965.8,2298.0,2678,100,82,12621.2
2124.852,965.8,2298.0,2678,100,81,12621.2
2124.973,965.8,2298.0,2678,98,84,12623.9
2125.092,1126.8,2298.0,2678,98,80,12643.1
2125.21,1256.3,2298.0,2678,10,79,12664.3
2125.329,1385.8,2298.0,2678,11,79,12680.0
2125.447,1385.8,2298.0,2678,11,79,12695.4
2125.566,952.8,2298.0,2678,18,80,12695.4
2125.685,952.8,2298.0,2678,100,86,12695.4
2125.806,952.8,2298.0,2678,100,83,12695.4
2125.926,952.8,2298.0,2678,100,84,12695.4
2126.046,952.8,2298.0,2678,100,85,12695.4
2126.167,952.8,2298.0,2678,100,84,12695.4
2126.287,952.8,2298.0,2678,100,84,12695.4
2126.408,952.8,2298.0,2678,100,82,12695.4
2126.528,952.8,2298.0,2678,100,81,12695.4
2126.65,952.8,2298.0,2678,100,84,12696.9
2126.768,1113.8,2298.0,2678,100,80,12713.2
2126.886,1243.3,2298.0,2678,10,80,12731.6
2127.004,1372.8,2298.0,2678,9,80,12750.4
2127.123,1372.8,2298.0,2678,9,79,12767.7
2127.24,939.7,2298.0,2678,22,81,12767.7
2127.361,939.7,2298.0,2678,100,85,12767.7
2127.481,939.7,2298.0,2678,100,84,12767.7
2127.601,939.7,2298.0,2678,100,85,12767.7
2127.721,939.7,2298.0,2678,100,85,12767.7
2127.842,939.7,2298.0,2678,100,85,12767.7
2127.962,939.7,2298.0,2678,100,85,12767.7
2128.083,939.7,2298.0,2678,100,81,12767.7
2128.203,939.7,2298.0,2678,100,81,12767.7
2128.323,939.7,2298.0,2678,88,82,12773.2
2128.442,1100.7,2298.0,2678,88,80,12790.7
2128.561,1230.2,2298.0,2678,11,80,12809.3
2128.679,1359.7,2298.0,2678,10,79,12827.6
2128.797,926.7,2298.0,2678,10,82,12837.1
2128.917,926.7,2298.0,2678,46,84,12837.1
2129.036,926.7,2298.0,2678,100,84,12837.1
2129.158,926.7,2298.0,2678,100,83,12837.1
2129.278,926.7,2298.0,2678,100,84,12837.1
2129.398,926.7,2298.0,2678,100,85,12837.1
2129.518,926.7,2298.0,2678,100,85,12837.1
2129.639,926.7,2298.0,2678,100,85,12837.1
2129.759,926.7,2298.0,2678,100,81,12837.1
2129.88,926.7,2298.0,2678,100,81,12837.1
2130.0,1087.7,2298.0,2678,75,81,12802.4
2130.121,1087.7,2298.0,2678,75,80,12819.4
2130.24,1217.2,2298.0,2678,9,80,12834.7
2130.358,1346.7,2298.0,2678,11,79,12851.4
2130.477,913.6,2298.0,2678,11,81,12855.1
2130.597,913.6,2298.0,2678,68,86,12854.0
2130.717,913.6,2298.0,2678,100,83,12854.0
2130.836,913.6,2298.0,2678,100,83,12854.0
2130.956,913.6,2298.0,2678,100,83,12854.0
2131.077,913.6,2298.0,2678,100,84,12854.0
2131.198,913.6,2298.0,2678,100,84,12854.0
2131.322,913.6,2298.0,2678,100,85,12854.0
2131.445,913.6,2298.0,2678,100,81,12854.0
2131.565,913.6,2298.0,2678,100,80,12854.0
2131.686,1074.6,2298.0,2678,65,81,12868.4
2131.804,1074.6,2298.0,2678,65,80,12888.9
2131.923,1204.1,2298.0,2678,10,80,12914.9
2132.041,1333.6,2298.0,2678,10,79,12940.7
2132.159,900.6,2298.0,2678,10,82,12949.7
2132.279,900.6,2298.0,2678,50,84,12949.7
2132.399,900.6,2298.0,2678,100,83,12949.7
2132.518,900.6,2298.0,2678,100,82,12949.7
2132.639,900.6,2298.0,2678,100,84,12949.7
2132.758,900.6,2298.0,2678,100,84,12949.7
2132.879,900.6,2298.0,2678,100,84,12949.7
2133.0,900.6,2298.0,2678,100,85,12949.7
2133.12,900.6,2298.0,2678,100,81,12949.7
2133.241,900.6,2298.0,2678,100,81,12949.7
2133.362,932.1,2298.0,2678,74,81,12960.9
2133.479,1061.6,2298.0,2678,74,80,12983.5
2133.598,1191.1,2298.0,2678,10,80,13007.0
2133.72,1320.6,2298.0,2678,11,79,13027.6
2133.838,887.5,2298.0,2678,64,81,13032.4
2133.96,887.5,2298.0,2678,64,86,13032.4
2134.08,887.5,2298.0,2678,100,83,13032.4
2134.199,887.5,2298.0,2678,100,83,13032.4
2134.32,887.5,2298.0,2678,100,83,13032.4
2134.44,887.5,2298.0,2678,100,85,13032.4
2134.56,887.5,2298.0,2678,100,85,13032.4
2134.68,887.5,2298.0,2678,100,83,13032.4
2134.803,887.5,2298.0,2678,100,81,13032.4
2134.924,887.5,2298.0,2678,100,80,13032.4
2135.044,919.0,2298.0,2678,76,81,13046.0
2135.162,1048.5,2298.0,2678,76,80,13071.9
2135.28,1178.0,2298.0,2678,8,80,13097.1
2135.397,1307.5,2298.0,2678,9,79,13121.3
2135.516,1307.5,2298.0,2678,9,79,13145.2
2135.633,874.5,2298.0,2678,9,81,13145.6
2135.753,874.5,2298.0,2678,99,86,13145.6
2135.877,874.5,2298.0,2678,100,83,13145.6
2135.997,874.5,2298.0,2678,100,84,13145.6
2136.116,874.5,2298.0,2678,100,85,13145.6
2136.236,874.5,2298.0,2678,100,84,13145.6
2136.356,874.5,2298.0,2678,100,84,13145.6
2136.477,874.5,2298.0,2678,100,85,13145.6
2136.597,874.5,2298.0,2678,100,81,13145.6
2136.716,874.5,2298.0,2678,100,81,13145.6
2136.836,1035.5,2298.0,2678,100,81,13171.1
2136.955,1035.5,2298.0,2678,29,80,13198.5
2137.072,1165.0,2298.0,2678,9,80,13223.5
2137.19,1294.5,2298.0,2678,9,80,13248.9
2137.308,1294.5,2298.0,2678,8,79,13273.5
2137.426,861.4,2298.0,2678,42,81,13274.1
2137.545,861.4,2298.0,2678,100,86,13274.1
2137.665,861.4,2298.0,2678,100,83,13274.1
2137.785,861.4,2298.0,2678,100,84,13274.1
2137.905,861.4,2298.0,2678,100,85,13274.1
2138.025,861.4,2298.0,2678,100,84,13274.1
2138.149,861.4,2298.0,2678,100,86,13274.1
2138.269,861.4,2298.0,2678,100,83,13274.1
2138.389,861.4,2298.0,2678,100,80,13274.1
2138.509,861.4,2298.0,2678,100,82,13274.1
2138.628,1022.4,2298.0,2678,88,80,13299.3
2138.746,1151.9,2298.0,2678,9,80,13324.6
2138.864,1151.9,2298.0,2678,9,80,13352.0
2138.982,848.3,2298.0,2678,9,83,13363.1
2139.101,848.3,2298.0,2678,69,83,13363.1
2139.221,848.3,2298.0,2678,100,84,13363.1
2139.349,848.3,2298.0,2678,100,83,13363.1
2139.469,848.3,2298.0,2678,100,84,13363.1
2139.589,848.3,2298.0,2678,100,85,13363.1
2139.711,848.3,2298.0,2678,100,85,13363.1
2139.831,848.3,2298.0,2678,100,85,13363.1
2139.951,848.3,2298.0,2678,100,82,13363.1
2140.07,848.3,2298.0,2678,100,81,13363.1
2140.191,879.9,2298.0,2678,100,82,13372.8
2140.308,1138.9,2298.0,2678,61,80,13390.1
2140.426,1268.4,2298.0,2678,17,80,13406.5
2140.549,835.3,2298.0,2678,69,81,13397.6
2140.672,835.3,2298.0,2678,69,86,13390.1
2140.797,835.3,2298.0,2678,100,83,13382.7
2140.919,835.3,2298.0,2678,100,84,13375.2
2141.042,835.3,2298.0,2678,100,85,13367.6
2141.165,835.3,2298.0,2678,100,85,13358.2
2141.289,835.3,2298.0,2678,100,85,13343.7
2141.412,835.3,2298.0,2678,100,82,13328.5
2141.536,835.3,2298.0,2678,100,81,13313.7
2141.659,835.3,2298.0,2678,100,84,13306.1
2141.782,1255.3,2298.0,2678,59,80,13314.6
2141.904,822.2,2298.0,2678,59,82,13310.0
2142.026,822.2,2298.0,2678,59,87,13300.7
2142.165,822.2,2298.0,2678,100,84,13292.7
2142.288,822.2,2298.0,2678,100,84,13284.6
2142.409,822.2,2298.0,2678,100,86,13276.5
2142.531,822.2,2298.0,2678,100,85,13268.5
2142.654,822.2,2298.0,2678,100,86,13260.4
2142.776,822.2,2298.0,2678,100,83,13252.4
2142.898,822.2,2298.0,2678,100,81,13244.3
2143.02,822.2,2298.0,2678,100,82,13236.0
2143.142,983.2,2298.0,2678,85,81,13250.7
2143.266,809.2,2298.0,2678,23,83,13252.4
2143.388,809.2,2298.0,2678,23,84,13244.0
2143.51,809.2,2298.0,2678,100,85,13235.9
2143.633,809.2,2298.0,2678,100,85,13227.9
2143.755,809.2,2298.0,2678,100,84,13220.1
2143.878,809.2,2298.0,2678,100,85,13212.5
2144.0,809.2,2298.0,2678,100,85,13204.8
2144.122,809.2,2298.0,2678,100,85,13189.6
2144.246,809.2,2298.0,2678,100,82,13174.4
2144.37,809.2,2298.0,2678,100,82,13158.8
2144.494,840.7,2298.0,2678,100,82,13172.6
2144.618,1099.7,2298.0,2678,21,81,13210.8
2144.74,1229.2,2298.0,2678,12,80,13251.3
2144.862,796.1,2298.0,2678,12,81,13282.2
2144.984,796.1,2298.0,2678,47,82,13273.7
2145.106,796.1,2298.0,2678,100,84,13265.7
2145.228,796.1,2298.0,2678,100,84,13257.5
2145.35,796.1,2298.0,2678,100,84,13249.2
2145.473,796.1,2298.0,2678,100,87,13240.6
2145.601,796.1,2298.0,2678,100,86,13232.6
2145.723,796.1,2298.0,2678,100,86,13224.7
2145.848,796.1,2298.0,2678,100,82,13216.7
2145.972,796.1,2298.0,2678,100,81,13208.6
2146.095,796.1,2298.0,2678,86,82,13216.8
2146.217,957.1,2298.0,2678,86,81,13258.4
2146.34,1086.6,2298.0,2678,8,81,13303.7
2146.463,1216.1,2298.0,2678,9,80,13349.0
2146.586,1216.1,2298.0,2678,9,80,13389.9
2146.711,783.1,2298.0,2678,9,82,13381.4
2146.833,783.1,2298.0,2678,100,85,13372.9
2146.97,783.1,2298.0,2678,100,85,13365.2
2147.093,783.1,2298.0,2678,100,85,13357.5
2147.217,783.1,2298.0,2678,100,86,13346.5
2147.342,783.1,2298.0,2678,100,86,13331.1
2147.467,783.1,2298.0,2678,100,86,13315.8
2147.594,783.1,2298.0,2678,100,82,13300.6
2147.719,783.1,2298.0,2678,100,82,13291.9
2147.843,814.6,2298.0,2678,100,82,13323.1
2147.967,944.1,2298.0,2678,11,81,13368.8
2148.09,1073.6,2298.0,2678,2,80,13377.1
2148.433,1073.6,2298.0,2678,2,80,13347.5
2148.822,1203.1,2298.0,2678,3,80,13252.4
2149.394,770.0,2298.0,2678,73,84,13242.1
2149.587,770.0,2298.0,2678,100,84,13232.6
2149.717,770.0,2298.0,2678,100,83,13223.6
2149.845,770.0,2298.0,2678,100,84,13214.7
2149.973,770.0,2298.0,2678,100,84,13205.6
2150.103,770.0,2298.0,2678,100,85,13197.1
2150.228,770.0,2298.0,2678,100,84,13188.7
2150.351,770.0,2298.0,2678,100,82,13180.3
2150.474,770.0,2298.0,2678,100,83,13171.8
2150.599,931.0,2298.0,2678,44,81,13193.3
2150.745,931.0,2298.0,2678,2,80,13100.3
2151.308,1060.5,2298.0,2678,1,80,13066.0
2151.713,1190.0,2298.0,2678,2,80,12969.9
2152.336,1190.0,2298.0,2678,2,80,12932.0
2152.762,757.0,2298.0,2678,69,82,12921.8
2152.921,757.0,2298.0,2678,69,84,12912.9
2153.048,757.0,2298.0,2678,100,84,12904.5
2153.172,757.0,2298.0,2678,100,85,12896.1
2153.296,757.0,2298.0,2678,100,85,12887.7
2153.42,757.0,2298.0,2678,100,86,12879.3
2153.543,757.0,2298.0,2678,100,86,12871.1
2153.666,757.0,2298.0,2678,100,82,12862.6
2153.792,757.0,2298.0,2678,100,81,12854.7
2153.915,788.5,2298.0,2678,100,82,12876.5
2154.038,918.0,2298.0,2678,1,80,12793.8
2154.597,918.0,2298.0,2678,2,80,12758.5
2155.004,1047.5,2298.0,2678,2,80,12663.3
2155.581,1047.5,2298.0,2678,2,80,12628.2
2156.044,1047.5,2298.0,2678,3,80,12604.0
2156.389,1177.0,2298.0,2678,2,79,12506.7
2157.037,1177.0,2298.0,2678,20,80,12472.8
2157.457,743.9,2298.0,2678,100,81,12464.5
2157.587,743.9,2298.0,2678,100,83,12456.4
2157.716,743.9,2298.0,2678,100,85,12448.3
2157.845,743.9,2298.0,2678,100,85,12440.7
2157.97,743.9,2298.0,2678,100,84,12433.0
2158.095,743.9,2298.0,2678,100,85,12425.7
2158.22,743.9,2298.0,2678,100,83,12415.9
2158.346,743.9,2298.0,2678,100,82,12401.8
2158.473,743.9,2298.0,2678,100,84,12391.2
2158.598,775.4,2298.0,2678,2,80,12389.0
2159.023,904.9,2298.0,2678,2,80,12330.3
2159.568,904.9,2298.0,2678,0,80,12275.0
2160.135,1034.4,2298.0,2678,1,80,12226.3
2160.649,1034.4,2298.0,2678,1,80,12183.7
2161.106,1034.4,2298.0,2678,2,80,12159.2
2161.49,1163.9,2298.0,2678,2,80,12144.8
2161.859,1163.9,2298.0,2678,1,80,12116.5
2162.323,1830.9,2298.0,2678,7,83,12054.1
2162.451,730.9,2298.0,2678,7,83,11702.1
2162.574,730.9,2298.0,2678,100,84,11574.3
2162.698,730.9,2298.0,2678,100,84,11574.3
2162.819,730.9,2298.0,2678,100,85,11574.3
2162.94,730.9,2298.0,2678,100,85,11574.3
2163.064,730.9,2298.0,2678,100,86,11520.9
2163.187,730.9,2298.0,2678,100,85,11517.1
2163.307,730.9,2298.0,2678,100,81,11517.1
2163.429,730.9,2298.0,2678,100,81,11517.2
2163.549,734.4,2298.0,2678,100,82,11420.9
2163.673,891.9,2298.0,2678,11,80,11156.7
2163.796,891.9,2298.0,2678,11,80,11024.5
2163.915,1021.4,2298.0,2678,6,80,10940.8
2164.037,1021.4,2298.0,2678,6,80,10723.9
2164.159,1150.9,2298.0,2678,7,80,10790.1
2164.278,1824.5,2298.0,2678,7,83,10828.0
2164.397,699.9,2298.0,2678,38,83,10828.0
2164.517,699.9,2298.0,2678,100,85,10828.0
2164.638,699.9,2298.0,2678,100,84,10828.0
2164.758,699.9,2298.0,2678,100,85,10795.9
2164.879,699.9,2298.0,2678,100,85,10731.2
2165.002,699.9,2298.0,2678,100,85,10731.2
2165.123,699.9,2298.0,2678,100,86,10731.2
2165.244,699.9,2298.0,2678,100,82,10731.2
2165.364,699.9,2298.0,2678,100,81,10731.2
2165.485,679.6,2298.0,2678,79,82,10731.4
2165.606,646.7,2298.0,2678,79,80,10735.6
2165.724,1095.0,2298.0,2678,0,80,10813.0
2165.844,682.0,2298.0,2678,93,86,10813.0
2165.964,682.0,2298.0,2678,93,84,10813.0
2166.084,972.5,2298.0,2678,92,81,10826.8
2166.202,689.1,2298.0,2678,40,81,10851.6
2166.322,689.1,2298.0,2678,40,86,10851.6
2166.442,689.1,2298.0,2678,100,82,10864.3
2166.56,850.1,2298.0,2678,47,81,10896.1
2166.678,850.1,2298.0,2678,6,80,10931.3
2166.801,979.6,2298.0,2678,6,80,10960.8
2166.919,1109.1,2298.0,2678,8,80,10989.7
2167.038,696.1,2298.0,2678,38,82,10992.9
2167.158,696.1,2298.0,2678,100,85,10992.9
2167.28,727.6,2298.0,2678,100,81,11004.3
2167.398,857.1,2298.0,2678,35,80,11026.9
2167.517,986.6,2298.0,2678,9,79,11052.0
2167.635,1116.1,2298.0,2678,9,79,11075.9
2167.754,1116.1,2298.0,2678,9,79,11104.6
2167.872,703.2,2298.0,2678,41,82,11108.8
2167.994,703.2,2298.0,2678,41,83,11108.8
2168.115,710.2,2298.0,2678,100,81,11124.7
2168.234,864.2,2298.0,2678,32,80,11150.3
2168.352,864.2,2298.0,2678,8,80,11175.5
2168.471,993.7,2298.0,2678,8,79,11201.3
2168.59,1123.2,2298.0,2678,9,79,11224.1
2168.709,710.2,2298.0,2678,18,80,11235.2
2168.829,710.2,2298.0,2678,18,85,11235.2
2168.951,710.2,2298.0,2678,100,82,11242.2
2169.07,871.2,2298.0,2678,52,80,11271.2
2169.189,871.2,2298.0,2678,6,80,11300.0
2169.308,1000.7,2298.0,2678,6,80,11328.5
2169.427,1130.2,2298.0,2678,9,80,11356.7
2169.545,1166.1,2298.0,2678,9,80,11377.2
2169.663,717.2,2298.0,2678,9,85,11377.2
2169.782,717.2,2298.0,2678,87,84,11377.2
2169.902,878.3,2298.0,2678,71,80,11400.9
2170.02,1007.8,2298.0,2678,11,80,11425.0
2170.138,1007.8,2298.0,2678,11,80,11453.1
2170.256,1137.3,2298.0,2678,10,79,11477.3
2170.374,724.3,2298.0,2678,50,83,11478.6
2170.494,724.3,2298.0,2678,50,84,11478.6
2170.615,1014.8,2298.0,2678,100,81,11485.4
2170.734,731.3,2298.0,2678,37,81,11491.2
2170.855,731.3,2298.0,2678,100,83,11491.2
2170.976,731.3,2298.0,2678,100,84,11494.5
2171.097,1151.3,2298.0,2678,71,80,11507.5
2171.216,738.4,2298.0,2678,56,82,11509.0
2171.336,738.4,2298.0,2678,56,86,11509.0
2171.457,899.4,2298.0,2678,100,81,11521.9
2171.575,1028.9,2298.0,2678,27,80,11538.1
2171.693,745.4,2298.0,2678,29,81,11550.7
2171.813,745.4,2298.0,2678,29,84,11550.7
2171.933,745.4,2298.0,2678,100,84,11551.2
2172.052,906.4,2298.0,2678,50,80,11576.0
2172.17,1035.9,2298.0,2678,50,80,11599.5
2172.289,1035.9,2298.0,2678,9,80,11623.6
2172.407,752.5,2298.0,2678,20,81,11631.1
2172.525,752.5,2298.0,2678,100,86,11631.1
2172.648,752.5,2298.0,2678,100,82,11639.7
2172.766,913.5,2298.0,2678,51,80,11664.0
2172.884,1043.0,2298.0,2678,8,80,11685.3
2173.002,1043.0,2298.0,2678,8,80,11709.6
2173.121,1172.5,2298.0,2678,9,79,11731.0
2173.238,759.5,2298.0,2678,21,81,11738.6
2173.358,759.5,2298.0,2678,100,86,11738.6
2173.477,763.0,2298.0,2678,100,81,11745.6
2173.595,920.5,2298.0,2678,47,80,11766.1
2173.713,1050.0,2298.0,2678,8,80,11786.9
2173.831,1050.0,2298.0,2678,8,80,11806.2
2173.949,1179.5,2298.0,2678,9,80,11827.4
2174.067,766.6,2298.0,2678,26,81,11834.8
2174.186,766.6,2298.0,2678,26,86,11834.8
2174.305,773.6,2298.0,2678,100,82,11842.4
2174.424,927.6,2298.0,2678,42,80,11861.7
2174.542,1057.1,2298.0,2678,12,79,11878.0
2174.66,1186.6,2298.0,2678,12,79,11894.9
2174.778,773.6,2298.0,2678,12,80,11900.6
2174.897,773.6,2298.0,2678,100,85,11900.6
2175.02,805.1,2298.0,2678,100,81,11910.8
2175.138,934.6,2298.0,2678,59,80,11929.1
2175.256,1064.1,2298.0,2678,9,80,11948.9
2175.374,1193.6,2298.0,2678,10,80,11970.3
2175.493,780.6,2298.0,2678,10,81,11980.2
2175.613,780.6,2298.0,2678,57,86,11980.2
2175.732,780.6,2298.0,2678,100,82,11983.6
2175.852,941.7,2298.0,2678,100,80,11998.9
2175.97,1071.2,2298.0,2678,13,79,12013.8
2176.089,1200.7,2298.0,2678,10,79,12030.1
2176.207,787.7,2298.0,2678,38,80,12037.3
2176.326,787.7,2298.0,2678,38,84,12037.3
2176.446,787.7,2298.0,2678,100,82,12041.7
2176.565,948.7,2298.0,2678,34,80,12058.1
2176.683,1078.2,2298.0,2678,34,79,12074.8
2176.802,1207.7,2298.0,2678,9,79,12090.9
2176.92,794.7,2298.0,2678,11,80,12099.6
2177.039,794.7,2298.0,2678,98,83,12099.6
2177.159,794.7,2298.0,2678,98,82,12103.4
2177.278,955.7,2298.0,2678,64,80,12119.3
2177.396,1085.2,2298.0,2678,11,80,12136.1
2177.514,1214.7,2298.0,2678,11,80,12153.8
2177.633,1214.7,2298.0,2678,10,79,12167.4
2177.751,801.8,2298.0,2678,56,84,12167.4
2177.871,801.8,2298.0,2678,56,84,12167.4
2177.99,962.8,2298.0,2678,100,80,12182.6
2178.109,962.8,2298.0,2678,12,79,12202.3
2178.227,1092.3,2298.0,2678,8,79,12216.7
2178.345,1221.8,2298.0,2678,8,79,12230.7
2178.464,808.8,2298.0,2678,11,80,12236.5
2178.583,808.8,2298.0,2678,94,84,12236.5
2178.702,812.3,2298.0,2678,94,82,12242.7
2178.819,969.8,2298.0,2678,67,80,12256.8
2178.94,1099.3,2298.0,2678,10,80,12276.7
2179.06,1228.8,2298.0,2678,11,79,12295.4
2179.181,815.9,2298.0,2678,11,81,12298.2
2179.303,815.9,2298.0,2678,71,85,12188.4
2179.426,976.9,2298.0,2678,88,81,12157.7
2179.545,1235.9,2298.0,2678,88,80,12171.6
2179.664,822.9,2298.0,2678,18,81,12179.1
2179.784,822.9,2298.0,2678,68,85,12179.1
2179.904,822.9,2298.0,2678,92,83,12180.9
2180.022,1113.4,2298.0,2678,92,80,12202.8
2180.141,1242.9,2298.0,2678,18,79,12215.8
2180.259,830.0,2298.0,2678,42,82,12218.6
2180.379,830.0,2298.0,2678,42,85,12218.6
2180.498,991.0,2298.0,2678,100,81,12224.4
2180.617,1120.5,2298.0,2678,33,79,12238.3
2180.736,1250.0,2298.0,2678,13,79,12250.8
2180.855,837.0,2298.0,2678,13,81,12251.5
2180.975,837.0,2298.0,2678,92,84,12251.5
2181.096,998.0,2298.0,2678,77,81,12262.1
2181.215,1127.5,2298.0,2678,77,80,12274.2
2181.333,1257.0,2298.0,2678,13,80,12290.7
2181.451,844.0,2298.0,2678,39,84,12291.7
2181.57,844.0,2298.0,2678,100,85,12291.7
2181.691,1005.1,2298.0,2678,100,81,12303.0
2181.81,1134.6,2298.0,2678,31,79,12316.2
2181.928,1275.9,2298.0,2678,16,80,12328.6
2182.047,851.1,2298.0,2678,16,83,12293.8
2182.169,851.1,2298.0,2678,91,85,12214.0
2182.305,1012.1,2298.0,2678,71,80,12224.3
2182.423,1141.6,2298.0,2678,13,80,12213.9
2182.542,1271.1,2298.0,2678,13,80,12230.3
2182.661,858.1,2298.0,2678,32,85,12230.3
2182.78,858.1,2298.0,2678,100,84,12230.3
2182.899,1019.1,2298.0,2678,38,80,12247.2
2183.018,1148.6,2298.0,2678,38,79,12269.3
2183.137,1278.1,2298.0,2678,12,79,12288.4
2183.256,865.2,2298.0,2678,31,80,12296.2
2183.376,865.2,2298.0,2678,31,82,12296.2
2183.496,865.2,2298.0,2678,100,83,12298.6
2183.614,1026.2,2298.0,2678,49,80,12314.7
2183.733,1285.2,2298.0,2678,49,80,12329.9
2183.851,1285.2,2298.0,2678,16,79,12347.7
2183.975,845.7,2298.0,2678,39,85,12255.2
2184.109,845.7,2298.0,2678,100,84,12255.2
2184.229,852.7,2298.0,2678,100,80,12331.0
2184.357,852.7,2298.0,2678,30,79,12411.1
2184.481,852.7,2298.0,2678,2,79,12447.5
2184.612,852.7,2298.0,2678,1,79,12508.7
2184.741,852.7,2298.0,2678,1,79,12540.2
2184.876,852.7,2298.0,2678,1,79,12549.2
2185.008,852.7,2298.0,2678,1,79,12603.7
2185.142,852.7,2298.0,2678,1,78,12646.5
2185.276,852.7,2298.0,2678,1,79,12674.9
2185.409,852.7,2298.0,2678,1,78,12703.0
2185.544,852.7,2298.0,2678,1,78,12731.3
2185.678,852.7,2298.0,2678,1,79,12759.0
2185.811,852.7,2298.0,2678,1,78,12761.8
2185.949,852.7,2298.0,2678,1,78,12813.6
2186.083,852.7,2298.0,2678,1,78,12874.4
2186.216,852.7,2298.0,2678,1,78,12891.0
2186.351,852.7,2298.0,2678,1,78,12917.7
2186.485,852.7,2298.0,2678,1,78,12935.7
2186.62,852.7,2298.0,2678,1,78,12953.7
2186.757,852.7,2298.0,2678,1,78,12968.6
2186.894,852.7,2298.0,2678,1,78,12998.0
2187.027,852.7,2298.0,2678,1,78,13034.1
2187.353,852.7,2298.0,2678,0,78,13041.5
2187.579,852.7,2298.0,2678,1,78,13048.4
2187.829,852.7,2298.0,2678,0,78,13054.4
2188.089,852.7,2298.0,2678,1,78,13056.5
2188.362,852.7,2298.0,2678,1,78,13064.5
2188.646,852.7,2298.0,2678,0,78,13082.6
2188.899,852.7,2298.0,2678,0,78,12875.1
2189.036,852.7,2298.0,2678,1,78,12663.3
2189.169,852.7,2298.0,2678,1,78,12723.1
2189.299,852.7,2298.0,2678,1,78,12754.4
2189.431,852.7,2298.0,2678,0,78,12816.9
2189.561,852.7,2298.0,2678,0,78,12896.4
2189.693,852.7,2298.0,2678,1,78,12942.8
2189.828,852.7,2298.0,2678,1,78,13003.3
2189.959,852.7,2298.0,2678,0,78,13033.1
2190.091,852.7,2298.0,2678,1,78,12993.3
2190.225,852.7,2298.0,2678,1,78,12990.5
2190.356,852.7,2298.0,2678,1,78,13049.1
2190.485,852.7,2298.0,2678,0,78,13080.3
2190.617,852.7,2298.0,2678,1,78,13142.8
2190.747,852.7,2298.0,2678,1,78,13221.0
2190.879,852.7,2298.0,2678,1,78,13268.4
2191.012,852.7,2298.0,2678,0,78,13130.0
2191.149,852.7,2298.0,2678,1,78,13163.8
2191.28,852.7,2298.0,2678,1,78,13267.2
2191.411,852.7,2298.0,2678,1,78,13312.0
2191.542,852.7,2298.0,2678,0,78,13372.8
2191.673,852.7,2298.0,2678,1,78,13405.7
2191.806,852.7,2298.0,2678,1,78,13283.6
2191.939,852.7,2298.0,2678,0,78,13323.5
2192.07,852.7,2298.0,2678,0,78,13355.3
2192.199,852.7,2298.0,2678,1,78,13506.5
2192.328,852.7,2298.0,2678,1,78,13694.4
2192.455,852.7,2298.0,2678,0,78,13715.3
2192.591,852.7,2298.0,2678,0,78,13137.4
2192.717,852.7,2298.0,2678,1,78,13151.7
2192.841,852.7,2298.0,2678,1,78,13170.3
2192.966,852.7,2298.0,2678,0,78,13187.6
2193.09,852.7,2298.0,2678,0,78,13205.4
2193.212,852.7,2298.0,2678,1,78,13223.6
2193.334,852.7,2298.0,2678,1,78,13242.6
2193.457,852.7,2298.0,2678,0,78,13263.5
2193.583,852.7,2298.0,2678,0,78,13282.5
2193.706,852.7,2298.0,2678,1,78,13302.9
2193.832,852.7,2298.0,2678,1,78,13312.2
2193.963,852.7,2298.0,2678,0,78,13318.6
2194.088,852.7,2298.0,2678,0,78,13318.8
2194.22,852.7,2298.0,2678,1,78,13318.8
2194.352,852.7,2298.0,2678,1,78,13318.8
2194.484,852.7,2298.0,2678,0,78,13318.8
2194.615,852.7,2298.0,2678,1,78,13318.8
2194.747,852.7,2298.0,2678,1,78,13318.8
2194.878,852.7,2298.0,2678,1,78,13318.8
2195.01,852.7,2298.0,2678,0,78,13318.8
2195.141,852.7,2298.0,2678,1,78,13318.8
2195.274,852.7,2298.0,2678,1,78,13318.8
2195.406,852.7,2298.0,2678,1,78,13318.8
2195.538,852.7,2298.0,2678,0,78,13318.8
2195.67,852.7,2298.0,2678,1,78,13318.8
2195.803,852.7,2298.0,2678,2,78,13318.8
2195.934,852.7,2298.0,2678,0,78,13318.8
2196.065,852.7,2298.0,2678,0,78,13318.8
2196.197,852.7,2298.0,2678,2,78,13023.1
2196.318,884.2,2298.0,2678,35,79,13024.7
2196.438,884.2,2298.0,2678,35,81,13024.7
2196.558,884.2,2298.0,2678,100,83,13024.7
2196.678,884.2,2298.0,2678,100,83,13024.7
2196.798,884.2,2298.0,2678,100,80,13024.7
2196.918,1045.2,2298.0,2678,100,80,13025.6
2197.037,877.2,2298.0,2678,75,80,13026.4
2197.157,877.2,2298.0,2678,100,85,13026.4
2197.277,877.2,2298.0,2678,100,84,13026.4
2197.397,877.2,2298.0,2678,100,83,13026.4
2197.518,877.2,2298.0,2678,100,80,13026.4
2197.638,1392.9,2298.0,2678,72,80,13027.9
2197.756,870.2,2298.0,2678,72,85,13027.9
2197.877,870.2,2298.0,2678,100,84,13027.9
2197.998,870.2,2298.0,2678,100,84,13027.9
2198.119,870.2,2298.0,2678,100,81,13013.2
2198.242,1031.2,2298.0,2678,100,80,13014.6
2198.362,863.2,2298.0,2678,67,81,13016.6
2198.482,863.2,2298.0,2678,98,85,13016.6
2198.603,863.2,2298.0,2678,98,84,13016.6
2198.723,863.2,2298.0,2678,100,84,13016.6
2198.843,863.2,2298.0,2678,100,80,13016.6
2198.963,1283.3,2298.0,2678,72,80,13019.6
2199.081,856.3,2298.0,2678,72,84,13020.0
2199.202,856.3,2298.0,2678,94,84,13020.0
2199.319,856.3,2298.0,2678,100,83,13020.0
2199.439,856.3,2298.0,2678,100,83,13020.0
2199.558,856.3,2298.0,2678,100,80,13020.1
2199.678,849.3,2298.0,2678,76,81,13022.7
2199.798,849.3,2298.0,2678,95,85,13022.7
2199.919,849.3,2298.0,2678,95,84,13022.7
2200.039,849.3,2298.0,2678,100,84,13022.7
2200.158,849.3,2298.0,2678,100,81,13022.7
2200.278,1010.3,2298.0,2678,100,81,13029.5
2200.396,842.3,2298.0,2678,77,81,13031.0
2200.517,842.3,2298.0,2678,93,85,13031.0
2200.637,842.3,2298.0,2678,100,84,13031.0
2200.761,842.3,2298.0,2678,100,83,13031.0
2200.88,842.3,2298.0,2678,100,81,13031.0
2201.0,1262.3,2298.0,2678,71,80,13035.4
2201.119,835.4,2298.0,2678,71,85,13035.6
2201.238,835.4,2298.0,2678,92,84,13035.6
2201.358,835.4,2298.0,2678,100,85,13035.6
2201.478,835.4,2298.0,2678,100,82,13035.6
2201.598,835.4,2298.0,2678,100,82,13039.2
2201.715,996.4,2298.0,2678,64,80,13054.3
2201.834,1125.9,2298.0,2678,10,80,13072.9
2201.953,1255.4,2298.0,2678,10,79,13088.5
2202.071,1799.5,2298.0,2678,10,79,13104.3
2202.189,828.4,2298.0,2678,58,85,13104.3
2202.308,828.4,2298.0,2678,100,84,13104.3
2202.43,828.4,2298.0,2678,100,85,13104.3
2202.55,828.4,2298.0,2678,100,82,13104.3
2202.669,831.9,2298.0,2678,87,81,13110.5
2202.788,989.4,2298.0,2678,87,80,13129.1
2202.905,1118.9,2298.0,2678,10,80,13146.7
2203.024,1248.4,2298.0,2678,10,79,13161.0
2203.141,821.4,2298.0,2678,10,81,13170.8
2203.26,821.4,2298.0,2678,39,85,13170.8
2203.379,821.4,2298.0,2678,100,84,13170.8
2203.497,821.4,2298.0,2678,100,84,13170.8
2203.617,821.4,2298.0,2678,100,81,13170.8
2203.737,852.9,2298.0,2678,100,80,13179.1
2203.856,982.4,2298.0,2678,19,80,13194.8
2203.975,1111.9,2298.0,2678,19,79,13211.2
2204.094,1241.4,2298.0,2678,10,79,13228.9
2204.211,814.4,2298.0,2678,18,81,13234.8
2204.331,814.4,2298.0,2678,100,85,13234.8
2204.451,814.4,2298.0,2678,100,84,13234.8
2204.572,814.4,2298.0,2678,100,84,13234.8
2204.693,814.4,2298.0,2678,100,81,13234.8
2204.812,975.4,2298.0,2678,100,80,13246.8
2204.93,975.4,2298.0,2678,43,79,13263.4
2205.049,1104.9,2298.0,2678,11,79,13279.8
2205.167,1234.4,2298.0,2678,9,79,13296.0
2205.284,807.5,2298.0,2678,9,84,13297.1
2205.404,807.5,2298.0,2678,90,84,13297.1
2205.522,807.5,2298.0,2678,100,84,13297.1
2205.644,807.5,2298.0,2678,100,82,13297.1
2205.763,807.5,2298.0,2678,100,82,13297.7
2205.882,968.5,2298.0,2678,61,80,13311.9
2206.001,1098.0,2298.0,2678,10,80,13328.1
2206.119,1227.5,2298.0,2678,10,79,13342.5
2206.237,800.5,2298.0,2678,10,81,13353.2
2206.355,800.5,2298.0,2678,80,85,13353.2
2206.494,800.5,2298.0,2678,100,84,13353.2
2206.618,800.5,2298.0,2678,100,85,13353.2
2206.738,800.5,2298.0,2678,100,81,13353.4
2206.871,961.5,2298.0,2678,67,80,13368.9
2206.989,1091.0,2298.0,2678,67,80,13389.6
2207.107,1091.0,2298.0,2678,10,79,13410.8
2207.225,1220.5,2298.0,2678,9,79,13431.9
2207.342,793.5,2298.0,2678,59,81,13435.2
2207.462,793.5,2298.0,2678,59,85,13435.2
2207.582,793.5,2298.0,2678,100,84,13435.2
2207.702,793.5,2298.0,2678,100,84,13435.2
2207.822,793.5,2298.0,2678,100,81,13435.5
2207.941,954.5,2298.0,2678,89,80,13454.3
2208.059,1084.0,2298.0,2678,10,80,13472.2
2208.178,1213.5,2298.0,2678,11,79,13490.1
2208.296,1227.5,2298.0,2678,11,80,13504.7
2208.413,786.5,2298.0,2678,45,85,13504.7
2208.533,786.5,2298.0,2678,100,84,13504.7
2208.653,786.5,2298.0,2678,100,84,13504.7
2208.773,786.5,2298.0,2678,100,82,13504.7
2208.892,786.5,2298.0,2678,100,81,13511.2
2209.01,947.6,2298.0,2678,13,80,13526.5
2209.129,1077.1,2298.0,2678,13,80,13277.5
2209.251,1206.6,2298.0,2678,8,79,12870.5
2209.371,1206.6,2298.0,2678,9,79,12890.6
2209.49,779.6,2298.0,2678,9,84,12890.8
2209.61,779.6,2298.0,2678,85,84,12890.8
2209.73,779.6,2298.0,2678,100,84,12890.8
2209.85,779.6,2298.0,2678,100,82,12890.8
2209.97,779.6,2298.0,2678,100,82,12896.0
2210.089,940.6,2298.0,2678,62,80,12919.3
2210.208,940.6,2298.0,2678,7,79,12943.1
2210.326,1070.1,2298.0,2678,7,79,12967.2
2210.443,1199.6,2298.0,2678,9,79,12990.4
2210.562,772.6,2298.0,2678,9,81,13007.7
2210.68,772.6,2298.0,2678,90,84,13007.7
2210.799,772.6,2298.0,2678,90,83,13007.7
2210.918,772.6,2298.0,2678,100,84,13007.7
2211.037,772.6,2298.0,2678,100,81,13007.7
2211.157,772.6,2298.0,2678,100,80,13016.5
2211.275,933.6,2298.0,2678,57,80,13043.1
2211.393,1063.1,2298.0,2678,9,79,13070.2
2211.511,1063.1,2298.0,2678,9,79,13093.9
2211.628,1192.6,2298.0,2678,9,79,13137.5
2211.746,765.6,2298.0,2678,45,84,13137.9
2211.865,765.6,2298.0,2678,100,84,13137.9
2211.986,765.6,2298.0,2678,100,84,13137.9
2212.105,765.6,2298.0,2678,100,82,13137.9
2212.225,765.6,2298.0,2678,100,82,13148.2
2212.343,926.6,2298.0,2678,100,80,13193.4
2212.461,926.6,2298.0,2678,12,79,13239.2
2212.579,1056.1,2298.0,2678,8,79,13284.5
2212.696,1185.6,2298.0,2678,7,79,13334.4
2212.814,1185.6,2298.0,2678,7,79,13377.6
2212.932,758.7,2298.0,2678,32,84,13378.0
2213.052,758.7,2298.0,2678,100,84,13378.0
2213.172,758.7,2298.0,2678,100,84,13378.0
2213.292,758.7,2298.0,2678,100,82,13378.0
2213.413,758.7,2298.0,2678,100,81,13384.5
2213.531,919.7,2298.0,2678,25,80,13425.2
2213.649,1049.2,2298.0,2678,25,79,13478.1
2213.767,1049.2,2298.0,2678,8,79,13537.2
2213.888,1178.7,2298.0,2678,10,79,13579.9
2214.01,751.7,2298.0,2678,10,83,13573.8
2214.132,751.7,2298.0,2678,78,84,13565.4
2214.253,751.7,2298.0,2678,100,84,13557.1
2214.376,751.7,2298.0,2678,100,82,13548.6
2214.499,751.7,2298.0,2678,100,82,13548.8
2214.621,1042.2,2298.0,2678,71,80,13597.7
2214.743,1171.7,2298.0,2678,15,79,13642.0
2214.865,744.7,2298.0,2678,70,84,13640.2
2214.987,744.7,2298.0,2678,70,84,13632.3
2215.109,744.7,2298.0,2678,100,85,13622.2
2215.232,744.7,2298.0,2678,100,82,13610.8
2215.355,744.7,2298.0,2678,100,82,13606.3
2215.478,905.7,2298.0,2678,80,80,13633.0
2215.602,1035.2,2298.0,2678,10,80,13661.7
2215.732,1164.7,2298.0,2678,9,79,13696.2
2215.856,737.7,2298.0,2678,9,81,13707.9
2215.979,737.7,2298.0,2678,43,86,13699.4
2216.102,737.7,2298.0,2678,100,84,13690.9
2216.227,737.7,2298.0,2678,100,84,13682.4
2216.351,737.7,2298.0,2678,100,81,13674.0
2216.475,769.2,2298.0,2678,100,80,13691.6
2216.598,898.7,2298.0,2678,9,80,13720.4
2216.73,1028.2,2298.0,2678,8,79,13723.8
2216.961,1157.7,2298.0,2678,1,79,13689.8
2217.342,1157.7,2298.0,2678,100,84,13666.3
2217.685,730.8,2298.0,2678,100,84,13656.2
2217.82,730.8,2298.0,2678,100,82,13647.3
2217.946,730.8,2298.0,2678,100,82,13646.9
2218.073,891.8,2298.0,2678,1,80,13625.2
2218.406,891.8,2298.0,2678,1,79,13562.2
2218.898,1021.3,2298.0,2678,2,79,13529.8
2219.287,1150.8,2298.0,2678,2,79,13462.6
2219.818,1150.8,2298.0,2678,2,79,13428.3
2220.223,723.8,2298.0,2678,66,85,13420.3
2220.355,723.8,2298.0,2678,66,84,13411.3
2220.482,723.8,2298.0,2678,100,85,13402.8
2220.608,723.8,2298.0,2678,100,82,13394.4
2220.731,723.8,2298.0,2678,75,81,13398.9
2220.861,884.8,2298.0,2678,2,79,13377.3
2221.192,884.8,2298.0,2678,2,79,13316.2
2221.662,1014.3,2298.0,2678,2,79,13282.7
2222.073,1014.3,2298.0,2678,1,79,13215.6
2222.606,1143.8,2298.0,2678,1,79,13185.3
2222.998,716.8,2298.0,2678,75,84,13164.3
2223.324,716.8,2298.0,2678,100,85,13155.0
2223.455,716.8,2298.0,2678,100,81,13146.1
2223.582,720.3,2298.0,2678,72,80,13148.0
2223.74,877.8,2298.0,2678,2,79,13082.5
2224.264,877.8,2298.0,2678,1,79,13049.0
2224.677,1007.3,2298.0,2678,2,79,13001.4
2225.106,1007.3,2298.0,2678,2,79,12963.9
2225.546,1136.8,2298.0,2678,4,79,12897.6
2225.794,709.8,2298.0,2678,6,80,12836.7
2225.922,709.8,2298.0,2678,100,85,12796.2
2226.054,709.8,2298.0,2678,100,83,12791.4
2226.179,709.8,2298.0,2678,100,84,12782.2
2226.303,709.8,2298.0,2678,100,81,12771.3
2226.429,870.9,2298.0,2678,52,80,12841.7
2226.554,1000.4,2298.0,2678,9,80,12920.2
2226.717,1000.4,2298.0,2678,2,79,12880.9
2227.231,1000.4,2298.0,2678,1,79,12847.7
2227.658,1129.9,2298.0,2678,2,79,12769.1
2228.252,1129.9,2298.0,2678,2,79,12714.9
2228.686,1136.8,2298.0,2678,100,84,12687.5
2229.061,702.9,2298.0,2678,100,83,12678.7
2229.188,702.9,2298.0,2678,100,81,12670.3
2229.311,709.9,2298.0,2678,2,79,12638.0
2229.796,863.9,2298.0,2678,2,79,12598.5
2230.247,863.9,2298.0,2678,1,79,12583.6
2230.557,993.4,2298.0,2678,4,79,12554.8
2230.757,993.4,2298.0,2678,2,79,12525.7
2231.267,1122.9,2298.0,2678,2,79,12485.9
2231.742,1122.9,2298.0,2678,3,79,12457.6
2231.928,674.9,2298.0,2678,3,81,12267.5
2232.052,674.9,2298.0,2678,64,85,12060.5
2232.174,674.9,2298.0,2678,100,85,11689.9
2232.297,674.9,2298.0,2678,100,84,11586.7
2232.426,674.9,2298.0,2678,100,81,11586.9
2232.544,646.6,2298.0,2678,76,80,11592.3
2232.666,643.1,2298.0,2678,6,79,11611.5
2232.786,669.2,2298.0,2678,56,82,11613.2
2232.906,669.3,2298.0,2678,56,82,11577.2
2233.025,700.8,2298.0,2678,90,80,11602.7
2233.143,959.8,2298.0,2678,15,80,11619.0
2233.264,700.9,2298.0,2678,15,81,11631.1
2233.382,830.4,2298.0,2678,59,80,11656.6
2233.501,959.9,2298.0,2678,8,79,11691.0
2233.619,1089.4,2298.0,2678,12,79,11719.6
2233.737,1097.9,2298.0,2678,12,80,11745.1
2233.857,701.0,2298.0,2678,40,80,11761.6
2233.976,830.5,2298.0,2678,12,79,11787.6
2234.096,960.0,2298.0,2678,12,79,11813.7
2234.214,960.0,2298.0,2678,8,79,11841.1
2234.333,1089.5,2298.0,2678,9,79,11869.7
2234.451,669.5,2298.0,2678,47,83,11882.0
2234.569,830.5,2298.0,2678,47,80,11909.9
2234.688,960.0,2298.0,2678,8,79,11933.3
2234.806,1089.5,2298.0,2678,14,79,11959.9
2234.925,1089.5,2298.0,2678,14,79,11982.9
2235.043,673.1,2298.0,2678,22,81,11994.3
2235.161,830.6,2298.0,2678,34,79,12019.2
2235.279,960.1,2298.0,2678,34,79,12045.4
2235.398,1089.6,2298.0,2678,13,79,12072.2
2235.516,669.7,2298.0,2678,13,82,12081.4
2235.636,669.7,2298.0,2678,76,81,12088.0
2235.755,960.2,2298.0,2678,76,80,12097.1
2235.874,669.8,2298.0,2678,66,82,12103.3
2235.992,960.3,2298.0,2678,51,80,12117.1
2236.111,669.9,2298.0,2678,51,83,12124.3
2236.23,830.9,2298.0,2678,60,80,12146.1
2236.349,960.4,2298.0,2678,15,79,12162.5
2236.468,669.9,2298.0,2678,56,81,12170.2
2236.587,831.0,2298.0,2678,56,79,12194.8
2236.705,960.5,2298.0,2678,10,79,12215.1
2236.823,1090.0,2298.0,2678,13,79,12236.1
2236.941,670.0,2298.0,2678,13,82,12241.4
2237.06,960.5,2298.0,2678,56,80,12260.7
2237.178,1090.0,2298.0,2678,13,79,12280.5
2237.297,670.1,2298.0,2678,50,82,12288.2
2237.415,831.1,2298.0,2678,50,79,12308.1
2237.533,670.2,2298.0,2678,15,80,12314.6
2237.652,831.2,2298.0,2678,58,80,12328.2
2237.769,960.7,2298.0,2678,58,79,12348.3
2237.888,1090.2,2298.0,2678,13,79,12369.1
2238.006,670.2,2298.0,2678,32,83,12376.4
2238.124,960.7,2298.0,2678,32,79,12391.0
2238.243,1090.2,2298.0,2678,35,79,12405.4
2238.362,701.8,2298.0,2678,44,81,12412.0
2238.48,960.8,2298.0,2678,26,79,12426.5
2238.599,670.4,2298.0,2678,26,82,12363.4
2238.727,831.4,2298.0,2678,54,80,12378.2
2238.85,1090.4,2298.0,2678,18,79,12396.5
2238.973,702.0,2298.0,2678,52,82,12375.8
2239.098,961.0,2298.0,2678,52,79,12363.2
2239.221,1090.5,2298.0,2678,14,79,11965.6
2239.343,702.0,2298.0,2678,50,80,11877.3
2239.467,961.0,2298.0,2678,13,79,11899.6
2239.586,1090.5,2298.0,2678,13,79,11919.1
2239.705,670.6,2298.0,2678,12,81,11938.9
2239.824,831.6,2298.0,2678,50,80,11962.0
2239.942,961.1,2298.0,2678,50,79,11995.5
2240.061,1090.6,2298.0,2678,13,79,12030.9
2240.179,670.7,2298.0,2678,32,82,12046.0
2240.298,961.2,2298.0,2678,32,79,12068.5
2240.416,670.7,2298.0,2678,40,82,12078.8
2240.536,1090.7,2298.0,2678,58,79,12099.4
2240.654,670.8,2298.0,2678,55,82,12108.5
2240.772,961.3,2298.0,2678,55,80,12139.6
2240.89,670.9,2298.0,2678,22,80,12155.1
2241.009,831.9,2298.0,2678,52,80,12181.1
2241.127,1090.9,2298.0,2678,52,79,12221.1
2241.245,670.9,2298.0,2678,16,82,12232.5
2241.364,961.5,2298.0,2678,55,79,12264.7
2241.483,671.0,2298.0,2678,41,82,12286.8
2241.602,832.0,2298.0,2678,41,80,12323.3
2241.72,1091.0,2298.0,2678,34,79,12368.8
2241.838,671.1,2298.0,2678,42,83,12389.8
2241.957,961.6,2298.0,2678,42,79,12454.4
2242.079,1091.1,2298.0,2678,26,79,12348.1
2242.202,644.7,2298.0,2678,10,80,12326.2
2242.323,644.7,2298.0,2678,44,80,12381.8
2242.453,644.7,2298.0,2678,44,79,12459.6
2242.582,644.7,2298.0,2678,1,79,12533.9
2242.714,644.7,2298.0,2678,1,79,12607.8
2242.845,644.7,2298.0,2678,1,79,12661.5
2242.977,644.7,2298.0,2678,1,79,12736.1
2243.11,644.7,2298.0,2678,1,79,12796.2
2243.243,644.7,2298.0,2678,0,79,12861.1
2243.376,644.7,2298.0,2678,1,79,12943.9
2243.509,644.7,2298.0,2678,1,79,13014.6
2243.641,644.7,2298.0,2678,0,79,13073.6
2243.838,644.7,2298.0,2678,1,79,13086.0
2244.141,644.7,2298.0,2678,0,79,13087.1
2244.476,644.7,2298.0,2678,0,79,13080.5
2244.796,644.7,2298.0,2678,1,78,13085.3
2245.171,644.7,2298.0,2678,0,78,13023.4
2245.305,644.7,2298.0,2678,0,78,12949.7
2245.437,644.7,2298.0,2678,1,78,12870.5
2245.591,644.7,2298.0,2678,1,78,12876.1
2245.721,644.7,2298.0,2678,0,78,12930.2
2245.851,644.7,2298.0,2678,1,78,12978.3
2245.983,644.7,2298.0,2678,1,78,12987.4
2246.113,644.7,2298.0,2678,1,78,13003.3
2246.244,644.7,2298.0,2678,0,78,13059.4
2246.374,644.7,2298.0,2678,1,78,13145.3
2246.506,644.7,2298.0,2678,1,78,13228.0
2246.637,644.7,2298.0,2678,1,78,13291.7
2246.76,644.7,2298.0,2678,0,78,13315.3
2246.881,644.7,2298.0,2678,1,78,13299.0
2247.005,644.7,2298.0,2678,1,78,13186.0
2247.126,644.7,2298.0,2678,1,78,13211.1
2247.247,644.7,2298.0,2678,0,78,13235.5
2247.367,668.5,2298.0,2678,1,77,13185.4
2247.486,829.5,2298.0,2678,1,78,13213.7
2247.605,829.5,2298.0,2678,6,78,13242.5
2247.724,959.0,2298.0,2678,6,77,13268.7
2247.842,959.0,2298.0,2678,9,78,13296.6
2247.961,1088.5,2298.0,2678,9,77,13330.6
2248.079,669.4,2298.0,2678,7,78,13180.2
2248.197,830.4,2298.0,2678,56,78,13192.6
2248.316,830.4,2298.0,2678,56,78,13218.0
2248.434,959.9,2298.0,2678,8,78,13244.3
2248.552,959.9,2298.0,2678,6,78,13268.3
2248.67,1089.4,2298.0,2678,6,78,13295.7
2248.788,1089.4,2298.0,2678,6,78,13323.9
2248.906,669.4,2298.0,2678,13,80,13335.4
2249.026,830.5,2298.0,2678,45,78,13186.8
2249.144,960.0,2298.0,2678,45,78,13200.0
2249.263,1089.5,2298.0,2678,11,78,13221.5
2249.381,1094.8,2298.0,2678,10,79,13239.7
2249.499,701.0,2298.0,2678,48,79,13254.7
2249.617,830.5,2298.0,2678,48,79,13281.7
2249.736,960.0,2298.0,2678,7,78,13311.2
2249.854,1089.5,2298.0,2678,10,78,13312.0
2249.973,1089.5,2298.0,2678,10,78,13315.1
2250.103,669.6,2298.0,2678,18,80,13325.3
2250.225,830.6,2298.0,2678,36,78,13356.9
2250.349,960.1,2298.0,2678,8,78,13385.2
2250.471,960.1,2298.0,2678,8,78,13413.4
2250.593,1089.6,2298.0,2678,9,78,13438.5
2250.714,673.2,2298.0,2678,47,80,13448.6
2250.836,830.7,2298.0,2678,8,79,13477.3
2250.958,960.2,2298.0,2678,8,78,13496.7
2251.08,1089.7,2298.0,2678,11,78,13523.6
2251.202,669.7,2298.0,2678,15,81,13536.2
2251.324,830.7,2298.0,2678,15,79,13556.5
2251.446,960.2,2298.0,2678,41,78,13581.6
2251.569,1089.7,2298.0,2678,12,78,13610.8
2251.691,669.8,2298.0,2678,19,81,13624.2
2251.841,1089.8,2298.0,2678,51,79,13619.2
2252.026,830.9,2298.0,2678,52,79,13612.9
2252.168,1094.9,2298.0,2678,36,82,13607.3
2252.344,831.0,2298.0,2678,38,78,13592.5
2252.601,1095.3,2298.0,2678,50,80,13578.3
2252.844,831.0,2298.0,2678,5,78,13557.9
2253.141,960.5,2298.0,2678,6,78,13534.6
2253.431,670.1,2298.0,2678,4,80,13523.6
2253.617,831.1,2298.0,2678,2,78,13495.1
2253.985,960.6,2298.0,2678,2,78,13467.8
2254.322,1090.1,2298.0,2678,2,78,13437.3
2254.688,670.2,2298.0,2678,32,79,13415.2
2255.011,831.2,2298.0,2678,1,78,13387.2
2255.371,960.7,2298.0,2678,3,78,13360.4
2255.724,1090.2,2298.0,2678,3,78,13329.2
2256.088,670.2,2298.0,2678,18,79,13318.7
2256.268,831.2,2298.0,2678,5,78,13291.0
2256.608,1090.2,2298.0,2678,7,78,13270.9
2256.877,670.3,2298.0,2678,35,80,13258.9
2257.072,831.3,2298.0,2678,3,78,13233.1
2257.386,960.8,2298.0,2678,3,78,13204.6
2257.737,1090.3,2298.0,2678,3,78,13176.0
2258.099,670.4,2298.0,2678,5,79,13161.8
2258.302,831.4,2298.0,2678,7,78,13142.9
2258.561,960.9,2298.0,2678,2,78,13121.2
2258.845,1090.4,2298.0,2678,8,78,13098.8
2259.124,670.4,2298.0,2678,11,79,13087.2
2259.301,831.5,2298.0,2678,7,78,13067.9
2259.57,961.0,2298.0,2678,2,78,13045.2
2259.854,1090.5,2298.0,2678,7,78,13025.7
2260.106,670.5,2298.0,2678,20,80,13015.6
2260.274,831.5,2298.0,2678,6,78,12994.7
2260.548,961.0,2298.0,2678,8,78,12972.8
2260.83,1090.5,2298.0,2678,21,82,12965.2
2261.029,831.6,2298.0,2678,39,79,12951.9
2261.228,1090.6,2298.0,2678,49,81,12908.2
2261.528,961.2,2298.0,2678,49,79,12792.2
2261.65,1090.7,2298.0,2678,12,78,12807.3
2261.772,670.7,2298.0,2678,10,81,12818.1
2261.895,961.2,2298.0,2678,59,79,12814.1
2262.018,670.8,2298.0,2678,59,82,12808.1
2262.141,1090.8,2298.0,2678,61,79,12810.8
2262.265,961.4,2298.0,2678,60,80,12805.8
2262.387,671.0,2298.0,2678,54,82,12801.1
2262.51,1091.0,2298.0,2678,54,79,12800.4
2262.633,671.0,2298.0,2678,38,83,12796.0
2262.755,1091.0,2298.0,2678,56,79,12795.2
2262.879,832.1,2298.0,2678,56,80,12790.0
2263.002,671.2,2298.0,2678,61,82,12782.9
2263.125,1091.2,2298.0,2678,65,79,12780.7
2263.248,832.2,2298.0,2678,61,80,12773.8
2263.372,644.8,2298.0,2678,61,81,12777.0
2263.496,644.8,2298.0,2678,52,80,12839.3
2263.626,644.8,2298.0,2678,11,79,12900.7
2263.808,644.8,2298.0,2678,1,78,12900.3
2264.091,644.8,2298.0,2678,0,78,12904.0
2264.365,644.8,2298.0,2678,1,78,12907.4
2264.641,644.8,2298.0,2678,0,78,12915.1
2264.953,644.8,2298.0,2678,1,78,12875.0
2265.119,644.8,2298.0,2678,1,78,12503.5
2265.272,644.8,2298.0,2678,0,78,12401.8
2265.403,644.8,2298.0,2678,1,78,12494.8
2265.559,644.8,2298.0,2678,1,78,12585.0
2265.689,644.8,2298.0,2678,1,78,12674.5
2265.819,644.8,2298.0,2678,1,78,12750.1
2265.95,644.8,2298.0,2678,1,78,12839.3
2266.081,644.8,2298.0,2678,1,78,12919.8
2266.212,644.8,2298.0,2678,1,78,12988.6
2266.344,644.8,2298.0,2678,1,79,13050.4
2266.475,644.8,2298.0,2678,1,78,13129.5
2266.607,644.8,2298.0,2678,1,78,13205.3
2266.739,644.8,2298.0,2678,1,78,13268.9
2266.872,644.8,2298.0,2678,1,78,13337.1
2267.006,644.8,2298.0,2678,1,78,13400.5
2267.138,644.8,2298.0,2678,0,78,13441.1
2267.441,644.8,2298.0,2678,1,78,13476.5
2267.71,644.8,2298.0,2678,1,78,13554.2
2267.871,644.8,2298.0,2678,1,78,13577.0
2268.213,644.8,2298.0,2678,1,78,13589.6
2268.542,644.8,2298.0,2678,1,78,13596.4
2268.772,644.8,2298.0,2678,1,78,13604.2
2269.013,644.8,2298.0,2678,1,78,13605.1
2269.218,644.8,2298.0,2678,1,78,13605.5
2269.389,644.8,2298.0,2678,1,78,13493.4
2269.743,671.3,2298.0,2678,3,78,13158.8
2269.876,828.8,2298.0,2678,3,78,13068.8
2269.994,828.8,2298.0,2678,4,78,13093.5
2270.113,958.3,2298.0,2678,6,78,13117.2
2270.232,958.3,2298.0,2678,6,78,13144.7
2270.35,1087.8,2298.0,2678,6,78,13181.1
2270.468,1087.8,2298.0,2678,4,78,13215.4
2270.587,1087.8,2298.0,2678,4,78,13243.7
2270.705,829.0,2298.0,2678,8,79,13225.1
2270.824,829.0,2298.0,2678,36,78,13249.5
2270.943,958.5,2298.0,2678,4,78,13222.2
2271.063,958.5,2298.0,2678,4,78,13139.7
2271.181,1088.0,2298.0,2678,6,78,13168.9
2271.299,1088.0,2298.0,2678,6,78,13124.2
2271.42,1088.0,2298.0,2678,6,78,13069.2
2271.538,668.1,2298.0,2678,5,79,13084.7
2271.657,829.1,2298.0,2678,34,78,13112.6
2271.775,958.6,2298.0,2678,9,78,13124.6
2271.893,958.6,2298.0,2678,9,78,13138.5
2272.012,1088.1,2298.0,2678,8,78,13135.6
2272.131,668.1,2298.0,2678,27,80,13145.7
2272.25,829.1,2298.0,2678,27,78,13165.4
2272.367,829.1,2298.0,2678,17,78,13186.2
2272.486,958.6,2298.0,2678,6,78,13207.8
2272.604,1088.1,2298.0,2678,8,78,13225.2
2272.722,1088.1,2298.0,2678,8,78,13245.6
2272.841,1089.3,2298.0,2678,7,78,13094.5
2272.959,675.2,2298.0,2678,32,79,13114.0
2273.077,829.2,2298.0,2678,32,78,13139.4
2273.196,829.2,2298.0,2678,6,78,13164.0
2273.315,958.7,2298.0,2678,6,78,13186.9
2273.433,958.7,2298.0,2678,5,78,13211.7
2273.551,1088.2,2298.0,2678,5,78,13233.4
2273.669,1088.2,2298.0,2678,7,78,13241.4
2273.789,675.3,2298.0,2678,35,79,13143.1
2273.91,829.3,2298.0,2678,35,78,13167.6
2274.029,829.3,2298.0,2678,5,78,13191.1
2274.147,958.8,2298.0,2678,10,78,13209.1
2274.266,1088.3,2298.0,2678,10,78,13232.3
2274.384,1088.3,2298.0,2678,7,78,13254.3
2274.504,668.3,2298.0,2678,9,79,13261.5
2274.626,829.4,2298.0,2678,32,78,13279.4
2274.75,958.9,2298.0,2678,32,78,13297.4
2274.872,1088.4,2298.0,2678,10,78,13319.6
2274.994,1088.4,2298.0,2678,7,78,13340.4
2275.117,829.4,2298.0,2678,36,79,13340.8
2275.24,1088.4,2298.0,2678,36,78,13342.3
2275.363,829.5,2298.0,2678,36,79,13342.1
2275.486,1088.5,2298.0,2678,31,78,13345.7
2275.61,829.6,2298.0,2678,42,79,13350.1
2275.733,959.1,2298.0,2678,42,78,13358.5
2275.857,1088.6,2298.0,2678,15,78,13366.3
2275.98,700.1,2298.0,2678,36,78,13375.3
2276.104,829.6,2298.0,2678,9,78,13388.1
2276.227,959.1,2298.0,2678,9,78,13403.3
2276.35,1088.6,2298.0,2678,8,78,13411.9
2276.473,700.2,2298.0,2678,38,78,13419.0
2276.598,829.7,2298.0,2678,38,78,13437.7
2276.721,959.2,2298.0,2678,7,78,13452.4
2276.844,959.2,2298.0,2678,8,78,13467.9
2276.966,1088.7,2298.0,2678,7,78,13484.3
2277.09,668.8,2298.0,2678,7,79,13488.4
2277.213,829.8,2298.0,2678,36,78,13497.2
2277.349,959.3,2298.0,2678,3,78,13486.9
2277.584,1088.8,2298.0,2678,6,78,13467.1
2277.881,1088.8,2298.0,2678,4,79,13445.7
2278.171,829.9,2298.0,2678,4,78,13422.4
2278.478,959.4,2298.0,2678,4,78,13400.2
2278.762,1088.9,2298.0,2678,10,78,13385.2
2278.98,668.9,2298.0,2678,31,78,13371.9
2279.194,829.9,2298.0,2678,5,78,13348.1
2279.496,959.4,2298.0,2678,3,78,13321.1
2279.825,1088.9,2298.0,2678,2,78,13298.1
2280.121,669.0,2298.0,2678,16,78,13275.7
2280.413,830.0,2298.0,2678,6,78,13256.4
2280.67,959.5,2298.0,2678,5,78,13237.9
2280.909,1089.0,2298.0,2678,6,78,13218.3
2281.165,669.1,2298.0,2678,23,78,13204.0
2281.377,830.1,2298.0,2678,5,78,13182.8
2281.655,959.6,2298.0,2678,3,78,13161.9
2281.93,1089.1,2298.0,2678,6,78,13141.9
2282.196,669.1,2298.0,2678,5,78,13129.3
2282.385,830.1,2298.0,2678,5,78,13110.9
2282.632,959.6,2298.0,2678,7,78,13090.2
2282.898,1089.1,2298.0,2678,4,78,13064.0
2283.195,669.2,2298.0,2678,5,79,13050.8
2283.397,830.2,2298.0,2678,8,78,13035.7
2283.611,959.7,2298.0,2678,10,78,13024.0
2283.795,669.3,2298.0,2678,36,79,13015.0
2283.954,830.3,2298.0,2678,7,78,12990.5
2284.208,959.8,2298.0,2678,7,78,12966.6
2284.47,959.8,2298.0,2678,4,78,12942.3
2284.717,669.4,2298.0,2678,42,78,12920.8
2284.957,669.4,2298.0,2678,49,79,12908.1
2285.112,1089.4,2298.0,2678,49,78,12899.7
2285.253,960.0,2298.0,2678,28,79,12892.5
2285.383,673.1,2298.0,2678,47,80,12885.7
2285.511,669.6,2298.0,2678,51,81,12878.9
2285.645,1089.6,2298.0,2678,56,78,12873.9
2285.769,960.2,2298.0,2678,56,79,12865.3
2285.903,830.8,2298.0,2678,57,79,12858.7
2286.034,830.9,2298.0,2678,68,79,12860.0
2286.157,643.4,2298.0,2678,68,80,12877.1
2286.29,643.4,2298.0,2678,1,78,12891.9
2286.558,643.4,2298.0,2678,0,78,12917.6
2286.852,643.4,2298.0,2678,1,78,12923.5
2287.265,643.4,2298.0,2678,1,78,12924.2
2287.627,643.4,2298.0,2678,1,78,12926.9
2288.006,643.4,2298.0,2678,1,78,12926.8
2288.444,643.4,2298.0,2678,1,78,12926.9
2288.674,643.4,2298.0,2678,0,78,12597.2
2288.828,643.4,2298.0,2678,1,78,12628.1
2288.959,643.4,2298.0,2678,1,78,12655.1
2289.091,643.4,2298.0,2678,1,78,12693.6
2289.223,643.4,2298.0,2678,0,78,12743.2
2289.355,643.4,2298.0,2678,1,78,12780.7
2289.487,643.4,2298.0,2678,1,78,12802.0
2289.62,643.4,2298.0,2678,1,78,12884.3
2289.75,643.4,2298.0,2678,0,78,12976.4
2289.88,643.4,2298.0,2678,1,78,13071.0
2290.011,643.4,2298.0,2678,1,78,13087.6
2290.142,643.4,2298.0,2678,0,78,13048.0
2290.274,643.4,2298.0,2678,0,78,12832.9
2290.405,643.4,2298.0,2678,1,78,12771.4
2290.536,643.4,2298.0,2678,1,78,12855.5
2290.662,643.4,2298.0,2678,0,78,12927.7
2290.787,643.4,2298.0,2678,0,78,12976.9
2290.911,643.4,2298.0,2678,1,78,13028.6
2291.034,643.4,2298.0,2678,1,78,13078.9
2291.156,643.2,2298.0,2678,0,78,13105.9
2291.275,643.2,2298.0,2678,0,78,13117.7
2291.393,701.1,2298.0,2678,3,78,13153.1
2291.511,830.6,2298.0,2678,5,78,13184.7
2291.629,830.6,2298.0,2678,5,77,13209.3
2291.747,830.6,2298.0,2678,3,77,13235.2
2291.865,960.1,2298.0,2678,5,77,13259.4
2291.983,960.1,2298.0,2678,5,77,13285.4
2292.102,960.1,2298.0,2678,5,77,13310.8
2292.223,1089.6,2298.0,2678,3,77,13335.5
2292.341,1089.6,2298.0,2678,5,77,13368.3
2292.458,1089.6,2298.0,2678,5,77,13177.7
2292.576,671.4,2298.0,2678,5,78,13119.7
2292.697,671.4,2298.0,2678,91,78,13119.9
2292.815,702.9,2298.0,2678,91,77,13117.0
2292.933,832.4,2298.0,2678,5,77,13102.7
2293.052,832.4,2298.0,2678,6,77,12928.4
2293.172,832.4,2298.0,2678,3,77,12835.9
2293.294,961.9,2298.0,2678,3,77,12865.2
2293.412,961.9,2298.0,2678,5,77,12713.1
2293.531,961.9,2298.0,2678,5,77,12635.8
2293.65,1091.4,2298.0,2678,5,77,12508.5
2293.768,1091.4,2298.0,2678,4,77,12386.2
2293.887,1091.4,2298.0,2678,5,77,12316.5
2294.007,671.5,2298.0,2678,64,80,12294.8
2294.127,678.5,2298.0,2678,64,78,12230.4
2294.245,832.5,2298.0,2678,23,77,12136.8
2294.365,832.5,2298.0,2678,6,77,12128.8
2294.483,962.0,2298.0,2678,6,77,12086.6
2294.602,962.0,2298.0,2678,7,77,11963.6
2294.723,1091.5,2298.0,2678,5,77,11925.6
2294.841,1091.5,2298.0,2678,4,77,11822.4
2294.96,1091.5,2298.0,2678,4,77,11734.7
2295.08,671.5,2298.0,2678,5,78,11661.6
2295.198,671.5,2298.0,2678,72,82,11661.7
2295.316,703.0,2298.0,2678,72,78,11613.9
2295.434,832.5,2298.0,2678,9,78,11560.0
2295.553,832.5,2298.0,2678,5,77,11590.2
2295.671,832.5,2298.0,2678,5,77,11568.0
2295.789,962.0,2298.0,2678,4,77,11517.6
2295.908,962.0,2298.0,2678,5,77,11546.9
2296.026,962.0,2298.0,2678,5,77,11521.6
2296.163,1091.5,2298.0,2678,5,77,11413.3
2296.281,1091.5,2298.0,2678,3,77,11303.4
2296.401,1091.5,2298.0,2678,4,77,11247.0
2296.519,671.6,2298.0,2678,44,81,11219.1
2296.638,671.6,2298.0,2678,44,79,11226.3
2296.756,703.1,2298.0,2678,35,78,11173.8
2296.875,832.6,2298.0,2678,4,77,11198.7
2296.992,832.6,2298.0,2678,4,77,11204.7
2297.111,832.6,2298.0,2678,5,77,11229.9
2297.229,962.1,2298.0,2678,3,77,11256.7
2297.347,962.1,2298.0,2678,5,77,11270.7
2297.465,962.1,2298.0,2678,5,77,11278.3
2297.583,1091.6,2298.0,2678,4,77,11266.2
2297.701,1091.6,2298.0,2678,4,77,11266.1
2297.82,1091.6,2298.0,2678,4,77,11213.9
2297.94,671.7,2298.0,2678,17,82,11216.3
2298.058,671.7,2298.0,2678,65,78,11210.9
2298.178,703.2,2298.0,2678,65,78,11213.4
2298.296,832.7,2298.0,2678,3,77,11216.0
2298.414,832.7,2298.0,2678,5,77,11221.0
2298.533,832.7,2298.0,2678,5,77,11207.3
2298.652,962.2,2298.0,2678,5,77,11179.5
2298.771,962.2,2298.0,2678,4,77,11191.0
2298.889,962.2,2298.0,2678,5,77,11200.3
2299.008,1091.7,2298.0,2678,5,77,11204.9
2299.126,1091.7,2298.0,2678,4,77,11193.8
2299.244,1091.7,2298.0,2678,4,77,11218.6
2299.363,671.7,2298.0,2678,61,82,11220.2
2299.482,675.2,2298.0,2678,61,78,11217.3
2299.6,832.8,2298.0,2678,21,77,11224.2
2299.718,832.8,2298.0,2678,4,77,11246.7
2299.837,832.8,2298.0,2678,4,77,11249.1
2299.956,962.3,2298.0,2678,5,77,11278.4
2300.074,962.3,2298.0,2678,5,77,11306.8
2300.192,962.3,2298.0,2678,4,77,11185.9
2300.31,1091.8,2298.0,2678,4,77,11211.7
2300.429,1091.8,2298.0,2678,5,77,11237.4
2300.547,1091.8,2298.0,2678,4,77,11257.3
2300.664,671.8,2298.0,2678,4,81,11263.5
2300.783,703.3,2298.0,2678,68,78,11231.4
2300.903,832.8,2298.0,2678,15,77,11064.4
2301.022,832.8,2298.0,2678,15,77,11090.8
2301.141,962.3,2298.0,2678,7,77,11112.6
2301.259,1091.8,2298.0,2678,6,77,11131.5
2301.377,1091.8,2298.0,2678,8,77,11155.3
2301.495,671.9,2298.0,2678,8,81,11160.3
2301.614,671.9,2298.0,2678,66,78,11166.6
2301.733,832.9,2298.0,2678,15,77,11196.5
2301.851,832.9,2298.0,2678,15,77,11226.6
2301.969,832.9,2298.0,2678,6,77,11254.0
2302.087,962.4,2298.0,2678,6,77,11282.3
2302.206,962.4,2298.0,2678,4,77,11314.0
2302.325,1091.9,2298.0,2678,4,77,11339.6
2302.443,1091.9,2298.0,2678,6,77,11367.0
2302.561,1091.9,2298.0,2678,5,77,11399.5
2302.679,672.0,2298.0,2678,5,81,11399.9
2302.798,679.0,2298.0,2678,76,78,11413.5
2302.916,833.0,2298.0,2678,5,77,11444.1
2303.034,833.0,2298.0,2678,5,77,11471.6
2303.152,962.5,2298.0,2678,5,77,11496.9
2303.27,962.5,2298.0,2678,6,77,11523.4
2303.388,962.5,2298.0,2678,6,77,11541.5
2303.506,1092.0,2298.0,2678,6,77,11566.8
2303.625,1092.0,2298.0,2678,5,77,11596.5
2303.743,672.0,2298.0,2678,8,78,11614.9
2303.862,672.0,2298.0,2678,8,79,11615.0
2303.979,703.5,2298.0,2678,73,77,11640.0
2304.097,833.0,2298.0,2678,5,77,11665.0
2304.215,833.0,2298.0,2678,3,77,11700.0
2304.334,833.0,2298.0,2678,3,77,11719.5
2304.452,833.0,2298.0,2678,2,77,11733.7
2304.57,962.5,2298.0,2678,5,77,11753.9
2304.688,962.5,2298.0,2678,5,77,11777.8
2304.806,962.5,2298.0,2678,3,77,11804.4
2304.924,1092.0,2298.0,2678,5,76,11830.2
2305.043,1092.0,2298.0,2678,6,76,11860.9
2305.16,1092.0,2298.0,2678,6,76,11892.4
2305.278,672.1,2298.0,2678,26,81,11896.0
2305.396,672.1,2298.0,2678,54,77,11907.9
2305.514,703.6,2298.0,2678,54,77,11934.8
2305.632,833.1,2298.0,2678,5,77,11966.7
2305.75,833.1,2298.0,2678,4,77,11992.6
2305.867,962.6,2298.0,2678,4,77,12020.7
2305.985,962.6,2298.0,2678,5,76,12051.3
2306.104,962.6,2298.0,2678,5,76,12077.3
2306.222,962.6,2298.0,2678,3,76,12104.6
2306.34,1092.1,2298.0,2678,3,76,12136.7
2306.457,1092.1,2298.0,2678,5,76,12171.8
2306.575,1092.1,2298.0,2678,5,76,12199.9
2306.693,672.2,2298.0,2678,5,81,12200.3
2306.812,672.2,2298.0,2678,76,77,12218.5
2306.93,833.2,2298.0,2678,4,77,12249.1
2307.048,833.2,2298.0,2678,5,77,12281.7
2307.165,833.2,2298.0,2678,5,76,12314.2
2307.283,962.7,2298.0,2678,4,76,12337.7
2307.402,962.7,2298.0,2678,5,76,12361.9
2307.52,962.7,2298.0,2678,5,76,12383.8
2307.637,1092.2,2298.0,2678,5,76,12415.2
2307.755,1092.2,2298.0,2678,3,76,12441.0
2307.873,1092.2,2298.0,2678,3,76,12465.8
2307.992,672.2,2298.0,2678,5,77,12492.7
2308.109,672.2,2298.0,2678,49,81,12492.7
2308.228,703.8,2298.0,2678,31,77,12508.8
2308.346,833.3,2298.0,2678,31,77,12537.3
2308.464,833.3,2298.0,2678,5,76,12563.2
2308.582,833.3,2298.0,2678,5,76,12589.2
2308.701,962.8,2298.0,2678,5,76,12612.1
2308.819,962.8,2298.0,2678,4,76,12630.2
2308.939,1092.3,2298.0,2678,6,76,12653.8
2309.061,1092.3,2298.0,2678,4,76,12673.5
2309.182,1092.3,2298.0,2678,4,76,12691.6
2309.303,1092.3,2298.0,2678,3,76,12708.0
2309.425,672.3,2298.0,2678,62,81,12702.4
2309.543,672.3,2298.0,2678,62,77,12714.0
2309.664,833.3,2298.0,2678,19,77,12731.2
2309.785,833.3,2298.0,2678,4,76,12748.4
2309.904,833.3,2298.0,2678,5,76,12762.9
2310.023,962.8,2298.0,2678,5,76,12779.6
2310.144,962.8,2298.0,2678,5,76,12796.7
2310.265,962.8,2298.0,2678,3,76,12814.4
2310.386,1092.3,2298.0,2678,3,76,12835.6
2310.508,1092.3,2298.0,2678,5,76,12855.7
2310.629,672.4,2298.0,2678,5,77,12862.9
2310.749,672.4,2298.0,2678,76,79,12858.8
2310.867,703.9,2298.0,2678,76,77,12871.8
2310.989,833.4,2298.0,2678,4,77,12886.9
2311.11,833.4,2298.0,2678,5,76,12899.2
2311.231,833.4,2298.0,2678,3,76,12913.9
2311.353,962.9,2298.0,2678,3,76,12930.5
2311.474,962.9,2298.0,2678,5,76,12944.1
2311.596,962.9,2298.0,2678,5,76,12960.1
2311.719,1092.4,2298.0,2678,5,76,12977.3
2311.839,1092.4,2298.0,2678,3,76,12993.4
2311.959,672.5,2298.0,2678,5,77,13001.8
2312.078,672.5,2298.0,2678,77,79,12998.9
2312.197,676.0,2298.0,2678,77,77,13011.3
2312.318,833.5,2298.0,2678,2,77,13024.6
2312.441,833.5,2298.0,2678,5,76,13040.8
2312.564,833.5,2298.0,2678,4,76,13057.5
2312.686,963.0,2298.0,2678,4,76,13071.8
2312.807,963.0,2298.0,2678,3,76,13086.7
2312.927,963.0,2298.0,2678,4,76,13101.9
2313.05,1092.5,2298.0,2678,4,76,13114.3
2313.172,1092.5,2298.0,2678,5,76,13128.7
2313.293,1092.5,2298.0,2678,4,76,13140.7
2313.414,672.5,2298.0,2678,37,80,13141.5
2313.533,672.5,2298.0,2678,37,78,13141.8
2313.653,672.5,2298.0,2678,42,77,13138.9
2313.774,676.0,2298.0,2678,2,77,13127.5
2313.896,704.0,2298.0,2678,2,76,13121.4
2314.017,833.5,2298.0,2678,2,76,13126.0
2314.138,833.5,2298.0,2678,3,76,13114.8
2314.259,833.5,2298.0,2678,1,76,13110.4
2314.38,833.5,2298.0,2678,1,76,13100.2
2314.502,833.5,2298.0,2678,2,76,13089.7
2314.628,833.5,2298.0,2678,2,76,13081.9
2314.763,833.5,2298.0,2678,2,76,13073.5
2314.885,833.5,2298.0,2678,2,77,13063.5
2315.015,833.5,2298.0,2678,2,76,13054.2
2315.138,963.0,2298.0,2678,2,77,13045.7
2315.26,963.0,2298.0,2678,2,77,13035.6
2315.383,963.0,2298.0,2678,2,76,13026.5
2315.504,963.0,2298.0,2678,2,76,13017.1
2315.627,963.0,2298.0,2678,3,76,13007.9
2315.749,963.0,2298.0,2678,1,76,12998.0
2315.871,963.0,2298.0,2678,1,76,12987.8
2315.993,963.0,2298.0,2678,2,77,12975.2
2316.115,963.0,2298.0,2678,2,76,12965.7
2316.238,963.0,2298.0,2678,2,76,12954.0
2316.36,1092.5,2298.0,2678,2,76,12942.6
2316.484,1092.5,2298.0,2678,1,77,12931.9
2316.606,1092.5,2298.0,2678,2,77,12925.4
2316.727,1092.5,2298.0,2678,2,77,12913.1
2316.85,1092.5,2298.0,2678,2,76,12904.7
2316.972,1092.5,2298.0,2678,1,77,12894.6
2317.093,1092.5,2298.0,2678,2,76,12883.8
2317.215,1092.5,2298.0,2678,2,76,12874.2
2317.336,1092.5,2298.0,2678,2,76,12865.7
2317.458,1092.5,2298.0,2678,1,76,12854.8
2317.58,1092.5,2298.0,2678,2,77,12845.0
2317.701,672.6,2298.0,2678,2,81,12836.1
2317.822,672.6,2298.0,2678,77,78,12827.7
2317.944,679.6,2298.0,2678,1,77,12819.7
2318.065,704.1,2298.0,2678,1,77,12808.0
2318.187,833.6,2298.0,2678,2,77,12801.8
2318.309,833.6,2298.0,2678,3,77,12789.5
2318.43,833.6,2298.0,2678,0,77,12778.0
2318.553,833.6,2298.0,2678,0,77,12765.7
2318.675,833.6,2298.0,2678,2,77,12753.0
2318.797,833.6,2298.0,2678,2,77,12740.3
2318.919,833.6,2298.0,2678,0,77,12728.8
2319.043,833.6,2298.0,2678,0,77,12715.1
2319.165,833.6,2298.0,2678,2,77,12703.2
2319.287,833.6,2298.0,2678,2,77,12693.0
2319.409,833.6,2298.0,2678,2,77,12681.1
2319.531,833.6,2298.0,2678,1,77,12674.6
2319.653,833.6,2298.0,2678,2,76,12662.9
2319.775,833.6,2298.0,2678,2,77,12651.0
2319.897,833.6,2298.0,2678,2,77,12643.0
2320.019,833.6,2298.0,2678,1,77,12632.7
2320.141,833.6,2298.0,2678,2,76,12624.0
2320.263,963.1,2298.0,2678,2,77,12613.4
2320.387,963.1,2298.0,2678,2,76,12602.4
2320.509,963.1,2298.0,2678,1,77,12592.4
2320.63,963.1,2298.0,2678,2,77,12581.9
2320.752,963.1,2298.0,2678,2,77,12569.8
2320.875,963.1,2298.0,2678,2,77,12564.7
2320.995,963.1,2298.0,2678,1,77,12551.7
2321.118,963.1,2298.0,2678,2,77,12541.9
2321.241,963.1,2298.0,2678,2,77,12532.8
2321.362,963.1,2298.0,2678,2,77,12521.4
2321.484,963.1,2298.0,2678,1,77,12509.0
2321.608,963.1,2298.0,2678,2,77,12497.9
2321.73,963.1,2298.0,2678,2,77,12488.0
2321.853,963.1,2298.0,2678,2,77,12475.5
2321.975,1092.6,2298.0,2678,0,77,12463.6
2322.098,1092.6,2298.0,2678,2,77,12452.1
2322.219,1092.6,2298.0,2678,2,77,12440.5
2322.341,1092.6,2298.0,2678,2,77,12429.1
2322.462,1092.6,2298.0,2678,0,77,12416.4
2322.583,1092.6,2298.0,2678,0,77,12406.8
2322.706,1092.6,2298.0,2678,2,76,12394.9
2322.828,1092.6,2298.0,2678,2,76,12381.0
2322.951,1092.6,2298.0,2678,1,77,12369.1
2323.073,1092.6,2298.0,2678,1,77,12357.0
2323.195,1092.6,2298.0,2678,2,77,12343.7
2323.317,1092.6,2298.0,2678,2,77,12330.9
2323.439,1092.6,2298.0,2678,0,77,12320.6
2323.561,1092.6,2298.0,2678,0,77,12310.5
2323.683,1092.6,2298.0,2678,2,77,12300.1
2323.806,1092.6,2298.0,2678,2,77,12289.8
2323.928,1092.6,2298.0,2678,2,77,12278.5
2324.05,672.7,2298.0,2678,1,78,12267.1
2324.173,672.7,2298.0,2678,60,79,12256.6
2324.296,672.7,2298.0,2678,19,77,12245.4
2324.418,672.7,2298.0,2678,19,77,12232.5
2324.54,672.7,2298.0,2678,0,77,12221.6
2324.663,679.7,2298.0,2678,2,77,12210.1
2324.785,704.2,2298.0,2678,2,77,12197.3
2324.907,704.2,2298.0,2678,2,77,12185.3
2325.029,704.2,2298.0,2678,0,77,12173.9
2325.152,704.2,2298.0,2678,2,77,12161.0
2325.274,704.2,2298.0,2678,2,77,12148.4
2325.396,833.7,2298.0,2678,2,77,12138.5
2325.519,833.7,2298.0,2678,1,77,12128.7
2325.642,833.7,2298.0,2678,2,77,12119.5
2325.763,833.7,2298.0,2678,2,77,12115.2
2325.885,833.7,2298.0,2678,3,77,12103.4
2326.007,833.7,2298.0,2678,1,77,12099.7
2326.129,833.7,2298.0,2678,3,77,12073.9
2326.248,963.2,2298.0,2678,3,77,12072.2
2326.367,963.2,2298.0,2678,5,77,12051.9
2326.485,963.2,2298.0,2678,4,77,12049.4
2326.604,1092.7,2298.0,2678,4,77,12057.1
2326.722,1092.7,2298.0,2678,5,77,12061.0
2326.851,1092.7,2298.0,2678,5,76,12074.3
2326.973,672.7,2298.0,2678,22,77,12076.3
2327.094,672.7,2298.0,2678,22,79,12068.8
2327.215,833.8,2298.0,2678,58,77,12081.0
2327.335,833.8,2298.0,2678,5,77,12098.8
2327.458,833.8,2298.0,2678,4,77,12117.0
2327.582,963.3,2298.0,2678,4,77,12131.8
2327.705,963.3,2298.0,2678,5,77,12148.4
2327.828,1092.8,2298.0,2678,6,77,12164.5
2327.951,1092.8,2298.0,2678,9,77,12171.4
2328.072,672.8,2298.0,2678,9,81,12162.4
2328.194,833.8,2298.0,2678,74,78,12163.1
2328.313,963.3,2298.0,2678,13,77,12167.8
2328.435,672.9,2298.0,2678,13,78,12166.2
2328.557,672.9,2298.0,2678,38,82,12161.6
2328.675,833.9,2298.0,2678,54,77,12168.8
2328.793,1092.9,2298.0,2678,17,77,12183.2
2328.911,673.0,2298.0,2678,17,81,12189.3
2329.031,704.5,2298.0,2678,80,78,12058.0
2329.15,963.5,2298.0,2678,15,77,12011.0
2329.268,1093.0,2298.0,2678,15,77,12019.7
2329.387,673.0,2298.0,2678,34,82,12019.7
2329.506,834.0,2298.0,2678,57,78,12028.7
2329.624,963.5,2298.0,2678,14,77,12040.2
2329.742,1093.0,2298.0,2678,14,77,11873.7
2329.86,673.1,2298.0,2678,34,81,11855.2
2329.98,834.1,2298.0,2678,59,78,11853.2
2330.099,1093.1,2298.0,2678,59,77,11843.4
2330.217,673.2,2298.0,2678,42,82,11843.5
2330.337,834.2,2298.0,2678,59,78,11848.8
2330.455,1093.2,2298.0,2678,59,78,11856.3
2330.573,673.2,2298.0,2678,31,82,11856.3
2330.692,963.8,2298.0,2678,70,78,11863.2
2330.81,1093.3,2298.0,2678,21,77,11880.7
2330.927,646.8,2298.0,2678,21,81,11887.8
2331.047,646.8,2298.0,2678,77,78,11947.5
2331.172,646.8,2298.0,2678,1,77,12070.3
2331.3,646.8,2298.0,2678,1,77,12152.1
2331.428,646.8,2298.0,2678,1,77,12157.7
2331.581,646.8,2298.0,2678,0,77,12105.8
2331.712,646.8,2298.0,2678,1,77,12160.4
2331.842,646.8,2298.0,2678,1,77,12177.8
2331.987,646.8,2298.0,2678,1,77,12223.8
2332.12,646.8,2298.0,2678,1,77,12324.2
2332.249,646.8,2298.0,2678,1,77,12400.5
2332.38,646.8,2298.0,2678,1,77,12390.2
2332.512,646.8,2298.0,2678,1,77,12404.4
2332.643,646.8,2298.0,2678,1,77,12441.9
2332.774,646.8,2298.0,2678,1,77,12483.7
2332.903,646.8,2298.0,2678,1,77,12534.3
2333.032,646.8,2298.0,2678,1,77,12582.5
2333.164,646.8,2298.0,2678,1,77,12679.6
2333.294,646.8,2298.0,2678,1,77,12752.9
2333.426,646.8,2298.0,2678,1,77,12798.0
2333.557,646.8,2298.0,2678,1,77,12866.5
2333.688,646.8,2298.0,2678,1,77,12928.7
2333.821,646.8,2298.0,2678,1,77,12990.4
2333.952,646.8,2298.0,2678,1,77,13043.5
2334.083,646.8,2298.0,2678,1,77,13088.6
2334.216,646.8,2298.0,2678,1,77,13166.0
2334.351,646.8,2298.0,2678,1,77,13227.5
2334.483,646.8,2298.0,2678,1,77,13285.5
2334.615,646.8,2298.0,2678,1,77,13330.4
2334.758,646.8,2298.0,2678,1,77,13366.1
2335.011,646.8,2298.0,2678,0,77,13375.7
2335.231,646.8,2298.0,2678,1,77,13380.2
2335.372,646.8,2298.0,2678,1,77,13382.3
2335.57,646.8,2298.0,2678,0,77,13384.9
2335.766,646.8,2298.0,2678,0,77,13391.4
2335.91,646.8,2298.0,2678,1,77,13396.0
2336.059,646.8,2298.0,2678,1,77,13401.0
2336.219,646.8,2298.0,2678,0,76,13418.3
2336.659,646.8,2298.0,2678,3,76,13370.2
2337.111,646.8,2298.0,2678,1,76,13152.4
2337.282,699.3,2298.0,2678,1,76,13088.7
2337.405,828.8,2298.0,2678,6,76,13098.3
2337.527,958.3,2298.0,2678,8,76,13116.0
2337.649,958.3,2298.0,2678,8,76,13137.4
2337.77,1087.8,2298.0,2678,5,76,13152.7
2337.892,1087.8,2298.0,2678,7,76,13173.0
2338.015,675.0,2298.0,2678,39,76,13179.1
2338.137,829.0,2298.0,2678,39,76,13200.9
2338.26,829.0,2298.0,2678,5,76,13220.4
2338.383,958.5,2298.0,2678,6,76,13246.0
2338.505,958.5,2298.0,2678,6,76,13263.3
2338.629,1088.0,2298.0,2678,6,76,13290.4
2338.751,1088.0,2298.0,2678,5,76,13313.7
2338.874,668.0,2298.0,2678,12,77,13320.1
2338.996,829.1,2298.0,2678,33,76,13323.4
2339.234,958.6,2298.0,2678,7,76,13304.7
2339.494,1088.1,2298.0,2678,1,76,13281.0
2339.812,1088.1,2298.0,2678,21,76,13260.4
2340.101,829.1,2298.0,2678,5,76,13241.0
2340.36,958.6,2298.0,2678,10,76,13225.0
2340.591,1088.1,2298.0,2678,5,76,13205.3
2340.889,699.7,2298.0,2678,34,76,13197.4
2341.051,829.2,2298.0,2678,3,76,13187.0
2341.296,958.7,2298.0,2678,7,75,13177.7
2341.547,668.3,2298.0,2678,9,77,13177.7
2341.744,829.3,2298.0,2678,39,76,13163.0
2341.955,829.3,2298.0,2678,6,76,13139.2
2342.191,958.8,2298.0,2678,7,76,12979.4
2342.313,1088.3,2298.0,2678,7,76,12979.9
2342.448,1088.3,2298.0,2678,6,76,12994.8
2342.571,668.3,2298.0,2678,23,77,12996.8
2342.693,829.3,2298.0,2678,25,76,13009.2
2342.815,958.8,2298.0,2678,25,76,13020.0
2342.938,1088.3,2298.0,2678,13,76,13030.2
2343.061,829.4,2298.0,2678,32,76,13030.4
2343.184,668.5,2298.0,2678,65,77,13037.4
2343.308,1088.5,2298.0,2678,65,76,13077.0
2343.431,829.6,2298.0,2678,60,77,13095.3
2343.553,1088.6,2298.0,2678,29,76,13105.6
2343.676,700.1,2298.0,2678,29,77,13106.4
2343.798,959.1,2298.0,2678,40,77,13126.1
2343.92,1089.7,2298.0,2678,14,76,13150.3
2344.042,829.7,2298.0,2678,44,77,13156.5
2344.165,959.2,2298.0,2678,44,77,13165.0
2344.286,1088.7,2298.0,2678,11,77,13174.5
2344.408,668.8,2298.0,2678,25,78,13179.4
2344.531,959.3,2298.0,2678,29,77,13199.9
2344.653,1088.8,2298.0,2678,29,77,13208.5
2344.778,672.3,2298.0,2678,11,78,13208.4
2344.9,959.3,2298.0,2678,41,77,13215.9
2345.036,668.9,2298.0,2678,34,79,13218.0
2345.173,829.9,2298.0,2678,25,77,13219.9
2345.325,1088.9,2298.0,2678,9,77,13208.0
2345.561,669.0,2298.0,2678,21,78,13203.0
2345.714,959.5,2298.0,2678,26,77,13199.0
2345.918,1090.9,2298.0,2678,35,77,13188.8
2346.146,830.1,2298.0,2678,11,77,13175.0
2346.354,1089.1,2298.0,2678,13,77,13165.6
2346.546,830.1,2298.0,2678,36,77,13157.9
2346.693,959.6,2298.0,2678,13,77,13145.6
2346.89,669.2,2298.0,2678,27,78,13135.7
2347.049,959.7,2298.0,2678,23,77,13118.6
2347.298,959.7,2298.0,2678,6,77,13099.5
2347.556,1089.2,2298.0,2678,1,77,13069.8
2347.899,669.3,2298.0,2678,27,77,13048.6
2348.169,830.3,2298.0,2678,2,77,13022.2
2348.491,830.3,2298.0,2678,5,77,12994.9
2348.805,959.8,2298.0,2678,7,77,12968.7
2349.13,1089.3,2298.0,2678,47,78,12950.6
2349.338,959.9,2298.0,2678,47,78,12942.2
2349.464,669.6,2298.0,2678,93,78,12933.5
2349.586,669.6,2298.0,2678,92,79,12924.7
2349.708,669.7,2298.0,2678,94,80,12857.8
2349.831,1089.7,2298.0,2678,94,78,12808.3
2349.961,1094.1,2298.0,2678,58,78,12755.4
2350.085,1089.8,2298.0,2678,78,78,12754.6
2350.207,643.4,2298.0,2678,37,78,12795.2
2350.33,643.4,2298.0,2678,37,77,12873.2
2350.46,643.4,2298.0,2678,1,77,12911.0
2350.591,643.4,2298.0,2678,1,77,12987.3
2350.723,643.4,2298.0,2678,0,77,13064.6
2350.859,643.4,2298.0,2678,0,77,12902.1
2350.989,643.4,2298.0,2678,1,77,12671.6
2351.118,643.4,2298.0,2678,1,77,12766.9
2351.248,643.4,2298.0,2678,0,77,12862.7
2351.377,643.4,2298.0,2678,1,77,12963.3
2351.509,643.4,2298.0,2678,1,77,13059.9
2351.638,643.4,2298.0,2678,1,77,13118.0
2351.77,643.4,2298.0,2678,0,77,13153.0
2351.901,643.4,2298.0,2678,1,77,13248.5
2352.03,643.4,2298.0,2678,1,77,13338.6
2352.161,643.4,2298.0,2678,1,77,13107.0
2352.307,643.4,2298.0,2678,0,77,12958.0
2352.437,643.4,2298.0,2678,1,77,13078.0
2352.602,643.4,2298.0,2678,1,77,13175.6
2352.731,643.4,2298.0,2678,0,77,13233.7
2352.853,643.4,2298.0,2678,0,77,13227.7
2352.976,643.1,2298.0,2678,1,77,13254.9
2353.094,668.5,2298.0,2678,2,77,13271.8
2353.213,700.0,2298.0,2678,2,77,13294.8
2353.331,829.5,2298.0,2678,3,77,13314.7
2353.45,829.5,2298.0,2678,5,77,13335.6
2353.568,959.0,2298.0,2678,5,77,13354.7
2353.686,959.0,2298.0,2678,5,77,13375.3
2353.805,959.0,2298.0,2678,4,77,13393.2
2353.923,1088.5,2298.0,2678,6,77,13412.3
2354.041,1088.5,2298.0,2678,6,77,13431.3
2354.159,1088.5,2298.0,2678,6,77,13451.8
2354.278,669.3,2298.0,2678,36,79,13421.7
2354.397,830.4,2298.0,2678,14,77,13311.5
2354.515,830.4,2298.0,2678,14,77,13333.7
2354.634,830.4,2298.0,2678,6,77,13360.2
2354.752,959.9,2298.0,2678,5,77,13389.1
2354.871,959.9,2298.0,2678,5,77,13413.5
2354.989,1089.4,2298.0,2678,7,77,13446.6
2355.107,669.4,2298.0,2678,7,79,13463.6
2355.225,700.9,2298.0,2678,44,77,13480.1
2355.344,830.4,2298.0,2678,44,77,13500.2
2355.463,830.4,2298.0,2678,7,77,13515.3
2355.581,959.9,2298.0,2678,9,77,13528.4
2355.698,1089.4,2298.0,2678,9,77,13468.5
2355.818,1089.4,2298.0,2678,7,77,13378.1
2355.936,669.5,2298.0,2678,45,79,13384.5
2356.055,830.5,2298.0,2678,45,77,13401.4
2356.173,830.5,2298.0,2678,9,77,13420.7
2356.291,830.5,2298.0,2678,4,77,13442.3
2356.41,960.0,2298.0,2678,6,77,13458.8
2356.528,960.0,2298.0,2678,6,77,13478.6
2356.647,1089.5,2298.0,2678,6,76,13501.6
2356.764,1089.5,2298.0,2678,4,77,13521.3
2356.883,1089.5,2298.0,2678,4,76,13537.4
2357.001,669.6,2298.0,2678,5,79,13541.7
2357.123,701.1,2298.0,2678,45,77,13551.7
2357.245,830.6,2298.0,2678,4,77,13563.3
2357.367,830.6,2298.0,2678,4,77,13574.3
2357.488,960.1,2298.0,2678,5,77,13584.9
2357.609,960.1,2298.0,2678,6,77,13596.0
2357.73,1089.6,2298.0,2678,8,76,13602.6
2357.852,669.6,2298.0,2678,8,80,13599.8
2357.974,830.6,2298.0,2678,48,77,13609.3
2358.095,830.6,2298.0,2678,7,77,13620.2
2358.216,960.1,2298.0,2678,7,77,13629.4
2358.338,1089.6,2298.0,2678,9,77,13637.0
2358.46,669.7,2298.0,2678,8,80,13637.6
2358.582,830.7,2298.0,2678,48,77,13644.0
2358.704,960.2,2298.0,2678,48,77,13651.5
2358.825,1089.7,2298.0,2678,11,77,13661.8
2358.947,1089.7,2298.0,2678,8,76,13669.9
2359.069,830.8,2298.0,2678,54,78,13664.2
2359.192,669.8,2298.0,2678,54,79,13660.1
2359.315,960.4,2298.0,2678,60,78,13659.2
2359.437,669.9,2298.0,2678,47,80,13653.3
2359.56,830.9,2298.0,2678,47,77,13658.1
2359.682,1089.9,2298.0,2678,31,77,13660.1
2359.804,701.5,2298.0,2678,53,78,13660.5
2359.926,960.5,2298.0,2678,12,77,13666.5
2360.047,960.5,2298.0,2678,12,77,13672.9
2360.169,670.1,2298.0,2678,12,80,13668.8
2360.291,831.1,2298.0,2678,51,77,13677.9
2360.415,960.6,2298.0,2678,9,77,13684.2
2360.536,1090.1,2298.0,2678,9,77,13691.2
2360.658,670.1,2298.0,2678,9,78,13691.0
2360.78,831.1,2298.0,2678,50,78,13692.4
2360.902,960.6,2298.0,2678,10,77,13696.0
2361.034,1090.1,2298.0,2678,10,77,13697.8
2361.172,670.2,2298.0,2678,9,80,13690.9
2361.319,831.2,2298.0,2678,50,77,13686.2
2361.485,1090.2,2298.0,2678,11,77,13668.2
2361.716,677.3,2298.0,2678,47,78,13657.7
2361.876,960.8,2298.0,2678,8,77,13642.6
2362.107,1090.3,2298.0,2678,3,77,13621.5
2362.37,670.3,2298.0,2678,47,79,13612.7
2362.535,831.4,2298.0,2678,11,77,13598.4
2362.745,1090.4,2298.0,2678,10,77,13582.6
2362.962,670.4,2298.0,2678,16,79,13576.3
2363.103,831.4,2298.0,2678,39,77,13561.8
2363.312,960.9,2298.0,2678,7,77,13549.9
2363.507,670.5,2298.0,2678,7,80,13539.8
2363.697,831.5,2298.0,2678,10,77,13524.8
2363.908,1090.5,2298.0,2678,8,77,13510.7
2364.116,670.6,2298.0,2678,24,80,13502.3
2364.27,831.6,2298.0,2678,1,77,13466.1
2364.603,961.1,2298.0,2678,4,77,13426.5
2364.948,961.1,2298.0,2678,2,77,13394.2
2365.313,1090.6,2298.0,2678,1,77,13364.3
2365.677,1090.6,2298.0,2678,3,77,13336.8
2366.037,1090.6,2298.0,2678,1,79,13328.3
2366.19,702.1,2298.0,2678,41,78,13320.2
2366.312,831.6,2298.0,2678,10,77,13330.5
2366.442,831.6,2298.0,2678,4,77,13321.0
2366.678,961.1,2298.0,2678,4,77,13299.5
2366.949,1090.6,2298.0,2678,4,77,13280.5
2367.214,1090.6,2298.0,2678,6,77,13258.8
2367.504,670.7,2298.0,2678,10,78,13245.2
2367.712,831.7,2298.0,2678,1,77,13214.4
2368.079,831.7,2298.0,2678,1,77,13180.1
2368.471,961.2,2298.0,2678,2,77,13146.6
2368.862,961.2,2298.0,2678,3,77,13115.1
2369.218,1090.7,2298.0,2678,4,77,13088.6
2369.521,670.8,2298.0,2678,7,78,13081.6
2369.665,961.3,2298.0,2678,47,77,13064.0
2369.888,1090.8,2298.0,2678,6,79,13055.6
2370.054,831.9,2298.0,2678,33,78,13048.3
2370.198,1090.9,2298.0,2678,33,77,13036.9
2370.377,831.9,2298.0,2678,16,78,13028.6
2370.514,1090.9,2298.0,2678,50,77,13022.8
2370.662,671.0,2298.0,2678,28,79,13015.5
2370.798,832.0,2298.0,2678,36,77,13002.6
2371.004,1091.0,2298.0,2678,7,77,12987.2
2371.221,671.1,2298.0,2678,9,78,12972.7
2371.369,1091.1,2298.0,2678,53,77,12967.5
2371.499,702.6,2298.0,2678,46,79,12958.7
2371.629,1091.1,2298.0,2678,33,77,12954.9
2371.762,832.2,2298.0,2678,33,79,12947.9
2371.889,1091.2,2298.0,2678,58,77,12942.3
2372.061,644.8,2298.0,2678,44,79,12933.9
2372.231,644.8,2298.0,2678,1,77,12938.3
2372.525,644.8,2298.0,2678,0,77,12892.2
2372.658,644.8,2298.0,2678,1,77,12939.9
2372.794,644.8,2298.0,2678,1,77,13006.4
2372.933,644.8,2298.0,2678,0,77,13053.1
2373.101,644.8,2298.0,2678,1,77,13059.9
2373.378,644.8,2298.0,2678,0,77,13063.0
2373.682,644.8,2298.0,2678,1,77,13064.6
2374.01,644.8,2298.0,2678,1,77,13070.1
2374.295,644.8,2298.0,2678,0,77,13057.9
2374.623,644.8,2298.0,2678,1,77,13063.3
2374.951,644.8,2298.0,2678,1,77,13070.0
2375.274,644.8,2298.0,2678,1,77,13045.9
2375.509,644.8,2298.0,2678,0,77,12683.6
2375.655,644.8,2298.0,2678,1,77,12316.6
2375.855,644.8,2298.0,2678,1,77,12405.2
2375.983,644.8,2298.0,2678,0,77,12488.7
2376.113,644.8,2298.0,2678,0,77,12575.2
2376.242,644.8,2298.0,2678,1,77,12658.6
2376.373,644.8,2298.0,2678,1,77,12739.8
2376.503,644.8,2298.0,2678,0,77,12816.7
2376.633,644.8,2298.0,2678,1,77,12915.8
2376.762,644.8,2298.0,2678,1,77,12917.8
2376.894,644.8,2298.0,2678,1,77,12924.2
2377.023,644.8,2298.0,2678,0,77,12968.2
2377.148,644.8,2298.0,2678,1,77,12953.7
2377.27,644.8,2298.0,2678,1,77,12997.0
2377.391,644.8,2298.0,2678,1,77,13042.6
2377.512,644.8,2298.0,2678,1,77,13094.4
2377.634,644.8,2298.0,2678,1,77,13143.3
2377.757,644.8,2298.0,2678,1,77,13189.5
2377.879,644.8,2298.0,2678,1,77,13228.8
2378.0,643.1,2298.0,2678,1,77,13172.9
2378.119,671.7,2298.0,2678,1,77,13191.2
2378.237,829.2,2298.0,2678,3,77,13214.4
2378.356,829.2,2298.0,2678,5,77,13234.3
2378.475,829.2,2298.0,2678,4,77,13254.9
2378.594,958.7,2298.0,2678,4,77,13274.6
2378.712,958.7,2298.0,2678,4,77,13293.4
2378.829,958.7,2298.0,2678,5,77,13312.2
2378.948,1088.2,2298.0,2678,5,77,13331.1
2379.065,1088.2,2298.0,2678,4,77,13160.4
2379.186,668.8,2298.0,2678,4,79,13001.4
2379.312,700.4,2298.0,2678,42,77,13016.6
2379.43,829.9,2298.0,2678,42,77,13037.0
2379.549,829.9,2298.0,2678,6,77,13059.6
2379.667,959.4,2298.0,2678,5,77,13082.1
2379.785,959.4,2298.0,2678,5,77,13102.0
2379.903,1088.9,2298.0,2678,6,77,13121.4
2380.022,1088.9,2298.0,2678,5,77,13142.4
2380.14,1088.9,2298.0,2678,4,77,13161.2
2380.259,668.9,2298.0,2678,4,80,13173.2
2380.377,829.9,2298.0,2678,42,77,13196.4
2380.496,829.9,2298.0,2678,6,77,13211.0
2380.614,959.4,2298.0,2678,6,77,13224.4
2380.732,959.4,2298.0,2678,6,77,13239.5
2380.851,1088.9,2298.0,2678,8,77,13255.6
2380.969,1088.9,2298.0,2678,8,77,13268.9
2381.087,676.0,2298.0,2678,17,78,13276.3
2381.205,830.0,2298.0,2678,30,77,13292.2
2381.323,830.0,2298.0,2678,5,77,13310.2
2381.441,959.5,2298.0,2678,5,77,13303.9
2381.561,959.5,2298.0,2678,6,77,13288.5
2381.68,1089.0,2298.0,2678,5,77,13306.7
2381.797,1089.0,2298.0,2678,5,77,13326.6
2381.915,1089.0,2298.0,2678,5,77,13342.9
2382.033,669.1,2298.0,2678,4,78,13284.7
2382.151,672.6,2298.0,2678,40,78,13296.6
2382.268,830.1,2298.0,2678,40,77,13314.0
2382.386,830.1,2298.0,2678,5,77,13329.5
2382.505,830.1,2298.0,2678,5,77,13337.1
2382.623,959.6,2298.0,2678,5,77,13353.3
2382.743,959.6,2298.0,2678,4,76,13367.0
2382.861,1089.1,2298.0,2678,6,77,13383.1
2382.98,1089.1,2298.0,2678,6,76,13399.7
2383.098,669.1,2298.0,2678,6,79,13410.7
2383.216,700.6,2298.0,2678,41,77,13427.1
2383.334,830.1,2298.0,2678,5,77,13444.8
2383.453,830.1,2298.0,2678,5,76,13455.7
2383.574,959.6,2298.0,2678,6,76,13465.2
2383.695,1089.1,2298.0,2678,7,76,13475.2
2383.816,1089.1,2298.0,2678,6,76,13485.1
2383.937,669.2,2298.0,2678,6,77,13489.2
2384.059,700.7,2298.0,2678,42,77,13497.5
2384.18,830.2,2298.0,2678,5,77,13508.0
2384.301,959.7,2298.0,2678,5,77,13519.4
2384.422,959.7,2298.0,2678,9,76,13534.8
2384.544,1089.2,2298.0,2678,7,76,13545.5
2384.665,1089.2,2298.0,2678,5,77,13554.6
2384.787,830.3,2298.0,2678,5,77,13553.1
2384.908,1089.3,2298.0,2678,48,77,13554.9
2385.03,669.4,2298.0,2678,33,80,13551.2
2385.152,959.9,2298.0,2678,33,77,13554.2
2385.273,669.4,2298.0,2678,32,78,13552.4
2385.395,830.4,2298.0,2678,51,77,13556.7
2385.517,959.9,2298.0,2678,10,77,13561.6
2385.638,1089.4,2298.0,2678,10,77,13566.9
2385.759,669.5,2298.0,2678,12,80,13567.8
2385.882,830.5,2298.0,2678,43,77,13578.7
2386.003,830.5,2298.0,2678,8,77,13587.1
2386.125,960.0,2298.0,2678,8,77,13596.7
2386.246,960.0,2298.0,2678,5,76,13605.7
2386.368,669.6,2298.0,2678,25,79,13603.0
2386.49,830.6,2298.0,2678,25,77,13613.2
2386.612,830.6,2298.0,2678,29,77,13627.3
2386.734,960.1,2298.0,2678,5,77,13637.4
2386.866,960.1,2298.0,2678,7,76,13645.7
2386.997,1089.6,2298.0,2678,1,76,13617.8
2387.298,1093.7,2298.0,2678,38,77,13600.6
2387.586,830.6,2298.0,2678,5,76,13584.3
2387.844,960.1,2298.0,2678,5,76,13572.7
2388.075,960.1,2298.0,2678,3,76,13560.9
2388.315,1089.6,2298.0,2678,5,76,13541.7
2388.589,669.7,2298.0,2678,3,78,13533.7
2388.754,830.7,2298.0,2678,5,77,13519.8
2388.991,960.2,2298.0,2678,6,76,13501.0
2389.262,1089.7,2298.0,2678,8,77,13486.3
2389.481,669.8,2298.0,2678,42,79,13477.0
2389.64,830.8,2298.0,2678,5,77,13458.2
2389.887,830.8,2298.0,2678,3,77,13438.4
2390.155,960.3,2298.0,2678,3,77,13419.9
2390.405,1089.8,2298.0,2678,4,77,13394.0
2390.687,1089.8,2298.0,2678,4,77,13374.9
2390.942,701.4,2298.0,2678,10,77,13364.4
2391.104,830.9,2298.0,2678,4,77,13342.5
2391.351,960.4,2298.0,2678,6,77,13327.1
2391.569,1089.9,2298.0,2678,5,77,13310.1
2391.8,669.9,2298.0,2678,43,78,13296.2
2392.022,830.9,2298.0,2678,6,77,13280.7
2392.248,830.9,2298.0,2678,4,77,13264.1
2392.487,960.4,2298.0,2678,6,77,13245.0
2392.735,1089.9,2298.0,2678,3,77,13229.6
2392.953,670.0,2298.0,2678,5,78,13220.0
2393.132,831.0,2298.0,2678,5,77,13202.7
2393.365,831.0,2298.0,2678,6,77,13194.2
2393.548,960.5,2298.0,2678,5,77,13182.2
2393.752,1090.0,2298.0,2678,3,77,13175.0
2393.942,670.1,2298.0,2678,5,80,13119.0
2394.11,831.1,2298.0,2678,43,77,12832.9
2394.231,831.1,2298.0,2678,7,77,12854.7
2394.352,960.6,2298.0,2678,7,77,12863.6
2394.473,960.6,2298.0,2678,6,77,12835.4
2394.595,1090.1,2298.0,2678,5,77,12850.3
2394.716,1090.1,2298.0,2678,4,77,12874.1
2394.838,1090.1,2298.0,2678,4,77,12894.8
2394.96,670.1,2298.0,2678,17,78,12910.1
2395.082,831.1,2298.0,2678,29,77,12933.5
2395.206,831.1,2298.0,2678,4,77,12947.4
2395.327,831.1,2298.0,2678,4,77,12959.5
2395.449,960.6,2298.0,2678,5,77,12969.7
2395.572,960.6,2298.0,2678,6,77,12977.5
2395.695,1090.1,2298.0,2678,6,77,12983.1
2395.818,1090.1,2298.0,2678,6,77,12994.9
2395.941,701.7,2298.0,2678,31,78,12996.0
2396.064,831.2,2298.0,2678,17,77,13011.6
2396.185,831.2,2298.0,2678,17,77,13028.2
2396.308,960.7,2298.0,2678,4,77,13042.0
2396.429,960.7,2298.0,2678,6,77,13055.0
2396.552,1090.2,2298.0,2678,6,77,13071.0
2396.674,670.3,2298.0,2678,6,77,13071.8
2396.796,831.3,2298.0,2678,43,77,13071.4
2396.927,960.8,2298.0,2678,13,77,13071.7
2397.06,670.4,2298.0,2678,18,80,13064.7
2397.214,831.4,2298.0,2678,43,77,13053.8
2397.389,1090.4,2298.0,2678,13,80,13043.8
2397.579,960.9,2298.0,2678,49,77,13035.3
2397.738,1090.4,2298.0,2678,12,80,13027.9
2397.906,831.5,2298.0,2678,46,77,13013.0
2398.124,961.0,2298.0,2678,7,77,13001.0
2398.322,670.6,2298.0,2678,46,79,12990.6
2398.495,961.1,2298.0,2678,46,77,12985.0
2398.636,670.6,2298.0,2678,18,80,12977.9
2398.769,961.2,2298.0,2678,52,77,12972.0
2398.914,670.7,2298.0,2678,33,79,12961.3
2399.061,961.2,2298.0,2678,39,77,12954.6
2399.212,1090.7,2298.0,2678,8,79,12956.5
2399.409,644.3,2298.0,2678,39,77,12935.7
2399.589,644.3,2298.0,2678,1,77,12660.6
2399.742,644.3,2298.0,2678,0,77,12499.1
2399.874,644.3,2298.0,2678,1,77,12580.4
2400.003,644.3,2298.0,2678,1,77,12665.8
2400.133,644.3,2298.0,2678,1,77,12750.2
2400.262,644.3,2298.0,2678,0,77,12843.6
2400.392,644.3,2298.0,2678,1,77,12938.4
2400.521,644.3,2298.0,2678,1,77,13014.1
2400.652,644.3,2298.0,2678,1,77,13082.8
2400.782,644.3,2298.0,2678,0,77,13155.5
2400.913,644.3,2298.0,2678,1,77,13230.8
2401.045,644.3,2298.0,2678,1,77,13302.9
2401.176,644.3,2298.0,2678,1,77,13376.0
2401.309,644.3,2298.0,2678,0,77,13446.4
2401.441,644.3,2298.0,2678,1,77,13512.6
2401.578,644.3,2298.0,2678,1,77,13578.1
2401.716,644.3,2298.0,2678,0,77,13638.4
2401.911,644.3,2298.0,2678,1,76,13631.0
2402.303,644.3,2298.0,2678,1,76,13596.1
2402.558,644.3,2298.0,2678,1,76,13348.4
2402.683,644.3,2298.0,2678,1,76,13268.0
2402.805,644.3,2298.0,2678,0,76,13302.6
2402.927,644.3,2298.0,2678,1,76,13325.9
2403.05,644.3,2298.0,2678,1,76,13350.6
2403.171,644.3,2298.0,2678,1,76,13377.1
2403.292,644.3,2298.0,2678,0,76,13400.8
2403.413,644.3,2298.0,2678,1,76,13387.8
2403.534,668.8,2298.0,2678,1,76,13392.0
2403.652,700.3,2298.0,2678,3,76,13383.1
2403.77,829.8,2298.0,2678,4,76,13401.2
2403.888,829.8,2298.0,2678,5,76,13368.2
2404.007,959.3,2298.0,2678,5,76,13256.9
2404.125,959.3,2298.0,2678,5,76,13274.8
2404.243,959.3,2298.0,2678,4,76,13291.2
2404.363,1088.8,2298.0,2678,4,76,13309.3
2404.481,1088.8,2298.0,2678,5,76,13327.2
2404.6,669.9,2298.0,2678,7,76,13338.2
2404.719,669.9,2298.0,2678,7,77,13338.4
2404.837,831.0,2298.0,2678,79,76,13355.3
2404.956,831.0,2298.0,2678,6,76,13372.5
2405.074,831.0,2298.0,2678,6,76,13352.9
2405.193,960.5,2298.0,2678,6,76,13233.9
2405.312,960.5,2298.0,2678,4,76,13251.3
2405.43,1090.0,2298.0,2678,5,76,13271.2
2405.548,1090.0,2298.0,2678,5,76,13292.0
2405.668,1090.0,2298.0,2678,5,75,13310.5
2405.786,670.0,2298.0,2678,33,78,13313.0
2405.905,670.0,2298.0,2678,43,76,13322.1
2406.025,831.0,2298.0,2678,43,76,13342.4
2406.143,831.0,2298.0,2678,6,76,13356.5
2406.261,960.5,2298.0,2678,6,76,13370.4
2406.379,960.5,2298.0,2678,6,76,13387.0
2406.497,1090.0,2298.0,2678,6,76,13401.4
2406.615,1090.0,2298.0,2678,8,76,13416.5
2406.733,670.1,2298.0,2678,69,80,13417.1
2406.855,673.6,2298.0,2678,69,77,13402.9
2406.973,831.1,2298.0,2678,4,76,13312.2
2407.092,831.1,2298.0,2678,5,76,13286.1
2407.21,831.1,2298.0,2678,5,76,13306.8
2407.328,960.6,2298.0,2678,5,76,13323.0
2407.446,960.6,2298.0,2678,5,76,13340.0
2407.564,1090.1,2298.0,2678,5,76,13361.8
2407.682,1090.1,2298.0,2678,6,76,13380.6
2407.8,1090.1,2298.0,2678,4,76,13396.1
2407.918,670.2,2298.0,2678,36,79,13381.0
2408.039,670.2,2298.0,2678,36,77,13264.0
2408.158,701.7,2298.0,2678,34,76,13285.6
2408.276,831.2,2298.0,2678,4,76,13306.3
2408.394,831.2,2298.0,2678,4,76,13323.3
2408.513,831.2,2298.0,2678,4,76,13341.4
2408.63,960.7,2298.0,2678,5,76,13357.6
2408.749,960.7,2298.0,2678,6,76,13374.4
2408.867,1090.2,2298.0,2678,6,76,13390.7
2408.986,1090.2,2298.0,2678,4,76,13406.7
2409.104,670.2,2298.0,2678,26,78,13415.6
2409.223,670.2,2298.0,2678,26,78,13417.8
2409.344,701.7,2298.0,2678,47,76,13432.9
2409.465,831.2,2298.0,2678,4,76,13321.0
2409.583,831.2,2298.0,2678,5,76,13316.4
2409.701,960.7,2298.0,2678,5,76,13307.4
2409.82,960.7,2298.0,2678,8,76,13290.7
2409.94,1090.2,2298.0,2678,4,76,13293.7
2410.058,1090.2,2298.0,2678,4,76,13313.7
2410.176,670.3,2298.0,2678,6,77,13328.1
2410.294,670.3,2298.0,2678,59,79,13328.1
2410.412,701.8,2298.0,2678,59,76,13346.1
2410.531,831.3,2298.0,2678,11,76,13369.6
2410.65,831.3,2298.0,2678,6,76,13396.7
2410.768,960.8,2298.0,2678,7,76,13420.8
2410.886,960.8,2298.0,2678,7,76,13450.9
2411.007,1090.3,2298.0,2678,5,76,13468.1
2411.128,1090.3,2298.0,2678,6,76,13488.8
2411.249,670.4,2298.0,2678,57,80,13486.2
2411.37,831.4,2298.0,2678,57,77,13498.2
2411.492,960.9,2298.0,2678,19,76,13509.7
2411.612,1090.4,2298.0,2678,11,76,13522.3
2411.733,670.4,2298.0,2678,11,79,13521.9
2411.856,670.4,2298.0,2678,59,77,13517.8
2411.978,831.5,2298.0,2678,18,76,13527.2
2412.1,1090.5,2298.0,2678,14,76,13535.4
2412.222,670.5,2298.0,2678,14,80,13534.0
2412.344,670.5,2298.0,2678,64,77,13531.6
2412.466,831.5,2298.0,2678,11,76,13545.7
2412.588,961.0,2298.0,2678,9,76,13561.1
2412.711,1090.5,2298.0,2678,9,76,13572.9
2412.832,1119.1,2298.0,2678,10,77,13580.6
2412.954,670.6,2298.0,2678,69,79,13582.8
2413.076,831.6,2298.0,2678,69,76,13605.1
2413.198,831.6,2298.0,2678,5,76,13619.5
2413.32,961.1,2298.0,2678,8,76,13629.1
2413.442,961.1,2298.0,2678,5,76,13638.4
2413.563,670.7,2298.0,2678,5,77,13636.5
2413.685,670.7,2298.0,2678,52,78,13627.8
2413.806,702.2,2298.0,2678,25,76,13637.6
2413.93,831.7,2298.0,2678,5,76,13650.8
2414.052,961.2,2298.0,2678,5,76,13658.9
2414.185,961.2,2298.0,2678,4,76,13654.5
2414.383,1090.7,2298.0,2678,4,76,13628.9
2414.695,670.7,2298.0,2678,62,77,13613.5
2414.949,831.7,2298.0,2678,11,76,13596.4
2415.187,961.2,2298.0,2678,3,76,13575.3
2415.452,961.2,2298.0,2678,3,76,13556.9
2415.72,1090.7,2298.0,2678,5,76,13532.8
2416.013,1090.7,2298.0,2678,42,80,13515.0
2416.281,831.8,2298.0,2678,33,76,13496.1
2416.532,831.8,2298.0,2678,5,76,13480.3
2416.756,961.3,2298.0,2678,8,76,13465.8
2416.968,1090.8,2298.0,2678,6,80,13452.6
2417.175,831.9,2298.0,2678,68,76,13437.6
2417.382,831.9,2298.0,2678,4,76,13419.8
2417.626,961.4,2298.0,2678,4,76,13399.8
2417.886,961.4,2298.0,2678,4,76,13379.9
2418.149,1090.9,2298.0,2678,3,76,13359.9
2418.41,671.0,2298.0,2678,3,80,13352.9
2418.546,702.5,2298.0,2678,66,77,13346.9
2418.681,832.0,2298.0,2678,5,76,13331.4
2418.903,961.5,2298.0,2678,5,76,13316.6
2419.111,1091.0,2298.0,2678,2,76,13275.7
2419.428,1091.0,2298.0,2678,5,76,13258.7
2419.666,671.0,2298.0,2678,35,79,13248.9
2419.8,702.5,2298.0,2678,34,77,13244.6
2419.948,832.0,2298.0,2678,6,76,13227.6
2420.176,961.5,2298.0,2678,4,76,13210.4
2420.404,1091.0,2298.0,2678,5,76,13195.5
2420.614,1091.0,2298.0,2678,6,76,13184.2
2420.813,671.1,2298.0,2678,66,77,13166.2
2420.987,832.1,2298.0,2678,5,76,13158.8
2421.172,961.6,2298.0,2678,6,76,13152.2
2421.346,961.6,2298.0,2678,3,76,13103.5
2421.594,1091.1,2298.0,2678,3,76,12852.9
2421.716,1091.1,2298.0,2678,5,76,12659.3
2421.848,671.2,2298.0,2678,5,78,12669.3
2421.968,671.2,2298.0,2678,66,78,12669.3
2422.086,702.7,2298.0,2678,66,76,12684.6
2422.204,832.2,2298.0,2678,5,76,12703.4
2422.323,832.2,2298.0,2678,6,76,12727.2
2422.441,961.7,2298.0,2678,6,76,12748.0
2422.559,961.7,2298.0,2678,4,76,12770.5
2422.676,961.7,2298.0,2678,5,76,12792.6
2422.794,1091.2,2298.0,2678,6,76,12811.5
2422.912,1091.2,2298.0,2678,6,76,12837.2
2423.03,671.2,2298.0,2678,4,77,12851.4
2423.149,671.2,2298.0,2678,68,78,12868.3
2423.269,832.2,2298.0,2678,68,77,12865.8
2423.39,832.2,2298.0,2678,5,76,12878.5
2423.512,832.2,2298.0,2678,3,76,12883.7
2423.633,961.7,2298.0,2678,5,76,12895.6
2423.755,961.7,2298.0,2678,5,76,12907.4
2423.877,961.7,2298.0,2678,5,76,12916.5
2423.999,1091.2,2298.0,2678,5,76,12923.6
2424.122,1091.2,2298.0,2678,5,77,12933.0
2424.244,671.3,2298.0,2678,16,79,12924.1
2424.366,702.8,2298.0,2678,54,76,12925.8
2424.489,832.3,2298.0,2678,5,76,12937.5
2424.611,832.3,2298.0,2678,5,76,12954.0
2424.733,961.8,2298.0,2678,7,76,12968.9
2424.855,961.8,2298.0,2678,6,76,12981.3
2424.977,1091.3,2298.0,2678,4,76,12991.3
2425.102,1091.3,2298.0,2678,4,76,13003.1
2425.223,671.4,2298.0,2678,16,80,12996.4
2425.346,832.4,2298.0,2678,62,77,12998.5
2425.478,961.9,2298.0,2678,11,76,12997.3
2425.622,671.5,2298.0,2678,31,79,12994.4
2425.765,671.5,2298.0,2678,31,77,12984.2
2425.903,832.5,2298.0,2678,46,76,12981.5
2426.049,1091.5,2298.0,2678,12,76,12972.7
2426.231,671.5,2298.0,2678,11,81,12960.6
2426.384,832.5,2298.0,2678,66,77,12955.8
2426.522,962.0,2298.0,2678,13,76,12951.9
2426.67,671.6,2298.0,2678,16,80,12946.4
2426.817,671.6,2298.0,2678,61,77,12937.6
2426.958,832.6,2298.0,2678,8,76,12931.4
2427.145,962.1,2298.0,2678,9,76,12920.6
2427.353,671.7,2298.0,2678,9,80,12912.5
2427.524,832.7,2298.0,2678,66,77,12905.1
2427.658,962.2,2298.0,2678,15,76,12900.4
2427.807,671.7,2298.0,2678,44,79,12893.6
2427.944,671.7,2298.0,2678,44,77,12885.7
2428.071,962.2,2298.0,2678,38,76,12882.3
2428.209,671.8,2298.0,2678,15,79,12877.1
2428.348,671.8,2298.0,2678,69,78,12867.7
2428.478,962.3,2298.0,2678,17,76,12865.6
2428.609,1091.8,2298.0,2678,8,76,12866.2
2428.77,645.4,2298.0,2678,67,81,12862.1
2428.929,645.4,2298.0,2678,1,76,12865.4
2429.168,645.4,2298.0,2678,0,76,12799.0
2429.304,645.4,2298.0,2678,1,76,12585.8
2429.436,645.4,2298.0,2678,1,76,12521.5
2429.568,645.4,2298.0,2678,1,76,12585.3
2429.696,645.4,2298.0,2678,0,76,12664.8
2429.825,645.4,2298.0,2678,1,76,12742.2
2429.955,645.4,2298.0,2678,1,76,12839.4
2430.086,645.4,2298.0,2678,1,76,12911.0
2430.223,645.4,2298.0,2678,1,76,12982.4
2430.355,645.4,2298.0,2678,1,76,13042.0
2430.488,645.4,2298.0,2678,1,76,13103.5
2430.621,645.4,2298.0,2678,1,76,13173.8
2430.753,645.4,2298.0,2678,0,76,13239.4
2430.892,645.4,2298.0,2678,0,76,13280.4
2431.181,645.4,2298.0,2678,1,76,13293.2
2431.535,645.4,2298.0,2678,0,76,13308.6
2431.86,645.4,2298.0,2678,1,76,13337.1
2432.222,645.4,2298.0,2678,1,76,13358.4
2432.566,645.4,2298.0,2678,1,76,13370.9
2432.954,645.4,2298.0,2678,0,76,13379.1
2433.354,645.4,2298.0,2678,1,76,13390.1
2433.714,645.4,2298.0,2678,0,76,13307.8
2433.894,645.4,2298.0,2678,1,76,13056.4
2434.018,645.4,2298.0,2678,1,76,13081.2
2434.141,645.4,2298.0,2678,1,76,13078.3
2434.263,645.4,2298.0,2678,0,76,13020.3
2434.386,645.4,2298.0,2678,1,76,13050.8
2434.508,645.4,2298.0,2678,1,76,13072.3
2434.63,645.4,2298.0,2678,1,76,13097.2
2434.751,645.4,2298.0,2678,0,76,13117.7
2434.873,645.4,2298.0,2678,1,76,13132.8
2434.992,643.1,2298.0,2678,1,76,13084.6
2435.124,643.1,2298.0,2678,1,76,13096.0
2435.27,643.1,2298.0,2678,3,76,13106.7
