t_s,vram_alloc_mb,vram_reserved_mb,smi_used_mb,gpu_util_pct,gpu_temp_c,cpu_ram_mb
0.001,112.4,138.0,490,0,66,3353.4
0.121,279.4,318.0,670,10,66,3450.5
0.239,279.4,318.0,810,9,66,3553.3
0.357,408.9,458.0,810,9,66,3654.8
0.475,538.4,578.0,930,9,65,3746.4
0.593,119.7,738.0,1090,18,66,3804.0
0.711,151.2,738.0,1090,18,66,3870.7
0.83,280.7,738.0,1090,40,66,3967.0
0.948,410.2,738.0,1090,8,65,4052.7
1.066,410.2,738.0,1090,8,65,4129.8
1.184,539.7,738.0,1090,10,65,4205.0
1.303,120.6,738.0,1090,6,67,4195.8
1.42,152.2,738.0,1090,47,66,4259.0
1.537,281.7,738.0,1090,47,66,4334.3
1.655,411.2,738.0,1090,10,66,4413.2
1.773,411.2,738.0,1090,6,66,4491.1
1.891,540.7,738.0,1090,6,66,4571.8
2.009,121.6,738.0,1090,7,66,4640.3
2.126,282.6,738.0,1090,45,66,4711.5
2.244,282.6,738.0,1090,8,66,4810.2
2.362,412.1,738.0,1090,8,66,4896.3
2.48,541.6,738.0,1090,9,66,4980.6
2.599,122.5,738.0,1090,11,66,5053.6
2.717,154.0,738.0,1090,11,67,5114.7
2.835,283.5,738.0,1090,40,66,5208.1
2.953,413.0,738.0,1090,7,66,5295.1
3.071,542.5,738.0,1090,7,66,5386.4
3.189,542.5,738.0,1090,11,66,5474.3
3.306,123.4,738.0,1090,18,68,5520.2
3.426,284.4,738.0,1090,30,66,5619.3
3.544,413.9,738.0,1090,30,66,5709.9
3.662,413.9,738.0,1090,11,66,5804.6
3.782,543.4,738.0,1090,9,66,5905.7
3.901,124.3,738.0,1090,9,69,5946.1
4.02,285.3,738.0,1090,42,66,6029.9
4.139,285.3,738.0,1090,10,66,6059.1
4.26,285.3,738.0,1090,1,66,6056.9
4.379,414.8,738.0,1090,1,66,6056.2
4.5,414.8,738.0,1090,1,66,6060.7
4.62,414.8,738.0,1090,5,66,6070.4
4.74,414.8,738.0,1090,5,66,6073.4
4.861,414.8,738.0,1090,1,66,6077.3
4.981,414.8,738.0,1090,1,66,6067.9
5.112,414.8,738.0,1090,4,66,6076.4
5.232,544.3,738.0,1090,4,66,6071.9
5.352,544.3,738.0,1090,1,66,6076.4
5.472,544.3,738.0,1090,1,66,6071.6
5.593,544.3,738.0,1090,4,66,6066.4
5.714,544.3,738.0,1090,4,66,6057.3
5.835,544.3,738.0,1090,1,66,6055.6
5.956,544.3,738.0,1090,1,66,6051.1
6.077,544.3,738.0,1090,1,66,6041.8
6.197,544.3,738.0,1090,4,66,6034.2
6.318,544.3,738.0,1090,1,66,6026.1
6.44,544.3,738.0,1090,1,66,6025.0
6.561,125.3,738.0,1090,1,66,6018.5
6.682,125.3,738.0,1090,29,67,6015.4
6.802,125.3,738.0,1090,11,66,6011.9
6.923,156.8,738.0,1090,1,66,6004.7
7.043,156.8,738.0,1090,1,66,5998.2
7.165,286.3,738.0,1090,4,66,5998.2
7.285,286.3,738.0,1090,1,66,5984.6
7.405,286.3,738.0,1090,1,66,5983.5
7.525,286.3,738.0,1090,1,66,5970.0
7.646,286.3,738.0,1090,3,66,5963.8
7.766,286.3,738.0,1090,1,66,5959.4
7.886,286.3,738.0,1090,1,66,5966.8
8.007,286.3,738.0,1090,1,66,5963.0
8.128,286.3,738.0,1090,4,66,5961.7
8.248,286.3,738.0,1090,4,66,5957.2
8.369,286.3,738.0,1090,1,66,5950.1
8.49,415.8,738.0,1090,1,66,5947.0
8.611,415.8,738.0,1090,4,66,5935.2
8.731,415.8,738.0,1090,4,66,5924.6
8.851,415.8,738.0,1090,1,66,5920.3
8.973,415.8,738.0,1090,1,66,5923.8
9.093,415.8,738.0,1090,4,66,5915.6
9.213,415.8,738.0,1090,4,66,5939.4
9.333,415.8,738.0,1090,2,66,5933.3
9.454,415.8,738.0,1090,1,66,5943.4
9.574,545.3,738.0,1090,1,66,5930.2
9.694,545.3,738.0,1090,4,66,5943.6
9.813,545.3,738.0,1090,2,66,5932.2
9.933,545.3,738.0,1090,1,66,5927.4
10.054,545.3,738.0,1090,1,66,5920.1
10.175,545.3,738.0,1090,4,66,5911.4
10.297,545.3,738.0,1090,0,66,5898.8
10.417,545.3,738.0,1090,0,66,5885.7
10.538,545.3,738.0,1090,0,66,5871.2
10.659,545.3,738.0,1090,4,66,5876.3
10.78,545.3,738.0,1090,1,66,5868.8
10.901,545.3,738.0,1090,1,66,5866.9
11.022,126.2,738.0,1090,1,69,5865.3
11.142,133.2,738.0,1090,40,66,5876.9
11.262,157.7,738.0,1090,40,66,5870.5
11.383,287.2,738.0,1090,1,66,5896.3
11.504,287.2,738.0,1090,3,66,5891.4
11.624,287.2,738.0,1090,5,66,5922.9
11.743,287.2,738.0,1090,5,66,5940.1
11.864,287.2,738.0,1090,3,66,5940.5
11.983,416.7,738.0,1090,1,66,5931.0
12.104,416.7,738.0,1090,3,66,5924.2
12.225,416.7,738.0,1090,3,66,5913.1
12.346,416.7,738.0,1090,1,66,5917.7
12.465,416.7,738.0,1090,1,66,5904.0
12.585,416.7,738.0,1090,1,66,5905.0
12.705,416.7,738.0,1090,4,66,5907.3
12.827,416.7,738.0,1090,1,66,5908.7
12.947,416.7,738.0,1090,1,66,5904.7
13.068,416.7,738.0,1090,1,66,5897.8
13.189,416.7,738.0,1090,4,66,5888.5
13.31,546.2,738.0,1090,1,66,5884.0
13.431,546.2,738.0,1090,1,66,5894.7
13.551,546.2,738.0,1090,2,66,5890.1
13.671,546.2,738.0,1090,4,66,5896.1
13.791,546.2,738.0,1090,2,66,5899.8
13.91,546.2,738.0,1090,2,66,5904.2
14.03,127.1,738.0,1090,1,69,5922.6
14.149,288.1,738.0,1090,46,66,6069.6
14.266,417.6,738.0,1090,46,66,6173.3
14.384,547.1,738.0,1090,9,66,6284.6
14.502,128.0,738.0,1090,10,66,6367.2
14.62,289.0,738.0,1090,43,67,6435.2
14.737,289.0,738.0,1090,43,66,6504.7
14.855,418.5,738.0,1090,6,66,6579.8
14.973,418.5,738.0,1090,6,66,6655.6
15.091,548.0,738.0,1090,6,66,6733.4
15.208,548.0,738.0,1090,9,66,6809.7
15.326,135.9,738.0,1090,40,67,6850.3
15.444,289.9,738.0,1090,40,66,6917.0
15.562,289.9,738.0,1090,6,66,6935.4
15.679,419.4,738.0,1090,10,66,7014.9
15.798,548.9,738.0,1090,6,66,7096.4
15.916,548.9,738.0,1090,6,66,7174.8
16.034,129.9,738.0,1090,6,68,7224.1
16.151,290.9,738.0,1090,46,66,7350.0
16.269,420.4,738.0,1090,46,66,7431.0
16.387,420.4,738.0,1090,7,65,7509.9
16.505,549.9,738.0,1090,7,66,7585.3
16.624,130.8,738.0,1090,39,68,7637.2
16.741,291.8,738.0,1090,39,66,7772.2
16.861,421.3,738.0,1090,16,66,7904.2
16.98,550.8,738.0,1090,11,66,8022.4
17.097,131.7,738.0,1090,11,68,8081.7
17.215,292.7,738.0,1090,44,66,8167.4
17.333,292.7,738.0,1090,7,66,8255.2
17.45,422.2,738.0,1090,7,65,8338.3
17.568,551.7,738.0,1090,7,65,8434.5
17.686,551.7,738.0,1090,11,66,8526.3
17.804,164.1,738.0,1090,40,66,8569.3
17.923,293.6,738.0,1090,40,66,8639.1
18.041,293.6,738.0,1090,6,65,8721.9
18.159,423.1,738.0,1090,10,65,8809.5
18.277,552.6,738.0,1090,10,65,8890.8
18.394,552.6,738.0,1090,7,65,8965.6
18.513,137.1,738.0,1090,38,67,9008.7
18.631,294.6,738.0,1090,14,66,9114.9
18.748,424.1,738.0,1090,14,65,9199.8
18.866,424.1,738.0,1090,7,65,9285.8
18.984,553.6,738.0,1090,9,65,9376.1
19.102,134.5,738.0,1090,9,68,9428.2
19.22,295.5,738.0,1090,43,65,9518.4
19.342,425.0,738.0,1090,8,65,9604.6
19.462,425.0,738.0,1090,8,65,9694.0
19.58,554.5,738.0,1090,9,65,9778.4
19.698,135.4,738.0,1090,9,67,9833.2
19.816,166.9,738.0,1090,39,66,9891.4
19.934,296.4,738.0,1090,39,65,9969.9
20.052,425.9,738.0,1090,7,65,10053.5
20.171,425.9,738.0,1090,10,65,10145.3
20.289,555.4,738.0,1090,10,65,10247.7
20.408,136.3,740.0,1092,8,67,10291.3
20.527,297.3,740.0,1092,41,65,10366.1
20.645,297.3,740.0,1092,9,65,10443.3
20.762,426.8,740.0,1092,9,65,10516.9
20.879,426.8,740.0,1092,6,65,10607.7
20.997,556.3,740.0,1092,10,65,10714.0
21.115,137.2,740.0,1092,10,66,10755.9
21.232,298.2,740.0,1092,42,65,10836.1
21.35,427.7,740.0,1092,6,65,10943.5
21.468,557.2,740.0,1092,13,65,11062.8
21.59,138.2,742.0,1094,13,67,11139.6
21.71,299.2,742.0,1094,46,65,11282.9
21.829,428.7,742.0,1094,13,65,11432.5
21.947,139.1,742.0,1094,13,66,11546.1
22.065,300.1,742.0,1094,43,66,11684.7
22.183,429.6,742.0,1094,17,65,11773.9
22.302,559.1,742.0,1094,17,65,11876.3
22.42,140.0,744.0,1096,8,67,11950.5
22.539,301.0,744.0,1096,43,66,12017.4
22.657,301.0,744.0,1096,8,65,12074.7
22.83,430.5,744.0,1096,2,65,12074.0
23.183,430.5,744.0,1096,1,65,12066.0
23.553,560.0,744.0,1096,3,65,12058.9
23.879,560.0,744.0,1096,3,65,12066.0
24.207,140.9,744.0,1096,19,65,12084.0
24.432,301.9,744.0,1096,5,65,12095.2
24.739,301.9,744.0,1096,1,65,12080.1
25.083,431.4,744.0,1096,5,65,12114.3
25.381,560.9,744.0,1096,5,65,12196.4
25.688,141.8,746.0,1098,7,65,12206.6
26.042,173.4,746.0,1098,2,65,12175.0
26.386,302.9,746.0,1098,4,65,12140.9
26.505,432.4,746.0,1098,9,65,12019.5
26.629,432.4,746.0,1098,9,65,11946.7
26.758,561.9,746.0,1098,5,65,12024.9
26.876,142.8,746.0,1098,9,67,12084.6
26.994,303.8,746.0,1098,43,66,12210.0
27.111,433.3,746.0,1098,43,65,12317.8
27.23,433.3,746.0,1098,10,65,12147.6
27.35,562.8,746.0,1098,3,65,11995.4
27.47,562.8,746.0,1098,3,65,11901.1
27.59,143.7,748.0,1100,6,65,11843.9
27.708,175.2,748.0,1100,40,66,11843.0
27.828,304.7,748.0,1100,6,65,11803.2
27.949,304.7,748.0,1100,6,65,11798.1
28.079,434.2,748.0,1100,5,65,11811.6
28.201,434.2,748.0,1100,8,65,11772.8
28.32,563.7,748.0,1100,8,65,11485.9
28.438,94.5,748.0,1100,7,67,11534.8
28.558,94.5,748.0,1100,39,66,11653.5
28.682,94.5,748.0,1100,2,65,11766.1
28.807,94.5,748.0,1100,2,65,11777.2
28.932,94.5,748.0,1100,0,65,11841.7
29.058,94.5,748.0,1100,2,65,11938.3
29.182,94.5,748.0,1100,2,65,12042.5
29.307,94.5,748.0,1100,2,65,12165.1
29.431,94.5,748.0,1100,0,65,12263.5
29.556,94.5,748.0,1100,2,65,12368.6
29.68,94.5,748.0,1100,2,65,12472.2
29.804,94.5,748.0,1100,2,65,12567.3
29.928,94.5,748.0,1100,0,65,12689.5
30.053,94.5,748.0,1100,2,65,12718.2
30.178,94.5,748.0,1100,2,65,12748.3
30.302,94.5,748.0,1100,2,65,12686.2
30.429,94.5,748.0,1100,0,65,12783.4
30.553,94.5,748.0,1100,2,65,12893.1
30.677,94.5,748.0,1100,2,65,12995.0
30.802,94.5,748.0,1100,2,65,13038.2
30.941,94.5,748.0,1100,0,66,13058.1
31.066,94.5,748.0,1100,2,65,13133.4
31.187,149.9,748.0,1100,4,65,13061.2
31.306,279.4,748.0,1100,4,66,13087.1
31.424,408.9,748.0,1100,10,66,13113.3
31.541,538.4,748.0,1100,10,66,13140.5
31.659,119.8,748.0,1100,10,66,13158.6
31.777,280.8,748.0,1100,36,66,13179.7
31.895,280.8,748.0,1100,15,66,13207.3
32.013,410.3,748.0,1100,9,66,13238.0
32.13,539.8,748.0,1100,9,66,13270.6
32.248,539.8,748.0,1100,7,65,12965.8
32.366,120.7,748.0,1100,29,68,12983.7
32.484,281.7,748.0,1100,29,66,13017.7
32.602,281.7,748.0,1100,19,65,13051.3
32.72,411.2,748.0,1100,8,65,13085.0
32.838,411.2,748.0,1100,8,65,13117.3
32.956,540.7,748.0,1100,6,65,13153.7
33.074,121.6,748.0,1100,18,68,13172.3
33.191,282.6,748.0,1100,39,66,13204.0
33.309,412.1,748.0,1100,39,65,13234.0
33.426,541.6,748.0,1100,9,65,13093.1
33.544,122.5,748.0,1100,19,67,13086.9
33.661,283.5,748.0,1100,19,66,13119.8
33.779,283.5,748.0,1100,33,65,13149.4
33.896,413.0,748.0,1100,8,65,13183.4
34.014,542.5,748.0,1100,8,65,13209.5
34.132,123.5,748.0,1100,12,67,13223.6
34.25,284.5,748.0,1100,43,65,13253.4
34.368,414.0,748.0,1100,9,65,13267.8
34.486,543.5,748.0,1100,9,65,13287.3
34.604,124.4,748.0,1100,11,67,13321.9
34.723,285.4,748.0,1100,43,66,13365.8
34.842,414.9,748.0,1100,43,65,13265.0
34.961,544.4,748.0,1100,13,65,13318.9
35.08,125.3,748.0,1100,19,68,13351.7
35.198,286.3,748.0,1100,35,66,13406.8
35.317,415.8,748.0,1100,35,65,13455.4
35.435,545.3,748.0,1100,10,65,13507.5
35.554,126.2,748.0,1100,33,68,13524.6
35.673,416.7,748.0,1100,33,66,13563.1
35.792,546.2,748.0,1100,28,65,13608.8
35.91,127.1,748.0,1100,11,67,13631.7
36.028,288.2,748.0,1100,47,66,13666.9
36.147,547.2,748.0,1100,12,65,13679.7
36.335,128.1,748.0,1100,41,65,13649.4
36.605,289.1,748.0,1100,4,65,13617.9
36.935,289.1,748.0,1100,3,65,13566.0
37.317,418.6,748.0,1100,3,65,13522.9
37.701,548.1,748.0,1100,1,65,13484.7
38.041,129.0,748.0,1100,39,66,13461.3
38.303,290.0,748.0,1100,2,65,13419.5
38.666,290.0,748.0,1100,1,65,13383.3
38.995,419.5,748.0,1100,8,65,13351.6
39.29,549.0,748.0,1100,2,65,13301.9
39.625,129.9,748.0,1100,40,66,13279.1
39.892,420.4,748.0,1100,4,66,13248.3
40.187,549.9,748.0,1100,2,66,13213.7
40.534,291.8,748.0,1100,42,66,13198.2
40.73,421.3,748.0,1100,4,66,13167.8
41.033,131.8,748.0,1100,3,66,13137.2
41.342,292.8,748.0,1100,1,66,13090.9
41.685,422.3,748.0,1100,8,66,13057.0
41.947,422.3,748.0,1100,3,66,13014.4
42.331,551.8,748.0,1100,32,66,12978.9
42.671,293.7,748.0,1100,1,66,12940.4
43.023,423.2,748.0,1100,6,66,12905.1
43.335,423.2,748.0,1100,4,66,12871.3
43.65,552.7,748.0,1100,4,65,12792.6
43.99,294.6,748.0,1100,10,66,12470.4
44.108,424.1,748.0,1100,47,66,12439.9
44.231,134.5,748.0,1100,35,68,12447.5
44.349,295.5,748.0,1100,35,66,12459.8
44.467,554.5,748.0,1100,26,66,12469.0
44.587,135.4,748.0,1100,35,69,12476.0
44.705,296.5,748.0,1100,35,66,12484.8
44.823,555.5,748.0,1100,27,66,12492.2
44.941,143.4,748.0,1100,38,67,12498.1
45.06,426.9,748.0,1100,25,66,12511.4
45.178,556.4,748.0,1100,25,66,12508.5
45.298,298.3,748.0,1100,38,67,12422.7
45.418,557.3,748.0,1100,32,66,12369.5
45.536,169.7,748.0,1100,32,68,12374.2
45.654,428.7,748.0,1100,48,66,12384.5
45.772,558.2,748.0,1100,14,66,12393.3
45.89,170.6,748.0,1100,45,67,12397.6
46.008,429.6,748.0,1100,45,66,12412.4
46.127,559.1,748.0,1100,15,66,12430.6
46.244,140.1,748.0,1100,32,68,12437.9
46.362,301.1,748.0,1100,32,66,12458.8
46.48,430.6,748.0,1100,20,66,12482.0
46.598,560.1,748.0,1100,12,65,12499.4
46.717,141.0,748.0,1100,12,67,12507.2
46.834,302.0,748.0,1100,37,66,12517.6
46.953,431.5,748.0,1100,18,66,12531.9
47.071,141.9,748.0,1100,22,66,12532.1
47.19,173.4,748.0,1100,22,66,12470.5
47.311,302.9,748.0,1100,35,66,12496.9
47.429,432.4,748.0,1100,7,65,12519.9
47.547,561.9,748.0,1100,7,65,12553.4
47.666,564.7,748.0,1100,10,66,12571.8
47.784,303.8,748.0,1100,42,66,12576.9
47.902,303.8,748.0,1100,7,66,12574.8
48.021,303.8,748.0,1100,7,66,12562.3
48.139,303.8,748.0,1100,4,65,12548.1
48.258,303.8,748.0,1100,1,65,12535.0
48.377,433.3,748.0,1100,1,65,12522.3
48.496,433.3,748.0,1100,1,65,12506.8
48.615,433.3,748.0,1100,3,65,12502.2
48.733,433.3,748.0,1100,3,65,12509.1
48.854,433.3,748.0,1100,3,65,12515.7
48.973,562.8,748.0,1100,5,65,12517.7
49.091,562.8,748.0,1100,5,65,12515.4
49.21,143.7,748.0,1100,5,67,12514.4
49.328,175.3,748.0,1100,39,66,12521.6
49.447,304.8,748.0,1100,4,66,12520.4
49.568,434.3,748.0,1100,18,66,12549.4
49.687,94.6,748.0,1100,18,67,12596.2
49.813,94.6,748.0,1100,41,66,12704.6
49.938,94.6,748.0,1100,0,66,12782.2
50.065,94.6,748.0,1100,0,65,12832.5
50.376,94.6,748.0,1100,0,66,12843.4
50.591,94.6,748.0,1100,3,66,12867.3
50.718,94.6,748.0,1100,3,66,12902.3
50.85,94.6,748.0,1100,0,66,12594.4
50.997,94.6,748.0,1100,0,66,12412.9
51.133,94.6,748.0,1100,3,66,12516.2
51.258,94.6,748.0,1100,0,66,12616.0
51.383,94.6,748.0,1100,0,66,12727.2
51.507,94.6,748.0,1100,0,66,12842.1
51.632,94.6,748.0,1100,3,66,12943.9
51.756,94.6,748.0,1100,0,66,12952.1
51.882,94.6,748.0,1100,0,66,13060.5
52.019,94.6,748.0,1100,0,66,13087.2
52.146,94.6,748.0,1100,4,66,12803.6
52.274,94.6,748.0,1100,12,66,12814.4
52.4,94.6,748.0,1100,4,66,12906.4
52.538,94.6,748.0,1100,4,66,12992.2
52.658,94.6,748.0,1100,3,66,13033.7
52.776,94.6,748.0,1100,0,66,13063.7
52.894,94.6,748.0,1100,0,66,13135.2
53.012,125.5,748.0,1100,0,66,13062.1
53.13,279.5,748.0,1100,8,66,13102.0
53.248,409.0,748.0,1100,8,66,13137.8
53.365,409.0,748.0,1100,8,66,13172.7
53.483,538.5,748.0,1100,7,66,13208.5
53.601,119.9,748.0,1100,19,68,13236.2
53.719,151.4,748.0,1100,19,66,13264.5
53.837,280.9,748.0,1100,33,66,13298.9
53.954,410.4,748.0,1100,7,66,13345.7
54.072,410.4,748.0,1100,7,66,13383.3
54.189,539.9,748.0,1100,9,66,13429.2
54.307,539.9,748.0,1100,6,66,13385.2
54.427,152.3,748.0,1100,42,67,13043.1
54.545,281.8,748.0,1100,42,66,13081.8
54.664,411.3,748.0,1100,9,66,13123.1
54.782,411.3,748.0,1100,6,65,13162.9
54.9,540.8,748.0,1100,6,65,13206.2
55.018,540.8,748.0,1100,6,65,13246.3
55.136,121.7,748.0,1100,28,69,13265.4
55.253,282.7,748.0,1100,28,66,13300.4
55.37,282.7,748.0,1100,22,66,13343.4
55.488,412.2,748.0,1100,6,65,13381.4
55.606,412.2,748.0,1100,9,65,13427.2
55.723,541.7,748.0,1100,9,65,13464.1
55.843,122.7,748.0,1100,7,68,13477.6
55.962,283.7,748.0,1100,43,66,13507.7
56.082,413.2,748.0,1100,43,65,13540.5
56.201,413.2,748.0,1100,10,65,13571.9
56.32,542.7,748.0,1100,7,65,13597.2
56.439,123.6,748.0,1100,38,68,13605.4
56.558,284.6,748.0,1100,38,66,13640.7
56.677,414.1,748.0,1100,15,66,13667.9
56.795,414.1,748.0,1100,7,65,13703.2
56.917,543.6,748.0,1100,6,65,13697.9
57.205,124.5,748.0,1100,40,66,13671.6
57.489,285.5,748.0,1100,4,65,13639.6
57.796,285.5,748.0,1100,1,65,13607.4
58.127,415.0,748.0,1100,4,65,13591.6
58.296,415.0,748.0,1100,1,65,13559.9
58.62,544.5,748.0,1100,2,65,13527.2
58.953,156.9,748.0,1100,42,67,13517.8
59.095,415.9,748.0,1100,14,66,13495.1
59.344,545.4,748.0,1100,2,66,13462.2
59.64,545.4,748.0,1100,1,67,13429.3
59.963,287.3,748.0,1100,5,66,13392.0
60.285,416.8,748.0,1100,1,66,13352.7
60.638,416.8,748.0,1100,1,66,13313.4
61.002,546.3,748.0,1100,5,66,13277.7
61.315,127.3,748.0,1100,24,66,13249.6
61.607,288.3,748.0,1100,2,66,13211.4
61.95,547.3,748.0,1100,5,66,13181.4
62.244,128.2,748.0,1100,43,66,13101.6
62.496,289.2,748.0,1100,5,66,12717.9
62.616,418.7,748.0,1100,9,66,12653.1
62.736,418.7,748.0,1100,9,66,12596.2
62.856,548.2,748.0,1100,6,66,12571.9
62.974,548.2,748.0,1100,6,66,12547.4
63.092,129.1,748.0,1100,6,67,12525.0
63.212,290.1,748.0,1100,45,66,12410.3
63.332,290.1,748.0,1100,6,66,12286.3
63.45,419.6,748.0,1100,6,66,12278.0
63.569,549.1,748.0,1100,6,66,12220.5
63.688,549.1,748.0,1100,10,66,12244.2
63.809,130.0,748.0,1100,42,67,12256.5
63.929,291.0,748.0,1100,42,66,12287.2
64.048,420.5,748.0,1100,10,66,12315.2
64.168,550.0,748.0,1100,10,66,12342.0
64.287,550.0,748.0,1100,7,66,12371.6
64.406,162.5,748.0,1100,7,68,12380.1
64.525,292.0,748.0,1100,44,66,12402.2
64.644,421.5,748.0,1100,13,66,12414.6
64.763,551.0,748.0,1100,13,66,12433.9
64.883,131.9,748.0,1100,18,68,12447.2
65.003,292.9,748.0,1100,33,66,12474.8
65.123,422.4,748.0,1100,10,66,12497.9
65.242,422.4,748.0,1100,10,66,12526.4
65.362,551.9,748.0,1100,7,66,12560.0
65.481,132.8,748.0,1100,23,68,12562.4
65.6,164.3,748.0,1100,23,66,12567.4
65.719,164.3,748.0,1100,26,66,12556.3
65.837,293.8,748.0,1100,2,66,12555.4
65.955,293.8,748.0,1100,2,66,12551.2
66.075,293.8,748.0,1100,2,66,12538.3
66.194,293.8,748.0,1100,3,66,12531.4
66.312,293.8,748.0,1100,3,66,12526.5
66.431,293.8,748.0,1100,3,66,12511.7
66.55,423.3,748.0,1100,2,66,12507.9
66.67,423.3,748.0,1100,4,66,12499.8
66.789,423.3,748.0,1100,4,65,12502.2
66.908,423.3,748.0,1100,3,66,12490.5
67.027,423.3,748.0,1100,2,66,12479.2
67.147,552.8,748.0,1100,4,66,12472.7
67.266,552.8,748.0,1100,4,66,12474.3
67.384,552.8,748.0,1100,2,66,12463.0
67.502,552.8,748.0,1100,2,66,12452.7
67.621,552.8,748.0,1100,2,66,12442.2
67.739,133.7,748.0,1100,3,67,12437.3
67.857,165.2,748.0,1100,40,66,12447.6
67.975,294.7,748.0,1100,9,66,12464.4
68.093,424.2,748.0,1100,9,66,12485.2
68.211,424.2,748.0,1100,9,66,12488.7
68.33,553.7,748.0,1100,5,66,12492.1
68.448,553.7,748.0,1100,5,66,12493.1
68.567,166.1,748.0,1100,24,67,12493.7
68.684,295.6,748.0,1100,27,66,12497.0
68.802,425.1,748.0,1100,27,66,12505.1
68.92,554.6,748.0,1100,9,66,12521.2
69.038,135.6,748.0,1100,7,66,12533.5
69.163,167.1,748.0,1100,52,67,12538.4
69.28,296.6,748.0,1100,52,66,12548.8
69.399,426.1,748.0,1100,6,66,12555.7
69.518,555.6,748.0,1100,9,66,12559.9
69.636,555.6,748.0,1100,9,66,12562.7
69.753,168.0,748.0,1100,18,67,12563.9
69.871,297.5,748.0,1100,34,66,12565.2
69.989,297.5,748.0,1100,5,66,12568.8
70.108,427.0,748.0,1100,5,66,12566.7
70.226,427.0,748.0,1100,6,65,12567.9
70.344,556.5,748.0,1100,9,66,12565.2
70.462,137.4,748.0,1100,9,67,12561.0
70.58,298.4,748.0,1100,44,66,12563.2
70.699,298.4,748.0,1100,7,66,12561.7
70.819,557.4,748.0,1100,14,66,12560.7
70.937,169.8,748.0,1100,14,67,12558.7
71.056,428.8,748.0,1100,48,66,12561.4
71.175,558.3,748.0,1100,15,66,12565.8
71.294,170.8,748.0,1100,15,69,12560.9
71.413,300.3,748.0,1100,47,66,12568.2
71.531,429.8,748.0,1100,11,66,12407.0
71.65,559.3,748.0,1100,11,66,12165.7
71.768,147.2,748.0,1100,11,67,12176.8
71.886,301.2,748.0,1100,42,66,12197.5
72.005,430.7,748.0,1100,8,66,12220.1
72.123,430.7,748.0,1100,8,66,12241.8
72.241,560.2,748.0,1100,8,66,12259.7
72.358,141.1,748.0,1100,8,67,12268.6
72.476,302.1,748.0,1100,8,66,12165.6
72.595,431.6,748.0,1100,46,66,12181.7
72.713,561.1,748.0,1100,10,66,12195.2
72.831,142.0,748.0,1100,32,68,12201.9
72.949,173.5,748.0,1100,32,66,12229.7
73.067,303.0,748.0,1100,21,66,12260.8
73.184,303.0,748.0,1100,6,65,12290.5
73.303,432.5,748.0,1100,6,65,12300.3
73.422,562.0,748.0,1100,7,65,12249.1
73.541,142.9,748.0,1100,9,67,12266.4
73.664,303.9,748.0,1100,46,66,12228.2
73.783,303.9,748.0,1100,46,65,12251.3
73.9,433.4,748.0,1100,7,65,12279.4
74.018,433.4,748.0,1100,6,65,12310.2
74.135,562.9,748.0,1100,6,65,12343.9
74.253,143.9,748.0,1100,9,68,12355.7
74.372,304.9,748.0,1100,43,66,12382.0
74.49,434.4,748.0,1100,11,65,12423.3
74.61,94.7,748.0,1100,11,66,12457.9
74.729,94.7,748.0,1100,51,66,12551.7
74.854,94.7,748.0,1100,0,65,12654.8
74.979,94.7,748.0,1100,2,65,12712.7
75.219,94.7,748.0,1100,0,65,12784.1
75.515,94.7,748.0,1100,2,65,12796.9
75.724,94.7,748.0,1100,2,65,12570.3
75.851,94.7,748.0,1100,0,65,12324.6
75.976,94.7,748.0,1100,0,65,12204.4
76.102,94.7,748.0,1100,2,65,12309.9
76.227,94.7,748.0,1100,2,65,12415.7
76.352,94.7,748.0,1100,0,65,12516.3
76.477,94.7,748.0,1100,0,65,12629.4
76.601,94.7,748.0,1100,2,65,12734.3
76.725,94.7,748.0,1100,2,65,12835.8
76.85,94.7,748.0,1100,0,65,12948.7
76.973,94.7,748.0,1100,0,65,13047.3
77.098,94.7,748.0,1100,2,65,13008.9
77.224,94.7,748.0,1100,2,66,13084.1
77.348,94.7,748.0,1100,0,65,13158.2
77.474,94.7,748.0,1100,0,65,13209.6
77.599,94.7,748.0,1100,2,66,13275.1
77.718,94.7,748.0,1100,2,66,13308.4
77.836,94.7,748.0,1100,0,66,13337.9
77.953,93.3,748.0,1100,0,66,13292.2
78.072,279.6,748.0,1100,4,66,13316.1
78.19,409.1,748.0,1100,12,65,13339.7
78.308,538.6,748.0,1100,12,66,13362.9
78.426,538.6,748.0,1100,9,66,13386.8
78.543,151.5,748.0,1100,44,67,13399.4
78.661,281.0,748.0,1100,44,66,13371.7
78.781,410.5,748.0,1100,10,66,13297.5
78.9,540.0,748.0,1100,7,66,13260.1
79.017,540.0,748.0,1100,8,65,13291.2
79.135,120.9,748.0,1100,8,68,13307.5
79.253,281.9,748.0,1100,44,66,13336.3
79.371,281.9,748.0,1100,6,66,13365.3
79.488,411.4,748.0,1100,6,65,13305.4
79.608,540.9,748.0,1100,9,65,13225.3
79.725,540.9,748.0,1100,9,65,13249.3
79.843,282.9,748.0,1100,48,66,13256.6
79.961,412.4,748.0,1100,48,66,13280.9
80.08,541.9,748.0,1100,11,65,13309.4
80.199,541.9,748.0,1100,10,65,13337.5
80.318,122.8,748.0,1100,10,67,13351.4
80.436,283.8,748.0,1100,43,66,13375.7
80.554,413.3,748.0,1100,9,65,13304.1
80.678,542.8,748.0,1100,13,65,13319.0
80.797,123.7,748.0,1100,13,69,13322.7
80.916,284.7,748.0,1100,44,66,13340.8
81.034,414.2,748.0,1100,12,65,13362.2
81.153,543.7,748.0,1100,12,65,13396.0
81.271,124.6,748.0,1100,12,69,13405.9
81.389,285.6,748.0,1100,44,66,13436.2
81.508,415.1,748.0,1100,44,65,13480.5
81.626,544.6,748.0,1100,10,65,13520.1
81.744,125.5,748.0,1100,10,65,13556.6
81.862,157.0,748.0,1100,44,66,13587.3
81.981,286.5,748.0,1100,44,66,13644.9
82.102,416.0,748.0,1100,7,65,13620.5
82.474,545.5,748.0,1100,8,65,13586.6
82.763,545.5,748.0,1100,2,65,13558.7
83.015,126.5,748.0,1100,42,66,13534.9
83.281,287.5,748.0,1100,2,65,13498.2
83.617,287.5,748.0,1100,1,65,13456.2
83.992,417.0,748.0,1100,2,65,13416.3
84.355,417.0,748.0,1100,2,65,13371.1
84.68,546.5,748.0,1100,4,65,13318.7
84.981,546.5,748.0,1100,34,66,13290.1
85.299,288.4,748.0,1100,2,66,13255.2
85.61,288.4,748.0,1100,5,66,13226.1
85.91,417.9,748.0,1100,4,66,13194.7
86.231,547.4,748.0,1100,34,67,13157.8
86.583,289.3,748.0,1100,3,66,13120.9
86.918,289.3,748.0,1100,2,66,13056.3
87.297,418.8,748.0,1100,3,66,13039.3
87.619,418.8,748.0,1100,4,66,13008.6
87.931,548.3,748.0,1100,3,66,12966.0
88.27,129.2,748.0,1100,39,66,12920.5
88.587,290.2,748.0,1100,3,66,12888.9
88.896,290.2,748.0,1100,3,66,12855.1
89.213,419.7,748.0,1100,5,66,12788.5
89.495,549.2,748.0,1100,2,66,12309.6
89.613,130.1,748.0,1100,10,66,12033.4
89.731,161.6,748.0,1100,43,67,12044.8
89.849,291.1,748.0,1100,43,66,12069.9
89.967,420.6,748.0,1100,8,66,12097.5
90.085,550.1,748.0,1100,9,66,12127.9
90.203,550.1,748.0,1100,9,66,12112.7
90.321,131.1,748.0,1100,7,69,12125.7
90.438,292.1,748.0,1100,44,66,12153.0
90.556,421.6,748.0,1100,12,66,12173.3
90.674,551.1,748.0,1100,12,66,12171.5
90.792,571.7,748.0,1100,9,66,12146.4
90.91,163.5,748.0,1100,43,67,12141.5
91.028,293.0,748.0,1100,43,66,12118.8
91.146,422.5,748.0,1100,10,66,12061.4
91.264,422.5,748.0,1100,7,66,11972.9
91.384,552.0,748.0,1100,7,66,11996.3
91.502,132.9,748.0,1100,9,67,11940.7
91.621,293.9,748.0,1100,45,66,11956.6
91.739,293.9,748.0,1100,7,66,11969.9
91.857,423.4,748.0,1100,7,65,11979.2
91.975,552.9,748.0,1100,6,65,11990.6
92.093,552.9,748.0,1100,10,65,12024.4
92.211,133.8,748.0,1100,10,67,12033.9
92.33,294.8,748.0,1100,42,66,12050.0
92.448,424.3,748.0,1100,8,65,12069.2
92.566,424.3,748.0,1100,11,65,12015.9
92.683,553.8,748.0,1100,11,65,12037.6
92.801,134.7,748.0,1100,7,68,12045.6
92.919,295.8,748.0,1100,43,66,12061.1
93.036,425.3,748.0,1100,43,65,12078.1
93.154,425.3,748.0,1100,12,65,12094.6
93.272,554.8,748.0,1100,7,65,12116.3
93.389,135.7,748.0,1100,7,68,12128.7
93.507,296.7,748.0,1100,43,66,12149.4
93.625,296.7,748.0,1100,9,65,12168.4
93.743,426.2,748.0,1100,7,65,12183.6
93.861,555.7,748.0,1100,7,65,12194.7
93.979,555.7,748.0,1100,8,65,12206.0
94.097,140.1,748.0,1100,46,66,12215.6
94.214,297.6,748.0,1100,46,65,12236.4
94.332,297.6,748.0,1100,7,65,12255.5
94.45,427.1,748.0,1100,6,65,12269.3
94.569,556.6,748.0,1100,6,65,12278.4
94.687,137.5,748.0,1100,12,68,12285.9
94.805,298.5,748.0,1100,44,65,12300.9
94.923,298.5,748.0,1100,7,65,12315.1
95.041,557.5,748.0,1100,7,65,12325.4
95.159,138.4,748.0,1100,17,67,12337.2
95.277,299.4,748.0,1100,43,65,12355.6
95.395,428.9,748.0,1100,43,65,12377.0
95.513,558.4,748.0,1100,9,65,12349.8
95.633,139.4,748.0,1100,13,66,12249.5
95.75,300.4,748.0,1100,45,66,12263.4
95.868,300.4,748.0,1100,45,65,12297.6
95.986,429.9,748.0,1100,7,65,12335.5
96.105,559.4,748.0,1100,9,65,12371.1
96.223,559.4,748.0,1100,9,65,12403.4
96.341,140.3,748.0,1100,7,66,12419.7
96.459,301.3,748.0,1100,42,65,12353.4
96.583,430.8,748.0,1100,10,65,12389.0
96.702,430.8,748.0,1100,10,65,12421.5
96.821,560.3,748.0,1100,7,65,12448.8
96.939,141.2,748.0,1100,20,67,12456.8
97.057,302.2,748.0,1100,20,65,12474.7
97.175,302.2,748.0,1100,33,65,12502.0
97.293,431.7,748.0,1100,8,65,12523.0
97.412,561.2,748.0,1100,8,65,12533.8
97.53,173.6,748.0,1100,18,66,12569.9
97.649,303.1,748.0,1100,39,65,12645.6
97.767,432.6,748.0,1100,7,65,12686.6
97.892,432.6,748.0,1100,4,65,12689.6
98.124,562.1,748.0,1100,1,65,12667.5
98.41,143.0,748.0,1100,42,66,12652.0
98.604,433.6,748.0,1100,13,65,12627.7
98.865,563.1,748.0,1100,12,66,12610.6
99.071,305.0,748.0,1100,50,65,12600.0
99.221,94.8,748.0,1100,54,65,12579.1
99.519,94.8,748.0,1100,3,65,12555.9
99.815,94.8,748.0,1100,0,65,12306.0
99.952,94.8,748.0,1100,0,65,12172.0
100.091,94.8,748.0,1100,3,65,12243.5
100.212,94.8,748.0,1100,3,65,12341.2
100.336,94.8,748.0,1100,0,65,12442.6
100.46,94.8,748.0,1100,0,65,12553.3
100.585,94.8,748.0,1100,0,65,12650.8
100.71,94.8,748.0,1100,3,65,12745.1
100.835,94.8,748.0,1100,0,65,12828.5
100.962,94.8,748.0,1100,0,65,12905.7
101.089,94.8,748.0,1100,0,65,13002.2
101.215,94.8,748.0,1100,0,65,13081.2
101.392,94.8,748.0,1100,0,65,13082.9
101.67,94.8,748.0,1100,0,65,13105.6
101.944,94.8,748.0,1100,0,65,12754.4
102.071,94.8,748.0,1100,0,65,12376.6
102.197,94.8,748.0,1100,3,64,12423.1
102.325,94.8,748.0,1100,0,64,12524.0
102.449,94.8,748.0,1100,0,64,12631.9
102.574,94.8,748.0,1100,0,64,12723.1
102.694,94.8,748.0,1100,3,64,12791.4
102.815,94.8,748.0,1100,0,64,12847.8
102.932,94.8,748.0,1100,0,64,12877.8
103.049,94.8,748.0,1100,0,64,12907.9
103.167,94.8,748.0,1100,3,64,12993.5
103.288,125.6,748.0,1100,2,64,12899.3
103.407,279.6,748.0,1100,2,64,12922.6
103.524,409.1,748.0,1100,10,64,12945.8
103.642,538.6,748.0,1100,12,64,12969.2
103.76,120.1,748.0,1100,12,65,12983.5
103.878,151.6,748.0,1100,38,65,12999.5
103.996,281.1,748.0,1100,21,64,13023.3
104.114,410.6,748.0,1100,11,64,13048.8
104.231,540.1,748.0,1100,11,64,13076.6
104.349,540.1,748.0,1100,6,64,13107.7
104.467,121.0,748.0,1100,33,66,13119.0
104.584,282.0,748.0,1100,33,64,13146.3
104.702,282.0,748.0,1100,27,64,13149.1
104.822,411.5,748.0,1100,7,64,12948.7
104.94,411.5,748.0,1100,7,64,12978.5
105.057,541.0,748.0,1100,6,64,13004.6
105.176,125.5,748.0,1100,38,65,13009.3
105.294,412.5,748.0,1100,30,64,13027.9
105.413,412.5,748.0,1100,30,64,13052.0
105.53,542.0,748.0,1100,9,64,13077.8
105.649,122.9,748.0,1100,36,65,13086.8
105.767,283.9,748.0,1100,36,64,13110.0
105.885,283.9,748.0,1100,27,64,13132.2
106.003,413.4,748.0,1100,7,64,13154.0
106.12,542.9,748.0,1100,14,64,13138.3
106.239,123.8,748.0,1100,14,65,12938.4
106.357,284.8,748.0,1100,52,64,12961.4
106.476,414.3,748.0,1100,9,64,12983.6
106.593,543.8,748.0,1100,9,64,13018.1
106.711,543.8,748.0,1100,11,64,13046.3
106.829,124.7,748.0,1100,30,66,13057.5
106.947,285.7,748.0,1100,30,64,13086.1
107.065,285.7,748.0,1100,24,64,13122.1
107.183,415.2,748.0,1100,11,64,13138.7
107.302,544.7,748.0,1100,7,64,13095.3
107.42,125.6,748.0,1100,7,65,13104.2
107.537,157.1,748.0,1100,48,65,13107.9
107.657,286.6,748.0,1100,11,64,13137.0
107.774,416.1,748.0,1100,11,64,13165.3
107.892,545.6,748.0,1100,10,64,13204.8
108.01,545.6,748.0,1100,6,64,13241.8
108.127,158.1,748.0,1100,46,65,13209.1
108.246,287.6,748.0,1100,46,65,13131.2
108.364,417.1,748.0,1100,9,64,13157.7
108.481,546.6,748.0,1100,6,64,13123.4
108.599,546.6,748.0,1100,6,64,13139.2
108.716,127.5,748.0,1100,10,68,13133.7
108.834,288.5,748.0,1100,44,65,13112.5
108.954,418.0,748.0,1100,44,64,13134.9
109.072,547.5,748.0,1100,8,64,13161.1
109.189,547.5,748.0,1100,11,64,13184.3
109.307,131.9,748.0,1100,43,65,13201.6
109.425,289.4,748.0,1100,43,65,13232.8
109.543,289.4,748.0,1100,7,64,13269.2
109.661,418.9,748.0,1100,9,64,13218.3
109.779,548.4,748.0,1100,9,64,13149.9
109.902,548.4,748.0,1100,7,64,13162.6
110.02,160.8,748.0,1100,44,65,13179.0
110.138,290.3,748.0,1100,8,64,13209.8
110.257,290.3,748.0,1100,8,64,13238.4
110.375,419.8,748.0,1100,6,64,13263.4
110.493,549.3,748.0,1100,6,64,13292.5
110.61,549.3,748.0,1100,6,64,13323.7
110.728,130.2,748.0,1100,8,67,13338.5
110.846,291.3,748.0,1100,43,64,13354.5
110.965,420.8,748.0,1100,9,64,13378.3
111.084,420.8,748.0,1100,9,64,13398.1
111.203,550.3,748.0,1100,9,64,13418.0
111.321,131.2,748.0,1100,37,67,13419.2
111.44,292.2,748.0,1100,37,64,13432.3
111.559,421.7,748.0,1100,18,64,13446.0
111.678,551.2,748.0,1100,13,64,13458.8
111.796,163.6,748.0,1100,13,65,13463.0
111.914,293.1,748.0,1100,44,64,13484.5
112.034,422.6,748.0,1100,9,64,13506.8
112.153,552.1,748.0,1100,10,64,13529.9
112.271,133.0,748.0,1100,10,67,13537.3
112.389,294.0,748.0,1100,45,65,13553.1
112.507,294.0,748.0,1100,9,64,13571.6
112.626,423.5,748.0,1100,8,64,13582.8
112.774,553.0,748.0,1100,5,64,13572.9
113.036,133.9,748.0,1100,5,65,13552.5
113.264,294.9,748.0,1100,6,64,13530.0
113.506,424.4,748.0,1100,3,64,13505.6
113.772,553.9,748.0,1100,4,64,13463.6
114.039,553.9,748.0,1100,5,65,13457.5
114.227,295.9,748.0,1100,41,65,13441.2
114.414,425.4,748.0,1100,7,64,13408.8
114.67,425.4,748.0,1100,7,64,13378.6
114.905,554.9,748.0,1100,5,64,13343.6
115.209,135.8,748.0,1100,18,66,13332.0
115.373,296.8,748.0,1100,4,64,13305.5
115.648,426.3,748.0,1100,6,64,13281.5
115.888,426.3,748.0,1100,3,64,13265.2
116.075,555.8,748.0,1100,6,65,13249.6
116.256,136.7,748.0,1100,8,65,13237.7
116.425,297.7,748.0,1100,6,65,13209.4
116.706,427.2,748.0,1100,2,65,13184.7
116.958,556.7,748.0,1100,8,65,13171.7
117.128,137.6,748.0,1100,45,68,13160.2
117.296,298.6,748.0,1100,5,65,13139.9
117.522,428.1,748.0,1100,5,65,13124.4
117.72,557.6,748.0,1100,4,65,13103.5
117.953,145.6,748.0,1100,43,65,13085.4
118.144,299.6,748.0,1100,7,65,13065.0
118.368,429.1,748.0,1100,4,65,13032.7
118.676,558.6,748.0,1100,12,66,13003.4
118.971,300.5,748.0,1100,37,65,12978.3
119.238,430.0,748.0,1100,2,65,12943.7
119.554,430.0,748.0,1100,3,65,12907.9
119.876,559.5,748.0,1100,2,65,12874.7
120.172,559.5,748.0,1100,5,65,12859.5
120.369,140.4,748.0,1100,41,66,12763.4
120.488,301.4,748.0,1100,41,65,12322.9
120.607,430.9,748.0,1100,8,65,12280.1
120.728,430.9,748.0,1100,8,65,12310.8
120.846,560.4,748.0,1100,5,65,12339.5
120.964,560.4,748.0,1100,5,65,12364.3
121.082,141.3,748.0,1100,23,66,12375.1
121.201,302.3,748.0,1100,29,65,12401.3
121.318,302.3,748.0,1100,29,65,12430.6
121.436,431.8,748.0,1100,6,65,12453.5
121.554,561.3,748.0,1100,8,65,12472.4
121.673,142.2,748.0,1100,42,67,12481.2
121.791,303.2,748.0,1100,42,65,12534.5
121.909,303.2,748.0,1100,12,65,12602.8
122.029,432.7,748.0,1100,8,65,12644.0
122.148,562.2,748.0,1100,8,65,12686.4
122.268,562.2,748.0,1100,8,65,12708.0
122.386,174.7,748.0,1100,44,66,12711.2
122.505,433.7,748.0,1100,13,65,12740.6
122.624,433.7,748.0,1100,13,65,12769.2
122.743,563.2,748.0,1100,8,65,12794.6
122.862,144.1,748.0,1100,41,68,12796.1
122.981,305.1,748.0,1100,11,65,12802.5
123.161,434.6,748.0,1100,7,65,12788.5
123.446,564.1,748.0,1100,46,65,12757.4
123.777,94.9,748.0,1100,0,65,12745.5
124.107,94.9,748.0,1100,2,65,12727.6
124.439,94.9,748.0,1100,2,65,12722.8
124.648,94.9,748.0,1100,2,65,12482.6
124.773,94.9,748.0,1100,2,65,12306.2
124.899,94.9,748.0,1100,0,65,12354.1
125.024,94.9,748.0,1100,2,65,12459.0
125.15,94.9,748.0,1100,2,65,12564.8
125.275,94.9,748.0,1100,2,65,12675.7
125.399,94.9,748.0,1100,0,65,12669.9
125.527,94.9,748.0,1100,2,65,12589.2
125.652,94.9,748.0,1100,2,65,12701.9
125.777,94.9,748.0,1100,2,65,12802.4
125.901,94.9,748.0,1100,0,65,12885.4
126.026,94.9,748.0,1100,2,65,12718.7
126.152,94.9,748.0,1100,2,65,12814.7
126.277,94.9,748.0,1100,2,65,12904.0
126.402,94.9,748.0,1100,0,65,12970.8
126.528,94.9,748.0,1100,2,65,13074.7
126.653,94.9,748.0,1100,2,65,13178.1
126.777,94.9,748.0,1100,2,65,13248.3
126.896,94.9,748.0,1100,0,65,13273.4
127.016,94.9,748.0,1100,2,65,13230.2
127.15,94.2,748.0,1100,2,65,13173.7
127.268,279.7,748.0,1100,4,65,13197.1
127.387,409.2,748.0,1100,9,65,13219.7
127.505,538.7,748.0,1100,9,65,13242.2
127.623,538.7,748.0,1100,10,65,13266.4
127.743,120.3,748.0,1100,33,69,13270.2
127.861,281.3,748.0,1100,38,66,13293.3
127.979,281.3,748.0,1100,38,65,13317.8
128.097,410.8,748.0,1100,9,65,13345.8
128.215,540.3,748.0,1100,8,65,13376.0
128.333,540.3,748.0,1100,8,65,13394.1
128.453,121.2,748.0,1100,6,69,13393.9
128.571,282.2,748.0,1100,63,66,13420.7
128.69,282.2,748.0,1100,63,65,13447.2
128.808,411.7,748.0,1100,9,65,13474.1
128.927,541.2,748.0,1100,8,65,13497.0
129.047,122.1,748.0,1100,51,69,13489.9
129.166,283.1,748.0,1100,51,66,13501.1
129.285,412.6,748.0,1100,29,65,13519.1
129.405,542.1,748.0,1100,10,65,13540.1
129.524,123.0,748.0,1100,10,68,13535.9
129.643,284.1,748.0,1100,64,66,13554.0
129.761,413.6,748.0,1100,10,65,13570.0
129.881,543.1,748.0,1100,11,65,13581.8
129.999,124.0,748.0,1100,11,68,13581.1
130.118,285.0,748.0,1100,63,66,13592.1
130.25,414.5,748.0,1100,12,65,13590.1
130.469,544.0,748.0,1100,5,65,13575.3
130.668,544.0,748.0,1100,6,65,13554.1
130.96,124.9,748.0,1100,6,68,13548.3
131.092,285.9,748.0,1100,4,65,13523.6
131.412,285.9,748.0,1100,3,65,13489.7
131.768,415.4,748.0,1100,1,65,13455.4
132.093,415.4,748.0,1100,3,65,13416.6
132.448,544.9,748.0,1100,4,65,13380.9
132.752,125.8,748.0,1100,36,68,13372.8
132.872,286.8,748.0,1100,3,65,13347.4
133.185,416.3,748.0,1100,8,65,13317.1
133.497,545.8,748.0,1100,6,65,13286.1
133.829,545.8,748.0,1100,2,65,13252.5
134.184,126.7,748.0,1100,2,69,13245.2
134.314,287.7,748.0,1100,4,65,13219.8
134.626,417.2,748.0,1100,3,65,13176.3
134.969,417.2,748.0,1100,5,65,13154.3
135.285,546.7,748.0,1100,1,65,13122.7
135.606,127.7,748.0,1100,60,66,13095.3
135.917,288.7,748.0,1100,3,65,13055.4
136.254,418.2,748.0,1100,2,65,13024.4
136.575,547.7,748.0,1100,2,65,12996.7
136.864,128.6,748.0,1100,61,69,12982.8
137.042,289.6,748.0,1100,6,65,12956.6
137.329,289.6,748.0,1100,3,65,12923.5
137.642,419.1,748.0,1100,2,65,12889.0
137.977,419.1,748.0,1100,2,65,12818.7
138.099,548.6,748.0,1100,9,65,12353.6
138.219,129.5,748.0,1100,9,69,12023.9
138.336,161.0,748.0,1100,52,66,12045.5
138.454,290.5,748.0,1100,15,66,12072.8
138.572,290.5,748.0,1100,9,65,12101.4
138.691,420.0,748.0,1100,9,65,12126.1
138.809,549.5,748.0,1100,5,65,12153.8
138.927,549.5,748.0,1100,6,65,12184.8
139.044,130.4,748.0,1100,6,67,12201.5
139.162,161.9,748.0,1100,47,66,12212.1
139.28,291.4,748.0,1100,25,65,12232.1
139.398,420.9,748.0,1100,6,65,12258.0
139.516,420.9,748.0,1100,6,65,12283.7
139.634,550.4,748.0,1100,9,65,12307.7
139.752,131.3,748.0,1100,19,67,12320.7
139.87,162.8,748.0,1100,19,66,12329.8
139.989,292.3,748.0,1100,50,65,12349.3
140.106,421.8,748.0,1100,11,65,12367.4
140.224,551.3,748.0,1100,11,65,12384.1
140.342,132.3,748.0,1100,8,67,12396.7
140.46,135.8,748.0,1100,59,66,12409.4
140.579,293.3,748.0,1100,13,65,12436.9
140.696,422.8,748.0,1100,13,65,12463.5
140.814,422.8,748.0,1100,7,65,12485.2
140.932,552.3,748.0,1100,6,65,12512.8
141.05,133.2,748.0,1100,6,66,12530.6
141.169,140.2,748.0,1100,41,67,12542.8
141.287,294.2,748.0,1100,31,65,12567.5
141.405,294.2,748.0,1100,5,65,12542.6
141.524,423.7,748.0,1100,5,65,12441.6
141.642,553.2,748.0,1100,11,65,12438.5
141.76,553.2,748.0,1100,6,65,12436.7
141.879,134.1,748.0,1100,6,68,12443.4
141.997,295.1,748.0,1100,61,65,12455.0
142.115,295.1,748.0,1100,10,65,12470.5
142.233,424.6,748.0,1100,10,65,12487.4
142.351,424.6,748.0,1100,6,65,12506.1
142.47,554.1,748.0,1100,6,65,12525.3
142.589,135.0,748.0,1100,20,66,12535.9
142.707,166.5,748.0,1100,20,66,12543.2
142.825,296.0,748.0,1100,51,65,12557.0
142.942,425.5,748.0,1100,7,65,12571.5
143.06,425.5,748.0,1100,7,65,12578.2
143.18,555.0,748.0,1100,10,64,12317.9
143.302,135.9,748.0,1100,16,68,12276.9
143.42,167.5,748.0,1100,52,66,12292.1
143.538,297.0,748.0,1100,52,65,12310.6
143.657,426.5,748.0,1100,9,65,12325.0
143.775,426.5,748.0,1100,6,65,12337.0
143.893,556.0,748.0,1100,6,64,12348.1
144.011,136.9,748.0,1100,7,65,12358.1
144.129,136.9,748.0,1100,60,67,12365.6
144.248,297.9,748.0,1100,11,65,12383.7
144.366,297.9,748.0,1100,11,65,12402.4
144.484,427.4,748.0,1100,6,64,12417.6
144.602,556.9,748.0,1100,10,64,12426.8
144.721,556.9,748.0,1100,10,64,12436.7
144.839,137.8,748.0,1100,22,67,12440.6
144.957,298.8,748.0,1100,48,65,12455.3
145.075,298.8,748.0,1100,48,64,12470.0
145.193,428.3,748.0,1100,10,64,12476.8
145.31,557.8,748.0,1100,11,64,12491.7
145.428,138.7,748.0,1100,54,68,12495.9
145.546,299.7,748.0,1100,54,65,12513.5
145.665,299.7,748.0,1100,19,64,12530.4
145.782,429.2,748.0,1100,8,64,12548.5
145.901,558.7,748.0,1100,8,64,12565.8
146.021,139.6,748.0,1100,18,68,12558.8
146.14,300.6,748.0,1100,59,65,12577.2
146.26,430.1,748.0,1100,7,64,12601.6
146.378,559.6,748.0,1100,7,64,12630.6
146.497,559.6,748.0,1100,7,64,12653.5
146.617,140.6,748.0,1100,57,68,12649.2
146.736,301.6,748.0,1100,57,65,12670.3
146.856,301.6,748.0,1100,16,64,12694.8
146.976,431.1,748.0,1100,6,64,12713.1
147.096,431.1,748.0,1100,10,64,12730.1
147.217,560.6,748.0,1100,10,64,12747.3
147.338,141.5,748.0,1100,6,65,12751.8
147.458,173.0,748.0,1100,61,66,12754.7
147.577,302.5,748.0,1100,61,65,12770.5
147.699,432.0,748.0,1100,9,64,12784.4
147.833,432.0,748.0,1100,6,64,12782.6
148.043,561.5,748.0,1100,43,67,12778.2
148.227,173.9,748.0,1100,29,64,12766.0
148.506,303.4,748.0,1100,5,64,12740.7
148.796,143.3,748.0,1100,21,68,12735.1
148.963,563.3,748.0,1100,73,65,12728.7
149.103,175.8,748.0,1100,72,67,12719.3
149.23,95.1,750.0,1102,72,67,12716.2
149.361,95.1,750.0,1102,18,65,12716.5
149.659,95.1,750.0,1102,3,64,12540.2
149.79,95.1,750.0,1102,0,64,12578.7
149.917,95.1,750.0,1102,0,64,12650.0
150.043,95.1,750.0,1102,0,64,12715.7
150.169,95.1,750.0,1102,3,64,12782.5
150.296,95.1,750.0,1102,0,64,12857.9
150.423,95.1,750.0,1102,0,64,12926.3
150.549,95.1,750.0,1102,0,64,12982.8
150.678,95.1,750.0,1102,0,65,13023.8
150.945,95.1,750.0,1102,0,65,13057.0
151.18,95.1,750.0,1102,3,65,13057.6
151.343,95.1,750.0,1102,0,65,13043.8
151.469,95.1,750.0,1102,0,65,12973.5
151.596,95.1,750.0,1102,0,65,12631.9
151.721,95.1,750.0,1102,3,65,12733.5
151.845,95.1,750.0,1102,0,65,12834.7
151.969,95.1,750.0,1102,0,64,12930.5
152.093,95.1,750.0,1102,0,64,12730.1
152.219,95.1,750.0,1102,3,64,12761.1
152.344,95.1,750.0,1102,0,64,12866.1
152.469,95.1,750.0,1102,0,64,12945.5
152.589,95.1,750.0,1102,0,64,12991.2
152.71,95.1,750.0,1102,3,64,13048.1
152.829,95.1,750.0,1102,0,64,13100.3
152.948,95.1,750.0,1102,0,64,13154.3
153.069,95.1,750.0,1102,0,64,13204.8
153.188,93.3,750.0,1102,3,64,13152.2
153.306,279.8,750.0,1102,3,64,13181.5
153.424,279.8,750.0,1102,3,64,13226.2
153.542,409.3,750.0,1102,9,64,13266.0
153.663,538.8,750.0,1102,12,64,13221.2
153.784,120.4,750.0,1102,51,65,12978.2
153.901,152.0,750.0,1102,51,65,12993.2
154.019,281.5,750.0,1102,29,64,13018.8
154.137,411.0,750.0,1102,11,64,13048.3
154.255,411.0,750.0,1102,11,64,13075.1
154.373,540.5,750.0,1102,6,64,13104.5
154.491,121.4,750.0,1102,6,65,13121.2
154.609,121.4,750.0,1102,6,65,13130.5
154.727,282.4,750.0,1102,71,64,13161.4
154.845,282.4,750.0,1102,6,64,13189.8
154.963,411.9,750.0,1102,6,64,13219.8
155.083,541.4,750.0,1102,6,64,13044.5
155.204,122.3,750.0,1102,12,65,12922.6
155.322,153.8,750.0,1102,64,65,12928.3
155.44,283.3,750.0,1102,64,65,12947.6
155.558,412.8,750.0,1102,11,64,12970.5
155.676,542.3,750.0,1102,11,64,12994.8
155.794,123.2,750.0,1102,32,67,13009.3
155.911,154.7,750.0,1102,32,66,13022.9
156.029,284.2,750.0,1102,37,65,13046.0
156.147,413.7,750.0,1102,10,64,13066.6
156.265,413.7,750.0,1102,10,64,13084.3
156.383,543.2,750.0,1102,8,64,13103.4
156.5,124.1,750.0,1102,43,68,13107.7
156.618,285.1,750.0,1102,43,65,13128.7
156.736,414.6,750.0,1102,30,64,13148.7
156.853,414.6,750.0,1102,8,64,13172.3
156.971,544.1,750.0,1102,8,64,13200.5
157.09,125.1,750.0,1102,8,66,13218.3
157.208,156.6,750.0,1102,51,65,13064.9
157.326,286.1,750.0,1102,21,65,13070.3
157.444,415.6,750.0,1102,21,64,13102.5
157.562,415.6,750.0,1102,8,64,13136.4
157.679,545.1,750.0,1102,8,64,13169.0
157.797,126.0,750.0,1102,8,65,13185.8
157.915,129.5,750.0,1102,31,66,13200.5
158.033,287.0,750.0,1102,39,65,13228.4
158.151,416.5,750.0,1102,12,64,12981.8
158.273,546.0,750.0,1102,12,64,13010.9
158.39,546.0,750.0,1102,6,64,13041.6
158.508,126.9,750.0,1102,45,68,13046.5
158.626,287.9,750.0,1102,45,65,13075.8
158.744,417.4,750.0,1102,27,64,13105.3
158.863,417.4,750.0,1102,7,64,13138.3
158.981,546.9,750.0,1102,7,64,13173.9
159.099,546.9,750.0,1102,7,64,13206.1
159.217,127.8,750.0,1102,24,68,13213.7
159.335,288.8,750.0,1102,48,65,13086.9
159.452,418.3,750.0,1102,48,64,13114.8
159.572,547.8,750.0,1102,11,64,13142.2
159.69,128.7,750.0,1102,11,66,13155.2
159.809,160.2,750.0,1102,11,65,13161.6
159.927,289.7,750.0,1102,63,64,13190.9
160.047,419.2,750.0,1102,8,64,13227.6
160.166,419.2,750.0,1102,9,64,13257.7
160.285,548.7,750.0,1102,9,64,13288.8
160.404,129.7,750.0,1102,7,67,13291.4
160.522,290.7,750.0,1102,63,65,13315.9
160.641,290.7,750.0,1102,63,64,13350.2
160.76,420.2,750.0,1102,8,64,13380.6
160.878,549.7,750.0,1102,7,64,13413.8
160.997,549.7,750.0,1102,9,64,13450.3
161.117,130.6,750.0,1102,9,68,13445.5
161.236,291.6,750.0,1102,64,65,13464.2
161.355,421.1,750.0,1102,9,64,13483.9
161.475,550.6,750.0,1102,9,64,13505.6
161.594,550.6,750.0,1102,8,64,13525.7
161.713,131.5,750.0,1102,34,68,13520.2
161.832,292.5,750.0,1102,38,64,13534.7
161.951,422.0,750.0,1102,38,64,13546.0
162.07,551.5,750.0,1102,12,64,13558.8
162.19,132.4,750.0,1102,40,68,13553.6
162.318,293.4,750.0,1102,31,64,13537.4
162.575,293.4,750.0,1102,5,64,13514.5
162.857,422.9,750.0,1102,3,64,13487.2
163.17,552.4,750.0,1102,1,64,13454.8
163.483,133.3,750.0,1102,24,66,13438.2
163.719,294.4,750.0,1102,2,64,13407.7
164.045,294.4,750.0,1102,3,64,13377.4
164.35,423.9,750.0,1102,3,64,13346.9
164.652,553.4,750.0,1102,6,64,13319.0
164.945,553.4,750.0,1102,5,64,13290.5
165.243,134.3,750.0,1102,20,68,13281.9
165.372,295.3,750.0,1102,46,64,13259.2
165.604,424.8,750.0,1102,6,64,13238.1
165.85,554.3,750.0,1102,3,64,13210.6
166.14,554.3,750.0,1102,5,64,13180.9
166.447,135.2,750.0,1102,1,67,13171.1
166.592,296.2,750.0,1102,7,64,13148.5
166.844,425.7,750.0,1102,6,64,13123.7
167.114,555.2,750.0,1102,6,64,13097.4
167.394,136.1,750.0,1102,61,65,13073.5
167.658,297.1,750.0,1102,5,64,13050.1
167.915,297.1,750.0,1102,5,64,13022.6
168.2,426.6,750.0,1102,6,64,12999.4
168.436,556.1,750.0,1102,7,64,12978.0
168.676,137.0,750.0,1102,61,67,12970.0
168.806,298.0,750.0,1102,4,64,12945.3
169.081,298.0,750.0,1102,4,64,12918.3
169.363,427.5,750.0,1102,4,64,12869.4
169.557,557.0,750.0,1102,6,64,12388.8
169.677,138.0,750.0,1102,62,68,12327.8
169.801,299.0,750.0,1102,62,65,12326.5
169.924,299.0,750.0,1102,9,65,12346.1
170.042,428.5,750.0,1102,9,65,12359.8
170.16,558.0,750.0,1102,9,64,12371.4
170.278,138.9,750.0,1102,10,66,12381.8
170.395,170.4,750.0,1102,62,66,12393.7
170.513,299.9,750.0,1102,62,65,12414.8
170.631,429.4,750.0,1102,9,65,12442.7
170.749,558.9,750.0,1102,9,64,12459.9
170.868,558.9,750.0,1102,7,64,12477.7
170.986,139.8,750.0,1102,7,68,12480.1
171.104,300.8,750.0,1102,64,65,12497.0
171.222,300.8,750.0,1102,9,65,12524.0
171.34,430.3,750.0,1102,9,64,12547.3
171.458,430.3,750.0,1102,5,64,12525.1
171.576,559.8,750.0,1102,7,64,12553.2
171.697,140.7,750.0,1102,31,67,12558.6
171.816,172.2,750.0,1102,31,66,12569.9
171.935,301.7,750.0,1102,39,65,12594.8
172.053,431.2,750.0,1102,7,64,12616.8
172.173,431.2,750.0,1102,7,64,12636.5
172.292,560.7,750.0,1102,7,64,12653.8
172.411,560.7,750.0,1102,5,64,12668.3
172.531,141.6,750.0,1102,56,68,12662.8
172.651,302.7,750.0,1102,56,65,12677.4
172.77,302.7,750.0,1102,15,65,12694.4
172.89,432.2,750.0,1102,6,64,12708.5
173.009,561.7,750.0,1102,6,64,12718.0
173.128,142.6,750.0,1102,9,66,12718.1
173.247,174.1,750.0,1102,65,66,12732.7
173.366,303.6,750.0,1102,8,65,12757.3
173.503,143.5,750.0,1102,8,67,12751.1
173.631,304.5,750.0,1102,62,65,12738.3
173.773,144.4,750.0,1102,36,67,12732.6
173.896,434.9,750.0,1102,72,65,12731.8
174.108,566.4,750.0,1102,61,65,12719.2
174.417,95.3,750.0,1102,2,65,12719.2
174.691,95.3,750.0,1102,2,64,12720.9
174.969,95.3,750.0,1102,2,65,12725.9
175.22,95.3,750.0,1102,2,65,12662.2
175.347,95.3,750.0,1102,2,65,12421.1
175.474,95.3,750.0,1102,0,65,12429.4
175.599,95.3,750.0,1102,2,65,12458.0
175.724,95.3,750.0,1102,2,65,12497.6
175.848,95.3,750.0,1102,2,65,12450.8
175.975,95.3,750.0,1102,0,65,12537.2
176.1,95.3,750.0,1102,2,65,12571.0
176.226,95.3,750.0,1102,2,65,12622.8
176.353,95.3,750.0,1102,0,65,12662.9
176.49,95.3,750.0,1102,0,65,12722.6
176.617,95.3,750.0,1102,2,65,12762.5
176.742,95.3,750.0,1102,2,65,12804.8
176.866,95.3,750.0,1102,0,65,12875.3
176.99,95.3,750.0,1102,0,65,12942.4
177.116,95.3,750.0,1102,2,65,13028.0
177.243,95.3,750.0,1102,2,65,13107.5
177.369,95.3,750.0,1102,0,65,13187.3
177.495,95.3,750.0,1102,0,65,13252.5
177.622,95.3,750.0,1102,2,65,13295.7
177.745,95.3,750.0,1102,2,65,13321.9
177.865,95.3,750.0,1102,2,65,13338.3
177.984,95.3,750.0,1102,0,65,13353.3
178.104,95.3,750.0,1102,2,65,13367.3
178.224,93.3,750.0,1102,2,65,13305.7
178.343,279.9,750.0,1102,2,65,13334.7
178.462,409.4,750.0,1102,10,65,13362.7
178.581,538.9,750.0,1102,13,65,13387.6
178.7,120.6,750.0,1102,13,68,13388.4
178.819,281.6,750.0,1102,60,66,13406.7
178.938,411.1,750.0,1102,13,65,13431.0
179.057,411.1,750.0,1102,10,65,13459.4
179.176,540.6,750.0,1102,10,65,13488.6
179.294,121.5,750.0,1102,8,68,13491.9
179.413,282.5,750.0,1102,62,66,13512.1
179.532,282.5,750.0,1102,62,65,13537.8
179.653,412.0,750.0,1102,9,65,13564.5
179.772,541.5,750.0,1102,8,65,13591.0
179.892,122.5,750.0,1102,34,67,13592.5
180.011,283.5,750.0,1102,34,66,13594.9
180.131,413.0,750.0,1102,42,65,13614.9
180.25,542.5,750.0,1102,11,65,13613.6
180.492,123.4,750.0,1102,64,66,13591.3
180.774,284.4,750.0,1102,2,65,13562.9
181.085,413.9,750.0,1102,1,65,13538.5
181.38,413.9,750.0,1102,5,65,13514.7
181.653,543.4,750.0,1102,44,66,13487.1
181.951,285.3,750.0,1102,6,65,13463.1
182.212,414.8,750.0,1102,7,65,13439.2
182.478,414.8,750.0,1102,5,65,13408.6
182.781,544.3,750.0,1102,2,65,13378.3
183.097,125.2,750.0,1102,40,68,13371.4
183.227,286.2,750.0,1102,1,65,13341.7
183.54,286.2,750.0,1102,1,65,13308.7
183.88,415.7,750.0,1102,2,65,13255.5
184.218,545.2,750.0,1102,1,65,13234.4
184.532,126.1,750.0,1102,58,66,13215.2
184.772,287.2,750.0,1102,1,65,13180.6
185.125,416.7,750.0,1102,3,65,13163.7
185.375,546.2,750.0,1102,6,65,13116.5
185.519,127.1,750.0,1102,6,66,12709.3
185.637,127.1,750.0,1102,49,67,12718.7
185.755,288.1,750.0,1102,24,66,12743.5
185.873,417.6,750.0,1102,24,65,12769.8
185.991,417.6,750.0,1102,8,65,12800.1
186.109,547.1,750.0,1102,9,65,12829.9
186.227,558.3,750.0,1102,9,66,12858.2
186.345,128.0,750.0,1102,20,67,12871.0
186.462,289.0,750.0,1102,50,65,12822.7
186.583,418.5,750.0,1102,11,65,12749.0
186.701,548.0,750.0,1102,11,65,12748.9
186.819,548.0,750.0,1102,8,65,12722.4
186.938,128.9,750.0,1102,52,69,12727.0
187.056,289.9,750.0,1102,52,66,12757.3
187.174,289.9,750.0,1102,21,65,12787.6
187.292,419.4,750.0,1102,5,65,12824.6
187.409,419.4,750.0,1102,6,65,12855.2
187.527,548.9,750.0,1102,6,65,12835.8
187.647,548.9,750.0,1102,9,65,12745.8
187.765,129.8,750.0,1102,62,67,12756.2
187.884,290.8,750.0,1102,62,65,12786.9
188.001,290.8,750.0,1102,6,65,12821.1
188.119,420.3,750.0,1102,9,65,12852.7
188.238,420.3,750.0,1102,9,65,12886.5
188.355,549.8,750.0,1102,6,65,12653.4
188.473,130.8,750.0,1102,7,66,12676.9
188.591,162.3,750.0,1102,66,66,12688.0
188.708,291.8,750.0,1102,66,65,12708.8
188.826,421.3,750.0,1102,8,65,12733.8
188.943,421.3,750.0,1102,6,65,12758.2
189.061,550.8,750.0,1102,6,65,12787.8
189.179,131.7,750.0,1102,9,65,12805.1
189.297,138.7,750.0,1102,56,67,12810.9
189.415,292.7,750.0,1102,13,65,12832.3
189.533,422.2,750.0,1102,13,65,12849.9
189.65,551.7,750.0,1102,12,65,12867.7
189.767,132.6,750.0,1102,11,65,12881.7
189.886,136.1,750.0,1102,11,66,12838.6
190.011,293.6,750.0,1102,60,65,12862.4
190.13,423.1,750.0,1102,10,65,12881.9
190.249,552.6,750.0,1102,7,65,12909.2
190.369,554.8,750.0,1102,7,65,12932.4
190.487,133.5,750.0,1102,42,67,12933.4
190.607,294.5,750.0,1102,31,65,12962.0
190.728,424.0,750.0,1102,31,65,12984.6
190.847,424.0,750.0,1102,7,65,13008.4
190.967,553.5,750.0,1102,9,65,13031.2
191.087,134.4,750.0,1102,61,68,13027.0
191.206,295.4,750.0,1102,61,65,13036.3
191.326,424.9,750.0,1102,12,65,13051.3
191.446,554.4,750.0,1102,8,65,13066.9
191.565,554.4,750.0,1102,8,65,13083.6
191.686,135.4,750.0,1102,14,69,13075.9
191.805,296.4,750.0,1102,60,65,13075.7
191.966,425.9,750.0,1102,6,65,13055.3
192.222,555.4,750.0,1102,4,65,13049.0
192.407,555.4,750.0,1102,6,66,13050.2
192.636,167.8,750.0,1102,63,65,13039.2
192.814,297.3,750.0,1102,2,65,13014.6
193.091,426.8,750.0,1102,8,65,12992.4
193.349,556.3,750.0,1102,4,65,12971.9
193.577,137.2,750.0,1102,30,69,12956.1
193.805,298.2,750.0,1102,2,65,12926.1
194.103,298.2,750.0,1102,1,65,12884.1
194.417,427.7,750.0,1102,4,65,12863.8
194.645,557.2,750.0,1102,7,65,12849.7
194.833,138.1,750.0,1102,5,68,12841.0
194.986,428.6,750.0,1102,64,65,12826.3
195.176,139.0,750.0,1102,36,69,12817.1
195.296,559.1,750.0,1102,65,65,12812.9
195.419,140.0,750.0,1102,65,68,12803.1
195.54,140.9,750.0,1102,69,67,12799.4
195.661,301.9,750.0,1102,72,67,12799.3
195.781,141.8,750.0,1102,55,68,12647.3
195.901,173.3,750.0,1102,55,66,12501.8
196.023,302.8,750.0,1102,43,65,12529.3
196.144,432.3,750.0,1102,10,65,12552.1
196.263,561.8,750.0,1102,10,65,12566.9
196.382,142.7,750.0,1102,9,68,12566.4
196.5,303.7,750.0,1102,64,66,12596.2
196.619,303.7,750.0,1102,10,65,12638.7
196.738,562.7,750.0,1102,10,66,12640.5
196.857,143.7,750.0,1102,42,67,12634.1
196.976,434.2,750.0,1102,47,65,12635.3
197.096,144.6,750.0,1102,47,69,12631.0
197.215,305.6,750.0,1102,63,66,12628.0
197.334,564.6,750.0,1102,25,65,12645.3
197.455,95.4,750.0,1102,68,68,12661.4
197.58,95.4,750.0,1102,68,65,12753.3
197.712,95.4,750.0,1102,0,65,12777.5
197.97,95.4,750.0,1102,0,65,12785.6
198.178,95.4,750.0,1102,3,65,12741.9
198.314,95.4,750.0,1102,0,65,12475.8
198.435,95.4,750.0,1102,0,65,12524.2
198.556,95.4,750.0,1102,0,65,12550.3
198.681,95.4,750.0,1102,3,65,12578.9
198.806,95.4,750.0,1102,0,65,12594.1
198.932,95.4,750.0,1102,0,65,12684.6
199.057,95.4,750.0,1102,0,65,12703.8
199.183,95.4,750.0,1102,3,65,12729.0
199.307,95.4,750.0,1102,0,65,12752.4
199.432,95.4,750.0,1102,0,65,12850.8
199.556,95.4,750.0,1102,0,65,12806.2
199.683,95.4,750.0,1102,3,65,12627.5
199.807,95.4,750.0,1102,0,65,12725.2
199.932,95.4,750.0,1102,0,65,12831.5
200.057,95.4,750.0,1102,0,65,12924.7
200.181,95.4,750.0,1102,3,65,13020.5
200.307,95.4,750.0,1102,0,64,13121.6
200.432,95.4,750.0,1102,0,64,13204.5
200.552,95.4,750.0,1102,0,64,13269.2
200.672,95.4,750.0,1102,3,64,13316.8
200.791,95.4,750.0,1102,0,64,13346.5
200.911,119.0,750.0,1102,0,64,13273.0
201.029,280.0,750.0,1102,3,64,13296.5
201.147,409.5,750.0,1102,14,64,13326.6
201.265,539.0,750.0,1102,14,64,13350.4
201.383,541.8,750.0,1102,8,65,13370.8
201.501,120.9,750.0,1102,57,66,13373.8
201.618,281.9,750.0,1102,57,65,13399.6
201.736,411.4,750.0,1102,28,64,13425.4
201.854,411.4,750.0,1102,7,64,13455.2
201.972,540.9,750.0,1102,6,64,13439.8
202.092,540.9,750.0,1102,6,64,13226.9
202.21,121.8,750.0,1102,24,66,13228.6
202.327,282.8,750.0,1102,54,65,13254.6
202.445,282.8,750.0,1102,54,65,13283.9
202.563,412.3,750.0,1102,6,65,13313.6
202.681,412.3,750.0,1102,9,65,13341.7
202.8,541.8,750.0,1102,6,65,13368.9
202.918,122.7,750.0,1102,6,66,13379.5
203.035,126.2,750.0,1102,54,66,13385.0
203.154,283.7,750.0,1102,22,65,13404.9
203.272,413.2,750.0,1102,22,65,13427.8
203.389,542.7,750.0,1102,9,65,13440.4
203.509,123.7,750.0,1102,9,66,13302.6
203.627,123.7,750.0,1102,9,66,13311.3
203.745,284.7,750.0,1102,65,65,13334.9
203.863,414.2,750.0,1102,7,65,13357.9
203.981,414.2,750.0,1102,8,65,13377.7
204.1,543.7,750.0,1102,8,65,13395.4
204.218,124.6,750.0,1102,11,67,13383.3
204.335,156.1,750.0,1102,63,66,13324.8
204.455,285.6,750.0,1102,63,65,13346.2
204.574,415.1,750.0,1102,11,65,13369.6
204.693,544.6,750.0,1102,10,65,13393.3
204.812,125.5,750.0,1102,46,68,13392.0
204.931,286.5,750.0,1102,46,65,13413.0
205.05,416.0,750.0,1102,27,65,13438.4
205.169,416.0,750.0,1102,9,65,13469.9
205.289,545.5,750.0,1102,9,65,13503.4
205.407,126.4,750.0,1102,7,68,13508.9
205.525,287.4,750.0,1102,65,66,13530.1
205.644,416.9,750.0,1102,12,65,13550.4
205.763,546.4,750.0,1102,12,65,13574.9
205.882,546.4,750.0,1102,8,65,13608.9
206.0,127.3,750.0,1102,46,69,13605.0
206.119,288.4,750.0,1102,46,65,13626.4
206.238,417.9,750.0,1102,28,65,13654.2
206.357,417.9,750.0,1102,4,65,13656.4
206.602,547.4,750.0,1102,5,65,13628.0
206.892,547.4,750.0,1102,24,66,13595.8
207.227,289.3,750.0,1102,4,65,13563.7
207.548,418.8,750.0,1102,5,65,13536.1
207.852,548.3,750.0,1102,4,65,13504.4
208.18,556.3,750.0,1102,63,66,13456.4
208.458,290.2,750.0,1102,2,65,13411.6
208.77,290.2,750.0,1102,3,65,13384.8
209.087,419.7,750.0,1102,4,65,13349.5
209.43,419.7,750.0,1102,5,65,13316.4
209.747,549.2,750.0,1102,3,65,13283.8
210.074,549.2,750.0,1102,4,65,13246.5
210.391,130.1,750.0,1102,22,68,13238.1
210.524,161.6,750.0,1102,2,65,13192.5
210.829,291.1,750.0,1102,2,65,13162.6
211.132,420.6,750.0,1102,1,65,13130.6
211.457,420.6,750.0,1102,2,65,13091.2
211.817,550.1,750.0,1102,2,65,13061.8
212.117,550.1,750.0,1102,1,65,13028.0
212.452,131.0,750.0,1102,1,69,13019.8
212.583,292.0,750.0,1102,8,65,12987.1
212.889,421.5,750.0,1102,4,65,12959.0
213.162,421.5,750.0,1102,1,65,12928.9
213.469,551.0,750.0,1102,1,65,12911.9
213.611,132.0,750.0,1102,6,66,12800.4
213.73,163.5,750.0,1102,52,67,12830.7
213.85,293.0,750.0,1102,21,65,12429.4
213.97,422.5,750.0,1102,21,65,12248.3
214.092,552.0,750.0,1102,10,65,12272.2
214.211,132.9,750.0,1102,9,66,12318.8
214.33,132.9,750.0,1102,62,67,12327.4
214.45,293.9,750.0,1102,62,65,12358.2
214.569,423.4,750.0,1102,8,65,12379.3
214.69,423.4,750.0,1102,8,65,12393.2
214.81,552.9,750.0,1102,8,65,12394.8
214.929,552.9,750.0,1102,4,65,12392.3
215.049,552.9,750.0,1102,4,65,12395.2
215.169,133.8,750.0,1102,61,69,12389.0
215.288,165.3,750.0,1102,61,66,12392.1
215.408,294.8,750.0,1102,7,65,12395.2
215.527,294.8,750.0,1102,5,65,12401.5
215.647,424.3,750.0,1102,5,65,12415.6
215.766,424.3,750.0,1102,6,65,12426.7
215.885,553.8,750.0,1102,5,65,12423.1
216.006,553.8,750.0,1102,5,65,12428.3
216.125,134.7,750.0,1102,5,65,12433.3
216.244,134.7,750.0,1102,43,67,12430.2
216.363,295.7,750.0,1102,28,65,12441.0
216.482,425.2,750.0,1102,28,65,12450.8
216.601,425.2,750.0,1102,8,65,12461.2
216.721,554.7,750.0,1102,7,65,12468.5
216.839,135.6,750.0,1102,39,68,12468.3
216.959,296.6,750.0,1102,39,66,12470.3
217.078,296.6,750.0,1102,33,65,12480.2
217.197,426.1,750.0,1102,10,65,12490.1
217.316,555.6,750.0,1102,10,65,12503.7
217.435,136.6,750.0,1102,7,68,12509.7
217.554,168.1,750.0,1102,64,66,12510.4
217.673,297.6,750.0,1102,64,65,12518.6
217.793,427.1,750.0,1102,7,65,12529.7
217.912,427.1,750.0,1102,7,65,12330.0
218.031,556.6,750.0,1102,9,65,12324.7
218.155,137.5,750.0,1102,9,69,12333.5
218.272,169.0,750.0,1102,64,66,12351.5
218.39,298.5,750.0,1102,7,65,12380.3
218.508,428.0,750.0,1102,7,65,12403.3
218.626,428.0,750.0,1102,8,65,12406.2
218.744,557.5,750.0,1102,9,65,12296.1
218.862,138.4,750.0,1102,42,68,12300.6
218.98,169.9,750.0,1102,42,66,12257.2
219.1,299.4,750.0,1102,31,65,12171.0
219.218,428.9,750.0,1102,9,65,12164.8
219.336,558.4,750.0,1102,9,65,12179.2
219.453,139.3,750.0,1102,9,67,12190.4
219.571,170.8,750.0,1102,65,66,12205.5
219.689,300.3,750.0,1102,9,65,12228.3
219.807,429.8,750.0,1102,9,65,12225.8
219.925,559.3,750.0,1102,8,65,12246.9
220.043,140.2,750.0,1102,10,65,12263.3
220.172,140.2,750.0,1102,10,67,12041.3
220.29,301.3,750.0,1102,73,65,12059.7
220.408,430.8,750.0,1102,7,65,12093.7
220.525,430.8,750.0,1102,7,65,12125.7
220.643,560.3,750.0,1102,7,64,12154.7
220.76,560.3,750.0,1102,8,64,12178.5
220.878,141.2,750.0,1102,57,67,12184.5
220.997,302.2,750.0,1102,57,65,12214.2
221.114,302.2,750.0,1102,13,65,12246.8
221.232,431.7,750.0,1102,8,64,12179.1
221.352,431.7,750.0,1102,8,64,12067.7
221.469,561.2,750.0,1102,6,64,12085.8
221.588,142.1,750.0,1102,46,68,12091.4
221.706,303.1,750.0,1102,28,65,12116.2
221.824,303.1,750.0,1102,28,64,12143.5
221.943,432.6,750.0,1102,6,64,12167.5
222.061,562.1,750.0,1102,8,64,12186.1
222.179,143.0,750.0,1102,8,65,12199.2
222.297,143.0,750.0,1102,36,66,12215.2
222.415,304.0,750.0,1102,38,65,12223.5
222.534,304.0,750.0,1102,9,64,12146.7
222.652,563.0,750.0,1102,9,64,12158.2
222.77,143.9,750.0,1102,34,68,12159.9
222.888,304.9,750.0,1102,50,65,12170.7
223.007,563.9,750.0,1102,50,64,12182.3
223.124,144.9,750.0,1102,15,65,12188.5
223.242,305.9,750.0,1102,67,66,12193.8
223.359,435.4,750.0,1102,67,65,12218.2
223.477,564.9,750.0,1102,13,64,12237.7
223.596,95.7,750.0,1102,50,68,12261.9
223.713,95.7,750.0,1102,23,65,12327.9
223.838,95.7,750.0,1102,23,64,12327.5
223.962,95.7,750.0,1102,0,64,12353.9
224.086,95.7,750.0,1102,2,64,12415.8
224.213,95.7,750.0,1102,2,64,12462.7
224.351,95.7,750.0,1102,2,64,12565.2
224.476,95.7,750.0,1102,0,64,12655.0
224.602,95.7,750.0,1102,2,64,12734.1
224.727,95.7,750.0,1102,2,64,12811.7
224.854,95.7,750.0,1102,2,64,12883.8
224.98,95.7,750.0,1102,0,64,12975.7
225.106,95.7,750.0,1102,2,64,13059.7
225.233,95.7,750.0,1102,2,64,13131.5
225.364,95.7,750.0,1102,0,64,13209.9
225.494,95.7,750.0,1102,2,65,13266.6
225.689,95.7,750.0,1102,2,64,13314.3
225.932,95.7,750.0,1102,2,65,13332.6
226.22,95.7,750.0,1102,0,65,13342.7
226.552,95.7,750.0,1102,2,65,13348.3
226.845,95.7,750.0,1102,0,65,13347.1
227.129,95.7,750.0,1102,2,65,13341.3
227.399,95.7,750.0,1102,0,65,13336.4
227.619,95.7,750.0,1102,2,65,13334.2
227.806,95.7,750.0,1102,1,65,13335.3
227.996,95.7,750.0,1102,0,65,13241.8
228.127,95.7,750.0,1102,2,65,13131.8
228.247,95.7,750.0,1102,1,65,12757.3
228.386,95.7,750.0,1102,0,65,12513.9
228.505,95.7,750.0,1102,0,65,12590.7
228.623,150.6,750.0,1102,3,65,12487.8
228.741,280.1,750.0,1102,9,65,12514.8
228.86,409.6,750.0,1102,9,65,12540.1
228.978,539.1,750.0,1102,9,65,12567.2
229.096,121.1,750.0,1102,11,67,12582.3
229.214,152.6,750.0,1102,11,66,12595.4
229.332,282.1,750.0,1102,63,65,12620.8
229.45,411.6,750.0,1102,7,65,12646.2
229.568,411.6,750.0,1102,9,65,12677.1
229.686,541.1,750.0,1102,9,65,12708.3
229.804,541.1,750.0,1102,6,65,12734.9
229.921,122.0,750.0,1102,56,69,12741.6
230.04,283.0,750.0,1102,56,65,12769.6
230.158,283.0,750.0,1102,16,65,12797.3
230.276,412.5,750.0,1102,6,65,12827.8
230.394,542.0,750.0,1102,6,64,12857.6
230.511,542.0,750.0,1102,6,65,12895.3
230.629,122.9,750.0,1102,14,68,12908.6
230.746,283.9,750.0,1102,59,65,12941.3
230.864,283.9,750.0,1102,59,65,12983.3
230.983,413.4,750.0,1102,8,65,13016.8
231.1,542.9,750.0,1102,11,64,13046.2
231.218,542.9,750.0,1102,11,65,13076.6
231.336,123.8,750.0,1102,16,67,13021.0
231.456,284.8,750.0,1102,55,65,12942.7
231.573,414.3,750.0,1102,11,65,12909.7
231.691,414.3,750.0,1102,11,64,12952.8
231.809,543.8,750.0,1102,8,64,12991.3
231.927,124.7,750.0,1102,21,66,13005.3
232.045,156.3,750.0,1102,21,66,13022.9
232.164,285.8,750.0,1102,51,65,13009.8
232.284,415.3,750.0,1102,9,64,12963.8
232.403,544.8,750.0,1102,7,64,12925.3
232.524,544.8,750.0,1102,7,64,12953.7
232.642,125.7,750.0,1102,15,68,12959.3
232.759,286.7,750.0,1102,58,65,12987.7
232.877,286.7,750.0,1102,58,64,13015.4
232.995,416.2,750.0,1102,7,64,13049.4
233.113,545.7,750.0,1102,10,64,13075.0
233.231,545.7,750.0,1102,8,64,13109.6
233.35,126.6,750.0,1102,8,68,13107.7
233.468,287.6,750.0,1102,64,65,13136.3
233.587,417.1,750.0,1102,14,64,13157.1
233.706,546.6,750.0,1102,14,64,13189.6
233.826,127.5,750.0,1102,7,66,13211.1
233.945,134.5,750.0,1102,63,66,13217.9
234.064,288.5,750.0,1102,63,65,13243.0
234.183,418.0,750.0,1102,12,64,13276.4
234.302,547.5,750.0,1102,7,64,13310.9
234.421,551.7,750.0,1102,7,65,13337.7
234.541,128.4,750.0,1102,7,66,13333.2
234.661,289.4,750.0,1102,66,64,13342.7
234.845,418.9,750.0,1102,5,64,13324.0
235.104,548.4,750.0,1102,1,64,13262.5
235.468,129.4,750.0,1102,3,68,13257.9
235.652,290.4,750.0,1102,3,64,13223.5
235.978,290.4,750.0,1102,4,64,13188.4
236.294,419.9,750.0,1102,1,64,13150.9
236.605,419.9,750.0,1102,1,64,13118.6
236.923,549.4,750.0,1102,4,64,13085.0
237.236,549.4,750.0,1102,1,64,13047.9
237.547,130.3,750.0,1102,1,68,13038.9
237.683,161.8,750.0,1102,15,65,13008.6
237.98,291.3,750.0,1102,4,65,12973.6
238.295,420.8,750.0,1102,1,64,12938.9
238.623,420.8,750.0,1102,1,65,12907.4
238.93,550.3,750.0,1102,4,65,12874.1
239.246,550.3,750.0,1102,1,65,12840.9
239.563,131.2,750.0,1102,65,67,12823.6
239.734,292.2,750.0,1102,7,65,12798.2
240.023,421.7,750.0,1102,6,65,12766.4
240.328,421.7,750.0,1102,2,65,12753.3
240.516,551.2,750.0,1102,3,65,12728.5
240.648,132.1,750.0,1102,11,68,12463.7
240.768,293.1,750.0,1102,63,66,12209.9
240.888,422.6,750.0,1102,63,65,12245.0
241.009,422.6,750.0,1102,9,65,12187.1
241.128,552.1,750.0,1102,12,65,12223.8
241.246,133.0,750.0,1102,12,68,12222.3
241.364,164.6,750.0,1102,55,66,12246.3
241.484,294.1,750.0,1102,13,65,12264.3
241.602,423.6,750.0,1102,10,65,12287.6
241.72,423.6,750.0,1102,10,65,12298.3
241.84,553.1,750.0,1102,6,65,12286.8
241.959,134.0,750.0,1102,11,65,12305.3
242.077,141.0,750.0,1102,11,67,12320.3
242.195,295.0,750.0,1102,62,65,12325.1
242.314,295.0,750.0,1102,6,65,12352.5
242.432,424.5,750.0,1102,6,64,12377.5
242.55,554.0,750.0,1102,6,65,12379.2
242.668,554.0,750.0,1102,10,64,12387.0
242.786,134.9,750.0,1102,46,68,12392.5
242.904,295.9,750.0,1102,46,65,12407.2
243.022,295.9,750.0,1102,24,65,12424.5
243.14,425.4,750.0,1102,9,64,12444.8
243.258,554.9,750.0,1102,9,64,12465.1
243.376,554.9,750.0,1102,7,64,12486.7
243.494,135.8,750.0,1102,9,68,12494.1
243.613,167.3,750.0,1102,63,65,12504.4
243.731,296.8,750.0,1102,63,65,12468.1
243.849,426.3,750.0,1102,8,64,12462.6
243.967,426.3,750.0,1102,7,64,12447.1
244.087,555.8,750.0,1102,7,64,12459.1
244.205,136.7,750.0,1102,10,67,12470.4
244.323,168.2,750.0,1102,63,65,12484.9
244.441,297.7,750.0,1102,6,65,12505.4
244.558,427.2,750.0,1102,6,64,12523.6
244.676,427.2,750.0,1102,10,64,12539.3
244.795,556.7,750.0,1102,7,64,12553.2
244.913,137.7,750.0,1102,7,66,12548.4
245.033,141.2,750.0,1102,48,66,12545.0
245.154,298.7,750.0,1102,26,64,12564.8
245.272,428.2,750.0,1102,7,64,12580.5
245.391,557.7,750.0,1102,7,64,12585.4
245.509,138.6,750.0,1102,9,65,12587.1
245.627,138.6,750.0,1102,66,66,12582.7
245.746,429.1,750.0,1102,66,65,12596.0
245.865,139.5,750.0,1102,24,68,12587.7
245.983,430.0,750.0,1102,71,65,12596.7
246.103,140.4,750.0,1102,71,68,12587.8
246.221,560.4,750.0,1102,70,65,12581.3
246.34,141.3,750.0,1102,67,67,12571.2
246.459,561.3,750.0,1102,45,65,12569.2
246.578,142.3,750.0,1102,45,68,12559.4
246.697,303.3,750.0,1102,68,65,12577.4
246.815,303.3,750.0,1102,7,65,12594.8
246.935,432.8,750.0,1102,7,65,12610.9
247.054,562.3,750.0,1102,8,64,12619.0
247.173,143.2,750.0,1102,49,69,12618.0
247.292,304.2,750.0,1102,26,65,12650.4
247.412,433.7,750.0,1102,26,65,12669.3
247.532,144.1,750.0,1102,12,65,12667.2
247.651,175.6,750.0,1102,70,66,12662.6
247.77,434.6,750.0,1102,70,65,12663.4
247.889,145.0,750.0,1102,15,65,12663.4
248.008,145.0,750.0,1102,58,67,12655.1
248.128,435.5,750.0,1102,27,65,12665.3
248.248,565.0,750.0,1102,27,65,12676.1
248.367,95.9,750.0,1102,40,66,12690.9
248.516,95.9,750.0,1102,3,65,12703.0
248.781,95.9,750.0,1102,0,64,12689.3
248.999,95.9,750.0,1102,0,64,12274.0
249.14,95.9,750.0,1102,3,64,12192.6
249.279,95.9,750.0,1102,3,65,12257.0
249.404,95.9,750.0,1102,0,64,12341.8
249.53,95.9,750.0,1102,0,64,12450.5
249.655,95.9,750.0,1102,3,65,12540.7
249.781,95.9,750.0,1102,3,64,12651.4
249.905,95.9,750.0,1102,0,65,12746.6
250.034,95.9,750.0,1102,1,65,12825.8
250.16,95.9,750.0,1102,2,65,12898.9
250.288,95.9,750.0,1102,0,65,12993.8
250.414,95.9,750.0,1102,0,65,13059.9
250.541,95.9,750.0,1102,1,65,13139.9
250.668,95.9,750.0,1102,0,65,13190.2
250.931,95.9,750.0,1102,0,64,13201.8
251.225,95.9,750.0,1102,3,64,13214.0
251.381,95.9,750.0,1102,0,64,13222.1
251.511,95.9,750.0,1102,1,64,12922.4
251.636,95.9,750.0,1102,2,64,12938.3
251.768,95.9,750.0,1102,2,64,12954.9
251.894,95.9,750.0,1102,0,64,13015.9
252.015,95.9,750.0,1102,1,64,13069.1
252.134,95.9,750.0,1102,2,64,13122.3
252.254,95.9,750.0,1102,2,64,13096.0
252.375,95.9,750.0,1102,0,64,13122.7
252.493,95.9,750.0,1102,2,64,13146.0
252.613,94.9,750.0,1102,2,64,12995.5
252.731,280.4,750.0,1102,4,64,13018.2
252.849,409.9,750.0,1102,9,64,13040.3
252.967,539.4,750.0,1102,9,64,13061.9
253.086,539.4,750.0,1122,10,64,13083.4
253.205,121.6,770.0,1122,46,67,13088.4
253.324,282.6,770.0,1122,34,65,13110.3
253.442,412.1,770.0,1122,34,65,13135.0
253.559,412.1,770.0,1122,9,65,13164.2
253.678,541.6,770.0,1122,7,65,13144.3
253.797,541.6,770.0,1122,7,64,13047.9
253.915,122.5,770.0,1122,10,68,13049.1
254.033,283.5,770.0,1122,62,65,13076.3
254.15,283.5,770.0,1122,8,65,13106.6
254.269,413.0,770.0,1122,8,65,13134.9
254.387,413.0,770.0,1122,6,65,13163.8
254.506,542.5,770.0,1122,8,64,13189.4
254.623,123.5,770.0,1122,8,67,13196.1
254.741,284.5,770.0,1122,64,66,13013.3
254.86,414.0,770.0,1122,15,65,12938.4
254.978,414.0,770.0,1122,10,65,12964.0
255.097,543.5,770.0,1122,10,64,12989.2
255.215,124.4,770.0,1122,24,68,12994.1
255.333,285.4,770.0,1122,50,65,13013.3
255.451,285.4,770.0,1122,50,65,13036.5
255.569,414.9,770.0,1122,10,65,13065.2
255.688,544.4,770.0,1122,11,64,13091.0
255.807,125.3,770.0,1122,11,68,13102.2
255.924,156.8,770.0,1122,51,65,13119.6
256.042,286.3,770.0,1122,24,65,13153.2
256.16,415.8,770.0,1122,9,65,13181.7
256.278,545.3,770.0,1122,9,64,13210.3
256.396,577.1,770.0,1122,7,64,12966.5
256.515,126.2,770.0,1122,65,68,12905.9
256.633,287.2,770.0,1122,65,65,12935.0
256.751,416.7,770.0,1122,11,65,12963.2
256.87,416.7,770.0,1122,7,64,12990.2
256.988,546.2,770.0,1122,8,64,13023.9
257.106,546.2,770.0,1122,8,64,13054.4
257.225,127.1,770.0,1122,41,67,13059.1
257.342,288.2,770.0,1122,32,65,13090.2
257.461,417.7,770.0,1122,32,64,13114.7
257.58,417.7,770.0,1122,11,64,13141.7
257.698,547.2,770.0,1122,8,64,13176.3
257.815,128.1,770.0,1122,8,65,13171.3
257.935,128.1,770.0,1122,19,66,13054.9
258.053,289.1,770.0,1122,53,65,13085.9
258.171,418.6,770.0,1122,10,64,13116.1
258.29,418.6,770.0,1122,10,64,13148.8
258.408,548.1,770.0,1122,6,64,13182.3
258.526,548.1,770.0,1122,7,64,13214.4
258.644,129.0,770.0,1122,7,67,13224.9
258.762,290.0,770.0,1122,64,65,13150.6
258.884,290.0,770.0,1122,11,64,13148.4
259.002,419.5,770.0,1122,9,64,13169.7
259.12,549.0,770.0,1122,9,64,13194.1
259.238,129.9,770.0,1122,10,65,13208.3
259.356,129.9,770.0,1122,65,66,13220.0
259.474,290.9,770.0,1122,65,64,13252.3
259.593,290.9,770.0,1122,8,64,13283.1
259.711,420.4,770.0,1122,7,64,13316.7
259.829,420.4,770.0,1122,6,64,13346.8
259.948,549.9,770.0,1122,6,64,13375.7
260.068,130.8,770.0,1122,12,67,13378.3
260.187,162.3,770.0,1122,62,65,13393.9
260.305,291.8,770.0,1122,62,64,13423.0
260.425,421.3,770.0,1122,7,64,13450.4
260.543,421.3,770.0,1122,8,64,13482.5
260.662,550.8,770.0,1122,8,64,13515.7
260.782,131.8,770.0,1122,9,68,13513.3
260.902,292.8,770.0,1122,66,65,13522.2
261.021,422.3,770.0,1122,10,64,13545.9
261.139,422.3,770.0,1122,10,64,13569.3
261.258,551.8,770.0,1122,8,64,13580.7
261.449,132.7,770.0,1122,66,65,13560.2
261.655,293.7,770.0,1122,9,64,13545.4
261.938,423.2,770.0,1122,7,64,13536.7
262.126,552.7,770.0,1122,1,64,13493.6
262.533,133.6,770.0,1122,65,65,13462.8
262.858,165.1,770.0,1122,3,64,13426.4
263.212,294.6,770.0,1122,1,64,13397.4
263.526,424.1,770.0,1122,3,64,13366.8
263.84,424.1,770.0,1122,2,64,13329.3
264.15,553.6,770.0,1122,6,64,13301.8
264.444,134.5,770.0,1122,7,67,13285.6
264.598,295.5,770.0,1122,4,64,13252.9
264.919,295.5,770.0,1122,3,64,13224.0
265.218,425.0,770.0,1122,1,64,13190.4
265.558,554.5,770.0,1122,3,64,13160.5
265.863,554.5,770.0,1122,2,64,13130.1
266.167,135.4,770.0,1122,2,69,13120.0
266.298,296.5,770.0,1122,6,65,13101.8
266.543,426.0,770.0,1122,3,64,13066.9
266.837,426.0,770.0,1122,5,64,13039.3
267.125,555.5,770.0,1122,5,64,13012.5
267.413,136.4,770.0,1122,21,69,13003.7
267.548,297.4,770.0,1122,50,65,12986.2
267.774,426.9,770.0,1122,4,64,12961.7
268.039,556.4,770.0,1122,6,64,12912.8
268.265,556.4,770.0,1122,5,64,12789.6
268.385,137.3,770.0,1122,56,68,12791.4
268.505,298.3,770.0,1122,56,65,12595.2
268.623,427.8,770.0,1122,19,65,12493.9
268.747,427.8,770.0,1122,8,65,12520.9
268.865,427.8,770.0,1122,3,64,12518.6
268.985,427.8,770.0,1122,3,64,12508.5
269.104,427.8,770.0,1122,2,65,12497.3
269.223,557.3,770.0,1122,2,64,12485.8
269.343,557.3,770.0,1122,2,64,12472.4
269.462,557.3,770.0,1122,1,65,12459.2
269.581,557.3,770.0,1122,2,64,12447.9
269.701,557.3,770.0,1122,3,65,12435.9
269.822,557.3,770.0,1122,3,64,12423.2
269.941,557.3,770.0,1122,0,64,12408.5
270.06,557.3,770.0,1122,3,65,12395.7
270.179,557.3,770.0,1122,3,64,12384.1
270.298,557.3,770.0,1122,2,64,12376.7
270.416,557.3,770.0,1122,1,65,12368.3
270.534,557.3,770.0,1122,2,65,12355.8
270.653,557.3,770.0,1122,2,64,12349.1
270.771,557.3,770.0,1122,2,65,12337.5
270.89,557.3,770.0,1122,0,64,12325.7
271.009,557.3,770.0,1122,0,64,12320.6
271.128,557.3,770.0,1122,2,64,12312.7
271.246,557.3,770.0,1122,2,64,12249.2
271.365,557.3,770.0,1122,2,64,12183.1
271.483,138.2,770.0,1122,1,68,12185.8
271.601,138.2,770.0,1122,65,65,12123.3
271.721,138.2,770.0,1122,2,65,12126.5
271.842,169.7,770.0,1122,2,65,12092.3
271.963,169.7,770.0,1122,1,64,12097.0
272.084,169.7,770.0,1122,2,64,12099.3
272.204,299.2,770.0,1122,3,64,12098.9
272.324,299.2,770.0,1122,3,64,12098.8
272.442,299.2,770.0,1122,1,64,12051.2
272.562,299.2,770.0,1122,3,64,11989.4
272.682,299.2,770.0,1122,3,64,11991.0
272.802,299.2,770.0,1122,2,64,11957.9
272.92,299.2,770.0,1122,1,64,11964.5
273.039,299.2,770.0,1122,3,64,11948.4
273.159,299.2,770.0,1122,3,64,11909.1
273.279,299.2,770.0,1122,2,64,11889.9
273.398,299.2,770.0,1122,1,64,11892.5
273.517,428.7,770.0,1122,1,64,11896.6
273.637,428.7,770.0,1122,4,64,11881.2
273.757,428.7,770.0,1122,1,64,11883.0
273.875,428.7,770.0,1122,1,64,11863.9
273.994,428.7,770.0,1122,1,64,11867.6
274.115,428.7,770.0,1122,4,64,11869.6
274.232,428.7,770.0,1122,2,64,11872.0
274.35,428.7,770.0,1122,2,64,11873.6
274.469,428.7,770.0,1122,1,64,11875.5
274.589,428.7,770.0,1122,4,64,11877.0
274.708,428.7,770.0,1122,4,64,11879.6
274.826,428.7,770.0,1122,2,64,11881.6
274.946,558.2,770.0,1122,1,64,11884.5
275.065,558.2,770.0,1122,4,64,11885.9
275.184,558.2,770.0,1122,4,63,11887.1
275.303,558.2,770.0,1122,2,63,11890.1
275.422,558.2,770.0,1122,1,63,11891.7
275.542,558.2,770.0,1122,1,63,11893.4
275.661,558.2,770.0,1122,4,63,11873.1
275.779,558.2,770.0,1122,2,63,11875.6
275.898,558.2,770.0,1122,1,63,11880.5
276.017,558.2,770.0,1122,1,63,11883.2
276.136,139.1,770.0,1122,4,66,11884.3
276.253,139.1,770.0,1122,64,65,11885.7
276.372,139.1,770.0,1122,64,64,11888.4
276.493,142.6,770.0,1122,1,64,11890.5
276.611,170.6,770.0,1122,3,63,11892.7
276.728,170.6,770.0,1122,1,63,11894.9
276.848,300.1,770.0,1122,1,63,11855.4
276.966,300.1,770.0,1122,1,63,11859.6
277.086,300.1,770.0,1122,4,63,11862.7
277.206,300.1,770.0,1122,4,63,11843.0
277.325,300.1,770.0,1122,1,63,11828.6
277.445,300.1,770.0,1122,1,63,11811.8
277.565,300.1,770.0,1122,4,63,11816.8
277.684,300.1,770.0,1122,4,63,11821.8
277.813,300.1,770.0,1122,1,63,11829.9
277.932,300.1,770.0,1122,1,63,11833.7
278.051,429.6,770.0,1122,1,63,11839.0
278.172,429.6,770.0,1122,5,63,11843.5
278.29,429.6,770.0,1122,1,63,11842.7
278.41,429.6,770.0,1122,1,63,11845.4
278.529,429.6,770.0,1122,1,63,11849.5
278.649,429.6,770.0,1122,5,63,11853.5
278.769,429.6,770.0,1122,1,63,11857.3
278.888,429.6,770.0,1122,1,63,11860.6
279.005,429.6,770.0,1122,1,63,11864.7
279.125,559.1,770.0,1122,4,63,11867.3
279.245,559.1,770.0,1122,1,63,11869.9
279.365,559.1,770.0,1122,1,63,11874.0
279.484,559.1,770.0,1122,1,63,11878.6
279.603,559.1,770.0,1122,5,63,11884.5
279.723,559.1,770.0,1122,5,63,11888.2
279.841,559.1,770.0,1122,1,63,11893.3
279.961,559.1,770.0,1122,1,63,11897.5
280.079,559.1,770.0,1122,4,63,11902.3
280.198,559.1,770.0,1122,4,63,11906.9
280.324,115.6,770.0,1122,1,64,11911.0
280.444,140.1,770.0,1122,63,65,11913.4
280.564,140.1,770.0,1122,4,63,11917.8
280.685,171.6,770.0,1122,4,63,11922.4
280.805,171.6,770.0,1122,1,63,11926.7
280.923,301.1,770.0,1122,1,63,11897.6
281.043,301.1,770.0,1122,1,63,11904.9
281.164,301.1,770.0,1122,4,63,11908.7
281.282,301.1,770.0,1122,1,63,11915.4
281.404,301.1,770.0,1122,1,63,11920.9
281.525,301.1,770.0,1122,1,62,11925.8
281.643,301.1,770.0,1122,4,62,11911.6
281.763,301.1,770.0,1122,1,62,11900.2
281.883,301.1,770.0,1122,1,62,11889.6
282.002,301.1,770.0,1122,1,62,11882.6
282.122,430.6,770.0,1122,4,62,11887.1
282.242,430.6,770.0,1122,1,62,11876.4
282.36,430.6,770.0,1122,1,62,11868.3
282.48,430.6,770.0,1122,1,62,11873.7
282.6,430.6,770.0,1122,4,62,11878.1
282.719,430.6,770.0,1122,4,62,11851.7
282.839,430.6,770.0,1122,1,62,11856.7
282.957,430.6,770.0,1122,1,62,11862.4
283.076,430.6,770.0,1122,4,62,11859.0
283.196,430.6,770.0,1122,4,62,11831.2
283.315,560.1,770.0,1122,1,62,11838.3
283.435,560.1,770.0,1122,1,62,11844.8
283.553,560.1,770.0,1122,1,62,11851.9
283.673,560.1,770.0,1122,5,62,11859.3
283.802,560.1,770.0,1122,1,62,11864.8
283.92,560.1,770.0,1122,1,62,11870.8
284.039,560.1,770.0,1122,1,62,11875.1
284.163,560.1,770.0,1122,4,62,11882.3
284.282,560.1,770.0,1122,1,62,11887.2
284.4,560.1,770.0,1122,1,62,11893.1
284.524,141.0,770.0,1122,1,65,11878.6
284.642,172.5,770.0,1122,67,63,11858.1
284.762,302.0,770.0,1122,9,62,11703.7
284.883,431.5,770.0,1122,9,62,11499.9
285.004,561.0,770.0,1122,8,62,11318.3
285.125,141.9,770.0,1122,18,64,11251.1
285.243,148.9,770.0,1122,18,64,11207.8
285.364,302.9,770.0,1122,58,63,11127.0
285.482,432.4,770.0,1122,6,62,11071.0
285.609,432.4,770.0,1122,9,62,11113.7
285.729,561.9,770.0,1122,9,62,11157.7
285.849,142.8,770.0,1122,7,64,11185.7
285.967,146.3,770.0,1122,65,64,11198.2
286.085,303.8,770.0,1122,10,63,11225.9
286.204,433.3,770.0,1122,10,62,11250.6
286.323,433.3,770.0,1122,7,62,11276.1
286.445,562.8,770.0,1122,8,62,11306.0
286.566,143.7,770.0,1122,8,66,11303.1
286.684,175.3,770.0,1122,69,63,11327.2
286.804,304.8,770.0,1122,6,63,11382.2
286.924,434.3,770.0,1122,11,63,11404.5
287.044,144.7,770.0,1122,11,66,11403.7
287.164,305.7,770.0,1122,65,64,11403.8
287.283,435.2,770.0,1122,19,63,11411.3
287.401,564.7,770.0,1122,19,63,11286.3
287.521,145.6,770.0,1122,12,67,11053.7
287.645,306.6,770.0,1122,69,64,11049.6
287.764,436.1,770.0,1122,10,63,10995.2
287.884,565.6,770.0,1122,10,63,11017.9
288.002,96.4,770.0,1122,24,67,11024.4
288.12,96.4,770.0,1122,53,63,11158.2
288.242,96.4,770.0,1122,53,63,11275.5
288.366,96.4,770.0,1122,0,63,11265.2
288.489,96.4,770.0,1122,0,63,11345.1
288.614,96.4,770.0,1122,3,63,11431.0
288.739,96.4,770.0,1122,3,63,11502.2
288.865,96.4,770.0,1122,0,63,11642.1
288.99,96.4,770.0,1122,0,63,11734.6
289.114,96.4,770.0,1122,3,63,11827.4
289.238,96.4,770.0,1122,3,63,11916.4
289.362,96.4,770.0,1122,0,63,12001.4
289.487,96.4,770.0,1122,0,63,12092.4
289.61,96.4,770.0,1122,3,63,12213.6
289.734,96.4,770.0,1122,3,63,12303.0
289.858,96.4,770.0,1122,0,63,12398.0
289.982,96.4,770.0,1122,0,63,12488.2
290.106,96.4,770.0,1122,3,63,12568.1
290.231,96.4,770.0,1122,3,63,12673.0
290.355,96.4,770.0,1122,0,63,12779.8
290.479,96.4,770.0,1122,0,63,12866.8
290.604,96.4,770.0,1122,3,63,12959.6
290.727,96.4,770.0,1122,3,63,13017.9
290.847,93.3,770.0,1122,0,63,12893.9
290.966,280.6,770.0,1122,3,63,12919.2
291.084,410.1,770.0,1122,3,63,12944.5
291.202,410.1,770.0,1122,13,63,12967.2
291.32,539.6,770.0,1122,8,63,12991.7
291.437,122.0,770.0,1122,48,66,13001.6
291.556,125.5,770.0,1122,48,65,13012.8
291.674,283.0,770.0,1122,45,64,13039.0
291.792,412.5,770.0,1122,7,64,13065.5
291.91,412.5,770.0,1122,7,63,13096.7
292.028,542.0,770.0,1122,6,63,13129.4
292.146,542.0,770.0,1122,9,63,13158.0
292.264,122.9,770.0,1122,9,67,13158.0
292.382,154.4,770.0,1122,80,64,13183.3
292.5,283.9,770.0,1122,6,64,13215.0
292.618,413.4,770.0,1122,9,63,13245.8
292.736,413.4,770.0,1122,9,63,13277.1
292.857,542.9,770.0,1122,6,63,13305.7
292.975,123.9,770.0,1122,25,66,13315.3
293.092,123.9,770.0,1122,25,67,13320.0
293.21,284.9,770.0,1122,70,64,13339.7
293.328,414.4,770.0,1122,10,64,13010.8
293.446,543.9,770.0,1122,8,63,13037.4
293.565,124.8,770.0,1122,8,65,13051.0
293.683,124.8,770.0,1122,69,66,13059.4
293.802,285.8,770.0,1122,21,64,13084.0
293.92,415.3,770.0,1122,21,64,13109.2
294.038,415.3,770.0,1122,8,63,13130.3
294.158,544.8,770.0,1122,12,63,13150.0
294.276,125.7,770.0,1122,12,67,13152.7
294.393,286.7,770.0,1122,70,64,13170.7
294.51,286.7,770.0,1122,20,64,13192.1
294.628,416.2,770.0,1122,11,63,13213.0
294.745,545.7,770.0,1122,11,63,13239.2
294.863,545.7,770.0,1122,7,64,13258.6
294.98,126.6,770.0,1122,61,67,13258.6
295.098,287.6,770.0,1122,61,64,13280.9
295.215,287.6,770.0,1122,31,63,13305.2
295.334,417.1,770.0,1122,7,63,13320.3
295.453,546.6,770.0,1122,7,63,13193.2
295.571,546.6,770.0,1122,7,63,13222.8
295.688,127.5,770.0,1122,31,67,13224.5
295.806,159.0,770.0,1122,58,64,13243.8
295.924,288.5,770.0,1122,58,63,13269.1
296.043,418.0,770.0,1122,8,63,13288.3
296.162,547.5,770.0,1122,11,63,13313.2
296.28,547.5,770.0,1122,11,63,13343.4
296.398,128.5,770.0,1122,5,66,13314.1
296.52,128.5,770.0,1122,71,65,13245.5
296.64,289.5,770.0,1122,22,64,13258.4
296.759,419.0,770.0,1122,22,63,13283.9
296.877,548.5,770.0,1122,8,63,13311.9
296.996,548.5,770.0,1122,8,63,13337.3
297.115,129.4,770.0,1122,8,67,13328.0
297.233,290.4,770.0,1122,77,64,13337.8
297.352,419.9,770.0,1122,16,63,13351.4
297.471,549.4,770.0,1122,11,63,13372.0
297.59,130.3,770.0,1122,11,65,13380.0
297.724,130.3,770.0,1122,55,67,13375.5
297.843,291.3,770.0,1122,47,64,13404.0
297.963,420.8,770.0,1122,8,64,13436.2
298.081,420.8,770.0,1122,8,63,13465.5
298.2,550.3,770.0,1122,9,63,13494.1
298.319,131.2,770.0,1122,13,64,13512.6
298.439,131.2,770.0,1122,13,67,13505.7
298.558,292.2,770.0,1122,76,64,13531.8
298.677,292.2,770.0,1122,8,64,13561.2
298.795,421.7,770.0,1122,6,63,13584.7
298.929,551.2,770.0,1122,5,63,13571.2
299.197,551.2,770.0,1122,1,63,13543.7
299.496,132.2,770.0,1122,28,66,13529.2
299.715,293.2,770.0,1122,5,64,13501.1
300.01,422.7,770.0,1122,6,64,13467.7
300.317,422.7,770.0,1122,2,64,13436.4
300.625,552.2,770.0,1122,5,64,13415.9
300.828,552.2,770.0,1122,3,64,13384.3
301.127,133.1,770.0,1122,66,67,13376.4
301.265,294.1,770.0,1122,23,64,13352.4
301.522,423.6,770.0,1122,5,64,13323.2
301.803,553.1,770.0,1122,2,64,13283.2
302.184,553.1,770.0,1122,78,65,13251.2
302.522,165.5,770.0,1122,3,64,13202.2
302.854,295.0,770.0,1122,4,64,13184.6
303.108,424.5,770.0,1122,8,64,13151.4
303.436,554.0,770.0,1122,5,64,13120.5
303.73,554.0,770.0,1122,3,64,13092.1
304.019,134.9,770.0,1122,49,67,13083.6
304.146,295.9,770.0,1122,41,64,13058.8
304.435,295.9,770.0,1122,5,64,13027.9
304.726,425.4,770.0,1122,2,64,12990.1
305.019,554.9,770.0,1122,3,64,12968.0
305.288,554.9,770.0,1122,4,64,12935.9
305.601,135.8,770.0,1122,4,68,12926.6
305.729,296.8,770.0,1122,82,65,12915.0
305.917,426.3,770.0,1122,5,64,12902.7
306.084,426.3,770.0,1122,8,64,12770.7
306.203,555.8,770.0,1122,9,64,12792.0
306.324,136.8,770.0,1122,9,67,12796.6
306.443,168.3,770.0,1122,61,66,12785.1
306.562,297.8,770.0,1122,30,65,12808.3
306.682,427.3,770.0,1122,9,64,12820.0
306.807,556.8,770.0,1122,9,64,12834.3
306.928,562.1,770.0,1122,7,64,12850.6
307.047,137.7,770.0,1122,60,68,12840.5
307.166,298.7,770.0,1122,60,65,12855.1
307.286,428.2,770.0,1122,6,64,12873.1
307.528,557.7,770.0,1122,3,64,12856.3
307.799,557.7,770.0,1122,5,68,12833.3
308.088,299.6,770.0,1122,6,65,12810.0
308.363,429.1,770.0,1122,6,64,12788.2
308.606,558.6,770.0,1122,5,67,12777.8
308.782,171.0,770.0,1122,62,67,12725.9
308.902,300.5,770.0,1122,35,65,12465.7
309.021,430.0,770.0,1122,11,65,12222.9
309.139,559.5,770.0,1122,11,65,12113.4
309.258,140.4,770.0,1122,9,66,12098.3
309.376,140.4,770.0,1122,82,68,12067.1
309.496,301.5,770.0,1122,82,65,11910.8
309.614,431.0,770.0,1122,10,65,11809.5
309.733,141.4,770.0,1122,15,66,11768.6
309.851,141.4,770.0,1122,85,69,11768.7
309.969,142.3,770.0,1122,85,66,11777.6
310.087,142.3,770.0,1122,65,68,11777.6
310.205,432.8,770.0,1122,60,66,11776.1
310.324,432.8,770.0,1122,60,65,11803.9
310.442,562.3,770.0,1122,6,65,11832.1
310.559,143.2,770.0,1122,10,67,11830.2
310.677,143.2,770.0,1122,10,67,11834.4
310.795,304.2,770.0,1122,81,65,11861.2
310.912,304.2,770.0,1122,6,65,11884.0
311.03,433.7,770.0,1122,8,65,11909.3
311.148,563.2,770.0,1122,8,64,11918.8
311.266,144.1,770.0,1122,10,65,11919.2
311.384,144.1,770.0,1122,76,69,11921.2
311.502,305.1,770.0,1122,76,65,11930.5
311.621,305.1,770.0,1122,14,65,11958.4
311.739,434.6,770.0,1122,7,65,11980.0
311.857,564.1,770.0,1122,23,64,11992.4
311.975,145.1,770.0,1122,23,69,11992.4
312.093,306.1,770.0,1122,75,65,11929.4
312.211,565.1,770.0,1122,19,65,11939.9
312.329,146.0,770.0,1122,19,67,11945.7
312.447,146.0,770.0,1122,53,67,11947.9
312.565,307.0,770.0,1122,43,65,11961.9
312.683,436.5,770.0,1122,43,65,11983.2
312.802,96.8,770.0,1122,12,64,11994.4
312.92,96.8,770.0,1122,56,68,11997.9
313.038,96.8,770.0,1122,33,65,12129.5
313.162,96.8,770.0,1122,33,65,12205.2
313.286,96.8,770.0,1122,2,64,12284.3
313.41,96.8,770.0,1122,0,64,12363.1
313.535,96.8,770.0,1122,2,64,12448.3
313.659,96.8,770.0,1122,2,64,12553.5
313.784,96.8,770.0,1122,2,64,12652.6
313.908,96.8,770.0,1122,0,64,12661.1
314.04,96.8,770.0,1122,2,64,12695.5
314.166,96.8,770.0,1122,2,64,12779.2
314.291,96.8,770.0,1122,2,64,12859.0
314.415,96.8,770.0,1122,0,64,12968.4
314.539,96.8,770.0,1122,2,64,13033.6
314.681,96.8,770.0,1122,2,64,13110.1
314.806,96.8,770.0,1122,2,65,13123.4
314.94,96.8,770.0,1122,0,65,13189.9
315.066,96.8,770.0,1122,2,65,13249.1
315.192,96.8,770.0,1122,2,64,13314.4
315.317,96.8,770.0,1122,2,65,13405.3
315.445,96.8,770.0,1122,0,65,13473.8
315.572,96.8,770.0,1122,2,64,13544.6
315.699,96.8,770.0,1122,2,64,13599.5
315.824,96.8,770.0,1122,2,64,13624.2
315.956,96.8,770.0,1122,0,64,13636.0
316.077,96.8,770.0,1122,2,64,13722.8
316.261,96.8,770.0,1122,0,64,13687.9
316.64,119.9,770.0,1122,2,64,13407.8
316.76,280.9,770.0,1122,9,64,13427.1
316.878,539.9,770.0,1122,11,64,13444.9
316.998,544.6,770.0,1122,11,65,13460.4
317.118,122.6,770.0,1122,44,67,13450.2
317.238,154.1,770.0,1122,75,65,13456.1
317.357,283.6,770.0,1122,75,65,13474.3
317.477,413.1,770.0,1122,10,65,13499.4
317.596,542.6,770.0,1122,10,65,13526.9
317.716,123.6,770.0,1122,31,67,13537.1
317.835,123.6,770.0,1122,31,70,13526.8
317.955,284.6,770.0,1122,78,66,13546.3
318.075,284.6,770.0,1122,10,65,13570.5
318.194,414.1,770.0,1122,7,65,13573.7
318.411,543.6,770.0,1122,4,65,13546.8
318.719,124.5,770.0,1122,58,68,13536.8
318.854,285.5,770.0,1122,58,66,13530.1
318.985,415.0,770.0,1122,9,65,13496.2
319.287,544.5,770.0,1122,4,65,13475.8
319.549,125.4,770.0,1122,91,68,13452.7
319.863,286.4,770.0,1122,6,65,13422.7
320.161,415.9,770.0,1122,5,65,13393.7
320.466,545.4,770.0,1122,7,65,13367.3
320.741,126.3,770.0,1122,35,68,13347.5
320.986,287.3,770.0,1122,7,65,13315.9
321.311,416.8,770.0,1122,3,65,13295.3
321.535,546.3,770.0,1122,7,65,13264.9
321.841,546.3,770.0,1122,4,65,13233.4
322.147,127.2,770.0,1122,10,68,13224.8
322.288,158.7,770.0,1122,97,67,13057.9
322.408,288.2,770.0,1122,8,65,12853.1
322.527,417.7,770.0,1122,8,65,12885.9
322.644,417.7,770.0,1122,10,65,12912.5
322.763,547.2,770.0,1122,6,65,12937.2
322.88,128.2,770.0,1122,6,67,12947.5
322.998,128.2,770.0,1122,53,70,12948.3
323.117,289.2,770.0,1122,59,66,12920.8
323.237,418.7,770.0,1122,9,65,12823.1
323.354,418.7,770.0,1122,9,65,12843.1
323.472,548.2,770.0,1122,8,65,12868.3
323.59,129.1,770.0,1122,9,66,12891.4
323.709,129.1,770.0,1122,9,68,12891.4
323.827,160.6,770.0,1122,100,66,12908.0
323.945,290.1,770.0,1122,11,65,12933.3
324.063,419.6,770.0,1122,11,65,12964.9
324.182,419.6,770.0,1122,10,65,12859.5
324.301,549.1,770.0,1122,6,65,12826.4
324.42,130.0,770.0,1122,29,66,12798.5
324.537,130.0,770.0,1122,29,69,12798.5
324.655,291.0,770.0,1122,84,66,12820.0
324.774,291.0,770.0,1122,8,65,12841.4
324.892,420.5,770.0,1122,8,65,12861.8
325.009,550.0,770.0,1122,8,65,12885.2
325.128,130.9,770.0,1122,11,66,12899.4
325.245,130.9,770.0,1122,97,69,12899.6
325.363,291.9,770.0,1122,97,65,12927.7
325.48,291.9,770.0,1122,12,65,12959.6
325.599,421.4,770.0,1122,8,65,12917.6
325.719,421.4,770.0,1122,8,65,12851.9
325.837,550.9,770.0,1122,6,64,12855.0
325.955,550.9,770.0,1122,6,64,12848.7
326.074,131.8,770.0,1122,6,68,12802.5
326.191,131.8,770.0,1122,74,67,12816.2
326.309,292.9,770.0,1122,37,65,12844.8
326.427,292.9,770.0,1122,5,65,12875.3
326.545,422.4,770.0,1122,5,65,12904.2
326.663,551.9,770.0,1122,9,65,12934.7
326.78,551.9,770.0,1122,7,64,12966.8
326.899,132.8,770.0,1122,42,66,12931.3
327.034,132.8,770.0,1122,42,67,12922.7
327.154,293.8,770.0,1122,80,65,12935.0
327.272,423.3,770.0,1122,9,65,12958.1
327.391,423.3,770.0,1122,9,65,12980.2
327.51,552.8,770.0,1122,7,64,13004.0
327.628,133.7,770.0,1122,26,68,13005.2
327.747,133.7,770.0,1122,87,69,12998.0
327.866,294.7,770.0,1122,87,65,13016.9
327.985,424.2,770.0,1122,11,65,13030.2
328.105,553.7,770.0,1122,12,65,13071.4
328.224,134.6,770.0,1122,12,68,13065.9
328.343,134.6,770.0,1122,83,67,13074.5
328.462,295.6,770.0,1122,27,65,13101.5
328.581,425.1,770.0,1122,27,65,13122.3
328.7,425.1,770.0,1122,5,64,13110.4
328.991,554.6,770.0,1122,5,64,13093.0
329.278,135.5,770.0,1122,42,68,13086.1
329.415,142.5,770.0,1122,63,65,13070.0
329.632,296.5,770.0,1122,1,65,13040.3
329.951,296.5,770.0,1122,4,65,13010.6
330.243,426.0,770.0,1122,4,65,12978.6
330.522,555.5,770.0,1122,7,64,12942.2
330.826,555.5,770.0,1122,1,65,12893.6
331.168,136.5,770.0,1122,26,69,12883.8
331.291,168.0,770.0,1122,81,66,12880.1
331.425,297.5,770.0,1122,5,65,12864.2
331.587,427.0,770.0,1122,8,65,12849.1
331.817,427.0,770.0,1122,4,65,12797.2
331.951,556.5,770.0,1122,6,65,12521.5
332.077,137.4,770.0,1122,6,68,12194.6
332.196,137.4,770.0,1122,80,67,12204.8
332.315,298.4,770.0,1122,31,65,12221.4
332.433,427.9,770.0,1122,7,65,12241.9
332.551,427.9,770.0,1122,7,65,12257.9
332.669,557.4,770.0,1122,10,65,12279.7
332.787,557.4,770.0,1122,6,65,12302.9
332.905,138.3,770.0,1122,6,68,12303.7
333.022,145.3,770.0,1122,87,66,12313.2
333.14,299.3,770.0,1122,25,65,12335.9
333.258,428.8,770.0,1122,25,65,12357.8
333.376,558.3,770.0,1122,10,65,12382.3
333.494,623.7,770.0,1122,7,65,12405.2
333.612,139.2,770.0,1122,78,68,12405.2
333.729,170.7,770.0,1122,78,66,12419.0
333.847,300.2,770.0,1122,33,65,12440.0
333.965,429.7,770.0,1122,7,65,12461.1
334.084,429.7,770.0,1122,7,65,12472.4
334.202,559.2,770.0,1122,11,65,12484.3
334.32,140.1,770.0,1122,35,68,12486.1
334.438,140.1,770.0,1122,71,67,12492.3
334.556,430.7,770.0,1122,71,65,12502.3
334.675,141.1,770.0,1122,27,68,12506.8
334.794,141.1,770.0,1122,100,68,12508.3
334.912,431.6,770.0,1122,100,65,12523.1
335.03,142.0,770.0,1122,20,67,12476.8
335.152,142.0,770.0,1122,78,69,12372.5
335.27,432.5,770.0,1122,78,66,12376.4
335.389,142.9,770.0,1122,52,68,12377.8
335.506,174.4,770.0,1122,90,67,12378.6
335.625,433.4,770.0,1122,35,66,12412.9
335.742,562.9,770.0,1122,35,65,12458.1
335.86,562.9,770.0,1122,7,65,12499.7
335.978,143.8,770.0,1122,58,68,12499.7
336.096,175.3,770.0,1122,58,66,12527.4
336.214,304.8,770.0,1122,55,65,12559.7
336.332,434.3,770.0,1122,6,65,12585.8
336.454,434.3,770.0,1122,7,65,12629.4
336.578,563.8,770.0,1122,7,65,12665.5
336.697,144.8,770.0,1122,39,68,12654.9
336.816,144.8,770.0,1122,73,66,12645.6
336.935,176.3,770.0,1122,73,65,12644.8
337.054,305.8,770.0,1122,2,65,12645.6
337.173,305.8,770.0,1122,5,65,12638.2
337.293,305.8,770.0,1122,1,64,12628.8
337.411,305.8,770.0,1122,1,64,12615.0
337.53,305.8,770.0,1122,1,64,12609.1
337.649,305.8,770.0,1122,4,64,12597.3
337.769,305.8,770.0,1122,4,64,12587.3
337.888,305.8,770.0,1122,1,64,12580.4
338.007,305.8,770.0,1122,1,64,12568.5
338.125,435.3,770.0,1122,7,64,12561.5
338.244,564.8,770.0,1122,7,64,12554.0
338.364,145.7,770.0,1122,9,65,12551.0
338.482,145.7,770.0,1122,81,68,12540.9
338.602,306.7,770.0,1122,81,66,12539.9
338.723,436.2,770.0,1122,32,65,12541.8
338.842,565.7,770.0,1122,11,65,12545.8
338.961,146.6,770.0,1122,39,67,12543.6
339.081,146.6,770.0,1122,39,70,12533.3
339.2,307.6,770.0,1122,76,66,12536.0
339.319,437.1,770.0,1122,9,65,12556.4
339.439,566.6,770.0,1122,9,65,12570.1
339.564,97.4,770.0,1122,27,68,12561.0
339.683,97.4,770.0,1122,100,67,12610.0
339.807,97.4,770.0,1122,0,65,12707.4
339.986,97.4,770.0,1122,0,65,12692.2
340.202,97.4,770.0,1122,3,65,12289.6
340.327,97.4,770.0,1122,0,65,12068.1
340.452,97.4,770.0,1122,0,65,12154.2
340.578,97.4,770.0,1122,0,65,12231.1
340.703,97.4,770.0,1122,3,65,12320.2
340.827,97.4,770.0,1122,0,65,12407.6
340.953,97.4,770.0,1122,0,65,12513.8
341.078,97.4,770.0,1122,1,65,12615.7
341.202,97.4,770.0,1122,2,65,12696.3
341.328,97.4,770.0,1122,0,65,12782.7
341.452,97.4,770.0,1122,0,65,12847.1
341.576,97.4,770.0,1122,1,65,12900.6
341.702,97.4,770.0,1122,2,65,12850.9
341.826,97.4,770.0,1122,0,65,12934.2
341.951,97.4,770.0,1122,0,65,12960.7
342.076,97.4,770.0,1122,1,65,12963.8
342.2,97.4,770.0,1122,2,65,13044.7
342.325,97.4,770.0,1122,0,65,13112.0
342.449,97.4,770.0,1122,0,65,13213.9
342.573,97.4,770.0,1122,1,65,13249.6
342.7,97.4,770.0,1122,2,65,13237.2
342.825,97.4,770.0,1122,0,65,13298.1
342.95,97.4,770.0,1122,0,65,13255.4
343.076,97.4,770.0,1122,1,65,13294.8
343.195,97.4,770.0,1122,2,65,13323.7
343.315,93.3,770.0,1122,0,65,13157.2
343.433,281.2,770.0,1122,0,65,13183.2
343.551,410.7,770.0,1122,8,65,13207.1
343.669,410.7,770.0,1122,11,65,13229.0
343.787,540.2,770.0,1122,11,65,13252.6
343.905,123.1,770.0,1122,8,70,13261.8
344.023,123.1,770.0,1122,87,68,13266.5
344.141,284.1,770.0,1122,21,66,13289.8
344.259,413.6,770.0,1122,21,65,13314.7
344.376,413.6,770.0,1122,7,65,13341.4
344.494,543.1,770.0,1122,7,65,13369.4
344.612,543.1,770.0,1122,7,64,13400.3
344.729,124.1,770.0,1122,12,68,13405.9
344.847,124.1,770.0,1122,98,68,13413.4
344.965,285.1,770.0,1122,98,65,13270.9
345.085,285.1,770.0,1122,8,65,13299.1
345.205,414.6,770.0,1122,8,65,13325.1
345.325,544.1,770.0,1122,7,65,13350.7
345.444,125.0,770.0,1122,7,67,13350.9
345.564,125.0,770.0,1122,67,70,13343.6
345.684,286.0,770.0,1122,47,66,13354.9
345.803,415.5,770.0,1122,47,65,13373.5
345.922,545.0,770.0,1122,11,65,13394.8
346.04,125.9,770.0,1122,39,69,13386.2
346.182,132.9,770.0,1122,86,66,13386.9
346.301,286.9,770.0,1122,86,65,13406.5
346.42,416.4,770.0,1122,9,64,13423.7
346.539,545.9,770.0,1122,12,64,13435.3
346.657,126.8,770.0,1122,64,67,13429.1
346.778,126.8,770.0,1122,64,67,13428.0
346.898,287.8,770.0,1122,50,65,13443.9
347.016,417.3,770.0,1122,11,65,13463.0
347.135,546.8,770.0,1122,11,65,13487.4
347.254,127.7,770.0,1122,9,67,13491.7
347.395,127.7,770.0,1122,79,70,13487.1
347.515,288.8,770.0,1122,36,66,13510.9
347.634,418.3,770.0,1122,36,65,13539.4
347.752,418.3,770.0,1122,9,65,13569.5
347.872,547.8,770.0,1122,7,65,13602.2
347.991,128.7,770.0,1122,66,69,13596.0
348.112,128.7,770.0,1122,66,67,13601.7
348.231,289.7,770.0,1122,4,65,13596.8
348.47,419.2,770.0,1122,7,65,13577.5
348.747,548.7,770.0,1122,2,65,13555.6
349.052,548.7,770.0,1122,3,65,13524.7
349.382,129.6,770.0,1122,27,71,13515.0
349.542,161.1,770.0,1122,4,65,13482.5
349.833,290.6,770.0,1122,2,65,13453.4
350.144,420.1,770.0,1122,1,65,13417.1
350.484,420.1,770.0,1122,2,65,13384.1
350.805,549.6,770.0,1122,3,65,13351.2
351.123,549.6,770.0,1122,95,67,13320.5
351.497,291.5,770.0,1122,37,64,13293.3
351.781,291.5,770.0,1122,2,64,13235.6
352.132,421.0,770.0,1122,2,64,13240.3
352.283,550.5,770.0,1122,5,64,13210.1
352.601,131.4,770.0,1122,5,66,13203.5
352.738,131.4,770.0,1122,100,66,13194.9
352.872,292.4,770.0,1122,2,64,13165.6
353.17,292.4,770.0,1122,1,64,13131.5
353.505,421.9,770.0,1122,4,64,13090.0
353.798,421.9,770.0,1122,2,64,13045.4
354.142,551.4,770.0,1122,4,64,13016.0
354.41,551.4,770.0,1122,3,64,12953.1
354.7,132.4,770.0,1122,39,66,12637.4
354.818,132.4,770.0,1122,39,68,12614.6
354.937,293.4,770.0,1122,74,65,12615.7
355.055,293.4,770.0,1122,7,65,12619.1
355.174,422.9,770.0,1122,7,65,12572.8
355.291,422.9,770.0,1122,7,65,12599.4
355.409,552.4,770.0,1122,7,65,12627.2
355.527,133.3,770.0,1122,14,65,12619.6
355.646,133.3,770.0,1122,14,70,12564.3
355.764,164.8,770.0,1122,95,66,12577.4
355.882,294.3,770.0,1122,8,65,12600.2
356.0,423.8,770.0,1122,8,65,12474.5
356.119,553.3,770.0,1122,8,65,12230.2
356.237,553.3,770.0,1122,8,64,12256.8
356.355,134.2,770.0,1122,48,68,12265.6
356.476,134.2,770.0,1122,48,67,12269.8
356.595,295.2,770.0,1122,60,65,12293.0
356.713,424.7,770.0,1122,11,65,12312.0
356.83,554.2,770.0,1122,11,65,12337.4
356.949,135.1,770.0,1122,9,66,12377.1
357.066,135.1,770.0,1122,72,70,12377.1
357.185,296.1,770.0,1122,72,66,12399.4
357.302,296.1,770.0,1122,35,65,12425.3
357.42,425.6,770.0,1122,6,65,12449.4
357.539,425.6,770.0,1122,7,64,12476.9
357.659,555.1,770.0,1122,7,64,12509.0
357.777,136.0,770.0,1122,9,65,12524.2
357.896,136.0,770.0,1122,80,69,12524.2
358.013,297.1,770.0,1122,80,65,12349.7
358.132,297.1,770.0,1122,30,65,12374.0
358.251,426.6,770.0,1122,8,64,12400.3
358.369,426.6,770.0,1122,6,64,12425.8
358.486,556.1,770.0,1122,6,64,12449.5
358.605,137.0,770.0,1122,8,65,12470.2
358.723,137.0,770.0,1122,72,68,12470.2
358.841,168.5,770.0,1122,72,65,12481.2
358.958,298.0,770.0,1122,36,65,12498.9
359.076,427.5,770.0,1122,9,64,12520.9
359.195,427.5,770.0,1122,9,64,12541.5
359.313,557.0,770.0,1122,8,64,12561.8
359.43,137.9,770.0,1122,6,65,12575.1
359.548,137.9,770.0,1122,84,69,12575.1
359.666,169.4,770.0,1122,84,65,12588.2
359.785,298.9,770.0,1122,26,64,12574.9
359.909,428.4,770.0,1122,8,64,12577.4
360.029,557.9,770.0,1122,8,64,12592.5
360.147,138.8,770.0,1122,9,64,12604.8
360.267,138.8,770.0,1122,51,70,12594.3
360.386,170.3,770.0,1122,57,66,12602.3
360.505,299.8,770.0,1122,57,65,12623.0
360.623,429.3,770.0,1122,11,64,12654.1
360.742,558.8,770.0,1122,11,64,12692.8
360.86,139.7,770.0,1122,74,69,12685.0
361.001,146.7,770.0,1122,74,65,12685.9
361.119,300.7,770.0,1122,50,64,12703.7
361.238,430.2,770.0,1122,10,64,12716.6
361.357,559.7,770.0,1122,10,64,12720.4
361.477,140.7,770.0,1122,9,66,12718.2
361.596,140.7,770.0,1122,78,68,12707.8
361.716,301.7,770.0,1122,43,65,12712.2
361.838,141.6,770.0,1122,43,66,12708.3
361.957,141.6,770.0,1122,58,69,12697.8
362.077,432.1,770.0,1122,65,65,12700.5
362.196,142.5,770.0,1122,65,66,12696.4
362.315,142.5,770.0,1122,43,70,12686.0
362.434,433.0,770.0,1122,78,66,12679.9
362.555,143.4,770.0,1122,66,69,12671.4
362.677,304.4,770.0,1122,66,67,12662.6
362.797,433.9,770.0,1122,64,65,12697.6
362.916,563.4,770.0,1122,7,65,12737.5
363.036,144.3,770.0,1122,55,68,12749.6
363.178,144.3,770.0,1122,55,69,12746.3
363.298,305.3,770.0,1122,64,65,12774.1
363.417,434.8,770.0,1122,7,65,12774.3
363.647,434.8,770.0,1122,4,65,12776.8
363.849,564.3,770.0,1122,4,65,12583.4
363.968,145.3,770.0,1122,11,69,12309.1
364.087,145.3,770.0,1122,99,67,12262.6
364.205,306.3,770.0,1122,99,65,12269.9
364.327,306.3,770.0,1122,6,65,12308.0
364.446,435.8,770.0,1122,7,65,12328.4
364.563,565.3,770.0,1122,17,65,12343.2
364.681,146.2,770.0,1122,17,70,12343.2
364.799,177.7,770.0,1122,96,66,12351.9
364.917,307.2,770.0,1122,9,65,12364.8
365.034,436.7,770.0,1122,9,64,12381.6
365.152,566.2,770.0,1122,10,64,12395.0
365.27,147.1,770.0,1122,16,66,12400.7
365.387,147.1,770.0,1122,16,68,12400.7
365.505,308.1,770.0,1122,95,65,12415.5
365.623,437.6,770.0,1122,12,65,12431.5
365.743,437.6,770.0,1122,7,64,12442.6
365.861,97.9,770.0,1122,7,65,12446.4
365.979,97.9,770.0,1122,52,69,12435.9
366.099,97.9,770.0,1122,58,66,12538.6
366.225,97.9,770.0,1122,0,65,12619.5
366.35,97.9,770.0,1122,0,65,12667.1
366.476,97.9,770.0,1122,0,65,12707.4
366.604,97.9,770.0,1122,3,65,12753.0
366.731,97.9,770.0,1122,0,65,12802.0
366.857,97.9,770.0,1122,0,65,12854.9
366.984,97.9,770.0,1122,0,65,12933.1
367.112,97.9,770.0,1122,3,65,12969.1
367.282,97.9,770.0,1122,0,65,12988.1
367.519,97.9,770.0,1122,3,65,12997.6
367.721,97.9,770.0,1122,0,65,12959.4
367.89,97.9,770.0,1122,0,65,12555.4
368.015,97.9,770.0,1122,0,65,12235.6
368.14,97.9,770.0,1122,3,65,12332.9
368.265,97.9,770.0,1122,0,65,12419.0
368.39,97.9,770.0,1122,0,65,12497.1
368.513,97.9,770.0,1122,0,65,12573.3
368.639,97.9,770.0,1122,3,65,12635.3
368.765,97.9,770.0,1122,0,65,12726.6
368.89,97.9,770.0,1122,0,64,12835.5
369.015,97.9,770.0,1122,0,64,12919.0
369.141,97.9,770.0,1122,3,64,13004.6
369.265,97.9,770.0,1122,0,64,13079.4
369.39,97.9,770.0,1122,0,64,13155.3
369.515,97.9,770.0,1122,0,64,13188.4
369.635,97.9,770.0,1122,3,64,13255.8
369.754,97.9,770.0,1122,0,64,13300.0
369.872,97.9,770.0,1122,0,64,13174.4
369.992,97.9,770.0,1122,0,64,13208.2
370.112,97.9,770.0,1122,3,64,13238.4
370.232,93.3,770.0,1122,3,64,13050.2
370.35,281.3,770.0,1122,0,64,13084.1
370.467,281.3,770.0,1122,7,64,13113.2
370.584,410.8,770.0,1122,12,64,13138.6
370.702,540.3,770.0,1122,12,64,13163.7
370.82,123.4,770.0,1122,7,64,13181.4
370.938,123.4,770.0,1122,76,66,13181.4
371.056,130.4,770.0,1122,76,65,13193.5
371.174,284.4,770.0,1122,48,65,13217.2
371.293,413.9,770.0,1122,7,65,13241.4
371.411,413.9,770.0,1122,7,65,13268.5
371.529,543.4,770.0,1122,6,65,13296.7
371.647,543.4,770.0,1122,9,65,13323.2
371.765,124.3,770.0,1122,62,70,13323.9
371.883,131.3,770.0,1122,62,66,13337.6
372.001,285.3,770.0,1122,42,65,13367.5
372.119,414.8,770.0,1122,9,65,13342.7
372.238,414.8,770.0,1122,9,65,13293.7
372.356,544.3,770.0,1122,7,64,13314.6
372.475,125.2,770.0,1122,9,66,13279.2
372.593,125.2,770.0,1122,100,69,13279.2
372.712,286.2,770.0,1122,100,65,13295.4
372.831,415.7,770.0,1122,11,65,13318.8
372.95,545.2,770.0,1122,8,64,13345.6
373.067,545.2,770.0,1122,8,64,13373.7
373.185,126.1,770.0,1122,15,68,13377.1
373.303,126.1,770.0,1122,96,67,13386.9
373.421,287.1,770.0,1122,96,65,13380.0
373.54,416.6,770.0,1122,7,65,13301.1
373.658,546.1,770.0,1122,11,64,13266.2
373.777,546.1,770.0,1122,8,64,13287.7
373.895,127.1,770.0,1122,8,69,13289.2
374.013,130.6,770.0,1122,86,66,13299.6
374.13,288.1,770.0,1122,25,65,13321.7
374.248,417.6,770.0,1122,25,64,13342.2
374.366,417.6,770.0,1122,7,64,13370.3
374.484,547.1,770.0,1122,7,64,13397.6
374.601,128.0,770.0,1122,39,66,13076.8
374.719,128.0,770.0,1122,39,68,13077.1
374.837,289.0,770.0,1122,71,65,13106.8
374.956,289.0,770.0,1122,7,65,13132.7
375.076,418.5,770.0,1122,7,64,13165.2
375.193,418.5,770.0,1122,9,64,13197.1
375.311,548.0,770.0,1122,6,64,13230.8
375.429,128.9,770.0,1122,6,66,13241.9
375.547,128.9,770.0,1122,48,69,13249.5
375.665,289.9,770.0,1122,61,65,13279.4
375.785,419.4,770.0,1122,8,64,13301.2
375.903,419.4,770.0,1122,8,64,13325.2
376.021,548.9,770.0,1122,7,64,13360.1
376.139,548.9,770.0,1122,9,64,13391.0
376.257,129.8,770.0,1122,9,70,13391.0
376.375,161.3,770.0,1122,84,65,13410.9
376.493,290.8,770.0,1122,21,64,13400.4
376.612,420.3,770.0,1122,11,64,13427.1
376.736,549.8,770.0,1122,11,64,13456.1
376.854,549.8,770.0,1122,7,64,13485.3
376.972,130.7,770.0,1122,54,69,13475.1
377.106,162.2,770.0,1122,74,65,13476.5
377.225,291.7,770.0,1122,74,64,13497.1
377.344,421.2,770.0,1122,9,64,13511.2
377.462,550.7,770.0,1122,9,64,13527.0
377.581,131.7,770.0,1122,9,65,13526.8
377.7,131.7,770.0,1122,67,68,13520.0
377.818,292.7,770.0,1122,48,65,13545.1
377.937,292.7,770.0,1122,48,64,13573.3
378.056,422.2,770.0,1122,7,64,13598.6
378.174,551.7,770.0,1122,9,64,13623.6
378.292,551.7,770.0,1122,7,65,13645.3
378.429,132.6,770.0,1122,7,68,13635.9
378.55,139.6,770.0,1122,97,65,13641.9
378.671,293.6,770.0,1122,32,64,13659.9
378.817,293.6,770.0,1122,5,64,13651.0
379.064,423.1,770.0,1122,7,64,13643.3
379.325,552.6,770.0,1122,1,64,13624.1
379.599,552.6,770.0,1122,75,69,13594.1
379.912,294.5,770.0,1122,32,65,13573.8
380.138,294.5,770.0,1122,1,64,13545.1
380.428,424.0,770.0,1122,4,64,13497.7
380.741,553.5,770.0,1122,4,64,13472.4
381.062,134.4,770.0,1122,60,69,13452.2
381.326,295.4,770.0,1122,1,65,13406.4
381.618,424.9,770.0,1122,10,65,13378.6
381.895,554.4,770.0,1122,6,65,13344.6
382.212,135.3,770.0,1122,77,65,13318.1
382.533,296.4,770.0,1122,4,64,13286.8
382.809,296.4,770.0,1122,3,64,13260.5
383.081,425.9,770.0,1122,6,64,13229.9
383.386,425.9,770.0,1122,4,64,13196.6
383.696,555.4,770.0,1122,2,64,13155.5
384.012,136.3,770.0,1122,100,65,13109.4
384.34,297.3,770.0,1122,2,64,13077.3
384.654,297.3,770.0,1122,1,64,13040.0
384.92,426.8,770.0,1122,3,64,13002.4
385.184,426.8,770.0,1122,6,64,12945.5
385.41,556.3,770.0,1122,3,64,12657.8
385.53,137.2,770.0,1122,8,66,12612.4
385.648,137.2,770.0,1122,90,68,12589.9
385.766,168.7,770.0,1122,90,66,12578.6
385.884,298.2,770.0,1122,24,65,12577.6
386.002,427.7,770.0,1122,8,65,12589.6
386.119,427.7,770.0,1122,8,64,12560.2
386.238,557.2,770.0,1122,9,64,12469.8
386.357,138.1,770.0,1122,37,68,12471.9
386.475,138.1,770.0,1122,75,67,12478.2
386.594,299.1,770.0,1122,75,65,12500.1
386.712,428.6,770.0,1122,9,65,12522.5
386.829,428.6,770.0,1122,7,65,12540.4
386.947,558.1,770.0,1122,7,65,12566.8
387.065,139.0,770.0,1122,9,66,12584.9
387.182,139.0,770.0,1122,69,70,12584.9
387.3,170.5,770.0,1122,69,66,12601.2
387.417,300.0,770.0,1122,36,65,12626.5
387.535,429.5,770.0,1122,10,64,12655.1
387.653,559.0,770.0,1122,9,64,12609.9
387.773,559.0,770.0,1122,9,64,12647.8
387.892,140.0,770.0,1122,31,69,12637.6
388.012,171.5,770.0,1122,80,66,12651.6
388.131,301.0,770.0,1122,80,65,12675.8
388.25,430.5,770.0,1122,9,65,12690.1
388.369,560.0,770.0,1122,7,65,12695.4
388.488,560.0,770.0,1122,13,65,12699.6
388.606,140.9,770.0,1122,13,70,12689.7
388.725,172.4,770.0,1122,97,66,12693.7
388.844,431.4,770.0,1122,13,65,12698.9
388.963,141.8,770.0,1122,13,66,12696.3
389.082,141.8,770.0,1122,47,69,12686.6
389.201,302.8,770.0,1122,71,66,12690.6
389.321,561.8,770.0,1122,18,65,12692.7
389.44,142.7,770.0,1122,18,69,12683.0
389.561,303.7,770.0,1122,96,67,12677.7
389.68,570.0,770.0,1122,29,65,12673.3
389.799,143.6,770.0,1122,29,69,12663.2
389.922,434.2,770.0,1122,94,66,12662.4
390.041,434.2,770.0,1122,25,65,12692.3
390.16,563.7,770.0,1122,9,65,12723.8
390.28,144.6,770.0,1122,9,68,12719.9
390.4,144.6,770.0,1122,84,67,12721.6
390.519,305.6,770.0,1122,26,65,12746.0
390.639,435.1,770.0,1122,26,65,12769.5
390.758,435.1,770.0,1122,9,65,12788.0
390.88,564.6,770.0,1122,8,66,12790.3
391.056,145.5,770.0,1122,55,70,12786.1
391.176,177.0,770.0,1122,53,65,12751.1
391.36,306.5,770.0,1122,5,65,12346.3
391.479,436.0,770.0,1122,5,65,12364.4
391.596,565.5,770.0,1122,11,65,12379.5
391.715,146.4,770.0,1122,49,70,12379.5
391.832,177.9,770.0,1122,61,66,12388.3
391.953,307.4,770.0,1122,61,65,12402.3
392.071,436.9,770.0,1122,11,65,12420.3
392.189,566.4,770.0,1122,8,65,12434.4
392.307,147.3,770.0,1122,8,66,12445.0
392.425,147.3,770.0,1122,34,70,12445.0
392.542,308.3,770.0,1122,75,66,12455.9
392.661,308.3,770.0,1122,75,65,12473.6
392.779,437.8,770.0,1122,10,65,12501.5
392.897,567.3,770.0,1122,10,66,12477.3
393.017,98.2,770.0,1122,71,70,12388.5
393.135,98.2,770.0,1122,71,66,12478.8
393.255,98.2,770.0,1122,34,65,12565.1
393.379,98.2,770.0,1122,0,65,12627.7
393.505,98.2,770.0,1122,2,65,12689.9
393.629,98.2,770.0,1122,2,64,12617.4
393.764,98.2,770.0,1122,2,64,12630.3
393.891,98.2,770.0,1122,0,64,12607.6
394.017,98.2,770.0,1122,2,64,12630.2
394.143,98.2,770.0,1122,2,64,12701.0
394.267,98.2,770.0,1122,2,64,12782.1
394.393,98.2,770.0,1122,0,65,12858.5
394.519,98.2,770.0,1122,2,64,12930.1
394.643,98.2,770.0,1122,2,64,12922.0
394.77,98.2,770.0,1122,2,64,12972.3
394.896,98.2,770.0,1122,0,64,13045.1
395.022,98.2,770.0,1122,2,64,13101.6
395.149,98.2,770.0,1122,2,64,13162.6
395.275,98.2,770.0,1122,2,65,13218.6
395.401,98.2,770.0,1122,0,64,13265.7
395.529,98.2,770.0,1122,2,65,13327.3
395.657,98.2,770.0,1122,2,65,13409.2
395.784,98.2,770.0,1122,2,65,13469.6
395.912,98.2,770.0,1122,0,65,13513.1
396.041,98.2,770.0,1122,2,65,13567.7
396.187,98.2,770.0,1122,2,65,13593.0
396.439,98.2,770.0,1122,2,65,13607.5
396.636,98.2,770.0,1122,2,65,13612.6
396.787,98.2,770.0,1122,2,65,13615.5
396.941,98.2,770.0,1122,0,65,13618.6
397.093,98.2,770.0,1122,0,65,13599.1
397.603,98.2,770.0,1122,0,65,13523.7
398.179,98.2,770.0,1122,0,65,13308.0
398.392,127.6,770.0,1122,3,65,13129.1
398.51,281.6,770.0,1122,3,65,13148.4
398.629,411.1,770.0,1122,12,65,13167.6
398.748,540.6,770.0,1122,11,65,13189.3
398.867,124.0,770.0,1122,66,68,13179.9
398.985,124.0,770.0,1122,66,70,13170.8
399.103,285.1,770.0,1122,78,66,13191.1
399.221,414.6,770.0,1122,10,65,13214.5
399.34,414.6,770.0,1122,10,65,13241.7
399.458,544.1,770.0,1122,7,65,13270.3
399.579,125.0,770.0,1122,16,68,13275.2
399.698,125.0,770.0,1122,100,69,13264.7
399.817,156.5,770.0,1122,100,67,13276.5
399.936,286.0,770.0,1122,35,66,13304.3
400.056,415.5,770.0,1122,9,65,13331.7
400.175,545.0,770.0,1122,9,65,13357.1
400.294,125.9,770.0,1122,9,66,13366.9
400.413,125.9,770.0,1122,63,69,13356.1
400.532,125.9,770.0,1122,85,68,13349.5
400.651,286.9,770.0,1122,85,66,13360.9
400.772,545.9,770.0,1122,5,65,13341.5
401.049,545.9,770.0,1122,6,65,13314.4
401.298,126.8,770.0,1122,20,69,13314.0
401.419,126.8,770.0,1122,100,70,13312.9
401.54,287.8,770.0,1122,31,66,12887.7
401.66,417.3,770.0,1122,31,66,12724.8
401.778,546.8,770.0,1122,10,66,12742.1
401.896,546.8,770.0,1122,9,65,12761.5
402.014,127.7,770.0,1122,9,69,12762.8
402.132,127.7,770.0,1122,79,70,12762.8
402.249,288.7,770.0,1122,67,66,12780.3
402.368,288.7,770.0,1122,8,66,12799.5
402.486,418.2,770.0,1122,8,65,12818.9
402.604,547.7,770.0,1122,8,65,12847.2
402.721,547.7,770.0,1122,8,65,12873.0
402.839,128.7,770.0,1122,8,68,12876.7
402.956,128.7,770.0,1122,76,69,12876.7
403.074,160.2,770.0,1122,66,67,12896.7
403.192,289.7,770.0,1122,66,66,12919.9
403.31,419.2,770.0,1122,9,65,12948.0
403.427,419.2,770.0,1122,6,65,12977.4
403.544,548.7,770.0,1122,8,65,13008.7
403.663,129.6,770.0,1122,8,67,13021.4
403.781,129.6,770.0,1122,66,69,13021.4
403.898,133.1,770.0,1122,78,67,13034.3
404.016,290.6,770.0,1122,78,66,13003.9
404.135,420.1,770.0,1122,10,65,12894.4
404.253,549.6,770.0,1122,10,65,12919.4
404.371,549.6,770.0,1122,10,65,12947.5
404.489,130.5,770.0,1122,5,66,12965.5
404.607,130.5,770.0,1122,59,69,12965.5
404.724,130.5,770.0,1122,81,68,12974.5
404.843,291.5,770.0,1122,81,66,12999.5
404.961,421.0,770.0,1122,7,65,12973.9
405.081,421.0,770.0,1122,9,65,12936.9
405.199,550.5,770.0,1122,9,65,12933.6
405.319,550.5,770.0,1122,7,65,12948.7
405.437,131.4,770.0,1122,34,68,12927.4
405.556,131.4,770.0,1122,100,70,12905.9
405.674,292.4,770.0,1122,100,66,12903.0
405.792,292.4,770.0,1122,19,65,12906.0
405.91,421.9,770.0,1122,7,65,12913.3
406.028,551.4,770.0,1122,7,65,12887.6
406.146,132.3,770.0,1122,10,66,12905.2
406.264,132.3,770.0,1122,67,69,12905.2
406.381,132.3,770.0,1122,72,67,12915.8
406.5,293.3,770.0,1122,72,66,12946.3
406.618,293.3,770.0,1122,8,65,12977.2
406.735,422.8,770.0,1122,6,65,13009.7
406.853,422.8,770.0,1122,6,65,12988.6
406.972,552.3,770.0,1122,6,65,12908.3
407.092,552.3,770.0,1122,8,65,12918.5
407.21,133.3,770.0,1122,81,69,12886.2
407.336,133.3,770.0,1122,81,68,12892.3
407.454,294.3,770.0,1122,61,66,12921.2
407.572,294.3,770.0,1122,8,65,12952.6
407.69,423.8,770.0,1122,8,65,12983.1
407.808,423.8,770.0,1122,6,65,13012.0
407.926,553.3,770.0,1122,7,65,13041.4
408.045,134.2,770.0,1122,7,66,13059.8
408.164,134.2,770.0,1122,32,68,13049.1
408.282,134.2,770.0,1122,100,68,13043.4
408.4,295.2,770.0,1122,24,66,13059.9
408.518,424.7,770.0,1122,24,65,13080.7
408.637,554.2,770.0,1122,10,65,13102.5
408.755,554.2,770.0,1122,7,65,13123.3
408.874,135.1,770.0,1122,7,68,13115.8
408.992,135.1,770.0,1122,74,70,13105.4
409.111,296.1,770.0,1122,75,66,13117.0
409.23,425.6,770.0,1122,11,65,13129.6
409.35,555.1,770.0,1122,11,65,13150.2
409.469,136.0,770.0,1122,15,68,13149.1
409.588,136.0,770.0,1122,100,69,13138.7
409.711,167.5,770.0,1122,100,66,13156.3
409.83,297.0,770.0,1122,38,65,13175.2
409.951,426.5,770.0,1122,7,65,13194.8
410.07,556.0,770.0,1122,10,65,13218.2
410.194,556.0,770.0,1122,5,65,13217.9
410.411,136.9,770.0,1122,54,68,13208.7
410.543,136.9,770.0,1122,54,70,13199.7
410.663,298.0,770.0,1122,4,65,13185.9
410.951,298.0,770.0,1122,5,65,13164.7
411.238,427.5,770.0,1122,4,65,13143.5
411.506,557.0,770.0,1122,7,65,13117.9
411.778,557.0,770.0,1122,69,69,13103.6
412.047,137.9,770.0,1122,69,68,13096.6
412.173,298.9,770.0,1122,5,65,13076.6
412.426,428.4,770.0,1122,4,65,13050.6
412.695,428.4,770.0,1122,5,65,13021.8
412.969,557.9,770.0,1122,5,65,12992.2
413.27,138.8,770.0,1122,36,68,12984.9
413.399,138.8,770.0,1122,36,69,12974.9
413.519,299.8,770.0,1122,100,66,12970.4
413.673,299.8,770.0,1122,4,65,12932.1
413.957,429.3,770.0,1122,4,65,12888.9
414.13,558.8,770.0,1122,9,65,12526.7
414.251,139.7,770.0,1122,38,66,12405.5
414.368,139.7,770.0,1122,38,69,12405.5
414.486,171.2,770.0,1122,100,67,12422.1
414.603,300.7,770.0,1122,15,66,12448.9
414.722,430.2,770.0,1122,15,65,12477.0
414.841,559.7,770.0,1122,10,65,12511.5
414.959,140.6,770.0,1122,23,67,12523.2
415.076,140.6,770.0,1122,23,69,12523.2
415.194,172.1,770.0,1122,100,67,12539.5
415.312,301.6,770.0,1122,28,66,12567.8
415.429,301.6,770.0,1122,6,65,12588.8
415.548,431.1,770.0,1122,6,65,12606.4
415.666,560.6,770.0,1122,10,65,12618.3
415.783,566.1,770.0,1122,7,66,12629.0
415.901,141.6,770.0,1122,7,69,12629.0
416.02,141.6,770.0,1122,90,68,12631.9
416.138,302.6,770.0,1122,53,66,12597.5
416.257,561.6,770.0,1122,17,65,12525.5
416.377,142.5,770.0,1122,17,67,12518.9
416.496,142.5,770.0,1122,78,69,12508.8
416.615,303.5,770.0,1122,74,67,12510.0
416.735,562.5,770.0,1122,74,66,12513.6
416.854,143.4,770.0,1122,18,68,12501.5
416.974,143.4,770.0,1122,98,69,12491.4
417.093,433.9,770.0,1122,55,67,12487.6
417.213,144.3,770.0,1122,55,67,12481.5
417.331,144.3,770.0,1122,66,70,12471.4
417.45,305.3,770.0,1122,87,68,12463.2
417.569,434.8,770.0,1122,87,66,12491.4
417.688,564.3,770.0,1122,17,66,12526.4
417.807,145.2,770.0,1122,10,67,12543.2
417.926,145.2,770.0,1122,10,70,12533.1
418.045,176.8,770.0,1122,100,67,12545.5
418.165,306.3,770.0,1122,34,66,12573.0
418.284,435.8,770.0,1122,7,65,12599.3
418.403,565.3,770.0,1122,7,65,12624.1
418.522,146.2,770.0,1122,8,66,12640.3
418.642,146.2,770.0,1122,71,69,12630.1
418.761,146.2,770.0,1122,71,69,12630.3
418.881,307.2,770.0,1122,74,66,12663.9
419.0,436.7,770.0,1122,7,66,12682.8
419.12,566.2,770.0,1122,17,65,12690.9
419.239,147.1,770.0,1122,17,69,12682.0
419.359,147.1,770.0,1122,87,70,12672.2
419.479,308.1,770.0,1122,60,66,12677.7
419.599,437.6,770.0,1122,60,66,12687.5
419.718,567.1,770.0,1122,13,65,12693.9
419.837,148.0,770.0,1122,9,67,12693.9
419.956,148.0,770.0,1122,91,70,12683.9
420.076,179.5,770.0,1122,91,68,12682.5
420.195,438.5,770.0,1122,54,66,12692.7
420.315,568.0,770.0,1122,10,65,12707.4
420.438,98.9,770.0,1122,10,68,12705.5
420.558,98.9,770.0,1122,54,70,12694.6
420.677,98.9,770.0,1122,0,66,12713.9
420.912,98.9,770.0,1122,3,65,12695.5
421.32,98.9,770.0,1122,0,65,12692.8
421.517,98.9,770.0,1122,0,65,12673.0
421.677,98.9,770.0,1122,3,65,12249.8
421.801,98.9,770.0,1122,0,65,12158.9
421.942,98.9,770.0,1122,0,65,12273.2
422.066,98.9,770.0,1122,0,65,12335.7
422.194,98.9,770.0,1122,3,65,12398.2
422.323,98.9,770.0,1122,0,65,12500.4
422.449,98.9,770.0,1122,0,65,12531.3
422.575,98.9,770.0,1122,0,65,12453.7
422.703,98.9,770.0,1122,4,65,12440.2
422.827,98.9,770.0,1122,0,65,12363.2
422.954,98.9,770.0,1122,0,65,12438.0
423.08,98.9,770.0,1122,0,66,12485.1
423.208,98.9,770.0,1122,4,66,12600.0
423.332,98.9,770.0,1122,0,65,12662.5
423.459,98.9,770.0,1122,0,65,12451.3
423.595,98.9,770.0,1122,0,65,12493.9
423.719,98.9,770.0,1122,3,65,12581.0
423.845,98.9,770.0,1122,0,65,12647.1
423.972,98.9,770.0,1122,0,65,12711.3
424.097,98.9,770.0,1122,0,65,12806.8
424.222,98.9,770.0,1122,3,65,12881.6
424.346,98.9,770.0,1122,0,65,12745.1
424.476,98.9,770.0,1122,0,65,12772.3
424.611,98.9,770.0,1122,0,65,12840.9
424.735,98.9,770.0,1122,3,65,12903.4
424.861,98.9,770.0,1122,0,65,12988.1
424.987,98.9,770.0,1122,1,65,13064.4
425.113,98.9,770.0,1122,1,65,13127.1
425.237,98.9,770.0,1122,3,65,13192.2
425.363,98.9,770.0,1122,0,65,13261.5
425.488,98.9,770.0,1122,1,65,13273.2
425.61,120.8,770.0,1122,1,65,13060.5
425.728,281.8,770.0,1122,5,65,13084.7
425.846,411.3,770.0,1122,8,65,13109.4
425.964,540.8,770.0,1122,10,65,13133.1
426.082,540.8,770.0,1122,10,65,13161.4
426.2,124.3,770.0,1122,30,66,13164.8
426.317,124.3,770.0,1122,100,67,13164.8
426.436,155.8,770.0,1122,100,66,13181.5
426.554,285.3,770.0,1122,36,65,13206.7
426.673,414.8,770.0,1122,8,65,13233.9
426.791,414.8,770.0,1122,8,65,13264.6
426.909,544.3,770.0,1122,6,65,13297.1
427.027,544.3,770.0,1122,7,65,13328.0
427.145,125.2,770.0,1122,68,67,13328.8
427.263,125.2,770.0,1122,68,69,13328.8
427.381,156.8,770.0,1122,83,66,13353.3
427.498,286.3,770.0,1122,6,66,13382.9
427.616,415.8,770.0,1122,6,65,13412.5
427.734,415.8,770.0,1122,8,65,13443.1
427.852,545.3,770.0,1122,7,65,13472.9
427.972,126.2,770.0,1122,53,68,13470.6
428.108,126.2,770.0,1122,53,67,13461.0
428.226,287.2,770.0,1122,100,66,13458.2
428.344,416.7,770.0,1122,22,65,13475.0
428.463,546.2,770.0,1122,22,65,13494.5
428.582,127.1,770.0,1122,11,66,13506.1
428.699,127.1,770.0,1122,61,69,13495.6
428.817,127.1,770.0,1122,90,69,13490.0
428.937,288.1,770.0,1122,90,66,13507.7
429.056,417.6,770.0,1122,10,66,13525.2
429.174,547.1,770.0,1122,12,65,13537.7
429.293,128.0,770.0,1122,55,68,13539.1
429.437,128.0,770.0,1122,55,69,13528.5
429.556,159.5,770.0,1122,100,67,13533.4
429.675,289.0,770.0,1122,13,66,13548.6
429.793,418.5,770.0,1122,13,66,13566.5
429.912,548.0,770.0,1122,8,66,13588.6
430.031,128.9,770.0,1122,20,67,13589.1
430.149,128.9,770.0,1122,100,70,13578.5
430.268,160.4,770.0,1122,100,68,13584.1
430.387,289.9,770.0,1122,38,66,13603.2
430.514,419.4,770.0,1122,8,66,13591.1
430.763,419.4,770.0,1122,3,66,13564.2
431.063,548.9,770.0,1122,3,65,13533.4
431.364,129.9,770.0,1122,21,69,13522.3
431.544,129.9,770.0,1122,100,69,13515.2
431.679,290.9,770.0,1122,1,66,13484.9
431.991,420.4,770.0,1122,3,66,13441.6
432.291,549.9,770.0,1122,5,65,13416.0
432.591,549.9,770.0,1122,4,65,13384.0
432.917,130.8,770.0,1122,83,70,13364.5
433.177,162.3,770.0,1122,65,66,13341.2
433.445,291.8,770.0,1122,7,66,13310.9
433.732,421.3,770.0,1122,1,66,13275.9
434.07,421.3,770.0,1122,6,66,13234.6
434.367,550.8,770.0,1122,3,66,13200.7
434.693,550.8,770.0,1122,43,69,13172.0
435.007,131.7,770.0,1122,98,70,13163.2
435.132,292.7,770.0,1122,7,66,13137.6
435.435,422.2,770.0,1122,6,66,13110.4
435.707,422.2,770.0,1122,2,66,13080.0
436.022,551.7,770.0,1122,3,66,13047.3
436.345,132.6,770.0,1122,71,69,13036.2
436.471,132.6,770.0,1122,71,69,13029.2
436.594,293.6,770.0,1122,5,66,13019.4
436.83,293.6,770.0,1122,4,66,12969.7
437.005,423.1,770.0,1122,7,66,12491.4
437.128,552.6,770.0,1122,7,66,12196.4
437.246,552.6,770.0,1122,8,66,12225.0
437.364,133.5,770.0,1122,54,69,12227.3
437.481,133.5,770.0,1122,54,71,12227.3
437.6,165.1,770.0,1122,91,67,12250.5
437.718,294.6,770.0,1122,7,66,12280.6
437.839,424.1,770.0,1122,7,66,12317.2
437.957,424.1,770.0,1122,6,66,12350.5
438.075,553.6,770.0,1122,8,66,12377.7
438.193,553.6,770.0,1122,8,66,12410.0
438.311,134.5,770.0,1122,8,69,12413.7
438.429,134.5,770.0,1122,82,71,12413.7
438.546,295.5,770.0,1122,65,67,12428.9
438.665,295.5,770.0,1122,65,66,12452.1
438.782,425.0,770.0,1122,9,66,12478.9
438.901,425.0,770.0,1122,5,66,12504.5
439.019,554.5,770.0,1122,7,66,12531.6
439.137,135.4,770.0,1122,7,65,12549.7
439.255,135.4,770.0,1122,45,69,12549.7
439.372,135.4,770.0,1122,100,71,12551.7
439.491,296.4,770.0,1122,100,67,12572.6
439.609,425.9,770.0,1122,13,66,12590.4
439.727,555.4,770.0,1122,11,66,12608.6
439.846,555.4,770.0,1122,11,66,12641.9
439.963,136.3,770.0,1122,9,69,12642.9
440.082,136.3,770.0,1122,100,71,12642.9
440.199,297.3,770.0,1122,47,67,12568.0
440.319,297.3,770.0,1122,47,66,12582.7
440.439,426.8,770.0,1122,6,66,12603.3
440.558,556.3,770.0,1122,8,66,12630.6
440.677,556.3,770.0,1122,8,66,12653.4
440.796,137.2,770.0,1122,22,69,12643.3
440.915,137.2,770.0,1122,100,70,12636.0
441.034,298.2,770.0,1122,33,66,12660.8
441.153,298.2,770.0,1122,33,66,12679.2
441.273,427.7,770.0,1122,7,66,12686.3
441.392,427.7,770.0,1122,6,66,12698.6
441.511,557.2,770.0,1122,6,65,12693.4
441.631,557.2,770.0,1122,5,65,12702.7
441.75,138.2,770.0,1122,5,67,12703.8
441.868,138.2,770.0,1122,87,69,12693.8
441.987,138.2,770.0,1122,87,68,12688.6
442.105,299.2,770.0,1122,62,66,12700.4
442.224,299.2,770.0,1122,8,66,12701.7
442.343,428.7,770.0,1122,8,65,12717.1
442.462,558.2,770.0,1122,7,65,12728.8
442.581,558.2,770.0,1122,8,65,12739.2
442.701,139.1,770.0,1122,70,69,12729.5
442.821,139.1,770.0,1122,70,70,12719.8
442.94,300.1,770.0,1122,78,67,12728.0
443.059,300.1,770.0,1122,9,66,12741.7
443.179,429.6,770.0,1122,9,66,12753.8
443.299,559.1,770.0,1122,9,66,12772.5
443.418,140.0,770.0,1122,7,67,12780.5
443.537,140.0,770.0,1122,96,69,12770.7
443.657,140.0,770.0,1122,96,69,12770.0
443.777,301.0,770.0,1122,52,66,12787.6
443.897,430.5,770.0,1122,9,66,12804.2
444.017,560.0,770.0,1122,9,66,12821.3
444.136,140.9,770.0,1122,11,67,12837.5
444.255,140.9,770.0,1122,72,70,12530.4
444.375,144.4,770.0,1122,73,68,12322.0
444.493,301.9,770.0,1122,73,66,12349.0
444.611,301.9,770.0,1122,8,66,12370.6
444.729,431.4,770.0,1122,8,66,12388.1
444.847,560.9,770.0,1122,8,66,12399.7
444.965,560.9,770.0,1122,7,65,12412.4
445.084,141.8,770.0,1122,42,69,12413.5
445.202,141.8,770.0,1122,100,71,12413.5
445.319,302.9,770.0,1122,100,66,12428.7
445.438,432.4,770.0,1122,12,66,12440.7
445.556,561.9,770.0,1122,12,66,12452.1
445.674,142.8,770.0,1122,12,67,12456.8
445.791,142.8,770.0,1122,57,69,12456.8
445.909,146.3,770.0,1122,95,69,12461.2
446.027,303.8,770.0,1122,95,66,12476.3
446.145,562.8,770.0,1122,13,66,12486.6
446.262,143.7,770.0,1122,21,67,12489.9
446.38,143.7,770.0,1122,100,70,12489.9
446.499,304.7,770.0,1122,100,67,12495.1
446.616,434.2,770.0,1122,45,66,12501.5
446.734,144.6,770.0,1122,33,67,12505.5
446.852,144.6,770.0,1122,33,70,12505.5
446.97,305.6,770.0,1122,100,68,12508.9
447.089,435.1,770.0,1122,40,66,12528.1
447.208,564.6,770.0,1122,8,66,12226.7
447.332,564.6,770.0,1122,8,66,12219.4
447.45,145.5,770.0,1122,29,69,12220.7
447.568,145.5,770.0,1122,100,70,12220.9
447.69,177.0,770.0,1122,100,66,12252.0
447.808,306.5,770.0,1122,23,66,12278.4
447.926,436.0,770.0,1122,6,65,12307.5
448.045,436.0,770.0,1122,8,65,12333.0
448.163,565.5,770.0,1122,8,65,12361.2
448.281,146.5,770.0,1122,10,67,12379.3
448.399,146.5,770.0,1122,82,69,12379.3
448.516,146.5,770.0,1122,82,69,12390.9
448.634,307.5,770.0,1122,63,66,12421.7
448.752,307.5,770.0,1122,6,66,12451.9
448.871,437.0,770.0,1122,6,65,12466.5
448.99,566.5,770.0,1122,9,65,12481.4
449.108,147.4,770.0,1122,43,69,12481.5
449.226,147.4,770.0,1122,100,70,12481.5
449.343,308.4,770.0,1122,100,66,12494.9
449.461,308.4,770.0,1122,14,66,12506.6
449.579,437.9,770.0,1122,10,65,12523.8
449.697,567.4,770.0,1122,10,65,12537.4
449.815,567.4,770.0,1122,7,65,12551.5
449.935,148.3,770.0,1122,42,68,12546.7
450.053,148.3,770.0,1122,100,70,12536.2
450.173,309.3,770.0,1122,100,66,12542.5
450.294,438.8,770.0,1122,15,65,12556.1
450.414,568.3,770.0,1122,10,65,12570.2
450.534,99.1,770.0,1122,10,67,12566.5
450.653,99.1,770.0,1122,67,69,12556.4
450.772,99.1,770.0,1122,91,67,12606.9
450.897,99.1,770.0,1122,0,66,12671.9
451.021,99.1,770.0,1122,0,65,12709.9
451.146,99.1,770.0,1122,3,65,12740.5
451.271,99.1,770.0,1122,0,65,12776.9
451.397,99.1,770.0,1122,0,65,12802.0
451.523,99.1,770.0,1122,0,65,12869.6
451.652,99.1,770.0,1122,2,65,12908.3
451.779,99.1,770.0,1122,1,65,12940.5
451.907,99.1,770.0,1122,0,65,12963.1
452.035,99.1,770.0,1122,0,65,13015.5
452.161,99.1,770.0,1122,2,65,13059.7
452.301,99.1,770.0,1122,0,65,13079.1
452.525,99.1,770.0,1122,2,65,13081.7
452.789,99.1,770.0,1122,2,65,13092.3
452.915,99.1,770.0,1122,0,65,13104.3
453.164,99.1,770.0,1122,3,65,13090.1
453.339,99.1,770.0,1122,0,65,13070.4
453.505,99.1,770.0,1122,0,65,12612.4
453.63,99.1,770.0,1122,3,65,12320.7
453.75,99.1,770.0,1122,0,65,12375.4
453.874,99.1,770.0,1122,0,65,12461.5
453.998,99.1,770.0,1122,0,65,12523.2
454.124,99.1,770.0,1122,3,66,12582.5
454.248,99.1,770.0,1122,0,65,12677.9
454.372,99.1,770.0,1122,0,65,12736.0
454.496,99.1,770.0,1122,0,66,12785.3
454.62,99.1,770.0,1122,3,65,12884.2
454.747,99.1,770.0,1122,0,66,12950.3
454.872,99.1,770.0,1122,0,66,12992.2
454.998,99.1,770.0,1122,0,66,13110.9
455.123,99.1,770.0,1122,3,66,13173.3
455.247,99.1,770.0,1122,0,65,13235.8
455.374,99.1,770.0,1122,0,66,13328.7
455.5,99.1,770.0,1122,0,66,13349.1
455.626,99.1,770.0,1122,3,66,13149.2
455.751,99.1,770.0,1122,0,66,13198.8
455.876,99.1,770.0,1122,0,66,13281.1
456.002,99.1,770.0,1122,0,66,13539.3
456.126,93.4,770.0,1122,3,66,13079.1
456.245,282.0,770.0,1122,6,66,13102.6
456.363,411.5,770.0,1122,6,66,13124.8
456.48,411.5,770.0,1122,9,66,13150.4
456.598,541.0,770.0,1122,10,66,13176.5
456.716,124.7,770.0,1122,10,68,13187.9
456.837,124.7,770.0,1122,64,70,13187.9
456.954,156.2,770.0,1122,86,68,13200.4
457.071,285.7,770.0,1122,86,66,13225.1
457.19,415.2,770.0,1122,10,66,13254.7
457.309,415.2,770.0,1122,7,66,13282.0
457.428,544.7,770.0,1122,5,66,13309.2
457.545,544.7,770.0,1122,5,66,13338.2
457.663,125.6,810.0,1162,25,69,13340.0
457.781,125.6,810.0,1162,100,71,13340.0
457.899,157.2,810.0,1162,100,67,13361.9
458.017,286.7,810.0,1162,31,66,13388.1
458.135,416.2,810.0,1162,9,66,13414.3
458.253,416.2,810.0,1162,6,65,13442.3
458.371,545.7,810.0,1162,6,65,13420.1
458.491,126.6,810.0,1162,7,67,13315.5
458.609,126.6,810.0,1162,82,70,13315.5
458.727,126.6,810.0,1162,82,69,13320.0
458.846,287.6,810.0,1162,66,66,13338.8
458.964,417.1,810.0,1162,9,66,13360.0
459.082,546.6,810.0,1162,11,66,13384.3
459.2,546.6,810.0,1162,11,65,13405.3
459.317,127.5,810.0,1162,42,69,13405.3
459.435,127.5,810.0,1162,100,71,13406.0
459.552,288.5,810.0,1162,100,66,13382.7
459.672,288.5,810.0,1162,15,66,13307.4
459.79,418.0,810.0,1162,7,66,13316.1
459.908,547.5,810.0,1162,7,65,13334.7
460.027,128.4,810.0,1162,9,68,13331.9
460.146,128.4,810.0,1162,90,69,13321.8
460.265,159.9,810.0,1162,63,67,13329.9
460.384,289.4,810.0,1162,63,66,13347.6
460.503,418.9,810.0,1162,9,66,13370.7
460.622,548.4,810.0,1162,12,65,13395.7
460.741,129.3,810.0,1162,12,69,13392.0
460.859,129.3,810.0,1162,65,70,13381.4
460.978,290.3,810.0,1162,81,67,13397.3
461.097,290.3,810.0,1162,11,66,13421.3
461.216,419.8,810.0,1162,11,66,13452.7
461.334,549.3,810.0,1162,7,66,13483.6
461.453,130.3,810.0,1162,23,67,13492.5
461.572,130.3,810.0,1162,23,70,13482.1
461.69,130.3,810.0,1162,100,69,13484.1
461.809,291.3,810.0,1162,36,66,13507.9
461.928,420.8,810.0,1162,10,66,13525.9
462.047,550.3,810.0,1162,10,66,13555.9
462.166,131.2,810.0,1162,10,66,13576.7
462.284,131.2,810.0,1162,74,69,13566.0
462.404,131.2,810.0,1162,74,71,13559.7
462.523,292.2,810.0,1162,75,67,13584.3
462.646,421.7,810.0,1162,12,66,13583.7
462.837,421.7,810.0,1162,1,66,13552.8
463.072,551.2,810.0,1162,1,66,13519.4
463.403,551.2,810.0,1162,4,66,13485.0
463.727,132.1,810.0,1162,75,69,13473.6
463.908,132.1,810.0,1162,75,69,13463.8
464.036,293.1,810.0,1162,8,66,13437.9
464.321,422.6,810.0,1162,2,66,13409.5
464.605,422.6,810.0,1162,1,66,13379.8
464.897,552.1,810.0,1162,5,66,13349.7
465.15,133.0,810.0,1162,34,69,13338.7
465.269,133.0,810.0,1162,100,71,13328.2
465.388,294.0,810.0,1162,18,66,13319.4
465.61,294.0,810.0,1162,1,66,13285.4
465.931,423.5,810.0,1162,4,66,13251.8
466.25,423.5,810.0,1162,1,66,13217.9
466.574,553.0,810.0,1162,1,66,13179.2
466.937,553.0,810.0,1162,4,66,13143.7
467.244,133.9,810.0,1162,4,70,13132.8
467.37,133.9,810.0,1162,83,71,13122.5
467.489,295.0,810.0,1162,5,66,13108.1
467.733,295.0,810.0,1162,3,66,13075.7
468.051,424.5,810.0,1162,6,66,13044.6
468.354,424.5,810.0,1162,3,66,13011.2
468.658,554.0,810.0,1162,1,66,12976.7
468.99,134.9,810.0,1162,5,69,12968.4
469.163,134.9,810.0,1162,100,70,12944.2
469.282,295.9,810.0,1162,100,67,12953.8
469.401,425.4,810.0,1162,50,67,12423.1
469.52,425.4,810.0,1162,9,66,12193.0
469.64,554.9,810.0,1162,10,66,12242.9
469.758,135.8,810.0,1162,10,68,12281.2
469.876,135.8,810.0,1162,50,70,12281.2
469.993,135.8,810.0,1162,99,68,12300.9
470.111,296.8,810.0,1162,99,67,12228.4
470.23,426.3,810.0,1162,11,66,12240.7
470.348,555.8,810.0,1162,9,66,12202.6
470.473,136.7,810.0,1162,10,68,12128.4
470.591,136.7,810.0,1162,10,70,12128.4
470.709,136.7,810.0,1162,100,71,12118.8
470.828,297.7,810.0,1162,48,67,12022.4
470.948,297.7,810.0,1162,48,66,12041.0
471.067,427.2,810.0,1162,6,66,12061.2
471.186,556.7,810.0,1162,10,66,12087.5
471.305,137.6,810.0,1162,13,66,12106.2
471.424,137.6,810.0,1162,13,69,12095.6
471.542,137.6,810.0,1162,100,71,12087.5
471.661,298.6,810.0,1162,47,67,12111.5
471.781,298.6,810.0,1162,47,66,12135.4
471.9,428.1,810.0,1162,7,66,12156.8
472.019,557.6,810.0,1162,8,66,12178.1
472.139,138.6,810.0,1162,22,67,12190.7
472.257,138.6,810.0,1162,22,69,12180.2
472.376,138.6,810.0,1162,100,70,12173.5
472.495,299.6,810.0,1162,37,67,12184.0
472.614,429.1,810.0,1162,37,66,12199.3
472.733,429.1,810.0,1162,9,66,12216.6
472.852,558.6,810.0,1162,7,66,12234.0
472.97,139.5,810.0,1162,53,69,12228.8
473.09,139.5,810.0,1162,53,70,12218.5
473.209,171.0,810.0,1162,100,68,12221.8
473.328,300.5,810.0,1162,8,67,12232.8
473.448,430.0,810.0,1162,8,66,12246.1
473.567,559.5,810.0,1162,8,66,12265.9
473.685,559.5,810.0,1162,8,66,12291.8
473.803,140.4,810.0,1162,61,70,12295.3
473.92,140.4,810.0,1162,61,71,12295.3
474.038,171.9,810.0,1162,90,67,12274.3
474.157,301.4,810.0,1162,9,67,12237.6
474.275,430.9,810.0,1162,9,66,12265.2
474.393,560.4,810.0,1162,8,66,12293.5
474.51,560.4,810.0,1162,8,66,12328.0
474.629,141.3,810.0,1162,8,68,12328.0
474.746,141.3,810.0,1162,53,70,12328.0
474.864,172.8,810.0,1162,96,68,12346.3
474.982,302.3,810.0,1162,8,67,12374.0
475.099,431.8,810.0,1162,8,66,12396.7
475.217,431.8,810.0,1162,8,66,12410.0
475.336,561.3,810.0,1162,7,66,12411.0
475.454,142.2,810.0,1162,7,68,12296.4
475.572,142.2,810.0,1162,50,70,12296.4
475.69,142.2,810.0,1162,100,68,12303.8
475.808,303.2,810.0,1162,9,67,12326.5
475.927,432.7,810.0,1162,9,66,12345.5
476.044,562.2,810.0,1162,11,66,12356.9
476.162,143.2,810.0,1162,45,68,12361.7
476.28,143.2,810.0,1162,45,70,12361.7
476.397,304.2,810.0,1162,100,68,12371.7
476.515,433.7,810.0,1162,18,67,12389.6
476.633,563.2,810.0,1162,18,66,12403.7
476.751,144.1,810.0,1162,14,68,12408.3
476.869,144.1,810.0,1162,81,70,12408.3
476.986,305.1,810.0,1162,72,68,12413.7
477.104,434.6,810.0,1162,72,66,12422.9
477.223,145.0,810.0,1162,18,67,12429.3
477.341,145.0,810.0,1162,74,70,12429.3
477.459,145.0,810.0,1162,74,70,12430.4
477.576,435.5,810.0,1162,79,67,12446.4
477.694,435.5,810.0,1162,13,66,12481.5
477.812,565.0,810.0,1162,13,66,12189.0
477.93,145.9,810.0,1162,7,67,12204.8
478.048,145.9,810.0,1162,72,70,12204.8
478.167,145.9,810.0,1162,78,69,12217.6
478.285,306.9,810.0,1162,78,67,12246.4
478.403,306.9,810.0,1162,6,66,12272.9
478.522,436.4,810.0,1162,8,66,12297.4
478.64,565.9,810.0,1162,8,66,12323.5
478.758,565.9,810.0,1162,8,66,12355.0
478.876,146.8,810.0,1162,46,69,12355.0
478.994,146.8,810.0,1162,100,71,12358.0
479.111,307.9,810.0,1162,100,67,12393.9
479.229,307.9,810.0,1162,9,66,12434.7
479.347,437.4,810.0,1162,8,66,12454.6
479.465,566.9,810.0,1162,8,66,12470.9
479.584,147.8,810.0,1162,17,69,12472.7
479.702,147.8,810.0,1162,100,70,12472.7
479.82,179.3,810.0,1162,100,67,12484.9
479.938,308.8,810.0,1162,41,66,12497.5
480.056,438.3,810.0,1162,11,66,12516.0
480.174,567.8,810.0,1162,8,66,12493.2
480.293,567.8,810.0,1162,8,65,12359.0
480.411,148.7,810.0,1162,32,69,12359.0
480.528,148.7,810.0,1162,100,71,12359.1
480.646,309.7,810.0,1162,100,67,12374.7
480.764,309.7,810.0,1162,27,66,12393.3
480.881,439.2,810.0,1162,7,66,12421.2
481.0,568.7,810.0,1162,12,66,12438.6
481.118,99.5,810.0,1162,12,69,12440.2
481.235,99.5,810.0,1162,92,70,12440.2
481.353,99.5,810.0,1162,57,67,12501.2
481.471,99.5,810.0,1162,2,66,12567.8
481.62,99.5,810.0,1162,2,66,12588.2
481.744,99.5,810.0,1162,2,65,12615.1
481.872,99.5,810.0,1162,0,65,12675.4
481.999,99.5,810.0,1162,2,65,12715.1
482.123,99.5,810.0,1162,2,65,12744.1
482.249,99.5,810.0,1162,2,66,12768.7
482.376,99.5,810.0,1162,0,65,12802.3
482.499,99.5,810.0,1162,2,66,12858.3
482.626,99.5,810.0,1162,2,65,12905.4
482.751,99.5,810.0,1162,2,65,12926.6
482.878,99.5,810.0,1162,0,65,12943.6
483.004,99.5,810.0,1162,2,66,13021.3
483.129,99.5,810.0,1162,2,66,13056.7
483.266,99.5,810.0,1162,2,66,13096.6
483.392,99.5,810.0,1162,0,66,13132.5
483.517,99.5,810.0,1162,2,66,13154.4
483.643,99.5,810.0,1162,2,66,13175.3
483.963,99.5,810.0,1162,2,65,13179.6
484.227,99.5,810.0,1162,0,65,13159.0
484.548,99.5,810.0,1162,0,65,13089.5
484.995,99.5,810.0,1162,3,65,13073.3
485.235,99.5,810.0,1162,2,65,13065.9
485.36,99.5,810.0,1162,0,65,13051.3
485.486,99.5,810.0,1162,0,65,12721.0
485.612,99.5,810.0,1162,2,65,12635.3
485.736,99.5,810.0,1162,2,65,12672.2
485.862,99.5,810.0,1162,0,65,12787.1
485.989,99.5,810.0,1162,0,65,12849.3
486.116,99.5,810.0,1162,2,65,12911.6
486.243,99.5,810.0,1162,2,65,13003.3
486.368,99.5,810.0,1162,0,65,13075.8
486.492,99.5,810.0,1162,0,65,13135.9
486.617,99.5,810.0,1162,1,65,13141.9
486.743,99.5,810.0,1162,4,65,13101.0
486.869,99.5,810.0,1162,0,65,13086.8
486.993,99.5,810.0,1162,0,65,13149.3
487.117,99.5,810.0,1162,2,65,13210.1
487.242,99.5,810.0,1162,2,65,13273.1
487.367,99.5,810.0,1162,0,65,13346.6
487.494,93.4,810.0,1162,2,65,12599.5
487.65,152.7,810.0,1162,2,65,12624.4
487.768,282.2,810.0,1162,7,65,12649.2
487.886,411.7,810.0,1162,9,65,12674.0
488.004,541.2,810.0,1162,9,65,12698.8
488.123,125.1,810.0,1162,10,66,12716.2
488.24,125.1,810.0,1162,64,68,12716.2
488.358,125.1,810.0,1162,90,68,12720.6
488.479,286.1,810.0,1162,90,66,12747.1
488.598,415.6,810.0,1162,9,66,12777.2
488.716,415.6,810.0,1162,8,65,12806.0
488.834,545.1,810.0,1162,8,65,12834.8
488.952,545.1,810.0,1162,5,65,12866.6
489.07,126.0,810.0,1162,27,69,12876.4
489.192,126.0,810.0,1162,100,70,12876.4
489.311,157.5,810.0,1162,100,67,12899.2
489.429,287.0,810.0,1162,18,66,12929.1
489.547,416.5,810.0,1162,8,65,12959.3
489.666,416.5,810.0,1162,8,65,12989.2
489.784,546.0,810.0,1162,8,65,13015.0
489.902,126.9,810.0,1162,8,67,13033.7
490.02,126.9,810.0,1162,8,69,13033.7
490.138,130.4,810.0,1162,100,68,13043.2
490.258,287.9,810.0,1162,42,66,13071.2
490.376,417.4,810.0,1162,8,66,13097.7
490.494,546.9,810.0,1162,8,66,13129.7
490.612,546.9,810.0,1162,9,66,13158.1
490.73,127.8,810.0,1162,58,70,13158.1
490.847,127.8,810.0,1162,58,68,13161.4
490.965,288.8,810.0,1162,79,66,13189.8
491.084,418.3,810.0,1162,9,66,13214.3
491.203,418.3,810.0,1162,10,65,13241.5
491.32,547.8,810.0,1162,10,65,13265.3
491.438,128.8,810.0,1162,14,67,13272.4
491.556,128.8,810.0,1162,100,70,13272.4
491.674,160.3,810.0,1162,100,67,13288.0
491.792,289.8,810.0,1162,34,65,13299.6
491.911,419.3,810.0,1162,8,65,13317.0
492.03,548.8,810.0,1162,8,65,13340.6
492.148,129.7,810.0,1162,10,66,13350.9
492.266,129.7,810.0,1162,57,69,13340.3
492.403,129.7,810.0,1162,100,67,13336.1
492.521,290.7,810.0,1162,100,65,13357.2
492.64,420.2,810.0,1162,12,65,13384.6
492.758,420.2,810.0,1162,9,65,13413.3
492.876,549.7,810.0,1162,7,65,13444.7
492.995,130.6,810.0,1162,7,67,13435.9
493.113,130.6,810.0,1162,92,69,13425.3
493.232,291.6,810.0,1162,54,66,13445.2
493.351,421.1,810.0,1162,54,66,13463.5
493.469,550.6,810.0,1162,10,66,13485.4
493.588,550.6,810.0,1162,9,65,13514.8
493.715,131.5,810.0,1162,45,67,13514.6
493.895,131.5,810.0,1162,100,68,13503.3
494.017,292.5,810.0,1162,29,65,13496.4
494.235,292.5,810.0,1162,6,65,13485.1
494.497,422.0,810.0,1162,4,65,13453.0
494.813,422.0,810.0,1162,2,65,13411.6
495.131,551.5,810.0,1162,2,65,13379.2
495.453,551.5,810.0,1162,50,71,13337.9
495.781,293.5,810.0,1162,90,66,13332.1
495.951,293.5,810.0,1162,7,65,13301.4
496.245,423.0,810.0,1162,1,65,13269.2
496.558,552.5,810.0,1162,2,65,13238.3
496.86,133.4,810.0,1162,53,68,13220.0
497.128,164.9,810.0,1162,12,65,13200.4
497.356,294.4,810.0,1162,3,65,13166.3
497.674,294.4,810.0,1162,3,65,13123.7
497.977,423.9,810.0,1162,6,65,13095.4
498.299,423.9,810.0,1162,1,65,13061.1
498.622,553.4,810.0,1162,1,65,13027.7
498.956,553.4,810.0,1162,4,67,12995.0
499.272,134.3,810.0,1162,95,69,12984.0
499.397,165.8,810.0,1162,48,66,12962.8
499.671,295.3,810.0,1162,3,66,12929.0
499.993,424.8,810.0,1162,7,66,12917.7
500.194,424.8,810.0,1162,7,66,12760.4
500.313,554.3,810.0,1162,8,66,12595.2
500.431,135.2,810.0,1162,22,68,12519.1
500.549,135.2,810.0,1162,22,69,12519.1
500.667,135.2,810.0,1162,100,67,12523.6
500.785,296.2,810.0,1162,42,66,12539.7
500.903,296.2,810.0,1162,7,66,12536.4
501.022,425.7,810.0,1162,7,65,12539.8
501.141,555.2,810.0,1162,9,65,12505.7
501.259,555.2,810.0,1162,7,65,12521.1
501.377,136.1,810.0,1162,7,69,12521.1
501.496,136.1,810.0,1162,94,70,12525.6
501.615,297.1,810.0,1162,52,66,12545.3
501.733,426.6,810.0,1162,52,66,12564.0
501.852,556.1,810.0,1162,10,66,12559.0
501.97,137.1,810.0,1162,11,68,12569.5
502.103,137.1,810.0,1162,100,69,12569.5
502.222,168.6,810.0,1162,100,66,12583.6
502.342,298.1,810.0,1162,56,66,12603.5
502.46,298.1,810.0,1162,4,65,12623.4
502.578,427.6,810.0,1162,8,65,12608.3
502.696,427.6,810.0,1162,8,65,12572.4
502.815,557.1,810.0,1162,5,65,12596.1
502.933,138.0,810.0,1162,7,65,12581.8
503.051,138.0,810.0,1162,7,69,12581.8
503.17,138.0,810.0,1162,99,69,12588.2
503.288,299.0,810.0,1162,38,66,12609.5
503.406,299.0,810.0,1162,38,65,12633.7
503.524,299.0,810.0,1162,5,65,12656.1
503.643,428.5,810.0,1162,8,65,12678.4
503.761,558.0,810.0,1162,6,65,12652.9
503.881,558.0,810.0,1162,6,65,12568.8
503.999,138.9,810.0,1162,6,66,12568.5
504.117,138.9,810.0,1162,69,70,12496.5
504.235,138.9,810.0,1162,69,67,12500.5
504.352,299.9,810.0,1162,69,66,12515.8
504.47,299.9,810.0,1162,6,65,12530.3
504.589,429.4,810.0,1162,8,65,12549.3
504.707,429.4,810.0,1162,8,65,12569.0
504.825,558.9,810.0,1162,6,65,12586.6
504.944,558.9,810.0,1162,5,65,12606.9
505.062,139.8,810.0,1162,5,69,12608.8
505.18,139.8,810.0,1162,74,70,12608.8
505.297,171.3,810.0,1162,63,66,12623.6
505.415,300.8,810.0,1162,63,66,12636.3
505.533,430.3,810.0,1162,6,65,12654.2
505.651,430.3,810.0,1162,9,65,12621.5
505.771,559.8,810.0,1162,5,65,12539.4
505.888,559.8,810.0,1162,5,65,12560.0
506.006,140.7,810.0,1162,5,67,12571.3
506.124,140.7,810.0,1162,86,70,12571.3
506.241,147.7,810.0,1162,86,66,12582.7
506.359,301.7,810.0,1162,51,65,12602.9
506.477,301.7,810.0,1162,6,65,12624.1
506.595,431.2,810.0,1162,10,65,12645.7
506.713,560.7,810.0,1162,10,65,12672.1
506.831,560.7,810.0,1162,5,65,12555.0
506.95,141.7,810.0,1162,41,68,12559.4
507.069,141.7,810.0,1162,41,70,12557.5
507.19,302.7,810.0,1162,96,66,12573.3
507.308,302.7,810.0,1162,6,65,12593.8
507.427,432.2,810.0,1162,6,65,12605.0
507.545,432.2,810.0,1162,6,65,12608.4
507.664,561.7,810.0,1162,10,65,12612.0
507.782,142.6,810.0,1162,47,68,12604.6
507.922,142.6,810.0,1162,47,67,12594.4
508.04,174.1,810.0,1162,100,65,12597.7
508.16,433.1,810.0,1162,24,65,12602.1
508.278,562.6,810.0,1162,12,65,12606.0
508.397,143.5,810.0,1162,12,66,12601.7
508.515,143.5,810.0,1162,58,70,12591.0
508.636,175.0,810.0,1162,87,67,12587.8
508.755,434.0,810.0,1162,87,66,12591.9
508.874,563.5,810.0,1162,13,65,12592.6
508.992,144.4,810.0,1162,45,70,12582.5
509.118,144.4,810.0,1162,100,68,12573.2
509.236,305.4,810.0,1162,100,66,12572.6
509.354,564.4,810.0,1162,29,65,12572.9
509.472,145.3,810.0,1162,46,68,12564.4
509.612,145.3,810.0,1162,100,68,12553.3
509.73,306.4,810.0,1162,100,66,12554.9
509.848,435.9,810.0,1162,30,65,12264.3
509.974,565.4,810.0,1162,6,65,12295.2
510.092,565.4,810.0,1162,6,65,12334.6
510.21,146.3,810.0,1162,15,69,12336.8
510.327,146.3,810.0,1162,100,70,12336.9
510.445,307.3,810.0,1162,33,66,12373.1
510.564,307.3,810.0,1162,33,65,12399.2
510.682,436.8,810.0,1162,9,65,12425.3
510.799,436.8,810.0,1162,5,65,12448.2
510.918,566.3,810.0,1162,5,65,12474.9
511.036,566.3,810.0,1162,6,65,12473.9
511.154,147.2,810.0,1162,32,68,12480.2
511.273,147.2,810.0,1162,32,69,12480.2
511.39,178.7,810.0,1162,100,66,12444.2
511.509,308.2,810.0,1162,17,65,12381.2
511.627,437.7,810.0,1162,10,65,12360.6
511.745,437.7,810.0,1162,10,65,12325.1
511.863,567.2,810.0,1162,9,65,12337.1
511.981,148.1,810.0,1162,62,70,12337.1
512.099,148.1,810.0,1162,62,70,12339.3
512.218,309.1,810.0,1162,78,66,12353.4
512.336,438.6,810.0,1162,9,65,12289.3
512.454,438.6,810.0,1162,5,65,12304.8
512.573,568.1,810.0,1162,5,65,12318.9
512.691,568.1,810.0,1162,9,65,12332.8
512.81,149.0,810.0,1162,40,69,12336.0
512.94,149.0,810.0,1162,40,69,12336.0
513.057,310.0,810.0,1162,100,66,12346.2
513.176,310.0,810.0,1162,17,65,12366.4
513.293,439.5,810.0,1162,7,65,12388.8
513.411,569.0,810.0,1162,7,65,12408.8
513.529,99.9,810.0,1162,10,66,12419.3
513.646,99.9,810.0,1162,90,70,12419.3
513.765,99.9,810.0,1162,90,66,12453.6
513.887,99.9,810.0,1162,47,65,12452.4
514.011,99.9,810.0,1162,0,65,12456.9
514.135,99.9,810.0,1162,3,65,12495.3
514.261,99.9,810.0,1162,3,65,12588.0
514.385,99.9,810.0,1162,0,65,12637.4
514.51,99.9,810.0,1162,0,65,12674.4
514.637,99.9,810.0,1162,3,65,12771.5
514.763,99.9,810.0,1162,3,65,12806.7
514.887,99.9,810.0,1162,0,65,12838.0
515.012,99.9,810.0,1162,0,65,12857.6
515.141,99.9,810.0,1162,3,65,12924.4
515.267,99.9,810.0,1162,3,65,12965.4
515.392,99.9,810.0,1162,0,65,12990.8
515.518,99.9,810.0,1162,1,65,13032.6
515.643,99.9,810.0,1162,3,65,13048.6
515.769,99.9,810.0,1162,3,65,13124.3
515.894,99.9,810.0,1162,0,65,13156.5
516.021,99.9,810.0,1162,1,65,13191.4
516.146,99.9,810.0,1162,2,65,13223.4
516.272,99.9,810.0,1162,2,65,13243.5
516.398,99.9,810.0,1162,0,65,13283.0
516.627,99.9,810.0,1162,3,65,13298.3
516.896,99.9,810.0,1162,0,65,13302.3
517.153,99.9,810.0,1162,0,65,13279.1
517.523,99.9,810.0,1162,2,65,13282.3
517.737,99.9,810.0,1162,3,65,13218.0
518.326,99.9,810.0,1162,0,66,13219.4
518.553,99.9,810.0,1162,2,66,13220.0
518.84,99.9,810.0,1162,1,66,13193.6
519.213,99.9,810.0,1162,0,66,13196.7
519.425,99.9,810.0,1162,0,66,13181.9
519.566,99.9,810.0,1162,1,66,12840.4
519.691,99.9,810.0,1162,2,65,12515.6
519.818,99.9,810.0,1162,0,66,12512.4
519.943,99.9,810.0,1162,0,66,12574.5
520.066,99.9,810.0,1162,2,66,12665.5
520.191,99.9,810.0,1162,2,66,12727.9
520.317,99.9,810.0,1162,0,66,12764.8
520.442,99.9,810.0,1162,0,66,12851.0
520.567,99.9,810.0,1162,2,66,12912.3
520.686,99.9,810.0,1162,2,66,12849.1
520.804,93.4,810.0,1162,2,66,12696.0
520.923,93.4,810.0,1162,0,66,12708.5
521.041,282.5,810.0,1162,3,66,12727.0
521.159,282.5,810.0,1162,10,66,12749.2
521.277,412.0,810.0,1162,10,66,12770.0
521.395,541.5,810.0,1162,9,66,12790.9
521.513,125.6,810.0,1162,16,67,12803.6
521.631,125.6,810.0,1162,16,72,12803.6
521.751,125.6,810.0,1162,100,67,12813.0
521.869,286.6,810.0,1162,30,66,12834.7
521.987,416.1,810.0,1162,9,65,12860.2
522.105,416.1,810.0,1162,9,65,12886.2
522.224,545.6,810.0,1162,8,65,12910.4
522.342,545.6,810.0,1162,5,65,12936.8
522.46,126.6,810.0,1162,5,67,12945.2
522.578,126.6,810.0,1162,64,71,12945.2
522.695,158.1,810.0,1162,79,67,12959.1
522.813,287.6,810.0,1162,79,66,12984.6
522.931,287.6,810.0,1162,6,66,13008.1
523.049,417.1,810.0,1162,7,65,13032.8
523.168,546.6,810.0,1162,8,65,13058.2
523.286,546.6,810.0,1162,8,65,13081.5
523.405,127.5,810.0,1162,17,71,13083.3
523.523,127.5,810.0,1162,100,70,13083.3
523.641,288.5,810.0,1162,100,66,13099.4
523.759,288.5,810.0,1162,34,65,13124.4
523.877,418.0,810.0,1162,8,65,13148.3
523.995,547.5,810.0,1162,10,65,13174.0
524.113,128.4,810.0,1162,10,66,13189.2
524.23,128.4,810.0,1162,59,69,13189.2
524.352,159.9,810.0,1162,86,68,13136.6
524.472,289.4,810.0,1162,86,66,12945.7
524.591,418.9,810.0,1162,9,66,12967.8
524.71,548.4,810.0,1162,9,65,12991.3
524.828,548.4,810.0,1162,8,65,13013.8
524.946,129.3,810.0,1162,8,71,13014.5
525.067,129.3,810.0,1162,100,70,13014.7
525.184,290.3,810.0,1162,42,66,13038.2
525.303,290.3,810.0,1162,42,65,13061.6
525.421,419.8,810.0,1162,7,65,13081.2
525.539,549.3,810.0,1162,8,65,13108.2
525.658,549.3,810.0,1162,8,65,13132.2
525.775,130.2,810.0,1162,8,66,13142.3
525.893,130.2,810.0,1162,69,71,13142.3
526.011,133.8,810.0,1162,72,67,13155.4
526.129,291.3,810.0,1162,72,66,13179.3
526.247,291.3,810.0,1162,8,65,13204.7
526.365,420.8,810.0,1162,6,65,13232.4
526.483,420.8,810.0,1162,6,65,13260.1
526.601,550.3,810.0,1162,7,65,13132.0
526.72,131.2,810.0,1162,21,67,13118.8
526.838,131.2,810.0,1162,100,71,13096.0
526.956,162.7,810.0,1162,100,66,13113.0
527.076,292.2,810.0,1162,26,65,13138.4
527.194,421.7,810.0,1162,9,65,13156.8
527.313,421.7,810.0,1162,9,64,13178.3
527.431,551.2,810.0,1162,7,65,13206.4
527.549,551.2,810.0,1162,6,64,13234.9
527.667,132.1,810.0,1162,6,66,13243.7
527.784,132.1,810.0,1162,55,69,13223.4
527.904,163.6,810.0,1162,88,66,13107.8
528.023,293.1,810.0,1162,8,65,13131.4
528.141,422.6,810.0,1162,8,65,13159.5
528.259,422.6,810.0,1162,8,65,13186.9
528.377,552.1,810.0,1162,5,65,13215.0
528.496,552.1,810.0,1162,5,65,13243.7
528.615,133.0,810.0,1162,7,66,13210.5
528.736,133.0,810.0,1162,57,71,13107.1
528.853,133.0,810.0,1162,81,67,13113.5
528.971,294.0,810.0,1162,81,65,13135.9
529.09,294.0,810.0,1162,9,65,13155.2
529.208,423.5,810.0,1162,8,65,13173.8
529.326,553.0,810.0,1162,8,65,13195.1
529.444,553.0,810.0,1162,6,65,13214.1
529.562,133.9,810.0,1162,22,67,13223.3
529.68,133.9,810.0,1162,22,70,13223.3
529.798,165.4,810.0,1162,100,66,13156.8
529.918,294.9,810.0,1162,25,65,13179.5
530.038,424.4,810.0,1162,8,65,13206.6
530.157,424.4,810.0,1162,8,64,13232.1
530.275,553.9,810.0,1162,8,64,13256.4
530.393,553.9,810.0,1162,6,64,13280.5
530.511,134.9,810.0,1162,6,68,13270.7
530.629,134.9,810.0,1162,76,70,13260.1
530.747,295.9,810.0,1162,66,66,13280.3
530.865,295.9,810.0,1162,6,65,13304.3
530.984,425.4,810.0,1162,6,65,13328.3
531.102,554.9,810.0,1162,8,65,13351.4
531.221,554.9,810.0,1162,9,65,13376.4
531.339,135.8,810.0,1162,70,69,13371.0
531.478,135.8,810.0,1162,70,67,13360.3
531.597,296.8,810.0,1162,93,66,13364.3
531.715,296.8,810.0,1162,10,65,13381.0
531.833,426.3,810.0,1162,10,65,13401.4
531.951,555.8,810.0,1162,7,64,13421.1
532.069,136.7,810.0,1162,9,65,13431.1
532.187,136.7,810.0,1162,9,67,13420.3
532.306,136.7,810.0,1162,91,68,13412.8
532.425,297.7,810.0,1162,59,65,13416.7
532.57,427.2,810.0,1162,9,65,13417.3
532.753,556.7,810.0,1162,3,65,13400.9
533.03,137.6,810.0,1162,54,68,13391.7
533.204,137.6,810.0,1162,100,68,13380.3
533.327,298.6,810.0,1162,11,65,13363.2
533.608,298.6,810.0,1162,4,64,13339.2
533.879,428.1,810.0,1162,3,64,13309.7
534.174,557.6,810.0,1162,5,64,13278.6
534.479,557.6,810.0,1162,2,64,13224.2
534.837,138.5,810.0,1162,2,67,13217.3
534.957,138.5,810.0,1162,82,70,13208.5
535.077,299.6,810.0,1162,4,65,13176.1
535.408,299.6,810.0,1162,3,65,13147.1
535.709,429.1,810.0,1162,1,65,13115.1
536.026,558.6,810.0,1162,3,65,13087.4
536.324,558.6,810.0,1162,4,65,13057.1
536.643,139.5,810.0,1162,3,70,13047.9
536.777,139.5,810.0,1162,99,68,13036.4
536.906,300.5,810.0,1162,42,66,13026.9
537.11,430.0,810.0,1162,4,65,13002.8
537.389,430.0,810.0,1162,3,65,12975.2
537.665,559.5,810.0,1162,5,65,12933.6
537.892,140.4,810.0,1162,21,67,12845.9
538.011,140.4,810.0,1162,21,70,12841.1
538.131,140.4,810.0,1162,100,68,12858.2
538.25,301.4,810.0,1162,26,66,12706.2
538.369,430.9,810.0,1162,26,65,12413.4
538.494,560.4,810.0,1162,8,65,12266.1
538.611,560.4,810.0,1162,9,65,12296.6
538.729,141.3,810.0,1162,50,67,12300.6
538.848,141.3,810.0,1162,50,70,12300.6
538.965,172.8,810.0,1162,91,66,12322.2
539.084,302.3,810.0,1162,10,65,12347.9
539.203,431.8,810.0,1162,10,65,12380.7
539.324,561.3,810.0,1162,9,65,12408.3
539.443,561.3,810.0,1162,6,65,12425.1
539.562,142.2,810.0,1162,20,66,12418.3
539.681,142.2,810.0,1162,20,69,12408.1
539.8,142.2,810.0,1162,100,68,12412.7
539.918,303.2,810.0,1162,26,66,12441.6
540.036,303.2,810.0,1162,26,65,12464.7
540.155,432.7,810.0,1162,9,65,12483.7
540.273,562.2,810.0,1162,6,65,12495.1
540.391,562.2,810.0,1162,7,65,12476.8
540.51,143.2,810.0,1162,7,67,12481.8
540.628,143.2,810.0,1162,72,70,12481.8
540.746,174.7,810.0,1162,69,66,12495.0
540.865,304.2,810.0,1162,69,66,12509.2
540.983,433.7,810.0,1162,10,65,12521.9
541.101,563.2,810.0,1162,12,65,12533.5
541.219,144.1,810.0,1162,12,71,12534.8
541.338,144.1,810.0,1162,68,70,12534.8
541.455,305.1,810.0,1162,73,66,12547.0
541.573,434.6,810.0,1162,13,66,12563.1
541.691,564.1,810.0,1162,13,65,12575.7
541.809,145.0,810.0,1162,13,68,12578.9
541.939,145.0,810.0,1162,100,67,12578.9
542.056,306.0,810.0,1162,100,66,12579.9
542.176,435.5,810.0,1162,68,65,12580.7
542.294,145.9,810.0,1162,16,66,12577.8
542.413,145.9,810.0,1162,89,68,12567.1
542.531,177.4,810.0,1162,89,68,12560.2
542.652,436.4,810.0,1162,66,66,12575.4
542.77,565.9,810.0,1162,9,65,12602.5
542.888,565.9,810.0,1162,9,65,12626.2
543.007,146.8,810.0,1162,15,68,12619.5
543.135,146.8,810.0,1162,100,68,12609.6
543.253,178.3,810.0,1162,68,66,12622.4
543.372,307.8,810.0,1162,68,65,12644.9
543.49,437.3,810.0,1162,7,65,12665.1
543.609,566.8,810.0,1162,10,65,12685.1
543.728,147.8,810.0,1162,10,65,12699.8
543.846,147.8,810.0,1162,23,68,12689.0
543.965,147.8,810.0,1162,100,69,12681.4
544.084,308.8,810.0,1162,37,66,12712.4
544.203,308.8,810.0,1162,37,65,12741.0
544.321,567.8,810.0,1162,8,65,12749.1
544.44,148.7,810.0,1162,21,66,12748.5
544.558,148.7,810.0,1162,21,70,12737.9
544.676,152.2,810.0,1162,100,67,12735.1
544.795,309.7,810.0,1162,35,66,12742.3
544.913,439.2,810.0,1162,9,65,12752.9
545.032,568.7,810.0,1162,9,65,12759.9
545.157,149.6,810.0,1162,10,68,12757.5
545.322,149.6,810.0,1162,72,70,12746.9
545.441,310.6,810.0,1162,69,66,12745.4
545.587,310.6,810.0,1162,10,66,12746.5
545.724,569.6,810.0,1162,10,65,12350.1
545.843,100.4,810.0,1162,10,67,12217.1
545.96,100.4,810.0,1162,63,72,12217.1
546.079,100.4,810.0,1162,79,67,12257.6
546.201,100.4,810.0,1162,79,66,12360.2
546.327,100.4,810.0,1162,0,66,12424.0
546.451,100.4,810.0,1162,0,65,12458.7
546.579,100.4,810.0,1162,3,65,12570.2
546.703,100.4,810.0,1162,3,65,12623.5
546.827,100.4,810.0,1162,0,65,12677.4
546.951,100.4,810.0,1162,0,65,12733.3
547.079,100.4,810.0,1162,3,65,12659.2
547.204,100.4,810.0,1162,3,65,12697.7
547.328,100.4,810.0,1162,0,65,12705.9
547.454,100.4,810.0,1162,0,65,12762.3
547.578,100.4,810.0,1162,3,65,12751.7
547.702,100.4,810.0,1162,3,65,12807.9
547.827,100.4,810.0,1162,0,65,12863.2
547.951,100.4,810.0,1162,0,65,12959.4
548.076,100.4,810.0,1162,0,65,12992.7
548.202,100.4,810.0,1162,3,65,12906.9
548.329,100.4,810.0,1162,0,65,12982.1
548.453,100.4,810.0,1162,0,65,12890.6
548.579,100.4,810.0,1162,0,65,12948.3
548.705,100.4,810.0,1162,3,65,12992.6
548.829,100.4,810.0,1162,0,65,13084.5
548.954,100.4,810.0,1162,0,65,13136.0
549.078,100.4,810.0,1162,0,65,13166.1
549.205,100.4,810.0,1162,3,65,13237.6
549.332,100.4,810.0,1162,0,65,13258.5
549.457,100.4,810.0,1162,0,65,13287.8
549.584,100.4,810.0,1162,0,65,13312.9
549.71,100.4,810.0,1162,3,65,13348.1
549.834,100.4,810.0,1162,0,65,13393.1
549.962,100.4,810.0,1162,0,65,13406.1
550.087,100.4,810.0,1162,3,65,13173.9
550.216,100.4,810.0,1162,3,65,13227.0
550.34,100.4,810.0,1162,0,65,13300.7
550.465,100.4,810.0,1162,0,65,13430.5
550.586,93.3,810.0,1162,0,65,12848.4
550.704,93.4,810.0,1162,3,65,12870.6
550.822,282.7,810.0,1162,3,65,12896.7
550.941,412.2,810.0,1162,9,65,12922.9
551.058,412.2,810.0,1162,9,65,12948.2
551.177,541.7,810.0,1162,12,65,12973.9
551.295,126.0,810.0,1162,29,65,12988.2
551.412,126.0,810.0,1162,29,67,12988.2
551.53,126.0,810.0,1162,100,68,12988.2
551.648,157.5,810.0,1162,82,66,13003.0
551.766,287.0,810.0,1162,7,66,13027.8
551.885,416.5,810.0,1162,7,65,13055.3
552.003,416.5,810.0,1162,7,65,13083.4
552.12,546.0,810.0,1162,9,65,13111.9
552.238,546.0,810.0,1162,9,65,13143.9
552.356,127.0,810.0,1162,13,67,13147.4
552.474,127.0,810.0,1162,100,69,13147.4
552.592,127.0,810.0,1162,100,71,13151.4
552.71,288.0,810.0,1162,81,66,13179.3
552.828,288.0,810.0,1162,6,66,13206.2
552.946,417.5,810.0,1162,6,66,13235.7
553.065,417.5,810.0,1162,6,66,13266.8
553.184,547.0,810.0,1162,10,65,13294.9
553.303,127.9,810.0,1162,19,67,13313.2
553.42,127.9,810.0,1162,19,69,13313.2
553.538,127.9,810.0,1162,100,70,13313.2
553.657,159.4,810.0,1162,78,67,13347.4
553.775,288.9,810.0,1162,7,66,13392.3
553.893,418.4,810.0,1162,7,66,13444.3
554.013,547.9,810.0,1162,9,66,13493.5
554.132,547.9,810.0,1162,10,65,13503.9
554.251,547.9,810.0,1162,10,65,13489.6
554.373,128.8,810.0,1162,1,67,13478.9
554.491,128.8,810.0,1162,91,69,13468.4
554.609,128.8,810.0,1162,100,71,13457.9
554.728,160.3,810.0,1162,100,66,13460.7
554.847,289.8,810.0,1162,4,66,13452.0
554.966,289.8,810.0,1162,1,66,13440.4
555.086,289.8,810.0,1162,1,66,13429.3
555.206,289.8,810.0,1162,4,66,13419.6
555.324,419.3,810.0,1162,4,66,13432.3
555.443,419.3,810.0,1162,4,65,13438.2
555.562,419.3,810.0,1162,5,65,13433.6
555.68,548.8,810.0,1162,7,65,13434.3
555.799,129.7,810.0,1162,14,66,13452.0
555.918,129.7,810.0,1162,14,69,13441.7
556.036,129.7,810.0,1162,100,70,13431.2
556.155,161.2,810.0,1162,84,68,13442.7
556.275,290.7,810.0,1162,84,66,13465.0
556.395,420.2,810.0,1162,8,66,13483.7
556.515,549.7,810.0,1162,8,66,13505.3
556.634,130.6,810.0,1162,22,67,13512.5
556.753,130.6,810.0,1162,22,69,13501.8
556.873,130.6,810.0,1162,100,70,13491.3
556.992,291.7,810.0,1162,72,67,13504.4
557.112,291.7,810.0,1162,11,66,13502.0
557.336,421.2,810.0,1162,2,66,13467.9
557.663,550.7,810.0,1162,1,66,13433.4
557.999,550.7,810.0,1162,4,66,13402.0
558.302,131.6,810.0,1162,57,69,13391.5
558.43,131.6,810.0,1162,57,70,13380.6
558.553,131.6,810.0,1162,100,69,13378.6
558.678,292.6,810.0,1162,3,66,13356.7
558.938,422.1,810.0,1162,6,66,13319.7
559.222,551.6,810.0,1162,4,66,13296.6
559.502,551.6,810.0,1162,3,66,13262.7
559.823,132.5,810.0,1162,100,70,13245.3
560.082,132.5,810.0,1162,100,71,13235.0
560.201,293.5,810.0,1162,3,66,13212.7
560.481,293.5,810.0,1162,3,66,13142.1
560.768,423.0,810.0,1162,3,66,12739.7
560.886,552.5,810.0,1162,5,66,12715.1
561.004,552.5,810.0,1162,7,66,12741.5
561.121,133.4,810.0,1162,7,67,12753.4
561.24,133.4,810.0,1162,51,69,12753.4
561.357,133.4,810.0,1162,100,71,12753.4
561.475,294.4,810.0,1162,47,67,12672.4
561.594,294.4,810.0,1162,47,66,12669.1
561.713,423.9,810.0,1162,12,66,12667.5
561.831,553.4,810.0,1162,7,66,12668.7
561.95,553.4,810.0,1162,7,66,12690.9
562.068,134.3,810.0,1162,17,69,12692.0
562.186,134.3,810.0,1162,100,70,12692.0
562.303,134.3,810.0,1162,100,72,12697.2
562.421,295.3,810.0,1162,83,67,12724.5
562.54,295.3,810.0,1162,6,66,12754.6
562.658,424.8,810.0,1162,7,66,12787.1
562.776,424.8,810.0,1162,7,66,12746.3
562.896,554.3,810.0,1162,6,66,12772.8
563.014,554.3,810.0,1162,7,66,12786.8
563.132,135.3,810.0,1162,7,68,12703.7
563.254,135.3,810.0,1162,71,70,12703.7
563.372,135.3,810.0,1162,100,70,12710.4
563.49,296.3,810.0,1162,24,67,12738.4
563.608,296.3,810.0,1162,24,66,12768.6
563.726,425.8,810.0,1162,7,66,12798.7
563.845,425.8,810.0,1162,6,66,12826.4
563.962,555.3,810.0,1162,6,66,12856.0
564.081,136.2,810.0,1162,9,67,12875.1
564.2,136.2,810.0,1162,67,69,12864.9
564.319,136.2,810.0,1162,100,70,12855.6
564.438,297.2,810.0,1162,100,67,12864.0
564.557,426.7,810.0,1162,31,66,12885.6
564.676,426.7,810.0,1162,8,66,12907.9
564.794,556.2,810.0,1162,8,66,12933.0
564.913,137.1,810.0,1162,8,67,12935.9
565.032,137.1,810.0,1162,84,70,12925.4
565.152,137.1,810.0,1162,100,71,12914.9
565.271,298.1,810.0,1162,100,67,12925.5
565.39,427.6,810.0,1162,17,66,12939.2
565.51,557.1,810.0,1162,13,66,12957.7
565.629,138.0,810.0,1162,13,68,12971.6
565.747,138.0,810.0,1162,54,70,12961.1
565.867,138.0,810.0,1162,100,70,12950.6
565.986,299.0,810.0,1162,100,67,12973.0
566.105,299.0,810.0,1162,40,66,12990.8
566.224,428.5,810.0,1162,8,66,13007.5
566.344,558.0,810.0,1162,6,66,13025.2
566.478,558.0,810.0,1162,7,66,13005.7
566.729,138.9,810.0,1162,21,69,12997.0
566.892,138.9,810.0,1162,100,70,12986.6
567.011,146.0,810.0,1162,77,67,12978.8
567.175,300.0,810.0,1162,1,66,12940.1
567.474,300.0,810.0,1162,5,66,12931.7
567.677,429.5,810.0,1162,1,66,12905.3
567.981,559.0,810.0,1162,7,66,12882.6
568.218,559.0,810.0,1162,2,66,12847.2
568.529,559.0,810.0,1162,56,69,12824.7
568.814,139.9,810.0,1162,56,70,12813.9
568.94,139.9,810.0,1162,100,69,12807.5
569.069,300.9,810.0,1162,36,67,12801.0
569.192,300.9,810.0,1162,8,66,12798.3
569.311,430.4,810.0,1162,8,66,12801.6
569.457,559.9,810.0,1162,5,66,12544.4
569.576,559.9,810.0,1162,7,66,12339.2
569.697,140.8,810.0,1162,50,68,12344.5
569.815,140.8,810.0,1162,50,70,12344.5
569.932,140.8,810.0,1162,100,72,12350.8
570.051,301.8,810.0,1162,47,67,12380.1
570.169,301.8,810.0,1162,47,66,12409.1
570.288,431.3,810.0,1162,9,66,12432.9
570.406,560.8,810.0,1162,6,66,12468.2
570.524,560.8,810.0,1162,7,66,12494.1
570.642,141.7,810.0,1162,7,67,12508.8
570.76,141.7,810.0,1162,68,70,12508.8
570.878,141.7,810.0,1162,100,71,12508.8
570.995,302.7,810.0,1162,100,67,12534.0
571.113,302.7,810.0,1162,33,66,12557.4
571.231,432.2,810.0,1162,9,66,12586.1
571.351,561.7,810.0,1162,7,66,12454.5
571.468,561.7,810.0,1162,7,66,12459.5
571.587,142.6,810.0,1162,8,67,12414.3
571.704,142.6,810.0,1162,91,70,12414.3
571.822,142.6,810.0,1162,91,70,12414.3
571.94,174.1,810.0,1162,98,67,12434.1
572.059,303.6,810.0,1162,7,66,12460.8
572.177,303.6,810.0,1162,7,66,12481.7
572.295,433.1,810.0,1162,8,66,12498.5
572.413,562.6,810.0,1162,6,66,12510.5
572.531,562.6,810.0,1162,8,66,12522.9
572.65,143.6,810.0,1162,8,68,12525.9
572.767,143.6,810.0,1162,78,70,12525.9
572.888,143.6,810.0,1162,100,70,12528.3
573.006,304.6,810.0,1162,100,67,12529.3
573.126,434.1,810.0,1162,17,66,12457.5
573.245,563.6,810.0,1162,13,66,12468.7
573.365,144.5,810.0,1162,54,68,12461.5
573.493,144.5,810.0,1162,54,69,12451.5
573.611,144.5,810.0,1162,100,71,12440.9
573.729,305.5,810.0,1162,56,67,12452.0
573.848,435.0,810.0,1162,56,66,12466.1
573.967,564.5,810.0,1162,10,66,12475.2
574.085,145.4,810.0,1162,15,67,12479.2
574.203,145.4,810.0,1162,100,69,12479.2
574.321,145.4,810.0,1162,100,71,12479.2
574.439,306.4,810.0,1162,87,67,12487.9
574.557,435.9,810.0,1162,15,66,12495.7
574.675,146.3,810.0,1162,15,66,12503.0
574.792,146.3,810.0,1162,34,69,12503.0
574.91,146.3,810.0,1162,100,70,12503.0
575.028,307.3,810.0,1162,68,68,12507.4
575.146,436.8,810.0,1162,68,66,12524.1
575.264,436.8,810.0,1162,11,66,12553.4
575.382,566.3,810.0,1162,6,66,12580.7
575.5,147.2,810.0,1162,6,67,12593.0
575.621,147.2,810.0,1162,52,69,12582.3
575.739,147.2,810.0,1162,100,70,12571.7
575.857,178.8,810.0,1162,100,67,12582.5
575.975,308.2,810.0,1162,53,66,12603.8
576.093,437.8,810.0,1162,8,66,12624.0
576.213,437.8,810.0,1162,8,66,12643.0
576.332,567.2,810.0,1162,8,66,12661.3
576.452,148.2,810.0,1162,26,69,12650.8
576.571,148.2,810.0,1162,100,70,12640.2
576.69,148.2,810.0,1162,100,69,12640.6
576.809,309.2,810.0,1162,71,67,12672.5
576.928,438.7,810.0,1162,6,66,12698.5
577.046,568.2,810.0,1162,12,66,12706.8
577.165,149.1,810.0,1162,12,67,12703.9
577.284,149.1,810.0,1162,67,70,12693.2
577.402,149.1,810.0,1162,100,72,12682.8
577.521,310.1,810.0,1162,100,67,12687.0
577.642,439.6,810.0,1162,34,66,12694.7
577.76,439.6,810.0,1162,9,66,12703.6
577.879,569.1,810.0,1162,8,66,12704.6
578.039,150.0,810.0,1162,62,69,12696.1
578.161,150.0,810.0,1162,62,70,12685.0
578.283,150.0,810.0,1162,100,71,12676.9
578.402,311.0,810.0,1162,39,67,12679.4
578.563,440.5,810.0,1162,7,66,12677.7
578.762,570.0,810.0,1162,4,66,12660.6
579.006,100.9,810.0,1162,4,69,12651.9
579.146,100.9,810.0,1162,72,70,12641.5
579.266,100.9,810.0,1162,100,70,12640.2
579.388,100.9,810.0,1162,23,66,12653.7
579.657,100.9,810.0,1162,2,66,12573.6
579.795,100.9,810.0,1162,2,66,12250.3
579.924,100.9,810.0,1162,0,66,12290.4
580.048,100.9,810.0,1162,2,66,12325.8
580.174,100.9,810.0,1162,2,66,12447.6
580.298,100.9,810.0,1162,1,66,12509.9
580.424,100.9,810.0,1162,0,66,12568.4
580.549,100.9,810.0,1162,3,66,12617.6
580.674,100.9,810.0,1162,3,66,12447.8
580.802,100.9,810.0,1162,1,66,12406.7
580.926,100.9,810.0,1162,0,66,12458.8
581.051,100.9,810.0,1162,3,66,12508.4
581.176,100.9,810.0,1162,3,66,12605.3
581.301,100.9,810.0,1162,1,66,12667.8
581.425,100.9,810.0,1162,0,66,12721.6
581.552,100.9,810.0,1162,3,66,12820.0
581.678,100.9,810.0,1162,3,66,12879.0
581.803,100.9,810.0,1162,1,66,12941.4
581.929,100.9,810.0,1162,0,66,12934.7
582.057,100.9,810.0,1162,3,66,12911.8
582.181,100.9,810.0,1162,3,66,12891.3
582.306,100.9,810.0,1162,1,66,12946.4
582.432,100.9,810.0,1162,0,66,12996.5
582.557,100.9,810.0,1162,3,66,13093.1
582.683,100.9,810.0,1162,3,66,13145.5
582.809,100.9,810.0,1162,0,66,12905.4
582.935,100.9,810.0,1162,0,66,12955.1
583.059,100.9,810.0,1162,3,66,13048.4
583.184,100.9,810.0,1162,3,66,13101.2
583.31,100.9,810.0,1162,0,66,13159.9
583.44,100.9,810.0,1162,0,66,13249.5
583.566,100.9,810.0,1162,0,66,13311.0
583.69,100.9,810.0,1162,0,66,13345.5
583.815,100.9,810.0,1162,0,66,13323.3
583.953,100.9,810.0,1162,3,66,13287.4
584.08,100.9,810.0,1162,4,66,13338.3
584.207,100.9,810.0,1162,4,66,13373.2
584.332,100.9,810.0,1162,0,66,13500.1
584.458,100.9,810.0,1162,0,66,13483.2
584.605,97.6,810.0,1162,3,66,13075.1
584.725,283.1,810.0,1162,8,66,13096.8
584.849,412.6,810.0,1162,8,66,13117.5
584.968,542.1,810.0,1162,10,66,13139.2
585.087,127.0,810.0,1162,38,68,13141.5
585.206,127.0,810.0,1162,38,72,13131.4
585.325,127.0,810.0,1162,100,70,13125.2
585.444,288.0,810.0,1162,47,67,13146.8
585.563,417.5,810.0,1162,47,67,13169.6
585.682,417.5,810.0,1162,12,66,13197.9
585.801,547.0,810.0,1162,7,66,13229.0
585.92,127.9,810.0,1162,41,68,13230.6
586.041,127.9,810.0,1162,41,72,13221.9
586.163,127.9,810.0,1162,100,70,13215.9
586.282,288.9,810.0,1162,48,67,13242.0
586.401,288.9,810.0,1162,7,67,13269.5
586.52,418.4,810.0,1162,7,67,13295.5
586.639,547.9,810.0,1162,10,66,13318.7
586.759,128.8,810.0,1162,45,68,13313.2
586.878,128.8,810.0,1162,45,72,13303.1
586.996,132.3,810.0,1162,100,69,13296.7
587.117,419.3,810.0,1162,44,67,13310.0
587.236,548.8,810.0,1162,44,67,13331.3
587.356,129.7,810.0,1162,13,68,13334.6
587.475,129.7,810.0,1162,73,72,13324.5
587.595,129.7,810.0,1162,100,70,13316.6
587.714,290.7,810.0,1162,100,67,13333.6
587.833,420.2,810.0,1162,13,66,13354.3
587.952,549.7,810.0,1162,9,66,13367.9
588.072,130.6,810.0,1162,9,67,13371.6
588.191,130.6,810.0,1162,46,72,13361.4
588.311,130.6,810.0,1162,100,70,13351.3
588.43,291.7,810.0,1162,42,67,13368.7
588.55,421.2,810.0,1162,42,66,13384.6
588.671,550.7,810.0,1162,12,66,13406.4
588.79,550.7,810.0,1162,8,66,13425.7
588.909,131.6,810.0,1162,8,69,13416.7
589.028,131.6,810.0,1162,76,72,13406.1
589.153,163.1,810.0,1162,100,68,13412.3
589.273,292.6,810.0,1162,9,67,13433.6
589.393,422.1,810.0,1162,6,66,13427.9
589.663,551.6,810.0,1162,2,66,13394.4
589.956,551.6,810.0,1162,5,66,13375.9
590.261,132.5,810.0,1162,63,69,13365.1
590.39,132.5,810.0,1162,63,72,13355.1
590.511,164.0,810.0,1162,100,67,13353.2
590.67,293.5,810.0,1162,3,66,13325.9
590.972,423.0,810.0,1162,6,66,13300.6
591.259,552.5,810.0,1162,1,66,13267.7
591.593,552.5,810.0,1162,1,66,13236.3
591.918,133.4,810.0,1162,52,72,13217.0
592.11,133.4,810.0,1162,100,71,13206.6
592.235,294.4,810.0,1162,29,67,13195.4
592.466,294.4,810.0,1162,5,66,13160.8
592.794,423.9,810.0,1162,1,66,13129.6
593.102,423.9,810.0,1162,1,66,13096.3
593.438,553.4,810.0,1162,4,66,13064.4
593.765,134.3,810.0,1162,35,70,13046.0
594.039,134.3,810.0,1162,100,68,13039.3
594.177,295.3,810.0,1162,50,67,12996.6
594.299,424.8,810.0,1162,8,67,12532.6
594.418,554.3,810.0,1162,8,66,12434.9
594.536,583.5,810.0,1162,8,68,12454.0
594.654,135.3,810.0,1162,58,71,12454.0
594.772,135.3,810.0,1162,58,71,12454.0
594.89,166.8,810.0,1162,100,68,12470.6
595.009,296.3,810.0,1162,24,67,12498.3
595.127,296.3,810.0,1162,8,66,12528.1
595.245,425.8,810.0,1162,8,66,12563.8
595.363,425.8,810.0,1162,5,66,12595.5
595.48,555.3,810.0,1162,5,66,12619.2
595.598,555.3,810.0,1162,5,66,12645.2
595.716,136.2,810.0,1162,8,66,12654.2
595.835,136.2,810.0,1162,84,69,12586.3
595.956,136.2,810.0,1162,100,69,12584.6
596.074,167.7,810.0,1162,100,66,12608.0
596.193,297.2,810.0,1162,22,66,12638.0
596.311,297.2,810.0,1162,5,65,12661.7
596.429,426.7,810.0,1162,5,65,12511.2
596.547,556.2,810.0,1162,6,65,12538.0
596.666,556.2,810.0,1162,10,65,12566.2
596.784,137.1,810.0,1162,44,66,12580.4
596.904,137.1,810.0,1162,44,71,12580.4
597.021,137.1,810.0,1162,100,69,12582.9
597.139,298.1,810.0,1162,43,67,12600.6
597.257,298.1,810.0,1162,43,66,12622.3
597.375,427.6,810.0,1162,6,66,12645.4
597.495,427.6,810.0,1162,5,66,12669.6
597.612,557.1,810.0,1162,5,66,12486.8
597.732,138.0,810.0,1162,9,68,12466.8
597.85,138.0,810.0,1162,62,71,12466.8
597.975,138.0,810.0,1162,100,70,12466.8
598.093,299.0,810.0,1162,100,67,12486.7
598.211,299.0,810.0,1162,23,66,12504.1
598.329,428.5,810.0,1162,8,66,12519.8
598.447,558.0,810.0,1162,8,65,12542.7
598.565,138.9,810.0,1162,8,67,12564.0
598.683,138.9,810.0,1162,64,71,12564.0
598.801,138.9,810.0,1162,100,70,12564.0
598.923,170.4,810.0,1162,100,67,12590.4
599.041,299.9,810.0,1162,21,66,12613.4
599.159,299.9,810.0,1162,7,65,12634.5
599.277,429.4,810.0,1162,7,65,12657.4
599.394,558.9,810.0,1162,6,65,12676.7
599.514,139.9,810.0,1162,9,66,12691.5
599.633,139.9,810.0,1162,83,69,12683.4
599.753,139.9,810.0,1162,83,70,12673.7
599.873,171.4,810.0,1162,95,67,12685.8
599.993,300.9,810.0,1162,7,66,12713.9
600.112,430.4,810.0,1162,7,65,12736.5
600.231,559.9,810.0,1162,9,65,12758.4
600.349,559.9,810.0,1162,8,65,12779.2
600.468,140.8,810.0,1162,63,68,12773.8
600.588,140.8,810.0,1162,63,71,12763.7
600.709,140.8,810.0,1162,100,68,12760.9
600.828,301.8,810.0,1162,22,66,12772.2
600.948,431.3,810.0,1162,22,66,12790.5
601.068,560.8,810.0,1162,9,65,12812.5
601.187,141.7,810.0,1162,10,67,12832.0
601.307,141.7,810.0,1162,88,70,12821.7
601.43,141.7,810.0,1162,88,71,12811.8
601.549,302.7,810.0,1162,88,67,12829.4
601.669,432.2,810.0,1162,11,66,12852.1
601.788,432.2,810.0,1162,11,66,12869.9
601.908,561.7,810.0,1162,8,66,12891.7
602.027,142.6,810.0,1162,28,68,12888.8
602.147,142.6,810.0,1162,100,71,12879.1
602.266,142.6,810.0,1162,100,68,12879.8
602.386,303.6,810.0,1162,5,66,12891.0
602.598,433.1,810.0,1162,5,66,12870.2
602.927,433.1,810.0,1162,3,66,12849.6
603.27,562.6,810.0,1162,3,66,12717.5
603.39,143.6,810.0,1162,7,67,12723.9
603.509,143.6,810.0,1162,87,71,12723.2
603.63,143.6,810.0,1162,87,71,12629.6
603.749,304.6,810.0,1162,87,67,12213.5
603.868,304.6,810.0,1162,7,66,12238.2
603.986,434.1,810.0,1162,8,66,12265.5
604.105,563.6,810.0,1162,8,66,12297.7
604.224,563.6,810.0,1162,9,66,12324.9
604.342,144.5,810.0,1162,48,68,12329.1
604.46,144.5,810.0,1162,48,71,12329.1
604.578,144.5,810.0,1162,100,68,12340.6
604.695,305.5,810.0,1162,36,66,12346.4
604.815,435.0,810.0,1162,8,66,12350.0
604.941,435.0,810.0,1162,8,65,12376.8
605.06,435.0,810.0,1162,6,65,12379.0
605.18,435.0,810.0,1162,2,65,12367.2
605.299,564.5,810.0,1162,2,65,12353.8
605.419,564.5,810.0,1162,1,65,12340.2
605.538,564.5,810.0,1162,2,65,12327.1
605.66,564.5,810.0,1162,3,65,12319.3
605.78,564.5,810.0,1162,3,65,12310.6
605.9,145.4,810.0,1162,3,66,12306.0
606.019,145.4,810.0,1162,90,69,12296.0
606.138,145.4,810.0,1162,90,71,12286.3
606.257,306.4,810.0,1162,91,67,12292.9
606.376,435.9,810.0,1162,11,66,12297.6
606.495,146.3,810.0,1162,31,68,12296.2
606.614,146.3,810.0,1162,31,71,12286.4
606.733,146.3,810.0,1162,100,70,12276.4
606.852,307.3,810.0,1162,58,67,12276.9
606.972,566.3,810.0,1162,58,66,12277.9
607.093,147.2,810.0,1162,17,67,12273.7
607.211,147.2,810.0,1162,92,71,12273.7
607.329,147.2,810.0,1162,92,68,12275.7
607.45,437.7,810.0,1162,86,66,12285.4
607.568,437.7,810.0,1162,13,66,12318.3
607.685,567.2,810.0,1162,8,66,12352.5
607.807,567.2,810.0,1162,8,66,12368.3
607.926,148.2,810.0,1162,4,67,12362.8
608.044,148.2,810.0,1162,83,71,12354.6
608.165,148.2,810.0,1162,83,69,12356.4
608.283,179.7,810.0,1162,90,66,12376.7
608.402,309.2,810.0,1162,5,66,12395.8
608.522,309.2,810.0,1162,5,66,12395.8
608.641,438.7,810.0,1162,5,66,12394.3
608.76,438.7,810.0,1162,5,66,12409.7
608.879,568.2,810.0,1162,5,66,12416.2
608.999,149.1,810.0,1162,5,67,12256.9
609.117,149.1,810.0,1162,37,71,11930.8
609.235,149.1,810.0,1162,100,70,11930.8
609.353,180.6,810.0,1162,47,67,11977.6
609.474,310.1,810.0,1162,47,66,11963.8
609.593,439.6,810.0,1162,8,66,11909.8
609.711,569.1,810.0,1162,9,66,11872.7
609.829,569.1,810.0,1162,9,66,11817.0
609.949,150.0,810.0,1162,7,67,11765.6
610.067,150.0,810.0,1162,91,71,11765.6
610.186,150.0,810.0,1162,84,68,11770.2
610.306,311.0,810.0,1162,84,66,11727.1
610.424,440.5,810.0,1162,8,66,11687.0
610.543,440.5,810.0,1162,8,66,11684.7
610.661,570.0,810.0,1162,8,66,11640.9
610.78,150.9,810.0,1162,9,67,11631.3
610.898,150.9,810.0,1162,67,71,11631.3
611.016,150.9,810.0,1162,67,70,11631.3
611.134,311.9,810.0,1162,100,66,11625.5
611.252,311.9,810.0,1162,16,66,11601.3
611.372,441.4,810.0,1162,7,65,11565.3
611.49,570.9,810.0,1162,7,65,11566.2
611.608,101.8,810.0,1162,11,67,11579.0
611.726,101.8,810.0,1162,76,70,11579.0
611.844,101.8,810.0,1162,76,70,11579.0
611.962,101.8,810.0,1162,100,66,11676.3
612.086,101.8,810.0,1162,4,66,11732.4
612.21,101.8,810.0,1162,2,65,11772.5
612.336,101.8,810.0,1162,2,65,11816.2
612.461,101.8,810.0,1162,0,65,11926.0
612.588,101.8,810.0,1162,2,65,11877.7
612.712,101.8,810.0,1162,2,65,11926.8
612.839,101.8,810.0,1162,2,65,11970.0
612.964,101.8,810.0,1162,0,65,12083.5
613.089,101.8,810.0,1162,2,65,12145.8
613.214,101.8,810.0,1162,2,65,12203.2
613.34,101.8,810.0,1162,2,65,12247.3
613.464,101.8,810.0,1162,0,65,12345.0
613.589,101.8,810.0,1162,2,65,12403.1
613.715,101.8,810.0,1162,2,65,12462.4
613.842,101.8,810.0,1162,2,65,12531.0
613.966,101.8,810.0,1162,0,65,12610.1
614.091,101.8,810.0,1162,2,65,12664.5
614.218,101.8,810.0,1162,2,65,12693.4
614.344,101.8,810.0,1162,2,65,12805.8
614.468,101.8,810.0,1162,0,65,12862.4
614.592,101.8,810.0,1162,2,65,12908.3
614.719,101.8,810.0,1162,2,65,12948.6
614.843,101.8,810.0,1162,2,65,13025.2
614.97,101.8,810.0,1162,0,65,12972.2
615.097,101.8,810.0,1162,2,65,13004.7
615.222,101.8,810.0,1162,2,65,13004.8
615.346,101.8,810.0,1162,2,65,13037.3
615.472,101.8,810.0,1162,0,65,13071.8
615.597,101.8,810.0,1162,2,65,13115.2
615.725,101.8,810.0,1162,2,65,13208.5
615.849,101.8,810.0,1162,2,65,13265.6
615.976,101.8,810.0,1162,0,65,13317.9
616.102,101.8,810.0,1162,2,65,13320.0
616.23,101.8,810.0,1162,2,65,13256.7
616.356,101.8,810.0,1162,2,65,13251.2
616.48,101.8,810.0,1162,0,65,13458.5
616.609,93.3,810.0,1162,2,65,12647.1
616.727,129.4,810.0,1162,3,65,12680.2
616.844,283.4,810.0,1162,3,65,12703.6
616.962,412.9,810.0,1162,9,65,12726.9
617.08,542.4,810.0,1162,11,65,12749.9
617.198,542.4,810.0,1162,11,65,12774.0
617.317,127.4,810.0,1162,20,66,12774.0
617.434,127.4,810.0,1162,100,69,12774.0
617.552,127.4,810.0,1162,88,68,12779.2
617.671,288.4,810.0,1162,88,66,12803.9
617.789,288.4,810.0,1162,8,65,12828.5
617.907,417.9,810.0,1162,7,65,12855.6
618.025,547.4,810.0,1162,7,65,12884.6
618.144,547.4,810.0,1162,8,65,12914.2
618.262,128.3,810.0,1162,13,66,12928.3
618.379,128.3,810.0,1162,100,70,12928.3
618.5,128.3,810.0,1162,100,70,12928.7
618.621,289.3,810.0,1162,70,66,12956.0
618.739,289.3,810.0,1162,6,66,12984.0
618.857,418.8,810.0,1162,6,66,13012.1
618.975,418.8,810.0,1162,6,65,13039.2
619.093,548.3,810.0,1162,9,65,13064.7
619.211,129.3,810.0,1162,9,67,13074.3
619.328,129.3,810.0,1162,42,71,13074.3
619.446,129.3,810.0,1162,100,70,13074.3
619.564,290.3,810.0,1162,48,66,13088.5
619.683,419.8,810.0,1162,48,66,13111.5
619.801,549.3,810.0,1162,9,66,13137.0
619.919,549.3,810.0,1162,8,65,13162.6
620.036,130.2,810.0,1162,8,69,13163.4
620.154,130.2,810.0,1162,81,71,13163.4
620.271,130.2,810.0,1162,96,67,13172.4
620.389,291.2,810.0,1162,96,66,13195.6
620.507,420.7,810.0,1162,7,66,13219.7
620.624,420.7,810.0,1162,11,65,13241.7
620.742,550.2,810.0,1162,8,65,13258.3
620.86,131.1,810.0,1162,8,66,13265.9
620.977,131.1,810.0,1162,67,70,13265.9
621.096,131.1,810.0,1162,100,70,13268.1
621.213,292.1,810.0,1162,100,66,13288.4
621.331,292.1,810.0,1162,17,65,13309.6
621.449,421.6,810.0,1162,7,65,13330.2
621.566,551.1,810.0,1162,10,65,13358.6
621.684,551.1,810.0,1162,10,65,13316.8
621.804,132.0,810.0,1162,28,67,13304.4
621.923,132.0,810.0,1162,100,70,13296.0
622.042,132.0,810.0,1162,100,67,13298.9
622.162,293.0,810.0,1162,61,66,13321.3
622.28,422.5,810.0,1162,7,65,13348.1
622.4,422.5,810.0,1162,7,65,13376.2
622.518,552.0,810.0,1162,7,65,13406.4
622.637,132.9,810.0,1162,27,69,13400.1
622.755,132.9,810.0,1162,100,70,13390.1
622.874,132.9,810.0,1162,100,67,13391.9
622.992,294.0,810.0,1162,60,66,13414.0
623.111,423.5,810.0,1162,12,65,13429.4
623.23,553.0,810.0,1162,12,65,13455.8
623.349,553.0,810.0,1162,7,65,13485.4
623.468,133.9,810.0,1162,31,69,13477.3
623.588,133.9,810.0,1162,100,70,13467.7
623.707,137.4,810.0,1162,100,67,13471.3
623.827,294.9,810.0,1162,53,66,13494.3
623.946,424.4,810.0,1162,8,66,13523.2
624.065,553.9,810.0,1162,8,65,13550.1
624.184,553.9,810.0,1162,5,65,13565.1
624.369,134.8,810.0,1162,68,71,13539.6
624.612,134.8,810.0,1162,100,68,13535.7
624.733,295.8,810.0,1162,14,65,13531.8
624.983,425.3,810.0,1162,7,65,13505.1
625.281,554.8,810.0,1162,2,65,13476.4
625.582,554.8,810.0,1162,1,67,13444.0
625.904,135.7,810.0,1162,1,70,13433.8
626.028,135.7,810.0,1162,95,70,13424.0
626.149,296.7,810.0,1162,3,66,13413.7
626.391,296.7,810.0,1162,4,65,13359.0
626.772,426.2,810.0,1162,1,65,13335.3
627.084,426.2,810.0,1162,1,65,13299.6
627.429,555.7,810.0,1162,4,65,13265.0
627.77,555.7,810.0,1162,23,68,13231.1
628.107,136.6,810.0,1162,54,67,13195.3
628.385,168.1,810.0,1162,3,65,13166.0
628.697,297.6,810.0,1162,0,65,13112.7
629.049,427.1,810.0,1162,7,65,13104.7
629.293,427.1,810.0,1162,1,65,13074.6
629.613,556.6,810.0,1162,1,65,13044.9
629.959,137.6,810.0,1162,24,70,13028.8
630.208,137.6,810.0,1162,100,68,13020.6
630.339,298.6,810.0,1162,5,66,12998.5
630.608,428.1,810.0,1162,6,65,12973.5
630.859,428.1,810.0,1162,2,65,12971.1
630.988,557.6,810.0,1162,7,65,12664.5
631.109,138.5,810.0,1162,62,68,12538.6
631.248,138.5,810.0,1162,62,70,12452.1
631.365,142.0,810.0,1162,100,68,12460.3
631.483,299.5,810.0,1162,36,66,12480.1
631.602,429.0,810.0,1162,12,66,12508.2
631.721,558.5,810.0,1162,12,65,12527.2
631.839,558.5,810.0,1162,8,65,12554.6
631.958,139.4,810.0,1162,51,67,12558.1
632.076,139.4,810.0,1162,51,71,12558.1
632.194,139.4,810.0,1162,100,68,12566.0
632.312,300.4,810.0,1162,32,66,12591.7
632.431,300.4,810.0,1162,32,65,12615.1
632.549,429.9,810.0,1162,5,65,12639.3
632.668,429.9,810.0,1162,9,65,12668.0
632.786,559.4,810.0,1162,6,65,12701.4
632.905,140.3,810.0,1162,6,66,12655.1
633.029,140.3,810.0,1162,50,70,12647.7
633.151,140.3,810.0,1162,100,70,12637.6
633.271,301.3,810.0,1162,100,66,12654.4
633.391,301.3,810.0,1162,37,65,12678.0
633.51,430.8,810.0,1162,6,65,12699.3
633.629,560.3,810.0,1162,10,65,12719.3
633.75,560.3,810.0,1162,10,65,12737.8
633.87,141.2,810.0,1162,6,66,12737.8
633.989,141.2,810.0,1162,93,70,12727.9
634.108,141.2,810.0,1162,93,69,12720.0
634.227,302.3,810.0,1162,87,66,12731.2
634.347,431.8,810.0,1162,7,66,12745.6
634.466,431.8,810.0,1162,7,65,12762.7
634.587,561.3,810.0,1162,7,65,12781.6
634.706,142.2,810.0,1162,10,66,12780.4
634.827,142.2,810.0,1162,88,71,12770.6
634.948,142.2,810.0,1162,86,68,12764.6
635.068,303.2,810.0,1162,86,66,12776.5
635.188,432.7,810.0,1162,12,66,12791.4
635.308,562.2,810.0,1162,8,65,12808.8
635.428,562.2,810.0,1162,8,65,12827.8
635.548,143.1,810.0,1162,18,69,12818.7
635.668,143.1,810.0,1162,100,71,12808.7
635.788,174.6,810.0,1162,65,67,12815.2
635.911,304.1,810.0,1162,65,66,12838.7
636.031,433.6,810.0,1162,6,65,12832.7
636.281,433.6,810.0,1162,4,65,12814.9
636.405,563.1,810.0,1162,4,65,12366.6
636.524,144.0,810.0,1162,16,67,12372.1
636.642,144.0,810.0,1162,100,71,12372.1
636.76,144.0,810.0,1162,100,69,12378.6
636.877,305.0,810.0,1162,67,66,12404.5
636.995,305.0,810.0,1162,6,66,12428.0
637.113,434.5,810.0,1162,6,65,12450.0
637.231,564.0,810.0,1162,10,65,12465.3
637.349,564.0,810.0,1162,7,65,12485.3
637.467,144.9,810.0,1162,68,69,12485.4
637.585,144.9,810.0,1162,68,70,12485.4
637.704,148.4,810.0,1162,100,67,12497.5
637.821,305.9,810.0,1162,18,66,12538.1
637.94,435.4,810.0,1162,18,65,12561.0
638.058,564.9,810.0,1162,10,65,12450.8
638.178,145.9,810.0,1162,15,66,12451.2
638.296,145.9,810.0,1162,100,70,12451.2
638.414,145.9,810.0,1162,100,70,12451.2
638.531,306.9,810.0,1162,72,66,12464.7
638.649,436.4,810.0,1162,12,66,12480.9
638.766,565.9,810.0,1162,12,66,12491.6
638.885,146.8,810.0,1162,11,67,12497.7
639.003,146.8,810.0,1162,78,71,12497.7
639.12,146.8,810.0,1162,78,69,12497.7
639.238,307.8,810.0,1162,100,66,12506.9
639.355,437.3,810.0,1162,12,66,12515.8
639.474,566.8,810.0,1162,13,65,12526.0
639.592,147.7,810.0,1162,13,68,12526.9
639.712,147.7,810.0,1162,88,71,12526.9
639.833,179.2,810.0,1162,90,67,12530.8
639.952,438.2,810.0,1162,90,66,12543.6
640.07,438.2,810.0,1162,13,65,12575.5
640.189,567.7,810.0,1162,8,65,12608.2
640.307,148.6,810.0,1162,21,67,12356.8
640.425,148.6,810.0,1162,21,70,12356.8
640.543,148.6,810.0,1162,100,70,12356.8
640.661,180.1,810.0,1162,65,67,12376.8
640.779,309.6,810.0,1162,65,66,12406.0
640.897,309.6,810.0,1162,6,65,12433.8
641.015,439.1,810.0,1162,7,65,12458.1
641.132,568.6,810.0,1162,7,65,12466.5
641.25,568.6,810.0,1162,9,65,12487.7
641.368,149.5,810.0,1162,45,70,12487.7
641.486,149.5,810.0,1162,100,69,12487.7
641.604,181.1,810.0,1162,100,67,12503.4
641.722,310.6,810.0,1162,42,65,12469.0
641.841,440.1,810.0,1162,6,65,12494.6
641.959,440.1,810.0,1162,6,65,12491.5
642.077,582.7,810.0,1162,11,65,12504.0
642.195,150.5,810.0,1162,56,70,12504.0
642.312,150.5,810.0,1162,100,69,12504.0
642.433,182.0,810.0,1162,100,66,12513.9
642.551,311.5,810.0,1162,33,65,12529.4
642.669,441.0,810.0,1162,10,65,12546.2
642.787,441.0,810.0,1162,10,65,12564.4
642.906,570.5,810.0,1162,6,64,12581.2
643.024,151.4,810.0,1162,8,65,12591.8
643.142,151.4,810.0,1162,8,68,12591.8
643.26,151.4,810.0,1162,98,69,12591.8
643.377,182.9,810.0,1162,83,66,12603.9
643.496,312.4,810.0,1162,8,65,12620.8
643.614,441.9,810.0,1162,8,65,12581.4
643.734,571.4,810.0,1162,9,65,12507.2
643.852,102.2,810.0,1162,11,67,12496.2
643.971,102.2,810.0,1162,11,71,12496.2
644.09,102.2,810.0,1162,100,69,12496.2
644.208,102.2,810.0,1162,74,66,12589.1
644.331,102.2,810.0,1162,0,65,12632.3
644.455,102.2,810.0,1162,0,65,12682.1
644.578,102.2,810.0,1162,2,65,12718.2
644.702,102.2,810.0,1162,2,65,12731.1
644.842,102.2,810.0,1162,0,65,12766.8
644.968,102.2,810.0,1162,0,65,12782.2
645.096,102.2,810.0,1162,2,65,12800.3
645.223,102.2,810.0,1162,2,65,12833.8
645.349,102.2,810.0,1162,0,65,12895.5
645.476,102.2,810.0,1162,0,65,12922.6
645.602,102.2,810.0,1162,2,65,12951.4
645.729,102.2,810.0,1162,2,65,12978.9
645.855,102.2,810.0,1162,0,65,12974.0
645.984,102.2,810.0,1162,0,65,13053.7
646.111,102.2,810.0,1162,2,65,13082.6
646.238,102.2,810.0,1162,2,65,13116.6
646.364,102.2,810.0,1162,0,65,13139.9
646.507,102.2,810.0,1162,2,65,13165.1
646.636,102.2,810.0,1162,2,65,13186.8
646.762,102.2,810.0,1162,2,65,13246.2
646.932,102.2,810.0,1162,2,65,13255.6
647.173,102.2,810.0,1162,2,65,13260.7
647.366,102.2,810.0,1162,0,65,13270.3
647.608,102.2,810.0,1162,2,65,13278.2
647.82,102.2,810.0,1162,2,65,13278.5
647.954,102.2,810.0,1162,2,65,13291.8
648.21,102.2,810.0,1162,2,65,13226.3
648.754,102.2,810.0,1162,0,65,13226.9
649.013,102.2,810.0,1162,2,65,13190.1
649.398,102.2,810.0,1162,0,65,13165.4
649.612,102.2,810.0,1162,2,65,13180.0
649.74,102.2,810.0,1162,2,65,13137.4
649.867,102.2,810.0,1162,0,65,12790.0
650.011,102.2,810.0,1162,2,65,12495.9
650.138,102.2,810.0,1162,2,65,12552.6
650.264,102.2,810.0,1162,2,65,12583.8
650.391,102.2,810.0,1162,0,65,12713.3
650.515,102.2,810.0,1162,2,65,12766.8
650.64,102.2,810.0,1162,2,65,12810.3
650.766,102.2,810.0,1162,2,65,12852.7
650.893,102.2,810.0,1162,0,65,12972.7
651.017,102.2,810.0,1162,2,65,13034.3
651.143,102.2,810.0,1162,2,65,13078.5
651.268,102.2,810.0,1162,2,65,13120.4
651.393,102.2,810.0,1162,0,65,13192.8
651.519,102.2,810.0,1162,2,65,13224.4
651.641,102.2,810.0,1162,2,65,13407.0
651.768,93.3,810.0,1162,2,65,12352.8
651.886,99.2,810.0,1162,0,66,12378.7
652.004,284.8,810.0,1162,0,65,12416.3
652.123,414.3,810.0,1162,9,65,12455.8
652.241,543.8,810.0,1162,11,65,12482.8
652.359,543.8,810.0,1162,8,66,12509.1
652.477,130.1,830.0,1182,8,67,12513.0
652.595,130.1,830.0,1182,93,69,12513.0
652.713,130.1,830.0,1182,100,70,12513.0
652.831,130.1,830.0,1182,100,70,12513.0
652.949,130.1,830.0,1182,100,69,12513.1
653.067,291.1,830.0,1182,57,67,12544.0
653.185,291.1,830.0,1182,57,66,12570.6
653.303,420.6,830.0,1182,9,66,12604.5
653.421,550.1,830.0,1182,6,66,12636.4
653.54,550.1,830.0,1182,8,66,12674.1
653.657,131.0,850.0,1202,8,67,12679.1
653.775,131.0,850.0,1202,84,69,12679.1
653.892,131.0,850.0,1202,100,70,12679.1
654.01,131.0,850.0,1202,100,69,12679.1
654.127,131.0,850.0,1202,100,69,12679.1
654.245,292.0,850.0,1202,69,67,12707.5
654.363,292.0,850.0,1202,6,66,12734.9
654.481,421.5,850.0,1202,6,66,12767.7
654.599,421.5,850.0,1202,8,66,12801.9
654.717,551.0,850.0,1202,8,65,12832.1
654.835,131.9,850.0,1202,8,67,12840.2
654.954,131.9,850.0,1202,64,69,12840.2
655.072,131.9,850.0,1202,100,70,12840.2
655.19,131.9,850.0,1202,100,70,12840.2
655.307,131.9,850.0,1202,100,69,12840.2
655.425,292.9,850.0,1202,83,67,12848.2
655.544,422.4,850.0,1202,12,66,12877.6
655.661,422.4,850.0,1202,12,66,12903.4
655.779,551.9,850.0,1202,10,65,12935.8
655.901,132.8,850.0,1202,41,67,12944.1
656.019,132.8,850.0,1202,41,69,12944.1
656.136,132.8,850.0,1202,100,70,12944.1
656.254,132.8,850.0,1202,100,70,12944.1
656.372,132.8,850.0,1202,100,69,12944.1
656.489,293.9,850.0,1202,100,66,12968.6
656.607,293.9,850.0,1202,12,66,12994.8
656.725,423.4,850.0,1202,9,66,13022.3
656.843,552.9,850.0,1202,9,65,13043.1
656.96,552.9,850.0,1202,9,66,13066.3
657.078,133.8,850.0,1202,58,68,13066.3
657.197,133.8,850.0,1202,58,69,13066.3
657.314,133.8,850.0,1202,100,70,13066.3
657.431,133.8,850.0,1202,100,69,13066.3
657.549,133.8,850.0,1202,90,69,13073.3
657.667,294.8,850.0,1202,90,66,13106.6
657.785,294.8,850.0,1202,9,66,13128.1
657.903,424.3,850.0,1202,6,66,13152.9
658.021,553.8,850.0,1202,6,65,13171.1
658.14,553.8,850.0,1202,8,65,13199.6
658.266,134.7,850.0,1202,38,66,13190.8
658.385,134.7,850.0,1202,100,69,13180.6
658.504,134.7,850.0,1202,100,70,13170.6
658.624,134.7,850.0,1202,100,69,13160.6
658.743,134.7,850.0,1202,100,69,13152.6
658.862,295.7,850.0,1202,100,66,13175.2
658.982,425.2,850.0,1202,17,66,13197.5
659.101,425.2,850.0,1202,11,66,13227.2
659.221,554.7,850.0,1202,7,66,13256.5
659.34,135.6,850.0,1202,7,67,13263.2
659.459,135.6,850.0,1202,64,69,13253.0
659.577,135.6,850.0,1202,100,70,13242.9
659.697,135.6,850.0,1202,100,69,13232.7
659.815,135.6,850.0,1202,100,69,13222.5
659.934,167.1,850.0,1202,83,67,13232.6
660.052,296.6,850.0,1202,12,66,13252.2
660.171,426.1,850.0,1202,12,66,13271.2
660.29,555.6,850.0,1202,8,66,13300.6
660.409,136.5,850.0,1202,10,67,13318.3
660.527,136.5,850.0,1202,10,69,13308.0
660.646,136.5,850.0,1202,100,69,13297.7
660.765,136.5,850.0,1202,100,70,13287.5
660.883,136.5,850.0,1202,100,68,13278.9
661.003,136.5,850.0,1202,100,68,13273.8
661.122,297.5,850.0,1202,57,66,13297.0
661.24,427.0,850.0,1202,9,66,13324.8
661.359,427.0,850.0,1202,9,66,13352.7
661.479,556.5,850.0,1202,6,66,13379.5
661.599,137.5,850.0,1202,13,67,13389.3
661.718,137.5,850.0,1202,13,69,13379.0
661.837,137.5,850.0,1202,100,70,13368.7
661.957,137.5,850.0,1202,100,70,13358.4
662.076,137.5,850.0,1202,100,69,13348.2
662.196,298.5,850.0,1202,100,67,13353.9
662.316,298.5,850.0,1202,44,66,13372.5
662.436,428.0,850.0,1202,8,66,13388.4
662.555,557.5,850.0,1202,8,66,13405.7
662.674,138.4,850.0,1202,11,68,13413.0
662.793,138.4,850.0,1202,65,69,13402.9
662.912,138.4,850.0,1202,100,70,13392.9
663.032,138.4,850.0,1202,100,70,13382.9
663.151,138.4,850.0,1202,100,69,13373.0
663.271,145.4,850.0,1202,88,68,13380.3
663.391,299.4,850.0,1202,6,66,13387.1
663.598,299.4,850.0,1202,4,66,13370.4
663.765,428.9,850.0,1202,1,66,13344.8
664.084,428.9,850.0,1202,1,66,13311.0
664.423,558.4,850.0,1202,2,66,13276.5
664.74,558.4,850.0,1202,1,66,13245.0
665.067,139.3,850.0,1202,66,68,13234.8
665.198,139.3,850.0,1202,66,70,13224.7
665.317,139.3,850.0,1202,100,71,13214.5
665.437,139.3,850.0,1202,100,70,13204.3
665.556,139.3,850.0,1202,100,69,13198.2
665.677,300.3,850.0,1202,84,66,13204.3
665.833,300.3,850.0,1202,2,66,13172.3
666.139,300.3,850.0,1202,1,66,13133.5
666.48,429.8,850.0,1202,4,66,13100.8
666.796,559.3,850.0,1202,1,66,13065.9
667.124,559.3,850.0,1202,9,67,13036.5
667.453,140.2,850.0,1202,100,70,13026.0
667.577,140.2,850.0,1202,100,70,13015.6
667.7,140.2,850.0,1202,100,70,13005.5
667.82,140.2,850.0,1202,100,69,12998.5
667.94,301.2,850.0,1202,42,67,13006.4
668.078,430.7,850.0,1202,8,66,12992.9
668.33,430.7,850.0,1202,3,66,12580.4
668.449,560.2,850.0,1202,7,66,12237.7
668.567,141.1,850.0,1202,7,67,12241.4
668.686,141.1,850.0,1202,72,70,12241.4
668.803,141.1,850.0,1202,100,70,12241.4
668.921,141.1,850.0,1202,100,70,12241.4
669.039,141.1,850.0,1202,100,70,12241.4
669.156,302.2,850.0,1202,82,67,12263.4
669.274,302.2,850.0,1202,7,66,12283.7
669.392,431.7,850.0,1202,7,66,12307.5
669.511,561.2,850.0,1202,8,66,12328.4
669.629,561.2,850.0,1202,10,66,12358.7
669.747,142.1,850.0,1202,10,67,12361.6
669.865,142.1,850.0,1202,67,70,12361.6
669.982,142.1,850.0,1202,100,70,12361.6
670.1,142.1,850.0,1202,100,70,12361.6
670.217,142.1,850.0,1202,100,69,12361.6
670.335,173.6,850.0,1202,83,67,12387.9
670.453,303.1,850.0,1202,5,66,12412.2
670.571,303.1,850.0,1202,5,66,12439.2
670.689,432.6,850.0,1202,9,66,12463.4
670.808,432.6,850.0,1202,5,66,12489.0
670.926,562.1,850.0,1202,6,66,12519.1
671.044,143.0,850.0,1202,6,67,12546.4
671.162,143.0,850.0,1202,44,68,12546.4
671.28,143.0,850.0,1202,100,70,12546.4
671.398,143.0,850.0,1202,100,70,12546.4
671.516,143.0,850.0,1202,100,69,12546.4
671.634,143.0,850.0,1202,100,68,12553.0
671.751,304.0,850.0,1202,100,67,12575.4
671.869,304.0,850.0,1202,15,66,12599.1
671.987,304.0,850.0,1202,4,66,12621.4
672.105,433.5,850.0,1202,8,66,12643.3
672.223,433.5,850.0,1202,8,66,12663.7
672.341,563.0,850.0,1202,6,66,12684.5
672.459,563.0,850.0,1202,5,66,12670.7
672.586,143.9,850.0,1202,5,67,12577.5
672.703,143.9,850.0,1202,81,69,12566.2
672.821,143.9,850.0,1202,100,70,12566.2
672.939,143.9,850.0,1202,100,70,12566.2
673.057,143.9,850.0,1202,100,69,12566.2
673.175,175.4,850.0,1202,85,67,12580.1
673.294,304.9,850.0,1202,6,66,12595.9
673.412,434.4,850.0,1202,6,66,12614.6
673.529,434.4,850.0,1202,6,66,12635.1
673.648,563.9,850.0,1202,9,66,12655.7
673.766,563.9,850.0,1202,6,65,12678.1
673.884,144.8,850.0,1202,6,67,12678.5
674.001,144.8,850.0,1202,95,69,12678.5
674.119,144.8,850.0,1202,100,70,12678.5
674.236,144.8,850.0,1202,100,69,12678.5
674.353,144.8,850.0,1202,100,69,12678.5
674.471,305.8,850.0,1202,59,67,12695.4
674.59,305.8,850.0,1202,59,66,12641.2
674.709,435.3,850.0,1202,11,66,12475.7
674.827,564.8,850.0,1202,7,66,12500.3
674.945,564.8,850.0,1202,6,66,12525.4
675.063,145.8,850.0,1202,6,67,12526.0
675.18,145.8,850.0,1202,94,70,12526.0
675.298,145.8,850.0,1202,100,70,12526.0
675.415,145.8,850.0,1202,100,69,12526.0
675.534,145.8,850.0,1202,100,68,12529.5
675.652,306.8,850.0,1202,54,66,12558.4
675.77,306.8,850.0,1202,7,66,12588.8
675.888,436.3,850.0,1202,7,66,12623.6
676.006,565.8,850.0,1202,7,65,12634.0
676.124,565.8,850.0,1202,10,65,12647.7
676.242,146.7,850.0,1202,10,67,12609.2
676.36,146.7,850.0,1202,89,70,12608.1
676.49,146.7,850.0,1202,100,70,12606.7
676.618,146.7,850.0,1202,100,69,12596.7
676.737,146.7,850.0,1202,100,68,12594.5
676.856,307.7,850.0,1202,62,66,12618.2
676.975,437.2,850.0,1202,7,66,12635.8
677.095,437.2,850.0,1202,7,66,12643.3
677.215,566.7,850.0,1202,10,66,12649.5
677.333,147.6,850.0,1202,18,67,12645.4
677.452,147.6,850.0,1202,100,69,12635.4
677.571,147.6,850.0,1202,100,70,12625.5
677.69,147.6,850.0,1202,100,70,12615.6
677.808,147.6,850.0,1202,100,69,12605.1
677.927,308.6,850.0,1202,100,67,12611.4
678.046,438.1,850.0,1202,39,66,12618.1
678.165,438.1,850.0,1202,12,66,12617.0
678.285,438.1,850.0,1202,1,66,12603.8
678.404,567.6,850.0,1202,1,66,12593.3
678.524,567.6,850.0,1202,1,66,12582.1
678.643,567.6,850.0,1202,4,66,12569.1
678.763,567.6,850.0,1202,4,66,12556.2
678.882,567.6,850.0,1202,1,66,12226.0
679.0,148.5,850.0,1202,46,67,12226.0
679.118,148.5,850.0,1202,100,69,12226.0
679.236,148.5,850.0,1202,100,70,12226.0
679.353,148.5,850.0,1202,100,70,12226.0
679.471,148.5,850.0,1202,100,69,12227.4
679.589,309.5,850.0,1202,100,67,12266.7
679.707,309.5,850.0,1202,16,66,12307.5
679.825,439.0,850.0,1202,7,66,12333.7
679.944,568.5,850.0,1202,7,66,12368.4
680.061,149.4,850.0,1202,9,68,12389.8
680.179,149.4,850.0,1202,68,69,12389.8
680.297,149.4,850.0,1202,100,70,12389.8
680.415,149.4,850.0,1202,100,70,12389.8
680.532,149.4,850.0,1202,100,69,12389.8
680.65,181.0,850.0,1202,81,67,12410.4
680.768,310.5,850.0,1202,81,66,12439.9
680.886,440.0,850.0,1202,10,66,12457.5
681.004,569.5,850.0,1202,7,66,12477.7
681.121,150.4,850.0,1202,20,66,12488.6
681.239,150.4,850.0,1202,20,68,12488.6
681.356,150.4,850.0,1202,100,69,12488.6
681.473,150.4,850.0,1202,100,70,12488.6
681.592,150.4,850.0,1202,100,69,12488.6
681.709,150.4,850.0,1202,100,68,12491.9
681.827,311.4,850.0,1202,41,66,12508.0
681.945,440.9,850.0,1202,41,66,12526.3
682.063,440.9,850.0,1202,8,66,12545.8
682.182,570.4,850.0,1202,8,66,12562.7
682.299,570.4,850.0,1202,5,66,12578.3
682.417,570.4,850.0,1202,5,66,12599.1
682.534,151.3,850.0,1202,20,67,12555.0
682.653,151.3,850.0,1202,100,69,12463.0
682.771,151.3,850.0,1202,100,70,12460.9
682.889,151.3,850.0,1202,100,70,12460.9
683.007,151.3,850.0,1202,100,69,12449.4
683.126,182.8,850.0,1202,100,67,12467.3
683.243,312.3,850.0,1202,40,66,12485.0
683.361,312.3,850.0,1202,5,66,12510.7
683.48,441.8,850.0,1202,6,66,12530.7
683.597,441.8,850.0,1202,6,66,12551.0
683.715,571.3,850.0,1202,7,65,12569.4
683.832,571.3,850.0,1202,4,65,12562.9
683.95,152.2,850.0,1202,4,67,12432.7
684.068,152.2,850.0,1202,25,68,12432.7
684.186,152.2,850.0,1202,100,69,12432.7
684.304,152.2,850.0,1202,100,70,12432.7
684.421,152.2,850.0,1202,100,69,12432.7
684.54,152.2,850.0,1202,100,69,12416.3
684.659,313.2,850.0,1202,35,66,12383.8
684.778,313.2,850.0,1202,35,66,12340.2
684.896,442.7,850.0,1202,6,66,12355.8
685.014,442.7,850.0,1202,6,66,12369.3
685.132,572.2,850.0,1202,6,66,12334.5
685.251,572.2,850.0,1202,7,65,12338.9
685.369,153.1,850.0,1202,31,66,12340.5
685.486,153.1,850.0,1202,100,69,12340.5
685.604,153.1,850.0,1202,100,70,12340.5
685.721,153.1,850.0,1202,100,70,12340.6
685.839,153.1,850.0,1202,100,69,12341.2
685.959,314.1,850.0,1202,100,66,12204.9
686.081,314.1,850.0,1202,22,66,12219.0
686.201,443.6,850.0,1202,9,66,12254.6
686.322,573.1,850.0,1202,6,66,12304.0
686.443,573.1,850.0,1202,6,65,12331.0
686.564,154.1,850.0,1202,8,67,12328.2
686.683,154.1,850.0,1202,93,69,12318.1
686.802,154.1,850.0,1202,93,70,12308.2
686.922,154.1,850.0,1202,100,70,12298.2
687.04,154.1,850.0,1202,100,69,12288.2
687.16,315.1,850.0,1202,53,67,12296.6
687.28,444.6,850.0,1202,53,66,12309.8
687.399,444.6,850.0,1202,8,66,12333.9
687.518,574.1,850.0,1202,9,66,12342.5
687.638,104.9,850.0,1202,9,67,12339.8
687.757,104.9,850.0,1202,23,68,12329.7
687.875,104.9,850.0,1202,100,70,12319.7
687.994,104.9,850.0,1202,100,70,12309.6
688.113,104.9,850.0,1202,100,69,12299.9
688.233,104.9,850.0,1202,100,68,12326.6
688.357,104.9,850.0,1202,29,66,12401.0
688.486,104.9,850.0,1202,2,66,12456.6
688.614,104.9,850.0,1202,2,66,12478.2
688.74,104.9,850.0,1202,2,66,12498.6
688.866,104.9,850.0,1202,0,66,12528.2
688.991,104.9,850.0,1202,2,66,12551.1
689.117,104.9,850.0,1202,2,66,12235.9
689.259,104.9,850.0,1202,2,66,12335.2
689.391,104.9,850.0,1202,0,66,12373.0
689.516,104.9,850.0,1202,2,66,12401.7
689.641,104.9,850.0,1202,2,66,12453.8
689.765,104.9,850.0,1202,2,66,12454.0
689.891,104.9,850.0,1202,0,66,12480.0
690.017,104.9,850.0,1202,2,66,12525.6
690.142,104.9,850.0,1202,2,66,12543.4
690.267,104.9,850.0,1202,2,66,12664.5
690.391,104.9,850.0,1202,0,66,12712.6
690.516,104.9,850.0,1202,2,66,12751.1
690.643,104.9,850.0,1202,2,66,12782.1
690.769,104.9,850.0,1202,2,66,12842.7
690.898,104.9,850.0,1202,0,65,12756.8
691.023,104.9,850.0,1202,2,65,12802.8
691.148,104.9,850.0,1202,2,65,12860.4
691.273,104.9,850.0,1202,2,65,12875.3
691.398,104.9,850.0,1202,0,65,12947.5
691.524,104.9,850.0,1202,2,65,12852.5
691.649,104.9,850.0,1202,2,65,12900.1
691.774,104.9,850.0,1202,2,65,12931.2
691.901,104.9,850.0,1202,0,65,13023.3
692.026,104.9,850.0,1202,2,65,13077.0
692.15,104.9,850.0,1202,2,65,13070.6
692.276,104.9,850.0,1202,2,65,12983.7
692.4,104.9,850.0,1202,0,65,13008.5
692.526,104.9,850.0,1202,2,65,13101.6
692.651,104.9,850.0,1202,2,65,13155.3
692.776,104.9,850.0,1202,2,65,13196.9
692.9,104.9,850.0,1202,0,65,13219.1
693.026,104.9,850.0,1202,2,65,13174.7
693.151,104.9,850.0,1202,2,65,13072.4
693.287,104.9,850.0,1202,2,65,13116.1
693.413,104.9,850.0,1202,0,65,13157.3
693.539,104.9,850.0,1202,2,65,13208.0
693.664,104.9,850.0,1202,2,65,13258.4
693.791,104.9,850.0,1202,2,65,13288.2
693.916,104.9,850.0,1202,0,65,13443.3
694.043,104.9,850.0,1202,2,65,12593.4
694.162,93.8,850.0,1202,2,65,12212.5
694.279,156.9,850.0,1202,2,65,12238.4
694.397,286.4,850.0,1202,6,65,12261.1
694.515,415.9,850.0,1202,11,65,12284.7
694.633,545.4,850.0,1202,11,65,12307.8
694.752,561.4,850.0,1222,9,65,12327.0
694.869,133.0,870.0,1222,67,66,12327.0
694.987,133.0,870.0,1222,67,69,12327.0
695.105,133.0,870.0,1222,100,71,12327.0
695.234,133.0,870.0,1222,100,71,12327.0
695.352,164.5,870.0,1222,64,68,12340.0
695.47,294.0,870.0,1222,64,67,12362.7
695.589,423.5,870.0,1222,8,66,12387.8
695.707,423.5,870.0,1222,8,66,12419.4
695.825,553.0,870.0,1222,8,66,12450.1
695.943,553.0,870.0,1222,6,66,12478.7
696.061,133.9,870.0,1222,37,67,12481.0
696.179,133.9,870.0,1222,100,72,12481.0
696.296,133.9,870.0,1222,100,69,12481.0
696.415,133.9,870.0,1222,100,70,12481.0
696.533,133.9,870.0,1222,100,69,12482.1
696.651,295.0,870.0,1222,100,66,12511.3
696.77,295.0,870.0,1222,12,66,12536.0
696.888,424.5,870.0,1222,6,66,12561.6
697.005,424.5,870.0,1222,6,66,12587.3
697.123,554.0,870.0,1222,8,65,12612.5
697.242,134.9,890.0,1242,9,67,12621.5
697.36,134.9,890.0,1242,98,68,12621.5
697.479,134.9,890.0,1242,98,70,12621.5
697.597,134.9,890.0,1242,100,70,12621.5
697.716,134.9,890.0,1242,100,71,12622.9
697.834,295.9,890.0,1242,100,66,12639.0
697.951,425.4,890.0,1242,18,66,12661.0
698.069,554.9,890.0,1242,11,65,12687.5
698.187,135.8,890.0,1242,11,65,12706.6
698.305,135.8,890.0,1242,23,66,12706.6
698.423,135.8,890.0,1242,100,71,12706.6
698.542,135.8,890.0,1242,100,70,12706.6
698.66,135.8,890.0,1242,100,71,12706.6
698.778,167.3,890.0,1242,100,67,12721.7
698.896,296.8,890.0,1242,8,66,12742.7
699.014,426.3,890.0,1242,8,65,12766.0
699.132,555.8,890.0,1242,9,65,12784.6
699.25,555.8,890.0,1242,10,65,12803.4
699.368,136.7,890.0,1242,60,66,12808.1
699.488,136.7,890.0,1242,60,72,12808.1
699.609,136.7,890.0,1242,100,70,12808.1
699.727,136.7,890.0,1242,100,70,12808.1
699.846,136.7,890.0,1242,100,69,12812.4
699.964,297.7,890.0,1242,81,66,12838.7
700.083,297.7,890.0,1242,9,66,12855.3
700.202,427.2,890.0,1242,7,66,12873.3
700.319,427.2,890.0,1242,7,66,12896.2
700.437,556.7,890.0,1242,5,66,12918.3
700.555,556.7,890.0,1242,9,66,12938.5
700.673,137.6,890.0,1242,9,67,12941.2
700.79,137.6,890.0,1242,80,72,12941.2
700.908,137.6,890.0,1242,100,70,12941.2
701.025,137.6,890.0,1242,100,70,12941.2
701.143,137.6,890.0,1242,100,68,12949.6
701.261,298.6,890.0,1242,32,66,12968.8
701.379,298.6,890.0,1242,4,65,12986.2
701.497,298.6,890.0,1242,4,65,13006.9
701.615,428.1,890.0,1242,6,65,13028.0
701.732,428.1,890.0,1242,5,65,13048.7
701.85,557.6,890.0,1242,5,65,13069.6
701.967,557.6,890.0,1242,4,65,13090.6
702.085,138.6,890.0,1242,6,65,13105.1
702.202,138.6,890.0,1242,6,66,13105.1
702.32,138.6,890.0,1242,88,71,13105.1
702.438,138.6,890.0,1242,100,70,13105.1
702.555,138.6,890.0,1242,100,70,13105.1
702.675,170.1,890.0,1242,100,67,13121.1
702.794,299.6,890.0,1242,25,66,13135.8
702.912,299.6,890.0,1242,4,65,13151.2
703.031,429.1,890.0,1242,4,65,13163.3
703.149,429.1,890.0,1242,7,65,13176.3
703.266,429.1,890.0,1242,5,65,13193.0
703.384,558.6,890.0,1242,3,65,13211.6
703.502,558.6,890.0,1242,3,65,13231.0
703.619,558.6,890.0,1242,6,65,13245.8
703.737,139.5,890.0,1242,18,67,13252.3
703.854,139.5,890.0,1242,18,67,13252.3
703.972,139.5,890.0,1242,100,70,13252.3
704.091,139.5,890.0,1242,100,70,13252.3
704.209,139.5,890.0,1242,100,70,13252.3
704.326,171.0,890.0,1242,100,66,13274.1
704.444,300.5,890.0,1242,9,65,13294.7
704.562,430.0,890.0,1242,9,65,13320.8
704.68,430.0,890.0,1242,9,65,13304.8
704.799,559.5,890.0,1242,5,65,13293.7
704.919,559.5,890.0,1242,5,65,13322.0
705.037,140.4,890.0,1242,5,67,13332.3
705.155,140.4,890.0,1242,41,67,13323.3
705.275,140.4,890.0,1242,100,69,13313.2
705.393,140.4,890.0,1242,100,69,13303.2
705.512,140.4,890.0,1242,100,69,13293.0
705.631,301.4,890.0,1242,100,66,13299.1
705.75,301.4,890.0,1242,9,66,13313.9
705.868,430.9,890.0,1242,9,65,13325.1
705.987,560.4,890.0,1242,6,65,13338.5
706.105,560.4,890.0,1242,10,65,13352.1
706.225,141.3,890.0,1242,51,67,13349.8
706.344,141.3,890.0,1242,51,72,13339.6
706.465,141.3,890.0,1242,100,69,13329.8
706.585,141.3,890.0,1242,100,68,13320.0
706.704,141.3,890.0,1242,100,69,13318.0
706.824,302.3,890.0,1242,66,66,13342.1
706.945,302.3,890.0,1242,6,65,13368.8
707.063,431.8,890.0,1242,10,65,13395.7
707.182,561.3,890.0,1242,10,65,13421.4
707.3,561.3,890.0,1242,6,65,13440.7
707.419,142.2,890.0,1242,41,67,13438.4
707.537,142.2,890.0,1242,41,71,13428.2
707.665,142.2,890.0,1242,100,68,13418.1
707.785,142.2,890.0,1242,100,69,13407.6
707.905,142.2,890.0,1242,100,69,13397.4
708.024,173.7,890.0,1242,100,66,13412.1
708.142,303.2,890.0,1242,12,66,13430.0
708.26,432.7,890.0,1242,5,65,13450.6
708.38,432.7,890.0,1242,5,65,13468.8
708.498,562.2,890.0,1242,7,65,13485.9
708.616,562.2,890.0,1242,9,66,13500.0
708.744,143.2,890.0,1242,75,67,13489.5
708.863,143.2,890.0,1242,75,69,13480.3
708.986,143.2,890.0,1242,100,68,13469.7
709.105,143.2,890.0,1242,100,69,13459.4
709.224,174.7,890.0,1242,100,67,13459.8
709.345,304.2,890.0,1242,63,66,13467.5
709.479,433.7,890.0,1242,5,65,13447.8
709.752,433.7,890.0,1242,1,65,13424.3
710.042,563.2,890.0,1242,7,65,13396.6
710.313,144.1,890.0,1242,2,67,13385.4
710.499,144.1,890.0,1242,80,70,13373.5
710.654,144.1,890.0,1242,100,69,13362.5
710.776,144.1,890.0,1242,100,69,13352.0
710.896,305.1,890.0,1242,100,68,13353.1
711.016,305.1,890.0,1242,62,66,13350.7
711.171,434.6,890.0,1242,6,66,13328.3
711.408,564.1,890.0,1242,4,65,13299.2
711.711,145.0,890.0,1242,62,68,13284.3
711.949,145.0,890.0,1242,100,70,13273.7
712.068,145.0,890.0,1242,100,68,13263.4
712.187,145.0,890.0,1242,100,69,13253.0
712.306,176.5,890.0,1242,85,67,13259.1
712.446,306.0,890.0,1242,4,66,13229.5
712.728,435.5,890.0,1242,4,66,13201.5
712.999,435.5,890.0,1242,6,66,13171.8
713.297,565.0,890.0,1242,2,66,13139.1
713.638,145.9,890.0,1242,97,69,13119.6
713.886,145.9,890.0,1242,97,69,13109.0
714.013,145.9,890.0,1242,100,70,13099.1
714.133,145.9,890.0,1242,100,70,13089.4
714.253,306.9,890.0,1242,36,66,13068.9
714.511,306.9,890.0,1242,6,66,13048.6
714.764,436.4,890.0,1242,1,66,13016.3
715.044,436.4,890.0,1242,7,66,12980.6
715.337,565.9,890.0,1242,3,66,12947.6
715.659,590.1,890.0,1242,5,67,12947.2
715.841,146.8,890.0,1242,71,71,12620.9
715.981,146.8,890.0,1242,100,69,12391.7
716.11,146.8,890.0,1242,100,69,12391.7
716.228,146.8,890.0,1242,100,70,12398.2
716.347,307.9,890.0,1242,57,67,12419.6
716.465,307.9,890.0,1242,7,66,12440.4
716.583,437.4,890.0,1242,7,66,12467.3
716.7,566.9,890.0,1242,9,66,12487.2
716.818,566.9,890.0,1242,7,66,12515.0
716.936,147.8,890.0,1242,53,67,12519.3
717.054,147.8,890.0,1242,53,72,12519.3
717.172,147.8,890.0,1242,100,70,12519.3
717.289,147.8,890.0,1242,100,69,12519.3
717.406,147.8,890.0,1242,100,69,12519.4
717.524,308.8,890.0,1242,81,67,12544.4
717.643,308.8,890.0,1242,11,66,12562.1
717.761,438.3,890.0,1242,11,66,12580.9
717.879,567.8,890.0,1242,6,66,12599.1
717.998,567.8,890.0,1242,6,66,12622.3
718.115,148.7,890.0,1242,33,68,12635.7
718.234,148.7,890.0,1242,33,69,12635.7
718.351,148.7,890.0,1242,100,70,12635.7
718.469,148.7,890.0,1242,100,70,12635.7
718.587,148.7,890.0,1242,100,70,12635.7
718.706,180.2,890.0,1242,90,67,12656.1
718.823,309.7,890.0,1242,6,66,12633.8
718.943,439.2,890.0,1242,8,66,12617.9
719.062,568.7,890.0,1242,8,65,12677.5
719.181,568.7,890.0,1242,11,65,12702.0
719.3,568.7,890.0,1242,1,65,12692.5
719.42,568.7,890.0,1242,1,65,12677.6
719.54,568.7,890.0,1242,1,65,12662.6
719.66,149.6,890.0,1242,13,67,12652.6
719.779,149.6,890.0,1242,100,68,12642.1
719.901,149.6,890.0,1242,100,70,12631.7
720.022,149.6,890.0,1242,100,70,12621.6
720.141,149.6,890.0,1242,100,70,12618.5
720.26,310.6,890.0,1242,100,67,12638.7
720.38,310.6,890.0,1242,10,66,12645.6
720.5,440.1,890.0,1242,5,66,12654.0
720.623,440.1,890.0,1242,9,65,12659.4
720.743,569.6,890.0,1242,9,65,12661.8
720.862,150.5,890.0,1242,7,67,12657.3
720.981,150.5,890.0,1242,97,69,12647.3
721.1,150.5,890.0,1242,97,70,12637.0
721.224,150.5,890.0,1242,100,70,12569.4
721.344,150.5,890.0,1242,100,70,12303.2
721.463,311.5,890.0,1242,33,66,12301.7
721.591,441.0,890.0,1242,33,66,12324.4
721.709,441.0,890.0,1242,11,66,12354.4
721.828,570.5,890.0,1242,6,66,12377.9
721.946,151.5,890.0,1242,6,66,12399.5
722.064,151.5,890.0,1242,31,66,12399.5
722.182,151.5,890.0,1242,100,71,12399.5
722.3,151.5,890.0,1242,100,70,12399.5
722.419,151.5,890.0,1242,100,71,12399.5
722.537,183.0,890.0,1242,87,67,12433.6
722.655,312.5,890.0,1242,10,66,12470.9
722.773,442.0,890.0,1242,10,66,12489.8
722.891,571.5,890.0,1242,8,65,12462.5
723.011,571.5,890.0,1242,9,65,12272.1
723.13,152.4,890.0,1242,81,66,11996.3
723.259,152.4,890.0,1242,81,72,11996.3
723.378,152.4,890.0,1242,100,70,11996.3
723.495,152.4,890.0,1242,100,70,11996.3
723.614,183.9,890.0,1242,100,67,12020.9
723.732,313.4,890.0,1242,51,66,12058.0
723.85,442.9,890.0,1242,7,66,12095.6
723.969,442.9,890.0,1242,8,66,12140.6
724.088,572.4,890.0,1242,8,66,12178.4
724.206,153.3,890.0,1242,14,67,12194.1
724.323,153.3,890.0,1242,100,72,12194.1
724.442,153.3,890.0,1242,100,70,12194.1
724.559,153.3,890.0,1242,100,70,12194.1
724.677,153.3,890.0,1242,100,68,12209.1
724.797,314.3,890.0,1242,100,66,12174.4
724.915,443.8,890.0,1242,9,66,12123.1
725.033,443.8,890.0,1242,8,65,12108.9
725.152,573.3,890.0,1242,7,65,12123.5
725.269,573.3,890.0,1242,7,65,12109.6
725.388,154.2,890.0,1242,15,66,12090.7
725.505,154.2,890.0,1242,100,69,12090.7
725.623,154.2,890.0,1242,100,70,12090.7
725.74,154.2,890.0,1242,100,70,12090.7
725.859,154.2,890.0,1242,100,70,12094.4
725.977,315.2,890.0,1242,24,67,12119.8
726.095,315.2,890.0,1242,24,66,12139.1
726.214,315.2,890.0,1242,7,66,12162.4
726.332,444.7,890.0,1242,5,66,12163.4
726.45,574.2,890.0,1242,5,65,12166.8
726.568,574.2,890.0,1242,8,65,12171.4
726.686,155.1,890.0,1242,44,67,12175.4
726.803,155.1,890.0,1242,44,71,12175.4
726.921,155.1,890.0,1242,100,69,12175.4
727.039,155.1,890.0,1242,100,69,12175.4
727.157,155.1,890.0,1242,89,69,12179.7
727.276,316.2,890.0,1242,89,66,12205.8
727.394,316.2,890.0,1242,6,66,12233.1
727.512,445.7,890.0,1242,8,66,12250.4
727.63,575.2,890.0,1242,8,65,12265.2
727.748,156.1,890.0,1242,11,68,12274.4
727.866,156.1,890.0,1242,69,68,12274.4
727.997,156.1,890.0,1242,100,72,12274.4
728.114,156.1,890.0,1242,100,70,12274.4
728.232,156.1,890.0,1242,100,69,12274.4
728.35,159.6,890.0,1242,82,67,12282.1
728.469,317.1,890.0,1242,82,66,12296.4
728.588,446.6,890.0,1242,11,66,12298.3
728.706,446.6,890.0,1242,7,66,12306.1
728.825,576.1,890.0,1242,6,65,12324.4
728.943,625.1,890.0,1242,6,66,12281.7
729.061,157.0,890.0,1242,40,67,12281.7
729.179,157.0,890.0,1242,100,71,12281.7
729.297,157.0,890.0,1242,100,69,12281.7
729.416,157.0,890.0,1242,100,70,12281.7
729.534,160.5,890.0,1242,89,67,12289.0
729.653,318.0,890.0,1242,89,66,12286.3
729.772,447.5,890.0,1242,9,65,12274.4
729.891,447.5,890.0,1242,8,65,12209.4
730.009,577.0,890.0,1242,11,65,12167.1
730.127,107.8,890.0,1242,11,66,12167.1
730.244,107.8,890.0,1242,97,71,12167.1
730.362,107.8,890.0,1242,100,70,12167.1
730.479,107.8,890.0,1242,100,70,12167.1
730.597,107.8,890.0,1242,100,67,12104.0
730.717,107.8,890.0,1242,20,66,12198.0
730.843,107.8,890.0,1242,0,65,12234.1
730.97,107.8,890.0,1242,0,65,12255.9
731.097,107.8,890.0,1242,2,65,12284.1
731.221,107.8,890.0,1242,2,65,12385.4
731.346,107.8,890.0,1242,0,65,12430.0
731.47,107.8,890.0,1242,0,65,12460.1
731.595,107.8,890.0,1242,2,65,12495.4
731.719,107.8,890.0,1242,2,65,12511.9
731.843,107.8,890.0,1242,0,65,12624.5
731.968,107.8,890.0,1242,0,65,12662.4
732.093,107.8,890.0,1242,2,65,12678.0
732.218,107.8,890.0,1242,2,65,12725.8
732.343,107.8,890.0,1242,0,65,12729.9
732.467,107.8,890.0,1242,0,65,12590.6
732.607,107.8,890.0,1242,2,65,12632.2
732.731,107.8,890.0,1242,2,65,12664.4
732.856,107.8,890.0,1242,0,65,12718.0
732.981,107.8,890.0,1242,0,65,12722.5
733.106,107.8,890.0,1242,2,65,12841.5
733.229,107.8,890.0,1242,2,65,12872.5
733.358,107.8,890.0,1242,0,65,12885.6
733.485,107.8,890.0,1242,0,65,12904.8
733.613,107.8,890.0,1242,2,65,12927.1
733.739,107.8,890.0,1242,2,65,12921.5
733.866,107.8,890.0,1242,0,65,12979.5
733.993,107.8,890.0,1242,0,65,13045.5
734.12,107.8,890.0,1242,2,65,13064.3
734.248,107.8,890.0,1242,2,65,13082.7
734.375,107.8,890.0,1242,0,65,13106.3
734.502,107.8,890.0,1242,0,65,13126.6
734.628,107.8,890.0,1242,2,65,13126.4
734.757,107.8,890.0,1242,2,65,13144.6
734.883,107.8,890.0,1242,0,65,13233.7
735.011,107.8,890.0,1242,2,65,13249.9
735.139,107.8,890.0,1242,2,65,13270.7
735.267,107.8,890.0,1242,2,65,13288.2
735.423,107.8,890.0,1242,0,65,13311.2
735.585,107.8,890.0,1242,2,65,13324.3
735.756,107.8,890.0,1242,2,65,13344.7
735.922,107.8,890.0,1242,2,65,13281.9
736.477,107.8,890.0,1242,0,65,13269.2
736.786,107.8,890.0,1242,0,65,13267.9
736.953,107.8,890.0,1242,2,65,13207.4
737.36,107.8,890.0,1242,0,65,13210.0
737.621,107.8,890.0,1242,2,65,13209.5
737.907,107.8,890.0,1242,2,65,13149.0
738.453,107.8,890.0,1242,0,65,13005.0
739.189,107.8,890.0,1242,3,65,13014.6
739.42,107.8,890.0,1242,2,65,13015.6
739.664,107.8,890.0,1242,2,65,13016.6
739.902,107.8,890.0,1242,2,65,13015.9
740.177,107.8,890.0,1242,2,65,13014.6
740.456,107.8,890.0,1242,2,65,12877.0
740.927,107.8,890.0,1242,0,65,12600.3
741.073,107.8,890.0,1242,2,65,12261.9
741.201,107.8,890.0,1242,2,65,12345.7
741.324,107.8,890.0,1242,2,65,12891.8
741.448,107.8,890.0,1242,0,65,12637.7
741.568,93.3,890.0,1242,2,65,11727.8
741.687,279.3,890.0,1242,2,65,11757.5
741.804,408.8,890.0,1242,8,65,11784.9
741.922,408.8,890.0,1242,8,65,11813.3
742.04,538.3,890.0,1242,9,65,11837.7
742.159,119.9,890.0,1242,9,66,11851.8
742.277,280.9,890.0,1242,49,65,11875.3
742.396,280.9,890.0,1242,7,65,11897.9
742.514,410.4,890.0,1242,7,65,11926.4
742.631,410.4,890.0,1242,9,65,11953.8
742.749,539.9,890.0,1242,7,65,11984.3
742.867,121.8,890.0,1242,7,67,12002.5
742.985,153.4,890.0,1242,31,66,12028.1
743.103,282.9,890.0,1242,16,65,12055.3
743.221,412.4,890.0,1242,7,65,12083.9
743.339,412.4,890.0,1242,7,65,12111.9
743.457,541.9,890.0,1242,7,65,12139.8
743.575,123.7,890.0,1242,18,66,12152.3
743.693,284.8,890.0,1242,18,66,12166.6
743.811,414.3,890.0,1242,34,65,12189.5
743.929,543.8,890.0,1242,8,65,12214.1
744.047,543.8,890.0,1242,10,65,12244.0
744.165,125.7,890.0,1242,10,67,12258.9
744.283,286.7,890.0,1242,40,65,12285.2
744.401,416.2,890.0,1242,7,65,12310.0
744.52,416.2,890.0,1242,7,65,12337.7
744.638,545.7,890.0,1242,11,65,12357.3
744.756,127.6,890.0,1242,14,68,12370.4
744.874,288.6,890.0,1242,14,65,12401.4
744.992,288.6,890.0,1242,33,65,12425.0
745.111,418.1,890.0,1242,10,65,12448.1
745.228,547.6,890.0,1242,8,65,12484.5
745.346,547.6,890.0,1242,8,65,12515.6
745.464,129.5,890.0,1242,16,67,12529.7
745.582,290.5,890.0,1242,33,65,12553.1
745.7,290.5,890.0,1242,33,65,12579.1
745.818,420.0,890.0,1242,7,65,12606.6
745.936,549.5,890.0,1242,6,65,12634.6
746.053,549.5,890.0,1242,9,65,12664.1
746.172,131.4,890.0,1242,9,67,12677.8
746.29,292.4,890.0,1242,40,65,12702.9
746.408,421.9,890.0,1242,8,65,12723.5
746.526,421.9,890.0,1242,8,65,12747.2
746.644,551.4,890.0,1242,10,65,12778.1
746.762,551.4,890.0,1242,6,65,12805.0
746.88,164.8,890.0,1242,6,65,12821.1
746.997,294.3,890.0,1242,39,65,12846.8
747.116,423.8,890.0,1242,11,65,12879.8
747.234,423.8,890.0,1242,6,65,12912.0
747.351,553.3,890.0,1242,6,65,12939.8
747.469,135.2,890.0,1242,6,66,12702.1
747.589,296.2,890.0,1242,43,65,12720.4
747.708,296.2,890.0,1242,43,65,12744.5
747.826,425.7,890.0,1242,7,65,12765.3
747.944,555.2,890.0,1242,7,65,12788.5
748.063,555.2,890.0,1242,8,64,12810.5
748.181,137.1,890.0,1242,8,67,12825.5
748.299,298.1,890.0,1242,42,65,12854.4
748.416,298.1,890.0,1242,5,65,12883.1
748.534,427.6,890.0,1242,5,65,12914.5
748.652,427.6,890.0,1242,9,64,12944.2
748.77,557.1,890.0,1242,5,64,12971.7
748.888,557.1,890.0,1242,5,64,13003.3
749.019,170.5,890.0,1242,13,65,13020.1
749.137,300.0,890.0,1242,44,65,13045.4
749.255,429.5,890.0,1242,7,64,13071.0
749.374,559.0,890.0,1242,7,64,13096.4
749.492,559.0,890.0,1242,8,64,13120.2
749.61,172.4,890.0,1242,39,66,13123.8
749.728,301.9,890.0,1242,39,65,13140.6
749.846,431.4,890.0,1242,13,65,13162.6
749.967,560.9,890.0,1242,7,64,13184.6
750.086,142.8,890.0,1242,11,67,13187.9
750.28,303.8,890.0,1242,40,65,13173.8
750.519,433.3,890.0,1242,11,65,13159.3
750.745,562.8,890.0,1242,1,65,13134.7
751.031,144.7,890.0,1242,40,65,13118.4
751.243,305.7,890.0,1242,1,65,13063.9
751.59,305.7,890.0,1242,1,65,13039.6
751.869,435.2,890.0,1242,4,65,13010.6
752.155,564.7,890.0,1242,4,65,12979.0
752.466,146.6,892.0,1244,34,65,12958.0
752.702,307.6,892.0,1244,4,65,12924.2
753.015,307.6,892.0,1244,6,65,12892.0
753.316,437.1,892.0,1244,3,65,12862.6
753.598,566.6,892.0,1244,2,65,12835.0
753.871,566.6,892.0,1246,4,67,12813.7
754.125,309.5,894.0,1246,41,65,12765.0
754.3,439.0,894.0,1246,6,65,12422.5
754.418,568.5,894.0,1246,9,65,12369.9
754.542,150.4,898.0,1250,9,66,12399.3
754.661,181.9,898.0,1250,41,66,12414.6
754.778,311.4,898.0,1250,10,65,12437.7
754.896,440.9,898.0,1250,10,65,12460.7
755.015,570.4,898.0,1250,7,65,12482.2
755.132,570.4,898.0,1250,10,65,12509.4
755.25,152.3,900.0,1252,40,67,12522.5
755.368,313.4,900.0,1252,40,65,12549.6
755.486,313.4,900.0,1252,6,65,12579.1
755.605,442.9,900.0,1252,11,65,12384.0
755.723,572.4,900.0,1252,11,65,12403.7
755.843,154.2,900.0,1252,8,67,12418.1
755.96,315.3,900.0,1252,39,65,12446.6
756.079,315.3,900.0,1252,39,65,12472.6
756.197,444.8,900.0,1252,9,65,12492.3
756.315,574.3,900.0,1252,7,65,12505.2
756.432,574.3,900.0,1252,7,65,12517.2
756.55,156.2,902.0,1254,7,66,12527.1
756.668,317.2,902.0,1254,43,65,12544.1
756.787,446.7,902.0,1254,10,65,12533.2
756.906,576.2,902.0,1254,10,65,12497.5
757.025,158.1,904.0,1256,9,67,12499.7
757.144,319.1,904.0,1256,46,65,12513.0
757.264,578.1,904.0,1256,13,65,12531.3
757.382,160.0,906.0,1258,13,67,12530.7
757.501,450.5,906.0,1258,46,65,12541.9
757.62,580.0,906.0,1258,20,65,12578.5
757.738,322.9,908.0,1260,20,66,12586.2
757.856,452.4,908.0,1260,47,65,12598.1
757.974,581.9,908.0,1260,9,65,12619.9
758.092,163.8,910.0,1262,37,67,12628.2
758.21,324.8,910.0,1262,37,65,12646.6
758.328,454.3,910.0,1262,14,65,12664.8
758.446,454.3,910.0,1262,8,65,12679.9
758.565,583.8,910.0,1262,8,65,12695.4
758.683,197.2,912.0,1264,28,66,12702.4
758.801,326.7,912.0,1264,25,65,12728.1
758.92,456.2,912.0,1264,25,65,12739.5
759.039,612.2,912.0,1266,10,65,12744.8
759.159,328.6,914.0,1266,46,65,12747.9
759.278,458.1,914.0,1266,11,65,12763.0
759.396,458.1,914.0,1266,11,65,12817.1
759.517,587.6,914.0,1268,8,67,12821.4
759.705,330.5,916.0,1268,5,65,12809.9
759.922,460.0,916.0,1268,5,65,12795.5
760.167,460.0,916.0,1268,2,65,12780.4
760.419,589.5,916.0,1270,6,66,12765.7
760.659,122.3,918.0,1270,0,65,12776.0
760.961,122.3,918.0,1270,3,65,12771.8
761.257,122.3,918.0,1270,0,65,12677.9
761.394,122.3,918.0,1270,0,65,12415.1
761.52,122.3,918.0,1270,0,65,12271.8
761.644,122.3,918.0,1270,3,65,12374.0
761.769,122.3,918.0,1270,0,65,12486.7
761.893,122.3,918.0,1270,0,65,12600.6
762.018,122.3,918.0,1270,0,65,12710.6
762.142,122.3,918.0,1270,3,65,12815.2
762.267,122.3,918.0,1270,3,65,12885.9
762.393,122.3,918.0,1270,0,65,12859.1
762.517,122.3,918.0,1270,0,65,12891.2
762.641,122.3,918.0,1270,3,65,12974.1
762.765,122.3,918.0,1270,3,65,13013.8
762.89,122.3,918.0,1270,0,65,13107.9
763.014,122.3,918.0,1270,0,65,13198.4
763.138,122.3,918.0,1270,3,65,13252.4
763.274,122.3,918.0,1270,0,65,13344.1
763.406,122.3,918.0,1270,0,65,13390.5
763.523,122.3,918.0,1270,0,65,13421.6
763.641,122.3,918.0,1270,3,65,13509.4
763.764,122.3,918.0,1270,3,65,13314.9
763.89,122.3,918.0,1270,0,65,13314.9
764.015,125.3,918.0,1270,0,65,13275.0
764.135,150.5,1078.0,1430,58,68,13280.1
764.252,164.2,1078.0,1430,58,67,13280.8
764.37,313.3,1078.0,1430,92,67,13281.6
764.49,154.1,1078.0,1430,87,70,13281.9
764.608,155.8,1078.0,1430,87,68,13282.4
764.727,446.4,1078.0,1430,93,67,13282.7
764.846,157.6,1078.0,1430,93,69,13282.8
764.965,159.4,1078.0,1430,79,69,13284.5
765.083,320.4,1078.0,1430,79,67,13286.3
765.203,161.1,1078.0,1430,75,69,13286.9
765.321,581.1,1078.0,1430,76,67,13292.2
765.44,162.9,1080.0,1432,76,70,13292.5
765.558,164.7,1080.0,1432,75,68,13293.4
765.675,325.7,1080.0,1432,86,67,13297.8
765.794,166.4,1082.0,1434,58,69,13300.2
765.912,456.9,1082.0,1434,58,67,13306.1
766.03,168.2,1084.0,1436,48,68,13313.3
766.148,329.2,1084.0,1436,74,67,13316.5
766.266,170.0,1086.0,1438,74,66,13323.4
766.383,201.5,1086.0,1438,47,68,13325.4
766.501,590.0,1086.0,1440,52,66,13331.9
766.619,171.7,1088.0,1440,52,68,13332.3
766.737,173.5,1090.0,1442,76,68,13335.9
766.855,334.5,1090.0,1442,69,67,13337.1
766.973,175.3,1092.0,1444,60,68,13339.4
767.091,465.8,1092.0,1444,60,67,13341.6
767.21,177.0,1094.0,1446,70,69,13342.2
767.327,597.0,1094.0,1448,74,66,13345.4
767.445,178.8,1096.0,1448,74,69,13352.6
767.564,339.8,1096.0,1448,70,66,13381.0
767.682,339.8,1096.0,1448,9,66,13409.2
767.8,469.3,1096.0,1448,6,65,13440.8
767.918,180.6,1098.0,1450,6,67,13450.0
768.035,212.1,1098.0,1450,64,67,13461.5
768.154,341.6,1098.0,1450,19,66,13483.6
768.273,471.1,1098.0,1450,19,65,13506.3
768.392,600.6,1098.0,1450,8,65,13523.6
768.51,191.2,1100.0,1452,9,66,13535.7
768.631,182.3,1100.0,1452,66,67,13536.3
768.748,343.3,1100.0,1452,66,66,13558.6
768.867,472.8,1100.0,1452,9,65,13585.8
768.985,602.3,1100.0,1452,8,65,13613.7
769.104,602.3,1100.0,1452,8,65,13639.4
769.222,184.1,1102.0,1454,16,69,13633.7
769.341,345.1,1102.0,1454,57,66,13656.5
769.459,474.6,1102.0,1454,57,65,13672.5
769.578,604.1,1102.0,1454,11,65,13693.7
769.702,604.1,1102.0,1454,2,65,13658.8
770.009,185.9,1104.0,1456,25,69,13658.4
770.131,346.9,1104.0,1456,45,66,13640.7
770.397,346.9,1104.0,1456,4,65,13606.8
770.735,476.4,1104.0,1456,3,65,13571.0
771.073,605.9,1104.0,1456,5,65,13533.8
771.418,605.9,1104.0,1456,5,65,13502.0
771.736,187.6,1106.0,1458,24,68,13493.7
771.87,348.6,1106.0,1458,5,66,13442.6
772.212,478.1,1106.0,1458,4,65,13428.8
772.445,607.6,1106.0,1458,5,65,13393.5
772.749,607.6,1106.0,1458,3,65,13360.0
773.052,189.4,1108.0,1460,12,69,13349.1
773.197,350.4,1108.0,1460,2,66,13318.9
773.498,350.4,1108.0,1460,2,65,13286.5
773.818,479.9,1108.0,1460,2,66,13253.5
774.113,609.4,1108.0,1462,8,68,13217.4
774.388,352.2,1110.0,1462,56,67,13211.3
774.521,481.7,1110.0,1462,4,66,13186.3
774.787,611.2,1110.0,1462,3,66,13148.7
775.133,192.9,1112.0,1464,41,66,13119.4
775.431,353.9,1112.0,1464,5,66,13084.6
775.752,353.9,1112.0,1464,4,66,13035.6
775.938,483.4,1112.0,1464,4,66,13045.6
776.057,612.9,1112.0,1464,9,66,12932.3
776.176,194.7,1114.0,1466,34,69,12876.7
776.299,355.7,1114.0,1466,34,67,12833.4
776.418,355.7,1114.0,1466,41,66,12873.0
776.541,485.2,1114.0,1466,10,66,12930.8
776.661,614.7,1114.0,1466,9,66,12992.5
776.78,196.5,1116.0,1468,9,69,13006.1
776.899,357.5,1116.0,1468,64,66,13042.1
777.058,357.5,1116.0,1468,3,66,13012.0
777.415,487.0,1116.0,1468,2,66,12967.8
777.819,487.0,1116.0,1468,2,66,12929.3
778.173,616.5,1116.0,1468,5,66,12885.5
778.296,174.2,1120.0,1472,5,69,12542.6
778.415,356.3,1120.0,1472,61,67,12550.4
778.534,228.5,1120.0,1472,59,68,12550.6
778.653,230.5,1120.0,1472,59,68,12551.1
778.772,200.9,1120.0,1472,85,69,12552.3
778.891,202.9,1120.0,1472,74,69,12523.4
779.009,204.9,1120.0,1472,85,68,12524.2
779.127,206.8,1120.0,1472,85,68,12531.8
779.244,208.8,1120.0,1472,82,67,12534.3
779.362,628.8,1120.0,1472,71,67,12536.0
779.479,630.8,1120.0,1472,71,67,12537.4
779.598,503.2,1120.0,1472,76,68,12539.0
779.717,375.7,1120.0,1472,76,69,12540.1
779.836,216.6,1120.0,1472,66,69,12543.9
779.954,218.6,1120.0,1472,66,68,12545.6
780.071,638.6,1120.0,1472,73,67,12547.4
780.189,381.6,1120.0,1472,65,67,12550.2
780.308,222.5,1120.0,1472,65,69,12553.7
780.426,513.0,1120.0,1472,55,67,12561.0
780.544,224.5,1120.0,1472,45,68,12564.8
780.663,515.0,1120.0,1472,45,66,12572.7
780.781,226.4,1120.0,1472,35,69,12576.4
780.899,516.9,1120.0,1472,48,66,12586.6
781.018,228.4,1120.0,1472,48,68,12591.9
781.136,648.4,1120.0,1472,48,66,12599.2
781.254,391.4,1120.0,1472,54,67,12586.4
781.373,232.3,1120.0,1472,39,67,12572.7
781.494,393.3,1120.0,1472,39,67,12581.2
781.613,234.3,1120.0,1472,49,67,12577.0
781.732,524.8,1120.0,1472,53,67,12584.2
781.851,236.2,1120.0,1472,34,67,12586.9
781.97,526.7,1120.0,1472,34,67,12586.2
782.089,238.2,1122.0,1474,41,67,12586.2
782.208,399.2,1122.0,1474,48,67,12585.0
782.327,658.2,1122.0,1474,48,66,12586.7
782.447,401.2,1122.0,1474,24,67,12582.1
782.566,530.7,1122.0,1474,42,66,12595.2
782.685,660.2,1122.0,1474,9,66,12618.0
782.805,242.1,1124.0,1476,9,67,12627.1
782.924,403.1,1124.0,1476,41,66,12645.9
783.043,403.1,1124.0,1476,9,66,12664.6
783.162,532.6,1124.0,1476,9,66,12681.1
783.282,662.1,1124.0,1476,9,66,12697.6
783.402,244.1,1124.0,1476,33,67,12703.5
783.521,405.1,1124.0,1476,19,66,12725.8
783.642,534.6,1124.0,1476,19,66,12740.6
783.761,664.1,1124.0,1476,11,66,12749.2
783.882,249.5,1126.0,1478,43,67,12748.8
784.001,407.1,1126.0,1478,43,66,12757.6
784.122,536.6,1126.0,1478,12,66,12777.5
784.241,666.1,1126.0,1478,9,66,12794.6
784.36,248.0,1126.0,1478,38,68,12798.3
784.48,409.0,1126.0,1478,38,66,12811.2
784.604,538.5,1126.0,1478,7,66,12812.8
784.805,668.0,1126.0,1478,7,65,12795.1
785.072,200.9,1126.0,1478,8,66,12786.8
785.369,200.9,1126.0,1478,2,65,12781.1
785.647,200.9,1126.0,1478,2,65,12785.5
785.785,200.9,1126.0,1478,2,65,12791.3
785.914,200.9,1126.0,1478,2,66,12835.9
786.181,200.9,1126.0,1478,2,66,12838.0
786.464,200.9,1126.0,1478,2,66,12829.1
786.78,200.9,1126.0,1478,2,66,12735.5
786.909,200.9,1126.0,1478,0,66,12763.8
787.046,200.9,1126.0,1478,2,65,12841.1
787.173,200.9,1126.0,1478,2,65,12906.5
787.3,200.9,1126.0,1478,2,65,12988.1
787.427,200.9,1126.0,1478,0,65,13063.0
787.554,200.9,1126.0,1478,2,65,13129.9
787.732,200.9,1126.0,1478,0,65,13136.9
788.025,200.9,1126.0,1478,2,65,12841.3
788.154,200.9,1126.0,1478,2,65,12808.1
788.296,200.9,1126.0,1478,2,65,12788.2
788.422,200.9,1126.0,1478,0,65,12846.6
788.547,200.9,1126.0,1478,2,65,12962.5
788.671,200.9,1126.0,1478,2,65,12987.1
788.792,200.9,1126.0,1478,2,65,12929.4
788.911,200.9,1126.0,1478,0,65,12983.5
789.03,200.9,1126.0,1478,0,65,13035.3
789.149,200.9,1126.0,1478,2,65,13092.6
789.268,200.9,1126.0,1478,2,65,13148.3
789.388,200.9,1126.0,1478,0,65,13201.9
789.507,200.9,1126.0,1478,0,65,13282.9
789.628,200.9,1126.0,1478,2,65,12986.8
789.749,200.9,1126.0,1478,2,65,13029.2
789.874,200.9,1126.0,1478,0,65,13076.3
789.999,200.9,1126.0,1478,0,65,13114.8
790.122,200.9,1126.0,1478,2,65,13142.6
790.252,200.9,1126.0,1478,2,65,13159.6
790.377,200.9,1126.0,1478,0,65,13159.6
790.502,517.0,1126.0,1478,0,65,13123.3
790.623,226.5,1166.0,1518,26,66,13129.1
790.741,517.0,1166.0,1518,85,65,13135.1
790.859,680.9,1166.0,1518,85,65,13144.4
790.977,225.4,1166.0,1518,35,67,13145.6
791.094,645.4,1166.0,1518,66,66,13153.1
791.212,224.4,1166.0,1518,76,68,13153.2
791.329,644.4,1166.0,1518,76,66,13159.2
791.447,223.3,1166.0,1518,47,69,13159.8
791.565,643.4,1166.0,1518,62,66,13164.5
791.683,222.3,1166.0,1518,62,68,13164.7
791.801,221.3,1166.0,1518,76,68,13168.8
791.919,382.3,1166.0,1518,75,69,13169.8
792.037,220.2,1166.0,1518,75,66,13175.6
792.154,251.7,1166.0,1518,47,69,13179.2
792.272,219.2,1166.0,1518,65,68,13181.5
792.39,380.2,1166.0,1518,69,67,13191.5
792.508,509.7,1166.0,1518,69,66,13203.8
792.627,218.2,1166.0,1518,25,69,13205.8
792.744,379.2,1166.0,1518,63,67,13220.4
792.863,638.2,1166.0,1518,63,66,13237.8
792.981,217.1,1166.0,1518,18,69,13242.1
793.099,378.1,1166.0,1518,69,66,13253.1
793.217,507.6,1166.0,1518,16,66,13268.9
793.335,216.1,1166.0,1518,16,68,13278.4
793.453,247.6,1166.0,1518,56,67,13284.0
793.571,506.6,1166.0,1518,28,66,13296.1
793.689,636.1,1166.0,1518,28,66,13309.4
793.807,215.0,1166.0,1518,28,70,13311.1
793.925,376.0,1166.0,1518,54,66,13323.6
794.043,635.0,1166.0,1518,54,66,13335.6
794.161,214.0,1166.0,1518,19,69,13337.4
794.278,504.5,1166.0,1518,69,66,13347.6
794.397,634.0,1166.0,1518,17,66,13370.2
794.515,213.0,1166.0,1518,17,70,13370.7
794.633,633.0,1166.0,1518,72,66,13379.0
794.75,211.9,1166.0,1518,44,69,13382.4
794.869,502.4,1166.0,1518,44,66,13385.4
794.988,210.9,1166.0,1518,59,69,13386.9
795.105,501.4,1166.0,1518,74,66,13393.6
795.222,209.8,1166.0,1518,74,70,13396.7
795.34,370.8,1166.0,1518,71,66,13460.2
795.458,370.8,1166.0,1518,13,66,13527.6
795.577,500.3,1166.0,1518,11,66,13378.3
795.697,629.8,1166.0,1518,11,65,13053.6
795.815,208.8,1166.0,1518,8,67,13076.9
795.933,240.3,1166.0,1518,64,67,13109.3
796.051,369.8,1166.0,1518,64,66,13182.7
796.17,499.3,1166.0,1518,12,66,13256.1
796.288,628.8,1166.0,1518,8,65,13338.0
796.407,185.3,1166.0,1518,13,65,13358.4
796.524,211.3,1166.0,1518,13,68,13354.4
796.643,368.8,1166.0,1518,66,66,13344.6
796.763,498.3,1166.0,1518,8,65,13117.1
796.881,498.3,1166.0,1518,8,65,13162.3
797.0,627.8,1166.0,1518,8,65,13212.7
797.119,206.7,1166.0,1518,18,68,13232.7
797.236,367.7,1166.0,1518,56,66,13269.7
797.355,367.7,1166.0,1518,56,65,13325.4
797.473,497.2,1166.0,1518,7,65,13365.6
797.593,626.7,1166.0,1518,10,65,13400.3
797.713,626.7,1166.0,1518,10,65,13439.3
797.835,205.7,1166.0,1518,6,69,13441.0
797.953,366.7,1166.0,1518,65,66,13468.0
798.072,366.7,1166.0,1518,10,65,13501.4
798.191,496.2,1166.0,1518,10,65,13518.3
798.31,496.2,1166.0,1518,4,65,13506.9
798.43,496.2,1166.0,1518,1,65,13496.4
798.548,496.2,1166.0,1518,1,65,13483.8
798.668,496.2,1166.0,1518,4,65,13469.8
798.788,496.2,1166.0,1518,0,65,13455.0
798.907,496.2,1166.0,1518,1,65,13444.8
799.026,496.2,1166.0,1518,1,65,13432.2
799.146,625.7,1166.0,1518,4,65,13418.5
799.266,625.7,1166.0,1518,0,65,13404.9
799.385,625.7,1166.0,1518,0,65,13393.3
799.505,625.7,1166.0,1518,1,65,13385.1
799.625,625.7,1166.0,1518,4,65,13373.0
799.745,625.7,1166.0,1518,1,65,13364.7
799.864,625.7,1166.0,1518,1,65,13353.0
799.984,625.7,1166.0,1518,1,65,13338.2
800.105,625.7,1166.0,1518,4,65,13323.0
800.225,625.7,1166.0,1518,4,65,13310.0
800.343,204.6,1166.0,1518,2,68,13300.1
800.461,204.6,1166.0,1518,61,66,13288.2
800.581,204.6,1166.0,1518,4,65,13274.3
800.701,236.2,1166.0,1518,4,65,13262.3
800.821,365.7,1166.0,1518,1,65,13248.7
800.941,365.7,1166.0,1518,1,65,13236.5
801.06,365.7,1166.0,1518,1,65,13221.8
801.179,365.7,1166.0,1518,4,65,13210.1
801.299,365.7,1166.0,1518,2,65,13197.0
801.419,365.7,1166.0,1518,1,65,13183.2
801.537,365.7,1166.0,1518,1,65,13168.6
801.657,365.7,1166.0,1518,4,65,13159.9
801.776,365.7,1166.0,1518,2,65,13146.8
801.895,365.7,1166.0,1518,2,65,13131.7
802.016,495.2,1166.0,1518,1,65,13119.9
802.135,495.2,1166.0,1518,4,65,13105.8
802.255,495.2,1166.0,1518,1,65,13094.8
802.374,495.2,1166.0,1518,1,65,13084.8
802.493,495.2,1166.0,1518,3,65,13076.2
802.612,624.7,1166.0,1518,6,65,13069.2
802.731,624.7,1166.0,1518,6,65,13057.0
802.85,624.7,1166.0,1518,2,65,13048.1
802.97,624.7,1166.0,1518,2,65,13037.3
803.089,624.7,1166.0,1518,4,65,13023.2
803.209,624.7,1166.0,1518,4,65,13013.6
803.329,624.7,1166.0,1518,1,65,13000.3
803.448,625.7,1166.0,1518,1,65,12989.8
803.567,203.6,1166.0,1518,1,68,12987.9
803.686,203.6,1166.0,1518,65,66,12974.8
803.805,235.1,1166.0,1518,1,65,12963.1
803.924,364.6,1166.0,1518,2,65,12949.6
804.043,364.6,1166.0,1518,2,65,12936.7
804.162,364.6,1166.0,1518,4,65,12922.6
804.281,364.6,1166.0,1518,1,65,12908.2
804.401,364.6,1166.0,1518,1,65,12895.7
804.519,364.6,1166.0,1518,2,65,12890.0
804.639,364.6,1166.0,1518,5,65,12878.1
804.758,494.1,1166.0,1518,3,65,12870.0
804.877,494.1,1166.0,1518,3,65,12856.2
804.997,494.1,1166.0,1518,2,65,12841.7
805.116,494.1,1166.0,1518,4,65,12829.5
805.236,494.1,1166.0,1518,4,65,12817.2
805.355,623.6,1166.0,1518,2,65,12763.5
805.474,623.6,1166.0,1518,3,65,12769.6
805.598,202.6,1166.0,1518,40,68,12771.9
805.716,234.1,1166.0,1518,40,66,12780.1
805.834,363.6,1166.0,1518,35,65,12809.9
805.952,622.6,1166.0,1518,13,65,12792.6
806.07,201.5,1166.0,1518,13,66,12781.2
806.188,233.0,1166.0,1518,41,67,12785.9
806.306,492.0,1166.0,1518,39,66,12778.9
806.424,492.0,1166.0,1518,10,65,12799.3
806.551,621.5,1166.0,1518,10,65,12787.8
806.67,621.5,1166.0,1518,6,65,12775.7
806.789,621.5,1166.0,1518,1,65,12763.2
806.908,621.5,1166.0,1518,1,65,12751.1
807.028,621.5,1166.0,1518,1,65,12739.5
807.147,621.5,1166.0,1518,4,65,12725.9
807.267,621.5,1166.0,1518,0,65,12711.8
807.386,200.5,1166.0,1518,0,66,12697.7
807.505,200.5,1166.0,1518,46,67,12685.5
807.624,200.5,1166.0,1518,20,65,12673.4
807.743,232.0,1166.0,1518,20,65,12661.3
807.862,232.0,1166.0,1518,1,65,12648.7
807.981,361.5,1166.0,1518,1,65,12637.2
808.101,361.5,1166.0,1518,4,65,12624.1
808.221,361.5,1166.0,1518,4,65,12610.2
808.34,361.5,1166.0,1518,1,65,12595.9
808.46,361.5,1166.0,1518,0,65,12582.2
808.579,361.5,1166.0,1518,0,65,12590.7
808.697,361.5,1166.0,1518,6,65,12443.3
808.816,491.0,1166.0,1518,6,65,12480.3
808.96,491.0,1166.0,1518,2,65,12483.3
809.079,491.0,1166.0,1518,2,65,12480.0
809.199,620.5,1166.0,1518,5,65,12468.3
809.318,620.5,1166.0,1518,0,65,12454.1
809.437,620.5,1166.0,1518,1,65,12446.6
809.556,620.5,1166.0,1518,1,65,12435.6
809.677,620.5,1166.0,1518,4,65,12423.1
809.796,620.5,1166.0,1518,1,65,12411.5
809.915,620.5,1166.0,1518,1,65,12397.1
810.034,620.5,1166.0,1518,0,65,12386.1
810.154,620.5,1166.0,1518,4,65,12373.7
810.274,620.5,1166.0,1518,1,65,12362.6
810.392,620.5,1166.0,1518,1,65,12349.2
810.513,620.5,1166.0,1518,1,65,12334.7
810.632,620.5,1166.0,1518,4,65,12320.6
810.751,620.5,1166.0,1518,4,65,12308.3
810.871,620.5,1166.0,1518,1,65,12297.6
810.991,620.5,1166.0,1518,1,65,12282.5
811.11,620.5,1166.0,1518,11,65,12272.5
811.229,199.4,1166.0,1518,11,68,12261.5
811.349,199.4,1166.0,1518,55,66,12246.3
811.469,199.4,1166.0,1518,0,65,12232.4
811.589,199.4,1166.0,1518,0,65,12220.9
811.708,206.5,1166.0,1518,4,65,12208.4
811.828,231.0,1166.0,1518,1,65,12194.4
811.948,231.0,1166.0,1518,1,65,12175.9
812.067,360.5,1166.0,1518,1,65,11997.4
812.187,490.0,1166.0,1518,10,65,11711.0
812.308,619.5,1166.0,1518,8,65,11661.3
812.428,619.5,1166.0,1518,8,65,11638.0
812.548,174.4,1166.0,1518,7,68,11598.5
812.666,170.5,1166.0,1518,68,66,11601.3
812.784,303.8,1370.0,1722,25,65,11613.8
812.904,435.1,1370.0,1722,25,68,11614.2
813.023,276.1,1370.0,1722,98,68,11504.8
813.144,278.1,1370.0,1722,86,68,11448.8
813.262,280.1,1370.0,1722,86,69,11453.2
813.38,282.2,1370.0,1722,86,68,11461.0
813.498,284.2,1370.0,1722,76,67,11469.8
813.616,286.2,1370.0,1722,76,67,11480.6
813.733,706.2,1370.0,1722,84,66,11541.0
813.853,449.2,1370.0,1722,81,67,11548.0
813.973,290.2,1370.0,1722,59,68,11560.6
814.091,451.2,1370.0,1722,59,66,11582.4
814.209,710.2,1370.0,1722,29,65,11604.0
814.327,453.3,1370.0,1722,48,66,11614.4
814.445,582.8,1370.0,1722,48,65,11636.0
814.564,294.3,1370.0,1722,18,67,11642.7
814.682,714.3,1370.0,1722,62,66,11653.1
814.799,586.8,1370.0,1722,58,66,11661.1
814.917,329.8,1370.0,1722,58,69,11667.5
815.035,718.3,1370.0,1722,60,66,11683.3
815.154,461.3,1370.0,1722,57,67,11692.5
815.273,720.3,1370.0,1722,57,65,11711.5
815.391,302.3,1370.0,1722,20,68,11725.1
815.508,463.3,1370.0,1722,46,66,11739.1
815.627,722.3,1370.0,1722,46,65,11752.8
815.745,465.3,1370.0,1722,20,66,11761.5
815.862,594.8,1370.0,1722,48,65,11780.7
815.98,306.4,1370.0,1722,39,68,11791.6
816.098,467.4,1370.0,1722,39,65,11834.5
816.216,596.9,1370.0,1722,25,65,11877.5
816.333,308.4,1370.0,1722,14,67,11902.3
816.452,469.4,1370.0,1722,14,66,11931.3
816.57,598.9,1370.0,1722,44,65,11971.6
816.687,728.4,1370.0,1722,13,65,12017.6
816.806,310.4,1370.0,1722,43,68,12035.4
816.924,471.4,1370.0,1722,43,65,12056.0
817.041,730.4,1370.0,1722,16,65,12067.9
817.159,473.4,1370.0,1722,48,66,12075.9
817.277,602.9,1370.0,1722,48,65,12089.4
817.395,732.4,1370.0,1722,17,65,12104.5
817.513,475.4,1370.0,1722,46,66,12112.1
817.631,604.9,1370.0,1722,46,65,12125.3
817.75,734.4,1370.0,1722,15,65,12136.4
817.867,477.4,1370.0,1722,43,66,12145.9
817.985,606.9,1370.0,1722,14,65,12159.2
818.103,736.4,1370.0,1722,14,65,12174.1
818.221,318.4,1370.0,1722,19,66,12179.9
818.34,479.5,1370.0,1722,40,65,12190.8
818.458,609.0,1370.0,1722,40,65,12217.4
818.575,738.5,1370.0,1722,9,65,12249.2
818.693,738.5,1370.0,1722,8,65,12279.5
818.811,320.5,1370.0,1722,39,66,12294.3
818.93,481.5,1370.0,1722,39,65,12322.9
819.047,481.5,1370.0,1722,8,65,12353.1
819.165,611.0,1370.0,1722,8,65,12321.4
819.285,740.5,1370.0,1722,8,64,12283.0
819.403,322.5,1370.0,1722,8,66,12235.9
819.526,483.5,1370.0,1722,42,65,12255.3
819.653,483.5,1370.0,1722,7,65,12264.2
819.789,613.0,1370.0,1722,7,64,12241.0
819.907,742.5,1370.0,1722,8,64,12259.5
820.026,324.5,1370.0,1722,19,67,12267.7
820.144,485.5,1370.0,1722,19,65,12285.1
820.263,615.0,1370.0,1722,35,64,12304.1
820.38,615.0,1370.0,1722,8,64,12357.6
820.498,744.5,1370.0,1722,8,64,12401.6
820.616,750.4,1370.0,1722,8,65,12430.6
820.735,487.5,1370.0,1722,42,65,12436.3
820.854,487.5,1370.0,1722,8,65,12452.9
820.973,617.0,1370.0,1722,8,64,12483.8
821.092,278.4,1370.0,1722,12,64,12500.2
821.211,279.5,1370.0,1722,43,65,12561.8
821.335,279.5,1370.0,1722,0,64,12643.8
821.461,279.5,1370.0,1722,0,64,12715.7
821.588,279.5,1370.0,1722,2,64,12775.8
821.716,279.5,1370.0,1722,2,64,12626.2
821.844,279.5,1370.0,1722,0,64,12718.2
821.987,279.5,1370.0,1722,2,64,12787.9
822.12,279.5,1370.0,1722,2,64,12865.0
822.247,279.5,1370.0,1722,2,64,12939.5
822.373,279.5,1370.0,1722,0,64,13012.3
822.505,279.5,1370.0,1722,2,64,13091.7
822.637,279.5,1370.0,1722,2,65,13156.3
822.854,279.5,1370.0,1722,0,65,13208.4
823.04,279.5,1370.0,1722,2,65,13173.0
823.167,279.5,1370.0,1722,2,64,12953.6
823.297,279.5,1370.0,1722,2,64,12862.0
823.426,279.5,1370.0,1722,0,65,12981.6
823.55,279.5,1370.0,1722,2,65,13091.5
823.674,279.5,1370.0,1722,2,65,13113.6
823.831,279.5,1370.0,1722,2,65,13138.0
823.95,279.5,1370.0,1722,0,65,13092.2
824.085,279.5,1370.0,1722,2,65,13155.6
824.206,279.5,1370.0,1722,2,65,13214.0
824.324,279.5,1370.0,1722,2,65,13274.0
824.446,279.5,1370.0,1722,0,65,13372.6
824.566,279.5,1370.0,1722,2,65,13378.0
824.715,279.5,1370.0,1722,2,65,13420.8
824.841,279.5,1370.0,1722,0,65,13435.3
824.968,279.5,1370.0,1722,0,65,13435.4
825.094,466.1,1370.0,1722,2,65,13397.0
825.212,595.6,1370.0,1722,16,65,13413.5
825.33,307.9,1370.0,1722,16,67,13423.3
825.448,598.4,1370.0,1722,49,66,13429.1
825.565,324.0,1370.0,1722,49,66,13437.1
825.684,341.0,1370.0,1722,71,67,13318.3
825.805,311.2,1370.0,1722,71,66,13298.0
825.922,314.7,1370.0,1722,61,67,13273.5
826.041,487.7,1370.0,1722,48,66,13279.6
826.159,473.9,1370.0,1722,48,67,13280.5
826.278,314.5,1370.0,1722,81,68,13284.9
826.396,475.5,1370.0,1722,74,66,13286.7
826.514,316.2,1370.0,1722,76,68,13287.8
826.632,736.2,1370.0,1722,76,66,13292.0
826.75,317.8,1370.0,1722,74,69,13292.7
826.867,319.5,1370.0,1722,70,67,13297.2
826.985,480.5,1370.0,1722,70,67,13304.0
827.104,321.1,1370.0,1722,66,66,13310.7
827.221,352.6,1370.0,1722,79,67,13315.4
827.34,741.1,1370.0,1722,79,65,13331.7
827.459,322.8,1370.0,1722,24,69,13337.1
827.577,613.3,1370.0,1722,72,66,13347.6
827.696,324.4,1370.0,1722,49,68,13355.2
827.813,485.5,1370.0,1722,49,66,13366.2
827.932,326.1,1370.0,1722,54,66,13378.8
828.049,357.6,1370.0,1722,74,67,13383.1
828.168,746.1,1370.0,1722,74,66,13395.5
828.286,327.8,1370.0,1722,44,67,13399.9
828.404,618.3,1370.0,1722,59,66,13418.0
828.522,329.4,1370.0,1722,74,69,13418.8
828.639,619.9,1370.0,1722,74,66,13381.9
828.759,331.1,1370.0,1722,30,67,13270.5
828.876,621.6,1370.0,1722,73,67,13274.0
828.995,332.7,1370.0,1722,73,68,13277.9
829.113,349.4,1370.0,1722,84,66,13280.9
829.23,365.9,1370.0,1722,85,68,13284.8
829.349,624.9,1370.0,1722,85,66,13303.0
829.466,336.0,1370.0,1722,24,68,13310.5
829.585,497.0,1370.0,1722,69,66,13319.3
829.703,756.0,1370.0,1722,24,65,13336.1
829.821,337.7,1370.0,1722,24,69,13337.3
829.939,757.7,1370.0,1722,73,66,13349.6
830.057,339.4,1370.0,1722,49,69,13355.6
830.175,500.4,1370.0,1722,49,66,13367.2
830.293,629.9,1370.0,1722,45,65,13417.8
830.41,759.4,1370.0,1722,7,65,13418.3
830.53,759.4,1370.0,1722,7,65,13452.5
830.68,341.0,1370.0,1722,7,68,13337.6
830.8,502.0,1370.0,1722,66,65,13403.1
830.934,631.5,1370.0,1722,8,65,13440.3
831.052,631.5,1370.0,1722,9,65,13495.8
831.17,761.0,1370.0,1722,9,65,13544.2
831.29,342.7,1370.0,1722,9,67,13560.2
831.409,503.7,1370.0,1722,66,66,13594.4
831.528,633.2,1370.0,1722,66,65,13643.3
831.647,762.7,1370.0,1722,16,65,13680.0
831.766,344.3,1370.0,1722,47,67,13682.7
831.886,505.3,1370.0,1722,35,65,13722.7
832.005,764.3,1370.0,1722,2,65,13698.6
832.349,346.0,1370.0,1722,26,65,13665.7
832.665,507.0,1370.0,1722,1,65,13617.8
833.048,507.0,1370.0,1722,2,65,13578.8
833.377,636.5,1370.0,1722,5,65,13552.6
833.638,766.0,1370.0,1722,40,66,13518.2
833.958,508.6,1370.0,1722,4,65,13477.6
834.3,638.1,1370.0,1722,3,65,13441.0
834.636,767.6,1370.0,1722,6,65,13406.3
834.973,767.6,1370.0,1722,3,65,13365.9
835.335,349.3,1370.0,1722,64,65,13328.5
835.61,510.3,1370.0,1722,7,65,13228.8
835.732,639.8,1370.0,1722,8,65,13116.5
835.897,639.8,1370.0,1722,1,65,13110.4
836.021,639.8,1370.0,1722,1,65,13060.1
836.141,769.3,1370.0,1722,6,65,13099.2
836.261,769.3,1370.0,1722,6,65,13117.5
836.38,769.3,1370.0,1722,1,65,13106.4
836.499,769.3,1370.0,1722,1,65,13093.9
836.619,769.3,1370.0,1722,4,65,13080.5
836.739,769.3,1370.0,1722,0,65,13067.6
836.858,769.3,1370.0,1722,0,65,13058.5
836.98,769.3,1370.0,1722,1,65,13044.2
837.1,350.9,1370.0,1722,13,67,13035.6
837.219,350.9,1370.0,1722,57,65,13023.8
837.34,350.9,1370.0,1722,57,65,13010.0
837.46,350.9,1370.0,1722,0,65,12996.1
837.58,354.5,1370.0,1722,3,65,12983.6
837.701,382.5,1370.0,1722,3,65,12968.6
837.821,382.5,1370.0,1722,1,65,12956.4
837.942,382.5,1370.0,1722,1,65,12944.4
838.062,512.0,1370.0,1722,3,65,12933.6
838.182,512.0,1370.0,1722,3,65,12923.8
838.304,512.0,1370.0,1722,2,65,12909.1
838.425,512.0,1370.0,1722,2,65,12603.1
838.549,641.5,1370.0,1722,2,65,12363.5
838.668,641.5,1370.0,1722,10,65,12381.2
838.786,771.0,1370.0,1722,6,65,12423.3
838.904,328.6,1370.0,1722,14,65,12409.9
839.022,324.3,1370.0,1722,14,67,12379.3
839.14,351.2,1370.0,1722,66,67,12381.2
839.257,353.3,1370.0,1722,89,68,12383.4
839.375,773.3,1370.0,1722,89,66,12390.4
839.494,386.8,1370.0,1722,58,67,12397.1
839.612,775.3,1370.0,1722,53,65,12339.9
839.731,518.4,1370.0,1722,58,66,12361.0
839.849,359.5,1370.0,1722,58,67,12369.8
839.967,650.0,1370.0,1722,56,66,12375.3
840.087,522.5,1370.0,1722,64,67,12381.1
840.205,781.5,1370.0,1722,64,65,12396.4
840.323,395.1,1370.0,1722,22,68,12401.8
840.441,654.1,1370.0,1722,54,65,12415.2
840.56,783.6,1370.0,1722,54,65,12437.5
840.678,526.7,1370.0,1722,12,67,12443.7
840.797,785.7,1370.0,1722,51,65,12460.3
840.915,528.8,1370.0,1722,58,66,12464.5
841.033,369.8,1370.0,1722,58,67,12470.5
841.15,789.8,1370.0,1722,63,66,12483.1
841.269,532.9,1370.0,1722,60,66,12492.8
841.387,791.9,1370.0,1722,60,65,12511.2
841.506,381.0,1370.0,1722,22,67,12521.0
841.625,664.5,1370.0,1722,52,65,12545.9
841.743,376.0,1370.0,1722,50,68,12552.4
841.861,666.5,1370.0,1722,50,65,12554.5
841.981,378.1,1370.0,1722,27,68,12476.2
842.099,668.6,1370.0,1722,52,65,12498.8
842.217,380.2,1370.0,1722,52,68,12517.5
842.334,541.2,1370.0,1722,50,65,12545.5
842.452,800.2,1370.0,1722,17,65,12554.3
842.571,382.2,1370.0,1722,49,67,12571.1
842.689,672.7,1370.0,1722,49,65,12593.7
842.807,384.3,1370.0,1722,21,66,12608.0
842.925,674.8,1370.0,1722,53,65,12652.6
843.043,386.4,1370.0,1722,53,68,12654.9
843.162,676.9,1370.0,1722,54,65,12683.6
843.281,388.5,1370.0,1722,20,66,12708.1
843.4,549.5,1370.0,1722,20,65,12735.4
843.519,808.5,1370.0,1722,44,65,12758.0
843.637,390.5,1370.0,1722,27,68,12768.8
843.756,681.0,1370.0,1722,44,65,12786.7
843.876,392.6,1370.0,1722,44,68,12790.7
843.995,683.1,1370.0,1722,50,65,12813.5
844.115,394.7,1370.0,1722,26,67,12821.8
844.234,685.2,1370.0,1722,26,65,12838.7
844.353,396.7,1370.0,1722,51,67,12848.7
844.473,557.7,1370.0,1722,48,65,12868.0
844.593,816.7,1370.0,1722,19,65,12904.5
844.712,398.8,1370.0,1722,19,67,12920.1
844.832,559.8,1370.0,1722,7,65,12938.0
845.049,689.3,1370.0,1722,2,65,12912.4
845.368,818.8,1370.0,1722,11,65,12887.5
845.674,561.9,1370.0,1722,39,65,12865.9
845.836,561.9,1370.0,1722,1,65,12848.2
845.961,561.9,1370.0,1722,1,65,12831.6
846.082,561.9,1370.0,1722,4,65,12816.5
846.203,561.9,1370.0,1722,4,65,12817.7
846.325,691.4,1370.0,1722,8,65,12813.7
846.453,402.9,1370.0,1722,25,67,12810.1
846.573,402.9,1370.0,1722,25,65,12792.8
846.694,402.9,1370.0,1722,27,65,12777.3
846.814,434.5,1370.0,1722,1,65,12759.6
846.935,434.5,1370.0,1722,1,65,12743.4
847.057,564.0,1370.0,1722,1,65,12726.9
847.178,564.0,1370.0,1722,4,65,12710.0
847.298,564.0,1370.0,1722,1,65,12694.3
847.42,564.0,1370.0,1722,4,65,12679.8
847.54,564.0,1370.0,1722,4,65,12662.2
847.662,564.0,1370.0,1722,4,65,12645.8
847.783,564.0,1370.0,1722,1,65,12627.8
847.904,693.5,1370.0,1722,1,64,12616.8
848.025,693.5,1370.0,1722,1,65,12600.5
848.145,693.5,1370.0,1722,4,65,12585.3
848.266,693.5,1370.0,1722,1,64,12572.0
848.387,693.5,1370.0,1722,1,64,12556.4
848.508,693.5,1370.0,1722,0,64,12542.4
848.628,693.5,1370.0,1722,4,64,12533.5
848.749,693.5,1370.0,1722,4,64,12517.4
848.87,693.5,1370.0,1722,0,64,12502.1
848.991,693.5,1370.0,1722,0,64,12487.0
849.112,693.5,1370.0,1722,4,64,12481.9
849.232,823.0,1370.0,1722,4,64,12493.9
849.352,823.0,1370.0,1722,5,64,12492.3
849.473,823.0,1370.0,1722,3,64,12477.5
849.594,823.0,1370.0,1722,4,64,12461.5
849.714,823.0,1370.0,1722,4,64,12446.2
849.834,405.0,1370.0,1722,8,65,12437.8
849.955,566.0,1370.0,1722,39,64,12440.3
850.075,566.0,1370.0,1722,39,64,12342.7
850.196,566.0,1370.0,1722,9,64,12338.4
850.316,566.0,1370.0,1722,0,64,12333.5
850.44,695.5,1370.0,1722,1,64,12297.9
850.56,695.5,1370.0,1722,1,64,12187.2
850.682,825.0,1370.0,1722,8,64,12219.0
850.801,825.0,1370.0,1722,8,64,12249.9
850.918,358.2,1370.0,1722,8,64,12295.3
851.042,358.2,1370.0,1722,45,64,12393.2
851.166,358.2,1370.0,1722,3,64,12376.0
851.29,358.2,1370.0,1722,0,64,12203.0
851.411,358.2,1370.0,1722,0,64,12310.4
851.536,358.2,1370.0,1722,0,64,12411.6
851.66,358.2,1370.0,1722,3,64,12521.8
851.785,358.2,1370.0,1722,0,64,12639.2
851.909,358.2,1370.0,1722,0,64,12748.6
852.036,358.2,1370.0,1722,0,64,12841.4
852.162,358.2,1370.0,1722,3,64,12926.9
852.288,358.2,1370.0,1722,0,64,13013.6
852.415,358.2,1370.0,1722,0,64,13112.8
852.541,358.2,1370.0,1722,0,64,13201.5
852.679,358.2,1370.0,1722,3,64,13293.4
852.806,358.2,1370.0,1722,0,64,13376.6
853.001,358.2,1370.0,1722,0,64,13418.9
853.22,358.2,1370.0,1722,0,64,13435.2
853.47,358.2,1370.0,1722,0,64,13281.2
853.596,358.2,1370.0,1722,3,64,13052.6
853.736,358.2,1370.0,1722,3,64,13134.1
853.856,358.2,1370.0,1722,0,64,13192.6
853.975,358.2,1370.0,1722,0,64,13223.9
854.094,358.2,1370.0,1722,0,64,13255.1
854.212,358.2,1370.0,1722,3,64,13169.0
854.336,358.2,1370.0,1722,0,64,13245.0
854.462,358.2,1370.0,1722,0,64,13273.4
854.588,358.2,1370.0,1722,0,64,13273.4
854.713,361.6,1370.0,1722,3,64,13226.6
854.831,544.8,1370.0,1722,3,64,13186.9
854.951,674.3,1370.0,1722,9,64,13197.4
855.069,383.8,1370.0,1722,9,67,13200.5
855.187,674.3,1370.0,1722,85,66,13205.9
855.305,803.8,1370.0,1722,17,65,13221.8
855.423,382.7,1370.0,1722,17,68,13228.0
855.541,414.2,1370.0,1722,50,66,13236.0
855.66,802.7,1370.0,1722,36,65,13244.4
855.778,381.5,1370.0,1722,36,69,13245.5
855.895,672.0,1370.0,1722,71,66,13267.6
856.014,380.4,1370.0,1722,24,66,13280.2
856.131,541.4,1370.0,1722,72,67,13284.9
856.25,800.4,1370.0,1722,72,65,13308.8
856.368,379.2,1370.0,1722,47,68,13310.4
856.486,799.2,1370.0,1722,51,66,13319.8
856.604,378.1,1370.0,1722,51,69,13321.5
856.722,668.6,1370.0,1722,75,66,13329.7
856.839,376.9,1370.0,1722,22,67,13335.2
856.958,537.9,1370.0,1722,70,66,13343.1
857.076,796.9,1370.0,1722,70,65,13352.2
857.194,375.8,1370.0,1722,47,68,13356.0
857.312,536.8,1370.0,1722,44,66,13376.3
857.43,795.8,1370.0,1722,44,65,13389.4
857.548,374.6,1370.0,1722,18,69,13391.6
857.666,535.6,1370.0,1722,68,66,13402.0
857.784,794.6,1370.0,1722,68,65,13424.1
857.902,373.5,1370.0,1722,16,68,13431.3
858.019,534.5,1370.0,1722,67,66,13437.5
858.138,793.5,1370.0,1722,25,65,13449.3
858.258,372.3,1370.0,1722,25,69,13450.9
858.376,662.8,1370.0,1722,70,66,13462.2
858.494,371.2,1370.0,1722,36,68,13352.0
858.614,532.2,1370.0,1722,36,66,13360.5
858.731,791.2,1370.0,1722,57,65,13391.2
858.849,370.0,1370.0,1722,29,68,13400.5
858.967,531.0,1370.0,1722,57,66,13412.0
859.086,790.0,1370.0,1722,57,65,13428.0
859.206,368.9,1370.0,1722,46,68,13419.6
859.324,788.9,1370.0,1722,55,65,13423.4
859.442,367.7,1370.0,1722,55,69,13415.8
859.561,787.7,1370.0,1722,69,66,13412.8
859.679,366.6,1370.0,1722,60,69,13402.9
859.798,365.4,1370.0,1722,65,67,13397.8
859.917,396.9,1370.0,1722,65,67,13393.3
860.035,655.9,1370.0,1722,60,65,13402.7
860.154,364.3,1370.0,1722,46,69,13398.9
860.271,525.3,1370.0,1722,46,66,13400.1
860.39,784.3,1370.0,1722,47,65,13405.5
860.508,363.1,1370.0,1722,63,68,13395.7
860.625,783.1,1370.0,1722,63,66,13398.2
860.744,362.0,1370.0,1722,33,68,13393.0
860.862,652.5,1370.0,1722,71,66,13401.0
860.98,652.5,1370.0,1722,12,65,13430.6
861.098,782.0,1370.0,1722,12,65,13461.4
861.216,360.8,1370.0,1722,9,67,13475.0
861.334,392.3,1370.0,1722,65,66,13486.5
861.452,521.8,1370.0,1722,65,65,13524.2
861.57,651.3,1370.0,1722,10,65,13562.3
861.689,780.8,1370.0,1722,10,65,13593.7
861.807,359.7,1370.0,1722,42,68,13603.4
861.926,520.7,1370.0,1722,42,66,13626.1
862.047,520.7,1370.0,1722,5,65,13609.0
862.348,779.7,1370.0,1722,3,65,13576.6
862.67,779.7,1370.0,1722,31,67,13547.9
863.005,519.5,1370.0,1722,3,65,13519.3
863.323,649.0,1370.0,1722,3,65,13486.4
863.653,778.5,1370.0,1722,1,65,13446.4
864.006,370.5,1370.0,1722,4,67,13430.4
864.167,388.9,1370.0,1722,1,65,13391.8
864.509,518.4,1370.0,1722,4,65,13348.1
864.833,647.9,1370.0,1722,3,65,13315.2
865.136,356.2,1370.0,1722,44,67,13295.0
865.376,646.7,1370.0,1722,8,65,13269.4
865.641,776.2,1370.0,1722,1,65,13227.6
866.021,355.1,1370.0,1722,43,65,13186.1
866.299,516.1,1370.0,1722,2,65,13143.2
866.685,516.1,1370.0,1722,1,65,13104.3
867.039,645.6,1370.0,1722,3,65,13057.5
867.374,645.6,1370.0,1722,0,65,13029.2
867.502,645.6,1370.0,1722,4,65,13029.4
867.707,645.6,1370.0,1722,4,65,12924.7
867.937,775.1,1370.0,1722,1,65,12970.4
868.056,353.9,1370.0,1722,38,67,12972.8
868.177,385.5,1370.0,1722,47,65,12944.6
868.329,515.0,1370.0,1722,14,65,12983.8
868.511,515.0,1370.0,1722,2,65,12941.7
868.925,644.5,1370.0,1722,2,65,12895.6
869.3,644.5,1370.0,1722,2,65,12833.7
869.704,774.0,1370.0,1722,2,65,12751.1
870.133,774.0,1370.0,1722,1,65,12677.8
870.53,774.0,1370.0,1722,2,65,12641.4
870.746,1241.4,1370.0,1722,63,68,12591.8
870.989,324.3,1370.0,1722,12,66,12523.4
871.172,274.3,1370.0,1722,50,68,12295.1
871.296,694.3,1370.0,1722,50,68,12287.6
871.454,702.9,1370.0,1722,84,67,12280.5
871.573,698.5,1370.0,1722,77,67,12272.6
871.693,571.2,1370.0,1722,72,67,12265.7
871.814,443.8,1370.0,1722,72,68,12257.1
871.935,291.9,1370.0,1722,70,69,12249.3
872.056,287.0,1370.0,1722,78,70,12240.9
872.177,289.1,1370.0,1722,71,68,12232.9
872.297,579.7,1370.0,1722,71,67,12047.3
872.42,291.3,1370.0,1722,40,69,11926.0
872.539,581.8,1370.0,1722,52,67,11794.4
872.658,293.4,1370.0,1722,52,69,11802.7
872.776,454.4,1370.0,1722,50,66,11818.2
872.895,713.4,1370.0,1722,18,66,11829.3
873.014,456.5,1370.0,1722,53,67,11834.6
873.133,297.6,1370.0,1722,53,67,11841.3
873.251,458.7,1370.0,1722,53,67,11847.7
873.369,299.8,1370.0,1722,24,67,11852.7
873.486,460.8,1370.0,1722,24,67,11859.3
873.606,719.8,1370.0,1722,53,66,11871.4
873.724,462.9,1370.0,1722,49,67,11874.9
873.842,304.0,1370.0,1722,49,67,11882.6
873.959,465.0,1370.0,1722,39,67,11889.5
874.078,724.0,1370.0,1722,36,66,11899.9
874.196,306.1,1370.0,1722,52,68,11906.1
874.314,596.7,1370.0,1722,52,66,11918.7
874.432,308.3,1370.0,1722,31,66,11927.9
874.551,469.3,1370.0,1722,49,67,11934.8
874.67,728.3,1370.0,1722,49,66,11947.9
874.788,471.4,1370.0,1722,23,67,11953.7
874.907,600.9,1370.0,1722,47,66,11967.2
875.025,312.5,1370.0,1722,20,66,11980.7
875.144,473.5,1370.0,1722,20,66,11993.2
875.261,603.0,1370.0,1722,39,66,12006.5
875.379,314.6,1370.0,1722,16,66,12013.8
875.497,475.7,1370.0,1722,16,66,12022.8
875.615,734.7,1370.0,1722,48,66,12034.1
875.734,320.3,1370.0,1722,39,67,12037.4
875.853,607.3,1370.0,1722,39,66,12046.5
875.971,318.9,1370.0,1722,32,68,12051.1
876.09,609.4,1370.0,1722,51,66,12058.6
876.208,321.0,1370.0,1722,25,68,12070.1
876.326,482.0,1370.0,1722,25,66,12082.7
876.444,611.5,1370.0,1722,40,66,12023.5
876.564,741.0,1370.0,1722,12,65,11930.7
876.681,323.1,1370.0,1722,12,68,11944.4
876.799,484.2,1370.0,1722,43,66,11974.3
876.916,613.7,1370.0,1722,9,65,12003.1
877.034,743.2,1370.0,1722,11,65,12018.2
877.151,325.3,1370.0,1722,11,67,12041.2
877.269,486.3,1370.0,1722,44,66,12075.4
877.388,486.3,1370.0,1722,8,65,12005.8
877.508,745.3,1370.0,1722,8,65,11980.4
877.626,327.4,1370.0,1722,15,68,11994.2
877.744,488.4,1370.0,1722,45,66,11996.4
877.862,617.9,1370.0,1722,10,65,11997.0
877.98,747.4,1370.0,1722,10,65,12079.5
878.099,329.5,1370.0,1722,13,68,12112.3
878.217,490.5,1370.0,1722,39,65,12150.1
878.336,490.5,1370.0,1722,39,65,12151.2
878.456,490.5,1370.0,1722,3,65,12157.1
878.577,490.5,1370.0,1722,2,65,12162.9
878.697,490.5,1370.0,1722,2,65,12167.4
878.817,490.5,1370.0,1722,2,65,12169.4
878.936,490.5,1370.0,1722,0,65,12173.1
879.055,490.5,1370.0,1722,2,65,12180.1
879.176,620.0,1370.0,1722,2,65,12186.4
879.296,620.0,1370.0,1722,2,65,12132.0
879.416,620.0,1370.0,1722,1,65,12097.6
879.536,620.0,1370.0,1722,4,65,11924.4
879.663,620.0,1370.0,1722,4,65,11652.1
879.782,749.5,1370.0,1722,7,65,11528.6
879.904,749.5,1370.0,1722,3,65,11544.8
880.023,283.6,1370.0,1722,3,67,11578.5
880.142,282.8,1370.0,1722,32,66,11654.5
880.265,282.8,1370.0,1722,16,65,11775.0
880.388,282.8,1370.0,1722,0,65,11884.1
880.512,282.8,1370.0,1722,0,65,11922.2
880.639,282.8,1370.0,1722,2,65,12003.1
880.764,282.8,1370.0,1722,2,65,12100.2
880.888,282.8,1370.0,1722,0,65,12229.2
881.013,282.8,1370.0,1722,0,65,12331.9
881.138,282.8,1370.0,1722,2,65,12379.1
881.264,282.8,1370.0,1722,2,65,12484.6
881.388,282.8,1370.0,1722,0,65,12580.4
881.513,282.8,1370.0,1722,0,65,12702.1
881.639,282.8,1370.0,1722,2,65,12801.1
881.764,282.8,1370.0,1722,2,65,12892.8
881.895,282.8,1370.0,1722,0,65,12534.3
882.021,282.8,1370.0,1722,2,65,12560.5
882.167,282.8,1370.0,1722,2,65,12671.7
882.291,282.8,1370.0,1722,2,65,12778.5
882.415,282.8,1370.0,1722,0,65,12890.1
882.541,282.8,1370.0,1722,2,65,12991.7
882.666,282.8,1370.0,1722,2,65,13028.3
882.783,282.8,1370.0,1722,1,65,13095.4
882.905,282.8,1370.0,1722,0,65,13095.4
883.031,282.8,1370.0,1722,0,65,13095.4
883.156,286.4,1370.0,1722,3,65,13045.2
883.274,469.5,1370.0,1722,4,65,13079.7
883.391,751.4,1370.0,1722,33,65,13113.6
883.508,311.2,1370.0,1722,33,68,13130.4
883.626,601.7,1370.0,1722,65,66,13166.9
883.745,312.8,1370.0,1722,20,66,13216.6
883.864,312.8,1370.0,1722,20,68,13230.2
883.981,473.8,1370.0,1722,66,66,13291.3
884.099,603.3,1370.0,1722,13,66,13341.4
884.217,314.3,1370.0,1722,27,66,13368.5
884.335,314.3,1370.0,1722,27,67,13379.4
884.456,475.3,1370.0,1722,52,66,13350.5
884.574,604.8,1370.0,1722,14,65,13269.2
884.693,734.3,1370.0,1722,14,65,13303.6
884.811,315.9,1370.0,1722,19,69,13308.2
884.93,476.9,1370.0,1722,59,66,13347.7
885.052,606.4,1370.0,1722,16,66,13380.9
885.172,735.9,1370.0,1722,16,65,13416.0
885.29,317.4,1370.0,1722,37,69,13409.3
885.41,737.4,1370.0,1722,51,66,13415.1
885.529,319.0,1370.0,1722,51,68,13433.2
885.647,480.0,1370.0,1722,52,67,13431.1
885.767,739.0,1370.0,1722,41,66,13434.6
885.886,320.5,1370.0,1722,41,69,13427.8
886.004,611.0,1370.0,1722,70,66,13438.1
886.123,322.0,1370.0,1722,23,68,13439.2
886.241,353.6,1370.0,1722,70,67,13439.4
886.36,612.6,1370.0,1722,70,66,13448.2
886.479,779.5,1370.0,1722,16,66,13448.3
886.597,323.6,1370.0,1722,65,69,13439.2
886.716,614.1,1370.0,1722,65,66,13447.5
886.836,743.6,1370.0,1722,26,66,13463.4
886.954,325.1,1370.0,1722,44,70,13454.2
887.073,615.7,1370.0,1722,47,66,13460.4
887.193,326.7,1370.0,1722,47,68,13461.3
887.311,358.2,1370.0,1722,59,67,13457.6
887.43,746.7,1370.0,1722,29,66,13465.5
887.555,328.2,1370.0,1722,58,69,13459.4
887.702,489.2,1370.0,1722,38,66,13454.2
887.861,748.2,1370.0,1722,12,65,13457.5
888.073,329.8,1370.0,1722,43,68,13450.0
888.26,490.8,1370.0,1722,41,66,13451.1
888.452,749.8,1370.0,1722,7,66,13420.5
888.744,331.3,1370.0,1722,54,67,13407.3
888.927,751.3,1370.0,1722,44,65,13395.2
889.106,332.9,1370.0,1722,34,67,13385.0
889.272,623.4,1370.0,1722,61,66,13364.2
889.476,334.4,1370.0,1722,18,69,13354.9
889.601,624.9,1370.0,1722,70,66,13328.9
889.799,336.0,1370.0,1722,25,69,13322.8
889.921,497.0,1370.0,1722,65,67,13319.4
890.074,756.0,1370.0,1722,26,69,13302.0
890.314,498.5,1370.0,1722,5,66,13248.5
890.605,757.5,1370.0,1722,18,67,13207.3
890.876,339.1,1370.0,1722,77,66,13176.3
891.066,759.1,1370.0,1722,25,66,13176.1
891.198,340.6,1370.0,1722,75,67,13157.7
891.373,631.1,1370.0,1722,13,66,13115.1
891.665,352.2,1370.0,1722,66,67,13096.5
891.949,503.2,1370.0,1722,6,66,13060.9
892.288,762.2,1370.0,1722,4,66,13037.8
892.616,343.7,1370.0,1722,26,68,13023.3
892.834,504.7,1370.0,1722,6,66,12990.5
893.147,634.2,1370.0,1722,6,66,12972.1
893.364,345.3,1370.0,1722,69,67,12957.0
893.596,506.3,1370.0,1722,4,66,12931.6
893.929,765.3,1370.0,1722,68,68,12912.9
894.217,637.3,1370.0,1722,18,66,12907.1
894.462,348.3,1370.0,1722,36,69,12897.6
894.602,768.4,1370.0,1722,57,66,12880.9
894.835,768.4,1370.0,1722,5,66,12867.3
894.964,768.4,1370.0,1722,3,66,12852.1
895.091,768.4,1370.0,1722,6,66,12835.3
895.215,768.4,1370.0,1722,6,66,12820.1
895.337,349.9,1370.0,1722,2,66,12804.3
895.459,349.9,1370.0,1722,63,68,12796.5
895.581,510.9,1370.0,1722,63,66,12806.4
895.701,510.9,1370.0,1722,10,66,12802.1
895.877,640.4,1370.0,1722,4,66,12770.0
896.186,769.9,1370.0,1722,6,66,12748.1
896.457,769.9,1370.0,1722,5,66,12714.0
896.815,351.4,1370.0,1722,24,67,12700.3
897.027,382.9,1370.0,1722,6,66,12696.8
897.266,512.4,1370.0,1722,4,66,12666.6
897.416,641.9,1370.0,1722,4,66,12679.8
897.544,641.9,1370.0,1722,6,66,12651.6
897.682,771.4,1370.0,1722,9,66,12700.7
897.846,771.4,1370.0,1722,2,66,12671.4
898.211,771.4,1370.0,1722,1,66,12629.8
898.592,329.1,1370.0,1722,1,69,12620.4
898.716,769.4,1370.0,1722,67,66,12619.6
898.836,771.4,1370.0,1722,63,67,12610.4
898.957,514.5,1370.0,1722,75,67,12603.4
899.078,387.2,1370.0,1722,75,69,12594.8
899.199,357.9,1370.0,1722,71,69,12586.5
899.32,360.1,1370.0,1722,73,69,12577.9
899.439,362.2,1370.0,1722,77,67,12569.4
899.559,782.3,1370.0,1722,77,67,12561.1
899.679,784.4,1370.0,1722,82,67,12552.5
899.8,657.1,1370.0,1722,71,68,12544.4
899.92,529.8,1370.0,1722,71,69,12536.5
900.041,371.0,1370.0,1722,68,69,12529.1
900.161,799.1,1370.0,1722,66,67,12524.3
900.28,663.7,1370.0,1722,61,67,12518.1
900.401,536.3,1370.0,1722,61,69,12511.4
900.524,377.5,1370.0,1722,66,69,12503.5
900.645,379.7,1370.0,1722,67,67,12497.6
900.764,799.7,1370.0,1722,67,67,12490.2
900.885,542.9,1370.0,1722,64,68,12482.3
901.005,384.0,1370.0,1722,71,69,12474.7
901.125,386.2,1370.0,1722,64,67,12469.8
901.245,676.7,1370.0,1722,64,67,12464.6
901.366,419.9,1370.0,1722,55,68,12458.8
901.487,390.6,1370.0,1722,57,69,12454.8
901.607,681.1,1370.0,1722,57,67,12450.0
901.728,553.8,1370.0,1722,61,68,12443.1
901.849,394.9,1370.0,1722,62,69,12323.4
901.988,815.0,1370.0,1722,64,67,12238.0
902.111,428.6,1370.0,1722,56,67,12215.2
902.235,817.1,1370.0,1722,56,66,12054.8
902.355,399.3,1370.0,1722,21,68,12064.0
902.473,689.8,1370.0,1722,53,67,12078.1
902.594,819.3,1370.0,1722,53,66,12099.8
902.711,401.5,1370.0,1722,15,69,12107.7
902.829,692.0,1370.0,1722,46,66,12126.2
902.947,821.5,1370.0,1722,46,66,12143.6
903.065,403.7,1370.0,1722,13,67,12158.4
903.201,564.7,1370.0,1722,53,67,12173.5
903.319,823.7,1370.0,1722,20,66,12200.0
903.437,405.8,1370.0,1722,20,69,12175.4
903.556,566.9,1370.0,1722,45,66,12105.0
903.681,825.9,1370.0,1722,20,66,12123.6
903.802,408.0,1370.0,1722,18,67,12176.7
903.921,569.0,1370.0,1722,18,67,12205.5
904.039,569.0,1370.0,1722,35,66,12282.2
904.161,698.5,1370.0,1722,9,66,12277.6
904.279,698.5,1370.0,1722,9,66,12263.9
904.398,698.5,1370.0,1722,1,66,12253.8
904.519,698.5,1370.0,1722,2,66,12252.3
904.639,698.5,1370.0,1722,5,66,12117.9
904.762,698.5,1370.0,1722,5,66,12022.6
904.881,828.0,1370.0,1722,7,66,11973.0
905.0,360.1,1370.0,1722,21,69,11997.3
905.118,361.4,1370.0,1722,21,66,12115.3
905.243,361.4,1370.0,1722,26,66,12232.9
905.367,361.4,1370.0,1722,1,66,12332.2
905.491,361.4,1370.0,1722,3,66,12435.5
905.616,361.4,1370.0,1722,3,66,12537.9
905.741,361.4,1370.0,1722,3,66,12416.7
905.868,361.4,1370.0,1722,1,66,12377.5
905.992,361.4,1370.0,1722,2,66,12481.2
906.117,361.4,1370.0,1722,2,66,12587.6
906.242,361.4,1370.0,1722,4,66,12683.6
906.367,361.4,1370.0,1722,1,66,12663.1
906.493,361.4,1370.0,1722,3,66,12781.9
906.618,361.4,1370.0,1722,3,66,12563.1
906.76,361.4,1370.0,1722,3,65,12667.6
906.885,361.4,1370.0,1722,2,65,12772.6
907.014,361.4,1370.0,1722,3,65,12870.2
907.14,361.4,1370.0,1722,3,65,12975.1
907.265,361.4,1370.0,1722,3,65,13058.3
907.39,361.4,1370.0,1722,2,65,13006.1
907.515,361.4,1370.0,1722,3,65,13110.4
907.64,361.4,1370.0,1722,2,65,13162.2
907.759,361.4,1370.0,1722,2,65,13144.7
907.886,361.4,1370.0,1722,2,65,13144.7
908.013,361.4,1370.0,1722,4,65,13144.7
908.139,365.2,1370.0,1722,4,65,13092.6
908.257,387.1,1370.0,1722,6,67,13169.5
908.375,418.6,1370.0,1722,92,66,13172.1
908.493,677.6,1370.0,1722,30,66,13186.7
908.611,385.9,1370.0,1722,30,67,13187.4
908.729,546.9,1370.0,1722,82,66,13197.5
908.847,805.9,1370.0,1722,18,66,13205.4
908.965,384.6,1370.0,1722,18,69,13207.0
909.083,545.6,1370.0,1722,72,67,13218.2
909.202,675.1,1370.0,1722,19,66,13234.2
909.32,804.6,1370.0,1722,10,66,13257.8
909.438,383.4,1370.0,1722,10,69,13268.9
909.556,544.4,1370.0,1722,69,67,13279.2
909.675,673.9,1370.0,1722,15,66,13304.8
909.794,803.4,1370.0,1722,15,66,13255.9
909.913,803.4,1370.0,1722,11,66,13178.9
910.033,382.1,1370.0,1722,52,68,13182.4
910.152,672.6,1370.0,1722,34,66,13192.5
910.271,802.1,1370.0,1722,34,66,13218.9
910.391,380.9,1370.0,1722,22,70,13226.8
910.508,671.4,1370.0,1722,67,67,13233.7
910.626,379.6,1370.0,1722,67,68,13240.6
910.744,411.1,1370.0,1722,52,67,13251.2
910.861,670.1,1370.0,1722,38,66,13287.5
910.98,378.3,1370.0,1722,38,66,13305.2
911.098,378.3,1370.0,1722,31,69,13290.6
911.216,668.8,1370.0,1722,57,66,13168.0
911.335,377.1,1370.0,1722,44,68,13104.4
911.452,538.1,1370.0,1722,44,67,13123.7
911.571,667.6,1370.0,1722,46,66,13160.9
911.689,375.8,1370.0,1722,17,67,13188.7
911.807,407.3,1370.0,1722,17,68,13207.5
911.925,666.3,1370.0,1722,69,66,13238.0
912.043,374.6,1370.0,1722,18,67,13266.7
912.161,381.6,1370.0,1722,69,68,13280.1
912.279,665.1,1370.0,1722,69,66,13082.0
912.398,380.3,1370.0,1722,18,67,13058.1
912.516,373.3,1370.0,1722,69,68,13063.8
912.634,534.3,1370.0,1722,69,66,13106.5
912.752,793.3,1370.0,1722,15,66,13146.8
912.87,372.0,1370.0,1722,16,69,13171.6
912.988,533.1,1370.0,1722,16,67,13202.1
913.105,662.6,1370.0,1722,65,66,13257.9
913.223,792.1,1370.0,1722,14,66,13272.8
913.344,370.8,1370.0,1722,42,68,13279.1
913.462,531.8,1370.0,1722,42,67,13295.5
913.581,790.8,1370.0,1722,45,66,13320.3
913.7,369.5,1370.0,1722,17,67,13324.0
913.817,401.0,1370.0,1722,17,67,13329.4
913.936,530.5,1370.0,1722,62,66,13340.8
914.055,789.5,1370.0,1722,14,66,13421.4
914.174,368.3,1370.0,1722,58,69,13426.6
914.293,529.3,1370.0,1722,58,66,13444.5
914.413,658.8,1370.0,1722,23,66,13486.1
914.533,367.0,1370.0,1722,16,66,13524.4
914.653,398.5,1370.0,1722,16,68,13531.1
914.772,657.5,1370.0,1722,9,66,13568.2
914.993,787.0,1370.0,1722,3,65,13529.8
915.405,365.8,1370.0,1722,25,66,13505.8
915.596,364.5,1370.0,1722,53,69,13500.5
915.715,655.0,1370.0,1722,79,67,13493.6
915.836,363.2,1370.0,1722,69,70,13487.0
915.956,524.2,1370.0,1722,2,66,13478.6
916.303,653.8,1370.0,1722,3,66,13447.4
916.658,653.8,1370.0,1722,1,65,13411.2
917.028,783.2,1370.0,1722,1,66,13363.5
917.478,783.2,1370.0,1722,18,69,13299.1
917.883,523.0,1370.0,1722,2,66,13273.0
918.282,523.0,1370.0,1722,2,66,13223.8
918.692,652.5,1370.0,1722,1,66,13181.5
919.06,652.5,1370.0,1722,1,66,13124.7
919.482,652.5,1370.0,1722,2,66,13070.3
919.918,782.0,1370.0,1722,3,66,13032.7
920.211,782.0,1370.0,1722,1,66,12979.1
920.641,360.7,1370.0,1722,66,67,12965.2
920.813,521.7,1370.0,1722,9,66,12939.9
921.107,780.7,1370.0,1722,65,67,12916.8
921.393,520.5,1370.0,1722,5,66,12866.1
921.723,779.5,1370.0,1722,3,66,12806.5
922.034,358.2,1370.0,1722,67,67,12766.5
922.229,648.7,1370.0,1722,17,66,12748.6
922.448,357.0,1370.0,1722,17,70,12741.0
922.575,647.5,1370.0,1722,67,67,12733.7
922.755,355.7,1370.0,1722,65,67,12705.8
923.062,516.7,1370.0,1722,7,66,12656.3
923.265,646.2,1370.0,1722,7,66,12614.7
923.385,775.7,1370.0,1722,11,66,12652.8
923.504,354.4,1370.0,1722,11,70,12585.8
923.624,515.4,1370.0,1722,67,67,12585.3
923.745,515.4,1370.0,1722,10,66,12681.4
923.886,644.9,1370.0,1722,3,66,12659.7
924.205,644.9,1370.0,1722,3,66,12643.6
924.434,644.9,1370.0,1722,2,66,12607.5
924.82,774.4,1370.0,1722,2,66,12561.4
925.199,774.4,1370.0,1722,1,66,12511.1
925.636,774.4,1370.0,1722,1,66,12480.3
925.947,327.4,1370.0,1722,37,69,12482.0
926.068,247.3,1372.0,1724,45,67,12498.5
926.188,274.4,1372.0,1724,45,69,12491.6
926.309,276.7,1372.0,1724,76,69,12110.0
926.432,278.9,1372.0,1724,80,69,12110.1
926.55,281.1,1372.0,1724,80,68,12110.2
926.667,283.4,1372.0,1724,82,68,12110.5
926.785,285.6,1372.0,1724,83,68,12110.6
926.903,287.8,1372.0,1724,83,68,12110.6
927.021,707.8,1372.0,1724,83,67,12110.7
927.139,710.1,1372.0,1724,87,68,11956.9
927.272,712.3,1372.0,1724,81,68,11927.4
927.39,714.6,1372.0,1724,81,68,11932.3
927.507,716.8,1372.0,1724,82,68,11954.8
927.626,460.0,1372.0,1724,90,68,11996.2
927.744,301.2,1372.0,1724,68,70,12057.4
927.863,721.3,1372.0,1724,68,67,12079.9
927.982,464.5,1372.0,1724,32,69,12088.5
928.101,723.5,1372.0,1724,50,67,12105.8
928.218,466.7,1372.0,1724,50,67,12109.8
928.337,725.7,1372.0,1724,57,67,12122.5
928.455,469.0,1372.0,1724,50,67,12126.6
928.574,310.2,1372.0,1724,30,67,12133.6
928.691,471.2,1372.0,1724,30,67,12139.4
928.81,312.4,1372.0,1724,49,67,12145.5
928.927,473.4,1372.0,1724,49,67,12151.5
929.046,732.4,1372.0,1724,49,67,12158.8
929.164,475.7,1372.0,1724,39,67,12164.1
929.282,316.9,1372.0,1724,39,66,12160.4
929.4,477.9,1372.0,1724,53,67,12066.7
929.522,319.1,1372.0,1724,53,69,11944.4
929.641,739.1,1372.0,1724,57,67,11949.9
929.759,321.4,1372.0,1724,40,69,11955.4
929.877,482.4,1372.0,1724,40,67,11965.0
929.995,741.4,1372.0,1724,27,66,11978.3
930.113,323.6,1372.0,1724,14,66,11996.7
930.231,484.6,1372.0,1724,14,67,12014.0
930.35,614.1,1372.0,1724,42,66,12038.4
930.469,743.6,1372.0,1724,10,66,12062.6
930.588,743.6,1372.0,1724,11,66,12088.5
930.706,357.3,1372.0,1724,11,67,12095.6
930.824,616.3,1372.0,1724,44,66,12107.0
930.943,745.8,1372.0,1724,12,66,12128.2
931.061,328.1,1372.0,1724,12,66,12145.3
931.179,489.1,1372.0,1724,27,67,12153.4
931.297,618.6,1372.0,1724,32,66,12161.3
931.416,330.3,1372.0,1724,49,68,12164.7
931.534,620.8,1372.0,1724,49,66,12180.8
931.652,332.5,1372.0,1724,19,67,12176.5
931.771,493.5,1372.0,1724,50,66,12151.4
931.892,623.0,1372.0,1724,50,66,12209.5
932.01,752.5,1372.0,1724,13,66,12245.1
932.128,286.0,1372.0,1724,39,67,12281.3
932.248,286.0,1372.0,1724,10,66,12382.6
932.373,286.0,1372.0,1724,10,66,12478.6
932.5,286.0,1372.0,1724,1,66,12567.0
932.627,286.0,1372.0,1724,5,66,12658.8
932.756,286.0,1372.0,1724,1,66,12750.7
932.891,286.0,1372.0,1724,1,66,12756.6
933.02,286.0,1372.0,1724,1,66,12734.2
933.15,286.0,1372.0,1724,5,66,12805.6
933.295,286.0,1372.0,1724,2,66,12890.6
933.455,286.0,1372.0,1724,2,66,12937.0
933.619,286.0,1372.0,1724,1,66,12932.5
933.868,286.0,1372.0,1724,2,66,12933.5
934.136,286.0,1372.0,1724,6,66,12920.9
934.397,286.0,1372.0,1724,5,66,12884.8
934.725,286.0,1372.0,1724,2,66,12902.7
934.965,286.0,1372.0,1724,4,66,12912.5
935.209,286.0,1372.0,1724,2,66,12914.8
935.48,286.0,1372.0,1724,5,66,12914.4
935.708,286.0,1372.0,1724,1,66,12914.8
936.005,286.0,1372.0,1724,2,66,12893.9
936.202,286.0,1372.0,1724,5,66,12568.3
936.329,286.0,1372.0,1724,2,66,12306.8
936.473,286.0,1372.0,1724,2,66,12398.6
936.6,286.0,1372.0,1724,5,66,12508.0
936.725,286.0,1372.0,1724,5,66,12594.8
936.849,286.0,1372.0,1724,1,66,12663.9
936.969,286.0,1372.0,1724,2,66,12720.7
937.088,286.0,1372.0,1724,2,66,12747.8
937.206,286.0,1372.0,1724,5,66,12775.5
937.325,286.0,1372.0,1724,2,66,12747.7
937.444,286.0,1372.0,1724,1,66,12843.0
937.571,286.0,1372.0,1724,1,66,12789.7
937.698,286.0,1372.0,1724,4,66,12622.9
937.823,286.0,1372.0,1724,2,66,12723.4
937.948,286.0,1372.0,1724,1,66,12823.8
938.072,286.0,1372.0,1724,1,66,12895.4
938.197,286.0,1372.0,1724,4,66,12948.9
938.322,286.0,1372.0,1724,2,66,12979.2
938.447,286.0,1372.0,1724,1,66,12979.2
938.573,472.8,1372.0,1724,1,66,12955.3
938.692,731.8,1372.0,1724,17,66,13015.5
938.809,757.0,1372.0,1724,11,67,13044.7
938.927,346.1,1372.0,1724,11,68,13049.1
939.046,605.1,1372.0,1724,71,67,13066.1
939.164,316.0,1372.0,1724,20,67,13082.2
939.282,347.5,1372.0,1724,70,69,13089.6
939.4,606.5,1372.0,1724,70,67,13102.4
939.518,317.4,1372.0,1724,18,67,13110.4
939.635,317.4,1372.0,1724,75,68,13113.5
939.753,478.4,1372.0,1724,75,67,13126.0
939.871,607.9,1372.0,1724,13,66,13145.0
939.989,737.4,1372.0,1724,10,66,13167.0
940.107,318.9,1372.0,1724,61,70,13170.1
940.225,479.9,1372.0,1724,61,67,13186.7
940.343,609.4,1372.0,1724,21,66,13210.2
940.46,738.9,1372.0,1724,9,66,13235.5
940.579,738.9,1372.0,1724,9,66,13215.3
940.697,320.3,1372.0,1724,23,69,13097.3
940.815,481.3,1372.0,1724,61,67,13109.6
940.934,610.8,1372.0,1724,61,66,13121.1
941.051,740.3,1372.0,1724,12,66,13145.9
941.17,321.7,1372.0,1724,34,69,13149.1
941.306,612.3,1372.0,1724,65,66,13158.8
941.424,323.2,1372.0,1724,65,68,13165.8
941.542,354.7,1372.0,1724,54,67,13170.7
941.661,613.7,1372.0,1724,40,66,13181.8
941.779,324.6,1372.0,1724,43,69,13188.0
941.897,485.6,1372.0,1724,43,67,13192.2
942.014,744.6,1372.0,1724,57,66,13203.7
942.133,326.1,1372.0,1724,55,69,13206.3
942.25,487.1,1372.0,1724,55,66,13213.7
942.368,746.1,1372.0,1724,43,66,13151.0
942.488,327.5,1372.0,1724,56,68,13060.7
942.623,618.0,1372.0,1724,48,66,13075.3
942.741,747.5,1372.0,1724,48,66,13087.7
942.86,328.9,1372.0,1724,44,68,13089.1
942.978,619.4,1372.0,1724,48,66,13102.0
943.097,330.4,1372.0,1724,48,68,13109.1
943.236,491.4,1372.0,1724,48,68,13114.8
943.355,750.4,1372.0,1724,53,66,13128.1
943.473,331.8,1372.0,1724,34,68,13137.9
943.598,492.8,1372.0,1724,34,67,13142.3
943.717,751.8,1372.0,1724,65,66,13157.6
943.836,333.2,1372.0,1724,44,69,13158.9
943.965,494.3,1372.0,1724,66,66,13168.9
944.083,753.3,1372.0,1724,66,66,13178.3
944.201,334.7,1372.0,1724,44,68,13180.4
944.319,625.2,1372.0,1724,54,66,13211.6
944.437,754.7,1372.0,1724,54,66,12968.3
944.556,336.1,1372.0,1724,19,70,12932.6
944.674,497.1,1372.0,1724,67,67,12989.2
944.792,756.1,1372.0,1724,16,66,13050.0
944.91,337.6,1372.0,1724,16,69,13067.1
945.028,498.6,1372.0,1724,70,67,13106.4
945.146,628.1,1372.0,1724,19,66,13158.5
945.264,757.6,1372.0,1724,19,66,13213.0
945.383,339.0,1372.0,1724,27,69,13215.4
945.501,629.5,1372.0,1724,58,66,13100.2
945.619,340.4,1372.0,1724,58,67,12998.3
945.737,501.4,1372.0,1724,41,68,13009.9
945.856,760.4,1372.0,1724,58,66,13072.3
945.973,341.9,1372.0,1724,34,69,13102.1
946.091,502.9,1372.0,1724,34,67,13130.4
946.21,632.4,1372.0,1724,51,66,13028.2
946.333,761.9,1372.0,1724,15,66,12981.1
946.452,343.3,1372.0,1724,15,69,12981.8
946.57,504.3,1372.0,1724,69,66,13012.8
946.693,633.8,1372.0,1724,12,66,12977.9
946.811,763.3,1372.0,1724,11,66,12984.9
946.93,763.3,1372.0,1724,11,66,13027.3
947.051,344.7,1372.0,1724,18,69,12945.5
947.17,505.8,1372.0,1724,59,66,12798.9
947.289,635.3,1372.0,1724,59,66,12775.4
947.41,635.3,1372.0,1724,9,66,12624.4
947.53,764.8,1372.0,1724,12,66,12630.5
947.653,346.2,1372.0,1724,31,68,12652.6
947.771,349.7,1372.0,1724,31,67,12675.5
947.895,507.2,1372.0,1724,43,66,12722.3
948.019,507.2,1372.0,1724,7,66,12733.7
948.14,636.7,1372.0,1724,10,66,12429.5
948.263,636.7,1372.0,1724,10,66,12400.3
948.382,766.2,1372.0,1724,7,66,12365.9
948.507,766.2,1372.0,1724,7,66,12400.1
948.629,347.6,1372.0,1724,7,70,12404.2
948.751,379.1,1372.0,1724,67,66,12440.7
948.873,508.6,1372.0,1724,5,66,12484.2
948.995,508.6,1372.0,1724,6,66,12530.0
949.117,638.1,1372.0,1724,6,66,12571.2
949.239,638.1,1372.0,1724,9,65,12615.0
949.361,767.6,1372.0,1724,6,65,12660.5
949.483,767.6,1372.0,1724,8,66,12708.4
949.605,349.1,1372.0,1724,8,69,12717.2
949.725,380.6,1372.0,1724,66,66,12750.0
949.847,510.1,1372.0,1724,7,66,12795.7
949.969,510.1,1372.0,1724,7,66,12836.7
950.091,639.6,1372.0,1724,7,66,12882.8
950.213,639.6,1372.0,1724,8,66,12929.1
950.335,769.1,1372.0,1724,6,66,12979.0
950.458,769.1,1372.0,1724,6,66,13031.8
950.583,350.5,1372.0,1724,9,69,13038.5
950.703,382.0,1372.0,1724,66,66,13075.5
950.824,511.5,1372.0,1724,6,66,13119.9
950.946,511.5,1372.0,1724,6,66,13172.7
951.069,641.0,1372.0,1724,7,66,13216.7
951.19,641.0,1372.0,1724,7,66,13228.0
951.309,641.0,1372.0,1724,2,66,13221.1
951.428,641.0,1372.0,1724,2,66,13205.9
951.548,641.0,1372.0,1724,3,65,13192.7
951.667,641.0,1372.0,1724,3,65,13178.0
951.787,641.0,1372.0,1724,3,65,13165.6
951.907,641.0,1372.0,1724,1,66,13152.4
952.026,641.0,1372.0,1724,3,65,13153.4
952.145,770.5,1372.0,1724,5,65,13159.5
952.265,770.5,1372.0,1724,5,66,13170.2
952.384,770.5,1372.0,1724,3,66,13168.6
952.503,770.5,1372.0,1724,4,66,13153.9
952.623,770.5,1372.0,1724,4,65,13139.2
952.742,770.5,1372.0,1724,3,65,13126.4
952.86,770.5,1372.0,1724,1,65,13112.2
952.98,770.5,1372.0,1724,3,66,13097.6
953.099,770.5,1372.0,1724,3,66,13084.3
953.219,770.5,1372.0,1724,3,66,13071.3
953.338,770.5,1372.0,1724,1,65,13063.9
953.46,770.5,1372.0,1724,1,65,13050.5
953.579,770.5,1372.0,1724,4,65,13036.2
953.698,770.5,1372.0,1724,3,65,13023.5
953.819,770.5,1372.0,1724,3,65,13014.2
953.938,351.9,1372.0,1724,3,67,13003.1
954.058,351.9,1372.0,1724,78,65,12990.4
954.177,351.9,1372.0,1724,4,65,12978.1
954.298,351.9,1372.0,1724,4,65,12964.1
954.418,351.9,1372.0,1724,0,65,12951.0
954.538,355.4,1372.0,1724,2,65,12937.5
954.658,383.4,1372.0,1724,4,65,12928.5
954.777,383.4,1372.0,1724,4,65,12915.6
954.897,383.4,1372.0,1724,2,65,12902.1
955.017,383.4,1372.0,1724,3,65,12891.0
955.137,512.9,1372.0,1724,3,65,12874.3
955.257,512.9,1372.0,1724,4,65,12861.8
955.377,512.9,1372.0,1724,2,65,12848.0
955.497,512.9,1372.0,1724,3,65,12834.2
955.616,512.9,1372.0,1724,3,65,12821.2
955.739,512.9,1372.0,1724,4,65,12808.1
955.859,512.9,1372.0,1724,3,65,12794.2
955.979,512.9,1372.0,1724,3,65,12780.6
956.099,512.9,1372.0,1724,3,65,12766.7
956.219,512.9,1372.0,1724,3,65,12753.2
956.339,512.9,1372.0,1724,1,65,12739.2
956.459,512.9,1372.0,1724,1,65,12725.5
956.579,512.9,1372.0,1724,3,65,12711.3
956.698,512.9,1372.0,1724,3,65,12697.5
956.818,512.9,1372.0,1724,3,65,12683.3
956.939,512.9,1372.0,1724,2,64,12669.3
957.06,512.9,1372.0,1724,3,65,12655.3
957.181,512.9,1372.0,1724,3,65,12641.3
957.3,512.9,1372.0,1724,3,65,12627.3
957.421,512.9,1372.0,1724,1,65,12613.3
957.541,512.9,1372.0,1724,3,65,12599.4
957.661,512.9,1372.0,1724,3,65,12585.5
957.782,512.9,1372.0,1724,3,65,12571.7
957.901,512.9,1372.0,1724,2,64,12557.6
958.021,512.9,1372.0,1724,3,65,12543.5
958.14,512.9,1372.0,1724,3,64,12529.6
958.26,512.9,1372.0,1724,3,64,12515.9
958.38,512.9,1372.0,1724,1,64,12502.1
958.501,512.9,1372.0,1724,3,65,12488.2
958.621,642.4,1372.0,1724,3,64,12473.7
958.74,642.4,1372.0,1724,3,64,12459.8
958.86,642.4,1372.0,1724,1,64,12445.1
958.98,642.4,1372.0,1724,1,64,12430.9
959.101,642.4,1372.0,1724,4,64,12416.4
959.22,642.4,1372.0,1724,3,64,12401.9
959.341,642.4,1372.0,1724,2,64,12387.5
959.461,642.4,1372.0,1724,2,64,12373.1
959.581,642.4,1372.0,1724,3,64,12358.9
959.701,642.4,1372.0,1724,3,64,12344.0
959.821,642.4,1372.0,1724,3,64,12329.6
959.941,642.4,1372.0,1724,2,64,12315.1
960.061,642.4,1372.0,1724,3,64,12300.8
960.181,642.4,1372.0,1724,3,64,12285.8
960.301,642.4,1372.0,1724,3,64,12266.7
960.422,642.4,1372.0,1724,1,64,12253.2
960.542,642.4,1372.0,1724,3,64,12239.9
960.663,642.4,1372.0,1724,3,64,12226.8
960.783,642.4,1372.0,1724,3,64,12215.7
960.904,642.4,1372.0,1724,1,64,12201.3
961.024,642.4,1372.0,1724,3,64,12191.4
961.144,642.4,1372.0,1724,3,64,12178.0
961.264,642.4,1372.0,1724,2,64,12166.4
961.384,642.4,1372.0,1724,2,64,12156.0
961.503,642.4,1372.0,1724,2,64,12144.8
961.624,642.4,1372.0,1724,3,64,12132.0
961.744,642.4,1372.0,1724,3,64,12118.7
961.864,642.4,1372.0,1724,1,64,12106.0
961.985,771.9,1372.0,1724,1,64,12094.8
962.105,771.9,1372.0,1724,3,64,12081.9
962.225,771.9,1372.0,1724,3,64,12070.2
962.344,771.9,1372.0,1724,3,64,12057.5
962.464,771.9,1372.0,1724,2,64,12043.6
962.584,771.9,1372.0,1724,3,64,12025.5
962.705,771.9,1372.0,1724,3,64,12011.6
962.825,771.9,1372.0,1724,3,64,11998.8
962.944,771.9,1372.0,1724,1,64,11984.7
963.064,771.9,1372.0,1724,3,64,11971.8
963.184,771.9,1372.0,1724,3,64,11961.2
963.304,771.9,1372.0,1724,3,64,11948.6
963.424,771.9,1372.0,1724,2,64,11937.4
963.544,771.9,1372.0,1724,3,64,11922.6
963.665,771.9,1372.0,1724,3,64,11899.0
963.786,329.5,1372.0,1724,5,65,11844.8
963.904,324.3,1372.0,1724,72,66,11849.9
964.023,351.4,1372.0,1724,64,67,11851.7
964.143,353.7,1372.0,1724,64,67,11852.7
964.26,355.9,1372.0,1724,96,68,11801.4
964.379,358.1,1372.0,1724,97,68,11776.7
964.497,360.4,1372.0,1724,97,67,11780.0
964.617,521.4,1372.0,1724,93,66,11823.3
964.736,650.9,1372.0,1724,11,65,11869.1
964.855,523.6,1372.0,1724,11,67,11878.8
964.973,782.6,1372.0,1724,61,65,11948.0
965.092,782.6,1372.0,1724,21,65,11988.4
965.211,525.8,1372.0,1724,48,66,12018.2
965.329,367.1,1372.0,1724,48,66,12034.5
965.447,787.1,1372.0,1724,55,66,12039.7
965.565,659.8,1372.0,1724,66,67,12043.1
965.686,532.6,1372.0,1724,66,67,12046.6
965.805,373.8,1372.0,1724,71,67,12055.0
965.923,664.3,1372.0,1724,57,66,12063.1
966.042,379.5,1372.0,1724,60,67,12067.7
966.161,796.0,1372.0,1724,60,66,12083.4
966.278,539.3,1372.0,1724,36,67,12087.5
966.397,798.3,1372.0,1724,44,65,12095.0
966.515,541.5,1372.0,1724,44,66,12100.4
966.633,800.5,1372.0,1724,54,65,12110.0
966.751,543.7,1372.0,1724,53,67,12113.9
966.869,802.7,1372.0,1724,21,65,12127.2
966.987,384.9,1372.0,1724,21,68,12130.8
967.107,675.5,1372.0,1724,59,66,12139.2
967.225,387.2,1372.0,1724,30,66,12144.4
967.343,548.2,1372.0,1724,30,66,12153.1
967.461,807.2,1372.0,1724,41,65,12161.9
967.58,550.4,1372.0,1724,50,66,12138.8
967.7,809.4,1372.0,1724,27,65,12009.0
967.82,552.7,1372.0,1724,27,67,12016.1
967.94,682.2,1372.0,1724,48,65,12044.2
968.058,811.7,1372.0,1724,15,65,12073.4
968.176,425.4,1372.0,1724,15,66,12079.7
968.296,684.4,1372.0,1724,47,65,12096.3
968.414,396.1,1372.0,1724,16,65,12112.8
968.532,557.1,1372.0,1724,16,66,12121.1
968.65,816.1,1372.0,1724,51,65,12132.9
968.767,559.4,1372.0,1724,44,66,12139.1
968.886,688.9,1372.0,1724,21,65,12151.6
969.004,818.4,1372.0,1724,21,65,12173.3
969.122,400.6,1372.0,1724,14,68,12187.0
969.241,561.6,1372.0,1724,46,65,12146.6
969.36,691.1,1372.0,1724,46,65,12100.8
969.482,820.6,1372.0,1724,10,65,12034.4
969.604,402.8,1372.0,1724,27,67,12048.9
969.722,563.8,1372.0,1724,28,65,12076.5
969.841,693.3,1372.0,1724,28,65,12103.4
969.959,822.8,1372.0,1724,12,65,12141.3
970.077,405.1,1372.0,1724,27,67,12155.5
970.195,566.1,1372.0,1724,27,65,12181.2
970.314,695.6,1372.0,1724,31,65,12194.9
970.432,407.3,1372.0,1724,24,68,12203.9
970.55,697.8,1372.0,1724,42,65,12208.4
970.669,827.3,1372.0,1724,42,65,12102.2
970.787,441.0,1372.0,1724,33,66,12114.4
970.905,700.0,1372.0,1724,27,65,12120.4
971.023,700.0,1372.0,1724,27,65,12165.7
971.141,829.5,1372.0,1724,12,65,12213.4
971.259,361.7,1372.0,1724,7,66,12140.0
971.378,363.0,1372.0,1724,36,65,12209.3
971.502,363.0,1372.0,1724,36,65,12293.4
971.629,363.0,1372.0,1724,3,65,12364.5
971.756,363.0,1372.0,1724,4,65,12432.6
971.888,363.0,1372.0,1724,2,65,12501.5
972.045,363.0,1372.0,1724,3,65,12555.0
972.189,363.0,1372.0,1724,2,65,12606.3
972.346,363.0,1372.0,1724,1,65,12651.1
972.561,363.0,1372.0,1724,4,65,12583.1
972.69,363.0,1372.0,1724,4,65,12652.1
972.828,363.0,1372.0,1724,1,65,12728.3
972.954,363.0,1372.0,1724,2,65,12792.1
973.082,363.0,1372.0,1724,4,65,12832.4
973.301,363.0,1372.0,1724,2,65,12858.1
973.492,363.0,1372.0,1724,3,65,12860.7
973.71,363.0,1372.0,1724,2,65,12870.0
973.943,363.0,1372.0,1724,2,65,12875.6
974.169,363.0,1372.0,1724,1,65,12888.1
974.394,363.0,1372.0,1724,1,65,12892.7
974.643,363.0,1372.0,1724,0,65,12902.5
974.895,363.0,1372.0,1724,2,65,12885.8
975.023,363.0,1372.0,1724,2,65,12456.2
975.161,363.0,1372.0,1724,4,65,12200.8
975.299,363.0,1372.0,1724,1,65,12271.1
975.418,363.0,1372.0,1724,1,65,12325.4
975.538,363.0,1372.0,1724,1,65,12382.1
975.657,363.0,1372.0,1724,5,65,12435.5
975.777,363.0,1372.0,1724,1,65,12497.1
975.897,363.0,1372.0,1724,1,65,12555.4
976.016,363.0,1372.0,1724,2,65,12608.5
976.135,363.0,1372.0,1724,4,65,12707.2
976.256,363.0,1372.0,1724,2,65,12807.9
976.38,363.0,1372.0,1724,2,65,12905.0
976.505,363.0,1372.0,1724,1,65,13004.8
976.632,363.0,1372.0,1724,5,65,13077.6
976.757,363.0,1372.0,1724,1,65,13101.7
976.882,363.0,1372.0,1724,1,65,13108.2
977.007,364.3,1372.0,1724,2,65,13052.7
977.126,388.8,1372.0,1724,26,68,13077.4
977.243,679.3,1372.0,1724,83,67,13080.3
977.362,387.5,1372.0,1724,83,70,13085.7
977.492,807.5,1372.0,1724,84,66,13088.4
977.611,386.2,1372.0,1724,73,68,13088.7
977.729,806.2,1372.0,1724,73,66,13091.8
977.848,384.9,1372.0,1724,64,69,13092.5
977.965,545.9,1372.0,1724,58,66,13113.8
978.084,675.4,1372.0,1724,14,66,13138.9
978.202,804.9,1372.0,1724,14,66,13158.3
978.32,383.6,1372.0,1724,45,68,13160.7
978.439,544.6,1372.0,1724,41,66,13171.9
978.557,803.6,1372.0,1724,41,66,13185.8
978.675,803.6,1372.0,1724,16,65,13143.9
978.794,382.2,1372.0,1724,51,68,13145.0
978.912,672.8,1372.0,1724,51,66,13153.7
979.03,802.3,1372.0,1724,35,65,13163.6
979.148,380.9,1372.0,1724,44,70,13163.8
979.266,541.9,1372.0,1724,42,66,13174.0
979.384,800.9,1372.0,1724,42,66,13183.3
979.503,379.6,1372.0,1724,22,69,13185.1
979.621,540.6,1372.0,1724,69,66,13191.3
979.74,799.6,1372.0,1724,69,66,13199.2
979.858,378.3,1372.0,1724,24,70,13199.5
979.976,668.8,1372.0,1724,68,66,13206.8
980.094,377.0,1372.0,1724,30,66,13214.0
980.212,408.5,1372.0,1724,30,68,13217.2
980.33,667.5,1372.0,1724,63,66,13226.8
980.449,375.7,1372.0,1724,22,67,13233.2
980.567,536.7,1372.0,1724,22,67,13236.0
980.685,666.2,1372.0,1724,70,66,13244.4
980.803,374.4,1372.0,1724,18,68,13249.6
980.921,535.4,1372.0,1724,18,67,13252.9
981.039,794.4,1372.0,1724,70,66,13261.9
981.157,373.1,1372.0,1724,21,67,13231.4
981.277,534.1,1372.0,1724,71,67,13055.6
981.395,793.1,1372.0,1724,71,66,13065.8
981.514,371.7,1372.0,1724,30,69,13066.6
981.632,662.3,1372.0,1724,66,66,13073.5
981.75,345.9,1372.0,1724,66,65,13079.6
981.869,401.9,1372.0,1724,36,68,13082.4
981.987,660.9,1372.0,1724,58,66,13103.9
982.105,790.4,1372.0,1724,16,65,13133.2
982.226,369.1,1372.0,1724,16,69,13136.2
982.344,659.6,1372.0,1724,72,66,13165.1
982.462,789.1,1372.0,1724,16,65,13188.4
982.581,367.8,1372.0,1724,16,68,13193.0
982.699,658.3,1372.0,1724,73,66,13221.6
982.817,787.8,1372.0,1724,19,65,13246.9
982.937,366.5,1372.0,1724,69,68,13173.1
983.055,365.2,1372.0,1724,69,68,13175.7
983.173,526.2,1372.0,1724,77,67,13177.6
983.291,363.9,1372.0,1724,38,67,13199.1
983.41,395.4,1372.0,1724,38,67,13208.6
983.528,524.9,1372.0,1724,69,66,13250.6
983.646,783.9,1372.0,1724,14,65,13284.1
983.767,362.6,1372.0,1724,35,68,13301.5
983.885,523.6,1372.0,1724,35,67,13311.1
984.003,653.1,1372.0,1724,48,66,13349.2
984.123,782.6,1372.0,1724,14,65,13385.7
984.242,361.2,1372.0,1724,14,66,13433.3
984.361,392.8,1372.0,1724,45,67,13448.9
984.481,522.3,1372.0,1724,32,66,13496.0
984.6,781.3,1372.0,1724,17,65,13533.7
984.722,359.9,1372.0,1724,17,67,13563.4
984.86,363.4,1372.0,1724,21,65,13558.6
985.109,520.9,1372.0,1724,1,65,13511.5
985.445,520.9,1372.0,1724,6,65,13460.8
985.751,650.4,1372.0,1724,1,65,13391.9
986.134,779.9,1372.0,1724,2,65,13336.3
986.477,779.9,1372.0,1724,4,65,13289.2
986.888,358.6,1372.0,1724,1,69,13282.0
987.022,390.1,1372.0,1724,4,65,13244.5
987.372,519.6,1372.0,1724,1,65,13188.5
987.733,519.6,1372.0,1724,0,65,13136.0
988.155,649.1,1372.0,1724,5,65,13085.2
988.522,778.6,1372.0,1724,1,65,13029.5
988.912,778.6,1372.0,1724,4,65,12986.6
989.307,357.3,1372.0,1724,54,67,12974.7
989.475,388.8,1372.0,1724,4,65,12925.7
989.865,518.3,1372.0,1724,3,65,12888.2
990.219,647.8,1372.0,1724,1,65,12843.8
990.619,647.8,1372.0,1724,1,65,12819.2
990.932,777.3,1372.0,1724,5,65,12780.1
991.094,356.0,1372.0,1724,5,69,12668.7
991.215,517.0,1372.0,1724,69,66,12703.9
991.335,646.5,1372.0,1724,9,66,12776.3
991.455,646.5,1372.0,1724,8,65,12805.4
991.733,776.0,1372.0,1724,1,65,12760.7
992.069,776.0,1372.0,1724,1,65,12696.7
992.442,776.0,1372.0,1724,20,67,12660.3
992.774,354.7,1372.0,1724,2,66,12614.1
993.197,515.7,1372.0,1724,2,66,12566.0
993.603,515.7,1372.0,1724,1,65,12517.0
994.042,515.7,1372.0,1724,2,65,12472.6
994.391,645.2,1372.0,1724,1,65,12412.5
994.555,645.2,1372.0,1724,6,65,12088.9
994.68,774.7,1372.0,1724,5,66,12068.7
994.8,774.7,1372.0,1724,5,65,12055.5
994.921,774.7,1372.0,1724,0,65,12040.8
995.041,774.7,1372.0,1724,2,65,12030.5
995.162,774.7,1372.0,1724,2,65,12018.7
995.282,774.7,1372.0,1724,2,65,11927.6
995.402,774.7,1372.0,1724,1,65,11864.9
995.52,329.5,1372.0,1724,33,70,11872.2
995.639,324.3,1372.0,1724,33,66,11882.9
995.757,562.9,1372.0,1724,43,66,11894.6
995.878,435.4,1372.0,1724,65,67,11896.7
995.997,308.2,1372.0,1724,76,68,11897.9
996.116,278.9,1372.0,1724,76,69,11899.4
996.235,281.1,1372.0,1724,77,69,11901.3
996.352,283.4,1372.0,1724,72,68,11823.1
996.472,703.4,1372.0,1724,72,67,11797.9
996.591,705.6,1372.0,1724,73,67,11802.0
996.709,448.8,1372.0,1724,79,67,11804.1
996.83,451.1,1372.0,1724,72,68,11806.3
996.949,292.3,1372.0,1724,72,69,11808.9
997.066,294.5,1372.0,1724,66,67,11811.8
997.184,455.6,1372.0,1724,58,67,11824.3
997.302,714.6,1372.0,1724,58,66,11843.8
997.42,296.8,1372.0,1724,17,67,11854.2
997.539,457.8,1372.0,1724,47,66,11872.0
997.657,716.8,1372.0,1724,16,66,11892.7
997.776,299.0,1372.0,1724,16,69,11900.0
997.893,589.5,1372.0,1724,50,66,11911.5
998.012,719.0,1372.0,1724,14,66,11934.5
998.13,332.8,1372.0,1724,14,68,11940.4
998.248,591.8,1372.0,1724,48,66,11948.2
998.367,303.5,1372.0,1724,18,67,11953.3
998.484,464.5,1372.0,1724,49,66,11962.1
998.603,723.5,1372.0,1724,49,66,11970.8
998.721,337.2,1372.0,1724,36,67,11975.0
998.839,596.2,1372.0,1724,28,66,11983.0
998.958,725.7,1372.0,1724,28,65,11995.6
999.075,469.0,1372.0,1724,32,66,12000.2
999.194,598.5,1372.0,1724,32,66,12008.8
999.313,310.2,1372.0,1724,32,67,12015.2
999.431,471.2,1372.0,1724,30,66,12022.4
999.548,600.7,1372.0,1724,30,66,12021.8
999.667,312.4,1372.0,1724,36,67,11959.5
999.786,602.9,1372.0,1724,36,66,11976.1
999.904,732.4,1372.0,1724,29,65,11977.4
1000.023,346.2,1372.0,1724,47,68,11924.7
1000.141,605.2,1372.0,1724,47,66,11936.8
1000.26,316.9,1372.0,1724,19,65,11947.1
1000.378,477.9,1372.0,1724,45,66,11958.9
1000.496,607.4,1372.0,1724,15,66,11977.4
1000.614,736.9,1372.0,1724,15,65,11992.1
1000.732,350.6,1372.0,1724,34,66,11998.6
1000.85,609.6,1372.0,1724,26,66,12013.9
1000.969,739.1,1372.0,1724,26,65,12026.6
1001.087,352.9,1372.0,1724,23,67,12032.9
1001.205,611.9,1372.0,1724,40,65,12046.5
1001.323,741.4,1372.0,1724,40,65,12001.4
1001.441,741.4,1372.0,1724,11,66,11757.5
1001.564,355.1,1372.0,1724,44,66,11712.5
1001.682,484.6,1372.0,1724,13,65,11738.3
1001.801,614.1,1372.0,1724,13,65,11772.8
1001.919,743.6,1372.0,1724,9,65,11812.6
1002.038,325.8,1372.0,1724,13,67,11843.1
1002.157,486.8,1372.0,1724,13,66,11866.1
1002.275,486.8,1372.0,1724,42,65,11904.8
1002.392,616.3,1372.0,1724,10,65,11942.5
1002.51,745.8,1372.0,1724,11,65,11986.8
1002.628,328.1,1372.0,1724,11,66,11983.5
1002.769,489.1,1372.0,1724,52,65,12022.3
1002.887,618.6,1372.0,1724,11,65,12063.8
1003.006,748.1,1372.0,1724,12,65,12104.7
1003.125,748.1,1372.0,1724,12,65,12146.4
1003.245,361.8,1372.0,1724,28,66,12170.3
1003.365,491.3,1372.0,1724,27,65,12209.2
1003.484,750.3,1372.0,1724,27,65,12203.0
1003.602,332.5,1372.0,1724,17,68,12228.1
1003.721,493.5,1372.0,1724,45,65,12156.9
1003.839,623.0,1372.0,1724,11,65,12060.6
1003.962,752.5,1372.0,1724,11,65,12115.1
1004.082,286.0,1372.0,1724,16,67,12152.7
1004.202,286.0,1372.0,1724,33,65,12238.4
1004.326,286.0,1372.0,1724,33,65,12318.6
1004.454,286.0,1372.0,1724,2,65,12392.4
1004.58,286.0,1372.0,1724,3,65,12468.7
1004.707,286.0,1372.0,1724,3,65,12548.4
1004.833,286.0,1372.0,1724,1,65,12585.6
1004.961,286.0,1372.0,1724,1,65,12294.6
1005.086,286.0,1372.0,1724,3,65,12242.9
1005.223,286.0,1372.0,1724,3,65,12345.1
1005.347,286.0,1372.0,1724,2,65,12455.4
1005.472,286.0,1372.0,1724,2,65,12554.8
1005.597,286.0,1372.0,1724,2,65,12662.8
1005.721,286.0,1372.0,1724,3,65,12768.4
1005.847,286.0,1372.0,1724,2,65,12858.4
1005.973,286.0,1372.0,1724,2,65,12954.5
1006.099,286.0,1372.0,1724,3,65,13045.7
1006.225,286.0,1372.0,1724,2,65,13132.3
1006.352,286.0,1372.0,1724,1,65,13222.4
1006.479,286.0,1372.0,1724,1,65,13308.2
1006.606,286.0,1372.0,1724,5,65,13385.5
1006.732,286.0,1372.0,1724,3,65,13456.5
1006.856,286.0,1372.0,1724,1,65,13500.5
1006.984,286.0,1372.0,1724,1,65,13543.7
1007.105,286.0,1372.0,1724,4,65,13568.3
1007.239,286.0,1372.0,1724,2,65,13582.8
1007.376,286.0,1372.0,1724,2,65,13593.6
1007.547,286.0,1372.0,1724,2,65,13621.8
1007.794,286.0,1372.0,1724,3,65,13591.3
1008.229,286.0,1372.0,1724,4,65,13478.9
1008.404,286.0,1372.0,1724,2,65,13541.1
1008.53,286.0,1372.0,1724,2,65,13527.7
1008.672,286.0,1372.0,1724,2,65,13313.2
1008.799,286.0,1372.0,1724,3,65,12872.2
1008.941,286.0,1372.0,1724,2,65,12818.3
1009.079,286.0,1372.0,1724,3,65,12836.2
1009.211,286.0,1372.0,1724,5,65,12836.2
1009.343,343.3,1372.0,1724,5,65,12788.7
1009.461,731.8,1372.0,1724,6,65,12808.6
1009.58,314.6,1372.0,1724,61,67,12813.0
1009.698,475.6,1372.0,1724,49,65,12838.4
1009.817,734.6,1372.0,1724,49,65,12856.0
1009.935,316.0,1372.0,1724,26,69,12860.9
1010.053,477.0,1372.0,1724,66,66,12885.4
1010.172,606.5,1372.0,1724,66,66,12911.6
1010.29,317.4,1372.0,1724,15,68,12925.3
1010.408,607.9,1372.0,1724,72,67,12926.7
1010.527,318.9,1372.0,1724,81,70,12931.6
1010.645,479.9,1372.0,1724,81,66,12944.6
1010.763,609.4,1372.0,1724,21,66,12963.9
1010.881,320.3,1372.0,1724,28,68,12975.1
1010.999,351.8,1372.0,1724,28,67,12981.2
1011.117,610.8,1372.0,1724,60,66,12993.8
1011.235,740.3,1372.0,1724,13,66,13011.4
1011.353,740.3,1372.0,1724,13,65,13029.4
1011.471,321.7,1372.0,1724,17,68,13036.0
1011.591,482.8,1372.0,1724,64,66,13088.5
1011.71,741.8,1372.0,1724,15,66,13108.5
1011.828,323.2,1372.0,1724,15,65,13127.9
1011.946,323.2,1372.0,1724,43,68,13132.2
1012.064,484.2,1372.0,1724,39,66,13144.5
1012.183,743.2,1372.0,1724,39,66,13157.8
1012.301,324.6,1372.0,1724,19,69,13160.4
1012.418,485.6,1372.0,1724,69,66,13169.9
1012.537,744.6,1372.0,1724,20,66,13179.0
1012.656,326.1,1372.0,1724,20,69,13182.8
1012.773,487.1,1372.0,1724,70,66,13239.6
1012.892,616.6,1372.0,1724,16,66,13248.7
1013.01,327.5,1372.0,1724,16,67,13257.0
1013.128,359.0,1372.0,1724,53,67,13264.3
1013.247,618.0,1372.0,1724,34,66,13278.1
1013.364,747.5,1372.0,1724,34,65,13289.3
1013.483,328.9,1372.0,1724,15,69,13290.1
1013.601,489.9,1372.0,1724,69,66,13298.7
1013.719,748.9,1372.0,1724,21,65,13312.7
1013.838,330.4,1372.0,1724,21,69,13313.9
1013.96,491.4,1372.0,1724,78,66,13326.2
1014.08,750.4,1372.0,1724,21,65,13338.3
1014.197,331.8,1372.0,1724,21,69,13340.1
1014.315,492.8,1372.0,1724,67,66,13348.6
1014.433,782.7,1372.0,1724,22,65,13357.0
1014.552,333.2,1372.0,1724,75,69,13357.7
1014.669,623.8,1372.0,1724,75,66,13365.4
1014.789,334.7,1372.0,1724,26,68,13360.7
1014.927,625.2,1372.0,1724,82,66,13361.5
1015.046,754.7,1372.0,1724,19,66,13385.3
1015.165,336.1,1372.0,1724,19,69,13383.0
1015.283,497.1,1372.0,1724,77,66,13208.6
1015.402,756.1,1372.0,1724,17,66,13240.7
1015.521,337.6,1372.0,1724,17,67,13250.5
1015.649,498.6,1372.0,1724,66,66,13267.2
1015.767,757.6,1372.0,1724,37,65,13291.0
1015.885,339.0,1372.0,1724,41,67,13305.8
1016.007,500.0,1372.0,1724,41,66,13100.1
1016.145,340.4,1372.0,1724,61,68,13119.1
1016.267,501.4,1372.0,1724,82,66,13136.1
1016.385,760.4,1372.0,1724,21,65,13177.2
1016.503,341.9,1372.0,1724,21,66,13201.3
1016.621,502.9,1372.0,1724,68,66,13212.8
1016.74,632.4,1372.0,1724,27,65,13246.4
1016.857,761.9,1372.0,1724,27,65,13274.8
1016.975,343.3,1372.0,1724,14,68,13266.7
1017.094,504.3,1372.0,1724,73,66,13090.6
1017.212,633.8,1372.0,1724,73,65,13127.4
1017.33,763.3,1372.0,1724,17,65,13164.0
1017.448,344.7,1372.0,1724,37,69,13166.4
1017.573,505.8,1372.0,1724,53,65,13207.5
1017.691,505.8,1372.0,1724,53,65,13240.4
1017.809,764.8,1372.0,1724,11,65,13266.2
1017.929,346.2,1372.0,1724,46,68,13251.4
1018.047,507.2,1372.0,1724,46,66,13235.2
1018.165,636.7,1372.0,1724,42,65,13279.0
1018.283,636.7,1372.0,1724,10,65,13320.6
1018.403,830.7,1372.0,1724,13,65,13355.0
1018.523,347.6,1372.0,1724,13,68,13356.8
1018.642,508.6,1372.0,1724,69,66,13393.9
1018.762,767.6,1372.0,1724,13,65,13473.8
1018.881,767.6,1372.0,1724,4,67,13494.6
1019.237,349.1,1372.0,1724,3,65,13441.4
1019.686,510.1,1372.0,1724,2,65,13390.2
1020.108,510.1,1372.0,1724,2,65,13339.7
1020.507,510.1,1372.0,1724,3,65,13289.0
1020.903,639.6,1372.0,1724,6,65,13249.0
1021.205,639.6,1372.0,1724,2,65,13191.2
1021.643,639.6,1372.0,1724,2,65,13140.4
1022.063,769.1,1372.0,1724,2,65,13089.5
1022.475,769.1,1372.0,1724,2,65,13032.3
1022.928,350.5,1372.0,1724,53,66,13006.1
1023.144,382.0,1372.0,1724,1,65,12960.4
1023.572,511.5,1372.0,1724,2,65,12910.3
1023.988,511.5,1372.0,1724,5,65,12865.5
1024.369,511.5,1372.0,1724,4,65,12807.2
1024.839,641.0,1372.0,1724,4,65,12755.4
1025.249,641.0,1372.0,1724,3,65,12732.1
1025.498,770.5,1372.0,1724,6,65,12709.3
1025.77,770.5,1372.0,1724,6,65,12701.2
1025.931,351.9,1372.0,1724,65,69,12703.8
1026.051,383.4,1372.0,1724,16,66,12753.1
1026.291,512.9,1372.0,1724,1,66,12750.6
1026.572,512.9,1372.0,1724,1,66,12675.9
1027.021,642.4,1372.0,1724,1,66,12603.9
1027.407,642.4,1372.0,1724,2,66,12573.7
1027.582,642.4,1372.0,1724,1,66,12501.1
1027.98,642.4,1372.0,1724,1,66,12468.4
1028.188,771.9,1372.0,1724,7,66,12133.6
1028.307,329.5,1372.0,1724,20,69,11893.5
1028.441,381.0,1372.0,1724,62,66,11893.4
1028.561,351.5,1372.0,1724,62,68,11894.6
1028.679,353.8,1372.0,1724,91,69,11895.3
1028.797,356.1,1372.0,1724,88,69,11897.1
1028.915,358.4,1372.0,1724,88,68,11900.9
1029.033,519.4,1372.0,1724,80,67,11908.9
1029.151,648.9,1372.0,1724,28,66,11928.0
1029.27,360.7,1372.0,1724,52,68,11934.4
1029.389,780.7,1372.0,1724,52,66,11945.6
1029.507,524.0,1372.0,1724,51,67,11950.9
1029.625,365.3,1372.0,1724,45,69,11964.2
1029.743,655.8,1372.0,1724,45,66,11968.2
1029.862,528.5,1372.0,1724,59,69,11970.8
1029.981,369.8,1372.0,1724,58,67,11975.6
1030.099,789.8,1372.0,1724,63,67,11980.7
1030.217,379.1,1372.0,1724,63,69,11989.2
1030.336,662.6,1372.0,1724,49,66,12015.3
1030.455,792.1,1372.0,1724,16,66,12038.3
1030.572,535.4,1372.0,1724,16,68,12048.4
1030.69,664.9,1372.0,1724,51,66,12073.9
1030.809,794.4,1372.0,1724,13,66,12095.1
1030.927,537.7,1372.0,1724,13,67,12100.5
1031.045,667.2,1372.0,1724,51,66,12122.3
1031.163,796.7,1372.0,1724,15,66,12149.1
1031.281,540.0,1372.0,1724,46,67,12153.7
1031.4,669.5,1372.0,1724,46,66,12162.4
1031.519,381.3,1372.0,1724,18,68,12168.4
1031.637,542.3,1372.0,1724,49,66,12179.4
1031.755,671.8,1372.0,1724,49,66,12189.8
1031.873,383.6,1372.0,1724,15,69,12193.6
1031.992,544.6,1372.0,1724,47,66,12202.9
1032.11,803.6,1372.0,1724,17,66,12214.2
1032.229,385.9,1372.0,1724,17,69,12211.1
1032.348,676.4,1372.0,1724,48,66,12211.3
1032.467,805.9,1372.0,1724,17,66,12213.9
1032.586,391.6,1372.0,1724,17,69,12209.7
1032.706,678.6,1372.0,1724,58,66,12211.4
1032.825,390.4,1372.0,1724,16,66,12211.4
1032.943,551.4,1372.0,1724,51,67,12208.2
1033.062,810.4,1372.0,1724,51,66,12209.5
1033.18,424.2,1372.0,1724,34,68,12210.9
1033.303,683.2,1372.0,1724,37,66,11913.2
1033.422,395.0,1372.0,1724,37,68,11748.9
1033.54,556.0,1372.0,1724,49,66,11711.9
1033.658,815.0,1372.0,1724,16,66,11723.9
1033.776,397.3,1372.0,1724,22,66,11731.7
1033.894,558.3,1372.0,1724,22,66,11739.0
1034.012,687.8,1372.0,1724,38,66,11750.2
1034.131,817.3,1372.0,1724,14,66,11761.5
1034.249,406.6,1372.0,1724,14,67,11768.9
1034.368,560.6,1372.0,1724,44,66,11782.1
1034.486,690.1,1372.0,1724,9,66,11796.0
1034.603,819.6,1372.0,1724,9,65,11815.0
1034.721,401.9,1372.0,1724,12,68,11827.3
1034.838,562.9,1372.0,1724,42,66,11843.7
1034.956,692.4,1372.0,1724,10,65,11863.1
1035.075,692.4,1372.0,1724,10,65,11888.3
1035.193,404.2,1372.0,1724,14,67,11901.6
1035.311,565.2,1372.0,1724,47,66,11934.0
1035.429,824.2,1372.0,1724,47,65,11964.8
1035.547,406.5,1372.0,1724,15,67,11980.9
1035.664,567.5,1372.0,1724,48,66,12012.8
1035.783,567.5,1372.0,1724,8,65,12050.6
1035.901,697.0,1372.0,1724,8,65,12081.4
1036.019,826.5,1372.0,1724,8,65,12109.4
1036.137,440.3,1372.0,1724,49,66,12123.2
1036.254,569.8,1372.0,1724,49,65,12152.8
1036.372,699.3,1372.0,1724,9,65,12147.8
1036.492,837.7,1372.0,1724,12,65,12174.0
1036.611,572.0,1372.0,1724,12,66,12196.5
1036.729,701.5,1372.0,1724,47,65,12240.4
1036.847,831.0,1372.0,1724,12,65,12277.0
1036.966,364.6,1372.0,1724,45,67,12315.0
1037.09,364.6,1372.0,1724,45,65,12418.9
1037.218,364.6,1372.0,1724,3,65,12412.4
1037.344,364.6,1372.0,1724,0,65,12431.1
1037.473,364.6,1372.0,1724,0,65,12508.6
1037.599,364.6,1372.0,1724,0,65,12587.9
1037.727,364.6,1372.0,1724,3,65,12675.5
1037.868,364.6,1372.0,1724,0,65,12764.0
1037.997,364.6,1372.0,1724,0,65,12846.2
1038.124,364.6,1372.0,1724,3,65,12674.5
1038.255,364.6,1372.0,1724,3,65,12468.2
1038.38,364.6,1372.0,1724,0,65,12575.2
1038.504,364.6,1372.0,1724,0,65,12689.8
1038.629,364.6,1372.0,1724,3,65,12792.7
1038.753,364.6,1372.0,1724,3,65,12756.5
1038.88,364.6,1372.0,1724,0,65,12852.0
1039.005,364.6,1372.0,1724,0,65,12897.3
1039.13,364.6,1372.0,1724,3,65,12959.1
1039.255,364.6,1372.0,1724,3,65,13011.1
1039.38,364.6,1372.0,1724,0,65,13023.2
1039.505,364.6,1372.0,1724,1,65,13119.7
1039.631,364.6,1372.0,1724,2,65,13179.1
1039.75,364.6,1372.0,1724,2,65,13233.8
1039.87,364.6,1372.0,1724,0,65,13283.8
1039.99,364.6,1372.0,1724,1,65,13303.7
1040.117,364.6,1372.0,1724,1,65,13407.9
1040.237,364.6,1372.0,1724,2,65,13380.8
1040.363,364.6,1372.0,1724,0,65,13380.8
1040.49,364.6,1372.0,1724,1,65,13381.0
1040.619,364.6,1372.0,1724,1,65,13381.0
1040.752,364.6,1372.0,1724,2,65,13323.0
1040.88,810.5,1372.0,1724,3,66,13332.1
1040.998,390.5,1372.0,1724,78,70,13334.9
1041.116,551.5,1372.0,1724,78,66,13354.9
1041.235,810.5,1372.0,1724,31,66,13374.2
1041.353,389.1,1372.0,1724,40,70,13378.5
1041.471,550.1,1372.0,1724,53,67,13392.1
1041.591,679.6,1372.0,1724,53,66,13183.5
1041.711,387.7,1372.0,1724,15,67,13203.6
1041.849,548.8,1372.0,1724,83,67,13204.5
1041.968,386.4,1372.0,1724,83,69,13207.4
1042.087,417.9,1372.0,1724,68,67,13218.2
1042.205,547.4,1372.0,1724,44,66,13236.6
1042.324,676.9,1372.0,1724,12,66,13264.1
1042.443,385.0,1372.0,1724,12,69,13265.3
1042.563,546.0,1372.0,1724,83,67,13272.9
1042.682,805.0,1372.0,1724,35,66,13286.4
1042.8,805.0,1372.0,1724,35,66,13308.1
1042.918,383.6,1372.0,1724,19,70,13308.9
1043.036,674.1,1372.0,1724,70,66,13318.6
1043.158,803.6,1372.0,1724,20,66,13332.1
1043.276,382.3,1372.0,1724,20,70,13332.3
1043.395,672.8,1372.0,1724,75,67,12814.3
1043.517,380.9,1372.0,1724,24,67,12797.3
1043.636,541.9,1372.0,1724,24,69,12801.0
1043.755,800.9,1372.0,1724,79,66,12809.8
1043.874,379.5,1372.0,1724,20,69,12813.6
1043.992,540.5,1372.0,1724,77,67,12821.1
1044.11,799.5,1372.0,1724,77,66,12833.1
1044.23,378.2,1372.0,1724,33,70,12834.2
1044.348,539.2,1372.0,1724,67,67,12842.6
1044.467,798.2,1372.0,1724,67,66,12850.3
1044.585,376.8,1372.0,1724,33,70,12850.3
1044.703,667.3,1372.0,1724,67,66,12858.3
1044.822,375.4,1372.0,1724,35,68,12863.7
1044.939,375.4,1372.0,1724,35,68,12865.8
1045.057,665.9,1372.0,1724,62,66,12874.9
1045.175,374.1,1372.0,1724,28,68,12882.2
1045.293,374.1,1372.0,1724,28,67,12883.6
1045.412,664.6,1372.0,1724,77,66,12896.5
1045.53,372.7,1372.0,1724,30,67,12900.1
1045.649,404.2,1372.0,1724,78,66,12903.2
1045.77,663.2,1372.0,1724,78,66,12924.3
1045.888,371.3,1372.0,1724,18,67,12961.9
1046.006,371.3,1372.0,1724,78,68,12981.0
1046.125,661.8,1372.0,1724,78,66,13007.0
1046.243,791.3,1372.0,1724,20,66,13030.5
1046.361,370.0,1372.0,1724,51,70,13030.6
1046.481,660.5,1372.0,1724,51,66,13046.8
1046.599,790.0,1372.0,1724,43,66,13063.8
1046.717,368.6,1372.0,1724,50,70,13065.6
1046.835,529.6,1372.0,1724,45,66,13086.6
1046.954,788.6,1372.0,1724,45,66,13105.6
1047.072,367.2,1372.0,1724,33,70,13106.4
1047.19,657.7,1372.0,1724,70,66,13119.2
1047.308,365.9,1372.0,1724,70,70,13121.5
1047.427,526.9,1372.0,1724,76,66,13135.8
1047.545,364.5,1372.0,1724,43,67,13144.5
1047.667,396.0,1372.0,1724,83,66,13153.9
1047.786,784.5,1372.0,1724,83,65,13179.5
1047.904,363.1,1372.0,1724,31,69,13186.2
1048.021,524.1,1372.0,1724,72,66,13205.4
1048.141,361.8,1372.0,1724,72,69,13200.2
1048.259,522.8,1372.0,1724,68,67,13214.1
1048.378,652.3,1372.0,1724,37,66,13287.9
1048.497,781.8,1372.0,1724,16,66,13335.9
1048.615,360.4,1372.0,1724,16,70,13326.2
1048.734,521.4,1372.0,1724,74,66,13395.9
1048.854,650.9,1372.0,1724,12,66,13442.8
1048.972,359.0,1372.0,1724,12,69,13456.5
1049.091,520.0,1372.0,1724,61,67,13448.9
1049.212,779.0,1372.0,1724,42,66,13481.6
1049.331,357.7,1372.0,1724,36,69,13517.8
1049.493,364.7,1372.0,1724,3,66,13476.6
1049.86,518.7,1372.0,1724,4,66,13459.0
1050.128,518.7,1372.0,1724,2,66,13416.3
1050.544,648.2,1372.0,1724,3,66,13374.2
1050.908,648.2,1372.0,1724,3,66,13327.3
1051.266,648.2,1372.0,1724,4,66,13274.3
1051.675,777.7,1372.0,1724,2,66,13209.7
1052.092,777.7,1372.0,1724,4,66,13160.8
1052.363,356.3,1372.0,1724,53,66,13121.1
1052.722,387.8,1372.0,1724,2,65,13072.4
1053.09,517.3,1372.0,1724,0,65,13021.5
1053.488,517.3,1372.0,1724,4,65,12963.0
1053.953,646.8,1372.0,1724,3,65,12907.3
1054.336,646.8,1372.0,1724,3,65,12861.1
1054.727,646.8,1372.0,1724,2,65,12811.3
1055.129,776.3,1372.0,1724,4,65,12755.4
1055.484,776.3,1372.0,1724,4,65,12708.0
1055.785,776.3,1372.0,1724,3,65,12651.1
1056.102,354.9,1372.0,1724,51,67,12638.1
1056.239,515.9,1372.0,1724,2,66,12624.6
1056.651,515.9,1372.0,1724,6,66,12594.5
1056.916,515.9,1372.0,1724,4,66,12540.1
1057.382,645.4,1372.0,1724,4,66,12473.8
1057.816,774.9,1372.0,1724,4,66,12258.6
1057.937,774.9,1372.0,1724,7,65,12265.5
1058.065,329.7,1372.0,1724,31,68,12286.1
1058.184,324.8,1372.0,1724,31,67,12289.6
1058.302,248.0,1372.0,1724,57,66,12211.9
1058.424,274.6,1372.0,1724,59,68,11964.4
1058.561,435.6,1372.0,1724,36,66,11842.4
1058.679,435.6,1372.0,1724,36,65,11859.4
1058.797,565.1,1372.0,1724,10,65,11886.3
1058.915,694.6,1372.0,1724,8,65,11911.9
1059.033,694.6,1372.0,1724,8,65,11939.1
1059.151,276.9,1372.0,1724,9,66,11951.2
1059.269,438.0,1372.0,1724,53,65,11966.8
1059.388,567.5,1372.0,1724,11,65,11993.1
1059.507,567.5,1372.0,1724,11,65,12019.5
1059.625,697.0,1372.0,1724,12,65,12045.7
1059.743,279.3,1372.0,1724,26,67,12039.0
1059.861,281.6,1372.0,1724,26,66,12043.1
1059.98,572.1,1372.0,1724,79,66,12052.8
1060.099,291.0,1372.0,1724,70,68,12058.6
1060.219,286.3,1372.0,1724,71,68,12053.4
1060.336,706.3,1372.0,1724,71,67,12067.0
1060.455,449.7,1372.0,1724,61,68,12071.2
1060.574,291.0,1372.0,1724,81,69,12074.0
1060.692,293.3,1372.0,1724,81,68,12078.2
1060.81,713.4,1372.0,1724,76,67,12080.7
1060.928,456.7,1372.0,1724,72,67,12093.9
1061.046,715.7,1372.0,1724,72,66,12114.8
1061.166,329.5,1372.0,1724,28,68,12126.0
1061.284,588.5,1372.0,1724,53,66,12148.9
1061.402,300.4,1372.0,1724,38,67,12160.0
1061.52,590.9,1372.0,1724,38,67,12171.5
1061.638,302.7,1372.0,1724,43,66,12193.5
1061.756,463.7,1372.0,1724,50,67,12198.9
1061.874,722.7,1372.0,1724,50,66,12205.4
1061.993,466.1,1372.0,1724,42,67,12215.1
1062.112,595.6,1372.0,1724,37,66,12230.0
1062.231,307.4,1372.0,1724,48,69,12239.3
1062.349,597.9,1372.0,1724,48,66,12247.8
1062.467,727.4,1372.0,1724,26,66,12260.9
1062.585,470.8,1372.0,1724,52,67,12264.7
1062.703,729.8,1372.0,1724,52,66,12225.0
1062.824,312.1,1372.0,1724,22,69,12117.3
1062.948,602.6,1372.0,1724,54,66,12126.4
1063.065,314.4,1372.0,1724,41,68,12132.8
1063.184,605.0,1372.0,1724,41,66,12139.1
1063.302,316.8,1372.0,1724,38,67,12144.8
1063.42,477.8,1372.0,1724,52,66,12150.9
1063.539,736.8,1372.0,1724,52,66,12159.5
1063.658,480.1,1372.0,1724,36,67,12164.6
1063.776,609.6,1372.0,1724,39,66,12174.1
1063.895,321.5,1372.0,1724,39,67,12182.0
1064.014,482.5,1372.0,1724,31,66,12190.8
1064.132,741.5,1372.0,1724,41,66,12203.0
1064.249,323.8,1372.0,1724,49,68,12209.5
1064.367,484.8,1372.0,1724,49,66,12221.6
1064.486,614.3,1372.0,1724,14,66,12235.3
1064.604,743.8,1372.0,1724,14,66,12252.7
1064.723,357.7,1372.0,1724,14,67,12265.3
1064.841,616.7,1372.0,1724,48,66,12272.5
1064.959,746.2,1372.0,1724,11,66,12303.0
1065.079,328.5,1372.0,1724,30,67,12319.7
1065.213,489.5,1372.0,1724,30,66,12313.8
1065.331,619.0,1372.0,1724,40,66,12334.7
1065.45,748.5,1372.0,1724,15,65,12359.6
1065.574,330.8,1372.0,1724,65,67,12360.7
1065.694,491.9,1372.0,1724,65,66,12396.2
1065.814,621.4,1372.0,1724,11,65,12429.5
1065.933,333.2,1372.0,1724,13,66,12427.7
1066.052,494.2,1372.0,1724,13,66,12366.4
1066.17,623.7,1372.0,1724,49,66,12348.4
1066.289,753.2,1372.0,1724,12,65,12201.0
1066.408,335.5,1372.0,1724,55,68,12145.1
1066.55,496.5,1372.0,1724,55,66,12178.9
1066.67,626.0,1372.0,1724,13,66,12210.4
1066.789,626.0,1372.0,1724,6,66,12179.9
1066.909,626.0,1372.0,1724,3,65,12179.3
1067.03,626.0,1372.0,1724,3,65,12170.4
1067.151,626.0,1372.0,1724,5,65,12159.7
1067.271,755.5,1372.0,1724,2,65,12149.0
1067.39,755.5,1372.0,1724,2,65,12142.9
1067.509,755.5,1372.0,1724,1,65,12079.7
1067.63,287.8,1372.0,1724,8,66,11950.9
1067.749,289.2,1372.0,1724,41,66,12040.3
1067.873,289.2,1372.0,1724,41,66,12154.3
1067.997,289.2,1372.0,1724,1,66,12257.5
1068.121,289.2,1372.0,1724,4,66,12290.8
1068.247,289.2,1372.0,1724,1,66,12388.9
1068.373,289.2,1372.0,1724,1,65,12481.1
1068.498,289.2,1372.0,1724,2,65,12337.6
1068.626,289.2,1372.0,1724,3,66,12341.8
1068.754,289.2,1372.0,1724,2,66,12448.3
1068.879,289.2,1372.0,1724,2,66,12549.4
1069.003,289.2,1372.0,1724,1,66,12650.4
1069.128,289.2,1372.0,1724,4,66,12678.6
1069.254,289.2,1372.0,1724,1,66,12707.2
1069.379,289.2,1372.0,1724,1,65,12737.2
1069.504,289.2,1372.0,1724,0,66,12717.8
1069.644,289.2,1372.0,1724,4,66,12817.8
1069.77,289.2,1372.0,1724,2,66,12913.1
1069.894,289.2,1372.0,1724,2,66,13029.0
1070.019,289.2,1372.0,1724,1,66,13131.3
1070.145,289.2,1372.0,1724,4,66,13174.4
1070.273,289.2,1372.0,1724,1,66,13252.1
1070.396,289.2,1372.0,1724,1,66,13333.7
1070.518,289.2,1372.0,1724,0,66,13338.8
1070.646,289.2,1372.0,1724,4,66,13336.6
1070.773,289.2,1372.0,1724,2,66,13329.1
1070.901,289.2,1372.0,1724,2,66,13322.2
1071.031,289.2,1372.0,1724,3,66,13314.3
1071.167,605.7,1372.0,1724,5,66,13259.6
1071.287,317.9,1372.0,1724,77,70,13252.6
1071.406,631.0,1372.0,1724,77,68,13250.4
1071.527,319.2,1372.0,1724,74,69,13240.6
1071.646,320.6,1372.0,1724,67,67,13244.7
1071.764,320.6,1372.0,1724,90,69,13236.4
1071.883,321.9,1372.0,1724,90,66,13233.8
1072.001,321.9,1372.0,1724,69,70,13226.3
1072.12,482.9,1372.0,1724,41,67,13240.4
1072.239,612.4,1372.0,1724,41,66,13258.5
1072.358,323.2,1372.0,1724,11,67,13258.6
1072.476,323.2,1372.0,1724,85,68,13252.2
1072.595,484.2,1372.0,1724,85,66,13256.4
1072.713,613.7,1372.0,1724,27,66,13262.4
1072.832,743.2,1372.0,1724,12,65,13275.6
1072.95,324.5,1372.0,1724,66,68,13265.3
1073.069,485.5,1372.0,1724,66,66,13265.7
1073.189,744.5,1372.0,1724,34,66,13268.4
1073.308,325.9,1372.0,1724,25,68,13265.6
1073.426,486.9,1372.0,1724,25,67,13261.5
1073.544,616.4,1372.0,1724,66,66,13263.9
1073.663,307.0,1372.0,1724,19,67,13264.0
1073.781,327.2,1372.0,1724,75,69,13257.5
1073.901,617.7,1372.0,1724,75,67,13257.6
1074.02,508.1,1372.0,1724,20,67,13256.7
1074.14,328.5,1372.0,1724,70,69,13247.8
1074.26,619.0,1372.0,1724,70,67,13249.0
1074.379,329.8,1372.0,1724,30,69,13246.6
1074.498,361.4,1372.0,1724,66,68,13240.9
1074.616,620.4,1372.0,1724,28,67,13244.2
1074.736,346.2,1372.0,1724,28,67,13245.7
1074.856,331.2,1372.0,1724,46,69,13236.6
1074.975,621.7,1372.0,1724,47,67,13237.2
1075.094,751.2,1372.0,1724,47,66,13238.2
1075.213,332.5,1372.0,1724,28,70,13227.6
1075.332,493.5,1372.0,1724,66,67,13228.3
1075.451,752.5,1372.0,1724,17,66,13232.1
1075.57,333.8,1372.0,1724,17,70,13224.3
1075.689,494.8,1372.0,1724,84,68,13221.5
1075.808,753.8,1372.0,1724,19,67,13224.2
1075.927,335.2,1372.0,1724,19,70,13216.0
1076.045,496.2,1372.0,1724,71,67,13213.3
1076.168,755.2,1372.0,1724,28,67,13212.6
1076.29,336.5,1372.0,1724,73,71,13205.7
1076.408,497.5,1372.0,1724,73,67,13203.1
1076.528,756.5,1372.0,1724,38,67,13221.7
1076.647,337.8,1372.0,1724,41,70,13218.7
1076.766,498.8,1372.0,1724,41,68,13220.0
1076.885,757.8,1372.0,1724,52,67,13236.0
1077.004,339.1,1372.0,1724,25,69,13232.0
1077.123,500.2,1372.0,1724,70,68,13232.9
1077.242,759.2,1372.0,1724,70,67,13243.0
1077.361,340.5,1372.0,1724,19,69,13243.0
1077.481,631.0,1372.0,1724,79,68,13235.9
1077.601,341.8,1372.0,1724,79,70,13228.5
1077.72,502.8,1372.0,1724,72,68,13222.2
1077.839,343.1,1372.0,1724,56,68,13215.9
1077.959,504.1,1372.0,1724,84,67,13207.6
1078.079,344.5,1372.0,1724,84,68,13200.8
1078.198,505.5,1372.0,1724,75,68,13195.2
1078.317,345.8,1372.0,1724,46,68,13197.6
1078.436,377.3,1372.0,1724,46,69,13192.6
1078.555,347.1,1372.0,1724,75,68,13192.6
1078.676,378.6,1372.0,1724,75,70,13185.9
1078.795,637.6,1372.0,1724,33,67,13197.9
1078.915,348.4,1372.0,1724,33,71,13187.6
1079.042,768.5,1372.0,1724,80,68,13191.0
1079.162,349.8,1372.0,1724,31,70,13203.9
1079.29,381.3,1372.0,1724,67,68,13208.7
1079.45,510.8,1372.0,1724,5,66,13184.7
1079.788,510.8,1372.0,1724,2,66,13159.0
1080.113,640.3,1372.0,1724,2,66,13112.3
1080.513,640.3,1372.0,1724,5,66,13068.3
1080.895,769.8,1372.0,1724,2,66,13021.9
1081.238,769.8,1372.0,1724,1,66,12978.4
1081.667,351.1,1372.0,1724,7,67,12952.0
1081.949,512.1,1372.0,1724,3,66,12892.7
1082.394,512.1,1372.0,1724,5,66,12842.1
1082.823,512.1,1372.0,1724,3,66,12797.0
1083.216,641.6,1372.0,1724,5,66,12776.2
1083.409,771.1,1372.0,1724,4,67,12741.8
1083.531,352.4,1372.0,1724,15,69,12767.6
1083.65,383.9,1372.0,1724,70,67,12784.2
1083.806,513.4,1372.0,1724,2,67,12770.0
1084.17,513.4,1372.0,1724,2,66,12731.0
1084.581,513.4,1372.0,1724,2,66,12686.1
1084.98,642.9,1372.0,1724,2,66,12637.7
1085.397,642.9,1372.0,1724,3,67,12601.2
1085.713,642.9,1372.0,1724,2,66,12548.4
1086.066,772.4,1372.0,1724,3,67,12509.5
1086.252,330.0,1372.0,1724,4,69,12514.1
1086.379,324.3,1372.0,1724,73,68,12025.2
1086.5,351.6,1372.0,1724,58,69,11963.4
1086.618,353.9,1372.0,1724,58,68,11967.9
1086.737,515.0,1372.0,1724,78,68,11983.9
1086.856,356.3,1372.0,1724,21,67,11991.5
1086.974,646.8,1372.0,1724,21,68,11997.2
1087.093,776.3,1372.0,1724,61,67,12017.1
1087.21,519.6,1372.0,1724,49,68,12023.4
1087.328,649.1,1372.0,1724,16,67,12038.5
1087.446,361.0,1372.0,1724,16,70,12044.4
1087.566,781.0,1372.0,1724,57,67,12054.5
1087.686,524.3,1372.0,1724,63,68,12059.4
1087.804,788.1,1372.0,1724,63,67,12073.7
1087.922,526.7,1372.0,1724,43,68,12077.5
1088.041,368.0,1372.0,1724,49,70,12079.6
1088.16,788.0,1372.0,1724,49,67,12087.6
1088.278,531.4,1372.0,1724,53,68,12090.3
1088.397,372.7,1372.0,1724,59,68,12096.5
1088.514,533.7,1372.0,1724,52,68,12108.5
1088.632,663.2,1372.0,1724,52,67,12125.8
1088.751,792.7,1372.0,1724,16,67,12142.5
1088.869,536.0,1372.0,1724,47,67,12151.6
1088.987,665.5,1372.0,1724,47,67,12171.8
1089.106,795.0,1372.0,1724,14,67,12189.1
1089.225,538.4,1372.0,1724,47,68,12194.6
1089.344,667.9,1372.0,1724,16,67,12209.0
1089.462,797.4,1372.0,1724,16,67,12231.3
1089.58,379.7,1372.0,1724,17,70,12237.9
1089.699,670.2,1372.0,1724,43,67,12247.3
1089.817,799.7,1372.0,1724,43,66,12253.2
1089.936,543.1,1372.0,1724,26,68,12137.3
1090.055,672.6,1372.0,1724,42,67,12047.1
1090.173,384.4,1372.0,1724,42,67,12053.7
1090.291,545.4,1372.0,1724,30,67,12060.2
1090.409,674.9,1372.0,1724,31,67,12069.6
1090.528,804.4,1372.0,1724,14,66,12084.3
1090.645,418.3,1372.0,1724,14,68,12088.5
1090.763,677.3,1372.0,1724,48,67,12097.4
1090.882,806.8,1372.0,1724,12,66,12107.7
1091.0,389.1,1372.0,1724,12,69,12113.1
1091.118,550.1,1372.0,1724,46,67,12123.2
1091.236,679.6,1372.0,1724,14,66,12133.6
1091.354,809.1,1372.0,1724,12,66,12144.4
1091.472,552.5,1372.0,1724,12,68,12149.2
1091.591,682.0,1372.0,1724,50,66,12159.9
1091.709,811.5,1372.0,1724,16,66,12168.7
1091.828,554.8,1372.0,1724,16,67,12174.5
1091.946,813.8,1372.0,1724,47,66,12182.2
1092.064,396.1,1372.0,1724,32,69,12186.3
1092.182,557.1,1372.0,1724,32,67,12198.3
1092.3,686.6,1372.0,1724,33,66,12209.2
1092.418,816.1,1372.0,1724,12,66,12219.2
1092.536,430.0,1372.0,1724,46,67,12223.8
1092.654,689.0,1372.0,1724,46,66,12234.7
1092.772,818.5,1372.0,1724,14,66,12245.0
1092.889,400.8,1372.0,1724,10,68,12246.6
1093.007,561.8,1372.0,1724,10,67,12257.6
1093.128,691.3,1372.0,1724,48,66,12186.3
1093.247,820.8,1372.0,1724,11,66,12112.3
1093.366,403.2,1372.0,1724,29,69,11989.5
1093.484,564.2,1372.0,1724,29,66,11912.9
1093.603,564.2,1372.0,1724,22,66,11950.6
1093.721,693.7,1372.0,1724,8,66,11985.9
1093.839,823.2,1372.0,1724,8,66,12021.3
1093.957,823.2,1372.0,1724,6,66,12060.5
1094.078,412.5,1372.0,1724,43,68,12077.3
1094.197,566.5,1372.0,1724,12,66,12119.4
1094.316,696.0,1372.0,1724,12,66,12158.9
1094.434,825.5,1372.0,1724,10,66,12195.3
1094.551,568.9,1372.0,1724,49,67,12215.9
1094.67,698.4,1372.0,1724,49,66,12245.8
1094.787,827.9,1372.0,1724,16,66,12256.4
1094.905,571.2,1372.0,1724,48,67,12266.2
1095.023,700.7,1372.0,1724,48,66,12327.1
1095.142,412.5,1372.0,1724,17,66,12353.8
1095.261,573.5,1372.0,1724,48,67,12379.9
1095.39,573.5,1372.0,1724,8,66,12240.3
1095.509,703.0,1372.0,1724,8,66,12254.8
1095.631,703.0,1372.0,1724,8,66,12270.0
1095.751,832.5,1372.0,1724,4,66,12277.8
1095.872,832.5,1372.0,1724,2,66,12283.9
1095.991,832.5,1372.0,1724,2,66,12273.7
1096.113,832.5,1372.0,1724,3,66,12031.6
1096.24,364.8,1372.0,1724,12,68,11832.3
1096.364,366.2,1372.0,1724,32,66,11934.2
1096.488,366.2,1372.0,1724,32,66,12039.1
1096.613,366.2,1372.0,1724,2,66,12144.8
1096.738,366.2,1372.0,1724,2,66,12243.7
1096.862,366.2,1372.0,1724,0,66,12334.0
1096.989,366.2,1372.0,1724,0,66,12462.3
1097.113,366.2,1372.0,1724,2,66,12564.5
1097.239,366.2,1372.0,1724,2,66,12674.6
1097.364,366.2,1372.0,1724,0,66,12776.8
1097.489,366.2,1372.0,1724,0,66,12777.3
1097.617,366.2,1372.0,1724,2,66,12804.4
1097.742,366.2,1372.0,1724,2,66,12841.4
1097.867,366.2,1372.0,1724,0,66,12862.5
1097.993,366.2,1372.0,1724,0,66,12949.9
1098.12,366.2,1372.0,1724,2,66,13050.9
1098.248,366.2,1372.0,1724,2,66,13111.2
1098.375,366.2,1372.0,1724,0,66,13196.6
1098.5,366.2,1372.0,1724,0,66,13284.5
1098.626,366.2,1372.0,1724,2,66,13366.5
1098.753,366.2,1372.0,1724,2,66,13418.5
1098.874,366.2,1372.0,1724,0,66,13434.6
1098.995,366.2,1372.0,1724,0,66,13452.1
1099.115,366.2,1372.0,1724,3,66,13632.7
1099.241,366.2,1372.0,1724,1,66,13546.4
1099.369,366.2,1372.0,1724,0,66,13558.8
1099.497,366.2,1372.0,1724,0,66,13556.2
1099.628,366.2,1372.0,1724,3,66,13550.4
1099.759,366.2,1372.0,1724,1,66,13544.1
1099.897,366.2,1372.0,1724,0,66,13537.7
1100.034,682.7,1372.0,1724,0,66,13472.0
1100.156,392.1,1372.0,1724,33,70,13464.6
1100.276,390.7,1372.0,1724,81,67,13456.2
1100.396,551.7,1372.0,1724,84,69,13447.5
1100.517,389.3,1372.0,1724,84,70,13438.5
1100.636,679.8,1372.0,1724,86,68,13429.7
1100.757,387.9,1372.0,1724,75,71,13420.4
1100.877,807.9,1372.0,1724,75,67,13415.3
1100.997,386.5,1372.0,1724,63,71,13406.4
1101.118,385.0,1372.0,1724,76,67,13400.6
1101.237,385.0,1372.0,1724,78,68,13394.3
1101.358,675.5,1372.0,1724,78,67,13397.7
1101.479,805.0,1372.0,1724,15,66,13401.5
1101.598,383.6,1372.0,1724,32,70,13397.0
1101.719,544.6,1372.0,1724,55,67,13397.3
1101.839,674.1,1372.0,1724,55,67,13401.1
1101.959,803.6,1372.0,1724,16,67,13404.0
1102.079,382.2,1372.0,1724,67,70,13395.0
1102.201,672.7,1372.0,1724,67,67,13396.0
1102.321,380.8,1372.0,1724,29,69,13392.6
1102.44,541.8,1372.0,1724,73,68,13385.9
1102.561,671.3,1372.0,1724,23,67,13388.6
1102.681,379.3,1372.0,1724,23,69,13388.3
1102.8,386.4,1372.0,1724,55,68,13384.6
1102.92,669.9,1372.0,1724,34,67,13387.6
1103.04,799.4,1372.0,1724,34,66,13391.7
1103.16,377.9,1372.0,1724,23,71,13382.4
1103.279,538.9,1372.0,1724,69,67,13382.6
1103.399,797.9,1372.0,1724,15,66,13385.7
1103.519,376.5,1372.0,1724,15,70,13380.6
1103.638,537.5,1372.0,1724,73,67,13377.6
1103.758,667.0,1372.0,1724,18,67,13379.1
1103.878,375.1,1372.0,1724,18,68,13381.5
1103.998,375.1,1372.0,1724,40,68,13375.4
1104.118,665.6,1372.0,1724,56,67,13379.6
1104.238,687.6,1372.0,1724,24,67,13379.7
1104.357,373.7,1372.0,1724,24,69,13371.8
1104.476,664.2,1372.0,1724,67,67,13373.6
1104.596,386.8,1372.0,1724,21,67,13375.2
1104.715,372.2,1372.0,1724,21,69,13368.0
1104.836,662.7,1372.0,1724,74,67,13374.1
1104.955,792.2,1372.0,1724,16,66,13391.1
1105.082,370.8,1372.0,1724,49,68,13376.5
1105.294,531.8,1372.0,1724,5,66,13370.5
1105.527,790.8,1372.0,1724,14,66,13353.9
1105.804,369.4,1372.0,1724,27,70,13343.0
1105.934,530.4,1372.0,1724,9,67,13319.8
1106.221,789.4,1372.0,1724,13,66,13290.8
1106.519,368.0,1372.0,1724,15,70,13281.0
1106.643,788.0,1372.0,1724,72,67,13275.4
1106.78,366.6,1372.0,1724,65,70,13264.9
1106.908,786.6,1372.0,1724,43,67,13261.6
1107.038,365.1,1372.0,1724,43,71,13251.8
1107.158,785.1,1372.0,1724,79,67,13247.7
1107.279,363.7,1372.0,1724,70,71,13237.5
1107.402,783.7,1372.0,1724,70,67,13239.0
1107.523,362.3,1372.0,1724,42,71,13233.5
1107.661,652.8,1372.0,1724,79,67,13227.6
1107.824,360.9,1372.0,1724,42,71,13216.9
1107.95,651.4,1372.0,1724,62,67,13203.8
1108.159,359.4,1372.0,1724,76,68,13178.6
1108.4,650.0,1372.0,1724,17,67,13117.8
1108.705,779.5,1372.0,1724,5,66,12987.8
1108.825,358.0,1372.0,1724,40,70,12988.7
1108.946,519.0,1372.0,1724,43,67,13049.2
1109.067,648.5,1372.0,1724,43,67,13098.5
1109.187,778.0,1372.0,1724,13,67,13132.4
1109.319,778.0,1372.0,1724,3,66,13130.0
1109.621,356.6,1372.0,1724,50,68,13117.1
1109.837,388.1,1372.0,1724,2,66,13058.4
1110.194,517.6,1372.0,1724,3,66,13028.2
1110.608,517.6,1372.0,1724,2,66,12985.9
1110.962,647.1,1372.0,1724,5,66,12931.9
1111.361,647.1,1372.0,1724,5,66,12886.1
1111.751,776.6,1372.0,1724,1,66,12843.2
1112.096,776.6,1372.0,1724,3,66,12792.0
1112.398,779.5,1372.0,1724,37,67,12774.4
1112.623,516.2,1372.0,1724,62,66,12744.0
1112.752,516.2,1372.0,1724,7,66,12804.2
1113.062,645.7,1372.0,1724,6,66,12788.8
1113.396,645.7,1372.0,1724,4,66,12776.3
1113.72,645.7,1372.0,1724,1,66,12745.0
1114.081,775.2,1372.0,1724,1,66,12697.9
1114.467,775.2,1372.0,1724,3,66,12653.2
1114.733,775.2,1372.0,1724,1,66,12594.5
1115.137,330.0,1372.0,1724,56,68,12582.8
1115.291,324.3,1372.0,1724,37,66,12581.2
1115.413,274.7,1372.0,1724,37,67,12580.7
1115.534,694.7,1372.0,1724,71,67,12572.9
1115.656,697.1,1372.0,1724,83,68,12562.5
1115.783,440.5,1372.0,1724,68,68,12557.2
1115.905,281.9,1372.0,1724,68,70,12548.8
1116.027,284.3,1372.0,1724,71,68,12542.6
1116.152,707.1,1372.0,1724,69,68,12535.8
1116.276,577.2,1372.0,1724,69,67,12528.4
1116.4,450.1,1372.0,1724,68,68,12521.0
1116.525,291.5,1372.0,1724,72,70,12511.2
1116.651,293.9,1372.0,1724,76,69,12509.2
1116.773,296.3,1372.0,1724,76,67,12512.2
1116.894,586.8,1372.0,1724,73,68,12457.0
1117.016,305.7,1372.0,1724,67,69,12154.0
1117.138,589.2,1372.0,1724,29,67,12113.8
1117.257,718.7,1372.0,1724,29,67,12134.1
1117.376,301.1,1372.0,1724,12,67,12142.5
1117.496,462.1,1372.0,1724,56,67,12152.9
1117.614,591.6,1372.0,1724,56,67,12171.7
1117.732,721.1,1372.0,1724,16,66,12196.7
1117.851,335.0,1372.0,1724,37,68,12161.5
1117.971,594.0,1372.0,1724,27,67,12172.5
1118.089,701.4,1372.0,1724,27,66,12179.5
1118.209,466.9,1372.0,1724,48,67,11949.1
1118.327,596.4,1372.0,1724,19,67,11961.8
1118.445,725.9,1372.0,1724,19,66,11971.7
1118.563,339.8,1372.0,1724,25,68,11976.9
1118.682,598.8,1372.0,1724,38,67,11987.3
1118.8,728.3,1372.0,1724,14,66,12000.2
1118.919,310.7,1372.0,1724,14,69,12006.5
1119.037,471.7,1372.0,1724,48,67,12015.7
1119.156,601.2,1372.0,1724,15,66,12025.8
1119.274,730.7,1372.0,1724,15,66,12036.7
1119.392,344.6,1372.0,1724,23,67,12042.5
1119.51,603.6,1372.0,1724,39,66,12053.6
1119.628,733.1,1372.0,1724,39,66,12065.2
1119.746,315.5,1372.0,1724,14,67,12071.7
1119.864,476.5,1372.0,1724,50,67,12080.4
1119.982,735.5,1372.0,1724,14,66,12090.7
1120.104,317.9,1372.0,1724,14,67,12099.4
1120.222,478.9,1372.0,1724,50,67,12107.4
1120.341,737.9,1372.0,1724,17,66,12115.9
1120.459,320.3,1372.0,1724,17,69,12120.7
1120.576,481.3,1372.0,1724,51,67,11969.6
1120.695,610.8,1372.0,1724,15,66,11981.5
1120.814,740.3,1372.0,1724,12,66,11992.8
1120.931,354.2,1372.0,1724,12,67,11998.5
1121.049,613.2,1372.0,1724,48,66,12009.6
1121.168,742.7,1372.0,1724,14,66,12022.3
1121.286,742.7,1372.0,1724,14,66,12033.3
1121.403,615.6,1372.0,1724,27,67,12045.0
1121.521,615.6,1372.0,1724,36,66,12090.9
1121.639,745.1,1372.0,1724,10,66,12142.4
1121.757,327.4,1372.0,1724,10,69,12170.7
1121.877,488.5,1372.0,1724,45,66,12114.8
1122.0,618.0,1372.0,1724,11,66,12103.3
1122.125,747.5,1372.0,1724,11,66,12145.5
1122.244,329.8,1372.0,1724,15,69,12145.0
1122.363,620.4,1372.0,1724,64,66,12038.3
1122.483,332.2,1372.0,1724,36,68,12067.3
1122.601,493.3,1372.0,1724,36,66,12107.8
1122.719,622.8,1372.0,1724,29,66,12140.9
1122.838,752.3,1372.0,1724,10,66,12173.9
1122.956,334.6,1372.0,1724,10,68,12188.2
1123.075,495.7,1372.0,1724,49,66,12104.3
1123.196,754.7,1372.0,1724,17,66,12078.4
1123.315,337.0,1372.0,1724,40,69,12094.9
1123.433,627.6,1372.0,1724,40,66,12119.2
1123.551,757.1,1372.0,1724,27,66,12164.5
1123.673,289.4,1372.0,1724,41,69,12189.1
1123.792,290.8,1372.0,1724,41,66,12015.6
1123.916,290.8,1372.0,1724,10,66,12132.2
1124.041,290.8,1372.0,1724,2,66,12232.6
1124.167,290.8,1372.0,1724,2,66,12333.0
1124.292,290.8,1372.0,1724,2,66,12435.5
1124.416,290.8,1372.0,1724,2,66,12528.6
1124.54,290.8,1372.0,1724,2,66,12626.8
1124.666,290.8,1372.0,1724,3,66,12584.7
1124.791,290.8,1372.0,1724,3,66,12659.8
1124.915,290.8,1372.0,1724,1,66,12689.8
1125.043,290.8,1372.0,1724,4,66,12767.2
1125.183,290.8,1372.0,1724,3,66,12664.2
1125.31,290.8,1372.0,1724,3,66,12783.0
1125.434,290.8,1372.0,1724,1,66,12882.8
1125.56,290.8,1372.0,1724,2,66,12983.4
1125.684,290.8,1372.0,1724,3,66,12975.3
1125.814,290.8,1372.0,1724,1,66,13062.6
1125.956,290.8,1372.0,1724,1,66,13158.1
1126.083,290.8,1372.0,1724,3,66,13257.3
1126.242,290.8,1372.0,1724,3,66,13281.9
1126.369,290.8,1372.0,1724,2,66,13357.5
1126.498,290.8,1372.0,1724,2,66,13372.6
1126.618,290.8,1372.0,1724,2,66,13388.0
1126.737,290.8,1372.0,1724,3,66,13503.6
1126.863,290.8,1372.0,1724,1,66,13374.5
1126.986,290.8,1372.0,1724,3,66,13217.0
1127.113,290.8,1372.0,1724,3,66,13217.0
1127.24,290.8,1372.0,1724,3,66,13217.0
1127.367,293.8,1372.0,1724,2,66,13156.9
1127.486,319.6,1392.0,1744,2,69,13161.5
1127.603,610.1,1392.0,1744,75,67,13166.7
1127.724,320.8,1392.0,1744,85,71,13097.1
1127.842,611.3,1392.0,1744,56,67,13112.8
1127.96,740.8,1392.0,1744,56,66,13131.5
1128.079,322.1,1392.0,1744,36,70,13132.2
1128.198,742.1,1392.0,1744,71,67,13142.7
1128.317,323.4,1392.0,1744,71,70,13142.8
1128.434,743.4,1392.0,1744,79,67,13156.7
1128.553,324.7,1392.0,1744,56,70,13157.6
1128.686,325.9,1392.0,1744,84,67,13162.2
1128.804,325.9,1392.0,1744,84,68,13162.6
1128.922,745.9,1392.0,1744,84,66,13176.3
1129.04,327.2,1392.0,1744,39,69,13184.0
1129.158,488.2,1392.0,1744,39,67,13189.9
1129.276,747.2,1392.0,1744,69,67,13196.1
1129.394,328.5,1392.0,1744,59,71,13196.5
1129.512,748.5,1392.0,1744,52,67,13204.8
1129.63,329.8,1392.0,1744,52,70,13205.5
1129.748,620.3,1392.0,1744,81,67,13214.2
1129.866,331.0,1392.0,1744,48,69,13220.2
1129.983,492.0,1392.0,1744,48,67,13224.6
1130.102,751.0,1392.0,1744,67,66,13241.2
1130.22,332.3,1392.0,1744,62,68,13194.9
1130.357,622.8,1392.0,1744,52,66,13109.5
1130.476,333.6,1392.0,1744,52,68,13040.0
1130.594,494.6,1392.0,1744,75,67,13047.6
1130.715,753.6,1392.0,1744,38,66,13062.9
1130.833,334.8,1392.0,1744,38,69,13062.9
1130.951,625.4,1392.0,1744,78,67,13075.9
1131.069,336.1,1392.0,1744,30,68,13081.2
1131.188,497.1,1392.0,1744,77,68,13085.6
1131.306,756.1,1392.0,1744,77,67,13096.9
1131.424,337.4,1392.0,1744,52,70,13098.8
1131.542,627.9,1392.0,1744,57,67,13112.4
1131.66,338.7,1392.0,1744,57,68,13123.3
1131.778,370.2,1392.0,1744,53,68,13130.2
1131.897,629.2,1392.0,1744,41,66,13146.5
1132.015,339.9,1392.0,1744,42,68,13158.1
1132.133,346.9,1392.0,1744,42,68,13165.4
1132.251,630.4,1392.0,1744,56,67,13194.5
1132.37,759.9,1392.0,1744,16,66,13224.1
1132.488,341.2,1392.0,1744,16,69,13233.1
1132.614,372.7,1392.0,1744,54,68,13163.9
1132.733,631.7,1392.0,1744,51,66,13025.7
1132.851,342.5,1392.0,1744,35,68,13059.2
1132.97,374.0,1392.0,1744,35,68,13075.7
1133.089,633.0,1392.0,1744,58,66,13122.9
1133.208,343.8,1392.0,1744,34,68,13151.1
1133.349,504.8,1392.0,1744,34,67,13160.7
1133.467,763.8,1392.0,1744,72,66,13201.4
1133.586,345.0,1392.0,1744,22,69,13233.1
1133.708,506.0,1392.0,1744,77,67,13245.7
1133.827,765.0,1392.0,1744,77,66,13298.8
1133.946,346.3,1392.0,1744,19,69,13314.9
1134.066,507.3,1392.0,1744,74,67,13343.9
1134.186,507.3,1392.0,1744,11,66,13370.6
1134.306,636.8,1392.0,1744,11,66,13365.3
1134.426,766.3,1392.0,1744,6,66,13413.9
1134.547,347.6,1392.0,1744,69,69,13406.8
1134.668,508.6,1392.0,1744,69,66,13458.0
1134.787,638.1,1392.0,1744,23,66,13494.4
1134.907,348.9,1392.0,1744,27,70,13496.0
1135.027,509.9,1392.0,1744,69,67,13499.5
1135.148,768.9,1392.0,1744,9,66,13482.2
1135.455,768.9,1392.0,1744,4,66,13458.5
1135.758,350.1,1392.0,1744,28,69,13449.4
1135.897,381.6,1392.0,1744,2,66,13395.3
1136.295,511.1,1392.0,1744,2,66,13353.9
1136.67,640.6,1392.0,1744,5,66,13320.5
1136.972,640.6,1392.0,1744,4,66,13291.8
1137.256,640.6,1392.0,1744,1,66,13256.2
1137.605,770.1,1392.0,1744,3,66,13213.7
1137.987,770.1,1392.0,1744,88,66,13173.8
1138.384,382.9,1392.0,1744,2,66,13130.8
1138.76,512.4,1392.0,1744,1,66,13082.8
1139.129,512.4,1392.0,1744,1,66,13040.3
1139.543,641.9,1392.0,1744,3,66,12989.0
1139.994,641.9,1392.0,1744,2,65,12944.8
1140.386,641.9,1392.0,1744,2,66,12897.6
1140.794,771.4,1392.0,1744,1,66,12870.9
1141.098,771.4,1392.0,1744,1,66,12872.5
1141.385,352.7,1392.0,1744,61,67,12868.0
1141.564,384.2,1392.0,1744,0,66,12813.2
1142.035,513.7,1392.0,1744,2,66,12786.5
1142.415,513.7,1392.0,1744,2,66,12746.6
1142.828,513.7,1392.0,1744,2,66,12706.0
1143.199,643.2,1392.0,1744,4,66,12683.1
1143.494,643.2,1392.0,1744,3,66,12652.1
1143.791,643.2,1392.0,1744,3,66,12649.4
1143.935,772.7,1392.0,1744,2,66,12645.9
1144.353,772.7,1392.0,1744,19,69,12578.9
1144.615,351.8,1392.0,1744,64,68,12577.5
1144.735,771.9,1392.0,1744,83,67,12569.1
1144.856,644.9,1392.0,1744,83,68,12561.6
1144.976,517.9,1392.0,1744,79,68,12555.2
1145.096,359.4,1392.0,1744,62,70,12548.4
1145.216,361.9,1392.0,1744,62,68,12542.2
1145.336,781.9,1392.0,1744,72,67,12535.1
1145.456,525.4,1392.0,1744,77,68,12527.3
1145.577,366.9,1392.0,1744,73,70,12520.1
1145.698,369.4,1392.0,1744,73,69,12512.7
1145.818,789.4,1392.0,1744,68,67,12506.8
1145.938,662.4,1392.0,1744,69,68,12498.3
1146.059,535.4,1392.0,1744,69,69,12386.4
1146.179,794.4,1392.0,1744,71,67,12227.5
1146.298,537.9,1392.0,1744,53,68,12145.6
1146.417,667.4,1392.0,1744,13,67,12160.5
1146.535,796.9,1392.0,1744,13,66,12173.2
1146.653,540.4,1392.0,1744,36,67,12177.7
1146.771,799.4,1392.0,1744,33,67,12191.9
1146.889,381.9,1392.0,1744,33,69,12203.3
1147.007,543.0,1392.0,1744,37,67,12208.9
1147.124,384.4,1392.0,1744,33,67,12214.8
1147.242,545.5,1392.0,1744,49,68,12222.1
1147.36,675.0,1392.0,1744,49,67,12231.7
1147.478,387.0,1392.0,1744,15,67,12237.9
1147.596,548.0,1392.0,1744,51,67,12242.8
1147.714,807.0,1392.0,1744,51,66,12252.7
1147.832,389.5,1392.0,1744,18,70,12256.5
1147.949,680.0,1392.0,1744,51,67,12263.7
1148.067,392.0,1392.0,1744,51,68,12269.1
1148.186,553.0,1392.0,1744,41,67,12275.1
1148.304,812.0,1392.0,1744,31,66,12282.0
1148.422,555.5,1392.0,1744,50,68,12285.0
1148.541,814.5,1392.0,1744,50,66,12293.6
1148.659,397.0,1392.0,1744,22,69,12288.7
1148.779,817.0,1392.0,1744,54,67,12293.2
1148.9,431.0,1392.0,1744,54,68,12290.2
1149.019,690.0,1392.0,1744,53,66,12290.6
1149.138,402.0,1392.0,1744,22,69,12285.2
1149.257,692.5,1392.0,1744,52,67,12285.2
1149.376,404.5,1392.0,1744,52,67,12259.0
1149.495,695.0,1392.0,1744,41,67,12223.4
1149.615,407.0,1392.0,1744,52,70,12111.9
1149.733,697.5,1392.0,1744,52,67,11811.1
1149.859,827.0,1392.0,1744,41,67,11842.4
1149.977,570.5,1392.0,1744,45,67,11863.4
1150.095,700.0,1392.0,1744,18,67,11907.7
1150.213,829.5,1392.0,1744,18,66,11945.9
1150.332,412.0,1392.0,1744,14,68,11963.9
1150.449,573.0,1392.0,1744,41,66,12002.2
1150.567,702.5,1392.0,1744,41,66,12035.7
1150.687,832.0,1392.0,1744,12,66,12062.1
1150.805,414.5,1392.0,1744,24,69,12079.1
1150.923,575.6,1392.0,1744,30,66,12121.0
1151.041,705.1,1392.0,1744,30,66,12175.7
1151.159,705.1,1392.0,1744,11,66,12229.1
1151.277,834.6,1392.0,1744,9,66,12232.9
1151.407,448.6,1392.0,1744,9,67,12187.1
1151.526,578.1,1392.0,1744,51,66,12112.8
1151.645,578.1,1392.0,1744,8,66,12072.7
1151.766,707.6,1392.0,1744,3,66,12083.0
1151.885,707.6,1392.0,1744,3,66,12112.6
1152.006,707.6,1392.0,1744,4,66,12147.5
1152.124,837.1,1392.0,1744,9,66,12172.7
1152.243,837.1,1392.0,1744,9,66,12192.3
1152.361,371.1,1392.0,1744,10,67,12252.2
1152.484,371.1,1392.0,1744,32,66,12376.6
1152.608,371.1,1392.0,1744,3,66,12477.5
1152.734,371.1,1392.0,1744,3,66,12577.6
1152.861,371.1,1392.0,1744,0,66,12662.2
1152.987,371.1,1392.0,1744,0,66,12685.1
1153.123,371.1,1392.0,1744,3,66,12364.9
1153.259,371.1,1392.0,1744,0,66,12424.7
1153.385,371.1,1392.0,1744,0,66,12528.7
1153.509,371.1,1392.0,1744,0,66,12629.7
1153.634,371.1,1392.0,1744,3,66,12730.0
1153.758,371.1,1392.0,1744,0,66,12774.4
1153.884,371.1,1392.0,1744,0,66,12877.1
1154.008,371.1,1392.0,1744,0,66,12883.8
1154.145,371.1,1392.0,1744,3,66,12973.2
1154.271,371.1,1392.0,1744,0,66,13056.3
1154.396,371.1,1392.0,1744,0,66,13129.1
1154.522,371.1,1392.0,1744,0,66,13229.9
1154.65,371.1,1392.0,1744,3,66,13312.0
1154.776,371.1,1392.0,1744,0,66,13397.0
1154.903,371.1,1392.0,1744,0,66,13475.6
1155.033,371.1,1392.0,1744,0,66,13498.3
1155.152,371.1,1392.0,1744,3,66,13519.5
1155.272,371.1,1392.0,1744,0,66,13536.2
1155.392,371.1,1392.0,1744,0,66,13552.6
1155.511,371.1,1392.0,1744,0,66,13641.5
1155.639,371.1,1392.0,1744,0,66,13593.7
1156.114,371.1,1392.0,1744,0,66,13475.0
1156.605,371.1,1392.0,1744,0,66,13227.2
1157.046,371.1,1392.0,1744,0,66,13288.6
1157.172,371.1,1392.0,1744,0,66,13340.6
1157.391,371.1,1392.0,1744,0,66,13353.7
1157.553,371.1,1392.0,1744,3,66,13357.5
1157.767,371.1,1392.0,1744,0,66,13349.3
1157.994,371.1,1392.0,1744,3,66,13337.0
1158.32,371.1,1392.0,1744,1,66,13328.7
1158.557,371.1,1392.0,1744,0,66,13315.5
1158.826,371.1,1392.0,1744,0,66,13310.4
1159.08,371.1,1392.0,1744,0,66,12937.0
1159.205,371.1,1392.0,1744,3,66,12872.1
1159.331,371.1,1392.0,1744,0,66,12958.0
1159.456,371.1,1392.0,1744,0,66,13032.4
1159.581,371.1,1392.0,1744,0,66,13088.1
1159.705,371.1,1392.0,1744,3,66,13115.8
1159.837,371.1,1392.0,1744,0,66,13119.2
1159.962,371.1,1392.0,1744,0,66,13010.1
1160.082,397.2,1392.0,1744,0,67,13020.0
1160.2,404.2,1392.0,1744,88,67,13022.9
1160.318,395.6,1392.0,1744,76,68,13025.3
1160.436,556.6,1392.0,1744,76,67,13031.7
1160.556,686.1,1392.0,1744,62,67,13045.5
1160.674,394.0,1392.0,1744,24,69,13050.7
1160.792,555.0,1392.0,1744,79,68,13053.8
1160.912,392.4,1392.0,1744,79,70,13058.3
1161.029,553.4,1392.0,1744,75,68,13060.3
1161.147,390.8,1392.0,1744,56,70,13065.9
1161.265,551.8,1392.0,1744,56,68,13068.5
1161.384,389.2,1392.0,1744,70,71,13071.4
1161.502,550.2,1392.0,1744,79,69,13076.7
1161.62,679.7,1392.0,1744,79,67,13085.8
1161.739,809.2,1392.0,1744,18,67,13096.1
1161.857,387.6,1392.0,1744,31,71,13097.1
1161.976,548.6,1392.0,1744,53,67,13105.4
1162.094,678.1,1392.0,1744,53,67,13114.1
1162.212,386.1,1392.0,1744,18,67,13120.3
1162.33,389.6,1392.0,1744,72,69,13124.9
1162.448,676.6,1392.0,1744,72,67,13140.6
1162.566,806.1,1392.0,1744,18,67,13157.3
1162.684,384.5,1392.0,1744,47,71,13157.5
1162.808,545.5,1392.0,1744,46,67,13169.2
1162.927,804.5,1392.0,1744,46,67,13179.0
1163.044,382.9,1392.0,1744,17,70,13182.5
1163.162,543.9,1392.0,1744,75,67,13190.5
1163.28,673.4,1392.0,1744,75,67,13201.9
1163.398,802.9,1392.0,1744,14,66,13170.4
1163.516,381.3,1392.0,1744,47,70,13085.1
1163.634,542.3,1392.0,1744,44,67,13094.9
1163.752,671.8,1392.0,1744,44,67,13106.2
1163.87,379.7,1392.0,1744,13,69,13111.4
1163.988,411.2,1392.0,1744,76,69,13115.7
1164.106,670.2,1392.0,1744,76,67,13125.5
1164.224,799.7,1392.0,1744,18,66,13142.8
1164.343,378.1,1392.0,1744,37,70,13144.5
1164.461,539.1,1392.0,1744,37,67,13153.4
1164.579,668.6,1392.0,1744,53,67,13164.9
1164.698,376.5,1392.0,1744,22,69,13041.4
1164.816,537.5,1392.0,1744,71,68,13052.8
1164.934,667.0,1392.0,1744,71,66,13069.2
1165.052,796.5,1392.0,1744,16,66,13085.0
1165.17,374.9,1392.0,1744,63,70,13085.9
1165.288,536.0,1392.0,1744,63,67,13101.9
1165.407,665.5,1392.0,1744,28,66,13125.9
1165.525,795.0,1392.0,1744,11,66,13158.4
1165.643,373.4,1392.0,1744,71,70,13158.5
1165.761,534.4,1392.0,1744,71,67,13179.1
1165.879,663.9,1392.0,1744,15,66,13203.0
1165.997,793.4,1392.0,1744,12,66,13184.1
1166.116,371.8,1392.0,1744,12,70,13091.4
1166.234,532.8,1392.0,1744,77,67,13117.7
1166.352,662.3,1392.0,1744,14,66,13150.8
1166.47,791.8,1392.0,1744,14,66,13183.4
1166.589,370.2,1392.0,1744,11,70,13186.4
1166.707,531.2,1392.0,1744,76,67,13211.4
1166.827,790.2,1392.0,1744,18,66,13231.6
1166.948,368.6,1392.0,1744,18,70,13046.6
1167.066,529.6,1392.0,1744,77,67,13066.2
1167.185,659.1,1392.0,1744,14,66,13100.9
1167.303,788.6,1392.0,1744,14,66,13145.2
1167.421,367.0,1392.0,1744,12,71,13146.3
1167.539,528.0,1392.0,1744,75,67,13176.7
1167.657,657.5,1392.0,1744,14,66,13205.5
1167.775,787.0,1392.0,1744,14,66,13206.3
1167.897,365.4,1392.0,1744,29,70,13066.9
1168.031,526.4,1392.0,1744,65,66,13129.6
1168.15,655.9,1392.0,1744,13,66,13185.1
1168.268,785.4,1392.0,1744,13,65,13236.6
1168.388,363.8,1392.0,1744,11,67,13260.2
1168.508,363.8,1392.0,1744,82,67,13272.6
1168.627,524.9,1392.0,1744,82,66,13330.8
1168.747,654.4,1392.0,1744,11,66,13398.5
1168.867,783.9,1392.0,1744,11,65,13465.0
1168.987,362.3,1392.0,1744,70,69,13456.2
1169.109,523.3,1392.0,1744,70,66,13522.4
1169.233,652.8,1392.0,1744,2,66,13502.6
1169.614,652.8,1392.0,1744,0,66,13467.2
1169.953,652.8,1392.0,1744,2,66,13429.1
1170.295,782.3,1392.0,1744,3,66,13346.8
1170.711,360.7,1392.0,1744,62,67,13335.7
1170.963,521.7,1392.0,1744,2,66,13302.0
1171.287,521.7,1392.0,1744,3,66,13266.5
1171.624,651.2,1392.0,1744,1,66,13219.5
1171.967,651.2,1392.0,1744,3,66,13172.9
1172.306,780.7,1392.0,1744,3,66,13122.4
1172.612,780.7,1392.0,1744,5,66,13071.4
1172.933,359.1,1392.0,1744,73,67,13030.9
1173.211,520.1,1392.0,1744,3,66,13003.2
1173.524,649.6,1392.0,1744,5,66,12973.8
1173.824,649.6,1392.0,1744,3,66,12940.4
1174.151,779.1,1392.0,1744,5,66,12926.1
1174.285,779.1,1392.0,1744,5,66,12912.4
1174.412,779.1,1392.0,1744,5,66,12884.7
1174.739,357.5,1392.0,1744,24,68,12872.6
1174.922,389.0,1392.0,1744,4,66,12832.9
1175.188,518.5,1392.0,1744,2,66,12822.5
1175.474,648.0,1392.0,1744,7,66,12802.1
1175.638,777.5,1392.0,1744,7,66,12734.3
1175.766,777.5,1392.0,1744,11,69,12792.5
1175.947,359.4,1392.0,1744,29,66,12767.2
1176.261,516.9,1392.0,1744,3,66,12734.0
1176.632,516.9,1392.0,1744,1,66,12698.2
1177.025,516.9,1392.0,1744,4,66,12648.1
1177.386,646.4,1392.0,1744,4,66,12606.4
1177.799,646.4,1392.0,1744,2,66,12559.8
1178.229,646.4,1392.0,1744,4,66,12511.3
1178.664,775.9,1392.0,1744,2,66,12462.4
1179.093,775.9,1392.0,1744,1,66,12402.5
1179.496,330.6,1392.0,1744,1,69,11982.6
1179.617,324.4,1392.0,1744,67,67,11950.8
1179.735,276.1,1392.0,1744,27,67,11966.7
1179.855,274.9,1392.0,1744,74,70,11966.9
1179.973,277.5,1392.0,1744,74,70,11967.1
1180.091,280.1,1392.0,1744,77,68,11968.0
1180.209,282.6,1392.0,1744,81,68,11968.3
1180.327,285.2,1392.0,1744,81,68,11968.3
1180.445,575.7,1392.0,1744,92,68,11969.2
1180.564,448.8,1392.0,1744,80,68,11970.3
1180.684,290.3,1392.0,1744,80,70,11974.9
1180.802,710.3,1392.0,1744,68,67,11980.5
1180.921,453.9,1392.0,1744,58,68,11985.8
1181.039,295.4,1392.0,1744,44,69,11993.8
1181.158,585.9,1392.0,1744,44,67,12002.4
1181.277,298.0,1392.0,1744,53,70,12008.3
1181.397,588.5,1392.0,1744,54,67,12022.6
1181.515,300.6,1392.0,1744,54,68,12035.2
1181.633,461.6,1392.0,1744,40,67,12044.0
1181.751,591.1,1392.0,1744,27,66,12064.5
1181.869,720.6,1392.0,1744,13,66,12083.0
1181.988,303.1,1392.0,1744,13,69,12090.2
1182.107,593.6,1392.0,1744,51,67,12101.8
1182.225,723.1,1392.0,1744,14,66,12122.8
1182.343,723.1,1392.0,1744,14,66,12143.8
1182.462,466.7,1392.0,1744,27,67,12149.5
1182.58,596.2,1392.0,1744,35,66,12158.8
1182.701,725.7,1392.0,1744,18,66,12169.0
1182.82,469.3,1392.0,1744,18,67,12166.7
1182.939,598.8,1392.0,1744,48,66,11892.6
1183.058,728.3,1392.0,1744,16,66,11687.8
1183.177,471.8,1392.0,1744,16,67,11681.8
1183.297,471.8,1392.0,1744,48,66,11704.6
1183.416,601.3,1392.0,1744,11,66,11727.0
1183.534,730.8,1392.0,1744,11,66,11759.0
1183.652,316.9,1392.0,1744,11,68,11769.6
1183.77,474.4,1392.0,1744,46,66,11791.6
1183.888,603.9,1392.0,1744,11,66,11815.2
1184.006,733.4,1392.0,1744,11,66,11835.4
1184.124,315.9,1392.0,1744,12,69,11848.4
1184.241,476.9,1392.0,1744,47,66,11875.6
1184.36,606.4,1392.0,1744,47,66,11902.7
1184.478,735.9,1392.0,1744,10,66,11922.1
1184.595,318.5,1392.0,1744,12,66,11940.9
1184.713,479.5,1392.0,1744,47,67,11962.2
1184.83,609.0,1392.0,1744,47,66,11989.8
1184.948,738.5,1392.0,1744,11,66,12013.9
1185.067,321.1,1392.0,1744,14,66,12030.9
1185.185,482.1,1392.0,1744,14,67,12054.8
1185.304,611.6,1392.0,1744,47,66,12092.0
1185.422,611.6,1392.0,1744,10,66,12131.6
1185.541,741.1,1392.0,1744,10,66,12163.5
1185.658,323.6,1392.0,1744,10,68,12172.1
1185.776,484.6,1392.0,1744,46,66,12184.9
1185.894,614.1,1392.0,1744,12,66,12189.3
1186.014,743.6,1392.0,1744,12,66,12151.9
1186.134,333.2,1392.0,1744,29,67,12113.9
1186.255,616.7,1392.0,1744,45,66,12099.0
1186.373,746.2,1392.0,1744,45,66,12106.8
1186.492,328.7,1392.0,1744,13,66,12132.2
1186.611,489.8,1392.0,1744,49,67,11660.5
1186.729,619.3,1392.0,1744,24,66,11686.0
1186.848,331.3,1392.0,1744,24,68,11711.4
1186.965,492.3,1392.0,1744,50,66,11735.6
1187.084,751.3,1392.0,1744,21,66,11778.2
1187.203,333.9,1392.0,1744,21,67,11819.2
1187.321,494.9,1392.0,1744,30,67,11841.4
1187.44,624.4,1392.0,1744,32,66,11885.1
1187.558,753.9,1392.0,1744,14,66,11940.7
1187.677,336.4,1392.0,1744,14,69,11969.2
1187.796,497.4,1392.0,1744,47,66,12020.0
1187.914,626.9,1392.0,1744,9,66,12067.0
1188.032,756.4,1392.0,1744,9,66,12114.8
1188.151,339.0,1392.0,1744,13,68,12135.3
1188.268,500.0,1392.0,1744,47,66,12191.3
1188.391,629.5,1392.0,1744,11,66,12230.0
1188.511,759.0,1392.0,1744,11,66,12256.1
1188.635,341.6,1392.0,1744,20,68,12242.7
1188.756,502.6,1392.0,1744,50,66,12250.1
1188.874,632.1,1392.0,1744,50,66,12323.0
1188.996,761.6,1392.0,1744,11,66,12377.1
1189.116,294.0,1392.0,1744,17,69,12399.4
1189.238,295.7,1392.0,1744,35,66,12506.9
1189.375,295.7,1392.0,1744,35,66,12435.8
1189.503,295.7,1392.0,1744,1,65,12302.6
1189.637,295.7,1392.0,1744,4,65,12316.5
1189.768,295.7,1392.0,1744,1,65,12399.4
1189.895,295.7,1392.0,1744,0,65,12477.2
1190.023,295.7,1392.0,1744,0,65,12576.9
1190.15,295.7,1392.0,1744,5,65,12663.7
1190.279,295.7,1392.0,1744,1,65,12745.5
1190.407,295.7,1392.0,1744,1,65,12832.2
1190.535,295.7,1392.0,1744,1,65,12919.4
1190.671,295.7,1392.0,1744,4,66,12995.8
1190.805,295.7,1392.0,1744,2,66,13084.1
1190.933,295.7,1392.0,1744,0,65,13172.1
1191.064,295.7,1392.0,1744,4,65,13242.8
1191.197,295.7,1392.0,1744,2,66,13274.6
1191.506,295.7,1392.0,1744,4,65,13290.1
1191.796,295.7,1392.0,1744,2,66,13310.5
1192.1,295.7,1392.0,1744,1,66,13313.3
1192.408,295.7,1392.0,1744,4,66,13318.1
1192.742,295.7,1392.0,1744,2,66,13320.4
1192.992,295.7,1392.0,1744,3,66,13307.9
1193.314,295.7,1392.0,1744,0,66,13216.8
1193.443,295.7,1392.0,1744,2,66,12980.1
1193.568,295.7,1392.0,1744,4,66,12985.9
1193.71,295.7,1392.0,1744,4,66,13003.7
1193.83,295.7,1392.0,1744,2,66,13022.1
1193.953,295.7,1392.0,1744,1,66,13038.9
1194.073,295.7,1392.0,1744,5,66,13057.0
1194.194,295.7,1392.0,1744,5,66,13076.4
1194.314,295.7,1392.0,1744,2,66,13091.7
1194.434,295.7,1392.0,1744,1,66,13249.3
1194.558,295.7,1392.0,1744,1,66,13237.6
1194.684,295.7,1392.0,1744,4,66,13306.3
1194.81,295.7,1392.0,1744,2,66,13375.1
1194.937,295.7,1392.0,1744,2,66,13063.9
1195.063,295.7,1392.0,1744,2,66,12577.9
1195.187,295.7,1392.0,1744,5,66,12637.2
1195.312,295.7,1392.0,1744,1,66,12695.1
1195.437,295.7,1392.0,1744,2,66,12726.7
1195.564,295.7,1392.0,1744,2,66,12753.5
1195.693,295.7,1392.0,1744,5,66,12755.3
1195.819,295.7,1392.0,1744,2,66,12654.5
1195.941,324.6,1392.0,1744,37,67,12678.5
1196.059,485.6,1392.0,1744,37,69,12681.4
1196.177,325.7,1392.0,1744,81,69,12685.9
1196.295,486.7,1392.0,1744,85,68,12691.4
1196.413,616.2,1392.0,1744,85,67,12636.0
1196.531,326.8,1392.0,1744,20,69,12643.4
1196.649,487.8,1392.0,1744,74,68,12646.4
1196.77,327.9,1392.0,1744,52,69,12652.4
1196.89,488.9,1392.0,1744,52,68,12655.9
1197.012,329.0,1392.0,1744,73,67,12666.0
1197.13,329.0,1392.0,1744,69,69,12666.0
1197.248,749.0,1392.0,1744,69,66,12672.2
1197.366,330.1,1392.0,1744,49,71,12674.4
1197.491,491.1,1392.0,1744,85,67,12692.8
1197.609,620.6,1392.0,1744,15,66,12726.4
1197.729,620.6,1392.0,1744,15,66,12758.7
1197.847,750.1,1392.0,1744,10,65,12784.2
1197.965,331.2,1392.0,1744,46,70,12786.0
1198.083,492.2,1392.0,1744,46,66,12810.2
1198.201,492.2,1392.0,1744,45,66,12835.9
1198.32,621.7,1392.0,1744,10,66,12863.1
1198.438,751.2,1392.0,1744,10,66,12897.5
1198.556,332.3,1392.0,1744,10,67,12916.7
1198.674,332.3,1392.0,1744,51,69,12923.2
1198.792,493.3,1392.0,1744,39,66,12949.9
1198.911,752.3,1392.0,1744,39,66,12972.8
1199.03,333.4,1392.0,1744,17,68,12981.5
1199.148,494.5,1392.0,1744,83,68,12994.3
1199.266,624.0,1392.0,1744,17,66,13023.7
1199.384,753.5,1392.0,1744,17,66,13054.8
1199.502,334.6,1392.0,1744,12,66,13081.7
1199.619,334.6,1392.0,1744,75,69,13087.1
1199.737,495.6,1392.0,1744,75,67,13118.3
1199.854,625.1,1392.0,1744,15,66,13144.9
1199.983,754.6,1392.0,1744,10,66,12903.1
1200.111,335.7,1392.0,1744,56,70,12908.9
1200.23,496.7,1392.0,1744,56,67,12935.8
1200.349,626.2,1392.0,1744,33,66,12960.4
1200.468,755.7,1392.0,1744,13,66,12986.7
1200.586,755.7,1392.0,1744,13,66,13011.3
1200.704,336.8,1392.0,1744,25,71,13013.3
1200.822,497.8,1392.0,1744,63,67,13041.3
1200.94,627.3,1392.0,1744,10,66,13066.5
1201.058,756.8,1392.0,1744,10,66,13088.7
1201.177,337.9,1392.0,1744,15,66,13111.6
1201.294,337.9,1392.0,1744,73,69,13115.4
1201.413,498.9,1392.0,1744,73,66,13132.4
1201.532,628.4,1392.0,1744,13,66,13156.9
1201.65,757.9,1392.0,1744,13,66,13171.2
1201.786,339.0,1392.0,1744,77,68,13149.7
1201.919,500.0,1392.0,1744,77,66,13001.7
1202.038,629.5,1392.0,1744,12,66,12958.4
1202.159,340.1,1392.0,1744,17,67,12984.0
1202.278,340.1,1392.0,1744,83,68,12985.3
1202.398,501.1,1392.0,1744,83,66,13012.9
1202.516,630.6,1392.0,1744,12,65,13037.9
1202.634,760.1,1392.0,1744,13,65,13067.7
1202.752,341.2,1392.0,1744,13,66,13081.6
1202.87,341.2,1392.0,1744,49,67,13089.7
1202.989,502.2,1392.0,1744,43,66,13121.6
1203.107,631.7,1392.0,1744,13,66,13149.4
1203.225,761.2,1392.0,1744,13,66,13172.6
1203.344,342.3,1392.0,1744,11,66,13186.9
1203.462,349.3,1392.0,1744,74,69,13192.4
1203.58,632.8,1392.0,1744,74,66,13215.2
1203.698,762.3,1392.0,1744,20,66,13253.0
1203.817,343.4,1392.0,1744,40,69,13200.6
1203.948,504.4,1392.0,1744,61,66,13118.5
1204.076,633.9,1392.0,1744,61,65,13121.4
1204.196,344.5,1392.0,1744,20,67,12996.1
1204.314,344.5,1392.0,1744,82,67,13001.4
1204.432,505.5,1392.0,1744,82,66,13032.1
1204.55,764.5,1392.0,1744,14,66,13073.0
1204.669,345.6,1392.0,1744,39,70,13079.3
1204.788,506.7,1392.0,1744,56,66,13094.7
1204.907,636.2,1392.0,1744,56,66,13119.0
1205.025,346.8,1392.0,1744,17,68,13146.0
1205.142,353.8,1392.0,1744,78,69,13151.8
1205.261,637.3,1392.0,1744,78,66,13173.2
1205.38,766.8,1392.0,1744,20,66,13197.2
1205.497,347.9,1392.0,1744,48,70,13197.3
1205.615,508.9,1392.0,1744,48,66,13227.8
1205.733,767.9,1392.0,1744,46,66,13245.9
1205.904,349.0,1392.0,1744,10,69,13272.0
1206.023,352.5,1392.0,1744,68,67,13288.3
1206.143,639.5,1392.0,1744,23,66,13328.9
1206.262,769.0,1392.0,1744,23,66,13383.2
1206.382,350.1,1392.0,1744,15,69,13397.5
1206.501,381.6,1392.0,1744,74,67,13417.6
1206.623,640.6,1392.0,1744,14,66,13478.1
1206.743,640.6,1392.0,1744,14,66,13546.5
1206.864,770.1,1392.0,1744,3,65,13521.9
1207.245,770.1,1392.0,1744,23,67,13490.9
1207.561,382.7,1392.0,1744,9,66,13448.8
1207.906,512.2,1392.0,1744,4,65,13383.4
1208.271,641.7,1392.0,1744,4,65,13351.1
1208.562,641.7,1392.0,1744,4,65,13286.8
1208.91,641.7,1392.0,1744,3,65,13238.7
1209.268,771.2,1392.0,1744,2,66,13201.0
1209.622,771.2,1392.0,1744,4,65,13142.4
1209.851,352.3,1392.0,1744,38,70,12979.9
1209.972,359.3,1392.0,1744,40,66,12898.1
1210.098,513.3,1392.0,1744,40,66,12891.4
1210.219,513.3,1392.0,1744,7,66,12868.3
1210.34,513.3,1392.0,1744,4,66,12861.5
1210.46,642.8,1392.0,1744,4,66,12856.2
1210.581,642.8,1392.0,1744,4,66,12854.4
1210.701,772.3,1392.0,1744,6,66,12848.7
1210.822,772.3,1392.0,1744,1,65,12835.0
1210.943,772.3,1392.0,1744,1,65,12823.3
1211.063,772.3,1392.0,1744,2,66,12812.4
1211.186,772.3,1392.0,1744,4,65,12801.6
1211.307,772.3,1392.0,1744,2,65,12798.1
1211.427,772.3,1392.0,1744,2,65,12783.8
1211.548,772.3,1392.0,1744,2,65,12762.9
1211.669,772.3,1392.0,1744,3,65,12748.3
1211.789,772.3,1392.0,1744,3,65,12734.4
1211.909,772.3,1392.0,1744,0,65,12720.0
1212.03,772.3,1392.0,1744,2,65,12707.1
1212.15,772.3,1392.0,1744,2,65,12693.4
1212.271,772.3,1392.0,1744,2,65,12678.9
1212.392,772.3,1392.0,1744,0,65,12666.1
1212.513,772.3,1392.0,1744,2,65,12652.2
1212.633,772.3,1392.0,1744,2,65,12639.0
1212.753,353.4,1392.0,1744,2,66,12624.9
1212.874,353.4,1392.0,1744,61,66,12615.3
1212.994,353.4,1392.0,1744,26,65,12603.1
1213.115,353.4,1392.0,1744,26,65,12588.9
1213.235,353.4,1392.0,1744,2,65,12575.1
1213.355,360.4,1392.0,1744,0,65,12561.2
1213.476,384.9,1392.0,1744,2,65,12548.1
1213.597,384.9,1392.0,1744,2,65,12535.0
1213.719,384.9,1392.0,1744,2,65,12522.1
1213.84,384.9,1392.0,1744,0,65,12508.0
1213.96,384.9,1392.0,1744,0,65,12493.8
1214.08,514.4,1392.0,1744,2,65,12480.5
1214.201,514.4,1392.0,1744,2,65,12466.4
1214.321,514.4,1392.0,1744,0,65,12452.7
1214.441,514.4,1392.0,1744,0,65,12439.5
1214.56,514.4,1392.0,1744,2,65,12426.2
1214.681,514.4,1392.0,1744,2,65,12412.9
1214.801,514.4,1392.0,1744,2,65,12402.1
1214.921,514.4,1392.0,1744,1,65,12387.4
1215.042,514.4,1392.0,1744,2,65,12387.7
1215.186,514.4,1392.0,1744,3,65,12238.0
1215.31,643.9,1392.0,1744,4,65,12259.2
1215.435,643.9,1392.0,1744,4,65,12216.5
1215.568,773.4,1392.0,1744,6,65,11989.4
1215.691,773.4,1392.0,1744,10,65,11926.8
1215.825,330.8,1392.0,1744,73,68,11926.8
1215.954,349.7,1392.0,1744,73,65,11910.1
1216.072,510.7,1392.0,1744,11,65,11934.3
1216.192,352.1,1392.0,1744,34,67,11940.4
1216.309,642.6,1392.0,1744,34,66,11834.7
1216.427,772.1,1392.0,1744,51,65,11858.3
1216.546,354.8,1392.0,1744,12,66,11878.0
1216.664,386.3,1392.0,1744,44,66,11904.5
1216.782,515.8,1392.0,1744,44,66,11934.5
1216.9,645.3,1392.0,1744,9,65,11966.6
1217.018,774.8,1392.0,1744,10,65,12008.0
1217.136,357.4,1392.0,1744,10,68,12032.7
1217.254,518.4,1392.0,1744,46,66,12072.3
1217.372,647.9,1392.0,1744,11,65,12124.0
1217.49,777.4,1392.0,1744,13,65,12171.6
1217.608,360.1,1392.0,1744,13,67,12201.9
1217.725,521.1,1392.0,1744,45,66,12226.8
1217.844,650.6,1392.0,1744,15,65,12262.7
1217.962,780.1,1392.0,1744,15,65,12299.8
1218.08,523.8,1392.0,1744,33,67,12313.2
1218.2,653.3,1392.0,1744,39,65,12342.9
1218.319,365.5,1392.0,1744,39,65,12369.2
1218.437,656.0,1392.0,1744,33,66,12379.5
1218.556,368.1,1392.0,1744,45,67,12389.0
1218.674,658.6,1392.0,1744,61,66,12398.3
1218.793,370.8,1392.0,1744,61,68,12407.8
1218.91,661.3,1392.0,1744,54,66,12428.6
1219.029,373.5,1392.0,1744,35,67,12440.0
1219.16,664.0,1392.0,1744,35,66,12450.2
1219.28,376.1,1392.0,1744,65,68,12450.3
1219.401,666.7,1392.0,1744,58,66,12460.4
1219.52,378.8,1392.0,1744,29,66,12471.4
1219.638,539.8,1392.0,1744,29,66,12477.6
1219.757,669.3,1392.0,1744,41,65,12497.0
1219.875,798.8,1392.0,1744,12,65,12509.3
1219.995,542.5,1392.0,1744,12,67,12508.8
1220.114,672.0,1392.0,1744,51,65,12524.9
1220.234,801.5,1392.0,1744,11,65,12543.2
1220.352,384.2,1392.0,1744,35,68,12545.8
1220.471,545.2,1392.0,1744,35,66,12561.6
1220.59,674.7,1392.0,1744,23,65,12575.9
1220.71,386.8,1392.0,1744,15,65,12584.9
1220.829,547.8,1392.0,1744,15,66,12584.4
1220.949,677.3,1392.0,1744,46,65,12589.9
1221.068,389.5,1392.0,1744,18,66,12587.5
1221.186,550.5,1392.0,1744,49,66,12588.2
1221.307,680.0,1392.0,1744,49,65,12591.4
1221.426,392.2,1392.0,1744,15,67,12593.1
1221.546,553.2,1392.0,1744,49,66,12592.5
1221.665,812.2,1392.0,1744,49,65,12595.3
1221.784,394.8,1392.0,1744,16,68,12593.5
1221.902,555.9,1392.0,1744,47,66,12598.7
1222.022,814.9,1392.0,1744,16,65,12603.3
1222.142,397.5,1392.0,1744,16,68,12601.5
1222.264,558.5,1392.0,1744,50,66,12597.5
1222.432,817.5,1392.0,1744,12,65,12600.3
1222.578,400.2,1392.0,1744,25,67,12593.9
1222.715,690.7,1392.0,1744,40,65,12588.4
1222.897,402.9,1392.0,1744,24,67,12584.4
1223.025,563.9,1392.0,1744,36,65,12584.6
1223.219,822.9,1392.0,1744,11,65,12576.9
1223.425,405.5,1392.0,1744,6,68,12572.4
1223.588,566.5,1392.0,1744,47,65,12571.4
1223.784,825.5,1392.0,1744,8,65,12574.9
1223.977,408.2,1392.0,1744,46,67,12569.1
1224.136,828.2,1392.0,1744,25,66,12558.0
1224.329,571.9,1392.0,1744,53,66,12547.9
1224.47,413.5,1392.0,1744,51,68,12539.9
1224.633,833.6,1392.0,1744,29,66,12527.7
1224.811,577.2,1392.0,1744,29,67,12519.5
1224.957,706.7,1392.0,1744,13,65,12496.9
1225.206,418.9,1392.0,1744,38,68,12489.7
1225.344,838.9,1392.0,1744,40,67,12477.2
1225.583,712.1,1392.0,1744,49,66,12494.9
1225.786,841.6,1392.0,1744,3,65,12489.1
1226.163,374.2,1392.0,1744,44,67,12497.9
1226.341,375.9,1392.0,1744,0,66,12463.7
1226.499,375.9,1392.0,1744,0,65,12221.5
1226.626,375.9,1392.0,1744,2,65,12154.5
1226.75,375.9,1392.0,1744,2,65,12255.0
1226.875,375.9,1392.0,1744,0,65,12353.0
1227.0,375.9,1392.0,1744,0,65,12442.9
1227.125,375.9,1392.0,1744,2,65,12553.9
1227.25,375.9,1392.0,1744,2,65,12557.9
1227.377,375.9,1392.0,1744,2,65,12590.7
1227.502,375.9,1392.0,1744,2,65,12626.7
1227.629,375.9,1392.0,1744,3,65,12665.1
1227.755,375.9,1392.0,1744,3,65,12703.9
1227.881,375.9,1392.0,1744,2,65,12779.0
1228.008,375.9,1392.0,1744,2,66,12876.8
1228.134,375.9,1392.0,1744,2,66,12954.9
1228.259,375.9,1392.0,1744,4,66,13026.8
1228.385,375.9,1392.0,1744,1,65,13088.2
1228.513,375.9,1392.0,1744,1,66,13159.6
1228.64,375.9,1392.0,1744,3,66,13228.5
1228.767,375.9,1392.0,1744,3,66,13296.3
1228.896,375.9,1392.0,1744,1,66,13359.4
1229.023,375.9,1392.0,1744,1,66,13411.5
1229.149,375.9,1392.0,1744,3,66,13455.0
1229.271,375.9,1392.0,1744,2,66,13497.3
1229.402,375.9,1392.0,1744,1,66,13517.7
1229.601,375.9,1392.0,1744,2,66,13528.1
1229.813,375.9,1392.0,1744,3,66,13546.6
1230.159,375.9,1392.0,1744,2,66,13451.3
1230.769,375.9,1392.0,1744,3,66,13220.6
1231.28,375.9,1392.0,1744,2,66,13292.0
1231.407,375.9,1392.0,1744,2,66,13357.0
1231.534,375.9,1392.0,1744,2,66,13374.4
1231.77,375.9,1392.0,1744,1,66,13382.5
1232.0,375.9,1392.0,1744,3,66,13398.1
1232.238,375.9,1392.0,1744,2,66,13398.2
1232.457,375.9,1392.0,1744,2,66,13408.7
1232.717,375.9,1392.0,1744,2,66,13339.4
1232.976,375.9,1392.0,1744,1,66,12873.3
1233.106,375.9,1392.0,1744,5,66,12777.2
1233.228,375.9,1392.0,1744,3,66,12832.9
1233.355,375.9,1392.0,1744,3,66,12876.1
1233.481,375.9,1392.0,1744,2,66,12924.9
1233.605,375.9,1392.0,1744,3,66,12973.3
1233.729,375.9,1392.0,1744,2,66,12991.5
1233.861,375.9,1392.0,1744,2,66,12993.1
1233.988,563.2,1392.0,1744,1,66,12926.5
1234.106,1029.0,1392.0,1744,18,66,12942.1
1234.224,402.2,1392.0,1744,85,70,12944.9
1234.342,822.2,1392.0,1744,85,67,12958.9
1234.46,400.4,1392.0,1744,37,71,12960.1
1234.579,561.4,1392.0,1744,68,67,12970.8
1234.697,690.9,1392.0,1744,68,67,12985.6
1234.815,398.7,1392.0,1744,15,69,12992.4
1234.933,559.7,1392.0,1744,78,68,12995.5
1235.051,818.7,1392.0,1744,29,67,13006.8
1235.171,396.9,1392.0,1744,29,71,13007.3
1235.288,687.4,1392.0,1744,79,67,13017.7
1235.406,395.2,1392.0,1744,35,69,13024.3
1235.523,395.2,1392.0,1744,35,68,13026.1
1235.642,685.7,1392.0,1744,74,66,13034.5
1235.761,393.4,1392.0,1744,44,69,13039.4
1235.879,424.9,1392.0,1744,44,67,13045.4
1235.997,683.9,1392.0,1744,58,66,13056.9
1236.115,813.4,1392.0,1744,16,66,13069.2
1236.233,813.4,1392.0,1744,10,66,13081.3
1236.351,391.7,1392.0,1744,10,71,13081.7
1236.47,552.7,1392.0,1744,75,67,13094.2
1236.588,682.2,1392.0,1744,13,66,13106.2
1236.706,811.7,1392.0,1744,13,66,13118.8
1236.825,389.9,1392.0,1744,13,69,13124.2
1236.946,393.4,1392.0,1744,80,67,13127.0
1237.064,680.4,1392.0,1744,23,66,13137.0
1237.182,809.9,1392.0,1744,23,66,13145.6
1237.3,388.2,1392.0,1744,39,69,13145.7
1237.419,549.2,1392.0,1744,57,66,13153.7
1237.537,678.7,1392.0,1744,57,66,13164.0
1237.655,1285.7,1392.0,1744,18,66,13173.6
1237.772,386.4,1392.0,1744,61,69,13175.4
1237.89,547.4,1392.0,1744,61,67,13186.3
1238.008,676.9,1392.0,1744,27,66,13198.0
1238.126,806.4,1392.0,1744,15,66,13210.0
1238.244,384.7,1392.0,1744,67,70,13210.1
1238.362,545.7,1392.0,1744,67,67,13219.3
1238.48,675.2,1392.0,1744,23,66,13230.4
1238.598,804.7,1392.0,1744,15,66,13241.6
1238.716,382.9,1392.0,1744,15,70,13242.5
1238.834,543.9,1392.0,1744,76,67,13251.5
1238.954,673.4,1392.0,1744,11,66,13261.6
1239.071,802.9,1392.0,1744,16,66,13275.9
1239.19,381.2,1392.0,1744,16,70,13278.5
1239.308,542.2,1392.0,1744,75,67,13286.4
1239.426,671.7,1392.0,1744,12,66,13239.4
1239.545,801.2,1392.0,1744,12,66,13138.8
1239.665,379.4,1392.0,1744,18,68,13096.3
1239.788,410.9,1392.0,1744,86,66,13114.6
1239.906,540.4,1392.0,1744,11,65,13180.7
1240.024,669.9,1392.0,1744,11,65,13241.6
1240.142,799.4,1392.0,1744,14,65,13238.1
1240.261,377.7,1392.0,1744,36,67,13264.2
1240.379,409.2,1392.0,1744,36,66,13282.6
1240.498,538.7,1392.0,1744,54,66,13356.9
1240.617,668.2,1392.0,1744,16,65,13439.1
1240.736,797.7,1392.0,1744,16,65,13539.8
1240.855,375.9,1392.0,1744,10,69,13553.8
1240.977,536.9,1392.0,1744,76,66,13570.5
1241.191,536.9,1392.0,1744,4,66,13550.8
1241.397,536.9,1392.0,1744,2,66,13490.1
1241.832,666.4,1392.0,1744,4,66,13449.9
1242.211,666.4,1392.0,1744,1,66,13403.6
1242.611,795.9,1392.0,1744,3,66,13375.3
1242.905,374.2,1392.0,1744,3,69,13366.6
1243.036,664.7,1392.0,1744,20,66,13355.0
1243.238,794.2,1392.0,1744,7,66,13324.0
1243.451,372.4,1392.0,1744,66,69,13313.8
1243.57,792.4,1392.0,1744,34,66,13315.5
1243.708,370.7,1392.0,1744,34,71,13306.3
1243.842,661.2,1392.0,1744,14,66,13271.8
1244.067,368.9,1392.0,1744,53,71,13261.4
1244.237,659.4,1392.0,1744,54,67,13251.1
1244.39,367.2,1392.0,1744,73,71,13243.7
1244.551,657.7,1392.0,1744,73,66,13235.5
1244.693,365.4,1392.0,1744,47,69,13226.0
1244.854,526.4,1392.0,1744,22,66,13204.3
1245.081,785.4,1392.0,1744,4,66,13167.6
1245.396,363.7,1392.0,1744,74,70,13145.9
1245.572,524.7,1392.0,1744,12,66,13090.6
1245.87,783.7,1392.0,1744,12,66,13060.3
1246.193,361.9,1392.0,1744,76,67,13036.8
1246.476,522.9,1392.0,1744,7,66,13005.9
1246.77,652.4,1392.0,1744,5,66,12663.2
1249.77,781.9,1392.0,1744,8,66,12697.5
1249.89,360.2,1392.0,1744,8,71,12689.2
1250.009,521.2,1392.0,1744,74,67,12709.2
1250.128,650.7,1392.0,1744,13,67,12732.8
1250.247,780.2,1392.0,1744,13,66,12758.4
1250.366,358.4,1392.0,1744,11,67,12788.5
1250.485,358.4,1392.0,1744,66,70,12801.6
1250.604,519.4,1392.0,1744,2,66,12797.2
1250.997,648.9,1392.0,1744,6,66,12751.6
1251.378,648.9,1392.0,1744,4,66,12707.5
1251.748,648.9,1392.0,1744,4,66,12670.1
1252.03,778.4,1392.0,1744,5,66,12653.4
1252.279,778.4,1392.0,1744,3,66,12643.7
1252.535,356.7,1392.0,1744,14,68,12642.8
1252.72,517.7,1392.0,1744,69,66,12348.9
1252.85,517.7,1392.0,1744,6,66,12305.9
1252.973,517.7,1392.0,1744,2,66,12298.7
1253.093,517.7,1392.0,1744,2,66,12284.9
1253.213,517.7,1392.0,1744,5,66,12272.1
1253.333,517.7,1392.0,1744,2,66,12261.2
1253.453,517.7,1392.0,1744,2,66,12247.7
1253.572,517.7,1392.0,1744,2,66,12233.7
1253.692,517.7,1392.0,1744,4,66,12219.4
1253.813,647.2,1392.0,1744,1,66,12205.8
1253.933,647.2,1392.0,1744,1,66,12182.5
1254.053,647.2,1392.0,1744,1,66,12168.0
1254.173,647.2,1392.0,1744,4,66,12155.1
1254.292,647.2,1392.0,1744,2,66,12139.8
1254.412,647.2,1392.0,1744,2,66,12131.4
1254.533,647.2,1392.0,1744,2,66,12102.8
1254.653,647.2,1392.0,1744,5,66,12091.9
1254.772,647.2,1392.0,1744,5,66,12070.0
1254.892,647.2,1392.0,1744,1,66,12049.1
1255.011,647.2,1392.0,1744,2,66,12027.4
1255.132,647.2,1392.0,1744,4,66,12006.4
1255.253,647.2,1392.0,1744,4,66,11993.8
1255.374,776.7,1392.0,1744,2,65,11961.8
1255.492,776.7,1392.0,1744,7,66,11849.8
1255.613,331.3,1392.0,1744,7,67,11719.8
1255.731,324.4,1392.0,1744,53,68,11722.3
1255.849,247.3,1392.0,1744,43,67,11738.5
1255.968,275.3,1392.0,1744,68,68,11748.1
1256.087,565.8,1392.0,1744,68,68,11691.3
1256.208,278.0,1392.0,1744,75,71,11692.7
1256.326,698.1,1392.0,1744,66,67,11705.5
1256.444,280.8,1392.0,1744,66,70,11708.9
1256.562,571.3,1392.0,1744,73,67,11723.9
1256.681,283.6,1392.0,1744,57,70,11728.3
1256.799,574.1,1392.0,1744,51,67,11752.2
1256.917,286.4,1392.0,1744,51,70,11754.0
1257.035,576.9,1392.0,1744,71,67,11772.7
1257.154,706.4,1392.0,1744,20,67,11795.5
1257.273,289.2,1392.0,1744,20,70,11804.6
1257.39,450.2,1392.0,1744,63,67,11812.1
1257.511,292.0,1392.0,1744,29,67,11823.6
1257.628,323.5,1392.0,1744,29,68,11825.6
1257.746,712.0,1392.0,1744,69,67,11838.2
1257.864,294.7,1392.0,1744,46,70,11840.0
1257.982,585.2,1392.0,1744,48,67,11855.1
1258.102,297.5,1392.0,1744,48,69,11864.7
1258.22,458.5,1392.0,1744,56,68,11872.1
1258.34,717.5,1392.0,1744,39,67,11885.5
1258.459,300.3,1392.0,1744,39,70,11887.5
1258.577,590.8,1392.0,1744,70,67,11900.7
1258.696,720.3,1392.0,1744,21,67,11919.5
1258.814,303.1,1392.0,1744,64,70,11923.6
1258.932,464.1,1392.0,1744,64,67,11940.5
1259.05,593.6,1392.0,1744,11,66,11964.2
1259.168,593.6,1392.0,1744,9,66,11987.7
1259.286,723.1,1392.0,1744,9,66,12009.5
1259.404,305.9,1392.0,1744,9,67,12020.6
1259.522,466.9,1392.0,1744,65,68,12047.7
1259.64,596.4,1392.0,1744,18,66,12067.7
1259.758,725.9,1392.0,1744,18,66,11973.9
1259.878,308.6,1392.0,1744,11,69,11937.9
1259.996,469.6,1392.0,1744,65,67,11962.9
1260.115,599.1,1392.0,1744,65,66,12015.0
1260.233,728.6,1392.0,1744,12,66,12051.7
1260.352,311.4,1392.0,1744,19,69,12082.6
1260.47,472.4,1392.0,1744,19,67,12089.1
1260.589,601.9,1392.0,1744,61,66,12103.9
1260.707,731.4,1392.0,1744,15,66,12118.0
1260.825,314.2,1392.0,1744,33,67,12123.3
1260.943,475.2,1392.0,1744,33,67,12129.7
1261.06,604.7,1392.0,1744,46,66,12142.2
1261.178,734.2,1392.0,1744,16,66,12155.4
1261.295,317.0,1392.0,1744,16,67,11816.8
1261.413,478.0,1392.0,1744,43,67,11822.7
1261.531,607.5,1392.0,1744,35,66,11832.8
1261.649,737.0,1392.0,1744,14,66,11844.8
1261.767,319.8,1392.0,1744,14,67,11852.4
1261.886,351.3,1392.0,1744,54,67,11859.9
1262.004,480.8,1392.0,1744,23,66,11871.0
1262.123,610.3,1392.0,1744,23,66,11884.2
1262.241,759.8,1392.0,1744,14,66,11894.2
1262.359,354.1,1392.0,1744,59,68,11896.6
1262.477,613.1,1392.0,1744,59,66,11926.3
1262.596,742.6,1392.0,1744,22,66,11946.3
1262.714,325.3,1392.0,1744,13,67,11965.6
1262.832,356.8,1392.0,1744,64,69,11970.5
1262.95,615.8,1392.0,1744,64,66,11987.5
1263.068,745.3,1392.0,1744,17,66,12001.8
1263.186,328.1,1392.0,1744,49,69,12003.9
1263.305,489.1,1392.0,1744,49,66,12024.8
1263.423,618.6,1392.0,1744,28,66,12050.4
1263.541,748.1,1392.0,1744,14,66,12076.1
1263.66,776.4,1392.0,1744,16,66,12093.8
1263.777,330.9,1392.0,1744,16,68,12106.3
1263.895,491.9,1392.0,1744,60,66,12015.2
1264.017,621.4,1392.0,1744,12,66,12044.7
1264.135,750.9,1392.0,1744,12,66,12087.3
1264.254,333.7,1392.0,1744,12,68,12100.2
1264.372,494.7,1392.0,1744,64,67,12127.3
1264.491,753.7,1392.0,1744,20,66,12147.2
1264.612,336.5,1392.0,1744,20,69,12143.8
1264.731,497.5,1392.0,1744,68,66,12156.7
1264.851,756.5,1392.0,1744,23,66,12169.2
1264.969,339.2,1392.0,1744,23,68,12162.7
1265.089,629.7,1392.0,1744,70,66,12153.9
1265.208,342.0,1392.0,1744,21,68,12070.3
1265.332,503.0,1392.0,1744,64,67,12059.1
1265.453,632.5,1392.0,1744,64,66,12068.6
1265.571,762.0,1392.0,1744,15,66,12080.4
1265.689,344.8,1392.0,1744,19,67,12086.7
1265.808,376.3,1392.0,1744,19,67,12090.0
1265.927,505.8,1392.0,1744,56,66,12076.9
1266.046,764.8,1392.0,1744,14,66,12071.0
1266.166,347.6,1392.0,1744,46,68,12086.8
1266.284,354.6,1392.0,1744,46,67,12079.3
1266.404,508.6,1392.0,1744,29,66,12100.8
1266.524,508.6,1392.0,1744,7,66,12094.0
1266.644,508.6,1392.0,1744,7,66,12102.6
1266.763,638.1,1392.0,1744,6,66,12088.2
1266.881,638.1,1392.0,1744,6,66,12083.6
1266.999,638.1,1392.0,1744,6,66,12026.7
1267.118,767.6,1392.0,1744,5,66,11879.1
1267.238,300.3,1392.0,1744,11,67,11675.1
1267.357,302.1,1392.0,1744,61,67,11718.5
1267.476,302.1,1392.0,1744,61,66,11838.0
1267.599,302.1,1392.0,1744,2,66,11937.1
1267.724,302.1,1392.0,1744,2,66,11991.1
1267.85,302.1,1392.0,1744,2,66,11954.6
1267.975,302.1,1392.0,1744,2,66,12050.9
1268.1,302.1,1392.0,1744,3,66,12135.7
1268.224,302.1,1392.0,1744,2,66,12261.1
1268.35,302.1,1392.0,1744,1,66,12188.5
1268.475,302.1,1392.0,1744,1,66,12229.3
1268.601,302.1,1392.0,1744,3,66,12300.9
1268.727,302.1,1392.0,1744,4,66,12385.1
1268.853,302.1,1392.0,1744,1,66,12468.3
1268.977,302.1,1392.0,1744,1,66,12593.1
1269.102,302.1,1392.0,1744,2,66,12693.8
1269.227,302.1,1392.0,1744,2,66,12617.0
1269.353,302.1,1392.0,1744,0,66,12661.2
1269.48,302.1,1392.0,1744,0,66,12738.2
1269.619,302.1,1392.0,1744,2,66,12828.3
1269.749,302.1,1392.0,1744,2,66,12919.2
1269.874,302.1,1392.0,1744,2,66,12992.1
1270.007,302.1,1392.0,1744,2,66,13070.4
1270.133,302.1,1392.0,1744,2,65,13123.2
1270.259,302.1,1392.0,1744,2,65,13150.6
1270.379,302.1,1392.0,1744,0,65,13348.3
1270.506,302.1,1392.0,1744,0,65,13248.2
1270.633,302.1,1392.0,1744,2,65,13245.6
1270.761,302.1,1392.0,1744,2,65,13239.7
1270.889,302.1,1392.0,1744,0,65,13234.0
1271.015,302.1,1392.0,1744,2,65,13227.7
1271.147,302.1,1392.0,1744,2,65,13221.2
1271.279,302.1,1392.0,1744,2,65,13136.6
1271.407,783.0,1412.0,1764,19,66,13150.3
1271.525,331.2,1412.0,1764,19,67,13140.1
1271.644,492.3,1412.0,1764,99,66,13136.4
1271.763,332.1,1412.0,1764,55,68,13147.8
1271.881,332.1,1412.0,1764,92,70,13137.6
1271.999,752.1,1412.0,1764,92,67,13141.1
1272.118,333.0,1412.0,1764,51,70,13132.1
1272.238,494.0,1412.0,1764,95,68,13138.4
1272.359,333.9,1412.0,1764,95,69,13153.1
1272.477,333.9,1412.0,1764,51,71,13142.2
1272.602,753.9,1412.0,1764,84,67,13146.1
1272.721,334.8,1412.0,1764,76,71,13135.7
1272.84,495.8,1412.0,1764,76,68,13129.7
1272.959,335.7,1412.0,1764,64,71,13122.1
1273.077,335.7,1412.0,1764,95,69,13113.3
1273.196,496.7,1412.0,1764,95,67,13115.9
1273.314,336.6,1412.0,1764,28,70,13107.4
1273.433,336.6,1412.0,1764,88,71,13098.9
1273.551,497.6,1412.0,1764,33,67,13105.0
1273.67,627.1,1412.0,1764,33,67,13110.2
1273.789,756.6,1412.0,1764,14,67,13113.0
1273.909,337.5,1412.0,1764,61,71,13102.8
1274.028,498.5,1412.0,1764,61,68,13102.0
1274.147,757.5,1412.0,1764,55,67,13104.5
1274.265,338.4,1412.0,1764,19,69,13100.7
1274.383,338.4,1412.0,1764,100,71,13090.8
1274.502,499.4,1412.0,1764,100,67,13093.9
1274.621,758.4,1412.0,1764,19,67,13098.3
1274.739,339.3,1412.0,1764,37,70,13093.5
1274.858,339.3,1412.0,1764,37,70,13086.9
1274.977,500.3,1412.0,1764,79,67,13092.9
1275.097,759.3,1412.0,1764,16,67,13097.4
1275.216,340.2,1412.0,1764,40,69,13094.7
1275.335,340.2,1412.0,1764,40,71,13084.1
1275.455,501.2,1412.0,1764,77,67,13087.3
1275.576,630.7,1412.0,1764,14,67,13090.6
1275.695,341.0,1412.0,1764,14,67,13091.5
1275.814,341.0,1412.0,1764,35,71,13081.2
1275.933,502.1,1412.0,1764,81,68,13079.9
1276.052,631.6,1412.0,1764,16,67,13083.7
1276.172,761.1,1412.0,1764,16,67,13091.0
1276.291,341.9,1412.0,1764,23,70,13082.6
1276.41,348.9,1412.0,1764,92,69,13076.3
1276.529,502.9,1412.0,1764,92,67,13081.5
1276.648,761.9,1412.0,1764,14,67,13085.6
1276.767,342.8,1412.0,1764,18,69,13081.4
1276.885,342.8,1412.0,1764,99,71,13071.6
1277.004,503.8,1412.0,1764,99,67,13086.7
1277.123,633.3,1412.0,1764,15,67,13101.4
1277.242,343.7,1412.0,1764,27,69,13107.9
1277.361,343.7,1412.0,1764,27,71,13097.4
1277.48,504.7,1412.0,1764,91,67,13135.4
1277.599,634.2,1412.0,1764,13,67,13182.4
1277.717,763.7,1412.0,1764,2,66,13171.7
1278.082,763.7,1412.0,1764,3,66,13138.5
1278.417,763.7,1412.0,1764,40,71,13108.6
1278.733,348.1,1412.0,1764,2,67,13074.0
1279.096,505.6,1412.0,1764,2,67,13037.7
1279.425,635.1,1412.0,1764,4,67,12998.9
1279.769,635.1,1412.0,1764,2,66,12956.8
1280.146,635.1,1412.0,1764,1,66,12918.4
1280.421,764.6,1412.0,1764,7,67,12514.7
1280.54,345.5,1412.0,1764,7,71,12444.2
1280.659,377.0,1412.0,1764,80,68,12458.2
1280.777,636.0,1412.0,1764,38,67,12495.5
1280.895,765.5,1412.0,1764,13,67,12538.3
1281.013,346.4,1412.0,1764,13,67,12577.8
1281.13,346.4,1412.0,1764,61,71,12577.8
1281.248,507.4,1412.0,1764,58,68,12592.4
1281.366,766.4,1412.0,1764,58,67,12607.7
1281.484,347.3,1412.0,1764,35,71,12607.8
1281.603,508.3,1412.0,1764,88,68,12617.0
1281.721,637.8,1412.0,1764,88,67,12635.1
1281.841,348.2,1412.0,1764,17,69,12634.2
1281.96,348.2,1412.0,1764,75,72,12624.1
1282.08,638.7,1412.0,1764,56,68,12628.4
1282.199,349.1,1412.0,1764,56,70,12629.3
1282.317,349.1,1412.0,1764,70,71,12619.8
1282.436,639.6,1412.0,1764,54,67,12630.8
1282.555,350.0,1412.0,1764,54,69,12633.4
1282.674,350.0,1412.0,1764,48,72,12623.1
1282.793,511.0,1412.0,1764,72,68,12636.4
1282.912,770.0,1412.0,1764,18,67,12662.9
1283.031,350.8,1412.0,1764,18,70,12670.5
1283.15,350.8,1412.0,1764,69,71,12662.5
1283.269,511.9,1412.0,1764,49,68,12688.3
1283.389,641.4,1412.0,1764,49,67,12707.2
1283.509,770.9,1412.0,1764,11,67,12728.2
1283.629,351.7,1412.0,1764,35,69,12725.2
1283.75,351.7,1412.0,1764,100,69,12717.9
1283.871,512.7,1412.0,1764,100,67,12741.6
1283.99,642.2,1412.0,1764,11,67,12771.6
1284.109,642.2,1412.0,1764,12,67,12798.9
1284.23,771.7,1412.0,1764,12,67,12825.9
1284.355,352.6,1412.0,1764,24,71,12815.4
1284.475,513.6,1412.0,1764,90,68,12822.3
1284.596,643.1,1412.0,1764,17,67,12834.9
1284.768,772.6,1412.0,1764,10,67,12854.9
1284.974,353.5,1412.0,1764,37,71,12841.2
1285.099,385.0,1412.0,1764,74,68,12852.3
1285.253,514.5,1412.0,1764,2,67,12824.5
1285.614,644.0,1412.0,1764,2,67,12782.4
1286.006,644.0,1412.0,1764,2,67,12734.9
1286.391,773.5,1412.0,1764,5,67,12670.1
1286.83,773.5,1412.0,1764,3,67,12655.2
1287.123,773.5,1412.0,1764,4,67,12599.1
1287.288,354.4,1412.0,1764,45,70,12447.2
1287.41,385.9,1412.0,1764,45,69,12494.1
1287.529,515.4,1412.0,1764,67,67,12579.3
1287.649,644.9,1412.0,1764,3,67,12632.4
1287.887,644.9,1412.0,1764,3,67,12548.6
1288.316,774.4,1412.0,1764,3,67,12485.3
1288.697,774.4,1412.0,1764,6,67,12418.9
1288.826,331.7,1412.0,1764,22,70,12096.7
1288.946,324.3,1412.0,1764,86,70,12081.5
1289.064,352.4,1412.0,1764,86,68,12088.5
1289.182,513.4,1412.0,1764,68,70,12089.8
1289.301,355.3,1412.0,1764,76,70,12090.3
1289.418,775.3,1412.0,1764,76,68,12091.2
1289.546,389.7,1412.0,1764,77,72,12092.0
1289.667,361.1,1412.0,1764,81,70,12093.5
1289.785,651.6,1412.0,1764,75,69,12097.4
1289.903,364.0,1412.0,1764,75,71,12098.6
1290.021,784.0,1412.0,1764,77,68,12104.7
1290.141,366.9,1412.0,1764,69,71,12104.9
1290.26,369.8,1412.0,1764,69,68,12108.5
1290.378,530.8,1412.0,1764,60,70,12109.5
1290.497,372.7,1412.0,1764,67,70,12111.4
1290.615,663.2,1412.0,1764,80,68,12114.5
1290.734,375.6,1412.0,1764,80,71,12115.1
1290.852,795.6,1412.0,1764,74,68,12117.9
1290.97,378.4,1412.0,1764,78,70,12118.4
1291.09,381.3,1412.0,1764,78,69,12122.2
1291.208,671.8,1412.0,1764,63,69,12123.2
1291.328,384.2,1412.0,1764,83,71,12124.0
1291.446,545.2,1412.0,1764,44,68,12127.4
1291.567,804.2,1412.0,1764,44,67,12147.0
1291.685,387.1,1412.0,1764,34,71,12149.3
1291.803,548.1,1412.0,1764,54,67,12170.2
1291.921,677.6,1412.0,1764,54,67,12190.8
1292.04,807.1,1412.0,1764,12,67,12174.1
1292.158,390.0,1412.0,1764,43,71,12177.3
1292.276,551.0,1412.0,1764,38,67,12187.9
1292.394,680.5,1412.0,1764,38,67,12196.4
1292.515,810.0,1412.0,1764,12,67,12045.5
1292.638,392.9,1412.0,1764,52,71,12047.2
1292.756,553.9,1412.0,1764,52,67,12056.0
1292.874,683.4,1412.0,1764,29,67,12068.8
1292.993,812.9,1412.0,1764,13,67,12083.9
1293.111,395.8,1412.0,1764,40,68,12091.7
1293.229,556.8,1412.0,1764,40,68,12098.2
1293.348,686.3,1412.0,1764,38,67,12109.1
1293.466,815.8,1412.0,1764,12,67,12120.1
1293.585,815.8,1412.0,1764,12,67,12130.3
1293.703,398.7,1412.0,1764,35,70,12134.1
1293.822,559.7,1412.0,1764,44,67,12147.6
1293.94,689.2,1412.0,1764,44,67,12159.5
1294.058,818.7,1412.0,1764,13,66,12172.9
1294.176,401.6,1412.0,1764,39,71,12174.2
1294.294,562.6,1412.0,1764,40,67,12184.8
1294.413,821.6,1412.0,1764,40,67,12183.6
1294.532,404.5,1412.0,1764,13,68,12185.8
1294.651,565.5,1412.0,1764,68,68,12181.6
1294.769,695.0,1412.0,1764,68,67,12184.2
1294.888,407.4,1412.0,1764,17,68,12183.9
1295.006,438.9,1412.0,1764,63,68,12181.0
1295.125,568.4,1412.0,1764,17,67,12187.0
1295.243,827.4,1412.0,1764,17,67,12192.2
1295.362,410.2,1412.0,1764,13,69,11801.5
1295.48,441.8,1412.0,1764,64,68,11741.7
1295.608,700.8,1412.0,1764,64,67,11786.6
1295.726,700.8,1412.0,1764,13,67,11838.6
1295.844,830.3,1412.0,1764,10,66,11902.8
1295.963,413.1,1412.0,1764,35,69,11925.2
1296.081,574.1,1412.0,1764,35,67,11940.5
1296.199,703.6,1412.0,1764,45,67,11978.9
1296.318,833.1,1412.0,1764,15,66,12011.9
1296.437,416.0,1412.0,1764,15,70,12013.2
1296.554,577.0,1412.0,1764,65,67,12045.7
1296.673,706.5,1412.0,1764,18,67,12081.8
1296.791,836.0,1412.0,1764,17,66,12106.3
1296.908,418.9,1412.0,1764,17,70,12115.4
1297.026,709.4,1412.0,1764,63,67,12139.0
1297.145,838.9,1412.0,1764,17,66,12162.1
1297.263,421.8,1412.0,1764,17,70,12171.3
1297.384,582.8,1412.0,1764,67,67,12044.8
1297.503,712.3,1412.0,1764,15,66,12033.5
1297.629,424.7,1412.0,1764,30,67,12054.9
1297.747,456.2,1412.0,1764,30,68,12074.8
1297.866,715.2,1412.0,1764,52,67,12121.0
1297.985,844.7,1412.0,1764,17,66,12125.2
1298.104,427.6,1412.0,1764,17,70,12049.0
1298.222,588.6,1412.0,1764,66,67,12104.3
1298.341,718.1,1412.0,1764,11,66,12180.3
1298.459,847.6,1412.0,1764,11,66,12242.4
1298.579,847.6,1412.0,1764,10,66,12115.4
1298.701,847.6,1412.0,1764,6,66,11830.7
1298.827,382.4,1412.0,1764,60,70,11854.3
1298.947,382.4,1412.0,1764,60,67,11988.9
1299.071,382.4,1412.0,1764,7,66,12093.0
1299.197,382.4,1412.0,1764,3,66,12186.5
1299.323,382.4,1412.0,1764,1,66,12283.8
1299.448,382.4,1412.0,1764,1,66,12380.8
1299.573,382.4,1412.0,1764,4,66,12463.8
1299.697,382.4,1412.0,1764,2,66,12560.5
1299.823,382.4,1412.0,1764,2,66,12602.6
1299.951,382.4,1412.0,1764,2,66,12693.3
1300.077,382.4,1412.0,1764,2,66,12777.9
1300.202,382.4,1412.0,1764,4,66,12862.9
1300.331,382.4,1412.0,1764,1,66,12936.4
1300.457,382.4,1412.0,1764,1,66,13032.8
1300.585,382.4,1412.0,1764,3,66,13103.4
1300.713,382.4,1412.0,1764,4,66,13191.0
1300.846,382.4,1412.0,1764,2,66,13239.0
1300.985,382.4,1412.0,1764,2,66,13280.6
1301.115,382.4,1412.0,1764,4,66,13345.8
1301.345,382.4,1412.0,1764,2,66,13398.0
1301.589,382.4,1412.0,1764,4,66,13415.1
1301.89,382.4,1412.0,1764,3,66,13420.4
1302.193,382.4,1412.0,1764,1,66,13426.6
1302.472,382.4,1412.0,1764,4,66,13430.8
1302.747,382.4,1412.0,1764,1,66,13427.5
1302.944,382.4,1412.0,1764,3,66,13277.9
1303.384,382.4,1412.0,1764,2,67,12753.5
1303.504,382.4,1412.0,1764,2,67,12731.0
1303.623,382.4,1412.0,1764,2,67,12757.7
1303.741,382.4,1412.0,1764,4,67,12784.8
1303.86,382.4,1412.0,1764,1,67,12922.2
1303.982,382.4,1412.0,1764,2,66,12969.1
1304.106,382.4,1412.0,1764,2,67,13055.2
1304.232,382.4,1412.0,1764,3,66,13145.6
1304.356,382.4,1412.0,1764,1,66,13042.5
1304.48,382.4,1412.0,1764,3,67,13091.6
1304.605,382.4,1412.0,1764,3,67,13141.7
1304.731,382.4,1412.0,1764,2,67,13167.2
1304.856,382.4,1412.0,1764,2,66,13167.4
1304.983,382.4,1412.0,1764,3,67,13167.4
1305.106,828.8,1412.0,1764,3,66,13125.7
1305.224,408.8,1412.0,1764,69,71,13125.7
1305.345,699.3,1412.0,1764,94,68,13112.9
1305.464,406.9,1412.0,1764,94,69,13113.8
1305.582,438.4,1412.0,1764,91,69,13113.9
1305.701,404.9,1412.0,1764,88,71,13114.0
1305.818,436.4,1412.0,1764,88,70,13114.9
1305.937,402.9,1412.0,1764,95,71,13118.6
1306.054,402.9,1412.0,1764,85,71,13118.6
1306.173,401.0,1412.0,1764,87,69,13119.6
1306.291,401.0,1412.0,1764,87,72,13119.6
1306.409,399.0,1412.0,1764,90,69,13119.8
1306.526,399.0,1412.0,1764,91,72,13119.8
1306.644,397.0,1412.0,1764,91,69,13120.1
1306.762,397.0,1412.0,1764,83,72,13120.1
1306.879,850.3,1412.0,1764,90,69,13120.3
1306.996,395.1,1412.0,1764,93,72,13044.1
1307.114,815.1,1412.0,1764,93,69,12962.3
1307.233,393.1,1412.0,1764,83,72,12962.4
1307.35,424.6,1412.0,1764,79,69,12976.3
1307.468,683.6,1412.0,1764,79,68,13010.6
1307.586,391.1,1412.0,1764,16,70,13020.6
1307.704,391.1,1412.0,1764,81,72,13020.6
1307.822,552.1,1412.0,1764,81,68,13054.8
1307.94,681.6,1412.0,1764,41,67,13094.1
1308.059,811.1,1412.0,1764,13,67,13132.0
1308.176,389.1,1412.0,1764,21,67,13145.5
1308.294,389.1,1412.0,1764,21,71,13145.5
1308.411,550.2,1412.0,1764,94,68,13168.4
1308.529,679.7,1412.0,1764,12,67,13204.5
1308.647,679.7,1412.0,1764,12,67,13167.9
1308.766,973.7,1412.0,1764,12,67,12800.2
1308.888,387.2,1412.0,1764,58,71,12615.5
1309.016,548.2,1412.0,1764,59,68,12639.1
1309.134,548.2,1412.0,1764,59,67,12675.0
1309.253,807.2,1412.0,1764,11,67,12719.5
1309.371,807.2,1412.0,1764,13,67,12751.9
1309.491,385.2,1412.0,1764,13,70,12751.9
1309.609,416.7,1412.0,1764,85,69,12762.8
1309.728,546.2,1412.0,1764,42,67,12798.5
1309.846,675.7,1412.0,1764,10,67,12818.6
1309.964,805.2,1412.0,1764,10,67,12851.1
1310.083,383.2,1412.0,1764,17,70,12864.4
1310.2,383.2,1412.0,1764,99,70,12870.6
1310.318,544.3,1412.0,1764,99,67,12889.9
1310.436,673.8,1412.0,1764,10,67,12913.1
1310.554,803.3,1412.0,1764,13,67,12937.8
1310.673,381.3,1412.0,1764,73,71,12938.1
1310.79,412.8,1412.0,1764,73,68,12950.5
1310.908,542.3,1412.0,1764,42,67,12986.9
1311.025,671.8,1412.0,1764,8,67,13027.4
1311.143,801.3,1412.0,1764,8,66,13095.5
1311.261,801.3,1412.0,1764,10,66,13145.9
1311.38,379.3,1412.0,1764,58,71,13139.4
1311.51,410.8,1412.0,1764,71,67,13157.8
1311.63,669.8,1412.0,1764,71,66,13210.4
1311.749,377.3,1412.0,1764,15,67,13237.7
1311.867,377.3,1412.0,1764,78,70,13227.9
1311.986,538.3,1412.0,1764,78,67,13261.0
1312.107,667.8,1412.0,1764,48,67,13308.3
1312.226,797.3,1412.0,1764,13,67,13357.5
1312.345,375.4,1412.0,1764,54,70,13362.9
1312.464,375.4,1412.0,1764,54,69,13367.5
1312.583,665.9,1412.0,1764,62,67,13429.1
1312.702,795.4,1412.0,1764,17,67,13499.5
1312.822,373.4,1412.0,1764,17,70,13494.9
1312.941,534.4,1412.0,1764,81,68,13499.1
1313.072,663.9,1412.0,1764,5,67,13468.8
1313.413,793.4,1412.0,1764,15,71,13419.7
1313.773,661.9,1412.0,1764,95,67,13414.3
1313.942,791.4,1412.0,1764,28,72,13382.0
1314.281,660.0,1412.0,1764,12,67,13344.2
1314.567,789.5,1412.0,1764,3,67,13303.2
1314.868,367.5,1412.0,1764,33,71,13272.5
1315.12,787.5,1412.0,1764,19,67,13249.6
1315.36,365.5,1412.0,1764,77,71,13238.2
1315.486,526.5,1412.0,1764,33,67,13221.8
1315.719,526.5,1412.0,1764,4,67,13199.4
1315.874,656.0,1412.0,1764,9,67,13186.1
1315.997,785.5,1412.0,1764,9,67,13174.3
1316.117,363.6,1412.0,1764,9,70,13157.7
1316.237,363.6,1412.0,1764,76,71,13148.4
1316.356,395.1,1412.0,1764,76,68,13137.4
1316.476,395.1,1412.0,1764,33,67,13117.9
1316.597,524.6,1412.0,1764,3,67,13124.6
1316.726,524.6,1412.0,1764,1,67,13086.4
1317.089,654.1,1412.0,1764,2,67,13049.2
1317.428,654.1,1412.0,1764,3,67,13011.3
1317.774,654.1,1412.0,1764,3,67,12943.0
1318.172,361.6,1412.0,1764,48,71,12943.1
1318.381,393.1,1412.0,1764,2,67,12911.0
1318.697,522.6,1412.0,1764,1,67,12873.7
1319.049,652.1,1412.0,1764,5,67,12856.9
1319.311,652.1,1412.0,1764,3,67,12793.4
1319.443,781.6,1412.0,1764,6,67,12584.5
1319.567,359.6,1412.0,1764,21,69,12600.6
1319.686,359.6,1412.0,1764,93,71,12593.0
1319.824,520.6,1412.0,1764,93,68,12655.9
1319.943,650.1,1412.0,1764,8,67,12709.7
1320.063,779.6,1412.0,1764,10,67,12788.3
1320.183,779.6,1412.0,1764,6,67,12835.2
1320.398,357.6,1412.0,1764,17,71,12841.4
1320.597,361.2,1412.0,1764,3,67,12844.7
1320.882,518.7,1412.0,1764,2,67,12806.0
1321.218,518.7,1412.0,1764,1,67,12757.3
1321.65,518.7,1412.0,1764,0,67,12699.9
1322.085,648.2,1412.0,1764,0,67,12608.9
1322.563,648.2,1412.0,1764,4,67,12602.3
1322.75,648.2,1412.0,1764,1,67,12588.3
1322.873,648.2,1412.0,1764,1,67,12568.9
1323.074,648.2,1412.0,1764,3,67,12550.7
1323.198,648.2,1412.0,1764,3,67,12532.7
1323.318,648.2,1412.0,1764,0,66,12519.8
1323.438,648.2,1412.0,1764,0,66,12505.5
1323.559,648.2,1412.0,1764,4,66,12490.6
1323.68,648.2,1412.0,1764,4,66,12473.6
1323.801,648.2,1412.0,1764,0,66,12456.4
1323.922,777.7,1412.0,1764,0,66,12437.7
1324.042,777.7,1412.0,1764,0,66,12420.2
1324.163,777.7,1412.0,1764,4,66,12403.0
1324.284,777.7,1412.0,1764,0,66,12386.4
1324.405,777.7,1412.0,1764,1,66,12267.7
1324.524,777.7,1412.0,1764,1,66,12150.4
1324.644,332.2,1412.0,1764,29,68,12147.6
1324.764,329.2,1412.0,1764,100,68,12120.3
1324.887,258.9,1412.0,1764,100,67,12124.7
1325.006,275.5,1412.0,1764,21,67,11909.2
1325.125,566.0,1412.0,1764,84,68,11666.2
1325.245,278.5,1412.0,1764,98,70,11618.3
1325.382,281.4,1412.0,1764,98,71,11618.7
1325.5,284.3,1412.0,1764,83,69,11618.9
1325.617,445.4,1412.0,1764,87,69,11619.0
1325.736,287.3,1412.0,1764,88,72,11619.1
1325.854,290.2,1412.0,1764,88,71,11619.5
1325.972,580.7,1412.0,1764,88,69,11620.4
1326.092,293.2,1412.0,1764,84,71,11620.7
1326.21,296.1,1412.0,1764,84,70,11621.5
1326.327,457.1,1412.0,1764,84,69,11633.7
1326.446,716.1,1412.0,1764,29,68,11651.8
1326.564,299.1,1412.0,1764,29,71,11654.2
1326.683,589.6,1412.0,1764,69,68,11667.6
1326.801,302.0,1412.0,1764,25,68,11681.6
1326.919,333.5,1412.0,1764,65,69,11688.2
1327.037,592.5,1412.0,1764,65,67,11707.7
1327.156,305.0,1412.0,1764,23,70,11715.0
1327.274,466.0,1412.0,1764,68,68,11725.3
1327.392,307.9,1412.0,1764,68,69,11733.6
1327.51,468.9,1412.0,1764,56,68,11744.3
1327.627,598.4,1412.0,1764,38,67,11762.2
1327.746,310.9,1412.0,1764,41,70,11769.1
1327.863,342.4,1412.0,1764,41,68,11778.0
1327.981,471.9,1412.0,1764,39,67,11807.7
1328.099,601.4,1412.0,1764,11,67,11834.1
1328.218,313.8,1412.0,1764,11,67,11825.9
1328.335,345.3,1412.0,1764,46,69,11830.6
1328.454,604.3,1412.0,1764,37,67,11843.0
1328.572,733.8,1412.0,1764,37,67,11855.5
1328.691,316.7,1412.0,1764,16,70,11780.7
1328.808,477.8,1412.0,1764,65,68,11790.3
1328.927,607.3,1412.0,1764,11,67,11800.3
1329.045,736.8,1412.0,1764,11,67,11813.6
1329.163,319.7,1412.0,1764,32,71,11815.7
1329.28,480.7,1412.0,1764,50,67,11751.4
1329.398,610.2,1412.0,1764,50,67,11776.2
1329.517,739.7,1412.0,1764,9,67,11796.6
1329.634,322.6,1412.0,1764,18,69,11803.4
1329.752,483.6,1412.0,1764,58,67,11800.8
1329.873,613.1,1412.0,1764,58,67,11823.0
1329.991,742.6,1412.0,1764,10,67,11841.6
1330.109,325.6,1412.0,1764,18,68,11853.0
1330.226,357.1,1412.0,1764,18,68,11862.5
1330.344,486.6,1412.0,1764,61,67,11882.6
1330.461,616.1,1412.0,1764,10,67,11899.8
1330.58,745.6,1412.0,1764,10,66,11912.5
1330.698,328.5,1412.0,1764,15,71,11916.0
1330.816,489.5,1412.0,1764,61,67,11873.0
1330.937,748.5,1412.0,1764,15,67,11598.7
1331.055,331.5,1412.0,1764,15,69,11607.3
1331.173,363.0,1412.0,1764,67,68,11622.2
1331.291,492.5,1412.0,1764,7,67,11642.6
1331.409,622.0,1412.0,1764,7,66,11652.3
1331.526,622.0,1412.0,1764,8,66,11663.3
1331.643,751.5,1412.0,1764,8,66,11678.4
1331.761,334.4,1412.0,1764,33,69,11685.6
1331.879,365.9,1412.0,1764,33,67,11706.0
1331.998,495.4,1412.0,1764,38,67,11747.7
1332.115,754.4,1412.0,1764,15,66,11796.5
1332.233,754.4,1412.0,1764,15,67,11845.6
1332.351,368.9,1412.0,1764,31,70,11851.1
1332.47,627.9,1412.0,1764,46,67,11886.9
1332.589,757.4,1412.0,1764,46,66,11903.0
1332.709,340.3,1412.0,1764,24,70,11785.0
1332.827,630.8,1412.0,1764,61,67,11824.8
1332.945,760.3,1412.0,1764,14,66,11863.1
1333.063,343.3,1412.0,1764,14,70,11873.4
1333.181,504.3,1412.0,1764,69,67,11914.5
1333.3,633.8,1412.0,1764,14,66,11956.0
1333.418,346.2,1412.0,1764,14,68,11922.5
1333.538,507.2,1412.0,1764,45,68,11801.4
1333.656,636.7,1412.0,1764,35,66,11864.0
1333.774,766.2,1412.0,1764,10,66,11920.1
1333.893,349.1,1412.0,1764,10,69,11932.2
1334.011,510.2,1412.0,1764,65,67,11967.6
1334.129,639.7,1412.0,1764,19,67,11957.4
1334.255,352.1,1412.0,1764,19,67,12003.5
1334.374,383.6,1412.0,1764,40,68,12034.2
1334.495,513.1,1412.0,1764,35,66,12077.2
1334.615,513.1,1412.0,1764,5,66,11971.2
1334.735,642.6,1412.0,1764,5,66,11848.8
1334.86,642.6,1412.0,1764,4,66,11859.9
1334.98,642.6,1412.0,1764,3,66,11841.2
1335.099,772.1,1412.0,1764,3,66,11791.3
1335.217,305.0,1412.0,1764,10,67,11702.2
1335.336,307.0,1412.0,1764,61,67,11759.7
1335.455,307.0,1412.0,1764,1,66,11888.2
1335.577,307.0,1412.0,1764,1,66,11977.6
1335.702,307.0,1412.0,1764,3,66,12006.8
1335.827,307.0,1412.0,1764,0,66,12018.0
1335.951,307.0,1412.0,1764,0,66,12109.8
1336.076,307.0,1412.0,1764,0,66,12186.9
1336.201,307.0,1412.0,1764,0,66,12194.1
1336.327,307.0,1412.0,1764,0,66,12232.1
1336.452,307.0,1412.0,1764,3,66,12334.7
1336.577,307.0,1412.0,1764,3,66,12432.8
1336.701,307.0,1412.0,1764,3,66,12377.6
1336.827,307.0,1412.0,1764,0,66,12452.7
1336.952,307.0,1412.0,1764,0,66,12576.3
1337.077,307.0,1412.0,1764,0,66,12676.2
1337.201,307.0,1412.0,1764,3,66,12624.7
1337.326,307.0,1412.0,1764,0,66,12701.4
1337.457,307.0,1412.0,1764,0,66,12789.2
1337.583,307.0,1412.0,1764,0,66,12884.5
1337.708,307.0,1412.0,1764,3,66,12995.4
1337.833,307.0,1412.0,1764,0,66,13072.2
1337.959,307.0,1412.0,1764,0,66,13153.6
1338.085,307.0,1412.0,1764,0,66,13209.6
1338.207,307.0,1412.0,1764,3,66,13231.0
1338.327,307.0,1412.0,1764,0,66,13326.0
1338.449,307.0,1412.0,1764,3,66,13400.3
1338.776,307.0,1412.0,1764,0,66,13163.7
1339.12,307.0,1412.0,1764,6,66,13219.2
1339.247,307.0,1412.0,1764,6,66,13269.0
1339.372,307.0,1412.0,1764,0,66,13314.9
1339.498,307.0,1412.0,1764,0,66,13329.9
1339.624,307.0,1412.0,1764,3,66,13312.0
1339.751,307.0,1412.0,1764,3,66,12801.8
1339.877,307.0,1412.0,1764,0,66,12801.8
1340.009,307.0,1412.0,1764,0,67,12801.8
1340.134,307.0,1412.0,1764,3,66,12716.2
1340.256,494.5,1412.0,1764,3,66,12800.9
1340.375,336.3,1412.0,1764,31,70,12804.5
1340.493,336.3,1412.0,1764,100,70,12817.8
1340.612,756.3,1412.0,1764,100,67,12860.4
1340.73,337.0,1412.0,1764,34,71,12863.4
1340.849,498.0,1412.0,1764,100,69,12871.9
1340.967,627.5,1412.0,1764,14,67,12893.2
1341.085,757.0,1412.0,1764,14,67,12927.6
1341.203,337.7,1412.0,1764,39,71,12929.0
1341.322,498.7,1412.0,1764,84,68,12949.1
1341.441,628.2,1412.0,1764,84,67,12989.3
1341.56,338.4,1412.0,1764,15,68,13017.0
1341.678,338.4,1412.0,1764,68,71,13017.0
1341.796,499.4,1412.0,1764,53,68,13039.4
1341.914,758.4,1412.0,1764,53,67,13066.5
1342.032,339.2,1412.0,1764,26,70,13073.7
1342.15,339.2,1412.0,1764,97,69,13078.2
1342.268,629.7,1412.0,1764,97,67,13107.8
1342.386,339.9,1412.0,1764,19,68,13135.1
1342.504,339.9,1412.0,1764,70,71,13135.1
1342.622,500.9,1412.0,1764,70,68,13152.8
1342.74,340.6,1412.0,1764,57,68,13164.7
1342.858,340.6,1412.0,1764,70,72,13164.7
1342.976,501.6,1412.0,1764,53,68,13188.4
1343.097,760.6,1412.0,1764,53,67,13215.9
1343.217,341.3,1412.0,1764,17,69,13224.1
1343.336,341.3,1412.0,1764,86,72,13214.6
1343.455,631.8,1412.0,1764,86,68,13233.5
1343.575,761.3,1412.0,1764,34,67,13255.0
1343.694,342.1,1412.0,1764,39,71,13248.4
1343.813,373.6,1412.0,1764,79,69,13248.2
1343.932,632.6,1412.0,1764,79,67,13263.7
1344.051,762.1,1412.0,1764,14,67,13285.0
1344.172,342.8,1412.0,1764,60,71,13276.3
1344.292,374.3,1412.0,1764,60,68,13279.7
1344.413,633.3,1412.0,1764,59,67,13296.6
1344.532,762.8,1412.0,1764,13,67,13310.2
1344.652,343.5,1412.0,1764,54,70,13306.1
1344.772,343.5,1412.0,1764,54,69,13301.9
1344.893,504.5,1412.0,1764,62,67,13315.6
1345.012,634.0,1412.0,1764,12,67,13332.5
1345.132,344.2,1412.0,1764,12,67,13340.4
1345.251,344.2,1412.0,1764,28,71,13330.7
1345.371,505.3,1412.0,1764,87,68,13335.6
1345.491,634.8,1412.0,1764,12,67,13345.8
1345.612,764.3,1412.0,1764,12,67,13355.2
1345.732,345.0,1412.0,1764,18,70,13347.5
1345.851,376.5,1412.0,1764,99,69,13343.3
1345.971,506.0,1412.0,1764,99,67,13352.4
1346.091,765.0,1412.0,1764,12,67,13361.3
1346.211,345.7,1412.0,1764,14,69,13359.5
1346.33,345.7,1412.0,1764,97,71,13351.1
1346.45,506.7,1412.0,1764,97,67,13366.6
1346.569,636.2,1412.0,1764,18,67,13382.1
1346.689,346.4,1412.0,1764,23,69,13385.6
1346.815,346.4,1412.0,1764,95,71,13376.5
1346.936,507.4,1412.0,1764,95,67,13395.1
1347.089,766.4,1412.0,1764,1,66,13347.2
1347.442,347.2,1412.0,1764,1,70,13365.9
1347.575,347.2,1412.0,1764,60,70,13358.0
1347.703,508.2,1412.0,1764,5,67,13335.4
1348.023,637.7,1412.0,1764,2,66,13288.2
1348.37,767.2,1412.0,1764,69,70,13262.5
1348.682,508.9,1412.0,1764,1,67,13228.5
1349.025,508.9,1412.0,1764,4,66,13197.0
1349.368,638.4,1412.0,1764,3,66,13123.0
1349.761,348.6,1412.0,1764,3,67,12799.7
1349.903,348.6,1412.0,1764,57,71,12796.2
1350.021,509.6,1412.0,1764,59,68,12832.2
1350.14,639.1,1412.0,1764,59,67,12874.6
1350.26,349.3,1412.0,1764,16,68,12904.9
1350.379,349.3,1412.0,1764,67,71,12895.1
1350.499,639.8,1412.0,1764,55,68,12923.2
1350.618,350.1,1412.0,1764,55,67,12944.7
1350.737,350.1,1412.0,1764,55,71,12935.2
1350.857,640.6,1412.0,1764,75,68,12947.5
1350.977,350.8,1412.0,1764,75,70,12947.2
1351.098,382.3,1412.0,1764,71,71,12943.8
1351.218,641.3,1412.0,1764,59,67,12939.1
1351.339,641.3,1412.0,1764,7,67,12928.7
1351.459,770.8,1412.0,1764,7,67,12918.1
1351.58,770.8,1412.0,1764,7,67,12910.8
1351.7,770.8,1412.0,1764,4,67,12898.9
1351.82,770.8,1412.0,1764,4,67,12887.0
1351.94,770.8,1412.0,1764,1,66,12873.3
1352.06,351.5,1412.0,1764,2,67,12861.5
1352.179,351.5,1412.0,1764,76,71,12851.7
1352.298,642.0,1412.0,1764,76,68,12848.7
1352.418,352.2,1412.0,1764,51,70,12843.6
1352.537,352.2,1412.0,1764,88,72,12834.5
1352.657,772.2,1412.0,1764,88,68,12837.6
1352.776,353.0,1412.0,1764,44,71,12829.4
1352.896,384.5,1412.0,1764,98,69,12819.9
1353.016,384.5,1412.0,1764,11,67,12812.2
1353.136,514.0,1412.0,1764,11,67,12805.8
1353.256,514.0,1412.0,1764,3,67,12796.2
1353.376,514.0,1412.0,1764,2,67,12797.3
1353.495,514.0,1412.0,1764,2,67,12787.2
1353.617,643.5,1412.0,1764,5,67,12779.2
1353.737,643.5,1412.0,1764,4,67,12770.7
1353.857,643.5,1412.0,1764,2,67,12759.4
1353.978,643.5,1412.0,1764,2,67,12747.8
1354.097,643.5,1412.0,1764,3,67,12737.8
1354.217,643.5,1412.0,1764,3,66,12727.1
1354.337,643.5,1412.0,1764,1,66,12718.0
1354.456,773.0,1412.0,1764,1,66,12710.9
1354.576,353.7,1412.0,1764,34,71,12701.5
1354.695,385.2,1412.0,1764,81,68,12690.4
1354.815,514.7,1412.0,1764,81,67,12681.2
1354.935,644.2,1412.0,1764,7,67,12671.7
1355.054,644.2,1412.0,1764,8,67,12660.5
1355.174,644.2,1412.0,1764,2,67,12648.1
1355.294,644.2,1412.0,1764,2,66,12637.5
1355.414,773.7,1412.0,1764,1,66,12626.2
1355.534,773.7,1412.0,1764,4,67,12615.0
1355.654,773.7,1412.0,1764,4,66,12606.6
1355.774,354.4,1412.0,1764,4,70,12599.9
1355.894,354.4,1412.0,1764,82,70,12590.6
1356.014,354.4,1412.0,1764,25,67,12583.7
1356.135,385.9,1412.0,1764,25,67,12576.6
1356.255,515.4,1412.0,1764,3,67,12566.7
1356.375,515.4,1412.0,1764,1,67,12554.9
1356.495,515.4,1412.0,1764,1,66,12544.1
1356.615,515.4,1412.0,1764,2,66,12554.5
1356.735,515.4,1412.0,1764,5,66,12587.2
1356.866,644.9,1412.0,1764,6,66,12582.0
1357.004,644.9,1412.0,1764,6,66,12593.3
1357.125,644.9,1412.0,1764,4,66,12594.1
1357.244,774.4,1412.0,1764,3,66,12622.3
1357.375,774.4,1412.0,1764,6,66,12700.3
1357.498,355.1,1412.0,1764,6,71,12686.2
1357.618,516.2,1412.0,1764,90,68,12733.5
1357.739,516.2,1412.0,1764,1,67,12721.5
1358.107,645.7,1412.0,1764,1,66,12709.4
1358.485,645.7,1412.0,1764,2,66,12642.5
1358.967,775.2,1412.0,1764,2,66,12608.7
1359.336,775.2,1412.0,1764,2,66,12579.0
1359.694,332.4,1412.0,1764,48,70,12560.4
1359.937,769.9,1412.0,1764,58,68,12552.1
1360.058,513.9,1412.0,1764,85,69,12542.2
1360.182,356.0,1412.0,1764,85,71,12532.2
1360.302,359.2,1412.0,1764,98,71,12522.5
1360.423,779.2,1412.0,1764,95,68,12466.0
1360.543,523.3,1412.0,1764,87,70,12339.8
1360.663,365.5,1412.0,1764,87,71,12205.8
1360.784,368.7,1412.0,1764,89,70,12206.6
1360.901,659.2,1412.0,1764,89,69,12207.3
1361.02,371.8,1412.0,1764,89,72,12207.3
1361.137,375.0,1412.0,1764,84,70,12207.9
1361.255,665.5,1412.0,1764,85,69,12208.8
1361.374,378.2,1412.0,1764,85,71,12209.4
1361.491,381.3,1412.0,1764,85,70,12210.8
1361.61,542.3,1412.0,1764,88,69,12218.3
1361.728,801.3,1412.0,1764,25,67,12234.5
1361.847,384.5,1412.0,1764,25,69,12241.6
1361.964,545.5,1412.0,1764,48,68,12247.9
1362.082,387.6,1412.0,1764,43,68,12256.4
1362.2,548.7,1412.0,1764,71,69,12264.5
1362.317,548.7,1412.0,1764,71,67,12294.6
1362.436,678.2,1412.0,1764,9,67,12323.4
1362.555,807.7,1412.0,1764,12,67,12357.5
1362.674,390.8,1412.0,1764,12,71,12361.6
1362.794,681.3,1412.0,1764,67,67,12382.2
1362.913,394.0,1412.0,1764,19,68,12394.7
1363.032,425.5,1412.0,1764,67,69,12397.8
1363.153,684.5,1412.0,1764,67,67,12391.0
1363.28,397.1,1412.0,1764,21,70,12273.2
1363.4,558.2,1412.0,1764,68,68,12204.5
1363.518,817.2,1412.0,1764,68,67,12214.6
1363.637,400.3,1412.0,1764,20,70,12215.9
1363.754,561.3,1412.0,1764,67,67,12220.7
1363.872,820.3,1412.0,1764,25,67,12227.4
1363.99,407.0,1412.0,1764,25,69,12230.0
1364.108,823.5,1412.0,1764,67,67,12238.2
1364.226,406.6,1412.0,1764,54,70,12240.6
1364.344,697.1,1412.0,1764,54,67,12246.7
1364.462,409.8,1412.0,1764,40,71,12248.5
1364.58,700.3,1412.0,1764,75,68,12250.7
1364.698,413.0,1412.0,1764,75,71,12251.4
1364.815,416.1,1412.0,1764,79,68,12252.6
1364.933,706.6,1412.0,1764,75,69,12253.2
1365.052,419.3,1412.0,1764,83,71,12253.7
1365.17,422.5,1412.0,1764,83,68,12255.5
1365.288,583.5,1412.0,1764,75,69,12256.0
1365.406,425.6,1412.0,1764,72,70,12257.4
1365.524,845.6,1412.0,1764,72,68,12260.6
1365.642,428.8,1412.0,1764,66,71,12265.8
1365.759,589.8,1412.0,1764,63,67,12206.2
1365.879,848.8,1412.0,1764,24,67,12162.4
1365.997,431.9,1412.0,1764,24,69,12166.2
1366.115,722.5,1412.0,1764,64,67,12196.3
1366.233,435.1,1412.0,1764,47,70,12202.7
1366.351,596.1,1412.0,1764,47,68,12215.7
1366.471,725.6,1412.0,1764,41,67,12269.6
1366.59,388.2,1412.0,1764,18,68,12225.9
1366.709,390.4,1412.0,1764,62,68,12223.6
1366.833,390.4,1412.0,1764,62,67,12365.1
1366.974,390.4,1412.0,1764,0,67,12451.6
1367.113,390.4,1412.0,1764,3,67,12537.3
1367.239,390.4,1412.0,1764,0,67,12620.5
1367.365,390.4,1412.0,1764,0,66,12699.4
1367.491,390.4,1412.0,1764,0,67,12766.0
1367.618,390.4,1412.0,1764,2,66,12865.6
1367.747,390.4,1412.0,1764,1,66,12945.4
1367.874,390.4,1412.0,1764,1,67,13014.7
1368.001,390.4,1412.0,1764,2,66,13068.8
1368.232,390.4,1412.0,1764,1,67,13018.7
1368.359,390.4,1412.0,1764,1,67,12946.6
1368.486,390.4,1412.0,1764,0,67,12816.1
1368.626,390.4,1412.0,1764,2,66,12852.4
1368.767,390.4,1412.0,1764,1,66,12929.5
1368.894,390.4,1412.0,1764,0,67,12991.1
1369.035,390.4,1412.0,1764,0,67,13061.2
1369.162,390.4,1412.0,1764,2,67,13135.4
1369.291,390.4,1412.0,1764,1,67,13227.9
1369.418,390.4,1412.0,1764,0,66,13313.9
1369.545,390.4,1412.0,1764,0,66,13372.4
1369.674,390.4,1412.0,1764,4,66,13442.5
1369.801,390.4,1412.0,1764,0,66,13479.7
1369.922,390.4,1412.0,1764,0,66,13495.6
1370.042,390.4,1412.0,1764,0,66,13511.5
1370.162,390.4,1412.0,1764,3,66,13525.9
1370.282,390.4,1412.0,1764,0,66,13546.5
1370.401,390.4,1412.0,1764,0,66,13561.9
1370.521,390.4,1412.0,1764,0,66,13575.8
1370.643,390.4,1412.0,1764,3,66,13612.3
1370.766,390.4,1412.0,1764,2,66,13585.2
1371.416,390.4,1412.0,1764,0,66,13455.5
1372.202,390.4,1412.0,1764,0,66,13316.1
1372.328,390.4,1412.0,1764,5,66,13371.3
1372.456,390.4,1412.0,1764,0,66,13430.6
1372.582,390.4,1412.0,1764,4,66,13477.6
1372.822,390.4,1412.0,1764,0,66,13489.6
1373.137,390.4,1412.0,1764,0,66,13502.8
1373.39,390.4,1412.0,1764,0,66,13526.4
1373.646,390.4,1412.0,1764,3,66,13448.3
1373.779,390.4,1412.0,1764,0,66,13096.9
1373.905,390.4,1412.0,1764,0,66,13027.2
1374.031,390.4,1412.0,1764,0,66,12860.8
1374.157,390.4,1412.0,1764,3,66,12912.7
1374.287,390.4,1412.0,1764,0,66,12960.9
1374.411,390.4,1412.0,1764,0,66,12991.5
1374.536,390.4,1412.0,1764,0,66,13021.4
1374.66,390.4,1412.0,1764,3,66,13012.6
1374.784,578.2,1412.0,1764,0,66,12923.3
1374.902,878.3,1452.0,1804,0,66,12935.0
1375.021,417.2,1452.0,1804,52,69,12935.0
1375.139,707.7,1452.0,1804,100,67,12938.3
1375.257,414.9,1452.0,1804,71,70,12938.8
1375.375,446.4,1452.0,1804,71,70,12939.5
1375.495,412.7,1452.0,1804,86,71,12940.1
1375.613,412.7,1452.0,1804,97,71,12940.1
1375.732,410.5,1452.0,1804,97,69,12941.8
1375.85,410.5,1452.0,1804,74,72,12941.8
1375.974,431.3,1452.0,1804,86,69,12942.1
1376.093,408.2,1452.0,1804,92,72,12942.1
1376.211,698.7,1452.0,1804,92,69,12942.5
1376.329,406.0,1452.0,1804,80,72,12942.8
1376.447,567.0,1452.0,1804,94,69,12943.4
1376.565,403.7,1452.0,1804,94,71,12943.5
1376.683,403.7,1452.0,1804,86,70,12943.6
1376.801,401.5,1452.0,1804,76,69,12944.6
1376.919,401.5,1452.0,1804,100,72,12944.6
1377.036,399.2,1452.0,1804,100,68,12945.7
1377.154,399.2,1452.0,1804,76,72,12945.7
1377.272,689.8,1452.0,1804,79,69,12948.4
1377.39,397.0,1452.0,1804,79,71,12950.3
1377.509,397.0,1452.0,1804,78,71,12950.4
1377.627,817.0,1452.0,1804,63,68,12956.6
1377.744,394.8,1452.0,1804,63,71,12957.8
1377.862,394.8,1452.0,1804,72,70,12959.1
1377.981,814.8,1452.0,1804,61,68,12965.3
1378.1,392.5,1452.0,1804,74,71,12965.5
1378.217,424.0,1452.0,1804,74,69,12967.6
1378.335,812.5,1452.0,1804,63,68,12972.4
1378.453,390.3,1452.0,1804,72,72,12972.4
1378.571,551.3,1452.0,1804,72,69,12983.4
1378.688,551.3,1452.0,1804,58,68,13020.1
1378.806,810.3,1452.0,1804,14,67,13030.8
1378.924,388.0,1452.0,1804,84,71,13030.8
1379.042,419.5,1452.0,1804,84,69,13039.9
1379.16,678.5,1452.0,1804,43,67,13056.8
1379.278,808.0,1452.0,1804,13,67,13071.7
1379.397,385.8,1452.0,1804,13,71,13075.5
1379.515,385.8,1452.0,1804,76,70,13079.8
1379.633,546.8,1452.0,1804,47,68,13114.1
1379.75,676.3,1452.0,1804,47,67,13142.5
1379.869,676.3,1452.0,1804,7,67,13176.9
1379.989,805.8,1452.0,1804,7,67,13213.1
1380.107,383.5,1452.0,1804,27,68,13231.7
1380.225,383.5,1452.0,1804,27,71,13231.7
1380.343,544.6,1452.0,1804,91,68,13248.6
1380.461,674.1,1452.0,1804,13,67,13267.3
1380.579,707.2,1452.0,1804,13,67,13290.0
1380.697,381.3,1452.0,1804,36,72,13290.0
1380.815,412.8,1452.0,1804,88,69,13324.0
1380.933,542.3,1452.0,1804,10,67,13359.2
1381.059,671.8,1452.0,1804,10,67,13240.9
1381.177,801.3,1452.0,1804,13,67,13267.9
1381.296,379.1,1452.0,1804,54,71,13225.2
1381.414,382.6,1452.0,1804,54,69,13246.7
1381.532,540.1,1452.0,1804,62,67,13294.2
1381.651,669.6,1452.0,1804,13,67,13336.7
1381.769,799.1,1452.0,1804,11,67,13376.3
1381.887,376.8,1452.0,1804,11,70,13379.9
1382.004,376.8,1452.0,1804,90,70,13387.2
1382.123,537.8,1452.0,1804,32,67,13412.8
1382.241,667.3,1452.0,1804,32,67,13446.5
1382.36,374.6,1452.0,1804,11,68,13365.2
1382.48,374.6,1452.0,1804,75,71,13329.8
1382.613,665.1,1452.0,1804,57,67,13348.6
1382.732,372.3,1452.0,1804,57,67,13368.8
1382.849,372.3,1452.0,1804,54,71,13368.8
1382.967,533.3,1452.0,1804,68,68,13384.1
1383.086,792.3,1452.0,1804,68,67,13426.1
1383.204,370.1,1452.0,1804,23,70,13432.8
1383.323,370.1,1452.0,1804,87,71,13427.1
1383.442,531.1,1452.0,1804,31,67,13453.1
1383.562,660.6,1452.0,1804,31,67,13480.7
1383.684,790.1,1452.0,1804,15,67,13509.9
1383.806,367.9,1452.0,1804,59,71,13500.0
1383.927,399.4,1452.0,1804,59,69,13503.3
1384.048,658.4,1452.0,1804,58,67,13523.2
1384.168,658.4,1452.0,1804,12,67,13540.0
1384.288,787.9,1452.0,1804,9,66,13561.5
1384.408,365.6,1452.0,1804,9,71,13555.8
1384.529,365.6,1452.0,1804,86,68,13557.0
1384.649,526.6,1452.0,1804,31,67,13616.4
1384.769,656.1,1452.0,1804,6,66,13633.1
1385.021,656.1,1452.0,1804,1,66,13591.9
1385.418,656.1,1452.0,1804,4,66,13549.1
1385.806,785.6,1452.0,1804,1,66,13515.8
1386.124,363.4,1452.0,1804,72,67,13481.3
1386.463,394.9,1452.0,1804,2,67,13442.7
1386.737,524.4,1452.0,1804,0,66,13400.5
1387.126,524.4,1452.0,1804,1,66,13364.2
1387.466,653.9,1452.0,1804,4,66,13325.4
1387.82,653.9,1452.0,1804,1,66,13284.0
1388.201,783.4,1452.0,1804,1,66,13252.2
1388.531,783.4,1452.0,1804,1,66,13188.4
1388.944,361.1,1452.0,1804,50,71,13184.7
1389.135,364.6,1452.0,1804,1,67,13143.4
1389.547,522.1,1452.0,1804,1,66,13094.1
1389.974,522.1,1452.0,1804,3,66,13057.4
1390.332,522.1,1452.0,1804,2,66,13005.1
1390.565,651.6,1452.0,1804,3,66,12786.6
1390.688,651.6,1452.0,1804,4,66,12776.5
1390.808,651.6,1452.0,1804,1,66,12755.4
1390.929,651.6,1452.0,1804,1,66,12743.2
1391.049,651.6,1452.0,1804,2,66,12731.7
1391.168,651.6,1452.0,1804,2,66,12717.6
1391.288,651.6,1452.0,1804,2,66,12705.2
1391.409,651.6,1452.0,1804,1,66,12696.4
1391.528,781.1,1452.0,1804,3,66,12688.5
1391.648,781.1,1452.0,1804,2,66,12675.7
1391.768,781.1,1452.0,1804,2,66,12661.6
1391.887,781.1,1452.0,1804,0,66,12647.3
1392.006,781.1,1452.0,1804,2,66,12632.6
1392.126,781.1,1452.0,1804,2,66,12618.2
1392.245,781.1,1452.0,1804,2,66,12602.3
1392.365,781.1,1452.0,1804,0,66,12587.5
1392.485,781.1,1452.0,1804,1,66,12573.0
1392.606,781.1,1452.0,1804,1,66,12558.5
1392.726,781.1,1452.0,1804,2,66,12544.2
1392.845,781.1,1452.0,1804,0,66,12530.0
1392.964,781.1,1452.0,1804,0,66,12516.3
1393.084,781.1,1452.0,1804,1,66,12501.9
1393.204,781.1,1452.0,1804,2,66,12490.0
1393.323,781.1,1452.0,1804,0,66,12475.5
1393.443,781.1,1452.0,1804,0,66,12461.1
1393.562,781.1,1452.0,1804,1,66,12447.2
1393.682,781.1,1452.0,1804,2,66,12432.9
1393.801,781.1,1452.0,1804,2,66,12418.4
1393.922,781.1,1452.0,1804,0,66,12405.2
1394.041,781.1,1452.0,1804,2,66,12391.0
1394.16,781.1,1452.0,1804,2,66,12376.8
1394.28,781.1,1452.0,1804,2,66,12362.4
1394.399,781.1,1452.0,1804,0,66,12347.9
1394.519,781.1,1452.0,1804,2,66,12333.3
1394.638,781.1,1452.0,1804,2,66,12319.5
1394.758,358.9,1452.0,1804,2,67,12306.8
1394.877,358.9,1452.0,1804,50,71,12297.0
1394.996,358.9,1452.0,1804,60,68,12284.4
1395.115,358.9,1452.0,1804,60,67,12270.3
1395.235,358.9,1452.0,1804,2,66,12256.4
1395.355,358.9,1452.0,1804,1,66,12241.9
1395.475,365.9,1452.0,1804,1,66,12229.0
1395.594,390.4,1452.0,1804,2,66,12215.3
1395.714,390.4,1452.0,1804,2,66,12201.8
1395.834,390.4,1452.0,1804,0,66,12187.9
1395.953,390.4,1452.0,1804,0,66,12175.8
1396.073,519.9,1452.0,1804,2,66,11939.6
1396.192,649.4,1452.0,1804,9,66,11830.1
1396.31,649.4,1452.0,1804,9,66,11812.8
1396.428,778.9,1452.0,1804,8,66,11846.3
1396.563,333.3,1452.0,1804,7,68,11865.3
1396.682,333.3,1452.0,1804,86,71,11854.8
1396.8,324.5,1452.0,1804,86,67,11847.4
1396.92,434.0,1452.0,1804,30,67,11863.1
1397.042,276.1,1452.0,1804,65,70,11863.2
1397.16,279.4,1452.0,1804,83,68,11863.5
1397.277,440.4,1452.0,1804,83,69,11820.3
1397.397,282.8,1452.0,1804,70,70,11820.8
1397.515,573.3,1452.0,1804,78,68,11831.2
1397.634,286.1,1452.0,1804,78,71,11831.3
1397.752,289.4,1452.0,1804,81,68,11740.3
1397.871,450.4,1452.0,1804,88,69,11738.2
1397.991,292.7,1452.0,1804,80,71,11740.6
1398.109,583.2,1452.0,1804,80,67,11754.9
1398.228,296.1,1452.0,1804,44,71,11778.3
1398.345,716.1,1452.0,1804,74,67,11791.7
1398.463,299.4,1452.0,1804,74,71,11795.8
1398.581,460.4,1452.0,1804,69,67,11813.9
1398.699,719.4,1452.0,1804,19,67,11848.3
1398.818,302.7,1452.0,1804,19,70,11853.8
1398.935,463.7,1452.0,1804,70,67,11885.2
1399.053,593.2,1452.0,1804,14,67,11915.2
1399.172,722.7,1452.0,1804,12,66,11948.5
1399.29,306.0,1452.0,1804,12,70,11948.9
1399.407,467.1,1452.0,1804,65,67,11973.8
1399.525,596.6,1452.0,1804,15,67,11998.9
1399.644,309.4,1452.0,1804,15,69,12006.2
1399.762,470.4,1452.0,1804,63,67,12019.4
1399.879,599.9,1452.0,1804,18,67,12041.7
1399.997,729.4,1452.0,1804,15,66,12063.9
1400.114,312.7,1452.0,1804,15,70,12064.4
1400.231,473.7,1452.0,1804,67,67,12086.9
1400.349,603.2,1452.0,1804,7,66,12112.5
1400.467,603.2,1452.0,1804,7,66,12138.3
1400.586,732.7,1452.0,1804,9,66,12171.6
1400.703,316.0,1452.0,1804,10,67,12189.1
1400.821,347.5,1452.0,1804,10,68,12198.8
1400.939,477.0,1452.0,1804,63,66,12217.0
1401.058,736.0,1452.0,1804,13,66,12233.4
1401.176,319.4,1452.0,1804,40,68,12242.0
1401.294,480.4,1452.0,1804,40,67,12249.0
1401.411,609.9,1452.0,1804,39,66,12261.3
1401.531,322.7,1452.0,1804,19,66,12259.5
1401.649,322.7,1452.0,1804,19,69,12251.3
1401.769,613.2,1452.0,1804,66,66,12220.5
1401.893,326.0,1452.0,1804,18,67,11731.0
1402.011,357.5,1452.0,1804,68,68,11737.6
1402.13,616.5,1452.0,1804,68,67,11749.7
1402.248,746.0,1452.0,1804,14,66,11763.3
1402.366,329.3,1452.0,1804,15,67,11772.3
1402.484,360.9,1452.0,1804,15,68,11781.8
1402.602,619.9,1452.0,1804,64,66,11796.1
1402.72,749.4,1452.0,1804,12,66,11810.2
1402.838,332.7,1452.0,1804,12,67,11818.8
1402.956,364.2,1452.0,1804,25,68,11829.1
1403.074,623.2,1452.0,1804,53,66,11846.8
1403.192,752.7,1452.0,1804,15,66,11872.2
1403.31,336.0,1452.0,1804,15,70,11878.3
1403.428,497.0,1452.0,1804,66,67,11907.8
1403.546,756.0,1452.0,1804,21,66,11930.8
1403.665,339.3,1452.0,1804,21,70,11933.6
1403.783,500.3,1452.0,1804,66,67,11971.3
1403.901,629.8,1452.0,1804,11,66,12008.3
1404.019,759.3,1452.0,1804,16,66,12038.9
1404.136,342.7,1452.0,1804,16,69,12041.9
1404.254,633.2,1452.0,1804,65,66,12088.6
1404.372,762.7,1452.0,1804,12,66,12125.3
1404.49,346.0,1452.0,1804,12,67,12149.0
1404.607,377.5,1452.0,1804,42,67,12160.2
1404.725,636.5,1452.0,1804,39,66,12188.9
1404.842,766.0,1452.0,1804,39,66,12211.9
1404.962,349.3,1452.0,1804,25,68,12210.2
1405.094,639.8,1452.0,1804,61,66,12162.0
1405.213,352.6,1452.0,1804,42,69,12081.5
1405.334,513.6,1452.0,1804,42,67,12108.6
1405.453,772.6,1452.0,1804,47,66,12142.0
1405.571,356.0,1452.0,1804,28,69,12154.0
1405.689,646.5,1452.0,1804,62,67,12166.5
1405.807,359.3,1452.0,1804,62,69,12174.2
1405.925,520.3,1452.0,1804,73,67,12187.4
1406.044,779.3,1452.0,1804,23,66,12228.6
1406.162,362.6,1452.0,1804,23,69,12229.6
1406.28,523.6,1452.0,1804,67,66,12255.2
1406.398,653.1,1452.0,1804,11,66,12293.0
1406.516,782.6,1452.0,1804,7,66,12308.7
1406.649,782.6,1452.0,1804,7,66,12331.4
1406.77,318.3,1452.0,1804,28,70,12281.6
1406.902,318.3,1452.0,1804,40,66,12281.6
1407.029,318.3,1452.0,1804,2,66,12404.7
1407.191,318.3,1452.0,1804,2,66,12478.1
1407.325,318.3,1452.0,1804,2,66,12568.3
1407.47,318.3,1452.0,1804,0,66,12640.4
1407.598,318.3,1452.0,1804,2,66,12694.9
1407.726,318.3,1452.0,1804,2,66,12790.0
1407.853,318.3,1452.0,1804,0,66,12872.4
1407.98,318.3,1452.0,1804,0,66,12935.3
1408.108,318.3,1452.0,1804,2,66,12990.6
1408.263,318.3,1452.0,1804,0,66,13029.1
1408.496,318.3,1452.0,1804,2,66,13046.9
1408.789,318.3,1452.0,1804,2,66,13089.9
1408.945,318.3,1452.0,1804,0,66,13108.5
1409.072,318.3,1452.0,1804,2,66,13094.5
1409.2,318.3,1452.0,1804,2,66,12931.4
1409.326,318.3,1452.0,1804,2,66,12812.0
1409.452,318.3,1452.0,1804,0,66,12902.2
1409.629,318.3,1452.0,1804,2,66,12977.1
1409.769,318.3,1452.0,1804,2,66,13080.3
1409.899,318.3,1452.0,1804,0,66,12990.4
1410.027,318.3,1452.0,1804,2,66,13081.9
1410.153,318.3,1452.0,1804,2,66,13170.0
1410.274,318.3,1452.0,1804,2,66,13204.4
1410.393,318.3,1452.0,1804,0,66,13224.0
1410.512,318.3,1452.0,1804,0,66,13180.8
1410.631,318.3,1452.0,1804,2,66,13206.0
1410.749,318.3,1452.0,1804,2,66,13231.6
1410.868,318.3,1452.0,1804,0,66,13258.9
1410.986,318.3,1452.0,1804,0,66,13458.1
1411.115,318.3,1452.0,1804,2,66,13303.3
1411.254,318.3,1452.0,1804,2,66,13280.5
1411.379,318.3,1452.0,1804,0,66,13324.6
1411.504,318.3,1452.0,1804,0,66,13334.7
1411.631,318.3,1452.0,1804,2,66,13334.7
1411.758,318.3,1452.0,1804,2,66,13334.7
1411.884,318.3,1452.0,1804,0,66,13334.7
1412.017,635.7,1452.0,1804,0,66,13240.8
1412.136,347.9,1452.0,1804,23,67,13250.5
1412.253,347.9,1452.0,1804,78,71,13250.5
1412.371,348.3,1452.0,1804,78,68,13252.9
1412.489,348.3,1452.0,1804,83,71,13252.9
1412.607,768.3,1452.0,1804,97,68,13255.2
1412.725,348.6,1452.0,1804,93,71,13255.2
1412.843,639.1,1452.0,1804,93,68,13257.9
1412.963,349.0,1452.0,1804,78,71,13258.9
1413.081,349.0,1452.0,1804,100,69,13259.6
1413.2,349.3,1452.0,1804,100,70,13261.8
1413.317,349.3,1452.0,1804,80,71,13261.8
1413.435,349.7,1452.0,1804,88,70,13262.7
1413.552,349.7,1452.0,1804,98,72,13262.7
1413.671,373.7,1452.0,1804,98,68,13263.7
1413.79,350.0,1452.0,1804,87,72,13263.7
1413.908,770.0,1452.0,1804,88,68,13264.9
1414.026,350.3,1452.0,1804,88,71,13265.0
1414.144,640.9,1452.0,1804,98,69,13265.4
1414.263,350.7,1452.0,1804,95,71,13265.6
1414.38,511.7,1452.0,1804,95,69,13266.8
1414.499,351.0,1452.0,1804,85,70,13269.0
1414.617,351.0,1452.0,1804,86,72,13269.0
1414.734,771.0,1452.0,1804,66,68,13274.0
1414.852,351.4,1452.0,1804,66,71,13274.1
1414.969,512.4,1452.0,1804,96,68,13276.7
1415.088,351.7,1452.0,1804,67,70,13278.9
1415.206,351.7,1452.0,1804,67,71,13278.9
1415.324,771.7,1452.0,1804,93,67,13283.7
1415.442,352.1,1452.0,1804,66,71,13283.8
1415.56,383.6,1452.0,1804,77,69,13287.8
1415.678,1123.8,1452.0,1804,77,67,13294.3
1415.795,352.4,1452.0,1804,61,71,13294.3
1415.913,513.4,1452.0,1804,75,68,13302.2
1416.032,642.9,1452.0,1804,75,67,13318.5
1416.151,352.8,1452.0,1804,24,68,13327.0
1416.27,352.8,1452.0,1804,82,71,13327.0
1416.387,513.8,1452.0,1804,82,67,13348.1
1416.505,643.3,1452.0,1804,40,67,13372.1
1416.623,772.8,1452.0,1804,13,66,13396.0
1416.741,353.1,1452.0,1804,37,69,13407.0
1416.858,353.1,1452.0,1804,37,71,13407.0
1416.975,514.1,1452.0,1804,81,67,13426.3
1417.093,643.6,1452.0,1804,19,67,13359.9
1417.213,353.4,1452.0,1804,19,70,13308.4
1417.331,353.4,1452.0,1804,59,70,13308.4
1417.448,514.4,1452.0,1804,64,67,13335.7
1417.567,643.9,1452.0,1804,13,67,13365.2
1417.684,773.4,1452.0,1804,13,66,13400.1
1417.802,374.7,1452.0,1804,11,66,13427.2
1417.92,353.8,1452.0,1804,72,71,13427.2
1418.037,385.3,1452.0,1804,72,68,13443.9
1418.157,644.3,1452.0,1804,49,67,13281.3
1418.276,773.8,1452.0,1804,14,66,13309.6
1418.393,354.1,1452.0,1804,14,67,13325.9
1418.511,354.1,1452.0,1804,39,71,13325.9
1418.628,515.1,1452.0,1804,83,67,13342.6
1418.747,644.6,1452.0,1804,17,66,13365.3
1418.868,354.5,1452.0,1804,17,69,13374.4
1418.985,354.5,1452.0,1804,74,70,13374.6
1419.103,774.5,1452.0,1804,67,67,13392.8
1419.221,354.8,1452.0,1804,67,71,13395.4
1419.339,354.8,1452.0,1804,78,69,13399.6
1419.458,774.8,1452.0,1804,58,67,13424.4
1419.576,355.2,1452.0,1804,46,69,13178.0
1419.694,355.2,1452.0,1804,46,71,13178.0
1419.812,516.2,1452.0,1804,79,67,13217.5
1419.931,645.7,1452.0,1804,10,66,13265.3
1420.05,775.2,1452.0,1804,10,66,13317.9
1420.168,775.2,1452.0,1804,13,66,13367.3
1420.287,355.5,1452.0,1804,52,70,13367.3
1420.405,362.5,1452.0,1804,52,68,13383.5
1420.523,516.5,1452.0,1804,64,67,13411.8
1420.641,646.0,1452.0,1804,12,66,13453.8
1420.761,775.5,1452.0,1804,9,66,13501.7
1420.88,355.8,1452.0,1804,9,69,13521.5
1420.999,355.8,1452.0,1804,60,71,13511.5
1421.119,516.9,1452.0,1804,59,67,13561.3
1421.238,516.9,1452.0,1804,59,66,13632.3
1421.358,646.4,1452.0,1804,8,66,13685.1
1421.486,775.9,1452.0,1804,5,66,13672.3
1421.785,775.9,1452.0,1804,68,71,13642.9
1422.107,363.2,1452.0,1804,2,66,13589.1
1422.473,517.2,1452.0,1804,4,66,13550.2
1422.825,517.2,1452.0,1804,1,66,13509.0
1423.184,646.7,1452.0,1804,1,66,13463.2
1423.516,646.7,1452.0,1804,7,66,13427.6
1423.872,776.2,1452.0,1804,3,66,13385.9
1424.223,776.2,1452.0,1804,2,66,13355.5
1424.497,776.2,1452.0,1804,0,66,13339.7
1424.634,776.2,1452.0,1804,77,70,13308.7
1424.947,356.5,1452.0,1804,4,67,13274.2
1425.222,388.0,1452.0,1804,4,66,13258.1
1425.351,388.0,1452.0,1804,1,66,13241.4
1425.477,388.0,1452.0,1804,1,66,13227.8
1425.597,517.5,1452.0,1804,4,66,13217.0
1425.718,517.5,1452.0,1804,4,66,13203.6
1425.838,517.5,1452.0,1804,0,66,13189.7
1425.959,517.5,1452.0,1804,0,66,13171.5
1426.079,517.5,1452.0,1804,0,66,13165.2
1426.2,517.5,1452.0,1804,4,66,13149.2
1426.321,517.5,1452.0,1804,1,66,13138.6
1426.441,517.5,1452.0,1804,1,66,13118.2
1426.563,517.5,1452.0,1804,1,66,13100.2
1426.684,517.5,1452.0,1804,3,66,13083.5
1426.804,517.5,1452.0,1804,0,66,13066.8
1426.926,517.5,1452.0,1804,0,66,13050.7
1427.046,517.5,1452.0,1804,1,66,13034.4
1427.167,517.5,1452.0,1804,4,66,13022.3
1427.287,517.5,1452.0,1804,0,66,13008.4
1427.407,647.0,1452.0,1804,0,66,12996.8
1427.528,647.0,1452.0,1804,6,66,13041.5
1427.776,647.0,1452.0,1804,1,66,13040.5
1427.961,776.5,1452.0,1804,3,65,13002.1
1428.326,776.5,1452.0,1804,1,65,12961.3
1428.662,776.5,1452.0,1804,1,65,12911.9
1429.106,356.9,1452.0,1804,68,69,12903.0
1429.254,360.4,1452.0,1804,1,66,12862.1
1429.641,388.4,1452.0,1804,4,66,12831.3
1429.869,517.9,1452.0,1804,1,66,12789.2
1430.181,517.9,1452.0,1804,2,66,12790.2
1430.49,647.4,1452.0,1804,2,66,12781.3
1430.639,647.4,1452.0,1804,4,66,12766.1
1430.764,647.4,1452.0,1804,4,66,12753.4
1430.886,647.4,1452.0,1804,0,66,12739.2
1431.006,647.4,1452.0,1804,0,66,12724.1
1431.126,647.4,1452.0,1804,3,66,12708.8
1431.247,647.4,1452.0,1804,3,66,12695.8
1431.367,647.4,1452.0,1804,0,66,12678.8
1431.487,647.4,1452.0,1804,0,66,12661.5
1431.607,647.4,1452.0,1804,0,66,12644.7
1431.728,647.4,1452.0,1804,3,66,12623.8
1431.848,647.4,1452.0,1804,0,66,12606.9
1431.968,647.4,1452.0,1804,1,66,12584.6
1432.089,647.4,1452.0,1804,1,66,12554.6
1432.211,776.9,1452.0,1804,4,66,12563.6
1432.33,776.9,1452.0,1804,5,66,12152.8
1432.456,333.9,1452.0,1804,57,70,12097.1
1432.575,330.3,1452.0,1804,57,69,12094.5
1432.692,640.7,1452.0,1804,58,67,12108.4
1432.812,353.6,1452.0,1804,81,71,12109.1
1432.931,357.3,1452.0,1804,81,70,12109.6
1433.048,777.3,1452.0,1804,92,68,12111.1
1433.167,360.9,1452.0,1804,79,71,12111.7
1433.286,364.6,1452.0,1804,79,70,12112.7
1433.403,655.1,1452.0,1804,85,68,12114.9
1433.521,368.2,1452.0,1804,69,71,12115.2
1433.639,371.9,1452.0,1804,83,69,12116.2
1433.756,532.9,1452.0,1804,83,69,12118.0
1433.874,375.5,1452.0,1804,72,71,12119.2
1433.992,666.0,1452.0,1804,75,68,12122.2
1434.111,379.2,1452.0,1804,75,71,12122.7
1434.229,382.8,1452.0,1804,82,70,12123.8
1434.347,673.4,1452.0,1804,85,68,12124.7
1434.465,386.5,1452.0,1804,81,71,12125.0
1434.583,547.5,1452.0,1804,81,67,12149.4
1434.701,390.2,1452.0,1804,32,71,12150.5
1434.818,551.2,1452.0,1804,65,68,12166.4
1434.936,680.7,1452.0,1804,65,67,12182.7
1435.055,680.7,1452.0,1804,10,67,12209.4
1435.173,393.8,1452.0,1804,14,66,12221.9
1435.291,393.8,1452.0,1804,14,69,12224.7
1435.408,554.8,1452.0,1804,66,67,12251.4
1435.527,684.3,1452.0,1804,9,67,12282.1
1435.646,813.8,1452.0,1804,10,66,12311.5
1435.764,813.8,1452.0,1804,10,66,12335.6
1435.881,397.5,1452.0,1804,4,67,12349.2
1435.999,397.5,1452.0,1804,63,69,12329.0
1436.118,558.5,1452.0,1804,63,67,12301.5
1436.236,688.0,1452.0,1804,15,66,12319.2
1436.354,817.5,1452.0,1804,11,66,12335.3
1436.471,401.1,1452.0,1804,66,70,12335.5
1436.589,562.1,1452.0,1804,66,67,12348.5
1436.708,691.6,1452.0,1804,11,66,12359.6
1436.826,821.1,1452.0,1804,14,66,12366.2
1436.944,404.8,1452.0,1804,14,71,12367.1
1437.062,565.8,1452.0,1804,67,67,12377.1
1437.18,824.8,1452.0,1804,17,66,12386.8
1437.299,408.4,1452.0,1804,17,68,12392.7
1437.416,439.9,1452.0,1804,43,68,12397.3
1437.534,698.9,1452.0,1804,36,66,12407.1
1437.652,828.4,1452.0,1804,14,66,12416.7
1437.771,412.1,1452.0,1804,14,70,12411.1
1437.889,573.1,1452.0,1804,67,67,12412.9
1438.009,832.1,1452.0,1804,16,66,12415.1
1438.127,415.8,1452.0,1804,16,69,12411.7
1438.245,576.8,1452.0,1804,46,67,12405.5
1438.364,835.8,1452.0,1804,39,66,12405.5
1438.482,419.4,1452.0,1804,64,70,12396.0
1438.601,839.4,1452.0,1804,64,67,12389.2
1438.72,423.1,1452.0,1804,62,70,12379.4
1438.839,426.7,1452.0,1804,59,68,12372.4
1438.957,587.7,1452.0,1804,59,68,12363.3
1439.077,430.4,1452.0,1804,77,69,12364.7
1439.196,591.4,1452.0,1804,72,68,12357.2
1439.314,434.0,1452.0,1804,42,69,12357.2
1439.433,595.0,1452.0,1804,42,68,12345.5
1439.552,854.0,1452.0,1804,62,67,12252.1
1439.671,437.7,1452.0,1804,39,71,12229.2
1439.791,598.7,1452.0,1804,39,68,12241.2
1439.909,728.2,1452.0,1804,42,67,12086.0
1440.027,857.7,1452.0,1804,14,66,12125.8
1440.144,441.3,1452.0,1804,62,70,12132.6
1440.262,602.4,1452.0,1804,62,67,12185.7
1440.38,731.9,1452.0,1804,14,67,12228.2
1440.498,861.4,1452.0,1804,11,66,12274.1
1440.616,445.0,1452.0,1804,11,68,12290.7
1440.733,606.0,1452.0,1804,56,68,12313.6
1440.851,735.5,1452.0,1804,24,67,12350.1
1440.969,865.0,1452.0,1804,24,66,12380.5
1441.09,448.7,1452.0,1804,12,69,12393.6
1441.208,609.7,1452.0,1804,69,67,12388.3
1441.327,739.2,1452.0,1804,10,66,12423.2
1441.445,739.2,1452.0,1804,10,66,12475.3
1441.564,868.7,1452.0,1804,9,66,12415.5
1441.683,402.2,1452.0,1804,48,71,12413.4
1441.802,405.0,1452.0,1804,21,67,12497.9
1441.936,405.0,1452.0,1804,21,66,12582.5
1442.062,405.0,1452.0,1804,2,66,12459.7
1442.204,405.0,1452.0,1804,2,66,12243.8
1442.343,405.0,1452.0,1804,0,66,12337.5
1442.467,405.0,1452.0,1804,0,66,12425.3
1442.591,405.0,1452.0,1804,2,66,12504.7
1442.716,405.0,1452.0,1804,2,66,12614.3
1442.84,405.0,1452.0,1804,0,66,12718.8
1442.965,405.0,1452.0,1804,0,66,12775.9
1443.093,405.0,1452.0,1804,2,66,12766.9
1443.218,405.0,1452.0,1804,2,66,12833.8
1443.343,405.0,1452.0,1804,0,66,12899.1
1443.47,405.0,1452.0,1804,0,66,12995.7
1443.595,405.0,1452.0,1804,2,66,13079.0
1443.724,405.0,1452.0,1804,2,66,13157.5
1443.851,405.0,1452.0,1804,0,66,13236.3
1443.99,405.0,1452.0,1804,2,66,13279.4
1444.257,405.0,1452.0,1804,0,66,13303.2
1444.541,405.0,1452.0,1804,2,66,13319.3
1444.792,405.0,1452.0,1804,0,66,13335.1
1445.063,405.0,1452.0,1804,2,66,13353.6
1445.333,405.0,1452.0,1804,0,66,13372.9
1445.594,405.0,1452.0,1804,2,66,13384.4
1445.841,405.0,1452.0,1804,0,66,13401.6
1446.011,405.0,1452.0,1804,0,66,13401.0
1446.162,405.0,1452.0,1804,4,66,13406.4
1446.357,405.0,1452.0,1804,0,66,13406.8
1446.531,405.0,1452.0,1804,4,66,13407.7
1446.715,405.0,1452.0,1804,2,66,13410.7
1446.892,405.0,1452.0,1804,0,67,13391.0
1447.019,405.0,1452.0,1804,2,66,12837.0
1447.139,405.0,1452.0,1804,2,66,12558.7
1447.264,405.0,1452.0,1804,2,66,12631.9
1447.388,405.0,1452.0,1804,0,66,12703.9
1447.513,405.0,1452.0,1804,2,67,12778.5
1447.637,405.0,1452.0,1804,2,67,12852.4
1447.762,405.0,1452.0,1804,2,66,12926.8
1447.886,405.0,1452.0,1804,0,67,13001.0
1448.011,405.0,1452.0,1804,2,67,13048.7
1448.137,405.0,1452.0,1804,2,67,13050.5
1448.262,405.0,1452.0,1804,2,67,13050.5
1448.389,405.0,1452.0,1804,0,67,12934.5
1448.51,852.2,1452.0,1824,32,67,12941.8
1448.628,432.2,1472.0,1824,32,72,12943.0
1448.747,463.7,1472.0,1824,100,70,12946.2
1448.865,429.5,1472.0,1824,45,67,12953.4
1448.983,429.5,1472.0,1824,45,72,12953.4
1449.1,590.5,1472.0,1824,100,69,12958.4
1449.218,426.7,1472.0,1824,43,68,12964.1
1449.335,426.7,1472.0,1824,43,72,12964.1
1449.453,587.7,1472.0,1824,100,68,12970.5
1449.571,424.0,1472.0,1824,41,68,12978.5
1449.689,424.0,1472.0,1824,91,72,12978.5
1449.813,585.0,1472.0,1824,91,68,12983.7
1449.931,421.3,1472.0,1824,62,68,12988.3
1450.049,421.3,1472.0,1824,85,70,12988.3
1450.167,582.3,1472.0,1824,85,68,12992.2
1450.285,418.5,1472.0,1824,66,68,13001.5
1450.402,418.5,1472.0,1824,68,72,13001.5
1450.519,579.5,1472.0,1824,79,68,13003.7
1450.638,415.8,1472.0,1824,79,70,13014.1
1450.756,415.8,1472.0,1824,71,72,13014.2
1450.873,706.3,1472.0,1824,73,69,13016.9
1450.992,413.1,1472.0,1824,73,70,13018.1
1451.109,413.1,1472.0,1824,82,72,13018.1
1451.227,833.1,1472.0,1824,68,68,13021.1
1451.346,410.3,1472.0,1824,68,72,13021.4
1451.463,410.3,1472.0,1824,86,70,13023.0
1451.581,700.8,1472.0,1824,52,68,13031.7
1451.699,407.6,1472.0,1824,34,68,13036.9
1451.817,407.6,1472.0,1824,34,72,13036.9
1451.935,439.1,1472.0,1824,100,68,13042.8
1452.053,698.1,1472.0,1824,15,67,13054.2
1452.173,827.6,1472.0,1824,15,67,13064.0
1452.29,404.9,1472.0,1824,13,70,13068.8
1452.408,404.9,1472.0,1824,78,72,13068.8
1452.526,565.9,1472.0,1824,78,68,13076.4
1452.644,695.4,1472.0,1824,53,67,13086.0
1452.763,824.9,1472.0,1824,13,67,13095.2
1452.881,402.1,1472.0,1824,60,71,13095.6
1452.998,402.1,1472.0,1824,60,71,13097.2
1453.116,563.1,1472.0,1824,69,68,13107.2
1453.235,822.1,1472.0,1824,16,67,13117.2
1453.352,399.4,1472.0,1824,16,69,13121.7
1453.471,399.4,1472.0,1824,53,72,13121.7
1453.589,560.4,1472.0,1824,76,68,13131.1
1453.707,689.9,1472.0,1824,13,67,13143.6
1453.826,819.4,1472.0,1824,13,67,13153.4
1453.943,396.7,1472.0,1824,42,71,13153.4
1454.061,396.7,1472.0,1824,89,69,13161.9
1454.179,557.7,1472.0,1824,89,67,13182.1
1454.296,687.2,1472.0,1824,12,67,13201.6
1454.414,816.7,1472.0,1824,11,67,13216.9
1454.532,393.9,1472.0,1824,11,71,13219.0
1454.652,393.9,1472.0,1824,69,69,13220.9
1454.771,554.9,1472.0,1824,60,67,13250.6
1454.889,684.4,1472.0,1824,6,67,13279.6
1455.007,684.4,1472.0,1824,6,67,13308.1
1455.124,813.9,1472.0,1824,9,66,13337.4
1455.242,1024.9,1472.0,1824,7,66,13358.8
1455.36,391.2,1472.0,1824,7,71,13358.8
1455.478,398.2,1472.0,1824,90,68,13381.1
1455.596,552.2,1472.0,1824,39,67,13397.8
1455.714,681.7,1472.0,1824,11,66,13399.4
1455.834,388.5,1472.0,1824,11,67,13292.1
1455.952,388.5,1472.0,1824,53,71,13292.1
1456.069,420.0,1472.0,1824,78,68,13305.9
1456.188,549.5,1472.0,1824,78,67,13333.3
1456.305,808.5,1472.0,1824,11,66,13367.1
1456.424,385.7,1472.0,1824,11,68,13392.0
1456.541,385.7,1472.0,1824,11,71,13392.0
1456.659,546.7,1472.0,1824,92,68,13408.9
1456.777,676.2,1472.0,1824,41,67,13417.3
1456.896,383.0,1472.0,1824,36,69,13240.4
1457.014,383.0,1472.0,1824,36,71,13240.4
1457.132,544.0,1472.0,1824,99,68,13267.5
1457.251,673.5,1472.0,1824,14,67,13303.5
1457.369,803.0,1472.0,1824,14,66,13337.1
1457.487,380.3,1472.0,1824,27,71,13337.1
1457.605,387.3,1472.0,1824,100,69,13347.0
1457.723,670.8,1472.0,1824,20,67,13379.3
1457.841,800.3,1472.0,1824,20,66,13414.2
1457.959,377.5,1472.0,1824,37,71,13415.5
1458.076,377.5,1472.0,1824,96,69,13422.5
1458.194,668.0,1472.0,1824,96,67,13439.2
1458.314,797.5,1472.0,1824,17,66,13341.2
1458.432,374.8,1472.0,1824,36,70,13349.4
1458.549,374.8,1472.0,1824,36,70,13351.7
1458.668,535.8,1472.0,1824,93,67,13400.3
1458.786,665.3,1472.0,1824,8,66,13424.2
1458.905,794.8,1472.0,1824,10,66,13477.9
1459.057,390.9,1472.0,1824,19,67,13512.9
1459.177,372.0,1472.0,1824,19,71,13503.8
1459.301,372.0,1472.0,1824,100,67,13506.5
1459.419,533.1,1472.0,1824,32,66,13552.5
1459.539,662.6,1472.0,1824,32,65,13599.5
1459.658,792.1,1472.0,1824,5,65,13618.0
1459.865,792.1,1472.0,1824,40,66,13587.4
1460.178,369.3,1472.0,1824,40,68,13575.3
1460.301,400.8,1472.0,1824,100,66,13568.4
1460.483,530.3,1472.0,1824,4,65,13536.0
1460.798,530.3,1472.0,1824,1,66,13502.9
1461.116,659.8,1472.0,1824,1,65,13464.2
1461.468,659.8,1472.0,1824,4,65,13423.7
1461.83,789.3,1472.0,1824,1,65,13384.5
1462.185,789.3,1472.0,1824,2,65,13340.9
1462.508,366.6,1472.0,1824,65,67,13281.6
1462.878,398.1,1472.0,1824,3,66,13241.0
1463.209,527.6,1472.0,1824,1,66,13192.7
1463.587,527.6,1472.0,1824,1,66,13155.6
1463.926,657.1,1472.0,1824,3,66,13111.8
1464.287,657.1,1472.0,1824,1,66,13069.7
1464.584,786.6,1472.0,1824,1,66,13035.1
1464.937,786.6,1472.0,1824,1,66,13022.0
1465.075,786.6,1472.0,1824,4,66,13005.7
1465.205,786.6,1472.0,1824,4,66,12990.5
1465.332,786.6,1472.0,1824,0,66,12975.8
1465.452,786.6,1472.0,1824,0,66,12961.9
1465.575,363.8,1472.0,1824,0,67,12955.3
1465.693,363.8,1472.0,1824,35,71,12944.7
1465.812,363.8,1472.0,1824,87,67,12930.9
1465.932,363.8,1472.0,1824,1,67,12913.8
1466.052,363.8,1472.0,1824,1,66,12899.1
1466.172,370.9,1472.0,1824,4,66,12881.0
1466.292,395.4,1472.0,1824,0,66,12871.4
1466.411,524.9,1472.0,1824,5,66,12892.1
1466.531,524.9,1472.0,1824,5,66,12884.5
1466.65,524.9,1472.0,1824,4,66,12877.2
1466.77,524.9,1472.0,1824,1,66,12867.0
1466.89,524.9,1472.0,1824,1,66,12875.9
1467.009,654.4,1472.0,1824,3,66,12897.7
1467.154,783.9,1472.0,1824,10,66,12943.2
1467.357,783.9,1472.0,1824,3,66,12887.2
1467.789,783.9,1472.0,1824,1,66,12826.2
1468.162,361.1,1472.0,1824,100,67,12778.0
1468.518,392.6,1472.0,1824,0,66,12674.5
1469.03,522.1,1472.0,1824,1,66,12623.3
1469.498,522.1,1472.0,1824,1,66,12562.5
1469.891,522.1,1472.0,1824,3,66,12473.8
1470.242,522.1,1472.0,1824,1,66,12334.0
1470.476,651.6,1472.0,1824,5,66,11938.6
1470.603,651.6,1472.0,1824,7,66,11928.1
1470.725,781.1,1472.0,1824,7,66,11917.9
1470.845,781.1,1472.0,1824,1,66,11905.0
1470.964,781.1,1472.0,1824,1,66,11854.5
1471.083,781.1,1472.0,1824,1,67,11697.9
1471.201,335.2,1472.0,1824,19,71,11698.3
1471.319,331.1,1472.0,1824,100,69,11700.7
1471.437,324.3,1472.0,1824,22,67,11713.7
1471.556,693.3,1472.0,1824,22,67,11727.5
1471.674,277.0,1472.0,1824,66,70,11728.4
1471.792,280.9,1472.0,1824,83,70,11728.4
1471.91,700.9,1472.0,1824,83,68,11730.1
1472.028,284.9,1472.0,1824,81,71,11730.3
1472.147,288.8,1472.0,1824,80,71,11700.1
1472.265,579.3,1472.0,1824,80,68,11703.3
1472.384,292.7,1472.0,1824,81,71,11703.6
1472.502,583.2,1472.0,1824,70,68,11724.9
1472.622,296.7,1472.0,1824,64,71,11727.8
1472.739,457.7,1472.0,1824,64,68,11743.9
1472.857,716.7,1472.0,1824,35,67,11769.6
1472.976,300.6,1472.0,1824,42,70,11773.8
1473.094,461.6,1472.0,1824,42,68,11789.1
1473.212,591.1,1472.0,1824,45,67,11819.7
1473.33,304.5,1472.0,1824,14,67,11850.9
1473.448,304.5,1472.0,1824,66,70,11853.4
1473.566,595.0,1472.0,1824,66,67,11886.3
1473.685,595.0,1472.0,1824,18,67,11916.2
1473.804,308.4,1472.0,1824,10,67,11931.9
1473.922,308.4,1472.0,1824,10,69,11939.3
1474.041,599.0,1472.0,1824,67,67,11957.4
1474.159,287.9,1472.0,1824,20,67,11972.7
1474.277,312.4,1472.0,1824,67,69,11979.7
1474.395,473.4,1472.0,1824,67,67,11994.0
1474.513,602.9,1472.0,1824,10,67,12015.7
1474.632,316.3,1472.0,1824,25,68,12028.8
1474.749,319.8,1472.0,1824,25,68,12035.8
1474.867,477.3,1472.0,1824,58,67,12051.6
1474.985,606.8,1472.0,1824,9,66,12045.1
1475.105,739.3,1472.0,1824,26,67,12048.0
1475.228,323.7,1472.0,1824,26,68,12052.3
1475.346,481.2,1472.0,1824,56,67,11965.9
1475.466,610.7,1472.0,1824,8,66,11897.3
1475.585,740.2,1472.0,1824,8,66,11934.0
1475.703,740.2,1472.0,1824,10,66,11964.9
1475.821,324.2,1472.0,1824,32,70,11971.3
1475.938,485.2,1472.0,1824,32,67,11987.9
1476.056,614.7,1472.0,1824,40,67,11990.8
1476.175,744.2,1472.0,1824,14,66,11925.0
1476.293,328.1,1472.0,1824,36,69,11933.5
1476.412,359.6,1472.0,1824,36,68,11939.1
1476.531,489.1,1472.0,1824,41,67,11952.9
1476.649,748.1,1472.0,1824,14,66,11961.6
1476.766,332.0,1472.0,1824,14,69,11965.4
1476.884,493.0,1472.0,1824,57,67,11969.9
1477.002,622.5,1472.0,1824,23,66,11979.6
1477.12,752.0,1472.0,1824,18,66,11990.9
1477.238,336.0,1472.0,1824,18,70,11992.6
1477.356,497.0,1472.0,1824,66,67,11999.9
1477.474,626.5,1472.0,1824,12,66,12009.3
1477.592,756.0,1472.0,1824,12,66,12018.9
1477.71,339.9,1472.0,1824,16,69,12020.9
1477.827,500.9,1472.0,1824,64,67,11998.2
1477.946,630.4,1472.0,1824,64,66,11922.6
1478.064,759.9,1472.0,1824,12,66,11937.6
1478.182,343.8,1472.0,1824,23,69,11940.9
1478.3,504.8,1472.0,1824,57,67,11945.7
1478.418,634.3,1472.0,1824,57,66,11959.6
1478.536,347.7,1472.0,1824,14,66,11972.7
1478.654,347.7,1472.0,1824,70,69,11976.5
1478.772,638.3,1472.0,1824,70,66,11990.6
1478.891,351.7,1472.0,1824,19,67,12004.3
1479.009,351.7,1472.0,1824,65,68,12006.4
1479.128,771.7,1472.0,1824,65,66,12018.4
1479.246,355.6,1472.0,1824,29,70,12021.2
1479.363,516.6,1472.0,1824,67,67,11930.5
1479.483,646.1,1472.0,1824,13,66,11742.5
1479.601,775.6,1472.0,1824,13,66,11777.7
1479.718,359.5,1472.0,1824,12,70,11791.8
1479.836,520.5,1472.0,1824,66,67,11815.7
1479.955,650.0,1472.0,1824,66,66,11846.9
1480.073,779.5,1472.0,1824,11,66,11882.1
1480.192,363.5,1472.0,1824,13,66,11908.8
1480.31,395.0,1472.0,1824,67,68,11921.0
1480.428,654.0,1472.0,1824,67,66,11947.5
1480.546,783.5,1472.0,1824,14,66,11984.8
1480.665,367.4,1472.0,1824,15,67,12012.3
1480.783,370.9,1472.0,1824,15,68,12018.8
1480.901,657.9,1472.0,1824,63,66,12054.0
1481.022,787.4,1472.0,1824,12,66,12039.4
1481.141,371.3,1472.0,1824,12,66,12014.6
1481.26,371.3,1472.0,1824,21,68,11948.1
1481.38,532.3,1472.0,1824,55,66,11930.2
1481.497,661.8,1472.0,1824,10,66,11975.5
1481.615,791.3,1472.0,1824,10,66,12033.4
1481.733,791.3,1472.0,1824,10,66,12064.7
1481.851,375.3,1472.0,1824,51,70,12066.0
1481.969,536.3,1472.0,1824,51,66,12102.5
1482.1,665.8,1472.0,1824,24,66,12154.4
1482.22,795.3,1472.0,1824,12,66,12111.8
1482.339,379.2,1472.0,1824,64,70,12013.8
1482.457,799.2,1472.0,1824,64,66,12043.1
1482.577,799.2,1472.0,1824,30,66,12074.9
1482.697,333.0,1472.0,1824,47,70,12081.1
1482.818,336.0,1472.0,1824,23,66,12198.3
1482.943,336.0,1472.0,1824,23,66,12299.2
1483.083,336.0,1472.0,1824,2,66,12364.8
1483.217,336.0,1472.0,1824,4,66,12434.0
1483.345,336.0,1472.0,1824,1,66,12507.3
1483.476,336.0,1472.0,1824,1,66,12572.0
1483.603,336.0,1472.0,1824,3,66,12625.9
1483.734,336.0,1472.0,1824,3,66,12714.0
1483.909,336.0,1472.0,1824,2,66,12737.4
1484.19,336.0,1472.0,1824,3,66,12577.7
1484.323,336.0,1472.0,1824,2,66,12378.7
1484.454,336.0,1472.0,1824,2,66,12474.7
1484.598,336.0,1472.0,1824,3,66,12552.0
1484.724,336.0,1472.0,1824,2,66,12618.2
1484.851,336.0,1472.0,1824,1,66,12713.1
1484.977,336.0,1472.0,1824,1,66,12790.9
1485.104,336.0,1472.0,1824,3,66,12859.3
1485.233,336.0,1472.0,1824,3,66,12932.9
1485.36,336.0,1472.0,1824,1,66,12995.6
1485.491,336.0,1472.0,1824,4,65,13057.6
1485.622,336.0,1472.0,1824,4,65,13130.6
1485.749,336.0,1472.0,1824,3,65,13219.0
1485.876,336.0,1472.0,1824,2,65,13295.9
1486.003,336.0,1472.0,1824,2,65,13361.1
1486.144,336.0,1472.0,1824,4,65,13384.9
1486.422,336.0,1472.0,1824,1,65,13399.7
1486.607,336.0,1472.0,1824,3,65,13407.5
1486.776,336.0,1472.0,1824,3,65,13413.4
1486.937,336.0,1472.0,1824,2,65,13412.4
1487.1,336.0,1472.0,1824,3,65,13409.6
1487.306,336.0,1472.0,1824,1,65,13413.4
1487.464,336.0,1472.0,1824,3,65,13415.5
1487.627,336.0,1472.0,1824,2,65,13416.0
1487.807,336.0,1472.0,1824,2,65,13344.4
1488.421,336.0,1472.0,1824,3,65,13293.6
1488.837,336.0,1472.0,1824,1,65,13221.7
1489.149,336.0,1472.0,1824,1,65,12711.3
1489.277,336.0,1472.0,1824,5,65,12762.3
1489.404,336.0,1472.0,1824,1,65,12828.4
1489.529,336.0,1472.0,1824,3,65,12683.5
1489.656,336.0,1472.0,1824,3,65,12628.4
1489.782,336.0,1472.0,1824,2,65,12696.9
1489.909,336.0,1472.0,1824,2,65,12761.7
1490.036,336.0,1472.0,1824,2,65,12820.4
1490.162,336.0,1472.0,1824,2,65,12873.4
1490.288,336.0,1472.0,1824,3,65,12925.2
1490.414,336.0,1472.0,1824,2,65,12982.4
1490.537,336.0,1472.0,1824,3,65,13026.1
1490.662,336.0,1472.0,1824,3,65,13038.3
1490.793,336.0,1472.0,1824,3,65,13038.3
1490.926,336.0,1472.0,1824,2,65,13038.3
1491.056,654.1,1472.0,1824,10,65,12915.1
1491.176,366.3,1472.0,1824,10,67,12921.8
1491.293,366.3,1472.0,1824,73,68,12921.8
1491.411,786.3,1472.0,1824,95,66,12925.2
1491.53,366.0,1472.0,1824,78,70,12926.6
1491.648,366.0,1472.0,1824,78,69,12927.8
1491.767,365.8,1472.0,1824,84,70,12929.5
1491.884,365.8,1472.0,1824,95,72,12929.5
1492.002,526.8,1472.0,1824,95,67,12942.8
1492.121,785.8,1472.0,1824,48,67,12958.1
1492.239,365.5,1472.0,1824,38,71,12963.3
1492.357,365.5,1472.0,1824,100,70,12967.3
1492.489,526.5,1472.0,1824,100,67,12983.7
1492.608,785.5,1472.0,1824,18,67,13002.0
1492.727,365.3,1472.0,1824,29,69,13008.8
1492.845,365.3,1472.0,1824,29,72,13008.8
1492.963,526.3,1472.0,1824,100,67,13018.1
1493.082,785.3,1472.0,1824,25,67,13034.0
1493.201,365.0,1472.0,1824,59,70,13037.0
1493.319,365.0,1472.0,1824,59,70,13037.0
1493.437,655.5,1472.0,1824,81,67,13048.1
1493.556,364.8,1472.0,1824,30,68,13058.4
1493.674,364.8,1472.0,1824,30,71,13058.4
1493.791,525.8,1472.0,1824,100,68,13064.2
1493.909,784.8,1472.0,1824,34,67,13075.3
1494.027,364.5,1472.0,1824,66,70,13077.1
1494.145,364.5,1472.0,1824,66,72,13077.1
1494.263,655.0,1472.0,1824,80,67,13087.6
1494.382,784.5,1472.0,1824,16,67,13103.5
1494.5,364.2,1472.0,1824,16,69,13110.4
1494.617,364.2,1472.0,1824,60,69,13110.4
1494.734,395.7,1472.0,1824,91,67,13115.0
1494.853,654.7,1472.0,1824,91,66,13129.9
1494.971,784.2,1472.0,1824,15,66,13141.4
1495.09,364.0,1472.0,1824,47,70,13141.6
1495.207,364.0,1472.0,1824,92,69,13144.0
1495.325,525.0,1472.0,1824,92,67,13116.6
1495.445,654.5,1472.0,1824,12,66,13130.0
1495.562,784.0,1472.0,1824,12,66,13145.2
1495.681,363.7,1472.0,1824,12,69,13150.5
1495.799,363.7,1472.0,1824,58,71,13150.5
1495.916,524.7,1472.0,1824,73,67,13151.6
1496.035,654.2,1472.0,1824,13,67,13153.7
1496.154,783.7,1472.0,1824,13,66,13168.4
1496.272,783.7,1472.0,1824,12,66,13182.8
1496.39,363.5,1472.0,1824,63,71,13182.8
1496.509,363.5,1472.0,1824,63,69,13187.2
1496.626,524.5,1472.0,1824,68,67,13163.6
1496.746,654.0,1472.0,1824,12,66,13175.5
1496.864,783.5,1472.0,1824,12,66,13196.4
1496.981,363.2,1472.0,1824,9,67,13206.1
1497.1,363.2,1472.0,1824,58,71,13206.1
1497.218,366.7,1472.0,1824,72,68,13202.0
1497.337,524.2,1472.0,1824,72,67,13208.6
1497.457,653.7,1472.0,1824,10,66,13229.7
1497.576,783.2,1472.0,1824,10,66,13174.4
1497.695,362.9,1472.0,1824,10,69,13186.6
1497.812,362.9,1472.0,1824,46,71,13186.6
1497.93,524.0,1472.0,1824,87,67,13200.2
1498.049,653.5,1472.0,1824,14,66,13228.6
1498.167,783.0,1472.0,1824,14,66,13254.9
1498.286,362.7,1472.0,1824,15,67,13287.8
1498.405,362.7,1472.0,1824,81,69,13028.6
1498.529,394.2,1472.0,1824,81,66,13051.1
1498.647,523.7,1472.0,1824,69,66,13094.6
1498.766,653.2,1472.0,1824,11,65,13129.3
1498.884,653.2,1472.0,1824,8,65,13164.5
1499.003,782.7,1472.0,1824,8,65,13219.7
1499.121,362.4,1472.0,1824,11,67,13242.1
1499.239,362.4,1472.0,1824,96,69,13230.6
1499.358,523.4,1472.0,1824,96,66,13124.6
1499.476,523.4,1472.0,1824,44,66,13156.8
1499.595,652.9,1472.0,1824,12,66,13043.2
1499.712,782.4,1472.0,1824,11,66,13080.1
1499.83,362.2,1472.0,1824,11,69,13089.0
1499.949,362.2,1472.0,1824,77,71,13089.0
1500.067,523.2,1472.0,1824,53,67,13132.6
1500.185,652.7,1472.0,1824,53,66,13174.1
1500.303,782.2,1472.0,1824,14,66,13218.5
1500.422,361.9,1472.0,1824,49,70,13223.2
1500.539,361.9,1472.0,1824,49,69,13225.9
1500.658,522.9,1472.0,1824,86,66,13236.9
1500.778,781.9,1472.0,1824,19,66,13273.0
1500.897,361.7,1472.0,1824,67,69,12997.3
1501.015,361.7,1472.0,1824,67,68,12718.7
1501.133,522.7,1472.0,1824,82,66,12754.3
1501.252,781.7,1472.0,1824,16,66,12795.2
1501.371,361.4,1472.0,1824,16,66,12830.7
1501.49,361.4,1472.0,1824,32,70,12830.7
1501.608,368.4,1472.0,1824,100,68,12847.6
1501.728,522.4,1472.0,1824,14,66,12880.7
1501.846,781.4,1472.0,1824,14,66,12918.9
1501.964,361.1,1472.0,1824,14,67,12937.1
1502.082,361.1,1472.0,1824,83,71,12937.1
1502.201,392.7,1472.0,1824,83,67,12961.6
1502.318,651.7,1472.0,1824,50,66,12997.0
1502.436,781.2,1472.0,1824,14,66,13053.8
1502.554,360.9,1472.0,1824,40,68,13092.6
1502.673,360.9,1472.0,1824,40,71,13092.6
1502.79,392.4,1472.0,1824,92,67,13125.4
1502.909,521.9,1472.0,1824,10,66,13175.2
1503.026,651.4,1472.0,1824,10,66,13233.7
1503.144,780.9,1472.0,1824,13,66,13285.7
1503.265,360.6,1472.0,1824,16,69,13323.9
1503.384,360.6,1472.0,1824,16,71,13313.7
1503.504,521.6,1472.0,1824,100,67,13363.2
1503.623,651.1,1472.0,1824,27,66,13435.1
1503.743,780.6,1472.0,1824,11,66,13502.4
1503.862,780.6,1472.0,1824,4,66,13512.7
1504.209,360.4,1472.0,1824,73,71,13496.5
1504.413,367.4,1472.0,1824,4,66,13452.1
1504.743,521.4,1472.0,1824,1,66,13389.9
1505.069,521.4,1472.0,1824,1,66,13303.5
1505.443,521.4,1472.0,1824,3,66,13227.0
1505.837,650.9,1472.0,1824,3,66,13207.4
1506.112,650.9,1472.0,1824,1,66,13158.5
1506.432,650.9,1472.0,1824,4,66,13126.4
1506.774,780.4,1472.0,1824,1,66,13078.1
1507.19,780.4,1472.0,1824,1,66,13037.6
1507.56,780.4,1472.0,1824,88,71,13005.3
1507.876,391.6,1472.0,1824,4,66,12974.7
1508.211,521.1,1472.0,1824,1,66,12938.6
1508.579,521.1,1472.0,1824,1,66,12903.9
1508.921,650.6,1472.0,1824,8,66,12898.9
1509.196,359.9,1472.0,1824,64,70,12880.0
1509.487,520.9,1472.0,1824,4,66,12859.8
1509.769,520.9,1472.0,1824,3,66,12843.5
1509.994,650.4,1472.0,1824,5,66,12844.9
1510.25,650.4,1472.0,1824,1,66,12666.9
1511.021,779.9,1472.0,1824,1,66,12611.0
1511.462,779.9,1472.0,1824,1,66,12552.4
1511.9,779.9,1472.0,1824,4,67,12475.6
1512.334,359.6,1472.0,1824,51,71,12465.5
1512.454,391.1,1472.0,1824,2,66,12429.2
1512.866,520.6,1472.0,1824,4,66,12382.2
1513.239,520.6,1472.0,1824,1,66,12331.8
1513.637,520.6,1472.0,1824,4,66,12222.8
1513.757,650.1,1472.0,1824,4,66,12109.7
1513.875,779.6,1472.0,1824,6,66,12086.4
1513.997,779.6,1472.0,1824,4,66,12139.1
1514.116,336.3,1472.0,1824,26,69,12121.6
1514.235,336.3,1472.0,1824,26,71,11761.4
1514.37,326.1,1472.0,1824,100,68,11776.6
1514.491,354.8,1472.0,1824,44,69,11777.0
1514.609,354.8,1472.0,1824,92,71,11778.8
1514.728,359.3,1472.0,1824,92,69,11783.8
1514.846,359.3,1472.0,1824,72,71,11783.8
1514.964,779.3,1472.0,1824,71,68,11790.4
1515.083,363.8,1472.0,1824,71,70,11739.2
1515.202,654.3,1472.0,1824,75,69,11743.1
1515.321,368.3,1472.0,1824,90,70,11743.5
1515.439,658.8,1472.0,1824,89,69,11744.6
1515.559,372.8,1472.0,1824,89,71,11653.6
1515.678,663.3,1472.0,1824,98,69,11654.7
1515.797,377.2,1472.0,1824,89,71,11654.8
1515.915,667.7,1472.0,1824,89,69,11655.2
1516.035,381.7,1472.0,1824,90,71,11655.2
1516.153,801.7,1472.0,1824,94,69,11656.7
1516.272,386.2,1472.0,1824,96,71,11656.7
1516.391,806.2,1472.0,1824,96,68,11657.3
1516.51,390.7,1472.0,1824,89,71,11657.3
1516.628,395.1,1472.0,1824,97,69,11657.6
1516.765,395.1,1472.0,1824,97,71,11657.6
1516.883,399.6,1472.0,1824,100,69,11658.3
1517.001,399.6,1472.0,1824,96,71,11658.3
1517.119,404.1,1472.0,1824,88,69,11658.7
1517.237,404.1,1472.0,1824,88,72,11658.7
1517.356,565.1,1472.0,1824,80,68,11685.9
1517.474,694.6,1472.0,1824,8,67,11715.4
1517.593,408.6,1472.0,1824,8,68,11725.4
1517.711,408.6,1472.0,1824,52,71,11725.4
1517.829,569.6,1472.0,1824,67,68,11742.3
1517.948,699.1,1472.0,1824,11,67,11758.6
1518.066,828.6,1472.0,1824,11,67,11773.4
1518.184,413.0,1472.0,1824,31,70,11775.4
1518.302,444.6,1472.0,1824,83,68,11780.2
1518.421,574.1,1472.0,1824,83,67,11796.3
1518.538,833.1,1472.0,1824,11,67,11806.3
1518.656,417.5,1472.0,1824,26,68,11810.2
1518.774,417.5,1472.0,1824,26,71,11811.3
1518.893,578.5,1472.0,1824,89,67,11822.4
1519.011,837.5,1472.0,1824,12,67,11832.0
1519.129,422.0,1472.0,1824,23,67,11841.4
1519.247,422.0,1472.0,1824,23,70,11841.4
1519.364,583.0,1472.0,1824,88,68,11849.7
1519.482,712.5,1472.0,1824,10,67,11864.2
1519.6,842.0,1472.0,1824,10,67,11876.0
1519.718,426.5,1472.0,1824,14,67,11883.0
1519.836,426.5,1472.0,1824,64,70,11883.0
1519.954,587.5,1472.0,1824,47,67,11893.3
1520.072,717.0,1472.0,1824,47,67,11908.7
1520.19,846.5,1472.0,1824,14,66,11922.4
1520.308,430.9,1472.0,1824,24,68,11931.9
1520.439,430.9,1472.0,1824,24,70,11931.9
1520.556,592.0,1472.0,1824,96,67,11942.9
1520.674,721.5,1472.0,1824,19,67,11954.6
1520.795,435.4,1472.0,1824,56,69,11763.1
1520.914,435.4,1472.0,1824,56,70,11764.8
1521.032,725.9,1472.0,1824,69,67,11784.1
1521.151,855.4,1472.0,1824,18,67,11806.4
1521.269,439.9,1472.0,1824,18,69,11815.3
1521.387,439.9,1472.0,1824,58,70,11816.6
1521.506,730.4,1472.0,1824,60,67,11833.3
1521.624,444.4,1472.0,1824,29,68,11848.8
1521.742,444.4,1472.0,1824,29,70,11848.8
1521.86,605.4,1472.0,1824,93,68,11868.2
1521.979,864.4,1472.0,1824,19,67,11905.6
1522.097,448.9,1472.0,1824,19,68,11923.7
1522.215,448.9,1472.0,1824,59,71,11925.7
1522.334,609.9,1472.0,1824,58,67,11962.6
1522.452,868.9,1472.0,1824,58,67,11995.1
1522.571,453.3,1472.0,1824,15,69,11828.9
1522.691,453.3,1472.0,1824,80,71,11797.7
1522.809,614.3,1472.0,1824,33,67,11846.0
1522.927,743.8,1472.0,1824,33,67,11888.2
1523.045,873.3,1472.0,1824,11,66,11939.3
1523.164,457.8,1472.0,1824,40,69,11953.4
1523.281,457.8,1472.0,1824,40,69,11962.4
1523.399,618.8,1472.0,1824,74,67,11990.9
1523.518,748.3,1472.0,1824,14,67,12028.9
1523.637,877.8,1472.0,1824,14,66,12020.9
1523.768,462.3,1472.0,1824,14,70,11934.7
1523.887,623.3,1472.0,1824,100,68,11799.9
1524.007,752.8,1472.0,1824,16,67,11861.4
1524.125,752.8,1472.0,1824,16,66,11935.9
1524.242,882.3,1472.0,1824,12,66,12003.0
1524.361,466.8,1472.0,1824,8,68,12042.6
1524.479,466.8,1472.0,1824,95,71,12047.9
1524.597,627.8,1472.0,1824,95,67,12107.7
1524.715,757.3,1472.0,1824,17,67,12180.3
1524.834,886.8,1472.0,1824,11,66,12218.2
1524.954,471.2,1472.0,1824,11,69,12239.4
1525.072,471.2,1472.0,1824,48,71,12109.3
1525.192,632.2,1472.0,1824,65,67,12052.6
1525.319,761.7,1472.0,1824,11,67,11833.5
1525.443,891.2,1472.0,1824,11,66,11621.5
1525.561,425.6,1472.0,1824,21,70,11626.2
1525.68,429.2,1472.0,1824,95,68,11688.0
1525.804,429.2,1472.0,1824,1,67,11832.9
1525.932,429.2,1472.0,1824,1,66,11805.5
1526.059,429.2,1472.0,1824,2,66,11885.2
1526.184,429.2,1472.0,1824,4,66,11966.3
1526.309,429.2,1472.0,1824,2,66,12047.5
1526.436,429.2,1472.0,1824,2,66,12114.0
1526.565,429.2,1472.0,1824,2,66,12225.4
1526.69,429.2,1472.0,1824,3,66,12340.3
1526.815,429.2,1472.0,1824,2,66,12422.7
1526.941,429.2,1472.0,1824,2,66,12341.7
1527.066,429.2,1472.0,1824,2,66,12422.0
1527.191,429.2,1472.0,1824,4,66,12503.7
1527.316,429.2,1472.0,1824,1,66,12560.5
1527.441,429.2,1472.0,1824,1,66,12697.8
1527.565,429.2,1472.0,1824,3,66,12748.8
1527.696,429.2,1472.0,1824,3,66,12762.4
1527.821,429.2,1472.0,1824,2,66,12849.9
1527.948,429.2,1472.0,1824,2,66,12918.4
1528.075,429.2,1472.0,1824,2,66,12991.3
1528.205,429.2,1472.0,1824,5,66,13062.8
1528.332,429.2,1472.0,1824,1,66,13153.0
1528.459,429.2,1472.0,1824,1,66,13227.6
1528.589,429.2,1472.0,1824,2,66,13301.4
1528.717,429.2,1472.0,1824,4,66,13363.5
1528.844,429.2,1472.0,1824,2,67,13400.9
1528.967,429.2,1472.0,1824,2,67,13415.5
1529.087,429.2,1472.0,1824,2,67,13423.6
1529.21,429.2,1472.0,1824,2,66,13426.7
1529.33,429.2,1472.0,1824,2,67,13518.8
1529.719,429.2,1472.0,1824,0,67,13442.0
1530.461,429.2,1472.0,1824,0,66,13334.1
1531.042,429.2,1472.0,1824,0,66,13244.9
1531.558,429.2,1472.0,1824,0,66,13002.3
1532.104,429.2,1472.0,1824,2,66,12898.1
1532.232,429.2,1472.0,1824,3,66,12947.1
1532.36,429.2,1472.0,1824,2,66,12997.5
1532.488,429.2,1472.0,1824,3,66,13054.7
1532.617,429.2,1472.0,1824,3,66,13108.5
1532.756,429.2,1472.0,1824,1,66,13131.7
1532.98,429.2,1472.0,1824,4,66,13138.4
1533.201,429.2,1472.0,1824,2,66,13141.2
1533.43,429.2,1472.0,1824,2,66,13077.3
1533.578,429.2,1472.0,1824,3,66,12676.6
1533.698,429.2,1472.0,1824,3,66,12751.5
1533.823,429.2,1472.0,1824,3,66,12826.4
1533.948,429.2,1472.0,1824,1,66,12888.9
1534.073,429.2,1472.0,1824,3,66,12945.3
1534.198,429.2,1472.0,1824,2,66,12999.8
1534.323,429.2,1472.0,1824,2,66,13030.9
1534.449,429.2,1472.0,1824,2,66,12972.6
1534.578,429.2,1472.0,1824,3,66,12994.2
1534.71,429.2,1472.0,1824,2,66,13000.7
1534.844,429.2,1472.0,1824,2,66,12850.3
1534.967,457.2,1512.0,1864,2,67,12855.2
1535.085,457.2,1512.0,1864,88,68,12855.3
1535.204,457.2,1512.0,1864,100,70,12855.3
1535.322,618.3,1512.0,1864,100,68,12892.6
1535.439,453.7,1512.0,1864,71,68,12903.2
1535.557,453.7,1512.0,1864,77,71,12903.2
1535.676,453.7,1512.0,1864,100,73,12903.2
1535.793,744.2,1512.0,1864,100,68,12915.8
1535.914,450.1,1512.0,1864,65,71,12956.2
1536.032,450.1,1512.0,1864,100,73,12956.2
1536.149,450.1,1512.0,1864,100,70,12956.2
1536.267,740.6,1512.0,1864,93,68,12966.0
1536.385,446.6,1512.0,1864,34,69,12972.0
1536.503,446.6,1512.0,1864,34,71,12972.0
1536.621,446.6,1512.0,1864,100,72,12972.0
1536.738,607.6,1512.0,1864,90,68,12980.0
1536.856,443.0,1512.0,1864,31,68,12988.6
1536.975,443.0,1512.0,1864,31,71,12988.6
1537.093,443.0,1512.0,1864,100,70,12988.6
1537.212,443.0,1512.0,1864,100,68,12988.6
1537.33,733.5,1512.0,1864,100,67,13010.3
1537.448,863.0,1512.0,1864,32,66,13029.1
1537.566,439.5,1512.0,1864,47,70,13029.4
1537.684,439.5,1512.0,1864,100,72,13029.4
1537.802,439.5,1512.0,1864,100,69,13030.2
1537.92,730.0,1512.0,1864,73,68,13048.9
1538.038,435.9,1512.0,1864,25,69,13062.1
1538.163,435.9,1512.0,1864,25,71,13062.1
1538.281,435.9,1512.0,1864,100,72,13062.1
1538.399,596.9,1512.0,1864,96,68,13065.5
1538.518,464.6,1512.0,1864,37,68,13070.6
1538.636,432.4,1512.0,1864,37,71,13070.6
1538.754,432.4,1512.0,1864,100,72,13070.6
1538.872,593.4,1512.0,1864,87,69,13072.9
1538.99,852.4,1512.0,1864,87,67,13077.7
1539.109,428.8,1512.0,1864,41,71,13078.0
1539.227,428.8,1512.0,1864,100,73,13078.0
1539.345,428.8,1512.0,1864,100,70,13079.1
1539.464,719.3,1512.0,1864,84,68,13087.6
1539.583,848.8,1512.0,1864,17,67,13096.2
1539.701,425.3,1512.0,1864,69,71,13096.6
1539.818,425.3,1512.0,1864,69,72,13096.6
1539.936,425.3,1512.0,1864,100,70,13097.9
1540.053,586.3,1512.0,1864,46,68,13109.5
1540.172,715.8,1512.0,1864,46,67,13119.9
1540.29,845.3,1512.0,1864,15,67,13130.4
1540.408,421.7,1512.0,1864,45,71,13130.7
1540.526,421.7,1512.0,1864,100,72,13130.7
1540.643,421.7,1512.0,1864,100,69,13132.2
1540.762,582.7,1512.0,1864,64,67,13141.8
1540.88,712.2,1512.0,1864,13,67,13151.1
1540.997,841.7,1512.0,1864,13,67,13162.7
1541.115,418.1,1512.0,1864,32,70,13162.8
1541.233,418.1,1512.0,1864,100,72,13162.8
1541.351,418.1,1512.0,1864,100,69,13165.5
1541.469,579.2,1512.0,1864,78,67,13178.6
1541.587,838.2,1512.0,1864,15,67,13188.5
1541.705,414.6,1512.0,1864,29,68,13196.4
1541.823,414.6,1512.0,1864,29,71,13145.7
1541.942,414.6,1512.0,1864,100,73,13017.8
1542.065,446.1,1512.0,1864,77,68,13026.5
1542.184,575.6,1512.0,1864,77,67,13043.4
1542.302,705.1,1512.0,1864,14,67,13058.2
1542.42,411.0,1512.0,1864,14,68,13066.6
1542.537,411.0,1512.0,1864,94,71,13066.6
1542.655,411.0,1512.0,1864,94,69,13066.6
1542.773,411.0,1512.0,1864,100,67,13071.9
1542.892,572.0,1512.0,1864,34,66,13090.2
1543.009,701.5,1512.0,1864,34,66,13110.0
1543.127,831.0,1512.0,1864,14,66,13128.0
1543.246,407.5,1512.0,1864,50,68,13128.9
1543.364,407.5,1512.0,1864,50,71,13128.9
1543.482,407.5,1512.0,1864,100,69,13133.2
1543.601,568.5,1512.0,1864,61,67,13176.0
1543.721,698.0,1512.0,1864,10,67,13159.9
1543.84,827.5,1512.0,1864,10,67,13060.2
1543.959,403.9,1512.0,1864,12,69,13048.7
1544.076,403.9,1512.0,1864,92,69,13048.7
1544.194,403.9,1512.0,1864,92,71,13048.7
1544.311,564.9,1512.0,1864,100,68,13058.5
1544.429,694.4,1512.0,1864,29,67,13081.5
1544.548,823.9,1512.0,1864,13,67,13101.2
1544.666,400.4,1512.0,1864,13,70,13110.5
1544.783,400.4,1512.0,1864,81,72,13110.5
1544.901,400.4,1512.0,1864,100,69,13110.5
1545.019,561.4,1512.0,1864,100,67,13134.7
1545.136,820.4,1512.0,1864,26,67,13152.7
1545.254,396.8,1512.0,1864,44,70,13157.1
1545.373,396.8,1512.0,1864,44,72,13157.1
1545.49,396.8,1512.0,1864,100,70,13157.1
1545.608,687.3,1512.0,1864,73,68,13170.2
1545.727,393.3,1512.0,1864,44,68,13178.7
1545.844,393.3,1512.0,1864,44,71,13178.7
1545.962,393.3,1512.0,1864,100,72,13178.7
1546.08,554.3,1512.0,1864,73,68,13202.2
1546.198,683.8,1512.0,1864,73,67,12902.2
1546.318,813.3,1512.0,1864,12,67,12948.0
1546.436,365.2,1512.0,1864,9,67,12988.9
1546.554,389.7,1512.0,1864,9,70,12988.9
1546.677,389.7,1512.0,1864,85,72,12988.9
1546.794,393.2,1512.0,1864,100,68,13004.2
1546.913,550.7,1512.0,1864,17,67,13041.8
1547.033,680.2,1512.0,1864,17,67,13072.9
1547.151,809.7,1512.0,1864,13,67,13116.7
1547.269,386.2,1512.0,1864,36,69,13124.9
1547.388,386.2,1512.0,1864,36,72,13124.9
1547.505,386.2,1512.0,1864,100,70,13124.9
1547.624,547.2,1512.0,1864,68,67,13168.5
1547.743,676.7,1512.0,1864,11,67,13193.8
1547.863,806.2,1512.0,1864,11,67,13137.1
1547.981,382.6,1512.0,1864,10,69,13130.6
1548.121,382.6,1512.0,1864,88,72,12891.4
1548.256,382.6,1512.0,1864,100,69,12851.5
1548.376,543.6,1512.0,1864,100,67,12790.5
1548.495,673.1,1512.0,1864,15,67,12871.7
1548.618,802.6,1512.0,1864,12,66,12942.2
1548.736,379.0,1512.0,1864,30,68,12984.9
1548.854,379.0,1512.0,1864,30,71,12984.9
1548.972,379.0,1512.0,1864,100,71,12984.9
1549.093,410.6,1512.0,1864,72,68,13027.1
1549.212,540.1,1512.0,1864,72,67,13093.0
1549.33,669.6,1512.0,1864,7,67,13129.2
1549.456,799.1,1512.0,1864,7,66,13046.8
1549.576,799.1,1512.0,1864,9,66,12868.0
1549.708,375.5,1512.0,1864,9,69,12888.2
1549.827,375.5,1512.0,1864,65,71,12887.0
1549.945,375.5,1512.0,1864,100,70,12887.0
1550.063,407.0,1512.0,1864,100,67,12935.2
1550.184,536.5,1512.0,1864,35,67,12982.0
1550.306,536.5,1512.0,1864,5,67,13031.5
1550.426,666.0,1512.0,1864,5,66,13072.1
1550.547,666.0,1512.0,1864,5,66,13104.2
1550.667,795.5,1512.0,1864,7,66,13062.0
1550.793,795.5,1512.0,1864,6,67,13090.2
1550.928,371.9,1512.0,1864,80,70,13090.2
1551.046,371.9,1512.0,1864,80,72,13090.2
1551.165,371.9,1512.0,1864,100,68,13105.1
1551.284,403.4,1512.0,1864,23,67,13084.9
1551.403,532.9,1512.0,1864,23,67,13120.4
1551.523,532.9,1512.0,1864,4,66,13131.4
1551.641,532.9,1512.0,1864,5,66,13130.7
1551.76,662.4,1512.0,1864,3,66,13122.0
1551.881,662.4,1512.0,1864,3,66,13122.9
1552.002,662.4,1512.0,1864,3,66,13114.4
1552.122,662.4,1512.0,1864,4,66,13104.2
1552.242,662.4,1512.0,1864,4,66,13093.4
1552.361,662.4,1512.0,1864,1,66,13084.8
1552.481,662.4,1512.0,1864,1,66,13073.9
1552.601,662.4,1512.0,1864,4,66,13066.0
1552.721,791.9,1512.0,1864,4,66,13057.4
1552.84,791.9,1512.0,1864,1,66,13046.5
1552.96,791.9,1512.0,1864,1,66,13035.0
1553.079,791.9,1512.0,1864,1,66,13025.7
1553.199,791.9,1512.0,1864,4,66,13016.6
1553.318,791.9,1512.0,1864,1,66,13007.2
1553.438,791.9,1512.0,1864,1,66,12993.0
1553.556,791.9,1512.0,1864,1,66,12979.8
1553.676,791.9,1512.0,1864,3,66,12966.7
1553.796,791.9,1512.0,1864,1,66,12945.6
1553.918,791.9,1512.0,1864,1,66,12928.1
1554.038,791.9,1512.0,1864,0,66,12914.5
1554.156,791.9,1512.0,1864,3,66,12899.9
1554.275,791.9,1512.0,1864,1,66,12889.6
1554.394,791.9,1512.0,1864,1,66,12879.3
1554.513,791.9,1512.0,1864,1,66,12869.0
1554.632,854.1,1512.0,1864,4,67,12859.5
1554.752,368.4,1512.0,1864,4,70,12849.5
1554.871,368.4,1512.0,1864,86,72,12848.1
1554.988,368.4,1512.0,1864,100,68,12845.2
1555.108,368.4,1512.0,1864,10,67,12836.2
1555.226,368.4,1512.0,1864,10,67,12826.3
1555.345,399.9,1512.0,1864,1,66,12786.8
1555.468,399.9,1512.0,1864,1,66,12772.2
1555.587,399.9,1512.0,1864,1,66,12760.8
1555.706,399.9,1512.0,1864,4,66,12750.6
1555.825,529.4,1512.0,1864,1,66,12740.5
1555.945,529.4,1512.0,1864,1,66,12730.1
1556.064,529.4,1512.0,1864,1,66,12720.4
1556.183,529.4,1512.0,1864,4,66,12709.6
1556.303,529.4,1512.0,1864,1,66,12695.5
1556.423,529.4,1512.0,1864,1,66,12680.9
1556.542,529.4,1512.0,1864,0,66,12661.8
1556.661,529.4,1512.0,1864,4,66,12649.7
1556.781,529.4,1512.0,1864,1,66,12639.8
1556.9,529.4,1512.0,1864,1,66,12629.9
1557.019,529.4,1512.0,1864,1,66,12620.0
1557.138,529.4,1512.0,1864,4,66,12609.8
1557.257,529.4,1512.0,1864,4,66,12599.4
1557.376,529.4,1512.0,1864,1,66,12587.9
1557.495,529.4,1512.0,1864,1,66,12579.1
1557.615,529.4,1512.0,1864,4,66,12568.5
1557.734,658.9,1512.0,1864,4,66,12558.2
1557.853,658.9,1512.0,1864,1,66,12548.1
1557.972,658.9,1512.0,1864,1,66,12537.7
1558.091,658.9,1512.0,1864,1,66,12527.1
1558.211,658.9,1512.0,1864,4,66,12517.5
1558.33,658.9,1512.0,1864,1,66,12507.2
1558.45,658.9,1512.0,1864,1,66,12496.9
1558.569,658.9,1512.0,1864,1,66,12486.7
1558.689,658.9,1512.0,1864,4,66,12476.0
1558.808,658.9,1512.0,1864,1,66,12466.7
1558.927,658.9,1512.0,1864,1,66,12455.7
1559.046,658.9,1512.0,1864,1,66,12449.6
1559.166,658.9,1512.0,1864,4,66,12434.8
1559.286,658.9,1512.0,1864,1,66,12431.2
1559.405,658.9,1512.0,1864,1,66,12422.8
1559.526,788.4,1512.0,1864,1,66,12469.1
1559.649,788.4,1512.0,1864,7,66,12512.2
1559.772,364.8,1512.0,1864,7,69,12527.2
1559.891,364.8,1512.0,1864,46,71,12521.4
1560.008,364.8,1512.0,1864,100,70,12521.4
1560.125,396.3,1512.0,1864,54,68,12553.6
1560.246,525.8,1512.0,1864,54,67,12600.4
1560.367,525.8,1512.0,1864,4,67,12645.1
1560.488,655.3,1512.0,1864,4,66,12675.2
1560.607,655.3,1512.0,1864,4,66,12524.5
1560.727,784.8,1512.0,1864,9,66,12404.1
1560.845,784.8,1512.0,1864,6,66,12389.9
1560.964,338.5,1512.0,1864,48,69,12387.3
1561.083,338.5,1512.0,1864,48,72,12387.3
1561.201,338.5,1512.0,1864,100,69,12387.3
1561.337,324.3,1512.0,1864,56,67,12274.0
1561.454,564.2,1512.0,1864,39,67,12200.4
1561.573,278.2,1512.0,1864,39,70,12200.9
1561.691,698.2,1512.0,1864,100,69,12222.5
1561.809,282.9,1512.0,1864,98,71,12222.5
1561.927,702.9,1512.0,1864,98,68,12262.2
1562.046,287.6,1512.0,1864,87,71,12262.2
1562.164,319.1,1512.0,1864,83,69,12290.9
1562.283,448.6,1512.0,1864,83,67,12352.4
1562.401,707.6,1512.0,1864,7,67,12392.9
1562.519,292.3,1512.0,1864,52,71,12392.9
1562.636,453.3,1512.0,1864,71,68,12404.4
1562.754,582.8,1512.0,1864,71,67,12452.9
1562.872,712.3,1512.0,1864,13,67,12500.3
1562.99,712.3,1512.0,1864,7,66,12542.9
1563.109,297.0,1512.0,1864,7,69,12553.0
1563.233,297.0,1512.0,1864,66,68,12557.6
1563.351,587.5,1512.0,1864,54,67,12582.0
1563.47,301.7,1512.0,1864,30,68,12593.8
1563.588,301.7,1512.0,1864,30,71,12593.8
1563.705,462.7,1512.0,1864,91,67,12608.2
1563.825,721.7,1512.0,1864,18,67,12616.8
1563.943,306.4,1512.0,1864,18,70,12611.0
1564.062,337.9,1512.0,1864,77,69,12610.2
1564.18,596.9,1512.0,1864,40,67,12619.5
1564.299,311.0,1512.0,1864,41,68,12618.5
1564.437,311.0,1512.0,1864,41,71,12608.2
1564.555,601.6,1512.0,1864,83,67,12610.6
1564.674,315.7,1512.0,1864,32,69,12608.1
1564.792,315.7,1512.0,1864,32,72,12597.5
1564.911,606.3,1512.0,1864,94,67,12599.6
1565.03,320.4,1512.0,1864,24,69,12596.1
1565.149,320.4,1512.0,1864,95,72,12585.7
1565.267,481.4,1512.0,1864,95,67,12603.1
1565.385,740.4,1512.0,1864,21,67,12611.5
1565.504,325.1,1512.0,1864,52,70,12603.3
1565.623,356.6,1512.0,1864,52,68,12602.3
1565.742,615.6,1512.0,1864,69,67,12618.6
1565.862,329.8,1512.0,1864,15,69,12620.9
1565.981,329.8,1512.0,1864,89,71,12610.9
1566.1,490.8,1512.0,1864,89,68,12632.6
1566.219,620.3,1512.0,1864,24,67,12663.4
1566.34,749.8,1512.0,1864,11,67,12681.5
1566.46,334.5,1512.0,1864,11,70,12681.6
1566.581,334.5,1512.0,1864,56,69,12677.5
1566.701,495.5,1512.0,1864,55,67,12693.1
1566.821,754.5,1512.0,1864,13,67,12707.3
1566.941,339.2,1512.0,1864,13,69,12709.7
1567.061,339.2,1512.0,1864,55,71,12699.7
1567.181,500.2,1512.0,1864,60,67,12705.0
1567.301,629.7,1512.0,1864,60,67,12709.5
1567.421,343.9,1512.0,1864,13,69,12706.2
1567.54,343.9,1512.0,1864,66,71,12696.1
1567.661,504.9,1512.0,1864,52,67,12698.1
1567.781,763.9,1512.0,1864,52,67,12701.0
1567.901,348.6,1512.0,1864,14,69,12698.9
1568.021,348.6,1512.0,1864,78,71,12689.8
1568.141,509.6,1512.0,1864,37,67,12692.3
1568.261,639.1,1512.0,1864,37,67,12694.5
1568.381,353.3,1512.0,1864,13,68,12693.1
1568.501,353.3,1512.0,1864,79,71,12682.8
1568.62,514.3,1512.0,1864,79,68,12685.8
1568.74,643.8,1512.0,1864,36,67,12689.0
1568.861,358.0,1512.0,1864,12,68,12690.4
1568.981,358.0,1512.0,1864,84,70,12680.1
1569.101,519.0,1512.0,1864,84,68,12678.1
1569.221,648.5,1512.0,1864,32,67,12680.0
1569.341,362.7,1512.0,1864,34,70,12674.5
1569.46,362.7,1512.0,1864,34,70,12666.0
1569.58,653.2,1512.0,1864,82,67,12663.2
1569.7,367.4,1512.0,1864,20,68,12657.6
1569.82,367.4,1512.0,1864,92,71,12647.4
1569.94,657.9,1512.0,1864,92,67,12645.5
1570.06,372.1,1512.0,1864,28,68,12641.0
1570.181,372.1,1512.0,1864,73,71,12631.0
1570.301,662.6,1512.0,1864,73,68,12627.9
1570.421,376.8,1512.0,1864,51,68,12631.2
1570.541,376.8,1512.0,1864,62,71,12621.1
1570.66,537.8,1512.0,1864,60,68,12624.0
1570.782,828.9,1512.0,1864,60,68,12629.2
1570.902,381.5,1512.0,1864,44,71,12619.1
1571.021,542.5,1512.0,1864,76,68,12617.1
1571.141,801.5,1512.0,1864,76,67,12621.4
1571.261,386.2,1512.0,1864,28,71,12615.7
1571.381,547.2,1512.0,1864,95,68,12614.1
1571.503,806.2,1512.0,1864,23,67,12620.6
1571.623,390.9,1512.0,1864,23,71,12611.2
1571.743,551.9,1512.0,1864,89,69,12608.6
1571.864,395.6,1512.0,1864,36,68,12608.6
1571.984,395.6,1512.0,1864,36,71,12598.6
1572.104,556.6,1512.0,1864,91,68,12605.0
1572.224,686.1,1512.0,1864,27,67,12647.7
1572.344,815.6,1512.0,1864,11,70,12650.6
1572.578,431.8,1512.0,1864,76,68,12641.5
1572.773,561.3,1512.0,1864,3,67,12637.5
1573.038,690.8,1512.0,1864,4,67,12611.7
1573.316,820.3,1512.0,1864,9,67,12596.7
1573.598,354.9,1512.0,1864,3,71,12578.3
1573.775,358.7,1512.0,1864,84,68,12483.1
1573.903,358.7,1512.0,1864,18,67,12436.3
1574.03,358.7,1512.0,1864,2,67,12461.9
1574.159,358.7,1512.0,1864,2,67,12532.5
1574.287,358.7,1512.0,1864,2,67,12584.7
1574.415,358.7,1512.0,1864,0,67,12643.7
1574.543,358.7,1512.0,1864,2,67,12695.0
1574.671,358.7,1512.0,1864,2,67,12741.4
1574.801,358.7,1512.0,1864,2,67,12819.5
1574.929,358.7,1512.0,1864,0,67,12870.9
1575.057,358.7,1512.0,1864,2,67,12920.2
1575.236,358.7,1512.0,1864,2,67,12936.0
1575.44,358.7,1512.0,1864,2,67,12914.4
1575.752,358.7,1512.0,1864,2,67,12607.8
1575.878,358.7,1512.0,1864,0,67,12652.0
1576.024,358.7,1512.0,1864,2,67,12653.4
1576.151,358.7,1512.0,1864,2,67,12678.7
1576.281,358.7,1512.0,1864,2,67,12697.7
1576.408,358.7,1512.0,1864,0,66,12761.7
1576.538,358.7,1512.0,1864,2,66,12836.8
1576.664,358.7,1512.0,1864,2,66,12919.5
1576.789,358.7,1512.0,1864,2,66,12976.0
1576.917,358.7,1512.0,1864,0,66,12974.3
1577.044,358.7,1512.0,1864,3,66,13045.1
1577.171,358.7,1512.0,1864,3,66,13112.1
1577.299,358.7,1512.0,1864,2,66,13175.3
1577.426,358.7,1512.0,1864,0,66,13234.9
1577.553,358.7,1512.0,1864,2,66,13255.9
1577.675,358.7,1512.0,1864,2,66,13297.3
1577.806,358.7,1512.0,1864,2,66,13339.3
1577.926,358.7,1512.0,1864,0,66,13375.3
1578.048,358.7,1512.0,1864,2,66,13404.6
1578.169,358.7,1512.0,1864,2,66,13429.5
1578.291,358.7,1512.0,1864,2,66,13464.9
1578.413,358.7,1512.0,1864,0,66,13565.9
1579.124,358.7,1512.0,1864,2,66,13455.9
1579.815,358.7,1512.0,1864,2,66,13377.9
1580.346,358.7,1512.0,1864,2,66,13103.1
1580.471,358.7,1512.0,1864,0,66,13152.0
1580.596,358.7,1512.0,1864,2,66,13200.0
1580.724,358.7,1512.0,1864,2,66,13246.7
1580.85,358.7,1512.0,1864,2,66,13294.5
1580.976,358.7,1512.0,1864,0,66,13342.2
1581.103,358.7,1512.0,1864,2,66,13388.6
1581.228,358.7,1512.0,1864,2,66,13431.1
1581.367,358.7,1512.0,1864,0,66,13457.3
1581.558,358.7,1512.0,1864,2,66,13473.3
1581.775,358.7,1512.0,1864,2,66,13481.0
1581.989,358.7,1512.0,1864,0,66,13183.3
1582.115,358.7,1512.0,1864,2,66,12655.8
1582.241,358.7,1512.0,1864,1,66,12702.2
1582.366,358.7,1512.0,1864,1,66,12739.4
1582.49,358.7,1512.0,1864,0,66,12765.7
1582.614,358.7,1512.0,1864,3,66,12782.6
1582.738,358.7,1512.0,1864,1,66,12802.3
1582.869,358.7,1512.0,1864,1,66,12822.1
1582.998,358.7,1512.0,1864,0,66,12839.3
1583.128,358.7,1512.0,1864,3,66,12839.8
1583.254,358.7,1512.0,1864,1,66,12680.1
1583.374,547.9,1512.0,1864,1,66,12705.6
1583.492,806.9,1512.0,1864,11,66,12720.6
1583.61,806.9,1512.0,1864,15,66,12743.1
1583.729,389.7,1512.0,1864,65,68,12746.5
1583.847,389.7,1512.0,1864,65,69,12746.5
1583.964,389.7,1512.0,1864,100,69,12746.5
1584.081,550.7,1512.0,1864,57,67,12762.9
1584.2,680.2,1512.0,1864,57,67,12801.6
1584.318,809.7,1512.0,1864,10,67,12821.6
1584.436,388.6,1512.0,1864,49,71,12822.0
1584.554,388.6,1512.0,1864,100,72,12822.0
1584.672,388.6,1512.0,1864,100,70,12823.7
1584.789,679.2,1512.0,1864,63,68,12832.2
1584.908,387.6,1512.0,1864,40,69,12836.2
1585.026,387.6,1512.0,1864,40,72,12836.2
1585.143,387.6,1512.0,1864,100,72,12836.2
1585.261,548.6,1512.0,1864,72,68,12843.6
1585.379,678.1,1512.0,1864,72,67,12852.5
1585.497,386.6,1512.0,1864,16,69,12857.8
1585.614,386.6,1512.0,1864,74,71,12857.8
1585.732,386.6,1512.0,1864,100,72,12857.8
1585.85,547.6,1512.0,1864,100,68,12863.8
1585.969,806.6,1512.0,1864,42,67,12871.2
1586.087,385.6,1512.0,1864,68,71,12871.2
1586.205,385.6,1512.0,1864,68,72,12871.2
1586.323,385.6,1512.0,1864,100,69,12872.4
1586.441,676.1,1512.0,1864,52,67,12883.1
1586.558,384.6,1512.0,1864,52,69,12886.5
1586.676,384.6,1512.0,1864,55,71,12886.5
1586.793,384.6,1512.0,1864,100,72,12886.5
1586.911,675.1,1512.0,1864,66,68,12891.8
1587.029,400.5,1512.0,1864,66,67,12902.4
1587.147,383.5,1512.0,1864,47,71,12902.4
1587.265,383.5,1512.0,1864,100,70,12902.4
1587.383,383.5,1512.0,1864,100,68,12902.4
1587.501,674.0,1512.0,1864,91,67,12909.8
1587.619,382.5,1512.0,1864,25,67,12914.4
1587.737,382.5,1512.0,1864,90,69,12914.4
1587.857,382.5,1512.0,1864,90,71,12914.4
1587.974,543.5,1512.0,1864,100,68,12917.2
1588.093,802.5,1512.0,1864,33,67,12923.1
1588.212,381.5,1512.0,1864,33,70,12924.2
1588.33,381.5,1512.0,1864,81,72,12924.2
1588.447,381.5,1512.0,1864,100,70,12924.2
1588.565,542.5,1512.0,1864,100,68,12932.9
1588.684,672.0,1512.0,1864,36,67,12941.5
1588.802,380.5,1512.0,1864,15,68,12945.3
1588.92,380.5,1512.0,1864,96,71,12945.3
1589.037,380.5,1512.0,1864,96,72,12945.3
1589.156,541.5,1512.0,1864,100,68,12952.5
1589.274,671.0,1512.0,1864,10,67,12963.6
1589.392,800.5,1512.0,1864,10,67,12973.7
1589.51,379.4,1512.0,1864,10,67,12980.9
1589.628,379.4,1512.0,1864,57,70,12980.9
1589.745,379.4,1512.0,1864,100,72,12980.9
1589.863,410.9,1512.0,1864,100,68,12984.5
1589.981,540.4,1512.0,1864,51,67,12994.6
1590.099,799.4,1512.0,1864,14,67,13004.5
1590.217,378.4,1512.0,1864,14,68,13011.9
1590.335,378.4,1512.0,1864,35,70,13011.9
1590.452,378.4,1512.0,1864,100,72,13011.9
1590.57,409.9,1512.0,1864,100,69,13015.4
1590.688,539.4,1512.0,1864,73,67,13025.4
1590.806,798.4,1512.0,1864,13,67,13035.1
1590.924,377.4,1512.0,1864,36,68,13039.9
1591.042,377.4,1512.0,1864,36,71,13039.9
1591.16,377.4,1512.0,1864,100,71,13039.9
1591.278,538.4,1512.0,1864,71,68,13047.9
1591.396,538.4,1512.0,1864,71,67,13060.7
1591.514,797.4,1512.0,1864,11,67,13070.9
1591.633,376.4,1512.0,1864,26,69,13074.4
1591.75,376.4,1512.0,1864,100,72,13074.4
1591.868,376.4,1512.0,1864,100,70,13074.4
1591.986,537.4,1512.0,1864,84,68,13089.3
1592.104,666.9,1512.0,1864,13,67,13108.6
1592.222,796.4,1512.0,1864,13,67,13124.0
1592.341,375.3,1512.0,1864,12,69,13132.1
1592.46,375.3,1512.0,1864,83,72,13132.1
1592.582,375.3,1512.0,1864,83,69,13132.1
1592.7,406.9,1512.0,1864,100,67,13143.1
1592.817,536.4,1512.0,1864,45,67,13169.1
1592.935,665.9,1512.0,1864,6,66,13193.9
1593.053,795.4,1512.0,1864,6,66,13213.5
1593.171,374.3,1512.0,1864,16,68,13223.9
1593.288,374.3,1512.0,1864,86,71,13223.9
1593.405,374.3,1512.0,1864,86,71,13223.9
1593.523,535.3,1512.0,1864,100,68,13234.7
1593.642,664.8,1512.0,1864,21,67,13255.1
1593.76,373.3,1512.0,1864,33,68,13263.5
1593.877,373.3,1512.0,1864,33,71,13263.5
1593.995,373.3,1512.0,1864,100,72,13263.5
1594.112,404.8,1512.0,1864,77,68,13275.0
1594.231,663.8,1512.0,1864,77,67,13290.8
1594.35,372.3,1512.0,1864,17,69,13298.8
1594.467,372.3,1512.0,1864,79,71,13298.8
1594.585,372.3,1512.0,1864,79,72,13298.8
1594.703,533.3,1512.0,1864,100,68,13304.8
1594.821,792.3,1512.0,1864,40,67,13316.2
1594.941,371.3,1512.0,1864,76,70,13316.2
1595.058,371.3,1512.0,1864,76,72,13316.2
1595.181,402.8,1512.0,1864,100,69,13319.8
1595.298,791.3,1512.0,1864,43,67,13330.3
1595.416,370.2,1512.0,1864,43,70,13332.5
1595.533,370.2,1512.0,1864,75,72,13332.5
1595.651,370.2,1512.0,1864,100,69,13332.5
1595.768,531.2,1512.0,1864,40,67,13348.7
1595.888,790.2,1512.0,1864,40,67,13357.4
1596.007,369.2,1512.0,1864,43,70,13348.2
1596.126,369.2,1512.0,1864,100,72,13338.6
1596.246,400.7,1512.0,1864,100,69,13332.9
1596.367,659.7,1512.0,1864,74,67,13342.1
1596.486,368.2,1512.0,1864,29,69,13338.5
1596.606,368.2,1512.0,1864,100,71,13328.7
1596.725,368.2,1512.0,1864,100,70,13318.7
1596.844,529.2,1512.0,1864,86,68,13339.9
1596.963,658.7,1512.0,1864,10,67,13221.4
1597.082,788.2,1512.0,1864,10,67,13057.7
1597.2,367.2,1512.0,1864,14,69,13079.4
1597.318,367.2,1512.0,1864,71,71,13079.4
1597.436,367.2,1512.0,1864,100,71,13079.4
1597.553,398.7,1512.0,1864,100,68,13099.5
1597.672,528.2,1512.0,1864,32,67,13136.0
1597.79,657.7,1512.0,1864,6,67,13168.6
1597.907,787.2,1512.0,1864,6,66,13259.6
1598.025,787.2,1512.0,1864,8,66,13350.1
1598.145,366.1,1512.0,1864,50,69,13341.9
1598.264,366.1,1512.0,1864,50,72,13331.4
1598.388,366.1,1512.0,1864,100,70,13343.9
1598.508,527.1,1512.0,1864,56,67,13464.1
1598.627,656.6,1512.0,1864,14,67,13567.1
1598.747,786.1,1512.0,1864,6,66,13633.1
1599.012,786.1,1512.0,1864,2,66,13588.8
1599.409,365.1,1512.0,1864,88,70,13564.9
1599.629,365.1,1512.0,1864,100,68,13554.7
1599.751,368.6,1512.0,1864,0,66,13504.4
1600.18,526.1,1512.0,1864,1,66,13448.5
1600.595,526.1,1512.0,1864,0,66,13403.0
1600.959,526.1,1512.0,1864,4,66,13358.8
1601.336,655.6,1512.0,1864,4,66,13309.9
1601.744,655.6,1512.0,1864,1,66,13266.8
1602.125,655.6,1512.0,1864,1,66,13225.5
1602.489,785.1,1512.0,1864,4,66,13181.4
1602.824,785.1,1512.0,1864,1,66,13158.1
1603.022,785.1,1512.0,1864,1,66,13110.1
1603.441,364.1,1512.0,1864,1,68,13099.1
1603.567,364.1,1512.0,1864,90,71,13089.1
1603.691,364.1,1512.0,1864,0,67,13040.8
1604.09,525.1,1512.0,1864,1,67,12987.6
1604.427,525.1,1512.0,1864,2,66,12960.1
1604.737,525.1,1512.0,1864,2,66,12942.7
1605.004,654.6,1512.0,1864,3,66,12905.5
1605.249,654.6,1512.0,1864,4,66,12853.0
1605.439,784.1,1512.0,1864,9,68,12896.6
1605.652,363.1,1512.0,1864,74,72,12835.9
1605.915,363.1,1512.0,1864,3,67,12761.2
1606.28,394.6,1512.0,1864,1,67,12675.2
1606.693,524.1,1512.0,1864,1,67,12597.6
1607.097,524.1,1512.0,1864,3,67,12549.5
1607.37,524.1,1512.0,1864,3,67,12455.8
1607.841,653.6,1512.0,1864,1,67,12405.8
1608.172,653.6,1512.0,1864,1,67,12352.9
1608.459,783.1,1512.0,1864,1,67,11935.4
1608.599,783.1,1512.0,1864,7,67,11735.3
1608.723,339.4,1512.0,1864,8,70,11742.6
1608.843,339.4,1512.0,1864,90,72,11734.7
1608.962,339.4,1512.0,1864,90,72,11734.7
1609.08,324.3,1512.0,1864,100,68,11745.2
1609.198,355.3,1512.0,1864,38,69,11746.5
1609.316,355.3,1512.0,1864,100,72,11746.6
1609.435,360.2,1512.0,1864,100,70,11702.1
1609.552,360.2,1512.0,1864,90,72,11702.1
1609.672,365.0,1512.0,1864,83,70,11703.2
1609.79,365.0,1512.0,1864,83,72,11703.2
1609.908,369.8,1512.0,1864,92,70,11714.6
1610.026,369.8,1512.0,1864,95,72,11714.6
1610.144,374.6,1512.0,1864,95,70,11738.0
1610.262,374.6,1512.0,1864,82,72,11738.0
1610.38,535.6,1512.0,1864,73,68,11757.4
1610.499,665.1,1512.0,1864,12,68,11781.1
1610.617,379.4,1512.0,1864,12,68,11795.9
1610.735,379.4,1512.0,1864,53,72,11795.9
1610.853,540.4,1512.0,1864,65,68,11809.2
1610.972,799.4,1512.0,1864,65,67,11824.2
1611.091,384.2,1512.0,1864,17,70,11830.8
1611.208,384.2,1512.0,1864,79,72,11832.4
1611.326,545.2,1512.0,1864,35,68,11848.5
1611.444,804.2,1512.0,1864,35,67,11862.7
1611.562,389.0,1512.0,1864,16,69,11868.0
1611.68,389.0,1512.0,1864,97,71,11869.1
1611.798,679.5,1512.0,1864,97,68,11881.0
1611.915,809.0,1512.0,1864,20,67,11891.8
1612.033,393.8,1512.0,1864,57,71,11891.8
1612.151,554.8,1512.0,1864,57,69,11898.7
1612.27,813.8,1512.0,1864,64,67,11910.4
1612.388,398.6,1512.0,1864,21,70,11915.4
1612.506,398.6,1512.0,1864,94,70,11919.3
1612.625,559.6,1512.0,1864,94,68,11937.5
1612.743,818.6,1512.0,1864,13,67,11951.9
1612.861,403.4,1512.0,1864,40,70,11955.6
1612.979,403.4,1512.0,1864,40,69,11960.6
1613.097,693.9,1512.0,1864,76,67,11975.0
1613.215,823.4,1512.0,1864,14,67,11993.7
1613.334,408.2,1512.0,1864,43,69,11999.8
1613.451,408.2,1512.0,1864,43,72,12002.6
1613.569,569.2,1512.0,1864,68,68,12030.1
1613.687,698.7,1512.0,1864,12,67,12057.4
1613.805,828.2,1512.0,1864,12,67,12071.1
1613.924,413.0,1512.0,1864,12,68,11990.3
1614.043,413.0,1512.0,1864,78,71,11963.0
1614.161,574.0,1512.0,1864,37,68,11981.8
1614.28,703.5,1512.0,1864,37,67,11999.9
1614.398,833.0,1512.0,1864,10,67,12019.8
1614.516,417.8,1512.0,1864,48,70,12024.7
1614.633,417.8,1512.0,1864,48,69,12028.8
1614.752,578.8,1512.0,1864,67,67,12046.7
1614.87,837.8,1512.0,1864,12,67,12059.9
1614.989,422.6,1512.0,1864,12,70,12063.9
1615.107,422.6,1512.0,1864,58,70,12065.7
1615.226,713.1,1512.0,1864,60,67,11940.5
1615.345,842.6,1512.0,1864,15,67,11838.5
1615.463,427.4,1512.0,1864,15,69,11842.2
1615.581,427.4,1512.0,1864,69,71,11843.7
1615.698,588.4,1512.0,1864,44,68,11857.6
1615.816,717.9,1512.0,1864,44,67,11872.0
1615.935,847.4,1512.0,1864,10,67,11883.1
1616.054,432.2,1512.0,1864,29,70,11885.7
1616.172,432.2,1512.0,1864,82,70,11888.6
1616.29,593.2,1512.0,1864,82,67,11901.7
1616.408,722.7,1512.0,1864,10,67,11915.6
1616.526,852.2,1512.0,1864,11,67,11926.9
1616.644,437.0,1512.0,1864,11,69,11936.3
1616.761,437.0,1512.0,1864,61,70,11937.2
1616.879,598.0,1512.0,1864,50,67,11946.3
1616.998,727.5,1512.0,1864,50,67,11957.4
1617.115,441.8,1512.0,1864,14,68,11965.4
1617.233,441.8,1512.0,1864,62,71,11965.4
1617.352,602.8,1512.0,1864,55,67,11973.7
1617.47,861.8,1512.0,1864,55,67,11981.3
1617.588,446.6,1512.0,1864,20,69,11984.4
1617.706,446.6,1512.0,1864,98,71,11986.9
1617.824,737.1,1512.0,1864,98,67,11995.5
1617.942,866.6,1512.0,1864,16,67,12002.4
1618.06,451.4,1512.0,1864,52,70,12002.4
1618.178,612.5,1512.0,1864,67,68,12007.3
1618.296,871.5,1512.0,1864,67,67,12020.2
1618.414,456.2,1512.0,1864,19,70,12024.0
1618.532,456.2,1512.0,1864,99,70,12027.0
1618.65,746.8,1512.0,1864,99,67,12039.7
1618.768,876.3,1512.0,1864,18,67,12048.8
1618.886,461.1,1512.0,1864,60,70,12048.8
1619.004,622.1,1512.0,1864,60,68,12056.6
1619.122,881.1,1512.0,1864,61,67,12066.5
1619.241,465.9,1512.0,1864,21,70,12049.5
1619.361,465.9,1512.0,1864,97,70,12045.7
1619.48,756.4,1512.0,1864,97,67,12021.9
1619.599,470.7,1512.0,1864,19,68,11983.8
1619.717,470.7,1512.0,1864,76,71,11983.9
1619.835,761.2,1512.0,1864,76,68,11994.2
1619.953,890.7,1512.0,1864,45,67,12002.1
1620.071,475.5,1512.0,1864,52,70,12002.1
1620.189,636.5,1512.0,1864,66,68,12010.4
1620.307,766.0,1512.0,1864,66,67,12062.7
1620.424,895.5,1512.0,1864,9,66,12118.9
1620.542,895.5,1512.0,1864,11,67,12176.7
1620.678,480.3,1512.0,1864,11,70,12160.8
1620.796,511.8,1512.0,1864,91,67,12153.9
1620.916,641.3,1512.0,1864,22,67,12049.1
1621.043,641.3,1512.0,1864,3,66,12047.4
1621.163,641.3,1512.0,1864,3,66,12046.2
1621.281,770.8,1512.0,1864,6,66,12066.2
1621.401,770.8,1512.0,1864,6,66,12102.2
1621.52,900.3,1512.0,1864,9,66,12122.5
1621.641,900.3,1512.0,1864,9,66,12140.1
1621.76,435.0,1512.0,1864,8,69,12140.7
1621.881,438.9,1512.0,1864,96,70,12161.1
1622.002,438.9,1512.0,1864,96,67,12265.8
1622.128,438.9,1512.0,1864,9,67,12040.5
1622.254,438.9,1512.0,1864,2,66,11930.5
1622.38,438.9,1512.0,1864,2,66,12017.8
1622.505,438.9,1512.0,1864,2,66,12095.5
1622.629,438.9,1512.0,1864,2,66,12171.1
1622.754,438.9,1512.0,1864,2,66,12103.3
1622.882,438.9,1512.0,1864,3,66,12139.5
1623.01,438.9,1512.0,1864,3,66,12258.6
1623.134,438.9,1512.0,1864,3,66,12327.7
1623.26,438.9,1512.0,1864,2,66,12252.5
1623.385,438.9,1512.0,1864,2,66,12259.8
1623.511,438.9,1512.0,1864,2,67,12337.6
1623.636,438.9,1512.0,1864,2,67,12398.8
1623.763,438.9,1512.0,1864,3,66,12505.0
1623.888,438.9,1512.0,1864,0,66,12572.4
1624.014,438.9,1512.0,1864,0,66,12529.3
1624.139,438.9,1512.0,1864,3,67,12615.7
1624.265,438.9,1512.0,1864,3,67,12698.3
1624.39,438.9,1512.0,1864,2,67,12776.2
1624.515,438.9,1512.0,1864,2,67,12834.9
1624.64,438.9,1512.0,1864,2,66,12894.7
1624.767,438.9,1512.0,1864,4,66,12866.6
1624.893,438.9,1512.0,1864,0,66,12895.8
1625.019,438.9,1512.0,1864,0,66,12961.3
1625.145,438.9,1512.0,1864,4,66,12993.5
1625.27,438.9,1512.0,1864,3,66,13013.2
1625.39,438.9,1512.0,1864,2,66,13276.6
1625.51,438.9,1512.0,1864,4,66,13292.7
1625.812,438.9,1512.0,1864,3,66,13141.5
1625.938,438.9,1512.0,1864,1,66,13019.9
1626.065,438.9,1512.0,1864,3,66,12792.6
1626.196,438.9,1512.0,1864,3,66,12792.6
1626.324,438.9,1512.0,1864,3,66,12792.6
1626.451,438.9,1512.0,1864,2,66,12792.7
1626.581,438.9,1512.0,1864,3,66,12792.7
1626.708,438.9,1512.0,1864,3,66,12792.7
1626.836,438.9,1512.0,1864,3,66,12792.7
1626.962,438.9,1512.0,1864,1,66,12792.7
1627.086,498.8,1512.0,1864,4,66,12655.4
1627.205,887.3,1512.0,1884,38,66,12685.2
1627.323,467.3,1532.0,1884,38,67,12686.9
1627.441,467.3,1532.0,1884,100,69,12686.9
1627.559,467.3,1532.0,1884,100,68,12686.9
1627.677,628.3,1532.0,1884,100,67,12715.8
1627.795,757.8,1532.0,1884,24,67,12756.5
1627.914,887.3,1532.0,1884,11,66,12818.3
1628.032,463.4,1532.0,1884,11,69,12834.7
1628.15,463.4,1532.0,1884,54,71,12834.7
1628.268,463.4,1532.0,1884,100,71,12834.7
1628.385,624.4,1532.0,1884,62,68,12865.5
1628.503,883.4,1532.0,1884,62,67,12879.8
1628.624,459.5,1532.0,1884,34,70,12881.1
1628.742,459.5,1532.0,1884,100,72,12881.1
1628.859,459.5,1532.0,1884,100,70,12881.7
1628.977,620.5,1532.0,1884,82,67,12896.2
1629.096,879.5,1532.0,1884,19,67,12906.7
1629.214,455.6,1532.0,1884,67,70,12909.3
1629.332,455.6,1532.0,1884,67,73,12909.3
1629.449,455.6,1532.0,1884,100,70,12909.4
1629.568,746.1,1532.0,1884,51,68,12921.0
1629.686,451.7,1532.0,1884,51,68,12927.2
1629.803,451.7,1532.0,1884,53,71,12927.2
1629.921,451.7,1532.0,1884,100,73,12927.2
1630.041,612.7,1532.0,1884,100,69,12930.7
1630.159,742.2,1532.0,1884,70,67,12943.9
1630.278,447.8,1532.0,1884,20,69,12948.4
1630.396,447.8,1532.0,1884,97,71,12948.4
1630.514,447.8,1532.0,1884,97,72,12948.4
1630.632,608.9,1532.0,1884,100,68,12952.6
1630.75,867.9,1532.0,1884,26,67,12967.9
1630.868,444.0,1532.0,1884,26,70,12969.2
1630.986,444.0,1532.0,1884,77,72,12969.2
1631.104,444.0,1532.0,1884,100,70,12970.2
1631.222,734.5,1532.0,1884,41,68,12978.5
1631.341,864.0,1532.0,1884,41,67,12985.9
1631.459,440.1,1532.0,1884,45,71,12985.9
1631.577,440.1,1532.0,1884,100,72,12986.2
1631.708,471.6,1532.0,1884,100,69,12989.4
1631.826,730.6,1532.0,1884,73,67,12996.2
1631.945,436.2,1532.0,1884,20,69,12999.9
1632.063,436.2,1532.0,1884,95,71,12999.9
1632.181,436.2,1532.0,1884,95,73,12999.9
1632.299,597.2,1532.0,1884,100,68,13004.6
1632.417,726.7,1532.0,1884,19,67,13014.6
1632.535,856.2,1532.0,1884,19,67,13024.4
1632.653,432.3,1532.0,1884,25,70,13025.5
1632.771,432.3,1532.0,1884,100,70,13025.5
1632.89,432.3,1532.0,1884,100,69,13025.5
1633.008,593.3,1532.0,1884,100,67,13034.6
1633.126,722.8,1532.0,1884,23,67,13046.1
1633.243,852.3,1532.0,1884,13,66,13057.2
1633.361,428.4,1532.0,1884,13,68,13062.3
1633.48,428.4,1532.0,1884,65,69,13062.3
1633.598,428.4,1532.0,1884,100,69,13062.3
1633.716,428.4,1532.0,1884,100,67,13065.4
1633.834,589.4,1532.0,1884,71,67,13076.2
1633.952,718.9,1532.0,1884,14,67,13085.7
1634.07,1222.3,1532.0,1884,22,67,13094.3
1634.189,424.6,1532.0,1884,22,70,13094.3
1634.307,424.6,1532.0,1884,100,72,13094.3
1634.425,456.1,1532.0,1884,90,68,13098.8
1634.543,715.1,1532.0,1884,90,67,13110.1
1634.662,844.6,1532.0,1884,18,67,13122.3
1634.781,420.7,1532.0,1884,33,69,13125.5
1634.899,420.7,1532.0,1884,33,71,13125.5
1635.017,420.7,1532.0,1884,100,70,13125.5
1635.134,581.7,1532.0,1884,79,68,13136.2
1635.252,711.2,1532.0,1884,12,67,13150.1
1635.37,840.7,1532.0,1884,12,67,13121.1
1635.49,416.8,1532.0,1884,19,70,13023.1
1635.608,416.8,1532.0,1884,100,71,13023.1
1635.735,416.8,1532.0,1884,100,69,13023.1
1635.853,577.8,1532.0,1884,100,67,13038.2
1635.971,577.8,1532.0,1884,23,67,13057.3
1636.09,707.3,1532.0,1884,15,66,13074.5
1636.209,438.2,1532.0,1884,15,66,13090.1
1636.326,412.9,1532.0,1884,40,70,13090.1
1636.444,412.9,1532.0,1884,100,70,13090.1
1636.562,412.9,1532.0,1884,100,67,13090.1
1636.68,573.9,1532.0,1884,100,66,13115.9
1636.798,573.9,1532.0,1884,10,66,13148.4
1636.917,703.4,1532.0,1884,10,66,13178.1
1637.035,832.9,1532.0,1884,10,66,13204.1
1637.153,409.0,1532.0,1884,34,68,13052.4
1637.272,409.0,1532.0,1884,100,70,13052.2
1637.39,409.0,1532.0,1884,100,69,13052.2
1637.508,570.0,1532.0,1884,85,67,13074.1
1637.626,699.5,1532.0,1884,16,67,13100.3
1637.744,829.0,1532.0,1884,16,66,13125.0
1637.863,405.1,1532.0,1884,11,68,13144.7
1637.981,405.1,1532.0,1884,73,71,13144.7
1638.098,405.1,1532.0,1884,100,71,13144.7
1638.216,436.6,1532.0,1884,100,67,13161.9
1638.334,566.1,1532.0,1884,35,67,13184.6
1638.452,825.1,1532.0,1884,13,67,13208.5
1638.569,401.3,1532.0,1884,13,69,13214.1
1638.692,401.3,1532.0,1884,58,72,13164.2
1638.834,401.3,1532.0,1884,100,70,13012.5
1638.953,562.3,1532.0,1884,51,67,12882.5
1639.076,691.8,1532.0,1884,12,67,12809.8
1639.204,691.8,1532.0,1884,12,67,12821.9
1639.327,821.3,1532.0,1884,10,66,12857.8
1639.445,397.4,1532.0,1884,42,69,12866.0
1639.563,397.4,1532.0,1884,100,70,12866.0
1639.705,397.4,1532.0,1884,100,68,12866.0
1639.822,428.9,1532.0,1884,90,66,12890.6
1639.942,558.4,1532.0,1884,11,66,12930.1
1640.06,687.9,1532.0,1884,11,66,12960.1
1640.178,817.4,1532.0,1884,15,66,12990.8
1640.297,393.5,1532.0,1884,41,68,12994.1
1640.414,393.5,1532.0,1884,41,69,12994.1
1640.532,393.5,1532.0,1884,100,70,12994.1
1640.65,554.5,1532.0,1884,75,67,13019.9
1640.768,554.5,1532.0,1884,10,66,13044.2
1640.886,684.0,1532.0,1884,10,66,13078.2
1641.003,813.5,1532.0,1884,9,66,13122.7
1641.121,389.6,1532.0,1884,30,68,13138.5
1641.239,389.6,1532.0,1884,30,71,13138.5
1641.356,389.6,1532.0,1884,100,71,13138.5
1641.473,550.6,1532.0,1884,78,67,13158.7
1641.591,680.1,1532.0,1884,78,67,13185.4
1641.71,680.1,1532.0,1884,15,66,13210.8
1641.829,813.5,1532.0,1884,11,67,13236.0
1641.967,385.7,1532.0,1884,71,70,13235.1
1642.085,385.7,1532.0,1884,71,72,13235.1
1642.203,385.7,1532.0,1884,100,69,13254.9
1642.321,546.7,1532.0,1884,43,67,13297.1
1642.44,676.2,1532.0,1884,11,66,13345.1
1642.559,805.7,1532.0,1884,11,66,13390.1
1642.679,381.8,1532.0,1884,15,69,13388.9
1642.797,381.8,1532.0,1884,96,71,13378.4
1642.94,381.8,1532.0,1884,100,68,13367.7
1643.059,542.8,1532.0,1884,100,66,13374.3
1643.179,672.3,1532.0,1884,38,66,13396.3
1643.298,801.8,1532.0,1884,11,66,13441.7
1643.417,729.8,1532.0,1884,27,67,13481.4
1643.572,378.0,1532.0,1884,27,68,13471.0
1643.691,378.0,1532.0,1884,100,71,13460.3
1643.813,409.5,1532.0,1884,87,67,13466.7
1643.954,539.0,1532.0,1884,5,66,13397.9
1644.362,539.0,1532.0,1884,5,66,13356.4
1644.749,668.5,1532.0,1884,2,66,13299.6
1645.201,668.5,1532.0,1884,2,66,13241.4
1645.633,798.0,1532.0,1884,2,66,13135.9
1646.121,798.0,1532.0,1884,1,66,13095.9
1646.506,798.0,1532.0,1884,13,67,13045.1
1646.975,374.1,1532.0,1884,100,70,13034.4
1647.123,374.1,1532.0,1884,100,68,13024.5
1647.243,405.6,1532.0,1884,2,66,12991.4
1647.633,535.1,1532.0,1884,2,66,12939.3
1647.971,535.1,1532.0,1884,0,66,12841.1
1648.423,535.1,1532.0,1884,1,66,12780.8
1648.738,664.6,1532.0,1884,2,66,12745.4
1649.101,794.1,1532.0,1884,2,66,12716.3
1649.429,794.1,1532.0,1884,4,66,12705.6
1649.684,370.2,1532.0,1884,26,69,12701.2
1649.868,370.2,1532.0,1884,100,72,12690.5
1649.991,401.7,1532.0,1884,80,67,12703.8
1650.192,531.2,1532.0,1884,4,66,12673.9
1650.545,660.7,1532.0,1884,6,66,12647.5
1650.756,660.7,1532.0,1884,3,66,12612.7
1651.088,790.2,1532.0,1884,2,66,12570.7
1651.468,790.2,1532.0,1884,4,66,12521.8
1651.903,790.2,1532.0,1884,35,69,12480.0
1652.303,366.3,1532.0,1884,100,72,12470.9
1652.43,366.3,1532.0,1884,100,70,12463.8
1652.557,397.8,1532.0,1884,1,66,12372.6
1653.106,527.3,1532.0,1884,1,67,12310.1
1653.51,527.3,1532.0,1884,3,67,12280.5
1653.744,656.8,1532.0,1884,5,66,12171.5
1653.865,786.3,1532.0,1884,11,67,12108.7
1653.986,786.3,1532.0,1884,8,67,12075.5
1654.11,786.3,1532.0,1884,8,66,11976.4
1654.23,339.9,1532.0,1884,16,70,11948.5
1654.349,339.9,1532.0,1884,100,70,11948.6
1654.469,339.9,1532.0,1884,100,68,11948.6
1654.593,324.3,1532.0,1884,100,67,11954.5
1654.711,249.5,1532.0,1884,26,66,11921.0
1654.83,279.2,1532.0,1884,67,69,11934.3
1654.948,279.2,1532.0,1884,67,70,11934.7
1655.068,284.5,1532.0,1884,98,71,11935.8
1655.186,284.5,1532.0,1884,99,70,11940.0
1655.305,445.5,1532.0,1884,99,67,11960.4
1655.423,575.0,1532.0,1884,18,67,11981.1
1655.541,289.9,1532.0,1884,20,70,12001.5
1655.659,289.9,1532.0,1884,100,70,12001.8
1655.778,580.4,1532.0,1884,100,67,12022.8
1655.898,709.9,1532.0,1884,25,67,12043.2
1656.016,295.2,1532.0,1884,36,69,12048.9
1656.133,456.2,1532.0,1884,36,71,12050.2
1656.253,300.6,1532.0,1884,94,69,12068.4
1656.371,300.6,1532.0,1884,83,72,12069.1
1656.491,720.6,1532.0,1884,57,68,12080.9
1656.61,305.9,1532.0,1884,57,72,12080.9
1656.728,596.5,1532.0,1884,100,68,12086.5
1656.847,311.3,1532.0,1884,75,71,12087.0
1656.965,472.3,1532.0,1884,75,69,12089.0
1657.085,316.6,1532.0,1884,78,72,12089.9
1657.203,477.7,1532.0,1884,98,70,12090.4
1657.325,322.0,1532.0,1884,82,70,12091.9
1657.445,483.0,1532.0,1884,82,71,12093.8
1657.566,327.3,1532.0,1884,85,71,12095.4
1657.686,327.3,1532.0,1884,98,70,11998.6
1657.829,617.9,1532.0,1884,23,67,12012.8
1657.947,332.7,1532.0,1884,23,69,12019.3
1658.065,332.7,1532.0,1884,67,72,12019.3
1658.183,623.2,1532.0,1884,55,68,12034.6
1658.301,752.7,1532.0,1884,55,67,12049.7
1658.42,338.1,1532.0,1884,23,73,12050.1
1658.538,369.6,1532.0,1884,93,68,12060.4
1658.657,499.1,1532.0,1884,10,67,12085.6
1658.774,628.6,1532.0,1884,10,67,12107.3
1658.892,758.1,1532.0,1884,12,66,12124.9
1659.01,343.4,1532.0,1884,65,70,12124.9
1659.127,374.9,1532.0,1884,65,69,12134.1
1659.246,633.9,1532.0,1884,49,67,12151.5
1659.389,348.8,1532.0,1884,16,67,12143.2
1659.507,348.8,1532.0,1884,77,70,12143.2
1659.625,380.3,1532.0,1884,77,68,12149.9
1659.744,509.8,1532.0,1884,45,67,12162.9
1659.862,768.8,1532.0,1884,12,67,12172.4
1659.981,354.1,1532.0,1884,65,69,11984.2
1660.13,354.1,1532.0,1884,65,69,11836.3
1660.261,644.6,1532.0,1884,83,67,11693.4
1660.383,359.5,1532.0,1884,19,66,11697.1
1660.5,359.5,1532.0,1884,85,70,11697.1
1660.618,520.5,1532.0,1884,85,68,11703.9
1660.736,650.0,1532.0,1884,36,67,11714.6
1660.854,779.5,1532.0,1884,12,66,11723.6
1660.973,364.8,1532.0,1884,12,70,11725.8
1661.092,364.8,1532.0,1884,72,69,11728.6
1661.209,525.8,1532.0,1884,42,67,11740.9
1661.327,655.3,1532.0,1884,42,67,11751.3
1661.445,784.8,1532.0,1884,10,66,11763.0
1661.563,370.2,1532.0,1884,20,71,11766.6
1661.684,370.2,1532.0,1884,91,69,11768.6
1661.803,531.2,1532.0,1884,91,67,11778.0
1661.921,660.7,1532.0,1884,13,67,11787.9
1662.039,375.5,1532.0,1884,23,69,11792.8
1662.163,375.5,1532.0,1884,23,69,11792.8
1662.281,536.5,1532.0,1884,100,67,11799.0
1662.4,795.5,1532.0,1884,24,66,11805.5
1662.518,380.9,1532.0,1884,53,69,11807.2
1662.637,380.9,1532.0,1884,53,71,11809.1
1662.755,671.4,1532.0,1884,67,67,11817.5
1662.873,800.9,1532.0,1884,17,66,11824.8
1662.992,386.2,1532.0,1884,17,70,11824.9
1663.11,547.2,1532.0,1884,83,69,11828.0
1663.229,806.2,1532.0,1884,45,67,11841.3
1663.347,391.6,1532.0,1884,48,69,11846.2
1663.465,391.6,1532.0,1884,48,71,11846.9
1663.584,682.1,1532.0,1884,71,67,11858.8
1663.702,811.6,1532.0,1884,18,67,11868.7
1663.82,396.9,1532.0,1884,18,72,11868.7
1663.94,557.9,1532.0,1884,93,68,11876.7
1664.06,816.9,1532.0,1884,25,67,11885.9
1664.179,402.3,1532.0,1884,74,69,11886.9
1664.3,433.8,1532.0,1884,74,68,11891.9
1664.419,692.8,1532.0,1884,45,67,11901.4
1664.537,407.6,1532.0,1884,19,67,11911.1
1664.654,407.6,1532.0,1884,19,72,11911.1
1664.772,568.6,1532.0,1884,97,67,11917.7
1664.892,827.6,1532.0,1884,22,66,11928.0
1665.01,413.0,1532.0,1884,22,70,11930.0
1665.128,444.5,1532.0,1884,72,68,11936.0
1665.247,703.5,1532.0,1884,47,67,11964.5
1665.366,703.5,1532.0,1884,8,66,11993.5
1665.484,833.0,1532.0,1884,8,66,12023.9
1665.601,418.3,1532.0,1884,19,71,12029.6
1665.719,449.8,1532.0,1884,90,69,12039.5
1665.836,579.3,1532.0,1884,90,67,12075.8
1665.954,708.8,1532.0,1884,8,66,12110.1
1666.076,838.3,1532.0,1884,13,66,12145.3
1666.195,373.6,1532.0,1884,60,70,12151.0
1666.317,378.0,1532.0,1884,60,69,12199.0
1666.441,378.0,1532.0,1884,46,67,12314.5
1666.566,378.0,1532.0,1884,2,66,12404.6
1666.692,378.0,1532.0,1884,2,66,12468.7
1666.82,378.0,1532.0,1884,2,66,12528.4
1666.947,378.0,1532.0,1884,0,66,12597.8
1667.074,378.0,1532.0,1884,2,66,12659.7
1667.201,378.0,1532.0,1884,2,66,12678.3
1667.329,378.0,1532.0,1884,0,66,12756.0
1667.492,378.0,1532.0,1884,1,66,12746.5
1667.775,378.0,1532.0,1884,0,66,12757.5
1668.014,378.0,1532.0,1884,2,66,12764.2
1668.311,378.0,1532.0,1884,0,66,12764.4
1668.55,378.0,1532.0,1884,2,66,12768.2
1668.854,378.0,1532.0,1884,0,66,12768.3
1669.082,378.0,1532.0,1884,2,66,12428.7
1669.219,378.0,1532.0,1884,2,66,12515.6
1669.344,378.0,1532.0,1884,2,66,12593.4
1669.469,378.0,1532.0,1884,0,66,12657.3
1669.596,378.0,1532.0,1884,2,66,12714.6
1669.727,378.0,1532.0,1884,2,66,12768.8
1669.854,378.0,1532.0,1884,2,66,12833.9
1669.981,378.0,1532.0,1884,2,66,12895.1
1670.217,378.0,1532.0,1884,0,66,12898.2
1670.514,378.0,1532.0,1884,2,66,12932.7
1670.806,378.0,1532.0,1884,0,66,12955.3
1671.079,378.0,1532.0,1884,2,66,12974.6
1671.309,378.0,1532.0,1884,0,66,13004.8
1671.574,378.0,1532.0,1884,2,66,13027.9
1671.762,378.0,1532.0,1884,1,66,13053.9
1671.968,378.0,1532.0,1884,2,66,13064.0
1672.192,378.0,1532.0,1884,2,66,12996.4
1672.384,378.0,1532.0,1884,0,66,12633.3
1672.506,378.0,1532.0,1884,0,66,12671.1
1672.626,378.0,1532.0,1884,3,66,12692.1
1672.744,378.0,1532.0,1884,1,66,12715.6
1672.863,378.0,1532.0,1884,1,66,12849.4
1672.983,378.0,1532.0,1884,0,66,12863.4
1673.113,378.0,1532.0,1884,3,66,12252.2
1673.237,378.0,1532.0,1884,0,66,12322.5
1673.362,378.0,1532.0,1884,0,66,12392.8
1673.488,378.0,1532.0,1884,0,66,12462.2
1673.614,378.0,1532.0,1884,3,66,12531.1
1673.738,378.0,1532.0,1884,1,65,12581.0
1673.864,378.0,1532.0,1884,1,65,12625.6
1673.99,378.0,1532.0,1884,0,66,12666.2
1674.115,378.0,1532.0,1884,3,66,12699.2
1674.24,378.0,1532.0,1884,1,65,12731.9
1674.366,378.0,1532.0,1884,1,66,12767.8
1674.493,378.0,1532.0,1884,0,65,12804.0
1674.618,378.0,1532.0,1884,3,66,12842.1
1674.743,378.0,1532.0,1884,1,66,12874.4
1674.874,378.0,1532.0,1884,1,65,12892.0
1674.999,378.0,1532.0,1884,0,65,12902.0
1675.13,378.0,1532.0,1884,3,66,12910.7
1675.26,378.0,1532.0,1884,1,66,12912.5
1675.392,378.0,1532.0,1884,0,66,12912.5
1675.523,410.5,1532.0,1884,0,65,12735.0
1675.641,568.0,1532.0,1884,8,65,12768.8
1675.759,697.5,1532.0,1884,8,66,12793.0
1675.877,827.0,1532.0,1884,8,65,12819.6
1675.994,409.7,1552.0,1904,11,66,12835.8
1676.112,409.7,1552.0,1904,78,69,12835.8
1676.23,409.7,1552.0,1904,100,69,12835.8
1676.35,409.7,1552.0,1904,100,68,12839.2
1676.468,570.7,1552.0,1904,58,67,12858.5
1676.587,700.2,1552.0,1904,12,67,12890.9
1676.705,829.7,1552.0,1904,12,66,12918.8
1676.822,408.0,1552.0,1904,9,69,12929.9
1676.94,408.0,1552.0,1904,82,71,12929.9
1677.057,408.0,1552.0,1904,82,70,12929.9
1677.175,569.0,1552.0,1904,100,68,12934.8
1677.292,828.0,1552.0,1904,43,67,12943.9
1677.412,406.3,1552.0,1904,44,71,12948.0
1677.53,406.3,1552.0,1904,44,71,12948.0
1677.648,406.3,1552.0,1904,100,70,12948.0
1677.766,567.4,1552.0,1904,77,67,12954.0
1677.884,696.9,1552.0,1904,77,67,12963.6
1678.001,404.7,1552.0,1904,15,67,12972.0
1678.119,404.7,1552.0,1904,64,73,12972.0
1678.237,404.7,1552.0,1904,100,71,12972.0
1678.354,408.2,1552.0,1904,100,69,12975.3
1678.472,695.2,1552.0,1904,56,67,12985.5
1678.591,403.0,1552.0,1904,34,68,12990.7
1678.708,403.0,1552.0,1904,34,71,12990.7
1678.826,403.0,1552.0,1904,100,71,12990.7
1678.944,564.0,1552.0,1904,93,68,12994.0
1679.063,693.5,1552.0,1904,93,67,13006.8
1679.181,401.3,1552.0,1904,20,68,13013.1
1679.298,401.3,1552.0,1904,64,72,13013.1
1679.416,401.3,1552.0,1904,100,71,13013.1
1679.534,562.3,1552.0,1904,100,68,13016.1
1679.652,821.3,1552.0,1904,63,67,13028.6
1679.771,399.6,1552.0,1904,33,71,13033.8
1679.889,399.6,1552.0,1904,33,71,13033.8
1680.007,399.6,1552.0,1904,100,71,13033.8
1680.125,560.6,1552.0,1904,90,68,13038.2
1680.244,690.1,1552.0,1904,17,67,13046.0
1680.361,398.0,1552.0,1904,17,67,13051.5
1680.478,398.0,1552.0,1904,52,72,13051.5
1680.596,398.0,1552.0,1904,100,71,13051.5
1680.714,398.0,1552.0,1904,100,69,13053.6
1680.831,688.5,1552.0,1904,69,67,13060.3
1680.95,818.0,1552.0,1904,17,67,13065.9
1681.067,396.3,1552.0,1904,17,72,13065.9
1681.186,396.3,1552.0,1904,86,72,13065.9
1681.304,396.3,1552.0,1904,100,69,13067.2
1681.422,557.3,1552.0,1904,33,67,13076.7
1681.54,686.8,1552.0,1904,33,67,13086.5
1681.658,394.6,1552.0,1904,17,69,13092.1
1681.776,394.6,1552.0,1904,83,72,13092.1
1681.895,394.6,1552.0,1904,83,71,13092.1
1682.013,394.6,1552.0,1904,100,68,13096.4
1682.13,555.6,1552.0,1904,37,67,13108.4
1682.248,685.1,1552.0,1904,37,67,13118.2
1682.367,814.6,1552.0,1904,9,67,13129.6
1682.485,392.9,1552.0,1904,16,70,13132.8
1682.602,392.9,1552.0,1904,100,71,13132.8
1682.72,392.9,1552.0,1904,100,70,13132.8
1682.838,553.9,1552.0,1904,100,67,13139.2
1682.956,683.4,1552.0,1904,9,67,13149.9
1683.075,812.9,1552.0,1904,9,67,13159.3
1683.192,391.2,1552.0,1904,16,70,13162.6
1683.31,391.2,1552.0,1904,80,71,13162.6
1683.428,391.2,1552.0,1904,100,70,13162.6
1683.546,552.2,1552.0,1904,100,67,13167.4
1683.665,681.7,1552.0,1904,40,67,13175.8
1683.783,811.2,1552.0,1904,15,67,13184.7
1683.908,389.6,1552.0,1904,15,72,13184.9
1684.028,389.6,1552.0,1904,88,71,13184.9
1684.146,389.6,1552.0,1904,100,70,13184.9
1684.264,550.6,1552.0,1904,37,67,13196.4
1684.382,809.6,1552.0,1904,37,67,13203.8
1684.499,387.9,1552.0,1904,40,71,13204.6
1684.617,387.9,1552.0,1904,100,72,13204.6
1684.735,387.9,1552.0,1904,100,69,13204.6
1684.852,548.9,1552.0,1904,88,67,13222.5
1684.971,678.4,1552.0,1904,9,67,13241.9
1685.089,807.9,1552.0,1904,9,66,13258.9
1685.207,386.2,1552.0,1904,14,68,13271.6
1685.325,386.2,1552.0,1904,56,71,13271.6
1685.442,386.2,1552.0,1904,100,71,13271.6
1685.56,386.2,1552.0,1904,100,68,13276.8
1685.678,547.2,1552.0,1904,61,67,13222.1
1685.797,676.7,1552.0,1904,7,66,13204.2
1685.915,676.7,1552.0,1904,7,66,13229.2
1686.032,806.2,1552.0,1904,10,67,13270.9
1686.152,384.5,1552.0,1904,55,71,13270.9
1686.27,384.5,1552.0,1904,100,71,13270.9
1686.388,384.5,1552.0,1904,100,69,13274.9
1686.507,545.5,1552.0,1904,65,67,13265.2
1686.626,675.0,1552.0,1904,15,66,13290.1
1686.744,382.8,1552.0,1904,15,68,13297.8
1686.861,382.8,1552.0,1904,48,71,13297.8
1686.979,382.8,1552.0,1904,100,71,13297.8
1687.096,389.8,1552.0,1904,100,68,13305.5
1687.215,673.3,1552.0,1904,73,67,13322.1
1687.334,381.2,1552.0,1904,17,68,13328.7
1687.454,381.2,1552.0,1904,83,71,13319.1
1687.573,381.2,1552.0,1904,83,70,13309.7
1687.692,381.2,1552.0,1904,100,68,13309.1
1687.812,671.7,1552.0,1904,43,67,13313.0
1687.932,379.5,1552.0,1904,43,70,13310.7
1688.052,379.5,1552.0,1904,57,71,13301.7
1688.173,379.5,1552.0,1904,100,71,13292.3
1688.293,540.5,1552.0,1904,66,67,13292.1
1688.413,799.5,1552.0,1904,66,67,13298.5
1688.534,377.8,1552.0,1904,32,71,13290.6
1688.654,377.8,1552.0,1904,100,72,13281.0
1688.775,377.8,1552.0,1904,100,69,13271.6
1688.895,538.8,1552.0,1904,95,67,13280.2
1689.015,797.8,1552.0,1904,15,67,13289.8
1689.135,376.1,1552.0,1904,65,71,13281.2
1689.255,376.1,1552.0,1904,65,71,13271.7
1689.374,376.1,1552.0,1904,100,69,13262.1
1689.494,666.6,1552.0,1904,60,67,13277.3
1689.613,796.1,1552.0,1904,60,67,13293.3
1689.732,374.4,1552.0,1904,21,72,13283.8
1689.851,374.4,1552.0,1904,100,71,13274.3
1689.97,374.4,1552.0,1904,100,68,13264.7
1690.091,535.4,1552.0,1904,100,67,13311.7
1690.21,664.9,1552.0,1904,18,67,13345.7
1690.33,372.8,1552.0,1904,21,68,13349.1
1690.45,372.8,1552.0,1904,21,71,13339.6
1690.571,372.8,1552.0,1904,100,71,13330.2
1690.69,533.8,1552.0,1904,100,68,13323.9
1690.812,792.8,1552.0,1904,23,67,13357.4
1690.932,792.8,1552.0,1904,23,67,13409.6
1691.052,371.1,1552.0,1904,31,72,13399.8
1691.175,371.1,1552.0,1904,100,72,13390.2
1691.296,371.1,1552.0,1904,84,69,13388.6
1691.417,532.1,1552.0,1904,84,67,13439.7
1691.538,661.6,1552.0,1904,5,67,13467.3
1691.82,661.6,1552.0,1904,3,66,13428.7
1692.258,791.1,1552.0,1904,1,66,13379.3
1692.67,791.1,1552.0,1904,1,66,13290.6
1693.172,369.4,1552.0,1904,99,72,13263.6
1693.497,369.4,1552.0,1904,100,69,13255.3
1693.637,376.4,1552.0,1904,1,67,13212.3
1694.042,530.4,1552.0,1904,1,66,13160.8
1694.505,530.4,1552.0,1904,0,66,13104.9
1694.958,659.9,1552.0,1904,3,66,13053.3
1695.353,789.4,1552.0,1904,4,66,12994.4
1695.782,789.4,1552.0,1904,3,71,12989.7
1696.022,367.7,1552.0,1904,94,71,12962.0
1696.208,367.7,1552.0,1904,20,67,12961.1
1696.466,528.7,1552.0,1904,4,67,12942.7
1696.625,658.2,1552.0,1904,9,67,12957.5
1696.776,658.2,1552.0,1904,3,66,12991.4
1696.981,787.7,1552.0,1904,2,66,12917.7
1697.432,787.7,1552.0,1904,2,66,12872.9
1697.831,787.7,1552.0,1904,1,66,12837.6
1698.097,787.7,1552.0,1904,100,72,12801.1
1698.464,366.0,1552.0,1904,100,69,12795.6
1698.594,373.0,1552.0,1904,1,66,12725.9
1699.093,527.0,1552.0,1904,0,66,12646.0
1699.601,527.0,1552.0,1904,0,66,12592.8
1700.032,527.0,1552.0,1904,2,66,12571.1
1700.224,656.5,1552.0,1904,2,66,12516.6
1700.683,656.5,1552.0,1904,3,66,12503.2
1700.95,786.0,1552.0,1904,1,66,12080.0
1701.077,786.0,1552.0,1904,8,66,11982.7
1701.198,786.0,1552.0,1904,2,66,11974.4
1701.318,786.0,1552.0,1904,2,66,11965.1
1701.438,786.0,1552.0,1904,1,66,11955.6
1701.558,786.0,1552.0,1904,2,66,11949.5
1701.678,786.0,1552.0,1904,2,66,11939.4
1701.798,786.0,1552.0,1904,2,66,11930.7
1701.918,786.0,1552.0,1904,0,66,11921.3
1702.037,786.0,1552.0,1904,2,66,11910.5
1702.157,342.1,1552.0,1904,2,71,11907.2
1702.275,342.1,1552.0,1904,59,72,11907.2
1702.393,342.1,1552.0,1904,100,70,11907.2
1702.512,324.3,1552.0,1904,49,67,11925.1
1702.631,356.5,1552.0,1904,49,70,11864.7
1702.749,356.5,1552.0,1904,89,71,11871.7
1702.868,362.1,1552.0,1904,85,71,11892.9
1702.986,362.1,1552.0,1904,85,71,11892.9
1703.104,367.7,1552.0,1904,91,69,11899.8
1703.222,367.7,1552.0,1904,88,72,11899.5
1703.34,373.2,1552.0,1904,83,69,11919.0
1703.458,373.2,1552.0,1904,83,72,11919.2
1703.589,378.8,1552.0,1904,89,70,11920.6
1703.706,378.8,1552.0,1904,94,72,11920.7
1703.825,384.4,1552.0,1904,94,69,11921.5
1703.942,384.4,1552.0,1904,80,72,11921.5
1704.061,389.9,1552.0,1904,82,68,11923.7
1704.179,389.9,1552.0,1904,91,73,11923.7
1704.297,810.0,1552.0,1904,91,68,11925.5
1704.415,395.5,1552.0,1904,69,72,11925.5
1704.536,686.0,1552.0,1904,86,69,11927.3
1704.655,401.1,1552.0,1904,86,72,11928.0
1704.772,562.1,1552.0,1904,84,70,11928.9
1704.892,406.7,1552.0,1904,70,70,11930.0
1705.01,406.7,1552.0,1904,70,72,11930.2
1705.128,412.2,1552.0,1904,90,69,11932.6
1705.247,412.2,1552.0,1904,79,72,11932.6
1705.365,573.2,1552.0,1904,48,68,11943.4
1705.483,702.7,1552.0,1904,48,67,11957.3
1705.602,417.8,1552.0,1904,31,71,11957.9
1705.721,421.3,1552.0,1904,91,69,11965.2
1705.839,578.8,1552.0,1904,91,67,11988.8
1705.957,708.3,1552.0,1904,7,67,12015.7
1706.076,837.8,1552.0,1904,8,67,12032.6
1706.195,423.4,1552.0,1904,40,68,12046.1
1706.314,423.4,1552.0,1904,40,72,12046.1
1706.432,584.4,1552.0,1904,76,68,12063.0
1706.55,713.9,1552.0,1904,10,67,12081.6
1706.668,843.4,1552.0,1904,10,67,12098.7
1706.786,428.9,1552.0,1904,12,67,12110.7
1706.904,428.9,1552.0,1904,64,72,12110.7
1707.022,589.9,1552.0,1904,64,68,12120.2
1707.141,719.4,1552.0,1904,45,67,12129.9
1707.259,434.5,1552.0,1904,20,68,12135.4
1707.377,434.5,1552.0,1904,85,72,12135.4
1707.495,595.5,1552.0,1904,85,68,12143.8
1707.613,725.0,1552.0,1904,25,67,12153.6
1707.731,854.5,1552.0,1904,14,66,12165.9
1707.849,440.1,1552.0,1904,14,70,12168.8
1707.966,440.1,1552.0,1904,62,70,12171.6
1708.085,601.1,1552.0,1904,51,67,12182.6
1708.203,730.6,1552.0,1904,13,67,12193.4
1708.322,860.1,1552.0,1904,13,67,12203.4
1708.44,445.6,1552.0,1904,13,71,12206.2
1708.557,445.6,1552.0,1904,96,69,12209.0
1708.677,606.7,1552.0,1904,96,67,12221.1
1708.795,736.2,1552.0,1904,11,67,12231.1
1708.913,865.7,1552.0,1904,9,66,12241.7
1709.031,451.2,1552.0,1904,37,68,12247.2
1709.15,451.2,1552.0,1904,37,71,12234.0
1709.268,612.2,1552.0,1904,74,67,12155.3
1709.387,871.2,1552.0,1904,14,67,12115.1
1709.505,456.8,1552.0,1904,14,68,12101.7
1709.623,456.8,1552.0,1904,56,70,12071.8
1709.752,747.3,1552.0,1904,59,67,12079.1
1709.871,876.8,1552.0,1904,15,67,12086.2
1709.99,462.4,1552.0,1904,15,69,12087.0
1710.113,462.4,1552.0,1904,90,68,12088.8
1710.232,752.9,1552.0,1904,40,67,12097.4
1710.35,882.4,1552.0,1904,40,66,12105.3
1710.469,467.9,1552.0,1904,15,68,12107.0
1710.586,467.9,1552.0,1904,93,70,12107.9
1710.705,758.4,1552.0,1904,33,67,12117.9
1710.822,887.9,1552.0,1904,33,66,12130.7
1710.94,473.5,1552.0,1904,43,72,12130.7
1711.059,634.5,1552.0,1904,75,68,12137.4
1711.178,764.0,1552.0,1904,75,67,12148.5
1711.296,479.1,1552.0,1904,16,68,12153.4
1711.413,479.1,1552.0,1904,79,71,12153.4
1711.531,640.1,1552.0,1904,79,67,12163.3
1711.65,899.1,1552.0,1904,36,66,12169.5
1711.768,484.6,1552.0,1904,47,71,12158.9
1711.901,645.6,1552.0,1904,72,68,12165.8
1712.019,775.1,1552.0,1904,72,67,12175.5
1712.137,490.2,1552.0,1904,17,68,12181.8
1712.254,490.2,1552.0,1904,69,71,12181.8
1712.372,651.2,1552.0,1904,69,67,12189.1
1712.491,910.2,1552.0,1904,48,67,12196.4
1712.61,495.8,1552.0,1904,29,70,12199.3
1712.75,495.8,1552.0,1904,100,68,12154.2
1712.869,786.3,1552.0,1904,100,66,12082.4
1712.988,786.3,1552.0,1904,25,66,12019.2
1713.106,915.8,1552.0,1904,12,66,12066.8
1713.225,501.3,1552.0,1904,44,68,12084.8
1713.361,501.3,1552.0,1904,44,67,12090.8
1713.501,662.4,1552.0,1904,86,66,12151.2
1713.619,791.9,1552.0,1904,10,66,12231.5
1713.739,791.9,1552.0,1904,7,66,12184.6
1713.86,921.4,1552.0,1904,7,65,12112.4
1713.985,921.4,1552.0,1904,4,65,11972.5
1714.106,456.8,1552.0,1904,15,67,11893.1
1714.224,456.8,1552.0,1904,100,69,11899.6
1714.346,461.5,1552.0,1904,100,66,12044.4
1714.47,461.5,1552.0,1904,2,66,12150.0
1714.596,461.5,1552.0,1904,3,66,12223.5
1714.721,461.5,1552.0,1904,0,66,12312.3
1714.847,461.5,1552.0,1904,0,66,12385.0
1714.971,461.5,1552.0,1904,0,66,12457.6
1715.098,461.5,1552.0,1904,5,66,12424.3
1715.227,461.5,1552.0,1904,0,66,12472.6
1715.352,461.5,1552.0,1904,0,66,12352.1
1715.479,461.5,1552.0,1904,0,66,12325.3
1715.617,461.5,1552.0,1904,5,66,12412.7
1715.743,461.5,1552.0,1904,0,66,12486.4
1715.869,461.5,1552.0,1904,0,66,12559.7
1715.995,461.5,1552.0,1904,0,66,12628.0
1716.122,461.5,1552.0,1904,3,66,12723.9
1716.247,461.5,1552.0,1904,0,66,12782.1
1716.372,461.5,1552.0,1904,0,66,12812.4
1716.498,461.5,1552.0,1904,0,66,12890.0
1716.624,461.5,1552.0,1904,3,66,12952.1
1716.75,461.5,1552.0,1904,0,66,13013.4
1716.876,461.5,1552.0,1904,0,66,13074.2
1717.002,461.5,1552.0,1904,0,66,13115.3
1717.129,461.5,1552.0,1904,3,65,13214.3
1717.257,461.5,1552.0,1904,0,65,13269.2
1717.384,461.5,1552.0,1904,0,65,13337.9
1717.512,461.5,1552.0,1904,0,65,13401.5
1717.639,461.5,1552.0,1904,3,66,13457.0
1717.766,461.5,1552.0,1904,0,65,13468.3
1717.887,461.5,1552.0,1904,0,65,13480.6
1718.007,461.5,1552.0,1904,0,65,13489.0
1718.127,461.5,1552.0,1904,3,65,13492.8
1718.247,461.5,1552.0,1904,1,65,13489.5
1718.885,461.5,1552.0,1904,3,65,13471.3
1719.248,461.5,1552.0,1904,3,65,13321.3
1720.119,461.5,1552.0,1904,0,65,13239.0
1720.635,461.5,1552.0,1904,0,65,13105.2
1721.173,461.5,1552.0,1904,3,65,12354.2
1721.307,461.5,1552.0,1904,0,65,12425.4
1721.433,461.5,1552.0,1904,0,65,12498.3
1721.558,461.5,1552.0,1904,0,65,12569.8
1721.683,461.5,1552.0,1904,3,65,12643.4
1721.809,461.5,1552.0,1904,0,65,12710.2
1721.935,461.5,1552.0,1904,0,65,12774.0
1722.06,461.5,1552.0,1904,0,65,12836.5
1722.184,461.5,1552.0,1904,3,65,12895.5
1722.31,461.5,1552.0,1904,1,65,12953.1
1722.439,461.5,1552.0,1904,0,65,13015.8
1722.563,461.5,1552.0,1904,0,65,13033.9
1722.691,461.5,1552.0,1904,5,65,13011.7
1722.819,461.5,1552.0,1904,0,65,13039.0
1722.945,461.5,1552.0,1904,0,65,13057.6
1723.071,461.5,1552.0,1904,0,65,13065.7
1723.198,461.5,1552.0,1904,5,66,13069.7
1723.325,461.5,1552.0,1904,0,66,13069.6
1723.46,461.5,1552.0,1904,0,66,13031.7
1723.586,781.1,1552.0,1904,25,66,12918.3
1723.705,490.6,1572.0,1924,25,68,12922.5
1723.823,490.6,1572.0,1924,99,69,12922.5
1723.94,490.6,1572.0,1924,100,69,12922.5
1724.058,651.6,1572.0,1924,100,67,12928.7
1724.18,781.1,1572.0,1924,49,67,12950.2
1724.298,910.6,1572.0,1924,9,66,12972.9
1724.417,910.6,1572.0,1924,9,66,12994.2
1724.537,486.0,1572.0,1924,19,72,12994.2
1724.655,486.0,1572.0,1924,100,72,12994.2
1724.773,486.0,1572.0,1924,100,69,12995.4
1724.891,776.5,1572.0,1924,100,67,13004.3
1725.01,481.3,1572.0,1924,19,68,13010.0
1725.128,481.3,1572.0,1924,80,72,13010.0
1725.247,481.3,1572.0,1924,80,71,13010.0
1725.366,512.8,1572.0,1924,100,68,13013.9
1725.484,771.8,1572.0,1924,43,67,13022.6
1725.602,901.3,1572.0,1924,20,67,13032.1
1725.72,476.7,1572.0,1924,20,72,13032.1
1725.838,476.7,1572.0,1924,97,71,13032.1
1725.955,476.7,1572.0,1924,100,69,13032.1
1726.073,637.7,1572.0,1924,100,67,13042.0
1726.191,896.7,1572.0,1924,31,67,13050.1
1726.31,472.0,1572.0,1924,56,71,13050.1
1726.438,472.0,1572.0,1924,100,69,13050.1
1726.557,472.0,1572.0,1924,100,68,13050.1
1726.676,633.1,1572.0,1924,95,67,13057.3
1726.793,762.6,1572.0,1924,16,66,13067.4
1726.911,467.4,1572.0,1924,16,67,13071.9
1727.03,467.4,1572.0,1924,53,71,13071.9
1727.148,467.4,1572.0,1924,100,72,13071.9
1727.266,628.4,1572.0,1924,71,68,13075.1
1727.386,887.4,1572.0,1924,71,67,13085.5
1727.504,462.7,1572.0,1924,18,70,13089.7
1727.643,462.7,1572.0,1924,97,69,13089.7
1727.761,462.7,1572.0,1924,97,70,13089.7
1727.878,494.3,1572.0,1924,100,68,13095.2
1727.997,753.3,1572.0,1924,48,67,13103.4
1728.115,882.8,1572.0,1924,19,68,13110.0
1728.233,458.1,1572.0,1924,19,71,13110.0
1728.352,458.1,1572.0,1924,99,71,13110.0
1728.47,458.1,1572.0,1924,100,68,13110.8
1728.588,748.6,1572.0,1924,100,67,13118.1
1728.706,878.1,1572.0,1924,27,67,13124.7
1728.824,453.4,1572.0,1924,43,71,13125.3
1728.942,453.4,1572.0,1924,100,72,13125.3
1729.06,453.4,1572.0,1924,100,69,13125.3
1729.178,614.5,1572.0,1924,80,67,13133.6
1729.296,744.0,1572.0,1924,13,67,13143.2
1729.414,913.6,1572.0,1924,13,67,13151.1
1729.532,448.8,1572.0,1924,35,72,13151.1
1729.65,448.8,1572.0,1924,100,72,13151.1
1729.767,448.8,1572.0,1924,100,69,13152.2
1729.885,609.8,1572.0,1924,85,67,13164.2
1730.003,739.3,1572.0,1924,11,67,13174.2
1730.121,868.8,1572.0,1924,13,66,13173.3
1730.24,444.2,1572.0,1924,13,70,13013.9
1730.357,444.2,1572.0,1924,79,71,13013.9
1730.476,444.2,1572.0,1924,100,70,13013.9
1730.596,605.2,1572.0,1924,100,68,13020.3
1730.713,734.7,1572.0,1924,44,67,13031.2
1730.837,864.2,1572.0,1924,10,66,13041.5
1730.955,864.2,1572.0,1924,14,66,13049.3
1731.074,439.5,1572.0,1924,14,71,13049.3
1731.192,439.5,1572.0,1924,100,72,13049.3
1731.31,439.5,1572.0,1924,100,69,13050.3
1731.428,600.5,1572.0,1924,100,67,13060.5
1731.546,730.0,1572.0,1924,13,67,13070.0
1731.664,859.5,1572.0,1924,15,66,13083.9
1731.782,434.9,1572.0,1924,15,71,13084.6
1731.903,434.9,1572.0,1924,72,71,13084.6
1732.021,434.9,1572.0,1924,100,69,13084.6
1732.138,595.9,1572.0,1924,46,67,13095.8
1732.257,854.9,1572.0,1924,46,67,13103.5
1732.374,430.2,1572.0,1924,20,70,13105.6
1732.491,430.2,1572.0,1924,98,71,13105.6
1732.609,430.2,1572.0,1924,98,70,13105.6
1732.728,461.7,1572.0,1924,100,67,13116.2
1732.846,591.2,1572.0,1924,30,67,13132.8
1732.964,720.7,1572.0,1924,11,66,13148.1
1733.083,425.6,1572.0,1924,11,67,13159.1
1733.2,425.6,1572.0,1924,56,70,13159.1
1733.32,425.6,1572.0,1924,100,69,13159.1
1733.437,425.6,1572.0,1924,100,68,13159.1
1733.554,586.6,1572.0,1924,91,67,13187.5
1733.672,586.6,1572.0,1924,11,66,13215.1
1733.79,716.1,1572.0,1924,11,66,13140.2
1733.909,845.6,1572.0,1924,9,66,13083.2
1734.026,420.9,1572.0,1924,39,70,13083.3
1734.144,420.9,1572.0,1924,100,71,13083.3
1734.263,420.9,1572.0,1924,100,69,13083.3
1734.381,581.9,1572.0,1924,80,67,13103.6
1734.499,711.4,1572.0,1924,12,66,13135.0
1734.617,840.9,1572.0,1924,12,66,13187.8
1734.734,416.3,1572.0,1924,11,68,12951.8
1734.857,416.3,1572.0,1924,68,71,12951.8
1734.974,416.3,1572.0,1924,100,72,12951.8
1735.093,416.3,1572.0,1924,100,68,12976.1
1735.212,577.3,1572.0,1924,58,67,13038.3
1735.331,706.8,1572.0,1924,8,66,13088.2
1735.449,836.3,1572.0,1924,8,66,13138.2
1735.567,411.6,1572.0,1924,10,67,13177.2
1735.685,411.6,1572.0,1924,64,72,13177.2
1735.803,411.6,1572.0,1924,100,71,13177.2
1735.922,411.6,1572.0,1924,100,68,13200.9
1736.04,572.6,1572.0,1924,55,67,12914.5
1736.16,702.1,1572.0,1924,11,66,12979.3
1736.278,831.6,1572.0,1924,11,66,13052.6
1736.396,407.0,1572.0,1924,9,67,13100.7
1736.514,407.0,1572.0,1924,70,71,13100.7
1736.633,407.0,1572.0,1924,70,71,13100.8
1736.752,407.0,1572.0,1924,100,68,13118.3
1736.869,568.0,1572.0,1924,45,67,13180.9
1736.988,697.5,1572.0,1924,12,66,12974.8
1737.106,827.0,1572.0,1924,12,66,13046.6
1737.224,402.3,1572.0,1924,11,70,13073.3
1737.346,402.3,1572.0,1924,88,70,13073.3
1737.464,402.3,1572.0,1924,88,70,13073.3
1737.582,402.3,1572.0,1924,100,67,13088.1
1737.7,563.3,1572.0,1924,41,66,13140.7
1737.819,692.8,1572.0,1924,8,66,13185.0
1737.937,692.8,1572.0,1924,8,66,13217.7
1738.067,822.3,1572.0,1924,8,66,13276.7
1738.187,397.7,1572.0,1924,42,70,13277.1
1738.306,397.7,1572.0,1924,42,70,13263.8
1738.425,397.7,1572.0,1924,100,69,13251.4
1738.545,558.7,1572.0,1924,87,67,13297.9
1738.665,688.2,1572.0,1924,14,66,13343.4
1738.785,817.7,1572.0,1924,14,66,13411.0
1738.905,393.0,1572.0,1924,12,70,13429.3
1739.049,393.0,1572.0,1924,90,71,13419.3
1739.17,393.0,1572.0,1924,100,70,13410.7
1739.293,424.5,1572.0,1924,100,67,13439.9
1739.414,554.0,1572.0,1924,8,66,13449.5
1739.632,683.5,1572.0,1924,1,66,13387.4
1739.984,683.5,1572.0,1924,3,66,13219.9
1740.507,683.5,1572.0,1924,4,66,13174.6
1740.914,388.4,1572.0,1924,6,71,13162.8
1741.095,388.4,1572.0,1924,97,71,13153.6
1741.214,419.9,1572.0,1924,100,68,13159.1
1741.336,678.9,1572.0,1924,34,67,13152.5
1741.567,808.4,1572.0,1924,4,66,13117.0
1741.899,808.4,1572.0,1924,1,66,13101.1
1742.027,808.4,1572.0,1924,3,66,13083.9
1742.153,808.4,1572.0,1924,3,66,13067.3
1742.274,808.4,1572.0,1924,4,66,13051.4
1742.396,808.4,1572.0,1924,1,66,13035.1
1742.517,808.4,1572.0,1924,2,66,13020.2
1742.64,808.4,1572.0,1924,2,66,13005.1
1742.764,808.4,1572.0,1924,3,66,12972.1
1742.967,808.4,1572.0,1924,3,66,12956.0
1743.095,808.4,1572.0,1924,4,66,12939.3
1743.219,808.4,1572.0,1924,3,66,12922.1
1743.341,808.4,1572.0,1924,2,66,12905.1
1743.463,808.4,1572.0,1924,2,66,12889.4
1743.585,808.4,1572.0,1924,3,66,12872.9
1743.706,808.4,1572.0,1924,3,66,12855.7
1743.828,383.7,1572.0,1924,3,67,12841.9
1743.948,383.7,1572.0,1924,30,71,12832.0
1744.069,383.7,1572.0,1924,100,71,12821.9
1744.189,415.2,1572.0,1924,82,68,12834.5
1744.31,544.7,1572.0,1924,82,67,12837.4
1744.431,544.7,1572.0,1924,5,66,12836.2
1744.553,544.7,1572.0,1924,6,66,12836.0
1744.674,544.7,1572.0,1924,3,66,12819.0
1744.797,674.2,1572.0,1924,3,66,12831.6
1744.924,674.2,1572.0,1924,8,66,12809.3
1745.28,803.7,1572.0,1924,3,66,12771.3
1745.643,379.1,1572.0,1924,3,70,12759.9
1745.78,379.1,1572.0,1924,77,71,12750.2
1745.9,379.1,1572.0,1924,100,69,12740.7
1746.02,540.1,1572.0,1924,3,66,12724.9
1746.343,540.1,1572.0,1924,6,66,12710.2
1746.516,669.6,1572.0,1924,10,66,12720.5
1746.666,799.1,1572.0,1924,13,66,12674.0
1746.798,374.4,1572.0,1924,13,71,12669.8
1746.917,374.4,1572.0,1924,93,71,12659.9
1747.048,374.4,1572.0,1924,100,69,12663.8
1747.169,535.4,1572.0,1924,100,67,12710.1
1747.29,664.9,1572.0,1924,4,66,12665.7
1747.727,664.9,1572.0,1924,4,66,12604.5
1747.944,794.4,1572.0,1924,3,66,12268.0
1748.064,794.4,1572.0,1924,9,66,12250.9
1748.192,794.4,1572.0,1924,3,66,12243.2
1748.312,794.4,1572.0,1924,3,66,12237.2
1748.432,369.8,1572.0,1924,2,70,12232.3
1748.552,369.8,1572.0,1924,91,72,12224.4
1748.671,369.8,1572.0,1924,91,71,12224.4
1748.789,369.8,1572.0,1924,100,68,12221.0
1748.909,369.8,1572.0,1924,21,67,12214.9
1749.03,369.8,1572.0,1924,4,67,12209.8
1749.15,369.8,1572.0,1924,4,67,12202.6
1749.271,373.3,1572.0,1924,3,67,12195.0
1749.392,401.3,1572.0,1924,2,67,12188.5
1749.512,401.3,1572.0,1924,2,66,12174.7
1749.632,401.3,1572.0,1924,2,66,12161.1
1749.752,401.3,1572.0,1924,3,66,12146.6
1749.873,401.3,1572.0,1924,0,66,12132.5
1749.992,530.8,1572.0,1924,0,66,12119.6
1750.113,530.8,1572.0,1924,4,66,12105.2
1750.233,530.8,1572.0,1924,3,66,12092.1
1750.353,530.8,1572.0,1924,3,66,12077.9
1750.472,530.8,1572.0,1924,1,66,12065.6
1750.592,530.8,1572.0,1924,3,66,12051.6
1750.711,530.8,1572.0,1924,3,66,12037.3
1750.831,530.8,1572.0,1924,3,66,12024.7
1750.95,530.8,1572.0,1924,0,66,12010.5
1751.07,530.8,1572.0,1924,3,66,11997.2
1751.189,530.8,1572.0,1924,3,66,11984.3
1751.309,530.8,1572.0,1924,3,66,11971.1
1751.429,530.8,1572.0,1924,1,66,11958.5
1751.548,530.8,1572.0,1924,2,66,11948.9
1751.667,530.8,1572.0,1924,2,66,11939.7
1751.786,530.8,1572.0,1924,3,66,11931.6
1751.906,530.8,1572.0,1924,3,66,11921.9
1752.025,530.8,1572.0,1924,3,66,11912.7
1752.145,530.8,1572.0,1924,3,66,11902.9
1752.265,530.8,1572.0,1924,3,66,11893.3
1752.384,530.8,1572.0,1924,2,66,11884.2
1752.504,660.3,1572.0,1924,2,66,11875.3
1752.623,660.3,1572.0,1924,2,66,11863.6
1752.742,660.3,1572.0,1924,4,66,11850.6
1752.862,660.3,1572.0,1924,4,66,11846.9
1752.981,660.3,1572.0,1924,2,66,11840.0
1753.102,660.3,1572.0,1924,4,66,11826.7
1753.222,660.3,1572.0,1924,4,66,11812.8
1753.343,660.3,1572.0,1924,4,66,11754.5
1753.46,789.8,1572.0,1924,5,66,11570.9
1753.581,343.0,1572.0,1924,10,68,11416.7
1753.699,343.0,1572.0,1924,10,70,11416.7
1753.818,343.0,1572.0,1924,97,71,11416.7
1753.944,343.0,1572.0,1924,100,69,11416.9
1754.062,324.3,1572.0,1924,38,67,11380.6
1754.182,565.0,1572.0,1924,38,67,11378.7
1754.302,280.3,1572.0,1924,48,72,11379.0
1754.426,441.3,1572.0,1924,100,68,11394.1
1754.546,286.3,1572.0,1924,97,68,11402.6
1754.666,286.3,1572.0,1924,97,70,11406.2
1754.787,292.4,1572.0,1924,90,69,11413.4
1754.905,292.4,1572.0,1924,97,71,11413.4
1755.024,453.4,1572.0,1924,97,67,11447.4
1755.142,453.4,1572.0,1924,23,67,11483.8
1755.261,712.4,1572.0,1924,15,66,11513.5
1755.38,298.5,1572.0,1924,40,68,11524.8
1755.5,298.5,1572.0,1924,40,71,11525.2
1755.619,589.0,1572.0,1924,78,67,11553.0
1755.738,718.5,1572.0,1924,16,67,11594.9
1755.856,718.5,1572.0,1924,16,67,11624.9
1755.975,304.5,1572.0,1924,22,72,11624.9
1756.096,336.0,1572.0,1924,90,68,11649.7
1756.214,465.5,1572.0,1924,10,67,11684.0
1756.332,595.0,1572.0,1924,10,66,11724.4
1756.451,724.5,1572.0,1924,9,66,11731.1
1756.57,310.6,1572.0,1924,60,71,11731.7
1756.688,342.1,1572.0,1924,60,69,11736.6
1756.806,601.1,1572.0,1924,57,67,11762.9
1756.925,601.1,1572.0,1924,12,67,11774.5
1757.043,730.6,1572.0,1924,12,66,11813.8
1757.161,316.6,1572.0,1924,13,71,11814.2
1757.28,477.7,1572.0,1924,100,68,11815.1
1757.398,736.7,1572.0,1924,39,66,11825.4
1757.517,322.7,1572.0,1924,39,66,11831.5
1757.635,322.7,1572.0,1924,58,69,11831.5
1757.753,742.7,1572.0,1924,83,67,11833.7
1757.871,328.8,1572.0,1924,83,71,11833.7
1757.989,619.3,1572.0,1924,95,68,11835.8
1758.109,334.8,1572.0,1924,76,71,11836.3
1758.227,625.3,1572.0,1924,89,69,11838.1
1758.349,340.9,1572.0,1924,89,71,11838.2
1758.466,340.9,1572.0,1924,94,69,11755.8
1758.584,631.4,1572.0,1924,35,67,11772.0
1758.702,347.0,1572.0,1924,35,69,11776.0
1758.82,347.0,1572.0,1924,68,71,11777.2
1758.937,508.0,1572.0,1924,56,67,11812.8
1759.056,637.5,1572.0,1924,56,67,11841.0
1759.174,767.0,1572.0,1924,12,66,11864.3
1759.292,353.0,1572.0,1924,14,68,11878.1
1759.41,353.0,1572.0,1924,94,71,11878.1
1759.528,514.0,1572.0,1924,94,67,11896.3
1759.646,643.5,1572.0,1924,22,66,11922.0
1759.765,773.0,1572.0,1924,14,66,11705.5
1759.882,359.1,1572.0,1924,14,69,11706.5
1760.0,390.6,1572.0,1924,78,68,11712.8
1760.119,649.6,1572.0,1924,45,67,11724.9
1760.237,365.1,1572.0,1924,53,70,11728.2
1760.381,365.1,1572.0,1924,53,69,11728.3
1760.499,655.7,1572.0,1924,86,66,11736.4
1760.618,785.2,1572.0,1924,26,66,11744.7
1760.736,371.2,1572.0,1924,81,70,11744.7
1760.854,402.7,1572.0,1924,81,67,11751.0
1760.973,661.7,1572.0,1924,42,66,11764.8
1761.092,377.3,1572.0,1924,31,68,11770.8
1761.21,377.3,1572.0,1924,31,69,11770.8
1761.329,538.3,1572.0,1924,100,67,11779.1
1761.448,667.8,1572.0,1924,24,66,11793.1
1761.567,797.3,1572.0,1924,24,66,11813.5
1761.685,383.3,1572.0,1924,16,66,11827.0
1761.802,383.3,1572.0,1924,68,70,11827.0
1761.92,544.3,1572.0,1924,51,67,11835.2
1762.039,803.3,1572.0,1924,51,66,11850.0
1762.157,389.4,1572.0,1924,21,69,11854.4
1762.274,389.4,1572.0,1924,89,68,11854.4
1762.392,550.4,1572.0,1924,89,66,11865.9
1762.511,809.4,1572.0,1924,45,66,11875.4
1762.629,395.5,1572.0,1924,35,69,11877.2
1762.747,395.5,1572.0,1924,91,68,11880.4
1762.867,686.0,1572.0,1924,91,66,11891.1
1762.985,815.5,1572.0,1924,20,66,11899.4
1763.104,401.5,1572.0,1924,65,72,11899.4
1763.222,562.5,1572.0,1924,65,67,11908.8
1763.34,821.5,1572.0,1924,58,66,11933.1
1763.458,407.6,1572.0,1924,35,71,11937.3
1763.576,407.6,1572.0,1924,87,69,11940.1
1763.697,698.1,1572.0,1924,87,67,11953.7
1763.815,827.6,1572.0,1924,17,66,11937.1
1763.934,413.6,1572.0,1924,68,71,11881.0
1764.074,574.7,1572.0,1924,68,67,11770.1
1764.195,419.7,1572.0,1924,55,66,11779.9
1764.313,419.7,1572.0,1924,56,70,11779.9
1764.448,580.7,1572.0,1924,80,67,11797.7
1764.566,839.7,1572.0,1924,80,66,11823.8
1764.684,425.8,1572.0,1924,24,68,11834.8
1764.803,425.8,1572.0,1924,91,70,11837.1
1764.922,716.3,1572.0,1924,36,66,11866.7
1765.041,431.8,1572.0,1924,36,66,11889.3
1765.16,431.8,1572.0,1924,50,71,11889.3
1765.279,592.8,1572.0,1924,75,68,11931.8
1765.4,722.3,1572.0,1924,75,67,12022.0
1765.52,722.3,1572.0,1924,12,66,12037.2
1765.641,722.3,1572.0,1924,4,66,12040.8
1765.761,722.3,1572.0,1924,1,66,12042.3
1765.882,851.8,1572.0,1924,1,66,12023.2
1766.002,851.8,1572.0,1924,2,66,11887.1
1766.122,851.8,1572.0,1924,5,66,11843.4
1766.243,851.8,1572.0,1924,5,66,11825.1
1766.363,851.8,1572.0,1924,3,66,11807.7
1766.482,437.9,1572.0,1924,25,70,11802.9
1766.599,437.9,1572.0,1924,79,68,11780.9
1766.722,598.9,1572.0,1924,79,66,11737.5
1766.843,598.9,1572.0,1924,5,66,11669.4
1766.964,728.4,1572.0,1924,5,66,11522.4
1767.085,728.4,1572.0,1924,5,66,11393.7
1767.205,857.9,1572.0,1924,9,66,11239.8
1767.324,857.9,1572.0,1924,6,66,11147.0
1767.447,393.9,1572.0,1924,62,72,11148.7
1767.568,399.0,1572.0,1924,62,67,11233.3
1767.692,399.0,1572.0,1924,45,66,11374.5
1767.813,399.0,1572.0,1924,0,66,11447.5
1767.943,399.0,1572.0,1924,0,66,11333.5
1768.07,399.0,1572.0,1924,0,66,11398.6
1768.196,399.0,1572.0,1924,5,66,11458.5
1768.321,399.0,1572.0,1924,3,66,11529.2
1768.446,399.0,1572.0,1924,0,66,11583.7
1768.573,399.0,1572.0,1924,0,66,11676.9
1768.698,399.0,1572.0,1924,3,66,11802.4
1768.822,399.0,1572.0,1924,0,66,11879.2
1768.949,399.0,1572.0,1924,0,66,11958.8
1769.073,399.0,1572.0,1924,0,66,12032.8
1769.2,399.0,1572.0,1924,3,66,12104.8
1769.326,399.0,1572.0,1924,0,66,12175.5
1769.451,399.0,1572.0,1924,0,66,12238.3
1769.576,399.0,1572.0,1924,0,66,12370.3
1769.702,399.0,1572.0,1924,3,66,12456.5
1769.827,399.0,1572.0,1924,0,66,12529.8
1769.953,399.0,1572.0,1924,0,66,12607.9
1770.077,399.0,1572.0,1924,0,66,12678.1
1770.202,399.0,1572.0,1924,6,66,12742.7
1770.329,399.0,1572.0,1924,0,66,12762.7
1770.466,399.0,1572.0,1924,0,66,12875.9
1770.591,399.0,1572.0,1924,0,66,12959.2
1770.719,399.0,1572.0,1924,3,65,13042.3
1770.844,399.0,1572.0,1924,0,65,13120.2
1770.969,399.0,1572.0,1924,0,65,13193.7
1771.097,399.0,1572.0,1924,0,65,13216.4
1771.216,399.0,1572.0,1924,4,65,13393.4
1771.343,399.0,1572.0,1924,0,65,13405.2
1772.16,399.0,1572.0,1924,0,65,13335.2
1772.675,399.0,1572.0,1924,3,65,13196.0
1773.375,399.0,1572.0,1924,3,65,13121.6
1773.882,399.0,1572.0,1924,0,65,12730.8
1774.009,399.0,1572.0,1924,0,65,12776.5
1774.141,399.0,1572.0,1924,3,65,12820.3
1774.268,399.0,1572.0,1924,3,65,12863.4
1774.395,399.0,1572.0,1924,0,65,12906.4
1774.521,399.0,1572.0,1924,0,65,12948.6
1774.648,399.0,1572.0,1924,3,65,12992.8
1774.775,399.0,1572.0,1924,0,65,13033.3
1774.904,399.0,1572.0,1924,0,65,13073.3
1775.031,399.0,1572.0,1924,0,65,13112.5
1775.158,399.0,1572.0,1924,3,65,13151.3
1775.286,399.0,1572.0,1924,0,65,13187.5
1775.415,399.0,1572.0,1924,0,65,13213.2
1775.541,399.0,1572.0,1924,0,65,13222.3
1775.668,399.0,1572.0,1924,3,65,13231.5
1775.796,399.0,1572.0,1924,0,65,13242.1
1775.923,399.0,1572.0,1924,0,65,13252.6
1776.05,399.0,1572.0,1924,0,65,13262.0
1776.179,399.0,1572.0,1924,3,65,13269.7
1776.314,399.0,1572.0,1924,0,65,13278.7
1776.443,399.0,1572.0,1924,0,65,13287.4
1776.572,399.0,1572.0,1924,0,65,13283.8
1776.702,399.0,1572.0,1924,3,65,13275.2
1776.832,399.0,1572.0,1924,0,65,13266.6
1776.961,399.0,1572.0,1924,0,65,13257.4
1777.098,399.0,1572.0,1924,0,65,13248.9
1777.228,399.0,1572.0,1924,3,65,13241.5
1777.359,399.0,1572.0,1924,0,65,13232.2
1777.489,399.0,1572.0,1924,1,65,13223.1
1777.618,399.0,1572.0,1924,1,65,13213.9
1777.747,399.0,1572.0,1924,3,65,13204.9
1777.875,848.7,1572.0,1924,0,65,12988.9
1777.995,431.4,1592.0,1944,85,68,12982.0
1778.115,431.4,1592.0,1944,85,70,12972.3
1778.234,431.4,1592.0,1944,100,69,12962.8
1778.354,592.4,1592.0,1944,82,67,13002.8
1778.472,851.4,1592.0,1944,27,67,13053.2
1778.613,429.0,1592.0,1944,27,70,13045.2
1778.731,429.0,1592.0,1944,100,72,13034.5
1778.849,429.0,1592.0,1944,100,69,13024.0
1778.968,849.0,1592.0,1944,57,67,13035.6
1779.087,426.6,1592.0,1944,57,71,13025.4
1779.206,426.6,1592.0,1944,98,72,13014.9
1779.325,426.6,1592.0,1944,100,69,13004.4
1779.444,846.6,1592.0,1944,100,68,12998.5
1779.563,424.2,1592.0,1944,60,71,12988.6
1779.698,424.2,1592.0,1944,100,70,12978.7
1779.817,424.2,1592.0,1944,100,68,12968.6
1779.935,585.3,1592.0,1944,100,67,12967.7
1780.054,421.9,1592.0,1944,36,68,12962.7
1780.172,421.9,1592.0,1944,83,71,12952.1
1780.293,421.9,1592.0,1944,83,72,12941.9
1780.412,425.4,1592.0,1944,100,69,12934.2
1780.531,712.4,1592.0,1944,53,67,12937.7
1780.65,419.5,1592.0,1944,31,69,12934.6
1780.77,419.5,1592.0,1944,31,70,12924.0
1780.889,419.5,1592.0,1944,100,71,12910.7
1781.007,419.5,1592.0,1944,100,69,12897.3
1781.126,710.0,1592.0,1944,100,67,12896.2
1781.248,839.5,1592.0,1944,42,68,12903.4
1781.393,417.1,1592.0,1944,54,71,12895.2
1781.512,417.1,1592.0,1944,100,71,12886.6
1781.631,417.1,1592.0,1944,100,69,12875.4
1781.749,578.1,1592.0,1944,100,67,12870.1
1781.868,707.6,1592.0,1944,35,67,12870.0
1781.986,414.7,1592.0,1944,40,67,12865.3
1782.108,414.7,1592.0,1944,40,70,12854.9
1782.226,414.7,1592.0,1944,100,72,12844.4
1782.345,418.2,1592.0,1944,94,69,12837.0
1782.464,705.2,1592.0,1944,94,68,12836.5
1782.583,412.3,1592.0,1944,20,69,12830.9
1782.704,412.3,1592.0,1944,74,72,12821.9
1782.822,412.3,1592.0,1944,100,69,12815.3
1782.943,412.3,1592.0,1944,100,69,12804.9
1783.063,573.3,1592.0,1944,100,67,12802.8
1783.182,702.8,1592.0,1944,18,67,12805.0
1783.301,409.9,1592.0,1944,18,67,12804.9
1783.42,409.9,1592.0,1944,39,70,12794.8
1783.539,409.9,1592.0,1944,100,72,12785.2
1783.658,409.9,1592.0,1944,99,70,12775.3
1783.778,570.9,1592.0,1944,99,68,12780.5
1783.896,700.4,1592.0,1944,12,67,12784.5
1784.015,829.9,1592.0,1944,14,67,12789.1
1784.134,407.5,1592.0,1944,14,72,12779.1
1784.272,407.5,1592.0,1944,86,70,12768.5
1784.392,407.5,1592.0,1944,100,70,12758.3
1784.511,568.5,1592.0,1944,68,68,12756.4
1784.631,698.0,1592.0,1944,68,67,12760.5
1784.75,827.5,1592.0,1944,15,67,12763.1
1784.868,405.1,1592.0,1944,37,70,12702.4
1785.004,405.1,1592.0,1944,100,69,12702.4
1785.122,405.1,1592.0,1944,100,70,12702.4
1785.241,405.1,1592.0,1944,100,68,12704.7
1785.359,566.1,1592.0,1944,35,67,12715.4
1785.477,825.1,1592.0,1944,35,67,12653.8
1785.597,402.7,1592.0,1944,16,69,12513.2
1785.714,402.7,1592.0,1944,77,69,12513.2
1785.833,402.7,1592.0,1944,100,70,12513.2
1785.952,402.7,1592.0,1944,100,68,12513.2
1786.07,563.7,1592.0,1944,79,67,12534.3
1786.188,822.7,1592.0,1944,20,67,12543.9
1786.306,400.3,1592.0,1944,20,69,12548.5
1786.445,400.3,1592.0,1944,67,69,12548.5
1786.563,400.3,1592.0,1944,100,70,12548.5
1786.681,400.3,1592.0,1944,90,68,12558.2
1786.802,561.3,1592.0,1944,90,67,12590.5
1786.92,690.8,1592.0,1944,10,67,12624.5
1787.038,820.3,1592.0,1944,15,67,12657.2
1787.157,397.9,1592.0,1944,15,71,12668.0
1787.275,397.9,1592.0,1944,64,69,12668.0
1787.395,397.9,1592.0,1944,100,70,12668.0
1787.513,397.9,1592.0,1944,90,68,12677.1
1787.633,559.0,1592.0,1944,90,67,12612.1
1787.753,688.5,1592.0,1944,13,67,12617.0
1787.872,818.0,1592.0,1944,10,67,12471.9
1787.991,395.6,1592.0,1944,10,68,12505.6
1788.109,395.6,1592.0,1944,41,72,12505.6
1788.227,395.6,1592.0,1944,100,72,12505.7
1788.345,395.6,1592.0,1944,84,70,12515.8
1788.464,556.6,1592.0,1944,84,67,12559.8
1788.583,686.1,1592.0,1944,10,67,12587.0
1788.701,686.1,1592.0,1944,10,67,12619.8
1788.82,815.6,1592.0,1944,10,67,12657.0
1788.938,393.2,1592.0,1944,23,71,12658.2
1789.056,393.2,1592.0,1944,100,72,12606.4
1789.176,393.2,1592.0,1944,100,69,12555.7
1789.294,554.2,1592.0,1944,100,68,12573.9
1789.412,683.7,1592.0,1944,19,67,12603.7
1789.533,390.8,1592.0,1944,21,68,12628.2
1789.653,390.8,1592.0,1944,21,70,12628.2
1789.771,390.8,1592.0,1944,100,71,12623.3
1789.89,390.8,1592.0,1944,100,69,12612.9
1790.009,681.3,1592.0,1944,100,68,12618.3
1790.129,363.9,1592.0,1944,42,69,12614.5
1790.248,388.4,1592.0,1944,61,71,12602.2
1790.373,388.4,1592.0,1944,100,70,12591.0
1790.492,388.4,1592.0,1944,100,68,12580.8
1790.611,678.9,1592.0,1944,93,67,12583.2
1790.731,386.0,1592.0,1944,25,68,12585.3
1790.85,386.0,1592.0,1944,25,71,12576.8
1790.972,386.0,1592.0,1944,92,70,12566.5
1791.093,386.0,1592.0,1944,100,69,12556.4
1791.212,547.0,1592.0,1944,65,67,12562.3
1791.331,806.0,1592.0,1944,65,67,12577.5
1791.45,420.9,1592.0,1944,18,68,12614.3
1791.59,383.6,1592.0,1944,61,71,12605.7
1791.714,383.6,1592.0,1944,100,70,12595.0
1791.833,383.6,1592.0,1944,100,69,12584.6
1791.951,544.6,1592.0,1944,99,67,12599.0
1792.071,674.1,1592.0,1944,15,67,12635.3
1792.19,803.6,1592.0,1944,15,67,12689.7
1792.311,381.2,1592.0,1944,12,68,12715.9
1792.43,381.2,1592.0,1944,62,70,12707.7
1792.55,381.2,1592.0,1944,100,70,12697.4
1792.67,381.2,1592.0,1944,100,68,12687.0
1792.789,542.2,1592.0,1944,89,67,12706.8
1792.908,671.7,1592.0,1944,9,67,12731.7
1793.028,671.7,1592.0,1944,9,67,12762.7
1793.148,378.8,1592.0,1944,11,70,12763.1
1793.269,378.8,1592.0,1944,79,72,12752.8
1793.388,378.8,1592.0,1944,100,72,12742.5
1793.508,539.8,1592.0,1944,100,68,12748.8
1793.627,669.3,1592.0,1944,55,68,12769.0
1793.768,798.8,1592.0,1944,11,67,12784.2
1793.956,376.4,1592.0,1944,6,70,12779.4
1794.157,376.4,1592.0,1944,91,71,12769.4
1794.28,376.4,1592.0,1944,100,69,12759.1
1794.402,537.4,1592.0,1944,55,67,12755.6
1794.637,537.4,1592.0,1944,5,67,12716.5
1794.948,666.9,1592.0,1944,9,67,12693.8
1795.221,796.4,1592.0,1944,2,67,12648.7
1795.593,374.0,1592.0,1944,100,70,12612.1
1795.885,374.0,1592.0,1944,100,69,12600.0
1796.015,405.5,1592.0,1944,2,67,12547.9
1796.39,535.0,1592.0,1944,4,67,12504.4
1796.75,794.0,1592.0,1944,3,67,12468.0
1797.066,794.0,1592.0,1944,5,67,12447.4
1797.28,794.0,1592.0,1944,6,68,12408.7
1797.493,371.6,1592.0,1944,39,70,12380.8
1797.615,371.6,1592.0,1944,100,71,12233.5
1797.748,371.6,1592.0,1944,100,69,12035.9
1797.867,532.7,1592.0,1944,100,68,12070.7
1797.997,532.7,1592.0,1944,23,67,12112.8
1798.119,662.2,1592.0,1944,8,67,12099.3
1798.238,662.2,1592.0,1944,2,67,12085.7
1798.357,662.2,1592.0,1944,2,67,12071.9
1798.477,662.2,1592.0,1944,2,67,12057.6
1798.596,662.2,1592.0,1944,4,67,12044.2
1798.715,662.2,1592.0,1944,4,67,12029.9
1798.836,662.2,1592.0,1944,2,67,12015.5
1798.956,662.2,1592.0,1944,2,67,12000.9
1799.075,662.2,1592.0,1944,4,67,11986.7
1799.195,662.2,1592.0,1944,4,67,11972.5
1799.315,662.2,1592.0,1944,2,67,11958.7
1799.435,662.2,1592.0,1944,1,67,11944.3
1799.554,662.2,1592.0,1944,1,67,11930.3
1799.674,662.2,1592.0,1944,5,67,11915.8
1799.795,662.2,1592.0,1944,1,67,11902.2
1799.914,662.2,1592.0,1944,3,67,11887.6
1800.033,662.2,1592.0,1944,3,67,11873.0
1800.153,662.2,1592.0,1944,4,67,11858.4
1800.273,662.2,1592.0,1944,2,67,11843.4
1800.392,662.2,1592.0,1944,2,67,11829.5
1800.512,662.2,1592.0,1944,2,67,11813.1
1800.633,662.2,1592.0,1944,5,67,11792.4
1800.753,791.7,1592.0,1944,6,67,11573.8
1800.871,369.3,1592.0,1944,6,71,11540.8
1800.989,369.3,1592.0,1944,58,72,11540.8
1801.107,369.3,1592.0,1944,100,72,11540.8
1801.225,369.3,1592.0,1944,100,69,11530.6
1801.35,530.3,1592.0,1944,68,68,11532.0
1801.471,530.3,1592.0,1944,7,67,11579.3
1801.594,659.8,1592.0,1944,10,67,11628.6
1801.715,789.3,1592.0,1944,10,67,11672.9
1801.835,789.3,1592.0,1944,7,67,11695.2
1801.956,789.3,1592.0,1944,5,67,11260.8
1802.075,344.9,1592.0,1944,67,72,11263.9
1802.198,344.9,1592.0,1944,67,72,11263.9
1802.316,344.9,1592.0,1944,100,70,11263.9
1802.435,324.3,1592.0,1944,54,68,11281.4
1802.553,357.9,1592.0,1944,54,69,11203.7
1802.67,357.9,1592.0,1944,71,72,11203.7
1802.788,389.5,1592.0,1944,100,70,11215.8
1802.907,364.4,1592.0,1944,91,71,11220.4
1803.026,364.4,1592.0,1944,91,72,11220.4
1803.144,655.0,1592.0,1944,96,69,11223.3
1803.263,370.9,1592.0,1944,62,70,11238.8
1803.38,370.9,1592.0,1944,62,72,11238.8
1803.498,532.0,1592.0,1944,100,69,11246.1
1803.616,791.0,1592.0,1944,28,68,11253.6
1803.734,377.4,1592.0,1944,28,71,11253.6
1803.852,377.4,1592.0,1944,86,73,11253.6
1803.974,797.5,1592.0,1944,75,69,11261.7
1804.092,383.9,1592.0,1944,53,70,11266.4
1804.211,383.9,1592.0,1944,53,72,11266.4
1804.33,545.0,1592.0,1944,100,69,11269.9
1804.448,390.4,1592.0,1944,30,69,11275.5
1804.567,390.4,1592.0,1944,30,71,11275.5
1804.685,390.4,1592.0,1944,97,71,11276.3
1804.804,396.9,1592.0,1944,70,70,11278.7
1804.922,396.9,1592.0,1944,92,72,11278.7
1805.04,428.5,1592.0,1944,92,70,11279.2
1805.161,403.4,1592.0,1944,78,70,11280.0
1805.278,403.4,1592.0,1944,95,72,11280.0
1805.396,694.0,1592.0,1944,95,69,11280.5
1805.515,409.9,1592.0,1944,78,71,11280.8
1805.633,409.9,1592.0,1944,100,73,11280.8
1805.751,416.4,1592.0,1944,78,69,11281.5
1805.868,416.4,1592.0,1944,78,71,11281.5
1805.986,416.4,1592.0,1944,100,73,11281.8
1806.104,836.5,1592.0,1944,62,69,11287.3
1806.222,422.9,1592.0,1944,62,72,11287.3
1806.34,422.9,1592.0,1944,98,73,11288.1
1806.459,713.5,1592.0,1944,57,69,11311.4
1806.579,429.4,1592.0,1944,57,71,11315.9
1806.697,429.4,1592.0,1944,85,72,11315.9
1806.816,590.5,1592.0,1944,79,69,11340.2
1806.934,720.0,1592.0,1944,14,68,11371.1
1807.052,435.9,1592.0,1944,14,69,11384.5
1807.171,435.9,1592.0,1944,54,71,11384.5
1807.289,435.9,1592.0,1944,100,70,11388.5
1807.408,597.0,1592.0,1944,100,68,11412.1
1807.525,726.5,1592.0,1944,13,68,11432.6
1807.643,442.4,1592.0,1944,18,69,11447.2
1807.761,442.4,1592.0,1944,88,71,11447.2
1807.878,442.4,1592.0,1944,88,70,11449.9
1807.996,603.5,1592.0,1944,57,68,11462.1
1808.115,862.5,1592.0,1944,22,68,11470.7
1808.233,448.9,1592.0,1944,22,70,11472.1
1808.35,448.9,1592.0,1944,80,71,11472.1
1808.468,610.0,1592.0,1944,67,69,11484.2
1808.587,739.5,1592.0,1944,67,68,11499.3
1808.705,869.0,1592.0,1944,15,67,11511.8
1808.823,455.4,1592.0,1944,13,69,11518.0
1808.941,455.4,1592.0,1944,100,71,11518.0
1809.058,487.0,1592.0,1944,100,69,11526.4
1809.176,616.5,1592.0,1944,48,68,11549.8
1809.294,746.0,1592.0,1944,10,67,11561.9
1809.412,875.5,1592.0,1944,10,67,11575.0
1809.53,461.9,1592.0,1944,10,69,11580.8
1809.648,461.9,1592.0,1944,80,71,11580.8
1809.766,493.5,1592.0,1944,64,69,11592.1
1809.884,623.0,1592.0,1944,64,68,11614.8
1810.002,752.5,1592.0,1944,9,67,11641.3
1810.12,882.0,1592.0,1944,13,67,11662.3
1810.238,468.4,1592.0,1944,13,67,11680.3
1810.356,468.4,1592.0,1944,44,71,11680.3
1810.473,468.4,1592.0,1944,100,70,11686.0
1810.592,629.5,1592.0,1944,100,68,11706.0
1810.71,759.0,1592.0,1944,12,67,11729.6
1810.829,888.5,1592.0,1944,13,67,11755.9
1810.948,474.9,1592.0,1944,45,68,11766.8
1811.065,474.9,1592.0,1944,45,71,11766.8
1811.183,506.5,1592.0,1944,100,69,11776.1
1811.301,636.0,1592.0,1944,24,68,11804.7
1811.419,765.5,1592.0,1944,24,67,11825.7
1811.537,895.0,1592.0,1944,11,67,11844.5
1811.654,481.4,1592.0,1944,54,70,11844.5
1811.772,481.4,1592.0,1944,54,70,11846.9
1811.89,642.5,1592.0,1944,89,68,11873.5
1812.009,772.0,1592.0,1944,9,67,11896.2
1812.126,901.5,1592.0,1944,13,67,11922.9
1812.244,487.9,1592.0,1944,13,67,11944.7
1812.361,487.9,1592.0,1944,37,70,11944.7
1812.479,487.9,1592.0,1944,100,70,11946.2
1812.597,649.0,1592.0,1944,100,67,11980.6
1812.715,778.5,1592.0,1944,34,66,12011.6
1812.833,908.0,1592.0,1944,10,66,12048.3
1812.959,494.4,1592.0,1944,47,67,12056.4
1813.078,494.4,1592.0,1944,47,70,11824.4
1813.197,526.0,1592.0,1944,100,68,11796.5
1813.315,655.5,1592.0,1944,17,67,11831.2
1813.434,785.0,1592.0,1944,17,67,11859.7
1813.552,500.9,1592.0,1944,10,68,11867.8
1813.67,500.9,1592.0,1944,62,70,11867.8
1813.788,500.9,1592.0,1944,88,70,11870.2
1813.906,791.5,1592.0,1944,88,68,11880.8
1814.024,507.4,1592.0,1944,15,68,11887.4
1814.142,507.4,1592.0,1944,85,71,11887.4
1814.259,507.4,1592.0,1944,85,69,11889.6
1814.378,798.0,1592.0,1944,73,68,11902.5
1814.497,513.9,1592.0,1944,26,70,11910.8
1814.615,513.9,1592.0,1944,26,71,11910.8
1814.732,675.0,1592.0,1944,100,69,11916.7
1814.85,934.0,1592.0,1944,48,68,11945.3
1814.968,520.4,1592.0,1944,68,71,11947.0
1815.087,520.4,1592.0,1944,68,72,11947.0
1815.204,681.5,1592.0,1944,85,68,11980.4
1815.323,811.0,1592.0,1944,11,67,12064.7
1815.456,940.5,1592.0,1944,9,67,12092.9
1815.574,526.9,1592.0,1944,9,68,12121.5
1815.694,526.9,1592.0,1944,50,71,12112.3
1815.819,526.9,1592.0,1944,95,69,12035.8
1815.945,688.0,1592.0,1944,95,67,12047.3
1816.065,688.0,1592.0,1944,5,67,12041.8
1816.186,688.0,1592.0,1944,5,67,12040.8
1816.307,688.0,1592.0,1944,2,67,11914.6
1816.428,817.5,1592.0,1944,2,67,11833.9
1816.547,947.0,1592.0,1944,8,67,11860.4
1816.665,947.0,1592.0,1944,8,66,11897.2
1816.784,483.4,1592.0,1944,8,70,11910.1
1816.903,483.4,1592.0,1944,58,71,11910.1
1817.021,488.9,1592.0,1944,84,68,11988.3
1817.145,488.9,1592.0,1944,3,67,12089.7
1817.269,488.9,1592.0,1944,3,67,12092.4
1817.394,488.9,1592.0,1944,0,67,12127.6
1817.522,488.9,1592.0,1944,1,67,12245.3
1817.647,488.9,1592.0,1944,2,67,12280.4
1817.792,488.9,1592.0,1944,0,67,12319.5
1817.918,488.9,1592.0,1944,0,67,12350.5
1818.048,488.9,1592.0,1944,1,67,12400.5
1818.173,488.9,1592.0,1944,2,67,12498.2
1818.299,488.9,1592.0,1944,0,67,12560.7
1818.426,488.9,1592.0,1944,0,67,12592.0
1818.554,488.9,1592.0,1944,1,67,12633.4
1818.685,488.9,1592.0,1944,2,67,12710.4
1818.831,488.9,1592.0,1944,0,67,12734.4
1818.976,488.9,1592.0,1944,2,67,12519.1
1819.124,488.9,1592.0,1944,2,67,12552.0
1819.251,488.9,1592.0,1944,2,67,12587.2
1819.377,488.9,1592.0,1944,0,67,12660.4
1819.504,488.9,1592.0,1944,2,67,12703.9
1819.64,488.9,1592.0,1944,2,67,12754.0
1819.767,488.9,1592.0,1944,2,66,12734.5
1819.896,488.9,1592.0,1944,0,66,12314.8
1820.021,488.9,1592.0,1944,1,66,12390.8
1820.165,488.9,1592.0,1944,2,66,12453.0
1820.29,488.9,1592.0,1944,2,66,12504.0
1820.414,488.9,1592.0,1944,0,66,12605.5
1820.539,488.9,1592.0,1944,1,66,12676.1
1820.665,488.9,1592.0,1944,2,66,12726.6
1820.794,488.9,1592.0,1944,2,66,12825.2
1820.919,488.9,1592.0,1944,0,66,12834.1
1821.046,488.9,1592.0,1944,1,66,12723.7
1821.174,488.9,1592.0,1944,2,66,12414.9
1821.302,488.9,1592.0,1944,0,66,12497.7
1821.428,488.9,1592.0,1944,0,66,12564.5
1821.553,488.9,1592.0,1944,2,66,12626.1
1821.678,488.9,1592.0,1944,2,66,12689.0
1821.802,488.9,1592.0,1944,2,66,12750.7
1821.928,488.9,1592.0,1944,0,66,13004.8
1822.05,489.0,1592.0,1944,2,66,13163.9
1822.174,489.0,1592.0,1944,2,66,12741.3
1822.299,489.0,1592.0,1944,2,66,12741.5
1822.428,489.0,1592.0,1944,0,66,12741.5
1822.555,489.0,1592.0,1944,2,66,12741.5
1822.683,489.0,1592.0,1944,3,66,12741.5
1822.81,489.0,1592.0,1944,0,66,12741.5
1822.937,489.0,1592.0,1944,0,66,12741.5
1823.064,489.0,1592.0,1944,2,66,12741.5
1823.191,489.0,1592.0,1944,2,66,12741.5
1823.316,489.0,1592.0,1944,0,66,12741.5
1823.443,489.0,1592.0,1944,0,66,12741.5
1823.568,489.0,1592.0,1944,2,66,12741.5
1823.694,489.0,1592.0,1944,2,66,12741.5
1823.821,494.5,1592.0,1944,1,66,12507.0
1823.939,680.0,1592.0,1944,1,66,12553.4
1824.057,809.5,1592.0,1944,12,66,12581.2
1824.175,939.0,1592.0,1944,10,66,12604.9
1824.293,519.0,1632.0,1984,10,68,12611.6
1824.411,519.0,1632.0,1984,80,69,12611.6
1824.528,519.0,1632.0,1984,100,70,12611.6
1824.646,519.0,1632.0,1984,100,69,12611.6
1824.764,680.0,1632.0,1984,100,67,12632.5
1824.882,809.5,1632.0,1984,18,67,12667.9
1825.0,809.5,1632.0,1984,9,67,12713.6
1825.118,513.4,1632.0,1984,9,67,12736.4
1825.236,513.4,1632.0,1984,47,70,12736.4
1825.354,513.4,1632.0,1984,100,72,12736.4
1825.472,513.4,1632.0,1984,100,72,12736.4
1825.59,674.5,1632.0,1984,100,68,12740.3
1825.708,933.5,1632.0,1984,44,67,12762.1
1825.826,507.9,1632.0,1984,61,70,12767.6
1825.944,507.9,1632.0,1984,61,71,12767.6
1826.062,507.9,1632.0,1984,100,73,12767.6
1826.18,507.9,1632.0,1984,100,70,12767.6
1826.298,798.4,1632.0,1984,100,68,12775.0
1826.416,927.9,1632.0,1984,33,67,12790.0
1826.534,502.3,1632.0,1984,53,70,12790.4
1826.652,502.3,1632.0,1984,53,71,12790.4
1826.769,502.3,1632.0,1984,100,73,12790.4
1826.887,502.3,1632.0,1984,100,70,12791.7
1827.005,663.3,1632.0,1984,37,68,12804.7
1827.123,792.8,1632.0,1984,37,67,12816.4
1827.242,496.7,1632.0,1984,28,70,12817.3
1827.359,496.7,1632.0,1984,100,71,12817.3
1827.477,496.7,1632.0,1984,100,72,12817.3
1827.596,496.7,1632.0,1984,100,70,12817.3
1827.714,657.7,1632.0,1984,62,68,12827.9
1827.831,787.2,1632.0,1984,11,67,12841.4
1827.949,1016.5,1632.0,1984,11,68,12850.3
1828.066,491.1,1632.0,1984,48,71,12850.3
1828.184,491.1,1632.0,1984,100,72,12850.3
1828.302,491.1,1632.0,1984,100,73,12850.3
1828.422,652.1,1632.0,1984,100,69,12854.3
1828.54,781.6,1632.0,1984,40,67,12865.8
1828.658,911.1,1632.0,1984,40,67,12878.5
1828.776,485.6,1632.0,1984,24,70,12878.5
1828.893,485.6,1632.0,1984,100,72,12878.5
1829.011,485.6,1632.0,1984,100,73,12878.5
1829.129,485.6,1632.0,1984,100,70,12881.1
1829.247,646.6,1632.0,1984,61,68,12889.6
1829.365,905.6,1632.0,1984,13,67,12898.6
1829.483,480.0,1632.0,1984,13,68,12904.2
1829.616,480.0,1632.0,1984,42,71,12904.2
1829.733,480.0,1632.0,1984,100,73,12904.2
1829.85,480.0,1632.0,1984,100,72,12904.2
1829.968,641.0,1632.0,1984,100,68,12908.8
1830.087,770.5,1632.0,1984,48,67,12916.6
1830.205,900.0,1632.0,1984,16,67,12924.9
1830.322,474.4,1632.0,1984,16,70,12925.2
1830.44,474.4,1632.0,1984,82,72,12925.2
1830.558,474.4,1632.0,1984,100,73,12925.2
1830.676,474.4,1632.0,1984,86,69,12926.9
1830.798,635.4,1632.0,1984,86,68,12938.0
1830.915,764.9,1632.0,1984,10,67,12948.2
1831.033,894.4,1632.0,1984,13,67,12959.6
1831.151,468.8,1632.0,1984,13,70,12961.5
1831.269,468.8,1632.0,1984,82,71,12961.5
1831.387,468.8,1632.0,1984,100,73,12961.5
1831.505,468.8,1632.0,1984,100,69,12961.9
1831.623,629.8,1632.0,1984,89,68,12977.1
1831.741,759.3,1632.0,1984,11,67,12991.3
1831.859,888.8,1632.0,1984,9,67,13005.6
1831.976,931.4,1632.0,1984,9,67,13016.9
1832.094,463.2,1632.0,1984,39,70,13016.9
1832.212,463.2,1632.0,1984,100,72,13016.9
1832.33,463.2,1632.0,1984,100,73,13016.9
1832.448,463.2,1632.0,1984,100,69,13020.2
1832.567,624.3,1632.0,1984,43,67,13031.4
1832.685,753.8,1632.0,1984,11,67,13042.0
1832.803,883.3,1632.0,1984,11,67,13052.6
1832.92,457.7,1632.0,1984,10,69,13056.8
1833.037,457.7,1632.0,1984,100,70,13056.8
1833.156,457.7,1632.0,1984,100,73,13056.8
1833.273,457.7,1632.0,1984,100,70,13056.8
1833.391,618.7,1632.0,1984,69,68,13063.9
1833.509,748.2,1632.0,1984,69,67,13074.6
1833.628,877.7,1632.0,1984,13,67,13088.6
1833.746,452.1,1632.0,1984,21,69,13092.2
1833.864,452.1,1632.0,1984,100,71,13092.2
1833.981,452.1,1632.0,1984,100,72,13092.2
1834.099,452.1,1632.0,1984,100,70,13092.2
1834.217,613.1,1632.0,1984,59,68,13102.5
1834.334,742.6,1632.0,1984,59,67,13114.3
1834.452,872.1,1632.0,1984,14,67,13124.7
1834.57,446.5,1632.0,1984,51,70,13124.9
1834.688,446.5,1632.0,1984,51,72,13124.9
1834.805,446.5,1632.0,1984,100,72,13124.9
1834.923,446.5,1632.0,1984,100,70,13129.2
1835.041,607.5,1632.0,1984,33,67,13153.1
1835.16,737.0,1632.0,1984,33,67,13175.6
1835.277,866.5,1632.0,1984,11,67,13194.3
1835.396,440.9,1632.0,1984,29,69,13201.1
1835.535,440.9,1632.0,1984,100,68,13201.1
1835.656,440.9,1632.0,1984,100,70,13201.1
1835.774,440.9,1632.0,1984,100,69,13201.1
1835.891,472.4,1632.0,1984,68,67,13223.9
1836.011,601.9,1632.0,1984,68,67,13254.6
1836.13,860.9,1632.0,1984,12,67,13277.5
1836.248,435.4,1632.0,1984,20,69,13284.1
1836.368,435.4,1632.0,1984,100,71,13274.3
1836.488,435.4,1632.0,1984,100,72,13260.9
1836.608,435.4,1632.0,1984,100,70,13242.9
1836.728,596.4,1632.0,1984,63,68,13256.5
1836.849,725.9,1632.0,1984,63,67,13276.6
1836.969,429.8,1632.0,1984,16,70,13270.1
1837.089,429.8,1632.0,1984,92,70,13260.1
1837.207,429.8,1632.0,1984,100,73,13250.1
1837.326,429.8,1632.0,1984,100,69,13240.0
1837.445,720.3,1632.0,1984,81,68,13245.6
1837.564,849.8,1632.0,1984,22,67,13261.4
1837.686,424.2,1632.0,1984,22,70,13251.5
1837.805,424.2,1632.0,1984,87,72,13241.6
1837.925,424.2,1632.0,1984,100,73,13231.7
1838.044,585.2,1632.0,1984,85,69,13228.9
1838.166,844.2,1632.0,1984,85,67,13236.1
1838.287,418.6,1632.0,1984,38,71,13227.9
1838.406,418.6,1632.0,1984,100,72,13217.9
1838.526,418.6,1632.0,1984,100,73,13208.5
1838.645,418.6,1632.0,1984,100,69,13205.6
1838.764,709.1,1632.0,1984,53,68,13227.6
1838.885,413.0,1632.0,1984,42,69,13230.5
1839.005,413.0,1632.0,1984,42,71,13221.2
1839.124,413.0,1632.0,1984,100,72,13211.1
1839.244,413.0,1632.0,1984,100,71,13200.9
1839.364,574.0,1632.0,1984,100,68,13215.2
1839.483,703.5,1632.0,1984,49,67,13250.7
1839.603,833.0,1632.0,1984,12,67,13278.5
1839.722,407.5,1632.0,1984,54,70,13277.5
1839.842,407.5,1632.0,1984,54,72,13267.4
1839.961,407.5,1632.0,1984,100,72,13257.4
1840.081,407.5,1632.0,1984,100,70,13247.2
1840.201,568.5,1632.0,1984,100,68,13280.2
1840.321,698.0,1632.0,1984,31,67,13328.9
1840.442,827.5,1632.0,1984,7,67,13344.3
1840.701,401.9,1632.0,1984,67,70,13337.1
1840.856,401.9,1632.0,1984,67,73,13317.2
1840.983,401.9,1632.0,1984,100,73,13304.9
1841.104,433.4,1632.0,1984,98,69,13305.5
1841.236,562.9,1632.0,1984,7,67,13307.1
1841.497,692.4,1632.0,1984,5,67,13272.1
1841.793,692.4,1632.0,1984,2,67,13247.0
1841.964,821.9,1632.0,1984,8,68,13217.4
1842.253,396.3,1632.0,1984,80,71,13207.4
1842.373,396.3,1632.0,1984,80,73,13196.8
1842.496,396.3,1632.0,1984,100,72,13186.5
1842.619,557.3,1632.0,1984,89,68,13192.2
1842.759,686.8,1632.0,1984,1,67,13134.1
1843.161,816.3,1632.0,1984,4,67,13098.1
1843.511,816.3,1632.0,1984,6,69,13069.9
1843.79,390.7,1632.0,1984,71,71,13054.5
1843.937,390.7,1632.0,1984,100,73,13039.4
1844.06,390.7,1632.0,1984,100,71,13024.6
1844.181,551.7,1632.0,1984,94,68,13024.5
1844.333,681.2,1632.0,1984,4,67,13010.4
1844.571,810.7,1632.0,1984,10,67,13002.2
1844.76,385.2,1632.0,1984,19,71,12989.9
1844.98,385.2,1632.0,1984,100,73,12979.9
1845.102,385.2,1632.0,1984,100,73,12970.1
1845.222,416.7,1632.0,1984,53,68,12973.9
1845.481,546.2,1632.0,1984,5,67,12969.8
1845.707,675.7,1632.0,1984,5,67,12960.6
1845.846,805.2,1632.0,1984,7,67,12932.7
1846.107,805.2,1632.0,1984,4,67,12932.6
1846.227,379.6,1632.0,1984,65,71,12929.3
1846.396,379.6,1632.0,1984,65,74,12919.3
1846.517,379.6,1632.0,1984,100,73,12909.3
1846.637,379.6,1632.0,1984,100,69,12904.5
1846.756,540.6,1632.0,1984,0,67,12835.7
1848.012,540.6,1632.0,1984,5,67,12636.6
1848.769,670.1,1632.0,1984,3,67,12581.8
1849.252,670.1,1632.0,1984,1,67,12532.6
1849.665,799.6,1632.0,1984,1,67,12483.3
1850.086,799.6,1632.0,1984,5,67,12457.9
1850.316,799.6,1632.0,1984,0,67,12439.0
1850.444,799.6,1632.0,1984,0,67,12423.6
1850.564,799.6,1632.0,1984,0,67,12406.1
1850.685,799.6,1632.0,1984,3,67,12388.7
1850.805,799.6,1632.0,1984,0,67,12371.8
1850.926,799.6,1632.0,1984,2,67,12380.2
1851.064,374.0,1632.0,1984,74,71,12371.8
1851.218,374.0,1632.0,1984,74,73,12360.3
1851.346,374.0,1632.0,1984,100,73,12349.8
1851.471,377.5,1632.0,1984,91,68,12354.2
1851.649,535.0,1632.0,1984,7,67,12376.9
1851.83,535.0,1632.0,1984,4,67,12354.6
1852.232,535.0,1632.0,1984,2,67,12319.9
1852.454,664.5,1632.0,1984,5,67,11983.0
1852.573,794.0,1632.0,1984,5,67,11738.4
1852.694,810.8,1632.0,1984,9,68,11590.1
1852.812,346.7,1632.0,1984,55,71,11590.1
1852.93,346.7,1632.0,1984,55,73,11590.2
1853.048,346.7,1632.0,1984,100,73,11590.2
1853.166,338.2,1632.0,1984,100,69,11588.6
1853.287,324.3,1632.0,1984,23,68,11599.3
1853.405,435.8,1632.0,1984,23,68,11622.6
1853.525,281.4,1632.0,1984,42,71,11623.2
1853.644,281.4,1632.0,1984,100,71,11623.2
1853.761,701.4,1632.0,1984,100,69,11571.3
1853.88,288.1,1632.0,1984,88,71,11571.3
1853.998,288.1,1632.0,1984,100,73,11590.0
1854.116,708.2,1632.0,1984,56,68,11622.1
1854.235,294.9,1632.0,1984,56,71,11620.0
1854.353,294.9,1632.0,1984,96,73,11622.2
1854.481,455.9,1632.0,1984,52,69,11635.3
1854.599,301.7,1632.0,1984,52,68,11647.8
1854.717,301.7,1632.0,1984,42,71,11647.8
1854.835,305.2,1632.0,1984,100,72,11651.3
1854.952,462.7,1632.0,1984,32,68,11668.3
1855.07,592.2,1632.0,1984,32,68,11691.9
1855.188,721.7,1632.0,1984,11,67,11710.6
1855.306,308.5,1632.0,1984,6,68,11725.4
1855.423,308.5,1632.0,1984,6,71,11725.4
1855.541,308.5,1632.0,1984,94,71,11726.9
1855.659,469.5,1632.0,1984,54,68,11746.3
1855.778,599.0,1632.0,1984,7,67,11768.6
1855.896,599.0,1632.0,1984,7,67,11785.0
1856.014,315.2,1632.0,1984,9,69,11797.1
1856.131,315.2,1632.0,1984,78,71,11797.1
1856.248,315.2,1632.0,1984,78,72,11800.2
1856.366,476.2,1632.0,1984,71,68,11821.5
1856.484,605.7,1632.0,1984,10,68,11844.9
1856.602,322.0,1632.0,1984,10,67,11858.4
1856.721,322.0,1632.0,1984,36,71,11858.5
1856.838,322.0,1632.0,1984,100,72,11862.5
1856.957,483.0,1632.0,1984,29,68,11883.7
1857.075,612.5,1632.0,1984,29,67,11911.0
1857.193,742.0,1632.0,1984,12,67,11931.0
1857.311,328.8,1632.0,1984,45,70,11933.5
1857.429,328.8,1632.0,1984,45,71,11933.5
1857.546,489.8,1632.0,1984,100,68,11949.1
1857.665,748.8,1632.0,1984,25,67,11963.1
1857.783,335.6,1632.0,1984,65,70,11966.1
1857.901,335.6,1632.0,1984,65,72,11966.1
1858.019,496.6,1632.0,1984,89,68,11974.7
1858.138,755.6,1632.0,1984,25,68,11985.6
1858.256,342.3,1632.0,1984,25,71,11985.6
1858.373,342.3,1632.0,1984,94,72,11985.6
1858.49,503.3,1632.0,1984,57,68,11996.0
1858.609,762.3,1632.0,1984,57,67,12011.0
1858.727,349.1,1632.0,1984,18,69,12017.4
1858.844,349.1,1632.0,1984,80,71,12017.4
1858.962,510.1,1632.0,1984,67,69,12023.8
1859.081,639.6,1632.0,1984,67,68,12035.5
1859.2,355.9,1632.0,1984,24,70,12037.2
1859.317,355.9,1632.0,1984,98,71,12037.2
1859.434,387.4,1632.0,1984,98,69,12046.3
1859.553,516.9,1632.0,1984,52,68,12067.8
1859.671,775.9,1632.0,1984,13,67,12082.0
1859.789,362.6,1632.0,1984,45,69,12089.7
1859.906,362.6,1632.0,1984,45,71,12089.7
1860.024,394.2,1632.0,1984,100,70,12098.4
1860.141,523.7,1632.0,1984,18,68,12114.5
1860.26,653.2,1632.0,1984,18,67,12129.2
1860.377,782.7,1632.0,1984,11,67,12144.2
1860.495,369.4,1632.0,1984,53,70,12144.4
1860.613,369.4,1632.0,1984,53,72,12144.4
1860.731,530.4,1632.0,1984,94,68,12155.2
1860.849,659.9,1632.0,1984,10,67,12164.1
1860.967,789.4,1632.0,1984,18,67,12171.6
1861.086,376.2,1632.0,1984,18,70,12171.6
1861.203,376.2,1632.0,1984,100,72,12161.2
1861.324,537.2,1632.0,1984,49,68,12084.1
1861.442,666.7,1632.0,1984,49,67,12093.2
1861.56,796.2,1632.0,1984,13,67,12105.8
1861.678,383.0,1632.0,1984,51,71,12105.8
1861.796,383.0,1632.0,1984,100,72,12105.8
1861.914,544.0,1632.0,1984,100,68,12114.6
1862.033,673.5,1632.0,1984,11,67,12126.2
1862.15,803.0,1632.0,1984,11,67,12136.2
1862.268,803.0,1632.0,1984,11,67,12146.2
1862.386,389.7,1632.0,1984,26,70,12146.2
1862.503,389.7,1632.0,1984,100,71,12146.2
1862.621,550.8,1632.0,1984,100,68,12156.0
1862.739,680.3,1632.0,1984,34,67,12167.6
1862.857,809.8,1632.0,1984,9,67,12178.2
1862.975,809.8,1632.0,1984,10,67,12189.4
1863.093,396.5,1632.0,1984,10,70,12189.6
1863.211,396.5,1632.0,1984,95,72,12189.6
1863.329,557.5,1632.0,1984,55,68,12197.6
1863.448,687.0,1632.0,1984,55,67,12207.0
1863.566,816.5,1632.0,1984,11,67,12216.5
1863.684,403.3,1632.0,1984,28,69,12220.2
1863.802,403.3,1632.0,1984,28,71,12208.0
1863.921,564.3,1632.0,1984,100,68,12199.8
1864.04,693.8,1632.0,1984,43,67,12199.1
1864.159,410.1,1632.0,1984,28,68,12194.0
1864.278,410.1,1632.0,1984,28,71,12183.9
1864.397,413.6,1632.0,1984,100,69,12177.2
1864.516,700.6,1632.0,1984,41,67,12106.2
1864.635,830.1,1632.0,1984,41,67,12083.1
1864.754,416.8,1632.0,1984,14,69,12033.1
1864.871,416.8,1632.0,1984,79,71,12033.1
1864.988,577.8,1632.0,1984,69,69,12047.5
1865.106,707.3,1632.0,1984,69,67,12080.3
1865.224,836.8,1632.0,1984,13,67,12109.2
1865.342,836.8,1632.0,1984,9,67,12133.3
1865.461,423.6,1632.0,1984,9,70,12133.3
1865.579,423.6,1632.0,1984,84,72,12133.3
1865.696,584.6,1632.0,1984,66,68,12160.1
1865.815,714.1,1632.0,1984,9,67,12163.2
1865.933,843.6,1632.0,1984,9,67,12073.9
1866.052,430.4,1632.0,1984,13,69,11894.6
1866.171,430.4,1632.0,1984,93,71,11805.7
1866.289,437.4,1632.0,1984,93,68,11825.7
1866.407,591.4,1632.0,1984,51,67,11856.8
1866.525,720.9,1632.0,1984,10,67,11893.8
1866.643,850.4,1632.0,1984,10,67,11928.4
1866.761,437.2,1632.0,1984,12,69,11946.0
1866.879,437.2,1632.0,1984,80,71,11946.0
1866.997,598.2,1632.0,1984,69,68,11956.9
1867.116,727.7,1632.0,1984,69,67,11975.0
1867.234,443.9,1632.0,1984,17,67,11989.0
1867.352,443.9,1632.0,1984,67,70,11989.0
1867.47,443.9,1632.0,1984,67,71,11993.0
1867.589,604.9,1632.0,1984,85,67,12015.1
1867.707,863.9,1632.0,1984,16,67,12030.9
1867.825,450.7,1632.0,1984,50,69,12037.3
1867.943,450.7,1632.0,1984,50,71,12037.3
1868.062,482.2,1632.0,1984,100,68,12050.7
1868.18,611.7,1632.0,1984,14,67,12076.3
1868.299,741.2,1632.0,1984,14,67,12105.1
1868.417,870.7,1632.0,1984,7,66,12137.2
1868.535,891.4,1632.0,1984,9,67,12165.9
1868.663,457.5,1632.0,1984,82,70,12121.0
1868.781,457.5,1632.0,1984,82,72,12121.5
1868.899,618.5,1632.0,1984,73,67,12157.7
1869.017,618.5,1632.0,1984,9,67,12194.5
1869.135,748.0,1632.0,1984,9,66,12226.2
1869.253,877.5,1632.0,1984,10,66,12271.7
1869.372,414.2,1632.0,1984,14,69,12297.6
1869.492,414.2,1632.0,1984,100,71,12297.7
1869.613,420.0,1632.0,1984,100,68,12243.2
1869.742,420.0,1632.0,1984,40,67,12080.9
1869.867,420.0,1632.0,1984,0,67,11974.6
1869.992,420.0,1632.0,1984,2,66,12037.1
1870.119,420.0,1632.0,1984,2,66,12097.7
1870.243,420.0,1632.0,1984,2,66,12198.4
1870.369,420.0,1632.0,1984,0,66,12271.4
1870.493,420.0,1632.0,1984,2,66,12313.0
1870.62,420.0,1632.0,1984,2,66,12432.7
1870.745,420.0,1632.0,1984,2,66,12495.2
1870.87,420.0,1632.0,1984,0,66,12557.7
1870.995,420.0,1632.0,1984,2,66,12620.2
1871.119,420.0,1632.0,1984,2,66,12709.4
1871.244,420.0,1632.0,1984,2,66,12600.3
1871.369,420.0,1632.0,1984,0,66,12612.7
1871.496,420.0,1632.0,1984,2,67,12729.0
1871.621,420.0,1632.0,1984,2,66,12791.5
1871.748,420.0,1632.0,1984,2,66,12854.0
1871.873,420.0,1632.0,1984,0,66,12918.1
1872.001,420.0,1632.0,1984,2,66,12834.2
1872.125,420.0,1632.0,1984,2,67,12896.7
1872.25,420.0,1632.0,1984,2,66,12945.5
1872.375,420.0,1632.0,1984,0,66,13048.3
1872.503,420.0,1632.0,1984,2,66,13097.3
1872.63,420.0,1632.0,1984,2,66,13127.4
1872.772,420.0,1632.0,1984,2,66,13156.6
1872.898,420.0,1632.0,1984,0,66,13201.3
1873.023,420.0,1632.0,1984,0,66,13249.1
1873.147,420.0,1632.0,1984,0,66,13295.5
1873.285,420.0,1632.0,1984,5,66,13380.4
1873.41,420.0,1632.0,1984,0,66,13411.8
1873.537,420.0,1632.0,1984,2,66,13464.1
1873.665,420.0,1632.0,1984,2,66,13500.6
1873.791,420.0,1632.0,1984,2,66,13526.1
1873.916,420.0,1632.0,1984,0,66,13573.1
1874.042,420.0,1632.0,1984,3,66,13608.3
1874.17,420.0,1632.0,1984,0,66,13690.1
1874.748,420.0,1632.0,1984,2,66,13631.2
1875.164,420.0,1632.0,1984,2,66,13487.7
1875.96,420.0,1632.0,1984,2,66,13295.8
1876.895,420.0,1632.0,1984,2,66,13229.3
1877.345,420.0,1632.0,1984,0,66,13079.2
1878.081,420.0,1632.0,1984,2,66,13022.6
1878.466,420.0,1632.0,1984,2,66,12774.2
1878.732,420.0,1632.0,1984,2,66,12536.7
1878.855,420.0,1632.0,1984,0,66,12548.7
1878.978,420.0,1632.0,1984,0,66,12559.2
1879.103,420.0,1632.0,1984,2,66,12571.3
1879.227,420.0,1632.0,1984,2,66,12581.8
1879.35,420.0,1632.0,1984,2,66,12588.2
1879.471,420.0,1632.0,1984,0,66,12599.9
1879.594,420.0,1632.0,1984,2,66,12610.7
1879.718,420.0,1632.0,1984,2,66,12622.1
1879.842,420.0,1632.0,1984,2,66,12633.0
1879.963,420.0,1632.0,1984,0,66,12645.2
1880.086,420.0,1632.0,1984,2,66,12656.1
1880.206,420.0,1632.0,1984,2,66,12667.9
1880.33,420.0,1632.0,1984,2,66,12679.3
1880.454,420.0,1632.0,1984,0,66,12690.6
1880.577,420.0,1632.0,1984,3,66,12702.7
1880.698,420.0,1632.0,1984,2,66,12721.3
1880.818,420.0,1632.0,1984,2,66,12743.4
1880.937,420.0,1632.0,1984,0,66,12762.7
1881.057,420.0,1632.0,1984,5,66,12753.2
1881.182,420.0,1632.0,1984,5,66,12646.3
1881.301,420.0,1632.0,1984,2,66,12639.6
1881.42,420.0,1632.0,1984,0,66,12639.9
1881.54,420.0,1632.0,1984,2,66,12649.2
1881.66,420.0,1632.0,1984,2,66,12655.6
1881.784,420.0,1632.0,1984,2,66,12673.4
1881.906,420.0,1632.0,1984,0,66,12697.3
1882.029,420.0,1632.0,1984,2,66,12719.9
1882.151,420.0,1632.0,1984,2,66,12742.4
1882.271,420.0,1632.0,1984,2,66,12766.0
1882.391,420.0,1632.0,1984,0,66,12788.1
1882.511,420.0,1632.0,1984,0,66,12810.1
1882.631,420.0,1632.0,1984,2,66,12831.0
1882.752,420.0,1632.0,1984,2,66,12855.0
1882.872,420.0,1632.0,1984,0,66,12877.6
1882.992,420.0,1632.0,1984,0,66,12761.6
1883.112,420.0,1632.0,1984,2,66,12780.9
1883.233,420.0,1632.0,1984,2,66,12800.9
1883.353,420.0,1632.0,1984,2,66,12820.8
1883.473,420.0,1632.0,1984,0,66,12843.2
1883.591,420.0,1632.0,1984,2,66,12863.8
1883.712,420.0,1632.0,1984,2,66,12887.9
1883.836,420.0,1632.0,1984,2,66,12907.1
1883.956,420.0,1632.0,1984,0,66,12928.1
1884.077,420.0,1632.0,1984,2,66,12948.4
1884.196,420.0,1632.0,1984,2,66,12970.0
1884.318,420.0,1632.0,1984,2,66,12990.7
1884.437,420.0,1632.0,1984,0,66,13011.6
1884.558,420.0,1632.0,1984,2,65,13031.8
1884.68,420.0,1632.0,1984,2,66,13053.7
1884.802,420.0,1632.0,1984,2,65,12936.1
1884.924,420.0,1632.0,1984,0,65,12636.6
1885.044,420.0,1632.0,1984,2,65,12658.6
1885.165,420.0,1632.0,1984,2,66,12676.6
1885.284,420.0,1632.0,1984,2,66,12697.9
1885.406,420.0,1632.0,1984,0,66,12719.1
1885.529,420.0,1632.0,1984,0,65,12741.6
1885.651,420.0,1632.0,1984,2,66,12763.5
1885.771,420.0,1632.0,1984,1,65,12786.0
1885.892,420.0,1632.0,1984,0,65,12806.5
1886.011,420.0,1632.0,1984,0,66,12827.6
1886.134,420.0,1632.0,1984,3,66,12850.8
1886.253,420.0,1632.0,1984,1,66,12871.7
1886.373,420.0,1632.0,1984,0,65,12878.2
1886.498,420.0,1632.0,1984,0,65,12878.2
1886.623,611.4,1632.0,1984,3,65,12632.0
1886.742,740.9,1632.0,1984,16,65,12644.8
1886.86,453.1,1652.0,2004,16,66,12649.7
1886.977,453.1,1652.0,2004,72,68,12649.7
1887.095,453.1,1652.0,2004,100,71,12610.0
1887.213,453.1,1652.0,2004,100,70,12610.0
1887.331,743.6,1652.0,2004,100,68,12617.8
1887.45,450.0,1652.0,2004,43,68,12632.6
1887.568,450.0,1652.0,2004,96,71,12632.6
1887.685,450.0,1652.0,2004,96,73,12632.6
1887.804,450.0,1652.0,2004,100,71,12632.6
1887.921,740.5,1652.0,2004,90,68,12638.1
1888.039,446.9,1652.0,2004,90,70,12640.5
1888.156,446.9,1652.0,2004,82,71,12640.5
1888.274,446.9,1652.0,2004,100,72,12640.5
1888.391,446.9,1652.0,2004,100,70,12640.5
1888.511,443.8,1652.0,2004,100,69,12642.7
1888.629,443.8,1652.0,2004,82,71,12642.7
1888.746,443.8,1652.0,2004,100,73,12642.7
1888.866,443.8,1652.0,2004,100,72,12642.7
1888.983,734.3,1652.0,2004,100,69,12644.1
1889.102,440.7,1652.0,2004,77,71,12644.3
1889.219,440.7,1652.0,2004,77,71,12644.3
1889.337,440.7,1652.0,2004,100,73,12644.3
1889.454,440.7,1652.0,2004,100,70,12644.3
1889.572,437.6,1652.0,2004,76,69,12646.6
1889.69,437.6,1652.0,2004,76,71,12646.6
1889.809,437.6,1652.0,2004,100,73,12646.6
1889.927,437.6,1652.0,2004,100,73,12646.6
1890.045,728.1,1652.0,2004,100,69,12647.3
1890.165,434.5,1652.0,2004,80,71,12651.5
1890.282,434.5,1652.0,2004,93,72,12651.5
1890.4,434.5,1652.0,2004,100,73,12651.5
1890.522,434.5,1652.0,2004,100,70,12651.5
1890.639,431.4,1652.0,2004,93,69,12652.1
1890.757,431.4,1652.0,2004,92,72,12652.1
1890.875,431.4,1652.0,2004,92,73,12652.1
1890.992,431.4,1652.0,2004,100,73,12652.1
1891.11,721.9,1652.0,2004,93,69,12652.5
1891.23,428.3,1652.0,2004,85,71,12652.6
1891.348,428.3,1652.0,2004,85,71,12652.6
1891.465,428.3,1652.0,2004,100,73,12652.6
1891.583,428.3,1652.0,2004,100,70,12652.6
1891.701,425.2,1652.0,2004,100,69,12653.8
1891.819,425.2,1652.0,2004,71,71,12653.8
1891.936,425.2,1652.0,2004,100,73,12653.8
1892.054,425.2,1652.0,2004,100,74,12653.8
1892.172,586.2,1652.0,2004,100,69,12654.9
1892.29,422.1,1652.0,2004,68,70,12656.2
1892.407,422.1,1652.0,2004,100,72,12656.3
1892.525,422.1,1652.0,2004,100,73,12656.5
1892.656,422.1,1652.0,2004,100,71,12656.5
1892.774,842.1,1652.0,2004,84,68,12657.6
1892.893,419.0,1652.0,2004,84,71,12657.6
1893.011,419.0,1652.0,2004,94,73,12657.6
1893.128,419.0,1652.0,2004,100,73,12657.6
1893.246,419.0,1652.0,2004,89,70,12667.0
1893.364,580.0,1652.0,2004,89,68,12689.5
1893.481,839.0,1652.0,2004,7,68,12700.2
1893.599,415.9,1652.0,2004,70,70,12700.9
1893.717,415.9,1652.0,2004,70,72,12700.9
1893.834,415.9,1652.0,2004,100,73,12700.9
1893.953,415.9,1652.0,2004,100,71,12702.1
1894.071,576.9,1652.0,2004,100,68,12727.4
1894.189,576.9,1652.0,2004,26,68,12765.4
1894.306,706.4,1652.0,2004,8,67,12806.8
1894.424,835.9,1652.0,2004,7,67,12847.9
1894.542,412.8,1652.0,2004,7,68,12865.2
1894.66,412.8,1652.0,2004,53,71,12865.2
1894.777,412.8,1652.0,2004,100,74,12865.2
1894.894,412.8,1652.0,2004,100,72,12865.2
1895.012,444.3,1652.0,2004,100,69,12877.1
1895.131,573.8,1652.0,2004,32,68,12908.2
1895.249,703.3,1652.0,2004,7,67,12951.1
1895.366,703.3,1652.0,2004,7,67,12985.1
1895.484,832.8,1652.0,2004,7,67,13013.1
1895.602,409.7,1652.0,2004,55,70,13015.5
1895.719,409.7,1652.0,2004,55,71,13015.5
1895.837,409.7,1652.0,2004,100,73,13015.5
1895.955,409.7,1652.0,2004,100,70,13015.5
1896.073,570.7,1652.0,2004,100,68,13046.8
1896.191,570.7,1652.0,2004,29,67,13087.8
1896.309,700.2,1652.0,2004,7,67,13125.0
1896.427,829.7,1652.0,2004,8,67,13173.0
1896.547,406.6,1652.0,2004,8,68,13116.6
1896.665,406.6,1652.0,2004,54,71,12817.4
1896.783,406.6,1652.0,2004,100,73,12780.7
1896.902,406.6,1652.0,2004,100,72,12780.7
1897.02,438.1,1652.0,2004,100,69,12817.1
1897.138,567.6,1652.0,2004,34,68,12898.0
1897.256,697.1,1652.0,2004,34,67,12976.2
1897.373,826.6,1652.0,2004,8,67,13073.2
1897.492,403.5,1652.0,2004,10,68,13137.2
1897.611,403.5,1652.0,2004,92,71,13127.2
1897.73,403.5,1652.0,2004,92,73,13110.8
1897.85,403.5,1652.0,2004,100,73,13100.2
1897.969,564.5,1652.0,2004,80,69,13147.3
1898.09,564.5,1652.0,2004,80,68,13196.0
1898.21,694.0,1652.0,2004,14,67,13231.4
1898.329,694.0,1652.0,2004,4,67,13239.0
1898.448,694.0,1652.0,2004,2,67,13240.3
1898.568,694.0,1652.0,2004,2,67,13232.7
1898.688,823.5,1652.0,2004,4,67,13229.5
1898.808,400.4,1652.0,2004,7,67,13224.3
1898.928,400.4,1652.0,2004,7,70,13214.2
1899.047,400.4,1652.0,2004,92,72,13204.2
1899.167,400.4,1652.0,2004,100,73,13194.3
1899.287,561.4,1652.0,2004,82,69,13188.7
1899.407,690.9,1652.0,2004,82,68,13190.8
1899.527,820.4,1652.0,2004,11,67,13191.9
1899.646,397.3,1652.0,2004,48,70,13176.1
1899.768,397.3,1652.0,2004,48,71,13163.1
1899.887,397.3,1652.0,2004,100,73,13153.3
1900.007,397.3,1652.0,2004,100,70,13144.2
1900.127,397.3,1652.0,2004,38,68,13133.0
1900.249,558.3,1652.0,2004,38,67,13128.6
1900.369,558.3,1652.0,2004,3,67,13121.1
1900.489,558.3,1652.0,2004,5,67,13114.5
1900.608,687.8,1652.0,2004,9,67,13110.1
1900.729,817.3,1652.0,2004,9,67,13105.1
1900.848,817.3,1652.0,2004,6,67,13100.5
1900.968,394.2,1652.0,2004,60,70,13091.3
1901.088,394.2,1652.0,2004,60,72,13081.3
1901.207,394.2,1652.0,2004,100,73,13071.2
1901.326,394.2,1652.0,2004,100,71,13061.3
1901.445,425.7,1652.0,2004,100,68,13056.7
1901.564,555.2,1652.0,2004,17,67,13050.2
1901.684,555.2,1652.0,2004,7,67,13058.6
1901.803,684.7,1652.0,2004,4,67,13054.3
1901.923,684.7,1652.0,2004,4,67,13060.1
1902.042,814.2,1652.0,2004,5,67,13074.8
1902.163,391.1,1652.0,2004,39,70,13069.5
1902.283,391.1,1652.0,2004,100,71,13059.2
1902.404,391.1,1652.0,2004,100,73,13049.0
1902.525,391.1,1652.0,2004,100,70,13039.3
1902.645,552.1,1652.0,2004,47,68,13073.7
1902.765,681.6,1652.0,2004,47,68,13117.7
1902.885,811.1,1652.0,2004,9,67,13147.0
1903.005,388.0,1652.0,2004,38,70,13140.2
1903.124,388.0,1652.0,2004,100,71,13130.2
1903.244,388.0,1652.0,2004,100,73,13119.5
1903.37,388.0,1652.0,2004,100,71,13110.1
1903.49,549.0,1652.0,2004,48,68,13136.1
1903.612,678.5,1652.0,2004,48,68,13165.5
1903.738,808.0,1652.0,2004,11,67,13175.1
1903.902,384.9,1652.0,2004,11,71,13160.4
1904.052,384.9,1652.0,2004,100,72,13149.4
1904.207,384.9,1652.0,2004,100,71,13138.6
1904.329,416.4,1652.0,2004,96,68,13135.0
1904.449,675.4,1652.0,2004,12,67,13130.0
1904.669,675.4,1652.0,2004,1,67,13105.0
1904.951,804.9,1652.0,2004,3,67,13073.3
1905.282,381.8,1652.0,2004,39,70,13052.1
1905.575,381.8,1652.0,2004,100,73,13041.7
1905.699,381.8,1652.0,2004,100,70,13031.7
1905.818,542.8,1652.0,2004,42,68,13031.3
1905.982,672.3,1652.0,2004,3,67,12989.8
1906.299,801.8,1652.0,2004,6,67,12969.3
1906.552,801.8,1652.0,2004,60,72,12944.7
1906.851,378.7,1652.0,2004,100,73,12934.1
1906.979,378.7,1652.0,2004,100,70,12923.3
1907.106,539.7,1652.0,2004,0,67,12889.9
1907.518,539.7,1652.0,2004,3,67,12849.7
1907.887,798.7,1652.0,2004,6,67,12816.9
1908.207,798.7,1652.0,2004,1,67,12786.7
1908.481,401.9,1652.0,2004,27,71,12762.1
1908.708,375.6,1652.0,2004,100,73,12751.7
1908.831,375.6,1652.0,2004,100,73,12741.7
1908.951,375.6,1652.0,2004,100,69,12737.2
1909.071,536.6,1652.0,2004,3,68,12738.3
1909.313,536.6,1652.0,2004,2,67,12676.1
1909.586,666.1,1652.0,2004,4,67,12582.2
1909.714,795.6,1652.0,2004,10,67,12663.0
1909.835,795.6,1652.0,2004,77,72,12662.4
1910.176,372.5,1652.0,2004,100,74,12651.8
1910.299,372.5,1652.0,2004,100,71,12641.2
1910.422,404.0,1652.0,2004,2,68,12574.9
1910.878,533.5,1652.0,2004,2,67,12539.6
1911.298,533.5,1652.0,2004,2,68,12498.3
1911.666,533.5,1652.0,2004,1,67,12453.4
1912.077,663.0,1652.0,2004,1,67,12404.4
1912.504,663.0,1652.0,2004,4,67,12377.5
1912.774,792.5,1652.0,2004,3,67,12185.3
1912.904,347.8,1652.0,2004,6,69,12232.2
1913.024,347.8,1652.0,2004,90,72,12222.3
1913.144,347.8,1652.0,2004,90,74,12210.1
1913.264,347.8,1652.0,2004,100,72,12197.4
1913.384,324.3,1652.0,2004,79,69,11811.5
1913.504,772.0,1652.0,2004,79,68,11830.1
1913.624,358.8,1652.0,2004,36,71,11830.1
1913.742,358.8,1652.0,2004,100,73,11830.1
1913.86,365.8,1652.0,2004,97,71,11830.2
1913.977,365.8,1652.0,2004,97,72,11746.0
1914.095,656.3,1652.0,2004,100,70,11746.9
1914.213,372.9,1652.0,2004,74,71,11748.8
1914.331,372.9,1652.0,2004,74,72,11748.8
1914.449,792.9,1652.0,2004,100,69,11753.0
1914.568,379.9,1652.0,2004,75,71,11753.2
1914.686,379.9,1652.0,2004,100,73,11753.2
1914.803,799.9,1652.0,2004,100,70,11759.4
1914.922,387.0,1652.0,2004,65,72,11759.7
1915.04,387.0,1652.0,2004,100,72,11759.7
1915.157,677.5,1652.0,2004,100,69,11766.9
1915.275,394.0,1652.0,2004,48,71,11769.9
1915.392,394.0,1652.0,2004,91,72,11769.9
1915.51,684.5,1652.0,2004,91,70,11773.2
1915.629,401.1,1652.0,2004,79,72,11775.1
1915.746,401.1,1652.0,2004,92,72,11775.1
1915.864,691.6,1652.0,2004,73,69,11778.8
1915.983,408.1,1652.0,2004,73,71,11781.0
1916.101,408.1,1652.0,2004,79,72,11781.0
1916.218,569.1,1652.0,2004,84,70,11783.3
1916.336,415.2,1652.0,2004,84,71,11785.4
1916.454,415.2,1652.0,2004,72,73,11785.4
1916.572,576.2,1652.0,2004,93,71,11788.1
1916.691,422.2,1652.0,2004,61,70,11790.4
1916.808,422.2,1652.0,2004,61,73,11790.4
1916.925,712.7,1652.0,2004,100,71,11795.6
1917.045,429.3,1652.0,2004,69,71,11797.5
1917.163,429.3,1652.0,2004,69,73,11797.5
1917.28,849.3,1652.0,2004,100,70,11855.2
1917.399,436.3,1652.0,2004,86,72,11855.2
1917.516,436.3,1652.0,2004,86,73,11855.2
1917.633,597.3,1652.0,2004,100,69,11878.9
1917.751,726.8,1652.0,2004,11,68,11905.3
1917.869,856.3,1652.0,2004,11,68,11936.4
1917.987,443.4,1652.0,2004,11,69,11946.6
1918.105,443.4,1652.0,2004,58,72,11946.6
1918.222,443.4,1652.0,2004,93,70,11953.1
1918.34,604.4,1652.0,2004,93,69,11969.9
1918.458,733.9,1652.0,2004,10,68,11987.4
1918.577,863.4,1652.0,2004,12,68,12004.4
1918.695,450.4,1652.0,2004,59,71,12008.2
1918.812,450.4,1652.0,2004,59,72,12008.2
1918.93,481.9,1652.0,2004,96,70,12015.4
1919.048,740.9,1652.0,2004,12,68,12026.9
1919.167,870.4,1652.0,2004,12,68,12035.1
1919.286,457.4,1652.0,2004,23,71,12036.2
1919.403,457.4,1652.0,2004,100,72,12036.2
1919.521,618.5,1652.0,2004,100,69,12043.4
1919.64,748.0,1652.0,2004,45,68,12055.1
1919.757,464.5,1652.0,2004,39,71,12058.4
1919.875,464.5,1652.0,2004,100,72,12058.4
1919.993,755.0,1652.0,2004,100,69,12072.4
1920.111,471.5,1652.0,2004,52,71,12075.4
1920.229,471.5,1652.0,2004,100,72,12075.4
1920.346,762.0,1652.0,2004,100,70,12080.5
1920.465,478.6,1652.0,2004,64,71,12082.8
1920.582,478.6,1652.0,2004,92,72,12082.8
1920.7,639.6,1652.0,2004,92,70,12088.6
1920.818,485.6,1652.0,2004,74,70,12094.6
1920.936,485.6,1652.0,2004,72,72,12094.6
1921.054,517.1,1652.0,2004,90,71,12098.4
1921.173,492.7,1652.0,2004,90,69,12110.6
1921.29,492.7,1652.0,2004,55,71,12110.6
1921.408,492.7,1652.0,2004,100,73,12110.9
1921.525,912.7,1652.0,2004,100,69,12126.7
1921.643,499.7,1652.0,2004,42,72,12129.5
1921.76,499.7,1652.0,2004,99,73,12129.5
1921.878,660.7,1652.0,2004,58,69,12146.2
1921.997,506.8,1652.0,2004,58,70,12160.3
1922.114,506.8,1652.0,2004,58,72,12160.3
1922.232,506.8,1652.0,2004,100,73,12161.6
1922.35,926.8,1652.0,2004,100,69,12180.9
1922.468,513.8,1652.0,2004,26,70,12183.6
1922.588,513.8,1652.0,2004,87,72,12174.0
1922.707,674.8,1652.0,2004,87,70,12144.1
1922.827,933.8,1652.0,2004,69,68,12135.8
1922.945,520.9,1652.0,2004,38,71,12138.9
1923.063,520.9,1652.0,2004,100,72,12138.9
1923.18,681.9,1652.0,2004,100,69,12163.8
1923.299,811.4,1652.0,2004,36,68,12199.2
1923.417,527.9,1652.0,2004,18,69,12221.5
1923.534,527.9,1652.0,2004,18,72,12221.5
1923.652,527.9,1652.0,2004,100,71,12233.9
1923.771,688.9,1652.0,2004,48,68,12288.4
1923.891,947.9,1652.0,2004,17,68,12243.1
1924.016,535.0,1652.0,2004,17,72,12173.5
1924.139,535.0,1652.0,2004,95,73,12146.7
1924.257,696.0,1652.0,2004,60,69,12166.9
1924.375,825.5,1652.0,2004,60,68,12191.3
1924.493,542.0,1652.0,2004,11,69,12211.0
1924.611,542.0,1652.0,2004,54,71,12211.0
1924.729,542.0,1652.0,2004,100,73,12211.0
1924.847,703.0,1652.0,2004,100,69,12249.5
1924.966,832.5,1652.0,2004,12,68,12272.9
1925.084,832.5,1652.0,2004,9,68,12301.6
1925.203,962.0,1652.0,2004,9,68,12297.0
1925.321,499.0,1652.0,2004,8,71,12239.0
1925.457,499.0,1652.0,2004,94,72,12234.8
1925.575,505.1,1652.0,2004,52,69,12316.0
1925.713,505.1,1652.0,2004,52,68,12392.4
1925.84,505.1,1652.0,2004,1,68,12450.7
1925.967,505.1,1652.0,2004,0,68,12490.3
1926.092,505.1,1652.0,2004,3,68,12509.0
1926.22,505.1,1652.0,2004,0,68,12470.3
1926.347,505.1,1652.0,2004,0,68,12379.5
1926.472,505.1,1652.0,2004,0,68,12449.4
1926.596,505.1,1652.0,2004,3,68,12481.4
1926.724,505.1,1652.0,2004,0,67,12601.6
1926.848,505.1,1652.0,2004,0,67,12664.1
1926.974,505.1,1652.0,2004,0,68,12590.0
1927.1,505.1,1652.0,2004,3,68,12610.7
1927.225,505.1,1652.0,2004,0,68,12707.8
1927.349,505.1,1652.0,2004,0,67,12775.7
1927.474,505.1,1652.0,2004,0,67,12811.7
1927.603,505.1,1652.0,2004,3,68,12821.6
1927.771,505.1,1652.0,2004,0,68,12748.8
1927.896,505.1,1652.0,2004,0,67,12808.3
1928.021,505.1,1652.0,2004,0,67,12866.9
1928.145,505.1,1652.0,2004,3,68,12960.6
1928.27,505.1,1652.0,2004,0,67,12946.3
1928.397,505.1,1652.0,2004,0,67,13001.7
1928.548,505.1,1652.0,2004,0,67,13032.2
1928.673,505.1,1652.0,2004,3,67,13002.8
1928.799,505.1,1652.0,2004,0,67,13058.8
1928.925,505.1,1652.0,2004,0,67,13117.9
1929.05,505.1,1652.0,2004,0,67,13210.3
1929.177,505.1,1652.0,2004,4,67,13273.4
1929.301,505.1,1652.0,2004,0,67,13320.5
1929.426,505.1,1652.0,2004,0,67,13347.2
1929.551,505.1,1652.0,2004,0,67,13433.6
1929.677,505.1,1652.0,2004,3,67,13484.2
1929.802,505.1,1652.0,2004,0,67,13185.1
1929.93,505.1,1652.0,2004,0,67,13148.2
1930.072,505.1,1652.0,2004,3,67,13207.7
1930.198,505.1,1652.0,2004,3,67,13270.7
1930.325,505.1,1652.0,2004,0,67,13536.9
1930.45,505.1,1652.0,2004,0,67,13503.8
1930.575,505.1,1652.0,2004,3,67,12830.6
1930.702,505.1,1652.0,2004,3,67,12830.7
1930.828,505.1,1652.0,2004,0,67,12830.7
1930.954,505.1,1652.0,2004,0,67,12830.7
1931.08,505.1,1652.0,2004,4,67,12830.7
1931.206,505.1,1652.0,2004,4,67,12830.7
1931.332,505.1,1652.0,2004,0,67,12830.7
1931.458,505.1,1652.0,2004,0,67,12830.7
1931.584,505.1,1652.0,2004,3,67,12830.7
1931.711,505.1,1652.0,2004,3,67,12830.7
1931.837,505.1,1652.0,2004,0,67,12830.7
1931.964,505.1,1652.0,2004,0,67,12830.7
1932.089,505.1,1652.0,2004,4,67,12830.7
1932.216,505.1,1652.0,2004,4,67,12830.7
1932.341,505.1,1652.0,2004,0,67,12677.2
1932.465,696.7,1652.0,2004,4,67,12599.1
1932.582,826.2,1652.0,2004,4,66,12626.7
1932.7,826.2,1652.0,2004,12,66,12651.2
1932.818,955.7,1652.0,2004,7,66,12684.2
1932.936,567.4,1652.0,2004,21,67,12703.1
1933.054,535.7,1652.0,2004,21,68,12703.1
1933.172,535.7,1652.0,2004,100,70,12703.1
1933.289,535.7,1652.0,2004,100,71,12703.1
1933.407,535.7,1652.0,2004,100,69,12704.9
1933.524,696.7,1652.0,2004,82,68,12739.3
1933.642,826.2,1652.0,2004,12,68,12769.8
1933.76,955.7,1652.0,2004,9,67,12805.4
1933.878,955.7,1652.0,2004,9,67,12836.9
1933.996,529.6,1672.0,2024,29,71,12839.5
1934.114,529.6,1672.0,2024,100,72,12839.5
1934.233,529.6,1672.0,2024,100,73,12839.5
1934.35,529.6,1672.0,2024,100,70,12839.5
1934.469,820.1,1672.0,2024,62,68,12854.0
1934.587,949.6,1672.0,2024,62,68,12870.7
1934.706,523.5,1672.0,2024,22,71,12870.8
1934.823,523.5,1672.0,2024,100,73,12870.8
1934.941,523.5,1672.0,2024,100,74,12870.8
1935.06,523.5,1672.0,2024,100,70,12874.7
1935.18,814.0,1672.0,2024,74,68,12892.8
1935.298,943.5,1672.0,2024,20,68,12908.8
1935.416,517.4,1672.0,2024,20,71,12908.8
1935.534,517.4,1672.0,2024,85,72,12908.8
1935.651,517.4,1672.0,2024,100,73,12908.8
1935.769,517.4,1672.0,2024,92,71,12910.4
1935.887,678.4,1672.0,2024,92,68,12930.3
1936.005,807.9,1672.0,2024,11,68,12949.5
1936.123,511.2,1672.0,2024,21,69,12963.9
1936.24,511.2,1672.0,2024,21,71,12963.9
1936.358,511.2,1672.0,2024,100,73,12963.9
1936.475,511.2,1672.0,2024,100,73,12963.9
1936.594,542.7,1672.0,2024,100,69,12971.2
1936.712,672.2,1672.0,2024,72,68,12995.9
1936.83,931.2,1672.0,2024,10,68,13014.9
1936.948,505.1,1672.0,2024,41,70,13023.1
1937.065,505.1,1672.0,2024,41,72,13023.1
1937.182,505.1,1672.0,2024,100,73,13023.1
1937.3,505.1,1672.0,2024,100,73,13023.1
1937.419,666.1,1672.0,2024,100,69,13030.0
1937.536,925.1,1672.0,2024,59,68,13045.1
1937.654,499.0,1672.0,2024,51,71,13046.2
1937.772,499.0,1672.0,2024,51,71,13046.2
1937.889,499.0,1672.0,2024,100,74,13046.2
1938.008,499.0,1672.0,2024,100,70,13046.3
1938.126,660.0,1672.0,2024,53,68,13060.7
1938.244,919.0,1672.0,2024,53,68,13078.6
1938.361,492.9,1672.0,2024,13,69,13090.7
1938.479,492.9,1672.0,2024,79,71,13090.7
1938.597,492.9,1672.0,2024,79,74,13090.7
1938.714,492.9,1672.0,2024,100,72,13090.7
1938.837,653.9,1672.0,2024,95,69,13099.9
1938.955,783.4,1672.0,2024,13,68,13119.4
1939.072,912.9,1672.0,2024,13,67,13143.7
1939.19,912.9,1672.0,2024,12,69,13164.1
1939.308,486.7,1672.0,2024,65,71,13164.1
1939.426,486.7,1672.0,2024,65,73,13164.1
1939.544,486.7,1672.0,2024,100,73,13164.1
1939.662,486.7,1672.0,2024,100,71,13170.1
1939.779,647.7,1672.0,2024,100,68,13196.5
1939.898,777.2,1672.0,2024,18,68,13225.5
1940.015,777.2,1672.0,2024,8,67,13251.8
1940.133,906.7,1672.0,2024,11,67,13280.1
1940.251,480.6,1672.0,2024,11,69,13291.8
1940.369,480.6,1672.0,2024,61,71,13291.8
1940.487,480.6,1672.0,2024,100,73,13291.8
1940.606,480.6,1672.0,2024,100,71,13291.8
1940.724,641.6,1672.0,2024,100,68,13302.2
1940.842,771.1,1672.0,2024,31,68,13329.2
1940.959,900.6,1672.0,2024,7,67,13360.0
1941.077,900.6,1672.0,2024,7,67,13389.1
1941.196,474.5,1672.0,2024,34,71,13379.8
1941.314,474.5,1672.0,2024,100,71,13379.0
1941.433,474.5,1672.0,2024,100,74,13379.0
1941.551,474.5,1672.0,2024,100,70,13380.1
1941.668,635.5,1672.0,2024,55,68,13395.9
1941.787,894.5,1672.0,2024,55,68,13408.8
1941.905,468.4,1672.0,2024,29,71,13408.8
1942.022,468.4,1672.0,2024,100,72,13408.8
1942.14,468.4,1672.0,2024,100,73,13408.8
1942.263,468.4,1672.0,2024,100,70,13411.3
1942.38,629.4,1672.0,2024,67,68,13424.4
1942.498,758.9,1672.0,2024,10,67,13442.4
1942.619,462.2,1672.0,2024,10,69,13448.7
1942.737,462.2,1672.0,2024,44,71,13435.8
1942.856,462.2,1672.0,2024,100,74,13416.5
1942.976,462.2,1672.0,2024,100,73,13405.8
1943.095,493.7,1672.0,2024,100,69,13403.3
1943.214,752.7,1672.0,2024,48,68,13408.2
1943.333,882.2,1672.0,2024,18,68,13411.4
1943.451,456.1,1672.0,2024,18,71,13401.2
1943.57,456.1,1672.0,2024,87,73,13391.2
1943.689,456.1,1672.0,2024,100,74,13380.9
1943.808,456.1,1672.0,2024,88,70,13374.6
1943.926,617.1,1672.0,2024,88,68,13389.0
1944.046,746.6,1672.0,2024,13,68,13404.3
1944.164,876.1,1672.0,2024,14,69,13412.5
1944.283,450.0,1672.0,2024,14,71,13394.6
1944.405,450.0,1672.0,2024,96,73,13379.0
1944.523,450.0,1672.0,2024,100,73,13368.9
1944.642,450.0,1672.0,2024,100,70,13364.4
1944.761,611.0,1672.0,2024,81,68,13387.0
1944.879,740.5,1672.0,2024,10,68,13403.2
1944.998,443.9,1672.0,2024,22,68,13412.6
1945.117,443.9,1672.0,2024,22,71,13402.2
1945.236,443.9,1672.0,2024,100,74,13391.8
1945.358,443.9,1672.0,2024,100,72,13381.3
1945.483,475.4,1672.0,2024,100,69,13393.8
1945.603,734.4,1672.0,2024,63,68,13441.2
1945.721,863.9,1672.0,2024,12,68,13538.2
1945.84,863.9,1672.0,2024,3,68,13541.5
1946.135,437.7,1672.0,2024,3,71,13530.9
1946.26,437.7,1672.0,2024,83,73,13511.1
1946.382,437.7,1672.0,2024,100,73,13499.6
1946.502,437.7,1672.0,2024,92,70,13493.6
1946.624,598.7,1672.0,2024,1,68,13470.3
1946.969,728.2,1672.0,2024,5,68,13389.5
1947.429,857.7,1672.0,2024,9,68,13362.6
1947.711,431.6,1672.0,2024,38,71,13353.5
1947.843,431.6,1672.0,2024,100,73,13343.6
1947.966,431.6,1672.0,2024,100,73,13334.2
1948.088,435.1,1672.0,2024,100,70,13327.1
1948.214,425.5,1672.0,2024,63,70,13323.2
1948.343,425.5,1672.0,2024,91,72,13313.6
1948.463,425.5,1672.0,2024,91,73,13304.4
1948.583,425.5,1672.0,2024,100,74,13292.4
1948.703,586.5,1672.0,2024,92,69,13280.0
1948.835,419.4,1672.0,2024,53,70,13273.2
1948.965,419.4,1672.0,2024,53,72,13263.2
1949.089,419.4,1672.0,2024,100,75,13253.0
1949.212,419.4,1672.0,2024,100,72,13243.4
1949.332,580.4,1672.0,2024,100,69,13240.2
1949.453,462.7,1672.0,2024,62,70,13240.2
1949.59,413.2,1672.0,2024,55,72,13223.4
1949.74,413.2,1672.0,2024,100,74,13209.4
1949.887,413.2,1672.0,2024,100,71,13200.0
1950.008,703.7,1672.0,2024,48,69,13198.6
1950.196,407.1,1672.0,2024,51,72,13188.4
1950.333,407.1,1672.0,2024,51,73,13178.2
1950.457,407.1,1672.0,2024,100,73,13167.8
1950.584,407.1,1672.0,2024,100,71,13158.9
1950.705,568.1,1672.0,2024,45,68,13157.7
1950.938,697.6,1672.0,2024,6,68,13131.0
1951.216,401.0,1672.0,2024,99,72,13111.1
1951.513,401.0,1672.0,2024,100,74,13100.2
1951.635,401.0,1672.0,2024,100,71,13090.8
1951.755,691.5,1672.0,2024,80,69,13092.7
1951.906,821.0,1672.0,2024,5,68,13036.8
1952.271,394.9,1672.0,2024,80,73,13010.8
1952.567,394.9,1672.0,2024,100,73,13001.4
1952.688,394.9,1672.0,2024,94,71,12993.8
1952.813,685.4,1672.0,2024,19,68,12985.3
1953.011,388.7,1672.0,2024,67,72,12974.2
1953.191,388.7,1672.0,2024,100,74,12956.4
1953.355,388.7,1672.0,2024,100,69,12906.8
1953.624,388.7,1672.0,2024,4,68,12884.6
1953.815,549.7,1672.0,2024,3,68,12845.5
1954.182,808.7,1672.0,2024,1,68,12802.6
1954.576,808.7,1672.0,2024,69,72,12773.6
1954.9,382.6,1672.0,2024,100,74,12763.8
1955.024,382.6,1672.0,2024,100,71,12754.8
1955.145,414.1,1672.0,2024,1,68,12711.0
1955.579,543.6,1672.0,2024,3,68,12679.8
1955.888,673.1,1672.0,2024,3,68,12686.2
1956.123,673.1,1672.0,2024,3,68,12677.8
1956.403,673.1,1672.0,2024,2,68,12567.0
1956.785,802.6,1672.0,2024,4,68,12557.4
1956.957,802.6,1672.0,2024,2,68,12540.4
1957.342,376.5,1672.0,2024,2,71,12530.9
1957.47,376.5,1672.0,2024,97,73,12521.3
1957.59,376.5,1672.0,2024,100,73,12511.2
1957.715,376.5,1672.0,2024,81,69,12509.7
1957.911,408.0,1672.0,2024,2,68,12472.2
1958.264,537.5,1672.0,2024,1,68,12441.8
1958.632,537.5,1672.0,2024,1,68,12406.5
1959.035,537.5,1672.0,2024,3,68,12362.1
1959.275,667.0,1672.0,2024,6,68,12296.2
1959.401,796.5,1672.0,2024,7,68,12371.2
1959.521,348.9,1672.0,2024,7,71,12387.8
1959.657,348.9,1672.0,2024,66,71,12378.1
1959.778,348.9,1672.0,2024,100,74,12367.1
1959.907,348.9,1672.0,2024,100,71,12356.6
1960.028,324.5,1672.0,2024,100,69,12355.6
1960.153,306.9,1672.0,2024,22,68,12371.3
1960.275,282.9,1672.0,2024,56,71,12148.9
1960.392,282.9,1672.0,2024,100,73,12148.9
1960.51,290.6,1672.0,2024,100,69,12149.7
1960.628,290.6,1672.0,2024,82,73,12149.7
1960.748,290.7,1672.0,2024,100,72,12150.5
1960.867,298.4,1672.0,2024,100,69,12155.4
1960.986,298.4,1672.0,2024,52,73,12155.4
1961.105,301.9,1672.0,2024,100,71,12087.6
1961.224,306.2,1672.0,2024,49,69,12092.6
1961.345,306.2,1672.0,2024,49,74,12092.6
1961.463,337.7,1672.0,2024,100,71,12094.0
1961.582,313.9,1672.0,2024,57,70,12097.7
1961.699,313.9,1672.0,2024,57,73,12017.7
1961.817,474.9,1672.0,2024,100,70,12022.8
1961.936,321.7,1672.0,2024,50,70,12035.2
1962.053,321.7,1672.0,2024,50,74,12035.2
1962.174,353.2,1672.0,2024,94,71,12039.1
1962.293,329.4,1672.0,2024,67,70,12064.6
1962.41,329.4,1672.0,2024,90,74,12064.6
1962.53,490.4,1672.0,2024,90,70,12068.8
1962.649,337.2,1672.0,2024,68,70,12078.4
1962.767,337.2,1672.0,2024,82,74,12078.4
1962.884,498.2,1672.0,2024,82,70,12081.0
1963.003,344.9,1672.0,2024,73,70,12087.4
1963.12,344.9,1672.0,2024,76,73,12087.4
1963.238,506.0,1672.0,2024,83,71,12089.1
1963.356,352.7,1672.0,2024,83,70,12091.9
1963.474,352.7,1672.0,2024,76,75,12091.9
1963.595,643.2,1672.0,2024,86,70,12096.4
1963.714,360.5,1672.0,2024,86,71,12099.0
1963.832,360.5,1672.0,2024,75,74,12099.0
1963.949,780.5,1672.0,2024,88,70,12118.4
1964.068,368.2,1672.0,2024,88,74,12118.4
1964.186,371.7,1672.0,2024,94,73,12119.3
1964.305,376.0,1672.0,2024,79,71,12056.5
1964.431,376.0,1672.0,2024,99,73,11979.6
1964.549,666.5,1672.0,2024,99,71,11980.5
1964.668,383.7,1672.0,2024,73,73,11981.5
1964.785,383.7,1672.0,2024,100,73,11981.5
1964.903,391.5,1672.0,2024,100,69,11986.1
1965.021,391.5,1672.0,2024,75,74,11986.1
1965.139,398.5,1672.0,2024,100,72,11987.8
1965.257,399.3,1672.0,2024,75,70,11988.6
1965.375,399.3,1672.0,2024,75,74,11988.6
1965.493,689.8,1672.0,2024,100,70,11988.8
1965.612,407.0,1672.0,2024,81,73,11988.9
1965.747,407.0,1672.0,2024,100,71,11988.9
1965.867,568.0,1672.0,2024,100,69,12008.1
1965.986,827.0,1672.0,2024,28,68,12032.9
1966.104,414.8,1672.0,2024,65,71,12033.4
1966.222,414.8,1672.0,2024,65,73,12033.4
1966.34,705.3,1672.0,2024,87,69,12052.0
1966.459,422.5,1672.0,2024,21,70,12069.0
1966.577,422.5,1672.0,2024,21,73,12069.0
1966.694,422.5,1672.0,2024,91,71,12073.5
1966.812,713.0,1672.0,2024,57,69,12100.7
1966.93,430.3,1672.0,2024,51,72,12107.5
1967.048,430.3,1672.0,2024,51,73,12107.5
1967.167,591.3,1672.0,2024,100,69,12126.7
1967.285,850.3,1672.0,2024,17,68,12155.6
1967.403,438.0,1672.0,2024,17,70,12163.8
1967.521,438.0,1672.0,2024,65,74,12163.8
1967.639,599.1,1672.0,2024,83,70,12062.3
1967.758,728.6,1672.0,2024,14,69,12103.9
1967.876,858.1,1672.0,2024,14,68,12132.4
1967.994,445.8,1672.0,2024,41,74,12132.4
1968.113,445.8,1672.0,2024,100,73,12135.5
1968.232,736.3,1672.0,2024,100,69,12157.8
1968.35,453.6,1672.0,2024,22,69,12174.6
1968.468,453.6,1672.0,2024,79,73,12174.6
1968.586,485.1,1672.0,2024,79,70,12188.1
1968.704,744.1,1672.0,2024,67,69,12217.0
1968.823,873.6,1672.0,2024,14,68,12130.4
1968.944,461.3,1672.0,2024,75,73,12020.1
1969.086,461.3,1672.0,2024,75,71,12020.1
1969.203,622.3,1672.0,2024,91,68,12056.2
1969.322,751.8,1672.0,2024,11,68,12099.8
1969.439,881.3,1672.0,2024,11,67,12144.3
1969.557,469.1,1672.0,2024,11,69,12148.3
1969.674,469.1,1672.0,2024,87,72,12148.3
1969.791,630.1,1672.0,2024,62,69,12181.4
1969.91,759.6,1672.0,2024,62,68,12197.6
1970.028,476.8,1672.0,2024,14,70,12209.4
1970.147,476.8,1672.0,2024,77,74,12186.0
1970.267,637.8,1672.0,2024,71,70,12146.9
1970.39,767.3,1672.0,2024,71,68,12193.8
1970.51,896.8,1672.0,2024,12,68,12231.2
1970.628,484.6,1672.0,2024,48,71,12236.3
1970.768,484.6,1672.0,2024,48,70,12236.3
1970.886,645.6,1672.0,2024,100,68,12275.5
1971.005,645.6,1672.0,2024,25,67,12338.6
1971.124,775.1,1672.0,2024,11,67,12372.8
1971.244,904.6,1672.0,2024,11,67,12446.7
1971.364,442.3,1672.0,2024,17,70,12461.2
1971.486,442.3,1672.0,2024,100,71,12411.7
1971.606,449.1,1672.0,2024,39,68,12406.7
1971.742,449.1,1672.0,2024,39,67,12341.7
1971.874,449.1,1672.0,2024,0,67,12231.9
1972.004,449.1,1672.0,2024,0,67,12285.2
1972.129,449.1,1672.0,2024,3,67,12326.9
1972.257,449.1,1672.0,2024,3,67,12431.4
1972.381,449.1,1672.0,2024,0,67,12497.7
1972.506,449.1,1672.0,2024,0,67,12553.4
1972.632,449.1,1672.0,2024,3,67,12603.0
1972.759,449.1,1672.0,2024,3,67,12690.3
1972.885,449.1,1672.0,2024,0,67,12724.2
1973.011,449.1,1672.0,2024,0,67,12750.3
1973.14,449.1,1672.0,2024,3,67,12780.6
1973.267,449.1,1672.0,2024,3,67,12806.2
1973.395,449.1,1672.0,2024,0,67,12844.0
1973.521,449.1,1672.0,2024,0,67,12910.2
1973.648,449.1,1672.0,2024,3,67,12933.8
1973.774,449.1,1672.0,2024,3,67,12966.5
1973.902,449.1,1672.0,2024,0,67,13001.9
1974.028,449.1,1672.0,2024,0,67,13010.8
1974.158,449.1,1672.0,2024,4,67,12684.4
1974.286,449.1,1672.0,2024,0,67,12681.1
1974.415,449.1,1672.0,2024,0,67,12743.6
1974.54,449.1,1672.0,2024,0,67,12781.7
1974.666,449.1,1672.0,2024,3,67,12898.8
1974.791,449.1,1672.0,2024,0,67,12892.1
1974.919,449.1,1672.0,2024,0,67,12864.7
1975.044,449.1,1672.0,2024,0,67,12916.6
1975.168,449.1,1672.0,2024,3,67,13014.6
1975.294,449.1,1672.0,2024,0,67,13079.9
1975.419,449.1,1672.0,2024,0,67,12959.1
1975.548,449.1,1672.0,2024,0,67,13027.5
1975.674,449.1,1672.0,2024,4,67,13111.5
1975.799,449.1,1672.0,2024,0,67,13174.0
1975.924,449.1,1672.0,2024,0,67,13213.2
1976.052,449.1,1672.0,2024,0,67,13153.7
1976.178,449.1,1672.0,2024,3,67,13174.4
1976.302,449.1,1672.0,2024,0,67,13202.4
1976.428,449.1,1672.0,2024,0,67,13225.9
1976.552,449.1,1672.0,2024,1,67,13213.8
1976.678,449.1,1672.0,2024,2,67,13369.2
1976.802,449.1,1672.0,2024,0,67,13379.0
1976.932,449.1,1672.0,2024,0,67,13266.5
1977.058,449.1,1672.0,2024,1,67,12212.1
1977.179,449.1,1672.0,2024,2,67,12220.8
1977.299,449.1,1672.0,2024,0,67,12228.9
1977.419,449.1,1672.0,2024,0,67,12238.1
1977.539,449.1,1672.0,2024,1,67,12245.0
1977.666,449.1,1672.0,2024,3,67,12245.0
1977.793,449.1,1672.0,2024,0,67,12245.0
1977.919,449.1,1672.0,2024,0,67,12245.0
1978.045,449.1,1672.0,2024,2,67,12245.1
1978.173,449.1,1672.0,2024,2,67,12245.1
1978.301,449.1,1672.0,2024,0,67,12245.1
1978.428,449.1,1672.0,2024,0,67,12245.1
1978.555,449.1,1672.0,2024,2,67,12245.1
1978.681,449.1,1672.0,2024,2,67,12245.1
1978.806,449.1,1672.0,2024,0,67,12245.1
1978.933,449.1,1672.0,2024,0,67,12245.1
1979.059,449.1,1672.0,2024,2,66,12245.1
1979.185,449.1,1672.0,2024,2,67,12245.1
1979.312,449.1,1672.0,2024,2,66,11955.3
1979.43,559.0,1712.0,2064,2,68,11959.4
1979.548,483.2,1712.0,2064,75,70,11959.4
1979.666,483.2,1712.0,2064,100,71,11959.4
1979.783,483.2,1712.0,2064,100,73,11959.4
1979.901,483.2,1712.0,2064,100,70,11961.5
1980.019,773.7,1712.0,2064,56,68,11978.0
1980.138,479.1,1712.0,2064,56,73,11981.6
1980.255,479.1,1712.0,2064,74,72,11981.6
1980.372,479.1,1712.0,2064,100,73,11981.6
1980.489,479.1,1712.0,2064,100,71,11981.6
1980.607,640.1,1712.0,2064,100,69,12040.4
1980.725,769.6,1712.0,2064,34,68,12110.3
1980.843,899.1,1712.0,2064,12,68,12144.0
1980.961,475.0,1712.0,2064,12,73,12144.5
1981.08,475.0,1712.0,2064,87,72,12144.5
1981.198,475.0,1712.0,2064,100,72,12144.5
1981.316,475.0,1712.0,2064,100,70,12144.5
1981.433,636.0,1712.0,2064,100,68,12202.9
1981.551,765.5,1712.0,2064,14,68,12286.9
1981.67,895.0,1712.0,2064,12,68,12369.9
1981.787,470.9,1712.0,2064,12,69,12426.8
1981.904,470.9,1712.0,2064,39,73,12426.8
1982.025,470.9,1712.0,2064,100,72,12426.8
1982.142,470.9,1712.0,2064,100,72,12426.8
1982.261,470.9,1712.0,2064,100,70,12434.8
1982.379,631.9,1712.0,2064,57,68,12482.9
1982.497,761.4,1712.0,2064,9,68,12530.6
1982.615,761.4,1712.0,2064,9,68,12582.3
1982.733,890.9,1712.0,2064,10,67,12627.2
1982.852,466.8,1712.0,2064,52,72,12631.6
1982.969,466.8,1712.0,2064,52,72,12631.6
1983.091,466.8,1712.0,2064,100,73,12631.6
1983.209,466.8,1712.0,2064,100,70,12631.8
1983.327,627.9,1712.0,2064,41,68,12670.5
1983.445,757.4,1712.0,2064,41,68,12715.4
1983.563,886.9,1712.0,2064,10,68,12774.8
1983.681,886.9,1712.0,2064,10,67,12821.7
1983.8,462.8,1712.0,2064,10,73,12825.8
1983.918,462.8,1712.0,2064,80,72,12825.8
1984.035,462.8,1712.0,2064,100,72,12825.8
1984.153,462.8,1712.0,2064,100,70,12825.8
1984.27,623.8,1712.0,2064,100,68,12865.4
1984.388,753.3,1712.0,2064,15,68,12919.5
1984.506,882.8,1712.0,2064,11,68,12969.9
1984.624,882.8,1712.0,2064,11,67,13006.8
1984.742,458.7,1712.0,2064,27,72,13007.9
1984.86,458.7,1712.0,2064,100,72,13007.9
1984.978,458.7,1712.0,2064,100,72,13007.9
1985.095,458.7,1712.0,2064,100,70,13007.9
1985.213,619.7,1712.0,2064,69,68,13050.7
1985.331,619.7,1712.0,2064,8,68,13102.6
1985.449,749.2,1712.0,2064,8,67,13137.1
1985.568,878.7,1712.0,2064,10,67,13164.6
1985.694,454.6,1712.0,2064,12,69,13134.8
1985.812,454.6,1712.0,2064,12,73,13134.8
1985.93,454.6,1712.0,2064,100,72,13134.8
1986.048,454.6,1712.0,2064,100,73,13134.8
1986.166,454.6,1712.0,2064,80,69,13136.0
1986.288,615.6,1712.0,2064,80,68,13154.9
1986.409,745.1,1712.0,2064,8,68,13185.7
1986.53,745.1,1712.0,2064,8,67,13218.3
1986.65,874.6,1712.0,2064,8,67,13237.4
1986.77,874.6,1712.0,2064,7,67,13234.9
1986.89,450.5,1712.0,2064,7,69,13230.1
1987.01,450.5,1712.0,2064,100,73,13220.4
1987.13,450.5,1712.0,2064,100,72,13210.7
1987.25,450.5,1712.0,2064,100,71,13201.1
1987.37,454.0,1712.0,2064,79,69,13202.7
1987.49,482.0,1712.0,2064,79,68,13196.8
1987.61,611.5,1712.0,2064,4,68,13186.2
1987.73,611.5,1712.0,2064,3,67,13181.6
1987.851,611.5,1712.0,2064,5,67,13180.2
1987.971,741.0,1712.0,2064,5,67,13168.5
1988.092,741.0,1712.0,2064,5,67,13168.7
1988.216,870.5,1712.0,2064,6,67,13159.7
1988.336,870.5,1712.0,2064,6,67,13156.1
1988.458,870.5,1712.0,2064,4,67,13144.7
1988.578,870.5,1712.0,2064,3,67,13138.9
1988.699,446.4,1712.0,2064,59,72,13130.2
1988.82,446.4,1712.0,2064,59,71,13120.7
1988.94,446.4,1712.0,2064,100,72,13111.4
1989.06,446.4,1712.0,2064,100,70,13102.7
1989.18,446.4,1712.0,2064,26,68,13090.0
1989.301,477.9,1712.0,2064,26,67,13081.4
1989.421,477.9,1712.0,2064,1,67,13064.2
1989.543,607.4,1712.0,2064,4,67,13052.1
1989.664,607.4,1712.0,2064,4,67,13042.2
1989.785,607.4,1712.0,2064,3,67,13032.6
1989.906,607.4,1712.0,2064,1,67,13022.0
1990.026,607.4,1712.0,2064,3,67,13010.5
1990.147,607.4,1712.0,2064,3,67,12996.7
1990.267,607.4,1712.0,2064,2,67,12988.6
1990.387,607.4,1712.0,2064,1,67,12975.8
1990.507,736.9,1712.0,2064,1,67,12963.0
1990.628,736.9,1712.0,2064,2,67,12950.1
1990.748,736.9,1712.0,2064,5,67,12944.1
1990.869,866.4,1712.0,2064,4,67,12939.3
1990.99,866.4,1712.0,2064,4,67,12939.6
1991.11,442.3,1712.0,2064,8,69,12933.3
1991.23,442.3,1712.0,2064,87,72,12923.7
1991.35,442.3,1712.0,2064,100,71,12913.8
1991.472,442.3,1712.0,2064,100,70,12904.6
1991.592,603.3,1712.0,2064,99,68,12897.2
1991.712,603.3,1712.0,2064,10,67,12891.0
1991.832,732.8,1712.0,2064,10,67,12882.1
1991.952,862.3,1712.0,2064,9,67,12870.5
1992.072,862.3,1712.0,2064,4,67,12859.4
1992.192,862.3,1712.0,2064,5,67,12851.9
1992.313,438.2,1712.0,2064,5,73,12833.7
1992.434,438.2,1712.0,2064,99,71,12819.1
1992.553,438.2,1712.0,2064,100,71,12809.6
1992.673,438.2,1712.0,2064,100,69,12800.1
1992.793,858.3,1712.0,2064,89,68,12794.0
1992.914,434.2,1712.0,2064,35,70,12783.5
1993.034,434.2,1712.0,2064,100,72,12776.8
1993.151,434.2,1712.0,2064,100,71,12776.8
1993.269,434.2,1712.0,2064,100,71,12776.8
1993.387,465.7,1712.0,2064,72,68,12784.6
1993.506,595.2,1712.0,2064,72,68,12782.2
1993.625,854.2,1712.0,2064,15,67,12744.2
1993.743,430.1,1712.0,2064,38,72,12746.0
1993.861,430.1,1712.0,2064,38,72,12746.0
1993.982,430.1,1712.0,2064,100,72,12746.0
1994.1,430.1,1712.0,2064,100,70,12652.3
1994.219,591.1,1712.0,2064,62,68,12668.0
1994.34,720.6,1712.0,2064,62,67,12687.1
1994.458,850.1,1712.0,2064,10,67,12701.9
1994.577,850.1,1712.0,2064,11,67,12718.4
1994.694,426.0,1712.0,2064,11,70,12713.5
1994.816,426.0,1712.0,2064,82,70,12713.5
1994.934,426.0,1712.0,2064,100,71,12713.5
1995.052,426.0,1712.0,2064,100,69,12713.5
1995.17,587.0,1712.0,2064,100,68,12729.3
1995.287,587.0,1712.0,2064,33,67,12753.7
1995.406,846.0,1712.0,2064,10,67,12769.3
1995.523,421.9,1712.0,2064,10,68,12783.3
1995.641,421.9,1712.0,2064,35,72,12783.3
1995.777,421.9,1712.0,2064,100,70,12783.3
1995.896,421.9,1712.0,2064,100,70,12783.3
1996.014,421.9,1712.0,2064,100,68,12783.3
1996.132,582.9,1712.0,2064,89,67,12813.9
1996.251,712.4,1712.0,2064,13,67,12869.1
1996.371,712.4,1712.0,2064,13,67,12918.0
1996.492,841.9,1712.0,2064,6,67,12904.1
1996.612,841.9,1712.0,2064,2,67,12892.2
1996.733,841.9,1712.0,2064,2,67,12878.3
1996.854,841.9,1712.0,2064,2,67,12868.2
1996.974,841.9,1712.0,2064,1,67,12858.9
1997.096,417.8,1712.0,2064,6,68,12856.2
1997.216,417.8,1712.0,2064,92,72,12842.0
1997.337,417.8,1712.0,2064,92,72,12832.5
1997.456,417.8,1712.0,2064,100,72,12823.1
1997.576,449.3,1712.0,2064,94,69,12823.3
1997.696,578.8,1712.0,2064,94,67,12826.6
1997.817,578.8,1712.0,2064,8,67,12828.4
1997.938,708.3,1712.0,2064,5,67,12881.7
1998.058,413.7,1712.0,2064,41,68,12880.9
1998.178,413.7,1712.0,2064,41,73,12871.3
1998.299,413.7,1712.0,2064,100,72,12861.8
1998.419,413.7,1712.0,2064,100,71,12852.3
1998.539,574.7,1712.0,2064,100,68,12846.1
1998.66,409.6,1712.0,2064,69,69,12844.6
1998.78,409.6,1712.0,2064,65,73,12835.1
1998.899,409.6,1712.0,2064,100,72,12825.7
1999.019,409.6,1712.0,2064,100,72,12814.3
1999.14,441.2,1712.0,2064,100,69,12800.1
1999.261,829.7,1712.0,2064,46,68,12798.3
1999.382,405.6,1712.0,2064,46,73,12788.8
1999.502,405.6,1712.0,2064,80,72,12779.3
1999.623,405.6,1712.0,2064,100,72,12769.7
1999.744,405.6,1712.0,2064,100,69,12760.2
1999.864,696.1,1712.0,2064,100,68,12762.1
1999.986,401.5,1712.0,2064,30,69,12764.7
2000.106,401.5,1712.0,2064,70,73,12755.1
2000.226,401.5,1712.0,2064,100,72,12745.5
2000.346,401.5,1712.0,2064,100,73,12735.7
2000.466,562.5,1712.0,2064,100,70,12727.5
2000.586,397.4,1712.0,2064,48,69,12725.6
2000.706,397.4,1712.0,2064,48,71,12717.0
2000.825,397.4,1712.0,2064,100,71,12707.2
2000.945,397.4,1712.0,2064,100,71,12697.3
2001.065,397.4,1712.0,2064,99,69,12687.6
2001.188,558.4,1712.0,2064,99,68,12702.9
2001.308,687.9,1712.0,2064,10,68,12716.6
2001.427,393.3,1712.0,2064,14,68,12718.1
2001.547,393.3,1712.0,2064,14,73,12700.8
2001.668,393.3,1712.0,2064,100,72,12691.0
2001.788,393.3,1712.0,2064,100,72,12681.2
2001.908,393.3,1712.0,2064,87,69,12675.1
2002.027,683.8,1712.0,2064,87,68,12686.5
2002.147,813.3,1712.0,2064,18,68,12703.9
2002.266,389.2,1712.0,2064,39,70,12701.7
2002.386,389.2,1712.0,2064,39,72,12691.8
2002.507,389.2,1712.0,2064,100,72,12682.1
2002.626,389.2,1712.0,2064,100,71,12672.4
2002.746,550.2,1712.0,2064,58,68,12674.4
2002.866,809.2,1712.0,2064,58,68,12688.9
2002.987,385.1,1712.0,2064,40,73,12680.2
2003.106,385.1,1712.0,2064,100,72,12670.4
2003.226,385.1,1712.0,2064,100,72,12660.6
2003.346,385.1,1712.0,2064,100,70,12667.5
2003.466,675.6,1712.0,2064,63,68,12709.3
2003.592,805.1,1712.0,2064,1,67,12668.6
2003.957,381.0,1712.0,2064,92,72,12622.1
2004.3,381.0,1712.0,2064,100,73,12611.9
2004.424,381.0,1712.0,2064,93,68,12589.5
2004.629,542.1,1712.0,2064,2,67,12584.8
2004.896,542.1,1712.0,2064,2,67,12529.6
2005.064,671.6,1712.0,2064,12,67,12579.9
2005.201,801.1,1712.0,2064,1,67,12585.2
2005.543,801.1,1712.0,2064,6,71,12558.3
2005.857,377.0,1712.0,2064,66,72,12542.7
2005.982,377.0,1712.0,2064,100,72,12524.6
2006.106,377.0,1712.0,2064,100,70,12514.4
2006.23,408.5,1712.0,2064,1,68,12468.0
2006.62,538.0,1712.0,2064,4,67,12437.2
2006.864,538.0,1712.0,2064,4,67,12395.1
2007.279,538.0,1712.0,2064,4,67,12342.9
2007.731,667.5,1712.0,2064,0,67,12298.4
2008.125,667.5,1712.0,2064,3,67,12266.1
2008.307,797.0,1712.0,2064,2,67,12248.9
2008.71,351.8,1712.0,2064,2,72,12183.6
2008.83,351.8,1712.0,2064,84,72,12089.4
2008.95,351.8,1712.0,2064,100,72,12011.1
2009.114,351.8,1712.0,2064,100,69,11887.3
2009.256,324.4,1712.0,2064,100,68,11915.4
2009.374,514.0,1712.0,2064,4,68,11940.5
2009.491,514.0,1712.0,2064,6,68,11970.1
2009.609,782.3,1712.0,2064,27,69,11986.0
2009.727,361.7,1712.0,2064,27,73,11916.2
2009.845,361.7,1712.0,2064,100,72,11916.2
2009.962,522.8,1712.0,2064,74,69,11937.8
2010.081,652.3,1712.0,2064,74,68,11986.9
2010.199,781.8,1712.0,2064,19,68,12017.5
2010.317,370.7,1712.0,2064,29,69,12023.5
2010.435,370.7,1712.0,2064,100,73,12023.5
2010.553,370.7,1712.0,2064,100,71,12029.5
2010.672,661.2,1712.0,2064,59,68,12046.3
2010.791,379.7,1712.0,2064,24,68,12063.7
2010.908,379.7,1712.0,2064,24,73,12063.7
2011.026,379.7,1712.0,2064,99,72,12063.7
2011.143,670.2,1712.0,2064,89,69,12068.6
2011.263,388.6,1712.0,2064,89,70,12070.9
2011.381,388.6,1712.0,2064,78,73,12070.9
2011.499,549.6,1712.0,2064,100,70,12073.5
2011.619,808.6,1712.0,2064,42,69,12082.5
2011.737,397.6,1712.0,2064,42,73,12082.5
2011.855,397.6,1712.0,2064,100,72,12082.5
2011.973,558.6,1712.0,2064,79,69,12089.3
2012.091,406.6,1712.0,2064,79,68,12096.0
2012.209,406.6,1712.0,2064,52,73,12096.0
2012.329,406.6,1712.0,2064,100,72,12096.0
2012.448,415.5,1712.0,2064,80,69,12098.1
2012.57,415.5,1712.0,2064,80,72,12098.1
2012.688,415.5,1712.0,2064,100,72,12098.1
2012.806,835.5,1712.0,2064,84,69,12102.4
2012.925,424.5,1712.0,2064,84,71,12102.8
2013.043,424.5,1712.0,2064,87,73,12102.8
2013.161,585.5,1712.0,2064,96,70,12104.7
2013.28,433.4,1712.0,2064,77,70,12088.6
2013.412,433.4,1712.0,2064,77,70,12020.3
2013.531,433.4,1712.0,2064,100,71,12020.3
2013.65,442.4,1712.0,2064,87,68,12027.2
2013.767,442.4,1712.0,2064,87,73,12027.2
2013.888,442.4,1712.0,2064,97,72,12027.2
2014.005,603.4,1712.0,2064,80,69,12044.1
2014.124,732.9,1712.0,2064,15,68,12070.5
2014.242,451.4,1712.0,2064,15,69,12073.8
2014.361,451.4,1712.0,2064,82,73,12073.8
2014.479,451.4,1712.0,2064,99,71,12076.5
2014.598,741.9,1712.0,2064,99,68,12102.7
2014.716,460.3,1712.0,2064,23,70,12118.7
2014.834,460.3,1712.0,2064,73,73,12118.7
2014.953,460.3,1712.0,2064,73,72,12118.7
2015.071,621.3,1712.0,2064,100,69,12130.7
2015.191,469.3,1712.0,2064,31,70,12139.5
2015.309,469.3,1712.0,2064,85,73,12139.5
2015.428,469.3,1712.0,2064,85,73,12139.5
2015.546,630.3,1712.0,2064,91,69,12149.8
2015.665,478.2,1712.0,2064,27,69,12159.3
2015.783,478.2,1712.0,2064,27,73,12137.2
2015.902,478.2,1712.0,2064,90,72,12117.6
2016.021,768.7,1712.0,2064,87,69,12035.9
2016.143,487.2,1712.0,2064,76,71,11981.8
2016.261,487.2,1712.0,2064,76,73,11981.8
2016.378,648.2,1712.0,2064,100,69,11986.0
2016.497,496.2,1712.0,2064,77,69,11993.6
2016.615,496.2,1712.0,2064,77,73,11993.6
2016.734,496.2,1712.0,2064,100,72,11994.3
2016.853,916.2,1712.0,2064,70,68,12012.5
2016.971,505.1,1712.0,2064,80,72,12012.5
2017.089,505.1,1712.0,2064,80,73,12012.5
2017.207,536.6,1712.0,2064,100,69,12024.8
2017.326,795.6,1712.0,2064,12,68,12047.1
2017.444,949.4,1712.0,2064,12,68,12060.7
2017.562,514.1,1712.0,2064,40,72,12060.7
2017.68,514.1,1712.0,2064,100,72,12060.7
2017.798,675.1,1712.0,2064,100,69,12071.2
2017.916,934.1,1712.0,2064,61,68,12085.5
2018.035,523.0,1712.0,2064,51,72,12085.5
2018.153,523.0,1712.0,2064,100,72,12085.5
2018.271,813.6,1712.0,2064,100,69,12102.6
2018.39,532.0,1712.0,2064,65,70,12106.9
2018.508,532.0,1712.0,2064,99,74,12106.9
2018.626,532.0,1712.0,2064,99,71,12111.0
2018.745,541.0,1712.0,2064,86,70,12133.5
2018.863,541.0,1712.0,2064,89,73,12133.5
2018.98,541.0,1712.0,2064,99,71,12134.5
2019.102,549.9,1712.0,2064,99,70,12141.7
2019.22,549.9,1712.0,2064,65,73,12141.7
2019.338,549.9,1712.0,2064,100,72,12141.7
2019.456,840.4,1712.0,2064,100,69,12145.7
2019.576,558.9,1712.0,2064,63,70,12149.0
2019.694,558.9,1712.0,2064,100,73,12149.0
2019.812,590.4,1712.0,2064,100,70,12153.2
2019.93,567.9,1712.0,2064,82,70,12157.3
2020.047,567.9,1712.0,2064,82,73,12157.3
2020.165,567.9,1712.0,2064,100,72,12157.3
2020.283,987.9,1712.0,2064,100,68,12169.3
2020.401,576.8,1712.0,2064,60,73,12169.3
2020.519,576.8,1712.0,2064,100,72,12169.3
2020.637,737.8,1712.0,2064,100,69,12178.0
2020.756,585.8,1712.0,2064,67,70,12190.3
2020.873,585.8,1712.0,2064,70,73,12190.3
2020.993,585.8,1712.0,2064,100,72,12190.3
2021.112,746.8,1712.0,2064,100,68,12148.1
2021.231,876.3,1712.0,2064,28,68,12099.0
2021.349,1005.8,1712.0,2064,10,67,12154.6
2021.467,594.7,1712.0,2064,10,69,12193.2
2021.586,594.7,1712.0,2064,46,73,12193.2
2021.705,594.7,1712.0,2064,100,72,12193.2
2021.825,755.7,1712.0,2064,40,68,12263.2
2021.944,755.7,1712.0,2064,40,68,12343.5
2022.063,885.2,1712.0,2064,10,67,12422.2
2022.183,1014.7,1712.0,2064,11,67,12521.0
2022.306,553.6,1712.0,2064,11,69,12306.7
2022.426,553.6,1712.0,2064,67,73,12205.8
2022.545,561.7,1712.0,2064,100,70,12174.6
2022.666,561.7,1712.0,2064,13,68,12252.7
2022.789,561.7,1712.0,2064,13,67,12333.6
2022.916,561.7,1712.0,2064,0,67,12384.5
2023.044,561.7,1712.0,2064,2,67,12415.5
2023.169,561.7,1712.0,2064,2,67,12442.1
2023.3,561.7,1712.0,2064,2,67,12447.0
2023.425,561.7,1712.0,2064,0,67,12282.4
2023.566,561.7,1712.0,2064,2,67,12091.1
2023.704,561.7,1712.0,2064,2,67,12110.6
2023.829,561.7,1712.0,2064,0,67,12141.8
2023.955,561.7,1712.0,2064,0,67,12252.5
2024.081,561.7,1712.0,2064,3,67,12307.5
2024.207,561.7,1712.0,2064,2,67,12364.9
2024.334,561.7,1712.0,2064,0,67,12400.3
2024.462,561.7,1712.0,2064,0,67,12526.7
2024.591,561.7,1712.0,2064,2,67,12585.3
2024.717,561.7,1712.0,2064,2,67,12629.9
2024.843,561.7,1712.0,2064,0,67,12672.4
2024.968,561.7,1712.0,2064,0,67,12781.1
2025.093,561.7,1712.0,2064,2,67,12843.6
2025.218,561.7,1712.0,2064,2,67,12894.5
2025.343,561.7,1712.0,2064,0,67,12915.2
2025.469,561.7,1712.0,2064,0,67,12916.2
2025.594,561.7,1712.0,2064,2,67,12976.5
2025.719,561.7,1712.0,2064,2,67,13022.2
2025.846,561.7,1712.0,2064,0,67,13064.3
2025.973,561.7,1712.0,2064,0,67,13150.1
2026.098,561.7,1712.0,2064,2,67,13183.8
2026.224,561.7,1712.0,2064,2,67,13223.0
2026.35,561.7,1712.0,2064,0,67,13249.4
2026.479,561.7,1712.0,2064,0,67,13275.8
2026.608,561.7,1712.0,2064,2,67,13298.7
2026.735,561.7,1712.0,2064,2,67,13379.6
2026.861,561.7,1712.0,2064,0,66,13406.5
2026.988,561.7,1712.0,2064,0,67,13444.5
2027.117,561.7,1712.0,2064,3,66,13465.3
2027.244,561.7,1712.0,2064,2,66,13488.5
2027.37,561.7,1712.0,2064,0,66,13498.1
2027.497,561.7,1712.0,2064,2,66,13529.3
2027.74,561.7,1712.0,2064,0,66,13525.9
2027.98,561.7,1712.0,2064,2,67,13534.1
2028.187,561.7,1712.0,2064,2,66,13539.3
2028.416,561.7,1712.0,2064,2,66,13546.5
2028.658,561.7,1712.0,2064,2,66,13468.2
2029.254,561.7,1712.0,2064,0,66,13453.8
2029.631,561.7,1712.0,2064,0,66,13424.2
2030.005,561.7,1712.0,2064,2,66,13415.1
2030.266,561.7,1712.0,2064,0,66,13309.3
2031.006,561.7,1712.0,2064,2,66,13209.0
2031.695,561.7,1712.0,2064,2,66,13173.9
2031.866,561.7,1712.0,2064,0,66,12962.6
2031.999,561.7,1712.0,2064,0,66,12846.9
2032.128,561.7,1712.0,2064,2,66,12010.2
2032.247,561.7,1712.0,2064,2,66,12032.5
2032.369,561.7,1712.0,2064,0,66,12054.9
2032.489,561.7,1712.0,2064,0,66,12077.9
2032.611,561.7,1712.0,2064,2,66,12098.4
2032.732,561.7,1712.0,2064,2,66,12119.3
2032.854,561.7,1712.0,2064,2,66,12139.1
2032.977,561.7,1712.0,2064,0,66,12159.8
2033.097,561.7,1712.0,2064,2,66,12178.7
2033.217,561.7,1712.0,2064,2,66,12197.6
2033.337,561.7,1712.0,2064,2,66,12217.2
2033.46,561.7,1712.0,2064,0,66,12236.2
2033.581,561.7,1712.0,2064,2,66,12254.5
2033.701,561.7,1712.0,2064,2,66,12272.8
2033.821,561.7,1712.0,2064,2,66,12294.8
2033.943,561.7,1712.0,2064,0,66,12315.9
2034.064,561.7,1712.0,2064,2,66,12334.9
2034.188,561.7,1712.0,2064,2,66,12357.1
2034.311,561.7,1712.0,2064,2,66,12379.5
2034.433,561.7,1712.0,2064,0,66,12399.0
2034.554,561.7,1712.0,2064,2,66,12418.1
2034.673,561.7,1712.0,2064,2,66,12439.3
2034.795,561.7,1712.0,2064,2,66,12460.7
2034.917,561.7,1712.0,2064,0,66,12481.6
2035.037,561.7,1712.0,2064,2,66,12500.7
2035.16,561.7,1712.0,2064,2,66,12519.5
2035.285,561.7,1712.0,2064,2,66,12541.8
2035.403,561.7,1712.0,2064,0,66,12560.1
2035.524,561.7,1712.0,2064,0,66,12578.4
2035.645,561.7,1712.0,2064,2,66,12599.6
2035.764,561.7,1712.0,2064,1,66,12618.9
2035.885,561.7,1712.0,2064,0,66,12639.0
2036.004,561.7,1712.0,2064,0,66,12661.0
2036.126,561.7,1712.0,2064,3,66,12681.1
2036.246,561.7,1712.0,2064,1,66,12701.7
2036.367,561.7,1712.0,2064,1,66,12721.7
2036.486,561.7,1712.0,2064,0,66,12739.7
2036.607,561.7,1712.0,2064,3,66,12761.1
2036.727,561.7,1712.0,2064,1,66,12780.0
2036.846,561.7,1712.0,2064,1,66,12799.3
2036.964,561.7,1712.0,2064,0,66,12817.0
2037.083,561.7,1712.0,2064,3,66,12840.5
2037.206,561.7,1712.0,2064,3,66,12860.9
2037.33,561.7,1712.0,2064,1,66,12865.8
2037.454,561.7,1712.0,2064,0,66,12870.3
2037.579,561.7,1712.0,2064,3,66,12871.1
2037.705,561.7,1712.0,2064,3,66,12871.1
2037.832,561.7,1712.0,2064,1,66,12871.1
2037.958,561.7,1712.0,2064,0,66,12871.1
2038.083,561.7,1712.0,2064,3,66,12871.1
2038.209,561.7,1712.0,2064,3,66,12871.1
2038.335,561.7,1712.0,2064,0,66,12871.1
2038.461,625.7,1712.0,2064,1,66,12547.5
2038.578,755.2,1712.0,2064,13,66,12576.7
2038.696,1014.2,1712.0,2064,13,66,12615.2
2038.814,650.3,1752.0,2104,15,67,12646.9
2038.931,594.2,1752.0,2104,80,70,12646.9
2039.049,594.2,1752.0,2104,80,70,12646.9
2039.168,594.2,1752.0,2104,100,73,12646.9
2039.286,594.2,1752.0,2104,100,73,12646.9
2039.403,594.2,1752.0,2104,100,69,12646.9
2039.521,755.2,1752.0,2104,100,68,12679.0
2039.64,884.7,1752.0,2104,28,67,12717.6
2039.758,1014.2,1752.0,2104,13,67,12739.8
2039.876,586.2,1752.0,2104,13,68,12745.9
2039.994,586.2,1752.0,2104,60,72,12745.9
2040.112,586.2,1752.0,2104,100,72,12745.9
2040.23,586.2,1752.0,2104,100,72,12745.9
2040.349,586.2,1752.0,2104,100,69,12745.9
2040.467,593.2,1752.0,2104,100,69,12756.5
2040.586,876.7,1752.0,2104,31,68,12798.4
2040.704,578.1,1752.0,2104,31,69,12810.1
2040.822,578.1,1752.0,2104,49,73,12810.1
2040.939,578.1,1752.0,2104,100,71,12810.1
2041.057,578.1,1752.0,2104,100,72,12810.1
2041.175,578.1,1752.0,2104,100,72,12810.1
2041.292,578.1,1752.0,2104,100,69,12810.1
2041.41,868.6,1752.0,2104,58,68,12830.2
2041.528,570.1,1752.0,2104,58,68,12853.3
2041.646,570.1,1752.0,2104,54,73,12853.3
2041.765,570.1,1752.0,2104,100,71,12853.3
2041.883,570.1,1752.0,2104,100,71,12853.3
2042.001,570.1,1752.0,2104,100,72,12853.3
2042.119,570.1,1752.0,2104,100,69,12853.3
2042.237,731.1,1752.0,2104,100,68,12872.7
2042.356,990.1,1752.0,2104,47,67,12894.4
2042.474,562.0,1752.0,2104,22,68,12903.3
2042.592,562.0,1752.0,2104,100,73,12903.3
2042.71,562.0,1752.0,2104,100,72,12903.3
2042.827,562.0,1752.0,2104,100,72,12903.3
2042.946,562.0,1752.0,2104,100,69,12903.3
2043.063,593.5,1752.0,2104,100,70,12908.2
2043.181,982.0,1752.0,2104,78,68,12917.6
2043.299,554.0,1752.0,2104,53,71,12917.7
2043.416,554.0,1752.0,2104,100,72,12917.7
2043.534,554.0,1752.0,2104,100,72,12917.7
2043.651,554.0,1752.0,2104,100,72,12917.7
2043.769,554.0,1752.0,2104,100,69,12917.7
2043.887,715.0,1752.0,2104,100,68,12925.4
2044.005,974.0,1752.0,2104,57,68,12935.1
2044.123,546.0,1752.0,2104,64,73,12935.1
2044.24,546.0,1752.0,2104,64,72,12935.1
2044.359,546.0,1752.0,2104,100,72,12935.1
2044.477,546.0,1752.0,2104,100,72,12935.1
2044.594,546.0,1752.0,2104,100,69,12935.1
2044.712,707.0,1752.0,2104,100,68,12965.0
2044.829,836.5,1752.0,2104,32,68,12987.0
2044.947,966.0,1752.0,2104,12,67,13025.1
2045.065,537.9,1752.0,2104,12,69,13038.7
2045.183,537.9,1752.0,2104,59,72,13038.7
2045.3,537.9,1752.0,2104,100,72,13038.8
2045.418,537.9,1752.0,2104,100,71,13038.8
2045.536,537.9,1752.0,2104,100,70,13038.8
2045.653,537.9,1752.0,2104,100,70,13046.7
2045.771,698.9,1752.0,2104,28,68,13085.0
2045.89,828.4,1752.0,2104,28,67,13115.6
2046.008,828.4,1752.0,2104,7,67,13148.5
2046.126,957.9,1752.0,2104,9,67,13182.1
2046.244,957.9,1752.0,2104,9,67,13203.9
2046.362,529.9,1752.0,2104,16,72,13205.2
2046.48,529.9,1752.0,2104,100,71,13205.2
2046.597,529.9,1752.0,2104,100,71,13205.2
2046.716,529.9,1752.0,2104,100,72,13205.2
2046.833,529.9,1752.0,2104,100,69,13205.2
2046.95,536.9,1752.0,2104,70,68,13222.9
2047.068,690.9,1752.0,2104,70,67,13249.4
2047.186,820.4,1752.0,2104,13,67,13277.2
2047.304,949.9,1752.0,2104,10,67,13300.8
2047.422,521.8,1752.0,2104,10,70,13303.3
2047.539,521.8,1752.0,2104,71,72,13303.3
2047.657,521.8,1752.0,2104,100,73,13303.3
2047.774,521.8,1752.0,2104,100,72,13303.3
2047.892,521.8,1752.0,2104,100,69,13303.3
2048.01,553.4,1752.0,2104,100,68,13315.9
2048.128,682.9,1752.0,2104,12,67,13345.3
2048.245,812.4,1752.0,2104,12,67,13372.5
2048.363,941.9,1752.0,2104,8,67,13224.0
2048.483,513.8,1752.0,2104,20,69,12899.3
2048.601,513.8,1752.0,2104,100,72,12899.3
2048.719,513.8,1752.0,2104,100,72,12899.3
2048.837,513.8,1752.0,2104,100,72,12899.3
2048.954,513.8,1752.0,2104,100,70,12899.3
2049.073,513.8,1752.0,2104,100,70,12900.8
2049.192,804.3,1752.0,2104,74,68,12920.7
2049.31,505.8,1752.0,2104,19,70,12941.2
2049.428,505.8,1752.0,2104,19,73,12941.2
2049.549,505.8,1752.0,2104,100,71,12941.2
2049.667,505.8,1752.0,2104,100,72,12941.2
2049.785,505.8,1752.0,2104,100,71,12941.2
2049.903,505.8,1752.0,2104,100,70,12941.2
2050.021,925.8,1752.0,2104,83,68,12957.2
2050.139,497.7,1752.0,2104,68,72,12957.4
2050.256,497.7,1752.0,2104,68,71,12957.4
2050.374,497.7,1752.0,2104,100,73,12957.4
2050.491,497.7,1752.0,2104,100,73,12957.4
2050.612,497.7,1752.0,2104,100,69,12957.4
2050.731,529.2,1752.0,2104,100,68,12965.8
2050.849,658.7,1752.0,2104,26,67,12979.2
2050.967,917.7,1752.0,2104,15,67,12988.5
2051.086,489.7,1752.0,2104,15,68,12992.5
2051.204,489.7,1752.0,2104,71,72,12992.5
2051.326,489.7,1752.0,2104,100,72,12992.5
2051.443,489.7,1752.0,2104,100,72,12992.5
2051.561,489.7,1752.0,2104,100,70,12992.5
2051.681,489.7,1752.0,2104,100,69,13000.1
2051.798,650.7,1752.0,2104,18,68,13017.6
2051.924,780.2,1752.0,2104,18,67,13035.5
2052.041,909.7,1752.0,2104,10,67,13051.3
2052.159,481.6,1752.0,2104,32,68,13058.5
2052.277,481.6,1752.0,2104,32,72,13058.5
2052.395,481.6,1752.0,2104,100,71,13058.5
2052.512,481.6,1752.0,2104,100,71,13058.5
2052.63,481.6,1752.0,2104,100,69,13058.5
2052.748,481.6,1752.0,2104,100,69,13064.5
2052.867,642.7,1752.0,2104,64,67,13088.0
2052.985,772.2,1752.0,2104,8,67,13107.2
2053.103,901.7,1752.0,2104,8,67,13126.4
2053.221,473.6,1752.0,2104,16,70,13130.6
2053.339,473.6,1752.0,2104,97,72,13130.6
2053.456,473.6,1752.0,2104,97,72,13130.6
2053.578,473.6,1752.0,2104,100,72,13130.6
2053.696,473.6,1752.0,2104,100,69,13130.6
2053.814,480.6,1752.0,2104,78,68,13145.9
2053.933,634.6,1752.0,2104,78,67,13182.2
2054.05,764.1,1752.0,2104,9,67,13218.6
2054.168,764.1,1752.0,2104,9,67,13258.5
2054.287,893.6,1752.0,2104,9,67,13291.9
2054.405,465.6,1752.0,2104,14,71,13292.7
2054.522,465.6,1752.0,2104,100,72,13292.7
2054.639,465.6,1752.0,2104,100,72,13292.7
2054.757,465.6,1752.0,2104,100,72,13292.7
2054.875,465.6,1752.0,2104,100,69,13292.7
2054.993,497.1,1752.0,2104,74,68,13308.2
2055.11,626.6,1752.0,2104,74,67,13344.1
2055.228,756.1,1752.0,2104,11,67,13398.1
2055.346,885.6,1752.0,2104,9,67,13425.7
2055.466,457.5,1752.0,2104,56,69,13381.7
2055.584,457.5,1752.0,2104,56,72,13381.7
2055.701,457.5,1752.0,2104,100,71,13381.7
2055.819,457.5,1752.0,2104,100,72,13381.7
2055.937,457.5,1752.0,2104,100,69,13381.7
2056.055,489.0,1752.0,2104,100,68,13391.7
2056.173,618.5,1752.0,2104,30,67,13362.0
2056.295,748.0,1752.0,2104,30,67,12944.4
2056.414,877.5,1752.0,2104,11,67,12984.6
2056.538,449.5,1752.0,2104,29,69,12987.4
2056.661,449.5,1752.0,2104,100,70,12987.4
2056.779,449.5,1752.0,2104,100,70,12987.4
2056.896,449.5,1752.0,2104,100,72,12987.4
2057.014,449.5,1752.0,2104,100,69,12987.4
2057.132,449.5,1752.0,2104,100,68,12986.2
2057.25,610.5,1752.0,2104,71,67,13025.4
2057.367,740.0,1752.0,2104,8,67,13069.0
2057.485,869.5,1752.0,2104,10,67,13109.6
2057.603,441.5,1752.0,2104,10,69,13134.0
2057.72,441.5,1752.0,2104,51,72,13134.0
2057.859,441.5,1752.0,2104,100,69,13134.0
2057.976,441.5,1752.0,2104,100,70,13134.0
2058.096,441.5,1752.0,2104,100,71,13134.0
2058.214,441.5,1752.0,2104,100,68,13134.0
2058.331,602.5,1752.0,2104,64,68,13156.3
2058.449,602.5,1752.0,2104,64,67,13188.7
2058.567,732.0,1752.0,2104,10,67,13223.2
2058.685,861.5,1752.0,2104,10,67,13278.1
2058.802,433.4,1752.0,2104,10,69,13288.4
2058.929,433.4,1752.0,2104,63,70,13273.1
2059.051,433.4,1752.0,2104,100,71,13263.8
2059.172,433.4,1752.0,2104,100,71,13253.0
2059.293,433.4,1752.0,2104,100,70,13235.2
2059.413,433.4,1752.0,2104,100,69,13233.5
2059.534,723.9,1752.0,2104,51,67,13305.1
2059.654,853.4,1752.0,2104,11,67,13372.3
2059.773,465.7,1752.0,2104,11,67,13414.5
2059.893,425.4,1752.0,2104,46,72,13404.8
2060.012,425.4,1752.0,2104,100,70,13395.0
2060.133,425.4,1752.0,2104,100,71,13385.5
2060.252,425.4,1752.0,2104,100,72,13376.0
2060.371,425.4,1752.0,2104,100,68,13366.1
2060.491,586.4,1752.0,2104,45,68,13399.5
2060.613,715.9,1752.0,2104,45,67,13453.1
2060.734,845.4,1752.0,2104,12,67,13501.6
2060.854,417.3,1752.0,2104,23,68,13517.1
2060.974,417.3,1752.0,2104,23,72,13506.9
2061.095,417.3,1752.0,2104,100,71,13497.1
2061.215,417.3,1752.0,2104,100,71,13487.4
2061.335,417.3,1752.0,2104,100,69,13477.8
2061.455,417.3,1752.0,2104,100,68,13474.9
2061.577,578.3,1752.0,2104,65,67,13495.0
2061.697,578.3,1752.0,2104,6,67,13489.6
2061.817,707.8,1752.0,2104,6,67,13490.5
2061.939,707.8,1752.0,2104,3,67,13489.4
2062.06,707.8,1752.0,2104,5,67,13484.9
2062.193,837.3,1752.0,2104,5,67,13469.2
2062.424,837.3,1752.0,2104,2,67,13396.6
2062.891,409.3,1752.0,2104,24,73,13386.7
2063.057,409.3,1752.0,2104,100,71,13375.8
2063.184,409.3,1752.0,2104,100,71,13365.7
2063.304,409.3,1752.0,2104,100,71,13355.7
2063.424,409.3,1752.0,2104,100,68,13346.6
2063.547,440.8,1752.0,2104,59,67,13337.5
2063.684,570.3,1752.0,2104,2,67,13322.5
2063.804,570.3,1752.0,2104,2,67,13305.4
2063.927,570.3,1752.0,2104,0,67,13283.5
2064.049,570.3,1752.0,2104,2,67,13266.7
2064.17,570.3,1752.0,2104,3,67,13253.7
2064.29,570.3,1752.0,2104,3,67,13237.4
2064.411,570.3,1752.0,2104,0,67,13217.3
2064.533,570.3,1752.0,2104,3,67,13189.3
2064.655,570.3,1752.0,2104,3,67,13159.0
2064.776,570.3,1752.0,2104,3,67,13128.9
2064.899,570.3,1752.0,2104,1,67,13101.6
2065.022,570.3,1752.0,2104,2,67,13087.1
2065.144,699.8,1752.0,2104,2,67,13068.7
2065.265,699.8,1752.0,2104,2,67,13051.9
2065.389,699.8,1752.0,2104,1,67,13037.7
2065.509,699.8,1752.0,2104,2,67,13020.3
2065.631,699.8,1752.0,2104,2,67,13003.7
2065.751,699.8,1752.0,2104,2,67,12987.9
2065.873,699.8,1752.0,2104,1,67,12972.9
2065.994,699.8,1752.0,2104,1,67,12958.8
2066.114,699.8,1752.0,2104,2,67,12944.8
2066.235,699.8,1752.0,2104,2,67,12929.1
2066.357,699.8,1752.0,2104,1,67,12918.2
2066.478,699.8,1752.0,2104,1,67,12900.2
2066.599,699.8,1752.0,2104,2,67,12884.2
2066.72,699.8,1752.0,2104,2,67,12867.6
2066.841,699.8,1752.0,2104,1,67,12859.1
2066.962,829.3,1752.0,2104,1,67,12843.5
2067.084,829.3,1752.0,2104,2,67,12827.1
2067.204,829.3,1752.0,2104,2,67,12809.7
2067.325,829.3,1752.0,2104,2,67,12791.6
2067.446,829.3,1752.0,2104,0,67,12774.4
2067.568,829.3,1752.0,2104,2,67,12758.4
2067.689,829.3,1752.0,2104,2,67,12743.2
2067.81,829.3,1752.0,2104,2,67,12733.0
2067.931,829.3,1752.0,2104,1,67,12715.4
2068.052,829.3,1752.0,2104,2,67,12703.2
2068.174,829.3,1752.0,2104,2,67,12690.0
2068.295,829.3,1752.0,2104,3,67,12680.6
2068.416,829.3,1752.0,2104,1,67,12664.9
2068.537,401.3,1752.0,2104,23,68,12672.1
2068.657,401.3,1752.0,2104,23,72,12662.2
2068.78,401.3,1752.0,2104,100,71,12652.1
2068.903,401.3,1752.0,2104,100,71,12642.2
2069.023,401.3,1752.0,2104,100,70,12632.2
2069.145,401.3,1752.0,2104,100,70,12641.5
2069.265,432.8,1752.0,2104,63,67,12645.9
2069.385,432.8,1752.0,2104,1,67,12634.3
2069.505,562.3,1752.0,2104,1,67,12618.9
2069.625,562.3,1752.0,2104,2,67,12608.0
2069.746,562.3,1752.0,2104,2,67,12608.7
2069.867,562.3,1752.0,2104,1,67,12602.7
2069.987,562.3,1752.0,2104,1,67,12593.5
2070.108,562.3,1752.0,2104,3,67,12585.1
2070.23,562.3,1752.0,2104,3,67,12573.0
2070.351,562.3,1752.0,2104,3,67,12562.1
2070.472,691.8,1752.0,2104,1,67,12589.2
2070.592,691.8,1752.0,2104,7,67,12597.2
2070.712,821.3,1752.0,2104,8,67,12636.5
2070.832,821.3,1752.0,2104,8,67,12618.4
2070.952,393.2,1752.0,2104,3,68,12593.5
2071.072,393.2,1752.0,2104,89,72,12549.7
2071.193,393.2,1752.0,2104,100,72,12491.5
2071.314,393.2,1752.0,2104,100,73,12491.5
2071.433,393.2,1752.0,2104,100,69,12491.5
2071.55,400.2,1752.0,2104,81,68,12536.0
2071.671,554.2,1752.0,2104,81,67,12632.3
2071.794,683.7,1752.0,2104,1,67,12617.5
2072.091,683.7,1752.0,2104,3,67,12584.1
2072.437,683.7,1752.0,2104,2,67,12525.9
2072.873,813.2,1752.0,2104,2,67,12458.4
2073.339,813.2,1752.0,2104,2,67,12393.2
2073.739,813.2,1752.0,2104,61,73,12343.7
2074.057,385.2,1752.0,2104,100,71,12333.6
2074.182,385.2,1752.0,2104,100,72,12323.7
2074.303,385.2,1752.0,2104,100,70,12312.6
2074.426,385.2,1752.0,2104,100,69,12317.3
2074.559,416.7,1752.0,2104,2,67,12277.6
2074.935,546.2,1752.0,2104,1,67,12228.5
2075.12,546.2,1752.0,2104,6,67,11781.0
2075.242,675.7,1752.0,2104,6,67,11686.2
2075.366,805.2,1752.0,2104,6,67,11728.5
2075.486,805.2,1752.0,2104,6,67,11735.9
2075.608,805.2,1752.0,2104,7,67,11734.8
2075.728,805.2,1752.0,2104,1,67,11729.9
2075.848,805.2,1752.0,2104,1,67,11727.0
2075.97,356.7,1752.0,2104,1,69,11702.8
2076.089,356.7,1752.0,2104,75,73,11702.8
2076.206,356.7,1752.0,2104,75,71,11702.8
2076.324,356.7,1752.0,2104,100,72,11702.8
2076.441,356.7,1752.0,2104,100,71,11702.8
2076.559,356.7,1752.0,2104,100,70,11703.0
2076.677,324.3,1752.0,2104,100,68,11709.1
2076.795,247.5,1752.0,2104,8,67,11735.1
2076.913,286.2,1752.0,2104,45,69,11693.7
2077.031,286.2,1752.0,2104,45,71,11693.7
2077.148,286.2,1752.0,2104,100,71,11693.7
2077.266,286.2,1752.0,2104,100,73,11697.8
2077.384,296.1,1752.0,2104,96,70,11720.2
2077.501,296.1,1752.0,2104,96,71,11718.2
2077.619,296.1,1752.0,2104,100,72,11718.2
2077.737,457.1,1752.0,2104,99,72,11724.3
2077.856,306.0,1752.0,2104,99,70,11729.8
2077.975,306.0,1752.0,2104,83,72,11729.8
2078.094,306.0,1752.0,2104,100,72,11729.8
2078.212,467.0,1752.0,2104,100,71,11730.8
2078.33,315.9,1752.0,2104,81,70,11731.2
2078.448,315.9,1752.0,2104,92,72,11731.2
2078.566,315.9,1752.0,2104,100,72,11731.2
2078.683,476.9,1752.0,2104,100,70,11736.3
2078.802,325.8,1752.0,2104,73,69,11737.4
2078.92,325.8,1752.0,2104,99,72,11737.4
2079.037,325.8,1752.0,2104,99,72,11737.4
2079.156,486.8,1752.0,2104,100,72,11739.2
2079.274,335.6,1752.0,2104,76,70,11746.0
2079.392,335.6,1752.0,2104,76,72,11746.0
2079.51,335.6,1752.0,2104,100,72,11746.0
2079.627,339.2,1752.0,2104,100,72,11746.8
2079.745,345.5,1752.0,2104,73,70,11748.6
2079.863,345.5,1752.0,2104,73,72,11748.6
2079.981,345.5,1752.0,2104,100,72,11748.6
2080.098,377.0,1752.0,2104,100,72,11749.5
2080.217,355.4,1752.0,2104,100,70,11751.1
2080.334,355.4,1752.0,2104,76,72,11751.1
2080.452,355.4,1752.0,2104,100,72,11751.1
2080.57,355.4,1752.0,2104,93,72,11751.4
2080.688,365.3,1752.0,2104,93,70,11752.1
2080.805,365.3,1752.0,2104,85,72,11752.1
2080.923,365.3,1752.0,2104,100,72,11752.1
2081.04,365.3,1752.0,2104,100,73,11752.3
2081.158,375.2,1752.0,2104,87,71,11754.0
2081.276,375.2,1752.0,2104,92,72,11754.0
2081.393,375.2,1752.0,2104,92,72,11754.0
2081.511,375.2,1752.0,2104,100,73,11755.7
2081.629,536.2,1752.0,2104,63,69,11779.2
2081.747,665.7,1752.0,2104,9,68,11806.7
2081.865,385.1,1752.0,2104,9,68,11817.3
2081.991,385.1,1752.0,2104,44,71,11817.3
2082.108,385.1,1752.0,2104,100,72,11817.3
2082.226,385.1,1752.0,2104,100,73,11817.3
2082.343,546.1,1752.0,2104,98,69,11839.1
2082.461,675.6,1752.0,2104,9,68,11861.9
2082.579,675.6,1752.0,2104,10,68,11880.5
2082.697,805.1,1752.0,2104,10,67,11908.0
2082.815,395.0,1752.0,2104,13,69,11914.6
2082.933,395.0,1752.0,2104,100,71,11914.6
2083.051,395.0,1752.0,2104,100,71,11914.6
2083.169,395.0,1752.0,2104,100,71,11921.6
2083.287,556.0,1752.0,2104,32,68,11941.6
2083.405,685.5,1752.0,2104,32,68,11958.1
2083.523,815.0,1752.0,2104,11,67,11974.9
2083.641,404.9,1752.0,2104,38,69,11975.1
2083.759,404.9,1752.0,2104,100,71,11975.1
2083.876,404.9,1752.0,2104,100,71,11975.1
2083.993,436.4,1752.0,2104,100,70,11983.8
2084.111,565.9,1752.0,2104,21,68,12000.0
2084.23,695.4,1752.0,2104,21,68,12017.2
2084.348,824.9,1752.0,2104,10,67,12032.4
2084.466,414.8,1752.0,2104,27,68,12036.5
2084.584,414.8,1752.0,2104,100,71,12036.5
2084.702,414.8,1752.0,2104,100,72,12036.5
2084.819,414.8,1752.0,2104,100,70,12040.7
2084.937,575.8,1752.0,2104,20,68,12053.4
2085.055,834.8,1752.0,2104,20,68,12060.4
2085.172,424.7,1752.0,2104,19,69,12066.3
2085.29,424.7,1752.0,2104,76,71,12066.3
2085.408,424.7,1752.0,2104,76,72,12066.3
2085.526,424.7,1752.0,2104,100,73,12066.3
2085.644,434.6,1752.0,2104,77,68,12072.2
2085.762,434.6,1752.0,2104,83,71,12072.2
2085.88,434.6,1752.0,2104,83,72,12072.2
2085.998,434.6,1752.0,2104,100,73,12072.2
2086.115,595.6,1752.0,2104,66,69,12081.1
2086.233,854.6,1752.0,2104,66,68,12095.9
2086.351,444.4,1752.0,2104,33,71,12095.9
2086.468,444.4,1752.0,2104,100,71,12095.9
2086.586,444.4,1752.0,2104,100,73,12095.9
2086.704,476.0,1752.0,2104,100,69,12109.4
2086.824,605.5,1752.0,2104,28,68,12085.7
2086.942,735.0,1752.0,2104,9,68,12095.1
2087.06,864.5,1752.0,2104,9,67,12118.1
2087.178,454.3,1752.0,2104,35,70,12118.1
2087.296,454.3,1752.0,2104,100,71,12118.1
2087.413,454.3,1752.0,2104,100,72,12112.9
2087.531,485.8,1752.0,2104,100,69,12129.0
2087.649,615.3,1752.0,2104,18,68,12137.7
2087.767,874.3,1752.0,2104,11,67,12157.6
2087.885,464.2,1752.0,2104,11,68,12157.1
2088.004,464.2,1752.0,2104,42,71,12128.5
2088.122,464.2,1752.0,2104,100,72,12128.5
2088.255,464.2,1752.0,2104,100,73,12128.5
2088.373,625.2,1752.0,2104,96,68,12151.0
2088.491,754.7,1752.0,2104,14,68,12184.1
2088.609,884.2,1752.0,2104,10,67,12221.4
2088.727,899.2,1752.0,2104,10,67,12216.0
2088.845,474.1,1752.0,2104,34,70,12174.7
2088.963,474.1,1752.0,2104,100,71,12174.7
2089.081,474.1,1752.0,2104,100,73,12174.7
2089.198,894.1,1752.0,2104,100,68,12184.0
2089.317,484.0,1752.0,2104,45,69,12189.7
2089.434,484.0,1752.0,2104,100,71,12189.7
2089.552,484.0,1752.0,2104,100,72,12189.7
2089.669,487.5,1752.0,2104,100,70,12179.9
2089.789,904.0,1752.0,2104,36,68,12187.7
2089.907,493.9,1752.0,2104,36,69,12187.8
2090.025,493.9,1752.0,2104,88,71,12187.8
2090.143,493.9,1752.0,2104,100,71,12187.8
2090.261,654.9,1752.0,2104,100,69,12153.7
2090.38,913.9,1752.0,2104,62,68,12073.5
2090.499,503.8,1752.0,2104,44,70,12073.5
2090.616,503.8,1752.0,2104,100,71,12073.5
2090.734,503.8,1752.0,2104,100,72,12073.5
2090.851,664.8,1752.0,2104,100,69,12084.7
2090.969,794.3,1752.0,2104,20,68,12100.6
2091.088,513.7,1752.0,2104,20,70,12114.9
2091.206,513.7,1752.0,2104,45,71,12114.9
2091.323,513.7,1752.0,2104,100,72,12114.9
2091.441,513.7,1752.0,2104,93,72,12115.6
2091.558,804.2,1752.0,2104,93,68,12135.2
2091.677,523.6,1752.0,2104,41,70,12138.5
2091.795,523.6,1752.0,2104,100,71,12138.5
2091.913,523.6,1752.0,2104,100,72,12138.5
2092.031,684.6,1752.0,2104,100,70,12152.1
2092.15,943.6,1752.0,2104,38,68,12184.6
2092.269,533.5,1752.0,2104,32,69,12192.4
2092.408,533.5,1752.0,2104,32,71,12181.9
2092.527,533.5,1752.0,2104,100,72,12104.6
2092.647,533.5,1752.0,2104,100,73,12095.1
2092.764,694.5,1752.0,2104,100,68,12127.1
2092.885,824.0,1752.0,2104,28,68,12189.3
2093.007,953.5,1752.0,2104,8,67,12128.5
2093.126,982.6,1752.0,2104,14,68,12115.3
2093.244,543.3,1752.0,2104,14,70,12115.3
2093.362,543.3,1752.0,2104,100,72,12115.3
2093.48,543.3,1752.0,2104,100,73,12115.3
2093.598,574.9,1752.0,2104,100,69,12107.6
2093.716,704.4,1752.0,2104,37,68,12112.5
2093.834,833.9,1752.0,2104,10,67,12137.0
2093.957,963.4,1752.0,2104,8,67,12165.6
2094.077,503.2,1752.0,2104,8,68,12193.7
2094.195,503.2,1752.0,2104,68,71,12157.7
2094.316,503.2,1752.0,2104,100,72,11920.5
2094.436,512.1,1752.0,2104,100,70,11711.3
2094.554,512.1,1752.0,2104,64,68,11828.3
2094.702,512.1,1752.0,2104,4,67,11890.3
2094.826,512.1,1752.0,2104,0,67,11951.1
2094.95,512.1,1752.0,2104,0,67,11984.1
2095.076,512.1,1752.0,2104,0,67,11974.0
2095.2,512.1,1752.0,2104,3,67,12070.2
2095.325,512.1,1752.0,2104,0,67,12123.3
2095.45,512.1,1752.0,2104,0,67,12170.1
2095.575,512.1,1752.0,2104,0,67,12232.6
2095.7,512.1,1752.0,2104,3,67,12325.5
2095.826,512.1,1752.0,2104,0,67,12377.7
2095.95,512.1,1752.0,2104,0,67,12428.6
2096.078,512.1,1752.0,2104,0,67,12490.9
2096.202,512.1,1752.0,2104,3,67,12582.7
2096.327,512.1,1752.0,2104,0,67,12636.3
2096.453,512.1,1752.0,2104,0,67,12688.2
2096.581,512.1,1752.0,2104,0,67,12668.5
2096.708,512.1,1752.0,2104,3,67,12668.4
2096.835,512.1,1752.0,2104,0,67,12704.3
2096.962,512.1,1752.0,2104,0,67,12741.6
2097.088,512.1,1752.0,2104,0,67,12777.1
2097.212,512.1,1752.0,2104,3,67,12875.2
2097.337,512.1,1752.0,2104,0,66,12937.5
2097.463,512.1,1752.0,2104,1,66,12913.2
2097.609,512.1,1752.0,2104,1,66,12936.8
2097.735,512.1,1752.0,2104,3,66,13058.4
2097.86,512.1,1752.0,2104,0,66,13106.3
2097.986,512.1,1752.0,2104,1,66,13129.1
2098.113,512.1,1752.0,2104,1,66,13156.5
2098.24,512.1,1752.0,2104,2,66,13169.1
2098.368,512.1,1752.0,2104,0,66,13213.1
2098.493,512.1,1752.0,2104,1,66,13295.2
2098.62,512.1,1752.0,2104,1,66,13322.8
2098.746,512.1,1752.0,2104,3,66,13351.8
2098.873,512.1,1752.0,2104,0,66,13375.0
2099.0,512.1,1752.0,2104,1,66,13395.9
2099.127,512.1,1752.0,2104,2,66,13386.1
2099.256,512.1,1752.0,2104,2,66,13438.3
2099.382,512.1,1752.0,2104,0,66,13503.6
2099.516,512.1,1752.0,2104,2,66,13517.1
2099.692,512.1,1752.0,2104,2,66,13521.7
2099.91,512.1,1752.0,2104,1,66,13525.9
2100.128,512.1,1752.0,2104,2,66,13532.5
2100.347,512.1,1752.0,2104,0,66,13528.3
2100.482,512.1,1752.0,2104,0,66,13554.7
2100.616,512.1,1752.0,2104,0,66,13497.1
2101.086,512.1,1752.0,2104,3,66,13504.8
2101.348,512.1,1752.0,2104,3,66,13470.6
2101.803,512.1,1752.0,2104,0,66,13359.5
2102.486,512.1,1752.0,2104,0,66,13258.5
2103.036,512.1,1752.0,2104,0,66,13147.2
2103.694,512.1,1752.0,2104,2,66,13072.2
2104.232,512.1,1752.0,2104,2,66,13028.4
2104.379,512.1,1752.0,2104,0,66,12992.2
2104.51,512.1,1752.0,2104,3,66,12915.3
2104.638,512.1,1752.0,2104,3,66,11913.7
2104.759,512.1,1752.0,2104,2,66,11932.6
2104.879,512.1,1752.0,2104,2,66,11950.0
2104.998,512.1,1752.0,2104,2,66,11969.0
2105.122,512.1,1752.0,2104,2,66,11987.1
2105.244,512.1,1752.0,2104,2,66,12010.9
2105.364,512.1,1752.0,2104,0,66,12030.4
2105.486,512.1,1752.0,2104,2,66,12049.9
2105.606,512.1,1752.0,2104,2,66,12070.1
2105.73,512.1,1752.0,2104,2,66,12089.9
2105.851,512.1,1752.0,2104,0,66,12108.7
2105.97,512.1,1752.0,2104,0,66,12128.3
2106.09,512.1,1752.0,2104,0,66,12147.8
2106.211,512.1,1752.0,2104,6,66,12166.7
2106.331,512.1,1752.0,2104,0,66,12186.9
2106.454,512.1,1752.0,2104,0,66,12206.9
2106.575,512.1,1752.0,2104,3,66,12227.3
2106.695,512.1,1752.0,2104,4,66,12245.6
2106.815,512.1,1752.0,2104,4,66,12263.5
2106.935,512.1,1752.0,2104,0,66,12283.8
2107.054,512.1,1752.0,2104,3,66,12301.3
2107.173,512.1,1752.0,2104,2,66,12320.3
2107.294,512.1,1752.0,2104,2,66,12340.6
2107.416,512.1,1752.0,2104,0,66,12361.1
2107.538,512.1,1752.0,2104,2,66,12379.5
2107.658,512.1,1752.0,2104,2,66,12398.7
2107.778,512.1,1752.0,2104,2,66,12421.8
2107.902,512.1,1752.0,2104,0,66,12442.8
2108.024,512.1,1752.0,2104,2,66,12464.7
2108.145,512.1,1752.0,2104,2,66,12484.4
2108.268,512.1,1752.0,2104,2,66,12504.7
2108.39,512.1,1752.0,2104,0,66,12522.3
2108.51,512.1,1752.0,2104,2,66,12542.0
2108.633,512.1,1752.0,2104,2,66,12560.8
2108.756,512.1,1752.0,2104,2,66,12579.1
2108.876,512.1,1752.0,2104,0,66,12597.1
2108.994,512.1,1752.0,2104,0,66,12615.7
2109.113,512.1,1752.0,2104,2,66,12634.1
2109.236,512.1,1752.0,2104,2,66,12653.2
2109.356,512.1,1752.0,2104,0,66,12672.7
2109.474,512.1,1752.0,2104,0,66,12692.1
2109.593,512.1,1752.0,2104,2,66,12712.1
2109.713,512.1,1752.0,2104,2,66,12729.6
2109.833,512.1,1752.0,2104,0,66,12751.2
2109.958,512.1,1752.0,2104,0,66,12770.2
2110.078,512.1,1752.0,2104,2,66,12789.4
2110.2,512.1,1752.0,2104,2,66,12807.0
2110.32,512.1,1752.0,2104,2,66,12823.7
2110.44,512.1,1752.0,2104,0,66,12842.0
2110.561,512.1,1752.0,2104,2,66,12861.3
2110.682,512.1,1752.0,2104,2,66,12882.4
2110.802,512.1,1752.0,2104,2,66,12904.2
2110.922,512.1,1752.0,2104,0,66,12922.2
2111.044,512.1,1752.0,2104,2,66,12927.2
2111.17,512.1,1752.0,2104,2,66,12927.2
2111.295,512.1,1752.0,2104,2,66,12927.2
2111.421,512.1,1752.0,2104,0,66,12927.2
2111.546,512.1,1752.0,2104,2,66,12927.2
2111.672,512.1,1752.0,2104,2,66,12927.2
2111.798,512.1,1752.0,2104,2,66,12927.2
2111.924,512.1,1752.0,2104,0,66,12723.1
2112.048,965.6,1752.0,2104,24,66,12573.3
2112.167,548.3,1812.0,2164,24,67,12592.0
2112.284,548.3,1812.0,2164,83,68,12592.0
2112.401,548.3,1812.0,2164,100,69,12592.0
2112.52,548.3,1812.0,2164,100,72,12592.0
2112.638,548.3,1812.0,2164,100,71,12592.0
2112.755,548.3,1812.0,2164,100,69,12592.0
2112.872,579.9,1812.0,2164,93,69,12595.0
2112.99,542.1,1812.0,2164,93,69,12613.6
2113.107,542.1,1812.0,2164,61,71,12613.6
2113.225,542.1,1812.0,2164,100,71,12613.6
2113.342,542.1,1812.0,2164,100,73,12613.6
2113.46,542.1,1812.0,2164,100,72,12613.6
2113.577,542.1,1812.0,2164,100,72,12613.6
2113.696,542.1,1812.0,2164,100,69,12613.6
2113.813,962.1,1812.0,2164,100,68,12625.8
2113.932,535.9,1812.0,2164,62,70,12627.4
2114.05,535.9,1812.0,2164,100,71,12627.4
2114.169,535.9,1812.0,2164,100,71,12627.4
2114.286,535.9,1812.0,2164,100,74,12627.4
2114.404,535.9,1812.0,2164,100,72,12627.4
2114.522,535.9,1812.0,2164,100,69,12627.4
2114.64,696.9,1812.0,2164,100,69,12631.4
2114.758,529.7,1812.0,2164,68,69,12636.7
2114.875,529.7,1812.0,2164,99,71,12636.7
2114.992,529.7,1812.0,2164,99,71,12636.7
2115.109,529.7,1812.0,2164,100,73,12636.7
2115.226,529.7,1812.0,2164,100,72,12636.7
2115.343,529.7,1812.0,2164,100,70,12636.7
2115.461,529.7,1812.0,2164,100,70,12636.7
2115.58,949.7,1812.0,2164,77,68,12658.1
2115.699,523.5,1812.0,2164,79,71,12658.3
2115.817,523.5,1812.0,2164,79,71,12658.3
2115.934,523.5,1812.0,2164,100,72,12658.3
2116.051,523.5,1812.0,2164,100,73,12658.3
2116.169,523.5,1812.0,2164,100,73,12658.3
2116.287,523.5,1812.0,2164,100,69,12658.3
2116.404,814.0,1812.0,2164,86,68,12665.2
2116.523,517.3,1812.0,2164,86,69,12670.5
2116.64,517.3,1812.0,2164,79,71,12670.5
2116.758,517.3,1812.0,2164,100,72,12670.5
2116.876,517.3,1812.0,2164,100,74,12670.5
2116.994,517.3,1812.0,2164,100,72,12670.5
2117.112,517.3,1812.0,2164,100,69,12670.5
2117.229,548.8,1812.0,2164,94,69,12679.3
2117.348,511.0,1812.0,2164,94,70,12694.8
2117.466,511.0,1812.0,2164,52,71,12694.8
2117.584,511.0,1812.0,2164,100,72,12694.8
2117.701,511.0,1812.0,2164,100,73,12694.8
2117.819,511.0,1812.0,2164,100,73,12694.8
2117.936,511.0,1812.0,2164,100,73,12694.8
2118.054,511.0,1812.0,2164,100,69,12694.8
2118.172,801.5,1812.0,2164,100,68,12714.1
2118.291,504.8,1812.0,2164,47,69,12723.8
2118.409,504.8,1812.0,2164,89,72,12723.8
2118.527,504.8,1812.0,2164,89,72,12723.8
2118.645,504.8,1812.0,2164,100,73,12723.8
2118.765,504.8,1812.0,2164,100,72,12723.8
2118.883,504.8,1812.0,2164,100,70,12723.8
2119.001,504.8,1812.0,2164,100,70,12728.2
2119.12,795.3,1812.0,2164,81,68,12752.0
2119.238,924.8,1812.0,2164,10,68,12781.2
2119.356,924.8,1812.0,2164,10,67,12808.9
2119.475,498.6,1812.0,2164,18,70,12810.8
2119.593,498.6,1812.0,2164,100,71,12810.8
2119.711,498.6,1812.0,2164,100,71,12810.8
2119.828,498.6,1812.0,2164,100,75,12810.8
2119.946,498.6,1812.0,2164,100,73,12810.8
2120.065,498.6,1812.0,2164,100,69,12810.8
2120.185,530.1,1812.0,2164,100,69,12834.2
2120.305,789.1,1812.0,2164,56,68,12865.4
2120.422,918.6,1812.0,2164,15,67,12891.5
2120.54,492.4,1812.0,2164,15,69,12912.5
2120.659,492.4,1812.0,2164,33,71,12912.5
2120.777,492.4,1812.0,2164,100,72,12912.5
2120.894,492.4,1812.0,2164,100,73,12912.5
2121.012,492.4,1812.0,2164,100,73,12912.5
2121.13,492.4,1812.0,2164,100,73,12912.5
2121.248,492.4,1812.0,2164,100,69,12912.5
2121.365,653.4,1812.0,2164,100,68,12936.9
2121.483,653.4,1812.0,2164,40,68,12979.9
2121.601,782.9,1812.0,2164,13,67,13012.8
2121.719,912.4,1812.0,2164,14,67,13036.1
2121.837,486.2,1812.0,2164,14,69,13036.7
2121.955,486.2,1812.0,2164,100,71,13036.7
2122.073,486.2,1812.0,2164,100,72,13036.7
2122.191,486.2,1812.0,2164,100,73,13036.7
2122.308,486.2,1812.0,2164,100,73,13036.7
2122.426,486.2,1812.0,2164,100,69,13036.7
2122.544,647.2,1812.0,2164,100,68,13044.6
2122.662,906.2,1812.0,2164,60,68,13062.8
2122.781,479.9,1812.0,2164,33,69,13069.3
2122.898,479.9,1812.0,2164,100,71,13069.3
2123.015,479.9,1812.0,2164,100,72,13069.3
2123.133,479.9,1812.0,2164,100,74,13069.4
2123.251,479.9,1812.0,2164,100,72,13069.4
2123.369,479.9,1812.0,2164,100,70,13069.4
2123.486,486.9,1812.0,2164,100,69,13070.1
2123.605,473.7,1812.0,2164,70,69,13076.1
2123.723,473.7,1812.0,2164,70,71,13076.1
2123.84,473.7,1812.0,2164,97,72,13076.1
2123.958,473.7,1812.0,2164,100,73,13076.1
2124.076,473.7,1812.0,2164,100,73,13076.1
2124.193,473.7,1812.0,2164,100,72,13076.1
2124.311,473.7,1812.0,2164,100,69,13076.1
2124.428,634.7,1812.0,2164,65,68,13084.9
2124.548,764.2,1812.0,2164,65,68,13096.0
2124.667,467.5,1812.0,2164,22,68,13104.1
2124.784,467.5,1812.0,2164,58,71,13104.1
2124.902,467.5,1812.0,2164,100,72,13104.1
2125.02,467.5,1812.0,2164,100,73,13104.1
2125.137,467.5,1812.0,2164,100,73,13104.1
2125.255,467.5,1812.0,2164,100,73,13104.1
2125.373,467.5,1812.0,2164,100,69,13104.1
2125.49,628.5,1812.0,2164,100,69,13114.5
2125.608,758.0,1812.0,2164,18,68,13128.2
2125.726,887.5,1812.0,2164,18,67,13141.7
2125.845,461.3,1812.0,2164,21,70,13141.7
2125.962,461.3,1812.0,2164,100,71,13141.7
2126.08,461.3,1812.0,2164,100,71,13141.7
2126.197,461.3,1812.0,2164,100,74,13141.7
2126.315,461.3,1812.0,2164,100,73,13141.7
2126.433,461.3,1812.0,2164,100,69,13141.7
2126.55,492.8,1812.0,2164,100,69,13148.9
2126.669,751.8,1812.0,2164,60,68,13166.1
2126.787,881.3,1812.0,2164,17,67,13180.5
2126.905,455.1,1812.0,2164,17,70,13179.5
2127.029,455.1,1812.0,2164,70,71,12950.1
2127.147,455.1,1812.0,2164,100,71,12950.1
2127.265,455.1,1812.0,2164,100,74,12950.1
2127.383,455.1,1812.0,2164,100,72,12950.1
2127.501,455.1,1812.0,2164,100,69,12950.1
2127.619,455.1,1812.0,2164,97,70,12958.2
2127.737,616.1,1812.0,2164,97,68,12982.0
2127.854,745.6,1812.0,2164,10,67,13012.0
2127.972,875.1,1812.0,2164,8,67,13047.0
2128.091,705.3,1812.0,2164,17,67,13070.3
2128.209,448.8,1812.0,2164,17,70,13070.3
2128.327,448.8,1812.0,2164,100,72,13070.3
2128.445,448.8,1812.0,2164,100,73,13070.3
2128.563,448.8,1812.0,2164,100,71,13070.3
2128.681,448.8,1812.0,2164,100,71,13070.3
2128.799,448.8,1812.0,2164,100,69,13070.3
2128.917,480.4,1812.0,2164,78,68,13078.3
2129.037,739.4,1812.0,2164,78,68,13108.9
2129.156,739.4,1812.0,2164,14,67,13142.6
2129.274,868.9,1812.0,2164,12,67,13161.6
2129.395,442.6,1812.0,2164,12,70,13161.6
2129.513,442.6,1812.0,2164,91,71,13161.6
2129.631,442.6,1812.0,2164,100,73,13161.4
2129.75,442.6,1812.0,2164,100,70,13132.6
2129.869,442.6,1812.0,2164,100,69,13132.6
2129.987,442.6,1812.0,2164,100,69,13132.6
2130.105,442.6,1812.0,2164,100,68,13132.6
2130.222,603.6,1812.0,2164,100,68,13157.8
2130.341,733.1,1812.0,2164,31,67,13072.0
2130.459,862.6,1812.0,2164,10,67,13115.7
2130.577,436.4,1812.0,2164,10,69,13139.7
2130.695,436.4,1812.0,2164,47,70,13139.7
2130.814,436.4,1812.0,2164,100,72,13139.7
2130.932,436.4,1812.0,2164,100,73,13139.7
2131.05,436.4,1812.0,2164,100,73,13139.7
2131.168,436.4,1812.0,2164,100,72,13139.7
2131.286,436.4,1812.0,2164,100,69,13139.7
2131.404,597.4,1812.0,2164,100,68,13180.7
2131.522,726.9,1812.0,2164,31,68,13211.8
2131.641,856.4,1812.0,2164,14,67,13264.6
2131.761,430.2,1812.0,2164,34,69,13290.7
2131.879,430.2,1812.0,2164,34,71,13288.3
2131.998,430.2,1812.0,2164,100,72,13051.9
2132.118,430.2,1812.0,2164,100,73,12670.9
2132.241,430.2,1812.0,2164,100,73,12670.9
2132.359,430.2,1812.0,2164,100,71,12670.9
2132.477,430.2,1812.0,2164,100,70,12671.0
2132.595,591.2,1812.0,2164,100,68,12714.3
2132.714,720.7,1812.0,2164,36,68,12764.2
2132.834,720.7,1812.0,2164,12,67,12815.9
2132.952,850.2,1812.0,2164,11,68,12861.5
2133.069,424.0,1812.0,2164,11,68,12862.2
2133.187,424.0,1812.0,2164,95,71,12862.2
2133.306,424.0,1812.0,2164,100,72,12862.2
2133.424,424.0,1812.0,2164,100,74,12862.2
2133.541,424.0,1812.0,2164,100,72,12862.2
2133.658,424.0,1812.0,2164,100,69,12862.2
2133.776,424.0,1812.0,2164,74,69,12884.4
2133.894,585.0,1812.0,2164,74,68,12946.8
2134.013,714.5,1812.0,2164,11,67,12985.8
2134.131,844.0,1812.0,2164,16,67,13016.7
2134.249,417.8,1812.0,2164,16,68,13028.4
2134.367,417.8,1812.0,2164,74,71,13028.4
2134.485,417.8,1812.0,2164,100,71,13028.4
2134.604,417.8,1812.0,2164,100,75,13028.4
2134.722,417.8,1812.0,2164,100,72,13028.4
2134.839,417.8,1812.0,2164,100,69,13028.4
2134.958,417.8,1812.0,2164,85,69,13040.5
2135.076,578.8,1812.0,2164,85,68,13099.6
2135.196,578.8,1812.0,2164,11,68,13080.0
2135.315,708.3,1812.0,2164,8,67,12964.2
2135.433,837.8,1812.0,2164,8,67,13022.2
2135.552,837.8,1812.0,2164,9,67,13077.8
2135.671,411.5,1812.0,2164,52,70,13077.8
2135.788,411.5,1812.0,2164,100,71,13077.8
2135.906,411.5,1812.0,2164,100,73,13077.8
2136.024,411.5,1812.0,2164,100,73,13077.8
2136.141,411.5,1812.0,2164,100,73,13077.8
2136.259,411.5,1812.0,2164,100,69,13077.8
2136.377,443.0,1812.0,2164,100,68,13110.5
2136.494,572.5,1812.0,2164,13,68,13181.2
2136.613,702.0,1812.0,2164,13,67,13160.9
2136.732,831.5,1812.0,2164,12,67,12779.3
2136.85,831.5,1812.0,2164,8,67,12831.9
2136.968,405.3,1812.0,2164,42,68,12846.0
2137.087,405.3,1812.0,2164,42,71,12846.0
2137.206,405.3,1812.0,2164,100,72,12846.0
2137.325,405.3,1812.0,2164,100,72,12846.0
2137.459,405.3,1812.0,2164,100,70,12846.0
2137.578,405.3,1812.0,2164,100,69,12846.0
2137.696,405.3,1812.0,2164,100,68,12846.0
2137.813,566.3,1812.0,2164,53,68,12903.4
2137.931,566.3,1812.0,2164,53,67,12782.4
2138.049,695.8,1812.0,2164,10,67,12796.4
2138.184,825.3,1812.0,2164,10,67,12692.0
2138.308,825.3,1812.0,2164,7,67,12657.3
2138.429,399.1,1812.0,2164,7,68,12664.2
2138.548,399.1,1812.0,2164,87,71,12664.2
2138.666,399.1,1812.0,2164,100,71,12664.2
2138.783,399.1,1812.0,2164,100,74,12664.2
2138.901,399.1,1812.0,2164,100,72,12664.2
2139.019,399.1,1812.0,2164,100,69,12664.2
2139.138,399.1,1812.0,2164,74,69,12667.5
2139.26,560.1,1812.0,2164,74,68,12630.7
2139.379,689.6,1812.0,2164,8,67,12532.5
2139.5,689.6,1812.0,2164,7,67,12576.0
2139.622,689.6,1812.0,2164,7,67,12620.4
2139.744,819.1,1812.0,2164,7,67,12657.4
2139.865,819.1,1812.0,2164,6,67,12690.4
2139.987,392.9,1812.0,2164,37,68,12702.0
2140.107,392.9,1812.0,2164,37,70,12697.9
2140.224,392.9,1812.0,2164,100,71,12697.9
2140.342,392.9,1812.0,2164,100,73,12697.9
2140.46,392.9,1812.0,2164,100,72,12697.9
2140.578,392.9,1812.0,2164,100,71,12600.0
2140.697,392.9,1812.0,2164,100,71,12498.5
2140.815,553.9,1812.0,2164,38,68,12595.3
2140.933,683.4,1812.0,2164,38,68,12695.0
2141.053,683.4,1812.0,2164,10,67,12687.9
2141.173,683.4,1812.0,2164,4,67,12680.2
2141.293,683.4,1812.0,2164,4,67,12668.7
2141.413,683.4,1812.0,2164,1,67,12659.0
2141.533,683.4,1812.0,2164,4,67,12648.9
2141.654,683.4,1812.0,2164,3,67,12639.5
2141.774,683.4,1812.0,2164,3,67,12621.7
2141.895,683.4,1812.0,2164,1,67,12608.5
2142.016,683.4,1812.0,2164,3,67,12598.6
2142.136,683.4,1812.0,2164,3,67,12590.4
2142.256,683.4,1812.0,2164,4,67,12579.6
2142.377,683.4,1812.0,2164,1,67,12570.3
2142.497,812.9,1812.0,2164,3,67,12560.3
2142.618,812.9,1812.0,2164,3,67,12548.7
2142.739,812.9,1812.0,2164,4,67,12538.8
2142.859,812.9,1812.0,2164,1,67,12528.9
2142.979,812.9,1812.0,2164,3,67,12506.8
2143.098,812.9,1812.0,2164,3,67,12494.0
2143.219,812.9,1812.0,2164,4,67,12481.5
2143.339,812.9,1812.0,2164,2,67,12471.5
2143.46,812.9,1812.0,2164,2,67,12458.9
2143.586,812.9,1812.0,2164,4,66,12445.3
2143.706,812.9,1812.0,2164,2,66,12431.1
2143.825,812.9,1812.0,2164,0,66,12417.6
2143.945,812.9,1812.0,2164,0,66,12407.8
2144.065,812.9,1812.0,2164,2,66,12391.9
2144.185,812.9,1812.0,2164,2,66,12378.2
2144.305,812.9,1812.0,2164,2,66,12368.4
2144.425,812.9,1812.0,2164,1,66,12358.8
2144.545,812.9,1812.0,2164,2,66,12346.8
2144.664,812.9,1812.0,2164,2,66,12320.6
2144.784,386.7,1812.0,2164,2,67,12304.2
2144.903,386.7,1812.0,2164,73,69,12304.2
2145.02,386.7,1812.0,2164,100,69,12304.2
2145.138,386.7,1812.0,2164,100,71,12304.2
2145.255,386.7,1812.0,2164,100,72,12304.2
2145.373,386.7,1812.0,2164,100,71,12141.5
2145.49,386.7,1812.0,2164,98,69,12141.5
2145.608,547.7,1812.0,2164,98,68,12252.8
2145.728,547.7,1812.0,2164,10,67,12253.2
2145.847,547.7,1812.0,2164,1,67,12226.8
2145.967,547.7,1812.0,2164,1,67,12204.0
2146.089,547.7,1812.0,2164,2,67,12189.8
2146.209,547.7,1812.0,2164,2,67,12175.1
2146.328,547.7,1812.0,2164,0,67,12160.7
2146.448,547.7,1812.0,2164,0,67,12146.7
2146.567,677.2,1812.0,2164,2,67,12132.9
2146.687,677.2,1812.0,2164,2,67,12118.4
2146.807,677.2,1812.0,2164,2,67,12106.3
2146.926,677.2,1812.0,2164,1,67,12093.7
2147.045,677.2,1812.0,2164,2,67,12079.2
2147.165,677.2,1812.0,2164,2,67,12068.5
2147.285,677.2,1812.0,2164,2,67,12054.0
2147.405,677.2,1812.0,2164,0,67,12041.1
2147.525,677.2,1812.0,2164,2,67,12027.1
2147.646,677.2,1812.0,2164,2,67,12013.3
2147.766,677.2,1812.0,2164,2,67,11999.2
2147.885,677.2,1812.0,2164,0,67,11985.2
2148.006,677.2,1812.0,2164,2,67,11971.0
2148.125,677.2,1812.0,2164,2,67,11956.4
2148.246,677.2,1812.0,2164,2,67,11942.3
2148.365,677.2,1812.0,2164,0,67,11930.0
2148.485,677.2,1812.0,2164,0,67,11915.9
2148.605,677.2,1812.0,2164,2,67,11902.9
2148.725,677.2,1812.0,2164,2,67,11888.5
2148.845,677.2,1812.0,2164,1,67,11875.8
2148.964,677.2,1812.0,2164,1,67,11878.0
2149.083,806.7,1812.0,2164,3,67,11864.4
2149.202,806.7,1812.0,2164,2,67,11852.1
2149.322,806.7,1812.0,2164,2,67,11839.0
2149.442,806.7,1812.0,2164,0,67,11824.8
2149.561,806.7,1812.0,2164,2,67,11812.1
2149.681,806.7,1812.0,2164,2,67,11797.6
2149.801,806.7,1812.0,2164,2,67,11784.4
2149.921,806.7,1812.0,2164,0,67,11769.9
2150.041,806.7,1812.0,2164,2,67,11755.5
2150.161,806.7,1812.0,2164,2,67,11743.8
2150.28,806.7,1812.0,2164,2,67,11733.0
2150.4,806.7,1812.0,2164,1,67,11723.7
2150.52,806.7,1812.0,2164,2,66,11718.3
2150.639,360.4,1812.0,2164,2,68,11730.9
2150.758,360.4,1812.0,2164,54,70,11730.7
2150.876,360.4,1812.0,2164,100,71,11730.7
2150.994,360.4,1812.0,2164,100,72,11730.7
2151.111,360.4,1812.0,2164,100,73,11730.7
2151.23,360.4,1812.0,2164,100,70,11666.4
2151.347,360.4,1812.0,2164,99,70,11666.5
2151.465,324.7,1812.0,2164,99,67,11578.9
2151.584,368.5,1812.0,2164,8,69,11657.6
2151.702,368.5,1812.0,2164,99,70,11657.6
2151.82,368.5,1812.0,2164,99,71,11657.6
2151.937,368.5,1812.0,2164,100,72,11657.6
2152.055,368.5,1812.0,2164,100,71,11657.6
2152.173,368.5,1812.0,2164,100,71,11657.6
2152.291,381.8,1812.0,2164,100,70,11828.8
2152.42,381.8,1812.0,2164,96,69,11828.8
2152.537,381.8,1812.0,2164,100,71,11828.8
2152.655,381.8,1812.0,2164,100,72,11828.8
2152.773,381.8,1812.0,2164,100,71,11828.8
2152.891,381.8,1812.0,2164,100,71,11828.8
2153.009,395.1,1812.0,2164,100,69,11841.5
2153.126,395.1,1812.0,2164,98,69,11841.5
2153.244,395.1,1812.0,2164,100,71,11841.5
2153.361,395.1,1812.0,2164,100,72,11841.5
2153.479,395.1,1812.0,2164,100,71,11841.5
2153.597,395.1,1812.0,2164,100,71,11841.5
2153.715,685.6,1812.0,2164,91,69,11895.0
2153.834,408.3,1812.0,2164,91,69,11895.1
2153.952,408.3,1812.0,2164,95,71,11895.1
2154.069,408.3,1812.0,2164,100,72,11895.1
2154.187,408.3,1812.0,2164,100,72,11895.1
2154.304,408.3,1812.0,2164,100,71,11895.1
2154.421,408.3,1812.0,2164,100,71,11897.9
2154.539,828.3,1812.0,2164,43,68,11915.6
2154.658,421.6,1812.0,2164,43,69,11917.2
2154.775,421.6,1812.0,2164,93,71,11917.3
2154.893,421.6,1812.0,2164,100,72,11917.3
2155.011,421.6,1812.0,2164,100,71,11917.3
2155.129,421.6,1812.0,2164,100,71,11917.3
2155.246,421.6,1812.0,2164,100,69,11927.4
2155.364,582.6,1812.0,2164,20,68,11962.9
2155.482,841.6,1812.0,2164,20,68,11997.8
2155.6,434.9,1812.0,2164,31,69,12002.3
2155.718,434.9,1812.0,2164,100,71,12002.3
2155.835,434.9,1812.0,2164,100,71,12002.3
2155.953,434.9,1812.0,2164,100,72,12002.3
2156.071,434.9,1812.0,2164,100,71,12002.3
2156.189,434.9,1812.0,2164,100,71,12008.4
2156.307,725.4,1812.0,2164,94,68,12036.6
2156.426,448.2,1812.0,2164,21,68,12059.4
2156.544,448.2,1812.0,2164,74,68,12059.4
2156.662,448.2,1812.0,2164,74,71,12059.4
2156.779,448.2,1812.0,2164,100,72,12059.4
2156.896,448.2,1812.0,2164,100,71,12059.4
2157.014,448.2,1812.0,2164,100,71,12059.4
2157.132,609.2,1812.0,2164,100,69,12087.8
2157.25,738.7,1812.0,2164,32,68,12131.1
2157.368,868.2,1812.0,2164,14,67,12164.2
2157.486,461.5,1812.0,2164,14,69,12165.3
2157.604,461.5,1812.0,2164,93,72,12165.3
2157.721,461.5,1812.0,2164,100,72,12165.3
2157.839,461.5,1812.0,2164,100,72,12165.3
2157.957,461.5,1812.0,2164,100,71,12165.3
2158.074,493.0,1812.0,2164,100,70,12170.6
2158.193,474.7,1812.0,2164,100,70,12189.6
2158.311,474.7,1812.0,2164,64,70,12189.6
2158.428,474.7,1812.0,2164,100,72,12189.6
2158.546,474.7,1812.0,2164,100,72,12189.6
2158.664,474.7,1812.0,2164,100,71,12189.6
2158.782,474.7,1812.0,2164,100,71,12189.6
2158.899,765.3,1812.0,2164,70,68,12201.2
2159.017,488.0,1812.0,2164,70,69,12206.3
2159.134,488.0,1812.0,2164,76,71,12206.3
2159.252,488.0,1812.0,2164,100,72,12206.3
2159.369,488.0,1812.0,2164,100,72,12206.3
2159.487,488.0,1812.0,2164,100,71,12206.3
2159.604,488.0,1812.0,2164,100,71,12207.6
2159.722,649.0,1812.0,2164,36,68,12231.3
2159.84,778.5,1812.0,2164,36,68,12267.9
2159.958,908.0,1812.0,2164,7,67,12288.6
2160.076,501.3,1812.0,2164,38,69,12292.6
2160.194,501.3,1812.0,2164,38,71,12292.6
2160.312,501.3,1812.0,2164,100,72,12292.6
2160.429,501.3,1812.0,2164,100,72,12292.6
2160.546,501.3,1812.0,2164,100,71,12292.6
2160.664,501.3,1812.0,2164,100,70,12295.5
2160.782,662.3,1812.0,2164,65,68,12323.0
2160.9,791.8,1812.0,2164,9,67,12356.4
2161.018,791.8,1812.0,2164,9,67,12411.1
2161.136,921.3,1812.0,2164,9,67,12447.2
2161.254,514.6,1812.0,2164,35,69,12452.9
2161.372,514.6,1812.0,2164,35,71,12452.9
2161.489,514.6,1812.0,2164,100,71,12452.9
2161.606,514.6,1812.0,2164,100,72,12452.9
2161.724,514.6,1812.0,2164,100,71,12452.9
2161.841,514.6,1812.0,2164,100,70,12457.1
2161.958,675.6,1812.0,2164,64,68,12487.5
2162.077,805.1,1812.0,2164,12,68,12506.1
2162.196,934.6,1812.0,2164,12,67,12524.3
2162.314,527.9,1812.0,2164,21,68,12515.0
2162.433,527.9,1812.0,2164,100,71,12504.9
2162.552,527.9,1812.0,2164,100,72,12494.9
2162.671,527.9,1812.0,2164,100,71,12484.8
2162.79,527.9,1812.0,2164,100,71,12474.8
2162.909,527.9,1812.0,2164,95,69,12472.6
2163.028,688.9,1812.0,2164,95,68,12490.5
2163.147,818.4,1812.0,2164,12,68,12505.5
2163.265,947.9,1812.0,2164,11,67,12526.3
2163.384,541.2,1812.0,2164,18,69,12519.5
2163.503,541.2,1812.0,2164,18,70,12509.6
2163.622,541.2,1812.0,2164,100,72,12499.6
2163.742,541.2,1812.0,2164,100,72,12489.6
2163.861,541.2,1812.0,2164,100,71,12479.6
2163.98,541.2,1812.0,2164,100,71,12469.6
2164.099,572.7,1812.0,2164,84,69,12468.7
2164.219,831.7,1812.0,2164,84,68,12472.6
2164.338,831.7,1812.0,2164,11,68,12468.6
2164.457,961.2,1812.0,2164,7,67,12459.0
2164.579,554.4,1812.0,2164,11,67,12457.7
2164.698,554.4,1812.0,2164,11,68,12447.8
2164.817,554.4,1812.0,2164,100,71,12437.4
2164.938,554.4,1812.0,2164,100,72,12427.5
2165.057,554.4,1812.0,2164,100,72,12417.6
2165.176,554.4,1812.0,2164,100,71,12407.7
2165.294,844.9,1812.0,2164,93,69,12408.3
2165.414,567.7,1812.0,2164,36,70,12419.2
2165.534,567.7,1812.0,2164,36,70,12409.4
2165.653,567.7,1812.0,2164,100,72,12399.5
2165.773,567.7,1812.0,2164,100,72,12389.1
2165.892,567.7,1812.0,2164,100,72,12379.4
2166.011,567.7,1812.0,2164,100,71,12369.6
2166.13,728.7,1812.0,2164,90,69,12373.8
2166.251,581.0,1812.0,2164,20,68,12387.7
2166.372,581.0,1812.0,2164,20,69,12377.7
2166.491,581.0,1812.0,2164,99,72,12367.8
2166.61,581.0,1812.0,2164,100,72,12357.9
2166.73,581.0,1812.0,2164,100,72,12348.1
2166.849,581.0,1812.0,2164,100,71,12338.1
2166.968,742.0,1812.0,2164,90,69,12354.4
2167.088,742.0,1812.0,2164,12,68,12387.7
2167.208,871.5,1812.0,2164,12,68,12415.9
2167.328,1001.0,1812.0,2164,9,68,12438.2
2167.448,594.3,1812.0,2164,52,69,12428.2
2167.568,594.3,1812.0,2164,100,72,12418.4
2167.688,594.3,1812.0,2164,100,72,12408.6
2167.808,594.3,1812.0,2164,100,72,12398.7
2167.928,594.3,1812.0,2164,100,71,12388.9
2168.048,594.3,1812.0,2164,100,70,12395.9
2168.169,755.3,1812.0,2164,63,69,12420.6
2168.29,884.8,1812.0,2164,9,68,12443.6
2168.41,1014.3,1812.0,2164,8,68,12467.5
2168.53,607.6,1812.0,2164,8,70,12477.9
2168.649,607.6,1812.0,2164,61,71,12467.9
2168.771,607.6,1812.0,2164,100,72,12458.0
2168.891,607.6,1812.0,2164,100,72,12448.2
2169.01,607.6,1812.0,2164,100,72,12438.3
2169.13,607.6,1812.0,2164,100,71,12428.5
2169.25,898.1,1812.0,2164,54,69,12437.5
2169.37,1027.6,1812.0,2164,6,68,12465.0
2169.53,1027.6,1812.0,2164,7,68,12467.5
2169.74,620.8,1812.0,2164,67,69,12458.0
2169.86,620.8,1812.0,2164,67,72,12447.6
2169.983,620.8,1812.0,2164,100,72,12438.4
2170.104,620.8,1812.0,2164,100,72,12428.6
2170.225,620.8,1812.0,2164,100,72,12418.8
2170.345,911.3,1812.0,2164,100,69,12412.4
2170.465,634.1,1812.0,2164,60,70,12404.3
2170.586,634.1,1812.0,2164,100,72,12394.5
2170.706,634.1,1812.0,2164,100,72,12384.7
2170.826,634.1,1812.0,2164,100,72,12374.3
2170.946,634.1,1812.0,2164,100,72,12364.4
2171.067,634.1,1812.0,2164,100,71,12356.0
2171.187,647.4,1812.0,2164,89,70,12354.4
2171.307,647.4,1812.0,2164,69,70,12344.6
2171.427,647.4,1812.0,2164,100,72,12333.0
2171.548,647.4,1812.0,2164,100,73,12323.2
2171.669,647.4,1812.0,2164,100,73,12313.4
2171.789,647.4,1812.0,2164,100,72,12305.7
2171.909,808.4,1812.0,2164,100,69,12325.0
2172.029,660.7,1812.0,2164,43,70,12330.1
2172.15,660.7,1812.0,2164,74,71,12322.2
2172.27,660.7,1812.0,2164,100,72,12312.7
2172.39,660.7,1812.0,2164,100,73,12288.7
2172.51,660.7,1812.0,2164,100,72,12051.6
2172.63,660.7,1812.0,2164,100,72,11959.6
2172.751,821.7,1812.0,2164,100,69,11824.6
2172.87,1080.7,1812.0,2164,52,69,11852.4
2172.988,674.0,1812.0,2164,36,70,11858.2
2173.105,674.0,1812.0,2164,100,72,11858.2
2173.223,674.0,1812.0,2164,100,73,11858.2
2173.34,674.0,1812.0,2164,100,73,11858.2
2173.458,674.0,1812.0,2164,100,72,11858.2
2173.575,674.0,1812.0,2164,100,71,11861.8
2173.693,964.5,1812.0,2164,81,69,11893.2
2173.812,687.2,1812.0,2164,21,71,11912.7
2173.93,687.2,1812.0,2164,100,71,11912.7
2174.048,687.2,1812.0,2164,100,72,11912.7
2174.166,687.2,1812.0,2164,100,73,11912.7
2174.283,687.2,1812.0,2164,100,72,11912.7
2174.401,687.2,1812.0,2164,100,72,11912.7
2174.518,848.3,1812.0,2164,97,69,11966.1
2174.636,977.8,1812.0,2164,13,69,12024.7
2174.755,1107.3,1812.0,2164,13,68,12044.4
2174.873,700.5,1812.0,2164,27,69,12044.4
2174.991,700.5,1812.0,2164,100,72,12044.4
2175.109,700.5,1812.0,2164,100,73,12044.5
2175.226,700.5,1812.0,2164,100,73,12044.5
2175.344,700.5,1812.0,2164,100,72,12044.5
2175.462,732.0,1812.0,2164,80,70,12065.2
2175.58,861.5,1812.0,2164,80,69,12104.6
2175.699,991.0,1812.0,2164,13,68,12107.1
2175.819,1120.5,1812.0,2164,9,68,12141.3
2175.939,713.8,1812.0,2164,9,69,11973.4
2176.057,713.8,1812.0,2164,54,72,11931.5
2176.19,713.8,1812.0,2164,100,72,11931.5
2176.308,713.8,1812.0,2164,100,73,11931.5
2176.426,713.8,1812.0,2164,100,72,11931.5
2176.544,713.8,1812.0,2164,100,71,11951.1
2176.662,874.8,1812.0,2164,45,69,12000.7
2176.78,874.8,1812.0,2164,7,68,12059.9
2176.898,1004.3,1812.0,2164,7,68,12097.4
2177.016,1133.8,1812.0,2164,6,68,12180.4
2177.135,677.0,1812.0,2164,17,70,12080.1
2177.253,677.0,1812.0,2164,17,71,12067.6
2177.373,677.0,1812.0,2164,100,72,12040.1
2177.49,677.0,1812.0,2164,100,73,12040.1
2177.608,677.0,1812.0,2164,100,72,12040.1
2177.726,677.0,1812.0,2164,100,72,12040.1
2177.844,689.4,1812.0,2164,88,69,12119.2
2177.967,689.4,1812.0,2164,0,68,12228.2
2178.092,689.4,1812.0,2164,0,68,12179.9
2178.221,689.4,1812.0,2164,3,68,12136.6
2178.348,689.4,1812.0,2164,1,68,12133.5
2178.476,689.4,1812.0,2164,2,68,12150.6
2178.603,689.4,1812.0,2164,2,68,12228.5
2178.728,689.4,1812.0,2164,3,68,12310.9
2178.854,689.4,1812.0,2164,0,68,12225.3
2178.98,689.4,1812.0,2164,0,68,12204.0
2179.106,689.4,1812.0,2164,0,68,12235.3
2179.232,689.4,1812.0,2164,3,68,12282.5
2179.356,689.4,1812.0,2164,0,68,12383.8
2179.484,689.4,1812.0,2164,0,68,12446.1
2179.609,689.4,1812.0,2164,0,68,12466.5
2179.737,689.4,1812.0,2164,3,68,12406.9
2179.864,689.4,1812.0,2164,0,68,12465.4
2179.989,689.4,1812.0,2164,0,68,12557.1
2180.117,689.4,1812.0,2164,3,68,12454.8
2180.244,689.4,1812.0,2164,3,68,12481.9
2180.371,689.4,1812.0,2164,0,68,12513.2
2180.498,689.4,1812.0,2164,0,68,12574.9
2180.623,689.4,1812.0,2164,3,68,12661.6
2180.749,689.4,1812.0,2164,3,68,12639.9
2180.876,689.4,1812.0,2164,0,68,12611.3
2181.003,689.4,1812.0,2164,0,68,12582.1
2181.13,689.4,1812.0,2164,3,68,12638.6
2181.254,689.4,1812.0,2164,3,68,12730.6
2181.381,689.4,1812.0,2164,0,68,12793.1
2181.505,689.4,1812.0,2164,1,68,12824.4
2181.63,689.4,1812.0,2164,2,68,12819.8
2181.76,689.4,1812.0,2164,2,68,12793.0
2181.887,689.4,1812.0,2164,0,68,12845.1
2182.013,689.4,1812.0,2164,1,68,12860.8
2182.138,689.4,1812.0,2164,2,68,12895.0
2182.264,689.4,1812.0,2164,2,68,12929.6
2182.391,689.4,1812.0,2164,0,68,12940.8
2182.518,689.4,1812.0,2164,1,68,13022.6
2182.647,689.4,1812.0,2164,2,68,13082.4
2182.776,689.4,1812.0,2164,2,68,13109.4
2182.903,689.4,1812.0,2164,0,68,13136.6
2183.033,689.4,1812.0,2164,1,68,13165.6
2183.159,689.4,1812.0,2164,2,68,13184.6
2183.288,689.4,1812.0,2164,2,68,13188.8
2183.417,689.4,1812.0,2164,0,68,13215.3
2183.544,689.4,1812.0,2164,1,68,13286.3
2183.672,689.4,1812.0,2164,2,68,13316.7
2183.801,689.4,1812.0,2164,0,68,13337.5
2183.933,689.4,1812.0,2164,0,68,13358.2
2184.065,689.4,1812.0,2164,2,68,13377.7
2184.221,689.4,1812.0,2164,2,68,13404.0
2184.386,689.4,1812.0,2164,0,68,13398.8
2184.518,689.4,1812.0,2164,2,68,13424.0
2184.665,689.4,1812.0,2164,2,68,13456.6
2184.868,689.4,1812.0,2164,0,68,13474.9
2185.038,689.4,1812.0,2164,3,68,13472.9
2185.272,689.4,1812.0,2164,0,68,13492.3
2185.479,689.4,1812.0,2164,1,68,13375.4
2186.248,689.4,1812.0,2164,2,68,13261.2
2186.922,689.4,1812.0,2164,0,68,13157.5
2187.556,689.4,1812.0,2164,2,68,13058.0
2188.246,689.4,1812.0,2164,2,67,12956.0
2188.832,689.4,1812.0,2164,4,67,12864.4
2189.347,689.4,1812.0,2164,2,67,12686.6
2189.651,689.4,1812.0,2164,2,67,12738.6
2189.778,689.4,1812.0,2164,2,67,12791.6
2189.911,689.4,1812.0,2164,2,67,11826.9
2190.03,689.4,1812.0,2164,3,67,11665.7
2190.156,689.4,1812.0,2164,3,67,11681.2
2190.28,689.4,1812.0,2164,3,67,11696.5
2190.401,689.4,1812.0,2164,1,67,11715.4
2190.525,689.4,1812.0,2164,2,67,11732.2
2190.65,689.4,1812.0,2164,2,67,11677.5
2190.771,689.4,1812.0,2164,3,67,11693.4
2190.891,689.4,1812.0,2164,2,67,11710.9
2191.016,689.4,1812.0,2164,3,67,11728.4
2191.141,689.4,1812.0,2164,3,67,11743.4
2191.262,689.4,1812.0,2164,2,67,11759.1
2191.383,689.4,1812.0,2164,2,67,11775.6
2191.508,689.4,1812.0,2164,2,67,11789.9
2191.63,689.4,1812.0,2164,2,67,11804.1
2191.751,689.4,1812.0,2164,2,66,11819.7
2191.874,689.4,1812.0,2164,1,66,11834.3
2191.996,689.4,1812.0,2164,4,67,11851.8
2192.121,689.4,1812.0,2164,4,66,11866.4
2192.243,689.4,1812.0,2164,2,66,11884.5
2192.367,689.4,1812.0,2164,2,66,11902.4
2192.486,689.4,1812.0,2164,2,66,11919.1
2192.61,689.4,1812.0,2164,2,66,11934.6
2192.733,689.4,1812.0,2164,3,66,11951.1
2192.854,689.4,1812.0,2164,1,66,11967.1
2192.975,689.4,1812.0,2164,1,66,11983.3
2193.095,689.4,1812.0,2164,3,66,11999.8
2193.215,689.4,1812.0,2164,2,66,12016.9
2193.338,689.4,1812.0,2164,2,66,12034.2
2193.461,689.4,1812.0,2164,2,66,12050.2
2193.584,689.4,1812.0,2164,2,66,12065.7
2193.705,689.4,1812.0,2164,3,66,12082.3
2193.826,689.4,1812.0,2164,3,66,12099.1
2193.946,689.4,1812.0,2164,1,66,12114.9
2194.066,689.4,1812.0,2164,3,66,12133.0
2194.187,689.4,1812.0,2164,3,66,12151.1
2194.308,689.4,1812.0,2164,3,66,12167.1
2194.432,689.4,1812.0,2164,2,66,12185.3
2194.555,689.4,1812.0,2164,3,66,12200.9
2194.678,689.4,1812.0,2164,3,66,12217.3
2194.797,689.4,1812.0,2164,3,66,12232.7
2194.917,689.4,1812.0,2164,1,66,12247.8
2195.038,689.4,1812.0,2164,4,66,12263.0
2195.159,689.4,1812.0,2164,4,66,12277.9
2195.278,689.4,1812.0,2164,2,66,12296.0
2195.397,689.4,1812.0,2164,2,66,12314.3
2195.519,689.4,1812.0,2164,3,66,12330.4
2195.639,689.4,1812.0,2164,3,66,12346.6
2195.761,689.4,1812.0,2164,4,66,12364.6
2195.881,689.4,1812.0,2164,1,66,12381.2
2196.002,689.4,1812.0,2164,1,66,12397.9
2196.122,689.4,1812.0,2164,3,66,12418.9
2196.244,689.4,1812.0,2164,3,66,12437.6
2196.364,689.4,1812.0,2164,2,66,12456.3
2196.484,689.4,1812.0,2164,2,66,12472.4
2196.606,689.4,1812.0,2164,2,66,12489.0
2196.729,689.4,1812.0,2164,3,66,12506.2
2196.85,689.4,1812.0,2164,1,66,12521.7
2196.97,689.4,1812.0,2164,1,66,12537.8
2197.091,689.4,1812.0,2164,3,66,12557.6
2197.212,689.4,1812.0,2164,3,66,12578.0
2197.335,689.4,1812.0,2164,3,66,12596.5
2197.457,689.4,1812.0,2164,2,66,12612.4
2197.577,689.4,1812.0,2164,3,66,12630.4
2197.698,689.4,1812.0,2164,3,66,12649.9
2197.82,689.4,1812.0,2164,3,66,12666.3
2197.94,689.4,1812.0,2164,0,66,12682.7
2198.061,689.4,1812.0,2164,3,66,12700.2
2198.18,689.4,1812.0,2164,3,66,12717.0
2198.3,689.4,1812.0,2164,2,66,12732.4
2198.418,689.4,1812.0,2164,2,66,12749.6
2198.541,689.4,1812.0,2164,2,66,12759.9
2198.667,689.4,1812.0,2164,2,66,12759.9
2198.794,689.4,1812.0,2164,4,66,12759.9
2198.919,689.4,1812.0,2164,0,66,12759.9
2199.045,689.4,1812.0,2164,3,66,12759.9
2199.172,689.4,1812.0,2164,3,66,12759.9
2199.297,689.4,1812.0,2164,3,66,12759.9
2199.423,689.4,1812.0,2164,2,66,12578.3
2199.545,1146.2,1812.0,2344,27,66,12237.8
2199.664,726.2,1992.0,2344,27,67,12239.2
2199.782,726.2,1992.0,2344,98,69,12239.2
2199.9,726.2,1992.0,2344,100,70,12239.2
2200.018,726.2,1992.0,2344,100,70,12239.2
2200.135,726.2,1992.0,2344,100,70,12239.2
2200.253,726.2,1992.0,2344,100,71,12239.2
2200.37,726.2,1992.0,2344,100,72,12239.2
2200.49,726.2,1992.0,2344,100,72,12239.2
2200.607,726.2,1992.0,2344,100,69,12239.2
2200.725,726.2,1992.0,2344,100,68,12239.2
2200.842,1146.2,1992.0,2364,100,69,12239.3
2200.96,713.9,2012.0,2364,90,69,12239.4
2201.078,713.9,2012.0,2364,100,71,12239.4
2201.196,713.9,2012.0,2364,100,72,12239.4
2201.314,713.9,2012.0,2364,100,72,12239.4
2201.432,713.9,2012.0,2364,100,71,12239.4
2201.549,713.9,2012.0,2364,100,74,12239.4
2201.667,713.9,2012.0,2364,100,73,12239.4
2201.785,713.9,2012.0,2364,100,73,12239.4
2201.903,713.9,2012.0,2364,100,69,12239.4
2202.02,713.9,2012.0,2364,100,69,12239.4
2202.139,1133.9,2012.0,2364,100,69,12239.4
2202.258,701.5,2012.0,2364,86,69,12239.5
2202.376,701.5,2012.0,2364,100,71,12239.5
2202.494,701.5,2012.0,2364,100,72,12239.5
2202.612,701.5,2012.0,2364,100,72,12239.5
2202.731,701.5,2012.0,2364,100,71,12239.5
2202.849,701.5,2012.0,2364,100,72,12239.5
2202.989,701.5,2012.0,2364,100,70,12239.5
2203.107,701.5,2012.0,2364,100,71,12239.5
2203.225,701.5,2012.0,2364,100,69,12239.5
2203.343,701.5,2012.0,2364,100,68,12239.5
2203.461,862.5,2012.0,2364,100,69,12239.5
2203.581,689.2,2012.0,2364,87,69,12239.6
2203.699,689.2,2012.0,2364,87,72,12239.6
2203.818,689.2,2012.0,2364,100,72,12239.6
2203.936,689.2,2012.0,2364,100,72,12239.6
2204.054,689.2,2012.0,2364,100,71,12239.6
2204.172,689.2,2012.0,2364,100,71,12239.6
2204.298,689.2,2012.0,2364,100,70,12239.6
2204.416,689.2,2012.0,2364,100,70,12239.6
2204.534,689.2,2012.0,2364,100,70,12239.6
2204.653,689.2,2012.0,2364,100,69,12239.6
2204.771,689.2,2012.0,2364,100,69,12239.6
2204.889,676.8,2012.0,2364,87,71,12239.7
2205.007,676.8,2012.0,2364,87,71,12239.7
2205.125,676.8,2012.0,2364,100,72,12239.7
2205.243,676.8,2012.0,2364,100,72,12239.7
2205.364,676.8,2012.0,2364,100,72,12239.7
2205.482,676.8,2012.0,2364,100,71,12239.7
2205.6,676.8,2012.0,2364,100,74,12239.7
2205.719,676.8,2012.0,2364,100,73,12239.7
2205.84,676.8,2012.0,2364,100,70,12239.7
2205.958,676.8,2012.0,2364,100,69,12239.7
2206.076,708.3,2012.0,2364,96,70,12239.7
2206.195,664.4,2012.0,2364,96,70,12239.9
2206.312,664.4,2012.0,2364,85,72,12239.9
2206.431,664.4,2012.0,2364,100,72,12239.9
2206.549,664.4,2012.0,2364,100,73,12239.9
2206.667,664.4,2012.0,2364,100,72,12239.9
2206.785,664.4,2012.0,2364,100,72,12239.9
2206.914,664.4,2012.0,2364,100,71,12239.9
2207.031,664.4,2012.0,2364,100,72,12239.9
2207.149,664.4,2012.0,2364,100,70,12239.9
2207.267,664.4,2012.0,2364,100,69,12239.9
2207.385,695.9,2012.0,2364,100,70,12240.4
2207.504,652.1,2012.0,2364,85,70,12243.0
2207.623,652.1,2012.0,2364,80,72,12243.0
2207.742,652.1,2012.0,2364,100,71,12243.0
2207.863,652.1,2012.0,2364,100,70,12243.0
2207.981,652.1,2012.0,2364,100,71,12243.0
2208.099,652.1,2012.0,2364,100,71,12243.0
2208.217,652.1,2012.0,2364,100,74,12243.0
2208.334,652.1,2012.0,2364,100,73,12243.0
2208.453,652.1,2012.0,2364,100,73,12243.0
2208.571,652.1,2012.0,2364,100,69,12243.0
2208.691,652.1,2012.0,2364,100,69,12243.0
2208.808,1072.1,2012.0,2364,88,69,12244.8
2208.927,639.7,2012.0,2364,80,69,12244.8
2209.046,639.7,2012.0,2364,80,72,12244.8
2209.164,639.7,2012.0,2364,100,73,12244.8
2209.282,639.7,2012.0,2364,100,72,12244.8
2209.4,639.7,2012.0,2364,100,72,12244.8
2209.517,639.7,2012.0,2364,100,74,12244.8
2209.635,639.7,2012.0,2364,100,73,12244.8
2209.753,639.7,2012.0,2364,100,73,12244.8
2209.872,639.7,2012.0,2364,100,70,12244.8
2209.99,639.7,2012.0,2364,100,69,12244.8
2210.108,930.2,2012.0,2364,87,69,12253.7
2210.227,1059.7,2012.0,2364,87,68,12277.7
2210.345,1059.7,2012.0,2364,12,68,12300.0
2210.463,627.4,2012.0,2364,28,70,12304.6
2210.581,627.4,2012.0,2364,100,72,12304.6
2210.699,627.4,2012.0,2364,100,72,12304.6
2210.817,627.4,2012.0,2364,100,73,12304.6
2210.935,627.4,2012.0,2364,100,72,12304.6
2211.054,627.4,2012.0,2364,100,72,12304.6
2211.172,627.4,2012.0,2364,100,74,12304.6
2211.29,627.4,2012.0,2364,100,74,12304.6
2211.409,627.4,2012.0,2364,100,70,12304.6
2211.53,627.4,2012.0,2364,100,69,12304.6
2211.648,658.9,2012.0,2364,96,69,12321.5
2211.766,788.4,2012.0,2364,11,68,12343.5
2211.884,1047.4,2012.0,2364,11,68,12365.2
2212.002,734.0,2012.0,2364,12,69,12382.8
2212.121,615.0,2012.0,2364,63,69,12382.8
2212.238,615.0,2012.0,2364,63,72,12382.8
2212.356,615.0,2012.0,2364,100,72,12382.8
2212.474,615.0,2012.0,2364,100,72,12382.8
2212.592,615.0,2012.0,2364,100,71,12382.8
2212.711,615.0,2012.0,2364,100,71,12382.8
2212.83,615.0,2012.0,2364,100,74,12382.8
2212.948,615.0,2012.0,2364,100,74,12382.8
2213.066,615.0,2012.0,2364,100,70,12382.8
2213.184,615.0,2012.0,2364,100,69,12382.8
2213.301,776.0,2012.0,2364,85,69,12398.2
2213.419,776.0,2012.0,2364,9,68,12424.7
2213.537,905.5,2012.0,2364,9,68,12448.0
2213.655,602.6,2012.0,2364,17,69,12463.7
2213.773,602.6,2012.0,2364,78,70,12463.7
2213.89,602.6,2012.0,2364,78,72,12463.7
2214.008,602.6,2012.0,2364,100,72,12463.7
2214.126,602.6,2012.0,2364,100,72,12463.7
2214.243,602.6,2012.0,2364,100,71,12463.7
2214.362,602.6,2012.0,2364,100,74,12463.7
2214.5,602.6,2012.0,2364,100,71,12463.7
2214.619,602.6,2012.0,2364,100,71,12463.7
2214.738,602.6,2012.0,2364,100,69,12463.7
2214.856,602.6,2012.0,2364,100,69,12463.7
2214.974,763.6,2012.0,2364,91,69,12472.2
2215.092,1022.6,2012.0,2364,24,68,12489.2
2215.212,590.3,2012.0,2364,24,69,12489.4
2215.329,590.3,2012.0,2364,97,72,12489.4
2215.447,590.3,2012.0,2364,100,73,12489.4
2215.564,590.3,2012.0,2364,100,72,12489.4
2215.682,590.3,2012.0,2364,100,72,12489.4
2215.8,590.3,2012.0,2364,100,74,12489.4
2215.918,590.3,2012.0,2364,100,71,12489.4
2216.035,590.3,2012.0,2364,100,72,12489.4
2216.153,590.3,2012.0,2364,100,70,12489.4
2216.271,590.3,2012.0,2364,100,69,12489.4
2216.389,621.8,2012.0,2364,100,70,12490.1
2216.509,577.9,2012.0,2364,76,70,12497.2
2216.646,577.9,2012.0,2364,85,71,12497.2
2216.764,577.9,2012.0,2364,100,72,12497.2
2216.882,577.9,2012.0,2364,100,73,12497.2
2217.0,577.9,2012.0,2364,100,71,12497.2
2217.118,577.9,2012.0,2364,100,70,12497.2
2217.236,577.9,2012.0,2364,100,74,12497.2
2217.355,577.9,2012.0,2364,100,73,12497.2
2217.473,577.9,2012.0,2364,100,72,12497.2
2217.592,577.9,2012.0,2364,100,69,12497.2
2217.709,577.9,2012.0,2364,100,70,12497.2
2217.827,738.9,2012.0,2364,64,69,12510.2
2217.945,868.4,2012.0,2364,14,68,12519.5
2218.063,565.6,2012.0,2364,14,70,12526.6
2218.18,565.6,2012.0,2364,55,70,12526.6
2218.298,565.6,2012.0,2364,100,72,12526.6
2218.415,565.6,2012.0,2364,100,73,12526.6
2218.532,565.6,2012.0,2364,100,72,12526.6
2218.649,565.6,2012.0,2364,100,71,12526.6
2218.767,565.6,2012.0,2364,100,73,12526.6
2218.894,565.6,2012.0,2364,100,71,12526.6
2219.012,565.6,2012.0,2364,100,72,12526.6
2219.13,565.6,2012.0,2364,100,69,12526.6
2219.247,565.6,2012.0,2364,100,69,12526.6
2219.364,597.1,2012.0,2364,100,69,12537.0
2219.482,726.6,2012.0,2364,17,68,12552.9
2219.599,856.1,2012.0,2364,17,68,12573.0
2219.718,553.2,2012.0,2364,15,68,12591.2
2219.835,553.2,2012.0,2364,56,69,12591.2
2219.953,553.2,2012.0,2364,100,72,12591.2
2220.071,553.2,2012.0,2364,100,73,12591.2
2220.189,553.2,2012.0,2364,100,72,12591.2
2220.307,553.2,2012.0,2364,100,71,12591.2
2220.424,553.2,2012.0,2364,100,75,12591.2
2220.542,553.2,2012.0,2364,100,73,12591.2
2220.66,553.2,2012.0,2364,100,71,12591.2
2220.778,553.2,2012.0,2364,100,69,12591.2
2220.896,553.2,2012.0,2364,100,71,12591.4
2221.014,714.2,2012.0,2364,67,69,12612.8
2221.133,843.7,2012.0,2364,14,68,12630.1
2221.251,973.2,2012.0,2364,14,68,12645.5
2221.369,540.8,2012.0,2364,27,69,12645.7
2221.487,540.8,2012.0,2364,100,72,12645.7
2221.605,540.8,2012.0,2364,100,72,12645.7
2221.723,540.8,2012.0,2364,100,73,12645.7
2221.841,540.8,2012.0,2364,100,72,12645.7
2221.958,540.8,2012.0,2364,100,73,12645.7
2222.075,540.8,2012.0,2364,100,71,12645.7
2222.193,540.8,2012.0,2364,100,72,12645.7
2222.311,540.8,2012.0,2364,100,70,12645.7
2222.429,540.8,2012.0,2364,100,69,12645.7
2222.547,540.8,2012.0,2364,100,70,12651.6
2222.666,701.8,2012.0,2364,47,68,12684.8
2222.784,831.3,2012.0,2364,47,68,12723.5
2222.902,831.3,2012.0,2364,8,68,12772.2
2223.02,960.8,2012.0,2364,8,68,12808.3
2223.138,528.5,2012.0,2364,66,69,12810.0
2223.256,528.5,2012.0,2364,66,72,12810.0
2223.373,528.5,2012.0,2364,100,72,12810.0
2223.491,528.5,2012.0,2364,100,72,12810.0
2223.609,528.5,2012.0,2364,100,71,12810.0
2223.726,528.5,2012.0,2364,100,73,12810.0
2223.844,528.5,2012.0,2364,100,71,12810.0
2223.962,528.5,2012.0,2364,100,71,12807.3
2224.08,528.5,2012.0,2364,100,69,12799.3
2224.197,528.5,2012.0,2364,100,69,12799.3
2224.315,528.5,2012.0,2364,100,70,12802.9
2224.434,689.5,2012.0,2364,100,68,12835.9
2224.552,819.0,2012.0,2364,12,68,12875.9
2224.67,948.5,2012.0,2364,11,68,12902.2
2224.788,516.1,2012.0,2364,11,69,12909.0
2224.906,516.1,2012.0,2364,57,71,12909.0
2225.023,516.1,2012.0,2364,100,72,12909.0
2225.141,516.1,2012.0,2364,100,72,12909.0
2225.259,516.1,2012.0,2364,100,72,12909.0
2225.377,516.1,2012.0,2364,100,71,12909.0
2225.495,516.1,2012.0,2364,100,73,12909.0
2225.613,516.1,2012.0,2364,100,73,12909.0
2225.73,516.1,2012.0,2364,100,70,12909.0
2225.848,516.1,2012.0,2364,100,69,12909.0
2225.965,677.1,2012.0,2364,100,69,12933.6
2226.083,806.6,2012.0,2364,66,68,12817.0
2226.2,806.6,2012.0,2364,13,68,12821.2
2226.318,936.1,2012.0,2364,9,68,12797.2
2226.437,503.8,2012.0,2364,9,69,12800.3
2226.555,503.8,2012.0,2364,81,71,12800.3
2226.673,503.8,2012.0,2364,100,72,12800.3
2226.791,503.8,2012.0,2364,100,72,12800.3
2226.909,503.8,2012.0,2364,100,72,12800.3
2227.028,503.8,2012.0,2364,100,71,12800.3
2227.145,503.8,2012.0,2364,100,73,12800.3
2227.266,503.8,2012.0,2364,100,73,12800.3
2227.384,503.8,2012.0,2364,100,70,12800.3
2227.502,503.8,2012.0,2364,100,69,12800.3
2227.62,535.3,2012.0,2364,100,69,12820.4
2227.738,664.8,2012.0,2364,54,68,12859.6
2227.857,794.3,2012.0,2364,8,68,12900.8
2227.975,923.8,2012.0,2364,11,68,12852.4
2228.096,491.4,2012.0,2364,11,70,12811.3
2228.214,491.4,2012.0,2364,68,71,12811.3
2228.332,491.4,2012.0,2364,100,72,12811.3
2228.45,491.4,2012.0,2364,100,73,12811.3
2228.567,491.4,2012.0,2364,100,72,12811.3
2228.685,491.4,2012.0,2364,100,71,12811.3
2228.802,491.4,2012.0,2364,100,73,12811.3
2228.92,491.4,2012.0,2364,100,73,12811.3
2229.039,491.4,2012.0,2364,100,70,12811.3
2229.158,491.4,2012.0,2364,100,69,12811.3
2229.279,494.9,2012.0,2364,100,69,12847.6
2229.397,652.4,2012.0,2364,51,68,12931.3
2229.515,781.9,2012.0,2364,9,68,12925.2
2229.635,911.4,2012.0,2364,9,68,12888.3
2229.753,479.0,2012.0,2364,11,70,12949.5
2229.87,479.0,2012.0,2364,70,70,12949.5
2229.988,479.0,2012.0,2364,100,72,12949.5
2230.106,479.0,2012.0,2364,100,72,12949.5
2230.224,479.0,2012.0,2364,100,72,12949.5
2230.342,479.0,2012.0,2364,100,71,12949.5
2230.46,479.0,2012.0,2364,100,74,12949.5
2230.581,479.0,2012.0,2364,100,72,12949.5
2230.7,479.0,2012.0,2364,100,71,12949.5
2230.817,479.0,2012.0,2364,100,69,12949.5
2230.938,479.0,2012.0,2364,100,71,12954.0
2231.056,640.1,2012.0,2364,71,68,12989.8
2231.176,640.1,2012.0,2364,4,68,12980.7
2231.297,640.1,2012.0,2364,4,68,12967.9
2231.417,640.1,2012.0,2364,1,68,12954.0
2231.537,640.1,2012.0,2364,2,68,12941.9
2231.658,640.1,2012.0,2364,2,68,12930.3
2231.779,640.1,2012.0,2364,2,68,12921.6
2231.9,640.1,2012.0,2364,0,68,12907.4
2232.02,640.1,2012.0,2364,2,68,12895.4
2232.14,640.1,2012.0,2364,2,68,12882.1
2232.26,640.1,2012.0,2364,2,68,12871.2
2232.382,640.1,2012.0,2364,0,67,12857.0
2232.501,640.1,2012.0,2364,2,68,12842.7
2232.621,640.1,2012.0,2364,2,68,12829.7
2232.741,640.1,2012.0,2364,2,67,12815.6
2232.862,640.1,2012.0,2364,0,68,12802.1
2232.982,640.1,2012.0,2364,0,67,12789.3
2233.103,769.6,2012.0,2364,2,67,12770.8
2233.223,769.6,2012.0,2364,2,67,12756.8
2233.343,769.6,2012.0,2364,0,67,12744.1
2233.463,769.6,2012.0,2364,0,67,12731.1
2233.584,769.6,2012.0,2364,2,67,12716.4
2233.704,769.6,2012.0,2364,2,67,12695.0
2233.824,769.6,2012.0,2364,2,67,12669.6
2233.944,769.6,2012.0,2364,1,67,12644.6
2234.064,769.6,2012.0,2364,2,66,12619.2
2234.184,769.6,2012.0,2364,2,66,12595.4
2234.305,769.6,2012.0,2364,2,66,12571.7
2234.425,769.6,2012.0,2364,0,66,12558.7
2234.545,769.6,2012.0,2364,2,66,12544.9
2234.666,769.6,2012.0,2364,2,66,12531.4
2234.785,769.6,2012.0,2364,2,66,12519.8
2234.905,769.6,2012.0,2364,0,66,12506.4
2235.025,769.6,2012.0,2364,2,66,12493.5
2235.145,769.6,2012.0,2364,2,66,12480.4
2235.265,769.6,2012.0,2364,2,66,12466.4
2235.385,769.6,2012.0,2364,0,66,12454.5
2235.506,769.6,2012.0,2364,2,66,12440.7
2235.626,769.6,2012.0,2364,2,66,12429.4
2235.745,899.1,2012.0,2364,2,66,12415.1
2235.865,899.1,2012.0,2364,0,66,12401.6
2235.985,899.1,2012.0,2364,0,66,12390.3
2236.105,899.1,2012.0,2364,2,66,12376.5
2236.225,899.1,2012.0,2364,2,66,12363.0
2236.345,899.1,2012.0,2364,0,66,12350.6
2236.465,899.1,2012.0,2364,0,66,12336.7
2236.585,899.1,2012.0,2364,2,66,12323.2
2236.706,899.1,2012.0,2364,2,66,12306.4
2236.827,899.1,2012.0,2364,2,66,12292.1
2236.947,899.1,2012.0,2364,0,66,12280.6
2237.067,899.1,2012.0,2364,2,66,12266.9
2237.188,899.1,2012.0,2364,2,66,12253.1
2237.307,899.1,2012.0,2364,2,66,12240.0
2237.428,899.1,2012.0,2364,0,66,12226.0
2237.548,899.1,2012.0,2364,2,66,12214.1
2237.668,899.1,2012.0,2364,2,66,12200.2
2237.789,899.1,2012.0,2364,2,66,12186.0
2237.909,899.1,2012.0,2364,0,66,12173.0
2238.03,899.1,2012.0,2364,2,66,12159.9
2238.15,899.1,2012.0,2364,2,66,12147.4
2238.273,899.1,2012.0,2364,4,66,12133.9
2238.393,899.1,2012.0,2364,1,66,12119.8
2238.513,899.1,2012.0,2364,2,66,12107.7
2238.634,899.1,2012.0,2364,2,66,12093.7
2238.754,899.1,2012.0,2364,2,66,12081.0
2238.873,899.1,2012.0,2364,0,66,12067.2
2238.994,466.7,2012.0,2364,0,67,12054.3
2239.114,466.7,2012.0,2364,37,66,12050.3
2239.232,466.7,2012.0,2364,100,69,12050.3
2239.35,466.7,2012.0,2364,100,69,12050.3
2239.469,466.7,2012.0,2364,100,70,12050.3
2239.588,466.7,2012.0,2364,100,70,11977.7
2239.707,466.7,2012.0,2364,100,73,11977.7
2239.824,466.7,2012.0,2364,100,72,11977.7
2239.942,466.7,2012.0,2364,100,71,11977.7
2240.06,466.7,2012.0,2364,100,68,11977.7
2240.178,466.7,2012.0,2364,100,68,11977.7
2240.295,466.7,2012.0,2364,100,68,11986.4
2240.415,470.2,2012.0,2364,7,67,11972.6
2240.536,498.2,2012.0,2364,2,67,11960.4
2240.656,498.2,2012.0,2364,2,67,11946.6
2240.777,498.2,2012.0,2364,2,67,11936.7
2240.897,498.2,2012.0,2364,1,67,11927.6
2241.018,627.7,2012.0,2364,1,67,11917.8
2241.138,627.7,2012.0,2364,2,67,11910.1
2241.258,627.7,2012.0,2364,2,67,11899.1
2241.378,627.7,2012.0,2364,1,67,11889.7
2241.498,627.7,2012.0,2364,1,67,11880.4
2241.618,627.7,2012.0,2364,2,67,11871.0
2241.738,627.7,2012.0,2364,2,67,11861.5
2241.859,627.7,2012.0,2364,1,67,11851.9
2241.978,627.7,2012.0,2364,1,67,11841.9
2242.099,627.7,2012.0,2364,2,67,11832.4
2242.219,627.7,2012.0,2364,2,67,11823.2
2242.339,627.7,2012.0,2364,2,67,11814.0
2242.459,627.7,2012.0,2364,1,67,11803.9
2242.579,627.7,2012.0,2364,2,67,11794.3
2242.699,627.7,2012.0,2364,2,66,11784.8
2242.819,627.7,2012.0,2364,2,66,11776.0
2242.939,757.2,2012.0,2364,1,67,11766.1
2243.058,757.2,2012.0,2364,2,66,11756.0
2243.179,757.2,2012.0,2364,2,66,11742.7
2243.299,757.2,2012.0,2364,2,66,11731.9
2243.418,757.2,2012.0,2364,1,66,11732.6
2243.537,757.2,2012.0,2364,3,66,11733.5
2243.657,757.2,2012.0,2364,3,67,11727.1
2243.777,886.7,2012.0,2364,3,66,11606.2
2243.902,886.7,2012.0,2364,7,66,11351.2
2244.022,454.3,2012.0,2364,7,68,11351.4
2244.14,454.3,2012.0,2364,82,71,11351.4
2244.258,454.3,2012.0,2364,100,71,11351.4
2244.375,454.3,2012.0,2364,100,71,11351.4
2244.493,454.3,2012.0,2364,100,70,11351.4
2244.611,454.3,2012.0,2364,100,73,11351.4
2244.729,454.3,2012.0,2364,100,72,11351.4
2244.846,454.3,2012.0,2364,100,71,11351.4
2244.964,454.3,2012.0,2364,100,68,11281.3
2245.082,454.3,2012.0,2364,100,69,11281.6
2245.2,615.3,2012.0,2364,100,68,11316.3
2245.318,615.3,2012.0,2364,31,67,11355.7
2245.44,744.8,2012.0,2364,4,67,11392.0
2245.561,744.8,2012.0,2364,6,67,11434.4
2245.685,744.8,2012.0,2364,6,67,11466.7
2245.806,874.3,2012.0,2364,5,67,11493.6
2245.928,874.3,2012.0,2364,4,67,11516.5
2246.048,874.3,2012.0,2364,3,67,11506.5
2246.169,874.3,2012.0,2364,3,67,11498.2
2246.29,874.3,2012.0,2364,2,66,11486.7
2246.41,442.0,2012.0,2364,37,68,11477.6
2246.53,442.0,2012.0,2364,37,70,11474.9
2246.648,442.0,2012.0,2364,100,71,11474.9
2246.765,442.0,2012.0,2364,100,71,11474.9
2246.883,442.0,2012.0,2364,100,71,11474.9
2247.001,442.0,2012.0,2364,100,71,11354.4
2247.14,442.0,2012.0,2364,100,70,11328.7
2247.257,442.0,2012.0,2364,100,71,11328.7
2247.374,442.0,2012.0,2364,100,68,11328.7
2247.492,442.0,2012.0,2364,100,68,11328.7
2247.609,442.0,2012.0,2364,100,70,11354.6
2247.727,603.0,2012.0,2364,23,67,11414.9
2247.846,603.0,2012.0,2364,23,67,11401.2
2247.966,603.0,2012.0,2364,0,67,11389.0
2248.089,603.0,2012.0,2364,4,67,11374.8
2248.211,603.0,2012.0,2364,4,67,11358.9
2248.331,603.0,2012.0,2364,1,67,11349.6
2248.454,603.0,2012.0,2364,1,67,11352.8
2248.574,603.0,2012.0,2364,4,67,11360.2
2248.694,603.0,2012.0,2364,4,67,11366.4
2248.814,732.5,2012.0,2364,2,67,11371.0
2248.933,732.5,2012.0,2364,1,66,11376.0
2249.053,732.5,2012.0,2364,5,67,11380.2
2249.173,862.0,2012.0,2364,5,67,11140.2
2249.295,862.0,2012.0,2364,8,67,10894.4
2249.414,429.6,2012.0,2364,59,68,10895.8
2249.533,429.6,2012.0,2364,59,71,10895.8
2249.65,429.6,2012.0,2364,100,71,10895.8
2249.768,429.6,2012.0,2364,100,71,10895.8
2249.885,429.6,2012.0,2364,100,70,10895.8
2250.003,429.6,2012.0,2364,100,71,10895.8
2250.121,429.6,2012.0,2364,100,72,10895.8
2250.239,429.6,2012.0,2364,100,72,10895.8
2250.356,429.6,2012.0,2364,100,68,10895.8
2250.475,429.6,2012.0,2364,100,68,10895.8
2250.593,461.1,2012.0,2364,77,68,10887.2
2250.716,590.6,2012.0,2364,77,67,10945.5
2250.836,720.1,2012.0,2364,7,67,10995.8
2250.957,720.1,2012.0,2364,7,67,11035.5
2251.079,849.6,2012.0,2364,9,67,11081.0
2251.201,849.6,2012.0,2364,9,67,11124.4
2251.321,417.2,2012.0,2364,22,68,11115.9
2251.442,417.2,2012.0,2364,100,71,11105.7
2251.56,417.2,2012.0,2364,100,70,11105.7
2251.683,417.2,2012.0,2364,100,70,11105.7
2251.8,417.2,2012.0,2364,100,70,11105.7
2251.918,417.2,2012.0,2364,100,72,11105.7
2252.037,417.2,2012.0,2364,100,70,10950.3
2252.154,417.2,2012.0,2364,100,71,10950.3
2252.272,417.2,2012.0,2364,100,69,10950.3
2252.39,417.2,2012.0,2364,100,68,10950.3
2252.507,417.2,2012.0,2364,100,69,10976.3
2252.626,578.3,2012.0,2364,50,67,11051.4
2252.747,707.8,2012.0,2364,9,67,11111.9
2252.871,707.8,2012.0,2364,9,67,11166.0
2252.993,837.3,2012.0,2364,7,67,11190.7
2253.114,837.3,2012.0,2364,6,67,11190.6
2253.234,837.3,2012.0,2364,2,67,11187.8
2253.355,837.3,2012.0,2364,2,67,11184.4
2253.476,837.3,2012.0,2364,2,67,11179.8
2253.596,837.3,2012.0,2364,6,67,11179.0
2253.715,837.3,2012.0,2364,6,67,11170.1
2253.835,837.3,2012.0,2364,1,67,11165.9
2253.956,837.3,2012.0,2364,2,67,11163.0
2254.076,837.3,2012.0,2364,5,67,11161.4
2254.196,542.4,2012.0,2364,5,68,11160.6
2254.318,404.9,2012.0,2364,38,68,11157.0
2254.435,404.9,2012.0,2364,100,71,11157.0
2254.553,404.9,2012.0,2364,100,71,11157.0
2254.672,404.9,2012.0,2364,100,71,11157.0
2254.789,404.9,2012.0,2364,100,70,11087.8
2254.907,404.9,2012.0,2364,100,73,11087.8
2255.026,404.9,2012.0,2364,100,72,11087.8
2255.143,404.9,2012.0,2364,100,72,11087.8
2255.261,404.9,2012.0,2364,100,68,11087.8
2255.378,404.9,2012.0,2364,100,68,11087.8
2255.497,565.9,2012.0,2364,94,68,11154.4
2255.615,565.9,2012.0,2364,11,67,11202.5
2255.734,565.9,2012.0,2364,11,67,11192.1
2255.855,565.9,2012.0,2364,2,67,11179.4
2255.975,565.9,2012.0,2364,2,67,11166.2
2256.095,565.9,2012.0,2364,4,67,11153.7
2256.215,565.9,2012.0,2364,4,67,11140.4
2256.336,565.9,2012.0,2364,1,67,11130.5
2256.456,695.4,2012.0,2364,6,67,10892.7
2256.574,824.9,2012.0,2364,13,67,10764.7
2256.699,374.2,2012.0,2364,13,68,10710.9
2256.817,374.2,2012.0,2364,53,69,10710.9
2256.935,374.2,2012.0,2364,100,71,10710.9
2257.053,374.2,2012.0,2364,100,71,10710.9
2257.172,374.2,2012.0,2364,100,71,10710.9
2257.29,374.2,2012.0,2364,100,70,10710.9
2257.408,374.2,2012.0,2364,100,74,10710.9
2257.526,374.2,2012.0,2364,100,72,10710.9
2257.644,374.2,2012.0,2364,100,70,10710.9
2257.762,374.2,2012.0,2364,100,68,10710.9
2257.88,374.2,2012.0,2364,100,68,10711.0
2258.002,324.4,2012.0,2364,76,68,10692.0
2258.125,247.7,2012.0,2364,20,67,10711.7
2258.244,698.9,2012.0,2364,20,68,10740.1
2258.362,292.8,2012.0,2364,43,68,10740.1
2258.48,292.8,2012.0,2364,100,72,10740.1
2258.602,292.8,2012.0,2364,100,71,10740.1
2258.721,292.8,2012.0,2364,100,72,10740.1
2258.839,306.9,2012.0,2364,100,68,10835.1
2258.957,306.9,2012.0,2364,97,68,10835.1
2259.075,306.9,2012.0,2364,97,73,10835.1
2259.193,306.9,2012.0,2364,100,71,10835.1
2259.322,306.9,2012.0,2364,100,71,10835.1
2259.44,321.0,2012.0,2364,98,68,10886.7
2259.559,321.0,2012.0,2364,98,69,10886.7
2259.676,321.0,2012.0,2364,100,74,10886.7
2259.794,321.0,2012.0,2364,100,71,10886.7
2259.912,321.0,2012.0,2364,100,72,10886.7
2260.029,335.1,2012.0,2364,100,70,10984.2
2260.147,335.1,2012.0,2364,97,69,10984.2
2260.265,335.1,2012.0,2364,100,73,10984.2
2260.383,335.1,2012.0,2364,100,71,10984.2
2260.501,335.1,2012.0,2364,100,71,10984.2
2260.619,366.6,2012.0,2364,80,69,10928.7
2260.738,349.2,2012.0,2364,80,70,10942.4
2260.862,349.2,2012.0,2364,65,71,10942.4
2260.98,349.2,2012.0,2364,100,72,10942.4
2261.098,349.2,2012.0,2364,100,71,10942.4
2261.219,349.2,2012.0,2364,100,72,10942.5
2261.337,510.2,2012.0,2364,76,68,10984.1
2261.455,510.2,2012.0,2364,6,68,11014.0
2261.573,510.2,2012.0,2364,6,67,11027.5
2261.691,769.2,2012.0,2364,9,67,11097.1
2261.81,363.3,2012.0,2364,21,70,11110.0
2261.931,363.3,2012.0,2364,21,70,11110.0
2262.049,363.3,2012.0,2364,100,70,11110.0
2262.166,363.3,2012.0,2364,100,71,11110.0
2262.284,363.3,2012.0,2364,100,71,11110.0
2262.401,524.3,2012.0,2364,100,69,11121.1
2262.519,524.3,2012.0,2364,43,68,11141.8
2262.639,653.8,2012.0,2364,11,68,11170.0
2262.757,783.3,2012.0,2364,11,67,11188.9
2262.875,783.3,2012.0,2364,7,67,11218.0
2262.993,377.4,2012.0,2364,6,70,11235.9
2263.112,377.4,2012.0,2364,92,70,11235.9
2263.23,377.4,2012.0,2364,92,72,11235.9
2263.348,377.4,2012.0,2364,100,71,11235.9
2263.465,377.4,2012.0,2364,100,71,11230.4
2263.584,538.4,2012.0,2364,100,68,11219.6
2263.702,667.9,2012.0,2364,41,68,11250.1
2263.82,797.4,2012.0,2364,16,67,11225.6
2263.939,391.5,2012.0,2364,16,69,11221.6
2264.057,391.5,2012.0,2364,61,73,11221.6
2264.175,391.5,2012.0,2364,100,71,11221.6
2264.292,391.5,2012.0,2364,100,71,11221.6
2264.411,391.5,2012.0,2364,100,71,11224.5
2264.529,552.5,2012.0,2364,77,68,11251.4
2264.648,682.0,2012.0,2364,12,67,11273.1
2264.766,811.5,2012.0,2364,12,67,11252.9
2264.884,405.6,2012.0,2364,10,68,11233.0
2265.003,405.6,2012.0,2364,60,68,11233.0
2265.12,405.6,2012.0,2364,100,73,11233.0
2265.24,405.6,2012.0,2364,100,71,11233.0
2265.358,405.6,2012.0,2364,100,72,11233.0
2265.476,566.6,2012.0,2364,62,68,11215.9
2265.595,696.1,2012.0,2364,62,68,11237.6
2265.714,696.1,2012.0,2364,14,67,11276.9
2265.832,825.6,2012.0,2364,9,67,11282.3
2265.95,419.7,2012.0,2364,9,69,11299.5
2266.067,419.7,2012.0,2364,52,73,11299.5
2266.185,419.7,2012.0,2364,100,71,11299.5
2266.303,419.7,2012.0,2364,100,70,11299.5
2266.421,419.7,2012.0,2364,100,69,11302.4
2266.54,580.7,2012.0,2364,71,68,11319.5
2266.658,710.2,2012.0,2364,14,67,11320.9
2266.776,839.7,2012.0,2364,14,67,11317.6
2266.896,433.8,2012.0,2364,12,68,11314.2
2267.014,433.8,2012.0,2364,61,70,11314.2
2267.145,433.8,2012.0,2364,100,71,11314.2
2267.265,433.8,2012.0,2364,100,71,11314.2
2267.382,433.8,2012.0,2364,100,72,11243.6
2267.501,465.3,2012.0,2364,84,68,11261.3
2267.618,594.8,2012.0,2364,84,67,11293.6
2267.736,724.3,2012.0,2364,12,67,11326.2
2267.855,724.3,2012.0,2364,10,67,11365.5
2267.973,853.8,2012.0,2364,11,67,11401.5
2268.099,447.9,2012.0,2364,11,68,11401.5
2268.217,447.9,2012.0,2364,97,73,11401.5
2268.335,447.9,2012.0,2364,100,71,11401.5
2268.453,447.9,2012.0,2364,100,72,11401.5
2268.571,479.4,2012.0,2364,100,69,11419.6
2268.69,608.9,2012.0,2364,28,67,11444.7
2268.808,738.4,2012.0,2364,11,67,11468.9
2268.928,867.9,2012.0,2364,11,67,11491.6
2269.046,462.0,2012.0,2364,30,67,11491.9
2269.163,462.0,2012.0,2364,100,71,11491.9
2269.288,462.0,2012.0,2364,100,69,11491.9
2269.406,462.0,2012.0,2364,100,70,11491.9
2269.523,462.0,2012.0,2364,100,71,11491.9
2269.641,623.0,2012.0,2364,45,68,11511.5
2269.761,623.0,2012.0,2364,45,67,11535.0
2269.879,752.5,2012.0,2364,12,67,11556.2
2269.996,882.0,2012.0,2364,12,67,11582.7
2270.114,476.1,2012.0,2364,12,68,11585.7
2270.231,476.1,2012.0,2364,74,73,11585.7
2270.352,476.1,2012.0,2364,100,71,11585.7
2270.47,476.1,2012.0,2364,100,70,11585.7
2270.591,476.1,2012.0,2364,100,70,11587.5
2270.709,637.1,2012.0,2364,68,68,11601.7
2270.827,766.6,2012.0,2364,11,67,11614.7
2270.945,896.1,2012.0,2364,11,67,11627.3
2271.063,490.2,2012.0,2364,13,69,11633.6
2271.181,490.2,2012.0,2364,91,71,11633.6
2271.299,490.2,2012.0,2364,91,71,11633.6
2271.417,490.2,2012.0,2364,100,70,11633.6
2271.534,490.2,2012.0,2364,100,71,11634.0
2271.651,780.7,2012.0,2364,39,68,11645.3
2271.769,910.2,2012.0,2364,39,67,11659.3
2271.888,504.3,2012.0,2364,30,68,11665.3
2272.005,504.3,2012.0,2364,100,71,11665.3
2272.142,504.3,2012.0,2364,100,70,11665.3
2272.26,504.3,2012.0,2364,100,70,11665.3
2272.377,504.3,2012.0,2364,100,70,11665.3
2272.495,665.3,2012.0,2364,52,68,11680.6
2272.613,794.8,2012.0,2364,52,67,11699.5
2272.732,924.3,2012.0,2364,16,67,11730.9
2272.854,518.4,2012.0,2364,58,68,11730.9
2272.971,518.4,2012.0,2364,58,71,11730.9
2273.094,518.4,2012.0,2364,100,70,11730.9
2273.212,518.4,2012.0,2364,100,70,11730.9
2273.329,518.4,2012.0,2364,88,70,11741.3
2273.447,679.4,2012.0,2364,88,67,11782.1
2273.566,808.9,2012.0,2364,11,67,11832.4
2273.684,808.9,2012.0,2364,11,67,11847.7
2273.803,532.5,2012.0,2364,11,67,11843.9
2273.921,532.5,2012.0,2364,32,67,11843.9
2274.038,532.5,2012.0,2364,100,72,11843.9
2274.156,532.5,2012.0,2364,100,72,11843.9
2274.274,532.5,2012.0,2364,100,72,11843.9
2274.391,564.0,2012.0,2364,91,68,11808.7
2274.51,823.0,2012.0,2364,12,67,11840.7
2274.628,823.0,2012.0,2364,12,67,11877.2
2274.746,952.5,2012.0,2364,14,67,11913.4
2274.864,546.6,2012.0,2364,44,68,11877.0
2274.983,546.6,2012.0,2364,44,73,11860.9
2275.104,546.6,2012.0,2364,100,71,11860.9
2275.222,546.6,2012.0,2364,100,71,11860.9
2275.341,578.1,2012.0,2364,77,69,11866.6
2275.46,837.1,2012.0,2364,77,67,11881.2
2275.579,966.6,2012.0,2364,15,67,11927.1
2275.701,966.6,2012.0,2364,11,67,11949.1
2275.821,560.7,2012.0,2364,30,69,11941.0
2275.946,560.7,2012.0,2364,30,70,11930.7
2276.065,560.7,2012.0,2364,100,71,11920.8
2276.184,560.7,2012.0,2364,100,71,11910.7
2276.304,560.7,2012.0,2364,100,71,11900.8
2276.423,721.7,2012.0,2364,89,68,11894.8
2276.544,721.7,2012.0,2364,8,67,11885.9
2276.664,851.2,2012.0,2364,8,67,11662.2
2276.782,574.8,2012.0,2364,14,68,11667.5
2276.919,574.8,2012.0,2364,60,70,11667.5
2277.037,574.8,2012.0,2364,100,71,11667.5
2277.156,574.8,2012.0,2364,100,71,11600.8
2277.275,574.8,2012.0,2364,100,71,11591.5
2277.393,735.8,2012.0,2364,82,68,11600.5
2277.518,994.8,2012.0,2364,22,67,11619.4
2277.635,588.9,2012.0,2364,22,68,11623.3
2277.756,588.9,2012.0,2364,80,73,11621.6
2277.874,588.9,2012.0,2364,100,71,11621.6
2277.992,588.9,2012.0,2364,100,70,11621.6
2278.11,588.9,2012.0,2364,100,70,11623.7
2278.228,749.9,2012.0,2364,59,68,11657.1
2278.346,879.4,2012.0,2364,13,67,11678.6
2278.464,1008.9,2012.0,2364,13,68,11691.7
2278.582,603.0,2012.0,2364,44,68,11691.7
2278.7,603.0,2012.0,2364,100,73,11691.7
2278.818,603.0,2012.0,2364,100,71,11691.7
2278.936,603.0,2012.0,2364,100,71,11691.7
2279.054,764.0,2012.0,2364,80,68,11639.6
2279.174,893.5,2012.0,2364,80,67,11606.3
2279.292,1078.8,2012.0,2364,17,67,11454.9
2279.411,617.1,2012.0,2364,49,68,11454.9
2279.529,617.1,2012.0,2364,100,73,11454.9
2279.647,617.1,2012.0,2364,100,71,11454.9
2279.766,617.1,2012.0,2364,100,72,11454.9
2279.884,778.1,2012.0,2364,71,68,11442.0
2280.004,907.6,2012.0,2364,71,67,11421.3
2280.123,631.2,2012.0,2364,19,70,11388.9
2280.24,631.2,2012.0,2364,68,70,11388.9
2280.358,631.2,2012.0,2364,100,71,11388.9
2280.476,631.2,2012.0,2364,100,70,11388.9
2280.596,631.2,2012.0,2364,100,72,11388.9
2280.714,921.7,2012.0,2364,56,68,11402.0
2280.833,1051.2,2012.0,2364,56,67,11414.3
2280.951,645.3,2012.0,2364,17,68,11416.7
2281.069,645.3,2012.0,2364,99,73,11416.7
2281.188,645.3,2012.0,2364,100,71,11416.7
2281.306,645.3,2012.0,2364,100,72,11416.7
2281.423,652.3,2012.0,2364,100,70,11428.7
2281.541,806.3,2012.0,2364,20,68,11453.6
2281.659,935.8,2012.0,2364,20,67,11481.7
2281.777,1065.3,2012.0,2364,13,67,11514.5
2281.895,659.4,2012.0,2364,8,69,11529.0
2282.013,659.4,2012.0,2364,8,68,11529.0
2282.131,659.4,2012.0,2364,100,73,11529.0
2282.252,659.4,2012.0,2364,100,72,11529.0
2282.37,659.4,2012.0,2364,100,71,11529.0
2282.488,820.4,2012.0,2364,100,68,11550.5
2282.608,820.4,2012.0,2364,35,67,11580.3
2282.727,949.9,2012.0,2364,14,67,11609.4
2282.845,1079.4,2012.0,2364,14,67,11611.5
2282.966,623.5,2012.0,2364,8,69,11602.1
2283.084,623.5,2012.0,2364,77,70,11602.1
2283.202,623.5,2012.0,2364,100,71,11602.2
2283.321,623.5,2012.0,2364,100,70,11602.2
2283.439,623.5,2012.0,2364,100,70,11560.2
2283.557,636.6,2012.0,2364,75,68,11625.7
2283.681,636.6,2012.0,2364,75,67,11748.1
2283.806,636.6,2012.0,2364,2,67,11794.5
2283.932,636.6,2012.0,2364,0,67,11841.7
2284.056,636.6,2012.0,2364,2,67,11872.9
2284.185,636.6,2012.0,2364,2,67,11906.8
2284.309,636.6,2012.0,2364,2,67,12017.6
2284.435,636.6,2012.0,2364,0,67,12031.8
2284.56,636.6,2012.0,2364,2,67,12067.2
2284.686,636.6,2012.0,2364,2,67,12084.3
2284.812,636.6,2012.0,2364,2,67,12101.4
2284.938,636.6,2012.0,2364,0,67,12126.0
2285.064,636.6,2012.0,2364,2,67,12115.3
2285.19,636.6,2012.0,2364,2,67,12166.1
2285.316,636.6,2012.0,2364,2,67,12244.6
2285.442,636.6,2012.0,2364,0,67,12264.9
2285.567,636.6,2012.0,2364,2,67,12289.8
2285.692,636.6,2012.0,2364,2,67,12315.8
2285.818,636.6,2012.0,2364,2,67,12332.2
2285.944,636.6,2012.0,2364,0,67,12333.1
2286.084,636.6,2012.0,2364,2,67,12359.8
2286.236,636.6,2012.0,2364,0,66,12385.2
2286.622,636.6,2012.0,2364,2,66,12382.9
2286.916,636.6,2012.0,2364,0,66,12408.7
2287.131,636.6,2012.0,2364,2,66,12429.0
2287.268,636.6,2012.0,2364,2,66,12448.8
2287.423,636.6,2012.0,2364,0,66,12464.8
2287.573,636.6,2012.0,2364,2,66,12465.2
2287.727,636.6,2012.0,2364,2,66,12336.0
2287.864,636.6,2012.0,2364,2,66,12142.1
2287.99,636.6,2012.0,2364,0,66,11926.5
2288.116,636.6,2012.0,2364,2,66,11806.8
2288.26,636.6,2012.0,2364,1,66,11838.0
2288.388,636.6,2012.0,2364,0,66,11897.5
2288.511,636.6,2012.0,2364,0,66,11987.1
2288.639,636.6,2012.0,2364,2,66,12049.6
2288.763,636.6,2012.0,2364,1,66,12080.8
2288.891,636.6,2012.0,2364,0,66,12112.0
2289.016,636.6,2012.0,2364,0,66,12165.9
2289.14,636.6,2012.0,2364,3,66,12263.4
2289.268,636.6,2012.0,2364,1,66,12319.3
2289.394,636.6,2012.0,2364,0,66,12357.1
2289.519,636.6,2012.0,2364,0,66,12388.3
2289.646,636.6,2012.0,2364,3,66,12441.8
2289.77,636.6,2012.0,2364,0,66,12542.3
2289.898,636.6,2012.0,2364,0,66,12603.5
2290.022,636.6,2012.0,2364,0,66,12636.0
2290.149,636.6,2012.0,2364,3,66,12667.3
2290.276,636.6,2012.0,2364,0,66,12649.9
2290.402,636.6,2012.0,2364,0,66,12649.5
2290.54,636.6,2012.0,2364,0,66,12711.8
2290.664,636.6,2012.0,2364,3,66,12743.2
2290.792,636.6,2012.0,2364,0,66,12774.5
2290.919,636.6,2012.0,2364,0,66,12831.5
2291.044,636.6,2012.0,2364,0,66,12832.0
2291.17,636.6,2012.0,2364,3,66,12835.5
2291.298,636.6,2012.0,2364,1,66,13054.2
2291.426,636.6,2012.0,2364,0,66,13091.9
2291.545,636.6,2012.0,2364,3,66,13347.7
2291.683,636.6,2012.0,2364,2,66,13270.5
2292.381,636.6,2012.0,2364,2,66,13066.2
2293.288,636.6,2012.0,2364,2,66,12867.0
2294.238,636.6,2012.0,2364,2,66,12614.1
2295.302,636.6,2012.0,2364,2,66,12539.3
2295.808,636.6,2012.0,2364,2,66,12441.1
2296.212,636.6,2012.0,2364,1,66,12188.9
2296.362,636.6,2012.0,2364,1,66,11325.0
2296.484,636.6,2012.0,2364,4,66,11333.3
2296.605,636.6,2012.0,2364,3,66,11341.1
2296.728,636.6,2012.0,2364,3,66,11347.4
2296.853,636.6,2012.0,2364,0,66,11353.7
2296.978,636.6,2012.0,2364,0,66,11359.9
2297.103,636.6,2012.0,2364,3,66,11367.1
2297.229,636.6,2012.0,2364,3,66,11375.1
2297.351,636.6,2012.0,2364,0,66,11383.8
2297.473,636.6,2012.0,2364,0,66,11391.1
2297.597,636.6,2012.0,2364,3,66,11398.7
2297.722,636.6,2012.0,2364,3,66,11406.6
2297.847,636.6,2012.0,2364,0,66,11416.0
2297.973,636.6,2012.0,2364,0,66,11419.3
2298.099,636.6,2012.0,2364,3,66,11416.6
2298.224,636.6,2012.0,2364,3,66,11414.2
2298.349,636.6,2012.0,2364,0,66,11411.9
2298.471,636.6,2012.0,2364,0,66,11419.8
2298.597,636.6,2012.0,2364,2,66,11425.6
2298.721,636.6,2012.0,2364,2,66,11433.1
2298.846,636.6,2012.0,2364,0,66,11440.6
2298.97,636.6,2012.0,2364,0,66,11447.2
2299.093,636.6,2012.0,2364,5,66,11455.3
2299.216,636.6,2012.0,2364,5,66,11464.9
2299.34,636.6,2012.0,2364,0,66,11474.2
2299.46,636.6,2012.0,2364,0,66,11482.4
2299.584,636.6,2012.0,2364,3,66,11490.0
2299.71,636.6,2012.0,2364,3,66,11498.9
2299.837,636.6,2012.0,2364,0,66,11507.7
2299.964,636.6,2012.0,2364,0,66,11514.8
2300.088,636.6,2012.0,2364,3,66,11521.8
2300.214,636.6,2012.0,2364,3,66,11526.1
2300.341,636.6,2012.0,2364,0,66,11532.4
2300.468,636.6,2012.0,2364,0,66,11540.7
2300.595,636.6,2012.0,2364,3,66,11549.3
2300.72,636.6,2012.0,2364,3,66,11556.8
2300.845,636.6,2012.0,2364,0,66,11563.8
2300.971,636.6,2012.0,2364,0,66,11571.7
2301.099,636.6,2012.0,2364,3,66,11575.7
2301.225,636.6,2012.0,2364,3,66,11584.7
2301.349,636.6,2012.0,2364,0,66,11602.6
2301.475,636.6,2012.0,2364,0,66,11619.7
2301.6,636.6,2012.0,2364,3,66,11633.4
2301.725,636.6,2012.0,2364,3,66,11647.2
2301.848,636.6,2012.0,2364,0,66,11660.3
2301.971,636.6,2012.0,2364,0,66,11676.7
2302.097,636.6,2012.0,2364,3,66,11690.6
2302.219,636.6,2012.0,2364,3,66,11703.6
2302.341,636.6,2012.0,2364,0,65,11717.6
2302.463,636.6,2012.0,2364,0,65,11731.7
2302.587,636.6,2012.0,2364,3,65,11746.0
2302.712,636.6,2012.0,2364,3,65,11762.6
2302.832,636.6,2012.0,2364,0,65,11777.3
2302.953,636.6,2012.0,2364,0,65,11792.3
2303.074,636.6,2012.0,2364,0,65,11807.0
2303.193,636.6,2012.0,2364,3,65,11822.8
2303.312,636.6,2012.0,2364,0,65,11838.1
2303.431,636.6,2012.0,2364,0,65,11852.8
2303.551,636.6,2012.0,2364,0,65,11869.7
2303.672,636.6,2012.0,2364,3,65,11885.3
2303.793,636.6,2012.0,2364,0,65,11903.1
2303.915,636.6,2012.0,2364,0,65,11921.3
2304.036,636.6,2012.0,2364,0,65,11938.9
2304.155,636.6,2012.0,2364,3,65,11956.0
2304.275,636.6,2012.0,2364,0,65,11972.6
2304.394,636.6,2012.0,2364,0,65,11988.2
2304.515,636.6,2012.0,2364,0,65,12006.6
2304.635,636.6,2012.0,2364,3,65,12023.3
2304.756,636.6,2012.0,2364,3,65,12038.1
2304.875,636.6,2012.0,2364,0,65,12055.3
2304.996,636.6,2012.0,2364,0,65,12072.5
2305.117,636.6,2012.0,2364,3,65,12089.1
2305.24,636.6,2012.0,2364,3,65,12110.3
2305.362,636.6,2012.0,2364,0,65,12131.0
2305.484,636.6,2012.0,2364,0,65,12147.2
2305.603,636.6,2012.0,2364,3,65,12162.2
2305.724,636.6,2012.0,2364,3,65,12176.5
2305.846,636.6,2012.0,2364,0,65,12191.8
2305.967,636.6,2012.0,2364,0,65,12209.2
2306.087,636.6,2012.0,2364,0,65,12225.2
2306.211,636.6,2012.0,2364,3,65,12241.3
2306.331,636.6,2012.0,2364,0,65,12257.5
2306.456,636.6,2012.0,2364,0,65,12273.9
2306.574,636.6,2012.0,2364,0,65,12291.8
2306.693,636.6,2012.0,2364,3,65,12311.3
2306.822,636.6,2012.0,2364,0,65,12312.6
2306.945,636.6,2012.0,2364,0,65,12319.7
2307.068,636.6,2012.0,2364,0,65,12325.1
2307.188,636.6,2012.0,2364,3,65,12322.1
2307.309,636.6,2012.0,2364,0,65,12327.0
2307.43,636.6,2012.0,2364,0,65,12340.3
2307.548,636.6,2012.0,2364,0,65,12351.1
2307.672,636.6,2012.0,2364,3,65,12360.3
2307.797,636.6,2012.0,2364,0,65,12369.8
2307.922,636.6,2012.0,2364,0,65,12378.0
2308.044,636.6,2012.0,2364,0,65,12384.3
2308.166,636.6,2012.0,2364,8,65,12391.7
2308.289,636.6,2012.0,2364,1,65,12397.5
2308.413,636.6,2012.0,2364,1,65,12402.9
2308.537,636.6,2012.0,2364,0,65,12409.3
2308.661,636.6,2012.0,2364,5,65,12415.7
2308.785,636.6,2012.0,2364,2,65,12415.5
2308.907,636.6,2012.0,2364,2,65,12416.9
2309.033,636.6,2012.0,2364,2,65,12414.4
2309.159,636.6,2012.0,2364,6,65,12414.1
2309.281,636.6,2012.0,2364,1,65,12429.0
2309.4,636.6,2012.0,2364,1,65,12445.7
2309.52,636.6,2012.0,2364,2,65,12462.9
2309.64,636.6,2012.0,2364,5,65,12478.4
2309.759,636.6,2012.0,2364,5,65,12054.0
2309.877,1107.5,2012.0,2384,5,65,11947.8
2309.995,677.1,2052.0,2404,82,66,11949.9
2310.113,677.1,2052.0,2404,82,69,11949.9
2310.231,677.1,2052.0,2404,100,71,11949.9
2310.349,677.1,2052.0,2404,100,71,11949.9
2310.468,677.1,2052.0,2404,100,71,11949.9
2310.587,677.1,2052.0,2404,100,72,11949.9
2310.705,677.1,2052.0,2404,100,72,11949.9
2310.823,677.1,2052.0,2404,100,69,11949.9
2310.94,677.1,2052.0,2404,100,68,11949.9
2311.058,677.1,2052.0,2404,100,70,11949.9
2311.176,666.6,2052.0,2404,88,70,11951.2
2311.293,666.6,2052.0,2404,100,72,11951.2
2311.411,666.6,2052.0,2404,100,71,11951.2
2311.529,666.6,2052.0,2404,100,70,11951.2
2311.647,666.6,2052.0,2404,100,72,11951.2
2311.765,666.6,2052.0,2404,100,72,11951.2
2311.883,666.6,2052.0,2404,100,73,11951.2
2312.001,666.6,2052.0,2404,100,72,11951.2
2312.12,666.6,2052.0,2404,100,68,11951.2
2312.238,666.6,2052.0,2404,100,68,11951.2
2312.356,957.1,2052.0,2404,93,68,11952.8
2312.476,656.2,2052.0,2404,86,69,11953.2
2312.594,656.2,2052.0,2404,86,73,11953.2
2312.714,656.2,2052.0,2404,100,71,11953.2
2312.832,656.2,2052.0,2404,100,71,11953.2
2312.951,656.2,2052.0,2404,100,73,11953.2
2313.069,656.2,2052.0,2404,100,72,11953.2
2313.186,656.2,2052.0,2404,100,72,11953.2
2313.304,656.2,2052.0,2404,100,69,11953.2
2313.422,656.2,2052.0,2404,100,68,11953.2
2313.54,656.2,2052.0,2404,100,71,11953.2
2313.657,645.8,2052.0,2404,77,71,11967.0
2313.774,645.8,2052.0,2404,77,68,11967.0
2313.892,645.8,2052.0,2404,100,73,11967.0
2314.01,645.8,2052.0,2404,100,71,11967.0
2314.128,645.8,2052.0,2404,100,72,11967.0
2314.246,645.8,2052.0,2404,100,73,11967.0
2314.364,645.8,2052.0,2404,100,73,11967.0
2314.482,645.8,2052.0,2404,100,73,11967.0
2314.6,645.8,2052.0,2404,100,69,11967.0
2314.718,645.8,2052.0,2404,100,68,11967.0
2314.836,806.8,2052.0,2404,94,69,11971.4
2314.955,635.3,2052.0,2404,94,70,11990.1
2315.075,635.3,2052.0,2404,69,71,11990.1
2315.193,635.3,2052.0,2404,100,71,11990.1
2315.311,635.3,2052.0,2404,100,70,11990.1
2315.432,635.3,2052.0,2404,100,71,11990.1
2315.55,635.3,2052.0,2404,100,74,11990.1
2315.669,635.3,2052.0,2404,100,73,11990.1
2315.79,635.3,2052.0,2404,100,73,11990.1
2315.908,635.3,2052.0,2404,100,69,11990.1
2316.026,635.3,2052.0,2404,100,68,11990.1
2316.143,666.9,2052.0,2404,100,69,11987.2
2316.262,624.9,2052.0,2404,86,70,11990.3
2316.379,624.9,2052.0,2404,80,71,11990.3
2316.497,624.9,2052.0,2404,100,71,11990.3
2316.617,624.9,2052.0,2404,100,71,11990.3
2316.735,624.9,2052.0,2404,100,72,11990.3
2316.853,624.9,2052.0,2404,100,72,11990.3
2316.971,624.9,2052.0,2404,100,72,11990.3
2317.089,624.9,2052.0,2404,100,73,11990.3
2317.207,624.9,2052.0,2404,100,69,11990.3
2317.325,624.9,2052.0,2404,100,68,11990.3
2317.444,1044.9,2052.0,2404,100,69,11990.9
2317.563,614.5,2052.0,2404,87,69,11991.0
2317.682,614.5,2052.0,2404,100,74,11991.0
2317.799,614.5,2052.0,2404,100,71,11991.0
2317.918,614.5,2052.0,2404,100,72,11991.0
2318.036,614.5,2052.0,2404,100,73,11991.0
2318.154,614.5,2052.0,2404,100,72,11991.0
2318.272,614.5,2052.0,2404,100,73,11991.0
2318.39,614.5,2052.0,2404,100,70,11991.0
2318.508,614.5,2052.0,2404,100,68,11991.0
2318.626,614.5,2052.0,2404,100,68,11991.0
2318.744,604.1,2052.0,2404,90,69,11992.9
2318.862,604.1,2052.0,2404,88,69,11992.9
2318.988,604.1,2052.0,2404,88,70,11992.9
2319.107,604.1,2052.0,2404,100,72,11992.9
2319.225,604.1,2052.0,2404,100,71,11992.9
2319.343,604.1,2052.0,2404,100,73,11992.9
2319.461,604.1,2052.0,2404,100,72,11992.9
2319.579,604.1,2052.0,2404,100,72,11992.9
2319.697,604.1,2052.0,2404,100,71,11992.9
2319.814,604.1,2052.0,2404,100,69,11992.9
2319.932,604.1,2052.0,2404,100,70,11992.9
2320.05,894.6,2052.0,2404,75,68,12006.3
2320.169,1024.1,2052.0,2404,10,68,12033.2
2320.287,593.6,2052.0,2404,10,70,12065.9
2320.406,593.6,2052.0,2404,75,73,12065.9
2320.524,593.6,2052.0,2404,100,71,12065.9
2320.643,593.6,2052.0,2404,100,71,12065.9
2320.761,593.6,2052.0,2404,100,71,12065.9
2320.879,593.6,2052.0,2404,100,72,12065.9
2321.0,593.6,2052.0,2404,100,72,12065.9
2321.117,593.6,2052.0,2404,100,72,12065.9
2321.238,593.6,2052.0,2404,100,69,12065.9
2321.355,593.6,2052.0,2404,100,69,12065.9
2321.473,593.6,2052.0,2404,100,69,12077.7
2321.592,754.6,2052.0,2404,59,68,12109.3
2321.711,884.1,2052.0,2404,14,68,12134.0
2321.829,1013.6,2052.0,2404,14,67,12162.0
2321.949,583.2,2052.0,2404,11,69,12167.6
2322.067,583.2,2052.0,2404,92,72,12167.6
2322.205,583.2,2052.0,2404,100,70,12167.6
2322.323,583.2,2052.0,2404,100,71,12167.6
2322.444,583.2,2052.0,2404,100,72,12167.6
2322.583,583.2,2052.0,2404,100,70,12167.6
2322.701,583.2,2052.0,2404,100,71,12167.6
2322.819,583.2,2052.0,2404,100,72,12167.6
2322.938,583.2,2052.0,2404,100,69,12167.6
2323.056,583.2,2052.0,2404,100,68,12167.6
2323.175,614.7,2052.0,2404,100,69,12181.4
2323.293,744.2,2052.0,2404,65,68,12214.2
2323.411,873.7,2052.0,2404,12,67,12246.3
2323.529,1003.2,2052.0,2404,13,67,12269.6
2323.647,572.8,2052.0,2404,13,69,12271.9
2323.765,572.8,2052.0,2404,88,73,12271.9
2323.886,572.8,2052.0,2404,100,71,12271.9
2324.004,572.8,2052.0,2404,100,72,12271.9
2324.123,572.8,2052.0,2404,100,72,12271.9
2324.242,572.8,2052.0,2404,100,73,12271.9
2324.36,572.8,2052.0,2404,100,72,12271.9
2324.479,572.8,2052.0,2404,100,70,12271.9
2324.598,572.8,2052.0,2404,100,69,12271.9
2324.717,572.8,2052.0,2404,100,71,12272.3
2324.835,863.3,2052.0,2404,100,68,12288.4
2324.954,562.3,2052.0,2404,28,70,12307.4
2325.072,562.3,2052.0,2404,68,71,12307.4
2325.19,562.3,2052.0,2404,100,72,12307.4
2325.309,562.3,2052.0,2404,100,71,12307.4
2325.427,562.3,2052.0,2404,100,71,12307.4
2325.545,562.3,2052.0,2404,100,73,12307.4
2325.663,562.3,2052.0,2404,100,72,12307.4
2325.782,562.3,2052.0,2404,100,73,12307.4
2325.9,562.3,2052.0,2404,100,70,12307.4
2326.018,562.3,2052.0,2404,100,69,12307.4
2326.136,562.3,2052.0,2404,100,69,12307.4
2326.255,852.8,2052.0,2404,76,68,12313.3
2326.374,551.9,2052.0,2404,60,70,12319.4
2326.492,551.9,2052.0,2404,60,73,12319.4
2326.612,551.9,2052.0,2404,100,71,12319.4
2326.731,551.9,2052.0,2404,100,71,12319.4
2326.849,551.9,2052.0,2404,100,72,12319.4
2326.968,551.9,2052.0,2404,100,72,12319.4
2327.086,551.9,2052.0,2404,100,73,12319.4
2327.204,551.9,2052.0,2404,100,71,12319.4
2327.323,551.9,2052.0,2404,100,69,12319.4
2327.441,551.9,2052.0,2404,100,68,12319.4
2327.559,583.4,2052.0,2404,68,68,12328.2
2327.677,842.4,2052.0,2404,68,68,12339.5
2327.795,971.9,2052.0,2404,16,68,12349.4
2327.913,541.5,2052.0,2404,35,69,12352.0
2328.032,541.5,2052.0,2404,35,71,12352.0
2328.149,541.5,2052.0,2404,100,71,12352.0
2328.267,541.5,2052.0,2404,100,71,12352.0
2328.385,541.5,2052.0,2404,100,71,12352.0
2328.503,541.5,2052.0,2404,100,73,12352.0
2328.621,541.5,2052.0,2404,100,73,12352.0
2328.739,541.5,2052.0,2404,100,73,12352.0
2328.857,541.5,2052.0,2404,100,69,12352.0
2328.975,541.5,2052.0,2404,100,68,12352.0
2329.093,573.0,2052.0,2404,93,69,12361.4
2329.211,702.5,2052.0,2404,14,68,12379.8
2329.33,832.0,2052.0,2404,14,68,12396.3
2329.448,961.5,2052.0,2404,13,67,12415.8
2329.566,531.0,2052.0,2404,60,69,12416.1
2329.684,531.0,2052.0,2404,60,74,12416.1
2329.804,531.0,2052.0,2404,100,71,12416.1
2329.922,531.0,2052.0,2404,100,72,12416.1
2330.039,531.0,2052.0,2404,100,73,12416.1
2330.158,531.0,2052.0,2404,100,73,12416.1
2330.276,531.0,2052.0,2404,100,73,12416.1
2330.394,531.0,2052.0,2404,100,70,12416.1
2330.514,531.0,2052.0,2404,100,69,12416.1
2330.633,531.0,2052.0,2404,100,72,12418.2
2330.751,692.1,2052.0,2404,46,68,12437.7
2330.869,821.6,2052.0,2404,46,68,12457.9
2330.987,951.1,2052.0,2404,13,68,12476.2
2331.105,520.6,2052.0,2404,38,69,12478.2
2331.223,520.6,2052.0,2404,100,72,12478.2
2331.341,520.6,2052.0,2404,100,70,12478.2
2331.459,520.6,2052.0,2404,100,71,12478.2
2331.578,520.6,2052.0,2404,100,71,12478.2
2331.695,520.6,2052.0,2404,100,71,12478.2
2331.814,520.6,2052.0,2404,100,72,12478.2
2331.932,520.6,2052.0,2404,100,72,12478.2
2332.051,520.6,2052.0,2404,100,69,12478.2
2332.172,520.6,2052.0,2404,100,68,12478.2
2332.29,681.6,2052.0,2404,97,68,12494.6
2332.408,811.1,2052.0,2404,14,68,12518.0
2332.527,940.6,2052.0,2404,14,67,12550.1
2332.645,510.2,2052.0,2404,14,70,12568.0
2332.763,510.2,2052.0,2404,76,70,12567.7
2332.901,510.2,2052.0,2404,100,71,12403.7
2333.02,510.2,2052.0,2404,100,70,12395.9
2333.15,510.2,2052.0,2404,100,71,12395.9
2333.268,510.2,2052.0,2404,100,72,12395.9
2333.386,510.2,2052.0,2404,100,72,12395.9
2333.504,510.2,2052.0,2404,100,73,12395.9
2333.622,510.2,2052.0,2404,100,70,12395.9
2333.739,510.2,2052.0,2404,100,68,12395.9
2333.858,510.2,2052.0,2404,100,70,12396.7
2333.996,671.2,2052.0,2404,86,68,12418.9
2334.115,800.7,2052.0,2404,15,67,12445.0
2334.233,993.3,2052.0,2404,20,69,12456.6
2334.352,499.8,2052.0,2404,20,68,12456.6
2334.469,499.8,2052.0,2404,100,73,12456.6
2334.587,499.8,2052.0,2404,100,72,12456.6
2334.705,499.8,2052.0,2404,100,73,12456.6
2334.822,499.8,2052.0,2404,100,73,12456.6
2334.94,499.8,2052.0,2404,100,72,12456.6
2335.076,499.8,2052.0,2404,100,71,12456.6
2335.195,499.8,2052.0,2404,100,69,12456.6
2335.323,499.8,2052.0,2404,100,68,12456.6
2335.44,499.8,2052.0,2404,100,70,12459.1
2335.559,919.8,2052.0,2404,100,68,12479.2
2335.677,489.3,2052.0,2404,39,69,12479.4
2335.795,489.3,2052.0,2404,99,74,12479.4
2335.915,489.3,2052.0,2404,100,71,12479.4
2336.033,489.3,2052.0,2404,100,72,12479.4
2336.151,489.3,2052.0,2404,100,73,12479.4
2336.269,489.3,2052.0,2404,100,72,12479.4
2336.386,489.3,2052.0,2404,100,72,12479.4
2336.504,489.3,2052.0,2404,100,73,12479.4
2336.622,489.3,2052.0,2404,100,69,12479.4
2336.74,489.3,2052.0,2404,100,69,12479.4
2336.857,779.8,2052.0,2404,100,69,12491.5
2336.976,478.9,2052.0,2404,47,70,12493.9
2337.094,478.9,2052.0,2404,100,73,12493.9
2337.212,478.9,2052.0,2404,100,72,12493.9
2337.33,478.9,2052.0,2404,100,72,12493.9
2337.448,478.9,2052.0,2404,100,73,12493.9
2337.566,478.9,2052.0,2404,100,72,12493.9
2337.684,478.9,2052.0,2404,100,73,12493.9
2337.802,478.9,2052.0,2404,100,71,12493.9
2337.92,478.9,2052.0,2404,100,69,12493.9
2338.039,478.9,2052.0,2404,100,70,12493.9
2338.158,639.9,2052.0,2404,85,68,12539.4
2338.276,769.4,2052.0,2404,10,68,12602.5
2338.393,898.9,2052.0,2404,10,68,12634.4
2338.512,468.5,2052.0,2404,12,70,12627.0
2338.63,468.5,2052.0,2404,90,72,12576.2
2338.768,468.5,2052.0,2404,100,70,12452.6
2338.887,468.5,2052.0,2404,100,71,12442.8
2339.007,468.5,2052.0,2404,100,73,12442.8
2339.125,468.5,2052.0,2404,100,72,12442.8
2339.243,468.5,2052.0,2404,100,72,12442.8
2339.361,468.5,2052.0,2404,100,73,12442.8
2339.479,468.5,2052.0,2404,100,69,12442.8
2339.597,468.5,2052.0,2404,100,68,12442.8
2339.715,629.5,2052.0,2404,100,69,12474.5
2339.833,629.5,2052.0,2404,38,68,12550.0
2339.952,759.0,2052.0,2404,8,68,12644.4
2340.07,888.5,2052.0,2404,8,68,12666.6
2340.189,458.0,2052.0,2404,12,69,12382.5
2340.312,458.0,2052.0,2404,77,72,12382.5
2340.45,458.0,2052.0,2404,100,70,12382.5
2340.568,458.0,2052.0,2404,100,71,12382.5
2340.686,458.0,2052.0,2404,100,72,12382.5
2340.804,458.0,2052.0,2404,100,73,12382.5
2340.922,458.0,2052.0,2404,100,72,12382.5
2341.041,458.0,2052.0,2404,100,73,12382.5
2341.159,458.0,2052.0,2404,100,70,12382.5
2341.277,458.0,2052.0,2404,100,69,12382.5
2341.395,458.0,2052.0,2404,100,69,12415.7
2341.513,619.0,2052.0,2404,54,68,12522.2
2341.631,748.5,2052.0,2404,12,68,12622.1
2341.76,878.0,2052.0,2404,12,68,12674.0
2341.879,878.0,2052.0,2404,7,68,12696.4
2341.999,878.0,2052.0,2404,3,67,12702.1
2342.118,447.6,2052.0,2404,42,69,12556.1
2342.236,447.6,2052.0,2404,42,74,12556.1
2342.354,447.6,2052.0,2404,100,71,12556.1
2342.472,447.6,2052.0,2404,100,71,12556.1
2342.593,447.6,2052.0,2404,100,72,12556.1
2342.711,447.6,2052.0,2404,100,72,12556.1
2342.829,447.6,2052.0,2404,100,73,12556.1
2342.947,447.6,2052.0,2404,100,73,12556.1
2343.065,447.6,2052.0,2404,100,69,12517.6
2343.183,447.6,2052.0,2404,100,69,12517.6
2343.301,479.1,2052.0,2404,71,69,12423.1
2343.42,608.6,2052.0,2404,71,68,12263.0
2343.539,738.1,2052.0,2404,7,68,12109.4
2343.661,867.6,2052.0,2404,11,68,12082.1
2343.783,520.3,2052.0,2404,12,67,12014.5
2343.902,437.2,2052.0,2404,12,69,12014.5
2344.02,437.2,2052.0,2404,100,73,12014.5
2344.138,437.2,2052.0,2404,100,71,12014.5
2344.255,437.2,2052.0,2404,100,72,12014.5
2344.373,437.2,2052.0,2404,100,73,11875.7
2344.491,437.2,2052.0,2404,100,74,11875.7
2344.609,437.2,2052.0,2404,100,74,11875.7
2344.728,437.2,2052.0,2404,100,69,11875.7
2344.845,437.2,2052.0,2404,100,69,11874.1
2344.963,437.2,2052.0,2404,86,69,11905.9
2345.082,598.2,2052.0,2404,86,68,11797.8
2345.199,727.7,2052.0,2404,12,68,11798.3
2345.319,727.7,2052.0,2404,6,68,11690.4
2345.438,857.2,2052.0,2404,6,67,11478.6
2345.558,426.7,2052.0,2404,8,69,11476.2
2345.676,426.7,2052.0,2404,86,74,11476.2
2345.795,426.7,2052.0,2404,100,71,11476.2
2345.913,426.7,2052.0,2404,100,71,11476.2
2346.032,426.7,2052.0,2404,100,72,11476.2
2346.15,426.7,2052.0,2404,100,72,11476.2
2346.269,426.7,2052.0,2404,100,72,11476.2
2346.388,426.7,2052.0,2404,100,72,11411.5
2346.505,426.7,2052.0,2404,100,69,11411.5
2346.624,426.7,2052.0,2404,100,70,11411.5
2346.742,587.8,2052.0,2404,100,68,11476.5
2346.86,587.8,2052.0,2404,11,68,11384.1
2346.979,717.3,2052.0,2404,9,68,11246.8
2347.099,846.8,2052.0,2404,9,67,11147.1
2347.218,416.3,2052.0,2404,11,71,11124.1
2347.342,416.3,2052.0,2404,75,71,11123.0
2347.46,416.3,2052.0,2404,100,71,11123.0
2347.578,416.3,2052.0,2404,100,71,11123.0
2347.696,416.3,2052.0,2404,100,71,11123.0
2347.814,416.3,2052.0,2404,100,73,11056.6
2347.933,416.3,2052.0,2404,100,72,11056.6
2348.051,416.3,2052.0,2404,100,73,11056.6
2348.17,416.3,2052.0,2404,100,70,11056.6
2348.288,416.3,2052.0,2404,100,69,11056.6
2348.406,416.3,2052.0,2404,100,69,11089.7
2348.524,577.3,2052.0,2404,47,68,11002.9
2348.648,706.8,2052.0,2404,11,68,10612.9
2348.77,836.3,2052.0,2404,11,67,10288.0
2348.89,536.5,2052.0,2404,9,68,10018.4
2349.024,405.9,2052.0,2404,58,69,10018.4
2349.142,405.9,2052.0,2404,100,73,10018.4
2349.262,405.9,2052.0,2404,100,71,10018.4
2349.38,405.9,2052.0,2404,100,71,10018.4
2349.497,405.9,2052.0,2404,100,72,10018.4
2349.616,405.9,2052.0,2404,100,72,10018.4
2349.734,405.9,2052.0,2404,100,73,10018.4
2349.852,405.9,2052.0,2404,100,71,10018.4
2349.97,405.9,2052.0,2404,100,69,10018.4
2350.115,405.9,2052.0,2404,100,71,9999.2
2350.234,566.9,2052.0,2404,85,68,9901.6
2350.356,696.4,2052.0,2404,8,68,9875.7
2350.475,696.4,2052.0,2404,8,68,9857.7
2350.593,825.9,2052.0,2404,8,67,9689.4
2350.712,377.5,2052.0,2404,9,70,9586.4
2350.83,377.5,2052.0,2404,85,72,9586.4
2350.948,377.5,2052.0,2404,85,70,9586.4
2351.065,377.5,2052.0,2404,100,71,9586.4
2351.183,377.5,2052.0,2404,100,73,9540.6
2351.303,377.5,2052.0,2404,100,73,9446.6
2351.421,377.5,2052.0,2404,100,72,9446.6
2351.539,377.5,2052.0,2404,100,73,9446.6
2351.661,377.5,2052.0,2404,100,70,9446.6
2351.778,377.5,2052.0,2404,100,69,9446.6
2351.896,357.2,2052.0,2404,100,70,9416.3
2352.013,324.5,2052.0,2404,31,68,9376.8
2352.133,360.3,2052.0,2404,31,70,9436.7
2352.25,360.3,2052.0,2404,66,73,9436.7
2352.372,650.8,2052.0,2404,100,70,9436.9
2352.491,368.2,2052.0,2404,99,69,9436.9
2352.609,368.2,2052.0,2404,99,73,9436.9
2352.727,788.2,2052.0,2404,100,69,9503.5
2352.845,376.1,2052.0,2404,84,73,9503.5
2352.962,376.1,2052.0,2404,84,70,9503.5
2353.08,796.1,2052.0,2404,100,69,9601.6
2353.198,384.0,2052.0,2404,95,72,9601.6
2353.327,384.0,2052.0,2404,100,72,9613.8
2353.446,391.9,2052.0,2404,100,70,9657.8
2353.563,391.9,2052.0,2404,88,73,9657.8
2353.68,391.9,2052.0,2404,98,70,9662.1
2353.799,682.4,2052.0,2404,98,68,9714.5
2353.917,399.8,2052.0,2404,36,72,9715.7
2354.035,399.8,2052.0,2404,100,72,9715.7
2354.154,560.8,2052.0,2404,56,69,9754.4
2354.275,407.7,2052.0,2404,56,70,9809.1
2354.392,407.7,2052.0,2404,55,72,9809.1
2354.512,407.7,2052.0,2404,100,71,9809.1
2354.631,568.7,2052.0,2404,100,68,9836.2
2354.75,698.2,2052.0,2404,33,67,9868.2
2354.869,827.7,2052.0,2404,10,67,9910.8
2354.987,415.5,2052.0,2404,10,68,9936.9
2355.104,415.5,2052.0,2404,35,71,9936.9
2355.222,415.5,2052.0,2404,100,72,9940.2
2355.34,576.6,2052.0,2404,33,68,9984.6
2355.458,576.6,2052.0,2404,33,67,10030.0
2355.576,706.1,2052.0,2404,8,67,10073.9
2355.694,835.6,2052.0,2404,12,67,10120.3
2355.813,423.4,2052.0,2404,12,68,10142.1
2355.931,423.4,2052.0,2404,56,70,10142.1
2356.048,423.4,2052.0,2404,100,69,10150.9
2356.167,584.4,2052.0,2404,25,67,10206.8
2356.286,713.9,2052.0,2404,25,67,10245.2
2356.404,713.9,2052.0,2404,8,67,10278.0
2356.522,843.4,2052.0,2404,9,67,10319.2
2356.64,431.3,2052.0,2404,9,68,10328.1
2356.758,431.3,2052.0,2404,71,72,10328.1
2356.878,462.8,2052.0,2404,89,68,10372.8
2356.997,592.3,2052.0,2404,8,67,10433.7
2357.118,592.3,2052.0,2404,8,67,10471.8
2357.24,721.8,2052.0,2404,6,67,10518.1
2357.362,851.3,2052.0,2404,5,67,10564.4
2357.485,851.3,2052.0,2404,5,67,10603.2
2357.608,439.2,2052.0,2404,7,68,10624.6
2357.728,439.2,2052.0,2404,68,73,10615.1
2357.849,439.2,2052.0,2404,83,69,10617.9
2357.97,600.2,2052.0,2404,83,67,10659.7
2358.093,729.7,2052.0,2404,7,67,10696.4
2358.214,729.7,2052.0,2404,8,67,10734.0
2358.335,859.2,2052.0,2404,8,67,10781.4
2358.458,859.2,2052.0,2404,5,67,10828.5
2358.58,447.1,2052.0,2404,14,68,10833.6
2358.7,447.1,2052.0,2404,100,72,10824.3
2358.82,454.1,2052.0,2404,100,68,10836.2
2358.94,608.1,2052.0,2404,45,67,10865.2
2359.061,737.6,2052.0,2404,9,67,10894.7
2359.183,737.6,2052.0,2404,7,67,10929.7
2359.305,867.1,2052.0,2404,7,67,10969.5
2359.425,455.0,2052.0,2404,6,69,10984.0
2359.544,455.0,2052.0,2404,71,72,10974.2
2359.668,455.0,2052.0,2404,71,70,10976.5
2359.786,616.0,2052.0,2404,84,68,10996.8
2359.906,745.5,2052.0,2404,8,67,11017.8
2360.027,745.5,2052.0,2404,9,67,11037.8
2360.148,875.0,2052.0,2404,9,67,11067.7
2360.269,462.9,2052.0,2404,9,68,11074.1
2360.387,462.9,2052.0,2404,92,73,11074.1
2360.504,469.9,2052.0,2404,92,68,11082.4
2360.622,623.9,2052.0,2404,60,67,11108.1
2360.743,753.4,2052.0,2404,8,67,11142.9
2360.863,753.4,2052.0,2404,7,67,11164.8
2360.985,882.9,2052.0,2404,7,67,11201.8
2361.105,470.8,2052.0,2404,8,68,11209.6
2361.225,470.8,2052.0,2404,88,73,11200.0
2361.346,470.8,2052.0,2404,88,68,11210.1
2361.467,631.8,2052.0,2404,64,67,11242.4
2361.588,761.3,2052.0,2404,9,67,11278.1
2361.709,761.3,2052.0,2404,8,67,11313.2
2361.831,890.8,2052.0,2404,8,67,11353.9
2361.952,478.7,2052.0,2404,7,68,11373.4
2362.072,478.7,2052.0,2404,70,71,11363.7
2362.194,478.7,2052.0,2404,83,70,11365.3
2362.319,639.7,2052.0,2404,83,67,11403.4
2362.441,769.2,2052.0,2404,7,67,11444.5
2362.562,769.2,2052.0,2404,9,67,11481.2
2362.684,898.7,2052.0,2404,9,67,11523.0
2362.805,486.6,2052.0,2404,9,68,11539.2
2362.924,486.6,2052.0,2404,58,72,11529.7
2363.044,486.6,2052.0,2404,94,69,11527.6
2363.165,647.6,2052.0,2404,94,67,11573.0
2363.287,647.6,2052.0,2404,6,67,11619.9
2363.408,777.1,2052.0,2404,5,66,11666.4
2363.53,777.1,2052.0,2404,7,66,11717.3
2363.652,906.6,2052.0,2404,7,66,11762.0
2363.774,906.6,2052.0,2404,7,66,11813.8
2363.897,494.5,2052.0,2404,37,68,11820.7
2364.015,494.5,2052.0,2404,37,72,11820.7
2364.132,494.5,2052.0,2404,100,68,11839.9
2364.253,655.5,2052.0,2404,24,67,11888.2
2364.375,655.5,2052.0,2404,5,67,11927.8
2364.494,785.0,2052.0,2404,5,67,11972.7
2364.617,785.0,2052.0,2404,6,67,12023.5
2364.738,914.5,2052.0,2404,6,66,12068.4
2364.862,914.5,2052.0,2404,5,66,12117.0
2364.985,502.4,2052.0,2404,5,67,12123.5
2365.103,502.4,2052.0,2404,83,73,12123.5
2365.221,505.9,2052.0,2404,69,68,12145.3
2365.342,663.4,2052.0,2404,69,67,12190.1
2365.463,792.9,2052.0,2404,6,67,12227.2
2365.584,792.9,2052.0,2404,7,67,12269.2
2365.706,922.4,2052.0,2404,7,67,12317.7
2365.826,922.4,2052.0,2404,7,67,12349.3
2365.946,510.3,2052.0,2404,39,71,12339.7
2366.065,510.3,2052.0,2404,100,71,12331.8
2366.184,671.3,2052.0,2404,100,67,12365.7
2366.307,671.3,2052.0,2404,20,67,12406.9
2366.427,800.8,2052.0,2404,6,66,12448.4
2366.546,800.8,2052.0,2404,7,66,12486.6
2366.668,930.3,2052.0,2404,7,66,12532.7
2366.789,930.3,2052.0,2404,6,66,12575.5
2366.911,518.2,2052.0,2404,46,70,12571.1
2367.03,518.2,2052.0,2404,46,71,12564.5
2367.148,525.2,2052.0,2404,100,67,12592.1
2367.269,679.2,2052.0,2404,15,67,12637.1
2367.391,808.7,2052.0,2404,6,66,12676.3
2367.51,808.7,2052.0,2404,6,66,12715.9
2367.632,938.2,2052.0,2404,9,66,12760.5
2367.754,938.2,2052.0,2404,7,66,12791.8
2367.874,526.1,2052.0,2404,7,69,12784.4
2367.993,526.1,2052.0,2404,71,71,12776.0
2368.111,557.6,2052.0,2404,84,68,12793.2
2368.232,687.1,2052.0,2404,5,67,12791.8
2368.352,687.1,2052.0,2404,5,67,12777.3
2368.471,687.1,2052.0,2404,0,67,12769.4
2368.59,687.1,2052.0,2404,4,66,12754.5
2368.711,687.1,2052.0,2404,4,66,12745.4
2368.831,687.1,2052.0,2404,1,66,12734.6
2368.951,687.1,2052.0,2404,1,66,12728.3
2369.069,687.1,2052.0,2404,4,66,12714.6
2369.189,687.1,2052.0,2404,4,66,12700.9
2369.308,687.1,2052.0,2404,1,66,12690.7
2369.428,687.1,2052.0,2404,1,66,12676.7
2369.548,687.1,2052.0,2404,1,66,12662.7
2369.668,687.1,2052.0,2404,4,66,12649.9
2369.788,687.1,2052.0,2404,0,66,12635.3
2369.908,687.1,2052.0,2404,1,66,12625.9
2370.029,687.1,2052.0,2404,1,66,12611.9
2370.148,816.6,2052.0,2404,4,66,12600.8
2370.268,816.6,2052.0,2404,1,66,12586.8
2370.388,816.6,2052.0,2404,0,66,12572.5
2370.507,816.6,2052.0,2404,0,66,12562.9
2370.628,816.6,2052.0,2404,4,66,12549.1
2370.748,816.6,2052.0,2404,0,66,12537.0
2370.868,816.6,2052.0,2404,0,66,12523.6
2370.988,816.6,2052.0,2404,0,66,12509.2
2371.108,816.6,2052.0,2404,3,65,12496.9
2371.23,816.6,2052.0,2404,1,66,12483.0
2371.35,816.6,2052.0,2404,1,65,12472.8
2371.469,816.6,2052.0,2404,1,65,12458.3
2371.589,816.6,2052.0,2404,4,65,12444.4
2371.709,816.6,2052.0,2404,4,65,12432.4
2371.829,816.6,2052.0,2404,1,65,12417.5
2371.949,816.6,2052.0,2404,0,65,12404.2
2372.069,816.6,2052.0,2404,4,65,12389.5
2372.189,946.1,2052.0,2404,4,65,12404.4
2372.309,946.1,2052.0,2404,4,65,12427.3
2372.429,534.0,2052.0,2404,40,66,12422.8
2372.55,534.0,2052.0,2404,40,69,12416.8
2372.667,534.0,2052.0,2404,100,67,12426.0
2372.787,695.0,2052.0,2404,40,66,12445.4
2372.905,695.0,2052.0,2404,4,66,12448.5
2373.025,695.0,2052.0,2404,4,66,12448.9
2373.145,824.5,2052.0,2404,5,66,12462.5
2373.263,824.5,2052.0,2404,4,66,12467.0
2373.383,824.5,2052.0,2404,4,66,12471.8
2373.503,954.0,2052.0,2404,3,66,12486.6
2373.624,954.0,2052.0,2404,6,66,12482.8
2373.744,954.0,2052.0,2404,1,66,12480.8
2373.865,954.0,2052.0,2404,1,66,12471.4
2373.985,541.9,2052.0,2404,2,66,12463.2
2374.105,541.9,2052.0,2404,87,71,12453.6
2374.226,541.9,2052.0,2404,87,68,12456.8
2374.348,702.9,2052.0,2404,69,67,12486.7
2374.473,832.4,2052.0,2404,12,66,12524.8
2374.595,961.9,2052.0,2404,14,66,12557.0
2374.714,549.8,2052.0,2404,14,71,12547.2
2374.834,549.8,2052.0,2404,88,71,12537.9
2374.954,710.8,2052.0,2404,64,67,12567.0
2375.075,840.3,2052.0,2404,13,66,12578.1
2375.283,969.8,2052.0,2404,4,66,12544.8
2375.411,969.8,2052.0,2404,4,66,12528.4
2375.531,969.8,2052.0,2404,4,66,12549.3
2375.652,557.6,2052.0,2404,29,69,12545.9
2375.772,557.6,2052.0,2404,100,71,12536.2
2375.892,589.2,2052.0,2404,100,67,12561.0
2376.013,718.7,2052.0,2404,28,66,12596.5
2376.162,848.2,2052.0,2404,2,66,12582.5
2376.477,848.2,2052.0,2404,5,65,12564.8
2376.786,977.7,2052.0,2404,1,65,12512.2
2377.173,565.5,2052.0,2404,77,69,12504.8
2377.418,565.5,2052.0,2404,81,67,12484.5
2377.663,726.6,2052.0,2404,1,66,12449.2
2378.008,726.6,2052.0,2404,5,66,12415.4
2378.232,856.1,2052.0,2404,5,66,12262.5
2378.354,985.6,2052.0,2404,6,66,12187.1
2378.474,985.6,2052.0,2404,7,66,11820.5
2378.612,523.4,2052.0,2404,73,72,11740.9
2378.732,523.4,2052.0,2404,73,71,11750.4
2378.85,530.3,2052.0,2404,80,67,11880.7
2378.975,530.3,2052.0,2404,0,66,11945.8
2379.102,530.3,2052.0,2404,3,66,11995.5
2379.228,530.3,2052.0,2404,3,66,12047.6
2379.352,530.3,2052.0,2404,0,66,12144.8
2379.478,530.3,2052.0,2404,0,66,12212.0
2379.604,530.3,2052.0,2404,4,66,12158.8
2379.729,530.3,2052.0,2404,4,66,12209.2
2379.853,530.3,2052.0,2404,0,66,12292.1
2379.979,530.3,2052.0,2404,0,66,12226.9
2380.105,530.3,2052.0,2404,3,66,12270.3
2380.233,530.3,2052.0,2404,3,66,12378.1
2380.359,530.3,2052.0,2404,0,66,12444.1
2380.484,530.3,2052.0,2404,0,66,12497.0
2380.608,530.3,2052.0,2404,3,66,12497.9
2380.734,530.3,2052.0,2404,3,66,12340.8
2380.858,530.3,2052.0,2404,0,66,12404.1
2380.983,530.3,2052.0,2404,0,66,12457.5
2381.108,530.3,2052.0,2404,3,66,12506.4
2381.232,530.3,2052.0,2404,3,66,12579.9
2381.358,530.3,2052.0,2404,0,66,12645.9
2381.483,530.3,2052.0,2404,0,66,12697.0
2381.611,530.3,2052.0,2404,3,66,12672.2
2381.739,530.3,2052.0,2404,3,66,12531.7
2381.866,530.3,2052.0,2404,0,66,12562.2
2381.993,530.3,2052.0,2404,0,66,12624.3
2382.117,530.3,2052.0,2404,3,66,12683.2
2382.241,530.3,2052.0,2404,3,66,12775.4
2382.366,530.3,2052.0,2404,0,66,12835.8
2382.492,530.3,2052.0,2404,0,66,12853.4
2382.623,530.3,2052.0,2404,3,66,12972.8
2382.749,530.3,2052.0,2404,3,66,12997.8
2382.875,530.3,2052.0,2404,0,66,13029.3
2383.001,530.3,2052.0,2404,0,66,13067.7
2383.128,530.3,2052.0,2404,3,66,13080.4
2383.256,530.3,2052.0,2404,3,66,13129.8
2383.381,530.3,2052.0,2404,0,66,13152.0
2383.509,530.3,2052.0,2404,0,66,13176.2
2383.635,530.3,2052.0,2404,3,66,13445.3
2383.822,530.3,2052.0,2404,3,66,13402.6
2384.384,530.3,2052.0,2404,2,66,13277.5
2385.278,530.3,2052.0,2404,2,66,13129.4
2386.023,530.3,2052.0,2404,2,66,12947.0
2387.018,530.3,2052.0,2404,0,66,12806.7
2387.723,530.3,2052.0,2404,0,66,12780.2
2388.026,530.3,2052.0,2404,2,66,12541.7
2388.187,530.3,2052.0,2404,5,66,12185.4
2388.312,530.3,2052.0,2404,2,66,12194.4
2388.436,530.3,2052.0,2404,2,66,12204.1
2388.558,530.3,2052.0,2404,2,67,12214.1
2388.681,530.3,2052.0,2404,4,66,12226.4
2388.805,530.3,2052.0,2404,1,66,12238.3
2388.927,530.3,2052.0,2404,1,66,12248.6
2389.051,530.3,2052.0,2404,1,66,12266.1
2389.172,530.3,2052.0,2404,5,66,12286.1
2389.293,530.3,2052.0,2404,1,66,12304.4
2389.412,530.3,2052.0,2404,1,66,12322.8
2389.532,530.3,2052.0,2404,1,66,12342.2
2389.654,530.3,2052.0,2404,4,66,12361.0
2389.774,530.3,2052.0,2404,4,66,12380.6
2389.892,530.3,2052.0,2404,1,66,12400.7
2390.011,530.3,2052.0,2404,1,66,12421.4
2390.13,530.3,2052.0,2404,4,66,12437.1
2390.261,530.3,2052.0,2404,4,66,11901.4
2390.384,530.3,2052.0,2404,1,66,11922.2
2390.507,530.3,2052.0,2404,2,66,11939.0
2390.628,530.3,2052.0,2404,2,67,11957.9
2390.747,530.3,2052.0,2404,3,66,11978.2
2390.867,530.3,2052.0,2404,2,66,11998.1
2390.99,530.3,2052.0,2404,2,66,12018.9
2391.109,530.3,2052.0,2404,2,66,12039.2
2391.229,530.3,2052.0,2404,4,66,12058.8
2391.349,530.3,2052.0,2404,1,66,12077.9
2391.471,530.3,2052.0,2404,2,66,12097.7
2391.592,530.3,2052.0,2404,2,66,12115.7
2391.713,530.3,2052.0,2404,3,66,12134.2
2391.835,530.3,2052.0,2404,2,66,12152.1
2391.956,530.3,2052.0,2404,2,66,12171.1
2392.079,530.3,2052.0,2404,2,66,12188.6
2392.203,530.3,2052.0,2404,3,66,12206.9
2392.327,530.3,2052.0,2404,1,66,12223.1
2392.448,530.3,2052.0,2404,1,66,12242.1
2392.571,530.3,2052.0,2404,3,66,12260.1
2392.692,530.3,2052.0,2404,2,66,12279.4
2392.816,530.3,2052.0,2404,1,66,12297.6
2392.938,530.3,2052.0,2404,1,66,12314.8
2393.058,530.3,2052.0,2404,2,66,12333.3
2393.183,530.3,2052.0,2404,3,66,12350.3
2393.303,530.3,2052.0,2404,1,66,12370.5
2393.427,530.3,2052.0,2404,1,66,12390.8
2393.549,530.3,2052.0,2404,3,66,12410.8
2393.673,530.3,2052.0,2404,2,66,12428.2
2393.794,530.3,2052.0,2404,2,66,12445.2
2393.914,530.3,2052.0,2404,1,66,12461.7
2394.036,530.3,2052.0,2404,2,66,12480.6
2394.156,530.3,2052.0,2404,3,66,12497.8
2394.276,530.3,2052.0,2404,3,66,12516.3
2394.396,530.3,2052.0,2404,1,66,12534.7
2394.518,530.3,2052.0,2404,2,66,12553.7
2394.639,530.3,2052.0,2404,2,66,12573.4
2394.76,530.3,2052.0,2404,3,66,12591.9
2394.881,530.3,2052.0,2404,1,66,12610.2
2395.002,530.3,2052.0,2404,2,66,12629.0
2395.126,530.3,2052.0,2404,2,66,12646.6
2395.248,530.3,2052.0,2404,3,66,12664.7
2395.369,530.3,2052.0,2404,1,66,12683.6
2395.488,530.3,2052.0,2404,3,66,12703.1
2395.612,530.3,2052.0,2404,3,66,12721.9
2395.733,530.3,2052.0,2404,2,66,12739.4
2395.853,530.3,2052.0,2404,1,66,12758.3
2395.974,530.3,2052.0,2404,1,66,12775.5
2396.096,530.3,2052.0,2404,2,66,12793.7
2396.219,530.3,2052.0,2404,3,66,12813.4
2396.339,530.3,2052.0,2404,1,66,12814.5
2396.465,530.3,2052.0,2404,1,66,12814.5
2396.593,530.3,2052.0,2404,3,66,12663.3
2396.719,1561.0,2052.0,2404,10,67,12520.9
2396.839,561.8,2052.0,2404,91,71,12520.9
2396.956,561.8,2052.0,2404,91,70,12520.9
2397.075,561.8,2052.0,2404,100,71,12520.9
2397.193,561.8,2052.0,2404,100,68,12520.9
2397.31,722.8,2052.0,2404,100,68,12521.2
2397.428,554.8,2052.0,2404,84,68,12521.4
2397.546,554.8,2052.0,2404,97,70,12521.4
2397.664,554.8,2052.0,2404,100,69,12521.4
2397.781,554.8,2052.0,2404,100,70,12521.4
2397.899,554.8,2052.0,2404,100,68,12521.4
2398.017,845.3,2052.0,2404,90,67,12521.6
2398.136,547.9,2052.0,2404,90,70,12521.7
2398.27,547.9,2052.0,2404,95,69,12521.7
2398.389,547.9,2052.0,2404,100,70,12521.7
2398.507,547.9,2052.0,2404,100,70,12521.7
2398.624,547.9,2052.0,2404,100,68,12521.7
2398.742,540.9,2052.0,2404,93,68,12523.9
2398.859,540.9,2052.0,2404,91,71,12523.9
2398.978,540.9,2052.0,2404,91,69,12523.9
2399.097,540.9,2052.0,2404,100,70,12523.9
2399.215,540.9,2052.0,2404,100,69,12523.9
2399.333,540.9,2052.0,2404,94,69,12524.7
2399.451,701.9,2052.0,2404,94,67,12547.9
2399.57,533.9,2052.0,2404,29,68,12548.7
2399.688,533.9,2052.0,2404,100,73,12548.7
2399.806,533.9,2052.0,2404,100,71,12548.7
2399.923,533.9,2052.0,2404,100,71,12548.7
2400.042,533.9,2052.0,2404,100,68,12548.7
2400.16,824.4,2052.0,2404,100,67,12557.9
2400.28,526.9,2052.0,2404,68,68,12570.4
2400.398,526.9,2052.0,2404,63,73,12570.4
2400.53,526.9,2052.0,2404,100,70,12570.4
2400.647,526.9,2052.0,2404,100,70,12570.4
2400.765,526.9,2052.0,2404,100,68,12570.7
2400.896,687.9,2052.0,2404,100,68,12578.7
2401.014,946.9,2052.0,2404,35,67,12605.0
2401.144,520.0,2052.0,2404,35,71,12605.0
2401.267,520.0,2052.0,2404,100,71,12605.0
2401.386,520.0,2052.0,2404,100,70,12605.0
2401.504,520.0,2052.0,2404,100,68,12605.0
2401.626,520.0,2052.0,2404,100,67,12605.0
2401.744,810.5,2052.0,2404,89,67,12613.9
2401.863,513.0,2052.0,2404,54,68,12618.0
2401.981,513.0,2052.0,2404,54,70,12618.0
2402.099,513.0,2052.0,2404,100,70,12618.0
2402.218,513.0,2052.0,2404,100,70,12618.0
2402.336,513.0,2052.0,2404,100,69,12618.0
2402.454,674.0,2052.0,2404,100,68,12621.6
2402.573,803.5,2052.0,2404,46,67,12646.4
2402.691,933.0,2052.0,2404,13,67,12672.6
2402.809,506.0,2052.0,2404,13,71,12673.3
2402.927,506.0,2052.0,2404,93,71,12673.3
2403.046,506.0,2052.0,2404,100,71,12673.3
2403.164,506.0,2052.0,2404,100,69,12673.3
2403.282,506.0,2052.0,2404,100,69,12678.0
2403.401,667.0,2052.0,2404,52,67,12695.3
2403.519,926.0,2052.0,2404,19,67,12710.8
2403.638,499.1,2052.0,2404,19,68,12717.9
2403.756,499.1,2052.0,2404,70,72,12717.9
2403.874,499.1,2052.0,2404,100,72,12717.9
2403.992,499.1,2052.0,2404,100,72,12717.9
2404.11,499.1,2052.0,2404,100,68,12717.9
2404.23,660.1,2052.0,2404,78,68,12735.4
2404.349,789.6,2052.0,2404,78,67,12756.6
2404.467,919.1,2052.0,2404,14,67,12771.3
2404.586,492.1,2052.0,2404,41,70,12771.7
2404.705,492.1,2052.0,2404,100,71,12771.7
2404.823,492.1,2052.0,2404,100,71,12771.7
2404.941,492.1,2052.0,2404,100,70,12771.7
2405.059,492.1,2052.0,2404,100,69,12772.8
2405.177,782.6,2052.0,2404,100,67,12784.7
2405.296,485.1,2052.0,2404,30,69,12796.3
2405.413,485.1,2052.0,2404,69,72,12796.3
2405.532,485.1,2052.0,2404,100,71,12796.3
2405.65,485.1,2052.0,2404,100,72,12796.3
2405.768,485.1,2052.0,2404,100,69,12796.3
2405.886,646.1,2052.0,2404,78,68,12799.4
2406.005,478.1,2052.0,2404,78,69,12805.1
2406.123,478.1,2052.0,2404,47,72,12805.1
2406.241,478.1,2052.0,2404,100,70,12805.1
2406.358,478.1,2052.0,2404,100,70,12805.1
2406.479,478.1,2052.0,2404,100,68,12805.1
2406.597,478.1,2052.0,2404,100,68,12808.4
2406.715,639.1,2052.0,2404,27,67,12821.3
2406.834,768.6,2052.0,2404,27,67,12830.6
2406.952,471.2,2052.0,2404,16,68,12837.4
2407.071,471.2,2052.0,2404,78,72,12837.4
2407.19,471.2,2052.0,2404,78,71,12837.4
2407.308,471.2,2052.0,2404,100,72,12837.4
2407.425,471.2,2052.0,2404,100,69,12837.4
2407.543,502.7,2052.0,2404,71,68,12848.1
2407.661,632.2,2052.0,2404,71,67,12864.9
2407.78,761.7,2052.0,2404,12,67,12885.8
2407.897,891.2,2052.0,2404,10,67,12858.0
2408.016,464.2,2052.0,2404,10,68,12766.1
2408.134,464.2,2052.0,2404,64,72,12766.1
2408.252,464.2,2052.0,2404,100,72,12766.1
2408.37,464.2,2052.0,2404,100,71,12766.1
2408.492,464.2,2052.0,2404,100,69,12766.1
2408.61,625.2,2052.0,2404,76,67,12786.8
2408.728,754.7,2052.0,2404,12,67,12809.8
2408.847,884.2,2052.0,2404,12,67,12828.2
2408.965,457.2,2052.0,2404,13,68,12838.2
2409.083,457.2,2052.0,2404,72,71,12838.2
2409.201,457.2,2052.0,2404,72,71,12838.2
2409.324,457.2,2052.0,2404,100,72,12838.2
2409.442,457.2,2052.0,2404,100,69,12838.2
2409.56,488.7,2052.0,2404,73,68,12852.9
2409.678,618.2,2052.0,2404,73,67,12874.7
2409.796,747.7,2052.0,2404,13,67,12903.4
2409.914,877.2,2052.0,2404,9,66,12929.1
2410.036,450.2,2052.0,2404,9,67,12933.2
2410.154,450.2,2052.0,2404,64,71,12933.2
2410.272,450.2,2052.0,2404,100,72,12933.2
2410.39,450.2,2052.0,2404,100,71,12933.2
2410.509,450.2,2052.0,2404,100,68,12933.2
2410.626,611.3,2052.0,2404,96,67,12953.4
2410.747,740.8,2052.0,2404,16,67,12993.1
2410.865,443.3,2052.0,2404,16,68,13003.0
2410.984,443.3,2052.0,2404,41,72,12991.6
2411.102,443.3,2052.0,2404,100,71,12610.3
2411.221,443.3,2052.0,2404,100,70,12610.3
2411.339,443.3,2052.0,2404,100,69,12610.3
2411.457,474.8,2052.0,2404,100,68,12635.4
2411.576,733.8,2052.0,2404,28,67,12710.6
2411.694,863.3,2052.0,2404,28,67,12788.1
2411.812,492.4,2052.0,2404,12,67,12856.0
2411.958,436.3,2052.0,2404,57,71,12856.0
2412.081,436.3,2052.0,2404,100,71,12856.0
2412.199,436.3,2052.0,2404,100,72,12856.0
2412.318,436.3,2052.0,2404,100,69,12856.0
2412.437,436.3,2052.0,2404,100,69,12877.3
2412.556,597.3,2052.0,2404,31,67,12942.1
2412.675,856.3,2052.0,2404,31,67,13025.6
2412.795,429.3,2052.0,2404,13,68,13100.4
2412.936,429.3,2052.0,2404,70,71,13092.0
2413.055,429.3,2052.0,2404,100,71,13081.2
2413.177,429.3,2052.0,2404,100,72,13071.0
2413.297,429.3,2052.0,2404,100,69,13060.6
2413.415,436.3,2052.0,2404,86,68,13087.8
2413.535,590.3,2052.0,2404,86,67,13163.8
2413.657,719.8,2052.0,2404,12,67,13250.6
2413.777,849.3,2052.0,2404,9,67,13297.6
2413.991,849.3,2052.0,2404,3,67,13252.4
2414.389,422.4,2052.0,2404,60,71,13238.1
2414.582,422.4,2052.0,2404,100,69,13229.8
2414.704,422.4,2052.0,2404,100,70,13210.3
2414.826,422.4,2052.0,2404,100,68,13198.8
2414.947,422.4,2052.0,2404,100,69,13191.5
2415.067,583.4,2052.0,2404,29,67,13181.6
2415.347,583.4,2052.0,2404,5,67,13140.5
2415.743,712.9,2052.0,2404,2,67,13099.9
2416.109,712.9,2052.0,2404,2,66,13062.3
2416.458,842.4,2052.0,2404,4,66,13000.9
2416.844,842.4,2052.0,2404,5,67,12972.1
2417.205,415.4,2052.0,2404,80,69,12963.2
2417.379,415.4,2052.0,2404,80,69,12952.9
2417.5,415.4,2052.0,2404,100,70,12943.1
2417.62,415.4,2052.0,2404,100,68,12933.1
2417.739,415.4,2052.0,2404,87,68,12933.8
2417.865,446.9,2052.0,2404,87,67,12930.5
2417.995,446.9,2052.0,2404,4,67,12914.6
2418.119,576.4,2052.0,2404,4,67,12899.5
2418.24,576.4,2052.0,2404,3,67,12889.3
2418.363,576.4,2052.0,2404,3,67,12874.7
2418.484,576.4,2052.0,2404,1,67,12860.7
2418.603,576.4,2052.0,2404,5,67,12843.5
2418.723,576.4,2052.0,2404,5,67,12829.9
2418.844,576.4,2052.0,2404,2,67,12812.2
2418.964,576.4,2052.0,2404,2,67,12798.0
2419.084,576.4,2052.0,2404,5,67,12795.6
2419.204,576.4,2052.0,2404,5,67,12792.7
2419.324,705.9,2052.0,2404,3,67,12793.6
2419.444,705.9,2052.0,2404,4,67,12792.5
2419.567,705.9,2052.0,2404,7,67,12777.4
2419.815,705.9,2052.0,2404,5,67,12730.0
2420.237,835.4,2052.0,2404,1,66,12685.3
2420.61,835.4,2052.0,2404,2,66,12632.6
2421.015,835.4,2052.0,2404,36,68,12607.3
2421.275,408.4,2052.0,2404,100,69,12596.8
2421.398,408.4,2052.0,2404,100,70,12586.7
2421.517,408.4,2052.0,2404,100,70,12576.8
2421.636,408.4,2052.0,2404,100,69,12566.4
2421.756,569.4,2052.0,2404,38,67,12569.9
2421.977,698.9,2052.0,2404,9,67,12495.0
2422.119,828.4,2052.0,2404,9,67,12061.1
2422.244,828.4,2052.0,2404,9,67,12100.2
2422.362,401.4,2052.0,2404,8,69,12114.9
2422.487,401.4,2052.0,2404,85,73,12114.9
2422.605,401.4,2052.0,2404,100,72,12114.9
2422.723,401.4,2052.0,2404,100,72,12114.9
2422.841,401.4,2052.0,2404,100,69,12114.9
2422.959,562.4,2052.0,2404,63,68,12192.6
2423.078,562.4,2052.0,2404,63,67,12171.5
2423.197,691.9,2052.0,2404,11,67,12154.5
2423.317,821.4,2052.0,2404,6,67,12139.5
2423.434,821.4,2052.0,2404,7,67,12177.3
2423.552,394.5,2052.0,2404,7,70,12147.8
2423.685,394.5,2052.0,2404,87,72,12147.8
2423.803,394.5,2052.0,2404,100,72,12147.8
2423.922,394.5,2052.0,2404,100,70,12147.8
2424.04,394.5,2052.0,2404,100,69,12132.4
2424.16,555.5,2052.0,2404,60,67,12217.2
2424.28,685.0,2052.0,2404,9,67,12318.9
2424.399,814.5,2052.0,2404,9,67,12348.2
2424.52,814.5,2052.0,2404,8,67,12403.7
2424.642,387.5,2052.0,2404,58,72,12386.1
2424.764,387.5,2052.0,2404,100,71,12371.0
2424.887,387.5,2052.0,2404,100,71,12361.5
2425.008,387.5,2052.0,2404,100,69,12350.6
2425.129,419.0,2052.0,2404,84,68,12381.0
2425.25,548.5,2052.0,2404,84,67,12438.6
2425.373,678.0,2052.0,2404,3,67,12441.1
2425.662,678.0,2052.0,2404,5,67,12377.1
2425.786,807.5,2052.0,2404,5,67,12069.9
2425.905,807.5,2052.0,2404,5,67,12022.7
2426.023,380.5,2052.0,2404,11,68,12026.5
2426.141,380.5,2052.0,2404,100,73,12026.5
2426.259,380.5,2052.0,2404,100,71,12026.5
2426.377,380.5,2052.0,2404,100,71,12026.5
2426.496,380.5,2052.0,2404,100,69,11914.8
2426.615,541.5,2052.0,2404,44,68,11981.2
2426.732,541.5,2052.0,2404,44,67,12036.0
2426.852,541.5,2052.0,2404,5,67,12026.8
2426.972,541.5,2052.0,2404,1,67,12014.6
2427.093,541.5,2052.0,2404,1,67,12006.5
2427.215,671.0,2052.0,2404,4,67,12017.8
2427.335,671.0,2052.0,2404,3,67,12024.9
2427.455,671.0,2052.0,2404,3,66,12037.2
2427.576,800.5,2052.0,2404,3,67,12036.7
2427.696,800.5,2052.0,2404,5,66,12038.2
2427.816,800.5,2052.0,2404,1,66,12033.9
2427.936,800.5,2052.0,2404,1,66,12029.4
2428.057,800.5,2052.0,2404,1,66,12025.5
2428.178,800.5,2052.0,2404,6,66,12033.0
2428.298,798.7,2052.0,2404,2,67,12030.9
2428.418,352.5,2052.0,2404,2,72,12020.8
2428.539,352.5,2052.0,2404,99,71,12011.5
2428.659,352.5,2052.0,2404,100,71,12002.1
2428.778,352.5,2052.0,2404,100,69,11992.6
2428.899,341.7,2052.0,2404,100,68,11943.8
2429.022,247.3,2052.0,2404,42,67,11948.2
2429.143,273.7,2052.0,2404,49,68,11944.9
2429.262,274.6,2052.0,2404,49,69,11942.3
2429.381,275.6,2052.0,2404,92,68,11963.5
2429.5,695.6,2052.0,2404,75,68,11958.4
2429.62,567.0,2052.0,2404,71,68,11959.7
2429.74,438.4,2052.0,2404,71,69,11954.7
2429.861,278.3,2052.0,2404,68,70,11950.9
2429.981,279.3,2052.0,2404,82,70,11959.2
2430.102,280.2,2052.0,2404,82,69,11994.5
2430.223,700.2,2052.0,2404,76,68,12033.5
2430.342,571.6,2052.0,2404,65,68,12030.6
2430.462,282.0,2052.0,2404,60,70,12032.2
2430.582,572.5,2052.0,2404,60,67,12067.2
2430.701,702.0,2052.0,2404,16,67,12086.8
2430.821,282.9,2052.0,2404,32,70,12087.4
2430.94,443.9,2052.0,2404,32,67,12108.0
2431.06,573.4,2052.0,2404,25,67,12130.5
2431.179,702.9,2052.0,2404,13,67,12152.7
2431.299,290.9,2052.0,2404,43,69,12155.7
2431.419,444.9,2052.0,2404,43,67,12170.9
2431.538,703.9,2052.0,2404,12,67,12180.0
2431.658,284.8,2052.0,2404,44,70,12181.4
2431.778,445.8,2052.0,2404,44,67,12192.3
2431.897,575.3,2052.0,2404,15,67,12202.8
2432.016,285.7,2052.0,2404,12,67,12208.9
2432.135,446.7,2052.0,2404,45,67,12210.8
2432.254,576.2,2052.0,2404,45,67,12213.5
2432.374,286.6,2052.0,2404,15,67,12214.0
2432.493,577.1,2052.0,2404,49,67,12209.2
2432.613,287.5,2052.0,2404,49,70,12206.6
2432.734,578.1,2052.0,2404,55,67,12213.5
2432.854,288.5,2052.0,2404,20,69,12224.3
2432.972,449.5,2052.0,2404,43,67,11951.4
2433.092,449.5,2052.0,2404,43,67,11696.9
2433.21,579.0,2052.0,2404,9,67,11719.9
2433.328,708.5,2052.0,2404,6,66,11712.6
2433.446,708.5,2052.0,2404,6,66,11733.9
2433.565,289.4,2052.0,2404,11,68,11755.9
2433.683,450.4,2052.0,2404,40,67,11775.0
2433.802,579.9,2052.0,2404,7,66,11797.6
2433.924,579.9,2052.0,2404,7,66,11823.0
2434.045,709.4,2052.0,2404,8,66,11846.3
2434.163,709.4,2052.0,2404,8,66,11875.9
2434.281,321.8,2052.0,2404,8,67,11901.7
2434.399,451.3,2052.0,2404,40,66,11890.1
2434.517,580.8,2052.0,2404,9,66,11895.0
2434.636,580.8,2052.0,2404,8,66,11911.0
2434.754,710.3,2052.0,2404,8,66,11938.9
2434.872,291.2,2052.0,2404,7,69,11945.4
2434.99,452.2,2052.0,2404,42,67,11955.0
2435.108,581.7,2052.0,2404,42,66,11986.6
2435.227,711.2,2052.0,2404,12,66,12024.9
2435.347,711.2,2052.0,2404,6,66,12038.6
2435.473,292.2,2052.0,2404,41,69,12048.9
2435.593,323.7,2052.0,2404,41,66,12002.3
2435.719,453.2,2052.0,2404,6,66,12006.3
2435.837,582.7,2052.0,2404,10,66,12026.7
2435.955,293.1,2052.0,2404,10,68,12034.4
2436.073,454.1,2052.0,2404,44,67,12029.8
2436.192,454.1,2052.0,2404,13,66,12061.6
2436.312,583.6,2052.0,2404,7,66,12056.2
2436.43,713.1,2052.0,2404,7,67,12068.8
2436.548,455.0,2052.0,2404,40,67,12084.9
2436.667,584.5,2052.0,2404,17,66,12111.4
2436.784,714.0,2052.0,2404,17,66,12120.8
2436.902,294.9,2052.0,2404,14,69,12115.2
2437.02,585.4,2052.0,2404,47,66,12140.3
2437.138,714.9,2052.0,2404,47,66,12158.8
2437.258,295.8,2052.0,2404,16,69,12162.0
2437.376,586.4,2052.0,2404,43,66,12151.6
2437.495,296.8,2052.0,2404,21,66,12154.9
2437.613,457.8,2052.0,2404,21,67,12163.2
2437.731,297.7,2052.0,2404,54,68,12170.0
2437.851,588.2,2052.0,2404,51,67,12196.7
2437.969,717.7,2052.0,2404,51,66,12226.6
2438.09,717.7,2052.0,2404,14,66,12247.1
2438.208,248.5,2052.0,2404,29,67,12296.5
2438.334,248.5,2052.0,2404,13,66,12400.9
2438.46,248.5,2052.0,2404,13,66,12436.3
2438.588,248.5,2052.0,2404,2,66,12446.0
2438.715,248.5,2052.0,2404,2,66,12211.9
2438.841,248.5,2052.0,2404,0,66,12116.1
2438.968,248.5,2052.0,2404,0,66,12232.9
2439.094,248.5,2052.0,2404,2,66,12342.8
2439.218,248.5,2052.0,2404,2,66,12449.2
2439.343,248.5,2052.0,2404,0,66,12554.6
2439.468,248.5,2052.0,2404,0,66,12660.2
2439.594,248.5,2052.0,2404,2,66,12763.8
2439.72,248.5,2052.0,2404,2,66,12622.8
2439.847,248.5,2052.0,2404,0,66,12690.8
2439.971,248.5,2052.0,2404,0,66,12723.7
2440.096,248.5,2052.0,2404,2,66,12757.3
2440.221,248.5,2052.0,2404,2,66,12830.5
2440.345,248.5,2052.0,2404,0,66,12866.7
2440.471,248.5,2052.0,2404,2,66,12908.0
2440.612,248.5,2052.0,2404,2,66,12998.7
2440.749,248.5,2052.0,2404,2,66,12982.9
2440.87,248.5,2052.0,2404,0,66,12932.0
2440.988,248.5,2052.0,2404,2,66,12895.4
2441.106,433.4,2052.0,2404,2,66,12978.3
2441.224,562.9,2052.0,2404,12,66,13022.3
2441.342,562.9,2052.0,2404,6,66,13049.5
2441.46,692.4,2052.0,2404,6,66,13078.8
2441.578,273.8,2052.0,2404,8,66,13102.2
2441.695,434.8,2052.0,2404,45,67,13122.0
2441.814,564.3,2052.0,2404,45,66,13152.0
2441.932,274.7,2052.0,2404,14,66,13131.3
2442.05,435.7,2052.0,2404,52,67,13134.1
2442.169,435.7,2052.0,2404,11,66,13201.8
2442.287,694.7,2052.0,2404,11,65,13186.3
2442.407,694.7,2052.0,2404,11,65,13240.7
2442.525,282.6,2052.0,2404,47,66,13269.9
2442.643,436.6,2052.0,2404,47,66,13309.7
2442.761,566.1,2052.0,2404,10,66,13339.7
2442.879,695.6,2052.0,2404,11,66,13395.2
2443.0,280.0,2052.0,2404,44,67,13416.8
2443.121,437.6,2052.0,2404,44,66,13449.6
2443.24,567.1,2052.0,2404,9,66,13489.2
2443.359,696.6,2052.0,2404,8,66,13521.6
2443.479,277.5,2052.0,2404,8,67,13541.8
2443.598,438.5,2052.0,2404,35,66,13542.2
2443.717,568.0,2052.0,2404,25,66,13595.9
2443.842,697.5,2052.0,2404,6,66,13614.5
2444.109,697.5,2052.0,2404,40,67,13620.1
2444.357,568.9,2052.0,2404,12,66,13621.7
2444.558,698.4,2052.0,2404,43,67,13615.7
2444.806,440.3,2052.0,2404,8,66,13610.1
2445.087,569.8,2052.0,2404,3,66,13566.0
2445.452,699.3,2052.0,2404,5,66,13528.8
2445.793,280.2,2052.0,2404,41,66,13502.4
2446.064,700.2,2052.0,2404,11,66,13475.9
2446.352,571.7,2052.0,2404,48,67,13468.3
2446.476,282.1,2052.0,2404,48,69,13462.7
2446.611,443.1,2052.0,2404,9,66,13429.2
2446.955,572.6,2052.0,2404,5,66,13395.8
2447.268,702.1,2052.0,2404,34,67,13374.8
2447.524,444.0,2052.0,2404,3,66,13345.4
2447.801,573.5,2052.0,2404,2,66,13311.9
2448.135,573.5,2052.0,2404,1,66,13277.8
2448.466,703.0,2052.0,2404,7,66,13246.7
2448.776,444.9,2052.0,2404,22,66,13228.6
2448.999,444.9,2052.0,2404,4,66,13198.8
2449.301,703.9,2052.0,2404,10,66,13175.2
2449.562,288.3,2052.0,2404,35,67,13163.4
2449.714,445.8,2052.0,2404,10,66,13150.2
2449.881,445.8,2052.0,2404,3,66,13138.1
2450.012,575.3,2052.0,2404,6,66,13127.4
2450.146,575.3,2052.0,2404,6,66,13116.9
2450.275,704.8,2052.0,2404,5,66,13108.2
2450.436,704.8,2052.0,2404,7,66,13095.7
2450.569,285.8,2052.0,2404,14,69,13087.2
2450.698,446.8,2052.0,2404,32,66,13072.7
2450.906,705.8,2052.0,2404,9,66,13060.0
2451.081,286.7,2052.0,2404,38,66,13028.9
2451.322,706.7,2052.0,2404,19,66,13017.2
2451.486,448.6,2052.0,2404,19,67,13008.1
2451.628,578.1,2052.0,2404,12,66,12994.8
2451.814,707.6,2052.0,2404,12,66,12978.2
2451.938,707.6,2052.0,2404,2,66,12963.0
2452.059,707.6,2052.0,2404,4,66,12950.3
2452.18,288.5,2052.0,2404,4,69,12937.1
2452.3,288.5,2052.0,2404,39,66,12921.0
2452.421,320.0,2052.0,2404,0,66,12916.5
2452.541,449.5,2052.0,2404,5,66,12907.6
2452.661,449.5,2052.0,2404,5,66,12912.1
2452.781,579.0,2052.0,2404,7,66,12902.3
2452.904,579.0,2052.0,2404,3,66,12891.5
2453.024,579.0,2052.0,2404,3,66,12876.9
2453.144,579.0,2052.0,2404,3,66,12875.3
2453.265,289.4,2052.0,2404,9,68,12877.0
2453.39,321.0,2052.0,2404,40,66,12860.0
2453.611,450.5,2052.0,2404,4,66,12813.8
2453.872,580.0,2052.0,2404,9,66,12802.2
2454.102,709.5,2052.0,2404,43,67,12780.6
2454.388,580.9,2052.0,2404,17,66,12768.6
2454.623,710.4,2052.0,2404,6,66,12735.0
2454.889,452.3,2052.0,2404,40,68,12557.2
2455.008,711.3,2052.0,2404,40,66,12531.8
2455.129,453.2,2052.0,2404,38,67,12486.5
2455.248,712.2,2052.0,2404,38,66,12494.3
2455.367,454.1,2052.0,2404,51,68,12496.6
2455.487,583.6,2052.0,2404,51,66,12537.8
2455.605,713.1,2052.0,2404,11,66,12567.0
2455.725,325.6,2052.0,2404,48,68,12567.5
2455.845,584.6,2052.0,2404,48,66,12584.2
2455.964,714.1,2052.0,2404,14,66,12599.0
2456.084,456.0,2052.0,2404,49,67,12602.1
2456.203,715.0,2052.0,2404,22,66,12615.1
2456.323,456.9,2052.0,2404,22,67,12610.8
2456.442,296.8,2052.0,2404,57,68,12615.4
2456.562,587.3,2052.0,2404,51,67,12614.9
2456.682,297.7,2052.0,2404,51,69,12614.6
2456.802,588.3,2052.0,2404,58,67,12631.2
2456.921,717.8,2052.0,2404,15,66,12650.5
2457.04,248.6,2052.0,2404,40,67,12696.4
2457.172,248.6,2052.0,2404,0,66,12711.1
2457.518,248.6,2052.0,2404,2,66,12680.3
2457.808,248.6,2052.0,2404,2,66,12531.7
2457.934,248.6,2052.0,2404,0,66,12602.0
2458.059,248.6,2052.0,2404,2,66,12651.8
2458.186,248.6,2052.0,2404,2,66,12701.5
2458.313,248.6,2052.0,2404,1,66,12799.7
2458.439,248.6,2052.0,2404,0,66,12883.8
2458.566,248.6,2052.0,2404,3,66,12959.5
2458.693,248.6,2052.0,2404,3,66,13042.7
2458.82,248.6,2052.0,2404,1,66,13118.3
2458.954,248.6,2052.0,2404,2,66,13133.7
2459.286,248.6,2052.0,2404,0,66,13133.8
2459.634,248.6,2052.0,2404,0,66,13132.6
2460.013,248.6,2052.0,2404,1,66,13138.4
2460.374,248.6,2052.0,2404,3,66,13141.2
2460.724,248.6,2052.0,2404,0,66,13056.7
2461.073,248.6,2052.0,2404,3,66,13113.3
2461.204,248.6,2052.0,2404,3,66,13129.3
2461.337,248.6,2052.0,2404,0,66,12995.3
2461.467,248.6,2052.0,2404,0,66,12774.6
2461.598,248.6,2052.0,2404,2,66,12556.4
2461.726,248.6,2052.0,2404,1,66,12585.5
2461.849,248.6,2052.0,2404,1,66,12613.3
2461.969,248.6,2052.0,2404,0,66,12641.6
2462.089,248.6,2052.0,2404,3,66,12671.8
2462.208,248.6,2052.0,2404,3,66,12701.1
2462.327,248.6,2052.0,2404,0,66,12732.1
2462.446,248.6,2052.0,2404,0,66,12762.1
2462.564,248.6,2052.0,2404,0,66,12792.1
2462.683,247.3,2052.0,2404,3,66,12763.7
2462.801,433.5,2052.0,2404,2,66,12847.3
2462.919,433.5,2052.0,2404,8,66,12932.6
2463.037,563.0,2052.0,2404,8,66,12797.7
2463.157,692.5,2052.0,2404,11,66,12843.9
2463.278,692.5,2052.0,2404,6,66,12888.2
2463.399,305.4,2052.0,2404,6,68,12897.7
2463.518,564.4,2052.0,2404,43,66,12925.4
2463.638,564.4,2052.0,2404,15,66,12936.9
2463.758,693.9,2052.0,2404,4,66,12972.8
2463.877,693.9,2052.0,2404,4,66,12988.6
2463.996,693.9,2052.0,2404,4,66,12983.4
2464.116,306.3,2052.0,2404,42,67,12994.4
2464.234,435.8,2052.0,2404,42,66,12997.6
2464.353,435.8,2052.0,2404,5,66,12990.3
2464.472,435.8,2052.0,2404,3,66,12983.3
2464.592,435.8,2052.0,2404,4,66,12973.3
2464.711,565.3,2052.0,2404,4,66,12966.7
2464.832,565.3,2052.0,2404,1,66,12960.6
2464.951,694.8,2052.0,2404,6,66,12958.8
2465.07,694.8,2052.0,2404,6,66,12957.8
2465.19,275.7,2052.0,2404,9,68,12942.0
2465.309,436.7,2052.0,2404,40,66,12960.9
2465.427,566.2,2052.0,2404,10,66,12980.0
2465.545,695.7,2052.0,2404,10,66,13000.9
2465.663,276.7,2052.0,2404,14,69,13011.0
2465.781,437.7,2052.0,2404,44,66,12846.7
2465.9,437.7,2052.0,2404,44,66,12873.9
2466.018,567.2,2052.0,2404,6,66,12904.8
2466.138,696.7,2052.0,2404,10,66,12926.9
2466.257,277.6,2052.0,2404,26,66,12939.2
2466.375,438.6,2052.0,2404,26,66,12939.8
2466.494,697.6,2052.0,2404,33,66,12986.6
2466.613,278.5,2052.0,2404,26,68,12999.3
2466.731,569.0,2052.0,2404,26,66,13009.1
2466.85,698.5,2052.0,2404,39,66,13019.9
2466.968,279.4,2052.0,2404,32,69,13021.2
2467.088,569.9,2052.0,2404,32,66,13056.7
2467.207,699.4,2052.0,2404,31,66,13089.6
2467.326,280.3,2052.0,2404,14,69,13093.5
2467.446,700.3,2052.0,2404,53,66,13101.9
2467.565,312.8,2052.0,2404,53,69,13100.9
2467.684,701.3,2052.0,2404,57,66,13105.8
2467.803,443.2,2052.0,2404,55,67,13109.8
2467.922,572.7,2052.0,2404,55,66,13138.0
2468.04,702.2,2052.0,2404,11,66,13148.0
2468.162,283.1,2052.0,2404,24,69,13147.0
2468.281,444.1,2052.0,2404,36,66,13166.4
2468.406,573.6,2052.0,2404,6,66,13145.1
2468.701,703.1,2052.0,2404,3,66,13113.4
2469.019,284.0,2052.0,2404,44,66,13091.1
2469.283,445.0,2052.0,2404,1,66,13059.1
2469.599,574.5,2052.0,2404,11,66,13035.2
2469.861,284.9,2052.0,2404,43,66,13014.6
2470.116,446.0,2052.0,2404,8,66,12979.5
2470.373,575.5,2052.0,2404,7,66,12964.4
2470.617,705.0,2052.0,2404,10,66,12940.3
2470.883,317.4,2052.0,2404,2,67,12929.8
2471.044,576.4,2052.0,2404,12,66,12911.6
2471.267,705.9,2052.0,2404,11,66,12897.2
2471.46,447.8,2052.0,2404,46,67,12888.3
2471.594,287.7,2052.0,2404,40,69,12881.0
2471.762,578.2,2052.0,2404,29,66,12861.3
2472.001,288.6,2052.0,2404,45,66,12838.5
2472.264,449.6,2052.0,2404,1,66,12772.2
2472.651,579.1,2052.0,2404,4,66,12763.8
2472.899,708.6,2052.0,2404,8,66,12752.3
2473.116,289.6,2052.0,2404,44,67,12723.1
2473.261,450.6,2052.0,2404,44,66,12644.2
2473.38,580.1,2052.0,2404,10,66,12629.4
2473.499,709.6,2052.0,2404,9,66,12619.3
2473.618,290.5,2052.0,2404,46,68,12370.1
2473.743,451.5,2052.0,2404,46,66,12408.8
2473.861,581.0,2052.0,2404,9,66,12441.7
2473.979,710.5,2052.0,2404,7,66,12476.7
2474.097,710.5,2052.0,2404,7,66,12510.2
2474.215,291.4,2052.0,2404,10,68,12518.7
2474.335,581.9,2052.0,2404,48,66,12532.2
2474.454,292.3,2052.0,2404,31,67,12545.9
2474.573,453.3,2052.0,2404,31,67,12557.6
2474.692,712.3,2052.0,2404,40,66,12555.8
2474.811,454.3,2052.0,2404,53,67,12564.1
2474.93,583.8,2052.0,2404,53,66,12608.9
2475.05,713.3,2052.0,2404,9,66,12625.8
2475.17,455.2,2052.0,2404,52,67,12632.6
2475.29,584.7,2052.0,2404,16,66,12648.4
2475.41,295.1,2052.0,2404,16,69,12653.8
2475.53,585.6,2052.0,2404,53,66,12669.6
2475.65,296.0,2052.0,2404,42,69,12668.9
2475.77,716.0,2052.0,2404,42,66,12675.6
2475.89,457.9,2052.0,2404,46,67,12673.0
2476.01,297.9,2052.0,2404,55,68,12671.9
2476.13,588.4,2052.0,2404,56,67,12691.2
2476.251,717.9,2052.0,2404,9,66,12697.6
2476.449,248.7,2052.0,2404,39,66,12698.3
2476.683,248.7,2052.0,2404,3,66,12686.8
2476.905,248.7,2052.0,2404,0,66,12683.3
2477.174,248.7,2052.0,2404,0,66,12675.3
2477.45,248.7,2052.0,2404,0,66,12622.4
2477.596,248.7,2052.0,2404,3,66,12680.3
2477.779,248.7,2052.0,2404,0,66,12733.3
2477.922,248.7,2052.0,2404,0,66,12793.4
2478.062,248.7,2052.0,2404,0,66,12618.9
2478.191,248.7,2052.0,2404,3,66,12481.6
2478.326,248.7,2052.0,2404,0,66,12525.9
2478.45,248.7,2052.0,2404,0,66,12561.3
2478.577,248.7,2052.0,2404,1,66,12637.3
2478.702,248.7,2052.0,2404,2,66,12676.4
2478.827,248.7,2052.0,2404,0,66,12751.3
2478.952,248.7,2052.0,2404,0,66,12787.6
2479.076,248.7,2052.0,2404,2,66,12827.2
2479.203,248.7,2052.0,2404,2,66,12919.7
2479.329,248.7,2052.0,2404,0,65,13026.9
2479.453,248.7,2052.0,2404,0,65,13123.3
2479.58,248.7,2052.0,2404,2,65,13002.2
2479.716,248.7,2052.0,2404,2,65,13122.4
2479.855,248.7,2052.0,2404,0,65,13202.2
2479.974,248.7,2052.0,2404,1,65,13271.4
2480.094,248.7,2052.0,2404,1,65,13344.1
2480.214,433.6,2052.0,2404,2,65,13249.1
2480.332,563.1,2052.0,2404,16,65,13294.9
2480.45,692.6,2052.0,2404,16,65,13323.8
2480.569,274.0,2052.0,2404,9,66,13337.6
2480.686,435.0,2052.0,2404,55,66,13356.3
2480.805,564.5,2052.0,2404,12,65,13383.7
2480.923,694.0,2052.0,2404,12,65,13413.4
2481.041,694.0,2052.0,2404,7,65,13440.9
2481.159,281.9,2052.0,2404,48,66,13455.5
2481.28,435.9,2052.0,2404,48,66,13438.1
2481.398,565.4,2052.0,2404,8,66,13467.8
2481.516,694.9,2052.0,2404,9,66,13500.2
2481.635,275.8,2052.0,2404,9,69,13511.7
2481.753,436.9,2052.0,2404,46,66,13544.2
2481.872,566.4,2052.0,2404,10,66,13570.7
2481.991,695.9,2052.0,2404,12,66,13600.6
2482.11,276.8,2052.0,2404,12,69,13604.8
2482.229,437.8,2052.0,2404,46,66,13624.1
2482.347,567.3,2052.0,2404,7,66,13656.4
2482.466,567.3,2052.0,2404,8,66,13680.2
2482.599,696.8,2052.0,2404,6,66,13661.5
2482.885,277.7,2052.0,2404,2,69,13645.6
2483.022,438.7,2052.0,2404,44,66,13623.5
2483.219,568.2,2052.0,2404,2,66,13605.2
2483.502,697.7,2052.0,2404,2,66,13565.1
2483.861,278.6,2052.0,2404,22,66,13539.1
2484.117,569.1,2052.0,2404,14,66,13518.3
2484.352,698.6,2052.0,2404,7,69,13497.2
2484.596,440.5,2052.0,2404,16,66,13465.0
2484.905,570.0,2052.0,2404,3,66,13395.0
2485.286,699.5,2052.0,2404,3,66,13374.6
2485.635,280.5,2052.0,2404,46,67,13358.6
2485.831,700.5,2052.0,2404,19,69,13333.1
2486.104,571.9,2052.0,2404,21,66,13319.1
2486.293,282.3,2052.0,2404,21,68,13308.8
2486.44,443.3,2052.0,2404,9,66,13278.1
2486.746,572.8,2052.0,2404,3,66,13245.6
2487.058,702.3,2052.0,2404,44,67,13224.9
2487.304,444.2,2052.0,2404,5,66,13199.8
2487.55,573.7,2052.0,2404,3,66,13169.7
2487.852,573.7,2052.0,2404,3,66,13125.9
2488.162,703.2,2052.0,2404,2,66,13080.8
2488.47,284.1,2052.0,2404,44,67,13065.8
2488.65,445.1,2052.0,2404,8,66,13036.5
2488.951,704.1,2052.0,2404,12,66,13013.2
2489.206,285.1,2052.0,2404,20,67,12996.0
2489.392,446.1,2052.0,2404,29,66,12975.7
2489.626,575.6,2052.0,2404,8,66,12949.2
2489.898,705.1,2052.0,2404,43,68,12926.2
2490.155,447.0,2052.0,2404,8,66,12905.2
2490.389,706.0,2052.0,2404,9,66,12890.8
2490.567,286.9,2052.0,2404,18,70,12882.4
2490.7,706.9,2052.0,2404,47,67,12874.9
2490.838,287.8,2052.0,2404,49,70,12867.5
2490.97,578.3,2052.0,2404,13,66,12839.1
2491.196,288.7,2052.0,2404,27,67,12808.2
2491.461,449.8,2052.0,2404,8,67,12803.0
2491.651,579.3,2052.0,2404,8,66,12454.7
2491.769,708.8,2052.0,2404,10,66,12454.5
2491.888,289.7,2052.0,2404,22,69,12396.5
2492.005,450.7,2052.0,2404,22,67,12424.1
2492.124,580.2,2052.0,2404,34,67,12445.9
2492.241,580.2,2052.0,2404,11,66,12467.1
2492.359,709.7,2052.0,2404,9,66,12488.2
2492.478,451.6,2052.0,2404,9,68,12496.7
2492.595,451.6,2052.0,2404,48,66,12532.6
2492.713,581.1,2052.0,2404,9,66,12565.0
2492.832,710.6,2052.0,2404,9,66,12586.3
2492.95,291.5,2052.0,2404,7,68,12598.0
2493.069,582.0,2052.0,2404,52,67,12590.2
2493.189,711.5,2052.0,2404,18,67,12608.7
2493.332,323.9,2052.0,2404,18,67,12615.4
2493.451,712.4,2052.0,2404,69,66,12615.3
2493.57,293.4,2052.0,2404,36,69,12609.6
2493.689,454.4,2052.0,2404,36,66,12641.9
2493.807,583.9,2052.0,2404,36,66,12685.1
2493.926,294.3,2052.0,2404,11,68,12683.0
2494.045,455.3,2052.0,2404,51,67,12701.5
2494.165,714.3,2052.0,2404,51,66,12716.6
2494.284,326.7,2052.0,2404,19,69,12714.9
2494.406,715.2,2052.0,2404,51,66,12725.3
2494.565,296.1,2052.0,2404,31,68,12717.7
2494.718,716.1,2052.0,2404,43,66,12707.1
2494.92,458.1,2052.0,2404,42,67,12693.1
2495.103,298.0,2052.0,2404,19,68,12681.6
2495.291,588.5,2052.0,2404,12,66,12663.3
2495.541,718.0,2052.0,2404,9,66,12663.3
2495.717,248.8,2052.0,2404,35,70,12455.4
2495.842,248.8,2052.0,2404,35,67,12228.4
2495.963,248.8,2052.0,2404,8,66,12226.2
2496.086,248.8,2052.0,2404,2,66,12318.6
2496.213,248.8,2052.0,2404,2,66,12422.4
2496.337,248.8,2052.0,2404,2,66,12519.0
2496.462,248.8,2052.0,2404,0,66,12623.5
2496.587,248.8,2052.0,2404,2,66,12722.4
2496.714,248.8,2052.0,2404,2,66,12807.3
2496.84,248.8,2052.0,2404,2,66,12891.9
2496.967,248.8,2052.0,2404,0,66,12968.9
2497.093,248.8,2052.0,2404,2,66,13050.1
2497.221,248.8,2052.0,2404,2,66,13142.0
2497.348,248.8,2052.0,2404,2,66,13224.3
2497.481,248.8,2052.0,2404,2,66,13274.8
2497.703,248.8,2052.0,2404,2,66,13287.3
2497.955,248.8,2052.0,2404,0,66,13274.9
2498.096,248.8,2052.0,2404,2,66,12990.5
2498.222,248.8,2052.0,2404,2,66,12889.4
2498.347,248.8,2052.0,2404,2,66,12993.5
2498.472,248.8,2052.0,2404,0,66,13092.3
2498.597,248.8,2052.0,2404,2,66,13161.7
2498.717,248.8,2052.0,2404,2,66,13201.7
2498.836,248.8,2052.0,2404,2,66,13231.3
2498.955,248.8,2052.0,2404,0,66,13259.7
2499.073,248.1,2052.0,2404,3,66,13225.6
2499.193,563.1,2052.0,2404,3,66,13248.0
2499.311,692.6,2052.0,2404,17,66,13276.4
2499.429,692.6,2052.0,2404,6,66,13309.0
2499.546,274.1,2052.0,2404,29,69,13327.4
2499.664,435.1,2052.0,2404,29,67,13285.2
2499.784,564.6,2052.0,2404,30,66,13211.9
2499.901,694.1,2052.0,2404,6,66,13195.6
2500.019,694.1,2052.0,2404,6,66,13173.1
2500.137,275.0,2052.0,2404,14,69,13180.7
2500.256,436.0,2052.0,2404,38,67,13202.9
2500.375,565.5,2052.0,2404,8,66,13182.3
2500.493,565.5,2052.0,2404,8,66,13215.6
2500.611,695.0,2052.0,2404,9,66,13247.4
2500.73,276.0,2052.0,2404,45,69,13259.1
2500.849,437.0,2052.0,2404,45,66,13286.9
2500.968,566.5,2052.0,2404,9,66,13307.5
2501.087,696.0,2052.0,2404,12,66,13334.6
2501.206,276.9,2052.0,2404,12,69,13340.1
2501.325,437.9,2052.0,2404,45,66,13360.5
2501.444,567.4,2052.0,2404,7,66,13394.6
2501.564,567.4,2052.0,2404,9,66,13423.1
2501.684,696.9,2052.0,2404,9,66,13445.6
2501.803,277.8,2052.0,2404,12,68,13447.3
2501.923,568.3,2052.0,2404,46,66,13453.6
2502.043,697.8,2052.0,2404,46,66,13481.7
2502.162,278.7,2052.0,2404,11,66,13516.4
2502.281,439.7,2052.0,2404,44,67,13522.5
2502.401,569.2,2052.0,2404,14,66,13530.8
2502.533,279.6,2052.0,2404,14,66,13533.8
2502.653,440.6,2052.0,2404,31,67,13537.7
2502.785,570.1,2052.0,2404,4,66,13540.1
2503.036,570.1,2052.0,2404,5,66,13519.3
2503.323,699.6,2052.0,2404,4,66,13512.7
2503.557,441.6,2052.0,2404,48,68,13504.8
2503.696,700.6,2052.0,2404,16,66,13470.2
2503.953,442.5,2052.0,2404,37,67,13466.7
2504.074,282.4,2052.0,2404,33,69,13462.1
2504.237,443.4,2052.0,2404,2,66,13434.5
2504.553,572.9,2052.0,2404,3,66,13404.0
2504.854,702.4,2052.0,2404,8,66,13378.4
2505.133,314.8,2052.0,2404,38,66,13362.8
2505.337,444.3,2052.0,2404,6,66,13332.5
2505.658,573.8,2052.0,2404,5,66,13293.1
2506.003,703.3,2052.0,2404,8,66,13267.5
2506.26,284.3,2052.0,2404,33,67,13255.7
2506.428,445.3,2052.0,2404,3,66,13226.0
2506.727,704.3,2052.0,2404,12,66,13200.6
2507.007,285.2,2052.0,2404,44,67,13186.6
2507.19,446.2,2052.0,2404,8,66,13161.5
2507.467,575.7,2052.0,2404,6,66,13130.8
2507.769,705.2,2052.0,2404,41,67,13109.4
2508.029,447.1,2052.0,2404,41,66,13095.4
2508.183,576.6,2052.0,2404,10,66,13078.9
2508.389,287.0,2052.0,2404,31,69,13064.9
2508.58,577.5,2052.0,2404,35,66,13057.2
2508.719,287.9,2052.0,2404,47,68,13047.6
2508.868,578.4,2052.0,2404,11,66,13029.3
2509.089,288.9,2052.0,2404,14,67,13005.6
2509.355,449.9,2052.0,2404,5,66,12973.3
2509.663,579.4,2052.0,2404,5,66,12941.1
2509.991,708.9,2052.0,2404,10,66,12897.9
2510.285,289.8,2052.0,2404,34,67,12886.5
2510.463,450.8,2052.0,2404,5,66,12865.6
2510.707,580.3,2052.0,2404,6,66,12835.8
2510.912,709.8,2052.0,2404,7,66,12832.3
2511.066,290.7,2052.0,2404,7,67,12674.5
2511.186,451.7,2052.0,2404,33,67,12461.0
2511.311,581.2,2052.0,2404,22,66,12456.8
2511.429,581.2,2052.0,2404,6,66,12487.4
2511.546,710.7,2052.0,2404,6,66,12513.9
2511.665,291.6,2052.0,2404,10,69,12534.7
2511.782,452.6,2052.0,2404,45,67,12550.9
2511.9,582.1,2052.0,2404,45,66,12565.6
2512.022,292.5,2052.0,2404,13,67,12574.4
2512.142,453.6,2052.0,2404,50,67,12582.4
2512.262,712.6,2052.0,2404,18,66,12586.6
2512.382,297.0,2052.0,2404,18,70,12582.3
2512.501,454.5,2052.0,2404,49,67,12616.6
2512.621,584.0,2052.0,2404,12,66,12657.2
2512.741,294.4,2052.0,2404,12,68,12656.2
2512.861,455.4,2052.0,2404,43,67,12675.3
2512.981,714.4,2052.0,2404,18,66,12690.6
2513.101,295.3,2052.0,2404,52,70,12690.4
2513.221,585.8,2052.0,2404,52,67,12708.0
2513.341,296.2,2052.0,2404,20,69,12709.2
2513.462,716.2,2052.0,2404,56,67,12709.1
2513.582,297.2,2052.0,2404,54,69,12712.9
2513.703,717.2,2052.0,2404,54,67,12719.4
2513.823,298.1,2052.0,2404,29,68,12718.7
2513.95,588.6,2052.0,2404,44,66,12729.9
2514.097,718.1,2052.0,2404,11,66,12715.6
2514.362,248.9,2052.0,2404,2,69,12702.1
2514.546,248.9,2052.0,2404,3,66,12683.4
2514.845,248.9,2052.0,2404,0,66,12671.4
2515.109,248.9,2052.0,2404,3,66,12636.1
2515.284,248.9,2052.0,2404,0,66,12388.3
2515.412,248.9,2052.0,2404,0,66,12475.1
2515.542,248.9,2052.0,2404,0,66,12554.2
2515.668,248.9,2052.0,2404,3,66,12636.1
2515.795,248.9,2052.0,2404,0,66,12710.2
2515.922,248.9,2052.0,2404,0,66,12804.5
2516.049,248.9,2052.0,2404,0,66,12891.3
2516.176,248.9,2052.0,2404,3,66,12868.4
2516.303,248.9,2052.0,2404,0,66,12700.4
2516.429,248.9,2052.0,2404,0,66,12470.3
2516.556,248.9,2052.0,2404,0,66,12264.0
2516.682,248.9,2052.0,2404,3,66,12377.3
2516.807,248.9,2052.0,2404,0,66,12475.8
2516.933,248.9,2052.0,2404,0,66,12572.6
2517.059,248.9,2052.0,2404,0,66,12679.0
2517.184,248.9,2052.0,2404,3,66,12776.7
2517.31,248.9,2052.0,2404,0,66,12833.0
2517.435,248.9,2052.0,2404,0,66,12931.5
2517.56,248.9,2052.0,2404,0,66,13014.4
2517.68,248.9,2052.0,2404,3,66,13083.4
2517.8,248.9,2052.0,2404,0,66,13117.0
2517.919,248.9,2052.0,2404,0,66,13147.1
2518.039,248.9,2052.0,2404,0,66,13174.1
2518.158,247.3,2052.0,2404,3,66,13118.7
2518.276,433.7,2052.0,2404,4,66,13155.1
2518.393,433.7,2052.0,2404,4,66,13189.0
2518.511,563.2,2052.0,2404,7,66,13225.5
2518.629,563.2,2052.0,2404,10,66,13259.2
2518.746,692.7,2052.0,2404,10,66,13116.7
2518.869,274.3,2052.0,2404,7,70,13140.2
2518.986,435.3,2052.0,2404,63,67,13163.1
2519.105,564.8,2052.0,2404,16,66,13205.5
2519.223,694.3,2052.0,2404,16,66,13238.6
2519.341,694.3,2052.0,2404,6,66,13270.3
2519.459,275.2,2052.0,2404,51,70,13276.4
2519.577,436.2,2052.0,2404,51,67,13306.1
2519.695,436.2,2052.0,2404,21,66,13344.0
2519.814,565.7,2052.0,2404,9,66,13047.8
2519.932,695.2,2052.0,2404,9,66,13075.3
2520.05,276.1,2052.0,2404,9,70,13080.6
2520.169,437.1,2052.0,2404,64,67,13109.2
2520.288,566.6,2052.0,2404,8,66,13132.4
2520.406,566.6,2052.0,2404,8,66,13154.9
2520.524,696.1,2052.0,2404,9,66,13179.8
2520.643,277.0,2052.0,2404,43,69,13184.5
2520.761,438.1,2052.0,2404,43,67,13203.9
2520.878,438.1,2052.0,2404,30,66,13228.9
2520.997,567.6,2052.0,2404,6,66,13257.2
2521.115,567.6,2052.0,2404,10,66,13281.7
2521.232,697.1,2052.0,2404,10,66,13304.1
2521.35,278.0,2052.0,2404,12,69,13312.6
2521.467,439.0,2052.0,2404,58,67,13258.5
2521.586,568.5,2052.0,2404,58,66,13216.5
2521.704,698.0,2052.0,2404,14,66,13270.9
2521.824,698.0,2052.0,2404,8,66,13108.0
2521.942,278.9,2052.0,2404,8,69,13112.2
2522.059,439.9,2052.0,2404,62,66,13176.6
2522.177,439.9,2052.0,2404,11,66,13236.7
2522.295,569.4,2052.0,2404,7,66,13281.8
2522.413,698.9,2052.0,2404,7,66,13294.7
2522.533,279.8,2052.0,2404,8,66,13230.9
2522.651,286.8,2052.0,2404,65,68,13239.7
2522.769,440.8,2052.0,2404,65,66,13269.5
2522.887,570.3,2052.0,2404,10,66,13332.5
2523.005,699.8,2052.0,2404,7,66,13397.1
2523.125,699.8,2052.0,2404,11,66,13447.4
2523.243,280.7,2052.0,2404,11,69,13435.8
2523.362,571.2,2052.0,2404,63,66,13440.1
2523.481,281.7,2052.0,2404,26,67,13443.7
2523.599,442.7,2052.0,2404,26,67,13436.0
2523.718,701.7,2052.0,2404,65,66,13442.5
2523.836,282.6,2052.0,2404,51,69,13434.7
2523.955,443.6,2052.0,2404,34,66,13452.5
2524.074,573.1,2052.0,2404,34,66,13473.5
2524.193,702.6,2052.0,2404,11,66,13483.3
2524.313,283.5,2052.0,2404,57,69,13477.2
2524.432,444.5,2052.0,2404,57,66,13498.2
2524.551,574.0,2052.0,2404,17,66,13522.2
2524.67,703.5,2052.0,2404,11,66,13547.0
2524.789,284.4,2052.0,2404,11,68,13553.1
2524.907,445.4,2052.0,2404,39,67,13558.3
2525.025,445.4,2052.0,2404,34,66,13575.9
2525.147,704.4,2052.0,2404,14,66,13566.5
2525.349,285.3,2052.0,2404,11,69,13558.6
2525.506,446.3,2052.0,2404,57,66,13538.8
2525.741,575.8,2052.0,2404,7,66,13522.2
2525.974,705.3,2052.0,2404,8,66,13498.9
2526.221,286.3,2052.0,2404,5,68,13485.6
2526.396,447.3,2052.0,2404,6,66,13466.8
2526.603,576.8,2052.0,2404,6,66,13456.0
2526.747,706.3,2052.0,2404,42,69,13443.6
2526.942,577.7,2052.0,2404,39,66,13428.7
2527.108,288.1,2052.0,2404,42,70,13413.7
2527.322,578.6,2052.0,2404,39,66,13397.8
2527.538,708.1,2052.0,2404,19,67,13377.9
2527.784,450.0,2052.0,2404,51,66,13353.1
2528.055,450.0,2052.0,2404,5,66,13323.1
2528.379,579.5,2052.0,2404,4,66,13293.0
2528.666,709.0,2052.0,2404,8,66,13271.7
2528.92,321.5,2052.0,2404,39,66,13251.2
2529.155,451.0,2052.0,2404,8,66,13224.6
2529.425,580.5,2052.0,2404,7,66,13196.2
2529.72,290.9,2052.0,2404,62,67,13174.9
2529.998,451.9,2052.0,2404,9,66,13148.9
2530.262,581.4,2052.0,2404,4,66,13117.5
2530.566,710.9,2052.0,2404,4,66,13080.1
2530.853,710.9,2052.0,2404,3,69,13054.0
2531.168,452.8,2052.0,2404,65,67,13040.9
2531.347,711.8,2052.0,2404,13,66,13018.9
2531.579,292.7,2052.0,2404,64,67,12997.8
2531.848,453.7,2052.0,2404,5,66,12968.4
2532.121,712.7,2052.0,2404,14,66,12941.7
2532.357,293.6,2052.0,2404,43,70,12931.7
2532.482,454.6,2052.0,2404,26,66,12893.3
2532.709,584.1,2052.0,2404,6,66,12900.8
2532.898,713.6,2052.0,2404,5,67,12896.6
2533.068,326.1,2052.0,2404,49,67,12886.8
2533.225,455.6,2052.0,2404,4,66,12874.8
2533.458,714.6,2052.0,2404,12,66,12853.4
2533.728,295.5,2052.0,2404,26,70,12844.0
2533.856,586.0,2052.0,2404,5,66,12823.9
2534.123,296.4,2052.0,2404,43,68,12805.5
2534.374,586.9,2052.0,2404,39,67,12796.9
2534.523,297.3,2052.0,2404,39,68,12780.3
2534.739,587.8,2052.0,2404,12,67,12760.7
2534.959,298.2,2052.0,2404,12,69,12752.6
2535.106,459.3,2052.0,2404,45,68,12743.3
2535.226,588.8,2052.0,2404,33,67,12738.1
2535.345,718.3,2052.0,2404,10,67,12738.4
2535.49,249.1,2052.0,2404,10,68,12650.3
2535.613,249.1,2052.0,2404,29,68,12710.8
2535.739,249.1,2052.0,2404,39,67,12814.0
2535.866,249.1,2052.0,2404,0,66,12873.2
2536.017,249.1,2052.0,2404,2,66,12913.5
2536.273,249.1,2052.0,2404,0,66,12922.0
2536.585,249.1,2052.0,2404,2,66,12912.1
2536.928,249.1,2052.0,2404,2,66,12910.1
2537.23,249.1,2052.0,2404,2,67,12858.7
2537.357,249.1,2052.0,2404,0,66,12632.1
2537.484,249.1,2052.0,2404,2,67,12478.9
2537.627,249.1,2052.0,2404,2,67,12272.0
2537.753,249.1,2052.0,2404,2,66,12308.3
2537.89,249.1,2052.0,2404,0,66,12408.6
2538.015,249.1,2052.0,2404,2,67,12516.2
2538.14,249.1,2052.0,2404,2,67,12616.5
2538.264,249.1,2052.0,2404,2,67,12664.5
2538.39,249.1,2052.0,2404,0,66,12770.9
2538.516,249.1,2052.0,2404,2,66,12881.3
2538.641,249.1,2052.0,2404,2,66,12976.8
2538.765,249.1,2052.0,2404,2,66,12961.7
2538.893,249.1,2052.0,2404,0,66,12996.3
2539.014,249.1,2052.0,2404,2,66,13008.1
2539.133,249.1,2052.0,2404,2,66,13062.3
2539.252,249.1,2052.0,2404,2,66,13090.6
2539.37,249.1,2052.0,2404,0,66,13118.2
2539.489,249.1,2052.0,2404,0,66,13066.5
2539.608,304.3,2052.0,2404,2,66,13095.2
2539.726,433.8,2052.0,2404,8,66,13123.3
2539.844,563.3,2052.0,2404,8,65,13152.6
2539.962,563.3,2052.0,2404,7,66,13182.5
2540.08,692.8,2052.0,2404,8,65,13243.6
2540.199,274.4,2052.0,2404,34,67,12994.9
2540.317,306.0,2052.0,2404,34,66,13005.2
2540.436,565.0,2052.0,2404,53,66,13024.2
2540.553,694.5,2052.0,2404,12,66,13053.4
2540.672,694.5,2052.0,2404,12,66,13083.4
2540.79,275.4,2052.0,2404,7,67,13093.8
2540.907,306.9,2052.0,2404,68,66,13108.9
2541.024,436.4,2052.0,2404,8,66,13140.0
2541.142,565.9,2052.0,2404,8,66,13170.4
2541.261,695.4,2052.0,2404,10,66,13195.8
2541.38,276.3,2052.0,2404,17,66,13205.8
2541.498,307.8,2052.0,2404,17,67,13216.1
2541.618,437.3,2052.0,2404,57,66,13234.8
2541.737,696.3,2052.0,2404,12,66,13251.5
2541.856,696.3,2052.0,2404,15,66,13265.8
2541.976,277.2,2052.0,2404,15,69,13264.3
2542.095,438.2,2052.0,2404,59,67,13282.7
2542.215,567.7,2052.0,2404,9,66,13307.1
2542.333,697.2,2052.0,2404,9,66,13326.5
2542.452,278.1,2052.0,2404,8,66,13339.4
2542.571,285.1,2052.0,2404,60,68,13334.9
2542.691,568.6,2052.0,2404,23,67,13342.0
2542.811,698.1,2052.0,2404,23,66,13363.8
2542.93,279.1,2052.0,2404,11,69,13362.4
2543.05,569.6,2052.0,2404,69,67,13369.1
2543.17,280.0,2052.0,2404,69,67,13383.8
2543.29,311.5,2052.0,2404,41,68,13384.2
2543.41,570.5,2052.0,2404,42,67,13414.1
2543.529,700.0,2052.0,2404,15,66,13472.5
2543.649,280.9,2052.0,2404,15,70,13467.9
2543.77,571.4,2052.0,2404,68,67,13474.2
2543.889,281.8,2052.0,2404,30,68,13475.9
2544.009,442.8,2052.0,2404,30,68,13473.3
2544.129,282.7,2052.0,2404,61,67,13474.8
2544.248,314.2,2052.0,2404,66,68,13474.7
2544.368,573.2,2052.0,2404,17,67,13493.3
2544.487,702.8,2052.0,2404,17,66,13509.6
2544.613,283.7,2052.0,2404,12,69,13507.1
2544.749,444.7,2052.0,2404,65,66,13494.9
2544.963,444.7,2052.0,2404,6,66,13478.0
2545.251,574.2,2052.0,2404,1,66,13435.3
2545.546,703.7,2052.0,2404,3,66,13416.2
2545.841,284.6,2052.0,2404,3,69,13409.2
2545.968,445.6,2052.0,2404,7,66,13385.4
2546.252,575.1,2052.0,2404,6,66,13363.5
2546.511,285.5,2052.0,2404,38,67,13341.8
2546.78,446.5,2052.0,2404,4,66,13318.2
2547.043,576.0,2052.0,2404,3,66,13292.5
2547.325,705.5,2052.0,2404,8,66,13266.2
2547.586,286.4,2052.0,2404,39,69,13258.1
2547.706,447.4,2052.0,2404,29,66,13247.4
2547.909,576.9,2052.0,2404,9,66,13234.9
2548.086,287.4,2052.0,2404,62,67,13200.8
2548.352,577.9,2052.0,2404,15,66,13189.9
2548.516,288.3,2052.0,2404,56,70,13181.7
2548.67,449.3,2052.0,2404,23,66,13166.2
2548.874,708.3,2052.0,2404,11,66,13143.4
2549.13,289.2,2052.0,2404,12,70,13135.8
2549.26,450.2,2052.0,2404,2,66,13107.8
2549.561,450.2,2052.0,2404,5,66,13084.3
2549.759,579.7,2052.0,2404,3,66,13060.0
2550.045,290.1,2052.0,2404,23,68,13039.1
2550.31,451.1,2052.0,2404,3,66,13006.4
2550.636,580.6,2052.0,2404,6,66,12981.6
2550.91,710.1,2052.0,2404,6,66,12963.3
2551.133,291.0,2052.0,2404,6,69,12952.7
2551.253,452.0,2052.0,2404,65,67,12747.6
2551.372,581.5,2052.0,2404,65,66,12711.3
2551.5,581.5,2052.0,2404,9,66,12731.7
2551.618,711.0,2052.0,2404,9,66,12762.5
2551.739,292.0,2052.0,2404,39,69,12765.9
2551.859,453.0,2052.0,2404,39,67,12778.3
2551.98,582.5,2052.0,2404,35,66,12815.6
2552.101,712.0,2052.0,2404,13,66,12834.7
2552.222,292.9,2052.0,2404,59,69,12829.1
2552.343,453.9,2052.0,2404,59,67,12840.9
2552.463,712.9,2052.0,2404,18,66,12843.9
2552.584,293.8,2052.0,2404,41,70,12838.2
2552.704,454.8,2052.0,2404,41,67,12847.6
2552.825,584.3,2052.0,2404,41,66,12877.9
2552.944,713.8,2052.0,2404,8,66,12891.9
2553.071,294.7,2052.0,2404,49,69,12887.3
2553.191,455.7,2052.0,2404,26,66,12886.8
2553.364,585.2,2052.0,2404,9,66,12877.7
2553.564,295.6,2052.0,2404,18,69,12860.4
2553.808,586.2,2052.0,2404,9,66,12844.7
2554.025,715.7,2052.0,2404,41,67,12809.3
2554.307,587.1,2052.0,2404,13,66,12785.5
2554.54,297.5,2052.0,2404,51,66,12739.3
2554.837,588.0,2052.0,2404,16,66,12729.9
2555.011,298.4,2052.0,2404,13,69,12722.8
2555.16,459.4,2052.0,2404,56,67,12696.3
2555.28,588.9,2052.0,2404,22,66,12723.5
2555.408,588.9,2052.0,2404,9,66,12655.0
2555.541,718.4,2052.0,2404,9,66,12316.8
2555.666,249.3,2052.0,2404,31,69,12322.3
2555.787,249.3,2052.0,2404,39,66,12448.6
2555.911,249.3,2052.0,2404,0,66,12538.4
2556.036,249.3,2052.0,2404,0,66,12618.0
2556.163,249.3,2052.0,2404,3,66,12494.3
2556.29,249.3,2052.0,2404,0,66,12272.5
2556.416,249.3,2052.0,2404,0,66,12373.7
2556.542,249.3,2052.0,2404,0,66,12460.5
2556.667,249.3,2052.0,2404,3,66,12559.9
2556.792,249.3,2052.0,2404,0,66,12651.8
2556.917,249.3,2052.0,2404,0,66,12754.3
2557.046,249.3,2052.0,2404,0,66,12870.7
2557.17,249.3,2052.0,2404,3,66,12971.6
2557.295,249.3,2052.0,2404,0,66,12889.1
2557.421,249.3,2052.0,2404,0,66,12955.2
2557.547,249.3,2052.0,2404,0,66,12961.6
2557.674,249.3,2052.0,2404,3,66,13074.9
2557.799,249.3,2052.0,2404,0,66,13178.0
2557.923,249.3,2052.0,2404,0,66,13274.2
2558.049,249.3,2052.0,2404,0,66,13374.0
2558.173,249.3,2052.0,2404,3,66,13367.9
2558.293,247.3,2052.0,2404,0,66,13149.0
2558.412,433.9,2052.0,2404,5,66,13178.9
2558.53,433.9,2052.0,2404,5,66,13210.2
2558.648,563.4,2052.0,2404,9,66,13243.1
2558.766,563.4,2052.0,2404,6,66,13271.5
2558.884,692.9,2052.0,2404,6,66,13306.2
2559.002,274.6,2052.0,2404,8,70,13321.3
2559.12,435.6,2052.0,2404,66,67,13343.7
2559.238,565.1,2052.0,2404,66,66,13313.7
2559.359,694.6,2052.0,2404,12,66,13226.2
2559.476,694.6,2052.0,2404,6,66,13253.9
2559.595,275.5,2052.0,2404,55,70,13229.3
2559.718,436.5,2052.0,2404,55,67,13232.9
2559.837,436.5,2052.0,2404,18,66,13268.9
2559.955,566.0,2052.0,2404,7,66,13299.5
2560.073,695.5,2052.0,2404,7,66,13334.4
2560.191,695.5,2052.0,2404,12,66,13342.9
2560.309,276.5,2052.0,2404,38,70,13343.8
2560.428,437.5,2052.0,2404,32,67,13373.6
2560.548,567.0,2052.0,2404,32,66,13392.0
2560.667,696.5,2052.0,2404,13,66,13417.2
2560.786,277.4,2052.0,2404,27,69,13420.3
2560.905,438.4,2052.0,2404,27,67,13432.7
2561.023,438.4,2052.0,2404,44,66,13458.9
2561.142,567.9,2052.0,2404,9,66,13490.3
2561.263,697.4,2052.0,2404,7,66,13511.8
2561.382,278.3,2052.0,2404,7,67,13523.6
2561.501,309.8,2052.0,2404,52,68,13523.4
2561.62,568.8,2052.0,2404,27,66,13534.9
2561.739,698.3,2052.0,2404,27,66,13559.5
2561.857,254.7,2052.0,2404,9,66,13584.9
2561.976,310.7,2052.0,2404,54,68,13583.4
2562.095,569.7,2052.0,2404,26,66,13591.7
2562.215,699.2,2052.0,2404,26,66,13603.7
2562.336,280.1,2052.0,2404,30,70,13597.4
2562.455,441.2,2052.0,2404,46,66,13606.6
2562.629,570.7,2052.0,2404,2,66,13592.7
2562.919,700.2,2052.0,2404,5,66,13562.9
2563.239,281.1,2052.0,2404,5,70,13554.3
2563.364,571.6,2052.0,2404,14,66,13539.4
2563.572,282.0,2052.0,2404,65,68,13525.3
2563.768,572.5,2052.0,2404,19,66,13506.8
2563.966,282.9,2052.0,2404,27,70,13499.2
2564.095,443.9,2052.0,2404,51,66,13481.5
2564.338,573.4,2052.0,2404,2,66,13449.6
2564.676,702.9,2052.0,2404,5,66,13428.6
2564.93,283.8,2052.0,2404,58,70,13417.6
2565.083,444.8,2052.0,2404,1,66,13387.6
2565.401,574.3,2052.0,2404,5,66,13354.3
2565.714,574.3,2052.0,2404,3,66,13321.5
2566.018,703.8,2052.0,2404,8,66,13293.9
2566.292,284.8,2052.0,2404,58,70,13284.6
2566.418,445.8,2052.0,2404,9,66,13260.7
2566.685,575.3,2052.0,2404,4,66,13235.7
2566.95,704.8,2052.0,2404,9,67,13210.4
2567.206,285.7,2052.0,2404,31,68,13202.4
2567.345,446.7,2052.0,2404,4,66,13168.0
2567.632,576.2,2052.0,2404,2,66,13137.0
2567.919,705.7,2052.0,2404,32,68,13107.8
2568.176,447.6,2052.0,2404,40,67,13095.0
2568.369,577.1,2052.0,2404,6,66,13079.5
2568.551,287.5,2052.0,2404,11,70,13068.2
2568.738,578.0,2052.0,2404,67,67,13056.5
2568.898,288.4,2052.0,2404,16,70,13046.7
2569.071,449.4,2052.0,2404,13,67,13026.8
2569.298,708.4,2052.0,2404,2,66,12981.8
2569.628,289.4,2052.0,2404,64,71,12971.7
2569.765,450.4,2052.0,2404,64,67,12873.3
2569.884,579.9,2052.0,2404,8,67,12774.7
2570.003,709.4,2052.0,2404,10,67,12510.4
2570.122,709.4,2052.0,2404,10,66,12520.2
2570.243,290.3,2052.0,2404,9,70,12512.6
2570.361,451.3,2052.0,2404,62,67,12466.8
2570.48,451.3,2052.0,2404,7,67,12465.0
2570.599,580.8,2052.0,2404,7,66,12491.1
2570.718,580.8,2052.0,2404,12,66,12507.7
2570.839,710.3,2052.0,2404,3,66,12496.1
2570.959,710.3,2052.0,2404,3,66,12484.3
2571.08,710.3,2052.0,2404,2,66,12472.9
2571.2,710.3,2052.0,2404,2,66,12462.1
2571.321,710.3,2052.0,2404,1,66,12449.5
2571.441,710.3,2052.0,2404,1,66,12438.2
2571.561,710.3,2052.0,2404,2,66,12426.0
2571.681,710.3,2052.0,2404,2,66,12411.3
2571.802,710.3,2052.0,2404,2,66,12399.0
2571.922,710.3,2052.0,2404,1,66,12387.0
2572.043,710.3,2052.0,2404,1,66,12372.4
2572.163,710.3,2052.0,2404,6,66,12360.1
2572.283,710.3,2052.0,2404,6,66,12351.6
2572.403,291.2,2052.0,2404,1,67,12303.7
2572.52,322.7,2052.0,2404,59,69,12240.9
2572.639,452.2,2052.0,2404,59,67,12245.9
2572.757,581.7,2052.0,2404,15,66,12246.4
2572.875,711.2,2052.0,2404,7,66,12260.7
2572.993,711.2,2052.0,2404,8,66,12230.7
2573.111,292.1,2052.0,2404,8,69,12225.8
2573.229,453.1,2052.0,2404,63,67,12224.5
2573.347,582.6,2052.0,2404,11,66,12107.0
2573.467,582.6,2052.0,2404,11,66,12047.0
2573.585,712.1,2052.0,2404,12,66,12001.8
2573.703,293.0,2052.0,2404,41,69,12006.4
2573.82,454.1,2052.0,2404,34,67,12036.5
2573.938,583.6,2052.0,2404,34,66,12063.6
2574.056,713.1,2052.0,2404,13,66,12094.2
2574.174,294.0,2052.0,2404,34,69,12105.7
2574.291,455.0,2052.0,2404,34,67,12127.8
2574.409,455.0,2052.0,2404,42,66,12177.1
2574.529,584.5,2052.0,2404,10,66,12238.3
2574.65,714.0,2052.0,2404,12,66,12113.4
2574.769,294.9,2052.0,2404,12,70,11937.8
2574.891,455.9,2052.0,2404,64,67,11962.6
2575.01,585.4,2052.0,2404,10,66,11992.8
2575.128,714.9,2052.0,2404,10,66,12021.7
2575.246,295.8,2052.0,2404,13,68,12039.3
2575.365,327.3,2052.0,2404,63,67,12060.3
2575.482,586.3,2052.0,2404,63,66,12092.9
2575.6,715.8,2052.0,2404,12,66,12124.6
2575.717,296.7,2052.0,2404,15,69,12137.2
2575.836,457.7,2052.0,2404,63,67,12141.7
2575.957,587.2,2052.0,2404,63,66,12183.1
2576.076,716.7,2052.0,2404,13,66,12208.8
2576.194,297.7,2052.0,2404,36,70,12211.0
2576.312,458.7,2052.0,2404,36,67,12252.9
2576.431,458.7,2052.0,2404,41,66,12251.1
2576.55,588.2,2052.0,2404,5,66,12248.3
2576.671,588.2,2052.0,2404,3,66,12242.3
2576.792,588.2,2052.0,2404,3,66,12236.0
2576.912,588.2,2052.0,2404,1,66,12229.2
2577.032,588.2,2052.0,2404,3,66,12223.7
2577.154,588.2,2052.0,2404,2,66,12215.2
2577.274,588.2,2052.0,2404,2,66,12208.7
2577.394,588.2,2052.0,2404,1,66,12200.4
2577.514,588.2,2052.0,2404,3,66,12199.7
2577.633,588.2,2052.0,2404,3,66,12196.5
2577.753,717.7,2052.0,2404,3,66,12189.6
2577.873,717.7,2052.0,2404,2,66,12185.9
2577.993,717.7,2052.0,2404,3,66,12177.7
2578.113,717.7,2052.0,2404,3,66,12173.7
2578.232,717.7,2052.0,2404,3,66,12166.6
2578.353,717.7,2052.0,2404,1,66,12161.5
2578.472,298.6,2052.0,2404,1,69,12160.8
2578.591,459.6,2052.0,2404,53,67,12172.6
2578.709,589.1,2052.0,2404,23,66,12182.6
2578.828,718.6,2052.0,2404,10,66,12175.1
2578.946,249.4,2052.0,2404,10,68,12172.4
2579.064,249.4,2052.0,2404,55,67,12210.4
2579.182,249.4,2052.0,2404,13,66,12338.1
2579.307,249.4,2052.0,2404,13,66,12428.2
2579.431,249.4,2052.0,2404,0,66,12430.0
2579.557,249.4,2052.0,2404,2,66,12363.8
2579.683,249.4,2052.0,2404,2,66,12457.3
2579.808,249.4,2052.0,2404,2,66,12561.3
2579.932,249.4,2052.0,2404,0,66,12631.9
2580.058,249.4,2052.0,2404,2,66,12585.5
2580.184,249.4,2052.0,2404,2,66,12602.9
2580.309,249.4,2052.0,2404,2,66,12678.5
2580.435,249.4,2052.0,2404,0,66,12663.4
2580.562,249.4,2052.0,2404,2,66,12608.4
2580.698,249.4,2052.0,2404,2,66,12706.1
2580.823,249.4,2052.0,2404,2,66,12763.2
2580.964,249.4,2052.0,2404,0,66,12853.5
2581.094,249.4,2052.0,2404,2,66,12940.3
2581.22,249.4,2052.0,2404,2,66,12922.1
2581.347,249.4,2052.0,2404,0,66,12792.7
2581.473,249.4,2052.0,2404,0,66,12857.9
2581.613,249.4,2052.0,2404,2,66,12933.9
2581.733,249.4,2052.0,2404,2,66,12998.3
2581.854,249.4,2052.0,2404,0,66,13030.8
2581.971,247.3,2052.0,2404,0,66,12946.8
2582.09,304.5,2052.0,2404,2,66,12980.8
2582.207,434.0,2052.0,2404,8,66,13021.7
2582.326,563.5,2052.0,2404,8,66,13055.9
2582.444,563.5,2052.0,2404,6,66,13092.1
2582.562,693.0,2052.0,2404,7,66,13143.5
2582.68,693.0,2052.0,2404,7,66,13180.0
2582.798,274.9,2052.0,2404,7,70,13186.2
2582.915,435.9,2052.0,2404,64,67,13207.9
2583.033,565.4,2052.0,2404,14,66,13242.5
2583.151,694.9,2052.0,2404,14,66,12987.2
2583.269,275.8,2052.0,2404,10,67,13014.0
2583.388,275.8,2052.0,2404,61,68,13024.7
2583.505,436.8,2052.0,2404,61,66,13059.5
2583.624,566.3,2052.0,2404,12,66,13091.5
2583.742,566.3,2052.0,2404,9,66,13122.2
2583.86,695.8,2052.0,2404,8,66,13150.2
2583.978,276.7,2052.0,2404,8,68,13165.1
2584.096,276.7,2052.0,2404,47,67,13173.6
2584.216,567.2,2052.0,2404,43,66,13182.9
2584.335,696.7,2052.0,2404,43,66,13203.8
2584.454,277.7,2052.0,2404,28,67,13203.8
2584.573,438.7,2052.0,2404,66,66,12971.3
2584.69,568.2,2052.0,2404,12,66,12989.9
2584.808,697.7,2052.0,2404,12,66,13008.6
2584.927,278.6,2052.0,2404,22,68,13012.4
2585.045,439.6,2052.0,2404,61,66,13023.6
2585.164,569.1,2052.0,2404,61,66,13043.9
2585.282,698.6,2052.0,2404,15,66,13066.9
2585.4,279.5,2052.0,2404,36,69,13071.3
2585.518,440.5,2052.0,2404,43,67,13089.4
2585.636,570.0,2052.0,2404,43,66,13115.8
2585.754,699.5,2052.0,2404,11,66,13142.2
2585.872,280.4,2052.0,2404,36,69,13153.5
2585.99,441.4,2052.0,2404,36,67,13166.2
2586.109,570.9,2052.0,2404,45,66,13192.0
2586.227,700.4,2052.0,2404,11,66,13203.2
2586.346,281.3,2052.0,2404,11,69,13206.7
2586.464,442.4,2052.0,2404,46,67,13213.7
2586.583,571.9,2052.0,2404,36,66,13216.7
2586.702,282.3,2052.0,2404,27,67,13205.5
2586.819,443.3,2052.0,2404,27,68,13211.4
2586.937,702.3,2052.0,2404,62,66,13223.8
2587.055,283.2,2052.0,2404,48,69,13228.1
2587.173,444.2,2052.0,2404,48,67,13255.6
2587.292,573.7,2052.0,2404,39,66,13238.8
2587.412,703.2,2052.0,2404,10,66,12909.2
2587.531,703.2,2052.0,2404,14,66,12845.5
2587.649,284.1,2052.0,2404,14,69,12850.5
2587.768,445.1,2052.0,2404,63,66,12884.1
2587.886,445.1,2052.0,2404,9,66,12927.1
2588.004,574.6,2052.0,2404,9,66,12968.0
2588.122,704.1,2052.0,2404,10,65,13011.9
2588.241,704.1,2052.0,2404,9,65,13055.0
2588.359,285.0,2052.0,2404,9,68,13068.3
2588.477,446.0,2052.0,2404,65,66,13110.6
2588.595,575.5,2052.0,2404,10,66,13147.4
2588.714,575.5,2052.0,2404,10,66,13183.4
2588.831,705.0,2052.0,2404,10,65,13220.5
2588.951,286.0,2052.0,2404,9,68,13236.0
2589.07,317.5,2052.0,2404,65,66,13239.6
2589.189,447.0,2052.0,2404,65,66,13265.3
2589.309,576.5,2052.0,2404,10,66,13298.9
2589.429,706.0,2052.0,2404,10,65,13331.2
2589.549,286.9,2052.0,2404,25,68,13349.9
2589.67,286.9,2052.0,2404,25,67,13349.2
2589.79,447.9,2052.0,2404,50,66,13375.5
2589.912,577.4,2052.0,2404,8,65,13397.4
2590.031,706.9,2052.0,2404,11,65,13422.0
2590.152,287.8,2052.0,2404,11,67,13443.0
2590.271,287.8,2052.0,2404,57,67,13446.8
2590.391,448.8,2052.0,2404,17,66,13445.4
2590.571,448.8,2052.0,2404,4,65,13429.3
2590.855,578.3,2052.0,2404,4,65,13403.5
2591.16,707.8,2052.0,2404,3,65,13383.0
2591.503,288.7,2052.0,2404,63,67,13373.8
2591.703,449.7,2052.0,2404,7,66,13353.8
2591.979,449.7,2052.0,2404,6,65,13334.2
2592.25,579.2,2052.0,2404,3,65,13297.2
2592.61,708.7,2052.0,2404,5,65,13276.9
2592.926,708.7,2052.0,2404,4,65,13234.7
2593.259,289.6,2052.0,2404,40,66,13215.0
2593.503,321.1,2052.0,2404,6,66,13174.2
2593.827,450.6,2052.0,2404,5,66,13137.5
2594.174,580.1,2052.0,2404,4,66,13113.2
2594.391,580.1,2052.0,2404,1,66,13097.4
2594.516,580.1,2052.0,2404,1,66,13082.5
2594.639,580.1,2052.0,2404,4,66,13074.3
2594.758,580.1,2052.0,2404,4,66,13057.7
2594.882,580.1,2052.0,2404,1,66,13040.9
2595.004,580.1,2052.0,2404,1,66,13026.7
2595.123,709.6,2052.0,2404,4,66,13034.5
2595.243,709.6,2052.0,2404,5,66,13020.9
2595.366,709.6,2052.0,2404,5,66,13009.2
2595.488,709.6,2052.0,2404,2,66,12994.5
2595.609,709.6,2052.0,2404,7,66,12989.0
2595.73,709.6,2052.0,2404,3,66,12973.3
2595.85,290.6,2052.0,2404,3,68,12963.5
2595.969,290.6,2052.0,2404,54,67,12957.7
2596.09,451.6,2052.0,2404,14,66,12958.0
2596.212,451.6,2052.0,2404,14,66,12943.1
2596.332,451.6,2052.0,2404,4,66,12932.4
2596.451,451.6,2052.0,2404,4,66,12920.1
2596.571,581.1,2052.0,2404,6,66,12910.4
2596.691,581.1,2052.0,2404,6,66,12898.0
2596.813,581.1,2052.0,2404,3,66,12883.6
2596.933,581.1,2052.0,2404,4,66,12875.3
2597.053,581.1,2052.0,2404,4,66,12860.4
2597.174,581.1,2052.0,2404,4,66,12849.5
2597.293,581.1,2052.0,2404,4,66,12834.5
2597.415,581.1,2052.0,2404,3,66,12821.0
2597.534,710.6,2052.0,2404,3,66,12812.1
2597.654,710.6,2052.0,2404,7,66,12797.2
2597.774,710.6,2052.0,2404,2,66,12783.6
2597.893,291.5,2052.0,2404,20,66,12681.6
2598.012,291.5,2052.0,2404,20,68,12612.0
2598.132,582.0,2052.0,2404,58,66,12638.5
2598.25,711.5,2052.0,2404,12,66,12633.2
2598.368,292.4,2052.0,2404,12,68,12651.5
2598.487,453.4,2052.0,2404,52,67,12670.0
2598.608,582.9,2052.0,2404,33,66,12696.4
2598.728,293.3,2052.0,2404,36,67,12705.1
2598.847,454.3,2052.0,2404,36,68,12711.2
2598.967,713.3,2052.0,2404,51,66,12728.8
2599.088,294.2,2052.0,2404,67,70,12720.4
2599.207,455.3,2052.0,2404,67,67,12718.1
2599.328,455.3,2052.0,2404,18,66,12706.7
2599.449,455.3,2052.0,2404,4,66,12696.9
2599.569,584.8,2052.0,2404,7,66,12690.7
2599.689,584.8,2052.0,2404,7,66,12682.1
2599.809,584.8,2052.0,2404,2,66,12666.0
2599.931,584.8,2052.0,2404,2,66,12655.0
2600.051,584.8,2052.0,2404,2,66,12644.2
2600.173,584.8,2052.0,2404,5,66,12631.0
2600.294,584.8,2052.0,2404,2,66,12624.9
2600.413,295.2,2052.0,2404,39,68,12619.6
2600.532,456.2,2052.0,2404,39,67,12579.9
2600.651,715.2,2052.0,2404,50,66,12334.8
2600.77,296.1,2052.0,2404,40,69,12320.5
2600.891,457.1,2052.0,2404,40,67,12336.9
2601.009,716.1,2052.0,2404,44,66,12356.9
2601.128,297.0,2052.0,2404,20,68,12367.6
2601.247,458.0,2052.0,2404,66,67,12376.4
2601.366,587.5,2052.0,2404,66,66,12398.7
2601.483,717.0,2052.0,2404,13,66,12419.3
2601.601,297.9,2052.0,2404,28,68,12433.0
2601.718,329.4,2052.0,2404,28,67,12449.1
2601.838,458.9,2052.0,2404,53,66,12469.7
2601.956,588.4,2052.0,2404,11,66,12296.0
2602.074,717.9,2052.0,2404,12,66,12322.7
2602.192,298.9,2052.0,2404,12,67,12346.6
2602.31,298.9,2052.0,2404,46,68,12355.5
2602.429,459.9,2052.0,2404,28,66,12384.9
2602.547,589.4,2052.0,2404,28,66,12414.5
2602.666,718.9,2052.0,2404,15,66,12385.5
2602.784,718.9,2052.0,2404,7,66,12409.0
2602.903,249.7,2052.0,2404,7,69,12221.6
2603.022,249.7,2052.0,2404,63,66,12328.3
2603.147,249.7,2052.0,2404,7,66,12398.6
2603.271,249.7,2052.0,2404,2,66,12480.9
2603.397,249.7,2052.0,2404,2,66,12530.3
2603.526,249.7,2052.0,2404,1,66,12610.1
2603.652,249.7,2052.0,2404,5,66,12690.5
2603.779,249.7,2052.0,2404,1,66,12764.4
2603.906,249.7,2052.0,2404,1,66,12840.6
2604.033,249.7,2052.0,2404,1,66,12906.9
2604.163,249.7,2052.0,2404,4,66,12990.1
2604.291,249.7,2052.0,2404,2,66,12826.6
2604.417,249.7,2052.0,2404,1,66,12841.4
2604.543,249.7,2052.0,2404,1,66,12734.6
2604.67,249.7,2052.0,2404,5,66,12776.2
2604.795,249.7,2052.0,2404,1,66,12836.3
2604.92,249.7,2052.0,2404,1,66,12914.2
2605.045,249.7,2052.0,2404,1,66,12981.7
2605.171,249.7,2052.0,2404,4,66,13019.4
2605.296,249.7,2052.0,2404,2,66,13026.8
2605.421,249.7,2052.0,2404,2,66,13075.0
2605.542,249.7,2052.0,2404,2,66,13091.1
2605.661,249.7,2052.0,2404,4,65,13119.5
2605.78,249.7,2052.0,2404,1,65,13166.3
2605.899,273.1,2052.0,2404,1,65,13066.2
2606.017,434.1,2052.0,2404,3,65,13131.4
2606.135,434.1,2052.0,2404,12,65,13178.9
2606.254,563.6,2052.0,2404,12,65,13224.6
2606.371,693.1,2052.0,2404,8,65,13263.2
2606.491,693.1,2052.0,2404,7,65,13244.9
2606.61,275.1,2052.0,2404,58,67,13170.9
2606.729,436.1,2052.0,2404,58,66,13191.9
2606.854,436.1,2052.0,2404,29,65,13234.2
2606.972,565.6,2052.0,2404,10,65,13262.0
2607.09,695.1,2052.0,2404,10,65,12942.4
2607.209,276.0,2052.0,2404,12,67,12951.1
2607.327,307.5,2052.0,2404,71,66,12969.8
2607.445,437.0,2052.0,2404,8,66,12998.6
2607.564,566.5,2052.0,2404,8,65,13028.4
2607.683,696.0,2052.0,2404,12,65,13058.3
2607.801,696.0,2052.0,2404,8,65,13088.7
2607.919,276.9,2052.0,2404,8,68,13094.4
2608.037,437.9,2052.0,2404,66,66,13119.4
2608.156,437.9,2052.0,2404,14,66,13154.1
2608.274,567.4,2052.0,2404,12,66,13183.6
2608.393,696.9,2052.0,2404,12,65,13207.2
2608.511,277.8,2052.0,2404,18,69,13211.5
2608.629,438.8,2052.0,2404,57,66,13159.1
2608.748,438.8,2052.0,2404,57,66,13093.1
2608.866,568.3,2052.0,2404,8,66,13092.0
2608.984,697.8,2052.0,2404,8,65,13079.7
2609.103,278.7,2052.0,2404,59,69,13073.8
2609.221,439.8,2052.0,2404,59,66,13080.7
2609.339,569.3,2052.0,2404,26,66,13100.3
2609.457,698.8,2052.0,2404,8,65,13123.0
2609.575,279.7,2052.0,2404,8,69,13128.1
2609.693,440.7,2052.0,2404,66,66,13143.6
2609.812,570.2,2052.0,2404,13,66,13158.7
2609.929,699.7,2052.0,2404,13,65,13179.0
2610.047,280.6,2052.0,2404,10,69,13184.7
2610.165,441.6,2052.0,2404,67,66,13223.6
2610.284,441.6,2052.0,2404,9,66,13243.0
2610.403,571.1,2052.0,2404,9,65,13101.1
2610.525,700.6,2052.0,2404,9,65,13134.1
2610.643,281.5,2052.0,2404,45,69,13139.6
2610.761,442.5,2052.0,2404,45,66,13177.9
2610.88,572.0,2052.0,2404,31,65,13222.4
2610.998,701.5,2052.0,2404,11,65,13274.0
2611.117,282.4,2052.0,2404,29,67,13305.5
2611.236,443.4,2052.0,2404,29,67,13321.0
2611.356,572.9,2052.0,2404,50,66,13369.4
2611.476,702.4,2052.0,2404,10,65,13428.6
2611.596,283.4,2052.0,2404,10,68,13460.1
2611.716,444.4,2052.0,2404,51,66,13462.4
2611.835,573.9,2052.0,2404,27,66,13487.8
2611.955,573.9,2052.0,2404,8,65,13499.6
2612.141,703.4,2052.0,2404,9,69,13487.8
2612.38,445.3,2052.0,2404,9,66,13475.2
2612.639,445.3,2052.0,2404,1,65,13456.3
2612.905,574.8,2052.0,2404,3,65,13429.4
2613.183,574.8,2052.0,2404,1,65,13394.7
2613.523,704.3,2052.0,2404,5,65,13364.7
2613.825,285.2,2052.0,2404,28,68,13352.3
2614.006,446.2,2052.0,2404,5,65,13316.0
2614.308,446.2,2052.0,2404,1,65,13266.3
2614.622,575.7,2052.0,2404,2,65,13238.5
2614.922,705.2,2052.0,2404,3,65,13212.4
2615.14,286.1,2052.0,2404,29,67,13196.5
2615.37,447.1,2052.0,2404,4,65,13166.2
2615.683,576.6,2052.0,2404,3,65,13138.6
2615.97,706.1,2052.0,2404,4,65,13108.7
2616.285,287.0,2052.0,2404,39,66,13084.4
2616.567,448.1,2052.0,2404,7,65,13055.2
2616.877,448.1,2052.0,2404,3,65,13023.2
2617.178,577.6,2052.0,2404,6,65,13005.1
2617.395,707.1,2052.0,2404,4,65,12971.0
2617.744,288.0,2052.0,2404,63,66,12950.2
2618.0,449.0,2052.0,2404,3,65,12917.0
2618.323,449.0,2052.0,2404,1,65,12886.3
2618.637,578.5,2052.0,2404,6,65,12876.4
2618.854,708.0,2052.0,2404,4,65,12869.3
2619.058,288.9,2052.0,2404,65,68,12861.1
2619.265,449.9,2052.0,2404,5,66,12854.2
2619.46,579.4,2052.0,2404,8,66,12837.9
2619.706,708.9,2052.0,2404,7,65,12424.2
2619.829,289.8,2052.0,2404,35,69,12154.8
2619.951,321.3,2052.0,2404,35,66,12176.4
2620.07,450.8,2052.0,2404,40,66,12202.9
2620.187,580.3,2052.0,2404,9,66,12225.1
2620.305,709.8,2052.0,2404,7,65,12248.2
2620.423,709.8,2052.0,2404,7,65,12276.3
2620.541,290.7,2052.0,2404,27,69,12279.2
2620.659,322.2,2052.0,2404,45,66,12300.7
2620.777,451.7,2052.0,2404,45,66,12317.0
2620.896,581.2,2052.0,2404,9,65,12334.4
2621.014,710.7,2052.0,2404,9,65,12383.4
2621.132,291.7,2052.0,2404,9,66,12421.4
2621.249,295.2,2052.0,2404,28,67,12432.1
2621.367,452.7,2052.0,2404,45,66,12454.5
2621.485,582.2,2052.0,2404,9,65,12475.9
2621.603,582.2,2052.0,2404,9,65,12503.7
2621.722,711.7,2052.0,2404,8,65,12533.2
2621.842,292.6,2052.0,2404,28,69,12547.8
2621.961,453.6,2052.0,2404,28,66,12567.0
2622.082,583.1,2052.0,2404,46,65,12590.3
2622.204,712.6,2052.0,2404,11,65,12612.3
2622.324,712.6,2052.0,2404,9,65,12622.9
2622.444,293.5,2052.0,2404,9,68,12620.7
2622.564,454.5,2052.0,2404,66,66,12635.6
2622.684,713.5,2052.0,2404,14,65,12641.0
2622.804,294.4,2052.0,2404,14,68,12640.4
2622.923,455.4,2052.0,2404,48,66,12646.4
2623.043,584.9,2052.0,2404,29,65,12675.7
2623.164,584.9,2052.0,2404,8,65,12705.7
2623.297,714.4,2052.0,2404,8,65,12712.3
2623.417,295.3,2052.0,2404,13,69,12705.0
2623.537,456.3,2052.0,2404,63,66,12716.2
2623.667,585.8,2052.0,2404,12,65,12700.8
2623.894,296.3,2052.0,2404,66,67,12685.1
2624.128,586.8,2052.0,2404,14,65,12661.9
2624.38,297.2,2052.0,2404,67,69,12645.4
2624.606,587.7,2052.0,2404,12,65,12627.1
2624.861,717.2,2052.0,2404,7,65,12606.3
2625.117,298.1,2052.0,2404,7,69,12598.9
2625.26,459.1,2052.0,2404,4,65,12554.5
2625.568,588.6,2052.0,2404,5,65,12541.8
2625.835,588.6,2052.0,2404,3,65,12512.4
2626.147,718.1,2052.0,2404,4,65,12483.0
2626.29,299.0,2052.0,2404,4,68,12168.0
2626.409,460.0,2052.0,2404,61,66,12008.7
2626.527,589.5,2052.0,2404,21,66,12032.3
2626.645,249.9,2052.0,2404,21,66,12050.2
2626.763,249.9,2052.0,2404,36,67,12096.1
2626.885,249.9,2052.0,2404,35,66,12225.8
2627.009,249.9,2052.0,2404,2,66,12314.4
2627.133,249.9,2052.0,2404,2,65,12412.3
2627.258,249.9,2052.0,2404,2,65,12388.9
2627.408,249.9,2052.0,2404,0,65,12470.1
2627.547,249.9,2052.0,2404,2,65,12561.6
2627.672,249.9,2052.0,2404,2,65,12666.6
2627.798,249.9,2052.0,2404,2,65,12733.7
2627.925,249.9,2052.0,2404,0,65,12815.8
2628.052,249.9,2052.0,2404,2,65,12893.4
2628.178,249.9,2052.0,2404,2,65,12777.9
2628.306,249.9,2052.0,2404,2,65,12821.8
2628.431,249.9,2052.0,2404,0,65,12765.7
2628.556,249.9,2052.0,2404,2,65,12653.2
2628.684,249.9,2052.0,2404,2,65,12596.7
2628.824,249.9,2052.0,2404,2,65,12695.9
2628.949,249.9,2052.0,2404,0,65,12775.8
2629.073,249.9,2052.0,2404,2,66,12883.6
2629.198,249.9,2052.0,2404,2,66,12982.1
2629.322,249.9,2052.0,2404,2,66,13071.5
2629.447,249.9,2052.0,2404,0,66,13163.0
2629.572,249.9,2052.0,2404,2,66,13223.4
2629.692,249.9,2052.0,2404,2,66,13249.9
2629.809,249.9,2052.0,2404,2,66,13275.5
2629.927,249.9,2052.0,2404,0,66,13337.6
2630.052,273.4,2052.0,2404,2,66,13120.5
2630.172,434.4,2052.0,2404,8,66,13151.7
2630.29,434.4,2052.0,2404,8,66,13182.4
2630.408,563.9,2052.0,2404,6,66,13210.3
2630.526,693.4,2052.0,2404,8,65,13240.5
2630.644,693.4,2052.0,2404,8,66,13270.2
2630.762,275.6,2052.0,2404,12,70,13276.3
2630.88,436.6,2052.0,2404,62,67,13292.6
2630.998,566.1,2052.0,2404,62,66,13321.5
2631.117,695.6,2052.0,2404,14,66,13336.9
2631.235,276.5,2052.0,2404,9,65,13300.7
2631.353,276.5,2052.0,2404,65,69,13083.2
2631.472,437.5,2052.0,2404,65,66,13126.6
2631.594,567.0,2052.0,2404,10,66,13159.0
2631.712,696.5,2052.0,2404,10,66,13190.1
2631.83,696.5,2052.0,2404,10,65,13212.7
2631.948,277.5,2052.0,2404,20,70,13217.0
2632.066,438.5,2052.0,2404,55,66,13267.8
2632.183,438.5,2052.0,2404,9,66,13319.9
2632.301,568.0,2052.0,2404,9,65,13340.7
2632.42,697.5,2052.0,2404,8,65,12915.9
2632.539,278.4,2052.0,2404,32,68,12873.9
2632.658,309.9,2052.0,2404,32,67,12895.1
2632.776,439.4,2052.0,2404,43,66,12940.7
2632.895,568.9,2052.0,2404,6,65,12975.5
2633.013,568.9,2052.0,2404,6,65,12938.1
2633.13,698.4,2052.0,2404,8,65,12968.0
2633.248,698.4,2052.0,2404,8,65,13000.3
2633.366,279.3,2052.0,2404,65,69,13000.6
2633.483,440.3,2052.0,2404,65,66,13019.9
2633.601,440.3,2052.0,2404,7,65,13080.5
2633.718,569.8,2052.0,2404,10,65,13124.7
2633.837,699.3,2052.0,2404,10,65,13172.9
2633.955,699.3,2052.0,2404,7,65,13035.4
2634.076,280.2,2052.0,2404,40,69,13036.7
2634.194,441.2,2052.0,2404,38,66,13065.6
2634.312,700.2,2052.0,2404,38,65,13083.2
2634.43,281.1,2052.0,2404,16,68,13093.0
2634.547,442.2,2052.0,2404,70,66,13113.9
2634.665,571.7,2052.0,2404,70,66,13144.1
2634.784,701.2,2052.0,2404,12,65,13167.6
2634.902,282.1,2052.0,2404,10,67,12977.2
2635.023,289.1,2052.0,2404,68,67,12960.4
2635.141,443.1,2052.0,2404,68,65,12979.7
2635.259,702.1,2052.0,2404,14,65,13008.5
2635.378,283.0,2052.0,2404,28,68,13029.8
2635.496,444.0,2052.0,2404,28,66,13043.0
2635.615,573.5,2052.0,2404,54,65,13062.9
2635.733,703.0,2052.0,2404,14,66,13085.5
2635.851,283.9,2052.0,2404,14,70,13091.5
2635.969,444.9,2052.0,2404,70,66,13117.9
2636.087,574.4,2052.0,2404,9,65,13148.3
2636.205,574.4,2052.0,2404,9,65,13169.6
2636.324,284.8,2052.0,2404,9,66,13060.8
2636.444,316.3,2052.0,2404,50,67,13071.2
2636.562,445.8,2052.0,2404,28,65,13050.1
2636.681,575.3,2052.0,2404,28,65,13078.0
2636.799,704.8,2052.0,2404,10,65,13109.9
2636.917,704.8,2052.0,2404,7,65,13141.0
2637.034,285.8,2052.0,2404,66,68,13143.6
2637.152,446.8,2052.0,2404,66,65,13166.5
2637.27,576.3,2052.0,2404,10,65,13187.2
2637.388,705.8,2052.0,2404,9,65,13195.1
2637.506,705.8,2052.0,2404,9,65,13091.7
2637.624,286.7,2052.0,2404,25,68,13045.8
2637.742,447.7,2052.0,2404,53,65,13072.5
2637.86,577.2,2052.0,2404,53,65,13099.7
2637.978,577.2,2052.0,2404,8,65,13131.2
2638.097,706.7,2052.0,2404,11,65,13156.7
2638.215,287.6,2052.0,2404,65,69,13157.5
2638.333,448.6,2052.0,2404,65,65,13182.0
2638.452,448.6,2052.0,2404,8,65,13202.9
2638.57,578.1,2052.0,2404,8,65,13196.1
2638.689,707.6,2052.0,2404,8,65,13048.2
2638.807,288.5,2052.0,2404,10,65,13069.6
2638.925,288.5,2052.0,2404,57,67,13074.7
2639.042,449.5,2052.0,2404,18,65,13092.4
2639.161,579.0,2052.0,2404,18,65,13112.4
2639.278,579.0,2052.0,2404,9,65,13137.7
2639.396,708.5,2052.0,2404,7,65,13159.3
2639.514,289.4,2052.0,2404,7,68,13172.9
2639.632,321.0,2052.0,2404,61,66,13191.4
2639.749,450.5,2052.0,2404,15,65,13226.5
2639.869,580.0,2052.0,2404,15,65,13253.7
2639.988,709.5,2052.0,2404,11,65,13277.6
2640.109,290.4,2052.0,2404,41,68,13273.5
2640.227,451.4,2052.0,2404,37,65,13322.3
2640.347,580.9,2052.0,2404,37,65,13378.1
2640.466,710.4,2052.0,2404,9,65,13423.7
2640.586,291.3,2052.0,2404,10,66,13452.9
2640.706,291.3,2052.0,2404,67,66,13464.6
2640.825,452.3,2052.0,2404,67,65,13498.7
2640.996,452.3,2052.0,2404,5,65,13472.3
2641.29,581.8,2052.0,2404,2,65,13440.1
2641.601,711.3,2052.0,2404,2,65,13389.8
2641.946,711.3,2052.0,2404,4,65,13376.0
2642.238,292.2,2052.0,2404,53,69,13365.0
2642.386,453.2,2052.0,2404,3,65,13340.6
2642.675,453.2,2052.0,2404,4,65,13314.1
2642.991,582.7,2052.0,2404,4,65,13281.3
2643.33,712.2,2052.0,2404,3,65,13251.7
2643.63,712.2,2052.0,2404,2,64,13216.0
2643.957,712.2,2052.0,2404,1,66,13200.0
2644.102,293.1,2052.0,2404,62,66,13190.3
2644.269,454.1,2052.0,2404,3,65,13157.9
2644.601,583.6,2052.0,2404,2,65,13125.3
2644.923,713.1,2052.0,2404,4,65,13099.4
2645.199,294.1,2052.0,2404,46,69,13085.9
2645.403,455.1,2052.0,2404,4,65,13058.1
2645.698,714.1,2052.0,2404,12,65,13043.0
2645.892,295.0,2052.0,2404,43,68,13033.5
2646.035,456.0,2052.0,2404,33,65,13004.5
2646.272,456.0,2052.0,2404,1,65,12970.2
2646.607,585.5,2052.0,2404,1,65,12939.7
2646.952,715.0,2052.0,2404,40,68,12920.5
2647.188,456.9,2052.0,2404,34,66,12908.1
2647.357,456.9,2052.0,2404,34,65,12890.2
2647.486,456.9,2052.0,2404,1,65,12873.7
2647.606,456.9,2052.0,2404,5,65,12871.6
2647.73,586.4,2052.0,2404,9,65,12869.5
2647.876,296.8,2052.0,2404,40,69,12852.8
2648.095,457.8,2052.0,2404,41,65,12837.0
2648.28,716.8,2052.0,2404,6,65,12815.4
2648.523,297.7,2052.0,2404,6,69,12743.1
2648.642,458.8,2052.0,2404,70,66,12575.0
2648.761,588.3,2052.0,2404,9,65,12553.3
2648.88,588.3,2052.0,2404,9,65,12316.2
2649.004,717.8,2052.0,2404,7,65,12312.1
2649.124,298.7,2052.0,2404,29,69,12320.9
2649.241,459.7,2052.0,2404,47,66,12363.2
2649.359,459.7,2052.0,2404,47,65,12426.3
2649.477,589.2,2052.0,2404,8,65,12476.0
2649.596,718.7,2052.0,2404,10,65,12445.8
2649.716,718.7,2052.0,2404,10,65,12450.1
2649.836,718.7,2052.0,2404,6,65,12444.7
2649.956,718.7,2052.0,2404,1,65,12437.9
2650.076,718.7,2052.0,2404,3,65,12431.1
2650.197,718.7,2052.0,2404,3,65,12424.6
2650.317,299.6,2052.0,2404,1,68,12423.3
2650.435,299.6,2052.0,2404,63,66,12418.1
2650.554,299.6,2052.0,2404,63,65,12411.4
2650.674,299.6,2052.0,2404,3,65,12402.6
2650.793,303.1,2052.0,2404,0,65,12396.8
2650.913,331.1,2052.0,2404,1,65,12390.1
2651.033,331.1,2052.0,2404,1,65,12382.8
2651.153,331.1,2052.0,2404,4,65,12375.1
2651.273,331.1,2052.0,2404,0,65,12368.6
2651.394,460.6,2052.0,2404,0,65,12359.8
2651.514,460.6,2052.0,2404,0,65,12348.1
2651.635,460.6,2052.0,2404,3,65,12338.1
2651.755,460.6,2052.0,2404,0,65,12325.3
2651.874,460.6,2052.0,2404,0,65,12314.3
2651.994,460.6,2052.0,2404,1,65,12302.3
2652.113,460.6,2052.0,2404,3,65,12289.3
2652.232,460.6,2052.0,2404,3,65,12276.9
2652.352,460.6,2052.0,2404,0,65,12262.9
2652.471,460.6,2052.0,2404,0,65,12251.3
2652.591,460.6,2052.0,2404,3,65,12237.8
2652.711,460.6,2052.0,2404,3,65,12222.5
2652.831,460.6,2052.0,2404,0,65,12209.8
2652.951,460.6,2052.0,2404,0,65,12197.4
2653.07,460.6,2052.0,2404,0,65,12187.8
2653.19,460.6,2052.0,2404,4,64,12177.5
2653.309,460.6,2052.0,2404,1,64,12169.8
2653.428,460.6,2052.0,2404,1,64,12158.6
2653.548,460.6,2052.0,2404,1,64,12147.6
2653.667,460.6,2052.0,2404,4,64,12134.6
2653.786,590.1,2052.0,2404,3,64,12096.9
2653.907,719.6,2052.0,2404,3,64,12063.3
2654.027,719.6,2052.0,2404,7,64,11858.5
2654.151,250.4,2052.0,2404,29,65,11821.4
2654.268,250.4,2052.0,2404,57,65,11906.5
2654.392,250.4,2052.0,2404,57,64,12028.2
2654.516,250.4,2052.0,2404,0,64,12115.1
2654.64,250.4,2052.0,2404,3,64,12096.4
2654.765,250.4,2052.0,2404,0,64,12175.6
2654.891,250.4,2052.0,2404,0,64,12247.5
2655.019,250.4,2052.0,2404,0,64,12362.5
2655.144,250.4,2052.0,2404,3,64,12435.9
2655.268,250.4,2052.0,2404,0,64,12467.2
2655.393,250.4,2052.0,2404,0,64,12551.2
2655.519,250.4,2052.0,2404,0,64,12604.9
2655.646,250.4,2052.0,2404,3,64,12578.7
2655.773,250.4,2052.0,2404,0,64,12689.5
2655.897,250.4,2052.0,2404,0,64,12725.3
2656.022,250.4,2052.0,2404,0,64,12734.8
2656.147,250.4,2052.0,2404,3,64,12781.8
2656.272,250.4,2052.0,2404,0,64,12800.8
2656.41,250.4,2052.0,2404,0,64,12809.0
2656.537,250.4,2052.0,2404,0,64,12931.4
2656.661,250.4,2052.0,2404,3,64,13020.7
2656.786,250.4,2052.0,2404,0,64,13119.9
2656.913,250.4,2052.0,2404,0,64,13056.2
2657.04,250.4,2052.0,2404,0,64,12979.3
2657.166,247.3,2052.0,2404,3,64,12852.6
2657.284,305.1,2052.0,2404,3,64,12893.3
2657.402,434.6,2052.0,2404,3,64,12937.9
2657.52,564.1,2052.0,2404,6,64,12981.4
2657.638,564.1,2052.0,2404,10,64,13015.0
2657.755,693.6,2052.0,2404,10,64,13054.4
2657.873,693.6,2052.0,2404,6,64,13088.5
2657.991,276.0,2052.0,2404,43,67,13088.7
2658.109,307.5,2052.0,2404,53,65,13113.8
2658.23,437.0,2052.0,2404,53,65,13135.6
2658.348,566.5,2052.0,2404,8,65,13003.2
2658.466,696.0,2052.0,2404,7,65,13038.3
2658.584,696.0,2052.0,2404,7,65,13070.8
2658.703,276.9,2052.0,2404,10,68,13077.8
2658.82,308.4,2052.0,2404,84,67,13094.8
2658.938,437.9,2052.0,2404,84,65,13119.4
2659.056,567.4,2052.0,2404,7,65,13146.4
2659.174,567.4,2052.0,2404,10,65,13132.0
2659.293,696.9,2052.0,2404,7,65,13156.3
2659.412,277.9,2052.0,2404,7,67,13168.0
2659.529,277.9,2052.0,2404,56,67,13161.7
2659.647,438.9,2052.0,2404,36,65,13138.7
2659.766,568.4,2052.0,2404,36,65,13163.1
2659.883,568.4,2052.0,2404,8,65,13160.2
2660.001,697.9,2052.0,2404,7,65,13187.2
2660.12,278.8,2052.0,2404,40,68,13199.0
2660.237,278.8,2052.0,2404,40,67,13201.1
2660.356,439.8,2052.0,2404,51,65,13222.6
2660.474,569.3,2052.0,2404,7,65,13249.6
2660.593,698.8,2052.0,2404,7,65,13269.8
2660.712,698.8,2052.0,2404,11,65,13289.0
2660.83,279.7,2052.0,2404,37,68,13281.5
2660.948,311.2,2052.0,2404,53,66,13284.8
2661.066,570.2,2052.0,2404,53,65,13301.1
2661.184,699.7,2052.0,2404,14,65,13320.2
2661.302,699.7,2052.0,2404,7,65,13345.1
2661.421,280.6,2052.0,2404,7,68,13340.5
2661.54,441.6,2052.0,2404,73,66,13344.8
2661.659,571.1,2052.0,2404,24,65,13353.8
2661.777,700.6,2052.0,2404,24,65,13368.6
2661.897,281.5,2052.0,2404,12,69,13358.2
2662.015,442.6,2052.0,2404,82,66,13368.7
2662.134,572.1,2052.0,2404,14,65,13399.5
2662.252,701.6,2052.0,2404,14,65,13423.3
2662.37,282.5,2052.0,2404,9,68,13427.1
2662.489,282.5,2052.0,2404,82,67,13423.8
2662.608,573.0,2052.0,2404,82,66,13436.1
2662.727,702.5,2052.0,2404,16,65,13449.4
2662.866,283.4,2052.0,2404,13,69,13438.9
2663.026,444.4,2052.0,2404,82,66,13431.6
2663.232,573.9,2052.0,2404,8,65,13413.4
2663.46,284.3,2052.0,2404,44,69,13399.4
2663.641,445.3,2052.0,2404,52,65,13380.9
2663.9,574.8,2052.0,2404,4,65,13356.1
2664.174,574.8,2052.0,2404,2,65,13285.1
2664.543,285.2,2052.0,2404,4,67,13282.6
2664.717,292.2,2052.0,2404,66,66,13271.0
2664.881,446.2,2052.0,2404,4,65,13241.8
2665.17,575.7,2052.0,2404,2,65,13215.2
2665.442,705.2,2052.0,2404,5,65,13184.4
2665.735,705.2,2052.0,2404,27,69,13157.5
2666.027,447.2,2052.0,2404,5,65,13129.6
2666.315,576.7,2052.0,2404,3,65,13102.3
2666.591,706.2,2052.0,2404,9,65,13078.0
2666.828,287.1,2052.0,2404,18,70,13056.0
2667.062,448.1,2052.0,2404,8,66,13034.3
2667.305,577.6,2052.0,2404,8,65,13008.2
2667.579,288.0,2052.0,2404,53,68,12986.1
2667.873,449.0,2052.0,2404,4,66,12964.1
2668.115,578.5,2052.0,2404,7,65,12914.8
2668.417,578.5,2052.0,2404,7,65,12882.5
2668.68,708.0,2052.0,2404,60,69,12866.0
2668.951,449.9,2052.0,2404,26,66,12844.1
2669.206,579.4,2052.0,2404,6,66,12835.7
2669.417,708.9,2052.0,2404,6,65,12814.6
2669.632,289.8,2052.0,2404,6,66,12397.1
2669.752,289.8,2052.0,2404,35,70,12281.1
2669.871,450.8,2052.0,2404,57,66,12294.9
2669.994,580.3,2052.0,2404,10,66,12319.9
2670.112,709.8,2052.0,2404,10,66,12348.1
2670.23,746.9,2052.0,2404,11,65,12369.4
2670.347,290.8,2052.0,2404,61,69,12369.4
2670.465,451.8,2052.0,2404,61,66,12395.2
2670.584,581.3,2052.0,2404,32,66,12422.5
2670.701,710.8,2052.0,2404,11,65,12452.3
2670.819,710.8,2052.0,2404,9,65,12478.3
2670.939,291.7,2052.0,2404,9,69,12479.4
2671.056,452.7,2052.0,2404,84,66,12494.2
2671.174,582.2,2052.0,2404,11,66,12513.7
2671.292,711.7,2052.0,2404,11,65,12536.6
2671.409,711.7,2052.0,2404,9,65,12537.7
2671.531,292.6,2052.0,2404,8,68,12545.3
2671.65,292.6,2052.0,2404,84,68,12543.0
2671.77,453.6,2052.0,2404,84,66,12561.0
2671.891,583.1,2052.0,2404,9,65,12580.5
2672.01,712.6,2052.0,2404,9,65,12605.4
2672.129,712.6,2052.0,2404,9,65,12632.4
2672.249,293.5,2052.0,2404,21,69,12622.6
2672.369,454.5,2052.0,2404,72,66,12642.6
2672.489,584.0,2052.0,2404,12,66,12666.4
2672.608,713.5,2052.0,2404,12,65,12687.3
2672.728,294.4,2052.0,2404,11,67,12692.1
2672.848,294.4,2052.0,2404,80,68,12686.4
2672.968,455.5,2052.0,2404,80,66,12699.2
2673.089,714.5,2052.0,2404,12,65,12704.1
2673.209,295.4,2052.0,2404,22,69,12700.6
2673.328,326.9,2052.0,2404,75,67,12696.6
2673.448,456.4,2052.0,2404,75,66,12674.6
2673.567,585.9,2052.0,2404,10,65,12473.6
2673.686,715.4,2052.0,2404,11,65,12436.5
2673.805,296.3,2052.0,2404,11,69,12310.9
2673.925,327.8,2052.0,2404,74,66,12339.5
2674.043,457.3,2052.0,2404,18,66,12392.1
2674.161,586.8,2052.0,2404,9,65,12444.4
2674.278,586.8,2052.0,2404,9,65,12480.9
2674.397,716.3,2052.0,2404,8,65,12518.5
2674.515,297.2,2052.0,2404,48,68,12523.9
2674.633,328.7,2052.0,2404,48,67,12487.7
2674.753,458.2,2052.0,2404,47,66,12401.4
2674.871,587.7,2052.0,2404,8,65,12438.2
2674.989,717.2,2052.0,2404,8,65,12469.5
2675.107,298.1,2052.0,2404,10,66,12503.2
2675.224,298.1,2052.0,2404,54,70,12505.0
2675.342,459.1,2052.0,2404,37,66,12411.0
2675.462,588.6,2052.0,2404,37,65,12404.5
2675.58,718.1,2052.0,2404,10,65,12430.1
2675.698,718.1,2052.0,2404,9,65,12449.2
2675.816,299.1,2052.0,2404,9,69,12450.8
2675.934,330.6,2052.0,2404,72,66,12465.0
2676.052,460.1,2052.0,2404,20,65,12485.4
2676.17,589.6,2052.0,2404,11,65,12514.8
2676.289,719.1,2052.0,2404,11,65,12559.6
2676.408,300.0,2052.0,2404,8,67,12469.3
2676.526,303.5,2052.0,2404,87,67,12260.6
2676.645,461.0,2052.0,2404,87,66,12292.0
2676.763,461.0,2052.0,2404,7,65,12321.5
2676.882,590.5,2052.0,2404,7,65,12345.3
2676.999,720.0,2052.0,2404,9,65,12375.4
2677.117,250.8,2052.0,2404,9,66,12394.4
2677.235,250.8,2052.0,2404,54,70,12397.9
2677.353,250.8,2052.0,2404,32,66,12522.5
2677.477,250.8,2052.0,2404,32,65,12584.3
2677.606,250.8,2052.0,2404,2,65,12646.9
2677.733,250.8,2052.0,2404,2,65,12699.1
2677.859,250.8,2052.0,2404,0,65,12772.9
2677.985,250.8,2052.0,2404,0,65,12839.3
2678.112,250.8,2052.0,2404,3,65,12901.3
2678.24,250.8,2052.0,2404,2,65,12971.9
2678.367,250.8,2052.0,2404,0,65,13034.3
2678.493,250.8,2052.0,2404,0,65,13108.2
2678.619,250.8,2052.0,2404,4,65,13186.2
2678.76,250.8,2052.0,2404,2,65,13183.2
2678.9,250.8,2052.0,2404,0,65,12918.2
2679.026,250.8,2052.0,2404,2,65,12820.8
2679.151,250.8,2052.0,2404,2,65,12899.4
2679.275,250.8,2052.0,2404,2,65,12991.0
2679.4,250.8,2052.0,2404,0,65,13077.4
2679.525,250.8,2052.0,2404,3,65,13151.8
2679.653,250.8,2052.0,2404,3,65,13076.0
2679.777,250.8,2052.0,2404,2,65,13160.5
2679.902,250.8,2052.0,2404,0,65,13218.8
2680.022,250.8,2052.0,2404,2,65,13270.6
2680.14,250.8,2052.0,2404,2,65,13295.5
2680.258,250.8,2052.0,2404,2,65,13320.0
2680.375,250.8,2052.0,2404,0,65,13346.8
2680.493,250.8,2052.0,2404,0,65,13144.3
2680.614,305.4,2052.0,2404,2,65,13079.8
2680.732,434.9,2052.0,2404,9,65,13104.3
2680.85,564.4,2052.0,2404,10,65,13129.2
2680.968,693.9,2052.0,2404,10,65,13154.8
2681.086,276.6,2052.0,2404,9,68,13166.5
2681.204,276.6,2052.0,2404,97,69,13167.2
2681.322,567.1,2052.0,2404,97,66,13185.4
2681.44,696.6,2052.0,2404,24,66,13208.1
2681.558,277.6,2052.0,2404,10,65,13226.8
2681.675,277.6,2052.0,2404,10,69,13226.8
2681.793,309.1,2052.0,2404,89,67,13244.3
2681.911,438.6,2052.0,2404,18,66,13275.8
2682.03,568.1,2052.0,2404,9,65,13304.8
2682.149,568.1,2052.0,2404,9,65,13333.9
2682.266,697.6,2052.0,2404,8,65,13359.4
2682.384,278.5,2052.0,2404,31,68,13357.2
2682.504,278.5,2052.0,2404,31,69,12963.2
2682.627,439.5,2052.0,2404,79,66,12996.5
2682.745,439.5,2052.0,2404,8,65,13029.7
2682.863,569.0,2052.0,2404,7,65,13063.0
2682.98,698.5,2052.0,2404,7,65,13094.2
2683.098,698.5,2052.0,2404,9,65,13124.9
2683.216,279.4,2052.0,2404,60,69,13124.9
2683.334,279.4,2052.0,2404,60,67,13138.6
2683.453,440.4,2052.0,2404,52,65,13170.9
2683.57,440.4,2052.0,2404,7,65,13207.5
2683.688,569.9,2052.0,2404,7,65,13241.9
2683.806,699.4,2052.0,2404,8,65,13269.2
2683.924,699.4,2052.0,2404,6,65,13296.8
2684.042,280.3,2052.0,2404,24,66,13315.2
2684.16,280.3,2052.0,2404,24,69,13315.2
2684.278,441.3,2052.0,2404,83,66,13335.5
2684.396,441.3,2052.0,2404,6,65,13274.5
2684.516,570.8,2052.0,2404,6,65,13234.6
2684.635,700.3,2052.0,2404,11,65,13269.1
2684.753,700.3,2052.0,2404,8,65,13301.6
2684.871,281.2,2052.0,2404,58,68,13305.3
2684.989,281.2,2052.0,2404,58,67,13316.2
2685.107,442.2,2052.0,2404,53,65,13333.7
2685.225,571.7,2052.0,2404,14,65,13350.9
2685.343,282.2,2052.0,2404,14,66,13366.5
2685.477,282.2,2052.0,2404,30,68,13364.0
2685.596,443.2,2052.0,2404,92,66,13370.9
2685.715,572.7,2052.0,2404,14,65,13395.9
2685.835,702.2,2052.0,2404,14,65,13419.6
2685.954,283.1,2052.0,2404,10,67,13423.9
2686.073,283.1,2052.0,2404,84,69,13413.9
2686.192,444.1,2052.0,2404,84,66,13437.1
2686.311,573.6,2052.0,2404,29,65,13461.1
2686.431,703.1,2052.0,2404,11,65,13489.9
2686.55,284.0,2052.0,2404,43,68,13491.8
2686.67,284.0,2052.0,2404,43,69,13486.4
2686.79,445.0,2052.0,2404,71,66,13512.2
2686.909,574.5,2052.0,2404,10,65,13538.5
2687.028,704.0,2052.0,2404,10,65,13569.1
2687.148,284.9,2052.0,2404,12,68,13567.3
2687.267,316.4,2052.0,2404,93,67,13566.2
2687.387,445.9,2052.0,2404,21,66,13585.4
2687.51,575.4,2052.0,2404,8,65,13600.8
2687.675,704.9,2052.0,2404,8,65,13578.4
2687.922,285.8,2052.0,2404,29,69,13556.2
2688.146,446.9,2052.0,2404,5,65,13540.5
2688.422,446.9,2052.0,2404,3,65,13515.1
2688.744,576.4,2052.0,2404,1,65,13489.8
2689.028,705.9,2052.0,2404,2,65,13459.6
2689.337,705.9,2052.0,2404,3,65,13426.1
2689.657,286.8,2052.0,2404,3,68,13419.2
2689.787,318.3,2052.0,2404,92,66,13407.7
2689.959,447.8,2052.0,2404,4,65,13376.6
2690.259,577.3,2052.0,2404,2,65,13344.4
2690.578,706.8,2052.0,2404,2,65,13315.9
2690.885,706.8,2052.0,2404,4,65,13281.3
2691.172,287.7,2052.0,2404,4,68,13271.2
2691.294,319.2,2052.0,2404,89,67,13268.4
2691.433,448.7,2052.0,2404,4,65,13244.8
2691.693,578.2,2052.0,2404,7,65,13214.2
2692.002,707.7,2052.0,2404,8,65,13184.5
2692.296,288.6,2052.0,2404,97,69,13170.1
2692.516,449.6,2052.0,2404,11,65,13143.9
2692.796,449.6,2052.0,2404,3,65,13112.0
2693.116,579.1,2052.0,2404,2,65,13065.4
2693.419,708.6,2052.0,2404,4,65,13060.1
2693.618,708.6,2052.0,2404,7,68,13049.6
2693.82,289.5,2052.0,2404,70,66,13043.5
2693.961,450.5,2052.0,2404,36,65,13036.0
2694.159,450.5,2052.0,2404,4,65,12955.2
2694.416,580.0,2052.0,2404,5,65,12630.9
2694.536,709.5,2052.0,2404,5,65,12617.3
2694.654,290.5,2052.0,2404,14,68,12625.2
2694.772,290.5,2052.0,2404,100,67,12634.6
2694.893,451.5,2052.0,2404,100,66,12664.8
2695.01,581.0,2052.0,2404,10,65,12694.6
2695.128,710.5,2052.0,2404,13,65,12717.5
2695.247,291.4,2052.0,2404,23,66,12721.1
2695.366,291.4,2052.0,2404,23,68,12656.1
2695.483,452.4,2052.0,2404,96,66,12384.6
2695.603,452.4,2052.0,2404,12,65,12387.7
2695.721,581.9,2052.0,2404,12,65,12412.8
2695.84,711.4,2052.0,2404,8,65,12438.3
2695.958,292.3,2052.0,2404,11,67,12450.1
2696.076,292.3,2052.0,2404,100,69,12450.2
2696.194,453.3,2052.0,2404,100,66,12484.4
2696.312,453.3,2052.0,2404,10,65,12503.5
2696.43,582.8,2052.0,2404,9,65,12523.9
2696.547,712.3,2052.0,2404,9,65,12554.9
2696.666,293.2,2052.0,2404,11,67,12574.7
2696.783,293.2,2052.0,2404,70,69,12574.7
2696.901,454.2,2052.0,2404,70,66,12593.7
2697.019,454.2,2052.0,2404,41,65,12617.6
2697.138,583.7,2052.0,2404,11,65,12643.1
2697.255,713.2,2052.0,2404,6,65,12672.1
2697.374,713.2,2052.0,2404,6,65,12703.2
2697.492,294.1,2052.0,2404,6,67,12717.6
2697.612,294.1,2052.0,2404,91,69,12722.4
2697.731,455.2,2052.0,2404,91,66,12744.2
2697.85,584.7,2052.0,2404,22,65,12778.5
2697.969,714.2,2052.0,2404,8,65,12796.9
2698.088,295.1,2052.0,2404,42,67,12798.5
2698.209,295.1,2052.0,2404,42,70,12791.1
2698.329,456.1,2052.0,2404,73,66,12808.3
2698.449,715.1,2052.0,2404,14,65,12815.0
2698.569,296.0,2052.0,2404,14,67,12810.6
2698.689,296.0,2052.0,2404,55,70,12802.0
2698.808,457.0,2052.0,2404,62,66,12827.3
2698.928,586.5,2052.0,2404,9,65,12865.3
2699.047,296.9,2052.0,2404,9,66,12868.5
2699.167,296.9,2052.0,2404,48,69,12858.7
2699.287,457.9,2052.0,2404,70,66,12868.4
2699.407,716.9,2052.0,2404,70,65,12876.0
2699.527,297.8,2052.0,2404,20,68,12867.7
2699.648,458.8,2052.0,2404,95,68,12862.8
2699.768,717.8,2052.0,2404,32,66,12870.8
2699.888,298.8,2052.0,2404,32,68,12861.0
2700.007,459.8,2052.0,2404,88,67,12858.4
2700.127,589.3,2052.0,2404,34,66,12874.5
2700.246,718.8,2052.0,2404,34,65,12886.7
2700.365,299.7,2052.0,2404,14,69,12874.9
2700.485,331.2,2052.0,2404,100,67,12876.8
2700.607,590.2,2052.0,2404,17,65,12884.9
2700.802,719.7,2052.0,2404,4,65,12876.9
2701.077,300.6,2052.0,2404,67,67,12853.7
2701.382,461.6,2052.0,2404,6,65,12808.3
2701.678,720.6,2052.0,2404,8,65,12806.9
2701.83,251.4,2052.0,2404,37,69,12796.3
2701.956,251.4,2052.0,2404,3,65,12791.6
2702.298,251.4,2052.0,2404,0,65,12656.7
2702.426,251.4,2052.0,2404,0,65,12289.0
2702.566,251.4,2052.0,2404,0,65,12260.1
2702.691,251.4,2052.0,2404,3,65,12331.7
2702.816,251.4,2052.0,2404,0,65,12395.6
2702.941,251.4,2052.0,2404,0,65,12484.6
2703.067,251.4,2052.0,2404,0,65,12575.0
2703.194,251.4,2052.0,2404,3,65,12665.3
2703.318,251.4,2052.0,2404,0,65,12740.3
2703.444,251.4,2052.0,2404,0,65,12822.5
2703.569,251.4,2052.0,2404,0,65,12871.7
2703.696,251.4,2052.0,2404,3,65,12832.8
2703.822,251.4,2052.0,2404,0,65,12918.5
2703.949,251.4,2052.0,2404,0,65,13016.6
2704.074,251.4,2052.0,2404,0,65,13093.3
2704.2,251.4,2052.0,2404,3,65,13154.7
2704.327,251.4,2052.0,2404,0,65,13220.8
2704.455,251.4,2052.0,2404,0,65,13269.9
2704.583,251.4,2052.0,2404,0,65,13344.0
2704.71,251.4,2052.0,2404,3,65,13403.8
2704.837,251.4,2052.0,2404,0,65,13466.7
2704.965,251.4,2052.0,2404,0,65,13536.0
2705.092,251.4,2052.0,2404,3,64,13564.6
2705.381,251.4,2052.0,2404,0,65,13572.4
2705.673,251.4,2052.0,2404,3,65,13570.8
2705.889,251.4,2052.0,2404,0,64,13568.7
2706.08,251.4,2052.0,2404,3,65,13553.0
2706.3,251.4,2052.0,2404,0,65,13546.4
2706.496,251.4,2052.0,2404,0,64,13535.7
2706.932,251.4,2052.0,2404,0,64,13488.4
2707.199,247.3,2052.0,2404,3,65,12648.3
2707.319,435.2,2052.0,2404,2,64,12605.4
2707.437,435.2,2052.0,2404,2,64,12634.2
2707.555,564.7,2052.0,2404,7,65,12665.6
2707.673,564.7,2052.0,2404,10,64,12693.2
2707.792,694.2,2052.0,2404,6,64,12726.3
2707.91,730.3,2052.0,2404,6,64,12753.3
2708.028,277.1,2052.0,2404,37,67,12753.3
2708.145,277.1,2052.0,2404,89,66,12765.3
2708.264,438.1,2052.0,2404,89,65,12794.2
2708.382,567.6,2052.0,2404,8,65,12823.6
2708.5,697.1,2052.0,2404,8,65,12851.4
2708.618,697.1,2052.0,2404,10,64,12885.6
2708.736,278.1,2052.0,2404,10,66,12897.2
2708.854,278.1,2052.0,2404,68,69,12897.2
2708.971,439.1,2052.0,2404,42,66,12925.5
2709.09,439.1,2052.0,2404,42,65,12958.3
2709.207,568.6,2052.0,2404,10,65,12987.6
2709.326,568.6,2052.0,2404,6,65,13016.8
2709.445,698.1,2052.0,2404,6,65,13045.2
2709.563,279.0,2052.0,2404,6,65,13064.4
2709.68,279.0,2052.0,2404,57,71,13064.4
2709.798,310.5,2052.0,2404,50,66,13092.8
2709.916,440.0,2052.0,2404,50,65,13127.2
2710.034,569.5,2052.0,2404,6,65,13156.9
2710.152,569.5,2052.0,2404,9,65,13013.0
2710.27,699.0,2052.0,2404,9,65,13018.4
2710.389,279.9,2052.0,2404,7,67,13029.8
2710.507,279.9,2052.0,2404,80,69,13030.8
2710.625,440.9,2052.0,2404,29,65,13058.0
2710.744,440.9,2052.0,2404,29,65,13087.7
2710.862,570.4,2052.0,2404,6,64,13115.5
2710.98,570.4,2052.0,2404,6,65,13140.1
2711.097,699.9,2052.0,2404,6,64,13164.2
2711.215,699.9,2052.0,2404,9,65,13186.4
2711.333,280.8,2052.0,2404,56,68,13186.4
2711.45,287.8,2052.0,2404,56,67,13197.4
2711.568,441.8,2052.0,2404,51,65,13163.4
2711.688,571.3,2052.0,2404,11,65,13051.0
2711.806,700.8,2052.0,2404,7,65,13078.6
2711.924,700.8,2052.0,2404,7,65,13103.6
2712.043,281.7,2052.0,2404,7,66,13120.6
2712.161,281.7,2052.0,2404,77,70,13120.6
2712.279,442.8,2052.0,2404,77,66,13137.8
2712.397,572.3,2052.0,2404,31,65,13155.9
2712.515,572.3,2052.0,2404,10,64,13178.6
2712.633,701.8,2052.0,2404,14,64,13199.5
2712.751,282.7,2052.0,2404,14,69,13199.5
2712.869,314.2,2052.0,2404,100,66,13176.8
2712.989,443.7,2052.0,2404,10,65,13127.3
2713.107,573.2,2052.0,2404,10,65,13129.4
2713.227,702.7,2052.0,2404,11,64,13116.3
2713.344,283.6,2052.0,2404,22,68,13104.9
2713.462,283.6,2052.0,2404,22,68,13107.4
2713.579,444.6,2052.0,2404,86,65,13131.0
2713.697,574.1,2052.0,2404,13,65,13155.7
2713.815,703.6,2052.0,2404,9,65,13187.9
2713.933,284.5,2052.0,2404,9,66,13205.3
2714.05,284.5,2052.0,2404,55,69,13205.3
2714.169,445.5,2052.0,2404,55,66,13157.3
2714.289,575.0,2052.0,2404,55,65,13100.4
2714.407,575.0,2052.0,2404,9,65,13096.5
2714.527,704.5,2052.0,2404,10,65,13102.2
2714.646,285.4,2052.0,2404,67,69,13104.7
2714.764,316.9,2052.0,2404,67,66,13114.8
2714.882,575.9,2052.0,2404,43,65,13125.0
2715.001,575.9,2052.0,2404,11,65,13045.4
2715.119,705.4,2052.0,2404,11,65,13064.9
2715.237,286.4,2052.0,2404,9,69,13069.7
2715.355,286.4,2052.0,2404,92,68,13075.0
2715.473,447.4,2052.0,2404,92,65,13101.2
2715.591,447.4,2052.0,2404,15,65,13127.7
2715.71,576.9,2052.0,2404,8,64,13157.6
2715.828,706.4,2052.0,2404,6,64,13190.8
2715.946,706.4,2052.0,2404,6,64,13219.6
2716.065,287.3,2052.0,2404,20,68,13212.0
2716.183,287.3,2052.0,2404,90,67,13211.4
2716.302,448.3,2052.0,2404,90,65,13236.3
2716.42,577.8,2052.0,2404,8,64,13254.2
2716.539,707.3,2052.0,2404,10,64,13270.3
2716.658,288.2,2052.0,2404,25,66,13281.5
2716.776,288.2,2052.0,2404,25,67,13273.0
2716.895,319.7,2052.0,2404,100,65,13277.1
2717.015,449.2,2052.0,2404,11,64,13290.3
2717.134,578.7,2052.0,2404,11,64,13305.4
2717.253,708.2,2052.0,2404,11,64,13323.8
2717.372,289.1,2052.0,2404,34,67,13317.9
2717.491,289.1,2052.0,2404,84,66,13312.9
2717.613,450.1,2052.0,2404,84,65,13325.5
2717.731,579.6,2052.0,2404,9,65,13341.9
2717.85,579.6,2052.0,2404,7,64,13349.8
2717.968,709.1,2052.0,2404,7,64,13374.2
2718.089,290.0,2052.0,2404,13,68,13366.7
2718.209,293.6,2052.0,2404,97,66,13368.4
2718.329,451.1,2052.0,2404,6,65,13379.3
2718.462,580.6,2052.0,2404,7,64,13347.9
2718.758,710.1,2052.0,2404,5,64,13324.4
2719.051,291.0,2052.0,2404,93,68,13306.6
2719.304,452.0,2052.0,2404,14,65,13280.4
2719.58,581.5,2052.0,2404,7,64,13254.6
2719.863,711.0,2052.0,2404,2,64,13212.7
2720.151,291.9,2052.0,2404,2,68,13210.4
2720.28,291.9,2052.0,2404,57,68,13205.3
2720.408,452.9,2052.0,2404,5,65,13171.2
2720.719,582.4,2052.0,2404,2,65,13139.1
2721.036,711.9,2052.0,2404,4,65,13111.4
2721.312,292.8,2052.0,2404,62,68,13103.1
2721.496,296.3,2052.0,2404,58,65,13086.8
2721.692,453.8,2052.0,2404,9,65,13078.7
2721.893,583.3,2052.0,2404,5,65,13053.1
2722.134,712.8,2052.0,2404,5,65,12897.0
2722.253,293.7,2052.0,2404,24,68,12537.0
2722.372,300.7,2052.0,2404,86,67,12542.1
2722.496,454.7,2052.0,2404,86,65,12564.6
2722.613,584.2,2052.0,2404,9,65,12587.2
2722.731,584.2,2052.0,2404,8,65,12618.8
2722.849,713.7,2052.0,2404,6,65,12644.5
2722.967,713.7,2052.0,2404,6,65,12681.4
2723.085,294.7,2052.0,2404,34,70,12681.4
2723.202,326.2,2052.0,2404,73,66,12707.1
2723.319,455.7,2052.0,2404,73,65,12729.9
2723.437,585.2,2052.0,2404,8,65,12760.3
2723.555,714.7,2052.0,2404,8,65,12786.7
2723.673,714.7,2052.0,2404,8,65,12806.1
2723.79,295.6,2052.0,2404,9,69,12809.3
2723.908,295.6,2052.0,2404,93,67,12817.8
2724.026,456.6,2052.0,2404,17,65,12818.3
2724.146,715.6,2052.0,2404,17,65,12824.2
2724.264,296.5,2052.0,2404,16,66,12820.7
2724.381,296.5,2052.0,2404,93,69,12811.3
2724.5,457.5,2052.0,2404,93,65,12833.5
2724.618,587.0,2052.0,2404,21,65,12868.6
2724.737,716.5,2052.0,2404,11,65,12879.4
2724.857,297.4,2052.0,2404,74,69,12869.0
2724.977,458.4,2052.0,2404,74,66,12872.7
2725.096,587.9,2052.0,2404,42,65,12886.1
2725.215,298.3,2052.0,2404,17,66,12892.1
2725.334,298.3,2052.0,2404,17,70,12881.7
2725.453,459.4,2052.0,2404,94,66,12885.0
2725.572,718.4,2052.0,2404,23,65,12891.6
2725.691,299.3,2052.0,2404,72,68,12881.9
2725.812,460.3,2052.0,2404,72,67,12880.6
2725.931,589.8,2052.0,2404,45,65,12900.7
2726.05,719.3,2052.0,2404,13,65,12918.3
2726.17,300.2,2052.0,2404,13,70,12911.9
2726.289,331.7,2052.0,2404,76,67,12913.8
2726.409,461.2,2052.0,2404,34,65,12938.4
2726.529,590.7,2052.0,2404,11,65,12936.8
2726.8,720.2,2052.0,2404,4,65,12906.9
2727.097,301.1,2052.0,2404,18,69,12899.3
2727.239,308.1,2052.0,2404,2,65,12875.4
2727.495,462.1,2052.0,2404,2,65,12833.7
2727.858,462.1,2052.0,2404,3,65,12797.7
2728.172,591.6,2052.0,2404,4,65,12742.9
2728.445,721.1,2052.0,2404,4,65,12715.2
2728.747,252.0,2052.0,2404,84,70,12700.2
2729.015,252.0,2052.0,2404,26,65,12687.1
2729.282,252.0,2052.0,2404,2,65,12533.0
2729.41,252.0,2052.0,2404,0,65,12304.0
2729.536,252.0,2052.0,2404,2,65,12382.7
2729.66,252.0,2052.0,2404,2,65,12458.6
2729.784,252.0,2052.0,2404,2,65,12531.5
2729.909,252.0,2052.0,2404,0,65,12584.0
2730.036,252.0,2052.0,2404,2,65,12614.9
2730.161,252.0,2052.0,2404,2,65,12490.9
2730.286,252.0,2052.0,2404,2,65,12573.7
2730.411,252.0,2052.0,2404,0,65,12655.7
2730.535,252.0,2052.0,2404,2,65,12732.9
2730.663,252.0,2052.0,2404,2,65,12807.3
2730.788,252.0,2052.0,2404,2,65,12827.5
2730.916,252.0,2052.0,2404,0,65,12847.2
2731.041,252.0,2052.0,2404,2,65,12812.8
2731.167,252.0,2052.0,2404,2,65,12877.5
2731.292,252.0,2052.0,2404,2,65,12849.2
2731.416,252.0,2052.0,2404,0,65,12925.7
2731.541,252.0,2052.0,2404,2,65,12998.7
2731.665,252.0,2052.0,2404,2,65,13060.5
2731.792,252.0,2052.0,2404,2,65,13171.2
2731.916,252.0,2052.0,2404,0,65,13183.4
2732.044,252.0,2052.0,2404,2,65,12884.4
2732.17,252.0,2052.0,2404,2,65,12772.8
2732.296,252.0,2052.0,2404,2,65,12855.6
2732.42,252.0,2052.0,2404,0,65,12898.9
2732.542,252.0,2052.0,2404,0,65,12914.5
2732.66,247.3,2052.0,2404,3,65,12722.6
2732.778,305.8,2052.0,2404,1,65,12771.1
2732.896,435.3,2052.0,2404,6,65,12808.9
2733.014,564.8,2052.0,2404,6,65,12852.6
2733.132,564.8,2052.0,2404,9,65,12894.9
2733.249,694.3,2052.0,2404,6,65,12934.5
2733.368,694.3,2052.0,2404,6,65,12981.7
2733.485,277.4,2052.0,2404,6,68,12991.7
2733.603,277.4,2052.0,2404,88,68,13003.3
2733.721,438.4,2052.0,2404,21,66,13050.9
2733.839,438.4,2052.0,2404,21,65,13107.2
2733.957,567.9,2052.0,2404,7,65,13144.3
2734.075,697.4,2052.0,2404,9,65,13182.5
2734.193,697.4,2052.0,2404,9,65,13229.1
2734.311,278.3,2052.0,2404,7,69,13239.3
2734.429,278.3,2052.0,2404,95,67,13256.9
2734.547,439.3,2052.0,2404,95,65,13326.2
2734.666,568.8,2052.0,2404,17,65,13393.2
2734.784,568.8,2052.0,2404,9,65,13474.7
2734.903,698.3,2052.0,2404,8,65,13516.9
2735.022,279.2,2052.0,2404,8,68,13522.1
2735.141,279.2,2052.0,2404,74,69,13526.5
2735.26,440.2,2052.0,2404,37,66,13594.7
2735.379,569.7,2052.0,2404,37,65,13658.4
2735.499,569.7,2052.0,2404,4,65,13646.3
2735.792,699.2,2052.0,2404,1,65,13622.3
2736.097,699.2,2052.0,2404,3,65,13595.2
2736.401,280.1,2052.0,2404,70,70,13577.9
2736.549,441.1,2052.0,2404,39,65,13563.2
2736.809,441.1,2052.0,2404,2,65,13531.5
2737.134,570.6,2052.0,2404,2,65,13496.3
2737.469,570.6,2052.0,2404,4,65,13463.9
2737.776,700.1,2052.0,2404,1,65,13432.3
2738.09,700.1,2052.0,2404,20,68,13403.6
2738.405,281.1,2052.0,2404,83,67,13395.6
2738.538,442.1,2052.0,2404,6,66,13379.2
2738.708,442.1,2052.0,2404,1,65,13342.8
2739.041,571.6,2052.0,2404,1,65,13308.3
2739.365,571.6,2052.0,2404,3,65,13275.0
2739.676,701.1,2052.0,2404,4,65,13208.0
2739.825,282.0,2052.0,2404,5,68,12677.2
2739.949,282.0,2052.0,2404,84,68,12639.7
2740.067,443.0,2052.0,2404,84,65,12662.6
2740.186,572.5,2052.0,2404,48,65,12685.6
2740.303,572.5,2052.0,2404,8,65,12709.9
2740.422,702.0,2052.0,2404,8,65,12705.7
2740.54,282.9,2052.0,2404,8,69,12720.8
2740.658,282.9,2052.0,2404,63,69,12722.0
2740.777,443.9,2052.0,2404,48,66,12741.7
2740.894,573.4,2052.0,2404,48,66,12763.7
2741.012,573.4,2052.0,2404,8,65,12787.2
2741.13,702.9,2052.0,2404,10,65,12811.1
2741.248,283.8,2052.0,2404,51,69,12816.5
2741.365,283.8,2052.0,2404,51,68,12821.1
2741.483,444.8,2052.0,2404,58,66,12842.8
2741.601,574.3,2052.0,2404,12,65,12863.7
2741.718,703.8,2052.0,2404,12,65,12886.8
2741.836,284.7,2052.0,2404,9,67,12899.9
2741.953,284.7,2052.0,2404,76,70,12899.9
2742.072,445.7,2052.0,2404,76,66,12917.5
2742.191,575.2,2052.0,2404,35,65,12899.4
2742.311,704.7,2052.0,2404,9,65,12632.6
2742.434,285.7,2052.0,2404,16,66,12651.9
2742.551,285.7,2052.0,2404,16,69,12651.9
2742.67,446.7,2052.0,2404,99,66,12667.3
2742.787,446.7,2052.0,2404,8,65,12690.5
2742.906,576.2,2052.0,2404,8,65,12717.0
2743.024,705.7,2052.0,2404,7,65,12740.3
2743.142,286.6,2052.0,2404,11,65,12753.1
2743.26,286.6,2052.0,2404,83,70,12753.1
2743.379,318.1,2052.0,2404,83,66,12772.6
2743.496,447.6,2052.0,2404,23,65,12799.0
2743.614,706.6,2052.0,2404,21,65,12819.2
2743.733,287.5,2052.0,2404,21,68,12824.9
2743.85,287.5,2052.0,2404,69,67,12833.7
2743.969,448.5,2052.0,2404,40,65,12861.4
2744.087,448.5,2052.0,2404,40,65,12886.6
2744.205,578.0,2052.0,2404,10,65,12904.9
2744.322,707.5,2052.0,2404,8,65,12883.6
2744.441,288.4,2052.0,2404,27,67,12849.4
2744.559,288.4,2052.0,2404,27,69,12849.4
2744.677,449.4,2052.0,2404,85,66,12867.7
2744.796,449.4,2052.0,2404,7,65,12885.4
2744.914,578.9,2052.0,2404,7,65,12906.7
2745.034,708.4,2052.0,2404,8,65,12928.2
2745.154,289.3,2052.0,2404,13,66,12943.1
2745.272,289.3,2052.0,2404,85,70,12943.1
2745.39,320.9,2052.0,2404,85,65,12956.9
2745.509,450.4,2052.0,2404,20,65,12972.4
2745.628,579.9,2052.0,2404,12,65,12988.6
2745.746,709.4,2052.0,2404,12,64,13000.8
2745.865,290.3,2052.0,2404,7,64,13020.8
2745.984,290.3,2052.0,2404,55,69,13010.7
2746.119,321.8,2052.0,2404,72,65,13017.0
2746.24,451.3,2052.0,2404,72,65,13031.2
2746.36,580.8,2052.0,2404,7,64,13050.5
2746.479,710.3,2052.0,2404,8,64,13069.0
2746.598,291.2,2052.0,2404,40,65,13075.1
2746.717,291.2,2052.0,2404,40,68,13064.5
2746.836,452.2,2052.0,2404,79,65,13076.4
2746.955,581.7,2052.0,2404,10,65,13090.2
2747.074,711.2,2052.0,2404,10,65,13107.0
2747.197,292.1,2052.0,2404,13,68,13109.6
2747.346,292.1,2052.0,2404,78,68,13099.7
2747.465,453.1,2052.0,2404,46,65,13097.6
2747.68,582.6,2052.0,2404,3,65,13080.5
2747.911,582.6,2052.0,2404,5,65,13058.8
2748.168,712.1,2052.0,2404,3,65,13034.7
2748.446,293.0,2052.0,2404,61,71,13025.1
2748.574,324.5,2052.0,2404,45,66,13010.7
2748.762,454.0,2052.0,2404,4,65,12994.1
2748.964,583.5,2052.0,2404,7,65,12977.7
2749.19,713.0,2052.0,2404,7,65,12951.0
2749.335,294.0,2052.0,2404,5,67,12458.2
2749.456,294.0,2052.0,2404,87,71,12452.2
2749.577,455.0,2052.0,2404,87,66,12474.4
2749.695,455.0,2052.0,2404,30,65,12495.4
2749.812,584.5,2052.0,2404,6,65,12518.8
2749.93,584.5,2052.0,2404,6,65,12549.4
2750.049,714.0,2052.0,2404,6,65,12578.4
2750.167,294.9,2052.0,2404,9,66,12613.0
2750.285,294.9,2052.0,2404,86,69,12613.0
2750.403,455.9,2052.0,2404,86,66,12643.6
2750.522,455.9,2052.0,2404,21,65,12667.6
2750.64,585.4,2052.0,2404,10,65,12692.9
2750.757,714.9,2052.0,2404,10,65,12610.3
2750.877,714.9,2052.0,2404,7,64,12613.3
2750.997,295.8,2052.0,2404,33,68,12612.4
2751.115,295.8,2052.0,2404,80,67,12615.2
2751.235,456.8,2052.0,2404,80,65,12630.0
2751.353,586.3,2052.0,2404,10,65,12638.3
2751.471,296.7,2052.0,2404,20,66,12639.0
2751.59,296.7,2052.0,2404,20,70,12628.5
2751.709,457.7,2052.0,2404,94,66,12641.8
2751.828,587.2,2052.0,2404,10,65,12676.0
2751.946,716.7,2052.0,2404,10,65,12700.1
2752.064,297.6,2052.0,2404,9,66,12700.0
2752.182,297.6,2052.0,2404,71,70,12689.5
2752.301,458.7,2052.0,2404,43,66,12704.4
2752.42,588.2,2052.0,2404,43,65,12715.0
2752.538,298.6,2052.0,2404,14,67,12719.0
2752.667,298.6,2052.0,2404,81,68,12709.1
2752.786,459.6,2052.0,2404,50,65,12713.9
2752.908,718.6,2052.0,2404,50,65,12725.2
2753.027,299.5,2052.0,2404,21,69,12720.8
2753.146,299.5,2052.0,2404,96,67,12712.4
2753.267,590.0,2052.0,2404,96,66,12731.6
2753.386,719.5,2052.0,2404,13,65,12747.8
2753.505,300.4,2052.0,2404,27,67,12749.2
2753.624,300.4,2052.0,2404,89,70,12743.0
2753.744,461.4,2052.0,2404,89,66,12765.4
2753.863,590.9,2052.0,2404,10,65,12791.2
2753.981,720.4,2052.0,2404,10,65,12820.4
2754.109,301.3,2052.0,2404,61,68,12808.4
2754.339,332.8,2052.0,2404,1,65,12792.1
2754.604,462.3,2052.0,2404,1,65,12759.0
2754.923,591.8,2052.0,2404,4,65,12723.5
2755.252,591.8,2052.0,2404,4,65,12687.6
2755.579,721.3,2052.0,2404,6,65,12675.2
2755.803,721.3,2052.0,2404,3,65,12652.9
2756.018,252.2,2052.0,2404,40,67,12493.6
2756.137,252.2,2052.0,2404,72,66,12197.2
2756.263,252.2,2052.0,2404,72,65,12304.6
2756.389,252.2,2052.0,2404,0,65,12370.8
2756.514,252.2,2052.0,2404,1,65,12456.3
2756.638,252.2,2052.0,2404,2,65,12528.5
2756.765,252.2,2052.0,2404,2,65,12599.6
2756.89,252.2,2052.0,2404,0,65,12644.2
2757.017,252.2,2052.0,2404,1,65,12624.6
2757.143,252.2,2052.0,2404,2,65,12437.8
2757.282,252.2,2052.0,2404,2,65,12506.1
2757.407,252.2,2052.0,2404,0,65,12586.4
2757.531,252.2,2052.0,2404,1,65,12657.3
2757.656,252.2,2052.0,2404,2,65,12730.4
2757.781,252.2,2052.0,2404,2,65,12774.8
2757.906,252.2,2052.0,2404,0,65,12919.8
2758.031,252.2,2052.0,2404,2,65,12981.4
2758.167,252.2,2052.0,2404,2,65,12972.8
2758.294,252.2,2052.0,2404,2,65,12686.1
2758.42,252.2,2052.0,2404,0,65,12634.5
2758.545,252.2,2052.0,2404,2,65,12706.8
2758.67,252.2,2052.0,2404,2,65,12753.0
2758.797,252.2,2052.0,2404,2,65,12869.2
2758.921,252.2,2052.0,2404,0,65,12952.8
2759.047,252.2,2052.0,2404,2,65,13039.0
2759.172,252.2,2052.0,2404,2,65,13120.1
2759.296,252.2,2052.0,2404,2,65,13192.6
2759.422,252.2,2052.0,2404,0,65,13210.3
2759.54,252.2,2052.0,2404,2,65,13137.0
2759.662,306.1,2052.0,2404,4,65,12872.0
2759.78,565.1,2052.0,2404,4,65,12891.5
2759.898,694.6,2052.0,2404,13,65,12910.6
2760.016,278.0,2052.0,2404,12,65,12925.2
2760.134,278.0,2052.0,2404,12,66,12925.2
2760.252,278.0,2052.0,2404,99,67,12926.0
2760.37,568.6,2052.0,2404,64,65,12939.8
2760.488,698.1,2052.0,2404,15,65,12957.7
2760.606,279.0,2052.0,2404,15,68,12957.7
2760.724,279.0,2052.0,2404,98,70,12957.7
2760.842,440.0,2052.0,2404,50,66,12976.2
2760.96,699.0,2052.0,2404,50,66,13014.8
2761.078,279.9,2052.0,2404,16,67,13034.3
2761.195,279.9,2052.0,2404,69,69,13034.3
2761.313,279.9,2052.0,2404,69,68,13041.4
2761.43,440.9,2052.0,2404,73,66,13060.4
2761.548,570.4,2052.0,2404,12,66,13081.0
2761.666,699.9,2052.0,2404,11,65,13109.8
2761.784,280.8,2052.0,2404,11,69,13112.1
2761.902,280.8,2052.0,2404,83,70,13112.1
2762.019,441.8,2052.0,2404,61,66,13133.8
2762.137,441.8,2052.0,2404,61,66,13168.4
2762.255,571.3,2052.0,2404,8,65,13201.5
2762.373,571.3,2052.0,2404,6,65,13230.8
2762.491,700.8,2052.0,2404,8,65,13258.2
2762.609,700.8,2052.0,2404,8,65,13283.8
2762.727,281.7,2052.0,2404,43,69,13283.8
2762.845,281.7,2052.0,2404,100,70,13285.5
2762.962,442.7,2052.0,2404,100,66,13309.5
2763.08,572.2,2052.0,2404,12,65,13336.5
2763.199,701.7,2052.0,2404,10,65,13264.2
2763.32,701.7,2052.0,2404,10,65,13296.6
2763.442,282.7,2052.0,2404,6,68,13301.4
2763.56,282.7,2052.0,2404,90,69,13301.4
2763.678,443.7,2052.0,2404,55,66,13319.2
2763.796,573.2,2052.0,2404,55,65,13335.5
2763.915,702.7,2052.0,2404,13,65,13354.6
2764.033,283.6,2052.0,2404,45,68,13357.9
2764.151,283.6,2052.0,2404,45,69,13357.9
2764.268,444.6,2052.0,2404,100,66,13372.6
2764.386,574.1,2052.0,2404,15,65,13398.4
2764.506,703.6,2052.0,2404,11,65,13300.5
2764.624,703.6,2052.0,2404,11,66,13322.7
2764.742,284.5,2052.0,2404,40,69,13322.7
2764.86,284.5,2052.0,2404,100,68,13324.3
2764.978,445.5,2052.0,2404,100,66,13344.9
2765.096,575.0,2052.0,2404,17,65,13369.1
2765.215,704.5,2052.0,2404,11,65,13372.0
2765.335,285.4,2052.0,2404,11,66,13360.5
2765.453,285.4,2052.0,2404,42,69,13360.5
2765.57,316.9,2052.0,2404,100,67,13371.5
2765.689,446.4,2052.0,2404,13,66,13385.3
2765.808,575.9,2052.0,2404,13,65,13408.2
2765.928,705.4,2052.0,2404,8,65,13437.1
2766.046,286.3,2052.0,2404,22,66,13456.3
2766.165,286.3,2052.0,2404,22,69,13456.3
2766.283,447.3,2052.0,2404,100,67,12953.2
2766.401,576.8,2052.0,2404,36,66,12970.2
2766.53,576.8,2052.0,2404,10,65,13014.0
2766.648,706.3,2052.0,2404,10,65,13061.2
2766.767,287.3,2052.0,2404,14,68,13069.7
2766.885,287.3,2052.0,2404,100,69,13069.7
2767.003,448.3,2052.0,2404,100,66,13098.4
2767.121,448.3,2052.0,2404,40,66,13141.8
2767.239,577.8,2052.0,2404,9,65,13169.6
2767.358,707.3,2052.0,2404,6,65,13202.7
2767.476,707.3,2052.0,2404,6,65,13237.3
2767.593,288.2,2052.0,2404,8,68,13249.2
2767.711,288.2,2052.0,2404,99,69,13249.2
2767.828,319.7,2052.0,2404,99,66,13268.9
2767.946,449.2,2052.0,2404,43,65,13317.4
2768.064,578.7,2052.0,2404,9,65,13357.9
2768.182,708.2,2052.0,2404,9,65,13389.2
2768.302,289.1,2052.0,2404,10,66,13424.9
2768.43,289.1,2052.0,2404,47,68,13415.1
2768.548,289.1,2052.0,2404,100,68,13412.5
2768.667,450.1,2052.0,2404,100,66,13445.4
2768.785,579.6,2052.0,2404,12,65,13474.6
2768.904,709.1,2052.0,2404,8,65,13506.8
2769.024,290.0,2052.0,2404,21,66,13534.8
2769.163,290.0,2052.0,2404,21,68,13524.2
2769.282,290.0,2052.0,2404,100,69,13522.8
2769.401,451.0,2052.0,2404,41,66,13584.1
2769.52,580.5,2052.0,2404,41,65,13630.0
2769.639,580.5,2052.0,2404,5,65,13620.0
2769.947,710.0,2052.0,2404,3,65,13587.3
2770.282,710.0,2052.0,2404,1,65,13547.8
2770.622,291.0,2052.0,2404,13,68,13539.2
2770.747,291.0,2052.0,2404,100,70,13528.7
2770.869,322.5,2052.0,2404,2,65,13496.3
2771.209,452.0,2052.0,2404,1,65,13457.8
2771.558,452.0,2052.0,2404,2,65,13416.3
2771.917,581.5,2052.0,2404,2,65,13379.1
2772.242,581.5,2052.0,2404,1,65,13338.6
2772.602,711.0,2052.0,2404,4,65,13305.6
2772.916,291.9,2052.0,2404,35,69,13297.8
2773.046,291.9,2052.0,2404,100,70,13287.6
2773.166,452.9,2052.0,2404,1,66,13238.7
2773.493,582.4,2052.0,2404,9,65,13232.1
2773.722,711.9,2052.0,2404,1,65,13198.7
2774.036,292.8,2052.0,2404,41,68,13184.8
2774.262,292.8,2052.0,2404,100,67,13175.4
2774.396,453.8,2052.0,2404,2,66,13115.8
2774.702,583.3,2052.0,2404,2,65,12649.1
2774.821,712.8,2052.0,2404,9,65,12497.9
2774.94,687.7,2052.0,2404,9,65,12517.2
2775.058,293.7,2052.0,2404,75,68,12517.2
2775.177,293.7,2052.0,2404,75,70,12519.8
2775.295,454.7,2052.0,2404,68,66,12547.8
2775.413,584.2,2052.0,2404,9,66,12566.0
2775.531,584.2,2052.0,2404,9,66,12587.5
2775.649,713.7,2052.0,2404,11,65,12613.4
2775.767,294.6,2052.0,2404,19,68,12625.0
2775.885,294.6,2052.0,2404,100,69,12625.0
2776.003,326.1,2052.0,2404,100,67,12638.9
2776.121,455.6,2052.0,2404,35,66,12661.4
2776.238,585.1,2052.0,2404,7,66,12681.7
2776.356,585.1,2052.0,2404,7,65,12706.3
2776.473,714.6,2052.0,2404,6,65,12735.6
2776.592,714.6,2052.0,2404,8,65,12762.4
2776.71,295.6,2052.0,2404,8,69,12762.4
2776.828,295.6,2052.0,2404,83,70,12763.2
2776.945,456.6,2052.0,2404,63,66,12789.4
2777.062,586.1,2052.0,2404,12,66,12700.5
2777.182,586.1,2052.0,2404,12,65,12667.6
2777.305,715.6,2052.0,2404,8,65,12681.8
2777.424,296.5,2052.0,2404,46,69,12673.9
2777.543,296.5,2052.0,2404,46,70,12663.5
2777.662,457.5,2052.0,2404,100,66,12675.8
2777.78,587.0,2052.0,2404,9,66,12688.1
2777.898,716.5,2052.0,2404,13,66,12691.7
2778.016,297.4,2052.0,2404,13,69,12685.9
2778.134,297.4,2052.0,2404,82,70,12675.3
2778.252,458.4,2052.0,2404,65,67,12684.4
2778.371,587.9,2052.0,2404,65,66,12718.4
2778.489,587.9,2052.0,2404,8,66,12744.9
2778.607,298.3,2052.0,2404,13,67,12746.5
2778.726,298.3,2052.0,2404,96,69,12736.1
2778.844,305.3,2052.0,2404,96,69,12733.6
2778.963,459.3,2052.0,2404,50,66,12746.6
2779.082,718.3,2052.0,2404,16,66,12758.9
2779.2,299.2,2052.0,2404,16,68,12754.5
2779.319,299.2,2052.0,2404,72,70,12744.2
2779.437,460.3,2052.0,2404,76,67,12746.8
2779.556,719.3,2052.0,2404,76,66,12757.1
2779.675,300.2,2052.0,2404,20,69,12752.8
2779.793,300.2,2052.0,2404,85,70,12694.8
2779.912,461.2,2052.0,2404,63,67,12481.1
2780.031,590.7,2052.0,2404,63,66,12295.8
2780.151,720.2,2052.0,2404,14,66,12286.6
2780.278,301.1,2052.0,2404,41,69,12288.4
2780.395,301.1,2052.0,2404,41,70,12288.4
2780.513,462.1,2052.0,2404,100,67,12310.3
2780.631,591.6,2052.0,2404,17,66,12333.2
2780.748,591.6,2052.0,2404,9,66,12362.1
2780.866,721.1,2052.0,2404,9,66,12392.7
2780.984,302.0,2052.0,2404,8,68,12419.1
2781.101,302.0,2052.0,2404,94,70,12419.1
2781.22,333.5,2052.0,2404,94,67,12449.0
2781.338,463.0,2052.0,2404,51,66,12494.1
2781.455,592.5,2052.0,2404,8,66,12525.1
2781.573,722.0,2052.0,2404,12,66,12558.5
2781.691,722.0,2052.0,2404,12,66,12580.6
2781.809,252.9,2052.0,2404,15,68,12585.4
2781.926,252.9,2052.0,2404,100,70,12585.4
2782.043,252.9,2052.0,2404,100,67,12656.0
2782.166,252.9,2052.0,2404,33,66,12700.3
2782.294,252.9,2052.0,2404,0,66,12749.8
2782.421,252.9,2052.0,2404,0,66,12824.3
2782.551,252.9,2052.0,2404,0,66,12864.4
2782.675,252.9,2052.0,2404,3,66,12896.8
2782.802,252.9,2052.0,2404,0,66,12921.8
2782.93,252.9,2052.0,2404,0,66,12987.5
2783.055,252.9,2052.0,2404,0,66,13017.3
2783.182,252.9,2052.0,2404,4,66,13038.2
2783.309,252.9,2052.0,2404,0,66,13055.6
2783.436,252.9,2052.0,2404,0,66,13119.5
2783.591,252.9,2052.0,2404,3,66,13147.8
2783.718,252.9,2052.0,2404,3,66,13183.9
2783.844,252.9,2052.0,2404,0,66,13193.2
2783.974,252.9,2052.0,2404,0,66,13064.5
2784.101,252.9,2052.0,2404,3,66,13039.8
2784.231,252.9,2052.0,2404,3,66,12922.4
2784.357,252.9,2052.0,2404,0,66,12933.8
2784.483,252.9,2052.0,2404,0,66,12957.4
2784.609,252.9,2052.0,2404,3,66,12871.2
2784.736,252.9,2052.0,2404,3,66,12950.9
2784.861,252.9,2052.0,2404,0,66,12992.5
2784.994,252.9,2052.0,2404,0,66,13033.3
2785.122,252.9,2052.0,2404,3,66,13066.6
2785.251,252.9,2052.0,2404,0,66,13136.9
2785.376,252.9,2052.0,2404,0,66,13125.6
2785.502,252.9,2052.0,2404,0,66,13141.6
2785.627,252.9,2052.0,2404,3,66,13195.8
2785.756,252.9,2052.0,2404,0,66,13252.2
2785.882,252.9,2052.0,2404,0,66,13277.9
2786.008,252.9,2052.0,2404,0,66,13278.8
2786.139,252.9,2052.0,2404,3,66,13230.0
2786.264,252.9,2052.0,2404,0,66,13023.1
2786.389,252.9,2052.0,2404,0,66,12910.7
2786.508,274.8,2052.0,2404,0,66,12825.1
2786.627,435.8,2052.0,2404,9,66,12859.1
2786.745,435.8,2052.0,2404,9,66,12889.6
2786.864,565.3,2052.0,2404,6,66,12923.3
2786.982,694.8,2052.0,2404,7,66,12961.8
2787.1,694.8,2052.0,2404,10,66,13001.2
2787.218,278.3,2052.0,2404,10,70,13003.0
2787.335,278.3,2052.0,2404,94,71,13003.0
2787.453,439.3,2052.0,2404,52,67,13028.3
2787.571,568.8,2052.0,2404,52,66,13060.1
2787.689,698.3,2052.0,2404,16,66,13097.1
2787.808,698.3,2052.0,2404,6,66,13127.6
2787.926,279.2,2052.0,2404,65,69,13130.7
2788.043,279.2,2052.0,2404,65,71,13130.7
2788.161,440.3,2052.0,2404,81,67,13161.9
2788.28,569.8,2052.0,2404,11,66,13190.0
2788.398,569.8,2052.0,2404,11,66,13220.4
2788.515,699.3,2052.0,2404,9,66,13252.1
2788.633,280.2,2052.0,2404,34,68,13264.3
2788.75,280.2,2052.0,2404,34,70,13264.3
2788.868,311.7,2052.0,2404,100,68,13288.3
2788.985,441.2,2052.0,2404,19,66,13341.5
2789.104,570.7,2052.0,2404,11,66,13130.2
2789.223,700.2,2052.0,2404,11,66,13129.4
2789.341,700.2,2052.0,2404,7,66,13160.5
2789.459,281.1,2052.0,2404,50,69,13161.8
2789.577,281.1,2052.0,2404,50,71,13161.8
2789.694,312.6,2052.0,2404,95,67,13185.3
2789.812,442.1,2052.0,2404,5,66,13216.0
2789.93,442.1,2052.0,2404,5,66,13246.9
2790.047,571.6,2052.0,2404,6,66,13278.0
2790.166,701.1,2052.0,2404,9,66,13311.7
2790.284,701.1,2052.0,2404,6,66,13340.9
2790.403,282.0,2052.0,2404,6,67,13355.5
2790.52,282.0,2052.0,2404,60,70,13355.5
2790.638,282.0,2052.0,2404,86,68,13247.7
2790.757,443.0,2052.0,2404,86,66,13236.7
2790.875,572.5,2052.0,2404,6,66,13266.4
2790.993,572.5,2052.0,2404,8,66,13296.1
2791.11,702.0,2052.0,2404,10,66,13325.2
2791.227,702.0,2052.0,2404,10,66,13355.3
2791.345,282.9,2052.0,2404,27,69,13356.4
2791.462,282.9,2052.0,2404,100,71,13356.4
2791.581,443.9,2052.0,2404,100,67,13380.2
2791.701,573.4,2052.0,2404,32,66,13400.7
2791.82,702.9,2052.0,2404,11,66,13420.1
2791.938,283.9,2052.0,2404,54,69,13418.8
2792.057,283.9,2052.0,2404,54,70,13408.2
2792.176,315.4,2052.0,2404,99,67,13415.8
2792.294,574.4,2052.0,2404,10,66,13443.7
2792.413,574.4,2052.0,2404,10,66,13476.4
2792.532,703.9,2052.0,2404,9,66,13500.2
2792.651,284.8,2052.0,2404,56,69,13490.3
2792.77,284.8,2052.0,2404,56,71,13480.3
2792.889,445.8,2052.0,2404,93,67,13501.0
2793.008,704.8,2052.0,2404,14,66,13519.9
2793.127,285.7,2052.0,2404,14,66,13534.7
2793.246,285.7,2052.0,2404,14,70,13524.0
2793.367,285.7,2052.0,2404,100,71,13516.9
2793.486,446.7,2052.0,2404,46,67,13535.0
2793.605,576.2,2052.0,2404,46,66,13557.7
2793.724,705.7,2052.0,2404,13,66,13581.0
2793.842,286.6,2052.0,2404,44,68,13570.4
2793.977,286.6,2052.0,2404,100,68,13559.9
2794.096,447.6,2052.0,2404,100,66,13588.1
2794.215,577.1,2052.0,2404,4,65,13568.0
2794.547,577.1,2052.0,2404,5,65,13511.5
2794.895,706.6,2052.0,2404,3,65,13469.4
2795.24,287.5,2052.0,2404,43,69,13441.8
2795.564,319.1,2052.0,2404,1,66,13389.6
2795.918,448.6,2052.0,2404,4,66,13357.1
2796.263,578.1,2052.0,2404,7,66,13326.7
2796.55,707.6,2052.0,2404,1,66,13286.5
2796.925,288.5,2052.0,2404,55,70,13262.1
2797.206,320.0,2052.0,2404,2,66,13215.6
2797.562,449.5,2052.0,2404,5,66,13164.6
2797.912,449.5,2052.0,2404,2,66,13145.2
2798.081,579.0,2052.0,2404,7,66,13141.7
2798.31,708.5,2052.0,2404,1,66,13103.4
2798.64,289.4,2052.0,2404,40,69,13114.0
2798.773,289.4,2052.0,2404,40,70,13103.6
2798.892,450.4,2052.0,2404,100,68,13101.3
2799.015,709.4,2052.0,2404,27,68,13098.3
2799.197,290.3,2052.0,2404,67,70,13087.8
2799.316,297.3,2052.0,2404,87,69,13080.1
2799.435,710.3,2052.0,2404,87,67,13079.9
2799.581,291.2,2052.0,2404,19,70,13073.4
2799.727,291.2,2052.0,2404,80,71,13061.7
2799.852,452.2,2052.0,2404,72,68,13057.4
2799.977,581.7,2052.0,2404,10,67,13043.9
2800.104,711.2,2052.0,2404,10,67,13040.9
2800.236,292.2,2052.0,2404,14,70,13030.1
2800.355,292.2,2052.0,2404,97,71,13019.7
2800.474,453.2,2052.0,2404,48,68,13012.4
2800.593,582.7,2052.0,2404,48,67,13001.5
2800.715,582.7,2052.0,2404,9,67,12989.2
2800.835,293.1,2052.0,2404,11,68,12661.2
2800.953,293.1,2052.0,2404,11,70,12632.9
2801.071,293.1,2052.0,2404,98,70,12633.8
2801.189,454.1,2052.0,2404,53,68,12655.7
2801.307,583.6,2052.0,2404,53,67,12672.6
2801.425,713.1,2052.0,2404,11,67,12673.8
2801.544,294.0,2052.0,2404,45,70,12612.4
2801.662,294.0,2052.0,2404,100,72,12594.9
2801.779,455.0,2052.0,2404,100,68,12617.6
2801.897,584.5,2052.0,2404,17,67,12623.6
2802.015,714.0,2052.0,2404,10,67,12584.3
2802.134,294.9,2052.0,2404,10,68,12556.4
2802.252,294.9,2052.0,2404,38,71,12556.4
2802.369,294.9,2052.0,2404,100,69,12565.6
2802.487,455.9,2052.0,2404,13,67,12548.1
2802.605,455.9,2052.0,2404,13,67,12570.6
2802.723,585.4,2052.0,2404,8,67,12597.0
2802.841,714.9,2052.0,2404,6,66,12628.4
2802.959,714.9,2052.0,2404,6,66,12657.9
2803.077,295.8,2052.0,2404,8,67,12675.7
2803.194,295.8,2052.0,2404,88,70,12675.7
2803.312,302.9,2052.0,2404,88,69,12690.9
2803.43,456.9,2052.0,2404,59,67,12685.7
2803.55,586.4,2052.0,2404,9,67,12681.9
2803.67,586.4,2052.0,2404,3,66,12672.8
2803.79,586.4,2052.0,2404,3,66,12663.6
2803.91,586.4,2052.0,2404,1,66,12651.1
2804.029,586.4,2052.0,2404,3,66,12653.1
2804.148,586.4,2052.0,2404,3,66,12641.4
2804.267,586.4,2052.0,2404,2,66,12629.6
2804.386,586.4,2052.0,2404,1,66,12617.0
2804.506,715.9,2052.0,2404,4,66,12606.6
2804.626,715.9,2052.0,2404,4,66,12594.7
2804.747,715.9,2052.0,2404,2,66,12582.2
2804.867,715.9,2052.0,2404,1,66,12570.3
2804.986,715.9,2052.0,2404,1,66,12558.8
2805.107,715.9,2052.0,2404,4,66,12545.2
2805.226,715.9,2052.0,2404,3,66,12532.4
2805.346,296.8,2052.0,2404,52,69,12522.5
2805.465,296.8,2052.0,2404,52,70,12512.4
2805.584,457.8,2052.0,2404,90,68,12511.3
2805.704,716.8,2052.0,2404,19,67,12507.1
2805.824,297.7,2052.0,2404,19,69,12498.4
2805.944,297.7,2052.0,2404,71,70,12488.3
2806.064,458.7,2052.0,2404,83,68,12479.2
2806.183,588.2,2052.0,2404,10,67,12486.3
2806.303,298.6,2052.0,2404,10,68,12485.1
2806.422,298.6,2052.0,2404,55,71,12474.8
2806.541,330.1,2052.0,2404,98,70,12468.9
2806.661,459.6,2052.0,2404,98,67,12461.8
2806.782,718.6,2052.0,2404,13,67,12454.4
2806.902,299.5,2052.0,2404,14,68,12448.8
2807.021,299.5,2052.0,2404,100,70,12438.6
2807.14,299.5,2052.0,2404,100,69,12429.2
2807.262,590.0,2052.0,2404,49,67,12426.1
2807.382,719.5,2052.0,2404,11,67,12417.7
2807.501,719.5,2052.0,2404,11,67,12405.4
2807.621,300.5,2052.0,2404,7,69,12395.6
2807.739,300.5,2052.0,2404,80,71,12385.1
2807.858,461.5,2052.0,2404,70,68,12379.3
2807.977,591.0,2052.0,2404,70,67,12382.1
2808.095,720.5,2052.0,2404,13,67,12382.1
2808.214,720.5,2052.0,2404,9,67,12378.6
2808.333,301.4,2052.0,2404,9,70,12368.2
2808.451,301.4,2052.0,2404,85,72,12358.7
2808.571,332.9,2052.0,2404,58,68,12356.5
2808.69,462.4,2052.0,2404,5,67,12350.6
2808.809,462.4,2052.0,2404,5,67,12348.5
2808.927,591.9,2052.0,2404,5,67,12349.4
2809.046,591.9,2052.0,2404,5,67,12343.2
2809.165,721.4,2052.0,2404,5,67,12339.1
2809.284,721.4,2052.0,2404,5,67,12335.9
2809.403,721.4,2052.0,2404,3,66,12327.9
2809.522,302.3,2052.0,2404,22,68,12320.3
2809.64,302.3,2052.0,2404,22,71,12248.9
2809.773,333.8,2052.0,2404,100,69,11816.5
2809.892,463.3,2052.0,2404,31,67,11860.7
2810.01,592.8,2052.0,2404,31,67,11906.1
2810.128,722.3,2052.0,2404,9,67,11947.1
2810.247,722.3,2052.0,2404,9,67,11976.8
2810.365,253.1,2052.0,2404,20,68,11979.0
2810.483,253.1,2052.0,2404,20,71,11979.0
2810.601,253.1,2052.0,2404,100,69,12005.5
2810.718,253.1,2052.0,2404,28,67,12120.9
2810.842,253.1,2052.0,2404,28,67,12190.7
2810.967,253.1,2052.0,2404,0,67,12235.8
2811.092,253.1,2052.0,2404,0,67,12107.2
2811.218,253.1,2052.0,2404,6,67,12177.6
2811.343,253.1,2052.0,2404,6,67,12248.7
2811.469,253.1,2052.0,2404,0,67,12302.1
2811.597,253.1,2052.0,2404,2,67,12410.2
2811.721,253.1,2052.0,2404,2,66,12337.2
2811.847,253.1,2052.0,2404,2,66,12234.0
2811.972,253.1,2052.0,2404,0,67,12283.9
2812.097,253.1,2052.0,2404,2,66,12374.5
2812.224,253.1,2052.0,2404,2,67,12441.6
2812.349,253.1,2052.0,2404,0,67,12491.7
2812.477,253.1,2052.0,2404,0,67,12502.6
2812.604,253.1,2052.0,2404,2,67,12499.9
2812.728,253.1,2052.0,2404,2,67,12562.8
2812.853,253.1,2052.0,2404,2,66,12617.5
2812.976,253.1,2052.0,2404,0,67,12710.1
2813.101,253.1,2052.0,2404,2,67,12769.3
2813.226,253.1,2052.0,2404,2,66,12815.7
2813.351,253.1,2052.0,2404,2,66,12654.3
2813.476,253.1,2052.0,2404,0,66,12656.5
2813.614,253.1,2052.0,2404,2,66,12718.8
2813.74,253.1,2052.0,2404,2,66,12789.1
2813.866,253.1,2052.0,2404,0,66,12871.2
2813.991,253.1,2052.0,2404,0,66,12933.2
2814.117,253.1,2052.0,2404,2,66,12990.7
2814.242,253.1,2052.0,2404,2,66,13085.6
2814.367,253.1,2052.0,2404,0,66,13154.7
2814.492,253.1,2052.0,2404,0,66,13191.7
2814.616,253.1,2052.0,2404,2,66,13226.3
2814.74,253.1,2052.0,2404,2,66,13224.6
2814.866,253.1,2052.0,2404,0,66,13308.7
2814.997,247.3,2052.0,2404,0,66,12941.3
2815.117,436.0,2052.0,2404,2,66,12969.8
2815.236,436.0,2052.0,2404,10,66,12998.7
2815.356,565.5,2052.0,2404,10,66,13025.7
2815.477,695.0,2052.0,2404,8,66,13052.6
2815.596,278.7,2052.0,2404,9,66,13062.1
2815.715,278.7,2052.0,2404,100,68,13054.1
2815.834,310.2,2052.0,2404,100,69,13055.5
2815.954,569.2,2052.0,2404,64,67,13080.9
2816.072,698.7,2052.0,2404,13,66,13110.1
2816.192,279.6,2052.0,2404,13,67,13127.8
2816.311,279.6,2052.0,2404,33,69,13118.2
2816.431,279.6,2052.0,2404,100,71,13113.1
2816.55,440.7,2052.0,2404,30,67,13143.6
2816.67,570.2,2052.0,2404,30,67,13180.5
2816.791,699.7,2052.0,2404,11,67,13216.9
2816.91,280.6,2052.0,2404,18,68,13224.0
2817.029,280.6,2052.0,2404,18,70,13214.2
2817.149,280.6,2052.0,2404,100,70,13217.5
2817.268,441.6,2052.0,2404,41,67,13250.4
2817.388,571.1,2052.0,2404,8,67,13279.9
2817.507,700.6,2052.0,2404,8,67,13306.7
2817.627,281.5,2052.0,2404,10,68,13311.5
2817.747,281.5,2052.0,2404,85,71,13301.5
2817.867,281.5,2052.0,2404,85,69,13304.4
2817.987,442.5,2052.0,2404,64,67,13326.6
2818.106,572.0,2052.0,2404,9,67,13351.6
2818.225,701.5,2052.0,2404,8,67,13371.9
2818.344,701.5,2052.0,2404,8,67,13392.3
2818.463,282.4,2052.0,2404,18,70,13386.1
2818.584,282.4,2052.0,2404,100,70,13376.4
2818.704,443.4,2052.0,2404,100,68,13388.6
2818.823,572.9,2052.0,2404,41,67,13409.3
2818.944,572.9,2052.0,2404,10,67,13422.5
2819.082,702.4,2052.0,2404,2,67,13406.7
2819.339,283.3,2052.0,2404,58,71,13388.3
2819.605,314.8,2052.0,2404,90,67,13375.0
2819.812,573.8,2052.0,2404,6,67,13358.2
2820.055,703.3,2052.0,2404,9,66,13333.7
2820.333,284.3,2052.0,2404,2,69,13323.5
2820.489,284.3,2052.0,2404,57,71,13312.7
2820.615,445.3,2052.0,2404,92,67,13305.8
2820.797,574.8,2052.0,2404,4,67,13277.0
2821.117,574.8,2052.0,2404,2,67,13246.1
2821.438,704.3,2052.0,2404,3,67,13213.8
2821.769,285.2,2052.0,2404,37,70,13205.1
2821.905,285.2,2052.0,2404,100,72,13194.9
2822.028,446.2,2052.0,2404,22,67,13179.3
2822.3,575.7,2052.0,2404,3,67,13134.3
2822.617,705.2,2052.0,2404,2,66,13113.1
2822.919,286.1,2052.0,2404,100,71,13093.2
2823.199,447.1,2052.0,2404,41,67,13073.7
2823.43,447.1,2052.0,2404,4,67,13041.4
2823.758,576.6,2052.0,2404,5,67,12982.5
2823.955,706.1,2052.0,2404,5,66,12974.3
2824.075,287.0,2052.0,2404,54,70,12986.0
2824.195,287.0,2052.0,2404,54,71,12802.2
2824.314,448.0,2052.0,2404,99,68,12458.1
2824.432,448.0,2052.0,2404,8,67,12492.1
2824.55,577.5,2052.0,2404,8,67,12532.0
2824.669,707.0,2052.0,2404,10,67,12586.1
2824.787,707.0,2052.0,2404,8,66,12625.7
2824.905,287.9,2052.0,2404,73,70,12625.7
2825.022,287.9,2052.0,2404,73,72,12625.7
2825.139,449.0,2052.0,2404,77,68,12665.7
2825.258,449.0,2052.0,2404,7,67,12713.8
2825.376,578.5,2052.0,2404,7,67,12597.9
2825.496,578.5,2052.0,2404,6,67,12591.7
2825.615,708.0,2052.0,2404,9,66,12631.6
2825.733,288.9,2052.0,2404,9,68,12665.2
2825.851,288.9,2052.0,2404,26,70,12665.2
2825.969,288.9,2052.0,2404,100,70,12673.2
2826.087,449.9,2052.0,2404,33,67,12707.5
2826.205,449.9,2052.0,2404,33,67,12738.9
2826.322,579.4,2052.0,2404,7,66,12774.7
2826.44,708.9,2052.0,2404,7,66,12657.4
2826.562,289.8,2052.0,2404,7,68,12676.9
2826.681,289.8,2052.0,2404,27,70,12667.0
2826.8,289.8,2052.0,2404,100,70,12659.6
2826.92,450.8,2052.0,2404,33,67,12674.4
2827.04,580.3,2052.0,2404,33,67,12689.7
2827.16,709.8,2052.0,2404,12,66,12705.5
2827.279,290.7,2052.0,2404,11,68,12715.4
2827.398,290.7,2052.0,2404,11,70,12705.3
2827.516,290.7,2052.0,2404,100,71,12700.5
2827.636,451.7,2052.0,2404,50,67,12735.8
2827.756,581.2,2052.0,2404,8,67,12752.1
2827.875,581.2,2052.0,2404,8,66,12768.1
2827.995,710.7,2052.0,2404,8,66,12790.8
2828.113,291.6,2052.0,2404,53,69,12781.4
2828.233,291.6,2052.0,2404,53,70,12771.4
2828.352,452.6,2052.0,2404,100,68,12784.6
2828.471,452.6,2052.0,2404,7,67,12806.2
2828.591,582.1,2052.0,2404,11,67,12829.2
2828.711,711.6,2052.0,2404,11,66,12848.2
2828.83,292.6,2052.0,2404,9,67,12852.7
2828.949,292.6,2052.0,2404,89,70,12842.0
2829.068,324.1,2052.0,2404,89,69,12607.5
2829.187,453.6,2052.0,2404,64,67,12530.9
2829.305,583.1,2052.0,2404,8,67,12549.4
2829.423,712.6,2052.0,2404,7,66,12568.8
2829.541,712.6,2052.0,2404,7,66,12590.2
2829.659,293.5,2052.0,2404,21,69,12593.9
2829.777,293.5,2052.0,2404,100,70,12593.9
2829.894,325.0,2052.0,2404,100,68,12610.7
2830.013,454.5,2052.0,2404,37,67,12634.5
2830.13,584.0,2052.0,2404,11,66,12657.3
2830.248,584.0,2052.0,2404,11,66,12678.4
2830.367,713.5,2052.0,2404,6,66,12642.6
2830.485,294.4,2052.0,2404,20,69,12411.2
2830.607,294.4,2052.0,2404,100,70,12411.2
2830.725,301.4,2052.0,2404,100,68,12426.1
2830.843,455.4,2052.0,2404,39,67,12446.0
2830.961,584.9,2052.0,2404,8,66,12461.0
2831.079,584.9,2052.0,2404,8,66,12479.9
2831.197,714.4,2052.0,2404,11,66,12508.8
2831.315,295.3,2052.0,2404,6,67,12522.2
2831.432,295.3,2052.0,2404,97,70,12522.2
2831.55,295.3,2052.0,2404,97,69,12529.0
2831.669,456.3,2052.0,2404,56,67,12547.5
2831.786,456.3,2052.0,2404,6,66,12565.2
2831.904,585.8,2052.0,2404,6,66,12585.7
2832.022,715.3,2052.0,2404,6,66,12612.5
2832.14,715.3,2052.0,2404,9,66,12638.0
2832.258,296.2,2052.0,2404,9,68,12655.2
2832.375,296.2,2052.0,2404,37,70,12655.2
2832.492,296.2,2052.0,2404,100,68,12665.0
2832.61,457.2,2052.0,2404,22,67,12687.4
2832.728,586.7,2052.0,2404,22,66,12658.4
2832.848,586.7,2052.0,2404,8,66,12686.4
2832.968,716.2,2052.0,2404,7,66,12711.4
2833.087,297.2,2052.0,2404,7,68,12719.6
2833.205,297.2,2052.0,2404,57,70,12715.6
2833.323,328.7,2052.0,2404,92,68,12722.4
2833.441,458.2,2052.0,2404,8,66,12731.4
2833.56,587.7,2052.0,2404,8,66,12738.9
2833.678,298.1,2052.0,2404,15,67,12741.2
2833.817,298.1,2052.0,2404,72,70,12730.6
2833.935,298.1,2052.0,2404,86,69,12722.8
2834.053,459.1,2052.0,2404,86,67,12742.4
2834.172,588.6,2052.0,2404,11,66,12771.4
2834.291,718.1,2052.0,2404,8,66,12788.5
2834.409,299.0,2052.0,2404,8,68,12461.7
2834.528,299.0,2052.0,2404,57,70,12461.7
2834.645,302.5,2052.0,2404,98,69,12468.9
2834.764,460.0,2052.0,2404,98,67,12488.2
2834.881,589.5,2052.0,2404,9,66,12505.6
2834.999,719.0,2052.0,2404,9,66,12523.7
2835.117,299.9,2052.0,2404,39,67,12533.4
2835.235,299.9,2052.0,2404,39,70,12533.4
2835.354,331.4,2052.0,2404,100,68,12539.7
2835.472,590.4,2052.0,2404,25,67,12561.7
2835.591,719.9,2052.0,2404,25,66,12585.8
2835.709,300.9,2052.0,2404,14,67,12600.8
2835.826,300.9,2052.0,2404,62,70,12600.8
2835.944,300.9,2052.0,2404,88,70,12602.7
2836.062,461.9,2052.0,2404,88,67,12628.8
2836.18,591.4,2052.0,2404,14,66,12651.0
2836.297,720.9,2052.0,2404,10,66,12673.0
2836.415,301.8,2052.0,2404,10,69,12677.9
2836.532,301.8,2052.0,2404,78,70,12641.1
2836.651,333.3,2052.0,2404,74,68,12544.2
2836.769,462.8,2052.0,2404,74,66,12571.6
2836.887,592.3,2052.0,2404,9,66,12604.4
2837.005,721.8,2052.0,2404,8,66,12635.7
2837.124,302.7,2052.0,2404,41,67,12651.1
2837.241,302.7,2052.0,2404,41,70,12651.1
2837.359,334.2,2052.0,2404,100,68,12664.1
2837.477,463.7,2052.0,2404,19,66,12671.1
2837.597,593.2,2052.0,2404,19,66,12603.1
2837.715,722.7,2052.0,2404,12,66,12573.0
2837.832,253.5,2052.0,2404,8,67,12578.5
2837.95,253.5,2052.0,2404,91,70,12509.5
2838.067,253.5,2052.0,2404,91,70,12517.4
2838.185,253.5,2052.0,2404,61,67,12606.0
2838.309,253.5,2052.0,2404,0,66,12652.2
2838.437,253.5,2052.0,2404,0,66,12705.7
2838.56,253.5,2052.0,2404,0,66,12780.7
2838.686,253.5,2052.0,2404,3,66,12837.3
2838.811,253.5,2052.0,2404,0,66,12880.5
2838.936,253.5,2052.0,2404,0,66,12787.1
2839.062,253.5,2052.0,2404,0,66,12783.7
2839.188,253.5,2052.0,2404,3,66,12806.1
2839.319,253.5,2052.0,2404,0,66,12876.1
2839.446,253.5,2052.0,2404,0,66,12718.2
2839.574,253.5,2052.0,2404,0,66,12713.0
2839.699,253.5,2052.0,2404,4,66,12804.7
2839.824,253.5,2052.0,2404,0,66,12868.9
2839.95,253.5,2052.0,2404,0,66,12900.3
2840.076,253.5,2052.0,2404,1,66,12954.1
2840.202,253.5,2052.0,2404,2,66,12990.0
2840.329,253.5,2052.0,2404,0,66,13077.9
2840.454,253.5,2052.0,2404,0,66,13130.8
2840.581,253.5,2052.0,2404,2,66,13186.0
2840.707,253.5,2052.0,2404,2,66,13241.6
2840.837,253.5,2052.0,2404,0,66,13183.5
2840.962,253.5,2052.0,2404,1,66,13243.2
2841.087,253.5,2052.0,2404,1,66,13294.8
2841.212,253.5,2052.0,2404,2,66,13379.0
2841.337,253.5,2052.0,2404,0,66,13427.2
2841.461,253.5,2052.0,2404,1,66,13464.3
2841.589,253.5,2052.0,2404,1,66,13491.0
2841.713,253.5,2052.0,2404,2,66,13537.9
2841.839,253.5,2052.0,2404,0,66,13576.0
2841.968,253.5,2052.0,2404,1,66,13712.4
2842.124,253.5,2052.0,2404,2,66,13682.7
2842.647,247.4,2052.0,2404,2,66,13194.5
2842.768,436.2,2052.0,2404,2,66,13219.7
2842.887,565.7,2052.0,2404,8,66,13244.6
2843.007,565.7,2052.0,2404,9,66,13268.2
2843.127,695.2,2052.0,2404,9,66,13293.9
2843.246,279.1,2052.0,2404,9,71,13293.2
2843.365,279.1,2052.0,2404,93,71,13283.0
2843.483,440.1,2052.0,2404,50,67,13291.6
2843.604,569.6,2052.0,2404,50,66,13311.4
2843.722,699.1,2052.0,2404,12,66,13338.1
2843.842,280.0,2052.0,2404,47,70,13333.3
2843.96,280.0,2052.0,2404,47,71,13323.1
2844.08,441.0,2052.0,2404,92,67,13342.2
2844.2,570.5,2052.0,2404,11,66,13365.7
2844.319,700.0,2052.0,2404,10,66,13390.2
2844.439,280.9,2052.0,2404,10,67,13401.1
2844.558,280.9,2052.0,2404,55,72,13390.9
2844.677,280.9,2052.0,2404,85,69,13396.7
2844.797,441.9,2052.0,2404,85,67,13425.4
2844.917,571.4,2052.0,2404,8,66,13450.5
2845.036,700.9,2052.0,2404,10,66,13472.1
2845.156,281.8,2052.0,2404,52,68,13470.7
2845.275,281.8,2052.0,2404,52,71,13460.5
2845.394,313.3,2052.0,2404,89,67,13473.5
2845.513,442.8,2052.0,2404,9,67,13495.7
2845.636,572.3,2052.0,2404,8,66,13486.8
2845.871,701.8,2052.0,2404,3,66,13467.3
2846.121,282.8,2052.0,2404,42,68,13447.0
2846.429,314.3,2052.0,2404,20,66,13432.5
2846.629,443.8,2052.0,2404,6,66,13402.2
2846.946,573.3,2052.0,2404,7,66,13383.4
2847.206,702.8,2052.0,2404,1,65,13362.6
2847.486,702.8,2052.0,2404,94,69,13336.0
2847.793,290.7,2052.0,2404,50,67,13325.7
2847.961,574.2,2052.0,2404,10,66,13299.1
2848.215,574.2,2052.0,2404,2,66,13261.4
2848.512,284.6,2052.0,2404,18,68,13245.8
2848.642,284.6,2052.0,2404,18,72,13045.0
2848.761,288.1,2052.0,2404,100,68,12888.9
2848.88,445.6,2052.0,2404,29,66,12825.7
2848.999,575.1,2052.0,2404,29,66,12879.8
2849.117,575.1,2052.0,2404,9,66,12932.0
2849.235,704.6,2052.0,2404,9,66,12983.9
2849.353,285.5,2052.0,2404,45,67,12995.6
2849.471,285.5,2052.0,2404,45,71,12995.6
2849.589,446.5,2052.0,2404,97,67,12852.5
2849.708,446.5,2052.0,2404,9,66,12875.8
2849.826,576.0,2052.0,2404,9,66,12878.5
2849.944,705.5,2052.0,2404,8,66,12921.7
2850.062,705.5,2052.0,2404,9,66,12986.8
2850.18,286.4,2052.0,2404,63,69,12992.7
2850.299,286.4,2052.0,2404,63,70,12992.7
2850.417,447.5,2052.0,2404,77,67,12933.6
2850.536,447.5,2052.0,2404,10,66,12824.6
2850.659,577.0,2052.0,2404,10,66,12701.7
2850.779,706.5,2052.0,2404,9,66,12717.8
2850.899,706.5,2052.0,2404,6,66,12751.6
2851.019,287.4,2052.0,2404,48,69,12743.4
2851.14,287.4,2052.0,2404,48,71,12733.4
2851.26,448.4,2052.0,2404,90,67,12743.8
2851.379,577.9,2052.0,2404,9,66,12749.2
2851.499,707.4,2052.0,2404,9,66,12762.7
2851.619,707.4,2052.0,2404,11,66,12765.3
2851.739,288.3,2052.0,2404,24,69,12756.6
2851.858,288.3,2052.0,2404,100,71,12746.6
2851.977,319.8,2052.0,2404,100,67,12748.5
2852.097,449.3,2052.0,2404,22,66,12756.1
2852.217,578.8,2052.0,2404,7,66,12765.3
2852.336,708.3,2052.0,2404,7,66,12780.4
2852.458,708.3,2052.0,2404,7,66,12789.5
2852.577,708.3,2052.0,2404,7,65,12784.9
2852.697,289.2,2052.0,2404,48,68,12778.9
2852.816,289.2,2052.0,2404,48,71,12768.5
2852.935,320.7,2052.0,2404,89,67,12765.0
2853.054,450.2,2052.0,2404,5,66,12769.6
2853.175,579.7,2052.0,2404,5,66,12784.1
2853.294,709.2,2052.0,2404,10,66,12791.8
2853.412,709.2,2052.0,2404,7,66,12791.2
2853.532,709.2,2052.0,2404,4,66,12793.8
2853.65,290.1,2052.0,2404,4,70,12784.4
2853.769,290.1,2052.0,2404,90,70,12774.3
2853.888,451.1,2052.0,2404,52,67,12783.7
2854.007,710.1,2052.0,2404,52,66,12792.8
2854.127,291.1,2052.0,2404,16,68,12798.8
2854.245,291.1,2052.0,2404,70,72,12788.7
2854.365,452.1,2052.0,2404,71,67,12754.6
2854.483,581.6,2052.0,2404,71,66,12472.2
2854.602,711.1,2052.0,2404,12,66,12280.0
2854.72,292.0,2052.0,2404,25,68,12293.2
2854.838,292.0,2052.0,2404,25,71,12293.2
2854.955,323.5,2052.0,2404,100,68,12302.5
2855.073,453.0,2052.0,2404,26,67,12319.5
2855.191,582.5,2052.0,2404,26,66,12339.7
2855.309,712.0,2052.0,2404,10,66,12357.4
2855.427,292.9,2052.0,2404,9,67,12264.6
2855.545,292.9,2052.0,2404,82,69,12254.9
2855.663,292.9,2052.0,2404,82,69,12259.5
2855.781,453.9,2052.0,2404,60,67,12277.7
2855.899,583.4,2052.0,2404,8,66,12295.3
2856.017,712.9,2052.0,2404,8,66,12312.8
2856.135,712.9,2052.0,2404,10,66,12330.3
2856.253,293.8,2052.0,2404,42,71,12330.9
2856.37,293.8,2052.0,2404,96,69,12333.1
2856.493,454.8,2052.0,2404,96,66,12354.5
2856.612,584.3,2052.0,2404,10,66,12375.2
2856.73,584.3,2052.0,2404,9,66,12395.8
2856.848,713.8,2052.0,2404,9,65,12418.3
2856.965,294.7,2052.0,2404,8,68,12425.3
2857.085,294.7,2052.0,2404,88,70,12425.3
2857.203,326.2,2052.0,2404,55,67,12439.0
2857.321,455.7,2052.0,2404,55,66,12455.1
2857.439,585.2,2052.0,2404,8,66,12471.0
2857.557,714.7,2052.0,2404,9,66,12493.4
2857.675,714.7,2052.0,2404,9,66,12518.5
2857.793,295.7,2052.0,2404,7,69,12524.2
2857.911,295.7,2052.0,2404,99,70,12524.2
2858.029,456.7,2052.0,2404,99,67,12541.3
2858.148,456.7,2052.0,2404,39,66,12562.2
2858.265,586.2,2052.0,2404,8,65,12580.5
2858.383,586.2,2052.0,2404,6,65,12599.0
2858.504,715.7,2052.0,2404,6,65,12612.7
2858.624,296.6,2052.0,2404,8,66,12599.9
2858.747,296.6,2052.0,2404,72,70,12589.3
2858.866,328.1,2052.0,2404,72,68,12591.2
2858.984,457.6,2052.0,2404,70,66,12607.3
2859.103,587.1,2052.0,2404,10,66,12641.3
2859.222,716.6,2052.0,2404,12,66,12676.3
2859.341,297.5,2052.0,2404,12,71,12668.9
2859.459,297.5,2052.0,2404,85,70,12658.4
2859.578,458.5,2052.0,2404,58,66,12670.1
2859.697,717.5,2052.0,2404,58,66,12674.4
2859.815,298.4,2052.0,2404,25,71,12664.0
2859.933,298.4,2052.0,2404,100,70,12653.7
2860.052,459.4,2052.0,2404,39,66,12674.1
2860.171,588.9,2052.0,2404,39,66,12698.8
2860.289,299.3,2052.0,2404,12,67,12696.7
2860.408,299.3,2052.0,2404,90,71,12686.2
2860.526,460.4,2052.0,2404,90,68,12684.2
2860.644,719.4,2052.0,2404,62,66,12693.4
2860.763,300.3,2052.0,2404,52,71,12683.9
2860.881,300.3,2052.0,2404,98,70,12673.3
2861.002,590.8,2052.0,2404,98,67,12678.2
2861.122,301.2,2052.0,2404,34,68,12673.0
2861.24,301.2,2052.0,2404,100,70,12662.8
2861.359,462.2,2052.0,2404,100,67,12668.0
2861.477,721.2,2052.0,2404,41,66,12680.1
2861.599,302.1,2052.0,2404,35,68,12679.5
2861.718,302.1,2052.0,2404,100,70,12669.0
2861.841,463.1,2052.0,2404,100,67,12683.8
2861.96,592.6,2052.0,2404,22,66,12706.3
2862.078,722.1,2052.0,2404,13,66,12733.1
2862.197,303.0,2052.0,2404,13,67,12754.3
2862.315,303.0,2052.0,2404,44,72,12744.1
2862.435,306.5,2052.0,2404,96,68,12750.8
2862.554,464.0,2052.0,2404,10,66,12789.0
2862.675,593.5,2052.0,2404,6,66,12788.5
2862.919,723.0,2052.0,2404,4,66,12757.8
2863.21,723.0,2052.0,2404,4,66,12734.8
2863.474,253.9,2052.0,2404,27,70,12724.5
2863.594,253.9,2052.0,2404,100,70,12728.9
2863.735,253.9,2052.0,2404,0,66,12737.5
2864.034,253.9,2052.0,2404,0,66,12702.1
2864.371,253.9,2052.0,2404,0,66,12385.5
2864.496,253.9,2052.0,2404,3,66,12165.4
2864.623,253.9,2052.0,2404,3,66,12141.3
2864.748,253.9,2052.0,2404,0,66,12191.0
2864.873,253.9,2052.0,2404,0,66,12280.8
2864.998,253.9,2052.0,2404,0,66,12343.1
2865.125,253.9,2052.0,2404,3,66,12383.5
2865.25,253.9,2052.0,2404,0,66,12495.5
2865.374,253.9,2052.0,2404,0,66,12553.5
2865.498,253.9,2052.0,2404,0,66,12615.5
2865.624,253.9,2052.0,2404,3,66,12677.6
2865.747,253.9,2052.0,2404,0,66,12753.9
2865.873,253.9,2052.0,2404,0,66,12799.6
2866.0,253.9,2052.0,2404,0,66,12709.9
2866.153,253.9,2052.0,2404,3,66,12804.7
2866.286,253.9,2052.0,2404,0,65,12866.0
2866.412,253.9,2052.0,2404,0,65,12924.3
2866.542,253.9,2052.0,2404,0,65,13006.7
2866.668,253.9,2052.0,2404,3,65,12965.3
2866.794,253.9,2052.0,2404,0,65,12839.0
2866.92,253.9,2052.0,2404,0,65,12786.7
2867.045,253.9,2052.0,2404,0,65,12792.4
2867.169,253.9,2052.0,2404,3,65,12883.6
2867.294,253.9,2052.0,2404,0,65,12949.3
2867.418,253.9,2052.0,2404,0,65,12985.5
2867.545,253.9,2052.0,2404,0,65,13090.9
2867.669,253.9,2052.0,2404,2,65,13124.4
2867.795,253.9,2052.0,2404,0,65,13161.7
2867.921,253.9,2052.0,2404,0,65,13177.3
2868.047,253.9,2052.0,2404,0,65,13230.5
2868.173,253.9,2052.0,2404,5,65,13111.7
2868.298,253.9,2052.0,2404,0,65,13157.9
2868.425,253.9,2052.0,2404,0,65,13199.6
2868.566,253.9,2052.0,2404,0,65,13135.2
2868.693,253.9,2052.0,2404,3,65,13146.0
2868.827,247.3,2052.0,2404,0,65,12819.7
2868.945,275.5,2052.0,2404,1,65,12852.3
2869.064,436.5,2052.0,2404,1,65,12881.0
2869.183,566.0,2052.0,2404,10,65,12908.6
2869.301,566.0,2052.0,2404,7,65,12935.1
2869.418,695.5,2052.0,2404,6,65,12962.3
2869.536,279.6,2052.0,2404,6,65,12982.1
2869.654,279.6,2052.0,2404,48,70,12982.1
2869.771,279.6,2052.0,2404,100,70,12983.4
2869.889,440.6,2052.0,2404,100,66,13002.8
2870.006,570.1,2052.0,2404,14,66,13026.4
2870.124,699.6,2052.0,2404,10,66,13056.1
2870.242,699.6,2052.0,2404,10,65,13081.3
2870.36,280.6,2052.0,2404,16,69,13081.3
2870.478,280.6,2052.0,2404,100,70,13081.3
2870.597,441.6,2052.0,2404,38,66,13109.3
2870.714,571.1,2052.0,2404,38,66,13136.1
2870.832,571.1,2052.0,2404,9,65,13164.6
2870.95,700.6,2052.0,2404,8,65,13193.1
2871.068,281.5,2052.0,2404,8,67,13205.0
2871.185,281.5,2052.0,2404,54,71,13205.0
2871.306,285.0,2052.0,2404,91,67,13221.8
2871.423,442.5,2052.0,2404,91,66,13252.8
2871.541,572.0,2052.0,2404,7,66,13268.6
2871.661,701.5,2052.0,2404,11,65,12877.7
2871.78,737.7,2052.0,2404,9,65,12907.3
2871.898,282.4,2052.0,2404,9,70,12907.3
2872.016,282.4,2052.0,2404,97,70,12913.0
2872.134,443.4,2052.0,2404,47,66,12939.9
2872.252,443.4,2052.0,2404,47,66,12967.7
2872.37,572.9,2052.0,2404,6,66,12996.1
2872.488,572.9,2052.0,2404,6,66,13021.2
2872.606,702.4,2052.0,2404,9,66,13048.3
2872.724,702.4,2052.0,2404,9,66,13075.4
2872.843,283.3,2052.0,2404,26,71,13076.3
2872.96,283.3,2052.0,2404,100,69,13076.5
2873.078,444.3,2052.0,2404,100,66,13096.5
2873.196,444.3,2052.0,2404,21,66,13125.5
2873.313,573.8,2052.0,2404,8,65,13151.9
2873.431,703.3,2052.0,2404,6,65,13180.1
2873.551,703.3,2052.0,2404,6,65,13208.2
2873.669,284.2,2052.0,2404,9,66,13225.6
2873.787,284.2,2052.0,2404,85,69,13225.6
2873.904,284.2,2052.0,2404,85,68,13233.4
2874.023,445.3,2052.0,2404,58,66,13252.2
2874.141,574.8,2052.0,2404,14,66,13269.3
2874.263,704.3,2052.0,2404,14,66,13110.8
2874.383,285.2,2052.0,2404,10,68,13117.6
2874.501,285.2,2052.0,2404,77,70,13117.6
2874.619,316.7,2052.0,2404,65,67,13132.1
2874.737,446.2,2052.0,2404,65,66,13154.8
2874.855,575.7,2052.0,2404,10,66,13181.3
2874.973,705.2,2052.0,2404,8,65,13207.6
2875.092,286.1,2052.0,2404,8,67,13220.1
2875.21,286.1,2052.0,2404,49,71,13220.1
2875.328,317.6,2052.0,2404,95,67,13231.4
2875.446,447.1,2052.0,2404,11,66,13254.6
2875.565,576.6,2052.0,2404,11,65,13278.8
2875.683,706.1,2052.0,2404,13,65,13198.0
2875.805,287.0,2052.0,2404,38,69,13206.4
2875.924,287.0,2052.0,2404,38,70,13180.9
2876.041,448.0,2052.0,2404,100,67,13210.4
2876.16,448.0,2052.0,2404,15,66,13243.1
2876.277,577.5,2052.0,2404,7,65,13270.5
2876.395,707.0,2052.0,2404,7,65,13300.7
2876.513,287.9,2052.0,2404,9,66,13306.4
2876.631,287.9,2052.0,2404,89,70,13305.0
2876.75,319.4,2052.0,2404,89,68,13318.5
2876.869,578.4,2052.0,2404,59,66,13286.5
2876.988,578.4,2052.0,2404,9,66,13330.4
2877.106,707.9,2052.0,2404,9,65,13377.6
2877.224,288.9,2052.0,2404,13,70,13387.4
2877.342,288.9,2052.0,2404,89,70,13387.4
2877.46,449.9,2052.0,2404,50,66,13427.7
2877.579,449.9,2052.0,2404,50,66,13382.2
2877.698,579.4,2052.0,2404,13,66,13250.4
2877.816,708.9,2052.0,2404,8,65,13281.4
2877.934,289.8,2052.0,2404,8,67,13238.4
2878.052,289.8,2052.0,2404,49,70,13216.2
2878.17,321.3,2052.0,2404,92,67,13242.2
2878.288,450.8,2052.0,2404,8,65,13295.4
2878.406,580.3,2052.0,2404,8,65,13356.1
2878.524,709.8,2052.0,2404,8,65,13404.6
2878.645,290.7,2052.0,2404,32,66,13417.8
2878.763,290.7,2052.0,2404,32,70,13407.5
2878.881,322.2,2052.0,2404,100,67,13420.9
2879.0,581.2,2052.0,2404,26,66,13464.6
2879.12,710.7,2052.0,2404,26,65,13509.2
2879.24,291.6,2052.0,2404,15,67,13517.5
2879.359,291.6,2052.0,2404,75,71,13507.2
2879.478,452.6,2052.0,2404,65,67,13539.1
2879.598,582.1,2052.0,2404,65,66,13582.5
2879.717,711.6,2052.0,2404,7,65,13607.6
2879.915,292.5,2052.0,2404,61,68,13593.2
2880.19,292.5,2052.0,2404,100,65,13576.5
2880.413,453.6,2052.0,2404,4,65,13538.1
2880.779,453.6,2052.0,2404,2,65,13504.9
2881.119,583.1,2052.0,2404,3,65,13472.1
2881.427,712.6,2052.0,2404,15,65,13474.6
2881.626,293.5,2052.0,2404,100,69,13463.5
2881.752,325.0,2052.0,2404,100,66,13464.4
2881.89,584.0,2052.0,2404,10,66,13469.0
2882.098,713.5,2052.0,2404,10,65,13458.6
2882.219,713.5,2052.0,2404,2,65,13452.3
2882.34,713.5,2052.0,2404,3,65,13443.7
2882.46,713.5,2052.0,2404,3,65,13427.7
2882.58,713.5,2052.0,2404,2,65,13417.1
2882.703,294.4,2052.0,2404,42,70,13406.8
2882.822,294.4,2052.0,2404,100,69,13397.0
2882.942,455.4,2052.0,2404,100,66,13403.4
2883.063,455.4,2052.0,2404,6,66,13387.4
2883.183,455.4,2052.0,2404,3,65,13369.8
2883.305,455.4,2052.0,2404,1,65,13357.2
2883.426,455.4,2052.0,2404,1,65,13342.2
2883.546,455.4,2052.0,2404,2,65,13325.0
2883.667,455.4,2052.0,2404,2,65,13307.2
2883.787,455.4,2052.0,2404,2,65,13291.7
2883.908,455.4,2052.0,2404,1,65,13274.6
2884.029,584.9,2052.0,2404,3,65,13260.0
2884.151,584.9,2052.0,2404,4,65,13255.2
2884.271,584.9,2052.0,2404,4,65,13239.1
2884.391,584.9,2052.0,2404,1,65,13223.3
2884.511,584.9,2052.0,2404,3,65,13208.8
2884.632,714.4,2052.0,2404,3,65,13201.8
2884.751,714.4,2052.0,2404,6,65,13198.9
2884.871,295.3,2052.0,2404,45,69,13188.9
2885.01,295.3,2052.0,2404,100,68,13185.3
2885.129,456.3,2052.0,2404,100,66,13173.3
2885.249,585.8,2052.0,2404,19,65,13184.5
2885.369,715.3,2052.0,2404,15,65,13186.4
2885.489,715.3,2052.0,2404,5,65,13175.0
2885.61,715.3,2052.0,2404,5,65,13170.9
2885.731,296.2,2052.0,2404,4,66,13160.0
2885.85,296.2,2052.0,2404,68,69,13149.6
2885.969,296.2,2052.0,2404,68,68,13140.1
2886.089,457.2,2052.0,2404,74,66,13133.2
2886.209,457.2,2052.0,2404,6,66,13125.1
2886.329,457.2,2052.0,2404,2,66,13112.6
2886.449,586.7,2052.0,2404,2,66,13057.1
2886.568,586.7,2052.0,2404,8,66,12884.6
2886.687,716.2,2052.0,2404,9,65,12738.2
2886.805,297.2,2052.0,2404,9,68,12750.9
2886.924,297.2,2052.0,2404,55,70,12750.9
2887.042,458.2,2052.0,2404,87,67,12770.2
2887.161,587.7,2052.0,2404,16,66,12836.4
2887.279,587.7,2052.0,2404,16,66,12821.6
2887.399,587.7,2052.0,2404,3,65,12802.7
2887.518,587.7,2052.0,2404,10,65,12789.4
2887.638,717.2,2052.0,2404,10,65,12775.8
2887.757,717.2,2052.0,2404,7,65,12760.8
2887.876,717.2,2052.0,2404,0,65,12745.7
2887.995,717.2,2052.0,2404,2,65,12731.9
2888.116,717.2,2052.0,2404,2,65,12717.3
2888.234,717.2,2052.0,2404,2,65,12701.8
2888.355,717.2,2052.0,2404,3,65,12399.4
2888.476,298.1,2052.0,2404,3,69,12395.2
2888.594,298.1,2052.0,2404,69,70,12395.2
2888.712,459.1,2052.0,2404,73,67,12287.9
2888.831,459.1,2052.0,2404,7,66,12262.0
2888.949,588.6,2052.0,2404,7,66,12250.3
2889.068,718.1,2052.0,2404,11,66,12250.9
2889.186,299.0,2052.0,2404,38,68,12261.0
2889.304,299.0,2052.0,2404,38,70,12261.0
2889.422,460.0,2052.0,2404,100,67,12256.4
2889.543,460.0,2052.0,2404,12,66,12226.8
2889.661,589.5,2052.0,2404,8,65,12191.0
2889.78,719.0,2052.0,2404,8,65,12125.8
2889.899,719.0,2052.0,2404,9,65,12070.9
2890.017,299.9,2052.0,2404,74,69,12070.9
2890.134,299.9,2052.0,2404,74,71,12068.8
2890.254,460.9,2052.0,2404,83,67,12030.3
2890.372,590.4,2052.0,2404,8,66,11971.9
2890.491,590.4,2052.0,2404,8,66,11883.6
2890.609,719.9,2052.0,2404,10,65,11821.9
2890.73,300.8,2052.0,2404,46,71,11821.9
2890.85,300.8,2052.0,2404,96,69,11809.0
2890.97,461.8,2052.0,2404,96,66,11821.9
2891.088,591.3,2052.0,2404,11,66,11748.7
2891.209,720.8,2052.0,2404,11,65,11722.6
2891.328,301.8,2052.0,2404,11,67,11723.5
2891.445,301.8,2052.0,2404,52,70,11723.5
2891.563,462.8,2052.0,2404,92,67,11702.8
2891.681,462.8,2052.0,2404,12,66,11731.2
2891.799,592.3,2052.0,2404,12,65,11741.8
2891.918,721.8,2052.0,2404,8,65,11542.3
2892.038,302.7,2052.0,2404,32,68,11486.7
2892.156,302.7,2052.0,2404,32,71,11486.7
2892.274,334.2,2052.0,2404,100,67,11496.7
2892.392,463.7,2052.0,2404,17,66,11523.5
2892.51,593.2,2052.0,2404,9,65,11466.9
2892.628,722.7,2052.0,2404,9,65,11500.6
2892.746,722.7,2052.0,2404,10,65,11538.1
2892.865,303.6,2052.0,2404,40,67,11548.6
2892.982,303.6,2052.0,2404,40,69,11443.0
2893.1,335.1,2052.0,2404,100,67,11471.3
2893.218,464.6,2052.0,2404,12,66,11528.2
2893.336,594.1,2052.0,2404,12,65,11574.6
2893.455,723.6,2052.0,2404,7,65,11616.3
2893.573,723.6,2052.0,2404,9,65,11548.4
2893.691,254.5,2052.0,2404,52,69,11565.5
2893.809,254.5,2052.0,2404,52,70,11565.5
2893.927,254.5,2052.0,2404,89,66,11626.6
2894.051,254.5,2052.0,2404,2,65,11651.5
2894.176,254.5,2052.0,2404,2,65,11674.8
2894.304,254.5,2052.0,2404,2,65,11762.0
2894.43,254.5,2052.0,2404,0,65,11827.8
2894.555,254.5,2052.0,2404,2,65,11869.3
2894.683,254.5,2052.0,2404,2,65,11956.0
2894.81,254.5,2052.0,2404,2,65,12006.4
2894.935,254.5,2052.0,2404,0,65,12029.9
2895.062,254.5,2052.0,2404,2,65,12100.7
2895.187,254.5,2052.0,2404,2,65,12145.9
2895.313,254.5,2052.0,2404,2,65,12197.4
2895.436,254.5,2052.0,2404,0,65,12285.3
2895.56,254.5,2052.0,2404,2,65,12336.1
2895.685,254.5,2052.0,2404,2,65,12365.2
2895.812,254.5,2052.0,2404,2,65,12424.9
2895.936,254.5,2052.0,2404,0,65,12460.6
2896.063,254.5,2052.0,2404,2,65,12540.8
2896.187,254.5,2052.0,2404,2,65,12599.0
2896.311,254.5,2052.0,2404,2,65,12657.9
2896.434,254.5,2052.0,2404,0,65,12717.8
2896.559,254.5,2052.0,2404,2,65,12744.9
2896.683,254.5,2052.0,2404,2,65,12783.8
2896.81,254.5,2052.0,2404,2,65,12856.8
2896.935,254.5,2052.0,2404,0,65,12912.7
2897.059,254.5,2052.0,2404,2,65,12944.1
2897.187,254.5,2052.0,2404,2,65,13027.2
2897.311,254.5,2052.0,2404,2,65,13064.7
2897.433,254.5,2052.0,2404,0,65,12877.3
2897.555,247.4,2052.0,2404,2,65,12269.1
2897.676,436.7,2052.0,2404,2,65,12303.8
2897.794,436.7,2052.0,2404,7,65,12338.2
2897.912,566.2,2052.0,2404,6,65,12372.7
2898.029,566.2,2052.0,2404,8,65,12404.9
2898.148,695.7,2052.0,2404,8,65,12437.8
2898.265,280.0,2052.0,2404,8,66,12461.1
2898.383,280.0,2052.0,2404,81,68,12461.1
2898.501,280.0,2052.0,2404,81,70,12461.1
2898.619,311.5,2052.0,2404,100,67,12481.9
2898.737,441.0,2052.0,2404,17,66,12509.5
2898.854,570.5,2052.0,2404,17,66,12544.5
2898.972,700.0,2052.0,2404,9,65,12585.1
2899.09,281.0,2052.0,2404,9,67,12608.8
2899.208,281.0,2052.0,2404,86,69,12608.8
2899.325,281.0,2052.0,2404,86,70,12608.8
2899.443,312.5,2052.0,2404,100,67,12624.7
2899.56,442.0,2052.0,2404,14,66,12663.0
2899.679,571.5,2052.0,2404,14,66,12694.4
2899.797,701.0,2052.0,2404,10,65,12731.3
2899.915,701.0,2052.0,2404,6,65,12757.5
2900.033,281.9,2052.0,2404,56,66,12764.5
2900.151,281.9,2052.0,2404,56,69,12764.5
2900.268,281.9,2052.0,2404,100,71,12767.3
2900.386,442.9,2052.0,2404,34,66,12800.0
2900.504,442.9,2052.0,2404,34,66,12833.4
2900.621,572.4,2052.0,2404,8,65,12867.7
2900.739,572.4,2052.0,2404,8,65,12901.9
2900.857,701.9,2052.0,2404,8,65,12935.7
2900.976,282.8,2052.0,2404,7,66,12940.3
2901.094,282.8,2052.0,2404,87,69,12940.3
2901.211,282.8,2052.0,2404,100,71,12940.3
2901.328,443.8,2052.0,2404,100,66,12970.3
2901.446,443.8,2052.0,2404,7,66,13002.9
2901.563,573.3,2052.0,2404,7,65,13035.4
2901.681,573.3,2052.0,2404,7,65,12995.2
2901.8,702.8,2052.0,2404,9,65,12565.1
2901.917,283.7,2052.0,2404,7,66,12593.9
2902.035,283.7,2052.0,2404,7,69,12593.9
2902.152,283.7,2052.0,2404,96,70,12593.9
2902.271,315.2,2052.0,2404,91,67,12621.8
2902.391,444.7,2052.0,2404,6,66,12661.1
2902.509,574.2,2052.0,2404,6,65,12695.1
2902.627,574.2,2052.0,2404,10,65,12737.4
2902.745,703.7,2052.0,2404,7,65,12778.7
2902.863,703.7,2052.0,2404,7,65,12819.1
2902.982,284.6,2052.0,2404,19,68,12819.1
2903.101,284.6,2052.0,2404,100,69,12819.1
2903.218,284.6,2052.0,2404,76,68,12834.9
2903.336,445.7,2052.0,2404,76,66,12871.2
2903.455,575.2,2052.0,2404,9,65,12895.1
2903.574,704.7,2052.0,2404,10,65,12924.7
2903.692,704.7,2052.0,2404,10,66,12961.1
2903.81,285.6,2052.0,2404,28,69,12961.1
2903.927,285.6,2052.0,2404,100,69,12961.1
2904.045,292.6,2052.0,2404,100,68,12978.9
2904.163,446.6,2052.0,2404,67,66,13028.6
2904.28,576.1,2052.0,2404,8,65,13082.9
2904.398,576.1,2052.0,2404,7,65,12961.7
2904.516,705.6,2052.0,2404,7,65,12984.9
2904.634,286.5,2052.0,2404,10,66,12975.0
2904.752,286.5,2052.0,2404,97,69,12975.0
2904.87,286.5,2052.0,2404,97,71,12975.0
2904.988,447.5,2052.0,2404,89,66,13020.4
2905.107,447.5,2052.0,2404,10,65,13077.6
2905.225,577.0,2052.0,2404,7,65,13126.6
2905.344,706.5,2052.0,2404,7,65,13068.4
2905.465,706.5,2052.0,2404,7,65,13119.3
2905.585,287.4,2052.0,2404,48,67,13129.3
2905.702,287.4,2052.0,2404,48,69,13129.3
2905.82,287.4,2052.0,2404,100,70,13131.5
2905.938,448.4,2052.0,2404,51,66,13185.6
2906.057,448.4,2052.0,2404,51,65,13242.6
2906.177,577.9,2052.0,2404,11,65,13309.2
2906.297,707.4,2052.0,2404,8,65,13358.4
2906.416,288.3,2052.0,2404,39,67,13365.5
2906.536,288.3,2052.0,2404,39,69,13355.3
2906.656,288.3,2052.0,2404,100,71,13345.0
2906.775,449.3,2052.0,2404,59,66,13364.3
2906.895,578.8,2052.0,2404,59,65,13388.0
2907.015,708.3,2052.0,2404,9,65,13412.7
2907.135,289.3,2052.0,2404,18,67,13417.4
2907.256,289.3,2052.0,2404,100,69,13407.0
2907.376,289.3,2052.0,2404,100,70,13400.0
2907.496,450.3,2052.0,2404,77,66,13431.9
2907.618,579.8,2052.0,2404,13,65,13456.2
2907.738,709.3,2052.0,2404,9,65,13476.2
2907.878,709.3,2052.0,2404,28,69,13461.1
2908.167,290.2,2052.0,2404,100,71,13446.3
2908.313,451.2,2052.0,2404,2,66,13423.1
2908.604,451.2,2052.0,2404,2,65,13396.2
2908.896,710.2,2052.0,2404,7,65,13380.5
2909.189,710.2,2052.0,2404,3,65,13352.6
2909.493,291.1,2052.0,2404,11,68,13346.3
2909.63,291.1,2052.0,2404,100,69,13335.7
2909.753,294.6,2052.0,2404,82,69,13331.2
2909.879,452.1,2052.0,2404,7,65,13321.8
2910.105,581.6,2052.0,2404,2,65,13303.2
2910.391,711.1,2052.0,2404,2,65,13293.5
2910.529,711.1,2052.0,2404,4,65,13281.8
2910.649,292.0,2052.0,2404,6,66,13277.7
2910.801,292.0,2052.0,2404,86,69,13267.0
2910.924,292.0,2052.0,2404,99,71,13256.8
2911.043,453.0,2052.0,2404,99,67,13258.8
2911.166,453.0,2052.0,2404,7,66,13255.8
2911.291,453.0,2052.0,2404,3,66,13248.5
2911.414,453.0,2052.0,2404,2,65,13236.6
2911.542,582.5,2052.0,2404,2,65,13230.1
2911.665,582.5,2052.0,2404,7,65,13226.1
2911.845,712.0,2052.0,2404,4,65,13211.3
2912.019,712.0,2052.0,2404,2,65,13200.2
2912.146,712.0,2052.0,2404,4,65,13184.3
2912.272,712.0,2052.0,2404,1,65,13167.0
2912.392,712.0,2052.0,2404,1,65,13152.8
2912.512,712.0,2052.0,2404,1,65,13137.8
2912.632,712.0,2052.0,2404,5,65,13122.8
2912.752,712.0,2052.0,2404,5,65,13106.6
2912.872,292.9,2052.0,2404,1,68,13097.1
2912.991,292.9,2052.0,2404,96,69,13086.9
2913.111,292.9,2052.0,2404,94,70,13080.8
2913.23,292.9,2052.0,2404,94,66,13067.1
2913.35,454.0,2052.0,2404,1,66,13076.1
2913.469,583.5,2052.0,2404,7,66,13096.9
2913.589,583.5,2052.0,2404,10,65,13111.0
2913.72,713.0,2052.0,2404,6,65,13086.6
2913.981,293.9,2052.0,2404,25,67,13078.0
2914.108,293.9,2052.0,2404,100,70,13065.8
2914.24,293.9,2052.0,2404,100,70,13058.1
2914.362,454.9,2052.0,2404,7,66,13042.6
2914.597,584.4,2052.0,2404,8,66,12993.8
2914.842,713.9,2052.0,2404,3,65,12842.5
2914.962,294.8,2052.0,2404,14,67,12749.0
2915.103,294.8,2052.0,2404,100,69,12695.7
2915.221,294.8,2052.0,2404,100,71,12695.7
2915.339,326.3,2052.0,2404,83,67,12711.5
2915.457,455.8,2052.0,2404,7,66,12733.7
2915.577,585.3,2052.0,2404,7,66,12759.1
2915.699,714.8,2052.0,2404,10,66,12780.2
2915.818,295.7,2052.0,2404,8,67,12792.9
2915.937,295.7,2052.0,2404,86,69,12782.7
2916.056,295.7,2052.0,2404,86,70,12772.5
2916.176,327.2,2052.0,2404,100,68,12781.9
2916.295,456.7,2052.0,2404,13,66,12799.8
2916.415,586.2,2052.0,2404,13,66,12820.3
2916.535,715.7,2052.0,2404,8,66,12756.3
2916.655,715.7,2052.0,2404,10,65,12626.2
2916.775,296.6,2052.0,2404,78,69,12372.8
2916.893,296.6,2052.0,2404,78,69,12372.8
2917.011,296.6,2052.0,2404,100,69,12381.7
2917.13,457.6,2052.0,2404,23,66,12406.8
2917.247,457.6,2052.0,2404,23,66,12432.0
2917.365,587.1,2052.0,2404,6,66,12460.3
2917.483,587.1,2052.0,2404,5,65,12492.7
2917.6,716.6,2052.0,2404,5,65,12557.1
2917.718,297.6,2052.0,2404,10,66,12581.6
2917.836,297.6,2052.0,2404,80,69,12581.6
2917.954,297.6,2052.0,2404,100,71,12581.6
2918.072,458.6,2052.0,2404,100,67,12608.9
2918.19,458.6,2052.0,2404,16,66,12637.2
2918.308,588.1,2052.0,2404,8,66,12559.5
2918.429,717.6,2052.0,2404,8,65,12576.6
2918.547,717.6,2052.0,2404,6,66,12604.1
2918.665,298.5,2052.0,2404,51,69,12604.1
2918.783,298.5,2052.0,2404,100,69,12604.1
2918.901,298.5,2052.0,2404,100,69,12611.1
2919.019,589.0,2052.0,2404,49,66,12617.0
2919.137,299.4,2052.0,2404,24,66,12623.9
2919.254,299.4,2052.0,2404,24,69,12623.9
2919.372,299.4,2052.0,2404,100,70,12623.9
2919.49,460.4,2052.0,2404,87,68,12629.6
2919.608,589.9,2052.0,2404,87,66,12651.4
2919.726,719.4,2052.0,2404,15,66,12599.8
2919.844,300.3,2052.0,2404,29,68,12592.2
2919.962,300.3,2052.0,2404,100,70,12592.2
2920.08,300.3,2052.0,2404,100,71,12593.3
2920.198,461.3,2052.0,2404,74,66,12599.8
2920.319,720.3,2052.0,2404,16,66,12623.3
2920.44,301.2,2052.0,2404,16,69,12624.8
2920.558,301.2,2052.0,2404,79,70,12624.8
2920.68,301.2,2052.0,2404,100,69,12626.8
2920.798,591.8,2052.0,2404,33,66,12646.0
2920.916,302.2,2052.0,2404,33,67,12652.9
2921.034,302.2,2052.0,2404,74,70,12652.9
2921.151,302.2,2052.0,2404,100,71,12652.9
2921.269,592.7,2052.0,2404,100,67,12591.5
2921.389,722.2,2052.0,2404,38,66,12584.2
2921.507,303.1,2052.0,2404,22,67,12593.6
2921.624,303.1,2052.0,2404,100,69,12593.6
2921.742,303.1,2052.0,2404,100,70,12593.7
2921.86,464.1,2052.0,2404,83,67,12608.3
2921.978,593.6,2052.0,2404,12,66,12628.0
2922.097,723.1,2052.0,2404,12,66,12651.3
2922.215,304.0,2052.0,2404,15,66,12636.2
2922.334,304.0,2052.0,2404,94,69,12624.4
2922.464,304.0,2052.0,2404,94,71,12623.8
2922.584,465.0,2052.0,2404,94,67,12640.9
2922.704,724.0,2052.0,2404,15,66,12656.0
2922.823,254.9,2052.0,2404,11,66,12694.3
2922.942,254.9,2052.0,2404,11,69,12684.2
2923.061,254.9,2052.0,2404,99,70,12674.2
2923.181,254.9,2052.0,2404,88,68,12725.4
2923.305,254.9,2052.0,2404,0,66,12734.3
2923.43,254.9,2052.0,2404,0,66,12763.1
2923.554,254.9,2052.0,2404,1,66,12782.8
2923.68,254.9,2052.0,2404,2,66,12793.5
2923.804,254.9,2052.0,2404,0,65,12848.3
2923.929,254.9,2052.0,2404,0,66,12878.8
2924.054,254.9,2052.0,2404,1,66,12909.8
2924.179,254.9,2052.0,2404,2,66,12934.5
2924.305,254.9,2052.0,2404,0,66,12942.8
2924.432,254.9,2052.0,2404,0,66,13006.4
2924.557,254.9,2052.0,2404,2,66,13026.9
2924.683,254.9,2052.0,2404,2,66,13040.1
2924.808,254.9,2052.0,2404,0,66,13053.4
2924.935,254.9,2052.0,2404,0,66,13099.2
2925.076,254.9,2052.0,2404,2,66,13114.0
2925.205,254.9,2052.0,2404,2,66,13140.8
2925.33,254.9,2052.0,2404,0,66,13163.6
2925.455,254.9,2052.0,2404,0,66,13170.8
2925.581,254.9,2052.0,2404,2,66,13211.5
2925.832,254.9,2052.0,2404,0,65,13215.9
2926.026,254.9,2052.0,2404,2,65,13216.3
2926.244,254.9,2052.0,2404,0,65,13225.5
2926.436,254.9,2052.0,2404,1,65,13232.0
2926.673,254.9,2052.0,2404,0,65,13218.9
2926.938,254.9,2052.0,2404,0,65,12929.5
2927.084,254.9,2052.0,2404,1,65,12776.7
2927.21,254.9,2052.0,2404,2,65,12590.8
2927.335,254.9,2052.0,2404,0,65,12622.0
2927.462,254.9,2052.0,2404,0,65,12744.5
2927.587,254.9,2052.0,2404,2,65,12806.0
2927.711,254.9,2052.0,2404,2,65,12859.4
2927.837,254.9,2052.0,2404,0,65,12909.5
2927.962,254.9,2052.0,2404,0,65,13007.5
2928.089,254.9,2052.0,2404,2,65,13068.7
2928.215,254.9,2052.0,2404,2,65,13125.4
2928.342,254.9,2052.0,2404,0,65,13194.1
2928.468,254.9,2052.0,2404,0,65,13282.8
2928.593,254.9,2052.0,2404,2,65,13345.2
2928.718,254.9,2052.0,2404,2,65,13376.5
2928.844,254.9,2052.0,2404,0,65,13342.3
2928.969,254.9,2052.0,2404,2,65,13343.2
2929.121,254.9,2052.0,2404,2,65,13474.2
2929.242,251.8,2052.0,2404,2,65,13057.5
2929.361,437.1,2052.0,2404,5,65,13090.8
2929.479,566.6,2052.0,2404,5,65,13120.0
2929.596,696.1,2052.0,2404,10,65,13155.1
2929.713,696.1,2052.0,2404,10,65,13191.9
2929.831,281.0,2052.0,2404,59,65,13196.7
2929.949,281.0,2052.0,2404,59,69,13196.7
2930.066,281.0,2052.0,2404,100,70,13200.7
2930.185,571.5,2052.0,2404,48,66,13224.4
2930.304,701.0,2052.0,2404,48,66,13259.3
2930.422,281.9,2052.0,2404,9,67,13278.9
2930.539,281.9,2052.0,2404,59,71,13278.9
2930.658,281.9,2052.0,2404,100,70,13278.9
2930.776,442.9,2052.0,2404,100,67,13296.8
2930.894,572.4,2052.0,2404,28,66,13324.4
2931.012,701.9,2052.0,2404,12,66,13355.7
2931.129,701.9,2052.0,2404,12,65,13382.5
2931.247,282.8,2052.0,2404,27,69,13382.6
2931.364,282.8,2052.0,2404,100,70,13382.6
2931.482,314.3,2052.0,2404,100,68,13396.1
2931.602,443.8,2052.0,2404,63,66,13361.3
2931.726,573.3,2052.0,2404,11,66,13396.9
2931.844,702.8,2052.0,2404,10,66,13433.6
2931.963,283.7,2052.0,2404,10,69,13152.8
2932.098,283.7,2052.0,2404,90,69,12890.7
2932.231,444.7,2052.0,2404,100,67,12918.5
2932.35,444.7,2052.0,2404,8,66,12954.3
2932.468,574.2,2052.0,2404,8,66,12996.9
2932.586,703.7,2052.0,2404,10,66,13027.2
2932.704,284.6,2052.0,2404,23,67,13039.0
2932.822,284.6,2052.0,2404,23,70,13039.0
2932.94,284.6,2052.0,2404,100,70,13040.4
2933.058,445.7,2052.0,2404,69,66,13068.3
2933.177,575.2,2052.0,2404,12,66,13093.2
2933.294,704.7,2052.0,2404,12,66,13117.4
2933.412,285.6,2052.0,2404,9,67,13124.2
2933.53,285.6,2052.0,2404,99,71,13124.2
2933.648,285.6,2052.0,2404,99,69,13128.9
2933.766,576.1,2052.0,2404,76,66,13152.4
2933.883,705.6,2052.0,2404,19,67,13171.6
2934.001,286.5,2052.0,2404,19,71,13171.6
2934.12,286.5,2052.0,2404,82,70,13171.6
2934.238,447.5,2052.0,2404,95,67,13186.4
2934.358,577.0,2052.0,2404,13,66,13211.8
2934.476,706.5,2052.0,2404,13,65,13239.7
2934.594,287.4,2052.0,2404,24,67,13240.9
2934.712,287.4,2052.0,2404,100,71,13240.9
2934.83,448.4,2052.0,2404,100,68,13249.8
2934.948,577.9,2052.0,2404,68,66,13278.9
2935.067,707.4,2052.0,2404,13,66,13305.0
2935.185,707.4,2052.0,2404,11,66,13327.8
2935.308,288.3,2052.0,2404,11,70,13227.2
2935.425,288.3,2052.0,2404,100,70,13227.2
2935.543,319.8,2052.0,2404,82,67,13250.9
2935.661,449.3,2052.0,2404,82,66,13296.6
2935.779,578.8,2052.0,2404,10,65,13357.1
2935.898,708.3,2052.0,2404,8,65,13363.1
2936.017,289.3,2052.0,2404,22,67,13237.5
2936.135,289.3,2052.0,2404,22,70,13237.5
2936.252,289.3,2052.0,2404,100,70,13237.5
2936.37,450.3,2052.0,2404,65,67,13253.1
2936.488,450.3,2052.0,2404,65,66,13277.6
2936.606,579.8,2052.0,2404,10,66,13297.9
2936.725,722.4,2052.0,2404,12,65,13311.5
2936.843,290.2,2052.0,2404,12,70,13311.5
2936.961,290.2,2052.0,2404,84,70,13311.5
2937.079,321.7,2052.0,2404,91,67,13323.7
2937.198,451.2,2052.0,2404,11,66,13344.0
2937.316,580.7,2052.0,2404,11,65,13368.2
2937.435,710.2,2052.0,2404,9,65,13390.8
2937.557,291.1,2052.0,2404,40,66,13367.9
2937.675,291.1,2052.0,2404,40,71,13367.9
2937.793,291.1,2052.0,2404,100,68,13373.5
2937.911,452.1,2052.0,2404,45,66,13388.4
2938.031,581.6,2052.0,2404,14,66,13028.4
2938.149,711.1,2052.0,2404,14,65,13049.8
2938.267,292.0,2052.0,2404,20,68,13054.0
2938.385,292.0,2052.0,2404,100,71,13054.0
2938.502,323.5,2052.0,2404,100,67,13063.0
2938.62,453.0,2052.0,2404,65,66,13081.8
2938.739,582.5,2052.0,2404,12,65,13101.3
2938.857,712.0,2052.0,2404,12,65,13120.8
2938.975,292.9,2052.0,2404,9,67,13127.3
2939.093,292.9,2052.0,2404,82,71,13127.3
2939.213,292.9,2052.0,2404,93,68,13132.5
2939.332,454.0,2052.0,2404,93,66,13152.9
2939.45,583.5,2052.0,2404,8,66,13171.4
2939.567,583.5,2052.0,2404,9,65,13188.1
2939.685,713.0,2052.0,2404,9,65,13216.3
2939.803,293.9,2052.0,2404,11,67,13219.0
2939.92,293.9,2052.0,2404,97,70,13219.0
2940.038,293.9,2052.0,2404,79,67,13227.3
2940.156,454.9,2052.0,2404,79,66,13246.3
2940.273,584.4,2052.0,2404,9,65,13266.2
2940.391,584.4,2052.0,2404,7,65,13287.5
2940.51,713.9,2052.0,2404,7,65,13305.6
2940.627,294.8,2052.0,2404,19,69,13306.8
2940.744,294.8,2052.0,2404,100,70,13306.8
2940.862,326.3,2052.0,2404,100,66,13315.6
2940.98,455.8,2052.0,2404,68,65,13334.9
2941.098,585.3,2052.0,2404,11,65,13356.0
2941.216,714.8,2052.0,2404,9,65,13370.5
2941.336,295.7,2052.0,2404,9,65,13297.3
2941.455,295.7,2052.0,2404,45,70,13146.7
2941.589,295.7,2052.0,2404,100,70,13146.7
2941.706,456.7,2052.0,2404,36,66,13172.2
2941.824,456.7,2052.0,2404,36,65,13199.2
2941.943,586.2,2052.0,2404,6,65,13231.0
2942.06,586.2,2052.0,2404,7,65,13259.8
2942.179,715.7,2052.0,2404,7,65,13288.2
2942.297,715.7,2052.0,2404,8,64,13311.6
2942.415,296.6,2052.0,2404,47,66,13312.7
2942.532,296.6,2052.0,2404,47,70,13312.7
2942.65,296.6,2052.0,2404,100,67,13324.7
2942.767,457.6,2052.0,2404,36,65,13347.5
2942.885,457.6,2052.0,2404,6,65,13372.0
2943.003,587.1,2052.0,2404,6,65,13400.7
2943.122,587.1,2052.0,2404,8,64,13426.5
2943.239,716.6,2052.0,2404,6,64,13452.3
2943.358,297.6,2052.0,2404,6,66,13455.7
2943.476,297.6,2052.0,2404,50,69,13445.0
2943.594,297.6,2052.0,2404,100,69,13434.6
2943.712,458.6,2052.0,2404,36,65,13445.8
2943.83,588.1,2052.0,2404,36,65,13456.8
2943.948,717.6,2052.0,2404,8,65,13476.6
2944.066,717.6,2052.0,2404,12,65,13501.3
2944.184,298.5,2052.0,2404,12,68,13490.6
2944.303,298.5,2052.0,2404,93,70,13480.5
2944.423,330.0,2052.0,2404,83,67,13485.6
2944.541,459.5,2052.0,2404,83,66,13500.1
2944.66,589.0,2052.0,2404,13,65,13542.4
2944.778,718.5,2052.0,2404,10,65,13599.2
2944.896,299.4,2052.0,2404,63,68,13590.0
2945.035,299.4,2052.0,2404,63,68,13579.8
2945.154,299.4,2052.0,2404,100,67,13581.9
2945.273,460.4,2052.0,2404,42,65,13596.6
2945.392,589.9,2052.0,2404,11,65,13606.5
2945.511,719.4,2052.0,2404,11,65,13611.1
2945.631,300.3,2052.0,2404,42,70,13600.6
2945.772,300.3,2052.0,2404,100,68,13589.8
2945.89,461.3,2052.0,2404,63,66,13589.2
2946.011,461.3,2052.0,2404,63,65,13602.9
2946.167,590.8,2052.0,2404,3,65,13571.4
2946.459,720.3,2052.0,2404,6,65,13546.4
2946.711,301.2,2052.0,2404,44,69,13533.5
2946.93,301.2,2052.0,2404,100,69,13523.3
2947.049,332.7,2052.0,2404,58,66,13517.3
2947.198,462.2,2052.0,2404,7,65,13492.2
2947.459,591.7,2052.0,2404,5,65,13463.2
2947.748,302.2,2052.0,2404,16,70,13443.0
2948.014,302.2,2052.0,2404,100,69,13432.3
2948.143,463.2,2052.0,2404,7,66,13408.9
2948.418,722.2,2052.0,2404,3,65,13350.3
2948.766,303.1,2052.0,2404,29,67,13349.9
2948.886,303.1,2052.0,2404,29,71,13339.6
2949.005,303.1,2052.0,2404,100,68,13330.9
2949.124,464.1,2052.0,2404,57,66,13332.6
2949.316,593.6,2052.0,2404,3,65,13300.4
2949.621,723.1,2052.0,2404,1,65,13256.2
2950.021,723.1,2052.0,2404,1,65,13214.8
2950.375,304.0,2052.0,2404,1,71,13203.2
2950.505,304.0,2052.0,2404,97,70,13193.2
2950.624,465.0,2052.0,2404,2,66,13164.4
2950.921,465.0,2052.0,2404,3,66,13136.0
2951.165,594.5,2052.0,2404,6,66,12925.1
2951.284,594.5,2052.0,2404,4,65,12925.9
2951.404,724.0,2052.0,2404,4,65,12939.7
2951.523,724.0,2052.0,2404,5,66,12925.7
2951.644,724.0,2052.0,2404,6,66,12911.2
2951.763,724.0,2052.0,2404,1,66,12899.9
2951.883,724.0,2052.0,2404,1,66,12887.3
2952.003,724.0,2052.0,2404,1,66,12874.1
2952.141,304.9,2052.0,2404,6,68,12613.0
2952.26,304.9,2052.0,2404,94,72,12521.5
2952.378,304.9,2052.0,2404,94,70,12521.5
2952.496,465.9,2052.0,2404,80,67,12548.0
2952.614,465.9,2052.0,2404,10,66,12576.8
2952.732,595.4,2052.0,2404,10,66,12606.8
2952.851,724.9,2052.0,2404,8,65,12641.0
2952.969,255.8,2052.0,2404,8,67,12664.8
2953.087,255.8,2052.0,2404,8,70,12664.8
2953.206,255.8,2052.0,2404,94,70,12664.8
2953.324,255.8,2052.0,2404,84,67,12733.3
2953.449,255.8,2052.0,2404,0,66,12784.5
2953.573,255.8,2052.0,2404,0,66,12812.0
2953.7,255.8,2052.0,2404,3,66,12896.9
2953.826,255.8,2052.0,2404,0,65,12947.8
2953.95,255.8,2052.0,2404,0,65,13005.7
2954.076,255.8,2052.0,2404,0,66,12942.9
2954.202,255.8,2052.0,2404,4,65,12763.3
2954.33,255.8,2052.0,2404,0,65,12502.5
2954.457,255.8,2052.0,2404,0,66,12541.7
2954.582,255.8,2052.0,2404,0,65,12591.3
2954.708,255.8,2052.0,2404,3,66,12638.3
2954.834,255.8,2052.0,2404,0,66,12684.6
2954.959,255.8,2052.0,2404,0,66,12719.2
2955.083,255.8,2052.0,2404,0,66,12763.6
2955.208,255.8,2052.0,2404,3,66,12797.1
2955.333,255.8,2052.0,2404,0,66,12816.6
2955.459,255.8,2052.0,2404,0,66,12871.6
2955.585,255.8,2052.0,2404,0,66,12898.6
2955.71,255.8,2052.0,2404,4,66,12849.3
2955.838,255.8,2052.0,2404,0,66,12946.0
2955.963,255.8,2052.0,2404,0,66,12993.4
2956.092,255.8,2052.0,2404,0,66,13053.9
2956.215,255.8,2052.0,2404,3,66,13102.1
2956.341,255.8,2052.0,2404,0,66,13114.2
2956.467,255.8,2052.0,2404,0,66,13161.3
2956.593,255.8,2052.0,2404,0,66,13206.3
2956.719,255.8,2052.0,2404,3,66,13111.9
2956.844,255.8,2052.0,2404,0,66,13155.4
2956.971,255.8,2052.0,2404,0,66,13192.3
2957.097,255.8,2052.0,2404,3,66,13273.0
2957.222,255.8,2052.0,2404,3,66,13304.5
2957.346,255.8,2052.0,2404,0,66,13398.6
2957.475,247.5,2052.0,2404,0,66,12720.1
2957.594,307.9,2052.0,2404,0,66,12771.2
2957.711,437.4,2052.0,2404,8,66,12813.7
2957.829,566.9,2052.0,2404,6,66,12862.1
2957.947,566.9,2052.0,2404,6,66,12900.4
2958.065,696.4,2052.0,2404,6,66,12945.1
2958.183,281.4,2052.0,2404,10,68,12974.4
2958.302,281.4,2052.0,2404,73,72,12974.4
2958.42,281.4,2052.0,2404,73,70,12974.4
2958.538,312.9,2052.0,2404,100,67,13009.3
2958.658,442.4,2052.0,2404,12,66,13069.5
2958.776,571.9,2052.0,2404,12,66,13116.0
2958.893,571.9,2052.0,2404,7,66,13159.0
2959.012,701.4,2052.0,2404,7,65,13205.2
2959.13,282.3,2052.0,2404,29,68,13227.1
2959.247,282.3,2052.0,2404,29,70,13227.1
2959.368,282.3,2052.0,2404,100,70,13227.1
2959.486,443.3,2052.0,2404,58,67,13273.7
2959.605,443.3,2052.0,2404,58,66,13326.0
2959.723,572.8,2052.0,2404,10,66,13372.3
2959.844,702.3,2052.0,2404,8,66,13414.3
2959.963,283.3,2052.0,2404,10,66,13440.9
2960.081,283.3,2052.0,2404,10,68,13431.7
2960.218,283.3,2052.0,2404,100,69,13420.9
2960.337,283.3,2052.0,2404,100,67,13422.2
2960.456,444.3,2052.0,2404,14,66,13469.9
2960.575,573.8,2052.0,2404,14,65,13497.7
2960.693,703.3,2052.0,2404,12,65,13521.6
2960.812,284.2,2052.0,2404,17,66,13533.6
2960.93,284.2,2052.0,2404,17,69,13522.8
2961.05,284.2,2052.0,2404,100,70,13512.3
2961.169,445.2,2052.0,2404,79,67,13522.6
2961.289,445.2,2052.0,2404,7,66,13549.5
2961.408,574.7,2052.0,2404,7,66,13575.0
2961.527,704.2,2052.0,2404,8,66,13580.8
2961.728,704.2,2052.0,2404,3,67,13567.8
2961.974,285.1,2052.0,2404,85,71,13555.9
2962.1,285.1,2052.0,2404,85,70,13544.9
2962.222,446.1,2052.0,2404,5,66,13542.1
2962.42,446.1,2052.0,2404,4,66,13519.7
2962.695,575.6,2052.0,2404,2,66,13491.4
2962.993,705.1,2052.0,2404,4,66,13431.0
2963.359,773.4,2052.0,2404,74,69,13416.5
2963.681,286.0,2052.0,2404,100,68,13406.5
2963.81,447.0,2052.0,2404,31,65,13388.9
2964.058,576.5,2052.0,2404,7,65,13368.1
2964.308,706.0,2052.0,2404,7,68,13342.7
2964.565,286.9,2052.0,2404,90,70,13329.2
2964.707,448.0,2052.0,2404,6,66,13313.3
2964.93,577.5,2052.0,2404,7,66,13282.5
2965.231,707.0,2052.0,2404,4,66,13232.2
2965.581,287.9,2052.0,2404,65,71,13224.9
2965.804,287.9,2052.0,2404,65,70,13214.6
2965.923,448.9,2052.0,2404,100,67,13207.2
2966.094,578.4,2052.0,2404,7,66,13174.4
2966.414,707.9,2052.0,2404,6,66,13139.9
2966.736,707.9,2052.0,2404,3,66,13109.2
2967.058,288.8,2052.0,2404,83,72,13098.7
2967.181,288.8,2052.0,2404,96,68,13096.2
2967.307,449.8,2052.0,2404,6,66,13081.2
2967.545,579.3,2052.0,2404,5,66,12663.8
2967.664,579.3,2052.0,2404,9,66,12698.2
2967.783,708.8,2052.0,2404,9,66,12731.2
2967.901,289.7,2052.0,2404,7,68,12748.8
2968.019,289.7,2052.0,2404,83,71,12748.8
2968.137,289.7,2052.0,2404,83,71,12748.8
2968.255,450.7,2052.0,2404,96,67,12770.1
2968.373,580.2,2052.0,2404,8,66,12793.2
2968.491,580.2,2052.0,2404,10,66,12566.5
2968.616,709.7,2052.0,2404,10,66,12542.1
2968.734,290.6,2052.0,2404,32,69,12542.5
2968.851,290.6,2052.0,2404,100,71,12542.5
2968.971,322.1,2052.0,2404,100,68,12557.9
2969.09,451.6,2052.0,2404,57,67,12581.9
2969.208,581.1,2052.0,2404,10,66,12607.0
2969.326,710.6,2052.0,2404,7,66,12633.6
2969.445,710.6,2052.0,2404,7,66,12658.2
2969.562,291.6,2052.0,2404,24,68,12662.8
2969.68,291.6,2052.0,2404,100,71,12662.8
2969.797,291.6,2052.0,2404,100,68,12669.4
2969.916,452.6,2052.0,2404,61,66,12686.6
2970.033,582.1,2052.0,2404,10,66,12706.5
2970.152,711.6,2052.0,2404,10,66,12725.1
2970.271,711.6,2052.0,2404,9,66,12752.2
2970.388,292.5,2052.0,2404,14,67,12760.1
2970.506,292.5,2052.0,2404,100,70,12746.7
2970.626,292.5,2052.0,2404,100,71,12483.9
2970.743,453.5,2052.0,2404,69,67,12500.8
2970.861,453.5,2052.0,2404,7,66,12522.0
2970.979,583.0,2052.0,2404,7,66,12541.3
2971.097,712.5,2052.0,2404,10,66,12561.9
2971.215,293.4,2052.0,2404,15,67,12572.0
2971.333,293.4,2052.0,2404,100,71,12572.0
2971.451,293.4,2052.0,2404,100,70,12572.0
2971.569,454.4,2052.0,2404,73,66,12591.5
2971.687,454.4,2052.0,2404,9,66,12613.4
2971.805,583.9,2052.0,2404,9,66,12631.3
2971.922,713.4,2052.0,2404,6,66,12649.4
2972.039,713.4,2052.0,2404,8,65,12678.2
2972.157,294.3,2052.0,2404,8,67,12683.6
2972.275,294.3,2052.0,2404,66,68,12683.6
2972.392,294.3,2052.0,2404,100,69,12683.6
2972.509,325.8,2052.0,2404,40,66,12701.7
2972.627,455.3,2052.0,2404,40,65,12722.0
2972.746,584.8,2052.0,2404,8,65,12742.4
2972.864,584.8,2052.0,2404,6,65,12762.4
2972.982,714.3,2052.0,2404,6,65,12783.0
2973.1,295.2,2052.0,2404,9,66,12749.8
2973.218,295.2,2052.0,2404,74,69,12645.4
2973.336,295.2,2052.0,2404,74,70,12645.4
2973.453,326.8,2052.0,2404,100,66,12659.2
2973.571,456.3,2052.0,2404,17,66,12679.4
2973.689,585.8,2052.0,2404,10,65,12695.5
2973.807,715.3,2052.0,2404,10,65,12710.7
2973.925,715.3,2052.0,2404,7,65,12728.9
2974.044,296.2,2052.0,2404,51,67,12729.3
2974.162,296.2,2052.0,2404,51,70,12729.3
2974.28,296.2,2052.0,2404,100,68,12735.7
2974.398,457.2,2052.0,2404,37,66,12754.8
2974.516,586.7,2052.0,2404,10,65,12773.2
2974.633,586.7,2052.0,2404,10,65,12794.2
2974.751,716.2,2052.0,2404,8,65,12817.2
2974.869,297.1,2052.0,2404,26,66,12781.3
2974.987,297.1,2052.0,2404,26,68,12779.1
2975.106,297.1,2052.0,2404,100,70,12739.4
2975.224,458.1,2052.0,2404,62,66,12757.9
2975.342,458.1,2052.0,2404,62,66,12774.3
2975.46,587.6,2052.0,2404,7,65,12790.5
2975.578,587.6,2052.0,2404,8,65,12809.8
2975.697,717.1,2052.0,2404,9,65,12826.9
2975.816,298.0,2052.0,2404,9,68,12822.8
2975.94,298.0,2052.0,2404,75,71,12813.7
2976.059,298.0,2052.0,2404,100,68,12807.4
2976.178,459.0,2052.0,2404,100,66,12819.0
2976.297,588.5,2052.0,2404,18,65,12830.9
2976.416,718.0,2052.0,2404,8,65,12848.2
2976.537,298.9,2052.0,2404,29,66,12854.3
2976.656,298.9,2052.0,2404,29,69,12495.3
2976.776,298.9,2052.0,2404,100,70,12466.9
2976.893,459.9,2052.0,2404,61,66,12484.4
2977.012,589.4,2052.0,2404,61,66,12508.8
2977.13,589.4,2052.0,2404,10,65,12548.3
2977.248,718.9,2052.0,2404,11,65,12586.6
2977.366,299.9,2052.0,2404,62,68,12589.1
2977.483,299.9,2052.0,2404,62,71,12589.1
2977.601,299.9,2052.0,2404,100,67,12601.7
2977.719,460.9,2052.0,2404,23,66,12636.7
2977.838,590.4,2052.0,2404,23,65,12669.0
2977.956,590.4,2052.0,2404,8,65,12701.5
2978.074,719.9,2052.0,2404,9,65,12724.8
2978.191,300.8,2052.0,2404,56,66,12732.9
2978.312,300.8,2052.0,2404,56,71,12732.9
2978.43,300.8,2052.0,2404,100,68,12736.9
2978.547,461.8,2052.0,2404,34,65,12739.1
2978.667,591.3,2052.0,2404,34,65,12677.7
2978.785,591.3,2052.0,2404,9,65,12659.7
2978.903,720.8,2052.0,2404,8,65,12623.1
2979.021,301.7,2052.0,2404,8,66,12575.7
2979.142,301.7,2052.0,2404,68,71,12532.0
2979.262,301.7,2052.0,2404,100,67,12543.7
2979.38,462.7,2052.0,2404,22,65,12581.3
2979.498,592.2,2052.0,2404,22,65,12617.8
2979.616,721.7,2052.0,2404,10,65,12658.4
2979.735,721.7,2052.0,2404,10,65,12691.7
2979.853,302.6,2052.0,2404,10,66,12691.7
2979.971,302.6,2052.0,2404,83,71,12691.7
2980.089,309.6,2052.0,2404,98,67,12709.8
2980.207,463.6,2052.0,2404,10,65,12703.0
2980.326,593.1,2052.0,2404,10,65,12726.2
2980.445,722.6,2052.0,2404,11,65,12755.4
2980.564,303.5,2052.0,2404,52,67,12758.6
2980.682,303.5,2052.0,2404,52,71,12758.6
2980.802,310.6,2052.0,2404,100,67,12780.3
2980.921,464.6,2052.0,2404,37,65,12846.2
2981.041,594.1,2052.0,2404,11,65,12911.2
2981.161,723.6,2052.0,2404,11,65,12980.8
2981.279,304.5,2052.0,2404,9,66,13007.9
2981.399,304.5,2052.0,2404,86,69,12997.2
2981.518,304.5,2052.0,2404,86,70,12986.4
2981.637,465.5,2052.0,2404,7,65,12996.0
2981.893,465.5,2052.0,2404,3,65,12994.7
2982.169,595.0,2052.0,2404,6,65,12969.9
2982.469,724.5,2052.0,2404,4,65,12937.4
2982.793,305.4,2052.0,2404,10,67,12929.0
2982.94,305.4,2052.0,2404,100,70,12917.7
2983.063,336.9,2052.0,2404,76,66,12905.4
2983.269,466.4,2052.0,2404,1,65,12864.9
2983.633,466.4,2052.0,2404,2,65,12828.7
2983.943,595.9,2052.0,2404,4,65,12790.3
2984.259,595.9,2052.0,2404,1,65,12752.7
2984.607,725.4,2052.0,2404,2,65,12715.0
2984.951,256.2,2052.0,2404,100,69,12704.9
2985.223,256.2,2052.0,2404,98,68,12704.6
2985.346,256.2,2052.0,2404,0,65,12710.8
2985.659,256.2,2052.0,2404,2,65,12698.3
2985.806,256.2,2052.0,2404,1,65,12283.9
2985.932,256.2,2052.0,2404,0,65,12321.0
2986.058,256.2,2052.0,2404,3,65,12380.1
2986.182,256.2,2052.0,2404,3,65,12435.7
2986.306,256.2,2052.0,2404,0,65,12529.1
2986.433,256.2,2052.0,2404,0,65,12584.5
2986.558,256.2,2052.0,2404,3,65,12631.5
2986.682,256.2,2052.0,2404,3,65,12622.3
2986.81,256.2,2052.0,2404,0,65,12414.9
2986.935,256.2,2052.0,2404,0,65,12470.1
2987.061,256.2,2052.0,2404,3,65,12531.9
2987.186,256.2,2052.0,2404,3,65,12586.8
2987.31,256.2,2052.0,2404,0,65,12680.5
2987.435,256.2,2052.0,2404,0,65,12734.1
2987.559,256.2,2052.0,2404,3,65,12790.2
2987.684,256.2,2052.0,2404,3,65,12847.3
2987.808,256.2,2052.0,2404,0,65,12942.4
2987.932,256.2,2052.0,2404,0,65,12944.1
2988.058,256.2,2052.0,2404,3,65,12859.9
2988.182,256.2,2052.0,2404,3,65,12924.7
2988.307,256.2,2052.0,2404,0,65,12983.8
2988.431,256.2,2052.0,2404,0,65,13046.2
2988.555,256.2,2052.0,2404,0,65,13071.3
2988.682,256.2,2052.0,2404,3,65,13072.0
2988.807,256.2,2052.0,2404,0,65,12978.7
2988.932,256.2,2052.0,2404,0,65,13040.7
2989.057,256.2,2052.0,2404,0,65,13071.9
2989.185,256.2,2052.0,2404,3,65,13176.3
2989.31,256.2,2052.0,2404,0,65,13230.0
2989.435,256.2,2052.0,2404,0,65,13221.2
2989.559,256.2,2052.0,2404,0,65,13041.0
2989.689,256.2,2052.0,2404,4,65,12997.6
2989.83,256.2,2052.0,2404,0,65,13097.8
2989.954,256.2,2052.0,2404,0,65,13146.5
2990.079,256.2,2052.0,2404,3,65,13191.4
2990.205,256.2,2052.0,2404,3,65,13255.2
2990.332,256.2,2052.0,2404,0,65,13312.6
2990.459,256.2,2052.0,2404,0,65,13425.4
2990.587,256.2,2052.0,2404,3,65,12821.0
2990.705,277.8,2052.0,2404,3,65,12635.7
2990.823,438.8,2052.0,2404,3,65,12677.6
2990.942,438.8,2052.0,2404,6,65,12715.0
2991.06,568.3,2052.0,2404,6,65,12760.4
2991.178,568.3,2052.0,2404,10,65,12796.1
2991.297,697.8,2052.0,2404,6,65,12832.2
2991.415,284.1,2052.0,2404,26,65,12854.5
2991.533,284.1,2052.0,2404,26,65,12854.5
2991.651,284.1,2052.0,2404,100,67,12854.5
2991.77,284.1,2052.0,2404,100,68,12854.5
2991.888,284.1,2052.0,2404,100,68,12854.5
2992.006,284.1,2052.0,2404,100,68,12860.3
2992.124,445.1,2052.0,2404,50,66,12901.4
2992.241,445.1,2052.0,2404,50,66,12942.4
2992.359,574.6,2052.0,2404,7,65,12977.1
2992.477,704.1,2052.0,2404,7,65,13015.0
2992.595,704.1,2052.0,2404,9,65,13051.6
2992.713,285.0,2052.0,2404,9,66,13057.5
2992.831,285.0,2052.0,2404,80,69,13057.6
2992.949,285.0,2052.0,2404,100,70,13057.6
2993.067,285.0,2052.0,2404,100,69,13057.6
2993.185,285.0,2052.0,2404,100,69,13057.6
2993.303,316.5,2052.0,2404,72,67,13092.8
2993.421,446.0,2052.0,2404,7,66,13131.8
2993.539,575.5,2052.0,2404,7,66,13177.7
2993.657,705.0,2052.0,2404,13,65,13207.3
2993.774,285.9,2052.0,2404,14,67,13229.1
2993.892,285.9,2052.0,2404,14,68,13229.1
2994.009,285.9,2052.0,2404,100,69,13229.1
2994.128,285.9,2052.0,2404,100,70,13229.1
2994.247,285.9,2052.0,2404,100,69,13229.1
2994.364,285.9,2052.0,2404,100,67,13239.3
2994.482,446.9,2052.0,2404,44,66,13252.3
2994.601,446.9,2052.0,2404,10,66,13170.4
2994.719,576.4,2052.0,2404,10,65,13197.9
2994.836,705.9,2052.0,2404,7,65,13224.5
2994.955,286.9,2052.0,2404,7,67,13242.4
2995.072,286.9,2052.0,2404,7,67,13242.4
2995.19,286.9,2052.0,2404,95,69,13242.4
2995.307,286.9,2052.0,2404,100,70,13242.4
2995.425,286.9,2052.0,2404,100,69,13242.4
2995.543,286.9,2052.0,2404,100,68,13248.8
2995.661,447.9,2052.0,2404,55,66,13274.0
2995.779,447.9,2052.0,2404,6,66,13301.7
2995.897,577.4,2052.0,2404,6,65,13330.0
2996.014,706.9,2052.0,2404,7,65,13170.6
2996.135,287.8,2052.0,2404,12,67,13186.5
2996.252,287.8,2052.0,2404,12,68,13176.8
2996.372,287.8,2052.0,2404,99,69,13166.6
2996.491,287.8,2052.0,2404,100,69,13156.7
2996.611,287.8,2052.0,2404,100,69,13146.8
2996.731,287.8,2052.0,2404,100,67,13145.2
2996.851,448.8,2052.0,2404,58,66,13165.0
2996.971,578.3,2052.0,2404,9,66,13186.6
2997.091,707.8,2052.0,2404,9,65,13210.7
2997.21,707.8,2052.0,2404,10,65,13236.0
2997.33,288.7,2052.0,2404,34,66,13226.7
2997.449,288.7,2052.0,2404,100,69,13216.5
2997.568,288.7,2052.0,2404,100,70,13206.4
2997.687,288.7,2052.0,2404,100,69,13196.1
2997.806,288.7,2052.0,2404,100,68,13189.6
2997.926,449.7,2052.0,2404,100,66,13204.6
2998.047,579.2,2052.0,2404,24,66,13215.6
2998.167,708.7,2052.0,2404,14,66,13226.1
2998.286,289.6,2052.0,2404,67,68,13215.8
2998.406,289.6,2052.0,2404,67,70,13205.6
2998.525,289.6,2052.0,2404,100,70,13195.5
2998.644,289.6,2052.0,2404,100,69,13185.4
2998.764,289.6,2052.0,2404,100,68,13178.8
2998.883,450.6,2052.0,2404,86,66,13197.9
2999.002,580.1,2052.0,2404,11,66,13220.6
2999.121,709.6,2052.0,2404,13,66,13241.9
2999.24,290.5,2052.0,2404,13,68,13231.7
2999.36,290.5,2052.0,2404,90,70,13221.4
2999.479,290.5,2052.0,2404,100,70,13211.4
2999.598,290.5,2052.0,2404,100,69,13201.3
2999.718,290.5,2052.0,2404,100,68,13195.3
2999.837,451.5,2052.0,2404,61,66,13213.7
2999.956,581.0,2052.0,2404,11,66,13232.9
3000.076,710.5,2052.0,2404,11,66,13262.5
3000.195,291.5,2052.0,2404,17,67,13257.2
3000.315,291.5,2052.0,2404,100,70,13247.1
3000.434,291.5,2052.0,2404,100,70,13236.8
3000.553,291.5,2052.0,2404,100,70,13226.7
3000.673,291.5,2052.0,2404,100,69,13216.6
3000.793,452.5,2052.0,2404,43,67,13243.4
3000.913,582.0,2052.0,2404,43,66,13271.6
3001.033,582.0,2052.0,2404,8,66,13301.6
3001.152,711.5,2052.0,2404,10,66,13330.0
3001.272,292.4,2052.0,2404,10,67,13333.3
3001.392,292.4,2052.0,2404,52,70,13323.2
3001.512,292.4,2052.0,2404,100,70,13313.3
3001.632,292.4,2052.0,2404,100,70,13303.3
3001.752,292.4,2052.0,2404,100,69,13293.2
3001.873,453.4,2052.0,2404,94,67,13305.6
3001.993,582.9,2052.0,2404,10,66,13325.6
3002.114,712.4,2052.0,2404,12,66,13343.4
3002.234,293.3,2052.0,2404,12,68,13345.6
3002.353,293.3,2052.0,2404,64,69,13335.8
3002.473,293.3,2052.0,2404,100,70,13325.7
3002.593,293.3,2052.0,2404,100,70,13315.6
3002.712,293.3,2052.0,2404,100,70,13305.7
3002.832,324.8,2052.0,2404,88,67,13312.7
3002.952,454.3,2052.0,2404,9,66,13331.7
3003.076,583.8,2052.0,2404,9,66,13317.6
3003.364,713.3,2052.0,2404,3,66,13292.2
3003.663,294.2,2052.0,2404,20,70,13278.7
3003.881,294.2,2052.0,2404,100,70,13268.2
3004.005,294.2,2052.0,2404,100,70,13258.3
3004.125,294.2,2052.0,2404,100,69,13248.4
3004.245,455.2,2052.0,2404,100,67,13252.5
3004.377,584.7,2052.0,2404,5,66,13228.1
3004.668,714.2,2052.0,2404,2,66,13202.1
3004.951,714.2,2052.0,2404,5,67,13172.6
3005.263,295.1,2052.0,2404,5,69,13161.5
3005.39,295.1,2052.0,2404,99,70,13150.7
3005.514,295.1,2052.0,2404,100,70,13140.7
3005.634,295.1,2052.0,2404,100,70,13130.7
3005.754,326.7,2052.0,2404,100,68,13134.7
3005.881,456.2,2052.0,2404,47,67,13117.2
3006.002,585.7,2052.0,2404,9,66,12775.6
3006.12,715.2,2052.0,2404,9,66,12796.8
3006.238,296.1,2052.0,2404,11,66,12817.3
3006.356,296.1,2052.0,2404,48,68,12817.3
3006.474,296.1,2052.0,2404,100,70,12817.3
3006.592,296.1,2052.0,2404,100,70,12817.3
3006.711,296.1,2052.0,2404,100,70,12817.3
3006.829,296.1,2052.0,2404,100,69,12822.3
3006.947,457.1,2052.0,2404,100,67,12840.8
3007.065,457.1,2052.0,2404,10,66,12861.1
3007.183,586.6,2052.0,2404,8,66,12877.0
3007.301,586.6,2052.0,2404,6,66,12890.9
3007.419,716.1,2052.0,2404,6,66,12912.0
3007.537,297.0,2052.0,2404,8,67,12785.6
3007.655,297.0,2052.0,2404,96,70,12758.9
3007.772,297.0,2052.0,2404,96,70,12736.6
3007.89,297.0,2052.0,2404,100,70,12736.6
3008.008,297.0,2052.0,2404,100,69,12736.6
3008.126,304.0,2052.0,2404,100,68,12749.4
3008.244,458.0,2052.0,2404,54,67,12764.7
3008.362,458.0,2052.0,2404,5,66,12781.1
3008.481,587.5,2052.0,2404,6,66,12799.0
3008.601,587.5,2052.0,2404,6,66,12815.5
3008.719,717.0,2052.0,2404,9,66,12833.6
3008.838,297.9,2052.0,2404,26,67,12842.9
3008.955,297.9,2052.0,2404,26,70,12842.9
3009.073,297.9,2052.0,2404,100,70,12802.6
3009.193,297.9,2052.0,2404,100,70,12688.3
3009.323,297.9,2052.0,2404,100,69,12688.3
3009.44,329.4,2052.0,2404,100,67,12697.8
3009.559,458.9,2052.0,2404,35,66,12714.2
3009.676,588.4,2052.0,2404,9,66,12733.1
3009.794,588.4,2052.0,2404,9,66,12755.1
3009.913,717.9,2052.0,2404,7,66,12785.6
3010.031,298.8,2052.0,2404,8,68,12798.2
3010.149,298.8,2052.0,2404,93,69,12798.2
3010.267,298.8,2052.0,2404,93,70,12798.2
3010.384,298.8,2052.0,2404,100,70,12798.2
3010.502,298.8,2052.0,2404,100,69,12798.2
3010.62,298.8,2052.0,2404,100,67,12826.1
3010.739,459.8,2052.0,2404,62,66,12838.0
3010.857,589.3,2052.0,2404,8,66,12879.6
3010.976,589.3,2052.0,2404,2,66,12866.1
3011.096,589.3,2052.0,2404,2,66,12851.1
3011.216,589.3,2052.0,2404,2,66,12837.8
3011.335,589.3,2052.0,2404,1,66,12824.0
3011.456,589.3,2052.0,2404,1,66,12809.8
3011.576,589.3,2052.0,2404,2,66,12800.7
3011.696,589.3,2052.0,2404,3,66,12786.1
3011.816,589.3,2052.0,2404,0,66,12771.3
3011.935,589.3,2052.0,2404,0,66,12756.7
3012.055,589.3,2052.0,2404,2,66,12747.0
3012.174,589.3,2052.0,2404,2,66,12731.8
3012.293,589.3,2052.0,2404,2,66,12718.3
3012.412,589.3,2052.0,2404,1,66,12703.3
3012.531,718.8,2052.0,2404,4,66,12435.8
3012.651,299.8,2052.0,2404,24,66,12485.6
3012.769,299.8,2052.0,2404,24,68,12485.6
3012.887,299.8,2052.0,2404,100,70,12485.6
3013.004,299.8,2052.0,2404,100,70,12485.6
3013.123,299.8,2052.0,2404,100,69,12485.6
3013.241,299.8,2052.0,2404,100,69,12459.3
3013.361,460.8,2052.0,2404,41,67,12428.1
3013.479,590.3,2052.0,2404,41,66,12473.4
3013.598,590.3,2052.0,2404,9,66,12464.6
3013.716,719.8,2052.0,2404,9,66,12429.8
3013.835,300.7,2052.0,2404,37,67,12459.0
3013.952,300.7,2052.0,2404,37,69,12459.0
3014.07,300.7,2052.0,2404,100,70,12459.0
3014.188,300.7,2052.0,2404,100,70,12459.0
3014.307,300.7,2052.0,2404,100,69,12459.0
3014.424,332.2,2052.0,2404,100,67,12449.4
3014.543,461.7,2052.0,2404,21,66,12413.9
3014.661,591.2,2052.0,2404,8,66,12315.0
3014.78,591.2,2052.0,2404,8,66,12224.5
3014.897,720.7,2052.0,2404,6,66,12214.8
3015.015,720.7,2052.0,2404,7,66,12208.7
3015.133,301.6,2052.0,2404,7,67,12214.0
3015.251,301.6,2052.0,2404,79,70,12214.0
3015.369,301.6,2052.0,2404,100,70,12214.0
3015.487,301.6,2052.0,2404,100,70,12214.0
3015.605,301.6,2052.0,2404,100,69,12214.0
3015.724,333.1,2052.0,2404,72,67,12236.9
3015.842,462.6,2052.0,2404,5,66,12226.9
3015.961,592.1,2052.0,2404,5,66,12236.2
3016.079,592.1,2052.0,2404,8,66,12269.2
3016.197,721.6,2052.0,2404,9,66,12309.8
3016.329,302.5,2052.0,2404,21,66,12330.1
3016.446,302.5,2052.0,2404,21,68,12247.6
3016.564,302.5,2052.0,2404,100,70,12247.6
3016.682,302.5,2052.0,2404,100,71,12247.6
3016.799,302.5,2052.0,2404,100,69,12247.6
3016.918,302.5,2052.0,2404,100,68,12254.4
3017.036,463.5,2052.0,2404,37,66,12290.1
3017.154,463.5,2052.0,2404,37,66,12327.9
3017.272,593.0,2052.0,2404,9,66,12354.2
3017.39,722.5,2052.0,2404,6,66,12379.7
3017.508,722.5,2052.0,2404,8,66,12400.9
3017.626,303.4,2052.0,2404,8,67,12412.2
3017.743,303.4,2052.0,2404,71,69,12412.2
3017.86,303.4,2052.0,2404,100,70,12412.2
3017.978,303.4,2052.0,2404,100,70,12412.2
3018.097,303.4,2052.0,2404,100,69,12412.2
3018.214,310.5,2052.0,2404,87,67,12422.8
3018.332,464.5,2052.0,2404,87,66,12457.6
3018.449,464.5,2052.0,2404,7,66,12454.6
3018.568,594.0,2052.0,2404,8,66,12392.9
3018.698,723.5,2052.0,2404,8,66,12415.3
3018.816,304.4,2052.0,2404,8,67,12394.4
3018.933,304.4,2052.0,2404,39,68,12365.0
3019.051,304.4,2052.0,2404,100,70,12348.8
3019.17,304.4,2052.0,2404,100,70,12348.8
3019.287,304.4,2052.0,2404,100,69,12348.8
3019.406,304.4,2052.0,2404,100,68,12357.7
3019.524,465.4,2052.0,2404,20,66,12384.5
3019.641,594.9,2052.0,2404,20,66,12416.2
3019.759,724.4,2052.0,2404,10,66,12321.7
3019.878,724.4,2052.0,2404,10,66,12304.9
3019.996,305.3,2052.0,2404,10,68,12304.9
3020.114,305.3,2052.0,2404,86,70,12304.9
3020.231,305.3,2052.0,2404,100,70,12304.9
3020.349,305.3,2052.0,2404,100,70,12302.1
3020.467,305.3,2052.0,2404,100,69,12304.1
3020.585,466.3,2052.0,2404,65,67,12322.7
3020.703,595.8,2052.0,2404,12,66,12351.3
3020.821,725.3,2052.0,2404,12,66,12356.0
3020.939,306.2,2052.0,2404,9,67,12343.9
3021.057,306.2,2052.0,2404,83,69,12343.9
3021.175,306.2,2052.0,2404,83,70,12343.9
3021.293,306.2,2052.0,2404,100,70,12343.9
3021.411,306.2,2052.0,2404,100,69,12343.9
3021.529,467.2,2052.0,2404,69,67,12317.3
3021.647,467.2,2052.0,2404,69,66,12264.6
3021.766,596.7,2052.0,2404,9,66,12252.1
3021.885,726.2,2052.0,2404,6,65,12237.6
3022.005,726.2,2052.0,2404,6,65,12248.5
3022.128,307.1,2052.0,2404,9,67,12250.2
3022.246,307.1,2052.0,2404,100,69,12250.2
3022.363,307.1,2052.0,2404,100,70,12250.2
3022.481,307.1,2052.0,2404,100,69,12213.0
3022.599,307.1,2052.0,2404,100,69,12213.0
3022.717,338.6,2052.0,2404,52,67,12240.8
3022.835,468.1,2052.0,2404,52,66,12274.2
3022.963,468.1,2052.0,2404,5,66,12310.8
3023.082,597.6,2052.0,2404,7,66,12343.8
3023.201,727.1,2052.0,2404,7,65,12368.3
3023.318,727.1,2052.0,2404,7,65,12390.3
3023.436,308.1,2052.0,2404,5,66,12408.1
3023.554,308.1,2052.0,2404,72,68,12408.1
3023.672,308.1,2052.0,2404,72,69,12314.0
3023.79,308.1,2052.0,2404,100,70,12314.0
3023.908,308.1,2052.0,2404,100,69,12314.0
3024.026,308.1,2052.0,2404,77,68,12320.9
3024.144,339.6,2052.0,2404,77,66,12337.3
3024.262,469.1,2052.0,2404,5,66,12360.6
3024.38,469.1,2052.0,2404,4,66,12386.2
3024.498,598.6,2052.0,2404,4,66,12401.0
3024.616,598.6,2052.0,2404,5,65,12434.3
3024.733,728.1,2052.0,2404,8,65,12460.7
3024.851,728.1,2052.0,2404,8,65,12485.2
3024.969,258.9,2052.0,2404,5,67,12498.2
3025.088,258.9,2052.0,2404,74,69,12494.1
3025.207,258.9,2052.0,2404,100,70,11991.2
3025.325,258.9,2052.0,2404,100,70,11991.2
3025.443,258.9,2052.0,2404,100,69,11991.2
3025.56,258.9,2052.0,2404,70,67,12071.3
3025.685,258.9,2052.0,2404,70,66,12105.6
3025.81,258.9,2052.0,2404,2,66,12144.3
3025.935,258.9,2052.0,2404,0,66,12162.8
3026.059,258.9,2052.0,2404,2,65,12253.3
3026.184,258.9,2052.0,2404,2,66,12304.2
3026.311,258.9,2052.0,2404,2,65,12350.4
3026.436,258.9,2052.0,2404,0,66,12366.2
3026.562,258.9,2052.0,2404,2,66,12463.1
3026.69,258.9,2052.0,2404,2,65,12492.4
3026.815,258.9,2052.0,2404,2,65,12534.1
3026.938,258.9,2052.0,2404,0,66,12559.9
3027.065,258.9,2052.0,2404,2,66,12625.5
3027.189,258.9,2052.0,2404,2,66,12663.4
3027.315,258.9,2052.0,2404,2,66,12691.8
3027.441,258.9,2052.0,2404,0,66,12706.0
3027.567,258.9,2052.0,2404,2,66,12650.5
3027.691,258.9,2052.0,2404,2,66,12697.4
3027.816,258.9,2052.0,2404,2,66,12716.8
3027.942,258.9,2052.0,2404,0,66,12778.3
3028.066,258.9,2052.0,2404,2,66,12797.8
3028.192,258.9,2052.0,2404,2,66,12833.5
3028.318,258.9,2052.0,2404,3,66,12854.4
3028.441,258.9,2052.0,2404,0,66,12770.3
3028.567,258.9,2052.0,2404,2,66,12817.7
3028.691,258.9,2052.0,2404,2,66,12847.1
3028.818,258.9,2052.0,2404,2,66,12878.2
3028.943,258.9,2052.0,2404,0,66,12959.0
3029.069,258.9,2052.0,2404,2,66,12979.0
3029.194,258.9,2052.0,2404,2,66,13021.9
3029.32,258.9,2052.0,2404,1,66,13048.4
3029.445,258.9,2052.0,2404,0,66,12941.7
3029.571,258.9,2052.0,2404,2,66,12890.2
3029.699,258.9,2052.0,2404,2,66,12949.0
3029.822,258.9,2052.0,2404,2,66,12971.9
3029.946,258.9,2052.0,2404,0,66,13046.6
3030.071,258.9,2052.0,2404,3,66,13078.0
3030.196,258.9,2052.0,2404,3,66,13259.8
3030.323,258.9,2052.0,2404,1,66,12975.4
3030.443,247.8,2052.0,2404,0,66,12329.3
3030.561,247.8,2052.0,2404,3,66,12343.8
3030.678,286.4,2052.0,2404,3,66,12367.7
3030.796,440.4,2052.0,2404,5,66,12394.0
3030.914,440.4,2052.0,2404,6,66,12422.1
3031.033,569.9,2052.0,2404,6,66,12449.6
3031.15,699.4,2052.0,2404,9,66,12476.1
3031.268,699.4,2052.0,2404,6,66,12503.1
3031.386,287.0,2052.0,2404,40,68,12514.2
3031.503,287.0,2052.0,2404,40,71,12514.2
3031.621,287.0,2052.0,2404,100,70,12514.2
3031.739,287.0,2052.0,2404,100,69,12514.2
3031.856,287.0,2052.0,2404,100,69,12517.8
3031.974,448.0,2052.0,2404,74,67,12544.3
3032.092,448.0,2052.0,2404,9,66,12577.3
3032.211,577.5,2052.0,2404,9,66,12603.8
3032.329,707.0,2052.0,2404,8,66,12635.4
3032.446,707.0,2052.0,2404,6,66,12669.9
3032.565,287.9,2052.0,2404,54,67,12677.1
3032.684,287.9,2052.0,2404,54,71,12677.1
3032.802,287.9,2052.0,2404,100,70,12677.1
3032.92,287.9,2052.0,2404,100,69,12677.1
3033.038,287.9,2052.0,2404,100,68,12684.8
3033.156,449.0,2052.0,2404,69,66,12716.1
3033.274,449.0,2052.0,2404,6,66,12750.3
3033.392,578.5,2052.0,2404,10,66,12789.9
3033.511,708.0,2052.0,2404,10,65,12815.3
3033.628,288.9,2052.0,2404,10,68,12832.6
3033.747,288.9,2052.0,2404,83,69,12832.6
3033.864,288.9,2052.0,2404,83,69,12832.6
3033.982,288.9,2052.0,2404,100,69,12832.6
3034.1,288.9,2052.0,2404,100,69,12832.6
3034.218,295.9,2052.0,2404,100,67,12849.3
3034.337,449.9,2052.0,2404,51,66,12875.0
3034.455,449.9,2052.0,2404,6,66,12905.3
3034.574,579.4,2052.0,2404,9,66,12930.4
3034.691,708.9,2052.0,2404,9,66,12953.6
3034.81,708.9,2052.0,2404,6,65,12977.0
3034.927,289.8,2052.0,2404,36,67,12983.7
3035.045,289.8,2052.0,2404,36,71,12983.7
3035.162,289.8,2052.0,2404,100,70,12983.7
3035.28,289.8,2052.0,2404,100,69,12983.7
3035.398,289.8,2052.0,2404,100,68,12985.7
3035.515,450.8,2052.0,2404,89,66,13009.1
3035.633,450.8,2052.0,2404,8,66,13036.2
3035.751,580.3,2052.0,2404,6,65,13065.6
3035.871,580.3,2052.0,2404,6,65,13097.6
3035.991,709.8,2052.0,2404,10,65,13122.6
3036.11,290.7,2052.0,2404,48,67,13114.3
3036.227,290.7,2052.0,2404,100,70,13103.7
3036.368,290.7,2052.0,2404,100,68,13093.1
3036.486,290.7,2052.0,2404,100,69,13082.7
3036.605,290.7,2052.0,2404,100,69,13073.8
3036.725,451.7,2052.0,2404,100,66,13089.9
3036.843,581.2,2052.0,2404,13,66,13111.0
3036.961,581.2,2052.0,2404,9,65,13133.1
3037.079,710.7,2052.0,2404,10,65,13156.1
3037.197,291.6,2052.0,2404,10,68,13163.5
3037.316,291.6,2052.0,2404,58,69,13152.7
3037.443,291.6,2052.0,2404,100,69,13143.5
3037.562,291.6,2052.0,2404,100,69,13133.2
3037.681,291.6,2052.0,2404,100,70,13122.6
3037.799,323.1,2052.0,2404,83,67,13130.8
3037.918,582.1,2052.0,2404,11,66,13139.1
3038.038,711.6,2052.0,2404,11,66,13150.9
3038.157,292.6,2052.0,2404,13,69,13154.3
3038.276,292.6,2052.0,2404,85,69,13143.6
3038.413,292.6,2052.0,2404,85,69,13133.1
3038.532,292.6,2052.0,2404,100,70,13122.8
3038.651,292.6,2052.0,2404,100,70,13112.5
3038.77,453.6,2052.0,2404,73,68,13116.5
3038.889,583.1,2052.0,2404,73,66,13135.3
3039.008,712.6,2052.0,2404,11,66,13158.3
3039.127,293.5,2052.0,2404,12,67,13172.8
3039.267,293.5,2052.0,2404,90,69,13162.2
3039.405,293.5,2052.0,2404,90,70,13151.5
3039.524,293.5,2052.0,2404,100,70,13140.9
3039.643,293.5,2052.0,2404,100,70,13130.4
3039.762,454.5,2052.0,2404,52,67,13138.7
3039.883,584.0,2052.0,2404,52,66,13159.4
3040.002,713.5,2052.0,2404,10,66,13180.1
3040.12,713.5,2052.0,2404,11,66,13203.4
3040.276,294.4,2052.0,2404,74,67,13192.5
3040.405,294.4,2052.0,2404,74,72,13181.9
3040.531,294.4,2052.0,2404,100,70,13171.1
3040.653,294.4,2052.0,2404,100,71,13160.4
3040.776,294.4,2052.0,2404,79,68,13164.8
3040.904,455.4,2052.0,2404,5,66,13177.7
3041.117,455.4,2052.0,2404,6,66,13184.9
3041.335,584.9,2052.0,2404,1,66,13194.8
3041.58,584.9,2052.0,2404,1,66,13176.9
3041.886,714.4,2052.0,2404,4,66,13139.0
3042.244,295.3,2052.0,2404,50,72,13116.8
3042.546,295.3,2052.0,2404,100,69,13098.1
3042.703,295.3,2052.0,2404,100,70,13088.0
3042.822,326.8,2052.0,2404,100,67,13087.9
3042.941,456.3,2052.0,2404,13,66,13074.0
3043.189,585.8,2052.0,2404,3,66,13041.8
3043.495,715.3,2052.0,2404,6,66,13012.5
3043.802,296.2,2052.0,2404,49,67,13002.4
3043.924,296.2,2052.0,2404,49,72,12991.8
3044.045,296.2,2052.0,2404,100,70,12981.5
3044.164,296.2,2052.0,2404,100,70,12971.2
3044.284,296.2,2052.0,2404,90,68,12967.0
3044.403,457.2,2052.0,2404,7,66,12965.4
3044.627,586.7,2052.0,2404,1,66,12921.5
3044.925,716.2,2052.0,2404,4,66,12896.9
3045.245,716.2,2052.0,2404,5,68,12865.7
3045.574,297.2,2052.0,2404,5,68,12862.3
3045.718,297.2,2052.0,2404,100,72,12592.8
3045.838,297.2,2052.0,2404,100,71,12433.1
3045.958,297.2,2052.0,2404,100,71,12263.3
3046.077,458.2,2052.0,2404,100,67,12326.8
3046.195,458.2,2052.0,2404,14,66,12394.3
3046.313,587.7,2052.0,2404,8,66,12431.9
3046.431,717.2,2052.0,2404,8,66,12473.0
3046.549,298.1,2052.0,2404,8,67,12513.2
3046.667,298.1,2052.0,2404,66,67,12513.2
3046.785,298.1,2052.0,2404,100,72,12513.2
3046.902,298.1,2052.0,2404,100,70,12513.2
3047.019,298.1,2052.0,2404,100,70,12513.2
3047.137,301.6,2052.0,2404,77,67,12473.1
3047.256,459.1,2052.0,2404,77,67,12505.3
3047.374,588.6,2052.0,2404,7,66,12481.0
3047.5,588.6,2052.0,2404,7,66,12410.2
3047.618,718.1,2052.0,2404,7,66,12373.7
3047.737,299.0,2052.0,2404,11,68,12389.4
3047.854,299.0,2052.0,2404,76,72,12389.4
3047.972,299.0,2052.0,2404,100,70,12389.4
3048.09,299.0,2052.0,2404,100,70,12364.1
3048.209,299.0,2052.0,2404,100,69,12365.0
3048.328,460.0,2052.0,2404,47,67,12380.9
3048.445,460.0,2052.0,2404,47,66,12403.7
3048.564,589.5,2052.0,2404,7,66,12425.6
3048.682,719.0,2052.0,2404,10,66,12450.1
3048.8,719.0,2052.0,2404,6,66,12453.0
3048.92,299.9,2052.0,2404,6,68,12456.7
3049.037,299.9,2052.0,2404,85,72,12456.7
3049.157,299.9,2052.0,2404,100,70,12456.7
3049.275,299.9,2052.0,2404,100,70,12456.7
3049.392,299.9,2052.0,2404,100,68,12466.1
3049.51,460.9,2052.0,2404,33,66,12484.3
3049.628,460.9,2052.0,2404,8,66,12502.8
3049.747,590.4,2052.0,2404,8,66,12522.3
3049.866,590.4,2052.0,2404,6,66,12540.5
3049.984,719.9,2052.0,2404,8,66,12562.7
3050.104,300.8,2052.0,2404,8,67,12570.2
3050.222,300.8,2052.0,2404,70,71,12570.2
3050.339,300.8,2052.0,2404,100,70,12570.2
3050.462,300.8,2052.0,2404,100,69,12570.1
3050.58,300.8,2052.0,2404,100,69,12570.2
3050.698,461.9,2052.0,2404,70,66,12586.6
3050.816,461.9,2052.0,2404,7,66,12602.3
3050.935,591.4,2052.0,2404,7,66,12612.4
3051.055,720.9,2052.0,2404,11,66,12634.7
3051.173,301.8,2052.0,2404,33,68,12631.9
3051.291,301.8,2052.0,2404,33,70,12621.5
3051.409,301.8,2052.0,2404,100,70,12611.1
3051.528,301.8,2052.0,2404,100,69,12600.9
3051.647,301.8,2052.0,2404,84,69,12606.6
3051.771,462.8,2052.0,2404,84,67,12639.2
3051.89,592.3,2052.0,2404,11,66,12363.5
3052.008,721.8,2052.0,2404,8,66,12368.5
3052.126,302.7,2052.0,2404,8,68,12381.5
3052.244,302.7,2052.0,2404,40,68,12381.5
3052.362,302.7,2052.0,2404,100,71,12381.5
3052.48,302.7,2052.0,2404,100,70,12381.5
3052.6,302.7,2052.0,2404,100,70,12381.5
3052.718,463.7,2052.0,2404,85,67,12399.7
3052.837,593.2,2052.0,2404,9,66,12417.1
3052.954,722.7,2052.0,2404,9,66,12391.4
3053.074,303.6,2052.0,2404,12,68,12401.4
3053.192,303.6,2052.0,2404,63,68,12401.4
3053.309,303.6,2052.0,2404,63,71,12401.4
3053.426,303.6,2052.0,2404,100,69,12401.4
3053.544,303.6,2052.0,2404,100,69,12401.4
3053.662,303.6,2052.0,2404,94,68,12403.6
3053.78,464.6,2052.0,2404,94,66,12417.5
3053.898,594.1,2052.0,2404,11,66,12432.6
3054.016,723.6,2052.0,2404,11,66,12449.8
3054.134,304.5,2052.0,2404,11,67,12452.6
3054.252,304.5,2052.0,2404,74,72,12452.6
3054.371,304.5,2052.0,2404,100,70,12452.6
3054.489,304.5,2052.0,2404,100,69,12452.6
3054.611,311.5,2052.0,2404,100,68,12460.9
3054.729,595.0,2052.0,2404,52,66,12481.5
3054.848,595.0,2052.0,2404,10,66,12511.2
3054.965,724.5,2052.0,2404,10,66,12546.6
3055.083,305.5,2052.0,2404,9,68,12556.9
3055.202,305.5,2052.0,2404,82,70,12496.4
3055.346,305.5,2052.0,2404,100,69,12489.0
3055.465,305.5,2052.0,2404,100,69,12479.2
3055.585,305.5,2052.0,2404,100,70,12469.7
3055.705,466.5,2052.0,2404,64,67,12500.3
3055.824,596.0,2052.0,2404,15,66,12518.9
3055.943,306.4,2052.0,2404,15,69,12522.5
3056.062,306.4,2052.0,2404,62,70,12512.6
3056.182,306.4,2052.0,2404,100,70,12502.6
3056.301,306.4,2052.0,2404,100,69,12492.7
3056.42,306.4,2052.0,2404,100,69,12482.9
3056.539,467.4,2052.0,2404,80,67,12496.3
3056.658,596.9,2052.0,2404,10,66,12520.6
3056.777,726.4,2052.0,2404,10,66,12544.8
3056.896,307.3,2052.0,2404,39,67,12535.4
3057.015,307.3,2052.0,2404,100,71,12526.1
3057.134,307.3,2052.0,2404,100,70,12516.8
3057.253,307.3,2052.0,2404,100,71,12507.5
3057.373,468.3,2052.0,2404,88,67,12514.7
3057.493,597.8,2052.0,2404,88,66,12539.2
3057.612,727.3,2052.0,2404,15,66,12557.1
3057.731,308.2,2052.0,2404,44,67,12547.3
3057.85,308.2,2052.0,2404,100,72,12537.5
3057.968,308.2,2052.0,2404,100,70,12527.5
3058.088,308.2,2052.0,2404,100,70,12517.9
3058.207,339.7,2052.0,2404,99,68,12515.2
3058.326,598.7,2052.0,2404,99,67,12524.5
3058.445,728.2,2052.0,2404,26,66,12553.3
3058.564,309.1,2052.0,2404,47,67,12543.5
3058.684,309.1,2052.0,2404,100,72,12533.3
3058.806,309.1,2052.0,2404,100,70,12523.3
3058.925,309.1,2052.0,2404,100,71,12513.3
3059.045,470.2,2052.0,2404,76,68,12550.3
3059.165,599.7,2052.0,2404,76,67,12604.9
3059.284,729.2,2052.0,2404,11,66,12639.6
3059.404,310.1,2052.0,2404,9,67,12669.8
3059.523,310.1,2052.0,2404,82,68,12660.1
3059.643,310.1,2052.0,2404,82,72,12650.6
3059.763,310.1,2052.0,2404,100,70,12641.0
3059.883,310.1,2052.0,2404,100,70,12631.4
3060.004,341.6,2052.0,2404,100,68,12646.6
3060.127,471.1,2052.0,2404,56,67,12682.8
3060.247,600.6,2052.0,2404,10,66,12709.3
3060.366,730.1,2052.0,2404,10,66,12757.3
3060.504,311.0,2052.0,2404,68,68,12750.0
3060.635,311.0,2052.0,2404,68,73,12740.1
3060.755,311.0,2052.0,2404,100,70,12730.2
3060.875,311.0,2052.0,2404,100,70,12720.3
3060.995,342.5,2052.0,2404,100,68,12730.8
3061.114,472.0,2052.0,2404,6,66,12742.0
3061.329,601.5,2052.0,2404,6,66,12745.1
3061.567,731.0,2052.0,2404,3,66,12721.9
3061.842,731.0,2052.0,2404,2,66,12700.2
3062.138,261.8,2052.0,2404,74,72,12684.4
3062.377,261.8,2052.0,2404,100,71,12674.1
3062.5,261.8,2052.0,2404,100,70,12663.8
3062.623,261.8,2052.0,2404,100,70,12664.0
3062.743,261.8,2052.0,2404,0,67,12690.3
3063.023,261.8,2052.0,2404,2,66,12662.5
3063.397,261.8,2052.0,2404,2,66,12632.5
3063.798,261.8,2052.0,2404,2,66,12632.8
3063.962,261.8,2052.0,2404,0,66,12397.8
3064.089,261.8,2052.0,2404,2,66,12307.2
3064.214,261.8,2052.0,2404,2,66,12353.1
3064.338,261.8,2052.0,2404,2,66,12366.2
3064.463,261.8,2052.0,2404,0,66,12504.9
3064.588,261.8,2052.0,2404,2,66,12539.9
3064.713,261.8,2052.0,2404,2,66,12564.5
3064.839,261.8,2052.0,2404,2,66,12468.0
3064.964,261.8,2052.0,2404,0,66,12463.8
3065.09,261.8,2052.0,2404,2,66,12548.5
3065.216,261.8,2052.0,2404,2,66,12526.8
3065.342,261.8,2052.0,2404,2,66,12535.4
3065.468,261.8,2052.0,2404,0,66,12566.6
3065.595,261.8,2052.0,2404,2,66,12597.9
3065.722,261.8,2052.0,2404,2,66,12660.4
3065.846,261.8,2052.0,2404,2,66,12755.4
3065.972,261.8,2052.0,2404,0,65,12703.3
3066.1,261.8,2052.0,2404,2,65,12677.7
3066.224,261.8,2052.0,2404,2,65,12709.0
3066.35,261.8,2052.0,2404,2,65,12749.4
3066.473,261.8,2052.0,2404,0,65,12864.5
3066.599,261.8,2052.0,2404,2,65,12833.4
3066.726,261.8,2052.0,2404,2,65,12763.0
3066.852,261.8,2052.0,2404,2,65,12819.7
3066.98,261.8,2052.0,2404,0,65,12821.8
3067.107,261.8,2052.0,2404,2,65,12956.8
3067.232,261.8,2052.0,2404,2,65,12824.0
3067.356,261.8,2052.0,2404,0,65,12845.7
3067.484,261.8,2052.0,2404,0,65,12852.8
3067.61,261.8,2052.0,2404,2,65,12884.1
3067.735,261.8,2052.0,2404,2,65,12961.3
3067.859,261.8,2052.0,2404,0,65,13048.0
3067.986,261.8,2052.0,2404,0,65,13102.1
3068.11,261.8,2052.0,2404,2,65,13044.9
3068.239,261.8,2052.0,2404,2,65,12992.5
3068.366,261.8,2052.0,2404,0,65,13026.6
3068.49,261.8,2052.0,2404,0,65,13150.0
3068.615,261.8,2052.0,2404,2,65,13182.8
3068.741,261.8,2052.0,2404,2,65,13222.1
3068.867,261.8,2052.0,2404,0,65,13021.0
3069.006,261.8,2052.0,2404,0,66,13024.8
3069.133,261.8,2052.0,2404,2,65,13158.6
3069.259,261.8,2052.0,2404,2,65,13208.9
3069.384,261.8,2052.0,2404,0,65,13242.8
3069.509,261.8,2052.0,2404,0,65,13285.6
3069.635,261.8,2052.0,2404,2,65,13305.3
3069.761,261.8,2052.0,2404,2,65,13380.5
3069.887,261.8,2052.0,2404,0,65,13381.5
3070.015,261.8,2052.0,2404,0,65,13287.3
3070.152,261.8,2052.0,2404,2,66,13557.1
3070.282,261.8,2052.0,2404,14,65,13316.7
3070.403,247.3,2052.0,2404,5,65,12023.8
