t_s,vram_alloc_mb,vram_reserved_mb,smi_used_mb,gpu_util_pct,gpu_temp_c,cpu_ram_mb
0.002,1274.6,1306.0,1708,4,71,3345.3
0.126,662.3,1306.0,1708,4,71,3382.5
0.248,819.8,1306.0,1708,3,71,3440.3
0.37,819.8,1306.0,1708,5,71,3506.3
0.492,949.3,1306.0,1708,6,71,3558.6
0.615,949.3,1306.0,1708,6,71,3592.1
0.741,1078.8,1426.0,1828,4,71,3641.2
0.864,1078.8,1426.0,1828,4,71,3684.6
0.987,1078.8,1426.0,1968,5,71,3732.2
1.108,659.5,1566.0,1968,5,72,3760.2
1.229,820.5,1566.0,1968,49,72,3822.6
1.354,820.5,1566.0,1968,5,72,3878.8
1.476,950.0,1566.0,1968,7,72,3949.4
1.598,950.0,1566.0,1968,7,72,4002.3
1.721,1079.5,1566.0,1968,5,72,4051.0
1.845,1079.5,1566.0,1968,5,72,4103.7
1.964,659.5,1566.0,1968,5,76,4123.0
2.087,691.0,1566.0,1968,41,73,4170.3
2.21,820.5,1566.0,1968,5,72,4231.7
2.332,820.5,1566.0,1968,5,72,4278.5
2.456,950.0,1566.0,1968,5,72,4335.6
2.579,950.0,1566.0,1968,5,72,4389.9
2.705,1079.5,1566.0,1968,5,72,4445.2
2.827,659.6,1566.0,1968,29,75,4501.4
2.945,691.1,1566.0,1968,29,73,4548.2
3.07,820.6,1566.0,1968,19,72,4600.9
3.194,820.6,1566.0,1968,5,72,4654.3
3.318,950.1,1566.0,1968,5,72,4694.8
3.441,950.1,1566.0,1968,5,72,4752.1
3.566,1079.6,1566.0,1968,5,72,4820.2
3.689,1079.6,1566.0,1968,7,72,4888.3
3.81,691.1,1566.0,1968,7,73,4950.4
3.931,820.6,1566.0,1968,43,73,5020.3
4.054,950.1,1566.0,1968,6,72,5094.8
4.175,950.1,1566.0,1968,7,72,5174.9
4.298,1079.6,1566.0,1968,7,72,5245.4
4.421,659.6,1566.0,1968,6,74,5288.4
4.54,691.1,1566.0,1968,43,73,5345.1
4.661,820.6,1566.0,1968,7,73,5410.8
4.784,950.1,1566.0,1968,7,72,5466.4
4.908,950.1,1566.0,1968,5,72,5531.4
5.029,1079.6,1566.0,1968,8,72,5606.8
5.151,1079.6,1566.0,1968,7,72,5672.7
5.274,659.7,1566.0,1968,7,75,5698.3
5.396,820.7,1566.0,1968,41,73,5754.5
5.518,820.7,1566.0,1968,6,73,5828.4
5.64,950.2,1566.0,1968,6,72,5903.5
5.761,1079.7,1566.0,1968,7,72,5976.9
5.884,1079.7,1566.0,1968,7,72,6038.0
6.006,659.7,1566.0,1968,29,75,6068.1
6.126,691.2,1566.0,1968,29,73,6126.1
6.249,820.7,1566.0,1968,18,72,6194.6
6.371,950.2,1566.0,1968,6,72,6253.0
6.492,950.2,1566.0,1968,5,72,6307.5
6.615,1079.7,1566.0,1968,5,72,6367.1
6.736,1079.7,1566.0,1968,6,72,6427.0
6.858,659.7,1566.0,1968,30,75,6463.2
6.978,820.7,1566.0,1968,30,73,6523.3
7.098,820.7,1566.0,1968,18,73,6598.3
7.219,950.2,1566.0,1968,7,73,6661.6
7.342,950.2,1566.0,1968,6,73,6717.3
7.465,1079.7,1566.0,1968,6,72,6777.0
7.586,1084.4,1566.0,1968,5,74,6846.6
7.707,691.3,1566.0,1968,43,73,6901.7
7.829,820.8,1566.0,1968,10,73,7017.2
7.949,950.3,1566.0,1968,10,73,7150.3
8.069,1079.8,1566.0,1968,10,73,7238.0
8.19,659.8,1566.0,1968,43,74,7290.3
8.311,820.8,1566.0,1968,43,73,7400.7
8.43,950.3,1566.0,1968,10,73,7484.7
8.55,1079.8,1566.0,1968,7,73,7570.8
8.67,659.8,1566.0,1968,23,74,7659.7
8.79,820.8,1566.0,1968,23,73,7734.3
8.911,950.3,1566.0,1968,30,73,7852.5
9.032,1079.8,1566.0,1968,10,73,7968.7
9.153,1079.8,1566.0,1968,10,73,8070.1
9.274,691.3,1566.0,1968,22,74,8123.3
9.395,820.8,1566.0,1968,3,73,8220.3
9.628,950.3,1566.0,1968,6,72,8282.7
9.933,1079.8,1566.0,1968,4,73,8337.6
10.276,659.9,1566.0,1968,40,73,8340.3
10.615,820.9,1566.0,1968,3,73,8346.2
10.965,820.9,1566.0,1968,1,73,8347.4
11.329,950.4,1566.0,1968,1,73,8351.8
11.707,950.4,1566.0,1968,2,73,8348.2
12.087,1079.9,1566.0,1968,3,73,8452.2
12.21,659.9,1566.0,1968,25,76,8503.6
12.333,820.9,1566.0,1968,25,73,8615.4
12.454,950.4,1566.0,1968,28,73,8732.0
12.575,1079.9,1566.0,1968,9,73,8843.2
12.72,659.9,1566.0,1968,30,76,8914.2
12.848,820.9,1566.0,1968,24,73,9035.4
13.048,950.4,1566.0,1968,5,73,9150.2
13.249,1079.9,1566.0,1968,4,73,9254.4
13.483,660.0,1566.0,1968,40,73,9294.0
13.729,821.0,1566.0,1968,2,73,9363.5
14.048,950.5,1566.0,1968,2,73,9390.2
14.388,950.5,1566.0,1968,1,73,9378.3
14.74,1080.0,1566.0,1968,2,72,9434.2
15.085,660.0,1566.0,1968,27,73,9456.7
15.337,821.0,1566.0,1968,1,73,9524.5
15.665,950.5,1566.0,1968,6,72,9577.5
15.98,950.5,1566.0,1968,4,73,9629.7
16.294,1080.0,1566.0,1968,4,72,9681.4
16.641,691.5,1566.0,1968,27,73,9711.9
16.882,821.0,1566.0,1968,1,73,9763.3
17.222,950.5,1566.0,1968,2,73,9792.9
17.585,1080.0,1566.0,1968,2,73,9849.5
17.937,1080.0,1566.0,1968,3,75,9888.0
18.276,821.1,1566.0,1968,4,73,9963.6
18.605,950.6,1566.0,1968,2,72,10002.4
18.937,950.6,1566.0,1968,1,72,10039.2
19.302,1080.1,1566.0,1968,3,72,10072.6
19.671,660.1,1566.0,1968,1,74,10111.5
19.825,821.1,1566.0,1968,41,73,10204.0
19.945,821.1,1566.0,1968,8,73,10289.3
20.063,950.6,1566.0,1968,7,72,10381.8
20.182,1080.1,1566.0,1968,7,72,10475.0
20.301,660.1,1566.0,1968,9,74,10534.5
20.418,821.1,1566.0,1968,43,73,10610.4
20.537,821.1,1566.0,1968,43,73,10729.4
20.658,950.6,1566.0,1968,9,72,10792.4
20.778,1080.1,1566.0,1968,9,72,10856.0
20.896,660.1,1566.0,1968,39,75,10897.0
21.015,821.2,1566.0,1968,39,73,10989.8
21.133,821.2,1566.0,1968,11,73,11049.1
21.251,950.7,1566.0,1968,8,72,11137.6
21.37,1080.2,1566.0,1968,8,72,11213.6
21.489,1080.2,1566.0,1968,7,72,11301.1
21.607,660.2,1566.0,1968,40,74,11330.2
21.725,821.2,1566.0,1968,40,73,11406.8
21.843,821.2,1566.0,1968,17,72,11457.7
21.962,950.7,1566.0,1968,7,72,11520.7
22.088,1080.2,1566.0,1968,7,72,11384.6
22.209,1080.2,1566.0,1968,7,72,11245.5
22.331,660.2,1566.0,1968,7,74,11147.3
22.455,821.2,1566.0,1968,42,72,11029.4
22.578,821.2,1566.0,1968,6,72,10927.9
22.698,950.7,1566.0,1968,6,72,10783.8
22.822,1080.2,1566.0,1968,7,72,10627.7
22.943,1080.2,1566.0,1968,7,72,10444.5
23.063,663.7,1566.0,1968,7,74,10346.5
23.183,821.2,1566.0,1968,41,73,10162.9
23.305,950.7,1566.0,1968,7,72,10020.7
23.425,950.7,1566.0,1968,8,72,9841.3
23.544,1080.2,1566.0,1968,8,72,9861.0
23.665,1080.2,1566.0,1968,5,72,9914.8
23.79,660.3,1566.0,1968,20,74,9946.7
23.912,821.3,1566.0,1968,26,73,9986.3
24.033,821.3,1566.0,1968,26,72,9747.5
24.155,950.8,1566.0,1968,6,72,9555.2
24.276,950.8,1566.0,1968,7,72,9486.8
24.395,1080.3,1566.0,1968,7,72,9535.0
24.513,660.3,1566.0,1968,8,75,9559.2
24.631,821.3,1566.0,1968,42,73,9605.1
24.749,821.3,1566.0,1968,7,72,9671.8
24.868,950.8,1566.0,1968,7,72,9742.0
24.986,1080.3,1566.0,1968,8,72,9778.6
25.104,1080.3,1566.0,1968,7,72,9827.6
25.223,635.0,1566.0,1968,7,74,9887.0
25.348,635.0,1566.0,1968,40,73,10008.2
25.474,635.0,1566.0,1968,1,72,10098.7
25.6,635.0,1566.0,1968,0,72,10120.3
25.729,635.0,1566.0,1968,0,72,10077.5
25.855,635.0,1566.0,1968,1,72,10169.3
25.981,635.0,1566.0,1968,1,72,10241.0
26.108,635.0,1566.0,1968,0,72,10353.9
26.235,635.0,1566.0,1968,0,72,10450.9
26.361,635.0,1566.0,1968,1,72,10545.2
26.487,635.0,1566.0,1968,1,72,10638.9
26.614,635.0,1566.0,1968,0,72,10733.1
26.741,635.0,1566.0,1968,1,72,10818.4
26.868,635.0,1566.0,1968,1,72,10934.0
26.994,635.0,1566.0,1968,1,72,11027.7
27.121,635.0,1566.0,1968,0,72,11126.3
27.248,635.0,1566.0,1968,1,72,11220.9
27.374,635.0,1566.0,1968,1,72,11311.9
27.499,635.0,1566.0,1968,2,72,11399.5
27.626,635.0,1566.0,1968,0,72,11505.8
27.753,635.0,1566.0,1968,1,72,11598.9
27.878,635.0,1566.0,1968,1,72,11693.9
28.004,635.0,1566.0,1968,1,72,11773.1
28.13,633.7,1566.0,1968,1,72,11731.0
28.25,819.9,1566.0,1968,1,72,11775.1
28.367,819.9,1566.0,1968,4,72,11814.5
28.485,949.4,1566.0,1968,6,72,11849.6
28.603,949.4,1566.0,1968,7,72,11895.0
28.72,1078.9,1566.0,1968,7,72,11929.2
28.838,1078.9,1566.0,1968,5,72,11958.3
28.956,1086.3,1566.0,1968,5,73,11983.6
29.074,691.1,1566.0,1968,5,73,12001.5
29.192,820.6,1566.0,1968,42,72,12052.9
29.31,950.1,1566.0,1968,6,72,12091.4
29.428,950.1,1566.0,1968,7,72,12128.9
29.546,1079.6,1566.0,1968,7,72,12163.5
29.663,1079.6,1566.0,1968,6,72,12195.8
29.781,659.6,1566.0,1968,22,74,12218.3
29.898,691.1,1566.0,1968,22,73,12260.7
30.017,820.6,1566.0,1968,25,72,12282.6
30.135,950.1,1566.0,1968,7,72,12322.2
30.253,950.1,1566.0,1968,7,72,12326.1
30.372,1079.6,1566.0,1968,5,72,12348.2
30.493,1079.6,1566.0,1968,6,72,12370.5
30.611,666.6,1566.0,1968,44,74,12366.8
30.729,820.6,1566.0,1968,44,72,12411.1
30.846,820.6,1566.0,1968,6,72,12426.4
30.965,950.1,1566.0,1968,6,72,12440.8
31.083,950.1,1566.0,1968,6,72,12475.0
31.201,1079.6,1566.0,1968,6,72,12506.8
31.319,659.6,1566.0,1968,11,75,12501.7
31.437,820.7,1566.0,1968,40,72,12510.1
31.556,820.7,1566.0,1968,40,72,12555.9
31.673,950.2,1566.0,1968,8,72,12557.6
31.791,1079.7,1566.0,1968,7,72,12546.0
31.914,1079.7,1566.0,1968,7,72,12568.4
32.032,659.7,1566.0,1968,6,74,12585.4
32.15,820.7,1566.0,1968,42,72,12613.8
32.268,820.7,1566.0,1968,5,72,12640.1
32.388,950.2,1566.0,1968,5,72,12673.9
32.508,950.2,1566.0,1968,6,72,12694.9
32.63,1079.7,1566.0,1968,6,72,12724.0
32.75,659.7,1566.0,1968,6,74,12740.2
32.869,691.2,1566.0,1968,36,72,12766.7
32.988,820.7,1566.0,1968,11,72,12797.2
33.11,950.2,1566.0,1968,7,72,12823.8
33.231,950.2,1566.0,1968,7,72,12855.9
33.352,1079.7,1566.0,1968,6,72,12886.5
33.473,1079.7,1566.0,1968,6,72,12920.1
33.596,663.2,1566.0,1968,6,73,12927.3
33.716,820.7,1566.0,1968,42,72,12957.4
33.837,820.7,1566.0,1968,5,72,12988.4
33.957,950.2,1566.0,1968,6,72,13020.7
34.077,950.2,1566.0,1968,6,72,13055.8
34.2,1079.7,1566.0,1968,6,72,13089.3
34.322,659.8,1566.0,1968,10,74,13098.5
34.441,691.3,1566.0,1968,38,72,13124.6
34.56,820.8,1566.0,1968,38,72,13120.2
34.681,820.8,1566.0,1968,2,72,13113.5
34.802,820.8,1566.0,1968,1,72,13109.5
34.922,820.8,1566.0,1968,1,72,13107.4
35.043,820.8,1566.0,1968,3,72,13104.1
35.163,820.8,1566.0,1968,3,72,13095.8
35.283,950.3,1566.0,1968,2,72,13096.4
35.404,950.3,1566.0,1968,2,72,13085.7
35.525,950.3,1566.0,1968,1,72,13076.8
35.645,950.3,1566.0,1968,2,72,13069.0
35.767,950.3,1566.0,1968,2,72,13057.4
35.886,950.3,1566.0,1968,0,72,13048.8
36.007,950.3,1566.0,1968,2,72,13045.2
36.128,950.3,1566.0,1968,2,72,13040.6
36.248,950.3,1566.0,1968,2,72,13030.9
36.369,950.3,1566.0,1968,1,72,13019.7
36.49,950.3,1566.0,1968,1,72,13010.6
36.611,1079.8,1566.0,1968,2,72,13004.4
36.732,1079.8,1566.0,1968,2,72,13001.1
36.853,1079.8,1566.0,1968,1,72,13004.0
36.974,1079.8,1566.0,1968,3,72,13010.6
37.091,659.8,1566.0,1968,3,75,13021.5
37.212,820.8,1566.0,1968,43,72,13038.7
37.333,950.3,1566.0,1968,8,72,13045.7
37.454,1079.8,1566.0,1968,10,72,13059.9
37.575,1079.8,1566.0,1968,10,72,13082.3
37.696,659.8,1566.0,1968,18,73,13085.8
37.817,820.8,1566.0,1968,32,72,13109.2
37.937,950.3,1566.0,1968,32,72,13145.6
38.058,950.3,1566.0,1968,7,72,13175.4
38.185,1079.8,1566.0,1968,3,72,13167.7
38.416,659.9,1566.0,1968,41,73,13155.8
38.613,820.9,1566.0,1968,1,72,13129.1
38.936,820.9,1566.0,1968,2,72,13103.8
39.255,950.4,1566.0,1968,2,72,13076.7
39.587,1079.9,1566.0,1968,1,72,13049.4
39.924,659.9,1566.0,1968,41,72,13035.0
40.137,820.9,1566.0,1968,1,72,13002.5
40.525,950.4,1566.0,1968,4,72,12978.3
40.804,1079.9,1566.0,1968,2,72,12954.5
41.101,1079.9,1566.0,1968,5,72,12928.9
41.398,663.4,1566.0,1968,36,72,12911.7
41.631,820.9,1566.0,1968,1,72,12856.5
41.968,820.9,1566.0,1968,1,72,12828.1
42.305,950.4,1566.0,1968,2,72,12797.6
42.659,1079.9,1566.0,1968,1,72,12768.6
42.985,1079.9,1566.0,1968,8,73,12742.1
43.292,821.0,1566.0,1968,2,72,12711.1
43.625,950.5,1566.0,1968,1,72,12680.3
43.949,950.5,1566.0,1968,2,72,12650.5
44.265,660.0,1566.0,1968,2,74,12616.5
44.416,821.0,1566.0,1968,44,72,12331.2
44.542,950.5,1566.0,1968,11,72,12208.8
44.662,1080.0,1566.0,1968,11,72,12174.4
44.78,660.0,1566.0,1968,11,74,12188.6
44.898,821.0,1566.0,1968,42,73,12205.1
45.017,821.0,1566.0,1968,8,72,12227.5
45.135,950.5,1566.0,1968,8,72,12248.7
45.253,1080.0,1566.0,1968,7,72,12269.6
45.372,1080.0,1566.0,1968,7,72,12289.4
45.49,660.0,1566.0,1968,42,74,12300.5
45.608,821.1,1566.0,1968,42,72,12285.1
45.726,950.6,1566.0,1968,8,72,12306.1
45.844,950.6,1566.0,1968,7,72,12326.0
45.961,1080.1,1566.0,1968,7,72,12273.2
46.086,660.1,1566.0,1968,9,75,12237.0
46.206,821.1,1566.0,1968,43,72,12215.7
46.324,821.1,1566.0,1968,6,72,12241.1
46.442,950.6,1566.0,1968,6,72,12268.2
46.56,1080.1,1566.0,1968,8,72,12289.9
46.678,1080.1,1566.0,1968,7,72,12321.7
46.796,660.1,1566.0,1968,7,74,12335.9
46.914,821.1,1566.0,1968,42,72,12359.1
47.032,821.1,1566.0,1968,7,72,12379.8
47.152,950.6,1566.0,1968,8,72,12401.6
47.272,1080.1,1566.0,1968,8,72,12426.8
47.392,660.1,1566.0,1968,8,73,12435.6
47.511,821.1,1566.0,1968,42,72,12452.5
47.631,950.6,1566.0,1968,42,72,12471.6
47.752,1080.1,1566.0,1968,12,72,12494.6
47.872,691.7,1566.0,1968,40,73,12500.6
47.993,950.7,1566.0,1968,26,72,12513.1
48.113,660.2,1566.0,1968,26,75,12515.3
48.234,821.2,1566.0,1968,47,72,12524.1
48.355,1080.2,1566.0,1968,16,72,12541.9
48.475,660.2,1566.0,1968,16,75,12547.0
48.595,821.2,1566.0,1968,45,72,12563.6
48.714,950.7,1566.0,1968,10,72,12580.3
48.834,1080.2,1566.0,1968,9,72,12607.1
48.954,1080.2,1566.0,1968,6,72,12611.9
49.155,691.8,1566.0,1968,40,72,12593.3
49.408,821.3,1566.0,1968,4,72,12579.6
49.682,950.8,1566.0,1968,2,72,12558.8
49.964,1080.3,1566.0,1968,4,72,12535.5
50.247,1080.3,1566.0,1968,3,72,12508.8
50.554,660.3,1566.0,1968,22,72,12490.1
50.784,821.3,1566.0,1968,4,72,12463.7
51.09,821.3,1566.0,1968,2,72,12438.8
51.274,1080.3,1566.0,1968,6,72,12348.7
51.395,1084.6,1566.0,1968,12,72,12150.1
51.515,691.8,1566.0,1968,42,73,11948.1
51.635,821.3,1566.0,1968,42,72,11878.7
51.754,950.8,1566.0,1968,8,72,11904.2
51.872,1080.3,1566.0,1968,9,72,11929.6
51.991,660.4,1566.0,1968,9,73,11950.8
52.11,821.4,1566.0,1968,31,73,11972.2
52.228,821.4,1566.0,1968,21,72,12000.3
52.346,950.9,1566.0,1968,9,72,12028.0
52.465,1080.4,1566.0,1968,9,72,12052.6
52.584,635.0,1566.0,1968,9,75,12066.5
52.702,635.0,1566.0,1968,40,72,12184.2
52.828,635.0,1566.0,1968,1,72,12295.2
52.953,635.0,1566.0,1968,1,72,12382.1
53.081,635.0,1566.0,1968,0,72,12383.3
53.211,635.0,1566.0,1968,1,72,12461.1
53.344,635.0,1566.0,1968,1,72,12497.0
53.476,635.0,1566.0,1968,1,72,12572.0
53.609,635.0,1566.0,1968,0,72,12647.8
53.74,635.0,1566.0,1968,1,72,12721.3
53.872,635.0,1566.0,1968,1,72,12644.4
54.003,635.0,1566.0,1968,0,72,12472.3
54.131,635.0,1566.0,1968,0,72,12524.0
54.258,635.0,1566.0,1968,1,72,12607.7
54.384,635.0,1566.0,1968,1,72,12698.3
54.51,635.0,1566.0,1968,0,72,12783.9
54.637,635.0,1566.0,1968,0,72,12733.6
54.763,635.0,1566.0,1968,1,72,12755.6
54.891,635.0,1566.0,1968,1,72,12776.2
55.019,635.0,1566.0,1968,0,72,12791.3
55.147,635.0,1566.0,1968,0,72,12897.8
55.273,635.0,1566.0,1968,1,72,12986.7
55.399,635.0,1566.0,1968,1,71,13092.2
55.526,635.0,1566.0,1968,0,71,13001.2
55.655,635.0,1566.0,1968,0,71,13043.3
55.778,635.0,1566.0,1968,1,71,13091.4
55.898,635.0,1566.0,1968,1,71,13127.7
56.02,690.4,1566.0,1968,3,71,13085.4
56.138,819.9,1566.0,1968,3,71,12983.4
56.256,949.4,1566.0,1968,10,71,12859.9
56.376,1078.9,1566.0,1968,9,71,12582.9
56.504,659.7,1566.0,1968,9,72,12474.8
56.623,820.7,1566.0,1968,48,72,12302.4
56.743,950.2,1566.0,1968,15,72,12083.7
56.862,950.2,1566.0,1968,8,72,12076.9
56.982,1079.7,1566.0,1968,8,72,11976.1
57.1,659.7,1566.0,1968,16,73,11937.6
57.22,820.7,1566.0,1968,39,72,11917.0
57.339,950.2,1566.0,1968,39,72,11708.4
57.462,1079.7,1566.0,1968,9,72,11475.5
57.581,659.7,1566.0,1968,10,75,11413.2
57.7,820.7,1566.0,1968,47,72,11344.7
57.818,950.2,1566.0,1968,47,72,11304.5
57.937,950.2,1566.0,1968,10,72,11302.5
58.054,1079.7,1566.0,1968,9,72,11306.0
58.173,659.8,1566.0,1968,9,74,11312.8
58.291,820.8,1566.0,1968,46,72,11344.6
58.409,950.3,1566.0,1968,9,72,11354.2
58.527,1079.8,1566.0,1968,7,72,11371.0
58.645,1079.8,1566.0,1968,7,72,11364.7
58.763,691.3,1566.0,1968,29,73,11378.2
58.882,820.8,1566.0,1968,25,72,11388.6
59.0,950.3,1566.0,1968,25,72,11387.1
59.121,950.3,1566.0,1968,6,72,11376.1
59.239,1079.8,1566.0,1968,7,72,11380.2
59.357,1079.8,1566.0,1968,7,72,11377.8
59.475,659.8,1566.0,1968,7,73,11376.9
59.593,820.8,1566.0,1968,44,72,11395.9
59.711,820.8,1566.0,1968,7,72,11262.3
59.83,950.3,1566.0,1968,7,72,11223.1
59.949,1079.8,1566.0,1968,8,72,11254.7
60.068,1079.8,1566.0,1968,4,72,11226.8
60.19,659.8,1566.0,1968,4,74,11204.8
60.308,820.9,1566.0,1968,33,72,11231.0
60.427,820.9,1566.0,1968,19,72,11243.3
60.545,950.4,1566.0,1968,6,72,11219.6
60.664,950.4,1566.0,1968,6,72,11154.8
60.782,1079.9,1566.0,1968,7,72,11192.5
60.901,659.9,1566.0,1968,11,73,11162.3
61.019,691.4,1566.0,1968,11,72,11173.4
61.138,820.9,1566.0,1968,41,72,11167.7
61.257,950.4,1566.0,1968,7,72,11162.3
61.375,950.4,1566.0,1968,7,72,11173.0
61.494,1079.9,1566.0,1968,7,71,11197.1
61.612,1079.9,1566.0,1968,6,71,11237.5
61.731,659.9,1566.0,1968,44,74,11254.8
61.849,820.9,1566.0,1968,44,72,11278.5
61.967,820.9,1566.0,1968,6,72,11240.6
62.093,950.4,1566.0,1968,6,71,11036.7
62.211,1079.9,1566.0,1968,7,71,11065.1
62.329,1079.9,1566.0,1968,7,71,11097.2
62.448,659.9,1566.0,1968,6,74,11115.4
62.568,821.0,1566.0,1968,44,72,11103.2
62.689,821.0,1566.0,1968,44,72,11010.2
62.807,950.5,1566.0,1968,7,71,11047.7
62.926,950.5,1566.0,1968,6,71,11082.4
63.044,1080.0,1566.0,1968,5,71,11113.2
63.162,1080.0,1566.0,1968,5,71,11136.2
63.28,660.0,1566.0,1968,6,75,11150.8
63.398,821.0,1566.0,1968,44,72,11187.5
63.516,821.0,1566.0,1968,44,71,11228.9
63.634,950.5,1566.0,1968,7,71,11265.6
63.752,1080.0,1566.0,1968,7,71,11301.7
63.871,1080.0,1566.0,1968,7,71,11341.0
63.988,660.0,1566.0,1968,7,74,11356.6
64.106,821.0,1566.0,1968,44,72,11397.3
64.224,821.0,1566.0,1968,7,71,11433.2
64.342,950.5,1566.0,1968,7,71,11460.5
64.46,950.5,1566.0,1968,7,71,11492.7
64.578,1080.0,1566.0,1968,6,71,11525.5
64.695,1080.0,1566.0,1968,6,71,11550.9
64.813,667.0,1566.0,1968,20,72,11574.6
64.931,821.0,1566.0,1968,31,71,11612.9
65.05,821.0,1566.0,1968,6,71,11651.1
65.168,950.5,1566.0,1968,6,71,11686.6
65.286,950.5,1566.0,1968,6,71,11729.8
65.404,1080.0,1566.0,1968,7,71,11767.6
65.522,660.1,1566.0,1968,7,74,11783.3
65.639,821.1,1566.0,1968,44,72,11812.4
65.757,821.1,1566.0,1968,7,71,11831.5
65.875,950.6,1566.0,1968,7,71,11858.0
65.993,950.6,1566.0,1968,8,71,11883.6
66.111,1080.1,1566.0,1968,7,71,11902.2
66.23,660.1,1566.0,1968,46,74,11910.0
66.348,821.1,1566.0,1968,46,71,11931.4
66.466,950.6,1566.0,1968,8,71,11955.3
66.585,950.6,1566.0,1968,7,71,11975.3
66.703,1080.1,1566.0,1968,7,71,11993.8
66.821,660.1,1566.0,1968,8,71,12013.7
66.939,691.6,1566.0,1968,45,72,12031.6
67.058,821.1,1566.0,1968,6,71,12058.2
67.175,950.6,1566.0,1968,6,71,12081.3
67.293,950.6,1566.0,1968,6,71,12104.7
67.411,1080.1,1566.0,1968,7,71,12129.8
67.53,1080.1,1566.0,1968,7,71,12151.4
67.648,660.2,1566.0,1968,6,74,12159.9
67.766,821.2,1566.0,1968,45,71,12181.5
67.884,821.2,1566.0,1968,45,71,12204.1
68.001,950.7,1566.0,1968,7,71,12224.9
68.119,950.7,1566.0,1968,6,71,12245.8
68.237,1080.2,1566.0,1968,7,71,12267.7
68.355,660.2,1566.0,1968,7,73,12276.8
68.472,821.2,1566.0,1968,45,71,12301.7
68.59,821.2,1566.0,1968,6,71,12334.6
68.708,950.7,1566.0,1968,6,71,12369.4
68.826,950.7,1566.0,1968,7,71,12403.0
68.944,1080.2,1566.0,1968,7,71,12436.2
69.062,660.2,1566.0,1968,7,71,12457.1
69.179,691.7,1566.0,1968,23,72,12485.4
69.297,821.2,1566.0,1968,28,71,12530.9
69.415,950.7,1566.0,1968,7,71,12568.3
69.532,950.7,1566.0,1968,7,71,12609.9
69.65,1080.2,1566.0,1968,6,71,12652.9
69.768,1080.2,1566.0,1968,7,71,12702.9
69.886,660.2,1566.0,1968,7,74,12723.4
70.004,821.3,1566.0,1968,45,71,12770.9
70.122,821.3,1566.0,1968,6,71,12813.3
70.24,950.8,1566.0,1968,7,71,12860.1
70.358,950.8,1566.0,1968,7,71,12908.9
70.476,1080.3,1566.0,1968,7,71,12949.1
70.594,660.3,1566.0,1968,16,72,12974.8
70.714,691.8,1566.0,1968,16,71,13003.5
70.833,821.3,1566.0,1968,35,71,13035.0
70.952,950.8,1566.0,1968,9,71,13066.1
71.072,1080.3,1566.0,1968,9,71,13107.3
71.192,660.3,1566.0,1968,8,71,13140.6
71.313,691.8,1566.0,1968,45,72,13166.3
71.433,821.3,1566.0,1968,8,71,13205.2
71.552,950.8,1566.0,1968,8,71,13234.9
71.672,1080.3,1566.0,1968,8,71,13268.3
71.791,1080.3,1566.0,1968,7,71,13294.5
71.921,660.3,1566.0,1968,45,73,13305.4
72.042,821.4,1566.0,1968,1,71,13282.7
72.38,821.4,1566.0,1968,1,71,13241.6
72.745,950.9,1566.0,1968,1,71,13174.8
73.148,950.9,1566.0,1968,2,71,13141.9
73.504,1080.4,1566.0,1968,2,71,13108.3
73.879,1080.4,1566.0,1968,1,71,13086.0
74.244,660.4,1566.0,1968,20,71,13055.6
74.599,691.9,1566.0,1968,2,71,13020.2
74.942,821.4,1566.0,1968,1,71,12981.8
75.343,821.4,1566.0,1968,2,71,12950.2
75.675,950.9,1566.0,1968,1,71,12912.5
76.049,950.9,1566.0,1968,1,71,12872.1
76.431,950.9,1566.0,1968,1,71,12828.7
76.838,1080.4,1566.0,1968,2,71,12793.7
77.167,1080.4,1566.0,1968,1,73,12754.5
77.549,691.9,1566.0,1968,0,71,12713.6
77.953,821.4,1566.0,1968,2,71,12678.8
78.301,821.4,1566.0,1968,2,71,12643.9
78.638,950.9,1566.0,1968,1,71,12609.2
79.004,1080.4,1566.0,1968,2,71,12576.6
79.347,1080.4,1566.0,1968,1,71,12532.2
79.735,1080.4,1566.0,1968,1,71,12487.0
80.127,660.4,1566.0,1968,43,72,12504.6
80.316,821.4,1566.0,1968,1,71,12478.1
80.694,821.4,1566.0,1968,1,71,12440.9
81.061,821.4,1566.0,1968,3,71,12410.5
81.315,950.9,1566.0,1968,4,71,12314.1
81.442,1080.4,1566.0,1968,4,71,12370.3
81.562,660.5,1566.0,1968,7,74,12413.5
81.706,821.5,1566.0,1968,45,72,12406.9
81.825,821.5,1566.0,1968,5,72,12414.3
81.946,821.5,1566.0,1968,6,71,12456.9
82.173,951.0,1566.0,1968,1,71,12429.8
82.546,951.0,1566.0,1968,2,71,12396.0
82.895,1080.5,1566.0,1968,3,71,12374.0
83.141,1082.7,1566.0,1968,6,71,12174.5
83.263,635.1,1566.0,1968,6,73,12090.2
83.389,635.1,1566.0,1968,41,72,12145.8
83.516,635.1,1566.0,1968,1,72,12163.5
83.643,635.1,1566.0,1968,1,72,12187.1
83.77,635.1,1566.0,1968,1,71,12238.3
83.897,635.1,1566.0,1968,0,72,12233.0
84.024,635.1,1566.0,1968,1,72,12276.0
84.151,635.1,1566.0,1968,1,72,12356.2
84.291,635.1,1566.0,1968,0,72,12351.1
84.418,635.1,1566.0,1968,0,72,12388.4
84.545,635.1,1566.0,1968,1,72,12477.6
84.671,635.1,1566.0,1968,1,72,12476.4
84.8,635.1,1566.0,1968,0,72,12493.3
84.928,635.1,1566.0,1968,0,72,12596.1
85.054,635.1,1566.0,1968,1,72,12691.5
85.18,635.1,1566.0,1968,1,72,12755.3
85.307,635.1,1566.0,1968,0,72,12615.6
85.434,635.1,1566.0,1968,0,72,12702.8
85.561,635.1,1566.0,1968,1,72,12805.9
85.686,635.1,1566.0,1968,1,72,12906.0
85.812,635.1,1566.0,1968,0,72,13004.4
85.938,635.1,1566.0,1968,0,72,13096.6
86.067,635.1,1566.0,1968,1,72,13027.5
86.188,635.1,1566.0,1968,1,72,12980.7
86.31,666.0,1566.0,1968,2,72,13015.8
86.428,820.0,1566.0,1968,2,72,13066.5
86.546,820.0,1566.0,1968,7,72,13119.3
86.664,949.5,1566.0,1968,8,72,13178.9
86.782,1079.0,1566.0,1968,8,72,13218.6
86.901,659.8,1566.0,1968,8,72,13029.8
87.019,820.8,1566.0,1968,45,73,13064.1
87.137,820.8,1566.0,1968,8,72,13114.7
87.255,950.3,1566.0,1968,8,72,13147.1
87.374,1079.8,1566.0,1968,7,72,13192.4
87.492,659.8,1566.0,1968,11,72,13224.0
87.61,820.8,1566.0,1968,11,73,13258.7
87.728,820.8,1566.0,1968,47,72,13277.1
87.846,950.3,1566.0,1968,8,72,13064.0
87.965,1079.8,1566.0,1968,8,72,13093.9
88.083,1079.8,1566.0,1968,7,71,13121.5
88.201,691.3,1566.0,1968,43,73,13140.1
88.319,820.8,1566.0,1968,11,72,13172.1
88.438,950.3,1566.0,1968,11,72,13209.8
88.555,1079.8,1566.0,1968,10,71,13240.4
88.675,659.9,1566.0,1968,19,74,13213.2
88.795,820.9,1566.0,1968,19,72,13121.9
88.914,820.9,1566.0,1968,37,72,13133.0
89.031,950.4,1566.0,1968,8,71,13145.5
89.149,1079.9,1566.0,1968,9,71,13153.9
89.267,659.9,1566.0,1968,9,72,13164.2
89.385,820.9,1566.0,1968,46,72,13189.1
89.503,820.9,1566.0,1968,8,72,13232.5
89.621,950.4,1566.0,1968,8,71,13277.4
89.738,1079.9,1566.0,1968,8,71,13120.3
89.859,1079.9,1566.0,1968,8,71,13023.2
89.976,691.4,1566.0,1968,8,73,13048.8
90.094,820.9,1566.0,1968,45,72,13087.1
90.212,950.4,1566.0,1968,8,71,13117.3
90.33,1079.9,1566.0,1968,8,71,13150.1
90.448,1079.9,1566.0,1968,8,71,13185.9
90.567,660.0,1566.0,1968,18,73,13201.5
90.685,821.0,1566.0,1968,38,72,13246.3
90.803,950.5,1566.0,1968,38,71,13258.7
90.921,1080.0,1566.0,1968,10,71,13203.1
91.039,660.0,1566.0,1968,32,73,13153.2
91.157,821.0,1566.0,1968,24,72,13191.1
91.275,950.5,1566.0,1968,24,71,13221.9
91.393,1080.0,1566.0,1968,9,71,13104.5
91.512,1080.0,1566.0,1968,9,71,13101.2
91.63,660.0,1566.0,1968,9,74,13116.3
91.748,821.0,1566.0,1968,46,72,13131.9
91.865,950.5,1566.0,1968,8,71,13145.6
91.983,1080.0,1566.0,1968,8,71,13116.2
92.102,1080.0,1566.0,1968,9,71,13139.6
92.22,660.1,1566.0,1968,6,73,13154.6
92.337,821.1,1566.0,1968,46,72,13171.3
92.456,821.1,1566.0,1968,46,71,13195.4
92.574,950.6,1566.0,1968,6,71,13187.5
92.692,950.6,1566.0,1968,7,71,13214.2
92.81,1080.1,1566.0,1968,7,71,13234.4
92.929,660.1,1566.0,1968,8,74,13243.1
93.046,691.6,1566.0,1968,44,72,13262.6
93.165,821.1,1566.0,1968,8,71,13282.6
93.284,950.6,1566.0,1968,8,71,13304.7
93.403,1080.1,1566.0,1968,10,71,13321.5
93.523,660.1,1566.0,1968,42,73,13324.1
93.642,821.1,1566.0,1968,42,71,13342.6
93.762,950.6,1566.0,1968,13,71,13354.2
93.882,1080.1,1566.0,1968,10,71,13367.4
94.002,660.1,1566.0,1968,21,74,13377.9
94.121,821.2,1566.0,1968,21,72,13394.3
94.241,821.2,1566.0,1968,32,71,13416.5
94.36,950.7,1566.0,1968,7,71,13437.3
94.48,1080.2,1566.0,1968,7,71,13460.3
94.599,660.2,1566.0,1968,8,73,13467.8
94.719,821.2,1566.0,1968,47,72,13475.5
94.849,950.7,1566.0,1968,10,71,13473.4
95.055,950.7,1566.0,1968,5,71,13464.8
95.279,660.2,1566.0,1968,46,73,13455.7
95.451,821.2,1566.0,1968,7,71,13439.0
95.697,950.7,1566.0,1968,5,71,13423.0
95.95,1080.2,1566.0,1968,6,71,13402.8
96.209,660.2,1566.0,1968,15,72,13389.3
96.402,821.2,1566.0,1968,5,71,13370.6
96.654,950.7,1566.0,1968,5,71,13346.6
96.939,1080.2,1566.0,1968,5,71,13321.5
97.239,1080.2,1566.0,1968,44,72,13297.1
97.524,821.3,1566.0,1968,5,71,13274.1
97.781,950.8,1566.0,1968,5,71,13250.9
98.044,1080.3,1566.0,1968,3,71,13225.9
98.312,1080.3,1566.0,1968,10,72,13201.1
98.597,821.3,1566.0,1968,4,71,13158.8
98.914,821.3,1566.0,1968,6,71,13113.4
99.209,950.8,1566.0,1968,3,71,13088.3
99.496,1080.3,1566.0,1968,2,71,13059.0
99.812,663.8,1566.0,1968,44,72,13045.6
99.994,821.3,1566.0,1968,5,71,13022.7
100.297,950.8,1566.0,1968,6,71,12997.4
100.599,1080.3,1566.0,1968,4,71,12970.8
100.924,660.4,1566.0,1968,43,72,12951.5
101.229,821.4,1566.0,1968,3,72,12927.1
101.509,950.9,1566.0,1968,2,71,12887.4
101.851,950.9,1566.0,1968,1,71,12840.3
102.173,1080.4,1566.0,1968,2,72,12811.8
102.486,660.4,1566.0,1968,43,72,12799.3
102.685,821.4,1566.0,1968,3,72,12766.1
103.05,950.9,1566.0,1968,2,72,12734.7
103.393,1080.4,1566.0,1968,2,71,12704.8
103.733,660.4,1566.0,1968,42,72,12660.2
103.978,821.4,1566.0,1968,42,72,12228.5
104.099,950.9,1566.0,1968,9,72,12015.5
104.217,950.9,1566.0,1968,8,71,12038.9
104.335,1080.4,1566.0,1968,8,71,12066.8
104.453,660.5,1566.0,1968,7,72,12085.7
104.571,692.0,1566.0,1968,44,72,12110.7
104.694,821.5,1566.0,1968,11,72,12142.6
104.813,951.0,1566.0,1968,11,72,12172.8
104.932,951.0,1566.0,1968,10,71,12205.4
105.05,1080.5,1566.0,1968,6,71,12238.3
105.169,1080.5,1566.0,1968,6,71,12278.7
105.287,660.5,1566.0,1968,7,75,12298.0
105.406,821.5,1566.0,1968,45,72,12342.4
105.524,821.5,1566.0,1968,45,71,12382.6
105.642,951.0,1566.0,1968,6,71,12272.0
105.769,951.0,1566.0,1968,7,71,12311.8
105.89,1080.5,1566.0,1968,7,71,12363.1
106.008,660.5,1566.0,1968,7,73,12381.6
106.128,821.5,1566.0,1968,44,72,12431.4
106.247,821.5,1566.0,1968,8,71,12479.0
106.367,951.0,1566.0,1968,7,71,12521.2
106.487,1080.5,1566.0,1968,7,71,12563.0
106.607,1080.5,1566.0,1968,7,71,12603.4
106.726,660.5,1566.0,1968,45,74,12610.7
106.846,821.6,1566.0,1968,1,71,12592.7
107.22,821.6,1566.0,1968,2,71,12558.2
107.592,951.1,1566.0,1968,2,71,12523.3
107.972,951.1,1566.0,1968,2,71,12487.6
108.358,1080.6,1566.0,1968,1,71,12470.7
108.69,1080.6,1566.0,1968,1,71,12343.2
108.811,692.1,1566.0,1968,17,73,11997.0
108.93,821.6,1566.0,1968,35,72,12043.2
109.048,951.1,1566.0,1968,7,72,12091.9
109.166,1080.6,1566.0,1968,7,71,12151.8
109.284,1080.6,1566.0,1968,7,71,12194.4
109.402,635.2,1566.0,1968,24,75,12217.8
109.52,635.2,1566.0,1968,24,72,12075.7
109.646,635.2,1566.0,1968,23,71,12153.1
109.773,635.2,1566.0,1968,1,71,12246.9
109.9,635.2,1566.0,1968,1,71,12343.6
110.025,635.2,1566.0,1968,1,71,12429.1
110.153,635.2,1566.0,1968,0,71,12383.4
110.281,635.2,1566.0,1968,1,71,12417.4
110.407,635.2,1566.0,1968,1,71,12416.8
110.534,635.2,1566.0,1968,1,71,12487.6
110.661,635.2,1566.0,1968,0,71,12520.2
110.787,635.2,1566.0,1968,1,71,12557.8
110.913,635.2,1566.0,1968,1,71,12622.4
111.04,635.2,1566.0,1968,1,71,12660.2
111.167,635.2,1566.0,1968,0,71,12745.5
111.293,635.2,1566.0,1968,1,71,12821.5
111.419,635.2,1566.0,1968,1,72,12850.4
111.547,635.2,1566.0,1968,0,72,12883.7
111.678,635.2,1566.0,1968,0,71,12945.1
111.806,635.2,1566.0,1968,1,71,13014.0
111.933,635.2,1566.0,1968,1,71,13114.5
112.059,635.2,1566.0,1968,0,71,13208.5
112.185,635.2,1566.0,1968,0,71,13176.1
112.313,635.2,1566.0,1968,1,71,13116.2
112.433,633.7,1566.0,1968,1,71,13062.1
112.551,820.0,1566.0,1968,1,71,13087.0
112.669,820.0,1566.0,1968,5,71,13112.8
112.786,949.5,1566.0,1968,9,71,13149.0
112.904,1079.0,1566.0,1968,8,70,13193.5
113.022,1079.0,1566.0,1968,8,70,13223.6
113.14,659.9,1566.0,1968,22,71,13231.6
113.258,820.9,1566.0,1968,38,71,13263.0
113.376,820.9,1566.0,1968,38,71,13239.1
113.494,950.4,1566.0,1968,8,70,13188.6
113.613,1079.9,1566.0,1968,7,70,13158.7
113.731,1079.9,1566.0,1968,7,70,13117.4
113.848,659.9,1566.0,1968,7,71,13119.8
113.966,820.9,1566.0,1968,54,71,13149.9
114.085,950.4,1566.0,1968,7,71,13131.3
114.204,950.4,1566.0,1968,7,71,13171.4
114.322,1079.9,1566.0,1968,7,70,13208.9
114.44,1079.9,1566.0,1968,7,71,13239.0
114.558,659.9,1566.0,1968,7,71,13227.2
114.677,821.0,1566.0,1968,50,71,13243.1
114.795,821.0,1566.0,1968,7,71,13270.3
114.914,950.5,1566.0,1968,7,71,13311.7
115.033,1080.0,1566.0,1968,7,71,13340.6
115.153,766.6,1566.0,1968,7,72,13359.9
115.273,821.0,1566.0,1968,46,72,13364.2
115.392,821.0,1566.0,1968,46,71,13395.5
115.513,950.5,1566.0,1968,8,71,13427.4
115.633,1080.0,1566.0,1968,8,71,13457.2
115.753,660.0,1566.0,1968,25,74,13473.6
115.872,821.0,1566.0,1968,25,72,13495.7
115.994,821.0,1566.0,1968,29,71,13529.9
116.114,950.5,1566.0,1968,2,71,13531.8
116.397,1080.0,1566.0,1968,2,71,13518.1
116.697,1080.0,1566.0,1968,4,71,13496.3
116.993,660.0,1566.0,1968,42,72,13467.7
117.297,821.1,1566.0,1968,2,71,13431.9
117.641,821.1,1566.0,1968,2,71,13396.5
118.002,950.6,1566.0,1968,2,71,13362.3
118.366,1080.1,1566.0,1968,1,71,13326.2
118.723,1080.1,1566.0,1968,19,75,13278.0
119.094,691.6,1566.0,1968,2,71,13231.7
119.479,821.1,1566.0,1968,1,71,13201.6
119.793,950.6,1566.0,1968,2,71,13167.6
120.133,950.6,1566.0,1968,2,71,13131.0
120.495,1080.1,1566.0,1968,2,71,13095.9
120.849,1080.1,1566.0,1968,44,72,13051.4
121.192,691.6,1566.0,1968,3,71,13000.6
121.533,821.1,1566.0,1968,2,72,12941.2
121.871,821.1,1566.0,1968,3,72,12881.7
122.198,950.6,1566.0,1968,2,72,12813.1
122.569,950.6,1566.0,1968,1,71,12721.2
123.045,1080.1,1566.0,1968,4,72,12686.2
123.374,1080.1,1566.0,1968,1,72,12650.3
123.728,660.1,1566.0,1968,44,72,12628.5
123.976,821.1,1566.0,1968,2,72,12573.2
124.223,950.6,1566.0,1968,2,72,12217.1
124.343,1080.1,1566.0,1968,10,72,12236.4
124.461,1080.1,1566.0,1968,7,72,12258.9
124.58,660.2,1566.0,1968,7,74,12270.2
124.698,821.2,1566.0,1968,46,72,12290.1
124.816,821.2,1566.0,1968,7,72,12339.3
124.934,950.7,1566.0,1968,10,72,12086.1
125.053,1080.2,1566.0,1968,10,72,12029.1
125.171,1080.2,1566.0,1968,7,72,12048.1
125.289,660.2,1566.0,1968,39,75,12055.7
125.407,821.2,1566.0,1968,39,72,12073.7
125.525,950.7,1566.0,1968,18,72,12093.0
125.644,1080.2,1566.0,1968,8,72,12113.0
125.762,1080.2,1566.0,1968,8,71,12133.8
125.881,667.2,1566.0,1968,14,73,12144.7
125.999,821.2,1566.0,1968,38,72,12166.9
126.118,950.7,1566.0,1968,8,72,12174.4
126.236,950.7,1566.0,1968,8,72,12191.9
126.354,1080.2,1566.0,1968,7,71,12208.3
126.472,1082.7,1566.0,1968,6,72,12228.9
126.59,667.3,1566.0,1968,6,73,12245.3
126.708,821.3,1566.0,1968,45,72,12269.1
126.826,821.3,1566.0,1968,5,71,12133.7
126.944,950.8,1566.0,1968,7,71,12133.4
127.063,1080.3,1566.0,1968,7,71,12134.6
127.182,1080.3,1566.0,1968,8,71,12113.3
127.302,821.3,1566.0,1968,47,73,11946.1
127.42,821.3,1566.0,1968,47,72,11962.5
127.538,950.8,1566.0,1968,10,71,11981.3
127.656,1080.3,1566.0,1968,8,71,12000.0
127.774,660.3,1566.0,1968,8,74,12005.8
127.892,821.3,1566.0,1968,44,72,12020.6
128.01,821.3,1566.0,1968,11,71,12039.5
128.129,950.8,1566.0,1968,8,71,12056.3
128.247,1080.3,1566.0,1968,8,71,12073.4
128.366,660.3,1566.0,1968,8,74,12086.4
128.483,821.4,1566.0,1968,46,72,12100.2
128.601,821.4,1566.0,1968,46,71,12120.0
128.719,950.9,1566.0,1968,8,71,12139.0
128.837,950.9,1566.0,1968,6,71,12158.3
128.955,1080.4,1566.0,1968,7,71,12177.6
129.073,660.4,1566.0,1968,7,74,12186.7
129.191,821.4,1566.0,1968,45,72,12202.5
129.309,821.4,1566.0,1968,7,71,12221.0
129.427,950.9,1566.0,1968,7,71,12238.9
129.545,950.9,1566.0,1968,7,71,12256.9
129.664,1080.4,1566.0,1968,7,71,12276.6
129.782,660.4,1566.0,1968,45,74,12236.4
129.901,821.4,1566.0,1968,45,72,12047.8
130.026,950.9,1566.0,1968,8,71,12069.8
130.144,950.9,1566.0,1968,7,71,12089.3
130.262,1080.4,1566.0,1968,7,71,12107.9
130.381,660.4,1566.0,1968,8,72,12122.9
130.499,821.5,1566.0,1968,46,72,12139.9
130.617,821.5,1566.0,1968,46,71,12160.2
130.735,951.0,1566.0,1968,8,71,12180.6
130.854,951.0,1566.0,1968,7,71,12204.4
130.972,1080.5,1566.0,1968,7,71,12226.6
131.09,660.5,1566.0,1968,7,74,12240.7
131.209,821.5,1566.0,1968,45,72,12256.8
131.327,821.5,1566.0,1968,6,71,12275.9
131.445,951.0,1566.0,1968,6,71,12297.5
131.563,1080.5,1566.0,1968,8,71,12314.9
131.682,1080.5,1566.0,1968,9,71,12335.0
131.802,692.0,1566.0,1968,45,72,12341.5
131.921,821.5,1566.0,1968,45,71,12360.0
132.04,951.0,1566.0,1968,9,71,12380.1
132.161,1080.5,1566.0,1968,9,71,12402.2
132.282,660.5,1566.0,1968,9,74,12412.6
132.402,821.5,1566.0,1968,39,71,12431.3
132.522,951.0,1566.0,1968,15,71,12450.4
132.641,951.0,1566.0,1968,8,71,12470.6
132.761,1080.5,1566.0,1968,8,71,12488.6
132.88,660.6,1566.0,1968,7,74,12493.1
133.0,821.6,1566.0,1968,46,71,12512.2
133.132,821.6,1566.0,1968,6,71,12500.2
133.403,951.1,1566.0,1968,5,71,12484.0
133.683,951.1,1566.0,1968,1,71,12428.4
134.045,1080.6,1566.0,1968,2,71,12424.5
134.299,1080.6,1566.0,1968,2,71,12411.8
134.599,660.6,1566.0,1968,44,72,12403.3
134.805,821.6,1566.0,1968,3,71,12180.6
134.925,821.6,1566.0,1968,3,71,11864.8
135.045,951.1,1566.0,1968,7,71,11882.7
135.165,951.1,1566.0,1968,6,71,11917.0
135.283,1080.6,1566.0,1968,6,71,11933.2
135.401,1080.6,1566.0,1968,5,71,11949.5
135.52,660.6,1566.0,1968,29,73,11951.1
135.639,821.6,1566.0,1968,22,71,11961.3
135.757,821.6,1566.0,1968,22,71,11978.1
135.876,951.1,1566.0,1968,6,71,11977.5
135.994,951.1,1566.0,1968,6,71,12013.8
136.112,1080.6,1566.0,1968,6,71,12014.0
136.231,1080.6,1566.0,1968,6,71,12027.1
136.349,660.7,1566.0,1968,44,73,12019.7
136.47,821.7,1566.0,1968,44,71,11910.5
136.588,821.7,1566.0,1968,6,71,11880.8
136.706,951.2,1566.0,1968,6,71,11829.2
136.825,951.2,1566.0,1968,5,71,11811.3
136.944,1080.7,1566.0,1968,5,71,11814.7
137.062,1080.7,1566.0,1968,7,71,11826.9
137.18,660.7,1566.0,1968,44,73,11841.3
137.299,821.7,1566.0,1968,44,71,11864.3
137.418,951.2,1566.0,1968,7,71,11897.9
137.536,951.2,1566.0,1968,7,71,11885.9
137.655,1080.7,1566.0,1968,7,71,11922.3
137.773,1080.7,1566.0,1968,7,71,11948.0
137.891,635.4,1566.0,1968,30,72,12009.5
138.014,635.4,1566.0,1968,17,71,12129.9
138.141,635.4,1566.0,1968,1,71,12194.7
138.269,635.4,1566.0,1968,1,71,12294.6
138.395,635.4,1566.0,1968,0,71,12338.7
138.522,635.4,1566.0,1968,1,71,12419.0
138.651,635.4,1566.0,1968,1,71,12488.9
138.78,635.4,1566.0,1968,1,71,12581.1
138.909,635.4,1566.0,1968,0,71,12667.0
139.038,635.4,1566.0,1968,1,71,12752.0
139.166,635.4,1566.0,1968,1,71,12818.0
139.298,635.4,1566.0,1968,0,71,12884.8
139.442,635.4,1566.0,1968,0,71,12908.6
139.747,635.4,1566.0,1968,1,71,12916.1
140.085,635.4,1566.0,1968,1,71,12918.6
140.403,635.4,1566.0,1968,0,71,12920.6
140.728,635.4,1566.0,1968,0,71,12926.8
141.062,635.4,1566.0,1968,1,71,12906.1
141.338,635.4,1566.0,1968,1,71,12589.3
141.467,635.4,1566.0,1968,1,71,12522.1
141.593,635.4,1566.0,1968,0,71,12617.1
141.72,635.4,1566.0,1968,1,71,12715.7
141.846,635.4,1566.0,1968,1,71,12659.0
141.976,635.4,1566.0,1968,1,71,12665.1
142.098,635.4,1566.0,1968,0,71,12650.3
142.221,635.4,1566.0,1968,1,71,12685.2
142.341,635.4,1566.0,1968,1,71,12711.3
142.461,635.4,1566.0,1968,1,71,12737.5
142.581,635.4,1566.0,1968,0,71,12764.9
142.701,633.7,1566.0,1968,1,71,12720.5
142.82,690.6,1566.0,1968,1,71,12751.9
142.939,820.1,1566.0,1968,4,71,12724.2
143.057,820.1,1566.0,1968,6,71,12759.9
143.175,949.6,1566.0,1968,6,71,12794.2
143.293,949.6,1566.0,1968,6,71,12823.6
143.412,1079.1,1566.0,1968,6,71,12679.6
143.531,660.1,1566.0,1968,5,72,12676.5
143.648,663.6,1566.0,1968,5,73,12687.4
143.767,821.1,1566.0,1968,65,72,12721.3
143.885,821.1,1566.0,1968,6,71,12750.6
144.003,950.6,1566.0,1968,5,71,12776.5
144.121,950.6,1566.0,1968,5,71,12804.0
144.239,1080.1,1566.0,1968,7,71,12830.8
144.357,1080.1,1566.0,1968,6,71,12815.0
144.477,660.1,1566.0,1968,6,74,12706.0
144.595,821.1,1566.0,1968,64,72,12732.6
144.714,821.1,1566.0,1968,6,71,12760.6
144.833,950.6,1566.0,1968,6,71,12787.7
144.951,950.6,1566.0,1968,6,71,12816.8
145.069,1080.1,1566.0,1968,6,71,12818.5
145.188,660.1,1566.0,1968,9,71,12705.2
145.306,660.1,1566.0,1968,9,74,12714.6
145.425,821.1,1566.0,1968,63,71,12743.4
145.543,821.1,1566.0,1968,5,71,12770.1
145.661,950.6,1566.0,1968,5,71,12801.2
145.78,950.6,1566.0,1968,6,71,12829.7
145.899,1080.1,1566.0,1968,8,71,12853.0
146.017,660.1,1566.0,1968,13,71,12869.7
146.135,660.1,1566.0,1968,13,73,12874.5
146.253,821.2,1566.0,1968,57,71,12840.5
146.373,821.2,1566.0,1968,7,71,12675.0
146.491,950.7,1566.0,1968,7,71,12701.0
146.609,1080.2,1566.0,1968,6,71,12728.9
146.727,1080.2,1566.0,1968,7,71,12755.6
146.846,660.2,1566.0,1968,48,74,12765.1
146.963,691.7,1566.0,1968,48,72,12783.7
147.081,821.2,1566.0,1968,22,71,12812.6
147.2,950.7,1566.0,1968,6,71,12841.5
147.318,950.7,1566.0,1968,6,71,12864.6
147.436,1080.2,1566.0,1968,7,71,12831.8
147.556,1080.2,1566.0,1968,6,71,12624.2
147.684,660.2,1566.0,1968,58,75,12630.8
147.803,821.2,1566.0,1968,58,71,12665.3
147.921,821.2,1566.0,1968,14,71,12690.3
148.039,950.7,1566.0,1968,6,71,12716.8
148.158,950.7,1566.0,1968,6,71,12741.6
148.276,1080.2,1566.0,1968,7,71,12767.4
148.395,1080.2,1566.0,1968,6,71,12794.4
148.513,660.2,1566.0,1968,63,74,12799.9
148.632,821.2,1566.0,1968,63,71,12831.5
148.75,821.2,1566.0,1968,6,71,12802.0
148.87,950.7,1566.0,1968,8,71,12717.9
148.988,950.7,1566.0,1968,8,71,12746.9
149.106,1080.2,1566.0,1968,5,71,12773.5
149.224,1080.2,1566.0,1968,7,71,12796.5
149.343,660.3,1566.0,1968,7,75,12802.1
149.461,821.3,1566.0,1968,65,71,12832.5
149.579,821.3,1566.0,1968,5,71,12859.0
149.697,950.8,1566.0,1968,6,71,12883.3
149.817,950.8,1566.0,1968,6,71,12912.6
149.936,1080.3,1566.0,1968,7,70,12940.5
150.056,1080.3,1566.0,1968,6,71,12961.6
150.176,660.3,1566.0,1968,6,75,12956.4
150.296,821.3,1566.0,1968,64,71,12970.2
150.415,821.3,1566.0,1968,8,71,12973.9
150.535,950.8,1566.0,1968,8,71,12981.4
150.654,1080.3,1566.0,1968,8,71,12992.4
150.773,660.3,1566.0,1968,6,71,13003.7
150.892,660.3,1566.0,1968,65,73,13000.9
151.011,821.3,1566.0,1968,65,71,13016.4
151.13,950.8,1566.0,1968,8,71,13038.9
151.249,1080.3,1566.0,1968,8,71,13058.4
151.368,1080.3,1566.0,1968,8,71,13069.2
151.488,660.4,1566.0,1968,8,75,13061.9
151.607,821.4,1566.0,1968,64,71,13075.8
151.728,950.9,1566.0,1968,10,71,13090.2
151.848,1080.4,1566.0,1968,10,71,13104.3
151.967,1080.4,1566.0,1968,9,71,13121.0
152.087,660.4,1566.0,1968,29,75,13116.6
152.207,821.4,1566.0,1968,43,72,13132.4
152.327,821.4,1566.0,1968,43,71,13147.3
152.447,950.9,1566.0,1968,8,71,13156.5
152.567,1080.4,1566.0,1968,7,71,13165.6
152.687,1080.4,1566.0,1968,7,71,13176.9
152.807,660.4,1566.0,1968,17,73,13175.6
152.93,821.4,1566.0,1968,53,71,13178.8
153.105,821.4,1566.0,1968,3,71,13160.2
153.363,950.9,1566.0,1968,4,71,13147.4
153.634,950.9,1566.0,1968,4,71,13119.1
153.935,1080.4,1566.0,1968,3,71,13095.2
154.233,660.5,1566.0,1968,34,75,13088.3
154.368,821.5,1566.0,1968,35,71,13073.7
154.582,951.0,1566.0,1968,4,71,13057.1
154.825,951.0,1566.0,1968,6,71,13037.3
155.108,1080.5,1566.0,1968,54,75,13017.9
155.37,821.5,1566.0,1968,19,71,12998.6
155.632,951.0,1566.0,1968,5,71,12976.9
155.899,1080.5,1566.0,1968,6,71,12959.2
156.137,660.5,1566.0,1968,63,72,12938.3
156.4,821.5,1566.0,1968,7,71,12917.6
156.658,951.0,1566.0,1968,5,71,12896.2
156.939,951.0,1566.0,1968,2,71,12871.1
157.238,1080.5,1566.0,1968,2,71,12847.8
157.514,660.5,1566.0,1968,2,75,12841.4
157.643,821.6,1566.0,1968,5,71,12823.1
157.895,821.6,1566.0,1968,1,71,12795.6
158.21,951.1,1566.0,1968,2,71,12769.1
158.507,1080.6,1566.0,1968,5,71,12742.6
158.795,660.6,1566.0,1968,22,73,12729.0
158.949,821.6,1566.0,1968,3,71,12706.1
159.225,951.1,1566.0,1968,6,71,12678.8
159.502,951.1,1566.0,1968,5,71,12656.8
159.762,1080.6,1566.0,1968,5,71,12640.5
160.002,660.6,1566.0,1968,63,73,12625.9
160.202,821.6,1566.0,1968,5,72,12618.7
160.406,821.6,1566.0,1968,5,71,12593.1
160.612,951.1,1566.0,1968,3,71,12554.0
160.733,1080.6,1566.0,1968,6,71,12121.2
160.853,1080.6,1566.0,1968,6,71,12076.7
160.972,660.6,1566.0,1968,6,74,12084.7
161.09,692.1,1566.0,1968,63,73,12108.8
161.208,821.6,1566.0,1968,63,72,12127.9
161.327,951.1,1566.0,1968,7,72,12149.6
161.446,951.1,1566.0,1968,7,71,12177.4
161.565,1080.6,1566.0,1968,5,71,12206.1
161.682,1080.6,1566.0,1968,5,71,12228.0
161.8,660.7,1566.0,1968,17,75,12232.8
161.918,821.7,1566.0,1968,54,72,12252.5
162.036,821.7,1566.0,1968,54,72,12274.5
162.153,951.2,1566.0,1968,7,71,12297.0
162.272,951.2,1566.0,1968,7,71,12319.2
162.39,1080.7,1566.0,1968,7,71,12342.9
162.507,660.7,1566.0,1968,7,73,12139.6
162.625,667.7,1566.0,1968,58,73,12152.9
162.744,821.7,1566.0,1968,12,72,12175.4
162.862,821.7,1566.0,1968,12,71,12195.9
162.98,951.2,1566.0,1968,7,71,12217.9
163.098,1080.7,1566.0,1968,5,71,12239.7
163.216,1080.7,1566.0,1968,5,71,12261.0
163.334,660.7,1566.0,1968,6,71,12277.5
163.452,660.7,1566.0,1968,58,74,12286.0
163.57,821.7,1566.0,1968,12,72,12280.6
163.691,821.7,1566.0,1968,12,71,12150.2
163.81,951.2,1566.0,1968,7,71,12176.0
163.928,951.2,1566.0,1968,5,71,12203.1
164.046,1080.7,1566.0,1968,5,71,12233.4
164.164,1080.7,1566.0,1968,5,71,12264.1
164.282,660.8,1566.0,1968,16,74,12277.0
164.399,692.3,1566.0,1968,16,72,12297.3
164.517,821.8,1566.0,1968,54,71,12325.2
164.635,821.8,1566.0,1968,4,71,12150.8
164.755,951.3,1566.0,1968,7,71,12159.7
164.874,951.3,1566.0,1968,7,71,12186.1
164.992,1080.8,1566.0,1968,6,71,12210.3
165.11,1080.8,1566.0,1968,5,71,12239.5
165.228,660.8,1566.0,1968,5,74,12249.6
165.346,692.3,1566.0,1968,50,72,12277.0
165.464,821.8,1566.0,1968,20,71,12307.6
165.582,821.8,1566.0,1968,5,71,12301.4
165.702,951.3,1566.0,1968,5,71,12310.9
165.82,1080.8,1566.0,1968,7,71,12334.9
165.941,1080.8,1566.0,1968,7,71,12364.9
166.06,660.8,1566.0,1968,7,75,12361.1
166.18,821.8,1566.0,1968,63,72,12385.1
166.3,821.8,1566.0,1968,6,71,12408.3
166.42,951.3,1566.0,1968,6,71,12430.8
166.54,951.3,1566.0,1968,6,71,12455.4
166.66,1080.8,1566.0,1968,5,71,12479.1
166.78,1080.8,1566.0,1968,7,71,12497.9
166.9,660.9,1566.0,1968,7,75,12497.3
167.02,821.9,1566.0,1968,64,71,12519.4
167.139,951.4,1566.0,1968,8,71,12549.1
167.259,951.4,1566.0,1968,6,71,12557.5
167.499,1080.9,1566.0,1968,2,71,12543.2
167.763,1080.9,1566.0,1968,2,71,12523.2
168.054,635.5,1566.0,1968,2,75,12515.9
168.182,635.5,1566.0,1968,1,71,12497.8
168.457,635.5,1566.0,1968,1,71,12102.4
168.585,635.5,1566.0,1968,0,71,11802.1
168.712,635.5,1566.0,1968,0,71,11891.8
168.838,635.5,1566.0,1968,1,71,11986.3
168.965,635.5,1566.0,1968,1,71,12078.0
169.091,635.5,1566.0,1968,0,71,12164.5
169.217,635.5,1566.0,1968,0,71,12264.6
169.344,635.5,1566.0,1968,1,71,12367.4
169.471,635.5,1566.0,1968,1,71,12464.8
169.599,635.5,1566.0,1968,1,71,12559.9
169.725,635.5,1566.0,1968,1,71,12648.4
169.851,635.5,1566.0,1968,0,71,12658.4
169.98,635.5,1566.0,1968,1,71,12578.3
170.124,635.5,1566.0,1968,1,71,12679.7
170.251,635.5,1566.0,1968,0,71,12775.7
170.377,635.5,1566.0,1968,0,71,12868.5
170.503,635.5,1566.0,1968,1,71,12756.6
170.643,635.5,1566.0,1968,1,71,12844.4
170.772,635.5,1566.0,1968,0,71,12940.1
170.901,635.5,1566.0,1968,0,70,13037.1
171.027,635.5,1566.0,1968,1,70,13129.9
171.154,635.5,1566.0,1968,1,70,13207.4
171.275,635.5,1566.0,1968,0,70,13244.6
171.395,633.7,1566.0,1968,0,70,13179.4
171.513,820.2,1566.0,1968,2,70,13212.5
171.631,820.2,1566.0,1968,6,70,13242.9
171.749,949.7,1566.0,1968,6,70,13271.6
171.867,949.7,1566.0,1968,6,70,13304.8
171.986,1079.2,1566.0,1968,7,70,13341.7
172.106,660.2,1566.0,1968,18,71,13371.7
172.227,660.2,1566.0,1968,18,72,13367.3
172.348,821.2,1566.0,1968,67,71,13399.7
172.469,821.2,1566.0,1968,7,70,13433.2
172.59,950.7,1566.0,1968,7,70,13461.7
172.711,1080.2,1566.0,1968,7,70,13490.6
172.831,1080.2,1566.0,1968,6,70,13514.3
172.952,660.3,1566.0,1968,63,73,13506.2
173.073,821.3,1566.0,1968,63,71,13529.0
173.194,821.3,1566.0,1968,14,71,13554.3
173.316,950.8,1566.0,1968,3,71,13547.1
173.614,950.8,1566.0,1968,1,71,13514.9
173.978,1080.3,1566.0,1968,3,71,13480.1
174.337,660.3,1566.0,1968,38,72,13472.1
174.489,821.3,1566.0,1968,2,71,13436.7
174.826,821.3,1566.0,1968,2,71,13393.4
175.164,950.8,1566.0,1968,1,71,13356.9
175.5,950.8,1566.0,1968,3,71,13327.3
175.815,1080.3,1566.0,1968,2,71,13297.7
176.138,660.3,1566.0,1968,28,72,13284.3
176.343,821.3,1566.0,1968,4,71,13249.6
176.697,821.3,1566.0,1968,3,71,13216.2
177.055,950.8,1566.0,1968,4,71,13184.6
177.392,1080.3,1566.0,1968,2,71,13152.1
177.748,1080.3,1566.0,1968,26,75,13119.7
178.114,821.4,1566.0,1968,1,71,13089.1
178.449,821.4,1566.0,1968,2,71,13057.7
178.791,950.9,1566.0,1968,2,71,13023.5
179.132,1080.4,1566.0,1968,1,71,12991.5
179.467,1080.4,1566.0,1968,2,71,12957.6
179.822,660.4,1566.0,1968,62,72,12946.7
179.997,821.4,1566.0,1968,2,71,12914.9
180.326,821.4,1566.0,1968,3,71,12888.3
180.569,950.9,1566.0,1968,3,71,12824.0
180.69,1080.4,1566.0,1968,7,71,12525.7
180.81,1080.4,1566.0,1968,6,71,12462.0
180.928,660.4,1566.0,1968,6,75,12466.3
181.046,821.4,1566.0,1968,65,72,12497.1
181.164,821.4,1566.0,1968,6,71,12528.8
181.282,950.9,1566.0,1968,6,71,12563.4
181.4,950.9,1566.0,1968,6,71,12604.2
181.517,1080.4,1566.0,1968,6,71,12500.1
181.638,1080.4,1566.0,1968,7,71,12460.1
181.757,660.4,1566.0,1968,7,75,12448.7
181.877,821.4,1566.0,1968,64,72,12487.1
181.995,821.4,1566.0,1968,6,71,12518.3
182.113,950.9,1566.0,1968,6,71,12529.5
182.233,950.9,1566.0,1968,7,71,12361.7
182.351,1080.4,1566.0,1968,6,71,12391.0
182.469,1080.4,1566.0,1968,6,71,12415.5
182.587,660.5,1566.0,1968,6,75,12420.4
182.706,821.5,1566.0,1968,65,72,12389.9
182.824,821.5,1566.0,1968,6,71,12402.6
182.943,951.0,1566.0,1968,6,71,12414.4
183.061,951.0,1566.0,1968,8,71,12429.2
183.179,1080.5,1566.0,1968,7,71,12449.6
183.298,660.5,1566.0,1968,7,72,12468.5
183.416,660.5,1566.0,1968,18,73,12473.3
183.534,821.5,1566.0,1968,53,71,12493.7
183.653,951.0,1566.0,1968,8,71,12496.8
183.771,951.0,1566.0,1968,8,71,12497.2
183.889,1080.5,1566.0,1968,6,71,12499.6
184.008,1080.5,1566.0,1968,7,71,12493.1
184.125,660.5,1566.0,1968,7,75,12489.0
184.243,821.5,1566.0,1968,65,72,12498.1
184.363,951.0,1566.0,1968,8,71,12478.8
184.481,951.0,1566.0,1968,8,71,12475.5
184.6,1080.5,1566.0,1968,8,71,12472.0
184.718,1080.5,1566.0,1968,8,71,12469.2
184.836,660.6,1566.0,1968,61,74,12475.1
184.954,821.6,1566.0,1968,61,71,12498.0
185.072,821.6,1566.0,1968,10,71,12518.5
185.19,951.1,1566.0,1968,7,71,12534.6
185.308,1080.6,1566.0,1968,6,71,12549.2
185.427,1080.6,1566.0,1968,6,71,12567.3
185.545,660.6,1566.0,1968,6,72,12536.5
185.664,660.6,1566.0,1968,64,72,12429.8
185.782,821.6,1566.0,1968,64,71,12451.3
185.9,821.6,1566.0,1968,5,71,12473.5
186.018,951.1,1566.0,1968,6,71,12496.6
186.136,951.1,1566.0,1968,6,71,12518.0
186.254,1080.6,1566.0,1968,6,71,12537.6
186.372,1080.6,1566.0,1968,6,71,12555.0
186.49,660.6,1566.0,1968,65,75,12558.7
186.608,821.6,1566.0,1968,65,71,12574.6
186.725,951.1,1566.0,1968,9,71,12470.2
186.845,951.1,1566.0,1968,7,71,12368.5
186.964,1080.6,1566.0,1968,7,71,12384.4
187.082,660.7,1566.0,1968,8,73,12389.0
187.2,821.7,1566.0,1968,65,72,12399.9
187.319,821.7,1566.0,1968,7,71,12418.1
187.437,951.2,1566.0,1968,7,71,12435.2
187.556,1080.7,1566.0,1968,7,71,12449.8
187.674,1080.7,1566.0,1968,8,71,12465.9
187.792,660.7,1566.0,1968,8,74,12474.6
187.909,692.2,1566.0,1968,57,72,12485.0
188.027,821.7,1566.0,1968,15,71,12499.4
188.147,951.2,1566.0,1968,15,71,12518.3
188.264,951.2,1566.0,1968,7,71,12509.8
188.383,1080.7,1566.0,1968,6,71,12335.0
188.5,1080.7,1566.0,1968,7,70,12352.8
188.619,660.7,1566.0,1968,7,74,12355.0
188.737,821.7,1566.0,1968,65,71,12370.9
188.855,821.7,1566.0,1968,7,71,12387.5
188.973,951.2,1566.0,1968,7,71,12403.2
189.091,951.2,1566.0,1968,6,71,12420.4
189.21,1080.7,1566.0,1968,7,70,12438.1
189.328,660.7,1566.0,1968,12,70,12451.9
189.447,660.7,1566.0,1968,12,73,12456.9
189.565,821.8,1566.0,1968,59,71,12474.1
189.683,821.8,1566.0,1968,7,71,12491.6
189.801,951.3,1566.0,1968,7,70,12499.3
189.92,1080.8,1566.0,1968,7,70,12392.8
190.038,1080.8,1566.0,1968,7,70,12408.1
190.156,660.8,1566.0,1968,67,73,12408.1
190.274,951.3,1566.0,1968,67,71,12420.7
190.392,951.3,1566.0,1968,14,71,12441.8
190.51,1080.8,1566.0,1968,5,70,12465.4
190.629,1080.8,1566.0,1968,5,70,12485.5
190.747,660.8,1566.0,1968,21,73,12488.9
190.865,821.8,1566.0,1968,51,71,12506.5
190.983,821.8,1566.0,1968,51,71,12490.1
191.102,951.3,1566.0,1968,7,70,12480.6
191.22,1080.8,1566.0,1968,9,70,12495.5
191.338,1108.3,1566.0,1968,9,70,12511.2
191.458,660.8,1566.0,1968,9,74,12509.2
191.577,821.8,1566.0,1968,63,71,12530.6
191.696,951.3,1566.0,1968,9,71,12553.2
191.815,1080.8,1566.0,1968,9,70,12573.5
191.935,1080.8,1566.0,1968,8,70,12594.5
192.055,660.9,1566.0,1968,29,74,12590.1
192.174,821.9,1566.0,1968,43,71,12608.8
192.294,951.4,1566.0,1968,43,71,12628.8
192.414,951.4,1566.0,1968,8,70,12651.2
192.534,1080.9,1566.0,1968,6,70,12669.3
192.654,1087.2,1566.0,1968,6,70,12682.4
192.774,660.9,1566.0,1968,22,73,12682.0
192.894,821.9,1566.0,1968,49,71,12699.7
193.014,821.9,1566.0,1968,6,71,12716.6
193.134,951.4,1566.0,1968,6,71,12739.9
193.254,1080.9,1566.0,1968,6,70,12760.5
193.379,1080.9,1566.0,1968,5,70,12752.2
193.601,1080.9,1566.0,1968,4,74,12722.5
193.916,692.4,1566.0,1968,2,71,12689.6
194.248,821.9,1566.0,1968,2,70,12656.3
194.577,951.4,1566.0,1968,3,71,12601.6
194.953,951.4,1566.0,1968,1,71,12549.4
195.324,1080.9,1566.0,1968,0,71,12514.4
195.669,1080.9,1566.0,1968,1,71,12482.4
195.994,1080.9,1566.0,1968,3,74,12470.1
196.224,822.0,1566.0,1968,65,72,12126.9
196.344,822.0,1566.0,1968,7,71,12101.6
196.471,951.5,1566.0,1968,7,71,12148.5
196.589,1081.0,1566.0,1968,7,71,12157.4
196.709,1081.0,1566.0,1968,8,71,12199.9
196.828,661.0,1566.0,1968,8,75,12196.8
196.948,822.0,1566.0,1968,65,71,12224.8
197.067,822.0,1566.0,1968,6,71,12249.2
197.188,951.5,1566.0,1968,7,71,12277.7
197.308,951.5,1566.0,1968,7,71,12305.2
197.428,1081.0,1566.0,1968,7,71,12330.6
197.549,661.0,1566.0,1968,15,74,12341.6
197.669,692.5,1566.0,1968,15,72,12359.0
197.789,822.0,1566.0,1968,57,71,12228.5
197.908,951.5,1566.0,1968,8,71,11901.9
198.027,951.5,1566.0,1968,6,71,11766.9
198.145,1081.0,1566.0,1968,6,71,11800.7
198.263,636.4,1566.0,1968,6,71,11833.4
198.381,635.7,1566.0,1968,64,74,11867.2
198.499,635.7,1566.0,1968,64,71,11989.1
198.625,635.7,1566.0,1968,0,71,12088.2
198.751,635.7,1566.0,1968,1,71,12184.0
198.878,635.7,1566.0,1968,1,71,12273.0
199.004,635.7,1566.0,1968,1,71,12362.6
199.13,635.7,1566.0,1968,0,71,12414.8
199.258,635.7,1566.0,1968,1,71,12399.1
199.385,635.7,1566.0,1968,1,71,12475.6
199.511,635.7,1566.0,1968,1,71,12449.3
199.638,635.7,1566.0,1968,0,71,12539.5
199.765,635.7,1566.0,1968,1,71,12630.1
199.891,635.7,1566.0,1968,1,71,12709.8
200.017,635.7,1566.0,1968,0,71,12794.2
200.146,635.7,1566.0,1968,0,71,12755.5
200.272,635.7,1566.0,1968,1,71,12821.8
200.398,635.7,1566.0,1968,1,71,12841.1
200.525,635.7,1566.0,1968,0,71,12908.8
200.651,635.7,1566.0,1968,0,71,12923.3
200.778,635.7,1566.0,1968,1,71,12997.3
200.905,635.7,1566.0,1968,3,71,13019.7
201.031,635.7,1566.0,1968,0,71,13093.7
201.157,635.7,1566.0,1968,0,71,13064.6
201.297,635.7,1566.0,1968,1,71,13127.6
201.418,635.7,1566.0,1968,2,71,13148.3
201.541,666.3,1566.0,1968,2,71,13082.2
201.659,820.3,1566.0,1968,2,71,13110.0
201.777,820.3,1566.0,1968,7,71,13135.6
201.896,949.8,1566.0,1968,6,71,13161.8
202.014,1079.3,1566.0,1968,6,71,13190.7
202.132,1079.3,1566.0,1968,7,71,13221.9
202.25,660.4,1566.0,1968,41,75,13224.9
202.368,821.4,1566.0,1968,33,72,13252.0
202.486,821.4,1566.0,1968,33,71,13242.5
202.606,950.9,1566.0,1968,6,71,13144.5
202.724,1080.4,1566.0,1968,7,71,13149.5
202.843,1080.4,1566.0,1968,7,71,13105.8
202.961,660.4,1566.0,1968,7,74,13094.2
203.079,691.9,1566.0,1968,64,72,13099.6
203.198,821.4,1566.0,1968,64,71,13100.1
203.316,950.9,1566.0,1968,7,71,13100.9
203.435,1080.4,1566.0,1968,9,71,13128.4
203.553,1080.4,1566.0,1968,8,71,13154.9
203.671,660.5,1566.0,1968,8,75,13159.4
203.789,821.5,1566.0,1968,65,71,13187.1
203.907,821.5,1566.0,1968,7,71,13217.5
204.025,951.0,1566.0,1968,7,71,13083.1
204.146,951.0,1566.0,1968,6,71,13086.2
204.265,1080.5,1566.0,1968,8,71,13095.5
204.383,660.5,1566.0,1968,38,74,13070.9
204.502,692.0,1566.0,1968,38,72,13023.2
204.62,821.5,1566.0,1968,33,71,13056.4
204.738,951.0,1566.0,1968,7,71,13085.1
204.856,951.0,1566.0,1968,7,71,13111.4
204.975,1080.5,1566.0,1968,8,71,13138.1
205.093,660.5,1566.0,1968,6,71,13157.0
205.211,692.0,1566.0,1968,65,73,13169.3
205.33,821.5,1566.0,1968,65,71,13194.3
205.449,951.0,1566.0,1968,8,71,13219.6
205.567,951.0,1566.0,1968,7,71,13233.1
205.685,1080.5,1566.0,1968,7,71,13112.4
205.804,660.5,1566.0,1968,7,72,13059.1
205.922,692.1,1566.0,1968,65,72,13075.0
206.041,821.6,1566.0,1968,65,71,13104.4
206.159,951.1,1566.0,1968,6,71,13130.0
206.277,951.1,1566.0,1968,7,71,13157.0
206.395,1080.6,1566.0,1968,9,71,13186.5
206.513,1080.6,1566.0,1968,9,71,13136.2
206.633,660.6,1566.0,1968,33,73,13138.9
206.753,821.6,1566.0,1968,40,71,13170.2
206.871,951.1,1566.0,1968,40,71,13199.0
206.991,951.1,1566.0,1968,8,71,13231.6
207.11,1080.6,1566.0,1968,7,71,13260.3
207.229,660.6,1566.0,1968,58,75,13254.9
207.348,821.6,1566.0,1968,58,71,13282.2
207.468,951.1,1566.0,1968,17,71,13306.1
207.587,951.1,1566.0,1968,8,71,13336.7
207.707,1080.6,1566.0,1968,8,71,13364.0
207.827,660.6,1566.0,1968,8,74,13371.1
207.947,692.1,1566.0,1968,65,72,13376.7
208.067,821.6,1566.0,1968,8,71,13383.8
208.187,951.1,1566.0,1968,8,71,13391.9
208.308,1080.6,1566.0,1968,10,71,13409.0
208.428,660.7,1566.0,1968,15,74,13415.5
208.548,692.2,1566.0,1968,15,72,13419.4
208.668,821.7,1566.0,1968,58,71,13440.1
208.788,951.2,1566.0,1968,9,71,13463.3
208.907,1080.7,1566.0,1968,9,71,13481.0
209.028,660.7,1566.0,1968,9,74,13479.1
209.153,821.7,1566.0,1968,59,71,13480.1
209.34,951.2,1566.0,1968,7,71,13468.8
209.568,951.2,1566.0,1968,4,71,13447.1
209.834,1080.7,1566.0,1968,5,71,13421.4
210.14,660.7,1566.0,1968,2,74,13409.8
210.326,821.7,1566.0,1968,4,71,13378.5
210.653,821.7,1566.0,1968,4,71,13335.1
211.006,951.2,1566.0,1968,4,71,13305.4
211.316,1080.7,1566.0,1968,5,71,13281.2
211.616,660.8,1566.0,1968,63,71,13256.7
211.945,821.8,1566.0,1968,2,71,13231.1
212.262,821.8,1566.0,1968,2,71,13198.7
212.593,951.3,1566.0,1968,2,71,13164.4
212.946,1080.8,1566.0,1968,1,71,13134.6
213.282,1080.8,1566.0,1968,65,72,13107.7
213.617,821.8,1566.0,1968,3,71,13083.4
213.909,951.3,1566.0,1968,1,71,13052.1
214.246,1080.8,1566.0,1968,2,71,13025.6
214.549,660.8,1566.0,1968,2,75,13018.8
214.687,821.8,1566.0,1968,7,71,12995.7
214.962,951.3,1566.0,1968,2,71,12967.7
215.262,1080.8,1566.0,1968,2,71,12941.7
215.573,660.9,1566.0,1968,26,72,12923.0
215.842,821.9,1566.0,1968,6,71,12898.8
216.137,951.4,1566.0,1968,3,71,12869.4
216.461,951.4,1566.0,1968,2,71,12842.0
216.765,1080.9,1566.0,1968,2,71,12815.8
217.051,660.9,1566.0,1968,64,73,12805.8
217.225,821.9,1566.0,1968,5,71,12782.1
217.503,821.9,1566.0,1968,4,71,12753.2
217.817,951.4,1566.0,1968,4,71,12734.2
218.045,1080.9,1566.0,1968,4,71,12698.3
218.188,660.9,1566.0,1968,7,75,12178.6
218.316,821.9,1566.0,1968,65,72,12021.7
218.435,821.9,1566.0,1968,7,71,12041.3
218.553,951.4,1566.0,1968,7,71,12061.7
218.671,1080.9,1566.0,1968,8,71,12081.1
218.789,1080.9,1566.0,1968,7,71,12105.7
218.907,660.9,1566.0,1968,7,75,12107.5
219.024,822.0,1566.0,1968,66,72,12125.2
219.144,951.5,1566.0,1968,10,71,12148.3
219.262,951.5,1566.0,1968,7,71,12170.5
219.38,1081.0,1566.0,1968,7,71,12201.5
219.499,1081.0,1566.0,1968,7,71,12220.3
219.617,661.0,1566.0,1968,65,75,12226.8
219.734,822.0,1566.0,1968,65,71,12244.9
219.852,822.0,1566.0,1968,6,71,12265.1
219.97,951.5,1566.0,1968,8,71,12290.1
220.088,1081.0,1566.0,1968,8,71,12316.7
220.206,1081.0,1566.0,1968,8,71,12340.4
220.324,661.0,1566.0,1968,36,75,12345.3
220.443,822.0,1566.0,1968,35,71,12371.4
220.561,822.0,1566.0,1968,35,71,12397.3
220.68,951.5,1566.0,1968,8,71,12425.4
220.798,1081.0,1566.0,1968,6,71,12449.8
220.916,1081.0,1566.0,1968,6,71,12476.0
221.034,661.0,1566.0,1968,8,74,12416.1
221.153,822.0,1566.0,1968,73,71,12349.2
221.278,822.0,1566.0,1968,7,71,12375.3
221.396,951.5,1566.0,1968,7,71,12398.3
221.516,1081.0,1566.0,1968,8,71,12422.4
221.636,661.1,1566.0,1968,8,72,12436.7
221.756,664.6,1566.0,1968,8,72,12441.8
221.875,822.1,1566.0,1968,64,71,12461.9
221.996,951.6,1566.0,1968,8,71,12486.4
222.116,951.6,1566.0,1968,7,71,12514.9
222.236,1081.1,1566.0,1968,7,71,12546.3
222.356,661.1,1566.0,1968,6,72,12568.2
222.476,661.1,1566.0,1968,65,73,12572.0
222.596,822.1,1566.0,1968,65,71,12602.8
222.717,951.6,1566.0,1968,7,71,12633.5
222.837,951.6,1566.0,1968,6,71,12655.8
222.978,1081.1,1566.0,1968,2,71,12642.8
223.249,1081.1,1566.0,1968,2,71,12614.0
223.569,661.1,1566.0,1968,60,72,12597.5
223.839,692.6,1566.0,1968,2,71,12575.1
224.128,822.1,1566.0,1968,1,71,12549.0
224.44,822.1,1566.0,1968,1,71,12514.8
224.796,951.6,1566.0,1968,7,71,12066.8
224.916,1081.1,1566.0,1968,7,71,11735.2
225.037,661.2,1566.0,1968,11,75,11744.1
225.155,822.2,1566.0,1968,61,72,11773.4
225.274,822.2,1566.0,1968,61,71,11805.8
225.392,951.7,1566.0,1968,5,71,11839.8
225.51,951.7,1566.0,1968,6,71,11875.4
225.629,1081.2,1566.0,1968,7,71,11906.9
225.747,1081.2,1566.0,1968,7,71,11935.6
225.864,661.2,1566.0,1968,14,75,11943.4
225.983,822.2,1566.0,1968,57,72,11969.7
226.101,822.2,1566.0,1968,57,71,12002.5
226.219,951.7,1566.0,1968,8,71,12036.5
226.337,951.7,1566.0,1968,6,71,12071.1
226.455,1081.2,1566.0,1968,6,71,12104.9
226.573,635.9,1566.0,1968,7,72,12128.4
226.691,635.9,1566.0,1968,54,72,12135.7
226.809,635.9,1566.0,1968,11,71,12270.2
226.935,635.9,1566.0,1968,11,71,12343.6
227.063,635.9,1566.0,1968,1,71,12299.5
227.19,635.9,1566.0,1968,1,71,12325.6
227.317,635.9,1566.0,1968,0,71,12356.8
227.445,635.9,1566.0,1968,0,71,12393.2
227.572,635.9,1566.0,1968,1,71,12427.0
227.698,635.9,1566.0,1968,1,71,12501.6
227.825,635.9,1566.0,1968,0,71,12518.5
227.951,635.9,1566.0,1968,0,71,12585.3
228.078,635.9,1566.0,1968,1,71,12617.2
228.206,635.9,1566.0,1968,1,71,12636.5
228.332,635.9,1566.0,1968,0,71,12737.6
228.458,635.9,1566.0,1968,0,71,12848.3
228.584,635.9,1566.0,1968,1,71,12910.8
228.711,635.9,1566.0,1968,1,71,12915.8
228.84,635.9,1566.0,1968,0,71,12988.3
228.968,635.9,1566.0,1968,1,71,13057.0
229.097,635.9,1566.0,1968,1,71,13127.1
229.225,635.9,1566.0,1968,1,71,13215.3
229.353,635.9,1566.0,1968,0,70,13297.3
229.482,635.9,1566.0,1968,1,70,13373.6
229.611,635.9,1566.0,1968,1,70,13436.8
229.741,635.9,1566.0,1968,1,70,13483.2
229.867,635.9,1566.0,1968,0,70,13495.1
229.988,635.9,1566.0,1968,1,70,13583.4
230.14,659.4,1566.0,1968,3,70,13429.2
230.261,820.4,1566.0,1968,3,70,13458.0
230.382,949.9,1566.0,1968,7,70,13485.0
230.503,949.9,1566.0,1968,7,70,13516.0
230.624,1079.4,1566.0,1968,7,70,13545.4
230.765,660.7,1566.0,1968,44,71,13531.0
231.037,821.7,1566.0,1968,2,70,13503.2
231.358,821.7,1566.0,1968,2,70,13473.2
231.688,951.2,1566.0,1968,1,70,13439.8
232.034,951.2,1566.0,1968,2,70,13405.3
232.377,1080.7,1566.0,1968,2,70,13369.2
232.734,1080.7,1566.0,1968,1,70,13334.1
233.089,660.7,1566.0,1968,2,73,13325.8
233.236,692.2,1566.0,1968,2,71,13293.4
233.574,821.7,1566.0,1968,3,71,13260.0
233.902,951.2,1566.0,1968,2,71,13223.9
234.264,951.2,1566.0,1968,1,71,13186.6
234.631,1080.7,1566.0,1968,3,71,13151.9
234.959,660.7,1566.0,1968,64,72,13135.2
235.185,821.7,1566.0,1968,2,71,13100.8
235.528,821.7,1566.0,1968,2,71,13068.2
235.851,821.7,1566.0,1968,1,71,13032.6
236.192,951.2,1566.0,1968,3,71,13007.4
236.445,1080.7,1566.0,1968,2,71,12780.4
236.565,660.8,1566.0,1968,9,73,12500.3
236.683,692.3,1566.0,1968,66,73,12509.7
236.801,821.8,1566.0,1968,66,72,12539.1
236.92,951.3,1566.0,1968,8,71,12573.1
237.039,951.3,1566.0,1968,6,71,12601.3
237.157,1080.8,1566.0,1968,6,71,12632.3
237.275,660.8,1566.0,1968,8,72,12628.9
237.393,660.8,1566.0,1968,54,73,12630.6
237.511,821.8,1566.0,1968,17,71,12632.4
237.63,821.8,1566.0,1968,17,71,12634.5
237.748,951.3,1566.0,1968,7,71,12610.2
237.866,1080.8,1566.0,1968,8,71,12634.9
237.984,1080.8,1566.0,1968,8,71,12659.4
238.102,660.8,1566.0,1968,6,75,12645.1
238.221,692.3,1566.0,1968,66,72,12643.7
238.34,821.8,1566.0,1968,7,71,12667.1
238.458,951.3,1566.0,1968,7,71,12690.5
238.576,951.3,1566.0,1968,7,71,12715.6
238.695,1080.8,1566.0,1968,7,71,12740.9
238.813,660.9,1566.0,1968,7,72,12758.1
238.931,664.4,1566.0,1968,43,73,12771.5
239.049,821.9,1566.0,1968,30,71,12442.8
239.168,951.4,1566.0,1968,30,71,12474.0
239.286,951.4,1566.0,1968,7,71,12481.9
239.404,1080.9,1566.0,1968,7,71,12490.2
239.523,1080.9,1566.0,1968,7,71,12515.3
239.641,660.9,1566.0,1968,7,74,12515.5
239.759,821.9,1566.0,1968,65,71,12542.9
239.877,821.9,1566.0,1968,7,71,12570.5
239.994,951.4,1566.0,1968,7,71,12598.7
240.113,951.4,1566.0,1968,6,71,12605.1
240.231,1080.9,1566.0,1968,7,71,12633.3
240.349,660.9,1566.0,1968,18,72,12653.6
240.467,660.9,1566.0,1968,18,74,12662.5
240.585,821.9,1566.0,1968,54,71,12678.7
240.704,951.4,1566.0,1968,8,71,12691.0
240.822,951.4,1566.0,1968,8,71,12705.8
240.94,1080.9,1566.0,1968,8,71,12726.8
241.058,1080.9,1566.0,1968,5,71,12751.1
241.176,660.9,1566.0,1968,5,75,12714.6
241.294,822.0,1566.0,1968,66,71,12504.9
241.413,951.5,1566.0,1968,9,71,12531.9
241.531,951.5,1566.0,1968,7,71,12558.0
241.649,1081.0,1566.0,1968,7,71,12581.8
241.768,661.0,1566.0,1968,9,74,12586.7
241.886,692.5,1566.0,1968,65,72,12594.9
242.005,822.0,1566.0,1968,65,71,12614.3
242.124,951.5,1566.0,1968,11,71,12637.0
242.242,1081.0,1566.0,1968,8,71,12659.7
242.36,1081.0,1566.0,1968,7,70,12682.9
242.478,661.0,1566.0,1968,7,74,12686.0
242.596,822.0,1566.0,1968,65,71,12683.4
242.715,822.0,1566.0,1968,8,71,12540.4
242.833,951.5,1566.0,1968,8,71,12560.4
242.95,1081.0,1566.0,1968,8,70,12576.4
243.069,1081.0,1566.0,1968,6,70,12600.1
243.187,661.0,1566.0,1968,56,74,12606.3
243.306,692.5,1566.0,1968,56,71,12625.4
243.424,822.0,1566.0,1968,15,71,12650.7
243.542,822.0,1566.0,1968,6,71,12674.4
243.66,951.5,1566.0,1968,6,70,12698.0
243.778,1081.0,1566.0,1968,6,70,12671.5
243.904,661.1,1566.0,1968,9,71,12682.2
244.024,692.6,1566.0,1968,66,73,12683.4
244.143,822.1,1566.0,1968,66,71,12695.0
244.262,951.6,1566.0,1968,10,71,12711.1
244.381,1081.1,1566.0,1968,9,71,12722.2
244.501,661.1,1566.0,1968,9,74,12715.1
244.621,822.1,1566.0,1968,67,71,12726.7
244.74,951.6,1566.0,1968,10,71,12741.4
244.859,1081.1,1566.0,1968,10,71,12753.1
244.978,661.1,1566.0,1968,10,71,12761.1
245.097,692.6,1566.0,1968,53,73,12759.8
245.218,822.1,1566.0,1968,21,71,12774.1
245.337,951.6,1566.0,1968,21,71,12789.6
245.457,1081.1,1566.0,1968,8,71,12806.0
245.576,1081.1,1566.0,1968,8,71,12820.5
245.696,661.2,1566.0,1968,65,75,12811.9
245.815,822.2,1566.0,1968,65,71,12824.3
245.936,822.2,1566.0,1968,8,71,12839.3
246.056,951.7,1566.0,1968,8,71,12853.1
246.176,1081.2,1566.0,1968,8,71,12868.2
246.295,661.2,1566.0,1968,9,74,12864.7
246.415,822.2,1566.0,1968,66,71,12874.6
246.535,822.2,1566.0,1968,8,71,12872.1
246.754,951.7,1566.0,1968,4,71,12846.4
247.051,1081.2,1566.0,1968,10,71,12820.8
247.338,822.2,1566.0,1968,10,73,12811.1
247.467,951.7,1566.0,1968,4,71,12789.7
247.746,1081.2,1566.0,1968,2,71,12763.7
248.042,1081.2,1566.0,1968,64,72,12741.9
248.354,822.3,1566.0,1968,5,71,12716.1
248.65,951.8,1566.0,1968,5,71,12689.0
248.943,951.8,1566.0,1968,2,71,12657.2
249.283,1081.3,1566.0,1968,3,71,12624.2
249.614,661.3,1566.0,1968,9,75,12614.6
249.777,822.3,1566.0,1968,4,71,12582.5
250.115,951.8,1566.0,1968,4,71,12551.0
250.404,951.8,1566.0,1968,4,71,12460.3
250.525,1081.3,1566.0,1968,4,71,12000.7
250.644,661.3,1566.0,1968,8,71,12022.4
250.763,661.3,1566.0,1968,60,74,12031.5
250.881,822.3,1566.0,1968,13,71,12058.6
251.0,951.8,1566.0,1968,13,71,12081.3
251.118,951.8,1566.0,1968,7,71,12107.8
251.236,1081.3,1566.0,1968,7,71,12136.0
251.354,1081.3,1566.0,1968,7,71,12162.3
251.472,661.3,1566.0,1968,8,74,12168.3
251.59,692.9,1566.0,1968,63,72,12192.4
251.708,822.4,1566.0,1968,63,71,12213.9
251.826,951.9,1566.0,1968,7,71,12240.5
251.945,951.9,1566.0,1968,6,71,12259.9
252.064,1081.4,1566.0,1968,5,71,12104.6
252.184,1081.4,1566.0,1968,5,71,12139.0
252.302,661.4,1566.0,1968,6,74,12156.4
252.419,668.4,1566.0,1968,66,72,12174.8
252.538,822.4,1566.0,1968,66,71,12209.7
252.655,822.4,1566.0,1968,6,71,12243.9
252.774,951.9,1566.0,1968,6,71,12275.5
252.892,1081.4,1566.0,1968,7,71,12032.3
253.01,1081.4,1566.0,1968,7,71,12065.5
253.129,661.4,1566.0,1968,6,73,12081.4
253.247,661.4,1566.0,1968,65,72,12095.9
253.365,822.4,1566.0,1968,65,71,12134.2
253.484,822.4,1566.0,1968,7,71,12168.1
253.602,951.9,1566.0,1968,6,71,12203.9
253.72,1081.4,1566.0,1968,6,71,12236.5
253.838,1081.4,1566.0,1968,8,70,12262.1
253.957,661.4,1566.0,1968,26,75,12265.8
254.077,822.4,1566.0,1968,46,71,12298.2
254.197,822.4,1566.0,1968,46,71,12329.5
254.317,951.9,1566.0,1968,7,71,12361.6
254.438,1081.4,1566.0,1968,7,70,12391.0
254.559,1081.4,1566.0,1968,10,71,12418.5
254.679,661.5,1566.0,1968,10,75,12414.4
254.799,822.5,1566.0,1968,64,71,12443.6
254.92,952.0,1566.0,1968,9,71,12475.9
255.041,952.0,1566.0,1968,2,71,12472.4
255.365,1081.5,1566.0,1968,2,71,12194.0
255.485,636.1,1566.0,1968,7,75,11671.8
255.605,636.1,1566.0,1968,62,72,11719.8
255.731,636.1,1566.0,1968,1,71,11837.1
255.858,636.1,1566.0,1968,1,71,11924.3
255.985,636.1,1566.0,1968,1,71,12020.0
256.112,636.1,1566.0,1968,0,71,12106.1
256.238,636.1,1566.0,1968,1,71,12192.9
256.364,636.1,1566.0,1968,1,71,12264.4
256.491,636.1,1566.0,1968,1,71,12388.2
256.617,636.1,1566.0,1968,0,71,12477.2
256.744,636.1,1566.0,1968,1,71,12569.5
256.87,636.1,1566.0,1968,1,71,12609.6
256.999,636.1,1566.0,1968,1,71,12627.2
257.126,636.1,1566.0,1968,0,71,12659.4
257.255,636.1,1566.0,1968,1,71,12782.3
257.38,636.1,1566.0,1968,1,71,12884.6
257.506,636.1,1566.0,1968,1,71,12819.4
257.634,636.1,1566.0,1968,0,71,12850.7
257.761,636.1,1566.0,1968,1,71,12903.8
257.888,636.1,1566.0,1968,1,71,12983.7
258.016,636.1,1566.0,1968,1,71,13080.4
258.142,636.1,1566.0,1968,0,71,13179.0
258.268,636.1,1566.0,1968,1,71,13031.1
258.396,636.1,1566.0,1968,1,71,13079.1
258.523,636.1,1566.0,1968,1,71,13162.7
258.651,636.1,1566.0,1968,0,71,13097.6
258.772,663.0,1566.0,1968,2,71,13098.9
258.891,820.5,1566.0,1968,2,71,13129.6
259.009,820.5,1566.0,1968,7,71,13157.4
259.127,950.0,1566.0,1968,5,71,13187.5
259.245,950.0,1566.0,1968,6,71,13219.1
259.364,1079.5,1566.0,1968,6,71,13254.1
259.482,660.8,1566.0,1968,7,74,13266.6
259.6,664.3,1566.0,1968,64,72,13275.7
259.718,821.8,1566.0,1968,64,71,13305.3
259.836,821.8,1566.0,1968,7,71,13123.8
259.955,951.3,1566.0,1968,7,71,13124.8
260.074,1080.8,1566.0,1968,7,71,13157.1
260.192,1080.8,1566.0,1968,5,71,13190.7
260.31,660.9,1566.0,1968,6,74,13205.2
260.428,692.4,1566.0,1968,66,72,13225.2
260.547,821.9,1566.0,1968,66,71,13255.4
260.665,951.4,1566.0,1968,7,71,13280.1
260.783,951.4,1566.0,1968,8,71,13042.8
260.901,1080.9,1566.0,1968,8,71,13078.6
261.026,660.9,1566.0,1968,7,73,13096.3
261.144,664.4,1566.0,1968,65,72,13112.5
261.262,821.9,1566.0,1968,8,71,13143.2
261.38,821.9,1566.0,1968,8,71,13175.7
261.498,951.4,1566.0,1968,6,71,13213.5
261.615,1080.9,1566.0,1968,7,71,13241.4
261.734,1080.9,1566.0,1968,7,71,13269.5
261.854,660.9,1566.0,1968,9,75,13271.5
261.973,821.9,1566.0,1968,63,71,13283.3
262.094,821.9,1566.0,1968,9,71,13316.2
262.214,951.4,1566.0,1968,9,71,13344.7
262.334,1080.9,1566.0,1968,8,71,13374.1
262.454,661.0,1566.0,1968,29,74,13382.2
262.575,822.0,1566.0,1968,29,72,13396.6
262.696,822.0,1566.0,1968,46,71,13423.9
262.816,951.5,1566.0,1968,7,71,13446.9
262.936,1081.0,1566.0,1968,7,71,13470.9
263.056,1085.2,1566.0,1968,7,71,13493.9
263.176,661.0,1566.0,1968,37,73,13496.2
263.296,822.0,1566.0,1968,36,71,13512.7
263.469,822.0,1566.0,1968,3,71,13505.5
263.74,951.5,1566.0,1968,4,71,13482.2
264.042,1081.0,1566.0,1968,4,71,13457.3
264.349,1081.0,1566.0,1968,21,72,13431.2
264.68,822.0,1566.0,1968,2,71,13401.5
265.016,822.0,1566.0,1968,3,71,13366.9
265.376,951.5,1566.0,1968,1,71,13333.9
265.734,951.5,1566.0,1968,2,71,13301.6
266.082,1081.0,1566.0,1968,1,71,13267.2
266.441,661.1,1566.0,1968,49,72,13249.4
266.684,822.1,1566.0,1968,1,71,13215.5
267.04,822.1,1566.0,1968,3,71,13183.8
267.381,951.6,1566.0,1968,3,71,13148.6
267.734,951.6,1566.0,1968,1,71,13113.8
268.113,1081.1,1566.0,1968,1,71,13081.3
268.438,661.1,1566.0,1968,49,72,13062.5
268.703,822.1,1566.0,1968,3,71,13035.3
268.995,951.6,1566.0,1968,5,71,13015.8
269.231,951.6,1566.0,1968,5,71,12989.1
269.525,1081.1,1566.0,1968,3,71,12956.6
269.878,661.1,1566.0,1968,3,74,12947.3
270.045,822.1,1566.0,1968,4,71,12919.3
270.356,822.1,1566.0,1968,2,71,12884.0
270.705,951.6,1566.0,1968,2,71,12843.8
271.027,951.6,1566.0,1968,2,71,12799.6
271.355,661.1,1566.0,1968,66,72,12775.2
271.665,822.2,1566.0,1968,2,71,12750.1
271.946,951.7,1566.0,1968,2,71,12703.8
272.274,1081.2,1566.0,1968,2,71,12650.9
272.394,661.2,1566.0,1968,7,72,12424.6
272.514,692.7,1566.0,1968,66,73,11968.9
272.635,822.2,1566.0,1968,66,71,11973.8
272.753,951.7,1566.0,1968,8,71,12008.4
272.871,951.7,1566.0,1968,7,71,12042.3
272.989,1081.2,1566.0,1968,7,71,12042.7
273.108,661.2,1566.0,1968,7,71,11999.1
273.226,661.2,1566.0,1968,38,74,12003.7
273.345,822.2,1566.0,1968,33,72,11992.6
273.463,822.2,1566.0,1968,33,71,11909.1
273.584,951.7,1566.0,1968,7,71,11915.0
273.703,951.7,1566.0,1968,7,71,11893.6
273.822,1081.2,1566.0,1968,6,71,11896.6
273.941,661.2,1566.0,1968,6,74,11905.8
274.059,692.7,1566.0,1968,62,72,11919.1
274.177,822.2,1566.0,1968,14,71,11936.5
274.296,951.7,1566.0,1968,14,71,11955.9
274.414,1081.2,1566.0,1968,7,71,11975.1
274.532,1081.2,1566.0,1968,8,71,11990.6
274.65,661.3,1566.0,1968,63,75,11992.1
274.768,822.3,1566.0,1968,63,71,12004.0
274.886,822.3,1566.0,1968,10,71,12023.1
275.004,951.8,1566.0,1968,7,71,12040.8
275.122,1081.3,1566.0,1968,7,71,12057.7
275.24,1081.3,1566.0,1968,9,71,12076.9
275.358,661.3,1566.0,1968,33,74,12081.4
275.476,692.8,1566.0,1968,33,72,12091.3
275.594,822.3,1566.0,1968,38,71,12107.9
275.713,951.8,1566.0,1968,7,71,12129.2
275.83,951.8,1566.0,1968,6,71,12150.1
275.948,1081.3,1566.0,1968,6,71,12169.8
276.067,1081.3,1566.0,1968,7,71,12189.5
276.185,661.3,1566.0,1968,50,75,12190.4
276.303,692.8,1566.0,1968,50,71,12204.1
276.421,822.3,1566.0,1968,21,71,12223.3
276.539,951.8,1566.0,1968,7,71,12241.9
276.657,951.8,1566.0,1968,7,71,12260.6
276.776,1081.3,1566.0,1968,7,71,12280.4
276.894,661.4,1566.0,1968,7,72,12293.6
277.012,661.4,1566.0,1968,65,72,12301.6
277.13,822.4,1566.0,1968,65,71,12320.7
277.248,951.9,1566.0,1968,7,71,12343.5
277.366,951.9,1566.0,1968,8,71,12362.9
277.484,1081.4,1566.0,1968,8,71,12381.3
277.602,661.4,1566.0,1968,7,72,12390.8
277.721,692.9,1566.0,1968,67,72,12392.5
277.839,951.9,1566.0,1968,14,71,12410.6
277.956,1081.4,1566.0,1968,14,71,12392.2
278.076,1081.4,1566.0,1968,7,71,12176.0
278.194,661.4,1566.0,1968,36,75,12183.0
278.312,692.9,1566.0,1968,36,71,12199.0
278.431,822.4,1566.0,1968,38,71,12218.8
278.549,951.9,1566.0,1968,7,71,12239.5
278.667,951.9,1566.0,1968,7,71,12266.4
278.785,1081.4,1566.0,1968,7,70,12291.6
278.904,661.5,1566.0,1968,7,73,12304.6
279.022,693.0,1566.0,1968,65,72,12317.8
279.14,822.5,1566.0,1968,65,71,12342.2
279.258,952.0,1566.0,1968,8,70,12367.1
279.376,952.0,1566.0,1968,8,70,12392.1
279.494,1081.5,1566.0,1968,8,70,12416.5
279.612,661.5,1566.0,1968,7,71,12399.0
279.731,661.5,1566.0,1968,52,73,12334.1
279.85,822.5,1566.0,1968,21,71,12357.1
279.97,952.0,1566.0,1968,21,70,12376.9
280.09,952.0,1566.0,1968,8,71,12397.6
280.209,1081.5,1566.0,1968,8,70,12417.5
280.329,661.5,1566.0,1968,53,73,12418.7
280.45,822.5,1566.0,1968,53,71,12433.7
280.569,822.5,1566.0,1968,21,71,12449.9
280.689,952.0,1566.0,1968,7,71,12474.4
280.808,952.0,1566.0,1968,7,70,12501.9
280.928,1081.5,1566.0,1968,6,70,12532.0
281.048,661.5,1566.0,1968,15,73,12540.0
281.168,661.5,1566.0,1968,57,72,12546.1
281.288,822.6,1566.0,1968,57,71,12574.1
281.408,952.1,1566.0,1968,7,70,12601.4
281.528,952.1,1566.0,1968,7,71,12629.0
281.648,1081.6,1566.0,1968,6,70,12622.2
281.926,1081.6,1566.0,1968,2,72,12601.5
282.208,693.1,1566.0,1968,65,71,12582.6
282.454,822.6,1566.0,1968,3,70,12554.6
282.766,822.6,1566.0,1968,3,71,12531.0
283.054,952.1,1566.0,1968,3,71,12475.2
283.23,1081.6,1566.0,1968,5,71,12171.3
283.349,1081.6,1566.0,1968,8,71,11992.6
283.467,661.6,1566.0,1968,8,75,11998.8
283.586,822.6,1566.0,1968,65,71,12034.0
283.704,822.6,1566.0,1968,6,71,12066.8
283.822,952.1,1566.0,1968,6,71,12100.6
283.941,952.1,1566.0,1968,6,71,12132.0
284.06,1081.6,1566.0,1968,5,71,12163.3
284.178,1081.6,1566.0,1968,7,70,12191.8
284.296,661.6,1566.0,1968,7,75,12198.2
284.414,822.6,1566.0,1968,66,71,12224.7
284.532,822.6,1566.0,1968,7,71,12229.0
284.653,952.1,1566.0,1968,7,71,12161.0
284.771,1081.6,1566.0,1968,8,70,12174.9
284.889,1081.6,1566.0,1968,6,70,12186.8
285.007,636.3,1566.0,1968,6,74,12115.9
285.129,636.3,1566.0,1968,45,71,12212.1
285.254,636.3,1566.0,1968,23,71,12329.3
285.381,636.3,1566.0,1968,1,71,12415.9
285.507,636.3,1566.0,1968,1,70,12381.8
285.634,636.3,1566.0,1968,0,70,12450.8
285.762,636.3,1566.0,1968,1,70,12523.3
285.889,636.3,1566.0,1968,1,70,12589.8
286.016,636.3,1566.0,1968,0,70,12683.7
286.144,636.3,1566.0,1968,0,71,12756.4
286.272,636.3,1566.0,1968,1,70,12836.9
286.399,636.3,1566.0,1968,1,70,12904.8
286.527,636.3,1566.0,1968,0,71,12975.5
286.658,636.3,1566.0,1968,1,71,13020.8
286.851,636.3,1566.0,1968,0,71,13046.3
287.208,636.3,1566.0,1968,1,71,13048.0
287.498,636.3,1566.0,1968,1,71,13043.1
287.821,636.3,1566.0,1968,0,70,13044.6
288.153,636.3,1566.0,1968,1,70,13023.9
288.447,636.3,1566.0,1968,1,70,13018.3
288.603,636.3,1566.0,1968,0,70,12682.2
288.733,636.3,1566.0,1968,1,70,12415.0
288.86,636.3,1566.0,1968,1,70,12365.3
288.988,636.3,1566.0,1968,1,70,12452.3
289.116,636.3,1566.0,1968,0,70,12528.6
289.24,636.3,1566.0,1968,1,70,12588.2
289.363,636.3,1566.0,1968,1,70,12628.0
289.483,636.3,1566.0,1968,1,70,12649.4
289.602,636.3,1566.0,1968,0,70,12682.4
289.721,636.3,1566.0,1968,1,70,12707.6
289.839,636.3,1566.0,1968,1,70,12734.4
289.958,636.3,1566.0,1968,1,70,12754.3
290.078,633.7,1566.0,1968,0,70,12684.5
290.197,691.3,1566.0,1968,0,70,12713.7
290.315,820.8,1566.0,1968,5,70,12741.5
290.434,950.3,1566.0,1968,6,70,12766.3
290.553,950.3,1566.0,1968,5,70,12794.5
290.671,1079.8,1566.0,1968,5,70,12822.2
290.789,1079.8,1566.0,1968,7,69,12851.8
290.907,661.4,1566.0,1968,40,71,12857.2
291.025,692.9,1566.0,1968,40,70,12876.5
291.143,822.4,1566.0,1968,52,70,12904.1
291.261,951.9,1566.0,1968,7,70,12936.3
291.379,951.9,1566.0,1968,7,70,12962.9
291.497,1081.4,1566.0,1968,7,70,12992.1
291.615,1081.4,1566.0,1968,6,70,12913.3
291.735,661.4,1566.0,1968,39,72,12867.0
291.854,692.9,1566.0,1968,39,70,12890.6
291.973,822.4,1566.0,1968,44,70,12920.0
292.091,951.9,1566.0,1968,7,70,12944.0
292.209,951.9,1566.0,1968,7,70,12972.0
292.328,1081.4,1566.0,1968,7,70,13000.6
292.446,661.5,1566.0,1968,8,73,13013.0
292.564,665.0,1566.0,1968,68,71,12943.7
292.684,822.5,1566.0,1968,68,71,12767.1
292.803,952.0,1566.0,1968,7,70,12800.4
292.922,952.0,1566.0,1968,7,70,12833.9
293.04,1081.5,1566.0,1968,7,70,12864.3
293.158,661.5,1566.0,1968,8,71,12889.6
293.276,661.5,1566.0,1968,49,73,12890.0
293.394,822.5,1566.0,1968,25,71,12909.7
293.512,822.5,1566.0,1968,25,70,12941.2
293.63,952.0,1566.0,1968,7,70,12971.0
293.748,1081.5,1566.0,1968,8,70,12649.6
293.867,1081.5,1566.0,1968,8,70,12683.6
293.985,661.5,1566.0,1968,8,74,12687.2
294.104,822.5,1566.0,1968,68,71,12713.0
294.223,822.5,1566.0,1968,7,71,12743.1
294.341,952.0,1566.0,1968,7,70,12771.1
294.458,952.0,1566.0,1968,8,70,12797.9
294.576,1081.5,1566.0,1968,6,70,12824.0
294.695,661.6,1566.0,1968,6,71,12847.0
294.813,661.6,1566.0,1968,38,72,12860.1
294.932,822.6,1566.0,1968,37,71,12887.4
295.051,822.6,1566.0,1968,6,70,12914.6
295.169,952.1,1566.0,1968,6,70,12941.1
295.288,1081.6,1566.0,1968,7,70,12968.8
295.406,1081.6,1566.0,1968,7,70,12942.9
295.527,661.6,1566.0,1968,7,74,12690.3
295.646,693.1,1566.0,1968,68,71,12710.6
295.764,822.6,1566.0,1968,6,70,12741.4
295.883,952.1,1566.0,1968,6,70,12770.5
296.001,952.1,1566.0,1968,7,70,12801.4
296.119,1081.6,1566.0,1968,6,70,12834.9
296.238,1081.6,1566.0,1968,7,70,12862.9
296.356,661.6,1566.0,1968,7,74,12863.5
296.474,693.1,1566.0,1968,69,71,12889.0
296.591,822.6,1566.0,1968,6,70,12919.1
296.71,952.1,1566.0,1968,6,70,12945.9
296.828,952.1,1566.0,1968,7,70,12887.2
296.949,1081.6,1566.0,1968,7,70,12905.9
297.068,661.6,1566.0,1968,23,71,12918.0
297.187,661.6,1566.0,1968,23,72,12915.0
297.307,822.7,1566.0,1968,52,70,12927.7
297.426,952.2,1566.0,1968,8,70,12933.7
297.545,952.2,1566.0,1968,8,70,12944.5
297.665,1081.7,1566.0,1968,8,70,12964.9
297.785,661.7,1566.0,1968,18,73,12965.4
297.904,693.2,1566.0,1968,58,71,12966.6
298.025,822.7,1566.0,1968,58,70,12989.3
298.144,952.2,1566.0,1968,8,70,13016.4
298.263,1081.7,1566.0,1968,7,70,13041.4
298.382,661.7,1566.0,1968,7,72,13046.0
298.501,661.7,1566.0,1968,41,72,13041.1
298.621,822.7,1566.0,1968,38,71,13055.3
298.74,952.2,1566.0,1968,10,70,13073.9
298.86,1081.7,1566.0,1968,10,70,13093.0
298.979,661.7,1566.0,1968,9,73,13096.1
299.098,693.2,1566.0,1968,67,71,13100.6
299.218,822.7,1566.0,1968,67,71,13122.2
299.337,952.2,1566.0,1968,9,70,13136.1
299.458,1081.7,1566.0,1968,9,70,13149.5
299.577,661.8,1566.0,1968,24,72,13158.9
299.697,661.8,1566.0,1968,24,72,13157.9
299.817,822.8,1566.0,1968,52,71,13178.1
299.937,952.3,1566.0,1968,8,70,13200.0
300.058,952.3,1566.0,1968,8,70,13219.0
300.177,1081.8,1566.0,1968,7,70,13235.6
300.297,661.8,1566.0,1968,28,74,13229.2
300.417,822.8,1566.0,1968,50,71,13233.7
300.538,952.3,1566.0,1968,50,70,13244.8
300.666,952.3,1566.0,1968,5,70,13239.1
300.89,1081.8,1566.0,1968,15,75,13222.7
301.145,822.8,1566.0,1968,5,70,13194.8
301.394,952.3,1566.0,1968,5,70,13165.2
301.674,1081.8,1566.0,1968,6,70,13125.6
302.0,1081.8,1566.0,1968,2,70,13082.7
302.336,661.9,1566.0,1968,16,75,13071.6
302.47,822.9,1566.0,1968,3,71,13046.9
302.743,952.4,1566.0,1968,2,70,13013.0
303.083,952.4,1566.0,1968,1,70,12985.4
303.375,1081.9,1566.0,1968,5,70,12957.5
303.679,661.9,1566.0,1968,68,73,12944.5
303.886,822.9,1566.0,1968,5,71,12919.9
304.162,822.9,1566.0,1968,4,70,12887.3
304.499,952.4,1566.0,1968,4,71,12860.0
304.794,1081.9,1566.0,1968,3,70,12832.2
305.092,661.9,1566.0,1968,52,75,12825.9
305.226,822.9,1566.0,1968,20,71,12804.9
305.47,822.9,1566.0,1968,2,71,12776.9
305.777,952.4,1566.0,1968,2,71,12748.4
306.077,1081.9,1566.0,1968,1,71,12717.6
306.408,662.0,1566.0,1968,1,75,12707.1
306.535,952.5,1566.0,1968,68,71,12700.8
306.689,952.5,1566.0,1968,4,71,12670.7
307.009,1082.0,1566.0,1968,4,71,12631.6
307.219,662.0,1566.0,1968,4,73,12636.5
307.338,662.0,1566.0,1968,63,72,12486.3
307.46,823.0,1566.0,1968,12,71,12126.8
307.578,952.5,1566.0,1968,12,71,12153.6
307.697,952.5,1566.0,1968,8,71,12180.1
307.815,1082.0,1566.0,1968,6,71,12208.6
307.934,662.0,1566.0,1968,24,72,12223.9
308.052,662.0,1566.0,1968,24,73,12227.9
308.17,823.0,1566.0,1968,51,71,12253.9
308.288,823.0,1566.0,1968,7,71,12261.3
308.409,952.5,1566.0,1968,7,71,12272.0
308.526,1082.0,1566.0,1968,8,71,12301.4
308.645,1082.0,1566.0,1968,7,71,12329.0
308.763,662.0,1566.0,1968,7,75,12333.1
308.881,693.6,1566.0,1968,67,71,12302.7
309.0,823.1,1566.0,1968,7,71,12153.4
309.118,952.6,1566.0,1968,8,71,12178.1
309.237,952.6,1566.0,1968,8,71,12202.6
309.355,1082.1,1566.0,1968,6,71,12226.3
309.474,662.1,1566.0,1968,7,71,12243.7
309.592,662.1,1566.0,1968,7,73,12248.0
309.71,823.1,1566.0,1968,68,71,12271.4
309.828,823.1,1566.0,1968,5,71,12292.4
309.947,952.6,1566.0,1968,6,70,12318.8
310.064,952.6,1566.0,1968,6,70,12093.8
310.182,1082.1,1566.0,1968,7,70,12127.0
310.301,1082.1,1566.0,1968,5,70,12159.6
310.419,662.1,1566.0,1968,5,75,12167.1
310.537,669.1,1566.0,1968,69,71,12186.5
310.655,823.1,1566.0,1968,5,71,12217.0
310.773,823.1,1566.0,1968,5,70,12247.8
310.891,952.6,1566.0,1968,5,70,12277.9
311.009,952.6,1566.0,1968,6,70,12307.2
311.128,1082.1,1566.0,1968,6,70,12333.4
311.248,662.1,1566.0,1968,6,72,12342.1
311.372,665.6,1566.0,1968,42,72,12351.9
311.493,823.1,1566.0,1968,33,71,12383.5
311.612,952.6,1566.0,1968,8,71,12413.6
311.732,952.6,1566.0,1968,8,70,12441.0
311.851,1082.1,1566.0,1968,7,70,12472.1
311.971,662.2,1566.0,1968,32,74,12479.1
312.09,665.7,1566.0,1968,32,71,12485.8
312.21,823.2,1566.0,1968,43,71,12514.1
312.33,952.7,1566.0,1968,6,71,12539.4
312.45,952.7,1566.0,1968,9,70,12557.5
312.638,1082.2,1566.0,1968,1,70,12547.3
312.917,1082.2,1566.0,1968,26,75,12549.2
313.154,823.2,1566.0,1968,2,71,12525.5
313.477,952.7,1566.0,1968,2,71,12495.3
313.802,952.7,1566.0,1968,3,71,12482.5
314.022,1082.2,1566.0,1968,4,71,12038.2
314.142,637.0,1566.0,1968,11,71,11687.4
314.261,636.9,1566.0,1968,11,73,11690.5
314.379,636.9,1566.0,1968,63,71,11827.6
314.505,636.9,1566.0,1968,1,71,11930.8
314.631,636.9,1566.0,1968,1,71,12010.9
314.757,636.9,1566.0,1968,1,71,12098.2
314.884,636.9,1566.0,1968,0,71,12173.2
315.011,636.9,1566.0,1968,1,71,12252.8
315.138,636.9,1566.0,1968,1,71,12327.0
315.264,636.9,1566.0,1968,1,71,12446.5
315.391,636.9,1566.0,1968,0,71,12530.4
315.519,636.9,1566.0,1968,1,71,12619.6
315.645,636.9,1566.0,1968,1,71,12677.5
315.772,636.9,1566.0,1968,1,71,12624.3
315.9,636.9,1566.0,1968,0,71,12677.4
316.028,636.9,1566.0,1968,1,71,12735.3
316.155,636.9,1566.0,1968,1,71,12771.5
316.283,636.9,1566.0,1968,1,71,12786.1
316.411,636.9,1566.0,1968,0,71,12804.1
316.54,636.9,1566.0,1968,1,71,12860.5
316.667,636.9,1566.0,1968,1,71,12903.1
316.793,636.9,1566.0,1968,0,71,12963.9
316.923,636.9,1566.0,1968,0,71,13065.2
317.051,636.9,1566.0,1968,1,71,13138.8
317.178,636.9,1566.0,1968,1,71,13209.0
317.304,636.9,1566.0,1968,0,71,13273.1
317.431,636.9,1566.0,1968,0,71,13326.3
317.558,636.9,1566.0,1968,1,71,13339.3
317.68,636.9,1566.0,1968,1,71,13404.6
317.805,635.5,1566.0,1968,0,71,13226.6
317.926,821.0,1566.0,1968,0,71,13252.5
318.046,821.0,1566.0,1968,7,71,13276.8
318.166,950.5,1566.0,1968,7,71,13301.5
318.287,1080.0,1566.0,1968,7,71,13327.6
318.406,1059.1,1566.0,1968,7,72,13348.6
318.526,661.8,1566.0,1968,57,76,13338.9
318.646,822.8,1566.0,1968,38,72,13361.4
318.766,822.8,1566.0,1968,38,71,13387.9
318.886,952.3,1566.0,1968,7,71,13412.7
319.005,1081.8,1566.0,1968,7,71,13441.0
319.126,1109.1,1566.0,1968,7,72,13460.1
319.245,661.8,1566.0,1968,27,76,13451.2
319.365,822.8,1566.0,1968,65,72,13476.8
319.485,952.3,1566.0,1968,2,71,13458.4
319.772,952.3,1566.0,1968,3,71,13426.2
320.1,1081.8,1566.0,1968,4,71,13392.2
320.442,661.9,1566.0,1968,50,73,13371.8
320.741,822.9,1566.0,1968,2,71,13326.7
321.105,822.9,1566.0,1968,3,71,13268.7
321.437,822.9,1566.0,1968,2,71,13227.1
321.767,952.4,1566.0,1968,3,71,13190.4
322.092,1081.9,1566.0,1968,5,71,13162.2
322.398,1081.9,1566.0,1968,29,75,13134.8
322.711,822.9,1566.0,1968,3,71,13114.2
322.959,822.9,1566.0,1968,3,71,13084.1
323.265,952.4,1566.0,1968,4,71,13044.0
323.609,952.4,1566.0,1968,2,71,12993.3
323.959,1081.9,1566.0,1968,4,71,12957.4
324.272,661.9,1566.0,1968,81,73,12934.9
324.548,822.9,1566.0,1968,2,71,12902.6
324.869,822.9,1566.0,1968,1,71,12869.6
325.219,952.4,1566.0,1968,2,71,12837.8
325.545,1081.9,1566.0,1968,5,71,12821.6
325.68,661.9,1566.0,1968,39,73,12788.0
325.8,661.9,1566.0,1968,39,74,12424.2
325.918,823.0,1566.0,1968,52,72,12457.7
326.036,823.0,1566.0,1968,6,72,12488.2
326.154,952.5,1566.0,1968,6,71,12517.1
326.273,1082.0,1566.0,1968,7,71,12549.9
326.391,1082.0,1566.0,1968,7,71,12547.8
326.51,662.0,1566.0,1968,56,74,12422.6
326.629,665.5,1566.0,1968,56,73,12438.1
326.748,823.0,1566.0,1968,38,72,12468.7
326.866,952.5,1566.0,1968,7,71,12503.2
326.984,952.5,1566.0,1968,7,71,12531.4
327.102,1082.0,1566.0,1968,6,71,12559.6
327.22,1082.0,1566.0,1968,7,71,12531.7
327.34,662.0,1566.0,1968,7,74,12428.8
327.458,669.0,1566.0,1968,64,73,12421.6
327.577,823.0,1566.0,1968,31,72,12450.5
327.695,823.0,1566.0,1968,7,71,12476.3
327.814,952.5,1566.0,1968,7,71,12503.1
327.933,1082.0,1566.0,1968,7,71,12535.9
328.052,1082.0,1566.0,1968,6,71,12561.5
328.17,662.0,1566.0,1968,6,74,12576.8
328.287,662.0,1566.0,1968,41,76,12548.5
328.406,823.0,1566.0,1968,50,72,12436.5
328.524,823.0,1566.0,1968,6,71,12449.2
328.642,952.5,1566.0,1968,6,71,12463.6
328.761,1082.0,1566.0,1968,7,71,12481.0
328.879,1082.0,1566.0,1968,6,71,12503.0
328.997,662.1,1566.0,1968,6,72,12519.3
329.115,662.1,1566.0,1968,37,75,12519.4
329.233,823.1,1566.0,1968,55,72,12538.0
329.352,823.1,1566.0,1968,7,71,12563.4
329.47,952.6,1566.0,1968,7,71,12389.5
329.59,952.6,1566.0,1968,6,71,12416.6
329.708,1082.1,1566.0,1968,7,71,12438.9
329.826,662.1,1566.0,1968,7,74,12443.0
329.945,662.1,1566.0,1968,68,73,12450.2
330.064,823.1,1566.0,1968,28,71,12469.5
330.183,952.6,1566.0,1968,28,71,12490.2
330.301,1082.1,1566.0,1968,8,71,12511.3
330.42,1082.1,1566.0,1968,8,71,12526.5
330.54,662.1,1566.0,1968,44,74,12378.4
330.657,693.6,1566.0,1968,44,72,12392.3
330.776,823.1,1566.0,1968,47,71,12416.1
330.894,952.6,1566.0,1968,7,71,12436.0
331.012,952.6,1566.0,1968,7,71,12455.8
331.131,1082.1,1566.0,1968,7,71,12472.1
331.249,1082.1,1566.0,1968,7,71,12494.9
331.367,662.2,1566.0,1968,57,74,12498.3
331.485,669.2,1566.0,1968,57,72,12511.9
331.603,823.2,1566.0,1968,32,71,12488.7
331.722,823.2,1566.0,1968,7,71,12346.2
331.841,952.7,1566.0,1968,7,71,12369.3
331.959,1082.2,1566.0,1968,6,71,12391.3
332.078,1082.2,1566.0,1968,6,71,12411.8
332.196,662.2,1566.0,1968,56,73,12416.3
332.314,662.2,1566.0,1968,56,72,12425.2
332.433,823.2,1566.0,1968,42,71,12439.7
332.551,952.7,1566.0,1968,7,71,12458.8
332.67,952.7,1566.0,1968,7,71,12479.8
332.788,1082.2,1566.0,1968,8,71,12497.0
332.906,662.2,1566.0,1968,26,74,12502.2
333.024,669.2,1566.0,1968,26,72,12508.6
333.143,823.2,1566.0,1968,69,71,12527.7
333.261,952.7,1566.0,1968,8,71,12300.5
333.381,1082.2,1566.0,1968,9,71,12282.7
333.499,1082.2,1566.0,1968,9,71,12302.3
333.617,662.2,1566.0,1968,12,74,12306.5
333.736,669.3,1566.0,1968,82,73,12314.0
333.854,823.3,1566.0,1968,82,71,12331.0
333.972,952.8,1566.0,1968,8,71,12352.8
334.09,952.8,1566.0,1968,6,71,12374.5
334.207,1082.3,1566.0,1968,7,71,12393.8
334.326,1082.3,1566.0,1968,7,71,12413.7
334.444,662.3,1566.0,1968,14,74,12419.3
334.564,669.3,1566.0,1968,76,72,12430.1
334.682,823.3,1566.0,1968,76,71,12448.8
334.8,952.8,1566.0,1968,7,71,12469.2
334.918,952.8,1566.0,1968,7,71,12488.1
335.036,1082.3,1566.0,1968,7,70,12507.5
335.154,1082.3,1566.0,1968,6,71,12438.2
335.274,662.3,1566.0,1968,44,74,12411.4
335.422,823.3,1566.0,1968,50,71,12432.2
335.54,952.8,1566.0,1968,7,71,12452.6
335.66,952.8,1566.0,1968,7,71,12470.3
335.778,1082.3,1566.0,1968,8,71,12485.9
335.897,662.3,1566.0,1968,44,74,12481.0
336.016,823.4,1566.0,1968,44,72,12477.3
336.136,952.9,1566.0,1968,57,71,12490.8
336.255,1082.4,1566.0,1968,8,71,12511.9
336.374,1082.4,1566.0,1968,8,71,12527.3
336.493,662.4,1566.0,1968,17,75,12518.6
336.613,823.4,1566.0,1968,76,72,12533.1
336.732,952.9,1566.0,1968,9,71,12549.5
336.851,952.9,1566.0,1968,9,71,12573.8
336.972,1082.4,1566.0,1968,9,71,12595.1
337.091,662.4,1566.0,1968,37,74,12590.9
337.211,823.4,1566.0,1968,37,72,12602.3
337.331,823.4,1566.0,1968,57,71,12624.3
337.451,952.9,1566.0,1968,9,71,12648.3
337.571,1082.4,1566.0,1968,8,71,12669.9
337.691,662.4,1566.0,1968,8,72,12679.3
337.811,662.4,1566.0,1968,50,75,12675.2
337.931,823.4,1566.0,1968,43,71,12695.9
338.051,952.9,1566.0,1968,8,71,12718.9
338.171,952.9,1566.0,1968,8,71,12732.2
338.338,1082.4,1566.0,1968,5,71,12720.8
338.582,662.5,1566.0,1968,28,75,12712.7
338.763,694.0,1566.0,1968,3,71,12692.0
339.056,823.5,1566.0,1968,2,71,12661.9
339.386,953.0,1566.0,1968,1,71,12632.4
339.721,953.0,1566.0,1968,2,71,12600.7
340.066,1082.5,1566.0,1968,2,71,12570.3
340.394,1082.5,1566.0,1968,1,72,12520.5
340.753,662.5,1566.0,1968,75,75,12509.7
340.883,694.0,1566.0,1968,16,71,12452.4
341.121,823.5,1566.0,1968,3,71,12048.4
341.241,953.0,1566.0,1968,7,71,12004.3
341.36,953.0,1566.0,1968,7,71,12030.9
341.478,1082.5,1566.0,1968,7,71,12069.3
341.596,1082.5,1566.0,1968,6,71,12100.9
341.714,662.5,1566.0,1968,6,75,12100.9
341.832,694.0,1566.0,1968,85,72,12133.4
341.951,823.5,1566.0,1968,6,71,12166.4
342.069,953.0,1566.0,1968,6,71,12196.7
342.186,953.0,1566.0,1968,6,71,12227.9
342.304,1082.5,1566.0,1968,7,71,12227.7
342.424,1082.5,1566.0,1968,8,71,12261.5
342.543,662.6,1566.0,1968,8,75,12249.6
342.664,823.6,1566.0,1968,85,72,12279.2
342.783,823.6,1566.0,1968,7,71,12307.9
342.904,953.1,1566.0,1968,7,71,12338.6
343.024,1082.6,1566.0,1968,7,71,12368.5
343.145,1082.6,1566.0,1968,7,71,12395.6
343.266,662.6,1566.0,1968,51,75,12389.8
343.386,823.6,1566.0,1968,51,72,12406.9
343.506,823.6,1566.0,1968,44,71,12436.2
343.636,953.1,1566.0,1968,8,71,12461.4
343.831,1082.6,1566.0,1968,6,71,12290.7
343.952,637.4,1566.0,1968,7,73,11786.3
344.073,637.3,1566.0,1968,84,76,11756.8
344.191,637.3,1566.0,1968,84,72,11880.5
344.316,637.3,1566.0,1968,1,71,11989.3
344.442,637.3,1566.0,1968,1,71,12067.3
344.569,637.3,1566.0,1968,0,71,12156.0
344.696,637.3,1566.0,1968,0,71,12226.7
344.822,637.3,1566.0,1968,1,71,12303.1
344.949,637.3,1566.0,1968,1,71,12356.2
345.08,637.3,1566.0,1968,0,71,12480.0
345.206,637.3,1566.0,1968,0,71,12583.8
345.333,637.3,1566.0,1968,1,71,12438.5
345.462,637.3,1566.0,1968,1,71,12503.1
345.589,637.3,1566.0,1968,0,71,12579.5
345.717,637.3,1566.0,1968,0,71,12656.1
345.844,637.3,1566.0,1968,1,71,12710.8
345.974,637.3,1566.0,1968,1,71,12796.2
346.101,637.3,1566.0,1968,0,71,12757.6
346.227,637.3,1566.0,1968,0,71,12807.6
346.354,637.3,1566.0,1968,1,71,12818.6
346.482,637.3,1566.0,1968,1,71,12862.2
346.61,637.3,1566.0,1968,0,71,12894.2
346.738,637.3,1566.0,1968,0,71,12930.2
346.871,637.3,1566.0,1968,1,70,12966.7
346.998,637.3,1566.0,1968,1,70,12973.0
347.127,637.3,1566.0,1968,0,70,13055.3
347.255,637.3,1566.0,1968,1,70,13135.8
347.381,637.3,1566.0,1968,1,70,13201.7
347.508,637.3,1566.0,1968,1,70,13274.0
347.632,633.7,1566.0,1968,0,70,12948.4
347.752,821.3,1566.0,1968,5,70,12976.6
347.87,821.3,1566.0,1968,5,70,13004.0
347.988,950.8,1566.0,1968,6,70,13029.3
348.106,950.8,1566.0,1968,6,70,13056.4
348.225,1080.3,1566.0,1968,6,70,13084.4
348.343,1080.3,1566.0,1968,6,70,13113.3
348.462,662.4,1566.0,1968,36,72,13119.2
348.579,662.4,1566.0,1968,36,72,13121.0
348.697,823.4,1566.0,1968,87,71,13146.9
348.815,823.4,1566.0,1968,7,70,13175.2
348.933,952.9,1566.0,1968,7,70,13202.4
349.051,952.9,1566.0,1968,7,70,13186.9
349.17,1082.4,1566.0,1968,6,70,13096.1
349.289,1082.4,1566.0,1968,5,70,13120.2
349.407,662.4,1566.0,1968,5,73,13120.5
349.524,662.4,1566.0,1968,84,73,13132.3
349.642,823.4,1566.0,1968,34,71,13161.9
349.76,823.4,1566.0,1968,7,71,13184.5
349.878,952.9,1566.0,1968,7,71,13213.4
349.996,1082.4,1566.0,1968,7,71,13211.9
350.114,662.5,1566.0,1968,15,71,12978.0
350.232,662.5,1566.0,1968,15,74,12978.0
350.35,694.0,1566.0,1968,100,72,12999.0
350.469,823.5,1566.0,1968,7,71,13030.0
350.588,953.0,1566.0,1968,7,71,13059.1
350.707,953.0,1566.0,1968,7,71,13087.6
350.825,1082.5,1566.0,1968,7,71,13110.0
350.944,662.5,1566.0,1968,14,72,13128.4
351.062,662.5,1566.0,1968,14,75,13128.4
351.18,694.0,1566.0,1968,100,72,13138.8
351.298,823.5,1566.0,1968,6,71,13170.2
351.416,953.0,1566.0,1968,6,71,13176.7
351.536,953.0,1566.0,1968,8,71,13061.5
351.655,1082.5,1566.0,1968,8,71,13087.3
351.772,662.5,1566.0,1968,24,73,13105.5
351.89,662.5,1566.0,1968,24,75,13105.5
352.008,694.0,1566.0,1968,89,72,13123.4
352.126,823.5,1566.0,1968,7,71,13147.3
352.244,953.0,1566.0,1968,7,71,13169.6
352.362,953.0,1566.0,1968,7,71,13192.5
352.481,1082.5,1566.0,1968,7,71,13215.9
352.599,662.6,1566.0,1968,19,71,13135.7
352.724,662.6,1566.0,1968,19,75,13135.7
352.842,694.1,1566.0,1968,95,72,13153.1
352.96,823.6,1566.0,1968,7,71,13180.9
353.078,953.1,1566.0,1968,7,71,13209.0
353.196,953.1,1566.0,1968,8,71,13235.4
353.314,1082.6,1566.0,1968,6,71,13265.5
353.433,662.6,1566.0,1968,6,72,13279.5
353.552,662.6,1566.0,1968,32,74,13270.0
353.672,823.6,1566.0,1968,82,72,13291.6
353.791,823.6,1566.0,1968,8,71,13319.4
353.91,953.1,1566.0,1968,8,71,13349.4
354.03,1082.6,1566.0,1968,8,71,13378.8
354.15,662.6,1566.0,1968,9,72,13392.7
354.269,662.6,1566.0,1968,9,75,13382.7
354.389,823.6,1566.0,1968,98,72,13400.5
354.509,823.6,1566.0,1968,16,71,13423.8
354.63,953.1,1566.0,1968,8,71,13449.8
354.751,1082.6,1566.0,1968,6,71,13466.9
354.943,1082.6,1566.0,1968,5,71,13460.6
355.193,662.7,1566.0,1968,16,75,13452.3
355.322,669.7,1566.0,1968,91,72,13451.4
355.472,823.7,1566.0,1968,6,71,13445.9
355.678,953.2,1566.0,1968,4,71,13442.4
355.874,1082.7,1566.0,1968,5,71,13434.2
356.111,1082.7,1566.0,1968,1,71,13409.7
356.417,662.7,1566.0,1968,1,74,13401.4
356.548,669.7,1566.0,1968,81,72,13396.1
356.69,823.7,1566.0,1968,3,71,13371.4
356.995,953.2,1566.0,1968,2,71,13341.1
357.364,953.2,1566.0,1968,3,71,13305.0
357.722,1082.7,1566.0,1968,3,71,13274.4
358.042,662.7,1566.0,1968,5,74,13265.9
358.179,666.2,1566.0,1968,100,73,13260.4
358.321,823.7,1566.0,1968,3,71,13231.9
358.638,953.2,1566.0,1968,1,71,13196.4
358.969,1082.7,1566.0,1968,2,71,13165.6
359.291,662.7,1566.0,1968,37,76,13147.5
359.553,823.8,1566.0,1968,4,71,13113.9
359.905,823.8,1566.0,1968,5,71,13083.0
360.237,953.3,1566.0,1968,4,71,13056.7
360.543,1082.8,1566.0,1968,5,71,13029.1
360.866,662.8,1566.0,1968,95,75,13012.2
361.131,823.8,1566.0,1968,1,71,12974.0
361.463,823.8,1566.0,1968,1,71,12932.5
361.778,953.3,1566.0,1968,2,71,12891.1
362.144,953.3,1566.0,1968,1,71,12850.9
362.495,1082.8,1566.0,1968,2,71,12811.5
362.822,662.8,1566.0,1968,18,76,12795.9
363.069,823.8,1566.0,1968,6,71,12771.2
363.351,953.3,1566.0,1968,3,71,12745.1
363.646,953.3,1566.0,1968,1,71,12715.4
363.975,662.8,1566.0,1968,24,72,12676.6
364.094,662.8,1566.0,1968,24,75,12509.4
364.216,823.8,1566.0,1968,88,72,11993.5
364.336,823.8,1566.0,1968,9,72,11909.4
364.454,953.3,1566.0,1968,9,71,11932.2
364.572,1082.8,1566.0,1968,8,71,11954.0
364.69,662.9,1566.0,1968,8,72,11979.5
364.808,662.9,1566.0,1968,8,75,11979.5
364.926,694.4,1566.0,1968,84,73,11992.2
365.044,823.9,1566.0,1968,30,72,12017.6
365.162,953.4,1566.0,1968,7,71,12049.9
365.28,953.4,1566.0,1968,7,71,12080.9
365.398,1082.9,1566.0,1968,6,71,12109.6
365.516,1082.9,1566.0,1968,7,71,12129.9
365.634,662.9,1566.0,1968,7,75,12129.9
365.752,662.9,1566.0,1968,84,73,12141.4
365.871,823.9,1566.0,1968,29,72,12170.7
365.989,823.9,1566.0,1968,7,71,12201.8
366.108,953.4,1566.0,1968,7,71,12221.1
366.226,1082.9,1566.0,1968,8,71,12241.4
366.344,1082.9,1566.0,1968,7,71,12262.4
366.462,662.9,1566.0,1968,7,75,12262.4
366.58,666.4,1566.0,1968,89,73,12272.7
366.699,823.9,1566.0,1968,25,71,12293.0
366.817,953.4,1566.0,1968,7,71,12315.5
366.936,953.4,1566.0,1968,7,71,12334.8
367.054,1082.9,1566.0,1968,7,71,12353.3
367.172,663.0,1566.0,1968,18,72,12364.9
367.29,663.0,1566.0,1968,18,76,12364.9
367.408,824.0,1566.0,1968,92,72,12371.4
367.525,953.5,1566.0,1968,12,71,12390.0
367.643,1083.0,1566.0,1968,12,71,12380.0
367.763,1083.0,1566.0,1968,7,71,12117.1
367.881,663.0,1566.0,1968,25,74,12122.3
368.0,663.0,1566.0,1968,89,76,12126.9
368.117,824.0,1566.0,1968,89,72,12146.8
368.235,824.0,1566.0,1968,7,71,12166.4
368.352,953.5,1566.0,1968,8,71,12192.3
368.47,1083.0,1566.0,1968,8,71,12220.0
368.588,1083.0,1566.0,1968,7,71,12245.9
368.706,663.0,1566.0,1968,35,74,12250.7
368.825,663.0,1566.0,1968,78,73,12257.2
368.943,824.0,1566.0,1968,78,71,12283.9
369.061,953.5,1566.0,1968,7,71,12311.2
369.178,953.5,1566.0,1968,8,71,12337.5
369.297,1083.0,1566.0,1968,8,71,12366.5
369.415,1083.0,1566.0,1968,7,71,12393.1
369.532,663.1,1566.0,1968,50,74,12394.3
369.65,663.1,1566.0,1968,50,73,12391.8
369.77,824.1,1566.0,1968,63,71,12390.6
369.89,953.6,1566.0,1968,9,71,12414.1
370.009,1083.1,1566.0,1968,7,71,12439.2
370.128,1083.1,1566.0,1968,7,71,12461.3
370.247,663.1,1566.0,1968,10,74,12459.6
370.366,663.1,1566.0,1968,100,75,12460.2
370.485,824.1,1566.0,1968,100,72,12480.6
370.604,953.6,1566.0,1968,9,71,12502.0
370.724,953.6,1566.0,1968,7,71,12531.0
370.845,1083.1,1566.0,1968,6,71,12557.7
370.965,1083.1,1566.0,1968,6,71,12585.1
371.085,663.1,1566.0,1968,16,74,12579.7
371.205,663.1,1566.0,1968,96,74,12583.1
371.325,824.1,1566.0,1968,96,71,12612.6
371.445,824.1,1566.0,1968,7,71,12628.7
371.622,953.6,1566.0,1968,4,71,12601.8
371.932,1083.1,1566.0,1968,2,71,12571.9
372.281,1083.1,1566.0,1968,4,71,12543.0
372.601,663.1,1566.0,1968,91,76,12530.6
372.809,694.7,1566.0,1968,16,71,12517.7
373.065,824.2,1566.0,1968,2,71,12445.8
373.185,953.7,1566.0,1968,7,71,12097.1
373.305,953.7,1566.0,1968,7,71,12004.8
373.423,1083.2,1566.0,1968,8,71,12042.3
373.542,663.2,1566.0,1968,5,71,12070.2
373.659,663.2,1566.0,1968,5,75,12070.2
373.777,694.7,1566.0,1968,93,73,12089.5
373.895,824.2,1566.0,1968,18,71,12122.3
374.014,824.2,1566.0,1968,5,71,12153.5
374.132,953.7,1566.0,1968,5,71,12186.8
374.25,953.7,1566.0,1968,6,71,12219.3
374.368,1083.2,1566.0,1968,6,71,12250.2
374.486,663.2,1566.0,1968,6,72,12273.5
374.604,663.2,1566.0,1968,36,75,12273.5
374.722,694.7,1566.0,1968,78,72,12246.1
374.842,824.2,1566.0,1968,78,71,12171.0
374.96,953.7,1566.0,1968,7,71,12135.1
375.078,953.7,1566.0,1968,7,71,12168.7
375.196,1083.2,1566.0,1968,7,71,12201.0
375.315,1083.2,1566.0,1968,7,71,12231.5
375.433,637.9,1566.0,1968,28,74,12231.5
375.551,637.9,1566.0,1968,83,72,12319.3
375.675,637.9,1566.0,1968,1,71,12163.2
375.803,637.9,1566.0,1968,1,71,12187.2
375.931,637.9,1566.0,1968,1,71,12267.9
376.057,637.9,1566.0,1968,0,71,12342.0
376.186,637.9,1566.0,1968,1,71,12413.6
376.313,637.9,1566.0,1968,1,71,12484.0
376.441,637.9,1566.0,1968,1,71,12547.5
376.568,637.9,1566.0,1968,0,71,12515.2
376.696,637.9,1566.0,1968,1,71,12528.3
376.824,637.9,1566.0,1968,1,71,12584.4
376.958,637.9,1566.0,1968,1,71,12655.6
377.088,637.9,1566.0,1968,0,71,12719.0
377.217,637.9,1566.0,1968,1,71,12775.1
377.345,637.9,1566.0,1968,1,71,12833.4
377.473,637.9,1566.0,1968,1,71,12904.3
377.603,637.9,1566.0,1968,0,71,12980.1
377.731,637.9,1566.0,1968,1,71,13054.0
377.859,637.9,1566.0,1968,1,71,13120.2
377.994,637.9,1566.0,1968,1,71,13182.6
378.125,637.9,1566.0,1968,0,71,13236.7
378.255,637.9,1566.0,1968,1,71,13262.0
378.511,637.9,1566.0,1968,1,71,13252.6
378.822,637.9,1566.0,1968,0,71,13262.6
379.196,637.9,1566.0,1968,1,71,13267.5
379.505,637.9,1566.0,1968,1,71,13272.0
379.82,637.9,1566.0,1968,1,71,13275.2
380.122,637.9,1566.0,1968,1,71,13280.4
380.369,637.9,1566.0,1968,1,71,13280.0
380.606,637.9,1566.0,1968,1,71,13272.6
380.825,637.9,1566.0,1968,1,71,13252.3
381.07,637.9,1566.0,1968,0,71,13244.0
381.283,637.9,1566.0,1968,1,71,13242.5
381.475,637.9,1566.0,1968,0,71,13238.3
381.686,637.9,1566.0,1968,1,71,13224.2
382.128,637.9,1566.0,1968,0,71,12904.3
382.249,660.6,1566.0,1968,1,71,12708.3
382.38,821.6,1566.0,1968,6,71,12741.1
382.498,821.6,1566.0,1968,6,71,12773.8
382.617,951.1,1566.0,1968,6,71,12807.1
382.735,1080.6,1566.0,1968,7,71,12841.2
382.854,1080.6,1566.0,1968,7,71,12873.9
382.972,662.9,1566.0,1968,7,75,12881.6
383.09,662.9,1566.0,1968,92,75,12888.9
383.209,823.9,1566.0,1968,18,72,12915.5
383.327,823.9,1566.0,1968,18,71,12946.4
383.446,953.4,1566.0,1968,7,71,12805.3
383.564,1082.9,1566.0,1968,6,71,12766.6
383.682,1082.9,1566.0,1968,6,71,12799.7
383.801,662.9,1566.0,1968,7,74,12811.4
383.919,662.9,1566.0,1968,90,75,12813.0
384.037,824.0,1566.0,1968,90,71,12848.1
384.155,824.0,1566.0,1968,22,71,12879.9
384.273,953.5,1566.0,1968,9,71,12910.1
384.391,1083.0,1566.0,1968,7,71,12773.9
384.509,1083.0,1566.0,1968,7,71,12737.2
384.627,663.0,1566.0,1968,32,74,12712.6
384.746,666.5,1566.0,1968,80,73,12726.9
384.864,824.0,1566.0,1968,80,71,12763.9
384.982,824.0,1566.0,1968,7,71,12798.6
385.1,953.5,1566.0,1968,6,71,12834.2
385.218,1083.0,1566.0,1968,8,71,12861.1
385.336,1083.0,1566.0,1968,8,71,12788.0
385.467,663.0,1566.0,1968,37,75,12717.1
385.585,694.5,1566.0,1968,83,73,12729.4
385.704,824.0,1566.0,1968,83,71,12763.7
385.822,953.5,1566.0,1968,8,71,12794.8
385.94,953.5,1566.0,1968,9,71,12825.2
386.059,1083.0,1566.0,1968,7,71,12854.6
386.177,663.0,1566.0,1968,7,72,12875.7
386.295,663.0,1566.0,1968,54,76,12875.7
386.413,824.0,1566.0,1968,56,72,12897.9
386.531,824.0,1566.0,1968,56,71,12930.6
386.65,953.5,1566.0,1968,7,71,12789.8
386.768,1083.0,1566.0,1968,8,71,12747.4
386.887,1083.0,1566.0,1968,7,71,12722.2
387.007,663.1,1566.0,1968,7,74,12688.6
387.125,663.1,1566.0,1968,72,75,12689.8
387.243,824.1,1566.0,1968,38,71,12720.7
387.361,824.1,1566.0,1968,38,71,12749.5
387.48,953.6,1566.0,1968,7,70,12777.2
387.598,1083.1,1566.0,1968,7,70,12806.9
387.716,1083.1,1566.0,1968,7,70,12834.9
387.835,663.1,1566.0,1968,7,73,12849.6
387.954,663.1,1566.0,1968,72,75,12849.6
388.072,824.1,1566.0,1968,40,72,12881.6
388.19,824.1,1566.0,1968,40,71,12911.4
388.308,953.6,1566.0,1968,8,71,12685.9
388.428,1083.1,1566.0,1968,8,70,12670.4
388.546,1083.1,1566.0,1968,8,70,12699.7
388.664,663.1,1566.0,1968,7,74,12705.7
388.783,663.1,1566.0,1968,93,74,12714.3
388.901,824.1,1566.0,1968,17,71,12743.6
389.019,824.1,1566.0,1968,17,71,12771.0
389.137,953.6,1566.0,1968,6,70,12802.1
389.256,1083.1,1566.0,1968,7,70,12835.6
389.374,1083.1,1566.0,1968,7,70,12862.8
389.492,663.2,1566.0,1968,7,73,12875.2
389.61,663.2,1566.0,1968,85,74,12875.5
389.729,824.2,1566.0,1968,85,71,12882.9
389.849,824.2,1566.0,1968,27,70,12787.3
389.968,953.7,1566.0,1968,9,70,12743.7
390.086,1083.2,1566.0,1968,7,70,12747.9
390.204,1105.0,1566.0,1968,7,71,12772.2
390.321,663.2,1566.0,1968,33,75,12772.2
390.44,694.7,1566.0,1968,80,72,12781.9
390.558,824.2,1566.0,1968,80,71,12806.2
390.676,953.7,1566.0,1968,6,71,12837.3
390.794,953.7,1566.0,1968,7,70,12867.0
390.912,1083.2,1566.0,1968,7,70,12844.4
391.031,663.2,1566.0,1968,7,72,12807.5
391.152,663.2,1566.0,1968,61,75,12807.5
391.271,824.2,1566.0,1968,52,71,12825.7
391.389,953.7,1566.0,1968,52,71,12847.4
391.507,953.7,1566.0,1968,9,71,12870.2
391.625,1083.2,1566.0,1968,7,71,12894.5
391.744,663.3,1566.0,1968,28,72,12910.1
391.862,663.3,1566.0,1968,28,75,12910.1
391.98,824.3,1566.0,1968,81,71,12931.9
392.099,824.3,1566.0,1968,8,71,12953.9
392.22,953.8,1566.0,1968,8,70,12969.9
392.34,1083.3,1566.0,1968,9,70,12986.6
392.461,663.3,1566.0,1968,14,72,12992.2
392.583,663.3,1566.0,1968,96,75,12986.0
392.705,824.3,1566.0,1968,96,71,13008.8
392.826,824.3,1566.0,1968,7,71,13033.5
392.947,953.8,1566.0,1968,7,70,13055.7
393.068,1083.3,1566.0,1968,7,70,13075.3
393.189,663.3,1566.0,1968,7,72,13077.3
393.31,663.3,1566.0,1968,73,75,13069.6
393.432,824.3,1566.0,1968,40,71,13083.6
393.553,953.8,1566.0,1968,40,70,13100.0
393.673,1083.3,1566.0,1968,9,70,13117.0
393.794,663.3,1566.0,1968,10,72,13121.8
393.916,663.3,1566.0,1968,96,75,13112.9
394.037,824.4,1566.0,1968,96,71,13121.8
394.158,953.9,1566.0,1968,18,70,13125.7
394.369,1083.4,1566.0,1968,8,70,13130.4
394.554,1083.4,1566.0,1968,29,75,13122.3
394.806,824.4,1566.0,1968,83,71,13111.7
395.009,824.4,1566.0,1968,4,70,13091.0
395.3,953.9,1566.0,1968,3,70,13062.5
395.614,1083.4,1566.0,1968,2,70,13031.1
395.944,663.4,1566.0,1968,21,75,13012.8
396.208,824.4,1566.0,1968,4,71,12984.4
396.521,824.4,1566.0,1968,4,70,12956.7
396.831,953.9,1566.0,1968,4,70,12928.7
397.147,1083.4,1566.0,1968,2,70,12899.8
397.46,663.4,1566.0,1968,39,76,12892.7
397.597,666.9,1566.0,1968,69,72,12880.7
397.781,824.4,1566.0,1968,2,71,12851.8
398.129,953.9,1566.0,1968,1,71,12819.5
398.449,1083.4,1566.0,1968,2,71,12792.2
398.739,663.5,1566.0,1968,41,76,12769.4
399.011,954.0,1566.0,1968,71,71,12754.2
399.215,954.0,1566.0,1968,4,71,12724.0
399.533,1083.5,1566.0,1968,4,71,12692.1
399.855,663.5,1566.0,1968,77,73,12668.3
400.161,824.5,1566.0,1968,2,71,12639.1
400.461,954.0,1566.0,1968,5,70,12620.5
400.708,954.0,1566.0,1968,3,71,12575.4
400.864,1083.5,1566.0,1968,7,71,12106.3
400.984,663.5,1566.0,1968,55,76,12106.4
401.102,695.0,1566.0,1968,55,73,12122.5
401.22,824.5,1566.0,1968,58,71,12151.7
401.339,954.0,1566.0,1968,7,71,12188.8
401.457,954.0,1566.0,1968,8,71,12221.5
401.575,1083.5,1566.0,1968,8,71,12248.6
401.693,663.6,1566.0,1968,7,73,12267.1
401.811,663.6,1566.0,1968,77,76,12267.1
401.929,695.1,1566.0,1968,77,72,12289.9
402.047,824.6,1566.0,1968,32,71,12317.3
402.166,954.1,1566.0,1968,8,71,12344.6
402.283,954.1,1566.0,1968,6,71,12372.7
402.401,1083.6,1566.0,1968,6,70,12252.7
402.519,663.6,1566.0,1968,7,71,12208.5
402.637,663.6,1566.0,1968,82,75,12187.6
402.756,695.1,1566.0,1968,82,71,12189.4
402.874,824.6,1566.0,1968,30,71,12190.5
402.992,954.1,1566.0,1968,7,71,12164.8
403.111,954.1,1566.0,1968,7,70,12198.4
403.229,1083.6,1566.0,1968,6,70,12228.6
403.348,1083.6,1566.0,1968,5,70,12259.2
403.465,663.6,1566.0,1968,13,70,12282.8
403.583,663.6,1566.0,1968,13,75,12282.8
403.702,695.1,1566.0,1968,100,72,12304.8
403.82,824.6,1566.0,1968,5,71,12307.9
403.939,954.1,1566.0,1968,5,71,12204.6
404.06,954.1,1566.0,1968,8,71,12243.4
404.185,1083.6,1566.0,1968,7,70,12274.0
404.305,663.7,1566.0,1968,21,72,12290.2
404.425,663.7,1566.0,1968,21,75,12280.4
404.546,824.7,1566.0,1968,90,71,12309.9
404.666,824.7,1566.0,1968,7,71,12342.3
404.786,954.2,1566.0,1968,7,71,12370.1
404.906,1083.7,1566.0,1968,10,71,12400.9
405.027,663.7,1566.0,1968,8,74,12407.6
405.147,663.7,1566.0,1968,96,75,12399.4
405.268,824.7,1566.0,1968,96,71,12430.3
405.389,824.7,1566.0,1968,14,71,12461.2
405.509,954.2,1566.0,1968,8,70,12493.1
405.631,1083.7,1566.0,1968,8,70,12520.3
405.753,663.7,1566.0,1968,48,73,12527.1
405.921,663.7,1566.0,1968,48,73,12520.4
406.049,824.7,1566.0,1968,4,71,12493.7
406.373,824.7,1566.0,1968,4,71,12480.0
406.623,954.2,1566.0,1968,4,71,12043.6
406.743,1083.7,1566.0,1968,7,71,11692.2
406.862,638.4,1566.0,1968,7,73,11711.9
406.98,638.4,1566.0,1968,93,76,11711.9
407.098,638.4,1566.0,1968,93,72,11830.5
407.223,638.4,1566.0,1968,12,71,11945.9
407.352,638.4,1566.0,1968,0,71,12014.2
407.481,638.4,1566.0,1968,2,70,12096.4
407.609,638.4,1566.0,1968,2,70,12168.3
407.738,638.4,1566.0,1968,1,70,12243.9
407.867,638.4,1566.0,1968,0,70,12319.2
407.994,638.4,1566.0,1968,1,70,12362.8
408.121,638.4,1566.0,1968,1,70,12498.1
408.247,638.4,1566.0,1968,1,70,12553.8
408.375,638.4,1566.0,1968,0,70,12414.2
408.502,638.4,1566.0,1968,1,70,12496.3
408.63,638.4,1566.0,1968,1,70,12563.2
408.756,638.4,1566.0,1968,1,70,12633.8
408.883,638.4,1566.0,1968,0,70,12685.6
409.013,638.4,1566.0,1968,1,70,12778.1
409.14,638.4,1566.0,1968,1,70,12737.5
409.279,638.4,1566.0,1968,1,70,12636.6
409.406,638.4,1566.0,1968,0,70,12710.1
409.533,638.4,1566.0,1968,1,70,12783.1
409.661,638.4,1566.0,1968,1,70,12849.6
409.789,638.4,1566.0,1968,1,70,12921.0
409.917,638.4,1566.0,1968,0,70,12982.2
410.045,638.4,1566.0,1968,1,70,13083.0
410.171,638.4,1566.0,1968,1,70,12971.1
410.31,638.4,1566.0,1968,0,70,12941.2
410.437,638.4,1566.0,1968,0,70,13009.9
410.564,638.4,1566.0,1968,1,70,13069.4
410.692,638.4,1566.0,1968,1,70,13099.0
410.814,638.4,1566.0,1968,0,70,12905.5
410.933,664.2,1566.0,1968,0,70,12935.4
411.051,821.7,1566.0,1968,5,70,12965.5
411.169,821.7,1566.0,1968,6,70,12994.8
411.287,951.2,1566.0,1968,6,70,13025.7
411.406,1080.7,1566.0,1968,6,70,13058.6
411.524,1080.7,1566.0,1968,7,70,13092.0
411.642,663.1,1566.0,1968,7,71,13099.5
411.76,663.1,1566.0,1968,56,73,13100.9
411.878,824.2,1566.0,1968,68,71,13125.9
411.996,824.2,1566.0,1968,6,71,13154.9
412.114,953.7,1566.0,1968,6,71,13182.8
412.232,953.7,1566.0,1968,7,71,13215.9
412.349,1083.2,1566.0,1968,6,71,13251.1
412.468,663.2,1566.0,1968,6,72,13275.8
412.588,663.2,1566.0,1968,38,75,13267.4
412.709,824.2,1566.0,1968,74,72,13291.5
412.829,824.2,1566.0,1968,9,71,13316.5
412.949,953.7,1566.0,1968,9,71,13348.3
413.07,1083.2,1566.0,1968,8,71,13378.9
413.19,663.2,1566.0,1968,38,76,13380.9
413.309,663.2,1566.0,1968,38,74,13379.8
413.43,824.2,1566.0,1968,74,72,13412.8
413.55,953.7,1566.0,1968,7,71,13447.6
413.67,953.7,1566.0,1968,9,71,13476.8
413.79,1083.2,1566.0,1968,9,71,13501.9
413.911,663.2,1566.0,1968,24,76,13492.5
414.031,694.7,1566.0,1968,88,73,13495.0
414.152,824.2,1566.0,1968,8,71,13512.1
414.345,953.7,1566.0,1968,2,71,13494.7
414.634,1083.2,1566.0,1968,2,71,13464.1
414.978,1083.2,1566.0,1968,2,71,13427.8
415.354,663.3,1566.0,1968,52,76,13418.3
415.483,694.8,1566.0,1968,55,72,13402.6
415.723,824.3,1566.0,1968,3,71,13371.9
416.071,953.8,1566.0,1968,3,71,13340.9
416.406,953.8,1566.0,1968,2,71,13310.5
416.715,1083.3,1566.0,1968,2,71,13280.0
417.043,663.3,1566.0,1968,91,72,13257.1
417.346,824.3,1566.0,1968,1,71,13222.9
417.695,824.3,1566.0,1968,2,71,13191.9
418.028,953.8,1566.0,1968,2,71,13158.8
418.381,953.8,1566.0,1968,1,71,13125.3
418.728,1083.3,1566.0,1968,2,71,13090.1
419.095,663.3,1566.0,1968,6,76,13079.5
419.265,694.8,1566.0,1968,5,71,13050.8
419.574,824.3,1566.0,1968,2,71,13016.7
419.918,953.8,1566.0,1968,2,71,12981.5
420.296,953.8,1566.0,1968,1,71,12946.3
420.653,1083.3,1566.0,1968,2,71,12911.3
421.027,1083.3,1566.0,1968,90,74,12884.6
421.361,694.9,1566.0,1968,1,71,12838.3
421.692,824.4,1566.0,1968,2,71,12796.4
422.016,824.4,1566.0,1968,2,71,12756.4
422.362,953.9,1566.0,1968,4,71,12727.4
422.54,1083.4,1566.0,1968,5,71,12659.9
422.661,663.4,1566.0,1968,5,71,12643.3
422.782,663.4,1566.0,1968,34,75,12268.2
422.904,694.9,1566.0,1968,80,72,12288.8
423.022,824.4,1566.0,1968,7,71,12332.8
423.14,953.9,1566.0,1968,7,71,12171.4
423.261,953.9,1566.0,1968,8,71,11969.1
423.38,1083.4,1566.0,1968,7,71,11875.7
423.5,663.4,1566.0,1968,7,72,11857.2
423.619,663.4,1566.0,1968,51,76,11857.2
423.737,824.4,1566.0,1968,58,72,11830.6
423.856,824.4,1566.0,1968,58,71,11758.6
423.974,953.9,1566.0,1968,8,71,11750.1
424.094,953.9,1566.0,1968,6,71,11734.4
424.213,1083.4,1566.0,1968,8,71,11738.4
424.333,663.4,1566.0,1968,8,76,11740.4
424.451,663.4,1566.0,1968,80,73,11747.3
424.569,824.5,1566.0,1968,32,71,11765.1
424.687,954.0,1566.0,1968,32,71,11788.3
424.806,1083.5,1566.0,1968,8,71,11809.8
424.924,1083.5,1566.0,1968,8,71,11822.7
425.042,663.5,1566.0,1968,43,74,11831.8
425.161,663.5,1566.0,1968,43,75,11834.3
425.279,824.5,1566.0,1968,69,72,11860.7
425.398,824.5,1566.0,1968,8,71,11885.2
425.517,954.0,1566.0,1968,8,71,11904.6
425.635,1083.5,1566.0,1968,6,71,11923.0
425.753,1083.5,1566.0,1968,8,71,11946.1
425.871,663.5,1566.0,1968,49,74,11953.9
425.989,663.5,1566.0,1968,49,76,11959.7
426.107,824.5,1566.0,1968,59,72,11986.5
426.225,824.5,1566.0,1968,7,71,12013.7
426.343,954.0,1566.0,1968,7,71,12041.2
426.46,954.0,1566.0,1968,7,71,12064.3
426.579,1083.5,1566.0,1968,6,71,12088.6
426.697,663.5,1566.0,1968,6,75,12095.2
426.815,663.5,1566.0,1968,56,74,12099.5
426.934,824.6,1566.0,1968,56,71,12116.3
427.052,954.1,1566.0,1968,7,71,12114.8
427.171,954.1,1566.0,1968,7,71,12136.8
427.289,1083.6,1566.0,1968,8,71,12156.2
427.407,663.6,1566.0,1968,20,73,12165.3
427.525,663.6,1566.0,1968,20,76,12165.3
427.643,824.6,1566.0,1968,90,72,12182.3
427.761,824.6,1566.0,1968,9,71,12204.2
427.879,954.1,1566.0,1968,9,71,12223.4
427.997,1083.6,1566.0,1968,9,71,12241.4
428.116,663.6,1566.0,1968,7,71,12258.2
428.233,663.6,1566.0,1968,76,76,12258.2
428.351,695.1,1566.0,1968,76,72,12271.1
428.469,824.6,1566.0,1968,36,71,12288.5
428.587,954.1,1566.0,1968,6,71,12310.3
428.706,954.1,1566.0,1968,6,70,12332.6
428.824,1083.6,1566.0,1968,7,70,12353.5
428.942,1083.6,1566.0,1968,7,70,12371.9
429.06,663.6,1566.0,1968,71,75,12371.9
429.18,695.1,1566.0,1968,71,72,12384.1
429.298,824.6,1566.0,1968,41,71,12403.3
429.416,954.1,1566.0,1968,7,71,12424.5
429.534,954.1,1566.0,1968,7,71,12169.5
429.654,1083.6,1566.0,1968,7,71,12190.6
429.772,663.7,1566.0,1968,11,74,12200.6
429.891,663.7,1566.0,1968,100,75,12200.9
430.011,824.7,1566.0,1968,100,71,12219.6
430.129,824.7,1566.0,1968,6,71,12242.3
430.247,954.2,1566.0,1968,7,70,12265.9
430.365,954.2,1566.0,1968,7,70,12284.7
430.483,1083.7,1566.0,1968,8,70,12303.5
430.601,663.7,1566.0,1968,28,73,12307.2
430.719,663.7,1566.0,1968,28,75,12308.4
430.837,824.7,1566.0,1968,87,71,12318.1
430.955,954.2,1566.0,1968,12,71,12338.9
431.073,1083.7,1566.0,1968,6,71,12364.5
431.191,1083.7,1566.0,1968,6,71,12382.8
431.31,663.7,1566.0,1968,9,75,12358.4
431.433,667.2,1566.0,1968,100,74,12362.7
431.554,824.7,1566.0,1968,100,71,12378.0
431.675,954.2,1566.0,1968,10,71,12397.4
431.796,1083.7,1566.0,1968,9,70,12420.1
431.916,663.8,1566.0,1968,11,71,12433.0
432.036,663.8,1566.0,1968,11,75,12423.4
432.156,824.8,1566.0,1968,100,72,12437.6
432.278,954.3,1566.0,1968,11,71,12460.8
432.397,954.3,1566.0,1968,10,70,12483.3
432.517,1083.8,1566.0,1968,10,70,12506.2
432.637,663.8,1566.0,1968,11,73,12505.2
432.758,663.8,1566.0,1968,100,75,12502.1
432.879,824.8,1566.0,1968,100,71,12525.5
433.0,954.3,1566.0,1968,10,71,12546.9
433.12,954.3,1566.0,1968,8,70,12570.6
433.241,1083.8,1566.0,1968,8,70,12591.4
433.361,663.8,1566.0,1968,8,74,12590.4
433.482,663.8,1566.0,1968,76,73,12588.9
433.603,824.8,1566.0,1968,35,71,12608.4
433.728,824.8,1566.0,1968,6,70,12606.7
433.962,954.3,1566.0,1968,1,70,12572.5
434.266,954.3,1566.0,1968,2,70,12544.4
434.581,1083.8,1566.0,1968,1,70,12514.1
434.889,1083.8,1566.0,1968,4,70,12461.5
435.117,663.8,1566.0,1968,42,74,11999.8
435.237,695.4,1566.0,1968,67,73,11706.3
435.358,824.9,1566.0,1968,67,71,11753.2
435.476,954.4,1566.0,1968,7,71,11797.6
435.595,954.4,1566.0,1968,6,71,11831.6
435.713,1083.9,1566.0,1968,6,71,11865.5
435.831,1083.9,1566.0,1968,7,71,11897.7
435.95,663.9,1566.0,1968,36,76,11905.0
436.067,663.9,1566.0,1968,36,73,11917.5
436.186,824.9,1566.0,1968,72,71,11955.1
436.304,824.9,1566.0,1968,7,71,11990.0
436.423,954.4,1566.0,1968,7,71,12024.2
436.541,1083.9,1566.0,1968,7,71,12057.5
436.66,1083.9,1566.0,1968,7,71,12094.4
436.778,663.9,1566.0,1968,35,75,12102.3
436.896,663.9,1566.0,1968,35,75,12108.8
437.013,824.9,1566.0,1968,75,71,12142.2
437.132,824.9,1566.0,1968,6,71,12174.8
437.25,954.4,1566.0,1968,7,71,12052.6
437.369,954.4,1566.0,1968,7,71,12073.4
437.487,1083.9,1566.0,1968,7,71,12105.1
437.606,663.9,1566.0,1968,7,71,12126.3
437.724,663.9,1566.0,1968,7,77,12126.3
437.841,695.5,1566.0,1968,100,72,12146.3
437.96,825.0,1566.0,1968,10,71,12179.9
438.078,954.5,1566.0,1968,8,70,12217.3
438.198,1084.0,1566.0,1968,8,70,12251.6
438.319,1084.0,1566.0,1968,8,70,12279.3
438.44,638.6,1566.0,1968,53,74,12273.1
438.56,638.6,1566.0,1968,53,73,12304.8
438.689,638.6,1566.0,1968,57,71,12398.5
438.818,638.6,1566.0,1968,1,71,12478.2
438.95,638.6,1566.0,1968,1,71,12519.0
439.079,638.6,1566.0,1968,0,71,12569.6
439.21,638.6,1566.0,1968,0,71,12611.3
439.348,638.6,1566.0,1968,1,71,12641.1
439.488,638.6,1566.0,1968,1,71,12688.2
439.616,638.6,1566.0,1968,0,71,12531.6
439.746,638.6,1566.0,1968,0,71,12242.1
439.869,638.6,1566.0,1968,1,71,12323.2
439.997,638.6,1566.0,1968,1,71,12393.3
440.125,638.6,1566.0,1968,0,71,12464.1
440.252,638.6,1566.0,1968,1,71,12567.2
440.379,638.6,1566.0,1968,1,71,12492.6
440.508,638.6,1566.0,1968,1,71,12515.6
440.635,638.6,1566.0,1968,0,71,12557.3
440.763,638.6,1566.0,1968,1,71,12576.9
440.891,638.6,1566.0,1968,1,71,12629.3
441.019,638.6,1566.0,1968,1,71,12670.8
441.147,638.6,1566.0,1968,1,71,12669.2
441.274,638.6,1566.0,1968,0,71,12693.1
441.4,638.6,1566.0,1968,0,71,12748.1
441.526,638.6,1566.0,1968,1,71,12727.0
441.656,638.6,1566.0,1968,1,71,12804.6
441.783,638.6,1566.0,1968,0,71,12887.8
441.91,638.6,1566.0,1968,0,71,12956.0
442.036,638.6,1566.0,1968,1,71,13030.8
442.164,638.6,1566.0,1968,1,71,13055.7
442.292,638.6,1566.0,1968,0,71,13019.9
442.419,638.6,1566.0,1968,0,71,13031.4
442.541,638.6,1566.0,1968,1,71,13072.8
442.662,638.6,1566.0,1968,1,71,13106.3
442.783,638.6,1566.0,1968,0,71,13139.7
442.915,638.6,1566.0,1968,0,71,13196.1
443.036,633.8,1566.0,1968,1,71,12948.9
443.155,692.6,1566.0,1968,2,71,12978.5
443.273,822.1,1566.0,1968,6,71,13006.7
443.391,822.1,1566.0,1968,6,71,13032.1
443.509,951.6,1566.0,1968,6,71,13063.9
443.627,1081.1,1566.0,1968,7,71,13093.4
443.745,1081.1,1566.0,1968,7,71,13122.5
443.863,663.8,1566.0,1968,7,74,13127.1
443.981,663.8,1566.0,1968,99,75,13127.1
444.099,695.3,1566.0,1968,99,72,13149.1
444.218,824.8,1566.0,1968,48,71,13177.2
444.337,954.3,1566.0,1968,6,71,13203.4
444.456,954.3,1566.0,1968,7,71,13232.7
444.574,1083.8,1566.0,1968,7,71,13257.3
444.693,1083.8,1566.0,1968,7,71,13143.3
444.811,663.9,1566.0,1968,53,75,13143.3
444.929,663.9,1566.0,1968,53,76,13143.4
445.047,824.9,1566.0,1968,94,72,13176.7
445.167,824.9,1566.0,1968,7,71,13207.2
445.286,954.4,1566.0,1968,7,71,13236.7
445.403,1083.9,1566.0,1968,7,71,13231.1
445.523,1083.9,1566.0,1968,7,71,13133.4
445.641,663.9,1566.0,1968,53,74,13063.4
445.759,663.9,1566.0,1968,53,76,13063.4
445.877,824.9,1566.0,1968,96,72,13091.3
445.995,824.9,1566.0,1968,7,71,13126.7
446.113,954.4,1566.0,1968,7,71,13163.2
446.232,954.4,1566.0,1968,7,71,13192.5
446.35,1083.9,1566.0,1968,7,71,13219.1
446.468,663.9,1566.0,1968,26,72,13233.0
446.585,663.9,1566.0,1968,26,75,13233.0
446.704,667.4,1566.0,1968,100,73,13215.4
446.824,824.9,1566.0,1968,29,71,13099.3
446.943,954.4,1566.0,1968,29,71,13129.7
447.061,954.4,1566.0,1968,7,71,13157.8
447.179,1083.9,1566.0,1968,8,71,13189.6
447.297,663.9,1566.0,1968,9,72,13214.6
447.415,663.9,1566.0,1968,9,75,13214.6
447.533,663.9,1566.0,1968,100,74,13218.2
447.651,825.0,1566.0,1968,43,71,13246.3
447.768,825.0,1566.0,1968,43,71,13166.8
447.887,954.5,1566.0,1968,7,71,13144.5
448.005,1084.0,1566.0,1968,8,71,13122.1
448.127,1084.0,1566.0,1968,7,71,13151.9
448.245,664.0,1566.0,1968,7,74,13156.3
448.363,664.0,1566.0,1968,86,75,13156.3
448.481,695.5,1566.0,1968,59,72,13180.6
448.598,825.0,1566.0,1968,59,71,13208.1
448.716,954.5,1566.0,1968,7,71,13235.3
448.834,954.5,1566.0,1968,7,71,13261.6
448.952,1084.0,1566.0,1968,8,71,13118.1
449.07,664.0,1566.0,1968,8,72,13139.6
449.189,664.0,1566.0,1968,51,75,13139.6
449.307,664.0,1566.0,1968,94,74,13147.7
449.426,825.0,1566.0,1968,94,71,13178.8
449.544,825.0,1566.0,1968,7,71,13208.1
449.662,954.5,1566.0,1968,7,71,13239.8
449.779,1084.0,1566.0,1968,7,71,13241.2
449.9,1084.0,1566.0,1968,6,71,13275.2
450.022,664.0,1566.0,1968,38,74,13267.3
450.143,664.0,1566.0,1968,100,76,13259.0
450.264,825.0,1566.0,1968,100,72,13285.5
450.384,825.0,1566.0,1968,17,71,13313.5
450.506,954.5,1566.0,1968,8,71,13342.5
450.626,1084.0,1566.0,1968,8,71,13371.2
450.746,664.1,1566.0,1968,8,72,13384.2
450.867,664.1,1566.0,1968,55,75,13375.3
450.988,664.1,1566.0,1968,90,73,13378.8
451.109,825.1,1566.0,1968,90,71,13392.4
451.23,954.6,1566.0,1968,9,71,13402.8
451.351,1084.1,1566.0,1968,9,71,13420.4
451.471,664.1,1566.0,1968,16,72,13435.7
451.592,664.1,1566.0,1968,16,75,13426.4
451.713,664.1,1566.0,1968,100,74,13422.2
451.833,825.1,1566.0,1968,36,72,13442.7
451.954,954.6,1566.0,1968,36,71,13473.1
452.075,954.6,1566.0,1968,6,71,13483.5
452.293,1092.3,1566.0,1968,17,74,13482.6
452.488,664.1,1566.0,1968,100,75,13473.5
452.611,825.1,1566.0,1968,40,72,13475.4
452.771,954.6,1566.0,1968,6,71,13473.5
452.986,1084.1,1566.0,1968,2,71,13450.6
453.283,1084.1,1566.0,1968,2,71,13421.8
453.62,664.2,1566.0,1968,2,74,13413.2
453.746,664.2,1566.0,1968,77,76,13404.4
453.871,825.2,1566.0,1968,4,71,13385.8
454.182,825.2,1566.0,1968,1,71,13358.2
454.489,954.7,1566.0,1968,2,71,13329.6
454.81,1084.2,1566.0,1968,2,71,13297.9
455.162,664.2,1566.0,1968,100,75,13280.0
455.431,695.7,1566.0,1968,33,71,13256.6
455.709,825.2,1566.0,1968,2,71,13228.5
456.034,954.7,1566.0,1968,2,71,13197.1
456.371,954.7,1566.0,1968,2,71,13165.1
456.716,1084.2,1566.0,1968,3,71,13137.1
457.032,664.2,1566.0,1968,9,75,13123.2
457.254,664.2,1566.0,1968,100,73,13114.1
457.413,825.2,1566.0,1968,6,71,13090.1
457.705,954.7,1566.0,1968,2,71,13060.9
458.039,1084.2,1566.0,1968,4,71,13031.2
458.367,664.3,1566.0,1968,7,74,13018.0
458.584,664.3,1566.0,1968,100,74,13010.5
458.717,825.3,1566.0,1968,3,71,12987.8
459.006,954.8,1566.0,1968,2,71,12959.3
459.329,1084.3,1566.0,1968,1,71,12934.1
459.625,1084.3,1566.0,1968,100,75,12909.5
459.954,695.8,1566.0,1968,35,72,12894.5
460.163,825.3,1566.0,1968,2,71,12864.2
460.491,954.8,1566.0,1968,2,71,12831.7
460.837,1084.3,1566.0,1968,1,71,12787.1
461.201,1084.3,1566.0,1968,2,71,12746.0
461.479,664.3,1566.0,1968,2,74,12525.2
461.6,664.3,1566.0,1968,69,75,12523.1
461.721,825.3,1566.0,1968,75,72,12192.1
461.842,825.3,1566.0,1968,8,71,12044.9
461.96,954.8,1566.0,1968,8,71,12077.6
462.078,1084.3,1566.0,1968,7,71,12110.5
462.197,1084.3,1566.0,1968,7,71,12142.0
462.315,664.3,1566.0,1968,7,74,12146.4
462.433,664.3,1566.0,1968,68,75,12146.4
462.551,695.9,1566.0,1968,78,72,12164.4
462.669,825.4,1566.0,1968,7,71,12195.5
462.788,954.9,1566.0,1968,7,71,12226.1
462.906,954.9,1566.0,1968,7,71,12256.0
463.024,1084.4,1566.0,1968,6,71,12282.8
463.142,664.4,1566.0,1968,6,72,12305.0
463.26,664.4,1566.0,1968,39,75,12305.0
463.379,664.4,1566.0,1968,100,74,12309.0
463.498,825.4,1566.0,1968,100,72,12313.8
463.617,825.4,1566.0,1968,17,71,12246.6
463.736,954.9,1566.0,1968,7,71,12159.1
463.854,954.9,1566.0,1968,7,71,12118.6
463.973,1084.4,1566.0,1968,7,71,12053.6
464.091,664.4,1566.0,1968,7,72,12035.8
464.21,664.4,1566.0,1968,87,75,12035.8
464.329,671.4,1566.0,1968,87,73,12046.0
464.448,825.4,1566.0,1968,59,72,12068.0
464.566,954.9,1566.0,1968,6,71,12089.6
464.686,954.9,1566.0,1968,9,71,12120.7
464.804,1084.4,1566.0,1968,9,71,12147.9
464.922,664.4,1566.0,1968,8,72,12166.1
465.04,664.4,1566.0,1968,73,75,12166.1
465.159,664.4,1566.0,1968,73,75,12170.6
465.277,825.4,1566.0,1968,77,72,12198.7
465.396,825.4,1566.0,1968,7,71,12226.3
465.513,954.9,1566.0,1968,7,71,12254.4
465.632,1084.4,1566.0,1968,7,71,12275.7
465.75,1084.4,1566.0,1968,7,71,12302.6
465.868,664.5,1566.0,1968,53,75,12304.5
465.987,664.5,1566.0,1968,53,76,12304.5
466.105,825.5,1566.0,1968,94,72,12327.2
466.223,825.5,1566.0,1968,7,71,12353.0
466.341,955.0,1566.0,1968,7,71,12376.6
466.459,955.0,1566.0,1968,8,71,12285.8
466.577,1084.5,1566.0,1968,6,71,12311.3
466.696,664.5,1566.0,1968,23,72,12327.7
466.813,664.5,1566.0,1968,23,75,12327.7
466.932,664.5,1566.0,1968,100,75,12314.7
467.05,825.5,1566.0,1968,32,72,12338.1
467.168,825.5,1566.0,1968,32,71,12360.7
467.287,955.0,1566.0,1968,7,71,12390.0
467.405,955.0,1566.0,1968,6,71,12419.9
467.523,1084.5,1566.0,1968,5,71,12451.1
467.641,1084.5,1566.0,1968,5,71,12472.8
467.762,664.5,1566.0,1968,18,74,12473.9
467.88,664.5,1566.0,1968,100,75,12467.5
468.001,696.0,1566.0,1968,100,72,12485.8
468.12,825.5,1566.0,1968,39,71,12516.5
468.24,955.0,1566.0,1968,9,71,12544.7
468.361,1084.5,1566.0,1968,8,71,12573.6
468.483,664.6,1566.0,1968,8,71,12592.5
468.604,664.6,1566.0,1968,38,74,12582.9
468.724,664.6,1566.0,1968,100,76,12579.6
468.845,825.6,1566.0,1968,100,72,12613.3
468.965,955.1,1566.0,1968,17,71,12641.4
469.085,955.1,1566.0,1968,8,71,12667.7
469.221,1084.6,1566.0,1968,8,71,12671.1
469.465,664.6,1566.0,1968,3,75,12664.9
469.604,664.6,1566.0,1968,91,76,12654.9
469.728,825.6,1566.0,1968,2,71,12644.0
470.018,825.6,1566.0,1968,2,71,12611.3
470.355,955.1,1566.0,1968,1,71,12573.8
470.71,955.1,1566.0,1968,2,71,12553.1
470.983,1084.6,1566.0,1968,2,71,12486.3
471.104,1084.6,1566.0,1968,5,72,12253.8
471.224,664.6,1566.0,1968,65,74,12005.4
471.342,664.6,1566.0,1968,65,76,12005.5
471.46,825.6,1566.0,1968,86,72,12032.8
471.578,825.6,1566.0,1968,6,71,12062.1
471.696,955.1,1566.0,1968,8,71,12098.0
471.816,1084.6,1566.0,1968,8,71,12131.7
471.934,1084.6,1566.0,1968,7,71,12162.0
472.053,639.3,1566.0,1968,24,72,12177.8
472.171,639.3,1566.0,1968,24,75,12177.8
472.289,639.3,1566.0,1968,100,74,12210.7
472.408,639.3,1566.0,1968,25,72,12313.7
472.533,639.3,1566.0,1968,0,71,12170.0
472.661,639.3,1566.0,1968,0,71,12100.7
472.788,639.3,1566.0,1968,1,71,12153.3
472.913,639.3,1566.0,1968,1,71,12242.2
473.041,639.3,1566.0,1968,0,71,12307.2
473.168,639.3,1566.0,1968,0,71,12355.1
473.299,639.3,1566.0,1968,1,71,12363.5
473.426,639.3,1566.0,1968,1,71,12190.5
473.567,639.3,1566.0,1968,0,71,12246.4
473.695,639.3,1566.0,1968,0,71,12300.1
473.821,639.3,1566.0,1968,1,71,12391.1
473.947,639.3,1566.0,1968,1,71,12456.4
474.074,639.3,1566.0,1968,0,71,12495.5
474.203,639.3,1566.0,1968,1,71,12511.1
474.333,639.3,1566.0,1968,1,71,12546.8
474.461,639.3,1566.0,1968,1,71,12582.0
474.589,639.3,1566.0,1968,0,71,12622.2
474.718,639.3,1566.0,1968,1,71,12637.1
474.844,639.3,1566.0,1968,1,71,12714.9
474.973,639.3,1566.0,1968,1,71,12757.3
475.107,639.3,1566.0,1968,0,70,12789.1
475.252,639.3,1566.0,1968,1,70,12828.3
475.385,639.3,1566.0,1968,1,70,12844.0
475.516,639.3,1566.0,1968,1,70,12907.3
475.645,639.3,1566.0,1968,0,70,12952.6
475.773,639.3,1566.0,1968,1,70,13002.4
475.913,639.3,1566.0,1968,1,70,13029.9
476.043,639.3,1566.0,1968,0,70,13056.9
476.178,639.3,1566.0,1968,0,70,13099.6
476.306,639.3,1566.0,1968,1,70,13137.9
476.431,639.3,1566.0,1968,1,70,13171.4
476.56,639.3,1566.0,1968,0,70,13211.5
476.688,639.3,1566.0,1968,0,70,13239.1
476.816,639.3,1566.0,1968,1,70,13264.9
476.949,639.3,1566.0,1968,1,70,13307.1
477.077,639.3,1566.0,1968,0,70,13371.5
477.206,639.3,1566.0,1968,1,70,13397.5
477.336,639.3,1566.0,1968,1,70,13436.7
477.466,639.3,1566.0,1968,0,70,13463.0
477.688,639.3,1566.0,1968,1,70,13466.8
477.868,639.3,1566.0,1968,1,70,13474.4
478.108,639.3,1566.0,1968,1,70,13477.8
478.349,639.3,1566.0,1968,1,70,13459.6
478.663,639.3,1566.0,1968,0,70,13423.3
479.206,639.3,1566.0,1968,1,70,13315.6
479.964,639.3,1566.0,1968,1,70,13282.8
480.38,661.2,1566.0,1968,1,70,12850.8
480.5,822.2,1566.0,1968,2,70,12876.6
480.62,822.2,1566.0,1968,7,70,12900.8
480.74,951.7,1566.0,1968,8,70,12928.5
480.86,1081.2,1566.0,1968,8,70,12957.9
480.979,664.1,1566.0,1968,9,71,12963.3
481.099,664.1,1566.0,1968,90,73,12953.8
481.219,664.1,1566.0,1968,90,73,12952.6
481.339,825.1,1566.0,1968,72,71,12978.6
481.459,954.6,1566.0,1968,8,71,12949.2
481.578,954.6,1566.0,1968,7,71,12817.0
481.701,1084.1,1566.0,1968,7,71,12477.1
481.819,664.1,1566.0,1968,8,73,12485.8
481.937,664.1,1566.0,1968,96,75,12485.8
482.055,695.6,1566.0,1968,96,73,12505.6
482.173,825.1,1566.0,1968,52,72,12534.1
482.291,954.6,1566.0,1968,8,71,12557.8
482.409,954.6,1566.0,1968,8,71,12586.5
482.528,1084.1,1566.0,1968,8,71,12615.1
482.646,664.2,1566.0,1968,7,73,12626.8
482.764,664.2,1566.0,1968,94,75,12626.8
482.882,664.2,1566.0,1968,94,73,12640.4
482.999,825.2,1566.0,1968,59,72,12671.2
483.117,825.2,1566.0,1968,6,71,12700.6
483.235,954.7,1566.0,1968,7,71,12729.8
483.353,1084.2,1566.0,1968,7,71,12754.4
483.471,1084.2,1566.0,1968,8,71,12781.2
483.589,664.2,1566.0,1968,66,75,12781.3
483.707,664.2,1566.0,1968,66,76,12781.3
483.825,825.2,1566.0,1968,86,72,12803.1
483.943,825.2,1566.0,1968,7,71,12831.8
484.062,954.7,1566.0,1968,7,71,12697.3
484.181,1084.2,1566.0,1968,7,71,12726.8
484.3,1084.2,1566.0,1968,7,71,12753.7
484.418,664.2,1566.0,1968,41,73,12767.2
484.536,664.2,1566.0,1968,41,76,12767.2
484.653,695.7,1566.0,1968,100,73,12781.3
484.772,825.2,1566.0,1968,12,72,12807.2
484.89,954.7,1566.0,1968,12,71,12831.7
485.008,954.7,1566.0,1968,8,71,12762.2
485.127,1084.2,1566.0,1968,6,71,12760.9
485.244,664.3,1566.0,1968,19,72,12731.0
485.362,664.3,1566.0,1968,19,75,12731.0
485.48,664.3,1566.0,1968,100,75,12732.4
485.598,825.3,1566.0,1968,37,72,12688.1
485.716,825.3,1566.0,1968,37,71,12693.5
485.835,954.8,1566.0,1968,8,71,12694.5
485.954,1084.3,1566.0,1968,7,71,12696.8
486.072,1084.3,1566.0,1968,7,71,12728.4
486.19,664.3,1566.0,1968,7,74,12736.5
486.308,664.3,1566.0,1968,85,75,12736.5
486.427,695.8,1566.0,1968,63,73,12754.6
486.545,825.3,1566.0,1968,63,72,12761.9
486.664,954.8,1566.0,1968,7,71,12769.8
486.782,954.8,1566.0,1968,7,71,12776.2
486.9,1084.3,1566.0,1968,7,71,12782.5
487.019,664.3,1566.0,1968,7,72,12779.9
487.137,664.3,1566.0,1968,58,75,12779.9
487.255,664.3,1566.0,1968,92,75,12783.4
487.373,825.3,1566.0,1968,92,72,12789.5
487.491,825.3,1566.0,1968,7,71,12793.9
487.61,954.8,1566.0,1968,6,71,12789.8
487.728,1084.3,1566.0,1968,6,71,12737.0
487.847,1084.3,1566.0,1968,7,71,12745.9
487.965,664.4,1566.0,1968,18,72,12745.0
488.083,664.4,1566.0,1968,18,75,12721.4
488.201,664.4,1566.0,1968,100,74,12733.1
488.32,825.4,1566.0,1968,40,72,12753.7
488.438,954.9,1566.0,1968,8,71,12770.8
488.557,954.9,1566.0,1968,8,71,12789.1
488.675,1084.4,1566.0,1968,7,71,12814.9
488.793,1084.4,1566.0,1968,6,71,12840.8
488.911,664.4,1566.0,1968,6,75,12840.8
489.028,664.4,1566.0,1968,83,76,12840.8
489.147,825.4,1566.0,1968,64,72,12860.1
489.265,825.4,1566.0,1968,7,71,12783.0
489.384,954.9,1566.0,1968,7,71,12771.6
489.503,954.9,1566.0,1968,7,71,12740.5
489.621,1084.4,1566.0,1968,7,71,12727.5
489.74,664.4,1566.0,1968,7,74,12718.7
489.859,664.4,1566.0,1968,78,76,12718.7
489.977,825.4,1566.0,1968,74,72,12731.6
490.095,954.9,1566.0,1968,10,71,12751.1
490.213,954.9,1566.0,1968,10,71,12773.5
490.331,1084.4,1566.0,1968,6,71,12795.2
490.448,1084.4,1566.0,1968,7,71,12820.7
490.567,664.4,1566.0,1968,7,74,12821.8
490.685,664.4,1566.0,1968,86,75,12821.8
490.803,696.0,1566.0,1968,66,72,12841.3
490.921,825.5,1566.0,1968,66,71,12867.2
491.039,955.0,1566.0,1968,8,71,12742.7
491.157,1084.5,1566.0,1968,8,71,12738.1
491.275,1084.5,1566.0,1968,6,71,12737.0
491.394,664.5,1566.0,1968,6,73,12727.5
491.512,664.5,1566.0,1968,62,75,12704.3
491.63,668.0,1566.0,1968,85,73,12716.4
491.747,825.5,1566.0,1968,85,71,12740.9
491.865,825.5,1566.0,1968,6,71,12767.8
491.983,955.0,1566.0,1968,7,71,12793.1
492.102,1084.5,1566.0,1968,6,71,12815.4
492.22,1084.5,1566.0,1968,6,71,12837.4
492.338,664.5,1566.0,1968,13,74,12819.3
492.456,664.5,1566.0,1968,100,75,12806.2
492.575,696.0,1566.0,1968,100,73,12810.1
492.695,825.5,1566.0,1968,46,71,12822.5
492.815,955.0,1566.0,1968,8,71,12840.6
492.936,1084.5,1566.0,1968,9,71,12855.4
493.056,664.5,1566.0,1968,9,74,12851.2
493.175,664.5,1566.0,1968,81,75,12841.8
493.295,825.5,1566.0,1968,67,72,12847.9
493.415,825.5,1566.0,1968,67,71,12863.5
493.535,955.0,1566.0,1968,9,71,12878.0
493.654,1084.5,1566.0,1968,10,71,12893.2
493.773,664.6,1566.0,1968,58,74,12890.5
493.893,664.6,1566.0,1968,58,75,12881.2
494.013,825.6,1566.0,1968,93,73,12887.9
494.133,825.6,1566.0,1968,9,71,12905.9
494.253,955.1,1566.0,1968,9,71,12925.2
494.373,1084.6,1566.0,1968,7,71,12942.9
494.493,664.6,1566.0,1968,8,72,12951.3
494.615,664.6,1566.0,1968,92,75,12941.7
494.736,664.6,1566.0,1968,92,73,12938.6
494.857,825.6,1566.0,1968,58,72,12954.5
494.977,955.1,1566.0,1968,9,71,12970.5
495.098,1084.6,1566.0,1968,9,71,12987.9
495.218,664.6,1566.0,1968,9,73,12997.0
495.338,664.6,1566.0,1968,57,75,12987.4
495.459,664.6,1566.0,1968,94,74,12981.3
495.579,825.6,1566.0,1968,94,72,12997.4
495.7,955.1,1566.0,1968,8,71,13016.0
495.82,1084.6,1566.0,1968,8,71,13026.8
495.969,1084.6,1566.0,1968,6,71,13006.3
496.225,664.7,1566.0,1968,4,74,12998.0
496.348,664.7,1566.0,1968,100,76,12988.6
496.47,955.2,1566.0,1968,52,72,12989.9
496.594,955.2,1566.0,1968,1,71,12956.0
496.912,1084.7,1566.0,1968,2,71,12912.1
497.245,1084.7,1566.0,1968,100,76,12885.2
497.583,668.2,1566.0,1968,49,73,12874.6
497.757,825.7,1566.0,1968,2,71,12845.1
498.085,955.2,1566.0,1968,1,71,12813.5
498.412,1084.7,1566.0,1968,2,71,12780.6
498.758,1084.7,1566.0,1968,4,73,12750.8
499.061,664.7,1566.0,1968,34,76,12740.8
499.185,664.7,1566.0,1968,100,73,12736.0
499.324,825.7,1566.0,1968,2,71,12707.2
499.667,955.2,1566.0,1968,2,71,12675.7
499.993,1084.7,1566.0,1968,2,71,12643.6
500.335,1084.7,1566.0,1968,2,71,12609.7
500.692,664.8,1566.0,1968,28,75,12600.8
500.824,664.8,1566.0,1968,100,77,12590.5
500.949,825.8,1566.0,1968,22,72,12616.8
501.14,825.8,1566.0,1968,6,72,12601.4
501.33,955.3,1566.0,1968,4,71,12560.5
501.502,1084.8,1566.0,1968,6,71,12173.8
501.623,664.8,1566.0,1968,6,72,12127.0
501.741,664.8,1566.0,1968,33,75,12127.0
501.859,664.8,1566.0,1968,100,76,12132.3
501.978,825.8,1566.0,1968,24,72,12162.6
502.096,825.8,1566.0,1968,24,72,12187.9
502.214,955.3,1566.0,1968,6,71,12223.0
502.333,955.3,1566.0,1968,5,71,12255.0
502.451,1084.8,1566.0,1968,5,71,12289.7
502.569,1084.8,1566.0,1968,6,71,12314.7
502.689,664.8,1566.0,1968,35,74,12186.8
502.807,664.8,1566.0,1968,100,76,12186.8
502.926,696.3,1566.0,1968,100,73,12211.1
503.044,825.8,1566.0,1968,20,72,12243.9
503.162,955.3,1566.0,1968,7,71,12275.6
503.28,955.3,1566.0,1968,7,71,12308.6
503.398,1084.8,1566.0,1968,7,71,12303.5
503.518,664.8,1566.0,1968,8,73,12305.0
503.639,664.8,1566.0,1968,96,75,12301.8
503.759,664.8,1566.0,1968,96,74,12300.0
503.879,696.4,1566.0,1968,51,72,12306.3
503.999,825.9,1566.0,1968,5,72,12320.2
504.119,825.9,1566.0,1968,5,71,12331.9
504.238,955.4,1566.0,1968,6,71,12355.4
504.358,1084.9,1566.0,1968,7,71,12375.6
504.478,1084.9,1566.0,1968,7,71,12397.2
504.597,664.9,1566.0,1968,7,74,12395.2
504.717,664.9,1566.0,1968,75,76,12385.5
504.836,668.4,1566.0,1968,74,73,12385.5
504.956,825.9,1566.0,1968,74,72,12416.4
505.077,825.9,1566.0,1968,6,72,12445.4
505.198,955.4,1566.0,1968,7,71,12479.9
505.317,1084.9,1566.0,1968,7,71,12508.1
505.438,664.9,1566.0,1968,7,73,12516.4
505.558,664.9,1566.0,1968,65,76,12506.7
505.678,668.4,1566.0,1968,87,74,12512.2
505.799,825.9,1566.0,1968,7,72,12526.6
505.995,955.4,1566.0,1968,2,71,12494.8
506.322,955.4,1566.0,1968,3,71,12465.8
506.485,1084.9,1566.0,1968,6,71,11986.4
506.608,639.6,1566.0,1968,6,74,11723.0
506.727,639.6,1566.0,1968,72,76,11723.0
506.845,639.6,1566.0,1968,75,73,11786.4
506.969,639.6,1566.0,1968,75,72,11888.5
507.095,639.6,1566.0,1968,1,72,11953.2
507.222,639.6,1566.0,1968,1,72,11996.7
507.35,639.6,1566.0,1968,0,72,12099.6
507.477,639.6,1566.0,1968,0,71,12164.3
507.604,639.6,1566.0,1968,1,71,12220.3
507.731,639.6,1566.0,1968,1,71,12272.5
507.857,639.6,1566.0,1968,0,72,12362.8
507.983,639.6,1566.0,1968,1,71,12429.1
508.111,639.6,1566.0,1968,1,71,12475.8
508.241,639.6,1566.0,1968,1,72,12576.1
508.368,639.6,1566.0,1968,1,71,12639.9
508.495,639.6,1566.0,1968,0,72,12695.0
508.621,639.6,1566.0,1968,0,71,12561.8
508.748,639.6,1566.0,1968,1,72,12606.9
508.876,639.6,1566.0,1968,0,71,12646.9
509.002,639.6,1566.0,1968,2,72,12680.6
509.129,639.6,1566.0,1968,2,72,12707.8
509.255,639.6,1566.0,1968,1,71,12719.9
509.384,639.6,1566.0,1968,1,72,12759.5
509.511,639.6,1566.0,1968,0,71,12787.6
509.64,639.6,1566.0,1968,0,71,12876.1
509.766,639.6,1566.0,1968,1,72,12940.2
509.892,639.6,1566.0,1968,1,72,12994.9
510.019,639.6,1566.0,1968,0,72,13046.5
510.146,639.6,1566.0,1968,0,72,12980.5
510.273,639.6,1566.0,1968,1,72,12884.0
510.411,639.6,1566.0,1968,1,72,12938.6
510.538,639.6,1566.0,1968,0,72,12991.2
510.663,639.6,1566.0,1968,1,72,13079.9
510.792,639.6,1566.0,1968,1,72,13143.8
510.919,639.6,1566.0,1968,1,72,13182.5
511.05,639.6,1566.0,1968,0,72,13255.6
511.176,639.6,1566.0,1968,1,72,13297.2
511.303,639.6,1566.0,1968,1,72,12851.4
511.427,661.4,1566.0,1968,1,72,12759.6
511.545,822.4,1566.0,1968,4,72,12790.4
511.664,822.4,1566.0,1968,4,72,12820.7
511.782,951.9,1566.0,1968,6,72,12852.1
511.9,951.9,1566.0,1968,7,72,12885.1
512.018,1081.4,1566.0,1968,6,72,12919.0
512.137,664.5,1566.0,1968,6,74,12933.0
512.255,664.5,1566.0,1968,62,76,12933.0
512.374,664.5,1566.0,1968,95,76,12939.7
512.492,825.5,1566.0,1968,95,72,12968.0
512.61,825.5,1566.0,1968,6,72,13000.0
512.728,955.0,1566.0,1968,7,72,13029.2
512.846,1084.5,1566.0,1968,7,72,13062.1
512.964,1084.5,1566.0,1968,6,71,13095.5
513.083,664.5,1566.0,1968,6,73,13109.4
513.201,664.5,1566.0,1968,95,76,13109.4
513.319,664.5,1566.0,1968,95,74,13119.1
513.438,825.5,1566.0,1968,58,72,13147.3
513.556,825.5,1566.0,1968,6,72,13168.7
513.674,955.0,1566.0,1968,6,72,13196.4
513.792,1084.5,1566.0,1968,8,71,13226.4
513.911,1084.5,1566.0,1968,8,72,13249.3
514.029,664.6,1566.0,1968,76,75,13249.3
514.147,664.6,1566.0,1968,76,77,13249.7
514.267,825.6,1566.0,1968,75,72,13250.5
514.387,825.6,1566.0,1968,8,72,13189.5
514.505,955.1,1566.0,1968,8,72,13226.8
514.626,1084.6,1566.0,1968,8,72,13254.0
514.746,664.6,1566.0,1968,21,75,13255.7
514.866,664.6,1566.0,1968,100,76,13247.1
514.986,696.1,1566.0,1968,100,73,13250.1
515.106,825.6,1566.0,1968,39,72,13277.7
515.226,955.1,1566.0,1968,8,72,13302.9
515.346,1084.6,1566.0,1968,8,72,13329.1
515.466,664.6,1566.0,1968,9,73,13346.3
515.586,664.6,1566.0,1968,60,76,13336.9
515.706,664.6,1566.0,1968,94,75,13330.9
515.826,825.6,1566.0,1968,94,72,13354.7
515.947,955.1,1566.0,1968,8,72,13375.8
516.067,1084.6,1566.0,1968,8,72,13396.8
516.188,1084.6,1566.0,1968,8,72,13417.1
516.308,664.7,1566.0,1968,7,75,13420.5
516.429,664.7,1566.0,1968,85,76,13411.1
516.549,696.2,1566.0,1968,66,73,13423.6
516.67,825.7,1566.0,1968,66,72,13451.9
516.791,955.2,1566.0,1968,8,72,13476.4
516.911,1084.7,1566.0,1968,8,72,13494.3
517.079,1084.7,1566.0,1968,2,72,13480.9
517.359,664.7,1566.0,1968,67,75,13474.7
517.489,664.7,1566.0,1968,67,76,13464.6
517.614,825.7,1566.0,1968,4,72,13464.7
517.859,825.7,1566.0,1968,1,72,13442.1
518.175,955.2,1566.0,1968,2,72,13408.8
518.548,955.2,1566.0,1968,2,72,13378.2
518.875,1084.7,1566.0,1968,1,72,13342.5
519.241,664.7,1566.0,1968,30,76,13328.8
519.45,664.7,1566.0,1968,100,74,13318.1
519.621,825.7,1566.0,1968,3,72,13285.7
519.958,825.7,1566.0,1968,2,72,13255.7
520.295,955.2,1566.0,1968,3,72,13215.3
520.634,955.2,1566.0,1968,2,72,13154.6
521.0,1084.7,1566.0,1968,1,72,13122.0
521.346,664.7,1566.0,1968,100,77,13099.8
521.672,825.8,1566.0,1968,10,72,13073.3
521.987,955.3,1566.0,1968,5,72,13049.6
522.263,955.3,1566.0,1968,3,72,13025.9
522.538,1084.8,1566.0,1968,1,72,12996.0
522.866,664.8,1566.0,1968,100,77,12970.8
523.204,825.8,1566.0,1968,2,72,12941.3
523.538,825.8,1566.0,1968,2,72,12909.2
523.878,955.3,1566.0,1968,1,72,12873.9
524.232,1084.8,1566.0,1968,2,72,12841.1
524.576,664.8,1566.0,1968,23,75,12820.0
524.81,664.8,1566.0,1968,35,73,12796.5
525.025,825.8,1566.0,1968,7,72,12769.3
525.328,955.3,1566.0,1968,4,72,12709.5
525.612,1084.8,1566.0,1968,4,72,12681.7
525.734,664.8,1566.0,1968,30,74,12217.8
525.855,664.8,1566.0,1968,30,76,12122.4
525.973,664.8,1566.0,1968,100,74,12133.6
526.093,825.9,1566.0,1968,28,73,12164.7
526.212,825.9,1566.0,1968,28,72,12202.5
526.329,955.4,1566.0,1968,7,72,12231.0
526.448,1084.9,1566.0,1968,7,72,12263.1
526.567,1084.9,1566.0,1968,6,72,12292.1
526.685,1084.9,1566.0,1968,6,72,12310.4
526.803,664.9,1566.0,1968,38,76,12310.4
526.921,664.9,1566.0,1968,100,77,12310.4
527.039,696.4,1566.0,1968,100,73,12331.3
527.157,825.9,1566.0,1968,18,72,12354.7
527.275,825.9,1566.0,1968,6,72,12282.3
527.394,955.4,1566.0,1968,6,72,12279.1
527.512,955.4,1566.0,1968,6,72,12232.6
527.63,1084.9,1566.0,1968,5,72,12230.8
527.748,664.9,1566.0,1968,26,73,12242.8
527.866,664.9,1566.0,1968,26,76,12242.8
527.984,664.9,1566.0,1968,100,75,12248.1
528.102,825.9,1566.0,1968,34,73,12262.8
528.221,825.9,1566.0,1968,34,72,12279.8
528.339,955.4,1566.0,1968,7,72,12297.7
528.458,955.4,1566.0,1968,7,72,12315.6
528.576,1084.9,1566.0,1968,6,72,12332.5
528.695,664.9,1566.0,1968,6,73,12339.7
528.813,664.9,1566.0,1968,63,76,12339.7
528.932,664.9,1566.0,1968,89,75,12344.3
529.05,825.9,1566.0,1968,89,73,12360.6
529.169,825.9,1566.0,1968,7,72,12379.7
529.288,955.4,1566.0,1968,6,72,12396.7
529.406,1084.9,1566.0,1968,6,72,12413.4
529.524,1084.9,1566.0,1968,8,72,12431.2
529.642,665.0,1566.0,1968,10,74,12438.9
529.76,665.0,1566.0,1968,100,76,12438.9
529.878,665.0,1566.0,1968,100,74,12338.5
529.998,826.0,1566.0,1968,49,72,12163.4
530.117,955.5,1566.0,1968,6,72,12183.9
530.235,955.5,1566.0,1968,6,72,12203.5
530.353,1085.0,1566.0,1968,6,71,12223.0
530.471,1085.0,1566.0,1968,7,71,12241.6
530.59,665.0,1566.0,1968,23,73,12253.5
530.708,665.0,1566.0,1968,23,76,12253.5
530.827,665.0,1566.0,1968,100,74,12258.4
530.945,826.0,1566.0,1968,32,72,12276.0
531.064,826.0,1566.0,1968,32,72,12296.0
531.183,955.5,1566.0,1968,7,72,12313.6
531.301,955.5,1566.0,1968,6,71,12331.4
531.419,1085.0,1566.0,1968,6,71,12349.5
531.537,665.0,1566.0,1968,6,73,12361.4
531.655,665.0,1566.0,1968,54,75,12361.4
531.773,665.0,1566.0,1968,97,76,12366.0
531.891,826.0,1566.0,1968,97,72,12383.3
532.009,826.0,1566.0,1968,6,72,12403.1
532.127,955.5,1566.0,1968,7,72,12424.2
532.245,955.5,1566.0,1968,7,71,12442.0
532.363,1085.0,1566.0,1968,6,71,12460.4
532.482,665.1,1566.0,1968,6,73,12437.2
532.601,665.1,1566.0,1968,84,75,12336.3
532.72,665.1,1566.0,1968,84,75,12314.3
532.838,826.1,1566.0,1968,71,72,12323.0
532.957,955.6,1566.0,1968,10,72,12341.9
533.075,1085.1,1566.0,1968,10,71,12364.7
533.193,1085.1,1566.0,1968,6,72,12385.5
533.311,665.1,1566.0,1968,5,71,12402.5
533.43,665.1,1566.0,1968,82,75,12402.5
533.548,665.1,1566.0,1968,82,77,12403.5
533.666,826.1,1566.0,1968,70,72,12421.8
533.785,826.1,1566.0,1968,6,72,12369.2
533.908,955.6,1566.0,1968,6,72,12394.8
534.027,1085.1,1566.0,1968,9,71,12417.6
534.147,665.1,1566.0,1968,8,71,12428.6
534.268,665.1,1566.0,1968,85,75,12419.3
534.388,665.1,1566.0,1968,85,77,12413.7
534.509,826.1,1566.0,1968,66,72,12434.2
534.629,955.6,1566.0,1968,9,72,12454.9
534.749,1085.1,1566.0,1968,9,71,12475.8
534.868,1085.1,1566.0,1968,8,71,12494.2
534.989,665.1,1566.0,1968,22,75,12492.4
535.11,665.1,1566.0,1968,100,76,12483.0
535.23,696.7,1566.0,1968,100,73,12491.7
535.351,826.2,1566.0,1968,37,72,12512.2
535.472,955.7,1566.0,1968,8,72,12534.1
535.593,1085.2,1566.0,1968,8,72,12557.5
535.714,1085.2,1566.0,1968,7,71,12580.6
535.834,665.2,1566.0,1968,21,75,12576.4
535.955,665.2,1566.0,1968,100,76,12567.0
536.077,696.7,1566.0,1968,100,73,12581.6
536.197,826.2,1566.0,1968,38,72,12597.8
536.318,955.7,1566.0,1968,6,71,12601.3
536.544,955.7,1566.0,1968,4,71,12577.6
536.876,1085.2,1566.0,1968,4,71,12547.3
537.217,1085.2,1566.0,1968,3,71,12557.7
537.447,665.2,1566.0,1968,51,75,12558.9
537.575,665.2,1566.0,1968,51,76,12558.9
537.696,696.7,1566.0,1968,100,73,12504.0
537.822,826.2,1566.0,1968,6,72,12223.1
537.941,955.7,1566.0,1968,7,72,12181.8
538.06,955.7,1566.0,1968,7,72,12201.0
538.179,1085.2,1566.0,1968,6,71,12118.3
538.302,1085.2,1566.0,1968,6,71,12152.8
538.421,665.2,1566.0,1968,6,75,12156.7
538.539,665.2,1566.0,1968,76,76,12156.7
538.658,696.8,1566.0,1968,75,73,12182.5
538.776,826.2,1566.0,1968,5,72,12213.8
538.894,826.2,1566.0,1968,5,72,12245.7
539.012,955.8,1566.0,1968,7,71,12277.5
539.13,1085.2,1566.0,1968,7,71,12307.9
539.249,1085.2,1566.0,1968,7,71,12259.5
539.369,665.3,1566.0,1968,6,75,12163.5
539.488,665.3,1566.0,1968,100,75,12163.5
539.607,672.3,1566.0,1968,100,73,12180.8
539.725,826.3,1566.0,1968,55,72,12211.7
539.843,826.3,1566.0,1968,5,72,12241.3
539.962,955.8,1566.0,1968,6,71,12274.4
540.08,955.8,1566.0,1968,6,71,12305.8
540.199,1085.3,1566.0,1968,6,71,12337.0
540.317,1085.3,1566.0,1968,6,71,12329.6
540.437,665.3,1566.0,1968,6,75,12076.1
540.556,665.3,1566.0,1968,79,76,12076.1
540.675,696.8,1566.0,1968,75,73,12099.4
540.794,826.3,1566.0,1968,6,72,12130.6
540.912,955.8,1566.0,1968,6,72,12161.7
541.03,955.8,1566.0,1968,7,71,12191.9
541.149,1085.3,1566.0,1968,6,71,12221.3
541.268,1085.3,1566.0,1968,6,71,12249.2
541.386,640.0,1566.0,1968,6,74,12252.2
541.504,640.0,1566.0,1968,100,76,12252.2
541.623,640.0,1566.0,1968,51,73,12332.3
541.747,640.0,1566.0,1968,51,72,12407.4
541.875,640.0,1566.0,1968,0,71,12451.2
542.003,640.0,1566.0,1968,1,71,12492.2
542.13,640.0,1566.0,1968,1,71,12505.6
542.256,640.0,1566.0,1968,1,71,12577.5
542.383,640.0,1566.0,1968,0,71,12613.4
542.51,640.0,1566.0,1968,1,71,12637.1
542.637,640.0,1566.0,1968,1,71,12675.7
542.766,640.0,1566.0,1968,1,71,12688.9
542.894,640.0,1566.0,1968,0,71,12762.3
543.023,640.0,1566.0,1968,1,71,12800.8
543.15,640.0,1566.0,1968,1,71,12829.8
543.379,640.0,1566.0,1968,1,71,12837.5
543.596,640.0,1566.0,1968,0,72,12847.4
543.821,640.0,1566.0,1968,1,71,12871.2
544.035,640.0,1566.0,1968,0,71,12835.6
544.464,640.0,1566.0,1968,1,71,12835.9
544.753,640.0,1566.0,1968,1,70,12821.3
544.909,640.0,1566.0,1968,0,70,12497.8
545.036,640.0,1566.0,1968,1,71,12146.8
545.165,640.0,1566.0,1968,1,70,12070.2
545.291,640.0,1566.0,1968,0,71,12133.6
545.419,640.0,1566.0,1968,0,71,12187.8
545.547,640.0,1566.0,1968,1,71,12240.8
545.674,640.0,1566.0,1968,1,71,12333.7
545.802,640.0,1566.0,1968,0,70,12397.5
545.931,640.0,1566.0,1968,0,70,12458.7
546.06,640.0,1566.0,1968,1,71,12530.1
546.187,640.0,1566.0,1968,1,71,12610.8
546.313,640.0,1566.0,1968,0,70,12673.3
546.441,640.0,1566.0,1968,0,71,12709.8
546.569,640.0,1566.0,1968,1,71,12826.3
546.696,640.0,1566.0,1968,1,71,12888.8
546.822,640.0,1566.0,1968,0,70,12943.4
546.95,640.0,1566.0,1968,0,70,12995.4
547.076,640.0,1566.0,1968,1,71,13083.3
547.203,640.0,1566.0,1968,1,70,13146.3
547.33,640.0,1566.0,1968,0,70,13197.1
547.458,640.0,1566.0,1968,0,70,13106.4
547.586,640.0,1566.0,1968,1,70,13143.5
547.713,640.0,1566.0,1968,1,70,13412.5
547.84,633.8,1566.0,1968,0,71,12774.7
547.959,822.6,1566.0,1968,0,71,12798.4
548.077,822.6,1566.0,1968,6,70,12821.8
548.195,952.1,1566.0,1968,7,70,12846.6
548.314,1081.6,1566.0,1968,8,70,12868.1
548.432,1081.6,1566.0,1968,8,70,12891.8
548.551,664.8,1566.0,1968,24,72,12895.2
548.669,664.8,1566.0,1968,100,74,12895.2
548.788,696.4,1566.0,1968,100,72,12909.8
548.906,825.9,1566.0,1968,46,71,12938.3
549.025,955.4,1566.0,1968,8,71,12964.5
549.143,955.4,1566.0,1968,8,71,12991.0
549.261,1084.9,1566.0,1968,8,71,13018.2
549.379,664.9,1566.0,1968,8,74,13029.7
549.497,664.9,1566.0,1968,100,76,13029.8
549.617,696.4,1566.0,1968,100,72,13049.5
549.735,825.9,1566.0,1968,42,71,13078.4
549.853,955.4,1566.0,1968,8,71,13103.7
549.971,955.4,1566.0,1968,8,71,13131.3
550.089,1084.9,1566.0,1968,7,71,13160.0
550.207,664.9,1566.0,1968,13,73,13171.7
550.324,664.9,1566.0,1968,100,75,13171.7
550.443,671.9,1566.0,1968,100,73,13188.8
550.561,825.9,1566.0,1968,40,71,13171.7
550.68,955.4,1566.0,1968,7,71,13076.8
550.799,955.4,1566.0,1968,7,71,13107.4
550.918,1084.9,1566.0,1968,8,71,13131.3
551.036,664.9,1566.0,1968,7,73,13147.0
551.154,664.9,1566.0,1968,94,76,13147.0
551.272,664.9,1566.0,1968,94,74,13152.3
551.39,825.9,1566.0,1968,49,72,13178.6
551.508,825.9,1566.0,1968,6,71,13205.6
551.626,955.4,1566.0,1968,6,71,13118.3
551.745,1084.9,1566.0,1968,8,71,13093.1
551.863,1084.9,1566.0,1968,7,71,13121.5
551.982,665.0,1566.0,1968,7,76,13121.5
552.104,665.0,1566.0,1968,80,74,13123.0
552.222,826.0,1566.0,1968,62,72,13149.1
552.341,826.0,1566.0,1968,7,71,13176.0
552.46,955.5,1566.0,1968,7,71,13200.8
552.579,1085.0,1566.0,1968,7,71,13224.4
552.698,1085.0,1566.0,1968,7,71,13215.4
552.818,665.0,1566.0,1968,7,74,12929.9
552.936,665.0,1566.0,1968,51,76,12929.9
553.055,696.5,1566.0,1968,90,72,12948.6
553.173,826.0,1566.0,1968,7,71,12979.8
553.291,955.5,1566.0,1968,7,71,13006.5
553.411,955.5,1566.0,1968,7,71,13034.7
553.529,1085.0,1566.0,1968,6,71,13062.8
553.647,1085.0,1566.0,1968,6,71,13092.4
553.765,665.0,1566.0,1968,8,75,13095.9
553.884,665.0,1566.0,1968,100,75,13095.9
554.002,826.0,1566.0,1968,42,72,13123.8
554.123,826.0,1566.0,1968,42,71,13153.6
554.241,955.5,1566.0,1968,8,71,13187.6
554.359,955.5,1566.0,1968,7,71,13106.5
554.479,1085.0,1566.0,1968,7,71,13121.4
554.598,665.1,1566.0,1968,7,72,13113.1
554.718,665.1,1566.0,1968,79,76,13095.4
554.838,672.1,1566.0,1968,63,72,13113.2
554.959,826.1,1566.0,1968,63,71,13141.6
555.077,955.6,1566.0,1968,6,71,13168.6
555.196,955.6,1566.0,1968,7,71,13199.8
555.314,1085.1,1566.0,1968,7,71,13229.9
555.433,1085.1,1566.0,1968,7,71,13256.3
555.553,665.1,1566.0,1968,41,77,13247.9
555.672,665.1,1566.0,1968,100,76,13238.5
555.793,826.1,1566.0,1968,100,72,13254.1
555.913,955.6,1566.0,1968,8,71,13262.8
556.033,955.6,1566.0,1968,8,71,13273.5
556.152,1085.1,1566.0,1968,8,71,13292.8
556.272,665.1,1566.0,1968,8,72,13303.0
556.392,665.1,1566.0,1968,70,77,13293.1
556.515,668.6,1566.0,1968,73,73,13292.5
556.635,826.1,1566.0,1968,73,72,13312.5
556.755,955.6,1566.0,1968,8,71,13340.0
556.876,1085.1,1566.0,1968,8,71,13363.6
556.996,665.2,1566.0,1968,8,71,13371.0
557.116,665.2,1566.0,1968,29,77,13361.4
557.238,665.2,1566.0,1968,100,74,13358.5
557.359,826.2,1566.0,1968,24,72,13372.5
557.479,955.7,1566.0,1968,24,71,13391.5
557.599,1085.2,1566.0,1968,7,71,13396.8
557.791,665.2,1566.0,1968,58,75,13390.4
558.005,665.2,1566.0,1968,58,75,13383.4
558.125,826.2,1566.0,1968,5,71,13371.2
558.391,955.7,1566.0,1968,2,71,13347.7
558.685,955.7,1566.0,1968,6,71,13326.1
558.968,1085.2,1566.0,1968,5,71,13311.0
559.247,665.2,1566.0,1968,11,76,13297.1
559.455,665.2,1566.0,1968,31,72,13283.0
559.658,826.2,1566.0,1968,2,71,13242.8
560.007,826.2,1566.0,1968,2,71,13208.3
560.371,955.7,1566.0,1968,1,71,13174.8
560.709,1085.2,1566.0,1968,2,71,13145.6
561.055,665.2,1566.0,1968,100,75,13126.7
561.329,696.8,1566.0,1968,45,72,13108.1
561.562,826.3,1566.0,1968,3,71,13082.2
561.861,955.8,1566.0,1968,1,71,13053.3
562.188,1085.3,1566.0,1968,2,71,13025.3
562.512,665.3,1566.0,1968,57,77,13016.9
562.678,665.3,1566.0,1968,83,73,13007.5
562.837,826.3,1566.0,1968,6,71,12981.6
563.147,955.8,1566.0,1968,5,71,12951.6
563.471,1085.3,1566.0,1968,5,71,12927.9
563.759,1085.3,1566.0,1968,68,76,12903.8
564.074,826.3,1566.0,1968,3,72,12880.9
564.357,826.3,1566.0,1968,1,71,12852.3
564.686,955.8,1566.0,1968,5,71,12824.3
564.997,1085.3,1566.0,1968,4,71,12795.2
565.332,1085.3,1566.0,1968,5,77,12770.2
565.638,665.3,1566.0,1968,83,76,12761.2
565.763,826.3,1566.0,1968,3,71,12719.8
566.034,955.8,1566.0,1968,3,71,12678.5
566.154,955.8,1566.0,1968,6,71,12595.1
566.275,1085.3,1566.0,1968,9,71,12169.1
566.396,665.4,1566.0,1968,57,76,11966.9
566.517,665.4,1566.0,1968,57,76,11966.9
566.635,696.9,1566.0,1968,85,72,11995.1
566.754,826.4,1566.0,1968,7,72,12027.4
566.872,955.9,1566.0,1968,7,71,12068.9
566.991,955.9,1566.0,1968,7,71,11928.5
567.109,1085.4,1566.0,1968,7,71,11925.9
567.23,665.4,1566.0,1968,36,73,11934.3
567.348,665.4,1566.0,1968,36,77,11934.3
567.466,826.4,1566.0,1968,100,73,11941.2
567.584,955.9,1566.0,1968,20,72,11915.6
567.703,955.9,1566.0,1968,20,71,11827.9
567.823,1085.4,1566.0,1968,7,71,11739.2
567.941,665.4,1566.0,1968,7,72,11681.2
568.059,665.4,1566.0,1968,90,77,11681.2
568.177,665.4,1566.0,1968,90,73,11689.6
568.297,826.4,1566.0,1968,53,72,11717.9
568.415,826.4,1566.0,1968,7,72,11756.1
568.537,955.9,1566.0,1968,7,71,11785.9
568.658,1085.4,1566.0,1968,8,71,11811.1
568.779,665.5,1566.0,1968,16,75,11814.0
568.9,665.5,1566.0,1968,100,76,11804.6
569.021,826.5,1566.0,1968,100,72,11818.5
569.142,826.5,1566.0,1968,36,71,11842.3
569.265,956.0,1566.0,1968,9,71,11867.0
569.383,1085.5,1566.0,1968,9,71,11893.8
569.502,1085.5,1566.0,1968,8,71,11919.5
569.621,665.5,1566.0,1968,33,74,11921.5
569.739,665.5,1566.0,1968,100,75,11921.5
569.857,697.0,1566.0,1968,100,72,11942.5
569.975,826.5,1566.0,1968,23,71,11968.1
570.094,956.0,1566.0,1968,6,71,11995.3
570.212,956.0,1566.0,1968,6,71,12020.5
570.332,1085.5,1566.0,1968,7,71,12046.4
570.45,665.5,1566.0,1968,7,72,12065.4
570.568,665.5,1566.0,1968,87,75,12065.4
570.689,665.5,1566.0,1968,87,74,12073.8
570.808,826.5,1566.0,1968,55,72,12099.7
570.926,826.5,1566.0,1968,7,72,12121.9
571.045,956.0,1566.0,1968,7,71,12152.1
571.163,956.0,1566.0,1968,5,71,12175.5
571.283,1085.5,1566.0,1968,6,71,12180.8
571.403,1085.5,1566.0,1968,4,71,12193.7
571.524,1135.8,1566.0,1968,4,71,12216.1
571.644,665.6,1566.0,1968,40,76,12206.9
571.764,665.6,1566.0,1968,100,75,12211.3
571.881,826.6,1566.0,1968,100,72,12244.9
572.0,826.6,1566.0,1968,8,71,12277.9
572.118,956.1,1566.0,1968,6,71,12308.4
572.236,956.1,1566.0,1968,7,71,12339.6
572.354,1085.6,1566.0,1968,7,71,12369.8
572.472,1085.6,1566.0,1968,6,71,12397.2
572.59,665.6,1566.0,1968,61,76,12398.0
572.708,665.6,1566.0,1968,61,76,12397.4
572.829,697.1,1566.0,1968,80,72,12400.7
572.95,826.6,1566.0,1968,3,71,12405.6
573.07,826.6,1566.0,1968,5,71,12423.4
573.19,956.1,1566.0,1968,5,71,12438.3
573.311,956.1,1566.0,1968,6,71,12460.1
573.432,1085.6,1566.0,1968,8,71,12487.2
573.553,665.6,1566.0,1968,8,73,12493.8
573.673,665.6,1566.0,1968,54,77,12484.9
573.794,697.1,1566.0,1968,86,73,12498.4
573.916,826.6,1566.0,1968,7,71,12529.2
574.037,956.1,1566.0,1968,7,71,12558.0
574.158,956.1,1566.0,1968,6,71,12588.4
574.279,1085.6,1566.0,1968,3,71,12584.7
574.539,665.6,1566.0,1968,75,76,12574.3
574.727,665.6,1566.0,1968,66,72,12568.8
574.888,826.7,1566.0,1968,6,71,12560.1
575.096,956.2,1566.0,1968,6,71,12111.9
575.217,956.2,1566.0,1968,6,71,12124.0
575.336,1085.7,1566.0,1968,7,71,12154.9
575.455,640.3,1566.0,1968,7,72,12173.4
575.573,640.3,1566.0,1968,7,77,12173.4
575.691,640.3,1566.0,1968,98,74,12196.6
575.809,640.3,1566.0,1968,42,71,12296.2
575.938,640.3,1566.0,1968,1,71,12356.0
576.066,640.3,1566.0,1968,1,71,12416.6
576.193,640.3,1566.0,1968,0,71,12411.8
576.323,640.3,1566.0,1968,1,71,12398.6
576.449,640.3,1566.0,1968,1,71,12431.7
576.576,640.3,1566.0,1968,0,71,12414.4
576.705,640.3,1566.0,1968,0,71,12448.4
576.833,640.3,1566.0,1968,1,71,12422.9
576.96,640.3,1566.0,1968,1,71,12470.6
577.088,640.3,1566.0,1968,1,71,12519.4
577.214,640.3,1566.0,1968,1,71,12609.7
577.342,640.3,1566.0,1968,0,71,12668.4
577.469,640.3,1566.0,1968,1,71,12724.1
577.596,640.3,1566.0,1968,1,71,12791.1
577.724,640.3,1566.0,1968,1,71,12691.3
577.852,640.3,1566.0,1968,0,71,12728.7
577.979,640.3,1566.0,1968,1,71,12703.3
578.108,640.3,1566.0,1968,1,71,12799.5
578.235,640.3,1566.0,1968,1,71,12858.4
578.363,640.3,1566.0,1968,0,71,12910.3
578.491,640.3,1566.0,1968,1,71,12957.9
578.617,640.3,1566.0,1968,0,71,12882.3
578.761,640.3,1566.0,1968,1,71,12937.1
578.898,640.3,1566.0,1968,1,71,12978.5
579.027,640.3,1566.0,1968,1,71,13003.7
579.156,640.3,1566.0,1968,1,71,13057.3
579.281,640.3,1566.0,1968,0,71,13112.1
579.41,640.3,1566.0,1968,0,71,13158.0
579.536,640.3,1566.0,1968,1,71,13197.4
579.662,640.3,1566.0,1968,1,71,13223.7
579.787,640.3,1566.0,1968,0,71,13250.1
579.912,640.3,1566.0,1968,0,71,13325.6
580.039,640.3,1566.0,1968,1,71,13363.1
580.166,640.3,1566.0,1968,1,71,13389.2
580.294,640.3,1566.0,1968,0,71,13422.4
580.423,640.3,1566.0,1968,1,71,13435.6
580.552,640.3,1566.0,1968,1,71,13481.4
580.679,640.3,1566.0,1968,1,71,13509.2
580.806,640.3,1566.0,1968,0,71,13535.1
580.935,640.3,1566.0,1968,0,71,13551.0
581.358,640.3,1566.0,1968,1,71,13445.0
582.116,640.3,1566.0,1968,0,71,13390.3
582.522,640.3,1566.0,1968,1,71,13162.1
582.679,633.8,1566.0,1968,1,71,12865.4
582.8,822.9,1566.0,1968,3,71,12884.0
582.92,822.9,1566.0,1968,3,71,12904.2
583.042,952.4,1566.0,1968,8,71,12926.0
583.162,1081.9,1566.0,1968,9,71,12946.7
583.283,665.4,1566.0,1968,32,72,12953.0
583.405,665.4,1566.0,1968,32,76,12943.9
583.525,696.9,1566.0,1968,100,73,12946.5
583.646,826.4,1566.0,1968,25,72,12969.4
583.766,955.9,1566.0,1968,25,71,12991.5
583.886,1085.4,1566.0,1968,8,71,13015.5
584.008,665.4,1566.0,1968,9,72,13031.9
584.128,665.4,1566.0,1968,76,75,13022.6
584.251,665.4,1566.0,1968,76,75,13021.8
584.372,826.5,1566.0,1968,69,72,13051.6
584.492,956.0,1566.0,1968,9,72,13075.9
584.613,956.0,1566.0,1968,7,72,13105.6
584.734,1085.5,1566.0,1968,7,72,13135.1
584.856,665.5,1566.0,1968,30,76,13127.4
584.977,665.5,1566.0,1968,100,75,13118.5
585.1,826.5,1566.0,1968,100,72,13146.3
585.221,826.5,1566.0,1968,24,71,13179.8
585.342,956.0,1566.0,1968,7,71,13212.3
585.462,1085.5,1566.0,1968,9,71,13233.5
585.589,665.5,1566.0,1968,55,77,13218.1
585.835,697.0,1566.0,1968,3,72,13183.9
586.125,826.5,1566.0,1968,1,71,13150.6
586.476,956.0,1566.0,1968,1,71,13120.7
586.803,956.0,1566.0,1968,2,71,13088.2
587.164,1085.5,1566.0,1968,1,71,13052.7
587.531,641.0,1586.0,1988,84,74,13027.1
587.859,826.5,1586.0,1988,3,72,13002.4
588.146,826.5,1586.0,1988,5,72,12956.5
588.274,956.0,1586.0,1988,5,71,12573.8
588.394,1085.5,1586.0,1988,8,71,12602.9
588.513,1085.5,1586.0,1988,7,71,12631.2
588.631,665.6,1586.0,1988,76,77,12631.2
588.749,665.6,1586.0,1988,76,76,12633.0
588.868,826.6,1586.0,1988,67,72,12664.8
588.987,826.6,1586.0,1988,7,72,12694.9
589.105,956.1,1586.0,1988,7,71,12724.4
589.223,956.1,1586.0,1988,7,71,12571.4
589.343,1085.6,1586.0,1988,7,71,12433.0
589.461,665.6,1586.0,1988,7,73,12446.7
589.584,665.6,1586.0,1988,46,77,12446.7
589.704,697.1,1586.0,1988,99,73,12466.4
589.823,826.6,1586.0,1988,6,72,12500.1
589.942,956.1,1586.0,1988,6,71,12530.3
590.06,956.1,1586.0,1988,7,71,12559.6
590.178,1085.6,1586.0,1988,7,71,12596.9
590.297,1085.6,1586.0,1988,7,71,12627.2
590.415,665.6,1586.0,1988,7,75,12628.9
590.533,665.6,1586.0,1988,97,76,12628.9
590.652,697.1,1586.0,1988,50,72,12603.5
590.772,826.6,1586.0,1988,50,72,12630.3
590.89,956.1,1586.0,1988,6,71,12633.1
591.01,956.1,1586.0,1988,7,71,12639.4
591.128,1085.6,1586.0,1988,7,71,12626.4
591.246,1085.6,1586.0,1988,7,72,12649.8
591.364,665.7,1586.0,1988,43,77,12649.8
591.482,665.7,1586.0,1988,100,75,12650.8
591.601,826.7,1586.0,1988,100,72,12672.8
591.72,826.7,1586.0,1988,7,71,12688.3
591.839,956.2,1586.0,1988,7,71,12704.3
591.957,1085.7,1586.0,1988,7,71,12722.2
592.076,1085.7,1586.0,1988,7,71,12745.4
592.194,665.7,1586.0,1988,6,72,12709.8
592.313,665.7,1586.0,1988,90,76,12514.8
592.445,669.2,1586.0,1988,90,73,12523.2
592.563,826.7,1586.0,1988,56,72,12546.7
592.682,956.2,1586.0,1988,7,72,12579.0
592.8,956.2,1586.0,1988,7,71,12609.0
592.919,1085.7,1586.0,1988,6,71,12637.0
593.038,1085.7,1586.0,1988,8,71,12652.0
593.156,665.7,1586.0,1988,72,77,12652.0
593.274,665.7,1586.0,1988,72,76,12653.2
593.392,826.7,1586.0,1988,73,72,12672.4
593.511,956.2,1586.0,1988,9,71,12692.9
593.629,956.2,1586.0,1988,9,71,12687.3
593.748,1085.7,1586.0,1988,8,71,12676.3
593.868,665.8,1586.0,1988,16,73,12684.0
593.989,665.8,1586.0,1988,100,77,12674.8
594.109,697.3,1586.0,1988,100,72,12684.6
594.23,826.8,1586.0,1988,36,71,12707.2
594.35,956.3,1586.0,1988,9,71,12721.8
594.472,1085.8,1586.0,1988,9,71,12737.2
594.592,665.8,1586.0,1988,8,71,12752.5
594.712,665.8,1586.0,1988,53,76,12743.3
594.833,665.8,1586.0,1988,95,75,12739.6
594.953,826.8,1586.0,1988,95,72,12761.5
595.073,826.8,1586.0,1988,6,71,12784.4
595.194,956.3,1586.0,1988,7,71,12806.4
595.314,1085.8,1586.0,1988,7,71,12826.3
595.436,665.8,1586.0,1988,8,72,12832.4
595.556,665.8,1586.0,1988,61,77,12823.2
595.677,669.3,1586.0,1988,84,73,12825.2
595.798,826.8,1586.0,1988,84,72,12837.4
595.919,956.3,1586.0,1988,9,71,12854.1
596.04,1085.8,1586.0,1988,8,71,12869.2
596.161,665.8,1586.0,1988,27,73,12872.9
596.292,665.8,1586.0,1988,27,77,12863.6
596.413,697.4,1586.0,1988,100,73,12862.3
596.535,826.9,1586.0,1988,28,71,12877.3
596.662,956.4,1586.0,1988,8,71,12877.3
596.864,1085.9,1586.0,1988,2,71,12858.6
597.144,665.9,1586.0,1988,37,75,12844.9
597.411,669.4,1586.0,1988,100,72,12835.3
597.598,826.9,1586.0,1988,5,71,12813.2
597.894,956.4,1586.0,1988,2,71,12786.3
598.215,956.4,1586.0,1988,3,71,12759.6
598.52,1085.9,1586.0,1988,2,71,12733.9
598.838,665.9,1586.0,1988,48,76,12724.1
599.016,665.9,1586.0,1988,95,75,12718.7
599.138,826.9,1586.0,1988,6,71,12697.6
599.418,956.4,1586.0,1988,3,71,12669.1
599.739,956.4,1586.0,1988,4,71,12640.2
600.07,1085.9,1586.0,1988,3,70,12617.6
600.35,665.9,1586.0,1988,50,76,12617.6
600.508,665.9,1586.0,1988,93,75,12140.3
600.632,826.9,1586.0,1988,93,72,12092.6
600.751,826.9,1586.0,1988,8,71,12117.9
600.87,956.4,1586.0,1988,8,71,12145.1
600.988,1085.9,1586.0,1988,8,71,12174.6
601.107,666.0,1586.0,1988,7,72,12190.4
601.225,666.0,1586.0,1988,61,76,12190.4
601.343,666.0,1586.0,1988,86,74,12195.1
601.463,827.0,1586.0,1988,86,72,12205.4
601.581,956.5,1586.0,1988,11,71,12235.5
601.7,1086.0,1586.0,1988,8,71,12116.6
601.819,1086.0,1586.0,1988,8,71,11909.6
601.94,666.0,1586.0,1988,19,76,11910.2
602.059,666.0,1586.0,1988,100,75,11911.3
602.178,827.0,1586.0,1988,33,71,11931.5
602.296,827.0,1586.0,1988,33,71,11913.9
602.415,956.5,1586.0,1988,8,71,11897.6
602.533,1086.0,1586.0,1988,7,71,11926.9
602.652,1086.0,1586.0,1988,7,70,11954.0
602.77,666.0,1586.0,1988,22,73,11955.0
602.888,666.0,1586.0,1988,100,74,11954.6
603.006,697.5,1586.0,1988,100,72,11953.6
603.124,827.0,1586.0,1988,38,71,11981.1
603.243,956.5,1586.0,1988,8,71,12009.9
603.361,1086.0,1586.0,1988,8,71,12037.3
603.48,1086.0,1586.0,1988,8,71,12062.6
603.598,666.1,1586.0,1988,6,72,12076.4
603.717,666.1,1586.0,1988,87,76,12076.4
603.835,669.6,1586.0,1988,87,73,12088.5
603.954,827.1,1586.0,1988,60,71,12115.6
604.072,827.1,1586.0,1988,6,71,12142.0
604.19,956.6,1586.0,1988,7,71,12171.6
604.308,1086.1,1586.0,1988,7,71,12199.1
604.426,1086.1,1586.0,1988,6,71,12224.9
604.545,666.1,1586.0,1988,38,75,12234.7
604.663,666.1,1586.0,1988,38,76,12234.7
604.782,697.6,1586.0,1988,100,72,12229.4
604.9,827.1,1586.0,1988,12,71,12230.7
605.018,827.1,1586.0,1988,12,71,12187.0
605.136,956.6,1586.0,1988,5,71,12198.8
605.254,1086.1,1586.0,1988,6,71,12212.8
605.372,1086.1,1586.0,1988,7,70,12094.3
605.491,666.1,1586.0,1988,7,72,12093.8
605.612,666.1,1586.0,1988,60,77,12093.8
605.731,669.6,1586.0,1988,85,73,12111.7
605.849,827.1,1586.0,1988,85,71,12145.1
605.968,827.1,1586.0,1988,7,71,12177.8
606.086,956.6,1586.0,1988,6,71,12209.1
606.205,1086.1,1586.0,1988,7,71,12241.2
606.323,1086.1,1586.0,1988,7,71,12272.4
606.442,666.2,1586.0,1988,6,72,12290.7
606.56,666.2,1586.0,1988,86,77,12290.7
606.678,666.2,1586.0,1988,86,72,12295.8
606.798,827.2,1586.0,1988,59,71,12319.9
606.917,827.2,1586.0,1988,7,71,12348.2
607.037,956.7,1586.0,1988,8,71,12374.7
607.156,1086.2,1586.0,1988,8,71,12403.3
607.276,666.2,1586.0,1988,8,72,12413.2
607.396,666.2,1586.0,1988,84,76,12403.8
607.518,669.7,1586.0,1988,84,73,12410.1
607.638,827.2,1586.0,1988,59,72,12441.5
607.758,956.7,1586.0,1988,7,71,12470.2
607.879,956.7,1586.0,1988,8,71,12503.0
607.999,1086.2,1586.0,1988,5,71,12512.6
608.224,666.2,1586.0,1988,35,77,12504.5
608.421,666.2,1586.0,1988,100,73,12497.8
608.573,827.2,1586.0,1988,15,71,12487.0
608.825,956.7,1586.0,1988,5,71,12474.0
609.084,956.7,1586.0,1988,3,71,12453.8
609.21,1086.2,1586.0,1988,7,71,12015.2
609.33,1086.2,1586.0,1988,7,71,12043.9
609.448,640.9,1586.0,1988,32,75,12045.9
609.567,640.9,1586.0,1988,100,75,12051.2
609.685,640.9,1586.0,1988,100,72,12173.8
609.812,640.9,1586.0,1988,16,71,12236.3
609.938,640.9,1586.0,1988,1,71,12298.7
610.065,640.9,1586.0,1988,0,71,12329.9
610.193,640.9,1586.0,1988,0,71,12342.6
610.322,640.9,1586.0,1988,1,71,12326.8
610.45,640.9,1586.0,1988,1,71,12335.7
610.578,640.9,1586.0,1988,0,71,12367.1
610.707,640.9,1586.0,1988,1,71,12484.6
610.833,640.9,1586.0,1988,1,71,12541.9
610.96,640.9,1586.0,1988,1,71,12590.3
611.088,640.9,1586.0,1988,0,71,12634.8
611.215,640.9,1586.0,1988,1,71,12580.1
611.341,640.9,1586.0,1988,1,71,12533.6
611.47,640.9,1586.0,1988,1,71,12581.1
611.598,640.9,1586.0,1988,0,71,12625.1
611.724,640.9,1586.0,1988,1,71,12723.5
611.853,640.9,1586.0,1988,1,71,12784.5
611.978,640.9,1586.0,1988,1,71,12844.7
612.104,640.9,1586.0,1988,0,71,12845.8
612.23,640.9,1586.0,1988,1,71,12802.5
612.359,640.9,1586.0,1988,1,70,12791.3
612.486,640.9,1586.0,1988,1,70,12813.6
612.613,640.9,1586.0,1988,0,70,12818.8
612.74,640.9,1586.0,1988,1,70,12846.5
612.87,640.9,1586.0,1988,1,70,12904.4
612.998,640.9,1586.0,1988,1,70,12962.9
613.125,640.9,1586.0,1988,0,70,13005.3
613.251,640.9,1586.0,1988,1,70,13096.0
613.378,640.9,1586.0,1988,1,70,13111.5
613.507,640.9,1586.0,1988,1,70,13057.0
613.634,640.9,1586.0,1988,0,70,13070.6
613.761,640.9,1586.0,1988,1,70,13100.0
613.903,640.9,1586.0,1988,1,70,13112.4
614.032,640.9,1586.0,1988,1,70,13165.2
614.159,640.9,1586.0,1988,0,70,13218.8
614.285,640.9,1586.0,1988,1,70,13270.0
614.411,640.9,1586.0,1988,1,70,13416.9
614.535,633.7,1586.0,1988,1,70,12836.4
614.655,662.1,1586.0,1988,0,70,12864.6
614.773,823.1,1586.0,1988,4,70,12893.9
614.892,823.1,1586.0,1988,4,70,12922.8
615.01,952.6,1586.0,1988,6,70,12952.1
615.128,952.6,1586.0,1988,6,70,12980.9
615.247,1082.1,1586.0,1988,6,70,13011.3
615.365,665.8,1586.0,1988,6,71,13034.2
615.483,665.8,1586.0,1988,39,72,13034.2
615.601,665.8,1586.0,1988,100,73,13034.2
615.72,665.8,1586.0,1988,100,73,13038.8
615.838,826.8,1586.0,1988,78,71,13066.4
615.956,826.8,1586.0,1988,7,71,13095.4
616.075,956.3,1586.0,1988,6,71,13123.1
616.193,956.3,1586.0,1988,6,71,13154.4
616.312,1085.8,1586.0,1988,7,71,13185.2
616.43,665.8,1606.0,2008,11,72,13206.3
616.548,665.8,1606.0,2008,11,74,13206.3
616.667,665.8,1606.0,2008,100,75,13206.3
616.786,672.9,1606.0,2008,90,73,13224.5
616.904,826.9,1606.0,2008,7,72,13257.5
617.023,956.4,1606.0,2008,7,71,13287.7
617.143,1085.9,1606.0,2008,9,71,13319.3
617.263,1085.9,1606.0,2008,9,71,13343.5
617.384,665.9,1606.0,2008,9,74,13334.3
617.505,665.9,1606.0,2008,91,76,13325.0
617.626,669.4,1606.0,2008,100,74,13331.4
617.747,826.9,1606.0,2008,8,72,13365.3
617.867,956.4,1606.0,2008,8,71,13399.1
617.989,1085.9,1606.0,2008,8,71,13424.8
618.109,1085.9,1606.0,2008,9,71,13445.2
618.23,665.9,1606.0,2008,9,74,13435.7
618.351,665.9,1606.0,2008,81,76,13426.4
618.472,665.9,1606.0,2008,100,74,13423.2
618.593,826.9,1606.0,2008,21,72,13446.3
618.714,956.4,1606.0,2008,21,71,13467.8
618.852,956.4,1606.0,2008,4,71,13460.1
619.115,1085.9,1606.0,2008,2,71,13434.7
619.451,665.9,1606.0,2008,100,75,13416.1
619.744,665.9,1606.0,2008,86,74,13409.3
619.879,826.9,1606.0,2008,1,71,13383.7
620.213,826.9,1606.0,2008,2,71,13355.8
620.555,956.4,1606.0,2008,2,71,13323.7
620.907,1085.9,1606.0,2008,1,71,13291.9
621.24,1085.9,1606.0,2008,50,72,13262.5
621.551,666.0,1606.0,2008,50,75,13252.3
621.675,666.0,1606.0,2008,100,76,13245.6
621.796,827.0,1606.0,2008,2,72,13220.4
622.129,827.0,1606.0,2008,1,71,13187.1
622.471,956.5,1606.0,2008,1,71,13157.7
622.776,956.5,1606.0,2008,2,71,13124.0
623.121,1086.0,1606.0,2008,2,71,13091.0
623.442,666.0,1606.0,2008,34,76,13076.1
623.666,666.0,1606.0,2008,100,77,13065.9
623.793,697.5,1606.0,2008,61,72,13039.6
624.036,827.0,1606.0,2008,2,71,12998.2
624.398,956.5,1606.0,2008,1,72,12962.4
624.749,956.5,1606.0,2008,2,71,12930.5
625.084,1086.0,1606.0,2008,1,71,12896.1
625.424,1086.0,1606.0,2008,1,71,12864.0
625.746,666.0,1606.0,2008,1,75,12854.6
625.872,666.0,1606.0,2008,81,76,12845.2
625.992,666.0,1606.0,2008,100,74,12843.4
626.121,827.0,1606.0,2008,1,72,12816.2
626.434,827.0,1606.0,2008,1,72,12784.9
626.761,956.5,1606.0,2008,2,72,12752.9
627.092,956.5,1606.0,2008,1,72,12718.9
627.426,1086.0,1606.0,2008,4,72,12693.8
627.569,666.1,1606.0,2008,4,74,12680.2
627.688,666.1,1606.0,2008,54,76,12186.4
627.809,666.1,1606.0,2008,100,76,12129.1
627.928,697.6,1606.0,2008,100,74,12153.0
628.047,827.1,1606.0,2008,41,72,12173.1
628.165,956.6,1606.0,2008,6,72,12188.8
628.284,956.6,1606.0,2008,5,72,12211.6
628.401,1086.1,1606.0,2008,5,72,12232.3
628.52,1086.1,1606.0,2008,6,72,12254.9
628.638,666.1,1606.0,2008,5,72,12273.7
628.756,666.1,1606.0,2008,5,75,12273.7
628.873,666.1,1606.0,2008,95,76,12273.7
628.991,666.1,1606.0,2008,100,74,12279.2
629.11,827.1,1606.0,2008,8,72,12302.0
629.228,827.1,1606.0,2008,8,72,12327.8
629.347,956.6,1606.0,2008,6,72,12357.8
629.483,1086.1,1606.0,2008,6,72,12382.8
629.6,1086.1,1606.0,2008,6,71,12404.0
629.718,666.1,1606.0,2008,8,73,12407.1
629.836,666.1,1606.0,2008,91,76,12407.1
629.954,666.1,1606.0,2008,100,78,12360.1
630.074,827.1,1606.0,2008,100,73,12285.7
630.192,827.1,1606.0,2008,10,72,12319.5
630.311,956.6,1606.0,2008,6,72,12351.4
630.429,1086.1,1606.0,2008,6,72,12226.7
630.548,1086.1,1606.0,2008,7,72,12171.8
630.667,666.2,1606.0,2008,23,73,12179.8
630.784,666.2,1606.0,2008,100,76,12179.8
630.902,666.2,1606.0,2008,100,77,12179.8
631.02,697.7,1606.0,2008,77,73,12197.8
631.138,827.2,1606.0,2008,7,72,12221.1
631.257,956.7,1606.0,2008,7,72,12241.0
631.375,956.7,1606.0,2008,6,72,12260.5
631.494,1086.2,1606.0,2008,6,72,12276.0
631.613,1086.2,1606.0,2008,6,71,12296.8
631.731,666.2,1606.0,2008,6,73,12305.5
631.85,666.2,1606.0,2008,74,75,12305.5
631.968,666.2,1606.0,2008,100,76,12305.5
632.086,697.7,1606.0,2008,100,73,12323.3
632.204,827.2,1606.0,2008,24,72,12343.6
632.322,827.2,1606.0,2008,5,72,12364.9
632.441,956.7,1606.0,2008,5,72,12334.6
632.56,956.7,1606.0,2008,6,71,12262.6
632.678,1086.2,1606.0,2008,6,71,12220.6
632.797,1086.2,1606.0,2008,6,71,12238.8
632.915,666.2,1606.0,2008,6,74,12239.0
633.032,666.2,1606.0,2008,98,76,12239.0
633.151,666.2,1606.0,2008,98,75,12243.2
633.269,827.2,1606.0,2008,98,72,12258.0
633.387,827.2,1606.0,2008,6,72,12253.6
633.506,956.7,1606.0,2008,7,72,12270.9
633.624,956.7,1606.0,2008,7,71,12289.7
633.742,1086.2,1606.0,2008,6,71,12306.6
633.86,666.2,1606.0,2008,6,72,12316.9
633.977,666.2,1606.0,2008,85,75,12316.9
634.095,666.2,1606.0,2008,85,76,12316.9
634.213,673.3,1606.0,2008,100,74,12323.9
634.332,827.3,1606.0,2008,14,72,12341.2
634.45,827.3,1606.0,2008,14,72,12358.4
634.568,956.8,1606.0,2008,6,72,12375.0
634.686,1086.3,1606.0,2008,8,71,12357.7
634.804,1086.3,1606.0,2008,8,71,12264.9
634.922,666.3,1606.0,2008,6,74,12248.7
635.04,666.3,1606.0,2008,89,76,12248.7
635.158,666.3,1606.0,2008,100,77,12249.0
635.276,827.3,1606.0,2008,100,72,12265.3
635.395,827.3,1606.0,2008,9,72,12282.8
635.513,956.8,1606.0,2008,6,71,12302.7
635.632,956.8,1606.0,2008,6,71,12322.9
635.75,1086.3,1606.0,2008,6,71,12341.5
635.868,1086.3,1606.0,2008,6,71,12357.7
635.986,666.3,1606.0,2008,38,73,12323.9
636.105,666.3,1606.0,2008,38,75,12312.2
636.224,666.3,1606.0,2008,100,76,12281.4
636.342,697.8,1606.0,2008,57,73,12285.4
636.461,827.3,1606.0,2008,57,72,12253.6
636.583,956.8,1606.0,2008,7,72,12254.0
636.701,956.8,1606.0,2008,7,71,12211.8
636.819,1086.3,1606.0,2008,6,71,12231.1
636.938,1086.3,1606.0,2008,6,71,12247.3
637.056,666.3,1606.0,2008,34,74,12247.3
637.174,666.3,1606.0,2008,100,75,12247.3
637.292,666.3,1606.0,2008,100,75,12251.9
637.41,827.3,1606.0,2008,68,72,12269.1
637.527,827.3,1606.0,2008,6,72,12288.3
637.645,956.8,1606.0,2008,6,71,12310.2
637.763,956.8,1606.0,2008,7,71,12327.0
637.881,1086.3,1606.0,2008,7,71,12344.8
637.999,666.4,1606.0,2008,36,72,12350.2
638.117,666.4,1606.0,2008,36,76,12350.2
638.235,666.4,1606.0,2008,100,76,12350.2
638.353,827.4,1606.0,2008,61,73,12358.0
638.471,956.9,1606.0,2008,61,72,12330.2
638.59,956.9,1606.0,2008,9,71,12324.7
638.71,1086.4,1606.0,2008,8,71,12345.8
638.831,666.4,1606.0,2008,41,73,12348.8
638.952,666.4,1606.0,2008,41,75,12339.5
639.072,666.4,1606.0,2008,100,76,12330.2
639.193,827.4,1606.0,2008,58,72,12345.3
639.314,827.4,1606.0,2008,58,72,12358.0
639.435,827.4,1606.0,2008,6,71,12352.4
639.557,956.9,1606.0,2008,3,71,12369.4
639.677,1086.4,1606.0,2008,7,71,12381.0
639.797,1086.4,1606.0,2008,7,71,12391.5
639.918,666.4,1606.0,2008,6,74,12387.8
640.038,666.4,1606.0,2008,94,76,12378.6
640.158,666.4,1606.0,2008,99,77,12369.4
640.278,827.4,1606.0,2008,99,72,12381.9
640.398,827.4,1606.0,2008,6,72,12396.0
640.518,956.9,1606.0,2008,6,71,12410.7
640.638,1086.4,1606.0,2008,6,71,12426.7
640.76,1086.4,1606.0,2008,7,71,12439.5
640.881,666.5,1606.0,2008,6,73,12443.7
641.002,666.5,1606.0,2008,100,75,12434.6
641.124,666.5,1606.0,2008,100,76,12425.6
641.246,698.0,1606.0,2008,95,73,12432.7
641.367,827.5,1606.0,2008,6,72,12446.2
641.487,957.0,1606.0,2008,6,71,12458.9
641.609,957.0,1606.0,2008,6,71,12474.1
641.729,1086.5,1606.0,2008,6,71,12487.5
641.85,1086.5,1606.0,2008,6,71,12502.3
641.973,666.5,1606.0,2008,6,72,12500.3
642.094,666.5,1606.0,2008,67,75,12491.1
642.214,666.5,1606.0,2008,100,77,12481.9
642.336,698.0,1606.0,2008,32,73,12494.7
642.456,827.5,1606.0,2008,32,72,12507.1
642.577,827.5,1606.0,2008,5,71,12529.3
642.7,957.0,1606.0,2008,5,71,12537.7
642.826,957.0,1606.0,2008,4,71,12511.2
642.97,1086.5,1606.0,2008,4,71,12131.5
643.091,1086.5,1606.0,2008,5,71,12061.4
643.21,666.5,1606.0,2008,10,73,12075.6
643.328,666.5,1606.0,2008,10,75,12075.6
643.447,666.5,1606.0,2008,100,76,12075.6
643.565,673.5,1606.0,2008,80,73,12092.8
643.683,827.5,1606.0,2008,6,72,12124.1
643.802,827.5,1606.0,2008,6,71,12152.7
643.921,957.0,1606.0,2008,6,71,12181.1
644.039,957.0,1606.0,2008,5,71,12187.2
644.157,1086.5,1606.0,2008,5,71,12196.8
644.276,1086.5,1606.0,2008,5,71,12144.9
644.407,666.6,1606.0,2008,10,73,12055.7
644.525,666.6,1606.0,2008,100,75,12055.7
644.644,666.6,1606.0,2008,100,76,12055.7
644.762,698.1,1606.0,2008,87,73,12028.3
644.88,827.6,1606.0,2008,5,72,12050.3
644.998,827.6,1606.0,2008,5,71,12072.1
645.116,957.1,1606.0,2008,4,71,12099.6
645.235,957.1,1606.0,2008,6,71,12107.0
645.353,1086.6,1606.0,2008,6,71,12132.3
645.471,1086.6,1606.0,2008,6,71,12158.0
645.59,1094.0,1606.0,2008,4,71,12179.0
645.708,666.6,1606.0,2008,63,75,12179.0
645.827,666.6,1606.0,2008,63,76,12179.0
645.945,666.6,1606.0,2008,100,74,12169.7
646.064,827.6,1606.0,2008,31,72,12194.1
646.183,827.6,1606.0,2008,4,72,12218.0
646.301,827.6,1606.0,2008,4,71,12244.1
646.42,957.1,1606.0,2008,5,71,12249.6
646.538,957.1,1606.0,2008,4,71,12226.5
646.657,1086.6,1606.0,2008,4,71,12253.0
646.777,1086.6,1606.0,2008,6,71,12273.0
646.895,666.6,1606.0,2008,42,74,12266.6
647.014,666.6,1606.0,2008,100,75,12256.8
647.135,666.6,1606.0,2008,100,75,12253.5
647.256,827.6,1606.0,2008,58,72,12275.1
647.375,827.6,1606.0,2008,7,72,12295.9
647.495,957.1,1606.0,2008,7,71,12318.8
647.614,957.1,1606.0,2008,5,71,12339.9
647.733,1086.6,1606.0,2008,6,71,12362.4
647.853,641.3,1606.0,2008,30,73,12373.8
647.972,641.3,1606.0,2008,30,75,12363.8
648.092,641.3,1606.0,2008,100,76,12354.0
648.212,641.3,1606.0,2008,67,73,12398.7
648.339,641.3,1606.0,2008,67,72,12467.1
648.468,641.3,1606.0,2008,1,72,12490.0
648.598,641.3,1606.0,2008,0,71,12525.4
648.726,641.3,1606.0,2008,1,71,12547.9
648.853,641.3,1606.0,2008,1,71,12566.1
648.986,641.3,1606.0,2008,1,71,12571.5
649.124,641.3,1606.0,2008,0,71,12609.2
649.263,641.3,1606.0,2008,1,71,12459.0
649.392,641.3,1606.0,2008,1,71,12230.5
649.519,641.3,1606.0,2008,1,71,11835.1
649.644,641.3,1606.0,2008,0,71,11872.0
649.774,641.3,1606.0,2008,1,71,11914.5
649.901,641.3,1606.0,2008,1,71,12019.2
650.028,641.3,1606.0,2008,0,71,12078.3
650.154,641.3,1606.0,2008,0,71,12126.4
650.281,641.3,1606.0,2008,1,71,12168.8
650.408,641.3,1606.0,2008,1,71,12260.6
650.537,641.3,1606.0,2008,0,71,12320.5
650.666,641.3,1606.0,2008,0,71,12381.2
650.793,641.3,1606.0,2008,1,71,12424.9
650.918,641.3,1606.0,2008,1,71,12511.6
651.045,641.3,1606.0,2008,0,71,12568.5
651.174,641.3,1606.0,2008,0,71,12623.8
651.302,641.3,1606.0,2008,1,71,12684.0
651.427,641.3,1606.0,2008,1,71,12769.1
651.554,641.3,1606.0,2008,0,71,12824.8
651.681,641.3,1606.0,2008,0,71,12874.1
651.808,641.3,1606.0,2008,1,71,12935.3
651.934,641.3,1606.0,2008,1,71,12850.8
652.063,641.3,1606.0,2008,0,72,12906.9
652.192,641.3,1606.0,2008,0,71,12876.1
652.32,641.3,1606.0,2008,1,71,12915.7
652.447,641.3,1606.0,2008,1,71,13014.4
652.574,641.3,1606.0,2008,0,72,13070.6
652.701,641.3,1606.0,2008,1,72,13112.0
652.828,641.3,1606.0,2008,1,71,13152.3
652.955,641.3,1606.0,2008,1,71,13114.8
653.082,641.3,1606.0,2008,0,71,13128.1
653.211,641.3,1606.0,2008,1,71,13174.4
653.338,641.3,1606.0,2008,1,71,13205.2
653.47,641.3,1606.0,2008,1,71,13248.5
653.597,641.3,1606.0,2008,0,72,13291.2
653.724,641.3,1606.0,2008,1,71,13322.7
653.852,641.3,1606.0,2008,1,72,13382.6
653.98,633.7,1606.0,2008,1,72,12690.1
654.099,638.0,1606.0,2008,0,72,12710.1
654.217,823.6,1606.0,2008,5,72,12734.2
654.335,823.6,1606.0,2008,5,72,12758.6
654.453,953.1,1606.0,2008,7,72,12784.2
654.572,953.1,1606.0,2008,6,72,12811.0
654.69,1082.6,1606.0,2008,6,72,12837.6
654.809,666.7,1606.0,2008,8,73,12850.4
654.927,666.7,1606.0,2008,75,77,12850.4
655.045,666.7,1606.0,2008,100,76,12850.4
655.167,827.7,1606.0,2008,100,72,12871.5
655.285,827.7,1606.0,2008,12,72,12899.7
655.404,957.2,1606.0,2008,7,71,12923.5
655.522,957.2,1606.0,2008,7,71,12952.0
655.64,1086.7,1606.0,2008,6,71,12977.6
655.758,666.8,1606.0,2008,7,71,12995.5
655.876,666.8,1606.0,2008,7,75,12995.5
655.994,666.8,1606.0,2008,93,76,12995.5
656.112,698.3,1606.0,2008,88,73,13014.3
656.23,827.8,1606.0,2008,7,72,13042.9
656.349,957.3,1606.0,2008,7,72,13069.6
656.468,957.3,1606.0,2008,8,72,13101.9
656.586,1086.8,1606.0,2008,5,71,13134.1
656.705,666.8,1606.0,2008,5,74,13151.0
656.822,666.8,1606.0,2008,44,78,13151.0
656.942,666.8,1606.0,2008,100,76,13151.0
657.06,698.3,1606.0,2008,43,72,13178.7
657.18,827.8,1606.0,2008,43,72,13213.2
657.298,957.3,1606.0,2008,7,72,13246.8
657.416,957.3,1606.0,2008,7,71,13112.8
657.534,1086.8,1606.0,2008,7,71,13114.6
657.654,666.8,1606.0,2008,8,73,13114.3
657.772,666.8,1606.0,2008,84,77,13092.1
657.892,666.8,1606.0,2008,84,75,13068.3
658.01,827.8,1606.0,2008,98,72,13086.4
658.129,827.8,1606.0,2008,6,72,13116.1
658.248,957.3,1606.0,2008,7,71,13144.3
658.366,957.3,1606.0,2008,7,71,13171.8
658.484,1086.8,1606.0,2008,8,71,13200.9
658.602,666.9,1606.0,2008,20,73,13214.3
658.72,666.9,1606.0,2008,20,76,13214.3
658.838,666.9,1606.0,2008,100,76,13214.3
658.958,827.9,1606.0,2008,69,72,13241.0
659.076,827.9,1606.0,2008,6,72,13271.1
659.195,957.4,1606.0,2008,6,72,13187.7
659.315,1086.9,1606.0,2008,9,71,13168.4
659.434,1086.9,1606.0,2008,6,71,13145.6
659.557,666.9,1606.0,2008,6,73,13129.9
659.675,666.9,1606.0,2008,59,77,13129.9
659.796,666.9,1606.0,2008,100,76,13137.8
659.914,827.9,1606.0,2008,28,72,13169.8
660.033,827.9,1606.0,2008,28,71,13193.1
660.151,957.4,1606.0,2008,5,71,13219.6
660.27,957.4,1606.0,2008,6,71,13244.2
660.388,1086.9,1606.0,2008,6,71,13270.6
660.506,1100.5,1606.0,2008,7,71,13151.4
660.625,666.9,1606.0,2008,52,76,13151.4
660.743,666.9,1606.0,2008,100,76,13151.4
660.864,670.4,1606.0,2008,100,72,13165.3
660.982,827.9,1606.0,2008,39,71,13195.7
661.1,827.9,1606.0,2008,6,71,13223.8
661.218,957.4,1606.0,2008,6,71,13254.5
661.335,957.4,1606.0,2008,7,71,13286.3
661.454,1086.9,1606.0,2008,7,70,13320.1
661.573,667.0,1606.0,2008,51,71,13331.1
661.695,667.0,1606.0,2008,51,76,13319.2
661.815,667.0,1606.0,2008,100,75,13311.2
661.935,828.0,1606.0,2008,40,71,13335.9
662.055,828.0,1606.0,2008,40,71,13358.5
662.175,957.5,1606.0,2008,7,71,13383.9
662.295,1087.0,1606.0,2008,7,71,13412.5
662.414,1087.0,1606.0,2008,7,71,13434.4
662.534,667.0,1606.0,2008,7,73,13429.3
662.654,667.0,1606.0,2008,87,77,13419.5
662.777,670.5,1606.0,2008,93,73,13421.7
662.899,828.0,1606.0,2008,93,72,13432.5
663.019,957.5,1606.0,2008,8,71,13441.5
663.139,957.5,1606.0,2008,7,71,13451.1
663.259,1087.0,1606.0,2008,7,71,13466.3
663.382,667.0,1606.0,2008,7,73,13475.8
663.512,667.0,1606.0,2008,45,77,13467.8
663.632,667.0,1606.0,2008,100,75,13459.4
663.755,698.5,1606.0,2008,43,72,13453.3
663.921,828.0,1606.0,2008,1,71,13409.0
664.225,957.5,1606.0,2008,2,71,13374.8
664.564,957.5,1606.0,2008,2,71,13344.0
664.89,1087.0,1606.0,2008,1,71,13302.4
665.219,667.0,1606.0,2008,54,75,13291.8
665.409,667.0,1606.0,2008,54,77,13281.8
665.533,828.1,1606.0,2008,100,72,13277.3
665.676,957.6,1606.0,2008,5,71,13243.0
666.017,957.6,1606.0,2008,4,71,13207.0
666.343,1087.1,1606.0,2008,4,71,13177.1
666.667,667.1,1606.0,2008,7,75,13165.6
666.855,667.1,1606.0,2008,100,75,13154.5
666.986,698.6,1606.0,2008,4,72,13137.6
667.214,828.1,1606.0,2008,4,71,13105.2
667.55,957.6,1606.0,2008,1,71,13056.5
667.918,1087.1,1606.0,2008,1,71,13016.2
668.239,1087.1,1606.0,2008,100,77,12991.2
668.56,667.1,1606.0,2008,100,76,12981.2
668.685,828.1,1606.0,2008,2,72,12953.7
668.999,828.1,1606.0,2008,2,71,12927.3
669.284,957.6,1606.0,2008,2,71,12895.7
669.595,957.6,1606.0,2008,1,71,12864.1
669.929,1087.1,1606.0,2008,2,71,12833.6
670.24,667.1,1606.0,2008,2,72,12827.8
670.371,667.1,1606.0,2008,75,77,12810.7
670.53,698.6,1606.0,2008,10,72,12781.4
670.802,828.1,1606.0,2008,2,71,12756.0
671.078,957.6,1606.0,2008,6,71,12726.7
671.4,1087.1,1606.0,2008,5,71,12701.3
671.679,667.2,1606.0,2008,4,76,12687.8
671.895,667.2,1606.0,2008,93,76,12677.4
672.022,828.2,1606.0,2008,87,72,12666.2
672.22,828.2,1606.0,2008,5,72,12635.4
672.401,957.7,1606.0,2008,5,72,12604.8
672.522,1087.2,1606.0,2008,9,72,12625.6
672.642,667.2,1606.0,2008,33,73,12183.2
672.762,667.2,1606.0,2008,33,77,12090.4
672.883,667.2,1606.0,2008,100,76,12090.8
673.001,828.2,1606.0,2008,55,72,12113.6
673.12,828.2,1606.0,2008,55,72,12136.6
673.238,957.7,1606.0,2008,7,72,12165.2
673.357,957.7,1606.0,2008,6,72,12190.6
673.476,1087.2,1606.0,2008,7,72,12216.3
673.594,1087.2,1606.0,2008,7,72,12236.1
673.713,667.2,1606.0,2008,30,76,12236.1
673.83,667.2,1606.0,2008,100,76,12236.1
673.949,698.7,1606.0,2008,100,73,12249.7
674.067,828.2,1606.0,2008,57,72,12273.5
674.185,957.7,1606.0,2008,8,72,12297.0
674.302,957.7,1606.0,2008,7,72,12316.8
674.421,1087.2,1606.0,2008,7,72,12335.9
674.54,667.3,1606.0,2008,7,74,12354.0
674.657,667.3,1606.0,2008,77,77,12354.0
674.775,667.3,1606.0,2008,77,76,12354.0
674.893,698.8,1606.0,2008,100,73,12345.6
675.013,828.3,1606.0,2008,10,72,12230.9
675.132,957.8,1606.0,2008,8,72,12254.0
675.25,1087.3,1606.0,2008,8,71,12268.2
675.368,1087.3,1606.0,2008,7,71,12249.2
675.494,667.3,1606.0,2008,45,72,12240.2
675.611,667.3,1606.0,2008,45,77,12240.2
675.729,667.3,1606.0,2008,100,75,12243.1
675.848,828.3,1606.0,2008,45,72,12252.0
675.967,957.8,1606.0,2008,9,72,12239.8
676.085,1087.3,1606.0,2008,9,72,12127.5
676.203,1087.3,1606.0,2008,7,72,12124.9
676.323,667.3,1606.0,2008,27,73,12136.8
676.441,667.3,1606.0,2008,27,77,12136.8
676.558,667.3,1606.0,2008,100,76,12136.9
676.676,698.8,1606.0,2008,58,72,12151.9
676.795,828.3,1606.0,2008,58,72,12157.0
676.914,957.8,1606.0,2008,6,72,12184.3
677.032,957.8,1606.0,2008,9,71,12210.4
677.15,1087.3,1606.0,2008,7,71,12235.4
677.268,667.4,1606.0,2008,7,73,12248.6
677.386,667.4,1606.0,2008,50,77,12248.7
677.506,667.4,1606.0,2008,100,76,12248.7
677.624,698.9,1606.0,2008,100,72,12267.4
677.742,828.4,1606.0,2008,38,72,12291.5
677.86,957.9,1606.0,2008,7,71,12317.4
677.978,1087.4,1606.0,2008,8,71,12342.9
678.096,1087.4,1606.0,2008,8,71,12365.9
678.214,667.4,1606.0,2008,6,72,12383.1
678.332,667.4,1606.0,2008,79,75,12357.6
678.451,667.4,1606.0,2008,79,76,12320.8
678.57,828.4,1606.0,2008,100,73,12339.9
678.69,828.4,1606.0,2008,10,72,12360.6
678.811,957.9,1606.0,2008,8,71,12382.2
678.931,1087.4,1606.0,2008,8,71,12404.4
679.05,1087.4,1606.0,2008,7,71,12423.4
679.17,667.4,1606.0,2008,66,75,12413.8
679.289,667.4,1606.0,2008,66,77,12404.0
679.409,698.9,1606.0,2008,100,73,12412.3
679.529,828.4,1606.0,2008,22,72,12425.3
679.649,957.9,1606.0,2008,8,71,12448.9
679.769,957.9,1606.0,2008,8,71,12476.8
679.889,1087.4,1606.0,2008,7,71,12505.4
680.009,667.4,1606.0,2008,10,72,12522.7
680.129,667.4,1606.0,2008,10,75,12512.9
680.249,667.4,1606.0,2008,100,76,12503.3
680.369,699.0,1606.0,2008,80,73,12520.7
680.489,828.5,1606.0,2008,7,72,12527.3
680.71,958.0,1606.0,2008,2,72,12515.3
680.966,958.0,1606.0,2008,4,72,12491.1
681.264,1087.5,1606.0,2008,4,72,12475.8
681.488,667.5,1606.0,2008,51,74,12080.9
681.609,667.5,1606.0,2008,51,77,11674.9
681.732,667.5,1606.0,2008,100,74,11684.1
681.851,828.5,1606.0,2008,33,72,11713.0
681.97,828.5,1606.0,2008,33,71,11741.2
682.088,958.0,1606.0,2008,6,71,11770.9
682.207,1087.5,1606.0,2008,8,71,11799.5
682.325,1087.5,1606.0,2008,8,71,11829.7
682.443,667.5,1606.0,2008,7,72,11834.1
682.56,667.5,1606.0,2008,90,77,11834.1
682.678,667.5,1606.0,2008,92,75,11841.1
682.796,828.5,1606.0,2008,92,72,11874.3
682.913,828.5,1606.0,2008,7,72,11903.9
683.031,958.0,1606.0,2008,6,71,11936.7
683.149,958.0,1606.0,2008,6,71,11970.7
683.267,1087.5,1606.0,2008,7,71,12002.9
683.385,667.5,1606.0,2008,7,73,12021.3
683.503,667.5,1606.0,2008,94,77,12021.3
683.62,667.5,1606.0,2008,94,76,12021.3
683.739,699.0,1606.0,2008,85,72,12045.5
683.857,828.5,1606.0,2008,7,72,12053.7
683.976,958.0,1606.0,2008,7,72,12090.7
684.094,958.0,1606.0,2008,7,71,12127.4
684.213,1087.5,1606.0,2008,6,71,12161.7
684.332,642.2,1606.0,2008,6,73,12179.1
684.45,642.2,1606.0,2008,44,78,12179.1
684.568,642.2,1606.0,2008,100,76,12179.2
684.686,642.2,1606.0,2008,42,72,12186.0
684.815,642.2,1606.0,2008,42,71,12175.6
684.943,642.2,1606.0,2008,1,71,12185.1
685.072,642.2,1606.0,2008,0,71,12206.1
685.201,642.2,1606.0,2008,1,71,12301.9
685.328,642.2,1606.0,2008,1,71,12349.7
685.455,642.2,1606.0,2008,1,71,12404.1
685.582,642.2,1606.0,2008,0,71,12434.3
685.711,642.2,1606.0,2008,1,71,12350.0
685.852,642.2,1606.0,2008,1,71,12380.6
685.979,642.2,1606.0,2008,1,71,12428.4
686.115,642.2,1606.0,2008,0,71,12456.5
686.244,642.2,1606.0,2008,1,71,12469.4
686.372,642.2,1606.0,2008,1,71,12547.7
686.499,642.2,1606.0,2008,1,71,12575.4
686.626,642.2,1606.0,2008,0,71,12614.5
686.752,642.2,1606.0,2008,1,71,12639.3
686.879,642.2,1606.0,2008,1,71,12665.1
687.006,642.2,1606.0,2008,0,71,12668.4
687.135,642.2,1606.0,2008,0,71,12743.1
687.266,642.2,1606.0,2008,1,71,12775.6
687.394,642.2,1606.0,2008,1,71,12816.2
687.523,642.2,1606.0,2008,0,71,12844.7
687.652,642.2,1606.0,2008,0,71,12871.8
687.779,642.2,1606.0,2008,1,71,12869.6
687.909,642.2,1606.0,2008,1,71,12926.7
688.037,642.2,1606.0,2008,0,71,12988.7
688.172,642.2,1606.0,2008,1,70,13017.0
688.332,642.2,1606.0,2008,1,70,13037.4
688.537,642.2,1606.0,2008,0,70,13059.5
688.722,642.2,1606.0,2008,1,70,13067.7
688.909,642.2,1606.0,2008,0,70,13078.2
689.177,642.2,1606.0,2008,1,70,13082.2
689.471,642.2,1606.0,2008,2,70,13087.8
689.7,642.2,1606.0,2008,2,71,13088.5
689.98,642.2,1606.0,2008,0,71,13091.1
690.24,642.2,1606.0,2008,2,71,13054.7
690.604,642.2,1606.0,2008,0,70,13055.2
690.801,642.2,1606.0,2008,2,70,13051.2
691.117,642.2,1606.0,2008,0,70,12960.8
691.704,642.2,1606.0,2008,2,70,12945.3
692.014,642.2,1606.0,2008,2,70,12953.8
692.145,642.2,1606.0,2008,0,70,12968.2
692.298,642.2,1606.0,2008,1,70,12663.5
692.426,642.2,1606.0,2008,1,70,12467.0
692.555,642.2,1606.0,2008,0,70,12587.4
692.681,642.2,1606.0,2008,0,70,12635.8
692.809,642.2,1606.0,2008,1,70,12690.6
692.934,642.2,1606.0,2008,1,70,12721.8
693.061,642.2,1606.0,2008,0,70,12792.5
693.189,642.2,1606.0,2008,0,70,12849.0
693.316,642.2,1606.0,2008,1,70,12944.2
693.446,642.2,1606.0,2008,1,70,12887.8
693.571,633.9,1606.0,2008,0,70,12007.5
693.69,694.3,1606.0,2008,0,70,12040.5
693.808,823.8,1606.0,2008,5,70,12065.2
693.927,823.8,1606.0,2008,6,70,12091.0
694.045,953.3,1606.0,2008,6,70,12117.9
694.163,1082.8,1606.0,2008,6,70,12145.9
694.281,1082.8,1606.0,2008,7,70,12170.7
694.4,667.2,1606.0,2008,59,72,12171.1
694.518,667.2,1606.0,2008,59,75,12171.1
694.637,667.2,1606.0,2008,100,73,12175.0
694.756,828.2,1606.0,2008,47,72,12200.5
694.874,828.2,1606.0,2008,7,71,12228.2
694.993,957.7,1606.0,2008,7,71,12254.1
695.111,1087.2,1606.0,2008,6,71,12280.0
695.229,1087.2,1606.0,2008,7,71,12307.8
695.347,667.2,1606.0,2008,7,74,12322.5
695.465,667.2,1606.0,2008,50,78,12322.5
695.584,667.2,1606.0,2008,100,75,12322.5
695.703,698.7,1606.0,2008,100,72,12346.9
695.822,828.2,1606.0,2008,38,71,12375.0
695.94,957.7,1606.0,2008,8,71,12400.6
696.058,957.7,1606.0,2008,6,70,12427.4
696.176,1087.2,1606.0,2008,6,70,12455.6
696.294,667.3,1606.0,2008,8,71,12465.8
696.412,667.3,1606.0,2008,94,74,12465.8
696.53,667.3,1606.0,2008,94,76,12465.8
696.648,828.3,1606.0,2008,95,72,12492.7
696.765,828.3,1606.0,2008,7,71,12521.1
696.883,957.8,1606.0,2008,7,71,12551.0
697.001,957.8,1606.0,2008,7,71,12576.9
697.12,1087.3,1606.0,2008,7,71,12601.1
697.237,667.3,1606.0,2008,35,73,12612.0
697.355,667.3,1606.0,2008,35,76,12612.0
697.474,667.3,1606.0,2008,100,75,12612.0
697.592,828.3,1606.0,2008,54,72,12632.1
697.71,828.3,1606.0,2008,54,71,12663.4
697.828,957.8,1606.0,2008,8,71,12692.2
697.946,1087.3,1606.0,2008,8,71,12726.9
698.064,1087.3,1606.0,2008,6,71,12755.6
698.182,667.3,1606.0,2008,6,72,12765.5
698.301,667.3,1606.0,2008,77,76,12765.5
698.42,667.3,1606.0,2008,100,75,12769.5
698.538,828.3,1606.0,2008,100,72,12799.1
698.656,828.3,1606.0,2008,13,71,12826.6
698.774,957.8,1606.0,2008,8,71,12853.0
698.892,1087.3,1606.0,2008,7,71,12878.4
699.011,1087.3,1606.0,2008,7,71,12905.2
699.129,667.3,1606.0,2008,16,72,12916.4
699.247,667.3,1606.0,2008,100,75,12916.4
699.364,667.3,1606.0,2008,100,76,12918.6
699.482,828.4,1606.0,2008,74,72,12948.1
699.6,828.4,1606.0,2008,7,71,12644.9
699.719,957.9,1606.0,2008,7,71,12679.7
699.837,1087.4,1606.0,2008,7,71,12707.3
699.955,1087.4,1606.0,2008,7,71,12734.9
700.072,667.4,1606.0,2008,48,72,12742.6
700.19,667.4,1606.0,2008,48,77,12742.6
700.312,667.4,1606.0,2008,100,74,12746.5
700.429,828.4,1606.0,2008,41,71,12781.3
700.548,828.4,1606.0,2008,41,71,12812.2
700.666,957.9,1606.0,2008,7,70,12846.4
700.784,1087.4,1606.0,2008,7,70,12884.0
700.903,1087.4,1606.0,2008,7,70,12915.8
701.021,667.4,1606.0,2008,7,71,12924.8
701.139,667.4,1606.0,2008,75,76,12924.8
701.257,667.4,1606.0,2008,100,75,12924.8
701.375,828.4,1606.0,2008,100,72,12939.2
701.495,828.4,1606.0,2008,16,71,12714.5
701.617,957.9,1606.0,2008,7,71,12746.7
701.735,1087.4,1606.0,2008,7,71,12782.0
701.853,1087.4,1606.0,2008,7,70,12810.4
701.97,667.4,1606.0,2008,7,72,12823.3
702.088,667.4,1606.0,2008,98,75,12823.3
702.207,667.4,1606.0,2008,98,76,12823.3
702.325,828.5,1606.0,2008,85,72,12844.7
702.443,828.5,1606.0,2008,7,71,12862.7
702.561,958.0,1606.0,2008,7,71,12881.8
702.678,1087.5,1606.0,2008,7,71,12904.2
702.796,1087.5,1606.0,2008,7,71,12888.8
702.915,667.5,1606.0,2008,50,72,12848.0
703.034,667.5,1606.0,2008,50,77,12837.7
703.153,667.5,1606.0,2008,100,74,12830.5
703.273,828.5,1606.0,2008,39,71,12849.2
703.395,958.0,1606.0,2008,39,71,12880.0
703.515,958.0,1606.0,2008,8,71,12907.3
703.636,1087.5,1606.0,2008,7,70,12925.4
703.756,667.5,1606.0,2008,64,72,12916.7
703.876,667.5,1606.0,2008,64,76,12907.1
703.996,671.0,1606.0,2008,100,74,12905.5
704.116,828.5,1606.0,2008,35,71,12921.7
704.237,958.0,1606.0,2008,35,71,12942.7
704.356,1087.5,1606.0,2008,8,71,12961.5
704.476,667.5,1606.0,2008,8,72,12969.0
704.596,667.5,1606.0,2008,94,75,12959.3
704.718,667.5,1606.0,2008,94,76,12949.8
704.837,828.5,1606.0,2008,90,72,12965.5
704.957,828.5,1606.0,2008,8,71,12986.6
705.076,958.0,1606.0,2008,8,71,13001.5
705.196,1087.5,1606.0,2008,8,71,13017.4
705.316,667.6,1606.0,2008,8,73,13029.0
705.436,667.6,1606.0,2008,88,77,13019.3
705.556,667.6,1606.0,2008,88,76,13009.8
705.676,828.6,1606.0,2008,94,72,13026.4
705.796,828.6,1606.0,2008,7,72,13046.7
705.917,958.1,1606.0,2008,7,71,13069.9
706.037,1087.6,1606.0,2008,7,71,13090.2
706.156,1087.6,1606.0,2008,8,73,13097.7
706.336,667.6,1606.0,2008,45,77,13087.2
706.464,667.6,1606.0,2008,100,75,13077.1
706.587,828.6,1606.0,2008,43,72,13082.7
706.724,828.6,1606.0,2008,5,71,13078.4
706.96,958.1,1606.0,2008,5,71,13076.5
707.203,1087.6,1606.0,2008,5,71,13076.7
707.427,667.6,1606.0,2008,46,72,13071.6
707.571,667.6,1606.0,2008,46,77,13062.2
707.693,667.6,1606.0,2008,100,73,13058.5
707.821,828.6,1606.0,2008,44,71,13065.1
708.009,958.1,1606.0,2008,6,71,13059.1
708.225,1087.6,1606.0,2008,5,71,13034.5
708.494,667.7,1606.0,2008,90,76,13016.4
708.752,667.7,1606.0,2008,90,76,13007.0
708.877,828.7,1606.0,2008,6,72,12988.1
709.145,828.7,1606.0,2008,1,71,12951.3
709.466,958.2,1606.0,2008,2,71,12923.5
709.772,1087.7,1606.0,2008,2,71,12894.0
710.08,1068.4,1606.0,2008,100,77,12871.1
710.407,667.7,1606.0,2008,100,73,12864.2
710.546,828.7,1606.0,2008,5,71,12835.2
710.863,958.2,1606.0,2008,4,71,12809.8
711.146,958.2,1606.0,2008,1,71,12781.0
711.448,1087.7,1606.0,2008,2,71,12755.1
711.747,667.7,1606.0,2008,2,75,12746.1
711.877,667.7,1606.0,2008,82,77,12736.0
712.001,671.2,1606.0,2008,100,73,12733.8
712.138,828.7,1606.0,2008,2,71,12704.6
712.471,958.2,1606.0,2008,2,71,12675.0
712.777,1087.7,1606.0,2008,2,71,12656.7
712.899,667.7,1606.0,2008,6,73,12660.3
713.019,667.7,1606.0,2008,71,77,12649.0
713.142,667.7,1606.0,2008,100,76,12176.0
713.261,828.8,1606.0,2008,100,72,12149.1
713.38,958.3,1606.0,2008,21,72,12176.4
713.497,1087.8,1606.0,2008,9,71,12203.2
713.616,1087.8,1606.0,2008,9,71,12238.1
713.734,667.8,1606.0,2008,7,72,12246.1
713.852,667.8,1606.0,2008,79,77,12246.2
713.97,667.8,1606.0,2008,100,76,12246.6
714.09,828.8,1606.0,2008,100,72,12275.8
714.209,828.8,1606.0,2008,13,72,12306.0
714.328,958.3,1606.0,2008,7,71,12334.7
714.446,1087.8,1606.0,2008,7,71,12361.7
714.564,1087.8,1606.0,2008,8,71,12352.5
714.685,667.8,1606.0,2008,31,73,12118.4
714.803,667.8,1606.0,2008,100,77,12118.4
714.921,667.8,1606.0,2008,100,74,12128.8
715.039,828.8,1606.0,2008,59,72,12161.0
715.157,958.3,1606.0,2008,8,72,12169.6
715.277,958.3,1606.0,2008,8,72,12064.8
715.398,1087.8,1606.0,2008,7,72,12080.7
715.516,1087.8,1606.0,2008,7,72,12107.1
715.635,667.8,1606.0,2008,70,77,12107.1
715.753,667.8,1606.0,2008,70,76,12107.1
715.872,671.3,1606.0,2008,100,74,12119.1
715.99,828.9,1606.0,2008,18,72,12146.0
716.108,828.9,1606.0,2008,18,71,12171.6
716.226,958.4,1606.0,2008,7,71,12200.5
716.344,1087.9,1606.0,2008,6,71,12229.0
716.463,1087.9,1606.0,2008,7,71,12255.3
716.581,667.9,1606.0,2008,7,72,12266.3
716.7,667.9,1606.0,2008,74,76,12266.3
716.818,667.9,1606.0,2008,100,76,12266.3
716.938,828.9,1606.0,2008,100,72,12293.9
717.056,828.9,1606.0,2008,16,71,12317.3
717.174,958.4,1606.0,2008,6,71,12323.1
717.292,958.4,1606.0,2008,6,71,12309.7
717.41,1087.9,1606.0,2008,6,71,12310.1
717.531,1087.9,1606.0,2008,6,71,12348.4
717.651,667.9,1606.0,2008,50,73,12349.1
717.77,667.9,1606.0,2008,50,76,12339.2
717.89,667.9,1606.0,2008,100,74,12337.1
718.01,828.9,1606.0,2008,42,72,12369.1
718.13,958.4,1606.0,2008,42,71,12398.5
718.249,958.4,1606.0,2008,8,71,12430.1
718.369,1087.9,1606.0,2008,7,71,12462.4
718.489,667.9,1606.0,2008,31,72,12470.0
718.609,667.9,1606.0,2008,31,75,12460.5
718.73,667.9,1606.0,2008,100,76,12450.9
718.852,828.9,1606.0,2008,61,72,12479.6
718.973,828.9,1606.0,2008,8,72,12507.8
719.093,958.4,1606.0,2008,8,72,12534.8
719.215,1087.9,1606.0,2008,9,71,12562.7
719.334,668.0,1606.0,2008,26,73,12569.6
719.455,668.0,1606.0,2008,26,77,12559.8
719.578,668.0,1606.0,2008,100,76,12550.1
719.699,829.0,1606.0,2008,64,72,12575.4
719.825,829.0,1606.0,2008,5,72,12579.9
720.069,958.5,1606.0,2008,4,71,12564.3
720.351,958.5,1606.0,2008,2,71,12532.8
720.669,1088.0,1606.0,2008,1,71,12511.9
720.985,668.0,1606.0,2008,52,73,12198.2
721.111,668.0,1606.0,2008,52,76,12001.6
721.23,668.0,1606.0,2008,100,77,12004.5
721.348,829.0,1606.0,2008,43,72,12036.3
721.467,829.0,1606.0,2008,43,72,12067.0
721.585,958.5,1606.0,2008,8,72,12103.0
721.703,1088.0,1606.0,2008,7,72,12136.1
721.821,1088.0,1606.0,2008,7,71,12047.1
721.942,642.7,1606.0,2008,7,74,12050.1
722.06,642.7,1606.0,2008,91,77,12050.1
722.178,642.7,1606.0,2008,93,74,12074.4
722.296,642.7,1606.0,2008,93,72,12186.8
722.424,642.7,1606.0,2008,0,72,12246.9
722.55,642.7,1606.0,2008,1,71,12283.1
722.679,642.7,1606.0,2008,1,71,12309.1
722.808,642.7,1606.0,2008,1,71,12420.6
722.934,642.7,1606.0,2008,0,71,12467.7
723.062,642.7,1606.0,2008,1,71,12414.7
723.191,642.7,1606.0,2008,1,71,12373.9
723.32,642.7,1606.0,2008,0,71,12366.0
723.447,642.7,1606.0,2008,0,71,12437.9
723.575,642.7,1606.0,2008,1,71,12486.4
723.703,642.7,1606.0,2008,1,71,12546.9
723.83,642.7,1606.0,2008,0,71,12579.0
723.955,642.7,1606.0,2008,0,71,12511.9
724.096,642.7,1606.0,2008,1,71,12499.3
724.224,642.7,1606.0,2008,1,71,12536.5
724.353,642.7,1606.0,2008,0,71,12567.4
724.481,642.7,1606.0,2008,0,71,12681.0
724.607,642.7,1606.0,2008,1,71,12726.5
724.734,642.7,1606.0,2008,1,71,12782.7
724.861,642.7,1606.0,2008,0,71,12769.0
724.994,642.7,1606.0,2008,1,71,12735.4
725.121,642.7,1606.0,2008,1,71,12665.1
725.261,642.7,1606.0,2008,1,71,12718.8
725.39,642.7,1606.0,2008,0,71,12780.1
725.517,642.7,1606.0,2008,1,71,12808.6
725.643,642.7,1606.0,2008,1,71,12899.2
725.772,642.7,1606.0,2008,1,71,12960.4
725.899,642.7,1606.0,2008,0,71,12998.4
726.026,642.7,1606.0,2008,1,71,13027.4
726.154,642.7,1606.0,2008,1,71,13017.8
726.282,642.7,1606.0,2008,1,71,13048.8
726.41,642.7,1606.0,2008,0,71,13086.3
726.538,642.7,1606.0,2008,1,71,13113.3
726.663,642.7,1606.0,2008,1,71,13144.3
726.791,642.7,1606.0,2008,1,71,13151.2
726.918,642.7,1606.0,2008,1,71,13229.8
727.045,642.7,1606.0,2008,0,71,13263.0
727.173,642.7,1606.0,2008,1,71,13304.6
727.3,642.7,1606.0,2008,1,71,13334.9
727.428,642.7,1606.0,2008,1,71,13365.1
727.555,642.7,1606.0,2008,0,71,13363.1
727.682,642.7,1606.0,2008,1,71,13414.7
727.81,642.7,1606.0,2008,1,71,13439.5
727.939,642.7,1606.0,2008,1,71,13461.5
728.066,642.7,1606.0,2008,1,71,13538.0
728.296,642.7,1606.0,2008,1,71,13471.9
729.02,642.7,1606.0,2008,1,71,13362.2
729.809,642.7,1606.0,2008,1,72,13299.8
730.281,633.7,1606.0,2008,1,71,12613.5
730.403,664.2,1606.0,2008,1,71,12643.8
730.524,825.2,1606.0,2008,6,71,12672.3
730.645,825.2,1606.0,2008,6,71,12699.4
730.765,954.7,1606.0,2008,8,71,12726.9
730.886,1084.2,1606.0,2008,8,71,12756.5
731.006,669.9,1626.0,2028,8,73,12762.6
731.126,669.9,1626.0,2028,49,75,12752.9
731.246,669.9,1626.0,2028,100,76,12743.4
731.367,669.9,1626.0,2028,100,76,12734.1
731.487,669.9,1626.0,2028,100,76,12725.0
731.607,701.4,1626.0,2028,100,73,12734.4
731.727,830.9,1626.0,2028,11,72,12761.6
731.848,960.4,1626.0,2028,11,72,12787.5
731.967,1089.9,1626.0,2028,8,72,12816.4
732.087,1089.9,1626.0,2028,7,72,12843.9
732.208,669.9,1626.0,2028,64,73,12834.7
732.328,669.9,1626.0,2028,64,77,12824.9
732.448,669.9,1626.0,2028,100,77,12815.1
732.567,669.9,1626.0,2028,100,76,12805.4
732.687,669.9,1626.0,2028,100,76,12799.2
732.806,830.9,1626.0,2028,89,73,12831.0
732.926,960.4,1626.0,2028,8,72,12852.5
733.046,960.4,1626.0,2028,8,72,12877.8
733.166,1089.9,1626.0,2028,8,72,12902.1
733.285,669.9,1626.0,2028,19,73,12893.9
733.405,669.9,1626.0,2028,100,76,12884.5
733.526,669.9,1626.0,2028,100,77,12875.2
733.646,669.9,1626.0,2028,100,77,12865.8
733.766,669.9,1626.0,2028,100,76,12859.3
733.886,830.9,1626.0,2028,39,73,12885.3
734.006,960.4,1626.0,2028,39,73,12914.0
734.125,960.4,1626.0,2028,7,72,12938.5
734.245,1089.9,1626.0,2028,9,72,12960.7
734.365,670.0,1626.0,2028,60,74,12955.9
734.485,670.0,1626.0,2028,60,76,12946.1
734.605,670.0,1626.0,2028,100,77,12936.3
734.726,670.0,1626.0,2028,100,77,12926.5
734.846,670.0,1626.0,2028,100,76,12916.8
734.967,831.0,1626.0,2028,92,73,12932.4
735.089,960.5,1626.0,2028,8,73,12960.0
735.21,960.5,1626.0,2028,9,73,12984.4
735.33,1090.0,1626.0,2028,9,72,13010.6
735.45,670.0,1626.0,2028,10,74,13011.8
735.57,670.0,1626.0,2028,100,77,13002.4
735.69,670.0,1626.0,2028,100,77,12993.0
735.811,670.0,1626.0,2028,100,77,12983.6
735.932,670.0,1626.0,2028,100,76,12974.1
736.053,831.0,1626.0,2028,48,74,12990.1
736.173,831.0,1626.0,2028,6,73,12971.8
736.458,960.5,1626.0,2028,3,72,12939.5
736.775,1090.0,1626.0,2028,3,72,12900.9
736.961,1090.0,1626.0,2028,3,72,12656.9
737.081,670.0,1626.0,2028,29,74,12348.8
737.2,670.0,1626.0,2028,29,77,12348.8
737.318,670.0,1626.0,2028,100,77,12348.8
737.436,670.0,1626.0,2028,100,77,12348.8
737.554,670.0,1626.0,2028,100,76,12348.8
737.672,701.5,1626.0,2028,100,74,12368.9
737.791,831.0,1626.0,2028,29,73,12395.3
737.909,960.5,1626.0,2028,7,73,12423.1
738.027,960.5,1626.0,2028,7,73,12453.7
738.145,1090.0,1626.0,2028,7,73,12480.1
738.263,1090.0,1626.0,2028,7,72,12508.5
738.381,670.0,1626.0,2028,75,74,12508.5
738.499,670.0,1626.0,2028,75,77,12508.5
738.617,670.0,1626.0,2028,100,77,12508.5
738.735,670.0,1626.0,2028,100,77,12508.5
738.853,670.0,1626.0,2028,100,76,12509.3
738.971,831.1,1626.0,2028,79,73,12504.7
739.091,831.1,1626.0,2028,7,73,12401.1
739.21,960.6,1626.0,2028,7,73,12433.8
739.328,1090.1,1626.0,2028,7,72,12464.8
739.446,1090.1,1626.0,2028,7,72,12493.7
739.564,670.1,1626.0,2028,39,75,12504.5
739.682,670.1,1626.0,2028,39,76,12504.5
739.801,670.1,1626.0,2028,100,77,12504.5
739.92,670.1,1626.0,2028,100,77,12504.5
740.039,670.1,1626.0,2028,100,76,12504.5
740.158,701.6,1626.0,2028,100,74,12522.1
740.276,831.1,1626.0,2028,21,73,12549.2
740.394,960.6,1626.0,2028,7,73,12577.8
740.512,960.6,1626.0,2028,7,72,12345.7
740.63,1090.1,1626.0,2028,7,72,12374.9
740.747,1090.1,1626.0,2028,7,72,12401.2
740.866,670.1,1626.0,2028,7,74,12401.2
740.984,670.1,1626.0,2028,89,77,12401.2
741.102,670.1,1626.0,2028,100,77,12401.2
741.219,670.1,1626.0,2028,100,77,12401.2
741.337,670.1,1626.0,2028,100,76,12401.2
741.455,831.1,1626.0,2028,68,73,12421.7
741.574,831.1,1626.0,2028,6,73,12442.5
741.692,960.6,1626.0,2028,6,73,12465.8
741.811,1090.1,1626.0,2028,8,73,12485.1
741.929,1090.1,1626.0,2028,7,72,12510.0
742.047,670.1,1626.0,2028,7,75,12523.7
742.165,670.1,1626.0,2028,46,76,12523.7
742.284,670.1,1626.0,2028,100,76,12523.7
742.403,670.1,1626.0,2028,100,77,12523.7
742.522,670.1,1626.0,2028,100,76,12523.7
742.64,670.1,1626.0,2028,100,74,12530.2
742.76,831.1,1626.0,2028,22,73,12552.9
742.878,831.1,1626.0,2028,22,72,12583.5
742.997,960.6,1626.0,2028,7,72,12476.5
743.115,1090.1,1626.0,2028,7,72,12442.0
743.233,670.2,1626.0,2028,7,75,12406.3
743.351,670.2,1626.0,2028,38,76,12406.3
743.47,670.2,1626.0,2028,100,77,12406.3
743.588,670.2,1626.0,2028,100,77,12406.3
743.707,670.2,1626.0,2028,100,76,12406.3
743.826,670.2,1626.0,2028,100,74,12412.7
743.944,831.2,1626.0,2028,30,73,12431.5
744.063,960.7,1626.0,2028,30,73,12454.5
744.182,960.7,1626.0,2028,7,72,12477.7
744.3,1090.2,1626.0,2028,8,72,12502.9
744.418,670.2,1626.0,2028,31,74,12518.7
744.536,670.2,1626.0,2028,31,76,12518.7
744.654,670.2,1626.0,2028,100,77,12518.7
744.773,670.2,1626.0,2028,100,77,12518.7
744.891,670.2,1626.0,2028,100,76,12518.7
745.01,673.7,1626.0,2028,100,74,12531.1
745.128,831.2,1626.0,2028,31,73,12458.4
745.248,960.7,1626.0,2028,8,73,12429.9
745.367,960.7,1626.0,2028,8,72,12452.0
745.485,1090.2,1626.0,2028,8,72,12472.7
745.604,670.2,1626.0,2028,7,72,12494.8
745.722,670.2,1626.0,2028,7,75,12494.8
745.84,670.2,1626.0,2028,100,77,12494.8
745.959,670.2,1626.0,2028,100,77,12494.8
746.077,670.2,1626.0,2028,100,76,12494.8
746.196,670.2,1626.0,2028,100,74,12503.2
746.314,831.2,1626.0,2028,45,73,12527.9
746.432,831.2,1626.0,2028,7,72,12517.2
746.551,960.7,1626.0,2028,7,72,12447.5
746.669,960.7,1626.0,2028,7,72,12422.3
746.787,1090.2,1626.0,2028,6,72,12447.2
746.905,670.3,1626.0,2028,6,74,12456.3
747.024,670.3,1626.0,2028,55,76,12456.3
747.142,670.3,1626.0,2028,100,76,12456.3
747.262,670.3,1626.0,2028,100,77,12456.3
747.38,670.3,1626.0,2028,100,76,12456.3
747.499,701.8,1626.0,2028,100,74,12468.8
747.618,831.3,1626.0,2028,8,73,12485.1
747.737,960.8,1626.0,2028,8,72,12505.4
747.856,960.8,1626.0,2028,7,72,12527.5
747.974,1090.3,1626.0,2028,7,72,12549.7
748.091,670.3,1626.0,2028,7,75,12559.5
748.209,670.3,1626.0,2028,38,75,12559.5
748.328,670.3,1626.0,2028,100,76,12559.5
748.447,670.3,1626.0,2028,100,77,12559.5
748.565,670.3,1626.0,2028,100,76,12559.5
748.684,677.3,1626.0,2028,100,74,12538.0
748.803,831.3,1626.0,2028,23,73,12499.2
748.925,960.8,1626.0,2028,23,72,12520.8
749.043,1090.3,1626.0,2028,8,72,12534.6
749.164,670.3,1626.0,2028,9,73,12548.3
749.284,670.3,1626.0,2028,74,75,12538.6
749.405,670.3,1626.0,2028,74,77,12529.0
749.525,670.3,1626.0,2028,100,77,12519.7
749.645,670.3,1626.0,2028,100,76,12510.1
749.766,670.3,1626.0,2028,80,75,12506.2
749.886,831.3,1626.0,2028,80,73,12522.3
750.007,960.8,1626.0,2028,8,73,12541.1
750.128,960.8,1626.0,2028,8,72,12560.7
750.247,1090.3,1626.0,2028,8,72,12578.1
750.368,670.4,1626.0,2028,7,74,12577.4
750.488,670.4,1626.0,2028,89,76,12567.8
750.608,670.4,1626.0,2028,100,77,12558.8
750.728,670.4,1626.0,2028,100,77,12549.9
750.848,670.4,1626.0,2028,100,76,12540.4
750.969,831.4,1626.0,2028,65,74,12549.9
751.088,831.4,1626.0,2028,65,73,12568.4
751.208,960.9,1626.0,2028,8,73,12585.6
751.328,1090.4,1626.0,2028,8,73,12603.1
751.448,670.4,1626.0,2028,37,75,12606.2
751.569,670.4,1626.0,2028,37,76,12596.5
751.69,670.4,1626.0,2028,100,77,12587.0
751.811,670.4,1626.0,2028,100,77,12577.5
751.932,670.4,1626.0,2028,100,76,12568.1
752.053,677.4,1626.0,2028,100,75,12571.1
752.173,831.4,1626.0,2028,35,73,12589.7
752.294,960.9,1626.0,2028,9,73,12610.3
752.414,1090.4,1626.0,2028,9,73,12627.1
752.535,670.4,1626.0,2028,9,74,12624.8
752.655,670.4,1626.0,2028,87,77,12615.2
752.776,670.4,1626.0,2028,100,77,12605.7
752.897,670.4,1626.0,2028,100,77,12596.2
753.019,670.4,1626.0,2028,100,76,12587.0
753.14,831.4,1626.0,2028,73,74,12586.0
753.261,960.9,1626.0,2028,73,73,12595.3
753.381,1090.4,1626.0,2028,10,73,12617.2
753.502,1090.4,1626.0,2028,9,73,12636.0
753.622,670.4,1626.0,2028,73,75,12626.1
753.743,670.4,1626.0,2028,73,77,12616.5
753.863,670.4,1626.0,2028,100,78,12606.9
753.984,670.4,1626.0,2028,100,77,12597.3
754.105,670.4,1626.0,2028,100,75,12595.8
754.227,831.5,1626.0,2028,71,73,12613.7
754.347,961.0,1626.0,2028,9,73,12628.8
754.548,1090.5,1626.0,2028,4,73,12609.0
754.853,670.5,1626.0,2028,3,74,12624.9
755.039,670.5,1626.0,2028,75,77,12615.4
755.16,670.5,1626.0,2028,100,77,12605.4
755.285,670.5,1626.0,2028,100,78,12595.9
755.406,670.5,1626.0,2028,100,77,12586.4
755.528,831.5,1626.0,2028,86,74,12598.7
755.672,831.5,1626.0,2028,3,73,12568.0
755.933,961.0,1626.0,2028,8,73,12545.1
756.13,1090.5,1626.0,2028,7,73,12127.7
756.25,670.5,1626.0,2028,7,75,12128.0
756.368,670.5,1626.0,2028,95,77,12128.0
756.487,670.5,1626.0,2028,100,78,12128.0
756.605,670.5,1626.0,2028,100,77,12128.0
756.723,670.5,1626.0,2028,100,77,12129.6
756.841,831.5,1626.0,2028,59,74,12155.6
756.96,831.5,1626.0,2028,7,73,12181.1
757.078,961.0,1626.0,2028,7,73,12207.4
757.197,1090.5,1626.0,2028,7,73,12234.2
757.314,1090.5,1626.0,2028,6,73,12256.6
757.433,670.5,1626.0,2028,6,74,12265.2
757.552,670.5,1626.0,2028,66,77,12103.0
757.67,670.5,1626.0,2028,100,77,12103.0
757.788,670.5,1626.0,2028,100,77,12103.0
757.906,670.5,1626.0,2028,100,77,12103.0
758.025,702.0,1626.0,2028,87,74,12123.4
758.144,831.5,1626.0,2028,7,73,12154.5
758.262,961.0,1626.0,2028,7,73,12180.7
758.38,961.0,1626.0,2028,6,73,12215.5
758.498,1090.5,1626.0,2028,7,73,12253.8
758.616,1090.5,1626.0,2028,7,73,12227.0
758.74,670.6,1626.0,2028,15,75,12223.0
758.86,670.6,1626.0,2028,100,77,12214.5
758.98,670.6,1626.0,2028,100,78,12203.4
759.101,670.6,1626.0,2028,100,77,12194.4
759.222,670.6,1626.0,2028,100,77,12185.6
759.343,831.6,1626.0,2028,53,74,12218.9
759.463,831.6,1626.0,2028,53,73,12249.8
759.583,961.1,1626.0,2028,8,73,12280.5
759.702,1090.6,1626.0,2028,8,73,12312.4
759.822,670.6,1626.0,2028,18,75,12335.3
759.944,670.6,1626.0,2028,18,77,12326.2
760.064,670.6,1626.0,2028,100,77,12316.7
760.184,670.6,1626.0,2028,100,77,12307.3
760.304,670.6,1626.0,2028,100,77,12296.8
760.425,702.1,1626.0,2028,100,75,12311.1
760.545,831.6,1626.0,2028,40,74,12346.0
760.665,961.1,1626.0,2028,8,73,12377.7
760.785,1090.6,1626.0,2028,8,73,12406.7
760.906,1090.6,1626.0,2028,8,73,12439.9
761.026,670.6,1626.0,2028,44,74,12431.5
761.147,670.6,1626.0,2028,100,77,12422.0
761.268,670.6,1626.0,2028,100,78,12412.6
761.388,670.6,1626.0,2028,100,77,12403.2
761.509,670.6,1626.0,2028,100,77,12396.3
761.63,831.6,1626.0,2028,100,74,12426.9
761.75,831.6,1626.0,2028,19,74,12456.7
761.87,961.1,1626.0,2028,6,73,12480.1
762.027,1090.6,1626.0,2028,2,73,12474.5
762.282,1090.6,1626.0,2028,4,73,12469.4
762.531,670.7,1626.0,2028,31,74,12144.6
762.652,670.7,1626.0,2028,100,77,11743.1
762.774,670.7,1626.0,2028,100,78,11743.1
762.893,670.7,1626.0,2028,100,77,11743.1
763.013,670.7,1626.0,2028,100,77,11743.1
763.132,831.7,1626.0,2028,100,74,11768.0
763.25,831.7,1626.0,2028,34,74,11796.9
763.368,961.2,1626.0,2028,7,73,11829.4
763.486,1090.7,1626.0,2028,7,73,11860.6
763.605,1090.7,1626.0,2028,7,73,11890.8
763.723,645.3,1626.0,2028,16,74,11899.5
763.841,645.3,1626.0,2028,100,77,11899.5
763.96,645.3,1626.0,2028,100,78,11899.5
764.079,645.3,1626.0,2028,100,78,11899.5
764.197,645.3,1626.0,2028,100,77,11899.5
764.316,645.3,1626.0,2028,49,74,11976.4
764.44,645.3,1626.0,2028,49,73,12082.0
764.569,645.3,1626.0,2028,1,73,12136.6
764.696,645.3,1626.0,2028,1,73,12175.5
764.822,645.3,1626.0,2028,1,73,12206.6
764.951,645.3,1626.0,2028,1,73,12243.6
765.077,645.3,1626.0,2028,1,73,12346.4
765.204,645.3,1626.0,2028,1,73,12391.7
765.332,645.3,1626.0,2028,0,73,12438.0
765.46,645.3,1626.0,2028,0,73,12455.2
765.589,645.3,1626.0,2028,1,73,12358.5
765.716,645.3,1626.0,2028,1,73,12469.2
765.843,645.3,1626.0,2028,0,73,12462.9
765.972,645.3,1626.0,2028,0,73,12464.0
766.101,645.3,1626.0,2028,1,73,12478.5
766.23,645.3,1626.0,2028,1,73,12501.7
766.357,645.3,1626.0,2028,0,73,12618.3
766.483,645.3,1626.0,2028,1,73,12651.8
766.611,645.3,1626.0,2028,1,73,12705.0
766.739,645.3,1626.0,2028,1,73,12739.5
766.866,645.3,1626.0,2028,0,73,12671.3
766.994,645.3,1626.0,2028,1,73,12704.4
767.123,645.3,1626.0,2028,1,72,12663.3
767.25,645.3,1626.0,2028,1,72,12651.3
767.38,645.3,1626.0,2028,0,72,12693.4
767.509,645.3,1626.0,2028,1,72,12713.7
767.638,645.3,1626.0,2028,1,72,12824.5
767.765,645.3,1626.0,2028,1,72,12879.7
767.892,645.3,1626.0,2028,0,72,12872.0
768.022,645.3,1626.0,2028,1,72,12779.3
768.154,645.3,1626.0,2028,1,72,12808.9
768.284,645.3,1626.0,2028,1,72,12905.7
768.413,645.3,1626.0,2028,0,72,12964.8
768.541,645.3,1626.0,2028,1,72,13007.7
768.671,645.3,1626.0,2028,1,72,13014.2
768.801,645.3,1626.0,2028,1,72,12930.3
768.93,645.3,1626.0,2028,0,72,12973.9
769.057,645.3,1626.0,2028,1,72,12977.7
769.187,645.3,1626.0,2028,1,72,12966.6
769.314,645.3,1626.0,2028,1,72,12996.1
769.446,645.3,1626.0,2028,0,72,13026.0
769.577,645.3,1626.0,2028,1,72,13087.1
769.705,645.3,1626.0,2028,1,72,13164.7
769.834,645.3,1626.0,2028,1,72,13215.0
769.963,645.3,1626.0,2028,1,72,13248.2
770.091,645.3,1626.0,2028,0,72,13066.1
770.223,645.3,1626.0,2028,1,72,13005.5
770.35,645.3,1626.0,2028,1,72,13064.5
770.478,645.3,1626.0,2028,1,72,13096.0
770.608,645.3,1626.0,2028,0,72,13359.7
770.736,645.3,1626.0,2028,1,72,12877.2
770.859,634.2,1626.0,2028,1,72,12425.0
770.978,697.3,1626.0,2028,1,72,12453.3
771.096,826.8,1626.0,2028,5,72,12481.4
771.214,956.3,1626.0,2028,6,72,12509.4
771.333,956.3,1626.0,2028,6,72,12538.3
771.452,1085.8,1626.0,2028,7,72,12567.3
771.57,1085.8,1626.0,2028,6,71,12596.3
771.688,672.8,1626.0,2028,62,72,12598.1
771.807,672.8,1626.0,2028,62,75,12598.1
771.924,672.8,1626.0,2028,100,77,12598.1
772.043,672.8,1626.0,2028,100,77,12598.1
772.161,672.8,1626.0,2028,100,75,12603.3
772.279,833.8,1626.0,2028,72,73,12630.2
772.397,833.8,1626.0,2028,7,73,12659.0
772.515,963.3,1626.0,2028,6,73,12686.1
772.633,963.3,1626.0,2028,6,72,12715.9
772.751,1092.8,1626.0,2028,6,72,12745.4
772.869,672.8,1646.0,2048,14,73,12766.1
772.987,672.8,1646.0,2048,14,73,12766.1
773.105,672.8,1646.0,2048,100,78,12766.1
773.225,672.8,1646.0,2048,100,77,12766.1
773.343,672.8,1646.0,2048,100,77,12766.1
773.464,704.3,1646.0,2048,100,74,12787.1
773.582,833.8,1646.0,2048,31,73,12816.3
773.7,963.3,1646.0,2048,8,73,12843.1
773.818,963.3,1646.0,2048,8,72,12874.3
773.937,1092.8,1646.0,2048,7,72,12907.2
774.054,672.9,1646.0,2048,11,75,12924.7
774.172,672.9,1646.0,2048,11,75,12924.7
774.291,672.9,1646.0,2048,100,78,12924.7
774.409,672.9,1646.0,2048,100,77,12924.7
774.526,672.9,1646.0,2048,100,77,12924.7
774.649,704.4,1646.0,2048,100,74,12945.9
774.768,833.9,1646.0,2048,32,73,12980.2
774.886,963.4,1646.0,2048,7,72,13013.1
775.004,963.4,1646.0,2048,7,72,13045.5
775.122,1092.9,1646.0,2048,6,72,13069.8
775.24,1123.0,1646.0,2048,8,73,13093.1
775.357,672.9,1646.0,2048,8,73,13093.1
775.475,672.9,1646.0,2048,82,79,13093.1
775.596,672.9,1646.0,2048,100,76,13093.1
775.715,672.9,1646.0,2048,100,76,13093.1
775.833,672.9,1646.0,2048,100,75,13098.5
775.953,833.9,1646.0,2048,62,73,13123.7
776.071,963.4,1646.0,2048,7,73,13150.8
776.191,963.4,1646.0,2048,7,72,13052.9
776.309,1092.9,1646.0,2048,9,72,13057.1
776.427,672.9,1646.0,2048,8,75,12960.1
776.545,672.9,1646.0,2048,93,76,12960.1
776.663,672.9,1646.0,2048,93,77,12960.1
776.781,672.9,1646.0,2048,100,77,12960.1
776.9,672.9,1646.0,2048,100,77,12960.1
777.018,704.4,1646.0,2048,100,74,12982.4
777.137,833.9,1646.0,2048,42,73,13025.4
777.255,963.4,1646.0,2048,8,73,13060.3
777.373,963.4,1646.0,2048,8,73,13090.2
777.492,1092.9,1646.0,2048,8,73,13125.4
777.61,673.0,1646.0,2048,6,76,13149.1
777.727,673.0,1646.0,2048,80,76,13149.1
777.844,673.0,1646.0,2048,80,77,13149.1
777.965,673.0,1646.0,2048,100,76,13149.1
778.082,673.0,1646.0,2048,100,77,13107.1
778.202,834.0,1646.0,2048,100,74,13006.7
778.319,834.0,1646.0,2048,44,73,13049.9
778.438,963.5,1646.0,2048,9,73,13095.3
778.556,1093.0,1646.0,2048,7,73,13130.0
778.674,1093.0,1646.0,2048,7,72,13162.1
778.793,673.0,1646.0,2048,30,74,13162.1
778.911,673.0,1646.0,2048,100,79,13162.1
779.029,673.0,1646.0,2048,100,77,13162.1
779.147,673.0,1646.0,2048,100,77,13162.1
779.265,680.0,1646.0,2048,90,74,13178.3
779.383,834.0,1646.0,2048,8,73,12859.4
779.503,963.5,1646.0,2048,8,72,12890.2
779.621,963.5,1646.0,2048,7,72,12925.9
779.74,1093.0,1646.0,2048,7,72,12961.9
779.858,673.0,1646.0,2048,7,74,12981.1
779.975,673.0,1646.0,2048,47,76,12981.1
780.094,673.0,1646.0,2048,100,76,12981.1
780.212,673.0,1646.0,2048,100,76,12981.1
780.33,673.0,1646.0,2048,100,77,12981.1
780.449,704.5,1646.0,2048,92,74,13007.0
780.566,834.0,1646.0,2048,6,73,13042.4
780.684,963.5,1646.0,2048,6,72,13071.9
780.802,963.5,1646.0,2048,7,72,13105.9
780.92,1093.0,1646.0,2048,7,72,13138.9
781.038,1093.0,1646.0,2048,7,72,13159.5
781.157,673.0,1646.0,2048,13,73,13135.2
781.275,673.0,1646.0,2048,100,79,13094.9
781.394,673.0,1646.0,2048,100,76,13094.9
781.515,673.0,1646.0,2048,100,77,13094.9
781.633,673.0,1646.0,2048,100,74,13103.7
781.751,834.1,1646.0,2048,24,73,13057.4
781.869,963.6,1646.0,2048,24,72,13011.0
781.987,963.6,1646.0,2048,8,72,12996.1
782.106,1093.1,1646.0,2048,7,72,12962.6
782.225,1125.8,1646.0,2048,16,73,12959.6
782.343,673.1,1646.0,2048,16,73,12959.6
782.461,673.1,1646.0,2048,100,78,12959.6
782.579,673.1,1646.0,2048,100,77,12959.6
782.699,673.1,1646.0,2048,100,77,12959.6
782.817,680.1,1646.0,2048,100,74,12961.8
782.935,834.1,1646.0,2048,30,73,12990.4
783.054,963.6,1646.0,2048,30,72,13021.3
783.172,963.6,1646.0,2048,6,72,13048.9
783.29,1093.1,1646.0,2048,7,72,13062.0
783.409,673.1,1646.0,2048,25,74,13070.3
783.527,673.1,1646.0,2048,25,73,13070.3
783.645,673.1,1646.0,2048,100,78,13070.3
783.763,673.1,1646.0,2048,100,77,13070.3
783.881,673.1,1646.0,2048,100,77,13070.3
783.999,834.1,1646.0,2048,100,74,13083.2
784.117,834.1,1646.0,2048,22,73,13098.7
784.238,963.6,1646.0,2048,8,72,13122.0
784.361,1093.1,1646.0,2048,8,72,13141.3
784.479,1093.1,1646.0,2048,8,72,12910.6
784.599,673.1,1646.0,2048,50,74,12728.2
784.717,673.1,1646.0,2048,50,79,12728.2
784.838,673.1,1646.0,2048,100,77,12728.2
784.956,673.1,1646.0,2048,100,77,12728.2
785.075,673.1,1646.0,2048,77,75,12739.8
785.193,834.1,1646.0,2048,77,73,12770.6
785.311,963.6,1646.0,2048,8,73,12801.8
785.428,963.6,1646.0,2048,7,72,12831.5
785.547,1093.1,1646.0,2048,7,72,12863.5
785.665,1093.1,1646.0,2048,7,72,12890.3
785.783,673.2,1646.0,2048,48,73,12890.7
785.9,673.2,1646.0,2048,48,79,12890.7
786.019,673.2,1646.0,2048,100,76,12890.7
786.137,673.2,1646.0,2048,100,76,12890.7
786.255,673.2,1646.0,2048,80,75,12902.2
786.373,834.2,1646.0,2048,80,73,12934.8
786.491,834.2,1646.0,2048,7,73,12962.2
786.609,963.7,1646.0,2048,6,72,12995.5
786.727,963.7,1646.0,2048,6,72,13020.6
786.845,1093.2,1646.0,2048,6,72,13045.9
786.963,673.2,1646.0,2048,10,75,13060.1
787.08,673.2,1646.0,2048,10,75,13060.1
787.202,673.2,1646.0,2048,100,77,13060.1
787.32,673.2,1646.0,2048,100,77,13060.1
787.438,673.2,1646.0,2048,100,77,13060.1
787.556,834.2,1646.0,2048,100,73,13085.1
787.675,834.2,1646.0,2048,15,72,13114.7
787.793,963.7,1646.0,2048,7,72,13072.1
787.912,1093.2,1646.0,2048,7,72,12835.7
788.03,673.2,1646.0,2048,9,74,12865.5
788.147,673.2,1646.0,2048,66,73,12865.5
788.266,673.2,1646.0,2048,100,78,12865.5
788.383,673.2,1646.0,2048,100,76,12865.5
788.501,673.2,1646.0,2048,100,77,12865.5
788.619,704.7,1646.0,2048,69,73,12890.8
788.737,834.2,1646.0,2048,69,73,12930.5
788.856,963.7,1646.0,2048,7,72,12980.6
788.974,1093.2,1646.0,2048,9,72,13023.6
789.092,1093.2,1646.0,2048,8,72,13066.3
789.21,673.3,1646.0,2048,8,73,13074.6
789.328,673.3,1646.0,2048,90,79,13074.6
789.446,673.3,1646.0,2048,100,77,13074.6
789.563,673.3,1646.0,2048,100,77,13074.6
789.681,673.3,1646.0,2048,100,75,13078.3
789.799,834.3,1646.0,2048,45,73,13119.5
789.917,834.3,1646.0,2048,45,73,13001.0
790.037,963.8,1646.0,2048,9,72,12982.7
790.154,1093.3,1646.0,2048,8,72,13028.7
790.272,673.3,1646.0,2048,22,73,13059.9
790.39,673.3,1646.0,2048,22,73,13059.9
790.508,673.3,1646.0,2048,100,78,13059.9
790.627,673.3,1646.0,2048,100,76,13059.9
790.745,673.3,1646.0,2048,100,77,13059.9
790.863,704.8,1646.0,2048,100,74,13086.4
790.981,834.3,1646.0,2048,20,72,13137.4
791.101,963.8,1646.0,2048,8,72,13186.5
791.22,1093.3,1646.0,2048,8,72,13232.4
791.341,1093.3,1646.0,2048,8,72,13264.1
791.462,673.3,1646.0,2048,60,73,13255.2
791.582,673.3,1646.0,2048,60,79,13246.1
791.704,673.3,1646.0,2048,100,76,13236.8
791.824,673.3,1646.0,2048,100,77,13227.6
791.944,673.3,1646.0,2048,82,75,13231.3
792.066,834.3,1646.0,2048,82,73,13281.6
792.187,963.8,1646.0,2048,9,72,13347.5
792.307,1093.3,1646.0,2048,8,72,13393.8
792.429,1093.3,1646.0,2048,8,73,13418.6
792.552,673.4,1646.0,2048,17,73,13409.1
792.672,673.4,1646.0,2048,100,79,13399.8
792.793,673.4,1646.0,2048,100,77,13390.3
792.914,673.4,1646.0,2048,100,78,13380.9
793.035,834.4,1646.0,2048,100,74,13389.9
793.155,963.9,1646.0,2048,15,72,13406.3
793.306,963.9,1646.0,2048,5,72,13415.5
793.561,963.9,1646.0,2048,1,72,13372.1
793.949,1093.4,1646.0,2048,2,72,13338.2
794.29,1093.4,1646.0,2048,2,72,13305.6
794.627,673.4,1646.0,2048,60,73,13296.2
794.758,673.4,1646.0,2048,60,78,13286.4
794.882,673.4,1646.0,2048,100,76,13276.8
795.008,673.4,1646.0,2048,100,77,13267.5
795.128,704.9,1646.0,2048,72,74,13274.3
795.258,834.4,1646.0,2048,2,72,13245.4
795.598,834.4,1646.0,2048,1,72,13207.6
795.976,963.9,1646.0,2048,2,72,13169.5
796.366,1093.4,1646.0,2048,1,72,13127.5
796.747,1093.4,1646.0,2048,2,72,13070.4
797.194,673.4,1646.0,2048,98,77,13042.8
797.531,673.4,1646.0,2048,100,77,13033.6
797.653,673.4,1646.0,2048,100,78,13026.0
797.777,704.9,1646.0,2048,2,72,12994.4
798.162,834.4,1646.0,2048,1,72,12958.9
798.523,963.9,1646.0,2048,1,72,12917.4
798.937,963.9,1646.0,2048,2,72,12879.0
799.316,1093.4,1646.0,2048,2,72,12840.9
799.691,1093.4,1646.0,2048,1,72,12804.5
800.023,673.4,1646.0,2048,20,74,12790.9
800.224,673.4,1646.0,2048,100,78,12781.6
800.344,673.4,1646.0,2048,100,77,12771.8
800.467,673.4,1646.0,2048,100,78,12762.4
800.59,834.5,1646.0,2048,8,72,12753.2
800.86,834.5,1646.0,2048,2,72,12715.0
801.101,964.0,1646.0,2048,2,72,12396.6
801.22,1093.5,1646.0,2048,8,72,12387.4
801.339,1093.5,1646.0,2048,6,72,12413.7
801.458,673.5,1646.0,2048,6,73,12410.3
801.578,673.5,1646.0,2048,70,78,12400.8
801.698,673.5,1646.0,2048,100,77,12391.4
801.818,673.5,1646.0,2048,100,76,12381.9
801.939,673.5,1646.0,2048,100,76,12383.1
802.059,834.5,1646.0,2048,57,73,12390.6
802.179,834.5,1646.0,2048,3,73,12388.0
802.299,834.5,1646.0,2048,3,73,12387.6
802.42,834.5,1646.0,2048,3,73,12392.1
802.54,964.0,1646.0,2048,3,72,12385.3
802.66,964.0,1646.0,2048,2,73,12380.7
802.781,964.0,1646.0,2048,2,72,12376.0
802.902,964.0,1646.0,2048,2,72,12372.7
803.022,964.0,1646.0,2048,3,72,12373.5
803.144,964.0,1646.0,2048,3,72,12372.4
803.265,1093.5,1646.0,2048,2,72,12371.8
803.386,1093.5,1646.0,2048,2,73,12376.0
803.506,1093.5,1646.0,2048,4,72,12375.9
803.627,1093.5,1646.0,2048,4,72,12378.0
803.747,673.5,1646.0,2048,3,76,12373.8
803.866,673.5,1646.0,2048,86,76,12364.4
803.986,673.5,1646.0,2048,86,77,12355.0
804.107,673.5,1646.0,2048,100,76,12345.6
804.227,673.5,1646.0,2048,100,78,12339.1
804.348,834.5,1646.0,2048,35,73,12359.6
804.469,834.5,1646.0,2048,35,73,12386.3
804.589,964.0,1646.0,2048,6,72,12397.7
804.709,964.0,1646.0,2048,6,72,12422.7
804.829,1093.5,1646.0,2048,7,72,12451.4
804.952,673.5,1646.0,2048,7,74,12244.5
805.074,673.5,1646.0,2048,65,77,12244.5
805.193,673.5,1646.0,2048,100,76,12244.5
805.312,673.5,1646.0,2048,100,76,12244.5
805.43,673.5,1646.0,2048,100,77,12244.5
805.549,834.5,1646.0,2048,70,74,12267.8
805.671,834.5,1646.0,2048,10,73,12255.7
805.791,964.0,1646.0,2048,10,72,12235.4
805.91,1093.5,1646.0,2048,10,72,12243.6
806.03,673.6,1646.0,2048,45,74,12240.4
806.149,673.6,1646.0,2048,45,79,12240.4
806.269,673.6,1646.0,2048,100,77,12240.4
806.388,673.6,1646.0,2048,100,75,12240.4
806.508,673.6,1646.0,2048,92,76,12242.1
806.626,834.6,1646.0,2048,92,73,12269.8
806.744,834.6,1646.0,2048,8,73,12294.2
806.862,964.1,1646.0,2048,8,73,12324.9
806.981,1093.6,1646.0,2048,8,72,12337.8
807.102,673.6,1646.0,2048,7,72,12178.4
807.222,673.6,1646.0,2048,63,73,12146.5
807.341,673.6,1646.0,2048,100,78,12146.5
807.46,673.6,1646.0,2048,100,76,12146.5
807.579,673.6,1646.0,2048,100,76,12146.5
807.698,673.6,1646.0,2048,95,75,12153.6
807.816,834.6,1646.0,2048,95,73,12184.6
807.934,964.1,1646.0,2048,7,72,12217.0
808.052,964.1,1646.0,2048,7,72,12256.4
808.171,1093.6,1646.0,2048,7,72,12289.5
808.289,1093.6,1646.0,2048,7,72,12321.2
808.407,648.3,1646.0,2048,37,73,12321.4
808.525,648.3,1646.0,2048,100,78,12321.4
808.644,648.3,1646.0,2048,100,76,12321.4
808.763,648.3,1646.0,2048,100,76,12321.4
808.882,648.3,1646.0,2048,100,76,12327.2
809.0,648.3,1646.0,2048,100,73,12412.9
809.128,648.3,1646.0,2048,13,73,12270.7
809.257,648.3,1646.0,2048,1,72,12328.9
809.384,648.3,1646.0,2048,1,72,12356.7
809.512,648.3,1646.0,2048,0,72,12386.2
809.64,648.3,1646.0,2048,0,72,12406.9
809.766,648.3,1646.0,2048,1,72,12482.9
809.894,648.3,1646.0,2048,1,72,12328.1
810.021,648.3,1646.0,2048,0,72,12349.4
810.148,648.3,1646.0,2048,0,72,12376.8
810.276,648.3,1646.0,2048,1,72,12407.0
810.406,648.3,1646.0,2048,1,72,12442.0
810.531,648.3,1646.0,2048,0,72,12537.1
810.661,648.3,1646.0,2048,0,72,12576.4
810.789,648.3,1646.0,2048,1,72,12609.7
810.917,648.3,1646.0,2048,1,72,12634.5
811.045,648.3,1646.0,2048,0,72,12647.0
811.172,648.3,1646.0,2048,0,72,12717.8
811.308,648.3,1646.0,2048,1,72,12730.9
811.436,648.3,1646.0,2048,1,72,12756.7
811.563,648.3,1646.0,2048,0,72,12767.4
811.691,648.3,1646.0,2048,1,72,12790.6
811.82,648.3,1646.0,2048,1,72,12814.5
811.948,648.3,1646.0,2048,1,72,12809.0
812.076,648.3,1646.0,2048,0,72,12844.2
812.205,648.3,1646.0,2048,1,72,12924.1
812.332,648.3,1646.0,2048,1,72,12941.0
812.46,648.3,1646.0,2048,2,72,12961.2
812.588,648.3,1646.0,2048,0,72,12975.8
812.715,648.3,1646.0,2048,1,72,12984.8
812.844,648.3,1646.0,2048,1,72,13006.4
812.973,648.3,1646.0,2048,1,72,13004.0
813.101,648.3,1646.0,2048,0,72,13059.3
813.228,648.3,1646.0,2048,1,73,13101.7
813.505,648.3,1646.0,2048,0,72,13111.2
813.659,648.3,1646.0,2048,1,73,13077.5
814.002,648.3,1646.0,2048,0,72,13084.1
814.233,648.3,1646.0,2048,1,72,13095.3
814.491,648.3,1646.0,2048,0,72,13099.6
814.684,648.3,1646.0,2048,1,72,13110.1
814.924,648.3,1646.0,2048,1,71,13017.9
815.627,648.3,1646.0,2048,1,72,13009.2
816.047,648.3,1646.0,2048,0,71,13012.1
816.316,648.3,1646.0,2048,1,71,13011.4
816.493,648.3,1646.0,2048,1,71,12956.1
816.919,648.3,1646.0,2048,1,71,12956.5
817.147,648.3,1646.0,2048,1,71,12957.8
817.445,648.3,1646.0,2048,1,71,12860.9
818.074,648.3,1646.0,2048,0,71,12693.4
818.205,648.3,1646.0,2048,1,71,12629.0
818.333,648.3,1646.0,2048,1,71,12583.0
818.463,648.3,1646.0,2048,1,71,12513.6
818.59,648.3,1646.0,2048,0,72,12354.7
818.718,648.3,1646.0,2048,1,72,12329.0
818.848,648.3,1646.0,2048,1,72,12402.5
818.974,648.3,1646.0,2048,1,71,12484.0
819.104,648.3,1646.0,2048,0,71,12545.5
819.232,648.3,1646.0,2048,1,71,12577.6
819.359,648.3,1646.0,2048,1,71,12608.8
819.489,648.3,1646.0,2048,1,71,12624.9
819.617,648.3,1646.0,2048,0,71,12699.9
819.745,648.3,1646.0,2048,1,71,12731.9
819.873,648.3,1646.0,2048,1,71,12761.5
819.996,648.3,1646.0,2048,1,71,13113.9
820.131,648.3,1646.0,2048,0,71,13299.4
820.274,648.3,1646.0,2048,1,71,12924.6
820.402,633.7,1646.0,2048,1,71,11838.0
820.523,690.2,1646.0,2048,1,71,11863.6
820.641,819.7,1646.0,2048,4,71,11892.6
820.76,819.7,1646.0,2048,6,71,11920.2
820.878,949.2,1646.0,2048,6,71,11949.6
820.995,1078.7,1646.0,2048,7,71,11979.1
821.113,1078.7,1646.0,2048,6,71,12008.4
821.231,659.7,1646.0,2048,50,73,12019.0
821.35,820.7,1646.0,2048,50,72,12045.6
821.469,820.7,1646.0,2048,7,71,12073.6
821.587,950.2,1646.0,2048,6,72,12099.8
821.705,950.2,1646.0,2048,6,71,12130.3
821.823,1079.7,1646.0,2048,7,71,12160.4
821.942,1083.8,1646.0,2048,6,72,12184.6
822.06,692.2,1646.0,2048,44,72,12204.2
822.18,821.7,1646.0,2048,44,72,12234.0
822.298,951.2,1646.0,2048,7,72,12259.6
822.416,951.2,1646.0,2048,7,72,12288.5
822.534,1080.7,1646.0,2048,7,72,12319.3
822.653,661.7,1646.0,2048,6,72,12338.7
822.771,693.3,1646.0,2048,43,73,12361.9
822.889,822.8,1646.0,2048,43,72,12393.9
823.007,952.3,1646.0,2048,7,72,12427.2
823.126,952.3,1646.0,2048,6,72,12459.3
823.244,1081.8,1646.0,2048,9,72,12483.9
823.362,662.8,1646.0,2048,9,73,12501.4
823.479,694.3,1646.0,2048,42,73,12515.1
823.597,823.8,1646.0,2048,7,72,12546.9
823.715,953.3,1646.0,2048,7,72,12575.5
823.833,953.3,1646.0,2048,8,72,12602.6
823.951,1082.8,1646.0,2048,8,72,12630.6
824.069,663.8,1646.0,2048,40,75,12643.9
824.187,824.8,1646.0,2048,40,72,12670.8
824.304,954.3,1646.0,2048,10,72,12689.2
824.423,1083.8,1646.0,2048,12,72,12707.7
824.541,664.8,1646.0,2048,12,74,12719.5
824.659,825.8,1646.0,2048,44,72,12737.8
824.776,955.3,1646.0,2048,14,72,12752.8
824.894,1084.8,1646.0,2048,14,72,12767.7
825.012,697.3,1646.0,2048,22,73,12783.5
825.13,826.8,1646.0,2048,33,72,12810.1
825.247,956.3,1646.0,2048,9,72,12842.3
825.366,1085.8,1646.0,2048,9,72,12877.3
825.484,1085.8,1646.0,2048,8,72,12902.4
825.601,698.3,1646.0,2048,43,73,12918.0
825.72,827.8,1646.0,2048,43,72,12945.5
825.838,957.3,1646.0,2048,9,72,12958.9
825.957,1086.8,1646.0,2048,8,72,12841.4
826.077,1086.8,1646.0,2048,11,72,12650.2
826.199,699.3,1646.0,2048,11,72,12666.5
826.317,828.8,1646.0,2048,38,72,12686.4
826.435,958.3,1646.0,2048,7,71,12706.5
826.553,958.3,1646.0,2048,7,71,12728.7
826.672,1087.8,1646.0,2048,7,71,12756.8
826.791,1087.8,1646.0,2048,7,72,12781.9
826.91,700.4,1646.0,2048,42,72,12794.4
827.028,829.9,1646.0,2048,42,72,12820.4
827.147,959.4,1646.0,2048,7,71,12852.0
827.265,959.4,1646.0,2048,7,71,12881.9
827.383,1088.9,1646.0,2048,7,71,12911.2
827.5,1088.9,1646.0,2048,7,71,12926.1
827.618,701.4,1646.0,2048,42,72,12937.0
827.736,830.9,1646.0,2048,42,71,12957.9
827.853,960.4,1646.0,2048,10,71,12982.9
827.972,1089.9,1646.0,2048,9,71,13022.5
828.092,670.9,1646.0,2048,32,73,13037.2
828.213,831.9,1646.0,2048,32,72,13068.6
828.333,961.4,1646.0,2048,23,71,13097.3
828.454,1090.9,1646.0,2048,12,71,13128.2
828.575,671.9,1646.0,2048,12,74,13137.8
828.697,832.9,1646.0,2048,42,72,13169.0
828.818,962.4,1646.0,2048,9,71,13197.1
828.939,1091.9,1646.0,2048,9,71,13221.7
829.06,672.9,1646.0,2048,9,73,13228.9
829.18,833.9,1646.0,2048,44,72,13260.0
829.304,963.4,1646.0,2048,3,71,13231.2
829.65,673.9,1646.0,2048,43,72,13211.3
829.917,834.9,1646.0,2048,4,71,13184.9
830.224,674.9,1646.0,2048,49,72,13170.9
830.429,965.4,1646.0,2048,15,71,13151.9
830.669,676.0,1646.0,2048,7,72,13138.9
830.87,966.5,1646.0,2048,16,71,13121.2
831.113,677.0,1646.0,2048,30,72,13106.4
831.324,967.5,1646.0,2048,8,71,13084.7
831.59,678.0,1646.0,2048,32,74,13076.2
831.78,968.5,1646.0,2048,33,71,13053.7
832.037,679.0,1646.0,2048,43,72,13040.1
832.265,840.0,1646.0,2048,9,71,13018.5
832.537,1099.0,1646.0,2048,10,71,12996.7
832.807,680.0,1646.0,2048,24,72,12982.2
833.007,841.0,1646.0,2048,6,71,12949.4
833.368,1100.0,1646.0,2048,7,71,12917.6
833.71,681.0,1646.0,2048,41,72,12901.1
833.929,842.0,1646.0,2048,1,71,12869.6
834.281,842.0,1646.0,2048,2,71,12836.3
834.631,971.5,1646.0,2048,2,71,12804.0
834.982,1101.0,1646.0,2048,40,72,12776.1
835.305,843.1,1646.0,2048,3,71,12757.8
835.668,972.6,1646.0,2048,3,71,12756.9
835.934,1102.1,1646.0,2048,2,71,12735.0
836.235,683.1,1646.0,2048,41,72,12722.7
836.432,1103.1,1646.0,2048,21,72,12701.2
836.674,684.1,1646.0,2048,18,72,12689.0
836.856,845.1,1646.0,2048,5,72,12660.9
837.174,974.6,1646.0,2048,4,71,12630.5
837.494,1104.1,1646.0,2048,3,72,12603.1
837.795,846.1,1646.0,2048,41,72,12582.1
838.051,975.6,1646.0,2048,6,72,12559.8
838.239,1105.1,1646.0,2048,6,72,12425.1
838.36,686.1,1646.0,2048,10,74,12386.3
838.48,847.1,1646.0,2048,46,72,12405.6
838.6,1106.1,1646.0,2048,46,72,12427.8
838.722,661.8,1646.0,2048,15,74,12441.1
838.843,662.7,1646.0,2048,41,72,12514.5
838.971,662.7,1646.0,2048,1,72,12592.4
839.099,662.7,1646.0,2048,1,72,12657.2
839.234,662.7,1646.0,2048,0,72,12702.0
839.506,662.7,1646.0,2048,1,71,12708.3
839.795,662.7,1646.0,2048,0,72,12526.1
839.936,662.7,1646.0,2048,0,72,12430.7
840.062,662.7,1646.0,2048,1,72,12504.3
840.189,662.7,1646.0,2048,1,72,12526.5
840.315,662.7,1646.0,2048,0,72,12554.8
840.443,662.7,1646.0,2048,0,72,12580.9
840.569,662.7,1646.0,2048,1,72,12616.8
840.696,662.7,1646.0,2048,1,72,12691.8
840.822,662.7,1646.0,2048,0,72,12715.8
840.948,662.7,1646.0,2048,0,72,12787.1
841.076,662.7,1646.0,2048,1,72,12815.0
841.202,662.7,1646.0,2048,1,72,12891.8
841.331,662.7,1646.0,2048,0,72,12927.5
841.457,662.7,1646.0,2048,1,72,12956.8
841.584,662.7,1646.0,2048,1,72,13012.6
841.71,662.7,1646.0,2048,1,72,13017.3
841.832,662.7,1646.0,2048,0,72,13071.3
841.952,662.7,1646.0,2048,0,72,13125.2
842.072,662.7,1646.0,2048,1,72,13178.7
842.193,662.7,1646.0,2048,1,72,13235.8
842.316,662.7,1646.0,2048,0,72,13235.9
842.444,662.7,1646.0,2048,0,72,13235.9
842.575,663.7,1646.0,2048,1,72,13196.5
842.694,702.8,1826.0,2228,33,75,13202.2
842.812,849.3,1826.0,2228,66,73,13211.3
842.93,978.8,1826.0,2228,66,72,13225.1
843.048,687.3,1826.0,2228,17,73,13232.4
843.166,848.3,1826.0,2228,72,73,13239.7
843.283,1107.3,1826.0,2228,72,72,13249.3
843.402,686.4,1826.0,2228,19,75,13253.2
843.519,847.4,1826.0,2228,73,73,13263.2
843.637,976.9,1826.0,2228,11,72,13281.2
843.755,1106.4,1826.0,2228,11,72,13220.1
843.875,685.5,1826.0,2228,30,76,13023.7
843.996,1105.5,1826.0,2228,62,72,13033.8
844.114,684.5,1826.0,2228,62,75,13034.7
844.232,1104.5,1826.0,2228,78,73,13042.9
844.35,683.6,1826.0,2228,52,76,13043.2
844.469,974.1,1826.0,2228,52,73,13052.6
844.587,682.6,1826.0,2228,47,74,13059.4
844.705,843.6,1826.0,2228,62,73,13063.0
844.823,1102.6,1826.0,2228,28,72,13072.9
844.94,681.7,1826.0,2228,28,76,13075.8
845.058,842.7,1826.0,2228,71,73,13080.0
845.177,1101.7,1826.0,2228,21,72,13089.0
845.295,680.8,1826.0,2228,21,76,13090.2
845.414,971.3,1826.0,2228,73,73,13099.2
845.533,679.8,1826.0,2228,26,75,13102.4
845.651,970.3,1826.0,2228,70,73,13107.5
845.769,1099.8,1826.0,2228,70,72,13121.4
845.887,678.9,1826.0,2228,13,75,13126.0
846.005,839.9,1826.0,2228,68,73,13136.9
846.123,969.4,1826.0,2228,68,72,13151.5
846.241,1098.9,1826.0,2228,11,72,13168.2
846.359,677.9,1826.0,2228,10,73,13179.0
846.477,684.9,1826.0,2228,68,74,13183.3
846.595,838.9,1826.0,2228,68,72,13199.4
846.713,968.4,1826.0,2228,11,72,13169.3
846.835,1097.9,1826.0,2228,11,72,13057.6
846.953,677.0,1826.0,2228,11,74,13058.9
847.07,967.5,1826.0,2228,71,72,13068.6
847.189,1097.0,1826.0,2228,17,72,13082.3
847.307,676.1,1826.0,2228,17,75,13083.3
847.425,716.4,1826.0,2228,67,74,13085.4
847.542,706.6,1826.0,2228,71,75,13086.9
847.662,674.2,1826.0,2228,71,75,13088.3
847.781,705.7,1826.0,2228,71,73,13097.0
847.899,673.2,1826.0,2228,53,74,13099.2
848.017,704.7,1826.0,2228,73,73,13109.8
848.135,834.2,1826.0,2228,73,72,13133.4
848.253,963.7,1826.0,2228,7,72,13163.6
848.37,963.7,1826.0,2228,6,72,13193.8
848.488,1093.2,1826.0,2228,7,72,13219.8
848.607,672.3,1826.0,2228,7,73,13229.6
848.727,703.8,1826.0,2228,56,73,13242.6
848.847,833.3,1826.0,2228,21,72,13254.1
848.967,962.8,1826.0,2228,21,72,13266.6
849.085,1092.3,1826.0,2228,9,72,13283.7
849.205,1092.3,1826.0,2228,8,72,13303.2
849.324,671.4,1826.0,2228,67,75,13301.4
849.443,832.4,1826.0,2228,67,72,13326.6
849.563,961.9,1826.0,2228,8,72,13351.8
849.682,961.9,1826.0,2228,8,72,13379.9
849.802,1091.4,1826.0,2228,8,72,13403.0
849.922,670.4,1826.0,2228,7,75,13401.0
850.042,831.4,1826.0,2228,68,72,13422.1
850.163,960.9,1826.0,2228,9,72,13448.7
850.283,960.9,1826.0,2228,9,72,13476.8
850.403,1090.4,1826.0,2228,4,72,13463.8
850.676,669.5,1826.0,2228,34,73,13445.7
850.925,830.5,1826.0,2228,3,72,13410.3
851.263,830.5,1826.0,2228,3,72,13378.3
851.587,960.0,1826.0,2228,4,72,13345.5
851.921,960.0,1826.0,2228,3,72,13315.3
852.24,1089.5,1826.0,2228,2,72,13275.5
852.618,668.5,1826.0,2228,66,73,13264.4
852.79,829.5,1826.0,2228,1,72,13228.6
853.14,829.5,1826.0,2228,1,72,13194.5
853.482,959.0,1826.0,2228,2,72,13161.2
853.799,1088.5,1826.0,2228,1,72,13129.3
854.129,1088.5,1826.0,2228,4,74,13098.2
854.454,699.1,1826.0,2228,34,72,13082.0
854.664,828.6,1826.0,2228,2,72,13043.6
855.039,958.1,1826.0,2228,2,72,13009.9
855.392,1087.6,1826.0,2228,2,72,12975.9
855.739,1087.6,1826.0,2228,2,72,12941.7
856.078,666.7,1826.0,2228,21,76,12934.2
856.222,827.7,1826.0,2228,2,72,12898.4
856.581,827.7,1826.0,2228,1,72,12835.4
856.983,957.2,1826.0,2228,2,72,12798.3
857.354,957.2,1826.0,2228,6,72,12674.2
857.475,1086.7,1826.0,2228,6,72,12583.2
857.595,665.7,1826.0,2228,22,76,12537.4
857.715,826.7,1826.0,2228,53,73,12412.7
857.833,826.7,1826.0,2228,53,72,12399.0
857.952,956.2,1826.0,2228,7,72,12414.5
858.071,956.2,1826.0,2228,6,72,12394.2
858.189,1085.7,1826.0,2228,6,72,12375.3
858.309,664.8,1826.0,2228,7,74,12392.8
858.427,671.8,1826.0,2228,62,73,12415.7
858.545,825.8,1826.0,2228,12,72,12466.4
858.663,825.8,1826.0,2228,12,72,12500.6
858.782,955.3,1826.0,2228,7,72,12419.0
858.9,1084.8,1826.0,2228,7,72,12453.2
859.023,1084.8,1826.0,2228,7,72,12495.1
859.144,663.8,1826.0,2228,18,74,12503.8
859.265,824.8,1826.0,2228,56,72,12560.0
859.386,954.3,1826.0,2228,7,72,12611.3
859.508,954.3,1826.0,2228,7,72,12674.5
859.631,1083.8,1826.0,2228,7,72,12728.0
859.751,638.9,1826.0,2228,8,75,12740.1
859.964,661.0,1826.0,2228,65,73,12736.6
860.085,662.1,1826.0,2228,89,74,12727.1
860.208,663.2,1826.0,2228,93,74,12717.6
860.329,664.3,1826.0,2228,93,73,12708.3
860.45,1087.6,1826.0,2228,80,73,12699.0
860.571,1085.3,1826.0,2228,75,73,12689.7
860.693,956.9,1826.0,2228,75,73,12680.3
860.816,958.0,1826.0,2228,71,73,12671.0
860.938,829.5,1826.0,2228,83,74,12661.6
861.059,830.6,1826.0,2228,79,74,12652.2
861.181,702.2,1826.0,2228,79,75,12642.9
861.304,703.2,1826.0,2228,78,75,12633.4
861.426,1091.7,1826.0,2228,62,73,12639.2
861.548,704.3,1826.0,2228,45,73,12639.7
861.669,963.3,1826.0,2228,45,72,12651.2
861.79,673.9,1826.0,2228,15,73,12657.4
861.911,834.9,1826.0,2228,48,73,12662.2
862.032,1093.9,1826.0,2228,15,72,12670.5
862.164,674.9,1826.0,2228,15,75,12668.6
862.3,965.5,1826.0,2228,48,72,12664.7
862.487,837.0,1826.0,2228,19,73,12656.9
862.631,677.1,1826.0,2228,54,75,12650.5
862.781,967.6,1826.0,2228,12,72,12635.3
863.018,678.2,1826.0,2228,12,75,12643.5
863.144,839.2,1826.0,2228,44,72,12549.6
863.265,968.7,1826.0,2228,11,72,12206.2
863.387,679.2,1826.0,2228,50,75,12144.0
863.51,840.2,1826.0,2228,50,72,12157.2
863.628,969.7,1826.0,2228,9,72,12171.6
863.747,1099.2,1826.0,2228,10,72,12183.9
863.866,680.3,1826.0,2228,10,72,12191.7
863.984,841.3,1826.0,2228,32,73,12196.8
864.102,970.8,1826.0,2228,23,72,12206.5
864.22,1100.3,1826.0,2228,10,72,12221.7
864.338,681.4,1826.0,2228,10,72,12231.2
864.457,842.4,1826.0,2228,44,73,12240.4
864.575,842.4,1826.0,2228,9,72,12253.9
864.693,971.9,1826.0,2228,9,72,12270.1
864.811,1101.4,1826.0,2228,9,72,12286.5
864.93,682.4,1826.0,2228,13,74,12294.1
865.048,843.4,1826.0,2228,13,72,12309.8
865.166,972.9,1826.0,2228,37,72,12327.1
865.284,1102.4,1826.0,2228,11,72,12342.8
865.402,1102.4,1826.0,2228,8,71,12355.9
865.52,715.0,1826.0,2228,8,73,12362.3
865.639,974.0,1826.0,2228,48,72,12376.7
865.757,1103.5,1826.0,2228,10,72,12395.8
865.876,684.6,1826.0,2228,10,75,12343.5
865.995,845.6,1826.0,2228,44,72,12285.9
866.116,975.1,1826.0,2228,8,72,12320.8
866.238,1104.6,1826.0,2228,9,72,12156.4
866.358,1104.6,1826.0,2228,9,72,12029.4
866.486,717.2,1826.0,2228,33,72,12043.6
866.603,846.7,1826.0,2228,17,72,12079.7
866.727,846.7,1826.0,2228,17,72,12119.8
866.845,976.2,1826.0,2228,6,72,12147.4
866.965,1105.7,1826.0,2228,8,72,12178.5
867.087,1105.7,1826.0,2228,5,72,12190.2
867.207,1105.7,1826.0,2228,5,71,12183.3
867.328,1105.7,1826.0,2228,2,71,12176.7
867.448,693.7,1826.0,2228,39,73,12182.8
867.567,847.7,1826.0,2228,6,72,12201.3
867.685,977.2,1826.0,2228,6,72,12218.2
867.804,977.2,1826.0,2228,7,72,12233.8
867.922,1106.7,1826.0,2228,9,72,12250.8
868.04,687.8,1826.0,2228,9,72,12263.7
868.157,719.3,1826.0,2228,36,72,12275.9
868.275,848.8,1826.0,2228,12,72,12296.0
868.393,978.3,1826.0,2228,12,72,12314.0
868.511,978.3,1826.0,2228,7,71,12333.9
868.629,1107.8,1826.0,2228,7,71,12351.2
868.748,688.9,1826.0,2228,43,74,12361.1
868.867,849.9,1826.0,2228,43,72,12392.1
868.985,849.9,1826.0,2228,6,71,12383.0
869.105,849.9,1826.0,2228,2,71,12377.4
869.226,849.9,1826.0,2228,2,71,12373.5
869.346,979.4,1826.0,2228,3,71,12366.9
869.467,979.4,1826.0,2228,2,71,12365.2
869.587,979.4,1826.0,2228,2,71,12359.8
869.707,979.4,1826.0,2228,2,71,12349.7
869.828,979.4,1826.0,2228,2,71,12347.6
869.949,979.4,1826.0,2228,2,71,12339.2
870.07,979.4,1826.0,2228,2,71,12329.0
870.191,1108.9,1826.0,2228,1,71,12325.5
870.311,1108.9,1826.0,2228,3,71,12325.2
870.43,1108.9,1826.0,2228,3,71,12330.3
870.55,1108.9,1826.0,2228,3,71,12321.9
870.671,1108.9,1826.0,2228,2,71,12314.6
870.79,665.6,1826.0,2228,39,73,12338.3
870.912,665.6,1826.0,2228,1,72,12413.6
871.04,665.6,1826.0,2228,1,71,12449.9
871.169,665.6,1826.0,2228,0,71,12141.8
871.297,665.6,1826.0,2228,1,71,12234.0
871.424,665.6,1826.0,2228,1,71,12331.3
871.551,665.6,1826.0,2228,1,71,12428.2
871.677,665.6,1826.0,2228,0,71,12527.2
871.804,665.6,1826.0,2228,1,71,12621.1
871.933,665.6,1826.0,2228,1,71,12559.1
872.065,665.6,1826.0,2228,1,71,12508.5
872.193,665.6,1826.0,2228,0,71,12600.0
872.32,665.6,1826.0,2228,1,71,12706.1
872.447,665.6,1826.0,2228,2,71,12802.5
872.573,665.6,1826.0,2228,2,72,12880.5
872.704,665.6,1826.0,2228,0,72,12946.6
872.833,665.6,1826.0,2228,1,72,13025.9
872.962,665.6,1826.0,2228,1,71,13099.9
873.09,665.6,1826.0,2228,0,72,13174.8
873.22,665.6,1826.0,2228,0,71,13248.1
873.35,665.6,1826.0,2228,1,71,13327.2
873.48,665.6,1826.0,2228,2,71,13172.9
873.608,665.6,1826.0,2228,1,71,12960.0
873.742,665.6,1826.0,2228,1,71,13007.2
873.862,665.6,1826.0,2228,0,71,13046.2
873.981,665.6,1826.0,2228,1,71,13101.7
874.109,665.6,1826.0,2228,1,71,13102.7
874.238,665.6,1826.0,2228,1,71,13102.7
874.367,981.7,1826.0,2228,0,71,13060.4
874.487,691.1,1846.0,2248,55,73,13064.5
874.605,690.1,1846.0,2248,87,72,13064.9
874.724,980.6,1846.0,2248,87,73,13064.9
874.843,689.1,1846.0,2248,87,76,13064.9
874.961,666.6,1846.0,2248,78,73,13067.1
875.079,688.0,1846.0,2248,78,74,13074.2
875.198,849.0,1846.0,2248,73,72,13093.8
875.316,687.0,1846.0,2248,15,74,13100.3
875.434,718.5,1846.0,2248,77,73,13105.3
875.552,977.5,1846.0,2248,77,72,13119.1
875.671,1107.0,1846.0,2248,18,72,13137.9
875.789,685.9,1846.0,2248,44,75,13142.6
875.907,847.0,1846.0,2248,44,73,13156.0
876.025,976.5,1846.0,2248,35,72,13174.4
876.144,1106.0,1846.0,2248,11,72,13191.5
876.262,684.9,1846.0,2248,11,72,13205.4
876.38,688.4,1846.0,2248,25,74,13210.6
876.498,845.9,1846.0,2248,52,72,13227.0
876.617,975.4,1846.0,2248,9,72,13247.2
876.735,1104.9,1846.0,2248,9,72,13212.2
876.854,1104.9,1846.0,2248,8,72,13161.4
876.972,683.9,1846.0,2248,51,75,13163.6
877.09,844.9,1846.0,2248,51,72,13175.9
877.208,974.4,1846.0,2248,27,72,13194.7
877.326,1103.9,1846.0,2248,8,71,13219.3
877.445,1103.9,1846.0,2248,8,71,13242.4
877.563,682.8,1846.0,2248,8,76,13246.5
877.681,843.8,1846.0,2248,68,72,13264.9
877.799,843.8,1846.0,2248,8,72,13288.2
877.92,973.3,1846.0,2248,8,71,13310.2
878.04,1102.8,1846.0,2248,10,71,13326.3
878.161,681.8,1846.0,2248,35,75,13320.3
878.283,842.8,1846.0,2248,44,72,13334.8
878.405,972.3,1846.0,2248,44,72,13349.5
878.525,1101.8,1846.0,2248,10,71,13367.6
878.645,680.8,1846.0,2248,15,74,13371.8
878.765,712.3,1846.0,2248,15,73,13378.9
878.885,841.8,1846.0,2248,61,72,13395.1
879.008,971.3,1846.0,2248,9,71,13413.8
879.129,1100.8,1846.0,2248,9,71,13428.7
879.25,679.7,1846.0,2248,9,73,13433.1
879.371,711.2,1846.0,2248,50,73,13438.7
879.492,840.7,1846.0,2248,26,72,13454.5
879.613,970.2,1846.0,2248,10,71,13469.3
879.734,1099.7,1846.0,2248,10,71,13485.9
879.855,678.7,1846.0,2248,20,75,13480.8
879.976,839.7,1846.0,2248,57,72,13493.1
880.097,969.2,1846.0,2248,57,72,13508.1
880.221,1098.7,1846.0,2248,6,71,13495.5
880.477,677.6,1846.0,2248,11,72,13464.4
880.742,838.6,1846.0,2248,6,71,13440.9
881.025,968.1,1846.0,2248,4,71,13410.6
881.354,676.6,1846.0,2248,68,75,13397.5
881.571,837.6,1846.0,2248,7,71,13370.9
881.889,1096.6,1846.0,2248,12,71,13347.5
882.177,675.6,1846.0,2248,12,73,13333.8
882.39,966.1,1846.0,2248,16,71,13312.1
882.664,1129.7,1846.0,2248,66,72,13285.3
882.999,835.5,1846.0,2248,2,71,13254.1
883.347,835.5,1846.0,2248,3,71,13185.1
883.509,965.0,1846.0,2248,5,71,12801.5
883.629,1094.5,1846.0,2248,7,71,12831.4
883.747,1094.5,1846.0,2248,7,71,12853.7
883.865,673.5,1846.0,2248,17,75,12857.8
883.982,834.5,1846.0,2248,57,72,12882.8
884.1,834.5,1846.0,2248,57,72,12909.3
884.219,964.0,1846.0,2248,10,71,12936.9
884.336,1093.5,1846.0,2248,9,71,12961.5
884.454,672.4,1846.0,2248,9,76,12963.7
884.572,962.9,1846.0,2248,69,72,12979.4
884.69,1092.4,1846.0,2248,18,71,12986.9
884.808,1092.4,1846.0,2248,8,71,12884.3
884.927,671.4,1846.0,2248,8,75,12886.4
885.045,832.4,1846.0,2248,69,72,12908.0
885.164,961.9,1846.0,2248,14,71,12925.8
885.282,670.4,1846.0,2248,14,72,12936.2
885.4,831.4,1846.0,2248,44,73,12936.7
885.521,669.3,1846.0,2248,52,72,12942.7
885.641,672.8,1846.0,2248,70,74,12946.9
885.762,959.8,1846.0,2248,70,72,12969.0
885.882,668.3,1846.0,2248,16,74,12977.0
886.002,675.3,1846.0,2248,71,73,12981.6
886.124,958.8,1846.0,2248,71,72,13000.7
886.245,1088.3,1846.0,2248,14,71,13027.9
886.365,667.2,1846.0,2248,9,74,13042.8
886.487,674.3,1846.0,2248,68,73,13051.4
886.608,828.3,1846.0,2248,68,72,13086.4
886.73,957.8,1846.0,2248,8,71,13117.8
886.85,1087.3,1846.0,2248,9,71,13142.3
886.971,666.2,1846.0,2248,45,75,13148.8
887.095,827.2,1846.0,2248,30,72,13159.9
887.286,827.2,1846.0,2248,2,71,13138.7
887.605,827.2,1846.0,2248,1,71,13111.3
887.936,956.7,1846.0,2248,2,71,13074.6
888.305,956.7,1846.0,2248,1,71,13039.8
888.658,1086.2,1846.0,2248,1,71,13002.5
889.019,665.2,1846.0,2248,53,72,12964.1
889.363,696.7,1846.0,2248,2,71,12918.4
889.736,826.2,1846.0,2248,1,71,12879.5
890.116,826.2,1846.0,2248,1,71,12837.7
890.511,955.7,1846.0,2248,4,71,12807.2
890.733,1085.2,1846.0,2248,3,71,12706.9
890.871,1085.2,1846.0,2248,7,71,12754.6
890.992,664.1,1846.0,2248,60,76,12756.7
891.112,825.1,1846.0,2248,60,72,12809.3
891.233,825.1,1846.0,2248,2,72,12819.0
891.56,954.6,1846.0,2248,3,72,12788.2
891.705,954.6,1846.0,2248,5,71,12446.3
891.826,1084.1,1846.0,2248,4,71,12354.0
891.957,1113.3,1846.0,2248,4,71,12334.2
892.074,634.9,1846.0,2248,36,74,12306.6
892.193,636.0,1846.0,2248,39,72,12312.9
892.311,822.3,1846.0,2248,39,72,12324.0
892.43,823.4,1846.0,2248,20,74,12324.1
892.549,824.5,1846.0,2248,89,75,12324.2
892.668,664.6,1846.0,2248,87,75,12331.2
892.786,825.6,1846.0,2248,87,72,12360.7
892.904,665.7,1846.0,2248,10,74,12366.9
893.021,826.8,1846.0,2248,59,72,12386.2
893.14,956.3,1846.0,2248,59,72,12412.5
893.258,1085.8,1846.0,2248,12,72,12438.5
893.376,666.9,1846.0,2248,23,74,12452.3
893.495,827.9,1846.0,2248,29,72,12479.0
893.613,1086.9,1846.0,2248,29,72,12494.6
893.731,829.0,1846.0,2248,49,73,12501.8
893.849,1091.6,1846.0,2248,29,72,12516.1
893.967,1089.1,1846.0,2248,29,73,12516.2
894.085,1090.2,1846.0,2248,84,73,12517.5
894.205,832.4,1846.0,2248,79,74,12294.4
894.326,672.5,1846.0,2248,63,75,12192.9
894.444,833.5,1846.0,2248,63,72,12209.9
894.563,1092.5,1846.0,2248,14,72,12228.8
894.681,673.6,1846.0,2248,45,75,12234.8
894.799,964.1,1846.0,2248,45,72,12255.7
894.917,674.7,1846.0,2248,27,73,12266.3
895.036,835.7,1846.0,2248,46,72,12277.7
895.154,1094.7,1846.0,2248,46,72,12291.4
895.272,675.9,1846.0,2248,17,74,12300.5
895.39,836.9,1846.0,2248,46,72,12323.0
895.508,1095.9,1846.0,2248,14,72,12343.9
895.626,677.0,1846.0,2248,14,74,12354.3
895.744,967.5,1846.0,2248,47,72,12365.6
895.862,1097.0,1846.0,2248,19,72,12380.9
895.981,839.1,1846.0,2248,19,72,12387.4
896.1,679.2,1846.0,2248,58,73,12394.8
896.219,840.2,1846.0,2248,51,72,12403.4
896.337,1099.2,1846.0,2248,19,72,12415.6
896.456,680.4,1846.0,2248,19,74,12423.2
896.574,841.4,1846.0,2248,45,72,12435.5
896.693,970.9,1846.0,2248,12,71,12448.1
896.811,681.5,1846.0,2248,12,72,12455.3
896.929,842.5,1846.0,2248,42,72,12464.3
897.047,972.0,1846.0,2248,17,72,12476.5
897.165,1101.5,1846.0,2248,17,71,12488.3
897.284,682.6,1846.0,2248,11,72,12495.8
897.401,843.6,1846.0,2248,43,72,12502.4
897.52,973.1,1846.0,2248,11,71,12512.3
897.638,1102.6,1846.0,2248,11,71,12524.8
897.756,1102.6,1846.0,2248,10,71,12536.7
897.874,715.2,1846.0,2248,44,72,12545.4
897.992,844.7,1846.0,2248,44,71,12509.8
898.112,974.2,1846.0,2248,10,71,12408.3
898.23,1103.7,1846.0,2248,9,71,12424.7
898.348,684.9,1846.0,2248,26,74,12433.6
898.466,845.9,1846.0,2248,26,72,12455.2
898.586,975.4,1846.0,2248,25,71,12473.0
898.705,1104.9,1846.0,2248,12,71,12490.2
898.822,1106.6,1846.0,2248,12,71,12501.2
898.94,847.0,1846.0,2248,26,72,12521.2
899.058,976.5,1846.0,2248,32,71,12543.9
899.176,1106.0,1846.0,2248,9,71,12564.2
899.294,687.1,1846.0,2248,9,74,12427.9
899.415,848.1,1846.0,2248,45,71,12448.4
899.538,977.6,1846.0,2248,8,71,12445.6
899.656,1107.1,1846.0,2248,8,71,12399.6
899.775,688.2,1846.0,2248,11,72,12366.9
899.893,849.2,1846.0,2248,43,72,12390.2
900.011,849.2,1846.0,2248,6,71,12445.7
900.13,978.7,1846.0,2248,6,71,12492.3
900.248,978.7,1846.0,2248,7,71,12508.9
900.367,1108.2,1846.0,2248,7,71,12418.6
900.486,689.4,1846.0,2248,7,73,12369.3
900.604,850.4,1846.0,2248,42,72,12371.9
900.724,850.4,1846.0,2248,8,71,12383.3
900.842,979.9,1846.0,2248,8,71,12404.6
900.961,1109.4,1846.0,2248,9,71,12454.6
901.082,690.5,1846.0,2248,9,73,12508.3
901.201,851.5,1846.0,2248,43,71,12551.5
901.322,851.5,1846.0,2248,43,71,12540.6
901.443,851.5,1846.0,2248,3,71,12527.4
901.565,851.5,1846.0,2248,0,71,12513.8
901.687,851.5,1846.0,2248,1,71,12500.8
901.808,851.5,1846.0,2248,1,71,12488.2
901.931,851.5,1846.0,2248,1,71,12474.7
902.052,851.5,1846.0,2248,0,71,12461.7
902.173,851.5,1846.0,2248,0,71,12449.7
902.294,851.5,1846.0,2248,1,71,12444.9
902.419,981.0,1846.0,2248,2,71,12518.9
902.539,1110.5,1846.0,2248,8,71,12586.0
902.775,1110.5,1846.0,2248,1,71,12506.1
903.268,1110.5,1846.0,2248,1,71,12450.7
903.682,691.6,1846.0,2248,41,71,12424.0
903.974,852.6,1846.0,2248,2,71,12424.0
904.128,852.6,1846.0,2248,5,71,12408.5
904.25,982.1,1846.0,2248,8,71,12406.3
904.372,1111.6,1846.0,2248,7,71,12441.5
904.622,1111.6,1846.0,2248,2,71,12429.2
904.958,668.5,1846.0,2248,35,71,12417.7
905.201,668.5,1846.0,2248,1,71,12401.3
905.34,668.5,1846.0,2248,1,71,12093.1
905.466,668.5,1846.0,2248,1,71,12191.1
905.594,668.5,1846.0,2248,0,71,12289.0
905.722,668.5,1846.0,2248,1,71,12386.2
905.848,668.5,1846.0,2248,1,71,12470.5
905.975,668.5,1846.0,2248,1,71,12409.5
906.101,668.5,1846.0,2248,0,71,12372.6
906.243,668.5,1846.0,2248,1,71,12454.6
906.37,668.5,1846.0,2248,1,71,12469.2
906.498,668.5,1846.0,2248,1,71,12558.2
906.627,668.5,1846.0,2248,0,71,12629.6
906.756,668.5,1846.0,2248,1,71,12728.5
906.883,668.5,1846.0,2248,1,71,12814.2
907.01,668.5,1846.0,2248,1,71,12898.2
907.137,668.5,1846.0,2248,0,71,12979.6
907.265,668.5,1846.0,2248,1,71,13061.4
907.394,668.5,1846.0,2248,1,71,13142.5
907.521,668.5,1846.0,2248,1,71,13223.1
907.65,668.5,1846.0,2248,0,71,13305.9
907.78,668.5,1846.0,2248,1,71,13382.9
907.91,668.5,1846.0,2248,1,71,13435.1
908.064,668.5,1846.0,2248,0,71,13452.1
908.233,668.5,1846.0,2248,1,71,13460.4
908.387,668.5,1846.0,2248,1,71,13464.4
908.579,668.5,1846.0,2248,1,71,13466.4
908.909,668.5,1846.0,2248,1,71,13390.9
909.463,668.5,1846.0,2248,1,71,13320.3
909.592,668.5,1846.0,2248,0,71,13334.9
909.782,668.5,1846.0,2248,1,71,13289.4
910.097,668.5,1846.0,2248,0,71,13057.0
910.226,668.5,1846.0,2248,1,71,12657.1
910.353,668.5,1846.0,2248,1,71,12629.1
910.48,668.5,1846.0,2248,1,71,12668.4
910.608,668.5,1846.0,2248,0,71,12691.4
910.74,668.5,1846.0,2248,1,71,12709.8
910.867,668.5,1846.0,2248,1,71,12651.9
911.003,1114.1,1846.0,2268,1,71,12521.3
911.123,725.6,1866.0,2268,66,75,12490.1
911.245,693.1,1866.0,2268,92,75,12492.4
911.364,854.1,1866.0,2268,92,73,12524.1
911.482,983.6,1866.0,2268,40,72,12560.8
911.6,1113.1,1866.0,2268,12,72,12596.1
911.719,692.0,1866.0,2268,73,75,12595.9
911.837,853.0,1866.0,2268,73,72,12626.7
911.955,982.5,1866.0,2268,10,72,12656.8
912.073,982.5,1866.0,2268,7,71,12696.4
912.191,1112.0,1866.0,2268,7,71,12725.7
912.308,691.0,1866.0,2268,8,74,12743.4
912.426,722.5,1866.0,2268,68,73,12752.8
912.543,852.0,1866.0,2268,68,72,12772.2
912.661,1111.0,1866.0,2268,8,72,12788.0
912.779,689.9,1866.0,2268,16,72,12805.6
912.896,721.4,1866.0,2268,69,74,12814.8
913.014,980.4,1866.0,2268,69,72,12840.8
913.132,1109.9,1866.0,2268,14,72,12859.6
913.25,1109.9,1866.0,2268,7,71,12878.4
913.367,688.9,1866.0,2268,7,75,12880.2
913.485,849.9,1866.0,2268,69,72,12906.3
913.603,979.4,1866.0,2268,9,71,12925.6
913.72,1108.9,1866.0,2268,9,71,12951.7
913.838,1108.9,1866.0,2268,10,71,12977.0
913.956,687.8,1866.0,2268,13,75,12985.8
914.074,848.8,1866.0,2268,62,72,12997.2
914.192,848.8,1866.0,2268,62,72,13012.4
914.31,978.3,1866.0,2268,10,71,13028.8
914.428,1107.8,1866.0,2268,8,71,13046.6
914.546,686.8,1866.0,2268,8,72,13055.4
914.665,718.3,1866.0,2268,42,73,13063.8
914.783,847.8,1866.0,2268,33,72,13080.0
914.901,977.3,1866.0,2268,9,71,12968.7
915.019,1106.8,1866.0,2268,9,71,12941.1
915.138,1106.8,1866.0,2268,8,71,12942.3
915.256,685.7,1866.0,2268,67,74,12891.6
915.373,846.7,1866.0,2268,67,72,12913.7
915.491,846.7,1866.0,2268,7,71,12938.6
915.609,976.2,1866.0,2268,7,71,12959.3
915.726,1105.7,1866.0,2268,7,71,12980.4
915.844,1134.6,1866.0,2268,8,72,12992.3
915.962,684.7,1866.0,2268,51,74,12999.3
916.08,845.7,1866.0,2268,25,72,13021.1
916.198,975.2,1866.0,2268,25,71,13043.3
916.316,975.2,1866.0,2268,8,71,13018.5
916.443,1104.7,1866.0,2268,11,71,12788.7
916.566,683.6,1866.0,2268,11,74,12793.3
916.685,844.6,1866.0,2268,67,71,12824.5
916.803,974.1,1866.0,2268,9,71,12851.3
916.921,1103.6,1866.0,2268,13,71,12876.5
917.039,682.6,1866.0,2268,13,75,12883.7
917.157,843.6,1866.0,2268,68,72,12903.6
917.275,973.1,1866.0,2268,15,71,12931.5
917.393,681.5,1866.0,2268,15,71,12946.6
917.511,681.5,1866.0,2268,40,74,12957.8
917.629,842.5,1866.0,2268,40,72,12987.8
917.747,972.0,1866.0,2268,40,71,13011.6
917.866,1101.5,1866.0,2268,10,71,13043.3
917.983,680.5,1866.0,2268,15,74,13058.1
918.1,841.5,1866.0,2268,63,72,13074.8
918.219,841.5,1866.0,2268,63,71,13098.5
918.337,971.0,1866.0,2268,8,71,13122.6
918.455,1100.5,1866.0,2268,11,71,12827.9
918.572,679.4,1866.0,2268,11,75,12832.8
918.69,840.4,1866.0,2268,68,72,12857.8
918.808,840.4,1866.0,2268,7,71,12886.5
918.926,969.9,1866.0,2268,10,71,12908.1
919.045,1099.4,1866.0,2268,10,71,12935.3
919.163,678.4,1866.0,2268,26,75,12939.1
919.281,839.4,1866.0,2268,51,71,12964.0
919.399,968.9,1866.0,2268,51,71,12989.4
919.516,1098.4,1866.0,2268,15,71,13011.3
919.633,677.3,1866.0,2268,32,74,13021.4
919.751,708.8,1866.0,2268,32,72,13039.4
919.869,838.3,1866.0,2268,44,71,13070.6
919.986,967.8,1866.0,2268,7,71,13035.1
920.105,967.8,1866.0,2268,8,71,12970.9
920.223,1097.3,1866.0,2268,8,71,12982.6
920.342,676.3,1866.0,2268,6,73,12973.0
920.459,676.3,1866.0,2268,67,72,12990.0
920.577,837.3,1866.0,2268,67,71,13020.8
920.695,966.8,1866.0,2268,9,71,13056.0
920.812,966.8,1866.0,2268,7,71,13095.4
920.93,1096.3,1866.0,2268,7,71,13128.4
921.048,675.2,1866.0,2268,9,75,13130.9
921.166,836.2,1866.0,2268,69,71,13167.3
921.291,965.7,1866.0,2268,9,71,13009.6
921.415,965.7,1866.0,2268,9,71,13044.0
921.532,1095.2,1866.0,2268,7,71,13071.9
921.651,674.2,1866.0,2268,23,74,13081.0
921.769,705.7,1866.0,2268,53,71,13100.6
921.886,835.2,1866.0,2268,53,71,13138.5
922.004,964.7,1866.0,2268,8,71,13176.8
922.122,964.7,1866.0,2268,7,71,13212.2
922.267,1094.2,1866.0,2268,7,71,13111.2
922.386,673.1,1866.0,2268,7,75,12865.8
922.503,834.1,1866.0,2268,69,71,12904.0
922.621,963.6,1866.0,2268,10,71,12949.3
922.74,1093.1,1866.0,2268,10,71,12986.6
922.858,1093.1,1866.0,2268,9,71,13024.2
922.976,672.1,1866.0,2268,53,74,13030.6
923.094,833.1,1866.0,2268,53,71,13068.3
923.212,833.1,1866.0,2268,23,71,13105.7
923.33,962.6,1866.0,2268,8,71,13139.3
923.448,1092.1,1866.0,2268,11,71,13179.5
923.566,671.0,1866.0,2268,11,75,13185.3
923.684,832.0,1866.0,2268,69,71,13179.8
923.803,961.5,1866.0,2268,9,71,13204.5
923.933,961.5,1866.0,2268,9,71,13192.9
924.056,1091.0,1866.0,2268,6,71,13171.2
924.177,1091.0,1866.0,2268,8,70,13135.2
924.307,670.0,1866.0,2268,56,75,13060.7
924.427,831.0,1866.0,2268,56,71,13088.1
924.559,831.0,1866.0,2268,15,71,13117.7
924.676,960.5,1866.0,2268,9,71,13145.2
924.794,1090.0,1866.0,2268,8,71,13170.1
924.912,668.9,1866.0,2268,8,75,13178.5
925.03,829.9,1866.0,2268,70,72,13196.7
925.148,959.4,1866.0,2268,10,71,13211.5
925.266,959.4,1866.0,2268,10,71,13241.9
925.385,1533.6,1866.0,2268,9,71,13130.3
925.506,667.9,1866.0,2268,58,73,13066.9
925.628,828.9,1866.0,2268,20,71,13094.1
925.747,958.4,1866.0,2268,20,71,13133.1
925.865,958.4,1866.0,2268,7,71,13172.9
925.983,1087.9,1866.0,2268,7,71,13232.3
926.101,1087.9,1866.0,2268,7,70,13289.9
926.222,666.8,1866.0,2268,15,75,13291.2
926.341,827.8,1866.0,2268,60,71,13351.1
926.461,957.3,1866.0,2268,9,71,13431.7
926.581,1086.8,1866.0,2268,9,71,13522.5
926.706,1086.8,1866.0,2268,1,71,13487.8
927.15,1086.8,1866.0,2268,24,73,13412.3
927.496,663.7,1866.0,2268,61,72,13409.2
927.617,664.9,1866.0,2268,61,73,13399.4
927.737,666.1,1866.0,2268,98,73,13389.7
927.857,667.2,1866.0,2268,91,74,13379.9
927.978,668.4,1866.0,2268,90,74,13370.1
928.098,669.6,1866.0,2268,90,74,13360.3
928.218,670.8,1866.0,2268,92,74,13350.6
928.339,1090.8,1866.0,2268,72,72,13345.8
928.462,962.5,1866.0,2268,67,72,13340.6
928.583,673.1,1866.0,2268,67,75,13335.6
928.704,1093.1,1866.0,2268,59,72,13335.5
928.824,835.3,1866.0,2268,55,72,13334.9
928.945,1094.3,1866.0,2268,55,71,13341.9
929.065,675.5,1866.0,2268,19,74,13337.7
929.185,1097.2,1866.0,2268,57,71,13336.7
929.305,837.7,1866.0,2268,52,72,13334.8
929.426,677.8,1866.0,2268,52,73,13331.9
929.545,968.4,1866.0,2268,57,72,13333.8
929.666,679.0,1866.0,2268,43,74,13330.3
929.786,1099.0,1866.0,2268,43,72,13332.0
929.91,711.7,1866.0,2268,37,73,13327.6
930.037,681.4,1866.0,2268,58,74,13322.2
930.165,971.9,1866.0,2268,56,72,13313.5
930.327,714.1,1866.0,2268,52,73,13304.5
930.47,1110.3,1866.0,2268,31,74,13296.9
930.626,1103.8,1866.0,2268,49,72,13285.2
930.797,845.9,1866.0,2268,50,73,13276.5
930.93,1104.9,1866.0,2268,28,72,13267.9
931.107,976.6,1866.0,2268,45,72,13258.2
931.265,687.3,1866.0,2268,46,72,13243.6
931.455,1107.3,1866.0,2268,20,71,13229.6
931.654,720.0,1866.0,2268,44,73,13221.2
931.797,1108.5,1866.0,2268,2,71,13140.8
932.189,689.6,1866.0,2268,38,72,13114.9
932.437,850.6,1866.0,2268,7,71,13086.0
932.736,1109.6,1866.0,2268,13,71,13060.5
933.026,722.3,1866.0,2268,30,72,13044.0
933.229,851.8,1866.0,2268,3,71,13009.0
933.574,981.3,1866.0,2268,4,71,12977.3
933.885,1110.8,1866.0,2268,3,71,12940.8
934.25,1110.8,1866.0,2268,35,74,12908.1
934.601,982.5,1866.0,2268,23,71,12886.8
934.894,854.2,1866.0,2268,21,72,12883.4
935.089,854.2,1866.0,2268,3,71,12896.2
935.293,854.2,1866.0,2268,2,71,12904.6
935.516,983.7,1866.0,2268,3,71,12897.6
935.768,983.7,1866.0,2268,1,71,12827.1
936.201,983.7,1866.0,2268,1,71,12782.7
936.635,1113.2,1866.0,2268,1,71,12733.7
937.102,1113.2,1866.0,2268,1,71,12687.6
937.5,1113.2,1866.0,2268,47,71,12663.4
937.834,725.9,1866.0,2268,2,71,12620.9
938.234,855.4,1866.0,2268,2,71,12585.8
938.582,855.4,1866.0,2268,2,71,12559.0
938.932,984.9,1866.0,2268,4,71,12562.2
939.175,984.9,1866.0,2268,1,71,12533.9
939.502,1114.4,1866.0,2268,2,71,12515.5
939.814,1117.9,1866.0,2268,7,71,12462.8
939.98,671.3,1866.0,2268,7,71,12381.8
940.11,671.3,1866.0,2268,37,71,12448.6
940.237,671.3,1866.0,2268,1,71,12522.9
940.367,671.3,1866.0,2268,0,71,12590.8
940.535,671.3,1866.0,2268,1,71,12586.6
940.669,671.3,1866.0,2268,1,71,12432.5
940.798,671.3,1866.0,2268,1,71,12323.7
940.926,671.3,1866.0,2268,0,71,12430.4
941.054,671.3,1866.0,2268,1,71,12508.8
941.182,671.3,1866.0,2268,1,71,12594.2
941.31,671.3,1866.0,2268,1,71,12676.2
941.437,671.3,1866.0,2268,0,71,12755.4
941.567,671.3,1866.0,2268,1,71,12838.7
941.696,671.3,1866.0,2268,1,71,12932.0
941.825,671.3,1866.0,2268,1,71,13005.9
941.953,671.3,1866.0,2268,0,71,13088.1
942.082,671.3,1866.0,2268,1,71,13168.4
942.211,671.3,1866.0,2268,1,71,13227.2
942.353,671.3,1866.0,2268,0,71,13297.7
942.528,671.3,1866.0,2268,1,71,13319.7
942.787,671.3,1866.0,2268,1,71,13331.9
943.083,671.3,1866.0,2268,1,71,13376.7
943.365,671.3,1866.0,2268,0,71,13359.5
943.582,671.3,1866.0,2268,1,71,13373.4
943.705,671.3,1866.0,2268,1,71,13255.9
943.827,671.3,1866.0,2268,1,71,13116.2
943.948,671.3,1866.0,2268,1,71,12969.1
944.069,671.3,1866.0,2268,0,71,13000.9
944.188,671.3,1866.0,2268,1,71,13029.1
944.308,671.3,1866.0,2268,1,71,13056.8
944.427,671.3,1866.0,2268,1,71,13173.1
944.545,671.3,1866.0,2268,0,71,13110.1
944.671,671.3,1866.0,2268,0,71,13185.9
944.797,671.3,1866.0,2268,2,71,13248.8
944.924,671.3,1866.0,2268,1,71,13167.5
945.051,671.3,1866.0,2268,0,71,13162.3
945.18,671.3,1866.0,2268,1,71,13162.3
945.317,671.3,1866.0,2268,1,71,13069.9
945.445,858.0,1866.0,2268,2,71,13091.2
945.564,858.0,1866.0,2268,7,71,13115.5
945.682,987.5,1866.0,2268,7,71,13144.8
945.8,987.5,1866.0,2268,7,71,13170.0
945.918,1314.7,1866.0,2268,6,72,13202.7
946.035,858.0,1866.0,2268,76,73,13210.2
946.153,858.0,1866.0,2268,76,72,13193.8
946.273,987.5,1866.0,2268,9,71,13106.9
946.391,987.5,1866.0,2268,6,71,13134.4
946.509,1117.0,1866.0,2268,6,71,13160.3
946.628,1117.0,1866.0,2268,5,71,13187.9
946.745,695.8,1866.0,2268,19,74,13195.9
946.863,1593.4,1866.0,2268,83,72,13168.8
946.981,694.7,1866.0,2268,83,75,13172.0
947.1,855.7,1866.0,2268,63,72,13193.5
947.218,985.2,1866.0,2268,8,72,13041.3
947.336,1114.7,1866.0,2268,8,71,12906.8
947.455,1114.7,1866.0,2268,9,71,12933.8
947.573,693.5,1866.0,2268,33,75,12937.9
947.691,854.5,1866.0,2268,42,72,12954.9
947.81,984.0,1866.0,2268,42,72,12966.7
947.928,1113.5,1866.0,2268,17,71,12983.1
948.047,692.4,1866.0,2268,68,74,12986.4
948.166,982.9,1866.0,2268,68,72,12999.2
948.284,1112.4,1866.0,2268,16,71,13016.0
948.402,1112.4,1866.0,2268,7,71,13034.0
948.52,691.2,1866.0,2268,7,76,13036.9
948.638,852.2,1866.0,2268,65,72,13053.1
948.756,981.7,1866.0,2268,13,71,13070.0
948.875,1111.2,1866.0,2268,10,71,13085.9
948.993,1111.2,1866.0,2268,10,71,13101.8
949.111,690.1,1866.0,2268,24,75,13103.5
949.229,851.1,1866.0,2268,53,72,13116.8
949.348,980.6,1866.0,2268,53,71,13132.7
949.466,1110.1,1866.0,2268,10,71,13147.8
949.584,1110.1,1866.0,2268,7,71,13163.5
949.703,688.9,1866.0,2268,55,75,13166.2
949.82,849.9,1866.0,2268,55,72,13175.8
949.938,979.4,1866.0,2268,24,71,13185.5
950.056,1108.9,1866.0,2268,8,71,13199.7
950.174,1108.9,1866.0,2268,8,71,13211.7
950.292,687.8,1866.0,2268,23,75,13214.0
950.411,848.8,1866.0,2268,56,72,13226.4
950.53,978.3,1866.0,2268,56,71,13233.7
950.65,1107.8,1866.0,2268,11,71,13239.6
950.769,686.6,1866.0,2268,27,76,13235.8
950.889,847.6,1866.0,2268,52,72,13245.9
951.008,977.1,1866.0,2268,52,71,13255.6
951.128,1106.6,1866.0,2268,10,71,13270.2
951.248,685.5,1866.0,2268,39,75,13266.9
951.368,846.5,1866.0,2268,42,72,13288.2
951.488,976.0,1866.0,2268,42,71,13304.9
951.607,1105.5,1866.0,2268,12,71,13322.1
951.728,684.3,1866.0,2268,59,75,13315.7
951.849,845.3,1866.0,2268,59,72,13419.3
951.97,1104.3,1866.0,2268,23,71,13469.5
952.091,1104.3,1866.0,2268,1,71,13455.5
952.547,683.2,1866.0,2268,18,72,13429.5
952.833,844.2,1866.0,2268,0,71,13378.3
953.278,844.2,1866.0,2268,2,71,13328.6
953.642,844.2,1866.0,2268,1,71,13282.0
954.006,973.7,1866.0,2268,2,71,13244.7
954.282,1103.2,1866.0,2268,0,71,13192.4
954.75,1103.2,1866.0,2268,1,71,13138.6
955.235,1103.2,1866.0,2268,0,71,13087.1
955.705,682.0,1866.0,2268,66,72,13066.8
955.959,843.0,1866.0,2268,3,71,13038.5
956.277,972.5,1866.0,2268,4,71,12998.5
956.637,1102.0,1866.0,2268,6,71,12972.7
956.945,680.9,1866.0,2268,41,75,12965.0
957.08,841.9,1866.0,2268,2,71,12939.6
957.391,971.4,1866.0,2268,5,71,12927.7
957.635,1100.9,1866.0,2268,6,71,12919.6
957.861,679.7,1866.0,2268,66,76,12913.8
958.033,970.3,1866.0,2268,66,72,12839.3
958.178,1099.8,1866.0,2268,21,71,12563.2
958.304,678.6,1866.0,2268,44,75,12524.2
958.423,839.6,1866.0,2268,33,72,12546.9
958.541,839.6,1866.0,2268,33,71,12572.1
958.66,969.1,1866.0,2268,6,71,12600.1
958.778,1098.6,1866.0,2268,8,71,12626.8
958.896,1098.6,1866.0,2268,8,71,12649.8
959.019,677.4,1866.0,2268,8,75,12644.0
959.139,838.5,1866.0,2268,68,72,12657.0
959.26,968.0,1866.0,2268,14,71,12667.4
959.382,676.3,1866.0,2268,14,73,12669.3
959.502,837.3,1866.0,2268,56,73,12669.5
959.623,1096.3,1866.0,2268,31,72,12679.3
959.744,675.1,1866.0,2268,45,74,12680.4
959.865,836.2,1866.0,2268,45,72,12681.8
959.986,1095.2,1866.0,2268,43,71,12696.3
960.107,674.0,1866.0,2268,26,74,12704.5
960.229,705.5,1866.0,2268,26,72,12711.3
960.352,964.5,1866.0,2268,58,71,12735.8
960.473,1094.0,1866.0,2268,13,71,12753.2
960.595,672.9,1866.0,2268,60,76,12748.0
960.716,833.9,1866.0,2268,60,72,12770.7
960.837,963.4,1866.0,2268,19,71,12786.1
960.959,1092.9,1866.0,2268,14,71,12798.0
961.08,671.7,1866.0,2268,14,74,12795.2
961.202,832.7,1866.0,2268,69,72,12809.6
961.347,962.2,1866.0,2268,4,71,12803.9
961.608,1091.7,1866.0,2268,2,71,12782.4
961.911,1091.7,1866.0,2268,65,73,12752.4
962.214,702.1,1866.0,2268,3,71,12698.4
962.429,831.6,1866.0,2268,8,71,12695.9
962.549,1090.6,1866.0,2268,8,71,12642.8
962.67,669.4,1866.0,2268,13,74,12377.0
962.79,700.9,1866.0,2268,68,72,12361.2
962.91,830.4,1866.0,2268,68,71,12284.6
963.034,959.9,1866.0,2268,9,71,12344.7
963.152,1089.4,1866.0,2268,8,71,12402.2
963.27,668.3,1866.0,2268,28,73,12435.4
963.388,671.8,1866.0,2268,28,73,12465.0
963.507,829.3,1866.0,2268,48,72,12546.6
963.628,958.8,1866.0,2268,9,71,12626.4
963.749,1088.3,1866.0,2268,9,71,12686.9
963.869,667.1,1866.0,2268,10,73,12714.0
963.995,698.6,1866.0,2268,69,72,12733.4
964.117,828.1,1866.0,2268,3,71,12737.6
964.24,828.1,1866.0,2268,3,71,12745.8
964.371,828.1,1866.0,2268,2,71,12728.4
964.496,828.1,1866.0,2268,1,71,12712.3
964.617,828.1,1866.0,2268,2,71,12697.3
964.738,828.1,1866.0,2268,2,71,12680.6
964.86,828.1,1866.0,2268,0,71,12664.1
964.982,828.1,1866.0,2268,2,71,12655.0
965.102,828.1,1866.0,2268,2,71,12654.5
965.223,828.1,1866.0,2268,2,71,12642.3
965.344,828.1,1866.0,2268,1,71,12626.1
965.467,828.1,1866.0,2268,1,71,12610.1
965.589,828.1,1866.0,2268,1,71,12594.1
965.71,828.1,1866.0,2268,1,71,12577.8
965.832,828.1,1866.0,2268,0,71,12563.7
965.955,828.1,1866.0,2268,1,71,12548.7
966.076,957.6,1866.0,2268,1,71,12533.1
966.198,957.6,1866.0,2268,1,71,12517.3
966.319,957.6,1866.0,2268,0,71,12503.4
966.441,957.6,1866.0,2268,1,71,12487.4
966.562,957.6,1866.0,2268,1,71,12470.9
966.684,957.6,1866.0,2268,1,71,12455.5
966.805,957.6,1866.0,2268,0,71,12439.6
966.926,957.6,1866.0,2268,0,71,12429.2
967.048,957.6,1866.0,2268,1,71,12414.6
967.169,957.6,1866.0,2268,1,71,12400.5
967.291,957.6,1866.0,2268,0,71,12383.6
967.412,957.6,1866.0,2268,0,71,12366.8
967.534,957.6,1866.0,2268,1,71,12360.2
967.654,957.6,1866.0,2268,2,71,12290.4
967.775,1087.1,1866.0,2268,6,71,11823.8
967.897,1087.1,1866.0,2268,6,71,11636.8
968.019,642.0,1866.0,2268,28,75,11634.6
968.138,638.0,1866.0,2268,47,72,11642.8
968.259,661.3,1866.0,2268,47,71,11656.2
968.379,669.5,1866.0,2268,20,74,11656.5
968.498,663.8,1866.0,2268,91,75,11608.3
968.618,665.0,1866.0,2268,88,75,11608.5
968.736,666.2,1866.0,2268,88,75,11608.6
968.855,667.5,1866.0,2268,74,74,11610.8
968.974,668.7,1866.0,2268,77,73,11611.8
969.092,1088.7,1866.0,2268,77,73,11612.8
969.21,960.4,1866.0,2268,80,73,11614.7
969.329,702.7,1866.0,2268,66,75,11616.3
969.449,672.4,1866.0,2268,80,74,11617.4
969.568,673.6,1866.0,2268,80,73,11618.7
969.686,674.9,1866.0,2268,73,73,11619.0
969.805,1094.9,1866.0,2268,67,72,11621.7
969.923,966.6,1866.0,2268,67,74,11623.3
970.042,967.8,1866.0,2268,82,74,11624.0
970.161,678.6,1866.0,2268,86,74,11619.8
970.282,839.6,1866.0,2268,86,72,11644.0
970.4,839.6,1866.0,2268,11,72,11649.4
970.521,969.1,1866.0,2268,6,71,11665.6
970.64,679.8,1866.0,2268,38,73,11670.6
970.758,970.3,1866.0,2268,38,72,11687.8
970.876,1099.8,1866.0,2268,33,71,11729.3
970.995,1099.8,1866.0,2268,7,71,11754.0
971.113,712.6,1866.0,2268,7,72,11766.3
971.231,842.1,1866.0,2268,43,72,11789.8
971.349,971.6,1866.0,2268,8,71,11808.6
971.467,1101.1,1866.0,2268,13,71,11826.5
971.586,689.3,1866.0,2268,13,72,11834.4
971.704,843.3,1866.0,2268,44,71,11848.4
971.823,972.8,1866.0,2268,8,71,11862.1
971.942,1102.3,1866.0,2268,8,71,11875.0
972.06,683.5,1866.0,2268,13,73,11883.7
972.179,844.5,1866.0,2268,44,71,11897.2
972.298,974.0,1866.0,2268,9,71,11910.1
972.416,1103.5,1866.0,2268,9,71,11922.3
972.534,684.7,1866.0,2268,9,71,11929.5
972.652,845.8,1866.0,2268,44,72,11936.0
972.771,975.3,1866.0,2268,44,71,11945.7
972.889,1104.8,1866.0,2268,10,71,11961.5
973.007,1104.8,1866.0,2268,10,71,11974.5
973.126,717.5,1866.0,2268,10,72,11982.1
973.245,847.0,1866.0,2268,45,71,11995.4
973.363,976.5,1866.0,2268,9,71,12010.8
973.481,1106.0,1866.0,2268,9,71,12025.9
973.599,687.2,1866.0,2268,9,72,12035.3
973.717,848.2,1866.0,2268,43,72,12048.4
973.835,977.7,1866.0,2268,10,71,12064.6
973.954,1107.2,1866.0,2268,10,71,12079.7
974.072,1107.2,1866.0,2268,10,71,12093.9
974.19,688.4,1866.0,2268,30,72,12100.9
974.309,979.0,1866.0,2268,28,71,12114.4
974.427,1108.5,1866.0,2268,28,71,12131.6
974.545,1108.5,1866.0,2268,7,71,12092.1
974.666,850.7,1866.0,2268,44,71,12039.8
974.79,980.2,1866.0,2268,44,71,12050.5
974.91,690.9,1866.0,2268,17,73,12058.1
975.029,851.9,1866.0,2268,46,71,12071.1
975.148,981.4,1866.0,2268,9,71,12097.7
975.268,1110.9,1866.0,2268,9,71,12118.2
975.387,1110.9,1866.0,2268,9,71,12149.6
975.506,982.7,1866.0,2268,48,72,12140.4
975.625,854.4,1866.0,2268,48,73,12107.5
975.745,854.4,1866.0,2268,60,71,12110.8
975.864,983.9,1866.0,2268,7,71,12072.4
975.984,1113.4,1866.0,2268,6,71,12089.2
976.105,1113.4,1866.0,2268,6,71,12086.7
976.224,1113.4,1866.0,2268,2,71,12040.4
976.342,1113.4,1866.0,2268,4,71,11956.7
976.462,698.1,1866.0,2268,4,72,11947.3
976.58,855.6,1866.0,2268,42,71,11846.4
976.7,985.1,1866.0,2268,7,71,11778.9
976.818,985.1,1866.0,2268,7,71,11671.0
976.938,1114.6,1866.0,2268,7,71,11346.0
977.063,671.1,1866.0,2268,7,73,11166.1
977.186,671.7,1866.0,2268,41,72,11248.9
977.311,671.7,1866.0,2268,0,71,11364.5
977.437,671.7,1866.0,2268,0,71,11463.7
977.563,671.7,1866.0,2268,1,71,11489.2
977.691,671.7,1866.0,2268,1,71,11581.0
977.819,671.7,1866.0,2268,0,71,11662.0
977.948,671.7,1866.0,2268,0,71,11780.5
978.074,671.7,1866.0,2268,1,71,11882.6
978.201,671.7,1866.0,2268,1,71,11979.7
978.329,671.7,1866.0,2268,0,71,12076.5
978.455,671.7,1866.0,2268,0,71,12175.5
978.582,671.7,1866.0,2268,1,71,12262.3
978.708,671.7,1866.0,2268,1,71,12380.4
978.834,671.7,1866.0,2268,0,71,12478.0
978.961,671.7,1866.0,2268,0,71,12580.4
979.087,671.7,1866.0,2268,1,71,12677.3
979.213,671.7,1866.0,2268,1,71,12766.3
979.34,671.7,1866.0,2268,0,71,12873.0
979.468,671.7,1866.0,2268,0,71,12974.6
979.594,671.7,1866.0,2268,1,71,13060.2
979.725,671.7,1866.0,2268,1,71,13156.1
979.852,671.7,1866.0,2268,0,71,13202.1
980.006,671.7,1866.0,2268,1,71,13202.7
980.124,671.7,1866.0,2268,1,71,13247.2
980.243,671.7,1866.0,2268,1,71,13296.8
980.363,671.7,1866.0,2268,0,71,13246.7
980.49,671.7,1866.0,2268,1,71,13240.6
980.619,671.7,1866.0,2268,1,71,13238.3
980.748,671.7,1866.0,2268,1,71,13238.3
980.88,858.4,1866.0,2268,0,71,13187.6
981.031,1153.8,1866.0,2268,28,73,13191.6
981.169,858.4,1866.0,2268,66,73,13165.0
981.287,858.4,1866.0,2268,66,71,13165.1
981.408,858.4,1866.0,2268,1,71,13166.2
981.527,858.4,1866.0,2268,2,71,13166.8
981.648,858.4,1866.0,2268,2,71,13168.9
981.767,858.4,1866.0,2268,3,71,13172.7
981.886,858.4,1866.0,2268,1,71,13173.9
982.006,858.4,1866.0,2268,2,71,13175.0
982.124,858.4,1866.0,2268,2,71,13175.6
982.242,858.4,1866.0,2268,2,71,13176.3
982.363,858.4,1866.0,2268,1,71,13177.3
982.482,987.9,1866.0,2268,1,71,13178.4
982.6,987.9,1866.0,2268,2,71,13181.0
982.72,987.9,1866.0,2268,2,71,13181.7
982.839,987.9,1866.0,2268,1,71,13184.1
982.957,987.9,1866.0,2268,1,70,13184.8
983.077,987.9,1866.0,2268,1,70,13185.5
983.204,987.9,1866.0,2268,2,70,13191.3
983.322,987.9,1866.0,2268,2,70,13196.6
983.444,987.9,1866.0,2268,1,70,13192.9
983.563,987.9,1866.0,2268,1,70,13186.8
983.683,1117.4,1866.0,2268,3,70,13191.4
983.803,1459.7,1866.0,2268,3,72,13183.4
983.922,727.8,1866.0,2268,41,72,13173.4
984.042,857.3,1866.0,2268,39,71,13164.8
984.161,857.3,1866.0,2268,39,71,13155.5
984.282,986.8,1866.0,2268,5,71,13145.9
984.402,986.8,1866.0,2268,4,70,13137.0
984.523,695.1,1866.0,2268,66,74,13127.7
984.644,695.1,1866.0,2268,66,71,13118.9
984.764,726.6,1866.0,2268,12,71,13109.5
984.885,856.1,1866.0,2268,2,71,13100.1
985.005,856.1,1866.0,2268,2,70,13090.8
985.125,856.1,1866.0,2268,2,70,13081.2
985.245,856.1,1866.0,2268,3,70,13071.8
985.365,856.1,1866.0,2268,3,70,13062.5
985.485,985.6,1866.0,2268,3,70,13052.8
985.604,985.6,1866.0,2268,2,70,13043.3
985.724,985.6,1866.0,2268,2,70,13034.0
985.844,985.6,1866.0,2268,3,70,13024.6
985.964,1115.1,1866.0,2268,3,70,13015.6
986.084,1115.1,1866.0,2268,4,70,13006.1
986.206,1115.1,1866.0,2268,3,70,12996.8
986.325,1115.1,1866.0,2268,3,70,12987.6
986.445,1115.1,1866.0,2268,3,70,12978.3
986.577,669.5,1866.0,2268,20,74,12968.8
986.698,694.0,1866.0,2268,48,71,12960.4
986.819,694.0,1866.0,2268,48,71,12951.8
986.939,694.0,1866.0,2268,1,70,12947.8
987.057,725.5,1866.0,2268,0,70,12948.7
987.192,725.5,1866.0,2268,2,70,12949.9
987.326,725.5,1866.0,2268,2,70,12951.6
987.443,725.5,1866.0,2268,1,70,12952.5
987.571,855.0,1866.0,2268,1,70,12954.5
987.69,855.0,1866.0,2268,1,70,12955.6
987.81,855.0,1866.0,2268,1,70,12957.4
987.94,855.0,1866.0,2268,1,70,12958.8
988.059,855.0,1866.0,2268,1,70,12959.6
988.196,855.0,1866.0,2268,1,70,12961.4
988.314,855.0,1866.0,2268,1,70,12962.6
988.438,855.0,1866.0,2268,1,70,12964.0
988.562,855.0,1866.0,2268,1,70,12964.7
988.682,855.0,1866.0,2268,2,70,12965.6
988.805,855.0,1866.0,2268,2,70,12967.2
988.924,855.0,1866.0,2268,2,70,12968.5
989.043,855.0,1866.0,2268,0,70,12969.1
989.166,855.0,1866.0,2268,0,70,12969.8
989.303,984.5,1866.0,2268,5,70,12969.9
989.441,984.5,1866.0,2268,3,69,12970.5
989.56,1114.0,1866.0,2268,2,69,12970.6
989.699,1114.0,1866.0,2268,5,69,12971.1
989.82,1114.0,1866.0,2268,5,69,12971.5
989.939,1114.0,1866.0,2268,4,69,12971.6
990.061,692.8,1866.0,2268,44,71,12972.2
990.187,692.8,1866.0,2268,35,69,12972.2
990.309,692.8,1866.0,2268,35,69,12972.6
990.434,692.8,1866.0,2268,1,69,12973.1
990.559,692.8,1866.0,2268,0,69,12973.4
990.694,692.8,1866.0,2268,1,69,12973.4
990.833,692.8,1866.0,2268,1,69,12974.1
990.953,696.3,1866.0,2268,1,69,12974.6
991.092,699.8,1866.0,2268,0,69,12975.1
991.212,724.3,1866.0,2268,1,69,12975.1
991.351,724.3,1866.0,2268,1,69,12975.6
991.491,724.3,1866.0,2268,1,69,12976.2
991.631,724.3,1866.0,2268,0,68,12976.7
991.753,724.3,1866.0,2268,1,68,12977.3
991.89,724.3,1866.0,2268,1,68,12977.4
992.031,724.3,1866.0,2268,0,68,12977.8
992.154,853.8,1866.0,2268,0,68,12978.1
992.276,853.8,1866.0,2268,1,68,12978.5
992.412,853.8,1866.0,2268,1,68,12978.9
992.535,853.8,1866.0,2268,2,68,12979.3
992.653,853.8,1866.0,2268,2,68,12979.7
992.793,853.8,1866.0,2268,2,68,12979.7
992.935,853.8,1866.0,2268,1,68,12980.1
993.076,853.8,1866.0,2268,0,68,12981.4
993.197,853.8,1866.0,2268,1,68,12981.9
993.324,853.8,1866.0,2268,1,68,12982.0
993.446,853.8,1866.0,2268,1,68,12982.5
993.576,853.8,1866.0,2268,2,68,12983.1
993.694,853.8,1866.0,2268,2,68,12983.6
993.817,853.8,1866.0,2268,2,68,12983.6
993.939,853.8,1866.0,2268,1,68,12984.1
994.08,983.3,1866.0,2268,1,68,12984.8
994.2,983.3,1866.0,2268,2,68,12984.9
994.324,983.3,1866.0,2268,2,68,12985.4
994.464,983.3,1866.0,2268,1,68,12985.6
994.603,983.3,1866.0,2268,0,68,12986.2
994.726,983.3,1866.0,2268,2,68,12986.4
994.861,983.3,1866.0,2268,2,68,12986.5
995.003,983.3,1866.0,2268,2,68,12987.1
995.125,983.3,1866.0,2268,1,68,12987.4
995.244,983.3,1866.0,2268,1,67,12987.7
995.381,983.3,1866.0,2268,0,67,12987.9
995.521,983.3,1866.0,2268,0,68,12988.5
995.66,983.3,1866.0,2268,0,67,12989.0
995.778,983.3,1866.0,2268,0,67,12989.5
995.908,983.3,1866.0,2268,0,67,12989.6
996.03,983.3,1866.0,2268,0,67,12990.3
996.17,983.3,1866.0,2268,0,67,12989.8
996.288,983.3,1866.0,2268,0,67,12979.3
996.408,983.3,1866.0,2268,0,67,12969.8
996.527,983.3,1866.0,2268,0,67,12960.9
996.646,983.3,1866.0,2268,3,67,12951.0
996.765,983.3,1866.0,2268,1,67,12941.5
996.885,983.3,1866.0,2268,0,67,12932.2
997.004,983.3,1866.0,2268,0,67,12922.3
997.124,983.3,1866.0,2268,1,67,12913.1
997.243,983.3,1866.0,2268,1,67,12903.9
997.362,983.3,1866.0,2268,1,67,12893.9
997.481,983.3,1866.0,2268,0,67,12884.5
997.6,983.3,1866.0,2268,1,67,12875.0
997.72,983.3,1866.0,2268,1,67,12865.8
997.84,983.3,1866.0,2268,1,67,12862.4
997.976,983.3,1866.0,2268,0,67,12853.0
998.095,983.3,1866.0,2268,1,67,12853.1
998.23,983.3,1866.0,2268,1,67,12853.8
998.349,1112.8,1866.0,2268,1,67,12853.9
998.488,1112.8,1866.0,2268,0,67,12854.6
998.626,1112.8,1866.0,2268,1,67,12855.4
998.748,1112.8,1866.0,2268,1,67,12856.4
998.866,1112.8,1866.0,2268,1,67,12856.5
999.001,1112.8,1866.0,2268,0,67,12856.6
999.141,1112.8,1866.0,2268,1,67,12857.3
999.276,1112.8,1866.0,2268,1,67,12857.9
999.395,1112.8,1866.0,2268,0,67,12858.1
999.536,1112.8,1866.0,2268,0,67,12858.8
999.675,1112.8,1866.0,2268,1,67,12859.4
999.798,1112.8,1866.0,2268,1,67,12860.1
999.917,1112.8,1866.0,2268,0,67,12860.2
1000.04,1112.8,1866.0,2268,1,67,12860.8
1000.181,1112.8,1866.0,2268,1,67,12861.3
1000.308,1112.8,1866.0,2268,1,67,12862.0
1000.433,1112.8,1866.0,2268,0,67,12862.1
1000.574,1112.8,1866.0,2268,1,67,12862.9
1000.696,1112.8,1866.0,2268,1,67,12863.6
1000.815,1112.8,1866.0,2268,1,67,12863.8
1000.937,1112.8,1866.0,2268,0,67,12864.6
1001.064,1112.8,1866.0,2268,1,67,12865.2
1001.183,1112.8,1866.0,2268,1,67,12865.8
1001.324,1112.8,1866.0,2268,1,67,12866.3
1001.465,1112.8,1866.0,2268,0,66,12867.4
1001.586,1112.8,1866.0,2268,1,67,12868.3
1001.707,1112.8,1866.0,2268,1,66,12868.3
1001.847,1112.8,1866.0,2268,1,66,12869.1
1001.988,1112.8,1866.0,2268,0,66,12869.8
1002.127,1112.8,1866.0,2268,1,66,12870.6
1002.267,1112.8,1866.0,2268,1,66,12871.1
1002.394,1112.8,1866.0,2268,0,66,12872.0
1002.519,1112.8,1866.0,2268,0,66,12872.0
1002.642,1112.8,1866.0,2268,1,66,12872.8
1002.781,1112.8,1866.0,2268,1,66,12872.6
1002.904,1112.8,1866.0,2268,0,66,12862.9
1003.023,1112.8,1866.0,2268,0,66,12852.9
1003.142,1112.8,1866.0,2268,1,66,12843.6
1003.261,1112.8,1866.0,2268,1,66,12834.2
1003.38,1112.8,1866.0,2268,1,66,12824.2
1003.499,1112.8,1866.0,2268,0,66,12815.3
1003.619,1112.8,1866.0,2268,1,66,12806.2
1003.738,1112.8,1866.0,2268,1,66,12796.1
1003.858,1112.8,1866.0,2268,1,66,12786.8
1003.978,1112.8,1866.0,2268,0,66,12777.6
1004.096,1112.8,1866.0,2268,1,66,12767.6
1004.215,1112.8,1866.0,2268,1,66,12758.3
1004.334,1112.8,1866.0,2268,1,66,12751.3
1004.453,1112.8,1866.0,2268,0,66,12751.4
1004.574,1112.8,1866.0,2268,1,66,12752.1
1004.696,1112.8,1866.0,2268,1,66,12752.9
1004.818,1112.8,1866.0,2268,0,66,12753.3
1004.952,691.6,1866.0,2268,51,69,12753.3
1005.073,691.6,1866.0,2268,51,67,12754.0
1005.191,691.6,1866.0,2268,19,67,12754.4
1005.319,691.6,1866.0,2268,0,67,12754.9
1005.458,691.6,1866.0,2268,0,67,12755.3
1005.596,691.6,1866.0,2268,0,67,12755.7
1005.736,691.6,1866.0,2268,0,67,12756.1
1005.863,695.2,1866.0,2268,0,67,12756.2
1006.003,723.2,1866.0,2268,0,66,12756.9
1006.142,723.2,1866.0,2268,0,66,12757.6
1006.276,723.2,1866.0,2268,0,66,12758.3
1006.398,723.2,1866.0,2268,0,66,12758.4
1006.534,723.2,1866.0,2268,1,66,12759.2
1006.656,723.2,1866.0,2268,1,66,12759.9
1006.782,723.2,1866.0,2268,1,66,12760.0
1006.921,723.2,1866.0,2268,0,66,12760.5
1007.046,852.7,1866.0,2268,0,66,12761.6
1007.167,852.7,1866.0,2268,0,66,12761.6
1007.289,852.7,1866.0,2268,1,66,12762.7
1007.407,852.7,1866.0,2268,1,66,12763.2
1007.525,852.7,1866.0,2268,0,66,12763.4
1007.665,852.7,1866.0,2268,1,66,12764.1
1007.804,852.7,1866.0,2268,1,66,12765.0
1007.928,852.7,1866.0,2268,0,66,12765.1
1008.05,852.7,1866.0,2268,0,66,12766.0
1008.172,852.7,1866.0,2268,1,66,12766.6
1008.29,852.7,1866.0,2268,1,66,12766.7
1008.431,852.7,1866.0,2268,0,66,12767.2
1008.549,852.7,1866.0,2268,0,66,12767.7
1008.671,852.7,1866.0,2268,1,66,12768.0
1008.793,852.7,1866.0,2268,0,66,12768.5
1008.911,852.7,1866.0,2268,0,66,12768.6
1009.051,852.7,1866.0,2268,0,66,12769.3
1009.194,852.7,1866.0,2268,1,66,12769.9
1009.315,852.7,1866.0,2268,0,66,12769.9
1009.437,852.7,1866.0,2268,0,66,12770.5
1009.555,852.7,1866.0,2268,0,66,12770.6
1009.677,852.7,1866.0,2268,1,66,12771.3
1009.808,852.7,1866.0,2268,0,66,12770.8
1009.945,852.7,1866.0,2268,0,66,12760.8
1010.064,852.7,1866.0,2268,0,66,12751.0
1010.183,852.7,1866.0,2268,1,66,12740.9
1010.302,852.7,1866.0,2268,0,66,12731.5
1010.42,852.7,1866.0,2268,0,66,12721.3
1010.54,852.7,1866.0,2268,0,66,12711.9
1010.659,852.7,1866.0,2268,1,66,12701.7
1010.778,852.7,1866.0,2268,0,66,12701.9
1010.91,852.7,1866.0,2268,0,66,12702.5
1011.044,852.7,1866.0,2268,0,66,12702.5
1011.166,852.7,1866.0,2268,1,66,12703.2
1011.286,852.7,1866.0,2268,1,66,12703.3
1011.424,852.7,1866.0,2268,0,66,12703.6
1011.564,852.7,1866.0,2268,0,66,12703.6
1011.704,852.7,1866.0,2268,1,66,12704.2
1011.843,852.7,1866.0,2268,0,66,12704.7
1011.964,852.7,1866.0,2268,0,66,12706.3
1012.088,852.7,1866.0,2268,0,66,12706.9
1012.206,982.2,1866.0,2268,1,66,12708.2
1012.327,982.2,1866.0,2268,1,66,12710.0
1012.452,982.2,1866.0,2268,0,66,12710.6
1012.571,982.2,1866.0,2268,0,66,12711.4
1012.713,982.2,1866.0,2268,1,66,12712.0
1012.853,982.2,1866.0,2268,0,66,12712.8
1012.976,982.2,1866.0,2268,0,66,12712.9
1013.117,982.2,1866.0,2268,1,66,12713.6
1013.26,982.2,1866.0,2268,0,65,12714.5
1013.397,982.2,1866.0,2268,0,66,12714.5
1013.538,982.2,1866.0,2268,0,66,12715.1
1013.666,982.2,1866.0,2268,1,66,12715.1
1013.788,982.2,1866.0,2268,0,65,12716.0
1013.91,982.2,1866.0,2268,0,66,12716.5
1014.048,982.2,1866.0,2268,0,66,12717.1
1014.169,982.2,1866.0,2268,1,66,12717.5
1014.288,982.2,1866.0,2268,0,65,12718.7
1014.422,982.2,1866.0,2268,0,65,12718.8
1014.563,982.2,1866.0,2268,0,65,12719.0
1014.707,982.2,1866.0,2268,1,65,12719.9
1014.829,982.2,1866.0,2268,0,65,12720.1
1014.972,982.2,1866.0,2268,0,65,12720.5
1015.114,982.2,1866.0,2268,1,65,12721.4
1015.251,982.2,1866.0,2268,1,65,12722.1
1015.388,982.2,1866.0,2268,0,65,12722.3
1015.51,982.2,1866.0,2268,0,65,12722.8
1015.628,982.2,1866.0,2268,2,65,12723.5
1015.768,982.2,1866.0,2268,2,65,12724.8
1015.891,1111.7,1866.0,2268,1,65,12725.4
1016.014,1111.7,1866.0,2268,1,65,12726.3
1016.157,1111.7,1866.0,2268,1,65,12726.7
1016.299,1111.7,1866.0,2268,0,65,12727.2
1016.44,1111.7,1866.0,2268,0,65,12728.0
1016.567,1111.7,1866.0,2268,0,65,12728.5
1016.7,1111.7,1866.0,2268,1,65,12727.3
1016.824,1111.7,1866.0,2268,0,65,12717.2
1016.943,1111.7,1866.0,2268,0,65,12707.7
1017.062,1111.7,1866.0,2268,0,65,12697.3
1017.182,1111.7,1866.0,2268,1,65,12688.2
1017.3,1111.7,1866.0,2268,0,65,12678.8
1017.419,1111.7,1866.0,2268,0,65,12668.5
1017.538,1111.7,1866.0,2268,0,65,12659.5
1017.657,1111.7,1866.0,2268,1,65,12659.7
1017.776,1111.7,1866.0,2268,1,65,12660.3
1017.915,1111.7,1866.0,2268,0,65,12661.1
1018.054,1111.7,1866.0,2268,0,65,12661.6
1018.196,1111.7,1866.0,2268,1,65,12664.6
1018.319,1111.7,1866.0,2268,0,65,12666.4
1018.441,1111.7,1866.0,2268,0,65,12667.1
1018.564,1111.7,1866.0,2268,0,65,12667.7
1018.695,1111.7,1866.0,2268,1,65,12668.2
1018.817,1111.7,1866.0,2268,0,65,12668.3
1018.957,1111.7,1866.0,2268,0,65,12669.0
1019.098,1111.7,1866.0,2268,0,65,12669.2
1019.22,1111.7,1866.0,2268,1,65,12669.6
1019.344,1111.7,1866.0,2268,0,65,12669.8
1019.485,1111.7,1866.0,2268,0,65,12670.5
1019.627,1111.7,1866.0,2268,1,65,12671.2
1019.765,1111.7,1866.0,2268,1,65,12671.8
1019.886,1111.7,1866.0,2268,0,65,12671.9
1020.027,1111.7,1866.0,2268,0,65,12672.4
1020.168,1111.7,1866.0,2268,1,65,12673.0
1020.312,1111.7,1866.0,2268,0,65,12673.7
1020.435,1111.7,1866.0,2268,0,65,12674.3
1020.571,1111.7,1866.0,2268,0,65,12674.4
1020.713,1111.7,1866.0,2268,1,65,12674.9
1020.855,1111.7,1866.0,2268,0,65,12675.4
1020.976,1111.7,1866.0,2268,0,65,12675.9
1021.107,1111.7,1866.0,2268,0,65,12676.0
1021.249,1111.7,1866.0,2268,1,65,12676.6
1021.388,1111.7,1866.0,2268,0,65,12677.1
1021.508,1111.7,1866.0,2268,0,65,12677.0
1021.642,1111.7,1866.0,2268,0,65,12666.4
1021.762,690.5,1866.0,2268,1,67,12656.2
1021.881,690.5,1866.0,2268,66,66,12646.8
1021.999,690.5,1866.0,2268,0,65,12636.5
1022.118,690.5,1866.0,2268,0,65,12626.8
1022.236,690.5,1866.0,2268,1,65,12616.9
1022.355,690.5,1866.0,2268,0,65,12606.7
1022.475,690.5,1866.0,2268,0,65,12606.8
1022.612,694.0,1866.0,2268,0,65,12607.2
1022.735,694.0,1866.0,2268,1,65,12607.3
1022.874,697.5,1866.0,2268,0,65,12607.7
1023.016,722.0,1866.0,2268,0,65,12608.4
1023.138,722.0,1866.0,2268,0,65,12609.2
1023.255,722.0,1866.0,2268,1,65,12609.5
1023.397,722.0,1866.0,2268,0,65,12609.9
1023.536,722.0,1866.0,2268,0,65,12610.4
1023.676,851.5,1866.0,2268,1,65,12611.0
1023.794,851.5,1866.0,2268,1,65,12611.2
1023.936,851.5,1866.0,2268,0,65,12611.6
1024.058,851.5,1866.0,2268,0,65,12612.2
1024.179,851.5,1866.0,2268,1,65,12612.3
1024.321,851.5,1866.0,2268,0,65,12612.5
1024.464,851.5,1866.0,2268,0,65,12613.2
1024.605,851.5,1866.0,2268,0,65,12613.8
1024.747,851.5,1866.0,2268,1,65,12614.4
1024.867,851.5,1866.0,2268,0,65,12614.9
1025.005,851.5,1866.0,2268,0,65,12615.0
1025.145,851.5,1866.0,2268,1,65,12615.7
1025.286,851.5,1866.0,2268,1,65,12616.3
1025.424,851.5,1866.0,2268,1,65,12616.8
1025.542,851.5,1866.0,2268,0,65,12616.9
1025.665,851.5,1866.0,2268,1,65,12617.4
1025.788,851.5,1866.0,2268,1,65,12617.9
1025.906,851.5,1866.0,2268,0,65,12618.1
1026.047,851.5,1866.0,2268,1,65,12618.5
1026.187,851.5,1866.0,2268,1,65,12619.2
1026.324,851.5,1866.0,2268,1,65,12620.2
1026.442,851.5,1866.0,2268,0,65,12620.3
1026.565,851.5,1866.0,2268,0,65,12620.8
1026.688,851.5,1866.0,2268,1,65,12621.7
1026.818,851.5,1866.0,2268,1,65,12622.4
1026.943,851.5,1866.0,2268,0,65,12622.5
1027.085,851.5,1866.0,2268,0,65,12623.1
1027.224,851.5,1866.0,2268,1,65,12623.6
1027.36,851.5,1866.0,2268,0,65,12624.1
1027.477,851.5,1866.0,2268,0,65,12624.1
1027.619,851.5,1866.0,2268,0,65,12624.8
1027.76,851.5,1866.0,2268,1,65,12625.6
1027.883,851.5,1866.0,2268,0,65,12626.1
1028.011,851.5,1866.0,2268,0,65,12626.2
1028.133,851.5,1866.0,2268,0,65,12626.8
1028.275,851.5,1866.0,2268,1,65,12627.8
1028.395,851.5,1866.0,2268,0,65,12628.5
1028.532,851.5,1866.0,2268,0,65,12628.6
1028.654,981.0,1866.0,2268,0,65,12629.6
1028.773,981.0,1866.0,2268,1,65,12630.1
1028.902,981.0,1866.0,2268,0,65,12630.2
1029.025,981.0,1866.0,2268,0,65,12630.4
1029.166,981.0,1866.0,2268,0,65,12631.0
1029.287,981.0,1866.0,2268,1,64,12632.4
1029.423,981.0,1866.0,2268,0,65,12632.5
1029.566,981.0,1866.0,2268,0,64,12632.8
1029.709,981.0,1866.0,2268,1,65,12635.7
1029.831,981.0,1866.0,2268,1,64,12636.3
1029.96,981.0,1866.0,2268,0,64,12636.4
1030.102,981.0,1866.0,2268,0,64,12637.7
1030.245,981.0,1866.0,2268,1,64,12638.5
1030.377,981.0,1866.0,2268,0,64,12639.2
1030.503,981.0,1866.0,2268,0,64,12639.2
1030.625,981.0,1866.0,2268,0,64,12639.9
1030.748,981.0,1866.0,2268,1,64,12640.4
1030.871,981.0,1866.0,2268,0,64,12641.1
1031.009,981.0,1866.0,2268,0,64,12641.1
1031.136,981.0,1866.0,2268,0,64,12641.9
1031.277,981.0,1866.0,2268,1,64,12642.8
1031.398,981.0,1866.0,2268,0,64,12643.1
1031.534,981.0,1866.0,2268,0,64,12643.2
1031.676,981.0,1866.0,2268,0,64,12644.5
1031.817,981.0,1866.0,2268,1,64,12645.1
1031.96,981.0,1866.0,2268,0,64,12645.9
1032.081,981.0,1866.0,2268,0,64,12645.9
1032.224,981.0,1866.0,2268,1,64,12646.5
1032.363,981.0,1866.0,2268,0,64,12647.3
1032.502,981.0,1866.0,2268,0,64,12647.9
1032.622,981.0,1866.0,2268,0,64,12648.0
1032.745,981.0,1866.0,2268,1,64,12648.6
1032.863,981.0,1866.0,2268,1,64,12649.5
1032.984,981.0,1866.0,2268,0,64,12649.5
1033.106,981.0,1866.0,2268,0,64,12650.1
1033.248,981.0,1866.0,2268,1,64,12650.6
1033.368,981.0,1866.0,2268,0,64,12651.4
1033.496,981.0,1866.0,2268,0,64,12651.4
1033.639,981.0,1866.0,2268,0,64,12652.0
1033.758,981.0,1866.0,2268,1,64,12652.6
1033.878,981.0,1866.0,2268,0,64,12653.4
1034.014,981.0,1866.0,2268,0,64,12653.5
1034.157,981.0,1866.0,2268,0,64,12654.1
1034.296,1110.5,1866.0,2268,1,64,12654.7
1034.425,1110.5,1866.0,2268,0,64,12655.4
1034.554,1110.5,1866.0,2268,0,64,12655.5
1034.676,1110.5,1866.0,2268,0,64,12655.7
1034.819,1110.5,1866.0,2268,1,64,12656.1
1034.94,1110.5,1866.0,2268,0,64,12656.9
1035.081,1110.5,1866.0,2268,0,64,12657.0
1035.222,1110.5,1866.0,2268,1,64,12656.7
1035.342,1110.5,1866.0,2268,1,64,12646.6
1035.462,1110.5,1866.0,2268,0,63,12636.1
1035.58,1110.5,1866.0,2268,0,63,12626.4
1035.699,1110.5,1866.0,2268,0,63,12616.2
1035.817,1110.5,1866.0,2268,1,63,12605.5
1035.935,1110.5,1866.0,2268,0,63,12595.0
1036.053,1110.5,1866.0,2268,0,63,12585.1
1036.171,1110.5,1866.0,2268,0,63,12574.2
1036.29,1110.5,1866.0,2268,1,63,12566.9
1036.408,1110.5,1866.0,2268,0,63,12565.0
1036.526,1110.5,1866.0,2268,0,63,12557.1
1036.644,1110.5,1866.0,2268,0,63,12554.6
1036.762,1110.5,1866.0,2268,1,63,12544.4
1036.882,1110.5,1866.0,2268,1,63,12540.0
1037.004,1110.5,1866.0,2268,0,64,12540.7
1037.144,1110.5,1866.0,2268,0,63,12541.2
1037.269,1110.5,1866.0,2268,1,63,12541.8
1037.406,1110.5,1866.0,2268,0,63,12542.0
1037.548,1110.5,1866.0,2268,0,63,12542.5
1037.669,1110.5,1866.0,2268,0,63,12543.3
1037.788,1110.5,1866.0,2268,1,63,12543.6
1037.929,1110.5,1866.0,2268,0,63,12544.2
1038.069,1110.5,1866.0,2268,0,63,12544.7
1038.193,1110.5,1866.0,2268,0,63,12545.2
1038.322,1110.5,1866.0,2268,1,63,12545.3
1038.462,1110.5,1866.0,2268,0,63,12545.9
1038.585,1110.5,1866.0,2268,0,63,12546.4
1038.704,1110.5,1866.0,2268,0,63,12547.1
1038.84,1110.5,1866.0,2268,1,63,12547.4
1038.981,1110.5,1866.0,2268,0,63,12548.1
1039.103,1110.5,1866.0,2268,0,63,12548.6
1039.221,1110.5,1866.0,2268,1,63,12548.7
1039.362,1110.5,1866.0,2268,1,63,12549.1
1039.504,1110.5,1866.0,2268,0,63,12549.7
1039.628,1110.5,1866.0,2268,0,63,12550.2
1039.749,1110.5,1866.0,2268,1,63,12550.2
1039.891,1110.5,1866.0,2268,1,63,12550.9
1040.013,1110.5,1866.0,2268,0,63,12551.6
1040.134,1110.5,1866.0,2268,0,63,12551.6
1040.256,1110.5,1866.0,2268,1,63,12552.1
1040.398,689.3,1866.0,2268,40,64,12552.2
1040.526,689.3,1866.0,2268,40,64,12552.7
1040.652,689.3,1866.0,2268,39,63,12552.7
1040.794,689.3,1866.0,2268,1,63,12553.1
1040.935,689.3,1866.0,2268,0,63,12553.3
1041.054,689.3,1866.0,2268,0,63,12554.1
1041.18,689.3,1866.0,2268,0,63,12554.1
1041.322,692.8,1866.0,2268,1,63,12554.4
1041.463,720.8,1866.0,2268,0,63,12554.8
1041.59,720.8,1866.0,2268,0,63,12555.8
1041.716,720.8,1866.0,2268,1,63,12555.8
1041.858,720.8,1866.0,2268,1,63,12556.2
1042.0,720.8,1866.0,2268,0,63,12556.4
1042.129,720.8,1866.0,2268,0,63,12557.0
1042.26,850.3,1866.0,2268,1,63,12557.0
1042.404,850.3,1866.0,2268,0,63,12557.4
1042.546,850.3,1866.0,2268,0,63,12557.9
1042.686,850.3,1866.0,2268,0,63,12558.7
1042.806,850.3,1866.0,2268,1,63,12558.7
1042.928,850.3,1866.0,2268,0,63,12559.2
1043.05,850.3,1866.0,2268,0,63,12559.5
1043.168,850.3,1866.0,2268,0,63,12559.7
1043.291,850.3,1866.0,2268,1,63,12560.0
1043.418,850.3,1866.0,2268,0,63,12560.3
1043.536,850.3,1866.0,2268,0,63,12560.3
1043.68,850.3,1866.0,2268,0,63,12560.6
1043.801,850.3,1866.0,2268,1,63,12560.9
1043.92,850.3,1866.0,2268,0,63,12560.9
1044.043,850.3,1866.0,2268,0,63,12561.0
1044.18,850.3,1866.0,2268,0,63,12561.3
1044.298,850.3,1866.0,2268,1,63,12561.6
1044.433,850.3,1866.0,2268,0,63,12561.6
1044.574,850.3,1866.0,2268,0,63,12562.0
1044.697,850.3,1866.0,2268,1,63,12562.4
1044.817,850.3,1866.0,2268,1,63,12562.4
1044.96,850.3,1866.0,2268,0,63,12561.9
1045.097,850.3,1866.0,2268,1,63,12551.7
1045.216,850.3,1866.0,2268,1,63,12541.0
1045.334,850.3,1866.0,2268,1,63,12530.7
1045.452,850.3,1866.0,2268,0,63,12520.3
1045.571,850.3,1866.0,2268,0,63,12509.7
1045.689,850.3,1866.0,2268,1,63,12499.4
1045.807,850.3,1866.0,2268,0,63,12489.4
1045.925,850.3,1866.0,2268,0,63,12478.8
1046.044,850.3,1866.0,2268,0,63,12468.6
1046.162,850.3,1866.0,2268,1,63,12458.3
1046.28,850.3,1866.0,2268,0,63,12447.6
1046.399,979.8,1866.0,2268,0,63,12437.2
1046.517,979.8,1866.0,2268,0,63,12426.9
1046.636,979.8,1866.0,2268,1,63,12416.2
1046.754,979.8,1866.0,2268,1,63,12406.1
1046.873,979.8,1866.0,2268,1,63,12399.0
1046.992,979.8,1866.0,2268,0,63,12399.0
1047.13,979.8,1866.0,2268,1,63,12399.8
1047.269,979.8,1866.0,2268,1,63,12400.3
1047.393,979.8,1866.0,2268,1,63,12400.4
1047.516,979.8,1866.0,2268,0,63,12401.0
1047.638,979.8,1866.0,2268,1,63,12401.4
1047.767,979.8,1866.0,2268,1,63,12402.2
1047.894,979.8,1866.0,2268,1,63,12402.5
1048.035,979.8,1866.0,2268,0,63,12403.0
1048.175,979.8,1866.0,2268,1,63,12403.8
1048.294,979.8,1866.0,2268,0,63,12404.1
1048.433,979.8,1866.0,2268,0,63,12404.6
1048.574,979.8,1866.0,2268,1,63,12405.2
1048.716,979.8,1866.0,2268,1,63,12405.8
1048.836,979.8,1866.0,2268,0,63,12406.3
1048.975,979.8,1866.0,2268,0,63,12406.3
1049.097,979.8,1866.0,2268,1,63,12406.8
1049.217,979.8,1866.0,2268,1,63,12407.0
1049.354,979.8,1866.0,2268,0,63,12407.1
1049.496,979.8,1866.0,2268,0,63,12407.8
1049.637,979.8,1866.0,2268,1,63,12408.3
1049.775,979.8,1866.0,2268,0,63,12408.6
1049.893,979.8,1866.0,2268,0,63,12408.7
1050.036,979.8,1866.0,2268,0,63,12409.2
1050.178,979.8,1866.0,2268,1,63,12410.0
1050.315,979.8,1866.0,2268,0,62,12410.5
1050.434,979.8,1866.0,2268,0,62,12410.5
1050.578,979.8,1866.0,2268,0,62,12411.1
1050.72,979.8,1866.0,2268,1,62,12411.6
1050.841,979.8,1866.0,2268,0,62,12412.1
1050.963,979.8,1866.0,2268,0,62,12412.2
1051.106,979.8,1866.0,2268,1,62,12412.6
1051.246,979.8,1866.0,2268,1,62,12413.3
1051.372,979.8,1866.0,2268,0,62,12413.9
1051.501,979.8,1866.0,2268,0,62,12413.9
1051.623,979.8,1866.0,2268,1,62,12414.6
1051.762,1109.3,1866.0,2268,1,62,12415.4
1051.881,1109.3,1866.0,2268,0,62,12415.6
1052.021,1109.3,1866.0,2268,0,62,12415.9
1052.159,1109.3,1866.0,2268,1,62,12416.7
1052.301,1109.3,1866.0,2268,0,62,12417.3
1052.422,1109.3,1866.0,2268,0,62,12417.7
1052.561,1109.3,1866.0,2268,0,62,12418.1
1052.704,1109.3,1866.0,2268,1,62,12418.8
1052.846,1109.3,1866.0,2268,0,62,12419.2
1052.966,1109.3,1866.0,2268,0,62,12419.5
1053.104,1109.3,1866.0,2268,1,62,12419.6
1053.247,1109.3,1866.0,2268,1,62,12420.4
1053.367,1109.3,1866.0,2268,0,62,12420.9
1053.485,1109.3,1866.0,2268,0,62,12420.9
1053.607,1109.3,1866.0,2268,0,62,12421.6
1053.73,1109.3,1866.0,2268,1,62,12422.1
1053.848,1109.3,1866.0,2268,0,62,12422.1
1053.989,1109.3,1866.0,2268,0,62,12422.5
1054.107,1109.3,1866.0,2268,0,62,12423.2
1054.225,1109.3,1866.0,2268,1,62,12423.3
1054.368,1109.3,1866.0,2268,0,62,12423.4
1054.51,1109.3,1866.0,2268,0,62,12423.8
1054.641,1109.3,1866.0,2268,1,62,12424.3
1054.764,1109.3,1866.0,2268,1,62,12424.4
1054.907,1109.3,1866.0,2268,1,62,12424.8
1055.049,1109.3,1866.0,2268,0,62,12424.6
1055.168,1109.3,1866.0,2268,1,62,12414.2
1055.288,1109.3,1866.0,2268,0,62,12404.1
1055.407,1109.3,1866.0,2268,0,62,12394.0
1055.525,1109.3,1866.0,2268,0,62,12383.4
1055.643,1109.3,1866.0,2268,1,62,12373.4
1055.761,1109.3,1866.0,2268,1,62,12363.3
1055.88,1109.3,1866.0,2268,0,62,12356.1
1055.998,1109.3,1866.0,2268,0,62,12352.9
1056.117,1109.3,1866.0,2268,0,62,12343.1
1056.236,1109.3,1866.0,2268,3,62,12332.5
1056.354,1109.3,1866.0,2268,0,62,12322.4
1056.472,1109.3,1866.0,2268,0,62,12312.0
1056.591,1109.3,1866.0,2268,0,62,12302.0
1056.71,1109.3,1866.0,2268,1,62,12292.0
1056.828,1109.3,1866.0,2268,0,62,12287.9
1056.954,1109.3,1866.0,2268,0,62,12290.0
1057.096,688.2,1866.0,2268,0,64,12291.9
1057.218,688.2,1866.0,2268,57,63,12292.5
1057.339,688.2,1866.0,2268,22,63,12292.5
1057.483,688.2,1866.0,2268,0,63,12293.3
1057.606,688.2,1866.0,2268,0,63,12293.8
1057.728,688.2,1866.0,2268,1,63,12294.5
1057.867,688.2,1866.0,2268,0,62,12294.5
1058.009,688.2,1866.0,2268,0,63,12295.1
1058.147,688.2,1866.0,2268,1,62,12295.5
1058.265,688.2,1866.0,2268,1,63,12295.6
1058.408,691.7,1866.0,2268,0,63,12296.1
1058.53,691.7,1866.0,2268,0,63,12296.6
1058.65,691.7,1866.0,2268,1,62,12297.3
1058.783,695.2,1866.0,2268,0,62,12297.3
1058.925,719.7,1866.0,2268,0,62,12297.8
1059.05,719.7,1866.0,2268,0,62,12297.8
1059.192,719.7,1866.0,2268,1,62,12298.1
1059.335,719.7,1866.0,2268,0,62,12298.5
1059.466,719.7,1866.0,2268,0,62,12298.8
1059.602,719.7,1866.0,2268,0,62,12298.9
1059.745,719.7,1866.0,2268,1,62,12299.3
1059.886,719.7,1866.0,2268,0,62,12300.3
1060.004,849.2,1866.0,2268,0,62,12300.5
1060.147,849.2,1866.0,2268,1,62,12301.1
1060.291,849.2,1866.0,2268,1,62,12301.7
1060.409,849.2,1866.0,2268,1,62,12300.8
1060.54,849.2,1866.0,2268,0,62,12290.3
1060.66,849.2,1866.0,2268,1,62,12279.6
1060.779,849.2,1866.0,2268,1,62,12269.2
1060.898,849.2,1866.0,2268,0,62,12259.3
1061.016,849.2,1866.0,2268,0,62,12248.7
1061.134,849.2,1866.0,2268,0,62,12239.4
1061.253,849.2,1866.0,2268,1,62,12239.4
1061.392,849.2,1866.0,2268,0,62,12239.8
1061.51,849.2,1866.0,2268,0,62,12239.8
1061.652,849.2,1866.0,2268,1,62,12235.6
1061.771,849.2,1866.0,2268,1,62,12229.8
1061.891,849.2,1866.0,2268,0,62,12225.6
1062.011,849.2,1866.0,2268,0,62,12214.8
1062.13,849.2,1866.0,2268,0,62,12204.3
1062.249,849.2,1866.0,2268,1,62,12199.7
1062.371,849.2,1866.0,2268,0,62,12201.8
1062.49,978.7,1866.0,2268,8,62,12206.3
1062.609,1108.2,1866.0,2268,8,62,12216.4
1062.727,1108.2,1866.0,2268,8,63,12225.8
1062.846,687.0,1866.0,2268,44,66,12228.5
1062.963,687.0,1866.0,2268,44,64,12232.5
1063.081,848.0,1866.0,2268,31,63,12243.4
1063.2,848.0,1866.0,2268,7,63,12254.9
1063.318,977.5,1866.0,2268,6,63,12264.8
1063.436,977.5,1866.0,2268,6,63,12275.0
1063.554,685.9,1866.0,2268,9,64,12282.6
1063.671,685.9,1866.0,2268,69,65,12288.4
1063.789,846.9,1866.0,2268,69,64,12303.7
1063.907,846.9,1866.0,2268,6,64,12318.5
1064.025,976.4,1866.0,2268,7,63,12330.0
1064.145,1105.9,1866.0,2268,7,63,12334.1
1064.263,684.7,1866.0,2268,11,67,12327.1
1064.382,845.7,1866.0,2268,67,64,12334.9
1064.501,845.7,1866.0,2268,4,64,12347.8
1064.619,845.7,1866.0,2268,4,64,12360.1
1064.738,1104.7,1866.0,2268,7,64,12369.9
1064.857,1104.7,1866.0,2268,6,64,12394.5
1064.976,1104.7,1866.0,2268,6,63,12386.5
1065.095,1104.7,1866.0,2268,1,64,12372.1
1065.215,1104.7,1866.0,2268,2,64,12367.3
1065.334,1104.7,1866.0,2268,0,64,12352.7
1065.455,1104.7,1866.0,2268,0,64,12339.4
1065.574,1104.7,1866.0,2268,0,64,12326.9
1065.694,1104.7,1866.0,2268,1,64,12315.6
1065.814,1104.7,1866.0,2268,1,64,12301.8
1065.933,1104.7,1866.0,2268,1,64,12287.5
1066.053,1104.7,1866.0,2268,1,64,12273.4
1066.174,683.5,1866.0,2268,14,66,12262.8
1066.293,683.5,1866.0,2268,14,65,12260.4
1066.412,844.5,1866.0,2268,54,64,12279.0
1066.532,844.5,1866.0,2268,3,64,11867.9
1066.652,844.5,1866.0,2268,3,64,11800.4
1066.77,974.0,1866.0,2268,4,64,11819.9
1066.888,974.0,1866.0,2268,4,64,11835.8
1067.007,1103.5,1866.0,2268,4,64,11863.2
1067.125,1103.5,1866.0,2268,4,64,11809.5
1067.244,1103.5,1866.0,2268,5,64,11687.4
1067.363,682.4,1866.0,2268,22,66,11558.0
1067.481,685.9,1866.0,2268,22,65,11569.3
1067.601,843.4,1866.0,2268,47,64,11587.3
1067.719,843.4,1866.0,2268,5,64,11605.3
1067.838,843.4,1866.0,2268,4,64,11621.2
1067.957,972.9,1866.0,2268,4,64,11637.6
1068.075,972.9,1866.0,2268,4,64,11654.3
1068.193,1102.4,1866.0,2268,5,64,11668.3
1068.311,1102.4,1866.0,2268,5,64,11672.1
1068.43,1102.4,1866.0,2268,5,64,11686.7
1068.548,681.2,1866.0,2268,45,68,11690.2
1068.666,712.7,1866.0,2268,26,65,11710.4
1068.784,842.2,1866.0,2268,26,64,11727.6
1068.902,842.2,1866.0,2268,4,64,11747.7
1069.021,971.7,1866.0,2268,5,64,11765.8
1069.139,1101.2,1866.0,2268,5,64,11785.0
1069.257,1101.2,1866.0,2268,8,64,11800.5
1069.376,680.1,1866.0,2268,18,67,11810.0
1069.494,687.1,1866.0,2268,18,65,11818.7
1069.612,841.1,1866.0,2268,54,65,11831.3
1069.731,970.6,1866.0,2268,9,64,11846.0
1069.849,970.6,1866.0,2268,7,64,11863.8
1069.968,1100.1,1866.0,2268,7,64,11868.0
1070.086,1100.1,1866.0,2268,5,64,11882.9
1070.205,678.9,1866.0,2268,26,67,11890.0
1070.323,839.9,1866.0,2268,26,65,11900.8
1070.442,839.9,1866.0,2268,47,65,11843.5
1070.568,969.4,1866.0,2268,5,64,11783.2
1070.686,969.4,1866.0,2268,7,64,11803.4
1070.804,1098.9,1866.0,2268,7,64,11821.0
1070.922,677.7,1866.0,2268,20,68,11822.8
1071.04,838.7,1866.0,2268,55,65,11839.7
1071.159,838.7,1866.0,2268,55,65,11855.8
1071.277,968.2,1866.0,2268,7,64,11871.9
1071.395,968.2,1866.0,2268,7,64,11887.1
1071.513,1097.7,1866.0,2268,6,64,11899.8
1071.63,676.6,1866.0,2268,6,67,11908.9
1071.75,683.6,1866.0,2268,58,66,11917.1
1071.868,837.6,1866.0,2268,20,65,11927.1
1071.986,967.1,1866.0,2268,20,64,11941.4
1072.104,1096.6,1866.0,2268,10,65,11952.4
1072.222,675.4,1866.0,2268,28,68,11956.8
1072.339,675.4,1866.0,2268,28,65,11959.8
1072.457,836.4,1866.0,2268,47,65,11971.5
1072.575,1095.4,1866.0,2268,12,64,11984.1
1072.693,1095.4,1866.0,2268,9,64,12000.8
1072.811,674.3,1866.0,2268,9,69,12002.5
1072.929,835.3,1866.0,2268,67,65,12020.8
1073.047,964.8,1866.0,2268,8,65,12038.7
1073.166,1094.3,1866.0,2268,8,65,12054.1
1073.284,1094.3,1866.0,2268,11,65,12067.9
1073.402,673.1,1866.0,2268,51,67,12072.0
1073.52,834.1,1866.0,2268,24,65,12088.4
1073.638,834.1,1866.0,2268,24,65,12107.0
1073.756,963.6,1866.0,2268,7,65,12124.1
1073.874,1093.1,1866.0,2268,5,65,12141.5
1073.992,1093.1,1866.0,2268,5,64,12160.2
1074.11,671.9,1866.0,2268,6,67,12172.0
1074.228,675.5,1866.0,2268,67,66,12179.2
1074.346,833.0,1866.0,2268,67,65,12196.1
1074.464,833.0,1866.0,2268,5,65,12211.9
1074.582,962.5,1866.0,2268,6,65,12217.4
1074.701,1092.0,1866.0,2268,7,65,12202.9
1074.819,1092.0,1866.0,2268,7,65,12223.8
1074.936,670.8,1866.0,2268,5,66,12236.8
1075.055,677.8,1866.0,2268,66,66,12235.5
1075.173,831.8,1866.0,2268,66,65,12247.5
1075.291,961.3,1866.0,2268,8,65,12267.3
1075.409,961.3,1866.0,2268,4,65,12284.0
1075.529,961.3,1866.0,2268,4,65,12300.4
1075.648,1090.8,1866.0,2268,4,65,12317.9
1075.767,1090.8,1866.0,2268,6,65,12332.2
1075.886,669.6,1866.0,2268,39,68,12328.2
1076.005,830.6,1866.0,2268,39,66,12336.3
1076.124,830.6,1866.0,2268,32,65,12345.6
1076.243,960.1,1866.0,2268,6,65,12360.8
1076.362,960.1,1866.0,2268,3,65,12378.0
1076.481,960.1,1866.0,2268,3,65,12397.2
1076.599,1089.6,1866.0,2268,4,65,12419.4
1076.718,1089.6,1866.0,2268,6,65,12435.6
1076.848,668.5,1866.0,2268,6,69,12431.6
1076.975,700.0,1866.0,2268,7,65,12447.1
1077.176,829.5,1866.0,2268,3,65,12444.0
1077.436,829.5,1866.0,2268,1,65,12422.4
1077.76,959.0,1866.0,2268,2,65,12392.6
1078.128,959.0,1866.0,2268,4,65,12355.1
1078.409,1088.5,1866.0,2268,3,65,12221.8
1078.543,667.3,1866.0,2268,14,67,12244.3
1078.663,667.3,1866.0,2268,14,67,12240.9
1078.782,828.3,1866.0,2268,57,66,12279.1
1078.903,828.3,1866.0,2268,3,65,12312.3
1079.023,828.3,1866.0,2268,3,65,12343.6
1079.142,828.3,1866.0,2268,3,65,12123.5
1079.261,957.8,1866.0,2268,4,65,11781.1
1079.381,957.8,1866.0,2268,3,65,11661.3
1079.503,957.8,1866.0,2268,3,65,11654.1
1079.622,1087.3,1866.0,2268,3,65,11676.1
1079.741,1087.3,1866.0,2268,3,65,11697.0
1079.86,1087.3,1866.0,2268,3,65,11608.3
1079.98,1087.3,1866.0,2268,2,65,11299.9
1080.1,647.1,1866.0,2268,3,67,11267.3
1080.219,637.4,1866.0,2268,66,67,11269.2
1080.337,823.6,1866.0,2268,66,66,11277.5
1080.456,663.9,1866.0,2268,37,67,11285.8
1080.574,824.9,1866.0,2268,32,66,11243.5
1080.694,824.9,1866.0,2268,32,66,11250.5
1080.812,824.9,1866.0,2268,5,66,11276.2
1080.93,954.4,1866.0,2268,4,66,11280.1
1081.048,954.4,1866.0,2268,5,65,11302.6
1081.166,1083.9,1866.0,2268,5,65,11319.8
1081.284,672.2,1866.0,2268,39,67,11329.2
1081.403,826.2,1866.0,2268,12,66,11345.9
1081.522,826.2,1866.0,2268,12,66,11363.7
1081.64,955.7,1866.0,2268,5,66,11384.2
1081.758,955.7,1866.0,2268,4,65,11405.8
1081.876,955.7,1866.0,2268,4,65,11431.8
1081.994,1085.2,1866.0,2268,3,65,11454.2
1082.112,1085.2,1866.0,2268,4,66,11479.1
1082.23,666.4,1866.0,2268,13,67,11493.8
1082.348,697.9,1866.0,2268,13,66,11507.1
1082.466,827.4,1866.0,2268,35,66,11525.8
1082.584,827.4,1866.0,2268,5,66,11550.4
1082.703,956.9,1866.0,2268,5,65,11563.3
1082.821,956.9,1866.0,2268,6,65,11585.4
1082.939,1086.4,1866.0,2268,5,65,11606.4
1083.056,1086.4,1866.0,2268,4,65,11625.9
1083.174,667.7,1866.0,2268,4,68,11632.4
1083.292,958.2,1866.0,2268,46,66,11642.6
1083.41,1087.7,1866.0,2268,11,66,11657.8
1083.528,1087.7,1866.0,2268,11,66,11676.7
1083.646,669.0,1866.0,2268,5,68,11682.9
1083.764,959.5,1866.0,2268,49,66,11691.3
1083.884,670.3,1866.0,2268,52,69,11695.3
1084.002,671.6,1866.0,2268,52,67,11698.7
1084.12,962.1,1866.0,2268,62,67,11701.5
1084.239,672.9,1866.0,2268,57,69,11703.8
1084.357,1102.7,1866.0,2268,57,67,11709.2
1084.476,835.2,1866.0,2268,56,67,11714.4
1084.594,675.5,1866.0,2268,41,69,11716.7
1084.713,676.7,1866.0,2268,41,67,11719.5
1084.831,708.3,1866.0,2268,71,67,11726.3
1084.949,967.3,1866.0,2268,27,66,11735.1
1085.067,1096.8,1866.0,2268,15,66,11745.5
1085.186,839.0,1866.0,2268,15,68,11749.7
1085.304,1098.0,1866.0,2268,51,66,11758.5
1085.422,840.3,1866.0,2268,54,68,11762.5
1085.54,1099.3,1866.0,2268,54,66,11769.8
1085.659,684.1,1866.0,2268,34,67,11777.6
1085.777,841.6,1866.0,2268,30,66,11792.3
1085.896,971.1,1866.0,2268,7,66,11814.3
1086.014,971.1,1866.0,2268,7,66,11826.3
1086.132,1100.6,1866.0,2268,7,66,11847.0
1086.25,713.4,1866.0,2268,46,67,11854.7
1086.368,842.9,1866.0,2268,46,66,11874.6
1086.486,842.9,1866.0,2268,4,66,11894.8
1086.604,842.9,1866.0,2268,3,66,11913.7
1086.721,1101.9,1866.0,2268,3,66,11927.8
1086.839,1101.9,1866.0,2268,10,66,11969.9
1086.957,1101.9,1866.0,2268,5,66,11947.0
1087.075,683.2,1866.0,2268,39,68,11943.5
1087.193,844.2,1866.0,2268,39,66,11958.7
1087.311,844.2,1866.0,2268,7,66,11973.4
1087.43,973.7,1866.0,2268,6,66,11986.1
1087.547,1103.2,1866.0,2268,6,66,11999.1
1087.667,684.5,1866.0,2268,9,66,12009.8
1087.784,716.0,1866.0,2268,43,67,12016.9
1087.903,845.5,1866.0,2268,6,66,12027.3
1088.021,975.0,1866.0,2268,6,66,12038.2
1088.139,975.0,1866.0,2268,6,66,12048.4
1088.257,1104.5,1866.0,2268,7,66,12058.0
1088.375,685.8,1866.0,2268,7,69,12064.4
1088.493,846.8,1866.0,2268,44,66,12074.6
1088.61,846.8,1866.0,2268,6,66,12085.4
1088.728,976.3,1866.0,2268,6,66,12095.8
1088.845,1105.8,1866.0,2268,8,66,12105.7
1088.964,1105.8,1866.0,2268,6,66,12115.4
1089.082,687.1,1866.0,2268,42,68,12119.3
1089.2,848.1,1866.0,2268,42,66,12125.8
1089.318,977.6,1866.0,2268,10,66,12134.5
1089.436,977.6,1866.0,2268,7,66,12145.7
1089.554,1107.1,1866.0,2268,7,66,12139.4
1089.673,688.3,1866.0,2268,7,68,11953.2
1089.801,719.9,1866.0,2268,41,66,11970.6
1089.919,849.4,1866.0,2268,6,66,11985.4
1090.037,849.4,1866.0,2268,6,66,12002.6
1090.156,978.9,1866.0,2268,4,66,12023.1
1090.274,978.9,1866.0,2268,5,66,12039.0
1090.392,1108.4,1866.0,2268,5,66,12056.2
1090.51,1108.4,1866.0,2268,4,66,12075.8
1090.629,1108.4,1866.0,2268,4,66,12092.7
1090.747,696.6,1866.0,2268,41,67,12098.6
1090.865,850.6,1866.0,2268,41,66,12114.5
1090.983,850.6,1866.0,2268,5,66,12134.8
1091.101,980.1,1866.0,2268,5,66,12156.3
1091.22,980.1,1866.0,2268,5,65,12176.7
1091.338,1109.6,1866.0,2268,6,65,12193.2
1091.456,1109.6,1866.0,2268,5,65,12209.3
1091.575,690.9,1866.0,2268,5,67,12143.3
1091.694,851.9,1866.0,2268,41,66,12103.6
1091.815,981.4,1866.0,2268,10,66,12115.1
1091.934,981.4,1866.0,2268,6,65,12129.0
1092.052,1110.9,1866.0,2268,6,65,12147.0
1092.17,1110.9,1866.0,2268,4,65,12163.0
1092.288,692.2,1866.0,2268,22,68,12170.3
1092.406,853.2,1866.0,2268,22,66,12184.8
1092.524,853.2,1866.0,2268,24,66,12199.0
1092.643,982.7,1866.0,2268,6,65,12210.8
1092.762,982.7,1866.0,2268,7,65,12219.1
1092.88,1112.2,1866.0,2268,7,65,12231.9
1092.998,693.5,1866.0,2268,9,69,12237.5
1093.116,854.5,1866.0,2268,43,66,12249.6
1093.235,984.0,1866.0,2268,43,65,12255.6
1093.353,694.8,1866.0,2268,13,66,12250.9
1093.473,855.8,1866.0,2268,47,66,12250.9
1093.592,696.1,1866.0,2268,31,66,12249.6
1093.712,857.1,1866.0,2268,31,66,12259.2
1093.83,857.1,1866.0,2268,34,66,12275.7
1093.95,857.1,1866.0,2268,4,66,12284.0
1094.069,986.6,1866.0,2268,4,65,12294.0
1094.188,986.6,1866.0,2268,4,66,12312.6
1094.308,1116.1,1866.0,2268,4,65,12338.1
1094.428,1116.1,1866.0,2268,6,66,12362.2
1094.547,697.4,1866.0,2268,6,69,12374.1
1094.667,858.4,1866.0,2268,41,66,12345.3
1094.787,858.4,1866.0,2268,5,66,12324.7
1094.907,858.4,1866.0,2268,5,66,12214.7
1095.028,987.9,1866.0,2268,4,66,12248.2
1095.149,987.9,1866.0,2268,4,66,12277.9
1095.27,987.9,1866.0,2268,1,66,12265.2
1095.388,987.9,1866.0,2268,1,66,11991.4
1095.508,1117.4,1866.0,2268,2,66,11679.1
1095.659,1117.4,1866.0,2268,4,66,11376.3
1095.778,1117.4,1866.0,2268,3,66,11156.3
1095.916,674.6,1866.0,2268,3,67,11185.2
1096.037,674.6,1866.0,2268,39,66,11327.7
1096.161,674.6,1866.0,2268,1,66,11415.9
1096.285,674.6,1866.0,2268,0,66,11523.8
1096.41,674.6,1866.0,2268,0,66,11591.3
1096.536,674.6,1866.0,2268,0,66,11685.5
1096.664,674.6,1866.0,2268,1,66,11804.6
1096.788,674.6,1866.0,2268,0,66,11921.0
1096.912,674.6,1866.0,2268,0,66,12024.8
1097.038,674.6,1866.0,2268,0,66,12131.5
1097.163,674.6,1866.0,2268,1,66,12235.1
1097.289,674.6,1866.0,2268,0,66,12339.9
1097.413,674.6,1866.0,2268,0,66,12459.8
1097.538,674.6,1866.0,2268,0,66,12565.5
1097.662,674.6,1866.0,2268,1,66,12668.4
1097.787,674.6,1866.0,2268,0,66,12775.7
1097.913,674.6,1866.0,2268,0,66,12875.1
1098.038,674.6,1866.0,2268,0,66,12993.4
1098.162,674.6,1866.0,2268,1,66,13095.7
1098.287,674.6,1866.0,2268,0,66,13194.0
1098.422,674.6,1866.0,2268,0,66,13305.3
1098.543,674.6,1866.0,2268,0,66,12844.5
1098.671,674.6,1866.0,2268,1,66,12793.6
1098.798,674.6,1866.0,2268,0,66,12793.6
1098.925,675.8,1866.0,2268,0,66,12751.9
1099.047,700.3,1866.0,2268,8,67,12774.1
1099.166,700.3,1866.0,2268,96,66,12774.6
1099.3,699.0,1866.0,2268,42,68,12779.9
1099.418,730.6,1866.0,2268,42,67,12780.1
1099.537,697.8,1866.0,2268,65,70,12780.8
1099.656,988.3,1866.0,2268,87,68,12781.1
1099.775,696.5,1866.0,2268,87,71,12781.8
1099.893,728.0,1866.0,2268,74,68,12794.1
1100.012,857.5,1866.0,2268,11,67,12807.0
1100.13,695.3,1866.0,2268,33,68,12809.7
1100.248,726.8,1866.0,2268,33,69,12814.3
1100.367,985.8,1866.0,2268,56,67,12824.2
1100.485,985.8,1866.0,2268,12,67,12835.5
1100.604,1115.3,1866.0,2268,12,67,12848.7
1100.722,1115.3,1866.0,2268,5,67,12862.5
1100.841,694.0,1866.0,2268,28,71,12864.3
1100.959,855.0,1866.0,2268,44,67,12877.7
1101.077,855.0,1866.0,2268,44,67,12893.3
1101.195,984.5,1866.0,2268,6,67,12917.1
1101.314,984.5,1866.0,2268,5,67,12936.8
1101.432,1114.0,1866.0,2268,5,66,12959.1
1101.55,1114.0,1866.0,2268,4,66,12979.9
1101.668,1114.0,1866.0,2268,6,66,12998.5
1101.787,692.8,1866.0,2268,54,71,13005.6
1101.905,853.8,1866.0,2268,54,67,13018.1
1102.023,853.8,1866.0,2268,17,67,13032.7
1102.141,983.3,1866.0,2268,6,67,13045.8
1102.259,983.3,1866.0,2268,6,66,13060.6
1102.377,1112.8,1866.0,2268,6,66,13074.5
1102.495,1112.8,1866.0,2268,5,66,13089.4
1102.613,1112.8,1866.0,2268,5,66,13101.6
1102.731,691.5,1866.0,2268,14,70,13105.4
1102.849,852.5,1866.0,2268,59,67,13119.2
1102.967,852.5,1866.0,2268,5,67,13133.6
1103.085,982.0,1866.0,2268,5,66,13150.3
1103.204,982.0,1866.0,2268,6,66,13174.0
1103.322,1111.5,1866.0,2268,5,66,13197.4
1103.44,1111.5,1866.0,2268,5,66,13218.5
1103.558,690.2,1866.0,2268,5,68,13233.8
1103.675,690.2,1866.0,2268,61,68,13243.6
1103.793,851.3,1866.0,2268,11,67,13263.0
1103.911,851.3,1866.0,2268,11,66,13286.4
1104.029,851.3,1866.0,2268,4,66,13308.4
1104.151,980.8,1866.0,2268,6,66,13054.8
1104.272,980.8,1866.0,2268,6,66,12797.3
1104.391,1110.3,1866.0,2268,4,66,12814.7
1104.509,1110.3,1866.0,2268,4,66,12834.0
1104.627,689.0,1866.0,2268,32,69,12846.1
1104.746,689.0,1866.0,2268,32,68,12856.4
1104.864,850.0,1866.0,2268,40,67,12878.7
1104.982,850.0,1866.0,2268,4,66,12900.7
1105.099,850.0,1866.0,2268,4,66,12919.9
1105.217,979.5,1866.0,2268,5,66,12942.2
1105.335,979.5,1866.0,2268,4,66,12960.9
1105.453,1109.0,1866.0,2268,4,66,12979.3
1105.571,687.7,1866.0,2268,6,68,12986.2
1105.688,691.2,1866.0,2268,67,68,12993.4
1105.806,848.7,1866.0,2268,8,67,13009.8
1105.924,848.7,1866.0,2268,8,66,13026.2
1106.042,978.2,1866.0,2268,6,66,13038.3
1106.16,1107.7,1866.0,2268,9,66,13053.8
1106.278,1107.7,1866.0,2268,9,67,13067.5
1106.396,686.5,1866.0,2268,24,69,13071.5
1106.513,847.5,1866.0,2268,49,67,13092.0
1106.631,847.5,1866.0,2268,49,66,13110.5
1106.749,847.5,1866.0,2268,4,66,13129.5
1106.867,977.0,1866.0,2268,5,66,13147.7
1106.985,1106.5,1866.0,2268,7,66,13167.8
1107.103,1106.5,1866.0,2268,7,66,13193.1
1107.221,1106.5,1866.0,2268,4,66,13226.6
1107.338,685.2,1866.0,2268,32,70,13236.0
1107.456,716.7,1866.0,2268,32,67,13249.4
1107.574,846.2,1866.0,2268,38,66,13276.3
1107.693,846.2,1866.0,2268,5,66,13301.8
1107.81,846.2,1866.0,2268,3,66,13167.2
1107.928,975.7,1866.0,2268,3,66,13186.7
1108.046,975.7,1866.0,2268,5,66,13204.6
1108.164,1105.2,1866.0,2268,5,66,13229.3
1108.282,1105.2,1866.0,2268,5,66,13253.6
1108.399,1105.2,1866.0,2268,4,66,13278.9
1108.517,684.0,1866.0,2268,54,70,13282.2
1108.635,845.0,1866.0,2268,54,67,13256.9
1108.754,845.0,1866.0,2268,19,66,13256.8
1108.872,974.5,1866.0,2268,7,66,13272.6
1108.99,1104.0,1866.0,2268,8,66,13290.5
1109.108,1104.0,1866.0,2268,8,66,13307.6
1109.226,682.7,1866.0,2268,27,70,13309.5
1109.344,843.7,1866.0,2268,50,67,13297.5
1109.462,973.2,1866.0,2268,50,66,13306.5
1109.58,1102.7,1866.0,2268,9,66,13296.8
1109.699,1102.7,1866.0,2268,8,66,13319.0
1109.817,681.4,1866.0,2268,66,70,13319.1
1109.935,712.9,1866.0,2268,66,67,13327.4
1110.054,842.4,1866.0,2268,4,66,13341.5
1110.172,971.9,1866.0,2268,12,66,13345.1
1110.291,1101.4,1866.0,2268,12,66,13307.2
1110.409,680.2,1866.0,2268,9,70,13313.4
1110.527,711.7,1866.0,2268,66,67,13305.1
1110.646,841.2,1866.0,2268,66,66,13314.6
1110.764,970.7,1866.0,2268,5,66,13333.1
1110.881,970.7,1866.0,2268,8,66,13315.0
1111.0,1100.2,1866.0,2268,9,66,13330.8
1111.118,678.9,1866.0,2268,9,67,13347.5
1111.235,710.4,1866.0,2268,47,68,13330.1
1111.354,839.9,1866.0,2268,27,67,13351.0
1111.471,969.4,1866.0,2268,27,66,13366.3
1111.589,1098.9,1866.0,2268,10,66,13381.5
1111.708,677.7,1866.0,2268,40,70,13373.1
1111.828,838.7,1866.0,2268,41,67,13382.9
1111.946,968.2,1866.0,2268,41,66,13393.7
1112.065,1097.7,1866.0,2268,11,66,13404.7
1112.185,1129.5,1866.0,2268,7,67,13415.7
1112.304,676.4,1866.0,2268,7,69,13411.5
1112.424,837.4,1866.0,2268,67,67,13425.2
1112.543,837.4,1866.0,2268,5,66,13439.0
1112.662,966.9,1866.0,2268,7,66,13449.9
1112.781,1096.4,1866.0,2268,7,66,13459.8
1112.9,1096.4,1866.0,2268,7,66,13469.7
1113.019,675.2,1866.0,2268,48,70,13461.3
1113.14,836.2,1866.0,2268,48,67,13467.2
1113.259,1095.2,1866.0,2268,32,67,13478.4
1113.378,673.9,1866.0,2268,12,69,13477.5
1113.497,705.4,1866.0,2268,69,67,13477.6
1113.617,964.4,1866.0,2268,69,67,13488.4
1113.736,964.4,1866.0,2268,10,66,13499.5
1113.86,1093.9,1866.0,2268,9,66,13499.2
1114.045,672.6,1866.0,2268,35,71,13491.9
1114.179,833.6,1866.0,2268,36,67,13481.8
1114.435,833.6,1866.0,2268,3,66,13459.1
1114.729,963.1,1866.0,2268,5,66,13438.2
1114.995,1092.6,1866.0,2268,3,66,13410.3
1115.287,671.4,1866.0,2268,47,68,13390.2
1115.562,832.4,1866.0,2268,5,67,13356.0
1115.871,832.4,1866.0,2268,1,67,13323.2
1116.198,961.9,1866.0,2268,3,67,13281.6
1116.519,961.9,1866.0,2268,3,67,13249.7
1116.84,1091.4,1866.0,2268,1,67,13216.6
1117.182,1091.4,1866.0,2268,30,70,13189.0
1117.485,701.6,1866.0,2268,38,67,13165.9
1117.741,831.1,1866.0,2268,2,67,13140.9
1118.012,960.6,1866.0,2268,2,67,13095.4
1118.384,960.6,1866.0,2268,1,67,13058.4
1118.753,960.6,1866.0,2268,1,67,13025.6
1119.077,1090.1,1866.0,2268,2,67,12988.4
1119.406,1090.1,1866.0,2268,2,67,12958.1
1119.726,1090.1,1866.0,2268,3,67,12942.8
1119.853,1090.1,1866.0,2268,0,67,12926.8
1119.974,1090.1,1866.0,2268,0,67,12911.4
1120.095,1090.1,1866.0,2268,0,67,12898.4
1120.217,668.9,1866.0,2268,54,71,12883.8
1120.337,668.9,1866.0,2268,54,68,12870.1
1120.459,668.9,1866.0,2268,12,67,12856.0
1120.58,668.9,1866.0,2268,0,67,12841.3
1120.701,668.9,1866.0,2268,1,67,12826.8
1120.822,700.4,1866.0,2268,1,67,12814.6
1120.943,700.4,1866.0,2268,1,67,12804.1
1121.064,829.9,1866.0,2268,1,67,12808.9
1121.185,829.9,1866.0,2268,3,67,12821.4
1121.333,829.9,1866.0,2268,3,67,12809.5
1121.463,829.9,1866.0,2268,2,67,12783.4
1121.758,829.9,1866.0,2268,2,67,12748.5
1122.115,959.4,1866.0,2268,1,67,12711.3
1122.485,959.4,1866.0,2268,2,67,12684.5
1122.797,1088.9,1866.0,2268,3,67,12632.2
1123.05,1088.9,1866.0,2268,3,67,12628.4
1123.177,667.6,1866.0,2268,3,71,12591.2
1123.297,699.1,1866.0,2268,63,68,12616.8
1123.419,828.6,1866.0,2268,7,68,12649.1
1123.539,828.6,1866.0,2268,3,67,12675.4
1123.67,828.6,1866.0,2268,1,67,12652.5
1124.016,958.1,1866.0,2268,2,67,12619.6
1124.357,958.1,1866.0,2268,1,67,12576.2
1124.768,958.1,1866.0,2268,2,67,12521.0
1125.146,1087.6,1866.0,2268,1,67,12484.9
1125.557,1087.6,1866.0,2268,2,67,12426.9
1125.777,1087.6,1866.0,2268,2,67,12155.1
1125.939,642.5,1866.0,2268,6,71,12109.9
1126.057,637.4,1866.0,2268,64,68,12092.5
1126.178,638.7,1866.0,2268,64,68,12103.5
1126.3,951.9,1866.0,2268,4,68,12110.7
1126.419,662.7,1866.0,2268,64,69,12107.7
1126.537,664.0,1866.0,2268,51,70,12108.7
1126.655,1084.1,1866.0,2268,51,69,12112.1
1126.774,826.4,1866.0,2268,68,69,12115.1
1126.892,666.7,1866.0,2268,52,71,12117.2
1127.01,1086.7,1866.0,2268,52,68,12120.8
1127.128,829.1,1866.0,2268,63,69,12123.4
1127.246,669.4,1866.0,2268,63,71,12125.6
1127.366,670.8,1866.0,2268,63,70,12127.6
1127.483,1090.8,1866.0,2268,64,68,12130.0
1127.601,962.6,1866.0,2268,71,69,12131.9
1127.72,673.4,1866.0,2268,65,70,12134.0
1127.839,674.8,1866.0,2268,65,69,12136.5
1127.957,1094.8,1866.0,2268,62,69,12138.9
1128.076,966.6,1866.0,2268,66,70,12140.8
1128.194,709.0,1866.0,2268,66,72,12141.9
1128.313,678.8,1866.0,2268,68,71,12143.0
1128.431,680.2,1866.0,2268,72,71,12143.7
1128.549,681.5,1866.0,2268,80,70,12146.3
1128.668,972.0,1866.0,2268,80,69,12149.6
1128.787,682.8,1866.0,2268,56,71,12155.8
1128.906,843.9,1866.0,2268,34,68,12168.9
1129.024,843.9,1866.0,2268,34,68,12181.2
1129.142,973.4,1866.0,2268,7,68,12193.1
1129.26,684.2,1866.0,2268,12,70,12199.4
1129.377,715.7,1866.0,2268,43,68,12207.8
1129.496,845.2,1866.0,2268,43,68,12217.9
1129.614,974.7,1866.0,2268,7,68,12228.1
1129.732,974.7,1866.0,2268,7,68,12236.1
1129.852,685.5,1866.0,2268,7,69,12225.4
1129.971,717.0,1866.0,2268,39,68,11862.9
1130.09,846.5,1866.0,2268,11,68,11708.8
1130.21,846.5,1866.0,2268,11,68,11732.2
1130.328,976.0,1866.0,2268,5,68,11754.0
1130.446,976.0,1866.0,2268,4,68,11773.8
1130.564,1105.5,1866.0,2268,6,67,11784.5
1130.682,1105.5,1866.0,2268,6,68,11792.5
1130.801,690.4,1866.0,2268,28,69,11801.1
1130.92,847.9,1866.0,2268,20,68,11815.0
1131.038,847.9,1866.0,2268,20,68,11829.9
1131.156,977.4,1866.0,2268,4,68,11845.7
1131.274,977.4,1866.0,2268,6,67,11871.1
1131.392,977.4,1866.0,2268,4,67,11892.7
1131.509,1106.9,1866.0,2268,4,67,11916.7
1131.627,1106.9,1866.0,2268,4,67,11939.2
1131.745,688.2,1866.0,2268,18,70,11950.0
1131.862,719.7,1866.0,2268,18,68,11963.9
1131.981,849.2,1866.0,2268,28,67,11979.7
1132.098,849.2,1866.0,2268,5,67,11994.7
1132.216,978.7,1866.0,2268,5,67,12009.2
1132.334,978.7,1866.0,2268,6,67,12024.6
1132.453,1108.2,1866.0,2268,5,67,12040.8
1132.572,1108.2,1866.0,2268,4,67,12055.7
1132.69,689.6,1866.0,2268,4,68,12064.8
1132.808,721.1,1866.0,2268,41,68,12076.6
1132.926,850.6,1866.0,2268,5,67,12093.7
1133.044,850.6,1866.0,2268,5,67,12116.0
1133.161,980.1,1866.0,2268,4,67,12141.1
1133.279,980.1,1866.0,2268,5,67,12161.4
1133.397,980.1,1866.0,2268,4,67,12187.1
1133.514,1109.6,1866.0,2268,4,67,12202.9
1133.635,1109.6,1866.0,2268,4,67,12033.4
1133.76,690.9,1866.0,2268,27,70,12045.3
1133.881,851.9,1866.0,2268,27,67,12057.1
1133.999,981.4,1866.0,2268,21,67,12067.0
1134.117,1110.9,1866.0,2268,10,67,12080.0
1134.235,1110.9,1866.0,2268,5,67,12093.8
1134.353,1110.9,1866.0,2268,5,67,12106.8
1134.471,692.3,1866.0,2268,30,68,12114.3
1134.588,853.3,1866.0,2268,15,67,12128.8
1134.706,982.8,1866.0,2268,15,67,12138.1
1134.824,1112.3,1866.0,2268,11,67,12151.8
1134.942,854.6,1866.0,2268,41,68,12153.2
1135.06,984.1,1866.0,2268,41,67,12164.1
1135.178,1113.6,1866.0,2268,20,67,12170.4
1135.296,694.9,1866.0,2268,9,68,12171.7
1135.414,726.4,1866.0,2268,41,68,12174.8
1135.531,855.9,1866.0,2268,41,67,12183.9
1135.649,1114.9,1866.0,2268,11,67,12192.8
1135.768,857.3,1866.0,2268,51,68,12200.3
1135.886,857.3,1866.0,2268,51,67,12210.8
1136.006,986.8,1866.0,2268,8,67,12223.3
1136.125,986.8,1866.0,2268,4,67,12177.8
1136.244,1116.3,1866.0,2268,4,67,12135.3
1136.363,1116.3,1866.0,2268,4,67,12065.3
1136.482,1116.3,1866.0,2268,3,67,11845.8
1136.608,697.6,1866.0,2268,16,69,11861.2
1136.726,729.1,1866.0,2268,16,68,11893.4
1136.844,858.6,1866.0,2268,28,67,11927.3
1136.963,858.6,1866.0,2268,4,67,11959.8
1137.08,858.6,1866.0,2268,3,67,11984.3
1137.199,988.1,1866.0,2268,3,67,12010.2
1137.317,988.1,1866.0,2268,4,67,12040.8
1137.436,988.1,1866.0,2268,4,67,12083.0
1137.555,1117.6,1866.0,2268,4,67,12122.0
1137.673,1117.6,1866.0,2268,3,67,12162.8
1137.791,1117.6,1866.0,2268,5,67,12086.9
1137.909,673.6,1866.0,2268,39,70,12100.1
1138.028,674.9,1866.0,2268,39,67,12237.5
1138.152,674.9,1866.0,2268,0,67,12335.5
1138.277,674.9,1866.0,2268,1,67,12434.0
1138.404,674.9,1866.0,2268,0,67,12474.6
1138.529,674.9,1866.0,2268,0,67,12570.5
1138.656,674.9,1866.0,2268,0,67,12648.3
1138.785,674.9,1866.0,2268,1,67,12735.9
1138.914,674.9,1866.0,2268,0,67,12820.6
1139.042,674.9,1866.0,2268,0,67,12907.2
1139.17,674.9,1866.0,2268,1,67,12950.1
1139.455,674.9,1866.0,2268,0,67,12956.4
1139.733,674.9,1866.0,2268,1,67,12968.1
1140.035,674.9,1866.0,2268,0,67,12975.7
1140.308,674.9,1866.0,2268,1,67,12973.9
1140.463,674.9,1866.0,2268,0,67,12733.0
1140.607,674.9,1866.0,2268,0,67,12557.6
1140.732,674.9,1866.0,2268,0,67,12655.3
1140.858,674.9,1866.0,2268,2,67,12764.1
1140.983,674.9,1866.0,2268,0,67,12869.9
1141.108,674.9,1866.0,2268,1,67,12637.6
1141.235,674.9,1866.0,2268,1,67,12740.3
1141.36,674.9,1866.0,2268,0,67,12813.2
1141.481,674.9,1866.0,2268,0,67,12849.5
1141.6,674.9,1866.0,2268,1,68,12877.9
1141.718,674.9,1866.0,2268,1,67,12905.8
1141.838,674.9,1866.0,2268,0,67,12934.7
1141.956,674.9,1866.0,2268,0,67,13028.2
1142.081,674.9,1866.0,2268,0,67,13118.7
1142.205,674.9,1866.0,2268,1,67,13205.3
1142.33,674.9,1866.0,2268,0,67,13263.7
1142.456,674.9,1866.0,2268,0,68,13263.7
1142.583,674.9,1866.0,2268,1,68,13263.7
1142.716,1158.8,1866.0,2268,1,68,13210.8
1142.834,861.8,1866.0,2268,66,71,13211.0
1142.954,699.5,1866.0,2268,93,72,13211.4
1143.072,677.7,1866.0,2268,93,69,13213.2
1143.19,729.7,1866.0,2268,83,71,13213.3
1143.315,697.0,1866.0,2268,66,71,13214.7
1143.434,728.5,1866.0,2268,66,70,13223.8
1143.552,858.0,1866.0,2268,66,68,13238.7
1143.67,695.7,1866.0,2268,17,71,13240.4
1143.787,856.7,1866.0,2268,75,69,13246.8
1143.905,986.2,1866.0,2268,75,68,13257.9
1144.023,1115.7,1866.0,2268,14,68,13271.8
1144.141,1115.7,1866.0,2268,7,68,13285.5
1144.258,694.4,1866.0,2268,7,71,13285.6
1144.376,855.4,1866.0,2268,67,68,13297.3
1144.494,1114.4,1866.0,2268,17,68,13255.8
1144.614,693.2,1866.0,2268,60,72,13140.7
1144.732,983.7,1866.0,2268,60,69,13146.3
1144.85,691.9,1866.0,2268,46,71,13147.3
1144.967,1111.9,1866.0,2268,78,69,13151.7
1145.085,690.6,1866.0,2268,78,72,13152.7
1145.203,722.1,1866.0,2268,78,69,13160.2
1145.322,1110.6,1866.0,2268,15,68,13168.3
1145.441,689.4,1866.0,2268,68,72,13169.2
1145.559,850.4,1866.0,2268,68,69,13187.3
1145.678,979.9,1866.0,2268,18,68,13205.8
1145.796,1109.4,1866.0,2268,9,68,13220.9
1145.915,688.1,1866.0,2268,9,72,13223.2
1146.033,849.1,1866.0,2268,74,69,13242.6
1146.151,849.1,1866.0,2268,9,68,13262.2
1146.269,1108.1,1866.0,2268,9,68,13276.8
1146.387,686.8,1866.0,2268,16,72,13278.9
1146.505,847.8,1866.0,2268,69,69,13288.3
1146.623,977.3,1866.0,2268,14,68,13302.6
1146.741,1106.8,1866.0,2268,14,68,13291.3
1146.86,685.6,1866.0,2268,10,72,13300.0
1146.978,846.6,1866.0,2268,68,69,12830.6
1147.097,846.6,1866.0,2268,68,68,12864.2
1147.216,976.1,1866.0,2268,7,68,12900.9
1147.334,976.1,1866.0,2268,5,68,12946.5
1147.452,1105.6,1866.0,2268,7,68,13014.1
1147.57,1105.6,1866.0,2268,7,68,13054.6
1147.689,684.3,1866.0,2268,29,72,13054.7
1147.807,845.3,1866.0,2268,47,68,13050.8
1147.926,974.8,1866.0,2268,47,68,13084.9
1148.044,1104.3,1866.0,2268,10,68,13121.2
1148.163,683.0,1866.0,2268,17,71,13139.4
1148.283,844.0,1866.0,2268,63,69,13161.1
1148.403,973.5,1866.0,2268,63,68,13198.6
1148.522,1103.0,1866.0,2268,10,68,13224.3
1148.64,859.4,1866.0,2268,10,69,13240.3
1148.759,681.8,1866.0,2268,10,70,13244.5
1148.877,842.8,1866.0,2268,67,68,13270.9
1148.996,972.3,1866.0,2268,7,68,13289.6
1149.115,1101.8,1866.0,2268,12,68,13310.1
1149.234,680.5,1866.0,2268,12,71,13329.6
1149.353,712.0,1866.0,2268,67,69,13366.2
1149.472,841.5,1866.0,2268,11,68,13412.5
1149.591,971.0,1866.0,2268,11,68,13453.9
1149.713,1100.5,1866.0,2268,13,68,13497.9
1149.833,679.2,1866.0,2268,51,71,13498.6
1149.954,840.2,1866.0,2268,29,68,13520.5
1150.08,1099.2,1866.0,2268,29,70,13529.0
1150.236,839.0,1866.0,2268,41,69,13523.9
1150.418,839.0,1866.0,2268,3,68,13475.5
1150.791,1098.0,1866.0,2268,1,68,13431.4
1151.162,676.7,1866.0,2268,65,69,13395.1
1151.524,837.7,1866.0,2268,3,68,13356.5
1151.899,837.7,1866.0,2268,2,68,13317.8
1152.264,967.2,1866.0,2268,3,68,13286.0
1152.576,967.2,1866.0,2268,0,68,13269.5
1152.701,967.2,1866.0,2268,1,68,13253.3
1152.825,967.2,1866.0,2268,1,68,13237.7
1152.947,967.2,1866.0,2268,1,68,13221.1
1153.068,967.2,1866.0,2268,0,68,13206.2
1153.189,967.2,1866.0,2268,1,68,13190.8
1153.311,967.2,1866.0,2268,0,68,13173.8
1153.437,967.2,1866.0,2268,0,68,13169.4
1153.56,1096.7,1866.0,2268,6,68,13151.7
1153.787,675.4,1866.0,2268,56,70,13136.3
1154.014,965.9,1866.0,2268,4,68,13101.0
1154.367,1095.4,1866.0,2268,42,70,13071.7
1154.694,964.7,1866.0,2268,2,68,13044.0
1154.999,964.7,1866.0,2268,3,68,13007.9
1155.358,672.9,1866.0,2268,57,69,12987.7
1155.609,833.9,1866.0,2268,2,69,12953.8
1155.961,963.4,1866.0,2268,2,69,12907.4
1156.308,1092.9,1866.0,2268,1,69,12877.3
1156.627,671.6,1866.0,2268,1,72,12868.3
1156.764,832.6,1866.0,2268,7,69,12846.4
1157.047,962.1,1866.0,2268,6,69,12818.7
1157.334,670.3,1866.0,2268,27,72,12806.2
1157.542,831.4,1866.0,2268,5,69,12780.8
1157.827,960.9,1866.0,2268,5,69,12731.5
1158.037,960.9,1866.0,2268,3,69,12465.0
1158.161,1090.4,1866.0,2268,7,69,12458.3
1158.282,669.1,1866.0,2268,7,72,12334.4
1158.401,700.6,1866.0,2268,68,70,12297.1
1158.524,830.1,1866.0,2268,4,69,12295.4
1158.645,830.1,1866.0,2268,4,69,12280.0
1158.767,830.1,1866.0,2268,1,69,12266.5
1158.887,830.1,1866.0,2268,0,69,12251.4
1159.01,830.1,1866.0,2268,0,69,12238.3
1159.131,830.1,1866.0,2268,0,69,12226.2
1159.252,830.1,1866.0,2268,1,69,12212.4
1159.372,830.1,1866.0,2268,0,69,12198.5
1159.493,830.1,1866.0,2268,0,69,12186.6
1159.614,830.1,1866.0,2268,1,69,12175.3
1159.735,830.1,1866.0,2268,1,69,12160.8
1159.856,830.1,1866.0,2268,0,69,12146.9
1159.978,830.1,1866.0,2268,0,69,12132.8
1160.099,830.1,1866.0,2268,0,69,12120.1
1160.221,830.1,1866.0,2268,1,69,12106.5
1160.342,830.1,1866.0,2268,0,69,12092.5
1160.462,830.1,1866.0,2268,0,69,12078.7
1160.583,830.1,1866.0,2268,0,69,12065.2
1160.705,830.1,1866.0,2268,1,69,12060.6
1160.826,830.1,1866.0,2268,1,69,12051.0
1160.947,830.1,1866.0,2268,1,69,12041.7
1161.067,959.6,1866.0,2268,1,68,12032.2
1161.188,959.6,1866.0,2268,2,68,12023.6
1161.308,959.6,1866.0,2268,2,68,12013.0
1161.429,959.6,1866.0,2268,1,68,12003.3
1161.551,959.6,1866.0,2268,1,68,12015.9
1161.671,959.6,1866.0,2268,2,68,12018.4
1161.792,959.6,1866.0,2268,2,68,12008.8
1161.913,959.6,1866.0,2268,1,68,11999.0
1162.033,959.6,1866.0,2268,1,68,11989.4
1162.153,959.6,1866.0,2268,1,68,11981.0
1162.274,959.6,1866.0,2268,2,68,11971.0
1162.394,1089.1,1866.0,2268,1,68,11962.3
1162.515,1089.1,1866.0,2268,0,68,11948.4
1162.636,1089.1,1866.0,2268,0,68,11937.1
1162.757,1089.1,1866.0,2268,2,68,11931.3
1162.877,1089.1,1866.0,2268,1,68,11892.6
1162.997,1089.1,1866.0,2268,1,68,11524.1
1163.125,667.8,1866.0,2268,4,69,11523.1
1163.245,667.8,1866.0,2268,78,69,11539.9
1163.367,828.8,1866.0,2268,7,68,11584.1
1163.489,828.8,1866.0,2268,7,68,11625.6
1163.611,828.8,1866.0,2268,4,68,11547.2
1163.73,958.3,1866.0,2268,6,68,11366.8
1163.849,958.3,1866.0,2268,5,68,11190.0
1163.969,1087.8,1866.0,2268,5,68,11083.9
1164.088,1087.8,1866.0,2268,5,68,11110.5
1164.207,642.7,1866.0,2268,61,71,11110.9
1164.35,953.1,1866.0,2268,34,69,11118.6
1164.47,954.5,1866.0,2268,34,71,11119.4
1164.59,696.8,1866.0,2268,97,70,11027.6
1164.71,666.6,1866.0,2268,63,71,11030.7
1164.828,1096.9,1866.0,2268,63,70,11032.6
1164.946,958.5,1866.0,2268,67,70,11033.9
1165.064,700.8,1866.0,2268,61,73,11014.0
1165.186,670.7,1866.0,2268,64,70,10984.6
1165.305,961.2,1866.0,2268,64,70,10988.3
1165.423,833.0,1866.0,2268,50,72,10990.3
1165.541,673.3,1866.0,2268,52,70,10993.4
1165.659,963.9,1866.0,2268,52,70,10996.8
1165.777,674.7,1866.0,2268,58,73,10998.4
1165.896,676.0,1866.0,2268,60,70,11001.7
1166.014,1096.0,1866.0,2268,60,70,11005.2
1166.132,967.9,1866.0,2268,67,71,11009.1
1166.251,839.7,1866.0,2268,80,71,11024.4
1166.369,680.1,1866.0,2268,65,72,11034.3
1166.487,1100.1,1866.0,2268,65,70,11054.4
1166.606,681.4,1866.0,2268,47,71,11068.5
1166.725,842.4,1866.0,2268,39,69,11093.7
1166.845,971.9,1866.0,2268,39,69,11120.6
1166.963,682.7,1866.0,2268,21,72,11175.8
1167.081,843.8,1866.0,2268,47,69,11207.8
1167.199,1102.8,1866.0,2268,14,69,11232.7
1167.318,659.6,1866.0,2268,14,70,11250.6
1167.436,715.6,1866.0,2268,41,70,11265.2
1167.554,845.1,1866.0,2268,8,69,11285.9
1167.672,974.6,1866.0,2268,8,69,11306.9
1167.792,974.6,1866.0,2268,8,69,11329.2
1167.91,685.4,1866.0,2268,8,70,11341.2
1168.028,716.9,1866.0,2268,43,69,11358.6
1168.147,846.4,1866.0,2268,43,69,11383.3
1168.266,975.9,1866.0,2268,6,69,11400.4
1168.384,975.9,1866.0,2268,5,69,11421.4
1168.502,1105.4,1866.0,2268,5,69,11442.5
1168.62,1114.0,1866.0,2268,7,69,11459.6
1168.738,718.3,1866.0,2268,43,69,11469.8
1168.856,847.8,1866.0,2268,43,69,11489.6
1168.975,977.3,1866.0,2268,6,69,11515.0
1169.094,977.3,1866.0,2268,6,69,11535.0
1169.213,1106.8,1866.0,2268,6,68,11549.5
1169.331,1106.8,1866.0,2268,6,68,11574.1
1169.449,688.1,1866.0,2268,5,71,11587.3
1169.567,719.6,1866.0,2268,41,69,11605.4
1169.685,849.1,1866.0,2268,41,69,11620.9
1169.803,849.1,1866.0,2268,7,68,11639.6
1169.922,978.6,1866.0,2268,5,68,11665.6
1170.039,978.6,1866.0,2268,5,68,11688.3
1170.158,1108.1,1866.0,2268,5,68,11713.3
1170.275,689.5,1866.0,2268,7,69,11729.8
1170.393,721.0,1866.0,2268,41,69,11749.9
1170.511,850.5,1866.0,2268,41,68,11770.0
1170.629,850.5,1866.0,2268,6,68,11794.7
1170.747,980.0,1866.0,2268,6,68,11816.8
1170.865,980.0,1866.0,2268,6,68,11838.3
1170.983,1109.5,1866.0,2268,5,68,11860.2
1171.101,1109.5,1866.0,2268,5,68,11881.8
1171.219,722.3,1866.0,2268,42,69,11894.4
1171.337,851.8,1866.0,2268,42,68,11930.8
1171.455,851.8,1866.0,2268,6,68,11962.1
1171.574,981.3,1866.0,2268,5,68,11986.7
1171.693,1110.8,1866.0,2268,5,68,12015.3
1171.812,1110.8,1866.0,2268,9,68,12040.4
1171.93,692.2,1866.0,2268,21,70,12049.5
1172.048,853.2,1866.0,2268,28,69,12064.8
1172.166,982.7,1866.0,2268,28,68,12077.7
1172.284,1112.2,1866.0,2268,10,68,12096.1
1172.402,1112.2,1866.0,2268,5,68,12114.6
1172.519,693.5,1866.0,2268,5,70,12123.4
1172.637,854.5,1866.0,2268,42,68,12140.2
1172.755,984.0,1866.0,2268,7,68,12152.6
1172.873,1113.5,1866.0,2268,7,68,12168.8
1172.993,694.8,1866.0,2268,12,71,12102.3
1173.115,855.8,1866.0,2268,44,69,12098.4
1173.235,985.3,1866.0,2268,12,68,12120.8
1173.354,1114.8,1866.0,2268,12,68,12134.1
1173.473,857.2,1866.0,2268,32,69,12080.1
1173.593,986.7,1866.0,2268,28,68,12107.7
1173.712,1123.6,1866.0,2268,24,68,11993.4
1173.839,858.5,1866.0,2268,24,69,12007.4
1173.961,858.5,1866.0,2268,33,68,12034.3
1174.079,988.0,1866.0,2268,5,68,12090.5
1174.198,1117.5,1866.0,2268,5,68,12129.3
1174.316,1117.5,1866.0,2268,8,68,12169.7
1174.434,730.4,1866.0,2268,42,69,12188.1
1174.553,859.9,1866.0,2268,8,68,12201.7
1174.672,989.4,1866.0,2268,8,68,12260.8
1174.793,989.4,1866.0,2268,7,68,12303.3
1174.913,1118.9,1866.0,2268,5,68,12334.9
1175.033,1118.9,1866.0,2268,5,68,12343.1
1175.152,676.2,1866.0,2268,21,69,12118.9
1175.278,676.2,1866.0,2268,22,68,12033.1
1175.423,676.2,1866.0,2268,0,68,12139.4
1175.548,676.2,1866.0,2268,0,68,12243.2
1175.674,676.2,1866.0,2268,0,68,12340.4
1175.799,676.2,1866.0,2268,1,68,12437.1
1175.925,676.2,1866.0,2268,0,68,12548.0
1176.05,676.2,1866.0,2268,0,68,12507.8
1176.178,676.2,1866.0,2268,0,68,12599.3
1176.303,676.2,1866.0,2268,1,68,12701.6
1176.429,676.2,1866.0,2268,0,68,12796.3
1176.595,676.2,1866.0,2268,0,68,12858.6
1176.72,676.2,1866.0,2268,1,68,12943.6
1176.849,676.2,1866.0,2268,1,68,13026.7
1176.976,676.2,1866.0,2268,0,68,13111.3
1177.104,676.2,1866.0,2268,0,68,13190.1
1177.232,676.2,1866.0,2268,1,68,13261.6
1177.36,676.2,1866.0,2268,1,68,13340.1
1177.489,676.2,1866.0,2268,0,68,13421.2
1177.622,676.2,1866.0,2268,0,68,13466.5
1177.781,676.2,1866.0,2268,0,68,13509.9
1178.042,676.2,1866.0,2268,0,68,13508.8
1178.277,676.2,1866.0,2268,2,68,13510.8
1178.491,676.2,1866.0,2268,0,68,13511.1
1178.708,676.2,1866.0,2268,5,69,13495.0
1178.92,676.2,1866.0,2268,5,68,13494.5
1179.119,676.2,1866.0,2268,0,69,13493.3
1179.312,676.2,1866.0,2268,0,69,13442.4
1179.798,676.2,1866.0,2268,2,69,13346.7
1180.442,676.2,1866.0,2268,0,69,13247.2
1180.605,676.2,1866.0,2268,0,69,13317.6
1180.739,676.2,1866.0,2268,1,69,13321.6
1180.978,676.2,1866.0,2268,0,69,13310.9
1181.183,676.2,1866.0,2268,1,69,13310.2
1181.474,676.2,1866.0,2268,0,69,13276.1
1181.658,676.2,1866.0,2268,0,69,13029.0
1181.803,676.2,1866.0,2268,1,69,12975.6
1181.929,676.2,1866.0,2268,0,69,12605.3
1182.06,676.2,1866.0,2268,0,69,12701.6
1182.185,676.2,1866.0,2268,0,69,12772.8
1182.313,676.2,1866.0,2268,1,69,12815.5
1182.44,676.2,1866.0,2268,0,69,12867.2
1182.572,676.2,1866.0,2268,0,69,12896.6
1182.698,676.2,1866.0,2268,0,69,12898.4
1182.828,733.5,1866.0,2268,1,69,12860.6
1182.947,992.5,1866.0,2268,8,69,12889.9
1183.065,702.0,1866.0,2268,8,71,12899.9
1183.183,863.0,1866.0,2268,57,71,12908.8
1183.301,992.5,1866.0,2268,35,69,12947.4
1183.419,1122.0,1866.0,2268,11,69,12986.2
1183.537,700.7,1866.0,2268,11,72,13003.9
1183.655,861.7,1866.0,2268,70,70,13026.1
1183.773,1120.7,1866.0,2268,20,69,13046.8
1183.89,699.4,1866.0,2268,20,73,13050.1
1184.008,989.9,1866.0,2268,75,70,13076.4
1184.126,1119.4,1866.0,2268,12,69,13099.0
1184.244,698.0,1866.0,2268,12,72,13114.4
1184.362,729.5,1866.0,2268,42,70,13127.3
1184.48,859.0,1866.0,2268,36,69,13150.3
1184.597,1118.0,1866.0,2268,17,69,13178.6
1184.717,696.7,1866.0,2268,17,74,13180.3
1184.835,857.7,1866.0,2268,71,70,13193.7
1184.953,987.2,1866.0,2268,13,69,13209.6
1185.071,1116.7,1866.0,2268,13,69,13230.3
1185.189,738.8,1866.0,2268,7,69,13252.5
1185.308,698.9,1866.0,2268,55,72,13258.3
1185.428,856.4,1866.0,2268,22,69,13274.1
1185.546,985.9,1866.0,2268,22,69,13236.0
1185.666,1115.4,1866.0,2268,13,69,13160.9
1185.784,694.1,1866.0,2268,36,72,13165.1
1185.902,855.1,1866.0,2268,36,70,13175.8
1186.02,855.1,1866.0,2268,41,69,13189.9
1186.138,984.6,1866.0,2268,9,69,13205.7
1186.256,1114.1,1866.0,2268,9,69,13221.5
1186.374,692.8,1866.0,2268,8,71,13229.1
1186.492,724.3,1866.0,2268,59,70,13233.4
1186.61,853.8,1866.0,2268,19,69,13241.6
1186.729,983.3,1866.0,2268,19,69,13255.6
1186.847,1112.8,1866.0,2268,9,69,13270.8
1186.965,691.5,1866.0,2268,31,72,13275.7
1187.083,723.0,1866.0,2268,31,70,13289.6
1187.201,852.5,1866.0,2268,46,69,13150.4
1187.322,982.0,1866.0,2268,10,69,13163.7
1187.44,1111.5,1866.0,2268,8,69,13176.4
1187.558,690.2,1866.0,2268,8,72,13179.6
1187.676,721.7,1866.0,2268,70,70,13189.9
1187.794,851.2,1866.0,2268,8,69,13204.6
1187.913,980.7,1866.0,2268,8,69,13217.6
1188.031,1110.2,1866.0,2268,8,69,13231.0
1188.149,688.9,1866.0,2268,39,73,13233.1
1188.267,849.9,1866.0,2268,41,69,13254.5
1188.385,849.9,1866.0,2268,41,69,13214.4
1188.503,1108.9,1866.0,2268,9,69,13134.1
1188.622,687.5,1866.0,2268,23,71,13138.2
1188.74,719.0,1866.0,2268,23,70,13144.9
1188.858,848.5,1866.0,2268,60,69,13158.1
1188.976,1107.5,1866.0,2268,12,69,13180.9
1189.095,1107.5,1866.0,2268,12,69,13214.9
1189.213,686.2,1866.0,2268,11,72,13217.9
1189.331,847.2,1866.0,2268,67,69,13246.0
1189.45,976.7,1866.0,2268,8,69,13272.2
1189.568,1106.2,1866.0,2268,8,69,13296.4
1189.686,684.9,1866.0,2268,35,73,13297.7
1189.803,975.4,1866.0,2268,54,69,13320.7
1189.921,1104.9,1866.0,2268,54,69,12880.9
1190.041,683.6,1866.0,2268,30,72,12889.1
1190.159,974.1,1866.0,2268,59,69,12928.5
1190.278,682.3,1866.0,2268,45,71,12940.3
1190.396,972.8,1866.0,2268,45,70,12950.4
1190.515,681.0,1866.0,2268,57,70,12985.8
1190.633,681.0,1866.0,2268,70,71,13017.3
1190.751,842.0,1866.0,2268,70,69,13084.1
1190.869,1101.0,1866.0,2268,12,69,13137.6
1190.988,691.0,1866.0,2268,12,70,13192.2
1191.106,679.7,1866.0,2268,12,71,13207.4
1191.224,840.7,1866.0,2268,69,69,13245.9
1191.342,970.2,1866.0,2268,11,69,13252.9
1191.461,685.0,1866.0,2268,16,70,13186.4
1191.58,681.9,1866.0,2268,16,70,13127.3
1191.698,839.4,1866.0,2268,67,69,13164.8
1191.818,968.9,1866.0,2268,10,69,13206.2
1191.936,1098.4,1866.0,2268,10,69,13241.3
1192.054,677.0,1866.0,2268,11,73,13247.2
1192.171,838.0,1866.0,2268,69,69,13250.2
1192.29,967.5,1866.0,2268,9,69,12961.1
1192.41,967.5,1866.0,2268,9,69,13013.9
1192.528,1097.0,1866.0,2268,9,69,13076.7
1192.646,675.7,1866.0,2268,56,73,13082.5
1192.764,836.7,1866.0,2268,56,69,13126.2
1192.882,966.2,1866.0,2268,25,69,13168.6
1193.001,1095.7,1866.0,2268,12,69,13166.3
1193.12,674.4,1866.0,2268,40,71,13162.7
1193.238,705.9,1866.0,2268,40,70,13167.8
1193.357,835.4,1866.0,2268,33,69,13180.4
1193.476,835.4,1866.0,2268,6,69,13186.9
1193.596,964.9,1866.0,2268,6,69,13185.6
1193.716,964.9,1866.0,2268,3,69,13172.4
1193.836,964.9,1866.0,2268,1,68,13161.8
1193.956,964.9,1866.0,2268,1,68,13147.7
1194.075,964.9,1866.0,2268,1,68,13133.4
1194.195,964.9,1866.0,2268,1,69,13119.1
1194.316,964.9,1866.0,2268,0,69,13104.2
1194.436,964.9,1866.0,2268,0,68,13095.1
1194.555,964.9,1866.0,2268,1,68,13083.4
1194.674,964.9,1866.0,2268,3,69,13074.4
1194.794,1094.4,1866.0,2268,1,69,13061.8
1194.914,1094.4,1866.0,2268,1,68,13048.7
1195.034,1094.4,1866.0,2268,1,69,13036.5
1195.154,1094.4,1866.0,2268,2,69,13031.4
1195.273,1094.4,1866.0,2268,2,69,13022.8
1195.393,1094.4,1866.0,2268,2,69,13011.2
1195.513,1094.4,1866.0,2268,1,69,12998.0
1195.633,1094.4,1866.0,2268,2,69,12985.4
1195.753,684.4,1866.0,2268,2,69,12979.8
1195.871,673.1,1866.0,2268,41,71,12978.6
1195.99,704.6,1866.0,2268,26,69,12968.2
1196.11,704.6,1866.0,2268,26,69,12957.5
1196.229,704.6,1866.0,2268,2,69,12944.9
1196.348,834.1,1866.0,2268,1,69,12939.0
1196.468,834.1,1866.0,2268,1,69,12925.4
1196.588,834.1,1866.0,2268,1,69,12912.6
1196.707,834.1,1866.0,2268,1,69,12899.7
1196.828,834.1,1866.0,2268,1,69,12886.4
1196.949,834.1,1866.0,2268,1,69,12871.9
1197.069,834.1,1866.0,2268,0,69,12859.4
1197.19,834.1,1866.0,2268,2,69,12855.0
1197.31,834.1,1866.0,2268,0,69,12840.3
1197.431,834.1,1866.0,2268,0,69,12826.7
1197.552,834.1,1866.0,2268,1,69,12815.2
1197.672,834.1,1866.0,2268,1,69,12798.9
1197.792,834.1,1866.0,2268,1,69,12781.2
1197.913,834.1,1866.0,2268,0,69,12767.4
1198.033,834.1,1866.0,2268,0,69,12752.7
1198.155,834.1,1866.0,2268,1,69,12738.4
1198.275,834.1,1866.0,2268,1,69,12726.5
1198.396,963.6,1866.0,2268,1,69,12718.2
1198.515,963.6,1866.0,2268,1,69,12705.7
1198.636,963.6,1866.0,2268,1,69,12692.2
1198.756,963.6,1866.0,2268,1,69,12679.9
1198.877,963.6,1866.0,2268,0,69,12666.3
1198.998,963.6,1866.0,2268,0,69,12656.5
1199.118,963.6,1866.0,2268,0,69,12644.6
1199.24,963.6,1866.0,2268,1,69,12637.3
1199.359,963.6,1866.0,2268,2,69,12625.3
1199.481,963.6,1866.0,2268,2,69,12617.4
1199.601,1093.1,1866.0,2268,2,69,12607.8
1199.721,1093.1,1866.0,2268,2,69,12596.4
1199.842,1093.1,1866.0,2268,1,69,12583.8
1199.962,1093.1,1866.0,2268,1,69,12571.3
1200.083,1093.1,1866.0,2268,1,69,12568.9
1200.202,1093.1,1866.0,2268,4,69,12565.2
1200.323,1093.1,1866.0,2268,1,69,12553.7
1200.444,1093.1,1866.0,2268,1,69,12536.0
1200.564,1093.1,1866.0,2268,0,69,12525.5
1200.687,671.8,1866.0,2268,46,73,12520.2
1200.805,832.8,1866.0,2268,46,70,12552.1
1200.927,832.8,1866.0,2268,27,69,12588.6
1201.049,962.3,1866.0,2268,7,69,12592.2
1201.169,1091.8,1866.0,2268,9,69,12623.5
1201.289,670.5,1866.0,2268,9,73,12625.0
1201.407,831.5,1866.0,2268,68,70,12662.9
1201.528,831.5,1866.0,2268,6,69,12697.2
1201.65,961.0,1866.0,2268,6,69,12730.7
1201.771,961.0,1866.0,2268,6,69,12729.5
1201.891,961.0,1866.0,2268,1,69,12717.4
1202.012,961.0,1866.0,2268,1,69,12704.4
1202.132,961.0,1866.0,2268,1,69,12690.9
1202.253,961.0,1866.0,2268,1,69,12677.2
1202.374,961.0,1866.0,2268,1,69,12664.0
1202.493,961.0,1866.0,2268,1,69,12657.5
1202.613,961.0,1866.0,2268,1,69,12646.3
1202.733,961.0,1866.0,2268,2,69,12634.3
1202.855,961.0,1866.0,2268,1,69,12622.7
1202.975,1090.5,1866.0,2268,1,69,12611.2
1203.095,1090.5,1866.0,2268,1,69,12598.0
1203.216,1090.5,1866.0,2268,1,69,12586.7
1203.338,1090.5,1866.0,2268,1,69,12574.9
1203.458,1090.5,1866.0,2268,1,69,12562.1
1203.579,1090.5,1866.0,2268,1,69,12549.7
1203.7,1090.5,1866.0,2268,1,69,12536.0
1203.82,1090.5,1866.0,2268,1,69,12522.6
1203.94,1090.5,1866.0,2268,0,69,12509.2
1204.061,1090.5,1866.0,2268,0,69,12495.5
1204.182,1090.5,1866.0,2268,1,69,12482.8
1204.302,1090.5,1866.0,2268,1,69,12468.4
1204.423,1090.5,1866.0,2268,0,69,12457.3
1204.545,1090.5,1866.0,2268,1,69,12442.7
1204.665,1090.5,1866.0,2268,1,69,12428.9
1204.786,1090.5,1866.0,2268,1,69,12417.1
1204.907,1090.5,1866.0,2268,1,69,12403.6
1205.028,669.2,1866.0,2268,40,73,12393.1
1205.148,669.2,1866.0,2268,40,70,12382.3
1205.268,700.7,1866.0,2268,28,69,12371.6
1205.389,700.7,1866.0,2268,2,69,12361.2
1205.511,830.2,1866.0,2268,1,69,12350.7
1205.631,830.2,1866.0,2268,1,69,12336.4
1205.752,830.2,1866.0,2268,1,69,12322.0
1205.874,830.2,1866.0,2268,0,69,12308.0
1205.994,830.2,1866.0,2268,0,69,12293.6
1206.115,830.2,1866.0,2268,0,69,12279.8
1206.235,830.2,1866.0,2268,1,69,12265.3
1206.356,830.2,1866.0,2268,0,69,12251.1
1206.476,830.2,1866.0,2268,0,69,12236.9
1206.597,830.2,1866.0,2268,0,69,12223.9
1206.718,830.2,1866.0,2268,1,69,12212.8
1206.838,830.2,1866.0,2268,1,69,12198.9
1206.958,830.2,1866.0,2268,0,69,12185.3
1207.078,830.2,1866.0,2268,0,69,12170.9
1207.2,830.2,1866.0,2268,1,69,12155.7
1207.32,830.2,1866.0,2268,1,69,12144.9
1207.441,959.7,1866.0,2268,2,69,12118.5
1207.561,959.7,1866.0,2268,2,69,12104.6
1207.681,959.7,1866.0,2268,1,69,12089.8
1207.805,959.7,1866.0,2268,1,68,12077.1
1207.926,959.7,1866.0,2268,0,68,12064.4
1208.047,959.7,1866.0,2268,0,68,12051.4
1208.168,959.7,1866.0,2268,0,68,12039.4
1208.288,959.7,1866.0,2268,1,68,12026.2
1208.41,959.7,1866.0,2268,0,68,12013.3
1208.531,959.7,1866.0,2268,0,68,12000.8
1208.651,959.7,1866.0,2268,0,68,11984.1
1208.773,959.7,1866.0,2268,2,68,11726.5
1208.898,1089.2,1866.0,2268,14,68,11398.0
1209.024,667.9,1866.0,2268,23,69,11342.5
1209.142,667.9,1866.0,2268,23,70,11353.0
1209.261,667.9,1866.0,2268,64,69,11366.2
1209.383,828.9,1866.0,2268,3,68,11410.3
1209.507,828.9,1866.0,2268,3,68,11412.0
1209.626,958.4,1866.0,2268,4,68,11313.2
1209.747,958.4,1866.0,2268,7,68,11317.2
1209.866,1087.9,1866.0,2268,6,68,11350.7
1209.985,1087.9,1866.0,2268,6,68,11294.1
1210.104,642.7,1866.0,2268,27,71,11294.7
1210.232,638.0,1866.0,2268,55,69,11302.8
1210.354,636.2,1866.0,2268,6,69,11318.6
1210.475,662.7,1866.0,2268,6,71,11318.9
1210.594,664.0,1866.0,2268,79,71,11236.1
1210.712,954.6,1866.0,2268,67,70,11247.4
1210.831,665.4,1866.0,2268,67,72,11248.7
1210.948,955.9,1866.0,2268,51,70,11263.1
1211.067,698.2,1866.0,2268,61,71,11268.5
1211.185,957.2,1866.0,2268,61,69,11289.2
1211.303,1086.7,1866.0,2268,15,69,11307.6
1211.423,829.1,1866.0,2268,48,70,11317.2
1211.541,1088.1,1866.0,2268,17,69,11330.7
1211.659,669.4,1866.0,2268,17,72,11339.5
1211.777,830.4,1866.0,2268,48,70,11363.3
1211.896,1089.4,1866.0,2268,16,69,11387.8
1212.014,670.8,1866.0,2268,16,72,11407.9
1212.133,961.3,1866.0,2268,47,69,11430.6
1212.251,672.1,1866.0,2268,19,71,11448.2
1212.368,833.1,1866.0,2268,48,70,11469.9
1212.487,962.6,1866.0,2268,48,69,11497.8
1212.605,673.4,1866.0,2268,14,71,11514.9
1212.724,834.5,1866.0,2268,49,70,11537.1
1212.842,964.0,1866.0,2268,49,69,11574.1
1212.962,674.8,1866.0,2268,14,71,11582.1
1213.08,965.3,1866.0,2268,51,70,11598.0
1213.2,676.1,1866.0,2268,54,72,11601.0
1213.318,1096.1,1866.0,2268,54,70,11596.9
1213.437,709.0,1866.0,2268,47,71,11613.5
1213.555,1097.5,1866.0,2268,33,69,11598.3
1213.673,839.8,1866.0,2268,33,71,11604.3
1213.792,1098.8,1866.0,2268,55,69,11627.3
1213.91,711.7,1866.0,2268,45,71,11638.5
1214.029,841.2,1866.0,2268,45,69,11663.8
1214.147,1100.2,1866.0,2268,16,69,11683.4
1214.265,681.5,1866.0,2268,31,71,11692.2
1214.383,842.5,1866.0,2268,32,69,11704.6
1214.502,1101.5,1866.0,2268,32,69,11646.4
1214.621,682.8,1866.0,2268,15,72,11659.8
1214.74,843.9,1866.0,2268,49,69,11683.0
1214.858,973.4,1866.0,2268,49,69,11702.9
1214.976,973.4,1866.0,2268,9,69,11719.2
1215.094,684.2,1866.0,2268,14,72,11727.0
1215.212,845.2,1866.0,2268,41,69,11745.5
1215.33,845.2,1866.0,2268,41,69,11766.6
1215.448,974.7,1866.0,2268,8,69,11784.2
1215.566,1104.2,1866.0,2268,9,69,11799.0
1215.683,685.5,1866.0,2268,9,71,11808.2
1215.801,846.5,1866.0,2268,44,69,11824.2
1215.92,976.0,1866.0,2268,9,69,11842.2
1216.039,1105.5,1866.0,2268,9,69,11855.7
1216.157,1105.5,1866.0,2268,7,69,11869.8
1216.275,718.4,1866.0,2268,36,70,11875.2
1216.393,847.9,1866.0,2268,16,69,11884.5
1216.512,977.4,1866.0,2268,16,69,11905.6
1216.63,1106.9,1866.0,2268,9,69,11925.1
1216.748,688.2,1866.0,2268,28,72,11933.4
1216.866,849.2,1866.0,2268,28,69,11949.8
1216.984,978.7,1866.0,2268,25,69,11967.5
1217.102,1108.2,1866.0,2268,8,69,11986.1
1217.22,1108.2,1866.0,2268,8,68,12005.0
1217.338,689.6,1866.0,2268,8,71,11972.2
1217.457,850.6,1866.0,2268,42,69,11974.9
1217.581,980.1,1866.0,2268,12,69,12003.7
1217.7,1109.6,1866.0,2268,12,69,12026.7
1217.82,851.9,1866.0,2268,23,70,12037.1
1217.939,981.4,1866.0,2268,35,69,12057.5
1218.058,1110.9,1866.0,2268,9,69,11826.0
1218.18,692.3,1866.0,2268,9,71,11822.2
1218.298,853.3,1866.0,2268,43,69,11839.8
1218.416,982.8,1866.0,2268,8,69,11855.9
1218.535,693.6,1866.0,2268,8,71,11859.8
1218.653,854.6,1866.0,2268,57,69,11880.7
1218.772,984.1,1866.0,2268,12,69,11903.5
1218.89,1113.6,1866.0,2268,11,69,11925.5
1219.009,855.9,1866.0,2268,11,70,11934.8
1219.127,985.4,1866.0,2268,46,69,11953.5
1219.245,696.3,1866.0,2268,35,71,11959.8
1219.363,857.3,1866.0,2268,35,69,11982.0
1219.481,986.8,1866.0,2268,26,69,12023.6
1219.598,1116.3,1866.0,2268,7,69,12059.6
1219.716,1116.3,1866.0,2268,7,68,12095.0
1219.835,858.6,1866.0,2268,15,70,12116.7
1219.956,858.6,1866.0,2268,39,69,12155.5
1220.074,988.1,1866.0,2268,8,69,12202.2
1220.192,1117.6,1866.0,2268,8,68,12253.2
1220.311,673.6,1866.0,2268,8,72,12284.6
1220.431,674.9,1866.0,2268,38,69,12381.6
1220.558,674.9,1866.0,2268,0,69,12465.9
1220.685,674.9,1866.0,2268,0,69,12540.2
1220.832,674.9,1866.0,2268,1,69,12539.5
1220.967,674.9,1866.0,2268,0,69,12410.3
1221.095,674.9,1866.0,2268,0,69,12159.1
1221.222,674.9,1866.0,2268,3,69,12262.5
1221.347,674.9,1866.0,2268,3,69,12364.9
1221.474,674.9,1866.0,2268,0,69,12454.8
1221.6,674.9,1866.0,2268,0,69,12565.3
1221.729,674.9,1866.0,2268,1,69,12649.6
1221.856,674.9,1866.0,2268,1,69,12735.3
1221.984,674.9,1866.0,2268,0,69,12811.2
1222.114,674.9,1866.0,2268,0,69,12881.5
1222.242,674.9,1866.0,2268,1,69,12969.8
1222.371,674.9,1866.0,2268,1,69,13057.2
1222.499,674.9,1866.0,2268,0,69,13137.9
1222.627,674.9,1866.0,2268,0,69,13208.7
1222.776,674.9,1866.0,2268,0,69,13241.7
1223.036,674.9,1866.0,2268,0,69,13255.6
1223.307,674.9,1866.0,2268,0,69,13269.3
1223.626,674.9,1866.0,2268,2,69,13271.1
1223.881,674.9,1866.0,2268,0,69,13265.1
1224.16,674.9,1866.0,2268,2,69,13272.2
1224.424,674.9,1866.0,2268,0,69,13279.5
1224.724,674.9,1866.0,2268,2,69,13287.9
1224.937,674.9,1866.0,2268,0,69,13291.9
1225.126,674.9,1866.0,2268,0,69,13295.1
1225.336,674.9,1866.0,2268,1,69,13296.6
1225.527,674.9,1866.0,2268,0,69,13301.1
1225.785,674.9,1866.0,2268,0,69,13255.8
1226.262,674.9,1866.0,2268,1,69,13138.2
1226.454,674.9,1866.0,2268,0,69,13208.3
1226.582,674.9,1866.0,2268,0,69,13205.8
1226.804,674.9,1866.0,2268,1,69,12880.9
1226.931,674.9,1866.0,2268,0,69,12712.9
1227.059,674.9,1866.0,2268,0,69,12607.1
1227.199,674.9,1866.0,2268,0,69,12702.2
1227.324,674.9,1866.0,2268,1,69,12797.2
1227.449,674.9,1866.0,2268,0,69,12884.6
1227.575,674.9,1866.0,2268,0,69,12940.1
1227.703,674.9,1866.0,2268,0,69,12965.6
1227.831,674.9,1866.0,2268,1,69,12970.3
1227.964,991.2,1866.0,2268,2,69,12916.9
1228.082,700.8,1866.0,2268,2,73,12926.0
1228.201,699.5,1866.0,2268,80,71,12927.5
1228.318,990.0,1866.0,2268,88,72,12927.8
1228.437,698.2,1866.0,2268,87,75,12928.6
1228.555,697.0,1866.0,2268,87,73,12929.2
1228.673,1117.0,1866.0,2268,87,71,12929.3
1228.792,695.7,1866.0,2268,87,74,12931.2
1228.91,856.7,1866.0,2268,87,71,12946.7
1229.029,712.1,1866.0,2268,28,71,12953.8
1229.147,694.4,1866.0,2268,64,72,12958.7
1229.265,855.4,1866.0,2268,26,70,12975.9
1229.383,984.9,1866.0,2268,26,70,12992.6
1229.501,1114.4,1866.0,2268,10,70,13007.0
1229.619,693.2,1866.0,2268,23,73,13014.2
1229.737,724.7,1866.0,2268,23,71,13019.6
1229.855,854.2,1866.0,2268,54,70,13033.4
1229.972,983.7,1866.0,2268,9,70,13048.7
1230.09,1113.2,1866.0,2268,9,70,13064.0
1230.209,691.9,1866.0,2268,9,70,13073.8
1230.33,723.4,1866.0,2268,55,72,13077.8
1230.449,852.9,1866.0,2268,23,70,13085.7
1230.567,982.4,1866.0,2268,23,70,13099.7
1230.685,1111.9,1866.0,2268,10,70,13114.4
1230.802,690.6,1866.0,2268,33,73,13118.1
1230.92,851.6,1866.0,2268,33,70,13128.5
1231.038,981.1,1866.0,2268,45,70,13140.9
1231.157,981.1,1866.0,2268,10,69,13153.3
1231.274,1110.6,1866.0,2268,8,69,13164.7
1231.392,689.4,1866.0,2268,8,74,13165.8
1231.509,850.4,1866.0,2268,69,70,13179.2
1231.627,979.9,1866.0,2268,9,70,13193.0
1231.745,979.9,1866.0,2268,9,69,13206.5
1231.862,688.1,1866.0,2268,12,70,13215.0
1231.981,719.6,1866.0,2268,69,72,13223.6
1232.099,849.1,1866.0,2268,10,70,13240.8
1232.217,978.6,1866.0,2268,10,69,13257.5
1232.335,662.3,1866.0,2268,11,70,13267.1
1232.453,718.3,1866.0,2268,72,72,13271.9
1232.571,977.3,1866.0,2268,72,70,13282.4
1232.69,1106.8,1866.0,2268,19,69,13308.0
1232.809,685.6,1866.0,2268,45,74,13250.2
1232.928,846.6,1866.0,2268,45,70,13168.7
1233.048,1105.6,1866.0,2268,36,69,13163.4
1233.166,684.3,1866.0,2268,44,73,13144.2
1233.284,1104.3,1866.0,2268,57,70,13130.5
1233.403,683.0,1866.0,2268,57,74,13130.5
1233.52,844.0,1866.0,2268,71,70,13145.8
1233.639,681.8,1866.0,2268,40,72,13147.1
1233.756,972.3,1866.0,2268,40,71,13149.7
1233.874,680.5,1866.0,2268,71,73,13162.1
1233.992,712.0,1866.0,2268,69,70,13184.7
1234.11,971.0,1866.0,2268,11,70,13213.9
1234.228,1100.5,1866.0,2268,11,70,13242.6
1234.345,679.2,1866.0,2268,12,72,13259.2
1234.463,840.2,1866.0,2268,71,71,13268.0
1234.581,1099.2,1866.0,2268,71,70,13291.4
1234.7,678.0,1866.0,2268,27,74,13199.9
1234.818,968.5,1866.0,2268,69,70,13196.9
1234.936,676.7,1866.0,2268,69,73,13136.5
1235.055,967.2,1866.0,2268,60,71,13140.6
1235.173,675.4,1866.0,2268,44,73,13148.6
1235.292,836.4,1866.0,2268,74,71,13154.2
1235.41,674.1,1866.0,2268,74,71,13161.5
1235.528,677.7,1866.0,2268,55,71,13197.0
1235.647,835.2,1866.0,2268,35,70,13278.6
1235.765,964.7,1866.0,2268,35,70,13174.2
1235.884,1094.2,1866.0,2268,11,69,13261.9
1236.002,672.9,1866.0,2268,31,74,13278.4
1236.12,833.9,1866.0,2268,48,70,13359.7
1236.241,963.4,1866.0,2268,48,70,13459.6
1236.362,1092.9,1866.0,2268,11,69,13551.5
1236.486,671.6,1866.0,2268,31,73,13575.2
1236.61,703.1,1866.0,2268,1,69,13559.5
1236.951,832.6,1866.0,2268,3,69,13524.1
1237.321,832.6,1866.0,2268,1,69,13482.5
1237.713,962.1,1866.0,2268,1,69,13444.6
1238.099,962.1,1866.0,2268,2,69,13395.8
1238.536,670.3,1866.0,2268,1,70,13358.5
1238.915,831.4,1866.0,2268,2,70,13307.2
1239.308,831.4,1866.0,2268,2,69,13249.1
1239.77,831.4,1866.0,2268,1,70,13200.1
1240.227,960.9,1866.0,2268,0,69,13152.5
1240.671,960.9,1866.0,2268,1,69,13100.3
1241.162,960.9,1866.0,2268,1,70,13050.3
1241.608,1090.4,1866.0,2268,0,69,13001.5
1242.064,1090.4,1866.0,2268,1,69,12951.4
1242.537,1090.4,1866.0,2268,0,70,12902.5
1242.991,669.1,1866.0,2268,25,70,12868.4
1243.341,700.6,1866.0,2268,1,70,12848.6
1243.663,830.1,1866.0,2268,0,69,12811.5
1243.965,959.6,1866.0,2268,0,70,12730.8
1244.086,1089.1,1866.0,2268,8,70,12815.8
1244.216,1089.1,1866.0,2268,1,70,12802.4
1244.624,1089.1,1866.0,2268,13,72,12751.0
1244.98,667.8,1866.0,2268,2,70,12702.9
1245.41,828.8,1866.0,2268,2,70,12657.4
1245.839,828.8,1866.0,2268,2,70,12611.9
1246.27,828.8,1866.0,2268,1,70,12574.1
1246.648,958.3,1866.0,2268,0,70,12529.7
1247.048,958.3,1866.0,2268,2,70,12489.7
1247.384,958.3,1866.0,2268,1,70,12448.8
1247.556,1087.8,1866.0,2268,4,70,11971.4
1247.692,642.7,1866.0,2268,37,74,11977.8
1247.816,953.1,1866.0,2268,56,71,11939.0
1247.936,954.5,1866.0,2268,56,72,11939.4
1248.056,826.4,1866.0,2268,97,72,11940.1
1248.175,827.8,1866.0,2268,89,73,11940.4
1248.294,668.2,1866.0,2268,89,74,11941.1
1248.411,669.6,1866.0,2268,76,73,11910.7
1248.529,1089.6,1866.0,2268,70,71,11914.0
1248.647,832.0,1866.0,2268,70,72,11915.9
1248.766,1091.0,1866.0,2268,65,70,11921.6
1248.885,833.4,1866.0,2268,49,71,11923.4
1249.004,673.8,1866.0,2268,39,72,11927.4
1249.123,834.8,1866.0,2268,39,71,11931.8
1249.241,1104.5,1866.0,2268,49,71,11936.9
1249.36,836.2,1866.0,2268,52,71,11943.3
1249.479,1095.2,1866.0,2268,52,70,11957.0
1249.597,676.6,1866.0,2268,20,72,11967.8
1249.715,837.6,1866.0,2268,47,70,11994.4
1249.833,967.1,1866.0,2268,11,70,12016.8
1249.952,1096.6,1866.0,2268,11,70,12041.4
1250.07,839.0,1866.0,2268,31,72,12043.9
1250.189,913.9,1866.0,2268,43,70,12057.2
1250.306,840.4,1866.0,2268,43,71,12067.5
1250.426,1101.9,1866.0,2268,50,70,12074.6
1250.544,841.8,1866.0,2268,59,71,12077.8
1250.662,1100.8,1866.0,2268,25,70,12092.6
1250.78,843.2,1866.0,2268,25,71,12101.0
1250.898,972.7,1866.0,2268,44,70,12115.8
1251.017,683.6,1866.0,2268,23,71,12130.3
1251.134,844.6,1866.0,2268,23,71,12138.7
1251.253,1103.6,1866.0,2268,45,70,12154.7
1251.373,685.0,1866.0,2268,27,73,12024.6
1251.493,846.0,1866.0,2268,27,70,12013.7
1251.612,975.5,1866.0,2268,33,70,12031.8
1251.73,1105.0,1866.0,2268,10,70,12047.2
1251.848,686.4,1866.0,2268,46,73,12052.8
1251.966,847.4,1866.0,2268,46,70,12066.9
1252.084,976.9,1866.0,2268,12,70,12080.7
1252.202,976.9,1866.0,2268,9,70,12093.9
1252.32,687.8,1866.0,2268,9,70,12102.7
1252.438,848.8,1866.0,2268,37,71,12114.1
1252.556,978.3,1866.0,2268,21,70,12129.6
1252.674,1107.8,1866.0,2268,10,70,12103.7
1252.793,1110.1,1866.0,2268,10,70,11990.3
1252.912,850.2,1866.0,2268,41,71,11995.9
1253.03,979.7,1866.0,2268,16,70,12005.2
1253.149,979.7,1866.0,2268,16,70,12020.8
1253.266,1109.2,1866.0,2268,10,70,12035.6
1253.385,851.6,1866.0,2268,47,71,12045.1
1253.502,981.1,1866.0,2268,11,70,12064.4
1253.62,1110.6,1866.0,2268,11,70,12083.8
1253.738,692.0,1866.0,2268,10,70,12097.8
1253.855,853.0,1866.0,2268,45,71,12074.8
1253.974,982.5,1866.0,2268,45,70,12015.3
1254.093,1112.0,1866.0,2268,12,70,11993.5
1254.212,693.4,1866.0,2268,9,72,12003.5
1254.33,854.4,1866.0,2268,9,70,12013.1
1254.448,983.9,1866.0,2268,47,70,12025.8
1254.567,1113.4,1866.0,2268,11,70,12043.4
1254.685,1113.4,1866.0,2268,7,70,12063.5
1254.803,694.8,1866.0,2268,7,72,12072.3
1254.921,855.8,1866.0,2268,45,70,12090.9
1255.039,985.3,1866.0,2268,8,69,12098.3
1255.158,696.2,1866.0,2268,8,70,12099.6
1255.275,857.2,1866.0,2268,46,70,12105.1
1255.393,857.2,1866.0,2268,15,70,12114.1
1255.511,986.7,1866.0,2268,5,69,12016.9
1255.633,986.7,1866.0,2268,5,69,11897.0
1255.751,1116.2,1866.0,2268,5,69,11907.4
1255.868,1116.2,1866.0,2268,5,69,11918.2
1255.987,697.6,1866.0,2268,5,70,11926.0
1256.105,729.1,1866.0,2268,34,70,11931.6
1256.223,858.6,1866.0,2268,16,70,11937.0
1256.34,988.1,1866.0,2268,16,69,11944.1
1256.459,1117.6,1866.0,2268,8,69,11954.2
1256.577,699.0,1866.0,2268,9,72,11959.4
1256.696,860.0,1866.0,2268,50,70,11976.9
1256.814,989.5,1866.0,2268,50,70,12014.7
1256.933,989.5,1866.0,2268,6,69,12051.7
1257.051,1119.0,1866.0,2268,9,69,12081.7
1257.169,731.9,1866.0,2268,9,71,12100.5
1257.288,861.4,1866.0,2268,48,69,12136.0
1257.41,990.9,1866.0,2268,8,69,12114.6
1257.529,1120.4,1866.0,2268,7,69,12122.8
1257.647,1120.4,1866.0,2268,7,69,12160.4
1257.765,677.8,1866.0,2268,23,71,12207.5
1257.888,677.8,1866.0,2268,23,69,12320.3
1258.015,677.8,1866.0,2268,0,69,12410.5
1258.142,677.8,1866.0,2268,0,69,12503.9
1258.269,677.8,1866.0,2268,1,69,12608.5
1258.438,677.8,1866.0,2268,0,69,12685.3
1258.567,677.8,1866.0,2268,0,69,12773.3
1258.726,677.8,1866.0,2268,1,69,12848.4
1258.912,677.8,1866.0,2268,0,69,12898.1
1259.058,677.8,1866.0,2268,2,69,12954.3
1259.369,677.8,1866.0,2268,0,69,12963.0
1259.657,677.8,1866.0,2268,0,69,12968.9
1259.986,677.8,1866.0,2268,1,69,12976.5
1260.369,677.8,1866.0,2268,0,69,12979.5
1260.699,677.8,1866.0,2268,0,69,12983.0
1261.02,677.8,1866.0,2268,2,69,12984.7
1261.351,677.8,1866.0,2268,0,69,12983.9
1261.662,677.8,1866.0,2268,0,69,12898.0
1261.791,677.8,1866.0,2268,1,69,12796.3
1261.918,677.8,1866.0,2268,0,69,12590.5
1262.048,677.8,1866.0,2268,0,69,12328.1
1262.175,677.8,1866.0,2268,0,69,12415.9
1262.3,677.8,1866.0,2268,1,69,12477.2
1262.421,677.8,1866.0,2268,0,69,12540.3
1262.541,677.8,1866.0,2268,0,69,12594.7
1262.662,677.8,1866.0,2268,0,69,12646.6
1262.781,677.8,1866.0,2268,1,69,12689.7
1262.901,677.8,1866.0,2268,0,69,12804.2
1263.026,677.8,1866.0,2268,0,69,12901.3
1263.151,677.8,1866.0,2268,0,69,12996.6
1263.276,677.8,1866.0,2268,1,69,13092.6
1263.402,677.8,1866.0,2268,0,69,13157.1
1263.529,677.8,1866.0,2268,0,69,13164.4
1263.667,677.8,1866.0,2268,0,69,13211.1
1263.794,677.8,1866.0,2268,1,69,13185.9
1263.943,677.8,1866.0,2268,0,69,13128.3
1264.065,1123.7,1866.0,2268,18,69,13135.4
1264.184,703.6,1866.0,2268,18,71,13137.1
1264.302,1123.7,1866.0,2268,90,70,13139.8
1264.421,702.3,1866.0,2268,69,72,13140.3
1264.539,1150.5,1866.0,2268,69,70,13144.1
1264.657,700.9,1866.0,2268,73,75,13144.4
1264.775,699.5,1866.0,2268,83,72,13146.1
1264.893,860.6,1866.0,2268,83,73,13146.7
1265.012,698.2,1866.0,2268,83,74,13148.0
1265.13,859.2,1866.0,2268,83,72,13155.4
1265.248,1015.6,1866.0,2268,30,71,13162.0
1265.366,696.8,1866.0,2268,30,74,13163.4
1265.484,857.8,1866.0,2268,80,71,13176.6
1265.601,1116.8,1866.0,2268,14,70,13189.6
1265.72,695.4,1866.0,2268,32,72,13197.4
1265.838,727.0,1866.0,2268,32,72,13200.7
1265.956,986.0,1866.0,2268,58,70,13212.8
1266.073,1115.5,1866.0,2268,11,70,13226.0
1266.191,694.1,1866.0,2268,11,72,13235.7
1266.309,694.1,1866.0,2268,38,74,13237.5
1266.427,855.1,1866.0,2268,47,70,13244.5
1266.546,984.6,1866.0,2268,47,70,13255.6
1266.664,692.7,1866.0,2268,12,71,13262.8
1266.782,692.7,1866.0,2268,65,72,13266.3
1266.9,983.2,1866.0,2268,25,70,13277.9
1267.018,1112.7,1866.0,2268,25,70,13289.2
1267.136,691.3,1866.0,2268,13,72,13294.2
1267.253,694.8,1866.0,2268,76,72,13299.3
1267.376,981.8,1866.0,2268,12,70,13085.3
1267.5,1111.3,1866.0,2268,12,70,13097.8
1267.619,690.0,1866.0,2268,12,72,13104.1
1267.737,721.5,1866.0,2268,76,72,13113.9
1267.855,851.0,1866.0,2268,76,70,13133.1
1267.974,980.5,1866.0,2268,9,70,13148.5
1268.092,688.6,1866.0,2268,26,73,13153.9
1268.21,849.6,1866.0,2268,26,71,13159.9
1268.329,979.1,1866.0,2268,66,70,13172.0
1268.447,1108.6,1866.0,2268,16,70,13194.5
1268.565,687.2,1866.0,2268,58,74,13197.6
1268.683,848.2,1866.0,2268,58,71,13215.8
1268.801,977.7,1866.0,2268,28,70,13235.1
1268.919,729.6,1866.0,2268,16,71,13252.3
1269.037,685.9,1866.0,2268,16,72,13253.1
1269.155,1105.9,1866.0,2268,80,70,13268.4
1269.274,684.5,1866.0,2268,24,72,13280.8
1269.392,716.0,1866.0,2268,71,72,13292.7
1269.51,975.0,1866.0,2268,71,70,13309.5
1269.628,683.1,1866.0,2268,36,74,13310.1
1269.747,1103.1,1866.0,2268,76,71,13282.4
1269.866,681.8,1866.0,2268,76,73,13293.9
1269.985,688.8,1866.0,2268,63,72,13309.9
1270.103,842.8,1866.0,2268,22,70,13336.9
1270.221,972.3,1866.0,2268,22,70,13334.7
1270.341,711.4,1866.0,2268,15,70,12957.7
1270.46,680.4,1866.0,2268,54,73,12907.1
1270.579,841.4,1866.0,2268,32,70,12882.0
1270.705,970.9,1866.0,2268,32,70,12909.5
1270.823,1100.4,1866.0,2268,9,70,12937.9
1270.941,679.0,1866.0,2268,8,71,12956.7
1271.06,679.0,1866.0,2268,8,72,12962.1
1271.178,840.0,1866.0,2268,75,70,12985.3
1271.296,969.5,1866.0,2268,10,70,13013.7
1271.414,1099.0,1866.0,2268,9,70,13044.5
1271.532,677.7,1866.0,2268,9,72,13058.0
1271.65,684.7,1866.0,2268,51,72,13065.5
1271.768,838.7,1866.0,2268,36,70,13087.6
1271.886,968.2,1866.0,2268,36,70,13110.3
1272.004,676.3,1866.0,2268,11,72,13127.6
1272.123,676.3,1866.0,2268,61,72,13131.6
1272.241,837.3,1866.0,2268,28,70,13151.2
1272.36,1096.3,1866.0,2268,28,70,13167.1
1272.478,674.9,1866.0,2268,17,73,13173.2
1272.595,835.9,1866.0,2268,73,71,13184.1
1272.714,1094.9,1866.0,2268,73,70,13211.0
1272.832,1094.9,1866.0,2268,17,70,13251.9
1272.95,673.6,1866.0,2268,43,74,13254.4
1273.067,834.6,1866.0,2268,43,70,13305.1
1273.188,964.1,1866.0,2268,38,70,13350.3
1273.307,1093.6,1866.0,2268,13,70,13432.9
1273.427,672.2,1866.0,2268,38,73,13455.1
1273.547,703.7,1866.0,2268,38,71,13492.6
1273.667,833.2,1866.0,2268,46,70,13565.2
1273.795,962.7,1866.0,2268,3,70,13580.5
1274.044,1092.2,1866.0,2268,3,70,13546.0
1274.373,670.8,1866.0,2268,73,73,13536.3
1274.535,702.3,1866.0,2268,3,70,13487.9
1274.954,831.8,1866.0,2268,1,70,13423.7
1275.48,831.8,1866.0,2268,2,70,13373.3
1275.906,961.3,1866.0,2268,1,70,13332.2
1276.263,961.3,1866.0,2268,1,70,13286.7
1276.67,961.3,1866.0,2268,0,70,13233.1
1277.099,1090.8,1866.0,2268,2,70,13192.0
1277.468,1090.8,1866.0,2268,2,70,13123.4
1277.972,1090.8,1866.0,2268,2,70,13072.4
1278.411,669.5,1866.0,2268,68,71,13048.0
1278.673,701.0,1866.0,2268,0,70,12996.6
1279.104,830.5,1866.0,2268,1,70,12954.7
1279.467,830.5,1866.0,2268,2,70,12918.1
1279.805,960.0,1866.0,2268,1,70,12866.7
1280.22,960.0,1866.0,2268,4,70,12858.4
1280.484,960.0,1866.0,2268,1,70,12752.5
1281.102,1089.5,1866.0,2268,1,70,12701.9
1281.549,1089.5,1866.0,2268,2,70,12657.3
1281.961,1089.5,1866.0,2268,2,75,12615.4
1282.337,675.1,1866.0,2268,1,70,12571.1
1282.699,829.1,1866.0,2268,3,70,12533.3
1282.819,958.6,1866.0,2268,7,70,12600.2
1282.942,958.6,1866.0,2268,2,70,12588.6
1283.256,1088.1,1866.0,2268,1,70,12556.6
1283.586,1088.1,1866.0,2268,1,70,12521.3
1283.95,642.9,1866.0,2268,59,75,12511.2
1284.092,638.0,1866.0,2268,59,71,12509.0
1284.219,822.4,1866.0,2268,19,71,12512.9
1284.342,823.9,1866.0,2268,51,72,12502.7
1284.465,825.3,1866.0,2268,93,73,12493.0
1284.587,826.8,1866.0,2268,93,73,12482.5
1284.711,698.7,1866.0,2268,92,74,12144.0
1284.839,672.2,1866.0,2268,88,73,12130.7
1284.977,831.1,1866.0,2268,92,73,12131.0
1285.095,675.1,1866.0,2268,92,74,12131.1
1285.216,673.0,1866.0,2268,88,75,12131.3
1285.335,674.5,1866.0,2268,90,75,12131.5
1285.455,675.9,1866.0,2268,94,75,12131.7
1285.573,677.4,1866.0,2268,94,75,12132.1
1285.692,1097.4,1866.0,2268,81,72,12140.8
1285.81,710.4,1866.0,2268,55,73,12153.0
1285.929,1098.9,1866.0,2268,55,71,12167.5
1286.048,841.3,1866.0,2268,30,74,12169.3
1286.166,1100.3,1866.0,2268,56,71,12188.0
1286.284,713.3,1866.0,2268,51,74,12195.0
1286.403,1101.8,1866.0,2268,51,71,12215.2
1286.523,683.2,1866.0,2268,24,74,12216.0
1286.643,973.7,1866.0,2268,54,71,12130.5
1286.764,684.7,1866.0,2268,54,71,12000.8
1286.884,845.7,1866.0,2268,43,72,11883.6
1287.002,975.2,1866.0,2268,16,71,11901.1
1287.121,1104.7,1866.0,2268,12,71,11916.5
1287.239,686.1,1866.0,2268,12,74,11921.7
1287.357,847.1,1866.0,2268,49,71,11936.0
1287.475,976.6,1866.0,2268,9,71,11949.8
1287.593,1106.1,1866.0,2268,9,71,11961.5
1287.712,687.6,1866.0,2268,12,74,11969.3
1287.83,848.6,1866.0,2268,45,71,11982.6
1287.949,978.1,1866.0,2268,45,71,11996.0
1288.067,1107.6,1866.0,2268,9,71,12008.6
1288.185,1107.6,1866.0,2268,9,70,12018.5
1288.303,720.5,1866.0,2268,47,72,12023.2
1288.421,979.5,1866.0,2268,47,71,12031.6
1288.539,979.5,1866.0,2268,10,71,12046.5
1288.658,1109.0,1866.0,2268,9,70,12060.9
1288.777,690.5,1866.0,2268,9,72,12066.8
1288.896,851.5,1866.0,2268,47,71,12080.2
1289.014,981.0,1866.0,2268,9,70,12095.2
1289.132,1110.5,1866.0,2268,9,70,12111.6
1289.251,691.9,1866.0,2268,9,70,12123.0
1289.369,852.9,1866.0,2268,41,71,12133.9
1289.487,852.9,1866.0,2268,13,71,12150.6
1289.605,982.4,1866.0,2268,13,70,12166.3
1289.722,1111.9,1866.0,2268,11,70,12180.9
1289.84,693.4,1866.0,2268,33,73,12187.4
1289.958,854.4,1866.0,2268,33,71,12202.6
1290.077,694.8,1866.0,2268,24,71,12208.5
1290.195,1114.8,1866.0,2268,60,71,12207.1
1290.315,857.3,1866.0,2268,66,72,12152.8
1290.435,697.7,1866.0,2268,66,73,12153.8
1290.554,988.2,1866.0,2268,61,71,12159.7
1290.674,699.2,1866.0,2268,48,74,12151.5
1290.795,989.7,1866.0,2268,48,71,12149.8
1290.913,700.6,1866.0,2268,33,73,12170.5
1291.031,861.6,1866.0,2268,50,71,12188.0
1291.149,1120.6,1866.0,2268,16,71,12208.6
1291.267,676.9,1866.0,2268,16,71,12229.9
1291.384,678.1,1866.0,2268,38,71,12300.5
1291.51,678.1,1866.0,2268,8,71,12411.7
1291.639,678.1,1866.0,2268,1,70,12486.8
1291.772,678.1,1866.0,2268,1,70,12556.6
1291.903,678.1,1866.0,2268,0,70,12623.9
1292.031,678.1,1866.0,2268,0,70,12700.1
1292.164,678.1,1866.0,2268,1,70,12773.8
1292.313,678.1,1866.0,2268,0,70,12788.4
1292.441,678.1,1866.0,2268,0,70,12716.3
1292.577,678.1,1866.0,2268,0,70,12802.8
1292.713,678.1,1866.0,2268,1,70,12878.9
1292.84,678.1,1866.0,2268,0,70,12925.8
1293.094,678.1,1866.0,2268,1,70,12944.5
1293.394,678.1,1866.0,2268,0,71,12963.2
1293.713,678.1,1866.0,2268,0,70,12982.5
1294.024,678.1,1866.0,2268,2,71,12995.7
1294.352,678.1,1866.0,2268,0,71,13012.0
1294.669,678.1,1866.0,2268,2,71,13026.3
1294.906,678.1,1866.0,2268,0,70,12978.1
1295.053,678.1,1866.0,2268,0,71,12677.9
1295.175,678.1,1866.0,2268,1,71,12733.6
1295.302,678.1,1866.0,2268,1,70,12673.0
1295.429,678.1,1866.0,2268,0,71,12695.8
1295.557,678.1,1866.0,2268,0,71,12717.2
1295.685,678.1,1866.0,2268,1,71,12705.7
1295.807,678.1,1866.0,2268,1,71,12730.0
1295.927,678.1,1866.0,2268,0,71,12762.1
1296.046,678.1,1866.0,2268,0,71,12791.2
1296.166,678.1,1866.0,2268,1,71,12820.2
1296.285,678.1,1866.0,2268,1,71,12842.9
1296.408,678.1,1866.0,2268,0,71,12765.5
1296.534,678.1,1866.0,2268,0,71,12851.9
1296.659,678.1,1866.0,2268,1,71,12936.1
1296.785,678.1,1866.0,2268,1,71,13016.1
1296.912,678.1,1866.0,2268,1,71,13078.3
1297.039,678.1,1866.0,2268,0,71,13122.3
1297.167,678.1,1866.0,2268,1,71,13150.6
1297.294,678.1,1866.0,2268,1,71,13156.4
1297.427,678.1,1866.0,2268,0,71,13096.6
1297.548,1166.2,1866.0,2268,15,71,13108.9
1297.666,704.1,1866.0,2268,84,75,13110.3
1297.785,702.7,1886.0,2288,84,74,13114.1
1297.903,863.7,1886.0,2288,78,73,13115.9
1298.022,701.4,1886.0,2288,74,75,13117.3
1298.14,991.9,1886.0,2288,74,72,13119.5
1298.259,700.0,1886.0,2288,66,76,13120.6
1298.377,1120.0,1886.0,2288,82,72,13123.7
1298.495,698.6,1886.0,2288,82,76,13123.8
1298.613,1600.4,1886.0,2288,82,72,13125.7
1298.731,697.2,1886.0,2288,68,75,13125.9
1298.849,695.8,1886.0,2288,73,74,13127.1
1298.967,727.4,1886.0,2288,73,73,13132.5
1299.086,856.9,1886.0,2288,61,72,13146.8
1299.204,986.4,1886.0,2288,10,71,13162.1
1299.322,1115.9,1886.0,2288,10,71,13178.5
1299.441,694.5,1886.0,2288,8,75,13183.4
1299.559,855.5,1886.0,2288,77,72,13189.5
1299.678,985.0,1886.0,2288,11,71,13198.6
1299.796,985.0,1886.0,2288,11,71,13213.5
1299.914,1114.5,1886.0,2288,8,71,13228.0
1300.032,693.1,1886.0,2288,39,74,13231.3
1300.15,724.6,1886.0,2288,39,72,13240.6
1300.267,854.1,1886.0,2288,45,71,13254.6
1300.385,983.6,1886.0,2288,9,71,13267.5
1300.503,1113.1,1886.0,2288,8,71,13280.6
1300.621,691.7,1886.0,2288,8,74,13285.4
1300.74,698.7,1886.0,2288,68,72,13292.7
1300.86,852.7,1886.0,2288,17,71,13096.7
1300.979,982.2,1886.0,2288,17,71,13109.9
1301.097,1111.7,1886.0,2288,8,71,13122.2
1301.215,690.3,1886.0,2288,36,75,13126.2
1301.333,851.3,1886.0,2288,36,72,13140.1
1301.451,851.3,1886.0,2288,49,71,13159.3
1301.569,980.8,1886.0,2288,7,71,13176.3
1301.687,1142.4,1886.0,2288,16,71,13188.1
1301.805,689.0,1886.0,2288,16,74,13188.4
1301.922,850.0,1886.0,2288,74,71,13201.6
1302.041,1109.0,1886.0,2288,15,71,13218.7
1302.159,731.6,1886.0,2288,15,71,13238.5
1302.276,687.6,1886.0,2288,31,74,13239.8
1302.393,848.6,1886.0,2288,54,71,13262.6
1302.511,1107.6,1886.0,2288,54,71,13281.2
1302.63,686.2,1886.0,2288,16,73,13291.4
1302.748,847.2,1886.0,2288,70,73,13293.6
1302.866,1106.2,1886.0,2288,35,71,13207.5
1302.984,684.8,1886.0,2288,35,74,13216.9
1303.102,845.8,1886.0,2288,67,72,13231.1
1303.22,1104.8,1886.0,2288,27,71,13244.5
1303.339,683.5,1886.0,2288,27,75,13244.8
1303.458,1103.5,1886.0,2288,79,71,13252.1
1303.576,682.1,1886.0,2288,30,74,13266.4
1303.695,843.1,1886.0,2288,78,72,13266.0
1303.815,1583.9,1886.0,2288,78,72,13269.4
1303.935,680.7,1886.0,2288,51,74,13264.7
1304.056,1100.7,1886.0,2288,51,71,13265.6
1304.176,679.3,1886.0,2288,51,75,13260.4
1304.296,969.8,1886.0,2288,74,72,13257.1
1304.417,677.9,1886.0,2288,31,73,13252.4
1304.537,709.5,1886.0,2288,77,73,13245.2
1304.658,1134.7,1886.0,2288,77,72,13243.1
1304.778,676.6,1886.0,2288,54,74,13234.5
1304.898,1096.6,1886.0,2288,55,71,13231.9
1305.018,675.2,1886.0,2288,55,75,13224.7
1305.138,836.2,1886.0,2288,67,72,13222.9
1305.258,1095.2,1886.0,2288,35,71,13250.8
1305.378,673.8,1886.0,2288,65,76,13242.9
1305.497,834.8,1886.0,2288,65,72,13305.2
1305.617,964.3,1886.0,2288,20,71,13384.2
1305.738,1093.8,1886.0,2288,10,71,13434.1
1305.86,672.4,1886.0,2288,10,72,13470.0
1305.98,672.4,1886.0,2288,26,73,13472.6
1306.101,833.4,1886.0,2288,6,71,13473.0
1306.433,833.4,1886.0,2288,1,71,13443.0
1306.724,962.9,1886.0,2288,1,71,13403.7
1307.143,962.9,1886.0,2288,1,71,13352.7
1307.596,1092.4,1886.0,2288,2,74,13316.8
1307.959,702.6,1886.0,2288,1,71,13269.6
1308.423,832.1,1886.0,2288,1,71,13225.5
1308.828,832.1,1886.0,2288,1,71,13166.2
1309.282,961.6,1886.0,2288,0,71,13117.9
1309.716,961.6,1886.0,2288,1,71,13061.0
1310.173,961.6,1886.0,2288,1,71,13015.2
1310.587,1091.1,1886.0,2288,1,70,12970.7
1311.005,1091.1,1886.0,2288,3,70,12919.8
1311.465,1091.1,1886.0,2288,1,70,12919.7
1311.714,669.7,1886.0,2288,69,71,12897.2
1311.938,701.2,1886.0,2288,23,70,12874.1
1312.085,830.7,1886.0,2288,5,70,12852.6
1312.276,960.2,1886.0,2288,6,70,12904.1
1312.5,1089.7,1886.0,2288,2,70,12901.5
1312.769,1089.7,1886.0,2288,1,70,12857.5
1313.164,1089.7,1886.0,2288,1,70,12813.2
1313.578,668.3,1886.0,2288,43,71,12788.4
1313.852,829.3,1886.0,2288,38,70,12762.3
1314.0,958.8,1886.0,2288,7,70,12488.8
1314.121,958.8,1886.0,2288,3,70,12476.1
1314.242,958.8,1886.0,2288,1,70,12462.3
1314.363,958.8,1886.0,2288,1,70,12450.6
1314.483,958.8,1886.0,2288,0,70,12436.9
1314.604,958.8,1886.0,2288,0,70,12424.4
1314.726,958.8,1886.0,2288,1,70,12410.4
1314.848,958.8,1886.0,2288,1,70,12397.8
1314.969,958.8,1886.0,2288,0,70,12384.6
1315.09,958.8,1886.0,2288,0,70,12371.9
1315.21,958.8,1886.0,2288,0,70,12359.5
1315.331,958.8,1886.0,2288,1,70,12345.9
1315.452,958.8,1886.0,2288,0,70,12332.5
1315.572,958.8,1886.0,2288,0,70,12318.9
1315.693,958.8,1886.0,2288,0,70,12305.9
1315.813,958.8,1886.0,2288,1,70,12291.2
1315.934,958.8,1886.0,2288,0,70,12278.2
1316.055,958.8,1886.0,2288,0,70,12264.3
1316.176,958.8,1886.0,2288,0,70,12250.0
1316.297,958.8,1886.0,2288,1,70,12235.5
1316.417,958.8,1886.0,2288,0,70,12221.5
1316.539,958.8,1886.0,2288,0,70,12208.1
1316.659,958.8,1886.0,2288,0,70,12195.4
1316.78,958.8,1886.0,2288,1,70,12183.8
1316.901,958.8,1886.0,2288,0,70,12170.7
1317.022,958.8,1886.0,2288,0,70,12158.7
1317.143,1088.3,1886.0,2288,1,70,12144.8
1317.265,1088.3,1886.0,2288,1,70,12132.4
1317.386,1088.3,1886.0,2288,1,70,12117.0
1317.509,1088.3,1886.0,2288,0,70,12100.0
1317.63,1088.3,1886.0,2288,0,70,12091.0
1317.752,1088.3,1886.0,2288,3,70,11898.2
1317.875,643.1,1886.0,2288,3,71,11815.1
1317.993,641.0,1886.0,2288,44,73,11807.0
1318.111,1082.7,1886.0,2288,49,71,11815.6
1318.229,954.6,1886.0,2288,49,72,11816.2
1318.349,956.1,1886.0,2288,87,73,11816.9
1318.468,698.5,1886.0,2288,91,73,11821.7
1318.589,668.5,1886.0,2288,77,75,11826.1
1318.708,829.5,1886.0,2288,77,71,11844.3
1318.829,959.0,1886.0,2288,13,71,11856.2
1318.948,1088.5,1886.0,2288,10,71,11881.4
1319.067,669.9,1886.0,2288,10,74,11889.0
1319.185,960.4,1886.0,2288,48,71,11899.0
1319.304,1089.9,1886.0,2288,19,71,11921.5
1319.422,832.4,1886.0,2288,50,72,11924.4
1319.54,1091.4,1886.0,2288,50,71,11930.5
1319.659,676.3,1886.0,2288,30,73,11934.1
1319.778,1092.8,1886.0,2288,46,71,11941.4
1319.897,681.3,1886.0,2288,46,72,11944.5
1320.016,964.8,1886.0,2288,54,71,11917.6
1320.135,675.7,1886.0,2288,31,74,11851.3
1320.254,966.2,1886.0,2288,44,71,11859.9
1320.372,677.2,1886.0,2288,44,71,11867.3
1320.491,838.2,1886.0,2288,54,72,11876.0
1320.609,1097.2,1886.0,2288,20,71,11883.9
1320.728,969.1,1886.0,2288,20,73,11885.6
1320.846,680.1,1886.0,2288,66,74,11891.2
1320.964,970.6,1886.0,2288,50,71,11906.0
1321.083,713.1,1886.0,2288,50,73,11908.6
1321.202,972.1,1886.0,2288,64,71,11923.0
1321.322,683.0,1886.0,2288,17,72,11937.6
1321.44,844.0,1886.0,2288,47,71,11952.6
1321.558,973.5,1886.0,2288,47,71,11969.2
1321.677,1103.0,1886.0,2288,15,71,11986.6
1321.795,845.5,1886.0,2288,47,72,11994.2
1321.913,975.0,1886.0,2288,47,71,12006.0
1322.031,1104.5,1886.0,2288,14,71,12026.0
1322.149,685.9,1886.0,2288,22,74,12035.2
1322.267,846.9,1886.0,2288,33,71,12055.7
1322.386,846.9,1886.0,2288,33,70,12073.0
1322.504,976.4,1886.0,2288,8,70,12078.9
1322.624,687.4,1886.0,2288,39,74,11970.2
1322.742,848.4,1886.0,2288,39,71,11987.1
1322.86,977.9,1886.0,2288,21,71,12002.3
1322.978,977.9,1886.0,2288,8,70,12016.5
1323.096,1108.8,1886.0,2288,18,70,12027.7
1323.215,720.3,1886.0,2288,18,72,12036.2
1323.333,849.8,1886.0,2288,37,71,12050.0
1323.451,979.3,1886.0,2288,8,70,12063.3
1323.569,1108.8,1886.0,2288,8,70,12076.4
1323.688,690.3,1886.0,2288,9,71,12084.3
1323.806,851.3,1886.0,2288,45,71,12090.3
1323.925,851.3,1886.0,2288,45,70,12099.9
1324.044,980.8,1886.0,2288,10,70,12051.8
1324.163,1110.3,1886.0,2288,9,70,11971.3
1324.284,691.7,1886.0,2288,45,74,11976.1
1324.402,852.7,1886.0,2288,45,71,11990.8
1324.52,982.2,1886.0,2288,9,70,12007.9
1324.638,1111.7,1886.0,2288,9,70,12024.5
1324.756,1111.7,1886.0,2288,9,70,12046.8
1324.874,693.2,1886.0,2288,7,72,12068.0
1324.993,854.2,1886.0,2288,45,70,12118.2
1325.111,983.7,1886.0,2288,9,70,11974.6
1325.236,1113.2,1886.0,2288,9,70,12022.2
1325.358,1113.2,1886.0,2288,6,70,11930.0
1325.477,694.6,1886.0,2288,9,72,11926.8
1325.595,855.6,1886.0,2288,9,71,11965.8
1325.714,855.6,1886.0,2288,42,70,11984.4
1325.833,985.1,1886.0,2288,5,70,11988.6
1325.952,985.1,1886.0,2288,5,70,11989.5
1326.071,1114.6,1886.0,2288,5,70,11989.5
1326.191,696.1,1886.0,2288,24,72,11978.0
1326.309,986.6,1886.0,2288,38,70,12002.0
1326.427,1116.1,1886.0,2288,38,70,12018.6
1326.545,697.5,1886.0,2288,12,73,12037.7
1326.663,858.5,1886.0,2288,47,71,12056.4
1326.781,1117.5,1886.0,2288,47,70,12069.6
1326.899,699.0,1886.0,2288,15,71,12072.2
1327.018,860.0,1886.0,2288,48,71,12070.4
1327.136,1119.0,1886.0,2288,20,70,12080.1
1327.254,700.4,1886.0,2288,20,73,12059.2
1327.373,861.4,1886.0,2288,48,70,12081.8
1327.491,990.9,1886.0,2288,8,70,12113.5
1327.61,1120.4,1886.0,2288,8,70,12107.8
1327.728,1120.4,1886.0,2288,9,70,12121.8
1327.847,701.9,1886.0,2288,3,71,12018.3
1327.967,705.4,1886.0,2288,43,71,12004.4
1328.087,862.9,1886.0,2288,43,70,11993.4
1328.206,862.9,1886.0,2288,4,70,12029.8
1328.325,992.4,1886.0,2288,7,70,12051.5
1328.443,1121.9,1886.0,2288,7,70,12104.4
1328.561,1121.9,1886.0,2288,7,70,12144.3
1328.679,678.0,1886.0,2288,13,73,12175.5
1328.797,679.4,1886.0,2288,34,70,12239.8
1328.923,679.4,1886.0,2288,34,70,12092.4
1329.05,679.4,1886.0,2288,0,70,11969.6
1329.176,679.4,1886.0,2288,1,70,12063.6
1329.302,679.4,1886.0,2288,0,70,12161.6
1329.429,679.4,1886.0,2288,0,70,12250.2
1329.555,679.4,1886.0,2288,0,70,12368.6
1329.681,679.4,1886.0,2288,1,70,12470.6
1329.808,679.4,1886.0,2288,0,70,12527.7
1329.934,679.4,1886.0,2288,0,70,12543.5
1330.062,679.4,1886.0,2288,0,70,12495.1
1330.189,679.4,1886.0,2288,1,70,12587.9
1330.314,679.4,1886.0,2288,0,70,12698.1
1330.44,679.4,1886.0,2288,0,70,12765.8
1330.567,679.4,1886.0,2288,0,70,12720.9
1330.694,679.4,1886.0,2288,1,70,12739.6
1330.82,679.4,1886.0,2288,0,70,12766.5
1330.96,679.4,1886.0,2288,0,70,12866.3
1331.086,679.4,1886.0,2288,0,70,12942.4
1331.224,679.4,1886.0,2288,1,70,13042.3
1331.35,679.4,1886.0,2288,0,70,13138.4
1331.476,679.4,1886.0,2288,0,70,13184.4
1331.595,679.4,1886.0,2288,0,70,13257.2
1331.719,679.4,1886.0,2288,1,70,13257.2
1331.848,679.4,1886.0,2288,0,70,13257.2
1331.976,679.4,1886.0,2288,0,70,13257.2
1332.105,866.3,1886.0,2288,0,70,13200.9
1332.225,705.3,1886.0,2288,37,74,13202.8
1332.343,1125.3,1886.0,2288,82,71,13205.3
1332.462,703.9,1886.0,2288,82,75,13205.6
1332.58,702.5,1886.0,2288,87,72,13208.9
1332.7,702.5,1886.0,2288,75,74,13209.5
1332.819,701.0,1886.0,2288,71,71,13202.2
1332.939,701.0,1886.0,2288,71,72,13192.4
1333.059,699.6,1886.0,2288,78,72,13186.7
1333.178,731.1,1886.0,2288,83,73,13179.4
1333.298,698.2,1886.0,2288,83,73,13174.6
1333.418,859.2,1886.0,2288,59,73,13165.4
1333.538,696.8,1886.0,2288,61,74,13238.4
1333.657,696.8,1886.0,2288,80,73,13233.6
1333.777,857.8,1886.0,2288,80,71,13243.0
1333.898,987.3,1886.0,2288,10,71,13253.4
1334.018,701.8,1886.0,2288,9,71,13257.7
1334.137,695.4,1886.0,2288,9,74,13250.1
1334.257,856.4,1886.0,2288,79,71,13251.5
1334.376,985.9,1886.0,2288,11,71,13260.5
1334.495,1115.4,1886.0,2288,10,71,13270.4
1334.614,693.9,1886.0,2288,10,75,13261.2
1334.735,854.9,1886.0,2288,78,72,13268.6
1334.855,984.4,1886.0,2288,15,71,13276.7
1334.975,1113.9,1886.0,2288,15,71,13284.2
1335.095,692.5,1886.0,2288,9,74,13280.9
1335.215,724.0,1886.0,2288,72,72,13279.9
1335.335,853.5,1886.0,2288,13,71,13289.3
1335.454,983.0,1886.0,2288,13,71,13297.6
1335.574,703.0,1886.0,2288,9,72,13300.7
1335.693,691.1,1886.0,2288,68,74,13294.6
1335.813,852.1,1886.0,2288,68,71,13310.0
1335.933,981.6,1886.0,2288,19,71,13322.2
1336.053,1144.0,1886.0,2288,11,71,13326.6
1336.172,689.7,1886.0,2288,78,74,13319.6
1336.293,850.7,1886.0,2288,78,71,13325.9
1336.415,1109.7,1886.0,2288,15,71,13338.3
1336.535,688.3,1886.0,2288,26,74,13338.5
1336.655,849.3,1886.0,2288,62,72,13342.1
1336.774,978.8,1886.0,2288,62,71,13355.6
1336.894,686.8,1886.0,2288,17,72,13361.4
1337.024,847.8,1886.0,2288,76,74,13354.7
1337.145,1106.8,1886.0,2288,76,71,13359.2
1337.272,685.4,1886.0,2288,20,76,13354.8
1337.419,846.4,1886.0,2288,76,72,13351.3
1337.584,684.0,1886.0,2288,17,74,13342.3
1337.715,974.5,1886.0,2288,83,72,13334.8
1337.843,682.6,1886.0,2288,69,76,13326.1
1337.967,843.6,1886.0,2288,69,72,13324.7
1338.094,1130.2,1886.0,2288,38,73,13320.3
1338.234,681.1,1886.0,2288,60,73,13312.0
1338.355,971.7,1886.0,2288,38,72,13309.8
1338.489,679.7,1886.0,2288,61,75,13301.5
1338.617,840.7,1886.0,2288,61,72,13295.0
1338.756,1099.7,1886.0,2288,36,72,13290.7
1338.9,678.3,1886.0,2288,56,74,13279.5
1339.031,1098.3,1886.0,2288,42,72,13274.4
1339.18,676.9,1886.0,2288,60,72,13233.1
1339.449,1096.9,1886.0,2288,27,71,13223.2
1339.606,675.5,1886.0,2288,17,75,13215.8
1339.737,836.5,1886.0,2288,77,72,13209.6
1339.877,1095.5,1886.0,2288,2,71,13196.4
1340.136,674.0,1886.0,2288,74,75,13186.7
1340.32,835.0,1886.0,2288,1,71,13154.6
1340.67,835.0,1886.0,2288,4,71,13119.7
1341.033,964.5,1886.0,2288,3,71,13075.3
1341.441,964.5,1886.0,2288,3,71,13032.0
1341.813,1094.0,1886.0,2288,1,71,12995.1
1342.179,1094.0,1886.0,2288,53,74,12964.1
1342.531,833.6,1886.0,2288,6,71,12931.3
1342.882,963.1,1886.0,2288,1,71,12884.2
1343.311,963.1,1886.0,2288,1,71,12839.8
1343.715,671.2,1886.0,2288,35,74,12829.0
1343.896,832.2,1886.0,2288,1,71,12779.7
1344.335,832.2,1886.0,2288,1,71,12768.1
1344.466,832.2,1886.0,2288,1,71,12757.0
1344.601,961.7,1886.0,2288,2,71,12725.7
1344.863,961.7,1886.0,2288,1,71,12688.4
1345.25,1091.2,1886.0,2288,1,71,12643.5
1345.687,1091.2,1886.0,2288,4,71,12576.4
1345.84,669.8,1886.0,2288,4,76,12512.0
1345.961,830.8,1886.0,2288,74,72,12550.6
1346.082,960.3,1886.0,2288,9,71,12595.2
1346.203,1089.8,1886.0,2288,1,71,12621.0
1346.487,1089.8,1886.0,2288,2,71,12634.3
1346.751,1089.8,1886.0,2288,4,71,12612.7
1346.98,1089.8,1886.0,2288,0,71,12601.2
1347.113,1089.8,1886.0,2288,1,71,12585.0
1347.239,1089.8,1886.0,2288,1,71,12568.9
1347.361,668.3,1886.0,2288,39,75,12566.5
1347.49,668.3,1886.0,2288,39,72,12552.7
1347.612,699.9,1886.0,2288,36,71,12550.5
1347.734,699.9,1886.0,2288,2,71,12537.3
1347.86,699.9,1886.0,2288,0,71,12522.9
1347.982,699.9,1886.0,2288,0,71,12510.8
1348.104,829.4,1886.0,2288,0,71,12499.1
1348.226,829.4,1886.0,2288,1,71,12487.2
1348.348,829.4,1886.0,2288,1,71,12473.3
1348.47,829.4,1886.0,2288,0,71,12459.4
1348.593,829.4,1886.0,2288,2,71,12447.2
1348.715,829.4,1886.0,2288,4,71,12489.0
1348.836,829.4,1886.0,2288,4,71,12484.3
1348.958,958.9,1886.0,2288,2,71,12492.0
1349.098,958.9,1886.0,2288,3,71,12482.6
1349.268,1088.4,1886.0,2288,4,71,12438.6
1349.394,643.1,1886.0,2288,22,73,12476.4
1349.514,637.4,1886.0,2288,22,73,12477.9
1349.634,638.7,1886.0,2288,60,72,12484.4
1349.756,952.0,1886.0,2288,12,71,12412.3
1349.876,662.9,1886.0,2288,52,74,12132.5
1349.995,664.5,1886.0,2288,52,74,12133.3
1350.114,666.0,1886.0,2288,84,73,12133.5
1350.233,667.5,1886.0,2288,78,73,12134.1
1350.352,1087.5,1886.0,2288,78,73,12118.1
1350.472,830.0,1886.0,2288,68,74,12119.4
1350.591,670.5,1886.0,2288,77,75,12121.7
1350.71,1098.1,1886.0,2288,57,72,12125.6
1350.828,962.5,1886.0,2288,57,73,12129.0
1350.947,673.5,1886.0,2288,62,75,12130.9
1351.066,675.0,1886.0,2288,62,73,12134.3
1351.184,965.5,1886.0,2288,62,73,12137.5
1351.303,837.5,1886.0,2288,66,74,12139.1
1351.422,678.0,1886.0,2288,75,75,12140.7
1351.54,679.5,1886.0,2288,82,74,12141.5
1351.658,1099.5,1886.0,2288,82,72,12143.9
1351.776,971.5,1886.0,2288,72,73,12146.0
1351.895,682.5,1886.0,2288,64,75,12150.3
1352.014,843.6,1886.0,2288,64,72,12170.6
1352.132,1102.6,1886.0,2288,14,72,12184.7
1352.251,715.6,1886.0,2288,57,73,12190.6
1352.37,845.1,1886.0,2288,57,72,12203.4
1352.488,1104.1,1886.0,2288,10,71,12219.4
1352.607,685.6,1886.0,2288,13,73,12208.3
1352.726,846.6,1886.0,2288,46,72,12068.4
1352.845,846.6,1886.0,2288,46,71,12086.2
1352.963,976.1,1886.0,2288,7,71,12101.9
1353.081,1105.6,1886.0,2288,9,71,12117.0
1353.2,687.1,1886.0,2288,9,75,12123.5
1353.318,848.1,1886.0,2288,48,71,12138.0
1353.437,977.6,1886.0,2288,8,71,12151.6
1353.555,977.6,1886.0,2288,7,71,12166.1
1353.673,1107.1,1886.0,2288,7,71,12178.6
1353.791,720.1,1886.0,2288,33,73,12184.6
1353.909,849.6,1886.0,2288,23,71,12199.8
1354.027,979.1,1886.0,2288,23,71,12213.3
1354.145,1108.6,1886.0,2288,8,71,12227.1
1354.263,690.1,1886.0,2288,8,72,12235.1
1354.38,851.1,1886.0,2288,8,72,12240.9
1354.498,851.1,1886.0,2288,46,71,12243.0
1354.616,980.6,1886.0,2288,9,71,12242.1
1354.736,1110.1,1886.0,2288,10,71,11985.9
1354.855,698.6,1886.0,2288,10,72,11992.0
1354.973,852.6,1886.0,2288,46,71,12006.5
1355.091,982.1,1886.0,2288,8,71,12022.2
1355.209,1111.6,1886.0,2288,8,71,12038.5
1355.327,693.1,1886.0,2288,8,71,12047.8
1355.445,1113.1,1886.0,2288,53,72,12069.0
1355.562,1118.3,1886.0,2288,21,71,12150.8
1355.68,726.1,1886.0,2288,21,72,12183.8
1355.798,855.6,1886.0,2288,43,71,12234.0
1355.916,1114.6,1886.0,2288,13,71,12165.8
1356.036,696.1,1886.0,2288,13,74,11857.6
1356.154,857.1,1886.0,2288,50,71,11897.8
1356.272,1116.1,1886.0,2288,14,71,11937.5
1356.39,697.6,1886.0,2288,49,74,11958.1
1356.508,988.1,1886.0,2288,49,71,12006.5
1356.626,1117.6,1886.0,2288,14,71,12060.0
1356.744,699.1,1886.0,2288,50,73,12083.5
1356.862,989.6,1886.0,2288,50,71,12130.7
1356.981,1119.1,1886.0,2288,16,71,12169.2
1357.099,861.6,1886.0,2288,49,72,12044.7
1357.221,991.1,1886.0,2288,11,71,12093.3
1357.351,1120.6,1886.0,2288,11,71,12161.7
1357.469,702.1,1886.0,2288,19,74,12183.5
1357.589,863.1,1886.0,2288,38,71,12188.8
1357.711,863.1,1886.0,2288,38,71,12188.3
1357.831,863.1,1886.0,2288,3,71,12205.5
1357.949,992.6,1886.0,2288,6,71,12229.3
1358.068,992.6,1886.0,2288,5,71,12252.4
1358.186,1122.1,1886.0,2288,5,71,12239.7
1358.304,678.3,1886.0,2288,7,74,12136.6
1358.422,679.8,1886.0,2288,42,71,12244.3
1358.549,679.8,1886.0,2288,42,71,12357.9
1358.675,679.8,1886.0,2288,0,71,12454.1
1358.8,679.8,1886.0,2288,1,71,12548.0
1358.927,679.8,1886.0,2288,0,71,12468.5
1359.055,679.8,1886.0,2288,0,71,12491.1
1359.184,679.8,1886.0,2288,0,71,12571.6
1359.311,679.8,1886.0,2288,1,71,12556.9
1359.439,679.8,1886.0,2288,0,71,12630.6
1359.577,679.8,1886.0,2288,0,71,12711.8
1359.708,679.8,1886.0,2288,0,71,12788.4
1359.834,679.8,1886.0,2288,1,71,12866.1
1359.962,679.8,1886.0,2288,0,71,12959.7
1360.09,679.8,1886.0,2288,0,71,13034.0
1360.218,679.8,1886.0,2288,0,71,13115.9
1360.351,679.8,1886.0,2288,1,71,13198.3
1360.48,679.8,1886.0,2288,0,71,13266.0
1360.613,679.8,1886.0,2288,2,71,13317.7
1360.887,679.8,1886.0,2288,0,71,13328.4
1361.174,679.8,1886.0,2288,0,70,13319.9
1361.457,679.8,1886.0,2288,0,70,13325.9
1361.747,679.8,1886.0,2288,0,70,13326.1
1362.071,679.8,1886.0,2288,0,70,13325.2
1362.299,679.8,1886.0,2288,2,70,13325.5
1362.49,679.8,1886.0,2288,0,70,13317.6
1362.725,679.8,1886.0,2288,1,70,13309.2
1362.972,679.8,1886.0,2288,0,70,13270.6
1363.258,679.8,1886.0,2288,2,70,13268.6
1363.451,679.8,1886.0,2288,2,70,13219.1
1363.876,679.8,1886.0,2288,2,70,12835.2
1364.009,679.8,1886.0,2288,0,70,12610.3
1364.133,679.8,1886.0,2288,0,70,12547.4
1364.26,679.8,1886.0,2288,1,70,12641.5
1364.386,679.8,1886.0,2288,1,70,12734.9
1364.512,679.8,1886.0,2288,0,70,12827.6
1364.638,679.8,1886.0,2288,0,70,12903.5
1364.765,679.8,1886.0,2288,3,70,12980.1
1364.891,679.8,1886.0,2288,3,70,13039.0
1365.018,679.8,1886.0,2288,0,70,13040.8
1365.146,679.8,1886.0,2288,1,70,12978.3
1365.273,705.8,1886.0,2288,48,71,12991.7
1365.391,866.8,1886.0,2288,48,73,12995.4
1365.509,704.4,1886.0,2288,77,75,13026.0
1365.628,994.9,1886.0,2288,86,73,13029.6
1365.749,702.9,1886.0,2288,86,76,13031.6
1365.867,701.5,1886.0,2288,91,73,13033.1
1365.985,701.5,1886.0,2288,81,75,13033.9
1366.104,700.1,1886.0,2288,74,74,13035.9
1366.222,861.1,1886.0,2288,74,74,13039.9
1366.341,698.6,1886.0,2288,63,74,13049.9
1366.46,859.6,1886.0,2288,84,73,13051.3
1366.579,697.2,1886.0,2288,84,75,13054.6
1366.698,728.7,1886.0,2288,71,73,13061.4
1366.816,858.2,1886.0,2288,33,72,13076.7
1366.935,987.7,1886.0,2288,8,71,13092.3
1367.052,1117.2,1886.0,2288,8,71,13108.1
1367.171,695.8,1886.0,2288,8,73,13117.1
1367.288,695.8,1886.0,2288,77,73,13121.7
1367.407,856.8,1886.0,2288,77,71,13131.7
1367.524,986.3,1886.0,2288,9,71,13144.3
1367.642,1115.8,1886.0,2288,8,71,13160.8
1367.76,1115.8,1886.0,2288,8,71,13174.2
1367.878,694.3,1886.0,2288,14,75,13174.7
1367.996,855.3,1886.0,2288,69,72,13190.9
1368.114,984.8,1886.0,2288,9,71,13211.0
1368.232,984.8,1886.0,2288,9,71,13224.8
1368.35,1114.3,1886.0,2288,7,71,13240.7
1368.467,692.9,1886.0,2288,19,73,13246.7
1368.585,696.4,1886.0,2288,19,73,13206.8
1368.703,853.9,1886.0,2288,64,71,13116.6
1368.822,983.4,1886.0,2288,8,71,13142.8
1368.94,983.4,1886.0,2288,7,71,13161.3
1369.057,1315.7,1886.0,2288,7,71,13176.7
1369.175,691.5,1886.0,2288,44,74,13178.7
1369.293,852.5,1886.0,2288,41,71,13213.7
1369.411,852.5,1886.0,2288,41,71,13240.1
1369.53,982.0,1886.0,2288,7,71,13270.5
1369.648,1111.5,1886.0,2288,10,71,13236.8
1369.766,690.0,1886.0,2288,10,74,13152.1
1369.885,851.0,1886.0,2288,77,72,13147.5
1370.003,980.5,1886.0,2288,10,71,13170.8
1370.121,1110.0,1886.0,2288,13,71,13203.4
1370.239,688.6,1886.0,2288,13,74,13228.0
1370.357,849.6,1886.0,2288,68,72,13244.9
1370.475,849.6,1886.0,2288,15,71,13290.2
1370.593,1108.6,1886.0,2288,15,71,13169.0
1370.717,687.2,1886.0,2288,17,74,13147.8
1370.835,848.2,1886.0,2288,75,72,13155.7
1370.953,977.7,1886.0,2288,14,71,13177.5
1371.07,1107.2,1886.0,2288,14,71,13204.8
1371.188,685.7,1886.0,2288,29,75,13205.9
1371.306,846.7,1886.0,2288,59,71,13230.1
1371.424,1105.7,1886.0,2288,59,71,13249.6
1371.541,684.3,1886.0,2288,20,75,13254.1
1371.659,845.3,1886.0,2288,80,72,13267.6
1371.777,1587.0,1886.0,2288,80,72,13284.3
1371.894,682.9,1886.0,2288,31,74,13245.9
1372.014,843.9,1886.0,2288,64,71,13092.5
1372.133,973.4,1886.0,2288,12,71,13121.0
1372.251,1102.9,1886.0,2288,12,71,13168.3
1372.369,681.4,1886.0,2288,10,74,13193.5
1372.486,712.9,1886.0,2288,75,72,13212.9
1372.604,842.4,1886.0,2288,75,71,13251.9
1372.723,1101.4,1886.0,2288,11,71,13236.8
1372.841,680.0,1886.0,2288,20,74,13043.0
1372.959,711.5,1886.0,2288,69,72,13073.8
1373.077,841.0,1886.0,2288,69,71,13124.8
1373.196,970.5,1886.0,2288,10,71,13172.2
1373.315,1100.0,1886.0,2288,9,71,13217.7
1373.433,678.6,1886.0,2288,9,74,13231.3
1373.551,710.1,1886.0,2288,61,72,13266.2
1373.669,969.1,1886.0,2288,24,71,13143.6
1373.788,1098.6,1886.0,2288,11,71,13161.3
1373.906,1098.6,1886.0,2288,11,71,13182.6
1374.025,677.1,1886.0,2288,39,74,13014.1
1374.143,838.1,1886.0,2288,46,71,13064.0
1374.262,967.6,1886.0,2288,46,71,13119.1
1374.38,967.6,1886.0,2288,9,71,13186.8
1374.498,1097.1,1886.0,2288,8,70,13246.3
1374.616,675.7,1886.0,2288,8,75,13249.8
1374.734,836.7,1886.0,2288,70,72,13305.9
1374.853,966.2,1886.0,2288,18,71,13330.5
1374.974,1095.7,1886.0,2288,13,71,13366.0
1375.096,674.3,1886.0,2288,13,74,13357.0
1375.216,835.3,1886.0,2288,76,71,13440.6
1375.337,964.8,1886.0,2288,9,71,13525.9
1375.459,1094.3,1886.0,2288,7,70,13567.0
1375.68,1094.3,1886.0,2288,1,70,13523.4
1376.119,1094.3,1886.0,2288,1,70,13476.9
1376.575,672.8,1886.0,2288,74,72,13462.5
1376.769,704.4,1886.0,2288,0,71,13419.9
1377.193,833.9,1886.0,2288,2,70,13380.0
1377.588,833.9,1886.0,2288,0,70,13321.0
1377.97,963.4,1886.0,2288,2,71,13277.3
1378.354,963.4,1886.0,2288,1,71,13230.2
1378.785,1092.9,1886.0,2288,3,71,13223.8
1379.077,1092.9,1886.0,2288,69,72,13172.4
1379.443,832.4,1886.0,2288,3,71,13127.7
1379.869,832.4,1886.0,2288,2,71,13083.0
1380.294,961.9,1886.0,2288,1,71,13032.6
1380.752,961.9,1886.0,2288,0,70,12992.0
1381.142,1091.4,1886.0,2288,1,71,12951.1
1381.512,1091.4,1886.0,2288,3,71,12908.2
1381.931,1091.4,1886.0,2288,75,72,12849.9
1382.34,831.0,1886.0,2288,3,71,12827.0
1382.627,831.0,1886.0,2288,3,71,12805.2
1382.75,960.5,1886.0,2288,7,71,12719.1
1382.875,1090.0,1886.0,2288,54,75,12764.8
1383.108,700.1,1886.0,2288,1,71,12730.2
1383.494,829.6,1886.0,2288,2,71,12695.2
1383.861,829.6,1886.0,2288,1,71,12657.6
1384.244,959.1,1886.0,2288,0,71,12597.2
1384.697,959.1,1886.0,2288,0,71,12549.9
1385.112,959.1,1886.0,2288,0,71,12499.6
1385.534,1088.6,1886.0,2288,1,71,12464.3
1385.895,1088.6,1886.0,2288,2,71,12414.1
1386.363,1088.6,1886.0,2288,2,71,12343.1
1386.533,643.4,1886.0,2288,53,74,11958.8
1386.674,664.4,1886.0,2288,59,72,11966.5
1386.798,666.0,1886.0,2288,59,72,11967.4
1386.917,956.5,1886.0,2288,92,73,11970.3
1387.036,958.1,1886.0,2288,79,73,11971.1
1387.155,830.2,1886.0,2288,79,75,11972.0
1387.275,670.8,1886.0,2288,81,76,11972.4
1387.393,672.4,1886.0,2288,76,74,11974.3
1387.511,674.1,1886.0,2288,77,73,11976.7
1387.628,964.6,1886.0,2288,77,72,11980.9
1387.747,679.2,1886.0,2288,64,74,11982.9
1387.866,677.3,1886.0,2288,59,73,11987.4
1387.983,967.8,1886.0,2288,59,72,11990.7
1388.102,710.4,1886.0,2288,63,74,11993.1
1388.22,680.5,1886.0,2288,66,75,11995.2
1388.337,1100.5,1886.0,2288,66,72,11998.3
1388.456,843.2,1886.0,2288,66,74,12002.4
1388.574,683.8,1886.0,2288,61,73,12004.8
1388.692,974.3,1886.0,2288,62,72,12009.8
1388.811,685.4,1886.0,2288,62,75,12015.2
1388.929,846.4,1886.0,2288,53,72,12034.2
1389.047,687.0,1886.0,2288,19,72,12041.1
1389.165,848.0,1886.0,2288,19,72,12050.2
1389.283,977.5,1886.0,2288,49,71,12062.3
1389.402,1107.0,1886.0,2288,13,71,12078.0
1389.52,688.6,1886.0,2288,47,75,12087.8
1389.638,849.6,1886.0,2288,47,72,12108.5
1389.756,979.1,1886.0,2288,8,71,12124.5
1389.875,1108.6,1886.0,2288,9,71,12140.0
1389.993,690.2,1886.0,2288,9,73,12146.7
1390.113,851.2,1886.0,2288,43,72,12161.2
1390.232,980.7,1886.0,2288,15,71,12179.9
1390.353,1110.2,1886.0,2288,9,71,12194.9
1390.478,691.8,1886.0,2288,9,74,12195.7
1390.598,852.9,1886.0,2288,48,72,12113.0
1390.719,982.4,1886.0,2288,10,71,12064.8
1390.837,1111.9,1886.0,2288,10,71,12079.1
1390.955,1111.9,1886.0,2288,7,71,12089.7
1391.073,725.0,1886.0,2288,43,72,12094.6
1391.191,854.5,1886.0,2288,12,71,12103.9
1391.309,984.0,1886.0,2288,12,71,12117.9
1391.428,1113.5,1886.0,2288,8,71,12134.5
1391.546,695.1,1886.0,2288,14,73,12143.6
1391.664,856.1,1886.0,2288,14,71,12155.8
1391.781,856.1,1886.0,2288,41,71,12170.4
1391.9,985.6,1886.0,2288,8,71,12185.1
1392.019,1115.1,1886.0,2288,12,71,12091.2
1392.138,857.7,1886.0,2288,12,73,12059.6
1392.258,1116.7,1886.0,2288,57,71,12087.6
1392.375,1116.7,1886.0,2288,7,71,12118.4
1392.494,859.3,1886.0,2288,7,72,12128.2
1392.612,699.9,1886.0,2288,57,71,12137.9
1392.73,860.9,1886.0,2288,55,72,12146.6
1392.849,701.5,1886.0,2288,55,71,12156.9
1392.967,862.6,1886.0,2288,37,72,12164.7
1393.085,1124.0,1886.0,2288,43,71,12178.1
1393.204,864.2,1886.0,2288,55,72,12186.0
1393.323,704.8,1886.0,2288,55,72,12142.1
1393.443,865.8,1886.0,2288,53,72,12101.9
1393.563,1124.8,1886.0,2288,23,71,12085.7
1393.683,706.4,1886.0,2288,23,74,12116.1
1393.802,867.4,1886.0,2288,48,71,12178.3
1393.922,996.9,1886.0,2288,9,71,12251.5
1394.041,1126.4,1886.0,2288,9,71,12336.9
1394.161,682.6,1886.0,2288,9,73,12250.3
1394.281,684.2,1886.0,2288,46,72,12135.2
1394.411,684.2,1886.0,2288,0,71,12250.7
1394.55,684.2,1886.0,2288,0,71,12336.9
1394.678,684.2,1886.0,2288,0,71,12416.1
1394.805,684.2,1886.0,2288,1,71,12493.9
1394.932,684.2,1886.0,2288,0,71,12567.5
1395.06,684.2,1886.0,2288,0,71,12651.1
1395.189,684.2,1886.0,2288,0,71,12741.5
1395.316,684.2,1886.0,2288,1,71,12819.3
1395.446,684.2,1886.0,2288,0,71,12890.2
1395.579,684.2,1886.0,2288,0,71,12966.6
1395.707,684.2,1886.0,2288,1,71,13042.0
1395.848,684.2,1886.0,2288,0,71,13087.6
1396.018,684.2,1886.0,2288,0,71,12890.6
1396.145,684.2,1886.0,2288,0,71,12826.1
1396.289,684.2,1886.0,2288,1,71,12848.2
1396.416,684.2,1886.0,2288,0,71,12860.6
1396.542,684.2,1886.0,2288,0,71,12918.8
1396.67,684.2,1886.0,2288,0,71,12962.4
1396.797,684.2,1886.0,2288,1,71,13016.9
1396.926,684.2,1886.0,2288,0,71,13059.9
1397.055,684.2,1886.0,2288,0,71,13138.1
1397.182,684.2,1886.0,2288,0,71,13192.3
1397.305,684.2,1886.0,2288,1,71,13207.8
1397.425,684.2,1886.0,2288,0,71,13224.0
1397.545,684.2,1886.0,2288,0,71,13242.9
1397.665,684.2,1886.0,2288,0,71,13260.5
1397.784,684.2,1886.0,2288,1,71,13275.8
1397.905,684.2,1886.0,2288,0,71,13347.6
1398.028,684.2,1886.0,2288,0,71,13371.2
1398.156,684.2,1886.0,2288,0,71,13293.9
1398.284,684.2,1886.0,2288,1,71,12899.0
1398.411,684.2,1886.0,2288,0,71,12907.3
1398.541,684.2,1886.0,2288,0,71,12907.8
1398.675,684.2,1886.0,2288,0,71,12907.8
1398.801,741.8,1886.0,2288,1,71,12854.8
1398.92,710.3,1886.0,2288,47,74,12836.6
1399.039,871.3,1886.0,2288,47,73,12859.9
1399.158,1130.3,1886.0,2288,64,72,12892.5
1399.277,708.7,1886.0,2288,22,75,12912.3
1399.395,869.7,1886.0,2288,79,73,12930.6
1399.514,1329.6,1886.0,2288,79,72,12954.8
1399.634,707.1,1886.0,2288,50,75,12955.5
1399.752,997.7,1886.0,2288,51,72,12989.0
1399.871,705.6,1886.0,2288,51,74,13009.4
1399.989,712.6,1886.0,2288,45,73,13016.2
1400.107,996.1,1886.0,2288,52,72,13041.6
1400.226,1125.6,1886.0,2288,15,71,13059.2
1400.344,704.0,1886.0,2288,15,75,13061.4
1400.462,865.0,1886.0,2288,76,72,13079.5
1400.58,1124.0,1886.0,2288,19,72,13107.4
1400.699,702.4,1886.0,2288,19,75,13112.4
1400.817,863.4,1886.0,2288,78,72,13139.4
1400.936,992.9,1886.0,2288,14,72,13182.4
1401.055,700.8,1886.0,2288,14,72,13203.1
1401.173,700.8,1886.0,2288,36,74,13207.1
1401.292,861.8,1886.0,2288,57,72,13222.8
1401.41,991.3,1886.0,2288,8,71,13243.2
1401.529,991.3,1886.0,2288,8,71,13260.1
1401.647,1120.8,1886.0,2288,7,71,13282.2
1401.766,699.2,1886.0,2288,47,76,13284.4
1401.884,860.2,1886.0,2288,47,72,13298.1
1402.002,860.2,1886.0,2288,39,71,13314.9
1402.121,989.7,1886.0,2288,8,71,13334.7
1402.24,1119.2,1886.0,2288,11,71,13348.7
1402.359,697.6,1886.0,2288,11,75,13340.2
1402.478,858.6,1886.0,2288,76,72,13350.0
1402.597,988.1,1886.0,2288,10,71,13362.4
1402.716,1117.6,1886.0,2288,10,71,13371.6
1402.836,696.0,1886.0,2288,10,74,13370.3
1402.955,703.1,1886.0,2288,74,73,13371.4
1403.074,857.1,1886.0,2288,11,72,13385.2
1403.193,986.6,1886.0,2288,11,71,13394.9
1403.312,1116.1,1886.0,2288,10,71,13408.0
1403.432,694.5,1886.0,2288,53,76,13399.4
1403.553,855.5,1886.0,2288,53,72,13415.4
1403.673,985.0,1886.0,2288,33,71,13429.9
1403.793,1114.5,1886.0,2288,12,71,13442.3
1403.913,692.9,1886.0,2288,61,76,13433.9
1404.032,853.9,1886.0,2288,61,72,13442.9
1404.152,983.4,1886.0,2288,28,71,13454.5
1404.272,704.8,1886.0,2288,13,73,13464.4
1404.392,691.3,1886.0,2288,13,74,13458.6
1404.512,852.3,1886.0,2288,77,72,13473.3
1404.632,689.7,1886.0,2288,22,75,13468.2
1404.752,850.7,1886.0,2288,84,73,13462.4
1404.872,688.1,1886.0,2288,84,75,13460.8
1404.992,849.1,1886.0,2288,65,73,13458.4
1405.112,1108.1,1886.0,2288,40,72,13471.5
1405.232,686.5,1886.0,2288,40,76,13461.9
1405.352,977.0,1886.0,2288,81,72,13476.2
1405.484,684.9,1886.0,2288,78,75,13472.8
1405.696,862.2,1886.0,2288,63,75,13461.7
1405.874,973.9,1886.0,2288,63,72,13453.3
1406.012,681.8,1886.0,2288,50,76,13444.9
1406.144,972.3,1886.0,2288,82,73,13437.9
1406.282,680.2,1886.0,2288,50,76,13431.1
1406.407,970.7,1886.0,2288,61,73,13427.4
1406.54,678.6,1886.0,2288,61,76,13421.2
1406.67,969.1,1886.0,2288,80,73,13416.2
1406.8,677.0,1886.0,2288,49,76,13406.6
1406.927,1097.0,1886.0,2288,75,73,13400.6
1407.051,675.4,1886.0,2288,75,77,13390.4
1407.175,965.9,1886.0,2288,11,72,13389.7
1407.482,1095.4,1886.0,2288,2,72,13347.8
1407.89,1095.4,1886.0,2288,41,75,13312.6
1408.223,705.4,1886.0,2288,1,72,13279.6
1408.561,834.9,1886.0,2288,1,72,13236.7
1408.98,964.4,1886.0,2288,2,72,13190.0
1409.383,964.4,1886.0,2288,2,72,13151.6
1409.76,690.1,1886.0,2288,19,73,13093.6
1409.881,672.3,1886.0,2288,19,75,13078.9
1410.015,833.3,1886.0,2288,66,72,13136.3
1410.152,962.8,1886.0,2288,2,72,13103.7
1410.515,1092.3,1886.0,2288,2,72,13066.6
1410.869,1092.3,1886.0,2288,2,71,13014.1
1411.36,670.7,1886.0,2288,7,76,13001.1
1411.517,670.7,1886.0,2288,69,72,12985.4
1411.662,702.2,1886.0,2288,1,72,12971.4
1411.786,702.2,1886.0,2288,0,72,12956.7
1411.911,702.2,1886.0,2288,0,72,12943.9
1412.032,831.7,1886.0,2288,1,72,12927.7
1412.153,831.7,1886.0,2288,2,72,12912.0
1412.274,831.7,1886.0,2288,2,72,12896.5
1412.396,831.7,1886.0,2288,2,72,12881.0
1412.517,831.7,1886.0,2288,2,72,12863.8
1412.643,831.7,1886.0,2288,2,72,12852.9
1412.763,831.7,1886.0,2288,0,72,12836.8
1412.885,961.2,1886.0,2288,0,72,12839.4
1413.007,961.2,1886.0,2288,2,72,12830.4
1413.129,961.2,1886.0,2288,2,72,12815.7
1413.25,961.2,1886.0,2288,2,72,12800.9
1413.372,961.2,1886.0,2288,1,72,12784.7
1413.493,961.2,1886.0,2288,1,72,12776.9
1413.615,961.2,1886.0,2288,1,72,12760.3
1413.74,961.2,1886.0,2288,1,72,12744.2
1413.862,961.2,1886.0,2288,0,72,12727.6
1413.984,961.2,1886.0,2288,0,72,12715.3
1414.104,1090.7,1886.0,2288,3,71,12717.5
1414.294,1090.7,1886.0,2288,2,71,12728.4
1414.423,1090.7,1886.0,2288,2,71,12727.0
1414.545,1090.7,1886.0,2288,1,71,12710.8
1414.667,1090.7,1886.0,2288,1,71,12696.1
1414.789,1090.7,1886.0,2288,0,71,12680.6
1414.911,1090.7,1886.0,2288,0,71,12665.0
1415.033,1090.7,1886.0,2288,0,71,12664.7
1415.155,1090.7,1886.0,2288,2,71,12658.8
1415.275,669.1,1886.0,2288,38,72,12649.8
1415.396,669.1,1886.0,2288,38,72,12638.2
1415.517,700.6,1886.0,2288,53,71,12658.2
1415.639,830.1,1886.0,2288,6,71,12675.5
1415.76,830.1,1886.0,2288,6,71,12663.0
1415.883,830.1,1886.0,2288,1,71,12647.5
1416.004,830.1,1886.0,2288,1,71,12648.0
1416.126,830.1,1886.0,2288,2,71,12631.5
1416.248,830.1,1886.0,2288,2,71,12615.2
1416.37,830.1,1886.0,2288,0,71,12599.9
1416.492,830.1,1886.0,2288,1,71,12583.8
1416.614,830.1,1886.0,2288,1,71,12568.5
1416.736,830.1,1886.0,2288,1,71,12552.8
1416.858,959.6,1886.0,2288,0,71,12540.4
1416.983,959.6,1886.0,2288,3,71,12557.1
1417.105,959.6,1886.0,2288,3,71,12552.0
1417.227,959.6,1886.0,2288,3,71,12546.5
1417.398,1089.1,1886.0,2288,2,71,12522.6
1417.566,1123.6,1886.0,2288,1,71,12514.7
1417.688,643.8,1886.0,2288,46,73,12313.9
1417.864,637.4,1886.0,2288,40,71,12310.6
1417.992,1081.5,1886.0,2288,12,72,12311.4
1418.112,1083.2,1886.0,2288,12,73,12301.5
1418.233,1084.9,1886.0,2288,98,73,12292.8
1418.354,827.5,1886.0,2288,97,73,12294.0
1418.474,1086.5,1886.0,2288,28,72,12307.0
1418.594,829.2,1886.0,2288,28,73,12303.2
1418.716,669.9,1886.0,2288,63,73,12125.6
1418.845,1089.9,1886.0,2288,59,73,11998.1
1418.964,671.6,1886.0,2288,60,75,12009.4
1419.083,673.2,1886.0,2288,60,75,12011.7
1419.203,674.9,1886.0,2288,82,73,12015.4
1419.321,1097.4,1886.0,2288,80,73,12016.9
1419.44,967.1,1886.0,2288,80,73,12020.1
1419.561,968.7,1886.0,2288,85,74,12021.1
1419.681,840.9,1886.0,2288,93,74,12022.0
1419.801,713.1,1886.0,2288,86,75,12023.8
1419.92,683.3,1886.0,2288,86,76,12024.6
1420.039,684.9,1886.0,2288,85,75,12026.8
1420.157,845.9,1886.0,2288,59,73,12051.4
1420.276,686.6,1886.0,2288,59,75,12053.8
1420.395,977.1,1886.0,2288,65,72,12067.7
1420.514,688.3,1886.0,2288,22,73,12093.9
1420.632,849.3,1886.0,2288,48,73,12107.0
1420.751,978.8,1886.0,2288,48,72,12126.0
1420.869,689.9,1886.0,2288,20,75,12132.5
1420.987,980.4,1886.0,2288,52,72,12147.1
1421.105,1109.9,1886.0,2288,52,72,12157.1
1421.223,852.6,1886.0,2288,38,73,12163.0
1421.341,982.1,1886.0,2288,36,72,12177.6
1421.459,693.3,1886.0,2288,36,74,12183.5
1421.576,983.8,1886.0,2288,44,72,12193.0
1421.695,1113.3,1886.0,2288,26,72,12209.7
1421.813,726.5,1886.0,2288,51,74,12217.3
1421.932,985.5,1886.0,2288,51,72,12219.9
1422.052,696.6,1886.0,2288,20,75,12226.6
1422.173,1116.6,1886.0,2288,67,72,12257.9
1422.293,698.3,1886.0,2288,67,74,12277.1
1422.413,1118.3,1886.0,2288,46,72,12301.5
1422.535,990.5,1886.0,2288,56,74,12304.2
1422.656,705.1,1886.0,2288,78,76,12305.2
1422.778,703.3,1886.0,2288,78,75,12308.4
1422.898,705.0,1886.0,2288,75,74,12306.9
1423.019,1125.0,1886.0,2288,72,73,12328.9
1423.138,706.7,1886.0,2288,50,76,12340.7
1423.262,997.2,1886.0,2288,50,72,12378.2
1423.383,1126.7,1886.0,2288,19,72,12428.4
1423.503,1126.7,1886.0,2288,7,72,12476.9
1423.624,684.6,1886.0,2288,7,73,12224.0
1423.747,684.6,1886.0,2288,43,72,12277.2
1423.875,684.6,1886.0,2288,0,72,12227.8
1424.002,684.6,1886.0,2288,0,72,12300.3
1424.129,684.6,1886.0,2288,1,72,12320.6
1424.257,684.6,1886.0,2288,1,72,12388.4
1424.384,684.6,1886.0,2288,0,72,12446.1
1424.511,684.6,1886.0,2288,0,72,12550.7
1424.638,684.6,1886.0,2288,1,72,12590.8
1424.767,684.6,1886.0,2288,1,72,12665.9
1424.895,684.6,1886.0,2288,1,72,12752.0
1425.023,684.6,1886.0,2288,0,72,12825.8
1425.15,684.6,1886.0,2288,1,72,12891.6
1425.279,684.6,1886.0,2288,1,72,12982.5
1425.408,684.6,1886.0,2288,0,72,13064.2
1425.537,684.6,1886.0,2288,0,72,13130.6
1425.667,684.6,1886.0,2288,1,72,13210.6
1425.8,684.6,1886.0,2288,0,72,13270.4
1425.964,684.6,1886.0,2288,1,72,13313.5
1426.272,684.6,1886.0,2288,0,72,13318.2
1426.615,684.6,1886.0,2288,2,72,13309.0
1426.916,684.6,1886.0,2288,0,72,13315.1
1427.248,684.6,1886.0,2288,0,72,13317.8
1427.585,684.6,1886.0,2288,2,72,13317.8
1427.882,684.6,1886.0,2288,0,72,13314.8
1428.099,684.6,1886.0,2288,2,72,13296.0
1428.296,684.6,1886.0,2288,2,72,12865.4
1428.432,684.6,1886.0,2288,0,72,12890.0
1428.552,684.6,1886.0,2288,0,72,12915.9
1428.672,684.6,1886.0,2288,1,72,12939.7
1428.792,684.6,1886.0,2288,1,71,13041.4
1428.914,684.6,1886.0,2288,0,72,12880.5
1429.041,684.6,1886.0,2288,0,72,12915.9
1429.168,684.6,1886.0,2288,1,72,13003.2
1429.294,684.6,1886.0,2288,1,72,13090.8
1429.42,684.6,1886.0,2288,0,72,13162.3
1429.546,684.6,1886.0,2288,0,72,13213.5
1429.675,684.6,1886.0,2288,1,72,13234.5
1429.804,684.6,1886.0,2288,1,72,13234.5
1429.932,687.9,1886.0,2288,0,72,13167.3
1430.051,710.8,1886.0,2288,26,74,13169.4
1430.169,871.8,1886.0,2288,82,74,13172.6
1430.288,1130.8,1886.0,2288,82,72,13198.9
1430.406,709.2,1886.0,2288,26,76,13202.7
1430.525,999.7,1886.0,2288,74,73,13217.5
1430.643,707.6,1886.0,2288,74,76,13228.5
1430.762,868.6,1886.0,2288,67,74,13231.8
1430.881,706.0,1886.0,2288,54,76,13236.2
1430.999,867.0,1886.0,2288,74,74,13240.8
1431.118,704.4,1886.0,2288,74,75,13245.4
1431.235,735.9,1886.0,2288,67,75,13249.0
1431.354,1124.4,1886.0,2288,43,73,13261.4
1431.472,702.8,1886.0,2288,43,77,13261.7
1431.59,993.3,1886.0,2288,81,73,13287.4
1431.71,1122.8,1886.0,2288,18,72,13320.6
1431.828,1122.8,1886.0,2288,11,72,13348.0
1431.955,701.2,1886.0,2288,11,76,12792.8
1432.075,862.2,1886.0,2288,72,73,12813.9
1432.194,991.7,1886.0,2288,9,72,12832.0
1432.312,991.7,1886.0,2288,9,72,12847.4
1432.43,1121.2,1886.0,2288,7,72,12863.9
1432.548,699.6,1886.0,2288,31,76,12866.5
1432.665,860.6,1886.0,2288,31,73,12874.3
1432.784,860.6,1886.0,2288,55,72,12885.5
1432.902,990.1,1886.0,2288,9,72,12905.9
1433.02,1119.6,1886.0,2288,7,72,12923.7
1433.138,698.0,1886.0,2288,7,72,12937.0
1433.256,698.0,1886.0,2288,42,75,12939.7
1433.375,859.0,1886.0,2288,42,72,12954.1
1433.494,988.5,1886.0,2288,42,72,12969.4
1433.612,988.5,1886.0,2288,7,72,12986.5
1433.73,1118.0,1886.0,2288,8,72,13002.5
1433.849,696.4,1886.0,2288,34,75,13007.7
1433.967,703.4,1886.0,2288,34,73,13016.9
1434.085,857.4,1886.0,2288,49,72,13034.8
1434.203,986.9,1886.0,2288,8,72,13052.0
1434.321,986.9,1886.0,2288,8,72,13066.1
1434.439,1116.4,1886.0,2288,7,71,13077.6
1434.556,694.8,1886.0,2288,50,75,13078.1
1434.675,855.8,1886.0,2288,35,72,13100.9
1434.793,855.8,1886.0,2288,35,72,13119.7
1434.911,985.3,1886.0,2288,8,72,13135.6
1435.029,1114.8,1886.0,2288,9,71,13150.0
1435.147,693.2,1886.0,2288,9,76,13150.2
1435.265,854.2,1886.0,2288,78,72,13169.0
1435.383,983.7,1886.0,2288,10,72,13183.4
1435.501,1113.2,1886.0,2288,10,71,13198.8
1435.619,691.6,1886.0,2288,11,75,13207.1
1435.737,852.6,1886.0,2288,77,73,13217.7
1435.855,982.1,1886.0,2288,10,72,13240.4
1435.973,690.0,1886.0,2288,10,74,13245.5
1436.091,721.5,1886.0,2288,61,74,13247.5
1436.21,980.5,1886.0,2288,42,72,13255.4
1436.328,688.4,1886.0,2288,42,75,13259.9
1436.446,849.5,1886.0,2288,59,73,13267.0
1436.564,1108.5,1886.0,2288,38,72,13289.6
1436.682,686.8,1886.0,2288,56,76,13295.2
1436.799,847.9,1886.0,2288,56,73,13304.0
1436.917,1106.9,1886.0,2288,43,72,13332.9
1437.045,685.3,1886.0,2288,54,76,13206.3
1437.164,846.3,1886.0,2288,54,72,13217.4
1437.283,975.8,1886.0,2288,40,72,13178.4
1437.402,683.7,1886.0,2288,12,73,13150.8
1437.52,683.7,1886.0,2288,77,74,13154.8
1437.638,844.7,1886.0,2288,77,72,13175.0
1437.756,974.2,1886.0,2288,12,72,13194.5
1437.874,682.1,1886.0,2288,17,72,13210.7
1437.992,682.1,1886.0,2288,17,75,13215.7
1438.111,843.1,1886.0,2288,73,72,13235.4
1438.23,972.6,1886.0,2288,13,72,13251.7
1438.348,1139.2,1886.0,2288,13,72,13272.3
1438.467,680.5,1886.0,2288,22,76,13274.0
1438.585,841.5,1886.0,2288,65,72,13299.3
1438.703,971.0,1886.0,2288,14,72,13322.6
1438.821,678.9,1886.0,2288,14,74,13336.7
1438.94,710.4,1886.0,2288,56,73,13347.8
1439.058,969.4,1886.0,2288,39,72,13379.2
1439.177,1098.9,1886.0,2288,39,72,13271.2
1439.295,677.3,1886.0,2288,26,75,13229.4
1439.43,967.8,1886.0,2288,65,72,12991.1
1439.55,1097.3,1886.0,2288,15,72,13037.9
1439.674,675.7,1886.0,2288,15,76,13042.3
1439.793,836.7,1886.0,2288,77,72,13098.4
1439.911,836.7,1886.0,2288,10,72,13169.0
1440.029,966.2,1886.0,2288,7,72,13246.5
1440.147,1095.7,1886.0,2288,7,71,13310.9
1440.266,1095.7,1886.0,2288,8,71,13365.1
1440.384,674.1,1886.0,2288,48,76,13374.9
1440.502,835.1,1886.0,2288,48,72,13427.2
1440.622,835.1,1886.0,2288,34,72,13488.4
1440.742,964.6,1886.0,2288,7,71,13392.1
1440.862,964.6,1886.0,2288,4,71,13380.7
1440.982,1094.1,1886.0,2288,4,71,13382.0
1441.103,1094.1,1886.0,2288,4,71,13038.1
1441.225,672.5,1886.0,2288,44,75,12987.4
1441.344,704.0,1886.0,2288,44,72,13034.6
1441.467,833.5,1886.0,2288,38,72,13101.0
1441.59,963.0,1886.0,2288,6,72,13150.3
1441.71,963.0,1886.0,2288,3,71,13148.8
1441.831,963.0,1886.0,2288,3,71,13141.2
1441.952,963.0,1886.0,2288,1,71,13131.5
1442.073,963.0,1886.0,2288,1,71,13118.5
1442.193,963.0,1886.0,2288,1,71,13105.8
1442.314,963.0,1886.0,2288,1,71,13096.7
1442.434,963.0,1886.0,2288,1,71,13087.6
1442.555,963.0,1886.0,2288,1,71,13078.8
1442.675,963.0,1886.0,2288,1,71,13066.1
1442.796,963.0,1886.0,2288,1,71,13054.7
1442.917,963.0,1886.0,2288,0,71,13040.9
1443.038,963.0,1886.0,2288,0,71,13027.1
1443.158,963.0,1886.0,2288,0,71,13013.4
1443.279,963.0,1886.0,2288,1,71,13003.7
1443.399,963.0,1886.0,2288,1,71,12994.1
1443.52,963.0,1886.0,2288,1,71,12984.8
1443.641,963.0,1886.0,2288,1,71,12976.7
1443.761,963.0,1886.0,2288,1,71,12966.7
1443.882,1092.5,1886.0,2288,1,71,12957.6
1444.002,1092.5,1886.0,2288,1,71,12948.4
1444.122,1092.5,1886.0,2288,1,71,12939.3
1444.242,1092.5,1886.0,2288,1,71,12930.6
1444.363,1092.5,1886.0,2288,1,71,12921.1
1444.483,1092.5,1886.0,2288,1,71,12912.9
1444.603,1092.5,1886.0,2288,1,71,12903.6
1444.724,1092.5,1886.0,2288,1,71,12893.1
1444.845,1092.5,1886.0,2288,1,71,12884.4
1444.966,1092.5,1886.0,2288,1,71,12873.9
1445.086,1092.5,1886.0,2288,1,71,12863.8
1445.207,1092.5,1886.0,2288,1,71,12853.6
1445.328,1092.5,1886.0,2288,1,71,12844.1
1445.448,1092.5,1886.0,2288,1,71,12834.9
1445.569,1092.5,1886.0,2288,1,71,12827.0
1445.689,1092.5,1886.0,2288,1,71,12818.2
1445.809,1092.5,1886.0,2288,1,71,12808.7
1445.929,670.9,1886.0,2288,37,75,12800.1
1446.049,670.9,1886.0,2288,37,72,12793.9
1446.17,670.9,1886.0,2288,37,71,12791.9
1446.29,702.4,1886.0,2288,2,71,12789.9
1446.411,702.4,1886.0,2288,1,71,12776.5
1446.531,702.4,1886.0,2288,1,71,12764.1
1446.652,831.9,1886.0,2288,0,71,12754.0
1446.772,831.9,1886.0,2288,2,71,12745.9
1446.892,831.9,1886.0,2288,1,71,12730.1
1447.013,831.9,1886.0,2288,1,71,12717.9
1447.134,831.9,1886.0,2288,1,71,12708.5
1447.255,831.9,1886.0,2288,2,71,12700.1
1447.375,831.9,1886.0,2288,2,71,12691.5
1447.497,831.9,1886.0,2288,1,71,12682.9
1447.617,831.9,1886.0,2288,1,71,12674.5
1447.737,831.9,1886.0,2288,2,71,12665.4
1447.858,831.9,1886.0,2288,2,71,12655.6
1447.978,831.9,1886.0,2288,1,71,12647.4
1448.099,831.9,1886.0,2288,1,71,12637.1
1448.22,831.9,1886.0,2288,1,71,12627.5
1448.34,961.4,1886.0,2288,1,71,12619.8
1448.46,961.4,1886.0,2288,1,71,12611.9
1448.581,961.4,1886.0,2288,1,71,12599.7
1448.7,961.4,1886.0,2288,1,71,12590.2
1448.822,961.4,1886.0,2288,1,71,12580.9
1448.942,961.4,1886.0,2288,1,71,12571.4
1449.063,961.4,1886.0,2288,1,71,12560.7
1449.183,961.4,1886.0,2288,1,71,12551.8
1449.304,961.4,1886.0,2288,2,71,12541.8
1449.424,961.4,1886.0,2288,1,71,12532.5
1449.545,961.4,1886.0,2288,1,71,12524.0
1449.665,961.4,1886.0,2288,1,71,12514.5
1449.785,961.4,1886.0,2288,2,71,12505.3
1449.906,961.4,1886.0,2288,1,71,12493.9
1450.027,961.4,1886.0,2288,1,71,12480.5
1450.147,961.4,1886.0,2288,0,71,12467.4
1450.268,1090.9,1886.0,2288,2,71,12462.5
1450.388,1090.9,1886.0,2288,2,71,12452.2
1450.509,1090.9,1886.0,2288,1,71,12442.9
1450.63,1090.9,1886.0,2288,1,71,12433.2
1450.751,1090.9,1886.0,2288,2,71,12423.9
1450.871,1090.9,1886.0,2288,2,71,12415.8
1450.993,1090.9,1886.0,2288,1,71,12406.6
1451.114,1090.9,1886.0,2288,1,71,12397.8
1451.234,1090.9,1886.0,2288,1,71,12387.9
1451.356,1090.9,1886.0,2288,2,71,12380.1
1451.476,1090.9,1886.0,2288,1,71,12368.3
1451.596,1090.9,1886.0,2288,1,71,12356.9
1451.717,1090.9,1886.0,2288,1,71,12348.3
1451.838,1090.9,1886.0,2288,1,71,12336.2
1451.96,1134.1,1886.0,2288,1,72,12316.3
1452.082,669.3,1886.0,2288,74,74,12303.3
1452.203,669.3,1886.0,2288,74,72,12296.1
1452.324,669.3,1886.0,2288,1,71,12287.0
1452.444,676.3,1886.0,2288,1,71,12276.7
1452.565,700.8,1886.0,2288,1,71,12262.3
1452.687,700.8,1886.0,2288,1,71,12253.4
1452.807,700.8,1886.0,2288,1,71,12242.9
1452.929,830.3,1886.0,2288,1,71,12230.3
1453.05,830.3,1886.0,2288,1,71,12216.1
1453.17,830.3,1886.0,2288,1,71,12201.9
1453.291,830.3,1886.0,2288,0,71,12187.8
1453.412,830.3,1886.0,2288,0,71,12174.7
1453.532,830.3,1886.0,2288,1,71,12163.3
1453.653,830.3,1886.0,2288,1,71,12151.5
1453.773,830.3,1886.0,2288,1,71,12141.4
1453.895,830.3,1886.0,2288,1,71,12131.4
1454.016,830.3,1886.0,2288,1,71,12121.8
1454.136,830.3,1886.0,2288,2,71,12113.5
1454.257,830.3,1886.0,2288,1,71,12102.7
1454.377,830.3,1886.0,2288,1,71,12093.1
1454.497,830.3,1886.0,2288,1,71,12083.9
1454.618,830.3,1886.0,2288,2,71,12075.5
1454.738,830.3,1886.0,2288,2,71,12064.7
1454.859,830.3,1886.0,2288,1,71,12054.2
1454.98,959.8,1886.0,2288,1,71,12044.8
1455.1,959.8,1886.0,2288,1,71,12035.2
1455.221,959.8,1886.0,2288,1,71,12025.4
1455.342,959.8,1886.0,2288,1,71,12015.5
1455.462,959.8,1886.0,2288,1,71,12006.6
1455.583,959.8,1886.0,2288,1,71,11996.3
1455.704,959.8,1886.0,2288,2,71,11986.2
1455.824,959.8,1886.0,2288,1,71,11976.6
1455.945,959.8,1886.0,2288,3,71,11918.5
1456.08,1089.3,1886.0,2288,3,71,11891.2
1456.199,644.0,1886.0,2288,13,76,11884.0
1456.318,823.8,1886.0,2288,69,72,11891.0
1456.439,825.6,1886.0,2288,84,75,11891.5
1456.559,827.4,1886.0,2288,84,75,11891.7
1456.679,668.2,1886.0,2288,97,76,11862.0
1456.8,829.2,1886.0,2288,39,72,11871.1
1456.918,669.9,1886.0,2288,39,74,11897.3
1457.036,831.0,1886.0,2288,62,72,11889.7
1457.154,960.5,1886.0,2288,11,71,11762.2
1457.274,1090.0,1886.0,2288,11,71,11749.0
1457.392,671.7,1886.0,2288,11,75,11721.7
1457.51,962.2,1886.0,2288,49,72,11691.1
1457.629,673.5,1886.0,2288,46,74,11665.5
1457.748,1093.5,1886.0,2288,46,72,11672.0
1457.867,836.3,1886.0,2288,60,73,11675.6
1457.985,677.1,1886.0,2288,60,75,11678.1
1458.104,1097.1,1886.0,2288,58,72,11684.0
1458.222,839.9,1886.0,2288,58,73,11687.5
1458.34,680.6,1886.0,2288,63,75,11689.8
1458.459,682.4,1886.0,2288,67,73,11693.9
1458.577,843.4,1886.0,2288,67,72,11705.3
1458.695,684.2,1886.0,2288,57,74,11721.4
1458.815,845.2,1886.0,2288,55,72,11735.3
1458.934,686.0,1886.0,2288,55,75,11721.9
1459.054,976.5,1886.0,2288,51,72,11661.5
1459.174,687.8,1886.0,2288,33,74,11672.3
1459.292,848.8,1886.0,2288,47,72,11678.2
1459.41,978.3,1886.0,2288,47,72,11671.3
1459.529,689.5,1886.0,2288,19,75,11674.1
1459.648,850.5,1886.0,2288,49,72,11677.8
1459.767,980.0,1886.0,2288,49,71,11699.7
1459.885,1109.5,1886.0,2288,10,71,11722.6
1460.004,691.3,1886.0,2288,9,74,11738.3
1460.122,852.3,1886.0,2288,46,72,11765.0
1460.241,852.3,1886.0,2288,46,71,11768.3
1460.359,981.8,1886.0,2288,7,71,11796.6
1460.477,1111.3,1886.0,2288,9,71,11822.3
1460.595,693.1,1886.0,2288,9,74,11832.2
1460.714,854.1,1886.0,2288,48,72,11847.5
1460.831,854.1,1886.0,2288,8,71,11863.5
1460.949,983.6,1886.0,2288,7,71,11879.3
1461.067,1113.1,1886.0,2288,7,71,11901.8
1461.185,694.9,1886.0,2288,7,73,11921.4
1461.302,855.9,1886.0,2288,47,72,11934.8
1461.421,855.9,1886.0,2288,47,71,11953.8
1461.539,985.4,1886.0,2288,8,71,11977.5
1461.657,1114.9,1886.0,2288,8,71,11997.4
1461.775,1114.9,1886.0,2288,8,71,12015.9
1461.894,703.7,1886.0,2288,10,73,12025.3
1462.012,857.7,1886.0,2288,43,71,12047.0
1462.13,987.2,1886.0,2288,8,71,12064.6
1462.248,987.2,1886.0,2288,8,71,12060.6
1462.367,1116.7,1886.0,2288,7,71,12073.4
1462.485,698.4,1886.0,2288,31,74,12087.6
1462.603,859.5,1886.0,2288,31,71,12108.4
1462.722,989.0,1886.0,2288,23,71,12130.3
1462.84,989.0,1886.0,2288,7,71,12144.9
1462.961,1121.2,1886.0,2288,15,71,12158.0
1463.08,861.2,1886.0,2288,15,72,12173.4
1463.201,1120.2,1886.0,2288,52,71,12204.8
1463.32,702.0,1886.0,2288,17,73,12219.6
1463.44,992.5,1886.0,2288,17,72,12225.9
1463.561,703.8,1886.0,2288,49,73,12230.0
1463.68,994.3,1886.0,2288,55,71,12234.7
1463.8,705.6,1886.0,2288,50,74,12217.3
1463.921,996.1,1886.0,2288,50,71,12135.1
1464.041,707.3,1886.0,2288,29,74,12103.2
1464.16,868.4,1886.0,2288,50,72,12049.9
1464.278,997.9,1886.0,2288,50,71,12098.0
1464.397,1127.4,1886.0,2288,11,71,12139.5
1464.514,709.1,1886.0,2288,32,73,12162.6
1464.633,870.1,1886.0,2288,27,71,12205.1
1464.751,999.6,1886.0,2288,27,71,12242.6
1464.871,1129.1,1886.0,2288,11,71,12304.6
1464.994,717.9,1886.0,2288,46,72,12160.9
1465.113,871.9,1886.0,2288,46,71,11969.1
1465.233,1001.4,1886.0,2288,10,71,12044.3
1465.353,1001.4,1886.0,2288,5,71,11920.1
1465.476,1130.9,1886.0,2288,8,71,11773.6
1465.603,689.1,1886.0,2288,8,73,11776.9
1465.726,689.1,1886.0,2288,44,71,11907.0
1465.851,689.1,1886.0,2288,0,71,12003.4
1465.977,689.1,1886.0,2288,0,71,12094.3
1466.104,689.1,1886.0,2288,0,71,12153.8
1466.23,689.1,1886.0,2288,1,71,12246.8
1466.357,689.1,1886.0,2288,0,71,12327.7
1466.483,689.1,1886.0,2288,0,71,12451.1
1466.61,689.1,1886.0,2288,0,71,12542.9
1466.736,689.1,1886.0,2288,1,71,12640.5
1466.863,689.1,1886.0,2288,0,71,12628.8
1466.991,689.1,1886.0,2288,0,71,12596.8
1467.128,689.1,1886.0,2288,1,71,12680.3
1467.254,689.1,1886.0,2288,1,71,12797.9
1467.381,689.1,1886.0,2288,0,71,12889.8
1467.508,689.1,1886.0,2288,0,71,12964.2
1467.636,689.1,1886.0,2288,1,71,12910.9
1467.774,689.1,1886.0,2288,1,71,12942.2
1467.916,689.1,1886.0,2288,0,71,12980.1
1468.053,689.1,1886.0,2288,0,71,13009.0
1468.181,689.1,1886.0,2288,1,71,13077.1
1468.307,689.1,1886.0,2288,0,71,13144.2
1468.435,689.1,1886.0,2288,0,70,13210.3
1468.556,689.1,1886.0,2288,0,70,13308.1
1468.683,689.1,1886.0,2288,1,70,13202.3
1468.813,689.1,1886.0,2288,0,70,13202.3
1468.941,689.1,1886.0,2288,0,70,13202.3
1469.07,689.1,1886.0,2288,0,70,13202.3
1469.199,876.3,1886.0,2288,1,70,13148.3
1469.321,715.3,1886.0,2288,78,72,13150.4
1469.44,1005.8,1886.0,2288,78,71,13154.2
1469.559,713.6,1886.0,2288,70,74,13160.4
1469.678,1133.6,1886.0,2288,85,72,13160.9
1469.797,711.8,1886.0,2288,85,77,13160.9
1469.917,710.1,1886.0,2288,89,74,13161.1
1470.036,871.1,1886.0,2288,86,74,13161.2
1470.154,708.3,1886.0,2288,79,76,13161.4
1470.272,1128.3,1886.0,2288,79,73,13161.6
1470.39,706.6,1886.0,2288,80,77,13161.6
1470.51,704.8,1886.0,2288,71,73,13165.0
1470.627,704.8,1886.0,2288,71,75,13167.4
1470.745,865.8,1886.0,2288,78,72,13180.9
1470.863,995.3,1886.0,2288,8,72,13196.8
1470.981,1124.8,1886.0,2288,8,71,13211.6
1471.099,703.1,1886.0,2288,8,74,13219.5
1471.217,703.1,1886.0,2288,63,73,13222.8
1471.335,864.1,1886.0,2288,26,72,13233.6
1471.453,993.6,1886.0,2288,26,71,13245.3
1471.571,1123.1,1886.0,2288,8,71,13260.5
1471.689,1123.1,1886.0,2288,8,71,13274.9
1471.807,701.3,1886.0,2288,8,76,13275.5
1471.925,862.3,1886.0,2288,76,72,13288.8
1472.043,991.8,1886.0,2288,9,71,13302.9
1472.161,991.8,1886.0,2288,9,71,13317.4
1472.278,1121.3,1886.0,2288,9,71,13331.8
1472.396,699.6,1886.0,2288,7,74,13336.3
1472.514,706.6,1886.0,2288,76,73,13344.0
1472.632,860.6,1886.0,2288,76,72,13362.8
1472.751,990.1,1886.0,2288,10,71,13374.5
1472.871,1119.6,1886.0,2288,14,71,13381.2
1472.989,697.8,1886.0,2288,61,76,13375.6
1473.109,858.8,1886.0,2288,61,72,13384.0
1473.229,988.3,1886.0,2288,27,71,13397.1
1473.349,1117.8,1886.0,2288,12,71,13408.7
1473.468,696.1,1886.0,2288,12,76,13399.8
1473.587,857.1,1886.0,2288,75,72,13402.4
1473.706,1116.1,1886.0,2288,20,72,13410.0
1473.826,694.3,1886.0,2288,42,74,13412.8
1473.945,725.8,1886.0,2288,42,73,13410.7
1474.066,984.8,1886.0,2288,47,72,13419.8
1474.187,692.6,1886.0,2288,49,75,13414.4
1474.308,983.1,1886.0,2288,49,73,13408.6
1474.429,690.8,1886.0,2288,61,75,13403.6
1474.55,851.8,1886.0,2288,81,73,13400.0
1474.671,689.1,1886.0,2288,46,74,13394.5
1474.791,850.1,1886.0,2288,46,74,13387.4
1474.913,1313.8,1886.0,2288,65,72,13388.4
1475.033,687.3,1886.0,2288,71,76,13379.4
1475.155,1134.5,1886.0,2288,71,72,13375.8
1475.276,685.6,1886.0,2288,52,76,13367.6
1475.398,1105.6,1886.0,2288,72,72,13365.6
1475.519,683.8,1886.0,2288,77,77,13356.5
1475.641,1103.8,1886.0,2288,77,72,13355.8
1475.763,682.1,1886.0,2288,41,76,13347.1
1475.884,1102.1,1886.0,2288,78,73,13344.3
1476.006,680.3,1886.0,2288,75,76,13335.6
1476.127,970.8,1886.0,2288,75,72,13331.7
1476.249,678.6,1886.0,2288,48,77,13323.5
1476.37,839.6,1886.0,2288,67,72,13343.7
1476.492,1098.6,1886.0,2288,67,72,13360.3
1476.612,676.8,1886.0,2288,18,76,13358.9
1476.733,708.3,1886.0,2288,77,73,13373.4
1476.855,967.3,1886.0,2288,10,72,13407.8
1476.976,1096.8,1886.0,2288,10,71,13438.0
1477.109,1096.8,1886.0,2288,4,71,13428.7
1477.39,855.3,1886.0,2288,75,73,13412.9
1477.672,836.1,1886.0,2288,1,71,13379.3
1478.019,836.1,1886.0,2288,2,71,13326.1
1478.432,965.6,1886.0,2288,3,71,13287.2
1478.807,1095.1,1886.0,2288,10,71,13249.9
1479.122,673.3,1886.0,2288,67,72,13221.2
1479.463,704.8,1886.0,2288,2,71,13177.1
1479.89,834.3,1886.0,2288,1,71,13117.8
1480.367,834.3,1886.0,2288,2,71,13068.3
1480.824,963.8,1886.0,2288,1,71,13025.9
1481.231,963.8,1886.0,2288,1,71,12984.7
1481.639,1093.3,1886.0,2288,0,71,12940.3
1482.067,1093.3,1886.0,2288,2,71,12890.0
1482.483,671.6,1886.0,2288,3,71,12813.2
1482.941,703.1,1886.0,2288,1,71,12771.5
1483.288,832.6,1886.0,2288,1,71,12730.8
1483.695,832.6,1886.0,2288,1,71,12693.2
1484.092,962.1,1886.0,2288,2,71,12678.9
1484.441,962.1,1886.0,2288,2,71,12665.7
1484.792,1091.6,1886.0,2288,1,71,12628.8
1485.176,1091.6,1886.0,2288,46,76,12598.2
1485.529,701.3,1886.0,2288,2,72,12559.4
1485.931,830.8,1886.0,2288,2,71,12516.6
1486.349,830.8,1886.0,2288,1,71,12481.5
1486.754,960.3,1886.0,2288,1,71,12475.0
1487.149,960.3,1886.0,2288,2,71,12399.8
1487.277,1089.8,1886.0,2288,7,71,12457.5
1487.398,644.5,1886.0,2288,38,76,12471.9
1487.539,637.4,1886.0,2288,38,72,12179.1
1487.659,637.4,1886.0,2288,43,72,11930.7
1487.778,693.1,1886.0,2288,3,72,11947.2
1487.896,952.1,1886.0,2288,21,71,11956.7
1488.016,663.5,1886.0,2288,21,75,11957.4
1488.134,1083.5,1886.0,2288,84,72,11963.6
1488.255,665.4,1886.0,2288,38,75,11968.0
1488.373,1085.4,1886.0,2288,38,72,11972.4
1488.492,667.3,1886.0,2288,73,76,11973.7
1488.61,669.2,1886.0,2288,72,74,11976.2
1488.729,700.7,1886.0,2288,65,73,11991.8
1488.847,830.2,1886.0,2288,65,72,12016.8
1488.967,959.7,1886.0,2288,10,72,12044.2
1489.085,1092.2,1886.0,2288,9,71,12063.6
1489.204,671.1,1886.0,2288,9,75,12069.5
1489.322,832.1,1886.0,2288,69,72,12094.0
1489.441,1091.1,1886.0,2288,15,71,12111.9
1489.559,673.0,1886.0,2288,15,75,12115.6
1489.677,963.5,1886.0,2288,59,72,12120.8
1489.796,674.9,1886.0,2288,32,75,12123.6
1489.915,835.9,1886.0,2288,71,73,12128.2
1490.033,676.8,1886.0,2288,71,75,12131.2
1490.151,837.8,1886.0,2288,65,73,12135.0
1490.27,678.7,1886.0,2288,34,72,12140.2
1490.387,678.7,1886.0,2288,34,73,12142.0
1490.506,1098.7,1886.0,2288,69,72,12149.3
1490.624,680.5,1886.0,2288,48,75,12149.5
1490.743,971.1,1886.0,2288,51,72,12154.6
1490.861,682.4,1886.0,2288,51,75,12155.4
1490.979,972.9,1886.0,2288,72,72,12162.0
1491.098,684.3,1886.0,2288,23,72,12168.4
1491.216,715.8,1886.0,2288,23,74,12171.4
1491.334,1104.3,1886.0,2288,67,72,12178.5
1491.453,686.2,1886.0,2288,53,76,12178.7
1491.572,976.7,1886.0,2288,44,72,12184.7
1491.69,688.1,1886.0,2288,44,75,12188.5
1491.808,849.1,1886.0,2288,70,73,12199.2
1491.927,978.6,1886.0,2288,14,72,12120.3
1492.047,690.0,1886.0,2288,14,75,12051.1
1492.165,851.0,1886.0,2288,72,72,12065.7
1492.283,980.5,1886.0,2288,12,72,12077.0
1492.401,1110.0,1886.0,2288,12,71,12094.3
1492.519,691.9,1886.0,2288,11,75,12099.5
1492.636,852.9,1886.0,2288,65,72,12117.9
1492.755,852.9,1886.0,2288,8,71,12135.3
1492.873,982.4,1886.0,2288,8,71,12151.0
1492.992,1111.9,1886.0,2288,10,71,12163.4
1493.11,693.8,1886.0,2288,54,74,12166.5
1493.228,854.8,1886.0,2288,54,72,12182.3
1493.346,984.3,1886.0,2288,22,71,12196.2
1493.464,984.3,1886.0,2288,7,71,12210.5
1493.583,1113.8,1886.0,2288,8,71,12223.1
1493.701,695.7,1886.0,2288,8,74,12227.3
1493.819,856.7,1886.0,2288,66,72,12237.8
1493.939,986.2,1886.0,2288,10,71,12247.1
1494.059,1115.7,1886.0,2288,10,71,12255.9
1494.178,697.6,1886.0,2288,9,72,12252.8
1494.298,729.1,1886.0,2288,65,73,12123.7
1494.416,858.6,1886.0,2288,8,71,12132.2
1494.534,988.1,1886.0,2288,8,71,12091.5
1494.652,1117.6,1886.0,2288,9,71,12113.1
1494.77,699.4,1886.0,2288,14,72,12123.8
1494.887,731.0,1886.0,2288,14,73,12132.4
1495.006,860.5,1886.0,2288,59,71,12147.1
1495.124,990.0,1886.0,2288,8,71,12164.1
1495.243,1119.5,1886.0,2288,8,71,12179.4
1495.361,1119.5,1886.0,2288,8,71,12202.6
1495.479,701.3,1886.0,2288,39,74,12203.8
1495.596,862.3,1886.0,2288,37,72,12230.8
1495.715,1121.3,1886.0,2288,37,71,12221.8
1495.834,703.2,1886.0,2288,13,71,12212.7
1495.953,734.7,1886.0,2288,64,74,12109.2
1496.071,993.7,1886.0,2288,64,72,12117.6
1496.19,705.1,1886.0,2288,17,72,12135.3
1496.308,712.1,1886.0,2288,62,74,12092.1
1496.428,995.6,1886.0,2288,22,71,11987.1
1496.547,707.0,1886.0,2288,22,71,12008.7
1496.664,707.0,1886.0,2288,47,74,12017.0
1496.784,997.5,1886.0,2288,38,72,12024.0
1496.903,708.9,1886.0,2288,38,72,12044.8
1497.022,869.9,1886.0,2288,52,73,12055.7
1497.14,1128.9,1886.0,2288,44,72,12093.7
1497.258,710.8,1886.0,2288,65,75,12098.5
1497.376,871.8,1886.0,2288,65,72,12124.2
1497.495,1130.8,1886.0,2288,24,72,12063.6
1497.613,712.7,1886.0,2288,38,74,12051.0
1497.737,873.7,1886.0,2288,38,72,12064.7
1497.857,1003.2,1886.0,2288,44,71,12139.5
1497.977,1132.7,1886.0,2288,11,71,12189.3
1498.099,1134.6,1886.0,2288,13,72,12208.1
1498.22,691.1,1886.0,2288,13,74,12238.8
1498.342,691.1,1886.0,2288,55,72,12321.7
1498.465,691.1,1886.0,2288,2,71,12399.6
1498.589,691.1,1886.0,2288,4,71,12461.8
1498.726,691.1,1886.0,2288,4,71,12516.2
1498.855,691.1,1886.0,2288,4,71,12537.9
1498.983,691.1,1886.0,2288,0,71,12277.7
1499.11,691.1,1886.0,2288,1,71,12194.1
1499.242,691.1,1886.0,2288,1,71,12282.1
1499.369,691.1,1886.0,2288,0,71,12367.9
1499.498,691.1,1886.0,2288,0,71,12469.9
1499.625,691.1,1886.0,2288,1,71,12519.4
1499.753,691.1,1886.0,2288,1,71,12492.0
1499.88,691.1,1886.0,2288,0,71,12558.2
1500.008,691.1,1886.0,2288,0,71,12631.2
1500.138,691.1,1886.0,2288,1,71,12710.4
1500.267,691.1,1886.0,2288,0,71,12790.8
1500.394,691.1,1886.0,2288,0,71,12879.3
1500.522,691.1,1886.0,2288,0,71,12957.6
1500.651,691.1,1886.0,2288,1,71,13032.1
1500.779,691.1,1886.0,2288,0,71,13103.1
1500.909,691.1,1886.0,2288,0,71,13161.1
1501.049,691.1,1886.0,2288,1,71,13161.7
1501.344,691.1,1886.0,2288,0,71,13171.4
1501.638,691.1,1886.0,2288,0,71,13170.0
1501.945,691.1,1886.0,2288,0,71,13165.0
1502.219,691.1,1886.0,2288,0,71,13166.7
1502.552,691.1,1886.0,2288,1,71,13165.5
1502.775,691.1,1886.0,2288,0,71,13163.1
1503.008,691.1,1886.0,2288,0,71,13149.5
1503.218,691.1,1886.0,2288,0,71,13149.5
1503.423,691.1,1886.0,2288,1,71,13146.9
1503.646,691.1,1886.0,2288,1,71,13175.3
1503.99,691.1,1886.0,2288,0,71,13085.3
1504.628,691.1,1886.0,2288,2,71,12986.0
1504.807,691.1,1886.0,2288,0,71,12526.6
1504.935,691.1,1886.0,2288,0,71,12552.5
1505.067,691.1,1886.0,2288,0,71,12619.1
1505.201,691.1,1886.0,2288,2,71,12674.9
1505.323,691.1,1886.0,2288,0,71,12751.9
1505.449,691.1,1886.0,2288,1,71,12594.7
1505.575,691.1,1886.0,2288,1,71,12678.1
1505.701,691.1,1886.0,2288,1,71,12759.8
1505.828,691.1,1886.0,2288,0,71,12841.3
1505.954,691.1,1886.0,2288,0,71,12919.0
1506.081,691.1,1886.0,2288,0,71,12930.9
1506.208,691.1,1886.0,2288,1,71,12945.9
1506.337,691.1,1886.0,2288,1,71,12948.2
1506.473,691.1,1886.0,2288,0,71,12870.3
1506.595,717.5,1906.0,2308,0,75,12891.0
1506.713,717.5,1906.0,2308,80,76,12891.0
1506.831,715.7,1906.0,2308,75,74,12894.9
1506.949,715.7,1906.0,2308,75,77,12894.9
1507.067,1135.7,1906.0,2308,96,73,12897.8
1507.186,713.8,1906.0,2308,69,76,12898.0
1507.305,874.8,1906.0,2308,83,74,12899.3
1507.424,712.0,1906.0,2308,83,75,12900.4
1507.542,712.0,1906.0,2308,82,76,12900.5
1507.661,689.4,1906.0,2308,63,73,12903.5
1507.779,710.2,1906.0,2308,96,76,12903.5
1507.92,1000.7,1906.0,2308,96,72,12906.5
1508.039,708.4,1906.0,2308,55,74,12907.4
1508.157,708.4,1906.0,2308,100,74,12907.5
1508.276,706.6,1906.0,2308,100,73,12910.3
1508.394,706.6,1906.0,2308,66,77,12910.3
1508.513,867.6,1906.0,2308,78,73,12920.6
1508.631,867.6,1906.0,2308,9,72,12935.5
1508.749,997.1,1906.0,2308,9,72,12950.4
1508.868,1126.6,1906.0,2308,8,72,12967.7
1508.987,704.8,1906.0,2308,44,76,12970.0
1509.105,704.8,1906.0,2308,44,74,12972.8
1509.224,865.8,1906.0,2308,72,73,12982.8
1509.342,995.3,1906.0,2308,10,72,12996.3
1509.46,1124.8,1906.0,2308,10,72,12954.1
1509.579,1124.8,1906.0,2308,7,72,12962.5
1509.697,702.9,1906.0,2308,31,75,12963.7
1509.816,734.5,1906.0,2308,84,74,12969.4
1509.934,864.0,1906.0,2308,84,72,12984.5
1510.052,993.5,1906.0,2308,8,72,12998.6
1510.17,1123.0,1906.0,2308,8,72,13005.2
1510.293,1470.8,1906.0,2308,8,72,13005.9
1510.41,701.1,1906.0,2308,24,76,13006.0
1510.528,732.6,1906.0,2308,91,73,13017.8
1510.647,862.1,1906.0,2308,8,72,13032.9
1510.765,991.6,1906.0,2308,8,72,13051.2
1510.883,1121.1,1906.0,2308,8,72,13065.4
1511.002,699.3,1906.0,2308,28,75,13066.2
1511.122,699.3,1906.0,2308,28,76,13057.8
1511.242,860.3,1906.0,2308,88,72,13072.1
1511.363,989.8,1906.0,2308,9,72,13083.0
1511.483,1119.3,1906.0,2308,12,72,13091.8
1511.603,697.5,1906.0,2308,12,76,13083.4
1511.723,729.0,1906.0,2308,88,74,13079.7
1511.844,988.0,1906.0,2308,30,72,13087.7
1511.964,1117.5,1906.0,2308,30,72,13099.8
1512.083,695.7,1906.0,2308,14,76,13097.3
1512.204,695.7,1906.0,2308,88,75,13092.3
1512.324,856.7,1906.0,2308,30,72,13107.2
1512.445,693.9,1906.0,2308,30,73,13107.9
1512.566,693.9,1906.0,2308,57,77,13098.8
1512.686,984.4,1906.0,2308,74,73,13100.5
1512.807,692.1,1906.0,2308,55,75,13096.7
1512.928,692.1,1906.0,2308,55,75,13088.3
1513.062,1112.1,1906.0,2308,71,72,13094.6
1513.183,690.2,1906.0,2308,54,76,13087.8
1513.303,721.8,1906.0,2308,54,74,13081.8
1513.424,1110.3,1906.0,2308,78,72,13088.5
1513.544,688.4,1906.0,2308,43,76,13079.7
1513.664,849.4,1906.0,2308,84,74,13074.0
1513.785,686.6,1906.0,2308,84,74,13069.6
1513.906,686.6,1906.0,2308,57,77,13060.1
1514.027,977.1,1906.0,2308,75,73,13059.8
1514.148,684.8,1906.0,2308,52,75,13057.7
1514.268,684.8,1906.0,2308,52,77,13049.6
1514.39,975.3,1906.0,2308,79,73,13051.1
1514.511,683.0,1906.0,2308,55,76,13043.6
1514.632,844.0,1906.0,2308,55,75,13038.8
1514.753,1103.0,1906.0,2308,76,73,13049.9
1514.874,681.2,1906.0,2308,55,76,13041.2
1514.995,842.2,1906.0,2308,73,74,13039.9
1515.115,1101.2,1906.0,2308,73,73,13050.6
1515.237,679.4,1906.0,2308,47,77,13041.6
1515.358,840.4,1906.0,2308,81,74,13061.5
1515.478,969.9,1906.0,2308,81,72,13092.1
1515.599,677.5,1906.0,2308,15,73,13107.1
1515.719,677.5,1906.0,2308,63,77,13098.2
1515.84,838.5,1906.0,2308,53,73,13141.1
1515.961,838.5,1906.0,2308,6,72,13170.4
1516.188,968.0,1906.0,2308,1,72,13146.5
1516.556,968.0,1906.0,2308,1,72,13106.6
1516.979,1097.5,1906.0,2308,2,72,13059.8
1517.418,1097.5,1906.0,2308,1,72,13018.8
1517.741,675.7,1906.0,2308,88,73,12963.9
1518.024,707.2,1906.0,2308,2,72,12945.7
1518.232,836.7,1906.0,2308,3,72,12916.5
1518.533,966.2,1906.0,2308,2,72,12885.6
1518.866,966.2,1906.0,2308,4,72,12884.1
1519.122,1095.7,1906.0,2308,7,72,12888.8
1519.364,673.9,1906.0,2308,46,76,12882.3
1519.49,705.4,1906.0,2308,63,73,12872.4
1519.684,834.9,1906.0,2308,3,72,12837.6
1519.952,834.9,1906.0,2308,1,72,12818.9
1520.148,834.9,1906.0,2308,1,72,12804.1
1520.273,834.9,1906.0,2308,2,72,12789.5
1520.398,834.9,1906.0,2308,1,72,12774.8
1520.525,834.9,1906.0,2308,1,72,12770.7
1520.651,834.9,1906.0,2308,1,72,12757.7
1520.773,834.9,1906.0,2308,2,72,12744.3
1520.894,834.9,1906.0,2308,1,72,12729.3
1521.017,834.9,1906.0,2308,0,72,12712.6
1521.139,964.4,1906.0,2308,0,72,12718.6
1521.26,964.4,1906.0,2308,3,72,12706.1
1521.382,964.4,1906.0,2308,1,72,12695.9
1521.503,964.4,1906.0,2308,1,72,12682.7
1521.627,964.4,1906.0,2308,1,72,12671.4
1521.749,964.4,1906.0,2308,3,72,12678.7
1521.923,964.4,1906.0,2308,1,72,12639.6
1522.314,1093.9,1906.0,2308,1,71,12587.7
1522.779,1093.9,1906.0,2308,1,71,12567.3
1523.077,672.1,1906.0,2308,24,72,12425.1
1523.198,672.1,1906.0,2308,100,74,12320.7
1523.32,833.1,1906.0,2308,100,72,12347.5
1523.44,833.1,1906.0,2308,12,71,12330.7
1523.561,833.1,1906.0,2308,0,71,12315.2
1523.685,833.1,1906.0,2308,0,71,12303.1
1523.81,833.1,1906.0,2308,2,71,12292.4
1523.932,833.1,1906.0,2308,0,71,12279.9
1524.055,833.1,1906.0,2308,0,71,12266.7
1524.176,833.1,1906.0,2308,0,71,12253.1
1524.297,833.1,1906.0,2308,1,71,12238.3
1524.419,833.1,1906.0,2308,0,71,12224.4
1524.54,833.1,1906.0,2308,0,71,12210.3
1524.662,833.1,1906.0,2308,0,71,12196.5
1524.783,833.1,1906.0,2308,1,71,12182.5
1524.904,833.1,1906.0,2308,0,71,12169.2
1525.025,833.1,1906.0,2308,0,71,12155.1
1525.146,833.1,1906.0,2308,0,71,12141.5
1525.267,833.1,1906.0,2308,1,71,12127.7
1525.389,833.1,1906.0,2308,0,71,12113.7
1525.51,833.1,1906.0,2308,0,71,12101.9
1525.632,833.1,1906.0,2308,0,71,12088.2
1525.753,833.1,1906.0,2308,1,71,12074.6
1525.875,833.1,1906.0,2308,0,71,12060.8
1525.996,833.1,1906.0,2308,0,71,12047.0
1526.117,962.6,1906.0,2308,0,71,12033.0
1526.237,962.6,1906.0,2308,1,71,12019.0
1526.358,962.6,1906.0,2308,1,71,12005.5
1526.479,962.6,1906.0,2308,0,71,11991.4
1526.602,962.6,1906.0,2308,0,71,11978.0
1526.723,962.6,1906.0,2308,1,71,11965.0
1526.844,962.6,1906.0,2308,1,71,11952.2
1526.965,962.6,1906.0,2308,0,71,11938.4
1527.085,962.6,1906.0,2308,0,71,11924.6
1527.206,962.6,1906.0,2308,0,71,11910.6
1527.327,962.6,1906.0,2308,1,71,11897.0
1527.448,962.6,1906.0,2308,0,71,11889.5
1527.57,962.6,1906.0,2308,0,71,11877.3
1527.69,962.6,1906.0,2308,0,71,11866.8
1527.812,962.6,1906.0,2308,1,71,11666.7
1527.939,1092.1,1906.0,2308,7,71,11734.9
1528.066,1124.9,1906.0,2308,8,71,11781.8
1528.188,670.3,1906.0,2308,8,74,11783.8
1528.306,670.3,1906.0,2308,100,72,11790.6
1528.427,701.8,1906.0,2308,15,71,11781.1
1528.545,831.3,1906.0,2308,15,71,11579.0
1528.667,960.8,1906.0,2308,7,71,11354.6
1528.787,1090.3,1906.0,2308,9,71,11176.3
1528.905,1090.3,1906.0,2308,6,71,11024.2
1529.025,644.9,1906.0,2308,6,74,10910.4
1529.15,644.9,1906.0,2308,70,74,10910.8
1529.27,1082.9,1906.0,2308,46,72,10920.0
1529.389,664.9,1906.0,2308,46,75,10925.9
1529.508,666.9,1906.0,2308,89,76,10907.7
1529.626,698.4,1906.0,2308,87,73,10929.8
1529.744,827.9,1906.0,2308,7,72,10922.3
1529.863,957.4,1906.0,2308,7,72,10950.0
1529.981,957.4,1906.0,2308,6,72,10891.3
1530.099,1086.9,1906.0,2308,5,72,10902.7
1530.219,1086.9,1906.0,2308,5,71,10933.4
1530.338,668.9,1906.0,2308,7,75,10945.5
1530.456,700.4,1906.0,2308,63,72,10973.1
1530.575,829.9,1906.0,2308,7,72,11000.0
1530.693,959.4,1906.0,2308,7,72,11029.1
1530.811,1088.9,1906.0,2308,8,71,11061.0
1530.929,670.9,1906.0,2308,9,72,11079.4
1531.047,670.9,1906.0,2308,9,74,11047.0
1531.165,831.9,1906.0,2308,64,72,11078.2
1531.283,961.4,1906.0,2308,10,72,11091.2
1531.402,961.4,1906.0,2308,6,71,11117.4
1531.522,1090.9,1906.0,2308,6,71,11142.0
1531.642,672.9,1906.0,2308,7,74,11154.5
1531.761,833.9,1906.0,2308,67,72,11177.9
1531.879,963.4,1906.0,2308,67,72,11184.2
1531.999,1092.9,1906.0,2308,15,71,11210.3
1532.118,674.9,1906.0,2308,53,74,11210.3
1532.236,965.4,1906.0,2308,27,72,11223.8
1532.354,1094.9,1906.0,2308,27,71,11239.8
1532.472,676.9,1906.0,2308,43,74,11242.4
1532.59,967.4,1906.0,2308,44,72,11256.4
1532.709,678.9,1906.0,2308,44,74,11266.9
1532.827,839.9,1906.0,2308,52,73,11270.8
1532.947,969.4,1906.0,2308,36,72,11282.6
1533.065,680.9,1906.0,2308,36,73,11286.4
1533.184,712.4,1906.0,2308,50,73,11290.7
1533.303,971.4,1906.0,2308,34,72,11299.7
1533.421,682.9,1906.0,2308,38,73,11306.5
1533.54,843.9,1906.0,2308,38,73,11311.7
1533.658,1102.9,1906.0,2308,51,72,11319.2
1533.777,684.9,1906.0,2308,60,76,11319.3
1533.895,975.4,1906.0,2308,60,72,11315.6
1534.014,1104.9,1906.0,2308,26,72,11326.0
1534.133,686.9,1906.0,2308,41,75,11326.7
1534.251,847.9,1906.0,2308,40,72,11336.6
1534.369,1106.9,1906.0,2308,40,71,11346.0
1534.487,688.9,1906.0,2308,35,76,11348.7
1534.607,979.4,1906.0,2308,55,72,11358.9
1534.725,690.9,1906.0,2308,55,73,11365.5
1534.843,697.9,1906.0,2308,43,73,11370.6
1534.963,851.9,1906.0,2308,38,72,11389.3
1535.081,1110.9,1906.0,2308,24,72,11397.9
1535.199,692.9,1906.0,2308,24,74,11397.9
1535.317,853.9,1906.0,2308,59,72,11412.0
1535.436,983.4,1906.0,2308,10,71,11424.8
1535.554,1112.9,1906.0,2308,10,71,11441.0
1535.672,694.9,1906.0,2308,10,74,11452.9
1535.791,726.4,1906.0,2308,65,73,11465.5
1535.909,855.9,1906.0,2308,65,72,11484.8
1536.029,985.4,1906.0,2308,7,71,11500.4
1536.148,1114.9,1906.0,2308,9,71,11516.5
1536.266,696.9,1906.0,2308,31,73,11522.2
1536.384,728.4,1906.0,2308,31,73,11532.2
1536.503,857.9,1906.0,2308,44,71,11549.8
1536.62,987.4,1906.0,2308,7,71,11568.2
1536.739,987.4,1906.0,2308,7,71,11583.6
1536.857,1116.9,1906.0,2308,7,71,11598.5
1536.974,698.9,1906.0,2308,29,75,11602.3
1537.092,859.9,1906.0,2308,44,72,11614.7
1537.21,859.9,1906.0,2308,44,71,11637.4
1537.328,989.4,1906.0,2308,7,71,11653.0
1537.446,1118.9,1906.0,2308,6,71,11671.6
1537.564,1118.9,1906.0,2308,6,71,11688.4
1537.682,700.9,1906.0,2308,21,75,11688.5
1537.8,861.9,1906.0,2308,50,71,11707.8
1537.918,861.9,1906.0,2308,50,71,11726.1
1538.036,991.4,1906.0,2308,7,71,11726.9
1538.155,1120.9,1906.0,2308,8,71,11738.0
1538.273,1120.9,1906.0,2308,7,71,11757.6
1538.391,702.9,1906.0,2308,7,75,11760.9
1538.509,863.9,1906.0,2308,65,72,11783.0
1538.627,863.9,1906.0,2308,8,71,11801.7
1538.745,993.4,1906.0,2308,8,71,11825.9
1538.863,1122.9,1906.0,2308,7,71,11855.7
1538.982,704.9,1906.0,2308,7,71,11839.1
1539.101,736.4,1906.0,2308,66,73,11850.7
1539.219,995.4,1906.0,2308,66,71,11890.5
1539.337,1124.9,1906.0,2308,13,71,11933.3
1539.455,706.9,1906.0,2308,60,75,11936.1
1539.573,867.9,1906.0,2308,60,71,11929.1
1539.692,1126.9,1906.0,2308,25,71,11932.2
1539.81,708.9,1906.0,2308,44,75,11937.5
1539.928,869.9,1906.0,2308,44,71,11969.9
1540.046,1128.9,1906.0,2308,40,71,12003.6
1540.164,710.9,1906.0,2308,26,74,11977.2
1540.282,871.9,1906.0,2308,56,72,12019.0
1540.401,1130.9,1906.0,2308,56,71,12064.8
1540.523,712.9,1906.0,2308,33,74,12069.8
1540.644,873.9,1906.0,2308,56,71,12096.8
1540.765,1003.4,1906.0,2308,56,71,12086.8
1540.884,1132.9,1906.0,2308,5,71,12075.9
1541.005,714.9,1906.0,2308,8,74,12029.1
1541.125,714.9,1906.0,2308,64,72,11892.9
1541.245,875.9,1906.0,2308,64,71,11780.2
1541.368,875.9,1906.0,2308,5,71,11809.4
1541.49,1005.4,1906.0,2308,6,71,11843.4
1541.612,1005.4,1906.0,2308,4,71,11860.5
1541.735,1005.4,1906.0,2308,4,71,11877.2
1541.857,1134.9,1906.0,2308,2,71,11879.4
1541.977,1134.9,1906.0,2308,3,71,11878.8
1542.096,1134.9,1906.0,2308,3,71,11845.9
1542.214,716.9,1906.0,2308,4,74,11854.1
1542.336,748.4,1906.0,2308,63,72,11813.3
1542.455,877.9,1906.0,2308,6,71,11762.0
1542.573,1007.4,1906.0,2308,6,71,11613.1
1542.692,1007.4,1906.0,2308,7,71,11392.6
1542.812,1136.9,1906.0,2308,5,71,11114.4
1542.936,1136.9,1906.0,2308,5,71,10933.2
1543.059,693.6,1906.0,2308,5,74,10864.6
1543.179,695.5,1906.0,2308,63,72,10698.7
1543.306,695.5,1906.0,2308,0,71,10817.8
1543.433,695.5,1906.0,2308,0,71,10908.7
1543.56,695.5,1906.0,2308,0,71,11006.4
1543.687,695.5,1906.0,2308,1,71,10998.3
1543.814,695.5,1906.0,2308,0,71,11088.6
1543.94,695.5,1906.0,2308,0,71,11167.3
1544.066,695.5,1906.0,2308,0,71,11286.2
1544.193,695.5,1906.0,2308,1,71,11337.0
1544.32,695.5,1906.0,2308,0,71,11417.1
1544.447,695.5,1906.0,2308,0,71,11507.9
1544.574,695.5,1906.0,2308,0,71,11598.1
1544.701,695.5,1906.0,2308,0,71,11671.6
1544.827,695.5,1906.0,2308,2,71,11792.5
1544.953,695.5,1906.0,2308,2,71,11882.0
1545.08,695.5,1906.0,2308,0,71,11976.4
1545.207,695.5,1906.0,2308,1,71,12059.5
1545.333,695.5,1906.0,2308,0,71,12149.7
1545.46,695.5,1906.0,2308,0,71,12228.1
1545.586,695.5,1906.0,2308,0,71,12343.2
1545.714,695.5,1906.0,2308,1,71,12432.2
1545.84,695.5,1906.0,2308,0,71,12525.2
1545.967,695.5,1906.0,2308,0,71,12611.9
1546.094,695.5,1906.0,2308,0,71,12635.8
1546.213,695.5,1906.0,2308,1,71,12727.9
1546.341,695.5,1906.0,2308,0,71,12727.9
1546.468,695.5,1906.0,2308,0,71,12727.9
1546.596,695.5,1906.0,2308,0,71,12727.9
1546.724,695.5,1906.0,2308,1,71,12727.9
1546.851,1012.5,1906.0,2308,0,71,12648.4
1546.971,722.0,1906.0,2308,91,76,12651.4
1547.092,883.0,1906.0,2308,91,73,12662.8
1547.21,720.0,1906.0,2308,73,76,12665.8
1547.329,720.0,1906.0,2308,100,75,12667.8
1547.446,1010.5,1906.0,2308,100,72,12702.6
1547.564,718.1,1906.0,2308,23,73,12726.7
1547.683,718.1,1906.0,2308,66,76,12726.7
1547.801,879.1,1906.0,2308,66,73,12764.1
1547.919,1138.1,1906.0,2308,59,72,12790.9
1548.037,716.1,1906.0,2308,47,76,12791.7
1548.155,723.1,1906.0,2308,73,74,12797.5
1548.273,1006.6,1906.0,2308,73,72,12821.2
1548.391,1136.1,1906.0,2308,14,72,12849.8
1548.509,714.1,1906.0,2308,54,76,12851.3
1548.627,745.6,1906.0,2308,54,74,12864.3
1548.745,1004.6,1906.0,2308,66,72,12894.8
1548.863,712.2,1906.0,2308,18,72,12911.1
1548.981,712.2,1906.0,2308,87,77,12911.1
1549.099,1002.7,1906.0,2308,87,73,12929.1
1549.217,710.2,1906.0,2308,44,75,12942.8
1549.336,710.2,1906.0,2308,97,76,12942.8
1549.454,871.2,1906.0,2308,97,72,12956.5
1549.573,871.2,1906.0,2308,16,72,12971.0
1549.691,1000.7,1906.0,2308,8,71,12987.2
1549.809,1130.2,1906.0,2308,8,71,13003.8
1549.927,708.2,1906.0,2308,7,74,13010.5
1550.044,708.2,1906.0,2308,76,77,13010.5
1550.162,869.2,1906.0,2308,39,72,13021.1
1550.28,869.2,1906.0,2308,39,72,13030.0
1550.397,998.7,1906.0,2308,8,71,13044.6
1550.515,1128.2,1906.0,2308,6,71,13061.2
1550.633,1128.2,1906.0,2308,6,71,13078.3
1550.751,706.3,1906.0,2308,11,75,13079.6
1550.869,713.3,1906.0,2308,100,73,13084.1
1550.988,867.3,1906.0,2308,9,72,13100.8
1551.106,996.8,1906.0,2308,9,71,13116.7
1551.224,996.8,1906.0,2308,8,71,13111.4
1551.342,1126.3,1906.0,2308,7,71,12896.4
1551.463,704.3,1906.0,2308,7,75,12900.5
1551.582,704.3,1906.0,2308,65,74,12903.2
1551.7,865.3,1906.0,2308,47,72,12925.1
1551.818,865.3,1906.0,2308,7,71,12948.5
1551.936,994.8,1906.0,2308,7,71,12967.1
1552.054,1124.3,1906.0,2308,6,71,12986.9
1552.172,1124.3,1906.0,2308,7,71,13010.3
1552.289,702.3,1906.0,2308,7,74,13015.1
1552.407,702.3,1906.0,2308,68,75,13016.8
1552.525,863.3,1906.0,2308,44,72,13035.6
1552.643,863.3,1906.0,2308,44,71,13053.4
1552.76,992.8,1906.0,2308,7,71,13068.7
1552.878,1122.3,1906.0,2308,8,71,13085.2
1552.996,700.3,1906.0,2308,25,72,13092.8
1553.114,700.3,1906.0,2308,25,76,13092.8
1553.231,861.4,1906.0,2308,89,72,13103.0
1553.351,990.9,1906.0,2308,10,71,13119.5
1553.469,1120.4,1906.0,2308,10,71,13136.9
1553.587,698.4,1906.0,2308,11,74,13082.5
1553.708,698.4,1906.0,2308,78,75,13018.1
1553.827,859.4,1906.0,2308,37,72,13049.6
1553.945,988.9,1906.0,2308,37,71,13092.3
1554.063,1118.4,1906.0,2308,12,71,13111.3
1554.18,696.4,1906.0,2308,63,75,13113.0
1554.297,727.9,1906.0,2308,63,73,13118.0
1554.415,986.9,1906.0,2308,58,72,13130.8
1554.533,1116.4,1906.0,2308,12,71,13067.4
1554.652,694.4,1906.0,2308,12,74,13082.7
1554.769,694.4,1906.0,2308,51,76,13083.2
1554.887,855.4,1906.0,2308,66,72,13103.8
1555.005,984.9,1906.0,2308,13,71,13126.4
1555.123,1114.4,1906.0,2308,13,71,13124.1
1555.243,692.5,1906.0,2308,38,76,13125.5
1555.361,853.5,1906.0,2308,77,72,13136.8
1555.478,983.0,1906.0,2308,77,71,13154.7
1555.597,1112.5,1906.0,2308,12,71,13167.0
1555.717,690.5,1906.0,2308,34,75,13111.6
1555.834,690.5,1906.0,2308,84,73,13117.3
1555.954,851.5,1906.0,2308,84,72,13160.3
1556.072,1110.5,1906.0,2308,12,71,13184.3
1556.19,688.5,1906.0,2308,37,75,13194.5
1556.309,688.5,1906.0,2308,37,75,13190.1
1556.429,849.5,1906.0,2308,82,72,13204.2
1556.55,1108.5,1906.0,2308,14,71,13215.3
1556.67,686.6,1906.0,2308,56,75,13212.6
1556.79,686.6,1906.0,2308,56,74,13205.2
1556.911,977.1,1906.0,2308,63,72,13220.7
1557.032,1106.6,1906.0,2308,13,71,13238.9
1557.154,684.6,1906.0,2308,13,75,13233.2
1557.274,684.6,1906.0,2308,71,73,13230.4
1557.394,975.1,1906.0,2308,48,72,13233.2
1557.515,682.6,1906.0,2308,31,73,13238.6
1557.634,682.6,1906.0,2308,31,76,13229.5
1557.754,843.6,1906.0,2308,92,72,13232.6
1557.874,1102.6,1906.0,2308,16,72,13250.2
1557.995,680.7,1906.0,2308,16,75,13250.0
1558.116,680.7,1906.0,2308,60,75,13247.7
1558.237,841.7,1906.0,2308,57,72,13284.5
1558.358,1100.7,1906.0,2308,14,71,13317.5
1558.48,678.7,1906.0,2308,14,73,13327.5
1558.601,678.7,1906.0,2308,51,77,13318.4
1558.722,839.7,1906.0,2308,65,72,13352.1
1558.842,839.7,1906.0,2308,7,71,13401.3
1559.038,969.2,1906.0,2308,2,71,13364.1
1559.426,969.2,1906.0,2308,2,71,13320.7
1559.837,969.2,1906.0,2308,0,71,13277.3
1560.235,1098.7,1906.0,2308,1,71,13212.5
1560.741,1098.7,1906.0,2308,1,75,13179.8
1561.09,683.7,1906.0,2308,13,71,13153.8
1561.396,837.7,1906.0,2308,2,71,13117.2
1561.751,837.7,1906.0,2308,1,71,13078.6
1562.126,967.2,1906.0,2308,1,71,13031.8
1562.507,967.2,1906.0,2308,3,71,12961.5
1562.967,1096.7,1906.0,2308,50,75,12914.1
1563.335,681.8,1906.0,2308,1,71,12877.8
1563.678,835.8,1906.0,2308,1,71,12837.7
1564.109,835.8,1906.0,2308,3,71,12802.2
1564.447,965.3,1906.0,2308,2,71,12763.0
1564.815,965.3,1906.0,2308,0,71,12701.3
1565.294,965.3,1906.0,2308,0,71,12658.1
1565.691,1094.8,1906.0,2308,1,71,12609.5
1566.149,1094.8,1906.0,2308,0,71,12564.4
1566.568,1094.8,1906.0,2308,43,73,12545.2
1566.821,672.8,1906.0,2308,43,75,12544.9
1566.957,833.8,1906.0,2308,3,72,12514.9
1567.165,833.8,1906.0,2308,3,71,12258.6
1567.302,963.3,1906.0,2308,8,71,12268.8
1567.429,1092.8,1906.0,2308,5,71,12269.3
1567.55,1092.8,1906.0,2308,1,71,12259.6
1567.671,1092.8,1906.0,2308,1,71,12247.5
1567.792,1092.8,1906.0,2308,1,71,12235.4
1567.916,1092.8,1906.0,2308,0,71,12222.2
1568.036,1092.8,1906.0,2308,0,71,12208.5
1568.157,1092.8,1906.0,2308,0,71,12195.4
1568.278,1092.8,1906.0,2308,1,71,12182.0
1568.399,1092.8,1906.0,2308,0,71,12168.6
1568.52,1092.8,1906.0,2308,0,71,12154.7
1568.641,1092.8,1906.0,2308,0,71,12141.1
1568.762,1092.8,1906.0,2308,1,71,12127.5
1568.883,1092.8,1906.0,2308,0,71,12113.7
1569.004,1092.8,1906.0,2308,0,71,12101.5
1569.125,1092.8,1906.0,2308,0,71,12088.1
1569.248,1092.8,1906.0,2308,1,71,12074.6
1569.369,1092.8,1906.0,2308,1,71,12061.8
1569.49,1092.8,1906.0,2308,0,71,12048.0
1569.611,1092.8,1906.0,2308,0,71,12036.4
1569.731,1092.8,1906.0,2308,1,70,12022.6
1569.852,1092.8,1906.0,2308,1,70,12009.0
1569.973,1092.8,1906.0,2308,0,70,11995.3
1570.094,1092.8,1906.0,2308,0,70,11982.5
1570.215,1092.8,1906.0,2308,2,70,11973.6
1570.334,670.8,1906.0,2308,2,71,11942.8
1570.453,670.8,1906.0,2308,53,73,11942.8
1570.571,674.3,1906.0,2308,71,71,11785.9
1570.692,831.8,1906.0,2308,71,71,11758.9
1570.813,831.8,1906.0,2308,6,71,11570.3
1570.935,961.3,1906.0,2308,5,71,11604.0
1571.053,961.3,1906.0,2308,5,71,11619.6
1571.175,1090.8,1906.0,2308,5,71,11335.4
1571.294,645.3,1906.0,2308,7,72,11177.9
1571.412,645.3,1906.0,2308,76,76,11177.9
1571.531,637.4,1906.0,2308,76,72,11180.8
1571.649,638.7,1906.0,2308,35,72,11192.2
1571.767,1081.7,1906.0,2308,13,72,11202.1
1571.885,663.8,1906.0,2308,13,73,11202.1
1572.003,665.8,1906.0,2308,79,73,11203.1
1572.121,826.8,1906.0,2308,87,74,11171.1
1572.24,1085.8,1906.0,2308,28,72,11174.7
1572.359,667.9,1906.0,2308,28,76,11174.8
1572.477,958.4,1906.0,2308,67,72,11179.0
1572.595,669.9,1906.0,2308,29,73,11180.9
1572.713,701.5,1906.0,2308,29,73,11196.1
1572.832,831.0,1906.0,2308,62,72,11238.4
1572.951,960.5,1906.0,2308,9,71,11291.9
1573.07,1090.0,1906.0,2308,6,71,11343.0
1573.188,1090.0,1906.0,2308,6,71,11364.8
1573.306,672.0,1906.0,2308,28,75,11364.9
1573.425,833.0,1906.0,2308,46,72,11386.3
1573.543,1092.0,1906.0,2308,46,71,11408.6
1573.661,674.1,1906.0,2308,14,72,11425.1
1573.779,674.1,1906.0,2308,61,73,11425.7
1573.897,835.1,1906.0,2308,16,72,11437.9
1574.016,1094.1,1906.0,2308,16,71,11447.7
1574.135,676.1,1906.0,2308,31,75,11449.3
1574.253,837.1,1906.0,2308,51,72,11455.3
1574.37,966.6,1906.0,2308,51,71,11465.1
1574.489,678.2,1906.0,2308,15,71,11470.6
1574.607,709.7,1906.0,2308,68,74,11474.5
1574.725,968.7,1906.0,2308,68,71,11480.2
1574.843,1098.2,1906.0,2308,13,71,11489.8
1574.961,680.2,1906.0,2308,16,74,11493.4
1575.079,711.7,1906.0,2308,59,72,11498.1
1575.197,841.2,1906.0,2308,59,71,11503.1
1575.316,1100.2,1906.0,2308,12,71,11514.4
1575.436,682.3,1906.0,2308,20,73,11517.1
1575.554,843.3,1906.0,2308,20,72,11524.3
1575.672,684.3,1906.0,2308,63,72,11538.0
1575.79,715.8,1906.0,2308,72,73,11539.6
1575.91,974.8,1906.0,2308,17,71,11538.4
1576.028,1104.3,1906.0,2308,17,71,11548.1
1576.147,686.4,1906.0,2308,16,75,11550.5
1576.265,717.9,1906.0,2308,62,72,11557.8
1576.383,976.9,1906.0,2308,62,71,11571.5
1576.501,1106.4,1906.0,2308,11,71,11574.0
1576.62,688.4,1906.0,2308,42,75,11576.7
1576.738,849.4,1906.0,2308,42,72,11588.5
1576.856,978.9,1906.0,2308,41,71,11584.0
1576.974,1108.4,1906.0,2308,12,71,11578.9
1577.093,690.5,1906.0,2308,60,75,11581.2
1577.211,851.5,1906.0,2308,60,72,11585.1
1577.329,851.5,1906.0,2308,13,71,11525.3
1577.447,1110.5,1906.0,2308,12,71,11543.1
1577.566,692.5,1906.0,2308,12,74,11546.7
1577.683,853.5,1906.0,2308,69,72,11545.4
1577.802,983.0,1906.0,2308,9,71,11563.5
1577.92,1112.5,1906.0,2308,9,71,11581.0
1578.039,1112.5,1906.0,2308,9,71,11601.9
1578.157,694.6,1906.0,2308,24,75,11605.7
1578.275,855.6,1906.0,2308,49,71,11623.7
1578.393,855.6,1906.0,2308,49,71,11626.3
1578.511,985.1,1906.0,2308,6,71,11645.0
1578.63,1114.6,1906.0,2308,8,71,11647.7
1578.748,1114.6,1906.0,2308,11,71,11661.2
1578.866,696.6,1906.0,2308,11,73,11666.0
1578.984,857.7,1906.0,2308,62,71,11681.4
1579.103,857.7,1906.0,2308,7,71,11697.1
1579.221,987.2,1906.0,2308,7,71,11712.2
1579.339,1116.7,1906.0,2308,7,71,11721.8
1579.458,1116.7,1906.0,2308,7,71,11740.2
1579.576,698.7,1906.0,2308,7,75,11742.5
1579.694,859.7,1906.0,2308,65,71,11759.8
1579.812,859.7,1906.0,2308,7,71,11782.1
1579.93,989.2,1906.0,2308,6,71,11755.0
1580.048,1118.7,1906.0,2308,6,71,11776.8
1580.166,1118.7,1906.0,2308,6,71,11789.1
1580.284,700.8,1906.0,2308,36,74,11792.1
1580.402,861.8,1906.0,2308,36,71,11802.5
1580.52,861.8,1906.0,2308,36,71,11813.2
1580.638,991.3,1906.0,2308,7,71,11801.5
1580.756,1120.8,1906.0,2308,7,71,11803.3
1580.875,1120.8,1906.0,2308,7,70,11829.4
1580.993,702.8,1906.0,2308,10,74,11818.2
1581.111,863.8,1906.0,2308,61,71,11830.5
1581.229,863.8,1906.0,2308,61,71,11853.5
1581.347,993.3,1906.0,2308,7,71,11870.6
1581.465,1122.8,1906.0,2308,7,70,11892.6
1581.583,1124.9,1906.0,2308,7,70,11904.2
1581.701,708.4,1906.0,2308,21,74,11908.4
1581.819,995.4,1906.0,2308,57,71,11923.9
1581.937,706.9,1906.0,2308,35,72,11928.2
1582.055,738.4,1906.0,2308,35,72,11931.5
1582.173,997.4,1906.0,2308,51,71,11947.3
1582.291,1126.9,1906.0,2308,16,70,11962.5
1582.408,709.0,1906.0,2308,16,74,11962.5
1582.526,870.0,1906.0,2308,64,71,11974.8
1582.644,1129.0,1906.0,2308,16,71,11990.2
1582.762,711.0,1906.0,2308,51,74,11996.6
1582.881,872.0,1906.0,2308,51,71,12008.3
1582.999,1131.0,1906.0,2308,33,71,11972.6
1583.118,713.1,1906.0,2308,41,74,11986.8
1583.236,874.1,1906.0,2308,41,72,12014.0
1583.353,1133.1,1906.0,2308,43,71,12042.1
1583.471,715.1,1906.0,2308,23,72,12057.5
1583.589,876.1,1906.0,2308,23,72,12080.9
1583.707,1005.6,1906.0,2308,59,71,12029.5
1583.834,1005.6,1906.0,2308,9,71,12046.8
1583.952,1135.1,1906.0,2308,4,70,12025.0
1584.071,1135.1,1906.0,2308,4,70,12039.6
1584.191,717.2,1906.0,2308,5,73,12063.8
1584.31,717.2,1906.0,2308,63,72,12067.3
1584.43,748.7,1906.0,2308,63,71,12063.9
1584.549,748.7,1906.0,2308,1,70,12069.8
1584.669,878.2,1906.0,2308,3,70,12032.0
1584.789,878.2,1906.0,2308,5,70,11993.5
1584.912,1007.7,1906.0,2308,5,70,11966.8
1585.032,1007.7,1906.0,2308,3,70,11939.5
1585.152,1137.2,1906.0,2308,4,70,11921.0
1585.271,1137.2,1906.0,2308,6,70,11781.7
1585.39,693.9,1906.0,2308,6,73,11630.5
1585.508,695.9,1906.0,2308,64,71,11708.6
1585.633,695.9,1906.0,2308,1,71,11815.9
1585.753,695.9,1906.0,2308,1,71,11909.2
1585.88,695.9,1906.0,2308,0,71,12007.9
1586.006,695.9,1906.0,2308,0,70,12098.2
1586.132,695.9,1906.0,2308,0,70,12186.1
1586.257,695.9,1906.0,2308,0,70,12268.0
1586.385,695.9,1906.0,2308,2,71,12348.8
1586.512,695.9,1906.0,2308,0,70,12438.3
1586.637,695.9,1906.0,2308,2,71,12535.6
1586.764,695.9,1906.0,2308,2,71,12625.8
1586.89,695.9,1906.0,2308,0,70,12540.4
1587.019,695.9,1906.0,2308,0,71,12610.5
1587.146,695.9,1906.0,2308,1,71,12731.1
1587.273,695.9,1906.0,2308,0,70,12823.9
1587.399,695.9,1906.0,2308,0,70,12876.4
1587.527,695.9,1906.0,2308,0,71,12824.9
1587.654,695.9,1906.0,2308,1,71,12914.5
1587.78,695.9,1906.0,2308,0,71,12991.7
1587.906,695.9,1906.0,2308,0,71,13073.8
1588.034,695.9,1906.0,2308,0,71,13009.5
1588.162,695.9,1906.0,2308,1,71,13076.3
1588.288,695.9,1906.0,2308,0,71,13139.9
1588.414,695.9,1906.0,2308,0,71,13096.4
1588.536,695.9,1906.0,2308,0,71,13036.6
1588.657,695.9,1906.0,2308,1,71,13039.8
1588.785,695.9,1906.0,2308,0,71,13039.8
1588.912,695.9,1906.0,2308,0,71,13039.8
1589.04,695.9,1906.0,2308,0,71,13039.8
1589.168,695.9,1906.0,2308,1,71,13039.8
1589.302,722.5,1906.0,2308,39,72,12965.6
1589.423,722.5,1906.0,2308,39,76,12965.6
1589.542,883.5,1906.0,2308,95,72,12979.2
1589.66,720.5,1906.0,2308,30,73,13007.9
1589.778,720.5,1906.0,2308,30,77,13007.9
1589.895,881.5,1906.0,2308,100,72,13026.8
1590.013,1140.5,1906.0,2308,16,71,13048.1
1590.131,718.5,1906.0,2308,45,74,13056.1
1590.249,718.5,1906.0,2308,45,75,13056.1
1590.367,1009.0,1906.0,2308,76,72,13065.5
1590.485,1138.5,1906.0,2308,15,71,13082.0
1590.603,716.5,1906.0,2308,15,74,13085.2
1590.722,716.5,1906.0,2308,70,75,13086.4
1590.84,1007.0,1906.0,2308,50,72,13092.4
1590.958,1175.9,1906.0,2308,25,71,13098.2
1591.076,714.6,1906.0,2308,25,76,13098.2
1591.194,875.6,1906.0,2308,97,73,13102.0
1591.312,1134.6,1906.0,2308,18,71,13108.1
1591.43,712.6,1906.0,2308,18,74,13111.3
1591.548,712.6,1906.0,2308,60,76,13111.3
1591.666,873.6,1906.0,2308,60,72,13118.5
1591.784,1132.6,1906.0,2308,60,71,13124.7
1591.903,710.6,1906.0,2308,17,75,13125.9
1592.021,710.6,1906.0,2308,96,73,13129.9
1592.138,871.6,1906.0,2308,17,72,13143.8
1592.256,1001.1,1906.0,2308,17,71,13158.6
1592.374,1001.1,1906.0,2308,7,71,13173.7
1592.492,1130.6,1906.0,2308,6,71,13189.0
1592.609,708.6,1906.0,2308,6,74,13191.5
1592.727,708.6,1906.0,2308,61,76,13191.9
1592.845,869.6,1906.0,2308,54,72,13202.6
1592.963,869.6,1906.0,2308,54,71,13212.2
1593.081,999.1,1906.0,2308,7,71,13187.6
1593.201,1128.6,1906.0,2308,8,71,13159.1
1593.324,1128.6,1906.0,2308,7,71,13138.7
1593.442,706.6,1906.0,2308,7,75,13138.3
1593.561,706.6,1906.0,2308,91,73,13142.1
1593.68,867.6,1906.0,2308,21,71,13155.9
1593.798,997.1,1906.0,2308,21,71,13171.1
1593.916,997.1,1906.0,2308,7,71,13185.9
1594.034,1126.6,1906.0,2308,6,71,13201.3
1594.152,1126.6,1906.0,2308,7,71,13213.0
1594.269,704.7,1906.0,2308,7,75,13214.7
1594.387,704.7,1906.0,2308,83,73,13220.5
1594.506,865.7,1906.0,2308,28,71,13235.6
1594.624,865.7,1906.0,2308,28,71,13249.8
1594.743,995.2,1906.0,2308,8,71,13263.9
1594.863,1124.7,1906.0,2308,7,71,13270.1
1594.983,702.7,1906.0,2308,48,74,13266.2
1595.104,702.7,1906.0,2308,48,73,13262.0
1595.225,863.7,1906.0,2308,67,71,13274.5
1595.345,993.2,1906.0,2308,7,71,13284.6
1595.466,1122.7,1906.0,2308,7,71,13294.3
1595.586,700.7,1906.0,2308,9,72,13293.7
1595.708,700.7,1906.0,2308,59,76,13284.1
1595.828,861.7,1906.0,2308,56,72,13287.3
1595.949,991.2,1906.0,2308,56,71,13294.8
1596.07,1120.7,1906.0,2308,10,71,13303.1
1596.192,698.7,1906.0,2308,10,73,13307.4
1596.313,698.7,1906.0,2308,99,76,13298.1
1596.434,859.7,1906.0,2308,99,72,13306.1
1596.555,989.2,1906.0,2308,16,71,13309.7
1596.676,696.7,1906.0,2308,33,74,13306.0
1596.798,696.7,1906.0,2308,33,76,13297.0
1596.92,857.8,1906.0,2308,89,72,13299.2
1597.044,1116.8,1906.0,2308,13,71,13300.4
1597.165,694.8,1906.0,2308,46,75,13295.6
1597.286,694.8,1906.0,2308,46,74,13288.6
1597.408,855.8,1906.0,2308,73,71,13293.7
1597.529,1114.8,1906.0,2308,14,71,13294.5
1597.65,692.8,1906.0,2308,53,75,13289.0
1597.772,692.8,1906.0,2308,53,74,13280.6
1597.894,983.3,1906.0,2308,67,71,13284.2
1598.015,1112.8,1906.0,2308,12,71,13288.3
1598.136,690.8,1906.0,2308,12,74,13282.3
1598.257,690.8,1906.0,2308,61,75,13278.5
1598.379,851.8,1906.0,2308,56,72,13297.7
1598.5,1110.8,1906.0,2308,16,71,13307.4
1598.621,688.8,1906.0,2308,16,75,13298.4
1598.742,695.8,1906.0,2308,88,73,13295.0
1598.864,849.8,1906.0,2308,28,71,13301.6
1598.984,979.3,1906.0,2308,10,71,13307.2
1599.106,1108.8,1906.0,2308,10,71,13315.6
1599.227,686.9,1906.0,2308,44,75,13306.3
1599.348,847.9,1906.0,2308,73,72,13305.6
1599.469,977.4,1906.0,2308,73,71,13314.8
1599.591,1106.9,1906.0,2308,10,71,13325.3
1599.712,684.9,1906.0,2308,11,73,13328.3
1599.832,684.9,1906.0,2308,90,76,13319.0
1599.953,845.9,1906.0,2308,90,72,13321.2
1600.074,975.4,1906.0,2308,26,71,13327.7
1600.195,1175.6,1906.0,2308,13,72,13331.2
1600.316,682.9,1906.0,2308,13,76,13322.0
1600.436,843.9,1906.0,2308,90,72,13322.1
1600.559,973.4,1906.0,2308,26,71,13326.1
1600.703,1102.9,1906.0,2308,13,71,13318.9
1600.877,680.9,1906.0,2308,39,75,13308.3
1601.005,712.4,1906.0,2308,72,71,13291.5
1601.243,841.9,1906.0,2308,3,71,13257.6
1601.598,1100.9,1906.0,2308,8,71,13225.7
1601.946,678.9,1906.0,2308,58,74,13206.0
1602.238,839.9,1906.0,2308,1,71,13169.5
1602.627,839.9,1906.0,2308,1,71,13127.7
1603.035,969.4,1906.0,2308,3,71,13087.4
1603.426,969.4,1906.0,2308,2,71,13030.4
1603.893,1098.9,1906.0,2308,2,71,12987.1
1604.292,1098.9,1906.0,2308,1,71,12942.7
1604.728,677.0,1906.0,2308,80,72,12900.3
1605.009,838.0,1906.0,2308,2,71,12852.2
1605.328,838.0,1906.0,2308,1,71,12785.9
1605.724,967.5,1906.0,2308,1,71,12708.8
1606.144,1097.0,1906.0,2308,2,71,12670.9
1606.517,675.0,1906.0,2308,52,75,12662.5
1606.683,706.5,1906.0,2308,1,71,12635.3
1606.999,836.0,1906.0,2308,2,71,12596.5
1607.394,965.5,1906.0,2308,3,71,12554.6
1607.807,965.5,1906.0,2308,2,71,12538.4
1607.991,1095.0,1906.0,2308,2,71,12537.8
1608.115,1095.0,1906.0,2308,5,71,12491.9
1608.318,673.0,1906.0,2308,5,75,12289.8
1608.443,704.5,1906.0,2308,84,73,12309.3
1608.565,834.0,1906.0,2308,28,72,12336.4
1608.687,834.0,1906.0,2308,2,71,12321.2
1608.808,834.0,1906.0,2308,2,71,12309.7
1608.93,834.0,1906.0,2308,0,71,12297.1
1609.052,834.0,1906.0,2308,0,71,12283.7
1609.173,834.0,1906.0,2308,0,71,12271.4
1609.295,834.0,1906.0,2308,2,71,12258.3
1609.417,834.0,1906.0,2308,0,71,12245.5
1609.537,834.0,1906.0,2308,0,71,12231.4
1609.658,834.0,1906.0,2308,0,71,12217.9
1609.778,834.0,1906.0,2308,2,71,12203.8
1609.899,834.0,1906.0,2308,0,71,12190.0
1610.019,834.0,1906.0,2308,0,71,12176.5
1610.14,834.0,1906.0,2308,0,71,12162.8
1610.26,834.0,1906.0,2308,2,71,12149.2
1610.38,834.0,1906.0,2308,0,71,12135.3
1610.5,834.0,1906.0,2308,0,71,12121.6
1610.621,834.0,1906.0,2308,1,71,12108.0
1610.743,834.0,1906.0,2308,2,71,12094.1
1610.863,834.0,1906.0,2308,0,71,12080.3
1610.983,834.0,1906.0,2308,0,71,12066.4
1611.103,834.0,1906.0,2308,1,71,12046.6
1611.224,963.5,1906.0,2308,2,71,11937.9
1611.346,963.5,1906.0,2308,2,71,11694.8
1611.468,1093.0,1906.0,2308,6,71,11765.4
1611.589,1093.0,1906.0,2308,6,71,11735.6
1611.707,671.0,1906.0,2308,70,75,11737.5
1611.825,702.5,1906.0,2308,70,73,11716.9
1611.943,832.0,1906.0,2308,43,72,11736.6
1612.062,832.0,1906.0,2308,6,71,11714.2
1612.18,961.5,1906.0,2308,6,71,11752.8
1612.298,961.5,1906.0,2308,6,71,11736.9
1612.416,1091.0,1906.0,2308,6,71,11743.5
1612.534,1125.1,1906.0,2308,12,72,11774.0
1612.653,645.6,1906.0,2308,12,75,11774.0
1612.771,637.4,1906.0,2308,100,72,11780.6
1612.889,665.4,1906.0,2308,42,72,11785.1
1613.007,1085.4,1906.0,2308,42,73,11784.2
1613.127,667.6,1906.0,2308,98,74,11785.3
1613.258,669.9,1906.0,2308,71,75,11788.2
1613.377,830.9,1906.0,2308,72,73,11790.1
1613.496,672.2,1906.0,2308,72,75,11793.5
1613.615,962.7,1906.0,2308,78,72,11803.8
1613.735,674.4,1906.0,2308,69,76,11805.9
1613.853,676.7,1906.0,2308,69,73,11812.0
1613.972,837.7,1906.0,2308,71,73,11815.2
1614.09,679.0,1906.0,2308,66,75,11818.4
1614.209,840.0,1906.0,2308,69,73,11820.1
1614.327,681.3,1906.0,2308,69,75,11825.0
1614.446,842.3,1906.0,2308,68,74,11827.1
1614.565,683.5,1906.0,2308,54,73,11829.9
1614.682,844.5,1906.0,2308,54,73,11832.6
1614.801,685.8,1906.0,2308,59,72,11837.1
1614.919,685.8,1906.0,2308,71,74,11837.6
1615.037,688.1,1906.0,2308,71,72,11842.0
1615.156,688.1,1906.0,2308,45,74,11843.1
1615.274,690.4,1906.0,2308,64,73,11845.8
1615.393,721.9,1906.0,2308,71,73,11846.7
1615.512,692.6,1906.0,2308,71,73,11849.6
1615.63,724.1,1906.0,2308,61,73,11850.5
1615.75,694.9,1906.0,2308,50,73,11853.5
1615.868,701.9,1906.0,2308,50,73,11855.2
1615.986,697.2,1906.0,2308,70,74,11857.2
1616.104,858.2,1906.0,2308,81,73,11859.1
1616.222,699.5,1906.0,2308,47,74,11861.6
1616.34,860.5,1906.0,2308,47,73,11863.0
1616.458,701.7,1906.0,2308,59,75,11864.6
1616.576,992.2,1906.0,2308,74,72,11865.7
1616.696,704.0,1906.0,2308,74,76,11866.5
1616.815,994.5,1906.0,2308,81,72,11869.2
1616.934,706.3,1906.0,2308,49,76,11870.1
1617.053,867.3,1906.0,2308,43,72,11880.9
1617.171,867.3,1906.0,2308,43,72,11891.3
1617.289,996.8,1906.0,2308,8,71,11910.3
1617.408,1126.3,1906.0,2308,6,71,11935.5
1617.525,708.5,1906.0,2308,6,71,11947.8
1617.643,708.5,1906.0,2308,37,74,11948.5
1617.761,869.6,1906.0,2308,37,72,11877.5
1617.879,869.6,1906.0,2308,37,71,11893.2
1617.997,999.1,1906.0,2308,7,71,11906.8
1618.115,1128.6,1906.0,2308,7,71,11923.0
1618.234,710.8,1906.0,2308,32,73,11930.4
1618.352,742.3,1906.0,2308,32,72,11938.7
1618.47,871.8,1906.0,2308,44,71,11970.6
1618.588,1130.8,1906.0,2308,14,71,11993.7
1618.706,713.1,1906.0,2308,14,74,12004.6
1618.824,744.6,1906.0,2308,57,72,12008.5
1618.942,1003.6,1906.0,2308,22,71,12041.0
1619.059,1133.1,1906.0,2308,22,71,12070.8
1619.178,715.4,1906.0,2308,15,74,12074.6
1619.296,746.9,1906.0,2308,65,72,12080.7
1619.416,876.4,1906.0,2308,6,71,12083.7
1619.535,1005.9,1906.0,2308,6,71,12062.6
1619.655,1135.4,1906.0,2308,10,71,12073.9
1619.773,717.6,1906.0,2308,33,74,12044.2
1619.896,878.6,1906.0,2308,48,72,12051.6
1620.017,1008.1,1906.0,2308,48,71,12087.1
1620.136,1008.1,1906.0,2308,8,71,12087.2
1620.258,1137.6,1906.0,2308,6,71,12026.2
1620.379,719.9,1906.0,2308,6,75,11765.1
1620.501,880.9,1906.0,2308,66,71,11828.5
1620.636,1010.4,1906.0,2308,10,71,11880.6
1620.754,1139.9,1906.0,2308,9,71,11927.9
1620.874,722.2,1906.0,2308,9,71,11962.5
1620.992,722.2,1906.0,2308,37,73,11976.5
1621.11,883.2,1906.0,2308,37,71,12017.2
1621.228,1012.7,1906.0,2308,37,71,12053.1
1621.347,1012.7,1906.0,2308,7,71,12067.8
1621.467,1012.7,1906.0,2308,3,71,12066.5
1621.585,1142.2,1906.0,2308,8,71,12046.3
1621.711,724.5,1906.0,2308,8,74,12054.7
1621.829,885.5,1906.0,2308,67,72,12053.0
1621.948,1015.0,1906.0,2308,9,71,11971.0
1622.068,1015.0,1906.0,2308,9,71,11935.9
1622.187,1144.5,1906.0,2308,7,71,11874.7
1622.306,1144.5,1906.0,2308,6,71,11815.7
1622.426,701.4,1906.0,2308,56,75,11779.6
1622.544,703.6,1906.0,2308,56,71,11865.4
1622.665,703.6,1906.0,2308,10,71,11980.2
1622.792,703.6,1906.0,2308,1,71,12071.1
1622.919,703.6,1906.0,2308,0,71,12168.6
1623.045,703.6,1906.0,2308,0,71,12256.7
1623.172,703.6,1906.0,2308,1,71,12340.6
1623.297,703.6,1906.0,2308,1,71,12420.2
1623.425,703.6,1906.0,2308,0,71,12535.4
1623.55,703.6,1906.0,2308,0,71,12514.3
1623.688,703.6,1906.0,2308,1,71,12593.6
1623.814,703.6,1906.0,2308,1,71,12667.0
1623.941,703.6,1906.0,2308,0,71,12738.7
1624.068,703.6,1906.0,2308,0,71,12808.4
1624.199,703.6,1906.0,2308,1,71,12895.8
1624.326,703.6,1906.0,2308,1,71,12976.4
1624.454,703.6,1906.0,2308,0,71,13054.7
1624.582,703.6,1906.0,2308,1,71,13131.6
1624.709,703.6,1906.0,2308,0,71,13152.3
1625.065,703.6,1906.0,2308,1,70,13162.9
1625.393,703.6,1906.0,2308,0,70,13171.2
1625.668,703.6,1906.0,2308,1,70,13178.7
1625.975,703.6,1906.0,2308,1,70,13187.8
1626.296,703.6,1906.0,2308,0,70,13193.3
1626.578,703.6,1906.0,2308,1,70,13195.6
1626.834,703.6,1906.0,2308,0,70,13184.9
1627.117,703.6,1906.0,2308,2,70,13186.8
1627.339,703.6,1906.0,2308,0,70,13187.7
1627.554,703.6,1906.0,2308,2,70,13175.0
1627.753,703.6,1906.0,2308,2,70,12671.8
1627.875,703.6,1906.0,2308,0,70,12328.8
1627.994,703.6,1906.0,2308,0,70,12570.2
1628.115,703.6,1906.0,2308,2,70,12542.9
1628.241,703.6,1906.0,2308,2,70,12628.8
1628.367,703.6,1906.0,2308,0,70,12684.3
1628.493,703.6,1906.0,2308,0,70,12769.3
1628.619,703.6,1906.0,2308,2,70,12850.2
1628.744,703.6,1906.0,2308,2,70,12916.0
1628.87,703.6,1906.0,2308,0,70,12939.6
1628.997,703.6,1906.0,2308,0,70,12959.3
1629.126,703.6,1906.0,2308,2,70,12960.6
1629.254,703.6,1906.0,2308,2,70,12960.6
1629.382,705.9,1906.0,2308,0,70,12868.0
1629.501,730.3,1926.0,2328,46,72,12871.6
1629.62,730.3,1926.0,2328,100,75,12871.6
1629.743,728.1,1926.0,2328,100,73,12874.0
1629.861,728.1,1926.0,2328,83,77,12874.0
1629.979,1148.1,1926.0,2328,81,72,12875.6
1630.098,725.9,1926.0,2328,81,76,12875.8
1630.217,886.9,1926.0,2328,94,74,12878.1
1630.336,1145.9,1926.0,2328,48,72,12895.1
1630.455,723.6,1926.0,2328,85,76,12895.1
1630.573,884.6,1926.0,2328,85,73,12898.1
1630.692,1496.2,1926.0,2328,52,72,12904.3
1630.81,721.4,1926.0,2328,76,76,12904.3
1630.929,882.4,1926.0,2328,76,73,12907.4
1631.047,719.1,1926.0,2328,60,73,12911.1
1631.166,719.1,1926.0,2328,77,77,12911.1
1631.284,1009.6,1926.0,2328,77,73,12915.4
1631.403,716.9,1926.0,2328,64,75,12917.5
1631.521,716.9,1926.0,2328,83,76,12920.4
1631.654,877.9,1926.0,2328,49,72,12933.0
1631.772,1007.4,1926.0,2328,49,72,12945.2
1631.89,714.7,1926.0,2328,11,74,12950.2
1632.008,714.7,1926.0,2328,79,77,12950.2
1632.126,875.7,1926.0,2328,47,72,12958.7
1632.245,1005.2,1926.0,2328,47,72,12970.0
1632.363,1134.7,1926.0,2328,10,71,12982.7
1632.481,712.4,1926.0,2328,52,75,12984.1
1632.599,712.4,1926.0,2328,52,74,12985.6
1632.717,1002.9,1926.0,2328,74,72,13004.0
1632.835,710.2,1926.0,2328,36,74,13006.1
1632.954,710.2,1926.0,2328,36,77,13006.1
1633.072,871.2,1926.0,2328,96,72,13021.5
1633.19,1130.2,1926.0,2328,18,72,13039.7
1633.308,707.9,1926.0,2328,69,76,13039.8
1633.427,868.9,1926.0,2328,69,74,13045.6
1633.545,1127.9,1926.0,2328,60,72,13064.9
1633.664,705.7,1926.0,2328,34,74,13079.1
1633.782,705.7,1926.0,2328,34,77,13079.1
1633.902,996.2,1926.0,2328,94,72,13098.8
1634.02,703.4,1926.0,2328,20,73,13108.1
1634.137,703.4,1926.0,2328,90,76,13108.1
1634.256,864.5,1926.0,2328,90,73,13121.7
1634.375,994.0,1926.0,2328,36,72,13150.8
1634.493,701.2,1926.0,2328,48,75,13155.2
1634.611,701.2,1926.0,2328,48,76,13156.4
1634.73,991.7,1926.0,2328,88,72,13171.4
1634.848,699.0,1926.0,2328,19,74,13183.8
1634.966,699.0,1926.0,2328,19,77,13183.8
1635.084,860.0,1926.0,2328,98,72,13195.4
1635.208,696.7,1926.0,2328,38,75,13133.4
1635.328,696.7,1926.0,2328,93,76,13055.2
1635.46,857.7,1926.0,2328,93,72,13032.8
1635.578,1116.7,1926.0,2328,32,72,13048.4
1635.697,694.5,1926.0,2328,39,76,13050.9
1635.815,694.5,1926.0,2328,89,74,13055.8
1635.933,985.0,1926.0,2328,89,72,13068.2
1636.051,1114.5,1926.0,2328,15,72,13077.4
1636.169,692.2,1926.0,2328,61,76,13077.5
1636.287,723.7,1926.0,2328,61,73,13082.7
1636.405,982.7,1926.0,2328,66,72,13099.0
1636.523,1112.2,1926.0,2328,14,72,13116.4
1636.641,690.0,1926.0,2328,76,75,13116.5
1636.759,851.0,1926.0,2328,76,74,13120.9
1636.877,980.5,1926.0,2328,53,72,13139.1
1636.996,1110.0,1926.0,2328,12,72,13171.2
1637.114,687.7,1926.0,2328,12,75,13174.8
1637.232,687.7,1926.0,2328,78,75,13179.0
1637.35,848.8,1926.0,2328,43,72,13192.1
1637.47,978.3,1926.0,2328,43,72,12890.2
1637.594,685.5,1926.0,2328,14,73,12863.3
1637.712,685.5,1926.0,2328,63,76,12863.3
1637.83,846.5,1926.0,2328,59,73,12873.0
1637.948,976.0,1926.0,2328,59,72,12887.7
1638.067,1105.5,1926.0,2328,12,71,12891.7
1638.185,683.3,1926.0,2328,27,74,12907.9
1638.303,683.3,1926.0,2328,27,76,12908.2
1638.421,844.3,1926.0,2328,96,72,12960.8
1638.54,973.8,1926.0,2328,10,72,12996.5
1638.659,1103.3,1926.0,2328,13,71,13044.4
1638.777,681.0,1926.0,2328,13,75,13060.0
1638.896,681.0,1926.0,2328,69,75,13060.0
1639.014,842.0,1926.0,2328,50,72,13108.5
1639.132,842.0,1926.0,2328,50,72,13174.5
1639.253,971.5,1926.0,2328,9,71,13222.6
1639.376,1101.0,1926.0,2328,5,71,13294.7
1639.497,1103.3,1926.0,2328,8,72,13164.9
1639.616,678.8,1926.0,2328,8,76,13122.7
1639.737,710.3,1926.0,2328,100,73,13122.7
1639.861,839.8,1926.0,2328,21,72,13192.0
1639.988,969.3,1926.0,2328,7,71,13255.2
1640.106,1098.8,1926.0,2328,7,71,13317.2
1640.224,696.9,1926.0,2328,9,72,13117.1
1640.343,676.5,1926.0,2328,76,76,12734.7
1640.467,837.5,1926.0,2328,76,73,12784.7
1640.586,837.5,1926.0,2328,42,72,12858.7
1640.705,967.0,1926.0,2328,9,71,12940.9
1640.824,1096.5,1926.0,2328,8,71,13024.2
1640.942,858.8,1926.0,2328,8,72,13090.0
1641.06,674.3,1926.0,2328,45,76,13090.0
1641.178,677.8,1926.0,2328,75,73,13110.3
1641.296,835.3,1926.0,2328,75,72,13176.7
1641.414,964.8,1926.0,2328,8,71,13142.4
1641.532,964.8,1926.0,2328,7,71,13148.4
1641.652,1094.3,1926.0,2328,7,71,13141.1
1641.772,672.1,1926.0,2328,8,73,13155.7
1641.89,672.1,1926.0,2328,61,77,13155.7
1642.008,703.6,1926.0,2328,56,72,13170.5
1642.136,833.1,1926.0,2328,56,72,13180.8
1642.258,833.1,1926.0,2328,5,71,13177.8
1642.378,833.1,1926.0,2328,2,71,13199.0
1642.497,962.6,1926.0,2328,5,71,13183.9
1642.615,962.6,1926.0,2328,5,71,13161.9
1642.737,1092.1,1926.0,2328,8,71,13159.4
1642.856,646.4,1926.0,2328,9,72,13187.8
1642.973,646.4,1926.0,2328,9,76,13187.8
1643.092,637.4,1926.0,2328,100,72,13095.8
1643.21,636.2,1926.0,2328,14,72,13009.9
1643.328,664.4,1926.0,2328,14,74,13036.6
1643.446,954.9,1926.0,2328,62,72,13070.7
1643.566,666.8,1926.0,2328,86,76,13070.7
1643.685,669.2,1926.0,2328,71,73,13072.8
1643.803,700.7,1926.0,2328,71,73,13074.2
1643.922,671.7,1926.0,2328,74,75,13077.4
1644.041,703.2,1926.0,2328,73,73,13087.4
1644.16,832.7,1926.0,2328,73,72,13132.9
1644.278,1091.7,1926.0,2328,13,71,13165.0
1644.398,674.1,1926.0,2328,50,76,13165.7
1644.515,835.1,1926.0,2328,36,72,13145.3
1644.634,1094.1,1926.0,2328,36,71,13152.5
1644.753,676.5,1926.0,2328,20,75,13157.8
1644.871,837.6,1926.0,2328,68,72,13167.2
1644.989,1096.6,1926.0,2328,68,72,13181.5
1645.107,679.0,1926.0,2328,17,75,13184.6
1645.225,969.5,1926.0,2328,71,72,13190.5
1645.343,1099.0,1926.0,2328,21,71,13199.2
1645.461,681.4,1926.0,2328,21,75,13197.0
1645.58,1101.4,1926.0,2328,73,72,13206.3
1645.699,683.9,1926.0,2328,70,76,13206.4
1645.817,1103.9,1926.0,2328,70,72,13215.1
1645.934,686.3,1926.0,2328,43,76,13215.4
1646.051,1106.3,1926.0,2328,67,72,13226.5
1646.171,688.7,1926.0,2328,67,75,13220.3
1646.291,1108.7,1926.0,2328,74,72,13222.4
1646.413,691.2,1926.0,2328,58,75,13214.6
1646.533,981.7,1926.0,2328,42,72,13221.9
1646.655,693.6,1926.0,2328,42,75,13217.8
1646.776,854.6,1926.0,2328,72,72,13222.4
1646.898,1113.6,1926.0,2328,18,72,13227.8
1647.019,696.0,1926.0,2328,69,75,13219.0
1647.14,986.6,1926.0,2328,69,72,13231.4
1647.26,698.5,1926.0,2328,25,75,13233.9
1647.38,989.0,1926.0,2328,71,72,13234.4
1647.501,700.9,1926.0,2328,71,73,13239.5
1647.621,861.9,1926.0,2328,49,73,13233.0
1647.741,1128.7,1926.0,2328,50,72,13236.4
1647.862,710.4,1926.0,2328,70,74,13231.6
1647.984,1123.4,1926.0,2328,70,72,13240.5
1648.106,705.8,1926.0,2328,30,76,13233.8
1648.228,996.3,1926.0,2328,65,72,13233.2
1648.349,708.2,1926.0,2328,65,73,13233.4
1648.47,739.7,1926.0,2328,51,73,13237.2
1648.591,869.2,1926.0,2328,32,72,13254.3
1648.712,998.7,1926.0,2328,10,71,13268.5
1648.833,1128.2,1926.0,2328,10,71,13289.0
1648.955,710.7,1926.0,2328,17,76,13282.8
1649.076,871.7,1926.0,2328,59,72,13309.4
1649.198,1001.2,1926.0,2328,9,71,13344.1
1649.319,1130.7,1926.0,2328,9,71,13372.6
1649.442,1130.7,1926.0,2328,7,71,13395.4
1649.568,713.1,1926.0,2328,59,75,13393.5
1649.69,874.1,1926.0,2328,59,72,13424.8
1649.812,1003.6,1926.0,2328,3,71,13403.4
1650.165,715.5,1926.0,2328,56,74,13389.9
1650.392,876.5,1926.0,2328,3,71,13356.7
1650.749,1006.0,1926.0,2328,2,71,13322.9
1651.128,1135.5,1926.0,2328,1,71,13284.7
1651.532,718.0,1926.0,2328,47,73,13268.9
1651.754,879.0,1926.0,2328,2,71,13235.5
1652.13,1008.5,1926.0,2328,5,71,13201.1
1652.488,1138.0,1926.0,2328,3,71,13159.8
1652.872,720.4,1926.0,2328,24,72,13111.0
1653.2,881.4,1926.0,2328,1,71,13074.9
1653.585,1010.9,1926.0,2328,2,71,13043.1
1653.929,1140.4,1926.0,2328,2,71,13001.9
1654.334,1140.4,1926.0,2328,2,71,12989.6
1654.464,1140.4,1926.0,2328,1,71,12975.2
1654.592,1140.4,1926.0,2328,1,71,12960.9
1654.715,1140.4,1926.0,2328,1,71,12946.9
1654.837,1140.4,1926.0,2328,1,71,12933.3
1654.959,1140.4,1926.0,2328,1,71,12918.8
1655.081,1140.4,1926.0,2328,1,71,12903.0
1655.204,1140.4,1926.0,2328,1,71,12893.5
1655.326,1140.4,1926.0,2328,2,71,12877.7
1655.449,1140.4,1926.0,2328,0,71,12862.3
1655.571,722.8,1926.0,2328,8,73,12854.1
1655.693,722.8,1926.0,2328,8,73,12856.7
1655.815,883.9,1926.0,2328,60,72,12866.1
1655.937,883.9,1926.0,2328,3,71,12851.3
1656.059,883.9,1926.0,2328,0,71,12835.4
1656.181,883.9,1926.0,2328,0,71,12842.2
1656.307,1013.4,1926.0,2328,7,71,12852.9
1656.436,1013.4,1926.0,2328,1,71,12856.3
1656.56,1013.4,1926.0,2328,3,71,12849.3
1656.682,1013.4,1926.0,2328,3,71,12843.3
1656.806,1013.4,1926.0,2328,2,71,12829.7
1656.93,1013.4,1926.0,2328,1,71,12820.2
1657.053,1142.9,1926.0,2328,2,71,12807.5
1657.176,1142.9,1926.0,2328,2,71,12795.3
1657.299,1142.9,1926.0,2328,1,71,12782.1
1657.422,1142.9,1926.0,2328,1,71,12768.6
1657.544,1142.9,1926.0,2328,1,71,12754.6
1657.668,1142.9,1926.0,2328,1,71,12739.6
1657.79,1142.9,1926.0,2328,1,71,12726.3
1657.912,1142.9,1926.0,2328,1,71,12716.3
1658.035,1142.9,1926.0,2328,1,71,12701.2
1658.157,1142.9,1926.0,2328,1,71,12697.1
1658.28,1142.9,1926.0,2328,4,71,12684.2
1658.403,725.3,1926.0,2328,16,72,12671.9
1658.525,725.3,1926.0,2328,16,73,12659.7
1658.648,728.8,1926.0,2328,49,71,12646.1
1658.771,732.3,1926.0,2328,1,71,12631.7
1658.894,756.8,1926.0,2328,1,71,12618.3
1659.019,756.8,1926.0,2328,1,71,12605.8
1659.142,886.3,1926.0,2328,2,71,12595.7
1659.265,886.3,1926.0,2328,2,71,12582.9
1659.388,886.3,1926.0,2328,2,71,12571.7
1659.511,886.3,1926.0,2328,1,71,12558.0
1659.634,886.3,1926.0,2328,1,71,12546.0
1659.757,886.3,1926.0,2328,1,71,12533.7
1659.879,886.3,1926.0,2328,1,71,12524.6
1660.002,886.3,1926.0,2328,1,71,12507.9
1660.124,886.3,1926.0,2328,1,71,12495.6
1660.247,886.3,1926.0,2328,2,71,12480.8
1660.37,886.3,1926.0,2328,2,71,12467.7
1660.493,886.3,1926.0,2328,1,71,12453.6
1660.615,886.3,1926.0,2328,1,71,12439.9
1660.737,886.3,1926.0,2328,1,71,12423.4
1660.859,886.3,1926.0,2328,1,71,12407.7
1660.981,886.3,1926.0,2328,0,71,12391.9
1661.104,1015.8,1926.0,2328,2,71,12378.3
1661.226,1015.8,1926.0,2328,2,71,12388.1
1661.348,1015.8,1926.0,2328,4,71,12381.8
1661.471,1015.8,1926.0,2328,1,71,12369.2
1661.596,1015.8,1926.0,2328,1,71,12352.4
1661.719,1015.8,1926.0,2328,1,71,12342.7
1661.841,1015.8,1926.0,2328,1,71,12335.2
1661.962,1145.3,1926.0,2328,4,71,12273.8
1662.085,727.7,1926.0,2328,50,75,12282.7
1662.205,888.7,1926.0,2328,50,72,12280.3
1662.33,888.7,1926.0,2328,27,71,12283.0
1662.451,888.7,1926.0,2328,2,71,12270.2
1662.571,1018.2,1926.0,2328,4,71,11995.2
1662.7,1018.2,1926.0,2328,4,71,11972.5
1662.821,1018.2,1926.0,2328,6,71,11951.6
1662.943,1147.7,1926.0,2328,1,71,11948.3
1663.064,1147.7,1926.0,2328,1,71,11958.6
1663.186,1147.7,1926.0,2328,2,71,11953.7
1663.306,1147.7,1926.0,2328,3,71,11950.6
1663.427,1147.7,1926.0,2328,3,71,11960.0
1663.548,704.8,1926.0,2328,3,75,11970.9
1663.666,707.2,1926.0,2328,64,72,12060.0
1663.791,707.2,1926.0,2328,1,71,12169.8
1663.916,707.2,1926.0,2328,0,71,12256.7
1664.044,707.2,1926.0,2328,0,71,12280.1
1664.172,707.2,1926.0,2328,1,71,12356.1
1664.307,707.2,1926.0,2328,1,71,12357.6
1664.446,707.2,1926.0,2328,0,71,12369.9
1664.573,707.2,1926.0,2328,0,71,12489.3
1664.699,707.2,1926.0,2328,1,71,12573.0
1664.828,707.2,1926.0,2328,2,71,12641.1
1664.956,707.2,1926.0,2328,0,71,12710.0
1665.085,707.2,1926.0,2328,1,71,12773.2
1665.213,707.2,1926.0,2328,1,71,12829.0
1665.342,707.2,1926.0,2328,1,71,12919.8
1665.47,707.2,1926.0,2328,0,71,13003.0
1665.605,707.2,1926.0,2328,1,71,13075.2
1665.734,707.2,1926.0,2328,1,71,13127.7
1665.922,707.2,1926.0,2328,0,71,13171.4
1666.138,707.2,1926.0,2328,1,71,13178.8
1666.416,707.2,1926.0,2328,1,71,13184.5
1666.742,707.2,1926.0,2328,1,71,13190.5
1667.034,707.2,1926.0,2328,1,71,13167.5
1667.413,707.2,1926.0,2328,0,71,13122.0
1667.554,707.2,1926.0,2328,0,71,12788.5
1667.695,707.2,1926.0,2328,2,71,12857.8
1667.816,707.2,1926.0,2328,0,71,12902.7
1667.938,707.2,1926.0,2328,0,71,12924.1
1668.057,707.2,1926.0,2328,0,71,12956.8
1668.177,707.2,1926.0,2328,2,71,12624.4
1668.309,707.2,1926.0,2328,0,71,12649.5
1668.429,707.2,1926.0,2328,0,71,12672.2
1668.549,707.2,1926.0,2328,0,71,12804.5
1668.67,707.2,1926.0,2328,2,71,12891.3
1668.796,707.2,1926.0,2328,0,71,12971.6
1668.922,707.2,1926.0,2328,0,71,13049.3
1669.048,707.2,1926.0,2328,0,71,13126.0
1669.174,707.2,1926.0,2328,2,71,13170.4
1669.303,707.2,1926.0,2328,0,71,13170.4
1669.43,707.2,1926.0,2328,0,71,13170.4
1669.558,707.2,1926.0,2328,0,71,13170.4
1669.685,707.2,1926.0,2328,2,71,13170.4
1669.813,895.1,1926.0,2328,3,71,13088.8
1669.932,1198.2,1946.0,2348,3,73,13128.8
1670.05,734.2,1946.0,2348,46,76,13128.8
1670.168,895.2,1946.0,2348,93,73,13156.9
1670.286,895.2,1946.0,2348,9,72,13202.1
1670.403,1024.7,1946.0,2348,9,71,13096.1
1670.522,1154.2,1946.0,2348,9,71,13123.5
1670.644,731.8,1946.0,2348,35,75,13112.0
1670.762,731.8,1946.0,2348,35,75,13112.7
1670.879,892.8,1946.0,2348,88,72,13141.8
1670.998,1151.8,1946.0,2348,12,72,13166.5
1671.116,1507.5,1946.0,2348,17,71,13191.4
1671.233,729.4,1946.0,2348,17,76,13191.4
1671.351,890.4,1946.0,2348,100,73,13195.6
1671.469,1019.9,1946.0,2348,21,72,13215.0
1671.587,1149.4,1946.0,2348,21,72,13246.3
1671.705,727.1,1946.0,2348,27,76,13246.3
1671.824,888.1,1946.0,2348,98,74,13250.0
1671.941,1017.6,1946.0,2348,18,72,13257.1
1672.059,724.7,1946.0,2348,18,74,13260.6
1672.177,724.7,1946.0,2348,70,77,13260.6
1672.295,885.7,1946.0,2348,58,72,13266.6
1672.413,1144.7,1946.0,2348,58,72,13273.2
1672.531,722.3,1946.0,2348,23,76,13274.4
1672.649,722.3,1946.0,2348,100,74,13279.1
1672.767,1012.9,1946.0,2348,100,72,13291.7
1672.885,1142.4,1946.0,2348,24,72,13294.2
1673.004,720.0,1946.0,2348,51,76,13182.5
1673.122,751.5,1946.0,2348,75,74,13189.9
1673.241,881.0,1946.0,2348,75,72,13208.2
1673.359,1010.5,1946.0,2348,8,72,13228.0
1673.476,1140.0,1946.0,2348,7,71,13247.0
1673.594,717.6,1946.0,2348,7,72,13257.2
1673.712,717.6,1946.0,2348,36,76,13257.2
1673.83,749.1,1946.0,2348,86,73,13264.5
1673.948,878.6,1946.0,2348,86,72,13276.0
1674.066,1008.1,1946.0,2348,8,71,13290.2
1674.184,1137.6,1946.0,2348,9,71,13308.3
1674.304,715.3,1946.0,2348,40,75,13304.2
1674.423,715.3,1946.0,2348,40,75,13294.4
1674.542,1135.3,1946.0,2348,85,72,13290.6
1674.662,712.9,1946.0,2348,55,76,13281.6
1674.781,744.4,1946.0,2348,55,74,13274.0
1674.901,721.4,1946.0,2348,86,73,13270.9
1675.023,710.5,1946.0,2348,64,77,13269.8
1675.143,871.5,1946.0,2348,75,73,13266.1
1675.263,708.2,1946.0,2348,75,75,13261.5
1675.383,708.2,1946.0,2348,63,77,13251.6
1675.503,998.7,1946.0,2348,75,73,13248.7
1675.623,705.8,1946.0,2348,72,76,13239.6
1675.743,705.8,1946.0,2348,72,75,13231.6
1675.863,866.8,1946.0,2348,62,72,13334.8
1675.982,1171.1,1946.0,2348,18,73,13379.1
1676.102,703.5,1946.0,2348,18,77,13369.2
1676.223,864.5,1946.0,2348,98,73,13362.9
1676.344,701.1,1946.0,2348,41,75,13356.6
1676.464,701.1,1946.0,2348,99,77,13346.8
1676.585,991.6,1946.0,2348,99,73,13342.4
1676.706,698.7,1946.0,2348,41,76,13334.0
1676.827,698.7,1946.0,2348,100,76,13324.6
1676.947,1118.7,1946.0,2348,100,73,13319.4
1677.069,696.4,1946.0,2348,42,77,13309.6
1677.189,857.4,1946.0,2348,100,74,13304.3
1677.31,1187.9,1946.0,2348,32,73,13298.9
1677.432,694.0,1946.0,2348,32,77,13288.9
1677.552,855.0,1946.0,2348,100,74,13286.7
1677.672,1114.0,1946.0,2348,28,73,13290.5
1677.793,691.6,1946.0,2348,28,76,13283.1
1677.913,723.2,1946.0,2348,72,76,13276.2
1678.034,1111.7,1946.0,2348,58,73,13280.5
1678.156,689.3,1946.0,2348,50,76,13275.7
1678.276,689.3,1946.0,2348,50,75,13266.9
1678.397,979.8,1946.0,2348,81,73,13271.8
1678.517,1109.3,1946.0,2348,16,73,13276.1
1678.638,686.9,1946.0,2348,77,77,13265.5
1678.758,718.4,1946.0,2348,77,74,13261.2
1678.879,977.4,1946.0,2348,48,73,13267.8
1679.0,1106.9,1946.0,2348,12,72,13285.0
1679.12,684.6,1946.0,2348,12,76,13284.5
1679.24,684.6,1946.0,2348,60,76,13275.3
1679.361,845.6,1946.0,2348,62,73,13307.7
1679.481,975.1,1946.0,2348,13,72,13335.0
1679.601,1104.6,1946.0,2348,13,72,13365.3
1679.721,682.2,1946.0,2348,31,77,13356.2
1679.841,685.7,1946.0,2348,90,74,13366.0
1679.966,843.2,1946.0,2348,2,72,13358.3
1680.271,843.2,1946.0,2348,1,72,13321.8
1680.682,972.7,1946.0,2348,1,72,13279.2
1681.103,972.7,1946.0,2348,1,72,13226.8
1681.537,1102.2,1946.0,2348,4,72,13191.5
1681.874,679.8,1946.0,2348,26,77,13182.4
1682.005,711.3,1946.0,2348,89,73,13157.2
1682.247,840.8,1946.0,2348,4,72,13122.3
1682.576,970.3,1946.0,2348,5,72,13086.0
1682.896,1099.8,1946.0,2348,2,72,13046.8
1683.263,1099.8,1946.0,2348,44,76,12987.1
1683.612,677.5,1946.0,2348,44,76,12978.5
1683.736,838.5,1946.0,2348,1,72,12921.8
1684.115,838.5,1946.0,2348,1,72,12881.7
1684.449,968.0,1946.0,2348,2,72,12841.1
1684.804,1097.5,1946.0,2348,1,72,12804.1
1685.166,1097.5,1946.0,2348,1,73,12769.9
1685.495,675.1,1946.0,2348,77,77,12760.4
1685.619,706.6,1946.0,2348,41,73,12748.5
1685.835,836.1,1946.0,2348,3,72,12739.4
1686.078,836.1,1946.0,2348,4,72,12736.9
1686.341,965.6,1946.0,2348,3,72,12730.7
1686.577,965.6,1946.0,2348,3,72,12725.4
1686.818,1095.1,1946.0,2348,1,72,12654.6
1687.054,1095.1,1946.0,2348,3,72,12630.0
1687.175,672.7,1946.0,2348,62,77,12586.6
1687.296,672.7,1946.0,2348,62,74,12596.2
1687.417,833.8,1946.0,2348,57,73,12651.4
1687.54,833.8,1946.0,2348,0,72,12612.7
1687.966,963.3,1946.0,2348,2,72,12570.5
1688.387,963.3,1946.0,2348,2,72,12518.0
1688.874,963.3,1946.0,2348,1,72,12472.9
1689.256,1092.8,1946.0,2348,1,72,12232.9
1689.384,1092.8,1946.0,2348,8,72,12219.3
1689.506,647.1,1946.0,2348,30,74,12211.4
1689.626,647.1,1946.0,2348,30,77,12201.7
1689.747,638.9,1946.0,2348,85,73,12203.1
1689.872,666.1,1946.0,2348,56,77,12193.7
1689.992,1098.5,1946.0,2348,56,74,12184.4
1690.113,829.9,1946.0,2348,80,75,12175.2
1690.235,671.6,1946.0,2348,82,77,12165.1
1690.355,1091.6,1946.0,2348,77,74,12156.6
1690.477,674.4,1946.0,2348,77,76,12147.1
1690.598,677.2,1946.0,2348,82,77,12138.9
1690.719,1097.2,1946.0,2348,82,74,12129.7
1690.84,679.9,1946.0,2348,83,78,12120.4
1690.961,682.7,1946.0,2348,83,76,12111.6
1691.082,973.2,1946.0,2348,79,75,11836.5
1691.204,1102.7,1946.0,2348,28,73,11835.2
1691.324,685.5,1946.0,2348,28,77,11719.7
1691.442,846.5,1946.0,2348,69,74,11728.1
1691.561,1105.5,1946.0,2348,16,73,11739.9
1691.679,688.2,1946.0,2348,60,77,11743.5
1691.796,849.2,1946.0,2348,60,74,11751.9
1691.915,978.7,1946.0,2348,26,73,11763.0
1692.033,691.0,1946.0,2348,33,76,11769.3
1692.152,852.0,1946.0,2348,33,74,11774.9
1692.27,1111.0,1946.0,2348,56,73,11780.9
1692.388,693.8,1946.0,2348,42,77,11782.3
1692.507,854.8,1946.0,2348,42,73,11787.1
1692.626,1129.2,1946.0,2348,48,74,11791.2
1692.744,696.5,1946.0,2348,57,75,11792.8
1692.862,987.0,1946.0,2348,36,73,11799.0
1692.981,699.3,1946.0,2348,36,76,11801.9
1693.099,860.3,1946.0,2348,70,74,11806.9
1693.218,1119.3,1946.0,2348,24,73,11812.8
1693.336,702.1,1946.0,2348,24,77,11813.4
1693.456,992.6,1946.0,2348,70,73,11842.6
1693.575,704.8,1946.0,2348,40,76,11850.3
1693.693,865.8,1946.0,2348,60,74,11856.4
1693.811,707.6,1946.0,2348,60,73,11861.2
1693.929,707.6,1946.0,2348,52,75,11862.9
1694.048,998.1,1946.0,2348,40,73,11870.1
1694.167,710.3,1946.0,2348,40,76,11873.2
1694.285,871.4,1946.0,2348,61,74,11876.9
1694.404,1130.4,1946.0,2348,32,73,11883.4
1694.522,713.1,1946.0,2348,67,77,11884.6
1694.64,1003.6,1946.0,2348,67,73,11890.2
1694.758,715.9,1946.0,2348,27,74,11895.5
1694.877,715.9,1946.0,2348,71,75,11896.1
1694.996,1006.4,1946.0,2348,71,73,11910.8
1695.114,1135.9,1946.0,2348,18,73,11925.9
1695.232,718.6,1946.0,2348,53,76,11926.2
1695.35,879.7,1946.0,2348,53,73,11940.7
1695.469,879.7,1946.0,2348,26,72,11957.5
1695.587,1009.2,1946.0,2348,8,72,11974.5
1695.706,1138.7,1946.0,2348,8,72,11989.8
1695.824,721.4,1946.0,2348,8,76,11989.9
1695.942,882.4,1946.0,2348,71,73,12003.0
1696.06,1141.4,1946.0,2348,15,73,12015.1
1696.178,724.2,1946.0,2348,15,74,12020.0
1696.296,885.2,1946.0,2348,50,74,12026.1
1696.414,1014.7,1946.0,2348,32,73,12039.4
1696.533,1144.2,1946.0,2348,14,72,12054.6
1696.651,726.9,1946.0,2348,14,76,12055.9
1696.768,887.9,1946.0,2348,69,73,12051.7
1696.89,1017.4,1946.0,2348,15,72,11984.1
1697.007,729.7,1946.0,2348,15,74,11993.1
1697.126,729.7,1946.0,2348,46,74,11958.2
1697.244,1020.2,1946.0,2348,39,73,11986.9
1697.363,1149.7,1946.0,2348,10,72,12017.7
1697.481,732.5,1946.0,2348,10,73,12041.8
1697.599,732.5,1946.0,2348,46,74,12045.5
1697.72,893.5,1946.0,2348,34,72,12074.1
1697.838,1023.0,1946.0,2348,34,72,12113.7
1697.956,1152.5,1946.0,2348,10,72,12147.0
1698.076,735.2,1946.0,2348,42,77,12129.0
1698.196,896.2,1946.0,2348,39,73,12162.4
1698.316,1025.7,1946.0,2348,39,72,12218.5
1698.438,1155.2,1946.0,2348,11,72,12261.4
1698.557,738.0,1946.0,2348,63,76,12261.7
1698.677,899.0,1946.0,2348,63,72,12299.2
1698.798,899.0,1946.0,2348,14,72,12289.4
1698.919,899.0,1946.0,2348,0,72,12281.9
1699.04,899.0,1946.0,2348,2,72,12244.1
1699.161,899.0,1946.0,2348,2,72,12214.6
1699.287,899.0,1946.0,2348,2,72,12207.0
1699.408,899.0,1946.0,2348,1,72,12178.1
1699.526,1028.5,1946.0,2348,1,72,11948.2
1699.649,1158.0,1946.0,2348,7,72,11839.6
1699.77,1158.0,1946.0,2348,7,72,11685.8
1699.888,715.4,1946.0,2348,62,77,11699.1
1700.007,718.1,1946.0,2348,62,73,11823.1
1700.133,718.1,1946.0,2348,6,72,11924.0
1700.26,718.1,1946.0,2348,1,72,12006.5
1700.387,718.1,1946.0,2348,0,72,12097.9
1700.513,718.1,1946.0,2348,0,72,12172.6
1700.64,718.1,1946.0,2348,1,72,12253.2
1700.767,718.1,1946.0,2348,1,72,12234.8
1700.895,718.1,1946.0,2348,0,72,12360.9
1701.021,718.1,1946.0,2348,0,72,12459.9
1701.149,718.1,1946.0,2348,1,72,12541.2
1701.275,718.1,1946.0,2348,1,72,12629.9
1701.403,718.1,1946.0,2348,0,72,12579.5
1701.531,718.1,1946.0,2348,0,72,12615.3
1701.658,718.1,1946.0,2348,1,72,12687.6
1701.785,718.1,1946.0,2348,1,72,12804.9
1701.911,718.1,1946.0,2348,0,72,12887.1
1702.039,718.1,1946.0,2348,1,72,12793.0
1702.166,718.1,1946.0,2348,1,72,12796.7
1702.294,718.1,1946.0,2348,1,72,12853.5
1702.423,718.1,1946.0,2348,0,72,12843.9
1702.554,718.1,1946.0,2348,1,72,12927.8
1702.681,718.1,1946.0,2348,1,71,12996.7
1702.809,718.1,1946.0,2348,1,71,13006.3
1702.937,718.1,1946.0,2348,0,71,13064.0
1703.064,718.1,1946.0,2348,1,71,13120.3
1703.192,718.1,1946.0,2348,1,71,13192.2
1703.323,718.1,1946.0,2348,1,71,13022.7
1703.45,718.1,1946.0,2348,0,71,13022.7
1703.579,718.1,1946.0,2348,1,71,13022.7
1703.707,718.1,1946.0,2348,1,71,13022.7
1703.836,718.1,1946.0,2348,1,71,13022.7
1703.965,718.1,1946.0,2348,0,71,13022.7
1704.096,718.1,1946.0,2348,1,71,13022.7
1704.224,718.1,1946.0,2348,2,71,12909.2
1704.344,745.4,1946.0,2348,2,71,12927.8
1704.462,745.4,1946.0,2348,74,74,12927.8
1704.581,748.9,1946.0,2348,96,73,12937.6
1704.699,906.4,1946.0,2348,96,72,12962.6
1704.817,1035.9,1946.0,2348,10,72,12995.4
1704.936,1165.4,1946.0,2348,10,72,13021.9
1705.055,742.6,1946.0,2348,67,75,13023.8
1705.176,742.6,1946.0,2348,67,75,13027.4
1705.294,903.6,1946.0,2348,67,73,13063.3
1705.413,1033.1,1946.0,2348,9,72,13099.2
1705.531,1162.6,1946.0,2348,9,72,13133.9
1705.649,739.9,1946.0,2348,12,75,13138.0
1705.768,739.9,1946.0,2348,99,77,13138.0
1705.886,900.9,1946.0,2348,99,73,13159.6
1706.004,1030.4,1946.0,2348,33,72,13202.6
1706.123,1159.9,1946.0,2348,11,72,13079.8
1706.241,737.2,1946.0,2348,47,76,13092.3
1706.359,737.2,1946.0,2348,47,77,13092.3
1706.478,898.2,1946.0,2348,83,73,13121.2
1706.596,1027.7,1946.0,2348,14,72,13136.8
1706.715,1213.7,1946.0,2348,14,73,13159.0
1706.833,734.4,1946.0,2348,31,77,13159.0
1706.951,765.9,1946.0,2348,100,74,13172.1
1707.069,895.4,1946.0,2348,13,72,13207.3
1707.186,1154.4,1946.0,2348,13,72,13240.5
1707.305,731.7,1946.0,2348,13,75,13082.4
1707.423,731.7,1946.0,2348,86,77,13082.4
1707.541,892.7,1946.0,2348,86,73,13097.6
1707.661,1022.2,1946.0,2348,45,72,13119.5
1707.778,1151.7,1946.0,2348,15,72,13142.8
1707.897,729.0,1946.0,2348,15,76,13145.5
1708.016,729.0,1946.0,2348,71,76,13147.9
1708.134,890.0,1946.0,2348,59,73,13162.3
1708.253,1019.5,1946.0,2348,8,72,13178.2
1708.371,1019.5,1946.0,2348,8,72,13195.3
1708.489,1149.0,1946.0,2348,7,72,13213.9
1708.607,726.2,1946.0,2348,23,75,13226.8
1708.725,726.2,1946.0,2348,23,77,13226.8
1708.842,887.2,1946.0,2348,100,73,13244.9
1708.96,1016.7,1946.0,2348,19,72,13172.1
1709.08,1146.2,1946.0,2348,9,72,13121.9
1709.199,723.5,1946.0,2348,9,73,13133.5
1709.317,723.5,1946.0,2348,51,77,13133.5
1709.435,884.5,1946.0,2348,82,73,13138.1
1709.553,1014.0,1946.0,2348,82,72,13146.8
1709.67,720.8,1946.0,2348,17,75,13150.4
1709.788,720.8,1946.0,2348,79,78,13150.4
1709.906,881.8,1946.0,2348,55,73,13155.5
1710.024,1140.8,1946.0,2348,55,72,13162.7
1710.141,718.0,1946.0,2348,23,75,13164.9
1710.259,718.0,1946.0,2348,100,78,13164.9
1710.377,879.0,1946.0,2348,100,73,13172.4
1710.496,1138.0,1946.0,2348,31,72,13180.8
1710.614,715.3,1946.0,2348,43,76,13182.7
1710.732,715.3,1946.0,2348,43,77,13182.7
1710.85,1005.8,1946.0,2348,93,73,13191.4
1710.968,1180.1,1946.0,2348,19,72,13197.1
1711.085,712.6,1946.0,2348,80,77,13197.1
1711.203,716.1,1946.0,2348,80,74,13200.2
1711.321,873.6,1946.0,2348,54,72,13237.0
1711.438,1003.1,1946.0,2348,11,72,13258.8
1711.556,709.8,1946.0,2348,11,74,13079.1
1711.675,709.8,1946.0,2348,47,77,13009.3
1711.794,870.8,1946.0,2348,87,73,13013.1
1711.912,1000.3,1946.0,2348,17,72,13021.3
1712.031,707.1,1946.0,2348,17,74,13024.4
1712.148,707.1,1946.0,2348,73,77,13024.4
1712.267,868.1,1946.0,2348,64,73,13029.7
1712.385,1127.1,1946.0,2348,64,72,13035.8
1712.503,704.4,1946.0,2348,22,76,13037.3
1712.621,704.4,1946.0,2348,100,77,13037.6
1712.74,994.9,1946.0,2348,100,73,13044.8
1712.858,1124.4,1946.0,2348,36,72,13049.8
1712.977,701.6,1946.0,2348,53,77,13049.8
1713.094,733.1,1946.0,2348,84,74,13053.3
1713.213,992.1,1946.0,2348,84,72,13059.9
1713.331,698.9,1946.0,2348,17,74,13064.5
1713.449,698.9,1946.0,2348,80,77,13064.5
1713.566,859.9,1946.0,2348,80,73,13070.5
1713.684,989.4,1946.0,2348,54,72,13080.9
1713.801,1118.9,1946.0,2348,13,72,13091.0
1713.919,696.2,1946.0,2348,13,76,13091.3
1714.036,696.2,1946.0,2348,73,76,13092.2
1714.155,986.7,1946.0,2348,62,73,13103.2
1714.276,1116.2,1946.0,2348,14,72,13114.0
1714.393,693.4,1966.0,2368,14,76,13116.1
1714.511,693.4,1966.0,2368,80,76,13116.2
1714.629,983.9,1966.0,2368,58,73,13134.0
1714.747,1113.4,1966.0,2368,58,72,13144.6
1714.865,690.7,1966.0,2368,11,75,13148.6
1714.983,690.7,1966.0,2368,81,77,13148.6
1715.101,851.7,1966.0,2368,51,73,13181.9
1715.219,981.2,1966.0,2368,51,72,13212.3
1715.336,1110.7,1966.0,2368,10,72,13068.8
1715.456,687.9,1966.0,2368,10,73,13064.8
1715.574,687.9,1966.0,2368,10,77,13064.8
1715.692,719.5,1966.0,2368,100,73,13100.8
1715.81,849.0,1966.0,2368,29,72,13160.3
1715.928,1108.0,1966.0,2368,12,72,13229.3
1716.046,1108.0,1966.0,2368,12,72,13217.2
1716.165,685.2,1966.0,2368,25,76,13159.7
1716.284,685.2,1966.0,2368,100,77,13163.6
1716.402,846.2,1966.0,2368,100,73,13224.8
1716.521,846.2,1966.0,2368,12,72,13289.3
1716.639,975.7,1966.0,2368,9,72,13295.7
1716.764,1105.2,1966.0,2368,9,72,13396.2
1716.885,682.5,1966.0,2368,9,76,13396.6
1717.005,682.5,1966.0,2368,86,75,13393.7
1717.127,843.5,1966.0,2368,43,72,13461.4
1717.247,973.0,1966.0,2368,43,72,13548.3
1717.37,973.0,1966.0,2368,2,72,13505.9
1717.782,1102.5,1966.0,2368,1,72,13466.6
1718.18,1102.5,1966.0,2368,1,72,13429.4
1718.54,1102.5,1966.0,2368,1,72,13384.6
1718.933,679.7,1966.0,2368,71,76,13376.5
1719.061,679.7,1966.0,2368,1,72,13336.7
1719.405,840.8,1966.0,2368,0,72,13235.5
1720.011,840.8,1966.0,2368,1,72,13161.7
1720.443,840.8,1966.0,2368,2,72,13110.0
1720.868,970.3,1966.0,2368,2,72,13057.6
1721.347,970.3,1966.0,2368,2,72,12982.4
1721.848,970.3,1966.0,2368,2,72,12934.2
1722.298,1099.8,1966.0,2368,1,72,12891.3
1722.712,1099.8,1966.0,2368,0,72,12844.1
1723.149,1099.8,1966.0,2368,0,72,12795.9
1723.617,677.0,1966.0,2368,82,77,12787.5
1723.75,677.0,1966.0,2368,0,72,12735.6
1724.2,838.0,1966.0,2368,0,72,12688.2
1724.658,838.0,1966.0,2368,1,72,12637.6
1725.009,838.0,1966.0,2368,3,72,12600.8
1725.377,967.5,1966.0,2368,2,72,12566.1
1725.731,1097.0,1966.0,2368,4,72,12561.3
1725.926,1097.0,1966.0,2368,3,72,12551.0
1726.139,674.3,1966.0,2368,55,76,12509.6
1726.261,674.3,1966.0,2368,55,75,12511.5
1726.389,835.3,1966.0,2368,3,72,12565.5
1726.635,835.3,1966.0,2368,1,72,12536.4
1727.036,835.3,1966.0,2368,2,72,12510.9
1727.39,964.8,1966.0,2368,1,72,12492.6
1727.751,964.8,1966.0,2368,0,72,12452.4
1728.23,1094.3,1966.0,2368,0,72,12410.4
1728.669,1094.3,1966.0,2368,1,71,12382.4
1728.993,1153.5,1966.0,2368,9,73,12186.3
1729.117,648.4,1966.0,2368,9,77,11794.4
1729.239,637.4,1966.0,2368,100,73,11773.6
1729.361,637.4,1966.0,2368,23,72,11783.4
1729.479,952.7,1966.0,2368,26,72,11798.4
1729.599,665.3,1966.0,2368,26,76,11798.5
1729.718,668.3,1966.0,2368,91,76,11798.7
1729.837,1088.3,1966.0,2368,91,73,11799.0
1729.955,702.9,1966.0,2368,91,76,11799.1
1730.075,674.4,1966.0,2368,90,77,11799.2
1730.194,1117.9,1966.0,2368,86,74,11799.4
1730.312,838.4,1966.0,2368,88,75,11799.6
1730.431,680.5,1966.0,2368,88,77,11800.4
1730.55,1100.5,1966.0,2368,88,74,11800.8
1730.67,683.5,1966.0,2368,84,76,11801.5
1730.789,974.0,1966.0,2368,84,73,11812.8
1730.908,1103.5,1966.0,2368,19,72,11825.1
1731.026,686.5,1966.0,2368,33,76,11827.8
1731.145,847.6,1966.0,2368,33,73,11835.2
1731.263,977.1,1966.0,2368,48,72,11845.4
1731.382,1106.6,1966.0,2368,12,72,11856.2
1731.5,689.6,1966.0,2368,68,76,11856.8
1731.618,850.6,1966.0,2368,68,73,11867.4
1731.736,980.1,1966.0,2368,13,72,11878.3
1731.855,1123.2,1966.0,2368,13,72,11888.1
1731.973,692.6,1966.0,2368,13,76,11890.4
1732.091,983.1,1966.0,2368,69,72,11898.8
1732.21,1112.6,1966.0,2368,17,72,11907.3
1732.328,695.7,1966.0,2368,69,76,11907.5
1732.447,856.7,1966.0,2368,69,73,11914.3
1732.566,1115.7,1966.0,2368,16,72,11921.0
1732.685,698.7,1966.0,2368,45,76,11922.9
1732.803,859.7,1966.0,2368,45,73,11928.5
1732.921,989.2,1966.0,2368,41,72,11935.9
1733.039,701.7,1966.0,2368,17,74,11940.3
1733.158,733.2,1966.0,2368,17,74,11943.8
1733.276,992.2,1966.0,2368,71,72,11952.2
1733.395,1121.8,1966.0,2368,14,72,11958.6
1733.514,704.8,1966.0,2368,67,76,11959.0
1733.632,995.3,1966.0,2368,67,73,11969.8
1733.75,707.8,1966.0,2368,23,74,11953.7
1733.868,714.8,1966.0,2368,71,74,11956.0
1733.987,998.3,1966.0,2368,71,72,11967.6
1734.105,710.9,1966.0,2368,18,73,11972.9
1734.223,714.4,1966.0,2368,65,75,11975.8
1734.342,871.9,1966.0,2368,19,72,11984.5
1734.461,1130.9,1966.0,2368,19,72,11993.0
1734.58,713.9,1966.0,2368,15,75,11995.5
1734.698,874.9,1966.0,2368,70,73,12002.2
1734.816,1004.4,1966.0,2368,70,72,12010.6
1734.935,1138.4,1966.0,2368,14,72,12016.9
1735.053,716.9,1966.0,2368,55,76,12017.6
1735.171,877.9,1966.0,2368,29,72,12025.3
1735.29,1136.9,1966.0,2368,29,72,12034.1
1735.408,720.0,1966.0,2368,13,74,12037.5
1735.525,881.0,1966.0,2368,75,73,12039.6
1735.644,1140.0,1966.0,2368,75,72,12056.4
1735.761,1144.5,1966.0,2368,13,72,12067.9
1735.879,723.0,1966.0,2368,60,75,12069.5
1735.997,884.0,1966.0,2368,60,72,12082.8
1736.114,1013.5,1966.0,2368,16,72,12099.4
1736.234,1013.5,1966.0,2368,10,72,12112.8
1736.359,726.0,1966.0,2368,37,75,12046.2
1736.479,887.1,1966.0,2368,37,73,11970.0
1736.597,1146.1,1966.0,2368,48,72,11978.2
1736.716,729.1,1966.0,2368,41,76,11980.6
1736.834,890.1,1966.0,2368,41,73,11986.1
1736.953,1149.1,1966.0,2368,48,72,11993.5
1737.071,732.1,1966.0,2368,23,74,11996.7
1737.189,893.1,1966.0,2368,66,73,12001.4
1737.307,1022.6,1966.0,2368,66,72,12009.2
1737.425,1189.6,1966.0,2368,14,72,12015.9
1737.543,735.2,1966.0,2368,71,76,12017.2
1737.662,1025.7,1966.0,2368,71,72,12028.3
1737.78,1155.2,1966.0,2368,17,72,12052.3
1737.899,738.2,1966.0,2368,25,75,12062.0
1738.017,899.2,1966.0,2368,25,73,12074.3
1738.135,1028.7,1966.0,2368,56,72,12098.9
1738.255,1158.2,1966.0,2368,14,72,12125.4
1738.372,741.2,1966.0,2368,37,75,12133.6
1738.491,902.3,1966.0,2368,37,73,12118.0
1738.61,902.3,1966.0,2368,40,72,12154.2
1738.728,1031.8,1966.0,2368,9,72,12196.0
1738.848,1161.3,1966.0,2368,9,71,12243.7
1738.968,744.3,1966.0,2368,9,76,12254.0
1739.089,905.3,1966.0,2368,68,72,12321.4
1739.209,1034.8,1966.0,2368,11,72,12394.8
1739.329,1164.3,1966.0,2368,11,72,12458.0
1739.451,722.0,1966.0,2368,7,73,12479.3
1739.571,725.0,1966.0,2368,70,74,12527.5
1739.699,725.0,1966.0,2368,2,72,12568.1
1739.829,725.0,1966.0,2368,2,72,12529.4
1739.957,725.0,1966.0,2368,0,72,12578.4
1740.096,725.0,1966.0,2368,0,72,12655.2
1740.225,725.0,1966.0,2368,1,72,12725.2
1740.368,725.0,1966.0,2368,0,72,12750.4
1740.619,725.0,1966.0,2368,2,72,12762.8
1740.878,725.0,1966.0,2368,0,71,12772.3
1741.217,725.0,1966.0,2368,0,72,12779.3
1741.546,725.0,1966.0,2368,1,72,12717.4
1741.675,725.0,1966.0,2368,1,71,12442.3
1741.804,725.0,1966.0,2368,1,72,12230.7
1741.937,725.0,1966.0,2368,0,72,12321.3
1742.065,725.0,1966.0,2368,1,72,12398.9
1742.192,725.0,1966.0,2368,1,72,12480.4
1742.32,725.0,1966.0,2368,1,72,12584.9
1742.447,725.0,1966.0,2368,0,72,12676.7
1742.574,725.0,1966.0,2368,1,72,12739.0
1742.702,725.0,1966.0,2368,1,72,12814.3
1742.831,725.0,1966.0,2368,1,72,12871.8
1742.959,725.0,1966.0,2368,0,72,12936.4
1743.088,725.0,1966.0,2368,1,72,13010.5
1743.217,725.0,1966.0,2368,1,72,13087.3
1743.345,725.0,1966.0,2368,1,72,13159.2
1743.474,725.0,1966.0,2368,0,72,13220.6
1743.603,725.0,1966.0,2368,1,72,13284.6
1743.732,725.0,1966.0,2368,1,72,13327.3
1743.863,725.0,1966.0,2368,1,72,13346.1
1743.985,725.0,1966.0,2368,0,72,13359.4
1744.106,725.0,1966.0,2368,1,72,13369.0
1744.229,725.0,1966.0,2368,1,72,13386.5
1744.352,725.0,1966.0,2368,1,72,13397.3
1744.473,725.0,1966.0,2368,0,72,13410.0
1744.595,725.0,1966.0,2368,1,72,13422.7
1744.716,725.0,1966.0,2368,1,72,13484.7
1744.892,725.0,1966.0,2368,2,72,13429.7
1745.334,725.0,1966.0,2368,0,72,13294.0
1746.246,725.0,1966.0,2368,1,72,13214.6
1746.709,725.0,1966.0,2368,1,72,12614.8
1746.832,725.0,1966.0,2368,1,72,12448.2
1746.968,725.0,1966.0,2368,0,72,12513.6
1747.096,725.0,1966.0,2368,1,72,12577.5
1747.223,725.0,1966.0,2368,1,72,12646.2
1747.349,725.0,1966.0,2368,1,72,12718.1
1747.476,725.0,1966.0,2368,0,72,12795.2
1747.602,725.0,1966.0,2368,1,71,12869.9
1747.729,725.0,1966.0,2368,1,71,12945.8
1747.855,725.0,1966.0,2368,1,71,13009.5
1747.981,725.0,1966.0,2368,0,71,13056.7
1748.107,725.0,1966.0,2368,1,71,13087.7
1748.234,725.0,1966.0,2368,1,71,13114.4
1748.364,725.0,1966.0,2368,1,71,13125.4
1748.502,725.0,1966.0,2368,0,71,13125.4
1748.639,913.5,1966.0,2368,2,71,12989.7
1748.758,1043.0,1966.0,2368,19,71,13029.3
1748.877,1172.5,1966.0,2368,19,71,13079.9
1748.996,1172.5,1966.0,2368,10,71,13126.3
1749.113,1679.2,1966.0,2368,6,72,13156.8
1749.232,752.5,1966.0,2368,89,73,13156.9
1749.35,752.5,1966.0,2368,89,73,13164.4
1749.468,913.5,1966.0,2368,61,72,13193.6
1749.587,1043.0,1966.0,2368,14,72,13221.4
1749.706,1172.5,1966.0,2368,14,71,13260.1
1749.825,749.6,1966.0,2368,9,75,13268.8
1749.942,749.6,1966.0,2368,92,77,13268.8
1750.061,910.6,1966.0,2368,42,73,13290.1
1750.179,1040.1,1966.0,2368,42,72,13310.8
1750.297,1169.6,1966.0,2368,10,72,13162.6
1750.417,746.6,1966.0,2368,39,75,13033.5
1750.535,746.6,1966.0,2368,39,77,13033.5
1750.654,907.6,1966.0,2368,93,73,13046.1
1750.772,1037.1,1966.0,2368,13,72,13062.1
1750.891,1166.6,1966.0,2368,13,72,13074.1
1751.009,743.6,1966.0,2368,10,76,13017.2
1751.127,743.6,1966.0,2368,90,76,13017.5
1751.246,904.6,1966.0,2368,46,73,13029.9
1751.364,1034.1,1966.0,2368,46,72,13038.5
1751.483,768.2,1966.0,2368,12,73,13044.8
1751.601,740.7,1966.0,2368,68,77,13044.8
1751.719,772.2,1966.0,2368,68,75,13051.2
1751.837,1031.2,1966.0,2368,67,72,13059.2
1751.955,1160.7,1966.0,2368,14,72,13067.0
1752.073,737.7,1966.0,2368,64,76,13068.1
1752.194,737.7,1966.0,2368,64,76,13070.1
1752.312,898.7,1966.0,2368,71,73,13079.1
1752.43,1157.7,1966.0,2368,15,72,13091.0
1752.547,734.7,1966.0,2368,15,74,13095.2
1752.665,734.7,1966.0,2368,52,77,13095.2
1752.783,766.2,1966.0,2368,80,73,13106.2
1752.901,895.7,1966.0,2368,80,72,13127.2
1753.019,1025.2,1966.0,2368,7,72,13121.1
1753.138,1154.7,1966.0,2368,8,72,13128.6
1753.256,1154.7,1966.0,2368,8,72,13119.3
1753.374,731.8,1966.0,2368,8,76,13127.1
1753.492,731.8,1966.0,2368,72,76,13127.1
1753.61,892.8,1966.0,2368,56,73,13150.9
1753.727,892.8,1966.0,2368,56,72,13151.0
1753.845,1022.3,1966.0,2368,7,72,13146.6
1753.963,1022.3,1966.0,2368,6,72,13141.7
1754.08,1151.8,1966.0,2368,8,72,13137.6
1754.198,728.8,1966.0,2368,8,75,13142.8
1754.316,728.8,1966.0,2368,71,77,13142.8
1754.434,889.8,1966.0,2368,62,73,13151.4
1754.552,1019.3,1966.0,2368,62,72,13160.6
1754.67,1148.8,1966.0,2368,13,72,13096.8
1754.789,725.8,1966.0,2368,45,76,13099.2
1754.907,725.8,1966.0,2368,45,76,13099.2
1755.026,886.9,1966.0,2368,95,72,13110.7
1755.144,1016.4,1966.0,2368,13,72,13123.7
1755.261,776.5,1966.0,2368,16,73,13132.5
1755.379,722.9,1966.0,2368,16,77,13132.5
1755.498,729.9,1966.0,2368,100,73,13136.2
1755.616,883.9,1966.0,2368,30,72,13148.0
1755.735,1142.9,1966.0,2368,30,72,13137.4
1755.853,719.9,1966.0,2368,14,76,13142.3
1755.971,719.9,1966.0,2368,79,77,13142.3
1756.09,880.9,1966.0,2368,56,73,13150.4
1756.208,1010.4,1966.0,2368,56,72,13161.4
1756.326,717.0,1966.0,2368,14,73,13169.2
1756.444,717.0,1966.0,2368,78,77,13169.2
1756.562,878.0,1966.0,2368,78,74,13181.4
1756.681,878.0,1966.0,2368,54,72,13228.6
1756.8,1137.0,1966.0,2368,12,72,13261.7
1756.919,714.0,1966.0,2368,53,75,13262.6
1757.038,714.0,1966.0,2368,53,77,13252.7
1757.158,875.0,1966.0,2368,82,73,13255.9
1757.279,1134.0,1966.0,2368,16,72,13262.5
1757.399,711.0,1966.0,2368,16,76,13254.2
1757.518,711.0,1966.0,2368,80,76,13245.8
1757.638,1001.5,1966.0,2368,56,73,13252.4
1757.758,1131.0,1966.0,2368,16,72,13272.9
1757.878,708.1,1966.0,2368,16,76,13263.9
1757.998,708.1,1966.0,2368,94,76,13261.6
1758.118,869.1,1966.0,2368,40,73,13285.5
1758.239,1128.1,1966.0,2368,40,72,13297.6
1758.361,705.1,1966.0,2368,16,76,13289.2
1758.482,705.1,1966.0,2368,100,76,13282.4
1758.604,995.6,1966.0,2368,34,73,13295.5
1758.725,1125.1,1966.0,2368,34,72,13304.6
1758.846,702.1,1966.0,2368,28,77,13295.6
1758.967,702.1,1966.0,2368,100,74,13290.4
1759.089,863.1,1966.0,2368,21,73,13299.9
1759.21,1122.1,1966.0,2368,21,72,13312.4
1759.331,699.2,1966.0,2368,13,75,13313.4
1759.452,699.2,1966.0,2368,96,77,13304.0
1759.574,860.2,1966.0,2368,96,73,13305.4
1759.695,989.7,1966.0,2368,39,72,13313.9
1759.816,696.2,1966.0,2368,13,74,13325.6
1759.937,696.2,1966.0,2368,93,78,13316.2
1760.058,857.2,1966.0,2368,93,73,13337.2
1760.179,986.7,1966.0,2368,40,72,13352.4
1760.3,1116.2,1966.0,2368,13,72,13362.2
1760.421,693.3,1966.0,2368,74,77,13355.0
1760.549,693.3,1966.0,2368,74,76,13351.1
1760.671,983.8,1966.0,2368,6,72,13349.8
1760.955,1113.3,1966.0,2368,4,72,13322.6
1761.261,690.3,1966.0,2368,66,77,13313.1
1761.393,690.3,1966.0,2368,66,74,13305.6
1761.52,1110.3,1966.0,2368,30,75,13293.3
1761.767,687.3,1966.0,2368,100,77,13264.6
1761.934,1107.3,1966.0,2368,2,72,13236.4
1762.262,684.4,1966.0,2368,56,77,13227.2
1762.431,715.9,1966.0,2368,78,73,13211.9
1762.631,974.9,1966.0,2368,1,72,13171.3
1763.034,1104.4,1966.0,2368,1,72,13133.5
1763.404,681.4,1966.0,2368,52,75,13110.6
1763.716,842.4,1966.0,2368,1,72,13063.9
1764.161,971.9,1966.0,2368,1,72,13020.5
1764.551,971.9,1966.0,2368,0,72,13008.0
1764.677,971.9,1966.0,2368,3,72,12996.2
1764.809,1101.4,1966.0,2368,1,72,12990.0
1764.944,1101.4,1966.0,2368,1,72,12975.6
1765.073,1101.4,1966.0,2368,1,72,12968.1
1765.219,1101.4,1966.0,2368,3,72,12952.9
1765.361,1101.4,1966.0,2368,1,72,12942.8
1765.496,1101.4,1966.0,2368,1,72,12925.3
1765.625,1101.4,1966.0,2368,4,72,12916.5
1765.754,678.4,1966.0,2368,4,73,12903.5
1765.875,678.4,1966.0,2368,41,77,12894.1
1765.997,678.4,1966.0,2368,82,74,12881.9
1766.119,678.4,1966.0,2368,3,73,12870.8
1766.24,709.9,1966.0,2368,3,72,12856.9
1766.362,839.4,1966.0,2368,1,72,12847.7
1766.484,839.4,1966.0,2368,2,72,12835.2
1766.606,839.4,1966.0,2368,2,72,12831.2
1766.728,839.4,1966.0,2368,3,72,12833.0
1766.849,839.4,1966.0,2368,2,72,12821.7
1766.97,839.4,1966.0,2368,1,72,12821.6
1767.092,968.9,1966.0,2368,1,72,12871.7
1767.217,968.9,1966.0,2368,3,72,12881.9
1767.485,1098.4,1966.0,2368,1,72,12827.6
1767.946,1098.4,1966.0,2368,2,72,12788.4
1768.405,675.5,1966.0,2368,98,75,12773.3
1768.661,707.0,1966.0,2368,1,72,12737.0
1769.089,836.5,1966.0,2368,0,72,12689.1
1769.528,836.5,1966.0,2368,1,72,12637.4
1769.997,836.5,1966.0,2368,0,72,12586.2
1770.474,966.0,1966.0,2368,1,72,12530.8
1770.985,966.0,1966.0,2368,2,72,12485.3
1771.384,966.0,1966.0,2368,1,72,12455.2
1771.754,1095.5,1966.0,2368,3,72,12399.5
1771.888,1159.2,1966.0,2368,5,73,12028.2
1772.013,649.5,1966.0,2368,74,77,12000.7
1772.133,637.4,1966.0,2368,74,74,11991.7
1772.251,667.4,1966.0,2368,53,74,12002.4
1772.369,667.4,1966.0,2368,91,77,12002.4
1772.487,670.9,1966.0,2368,79,74,11988.8
1772.606,670.9,1966.0,2368,79,77,11988.8
1772.724,1091.0,1966.0,2368,92,74,11991.8
1772.842,674.5,1966.0,2368,82,77,11992.0
1772.962,965.0,1966.0,2368,82,74,11994.8
1773.08,678.1,1966.0,2368,77,77,11995.2
1773.198,839.1,1966.0,2368,99,74,11996.2
1773.317,681.7,1966.0,2368,99,77,11998.0
1773.435,842.7,1966.0,2368,80,77,11998.3
1773.553,685.3,1966.0,2368,83,77,11998.8
1773.671,716.8,1966.0,2368,91,77,12002.1
1773.789,688.9,1966.0,2368,91,76,12004.4
1773.907,688.9,1966.0,2368,86,78,12004.6
1774.025,692.5,1966.0,2368,64,75,12007.2
1774.143,692.5,1966.0,2368,64,77,12007.2
1774.262,1112.5,1966.0,2368,100,74,12011.2
1774.38,696.0,1966.0,2368,64,77,12011.2
1774.498,986.6,1966.0,2368,75,74,12013.5
1774.617,699.6,1966.0,2368,75,76,12014.9
1774.735,699.6,1966.0,2368,82,77,12015.4
1774.854,1119.6,1966.0,2368,54,73,12019.9
1774.972,703.2,1966.0,2368,54,77,12019.9
1775.09,993.7,1966.0,2368,94,74,12022.1
1775.209,706.8,1966.0,2368,61,77,12023.2
1775.327,867.8,1966.0,2368,61,75,12024.9
1775.445,710.4,1966.0,2368,86,75,12028.4
1775.563,710.4,1966.0,2368,66,78,12028.4
1775.681,1000.9,1966.0,2368,69,74,12031.9
1775.799,714.0,1966.0,2368,69,76,12033.0
1775.917,875.0,1966.0,2368,85,76,12034.5
1776.035,717.6,1966.0,2368,62,75,12036.8
1776.153,717.6,1966.0,2368,62,78,12036.9
1776.271,1137.6,1966.0,2368,92,74,12041.5
1776.389,721.1,1966.0,2368,59,77,12041.7
1776.506,752.6,1966.0,2368,70,75,12046.1
1776.624,882.1,1966.0,2368,70,73,12055.4
1776.743,1141.1,1966.0,2368,13,73,12064.1
1776.861,724.7,1966.0,2368,33,75,12067.8
1776.978,724.7,1966.0,2368,33,77,12068.0
1777.096,885.7,1966.0,2368,81,73,12077.9
1777.214,1015.2,1966.0,2368,13,73,12087.2
1777.332,1144.7,1966.0,2368,13,73,12095.2
1777.45,728.3,1966.0,2368,16,77,12095.2
1777.568,889.3,1966.0,2368,95,75,12099.9
1777.685,1018.8,1966.0,2368,12,73,12109.9
1777.803,1148.3,1966.0,2368,12,73,12120.0
1777.92,731.9,1966.0,2368,11,73,12125.2
1778.039,731.9,1966.0,2368,72,77,12125.2
1778.156,1022.4,1966.0,2368,72,74,12131.9
1778.274,1151.9,1966.0,2368,50,73,12151.1
1778.393,735.5,1966.0,2368,9,74,12152.9
1778.514,735.5,1966.0,2368,93,77,12143.5
1778.634,896.5,1966.0,2368,93,73,12150.8
1778.754,1026.0,1966.0,2368,19,73,12163.1
1778.875,1026.0,1966.0,2368,8,73,12176.1
1778.996,739.1,1966.0,2368,8,74,12176.4
1779.116,739.1,1966.0,2368,49,77,12167.9
1779.238,1029.6,1966.0,2368,68,73,12170.5
1779.359,1159.1,1966.0,2368,16,73,12172.6
1779.479,742.7,1966.0,2368,16,76,12163.2
1779.601,903.7,1966.0,2368,91,74,11988.7
1779.721,1033.2,1966.0,2368,24,73,12013.6
1779.841,1162.7,1966.0,2368,24,73,11898.3
1779.961,746.2,1966.0,2368,19,77,11776.0
1780.085,907.2,1966.0,2368,98,74,11798.3
1780.204,1036.7,1966.0,2368,13,73,11815.2
1780.322,1166.2,1966.0,2368,13,73,11831.2
1780.44,749.8,1966.0,2368,11,74,11843.6
1780.558,749.8,1966.0,2368,80,77,11843.6
1780.677,910.8,1966.0,2368,80,73,11871.1
1780.795,1040.3,1966.0,2368,32,73,11901.0
1780.913,1169.8,1966.0,2368,11,73,11940.2
1781.031,753.4,1966.0,2368,33,75,11954.6
1781.15,753.4,1966.0,2368,33,77,11954.6
1781.268,914.4,1966.0,2368,79,73,11997.9
1781.386,1043.9,1966.0,2368,9,73,12045.9
1781.504,1173.4,1966.0,2368,9,72,12081.6
1781.621,757.0,1966.0,2368,9,73,12107.3
1781.739,757.0,1966.0,2368,56,76,12107.3
1781.858,918.0,1966.0,2368,55,73,12125.3
1781.976,918.0,1966.0,2368,55,73,12162.2
1782.095,1047.5,1966.0,2368,7,72,12212.7
1782.216,1177.0,1966.0,2368,10,72,12253.8
1782.336,760.6,1966.0,2368,10,75,12257.5
1782.456,760.6,1966.0,2368,53,76,12262.2
1782.576,921.6,1966.0,2368,54,73,12339.7
1782.697,1051.1,1966.0,2368,11,73,12391.3
1782.818,1180.6,1966.0,2368,11,72,12435.5
1782.939,738.8,1966.0,2368,8,75,12417.6
1783.061,738.8,1966.0,2368,82,77,12270.6
1783.182,742.4,1966.0,2368,22,73,12334.3
1783.31,742.4,1966.0,2368,22,72,12418.5
1783.44,742.4,1966.0,2368,0,72,12478.7
1783.57,742.4,1966.0,2368,0,72,12279.0
1783.7,742.4,1966.0,2368,2,72,12104.2
1783.827,742.4,1966.0,2368,2,72,12182.4
1783.955,742.4,1966.0,2368,0,72,12258.4
1784.083,742.4,1966.0,2368,0,72,12337.3
1784.211,742.4,1966.0,2368,1,72,12430.8
1784.343,742.4,1966.0,2368,1,72,12515.8
1784.471,742.4,1966.0,2368,0,72,12615.6
1784.599,742.4,1966.0,2368,0,72,12690.4
1784.726,742.4,1966.0,2368,2,72,12709.7
1784.86,742.4,1966.0,2368,0,72,12701.6
1784.987,742.4,1966.0,2368,0,72,12779.4
1785.114,742.4,1966.0,2368,0,72,12870.7
1785.243,742.4,1966.0,2368,1,72,12919.6
1785.373,742.4,1966.0,2368,0,72,12999.6
1785.502,742.4,1966.0,2368,0,72,13075.8
1785.631,742.4,1966.0,2368,0,72,13139.1
1785.761,742.4,1966.0,2368,1,72,13207.7
1785.891,742.4,1966.0,2368,0,72,13256.9
1786.02,742.4,1966.0,2368,0,72,13340.7
1786.15,742.4,1966.0,2368,1,72,13398.9
1786.295,742.4,1966.0,2368,0,72,13458.2
1786.542,742.4,1966.0,2368,1,72,13469.5
1786.831,742.4,1966.0,2368,1,72,13473.7
1787.165,742.4,1966.0,2368,1,72,13464.8
1787.417,742.4,1966.0,2368,0,72,13466.6
1787.627,742.4,1966.0,2368,2,72,13460.4
1787.858,742.4,1966.0,2368,0,72,13460.3
1788.04,742.4,1966.0,2368,1,72,13458.0
1788.231,742.4,1966.0,2368,1,72,13459.5
1788.4,742.4,1966.0,2368,0,72,13458.7
1788.578,742.4,1966.0,2368,2,72,13341.5
1789.364,742.4,1966.0,2368,1,72,13269.8
1789.921,742.4,1966.0,2368,1,72,13190.6
1790.49,742.4,1966.0,2368,0,72,12544.1
1790.612,742.4,1966.0,2368,1,72,12292.2
1790.736,742.4,1966.0,2368,1,72,12360.0
1790.863,742.4,1966.0,2368,1,72,12434.7
1790.991,742.4,1966.0,2368,0,72,12514.6
1791.126,742.4,1966.0,2368,1,72,12588.0
1791.254,742.4,1966.0,2368,1,72,12661.5
1791.381,742.4,1966.0,2368,0,72,12734.5
1791.509,742.4,1966.0,2368,0,72,12807.2
1791.636,742.4,1966.0,2368,1,72,12878.7
1791.763,742.4,1966.0,2368,1,72,12948.7
1791.891,742.4,1966.0,2368,0,72,13018.6
1792.018,742.4,1966.0,2368,0,72,13068.4
1792.146,742.4,1966.0,2368,1,72,13080.5
1792.275,742.4,1966.0,2368,1,72,13084.4
1792.404,742.4,1966.0,2368,0,72,13086.5
1792.535,742.4,1966.0,2368,0,72,13086.9
1792.664,742.4,1966.0,2368,1,72,13047.6
1792.79,931.4,1966.0,2368,2,72,12954.7
1792.908,1060.9,1966.0,2368,14,72,12986.6
1793.027,1190.4,1966.0,2368,14,72,13015.2
1793.145,1405.6,1966.0,2408,9,73,13040.9
1793.263,770.4,2006.0,2408,66,77,13041.9
1793.382,770.4,2006.0,2408,66,78,13041.9
1793.501,801.9,2006.0,2408,100,74,13051.9
1793.619,931.4,2006.0,2408,39,73,13075.6
1793.737,1190.4,2006.0,2408,15,73,13105.8
1793.856,1190.4,2006.0,2408,15,72,13131.7
1793.974,766.9,2006.0,2408,31,76,13131.9
1794.092,766.9,2006.0,2408,100,78,13131.9
1794.21,766.9,2006.0,2408,100,75,13134.4
1794.328,1057.4,2006.0,2408,76,73,13153.3
1794.446,1186.9,2006.0,2408,14,73,13177.6
1794.564,763.3,2006.0,2408,29,73,13193.5
1794.681,763.3,2006.0,2408,29,77,13193.5
1794.798,763.3,2006.0,2408,100,78,13193.5
1794.916,794.8,2006.0,2408,78,74,13197.9
1795.035,1053.8,2006.0,2408,78,73,13210.8
1795.153,1183.3,2006.0,2408,16,73,13235.0
1795.271,759.7,2006.0,2408,34,76,13242.0
1795.389,759.7,2006.0,2408,34,78,13242.0
1795.506,759.7,2006.0,2408,100,76,13242.0
1795.623,920.8,2006.0,2408,73,74,13249.4
1795.741,1050.3,2006.0,2408,15,73,13258.6
1795.859,756.2,2006.0,2408,15,74,13264.7
1795.976,756.2,2006.0,2408,50,77,13264.7
1796.094,756.2,2006.0,2408,100,78,13264.7
1796.211,787.7,2006.0,2408,100,74,13270.7
1796.33,1046.7,2006.0,2408,62,73,13117.0
1796.448,1176.2,2006.0,2408,16,73,13125.3
1796.566,752.6,2006.0,2408,16,76,13125.8
1796.683,752.6,2006.0,2408,74,78,13125.8
1796.8,752.6,2006.0,2408,100,75,13127.1
1796.918,913.6,2006.0,2408,37,73,13139.9
1797.036,1172.6,2006.0,2408,37,73,13156.6
1797.154,749.1,2006.0,2408,16,75,13161.0
1797.272,749.1,2006.0,2408,96,78,13161.0
1797.39,749.1,2006.0,2408,96,77,13161.0
1797.508,910.1,2006.0,2408,100,74,13175.6
1797.627,910.1,2006.0,2408,9,73,13196.4
1797.745,1039.6,2006.0,2408,8,73,13213.1
1797.863,1169.1,2006.0,2408,8,72,13231.7
1797.981,745.5,2006.0,2408,17,75,13234.8
1798.099,745.5,2006.0,2408,100,78,13234.8
1798.217,745.5,2006.0,2408,100,76,13234.8
1798.336,1036.0,2006.0,2408,93,74,13243.7
1798.454,1165.5,2006.0,2408,17,73,13263.4
1798.572,742.0,2006.0,2408,17,74,13272.2
1798.69,742.0,2006.0,2408,36,77,13222.5
1798.809,742.0,2006.0,2408,100,78,13094.4
1798.927,903.0,2006.0,2408,71,74,13108.3
1799.045,1032.5,2006.0,2408,71,73,13118.2
1799.163,1162.0,2006.0,2408,16,73,13127.0
1799.284,738.4,2006.0,2408,56,76,13127.1
1799.402,738.4,2006.0,2408,56,78,13127.1
1799.52,738.4,2006.0,2408,100,76,13129.1
1799.638,1028.9,2006.0,2408,54,73,13139.4
1799.756,1158.4,2006.0,2408,16,73,13148.4
1799.88,734.9,2006.0,2408,16,76,13148.4
1799.999,734.9,2006.0,2408,100,78,13148.4
1800.119,734.9,2006.0,2408,99,75,13150.9
1800.238,1025.4,2006.0,2408,99,73,13159.5
1800.356,1154.9,2006.0,2408,15,73,13177.9
1800.481,731.3,2006.0,2408,47,76,13177.9
1800.6,731.3,2006.0,2408,100,78,13177.9
1800.719,731.3,2006.0,2408,100,76,13188.4
1800.837,892.3,2006.0,2408,64,73,13233.5
1800.955,1151.3,2006.0,2408,14,73,13263.5
1801.073,727.8,2006.0,2408,14,76,13271.8
1801.191,727.8,2006.0,2408,73,79,13271.8
1801.309,727.8,2006.0,2408,100,75,13271.8
1801.427,888.8,2006.0,2408,36,73,13255.5
1801.546,1018.3,2006.0,2408,36,73,13178.2
1801.665,1147.8,2006.0,2408,14,73,13171.3
1801.784,724.2,2006.0,2408,64,77,13130.5
1801.902,724.2,2006.0,2408,64,78,13130.5
1802.02,731.2,2006.0,2408,100,75,13137.4
1802.139,1014.7,2006.0,2408,49,73,13155.3
1802.257,1513.2,2006.0,2408,49,74,13170.1
1802.375,720.6,2006.0,2408,26,77,13170.1
1802.493,720.6,2006.0,2408,100,79,13170.1
1802.611,752.2,2006.0,2408,88,74,13176.6
1802.73,1011.2,2006.0,2408,88,73,13201.6
1802.848,1140.7,2006.0,2408,15,73,13226.0
1802.966,717.1,2006.0,2408,57,76,13226.5
1803.085,717.1,2006.0,2408,57,78,13156.8
1803.205,717.1,2006.0,2408,100,76,13079.0
1803.323,878.1,2006.0,2408,53,73,13117.8
1803.44,878.1,2006.0,2408,7,73,13164.3
1803.559,1007.6,2006.0,2408,7,73,13216.7
1803.676,1137.1,2006.0,2408,9,73,13242.7
1803.796,713.5,2006.0,2408,25,74,13233.9
1803.915,713.5,2006.0,2408,25,77,13233.9
1804.034,713.5,2006.0,2408,100,77,13233.9
1804.154,745.0,2006.0,2408,80,74,13269.0
1804.273,874.5,2006.0,2408,8,73,13291.0
1804.394,1004.0,2006.0,2408,8,73,13360.6
1804.515,1133.5,2006.0,2408,9,72,13435.6
1804.636,710.0,2006.0,2408,41,75,13442.9
1804.757,710.0,2006.0,2408,41,78,13434.0
1804.879,710.0,2006.0,2408,100,75,13425.5
1805.001,871.0,2006.0,2408,66,73,13449.7
1805.122,1000.5,2006.0,2408,10,73,13473.5
1805.244,1130.0,2006.0,2408,10,72,13497.7
1805.365,706.4,2006.0,2408,10,76,13500.1
1805.487,706.4,2006.0,2408,91,78,13490.8
1805.608,706.4,2006.0,2408,100,76,13481.7
1805.729,867.4,2006.0,2408,100,73,13498.7
1805.85,996.9,2006.0,2408,18,73,13524.1
1805.98,1126.4,2006.0,2408,8,72,13517.6
1806.201,1126.4,2006.0,2408,48,78,13488.6
1806.512,702.9,2006.0,2408,100,76,13478.5
1806.643,863.9,2006.0,2408,3,73,13453.6
1806.973,993.4,2006.0,2408,4,73,13417.3
1807.331,1122.9,2006.0,2408,1,72,13383.8
1807.682,699.3,2006.0,2408,98,78,13365.9
1807.956,699.3,2006.0,2408,95,75,13356.3
1808.102,860.3,2006.0,2408,1,73,13313.2
1808.48,989.8,2006.0,2408,4,72,13247.7
1808.865,695.8,2006.0,2408,88,78,13229.1
1809.117,695.8,2006.0,2408,100,76,13217.7
1809.248,856.8,2006.0,2408,3,73,13155.1
1809.588,1115.8,2006.0,2408,2,73,13122.3
1809.924,692.2,2006.0,2408,2,76,13114.5
1810.057,692.2,2006.0,2408,89,78,13104.8
1810.183,692.2,2006.0,2408,100,75,13098.6
1810.308,982.7,2006.0,2408,28,73,13083.4
1810.567,688.7,2006.0,2408,74,78,13064.1
1810.845,688.7,2006.0,2408,100,76,13054.0
1810.969,979.2,2006.0,2408,40,73,13032.4
1811.252,1108.7,2006.0,2408,1,73,12995.0
1811.634,685.1,2006.0,2408,44,79,12977.4
1811.903,685.1,2006.0,2408,100,76,12968.1
1812.027,846.1,2006.0,2408,5,73,12935.9
1812.399,975.6,2006.0,2408,3,73,12880.0
1812.886,1105.1,2006.0,2408,2,73,12830.7
1813.344,681.5,2006.0,2408,100,78,12811.3
1813.622,681.5,2006.0,2408,100,76,12804.5
1813.746,842.6,2006.0,2408,2,73,12787.6
1814.018,842.6,2006.0,2408,2,73,12770.8
1814.244,842.6,2006.0,2408,2,73,12750.9
1814.573,972.1,2006.0,2408,2,73,12729.7
1814.701,1101.6,2006.0,2408,7,73,12737.1
1814.881,1101.6,2006.0,2408,2,73,12682.0
1815.394,1101.6,2006.0,2408,17,77,12648.6
1815.721,678.0,2006.0,2408,100,79,12638.8
1815.846,678.0,2006.0,2408,81,73,12650.5
1816.105,839.0,2006.0,2408,1,73,12480.9
1816.227,968.5,2006.0,2408,9,73,12207.8
1816.347,968.5,2006.0,2408,3,73,12195.0
1816.468,968.5,2006.0,2408,3,73,12182.4
1816.589,968.5,2006.0,2408,0,73,12170.1
1816.71,968.5,2006.0,2408,2,73,12155.9
1816.831,968.5,2006.0,2408,0,73,12143.5
1816.953,968.5,2006.0,2408,0,73,12130.4
1817.074,968.5,2006.0,2408,0,73,12117.4
1817.196,968.5,2006.0,2408,2,73,12104.3
1817.317,968.5,2006.0,2408,2,73,12090.3
1817.439,968.5,2006.0,2408,0,73,12076.5
1817.559,968.5,2006.0,2408,0,73,12062.9
1817.681,968.5,2006.0,2408,2,73,12049.9
1817.803,968.5,2006.0,2408,2,73,12037.0
1817.924,968.5,2006.0,2408,0,73,12024.9
1818.046,968.5,2006.0,2408,1,73,12014.2
1818.168,968.5,2006.0,2408,2,73,12003.8
1818.289,968.5,2006.0,2408,2,73,11994.1
1818.411,1098.0,2006.0,2408,1,73,11986.3
1818.532,1098.0,2006.0,2408,1,72,11975.3
1818.654,1098.0,2006.0,2408,1,72,11967.6
1818.776,1098.0,2006.0,2408,3,72,11959.2
1818.897,1098.0,2006.0,2408,1,72,11950.6
1819.018,1098.0,2006.0,2408,1,72,11943.0
1819.138,1098.0,2006.0,2408,1,72,11935.2
1819.26,1098.0,2006.0,2408,3,72,11924.7
1819.38,1098.0,2006.0,2408,1,71,11915.2
1819.502,1098.0,2006.0,2408,0,71,11902.0
1819.623,1098.0,2006.0,2408,0,72,11883.0
1819.747,1098.0,2006.0,2408,2,71,11867.5
1819.868,1098.0,2006.0,2408,0,71,11854.3
1819.989,1098.0,2006.0,2408,0,71,11687.5
1820.11,651.7,2006.0,2408,17,74,11633.7
1820.228,651.7,2006.0,2408,100,75,11633.7
1820.347,651.7,2006.0,2408,100,73,11633.7
1820.478,637.4,2006.0,2408,100,73,11639.7
1820.596,636.2,2006.0,2408,10,72,11597.6
1820.715,666.4,2006.0,2408,41,74,11618.1
1820.834,666.4,2006.0,2408,41,77,11618.1
1820.953,670.3,2006.0,2408,97,74,11625.2
1821.072,670.3,2006.0,2408,82,77,11623.6
1821.191,1090.3,2006.0,2408,65,74,11628.4
1821.31,674.1,2006.0,2408,65,77,11628.5
1821.428,835.1,2006.0,2408,96,75,11631.8
1821.546,677.9,2006.0,2408,51,76,11634.8
1821.665,677.9,2006.0,2408,51,78,11635.0
1821.795,681.7,2006.0,2408,97,75,11636.9
1821.913,681.7,2006.0,2408,80,78,11636.9
1822.031,685.5,2006.0,2408,76,75,11638.1
1822.15,685.5,2006.0,2408,76,77,11638.1
1822.268,1105.5,2006.0,2408,97,74,11639.4
1822.386,689.3,2006.0,2408,77,77,11639.4
1822.505,979.8,2006.0,2408,77,74,11641.1
1822.623,693.1,2006.0,2408,72,77,11641.6
1822.742,854.1,2006.0,2408,97,75,11642.9
1822.86,696.9,2006.0,2408,62,76,11644.5
1822.978,696.9,2006.0,2408,62,78,11644.5
1823.097,1116.9,2006.0,2408,83,75,11648.1
1823.215,700.7,2006.0,2408,78,77,11648.1
1823.333,991.2,2006.0,2408,78,75,11678.9
1823.451,991.2,2006.0,2408,55,73,11729.1
1823.569,704.5,2006.0,2408,26,75,11741.1
1823.687,704.5,2006.0,2408,93,78,11745.0
1823.808,1124.5,2006.0,2408,93,74,11762.3
1823.926,708.3,2006.0,2408,38,77,11765.4
1824.044,739.8,2006.0,2408,87,76,11768.4
1824.163,1128.3,2006.0,2408,87,74,11777.9
1824.282,712.1,2006.0,2408,34,77,11778.2
1824.401,873.1,2006.0,2408,93,75,11780.3
1824.52,1132.1,2006.0,2408,93,73,11787.7
1824.638,715.9,2006.0,2408,34,77,11787.7
1824.756,876.9,2006.0,2408,97,75,11794.0
1824.875,719.7,2006.0,2408,49,76,11796.6
1824.994,719.7,2006.0,2408,49,78,11796.6
1825.112,1139.7,2006.0,2408,84,74,11810.9
1825.23,723.5,2006.0,2408,54,77,11812.9
1825.349,723.5,2006.0,2408,54,75,11818.5
1825.467,884.5,2006.0,2408,68,74,11828.8
1825.586,1014.0,2006.0,2408,11,73,11838.7
1825.705,1149.2,2006.0,2408,15,74,11845.9
1825.823,727.3,2006.0,2408,15,77,11845.9
1825.941,888.3,2006.0,2408,100,75,11852.2
1826.06,1017.8,2006.0,2408,11,73,11863.2
1826.177,1147.3,2006.0,2408,11,73,11874.6
1826.296,731.1,2006.0,2408,12,74,11879.5
1826.414,731.1,2006.0,2408,75,77,11879.5
1826.532,892.1,2006.0,2408,38,74,11888.6
1826.65,1021.6,2006.0,2408,38,73,11898.6
1826.768,1151.1,2006.0,2408,11,73,11908.7
1826.886,734.9,2006.0,2408,27,75,11913.0
1827.004,734.9,2006.0,2408,27,78,11913.0
1827.122,1025.4,2006.0,2408,88,74,11924.6
1827.24,1154.9,2006.0,2408,14,73,11945.1
1827.358,1154.9,2006.0,2408,14,73,11960.9
1827.477,738.7,2006.0,2408,8,77,11961.7
1827.595,738.7,2006.0,2408,100,75,11970.3
1827.714,899.7,2006.0,2408,10,73,11986.3
1827.832,1029.2,2006.0,2408,10,73,12002.3
1827.95,1029.2,2006.0,2408,7,73,12021.0
1828.069,1158.7,2006.0,2408,7,73,12040.4
1828.189,742.5,2006.0,2408,7,76,12041.3
1828.309,742.5,2006.0,2408,62,75,11950.3
1828.429,903.5,2006.0,2408,50,73,11905.3
1828.547,1033.0,2006.0,2408,9,73,11941.3
1828.665,1162.5,2006.0,2408,9,73,11972.9
1828.783,746.3,2006.0,2408,10,74,11992.2
1828.901,746.3,2006.0,2408,78,77,11992.2
1829.02,907.3,2006.0,2408,78,74,12028.2
1829.138,1036.8,2006.0,2408,31,73,12062.4
1829.256,1166.3,2006.0,2408,11,73,12044.2
1829.383,750.1,2006.0,2408,40,74,12025.9
1829.503,750.1,2006.0,2408,40,77,11966.2
1829.622,911.1,2006.0,2408,74,73,11984.9
1829.741,1040.6,2006.0,2408,12,73,12001.0
1829.859,1170.1,2006.0,2408,12,73,12013.3
1829.977,753.9,2006.0,2408,11,76,12016.1
1830.095,753.9,2006.0,2408,99,75,11988.0
1830.213,915.0,2006.0,2408,14,73,12005.8
1830.331,1044.5,2006.0,2408,14,73,12031.8
1830.449,1174.0,2006.0,2408,10,72,12056.5
1830.568,757.7,2006.0,2408,60,76,12046.8
1830.686,918.8,2006.0,2408,60,74,12053.1
1830.804,918.8,2006.0,2408,56,73,12087.2
1830.926,1177.8,2006.0,2408,10,73,12115.4
1831.046,1207.2,2006.0,2408,21,73,12100.8
1831.167,761.6,2006.0,2408,21,76,12067.1
1831.287,793.1,2006.0,2408,94,74,12005.9
1831.407,922.6,2006.0,2408,8,73,12046.3
1831.528,1052.1,2006.0,2408,8,73,12087.9
1831.648,1181.6,2006.0,2408,9,72,11961.0
1831.775,765.4,2006.0,2408,8,74,11998.7
1831.894,765.4,2006.0,2408,95,77,11998.7
1832.013,926.4,2006.0,2408,95,73,12056.1
1832.135,926.4,2006.0,2408,17,73,12118.3
1832.256,1055.9,2006.0,2408,8,72,12177.3
1832.376,1185.4,2006.0,2408,8,72,12202.1
1832.497,1185.4,2006.0,2408,6,72,11935.4
1832.62,743.8,2006.0,2408,5,75,11767.6
1832.747,743.8,2006.0,2408,91,77,11768.0
1832.866,747.6,2006.0,2408,91,73,11884.1
1832.992,747.6,2006.0,2408,12,73,11994.3
1833.118,747.6,2006.0,2408,1,73,12066.2
1833.248,747.6,2006.0,2408,1,72,12150.6
1833.375,747.6,2006.0,2408,1,72,12223.5
1833.502,747.6,2006.0,2408,0,72,12298.8
1833.63,747.6,2006.0,2408,1,72,12369.6
1833.758,747.6,2006.0,2408,1,72,12446.3
1833.886,747.6,2006.0,2408,0,72,12537.8
1834.014,747.6,2006.0,2408,0,72,12578.5
1834.158,747.6,2006.0,2408,1,72,12640.3
1834.288,747.6,2006.0,2408,1,72,12704.9
1834.417,747.6,2006.0,2408,0,72,12767.2
1834.548,747.6,2006.0,2408,0,72,12829.2
1834.677,747.6,2006.0,2408,1,72,12867.3
1834.807,747.6,2006.0,2408,1,72,12964.1
1834.937,747.6,2006.0,2408,0,72,13031.7
1835.067,747.6,2006.0,2408,1,72,13085.2
1835.203,747.6,2006.0,2408,1,72,13143.3
1835.338,747.6,2006.0,2408,0,72,13185.0
1835.618,747.6,2006.0,2408,1,72,13198.1
1835.914,747.6,2006.0,2408,1,72,13207.8
1836.216,747.6,2006.0,2408,0,72,13219.2
1836.53,747.6,2006.0,2408,1,72,13224.4
1836.782,747.6,2006.0,2408,0,72,13227.6
1837.119,747.6,2006.0,2408,1,72,13230.1
1837.438,747.6,2006.0,2408,1,72,13233.5
1837.76,747.6,2006.0,2408,1,72,12936.1
1837.884,747.6,2006.0,2408,0,72,12893.0
1838.02,747.6,2006.0,2408,0,72,12887.6
1838.141,747.6,2006.0,2408,1,72,12877.0
1838.261,747.6,2006.0,2408,1,72,12849.2
1838.381,747.6,2006.0,2408,1,72,12846.3
1838.5,747.6,2006.0,2408,0,72,12866.6
1838.621,747.6,2006.0,2408,1,72,12889.0
1838.741,747.6,2006.0,2408,1,72,12972.2
1838.864,747.6,2006.0,2408,1,72,13033.4
1838.993,747.6,2006.0,2408,0,72,12393.5
1839.116,747.6,2006.0,2408,1,72,12460.6
1839.242,747.6,2006.0,2408,1,72,12524.0
1839.369,747.6,2006.0,2408,1,72,12596.4
1839.497,747.6,2006.0,2408,0,72,12667.9
1839.624,747.6,2006.0,2408,1,72,12737.5
1839.75,747.6,2006.0,2408,1,72,12802.1
1839.876,747.6,2006.0,2408,1,72,12817.4
1840.005,747.6,2006.0,2408,0,72,12828.1
1840.132,747.6,2006.0,2408,1,72,12832.8
1840.26,747.6,2006.0,2408,1,72,12832.8
1840.388,747.6,2006.0,2408,1,72,12832.8
1840.517,747.6,2006.0,2408,0,72,12832.8
1840.646,747.6,2006.0,2408,1,73,12832.8
1840.781,1195.9,2006.0,2408,16,72,12674.8
1840.9,775.9,2006.0,2408,16,77,12675.4
1841.019,775.9,2006.0,2408,99,78,12675.4
1841.138,936.9,2006.0,2408,100,75,12675.6
1841.256,772.2,2006.0,2408,72,76,12678.9
1841.378,772.2,2006.0,2408,72,78,12678.9
1841.497,772.2,2006.0,2408,100,77,12678.9
1841.616,1192.2,2006.0,2408,82,74,12681.4
1841.734,768.4,2006.0,2408,82,77,12681.8
1841.852,768.4,2006.0,2408,90,79,12681.8
1841.971,768.4,2006.0,2408,100,75,12683.6
1842.089,929.4,2006.0,2408,27,73,12698.8
1842.207,764.7,2006.0,2408,27,76,12706.4
1842.325,764.7,2006.0,2408,75,77,12706.4
1842.444,764.7,2006.0,2408,100,79,12706.4
1842.563,925.7,2006.0,2408,100,74,12717.3
1842.682,1055.2,2006.0,2408,45,73,12730.7
1842.8,1184.7,2006.0,2408,11,73,12741.9
1842.918,761.0,2006.0,2408,11,75,12749.9
1843.036,761.0,2006.0,2408,50,78,12749.9
1843.155,761.0,2006.0,2408,100,77,12749.9
1843.274,792.5,2006.0,2408,58,74,12790.7
1843.392,922.0,2006.0,2408,58,73,12847.7
1843.51,1051.5,2006.0,2408,10,73,12907.7
1843.628,1181.0,2006.0,2408,12,73,12922.6
1843.746,757.2,2006.0,2408,12,77,12923.0
1843.865,757.2,2006.0,2408,82,79,12923.0
1843.983,757.2,2006.0,2408,100,75,12932.5
1844.101,918.3,2006.0,2408,24,73,12983.4
1844.219,1047.8,2006.0,2408,24,73,13033.9
1844.336,1177.3,2006.0,2408,9,73,13082.5
1844.454,1177.3,2006.0,2408,8,74,13121.2
1844.572,753.5,2006.0,2408,8,76,13121.3
1844.69,753.5,2006.0,2408,93,78,13121.3
1844.809,753.5,2006.0,2408,100,76,13130.5
1844.927,914.5,2006.0,2408,100,73,13141.5
1845.046,914.5,2006.0,2408,13,73,13129.6
1845.17,1044.0,2006.0,2408,9,73,13113.2
1845.289,1173.5,2006.0,2408,6,72,13134.5
1845.406,1173.5,2006.0,2408,6,72,13167.3
1845.525,749.8,2006.0,2408,23,76,13169.2
1845.643,749.8,2006.0,2408,100,78,13169.2
1845.762,749.8,2006.0,2408,100,76,13173.5
1845.88,910.8,2006.0,2408,84,73,13209.8
1845.998,1040.3,2006.0,2408,7,73,13171.5
1846.116,1040.3,2006.0,2408,9,73,13191.9
1846.235,1169.8,2006.0,2408,9,72,13108.7
1846.353,746.1,2006.0,2408,7,75,13114.3
1846.471,746.1,2006.0,2408,97,78,13114.3
1846.589,746.1,2006.0,2408,97,76,13114.3
1846.707,907.1,2006.0,2408,100,73,13134.9
1846.825,907.1,2006.0,2408,11,73,13166.8
1846.943,1036.6,2006.0,2408,8,72,13201.6
1847.061,1166.1,2006.0,2408,8,73,13230.2
1847.179,742.3,2006.0,2408,10,74,13244.7
1847.297,742.3,2006.0,2408,81,77,13244.7
1847.414,742.3,2006.0,2408,81,79,13244.7
1847.532,773.8,2006.0,2408,100,74,13260.8
1847.651,903.3,2006.0,2408,24,73,13292.5
1847.769,1032.8,2006.0,2408,24,73,13324.8
1847.89,1162.3,2006.0,2408,8,73,12732.7
1848.01,738.6,2006.0,2408,15,75,12742.1
1848.128,738.6,2006.0,2408,100,77,12742.1
1848.245,738.6,2006.0,2408,100,77,12742.1
1848.363,899.6,2006.0,2408,96,74,12764.7
1848.482,899.6,2006.0,2408,8,73,12798.5
1848.601,1029.1,2006.0,2408,8,73,12826.1
1848.719,1158.6,2006.0,2408,10,73,12857.1
1848.837,734.9,2006.0,2408,9,75,12874.8
1848.955,734.9,2006.0,2408,100,77,12874.8
1849.072,734.9,2006.0,2408,100,77,12874.8
1849.191,895.9,2006.0,2408,98,74,12906.7
1849.309,1025.4,2006.0,2408,11,73,12955.5
1849.427,1154.9,2006.0,2408,11,72,12999.0
1849.546,789.4,2006.0,2408,9,73,13030.7
1849.664,731.1,2006.0,2408,60,76,13030.7
1849.782,731.1,2006.0,2408,100,78,13030.7
1849.899,731.1,2006.0,2408,100,75,13045.2
1850.017,1021.7,2006.0,2408,53,73,13083.1
1850.136,1151.2,2006.0,2408,13,73,13117.8
1850.253,727.4,2006.0,2408,13,74,13134.6
1850.371,727.4,2006.0,2408,51,77,13134.6
1850.489,727.4,2006.0,2408,100,78,13134.6
1850.606,758.9,2006.0,2408,100,74,13151.8
1850.724,888.4,2006.0,2408,60,73,13182.7
1850.842,1017.9,2006.0,2408,8,73,13216.6
1850.96,1147.4,2006.0,2408,9,72,13249.4
1851.079,723.7,2006.0,2408,9,75,13260.1
1851.197,723.7,2006.0,2408,72,78,13260.1
1851.315,723.7,2006.0,2408,100,76,13260.1
1851.434,884.7,2006.0,2408,100,73,13281.4
1851.552,1014.2,2006.0,2408,39,73,13316.5
1851.671,1014.2,2006.0,2408,11,72,13317.8
1851.796,1143.7,2006.0,2408,8,72,13270.9
1851.914,720.0,2006.0,2408,8,75,13273.3
1852.035,720.0,2006.0,2408,79,78,13264.2
1852.156,720.0,2006.0,2408,100,75,13255.4
1852.276,881.0,2006.0,2408,100,73,13276.9
1852.397,1010.5,2006.0,2408,30,73,13297.1
1852.517,1140.0,2006.0,2408,12,72,13310.9
1852.639,716.2,2006.0,2408,73,76,13301.7
1852.759,716.2,2006.0,2408,73,78,13292.4
1852.88,716.2,2006.0,2408,100,75,13290.3
1853.0,1006.7,2006.0,2408,44,73,13318.4
1853.12,1136.2,2006.0,2408,44,73,13340.5
1853.241,712.5,2006.0,2408,13,76,13332.5
1853.365,712.5,2006.0,2408,98,78,13323.3
1853.487,712.5,2006.0,2408,100,76,13322.9
1853.608,873.5,2006.0,2408,100,73,13349.6
1853.729,1003.0,2006.0,2408,10,73,13376.0
1853.851,1132.5,2006.0,2408,8,73,13401.5
1853.974,708.8,2006.0,2408,37,74,13412.1
1854.095,708.8,2006.0,2408,37,78,13402.9
1854.216,708.8,2006.0,2408,100,76,13393.7
1854.338,869.8,2006.0,2408,70,74,13409.2
1854.459,999.3,2006.0,2408,70,73,13434.8
1854.58,1128.8,2006.0,2408,9,73,13458.3
1854.699,1128.8,2006.0,2408,10,73,13479.2
1854.91,705.0,2006.0,2408,4,76,13464.8
1855.08,705.0,2006.0,2408,100,77,13454.7
1855.205,736.5,2006.0,2408,3,73,13440.3
1855.5,866.0,2006.0,2408,3,72,13389.1
1855.914,995.5,2006.0,2408,2,72,13353.4
1856.276,995.5,2006.0,2408,0,72,13319.6
1856.621,1125.0,2006.0,2408,1,72,13284.1
1856.994,1125.0,2006.0,2408,74,76,13258.0
1857.291,701.3,2006.0,2408,74,78,13248.7
1857.412,732.8,2006.0,2408,100,74,13244.6
1857.563,862.3,2006.0,2408,4,73,13203.2
1857.92,991.8,2006.0,2408,1,72,13122.7
1858.369,1121.3,2006.0,2408,1,73,13090.5
1858.699,697.6,2006.0,2408,57,77,13081.2
1858.825,697.6,2006.0,2408,100,78,13072.3
1858.946,729.1,2006.0,2408,100,74,13068.3
1859.073,858.6,2006.0,2408,45,73,13058.6
1859.195,858.6,2006.0,2408,3,73,13047.6
1859.318,858.6,2006.0,2408,0,73,13033.9
1859.44,858.6,2006.0,2408,0,72,13020.9
1859.562,858.6,2006.0,2408,1,72,13006.8
1859.684,858.6,2006.0,2408,2,72,12991.1
1859.807,858.6,2006.0,2408,2,72,12974.0
1859.929,858.6,2006.0,2408,1,72,12957.1
1860.052,858.6,2006.0,2408,2,73,12942.9
1860.174,988.1,2006.0,2408,3,72,12929.3
1860.296,988.1,2006.0,2408,3,72,12914.6
1860.419,988.1,2006.0,2408,1,72,12900.7
1860.541,988.1,2006.0,2408,1,72,12884.1
1860.664,988.1,2006.0,2408,2,72,12867.5
1860.787,988.1,2006.0,2408,2,72,12859.4
1860.91,988.1,2006.0,2408,3,72,12843.2
1861.033,988.1,2006.0,2408,1,72,12827.2
1861.157,1117.6,2006.0,2408,4,72,12816.6
1861.28,1117.6,2006.0,2408,4,72,12801.9
1861.402,1117.6,2006.0,2408,0,72,12785.1
1861.526,1117.6,2006.0,2408,0,72,12772.8
1861.65,693.9,2006.0,2408,0,74,12778.5
1861.771,693.9,2006.0,2408,38,77,12769.1
1861.893,693.9,2006.0,2408,100,78,12759.7
1862.019,854.9,2006.0,2408,70,74,12592.1
1862.141,984.4,2006.0,2408,70,73,12412.5
1862.261,1113.9,2006.0,2408,13,73,12349.4
1862.381,690.1,2006.0,2408,28,76,12271.8
1862.501,690.1,2006.0,2408,100,78,12271.8
1862.622,690.1,2006.0,2408,100,76,12271.8
1862.743,851.1,2006.0,2408,82,74,12336.4
1862.86,980.6,2006.0,2408,8,73,12396.3
1862.978,1110.1,2006.0,2408,8,73,12428.6
1863.103,884.2,2006.0,2408,10,73,12445.2
1863.226,686.4,2006.0,2408,62,76,12428.4
1863.348,686.4,2006.0,2408,100,78,12412.9
1863.47,686.4,2006.0,2408,100,74,12401.2
1863.591,689.9,2006.0,2408,45,73,12390.1
1863.712,717.9,2006.0,2408,2,73,12377.9
1863.833,717.9,2006.0,2408,2,73,12363.5
1863.955,717.9,2006.0,2408,1,72,12347.4
1864.077,717.9,2006.0,2408,0,72,12331.7
1864.199,847.4,2006.0,2408,2,72,12317.0
1864.321,847.4,2006.0,2408,2,72,12302.7
1864.441,847.4,2006.0,2408,1,72,12289.6
1864.563,847.4,2006.0,2408,1,72,12274.8
1864.684,847.4,2006.0,2408,3,72,12262.1
1864.804,847.4,2006.0,2408,3,72,12250.4
1864.925,847.4,2006.0,2408,1,72,12237.0
1865.046,847.4,2006.0,2408,0,72,12223.9
1865.166,847.4,2006.0,2408,0,72,12212.5
1865.288,847.4,2006.0,2408,3,72,12199.6
1865.409,847.4,2006.0,2408,1,72,12187.8
1865.531,847.4,2006.0,2408,1,72,12174.4
1865.653,847.4,2006.0,2408,1,72,12161.5
1865.774,847.4,2006.0,2408,3,72,12148.6
1865.896,847.4,2006.0,2408,0,72,12134.9
1866.017,847.4,2006.0,2408,0,72,12121.3
1866.139,976.9,2006.0,2408,0,72,12106.7
1866.26,976.9,2006.0,2408,3,72,12093.6
1866.382,976.9,2006.0,2408,1,71,12080.5
1866.503,976.9,2006.0,2408,1,71,12066.8
1866.625,976.9,2006.0,2408,1,71,12055.0
1866.747,976.9,2006.0,2408,3,71,12044.1
1866.869,976.9,2006.0,2408,1,71,12031.8
1866.99,976.9,2006.0,2408,1,71,12019.2
1867.112,976.9,2006.0,2408,1,71,12006.0
1867.233,976.9,2006.0,2408,2,71,11993.9
1867.355,976.9,2006.0,2408,1,71,11982.3
1867.475,976.9,2006.0,2408,1,71,11969.9
1867.597,976.9,2006.0,2408,0,71,11958.7
1867.719,976.9,2006.0,2408,3,71,11946.4
1867.842,976.9,2006.0,2408,3,71,11933.3
1867.965,976.9,2006.0,2408,0,71,11920.9
1868.086,1106.4,2006.0,2408,1,71,11908.8
1868.208,1106.4,2006.0,2408,3,71,11901.6
1868.329,1106.4,2006.0,2408,3,71,11890.4
1868.451,1106.4,2006.0,2408,1,71,11879.4
1868.572,1106.4,2006.0,2408,1,71,11867.0
1868.694,1106.4,2006.0,2408,3,71,11854.5
1868.816,1106.4,2006.0,2408,3,71,11842.0
1868.938,1106.4,2006.0,2408,1,71,11829.4
1869.059,1106.4,2006.0,2408,2,71,11817.0
1869.181,1106.4,2006.0,2408,2,71,11814.7
1869.304,1106.4,2006.0,2408,2,71,11816.1
1869.425,1106.4,2006.0,2408,2,71,11745.0
1869.551,682.7,2006.0,2408,65,73,11747.1
1869.67,682.7,2006.0,2408,65,75,11747.1
1869.789,682.7,2006.0,2408,100,74,11737.4
1869.909,843.7,2006.0,2408,55,72,11705.2
1870.027,973.2,2006.0,2408,9,72,11725.2
1870.175,973.2,2006.0,2408,9,72,11733.5
1870.296,1102.7,2006.0,2408,7,72,11748.7
1870.417,1102.7,2006.0,2408,2,72,11741.6
1870.541,1102.7,2006.0,2408,2,72,11748.1
1870.659,1102.7,2006.0,2408,2,73,11617.0
1870.779,678.9,2006.0,2408,33,76,11612.1
1870.898,678.9,2006.0,2408,100,76,11612.1
1871.016,678.9,2006.0,2408,100,73,11612.1
1871.135,710.4,2006.0,2408,100,72,11576.6
1871.26,839.9,2006.0,2408,7,72,11570.3
1871.379,969.4,2006.0,2408,6,71,11513.0
1871.501,969.4,2006.0,2408,6,71,11473.9
1871.626,1098.9,2006.0,2408,6,71,11351.5
1871.751,1098.9,2006.0,2408,6,71,11367.9
1871.878,1142.6,2006.0,2408,9,71,11394.5
1871.996,652.6,2006.0,2408,9,74,11394.5
1872.115,652.6,2006.0,2408,100,76,11394.5
1872.234,646.9,2006.0,2408,100,74,11390.8
1872.356,954.5,2006.0,2408,100,72,11408.0
1872.476,667.9,2006.0,2408,34,75,11408.2
1872.595,699.4,2006.0,2408,100,76,11408.7
1872.716,671.8,2006.0,2408,63,74,11409.7
1872.835,671.8,2006.0,2408,63,76,11409.7
1872.953,962.3,2006.0,2408,92,73,11352.6
1873.073,675.7,2006.0,2408,30,74,11358.7
1873.191,675.7,2006.0,2408,30,77,11358.7
1873.309,1095.7,2006.0,2408,100,73,11385.3
1873.429,679.6,2006.0,2408,68,76,11384.4
1873.547,840.6,2006.0,2408,71,74,11402.9
1873.667,1099.6,2006.0,2408,71,73,11419.1
1873.786,683.5,2006.0,2408,34,76,11400.8
1873.905,844.5,2006.0,2408,92,75,11406.1
1874.023,974.0,2006.0,2408,92,73,11412.4
1874.143,687.4,2006.0,2408,21,75,11415.4
1874.263,687.4,2006.0,2408,77,77,11415.4
1874.381,977.9,2006.0,2408,44,73,11425.2
1874.5,1113.3,2006.0,2408,44,74,11436.8
1874.618,691.3,2006.0,2408,49,76,11435.3
1874.736,852.3,2006.0,2408,78,74,11435.8
1874.854,981.8,2006.0,2408,78,73,11443.5
1874.972,1111.3,2006.0,2408,14,72,11459.4
1875.091,695.3,2006.0,2408,36,75,11463.9
1875.209,698.8,2006.0,2408,36,77,11457.8
1875.328,985.8,2006.0,2408,86,73,11471.6
1875.447,1115.3,2006.0,2408,14,72,11487.6
1875.566,699.2,2006.0,2408,22,74,11500.3
1875.684,699.2,2006.0,2408,22,76,11500.3
1875.803,860.2,2006.0,2408,93,73,11509.5
1875.922,1119.2,2006.0,2408,17,73,11516.0
1876.041,703.1,2006.0,2408,53,75,11522.5
1876.174,703.1,2006.0,2408,53,77,11522.5
1876.292,993.6,2006.0,2408,76,73,11528.8
1876.412,993.6,2006.0,2408,12,72,11546.0
1876.531,707.0,2006.0,2408,12,74,11532.4
1876.649,707.0,2006.0,2408,61,77,11532.4
1876.767,868.0,2006.0,2408,61,73,11545.8
1876.886,1127.0,2006.0,2408,61,72,11560.8
1877.004,710.9,2006.0,2408,16,75,11564.9
1877.122,710.9,2006.0,2408,80,77,11565.6
1877.24,714.8,2006.0,2408,54,73,11573.3
1877.358,714.8,2006.0,2408,54,77,11573.3
1877.476,1005.3,2006.0,2408,100,74,11577.1
1877.595,718.7,2006.0,2408,65,76,11577.9
1877.714,879.7,2006.0,2408,65,75,11579.3
1877.832,722.6,2006.0,2408,83,76,11581.5
1877.95,722.6,2006.0,2408,92,77,11582.0
1878.068,726.6,2006.0,2408,75,75,11586.4
1878.187,726.6,2006.0,2408,75,77,11586.4
1878.306,1017.1,2006.0,2408,86,74,11592.5
1878.426,730.5,2006.0,2408,46,75,11595.8
1878.552,730.5,2006.0,2408,46,77,11595.8
1878.671,1021.0,2006.0,2408,97,73,11608.4
1878.789,734.4,2006.0,2408,25,75,11611.2
1878.907,734.4,2006.0,2408,100,77,11611.2
1879.025,1024.9,2006.0,2408,100,73,11619.5
1879.143,738.3,2006.0,2408,31,74,11626.5
1879.261,738.3,2006.0,2408,77,77,11626.5
1879.379,1028.8,2006.0,2408,77,74,11635.2
1879.498,742.2,2006.0,2408,52,74,11643.9
1879.616,742.2,2006.0,2408,65,77,11643.9
1879.734,903.2,2006.0,2408,61,74,11642.5
1879.852,1032.7,2006.0,2408,61,73,11639.4
1879.978,746.1,2006.0,2408,11,74,11646.0
1880.099,746.1,2006.0,2408,89,77,11646.0
1880.218,907.1,2006.0,2408,89,74,11650.3
1880.336,1166.1,2006.0,2408,41,73,11648.9
1880.456,750.0,2006.0,2408,16,76,11640.8
1880.573,750.0,2006.0,2408,100,77,11640.8
1880.692,911.1,2006.0,2408,100,74,11643.7
1880.81,1170.1,2006.0,2408,22,73,11660.2
1880.928,754.0,2006.0,2408,21,74,11661.0
1881.047,754.0,2006.0,2408,21,77,11635.2
1881.165,915.0,2006.0,2408,92,74,11635.4
1881.283,1044.5,2006.0,2408,10,73,11654.9
1881.401,1044.5,2006.0,2408,8,73,11676.1
1881.52,1174.0,2006.0,2408,8,72,11691.9
1881.638,757.9,2006.0,2408,20,76,11689.6
1881.756,757.9,2006.0,2408,94,76,11692.2
1881.875,918.9,2006.0,2408,94,73,11711.5
1881.994,1048.4,2006.0,2408,10,73,11751.2
1882.113,1177.9,2006.0,2408,11,72,11798.3
1882.231,761.8,2006.0,2408,11,75,11821.8
1882.348,761.8,2006.0,2408,42,75,11821.8
1882.466,922.8,2006.0,2408,84,73,11832.3
1882.585,1052.3,2006.0,2408,13,72,11873.9
1882.703,1181.8,2006.0,2408,13,72,11918.2
1882.821,765.7,2006.0,2408,10,74,11780.1
1882.94,765.7,2006.0,2408,90,76,11780.1
1883.058,926.7,2006.0,2408,90,73,11858.1
1883.177,926.7,2006.0,2408,32,73,11919.7
1883.295,1056.2,2006.0,2408,9,72,11946.3
1883.415,1056.2,2006.0,2408,1,72,11934.6
1883.537,1185.7,2006.0,2408,1,72,11955.9
1883.659,1185.7,2006.0,2408,6,72,11959.3
1883.782,1185.7,2006.0,2408,2,72,11964.2
1883.904,1185.7,2006.0,2408,2,72,11968.0
1884.027,1185.7,2006.0,2408,1,72,11953.9
1884.15,1185.7,2006.0,2408,2,72,11892.5
1884.273,1185.7,2006.0,2408,4,72,11832.8
1884.395,769.6,2006.0,2408,4,73,11842.1
1884.515,769.6,2006.0,2408,34,76,11842.1
1884.634,801.1,2006.0,2408,74,73,11819.7
1884.761,930.6,2006.0,2408,6,73,11848.5
1884.883,930.6,2006.0,2408,6,72,11858.4
1885.005,930.6,2006.0,2408,2,72,11859.3
1885.142,930.6,2006.0,2408,3,72,11728.0
1885.269,1060.1,2006.0,2408,7,72,11554.2
1885.394,1189.6,2006.0,2408,7,72,11288.7
1885.522,1189.6,2006.0,2408,7,72,11166.7
1885.641,748.2,2006.0,2408,45,76,11169.2
1885.761,752.0,2006.0,2408,68,74,11242.8
1885.886,752.0,2006.0,2408,68,73,11368.7
1886.012,752.0,2006.0,2408,0,72,11446.3
1886.142,752.0,2006.0,2408,2,72,11459.6
1886.269,752.0,2006.0,2408,1,72,11543.0
1886.397,752.0,2006.0,2408,1,72,11613.1
1886.525,752.0,2006.0,2408,0,72,11683.1
1886.652,752.0,2006.0,2408,1,72,11723.6
1886.781,752.0,2006.0,2408,2,72,11850.3
1886.907,752.0,2006.0,2408,2,72,11946.3
1887.035,752.0,2006.0,2408,0,72,12015.7
1887.164,752.0,2006.0,2408,1,72,12097.0
1887.291,752.0,2006.0,2408,1,72,12160.6
1887.418,752.0,2006.0,2408,0,72,12229.1
1887.546,752.0,2006.0,2408,0,72,12287.3
1887.676,752.0,2006.0,2408,2,72,12381.9
1887.803,752.0,2006.0,2408,1,72,12496.6
1887.932,752.0,2006.0,2408,0,72,12569.8
1888.062,752.0,2006.0,2408,0,72,12649.9
1888.19,752.0,2006.0,2408,2,72,12657.6
1888.329,752.0,2006.0,2408,1,72,12731.1
1888.458,752.0,2006.0,2408,0,72,12800.6
1888.585,752.0,2006.0,2408,2,72,12829.9
1888.723,752.0,2006.0,2408,2,72,12412.9
1888.851,752.0,2006.0,2408,1,72,12451.2
1888.98,752.0,2006.0,2408,0,72,12528.3
1889.107,752.0,2006.0,2408,2,72,12598.5
1889.235,752.0,2006.0,2408,2,72,12666.8
1889.363,752.0,2006.0,2408,1,72,12685.4
1889.491,752.0,2006.0,2408,0,72,13034.4
1889.619,752.0,2006.0,2408,2,72,12702.1
1889.749,752.0,2006.0,2408,2,72,12702.3
1889.88,752.0,2006.0,2408,1,72,12702.3
1890.009,752.0,2006.0,2408,0,72,12702.3
1890.139,752.0,2006.0,2408,2,72,12702.3
1890.268,752.0,2006.0,2408,1,72,12702.3
1890.397,752.0,2006.0,2408,1,72,12702.3
1890.525,752.0,2006.0,2408,0,72,12702.3
1890.654,752.0,2006.0,2408,2,72,12702.3
1890.783,763.7,2006.0,2408,1,72,12538.2
1890.902,780.4,2006.0,2408,1,74,12542.5
1891.02,780.4,2006.0,2408,83,77,12542.5
1891.14,780.4,2006.0,2408,100,79,12542.5
1891.261,941.4,2006.0,2408,100,74,12561.4
1891.379,941.4,2006.0,2408,56,73,12590.6
1891.496,1070.9,2006.0,2408,8,73,12639.8
1891.614,776.5,2006.0,2408,39,74,12662.3
1891.732,776.5,2006.0,2408,39,77,12662.3
1891.85,776.5,2006.0,2408,100,78,12662.3
1891.968,937.6,2006.0,2408,79,74,12674.8
1892.086,1067.1,2006.0,2408,79,73,12709.6
1892.206,1196.6,2006.0,2408,13,73,12737.3
1892.324,772.7,2006.0,2408,11,74,12757.4
1892.442,772.7,2006.0,2408,92,77,12757.4
1892.56,772.7,2006.0,2408,92,79,12757.4
1892.678,779.7,2006.0,2408,100,74,12765.1
1892.796,933.7,2006.0,2408,19,73,12784.5
1892.913,1063.2,2006.0,2408,19,73,12809.1
1893.032,1192.7,2006.0,2408,10,73,12834.7
1893.151,768.8,2006.0,2408,33,75,12839.1
1893.269,768.8,2006.0,2408,33,77,12839.1
1893.386,768.8,2006.0,2408,100,77,12839.1
1893.505,929.8,2006.0,2408,77,74,12857.4
1893.623,929.8,2006.0,2408,11,73,12878.3
1893.741,1059.3,2006.0,2408,11,73,12902.1
1893.861,1188.8,2006.0,2408,8,72,12919.7
1893.978,764.9,2006.0,2408,19,74,12930.5
1894.096,764.9,2006.0,2408,19,77,12930.5
1894.214,764.9,2006.0,2408,100,78,12930.5
1894.332,925.9,2006.0,2408,92,74,12942.1
1894.45,1055.4,2006.0,2408,12,73,12968.6
1894.568,1184.9,2006.0,2408,12,73,12992.1
1894.686,1574.1,2006.0,2408,12,74,13014.3
1894.804,761.0,2006.0,2408,72,76,13014.3
1894.922,761.0,2006.0,2408,72,76,13014.3
1895.04,761.0,2006.0,2408,100,74,13014.3
1895.159,922.0,2006.0,2408,62,73,13038.0
1895.277,1051.5,2006.0,2408,62,72,13062.3
1895.395,1181.0,2006.0,2408,12,72,13082.9
1895.512,757.1,2006.0,2408,41,76,13083.6
1895.63,757.1,2006.0,2408,100,78,13083.6
1895.748,757.1,2006.0,2408,100,76,13086.9
1895.866,918.1,2006.0,2408,68,73,13109.5
1895.984,918.1,2006.0,2408,8,73,13130.3
1896.102,1047.6,2006.0,2408,8,73,13157.4
1896.222,1177.1,2006.0,2408,10,72,13179.9
1896.342,753.2,2006.0,2408,50,77,13180.1
1896.463,753.2,2006.0,2408,100,79,13180.1
1896.583,753.2,2006.0,2408,100,75,13181.9
1896.704,1043.8,2006.0,2408,64,73,13190.6
1896.824,1173.3,2006.0,2408,12,73,13207.3
1896.945,749.4,2006.0,2408,12,74,13215.1
1897.066,749.4,2006.0,2408,42,77,13204.9
1897.187,749.4,2006.0,2408,100,79,13194.2
1897.307,780.9,2006.0,2408,70,74,13196.2
1897.428,1039.9,2006.0,2408,70,73,13205.2
1897.549,1169.4,2006.0,2408,10,73,13216.1
1897.674,1169.4,2006.0,2408,12,73,13224.8
1897.794,745.5,2006.0,2408,12,76,13215.0
1897.913,745.5,2006.0,2408,83,79,13205.4
1898.033,745.5,2006.0,2408,100,76,13204.7
1898.154,906.5,2006.0,2408,28,73,13225.1
1898.282,1036.0,2006.0,2408,28,73,13238.4
1898.403,1165.5,2006.0,2408,10,73,13251.4
1898.524,741.6,2006.0,2408,45,77,13242.9
1898.645,741.6,2006.0,2408,100,79,13234.4
1898.767,741.6,2006.0,2408,100,75,13230.6
1898.89,902.6,2006.0,2408,63,73,13239.9
1899.012,1032.1,2006.0,2408,10,73,13255.6
1899.132,1161.6,2006.0,2408,12,73,13272.2
1899.254,737.7,2006.0,2408,12,76,13266.5
1899.375,737.7,2006.0,2408,89,79,13257.9
1899.497,737.7,2006.0,2408,100,76,13250.8
1899.618,1028.2,2006.0,2408,100,74,13259.6
1899.74,733.8,2006.0,2408,32,74,13263.9
1899.861,733.8,2006.0,2408,72,77,13255.4
1899.982,733.8,2006.0,2408,100,77,13246.5
1900.104,894.8,2006.0,2408,100,74,13248.1
1900.225,1153.8,2006.0,2408,46,73,13249.8
1900.346,730.0,2006.0,2408,60,77,13240.7
1900.467,730.0,2006.0,2408,60,79,13231.2
1900.589,730.0,2006.0,2408,100,75,13227.5
1900.71,1020.5,2006.0,2408,58,74,13237.7
1900.831,1150.0,2006.0,2408,15,73,13247.7
1900.958,726.1,2006.0,2408,15,77,13238.6
1901.079,726.1,2006.0,2408,91,79,13229.2
1901.2,726.1,2006.0,2408,100,75,13226.7
1901.323,1016.6,2006.0,2408,26,74,13234.2
1901.445,722.2,2006.0,2408,26,74,13234.4
1901.565,722.2,2006.0,2408,53,77,13225.1
1901.686,722.2,2006.0,2408,100,78,13215.2
1901.811,883.2,2006.0,2408,60,74,13214.8
1901.937,1012.7,2006.0,2408,60,73,13219.4
1902.08,1142.2,2006.0,2408,10,73,13206.5
1902.288,718.3,2006.0,2408,75,77,13195.4
1902.444,718.3,2006.0,2408,75,79,13184.4
1902.576,749.8,2006.0,2408,100,75,13177.9
1902.705,1008.8,2006.0,2408,3,73,13144.5
1903.05,1008.8,2006.0,2408,3,73,13100.8
1903.433,1138.3,2006.0,2408,3,73,13067.7
1903.779,714.4,2006.0,2408,66,79,13048.1
1904.072,714.4,2006.0,2408,100,76,13039.7
1904.206,875.4,2006.0,2408,36,73,13025.3
1904.422,1004.9,2006.0,2408,6,73,13005.3
1904.675,1134.4,2006.0,2408,2,73,12968.8
1904.986,710.5,2006.0,2408,2,77,12959.1
1905.113,710.5,2006.0,2408,77,79,12949.1
1905.237,710.5,2006.0,2408,100,75,12942.4
1905.361,871.5,2006.0,2408,31,73,12944.0
1905.514,1001.0,2006.0,2408,8,73,12925.6
1905.733,1130.5,2006.0,2408,1,73,12863.5
1906.142,706.7,2006.0,2408,1,77,12853.1
1906.284,706.7,2006.0,2408,77,79,12842.7
1906.407,706.7,2006.0,2408,100,76,12836.5
1906.532,867.7,2006.0,2408,4,73,12815.8
1906.802,997.2,2006.0,2408,6,73,12789.9
1907.107,1126.7,2006.0,2408,6,73,12755.8
1907.402,702.8,2006.0,2408,100,79,12733.4
1907.64,702.8,2006.0,2408,100,76,12724.4
1907.761,863.8,2006.0,2408,86,74,12646.8
1907.925,1122.8,2006.0,2408,11,73,12490.2
1908.046,698.9,2006.0,2408,17,75,12383.0
1908.164,698.9,2006.0,2408,100,78,12351.0
1908.297,698.9,2006.0,2408,100,79,12341.3
1908.418,859.9,2006.0,2408,95,75,12353.8
1908.538,989.4,2006.0,2408,13,74,12394.0
1908.658,1118.9,2006.0,2408,13,73,12428.0
1908.778,695.0,2006.0,2408,12,76,12426.7
1908.898,695.0,2006.0,2408,94,79,12417.5
1909.018,695.0,2006.0,2408,100,77,12408.0
1909.138,856.0,2006.0,2408,100,74,12423.9
1909.259,1115.0,2006.0,2408,20,74,12446.9
1909.379,691.1,2006.0,2408,19,74,12456.3
1909.5,691.1,2006.0,2408,19,78,12446.8
1909.62,691.1,2006.0,2408,100,79,12437.3
1909.74,852.1,2006.0,2408,91,75,12441.4
1909.86,981.6,2006.0,2408,14,74,12466.8
1909.981,1111.1,2006.0,2408,14,74,12500.4
1910.102,687.2,2006.0,2408,8,75,12518.8
1910.223,687.2,2006.0,2408,82,78,12509.2
1910.344,687.2,2006.0,2408,82,77,12498.6
1910.467,848.3,2006.0,2408,100,75,12532.3
1910.589,848.3,2006.0,2408,25,74,12609.7
1910.711,977.8,2006.0,2408,1,73,12595.9
1911.147,1107.3,2006.0,2408,0,73,12557.4
1911.512,1107.3,2006.0,2408,2,73,12513.0
1911.903,1107.3,2006.0,2408,1,73,12478.5
1912.24,1107.3,2006.0,2408,2,73,12462.2
1912.369,1107.3,2006.0,2408,0,73,12452.2
1912.491,1107.3,2006.0,2408,0,73,12439.4
1912.62,882.2,2006.0,2408,1,73,12425.5
1912.742,683.4,2006.0,2408,59,78,12414.2
1912.864,683.4,2006.0,2408,100,80,12400.5
1912.987,683.4,2006.0,2408,100,75,12385.9
1913.11,683.4,2006.0,2408,41,74,12371.3
1913.232,683.4,2006.0,2408,1,74,12355.2
1913.354,683.4,2006.0,2408,1,73,12341.2
1913.477,683.4,2006.0,2408,1,73,12330.2
1913.6,686.9,2006.0,2408,1,73,12322.8
1913.722,844.4,2006.0,2408,4,73,12359.1
1913.844,973.9,2006.0,2408,4,73,12377.3
1913.966,973.9,2006.0,2408,8,73,12373.1
1914.088,973.9,2006.0,2408,4,73,12368.3
1914.22,973.9,2006.0,2408,2,73,12354.6
1914.346,973.9,2006.0,2408,2,73,12343.4
1914.468,1103.4,2006.0,2408,1,73,12336.4
1914.593,1103.4,2006.0,2408,2,73,12332.9
1914.719,1103.4,2006.0,2408,3,73,12328.8
1914.853,1103.4,2006.0,2408,3,73,12313.5
1914.979,1103.4,2006.0,2408,1,73,12296.9
1915.104,1103.4,2006.0,2408,1,73,12283.1
1915.23,1103.4,2006.0,2408,2,73,12272.7
1915.352,1103.4,2006.0,2408,2,73,12261.4
1915.586,679.5,2006.0,2408,23,77,12213.0
1915.744,679.5,2006.0,2408,100,79,12140.6
1915.901,711.0,2006.0,2408,80,75,12183.4
1916.028,840.5,2006.0,2408,80,74,12245.6
1916.15,840.5,2006.0,2408,8,73,12247.1
1916.272,970.0,2006.0,2408,5,73,12195.2
1916.393,1099.5,2006.0,2408,7,73,12049.6
1916.515,1099.5,2006.0,2408,7,73,11758.5
1916.648,653.0,2006.0,2408,7,77,11761.6
1916.766,653.0,2006.0,2408,97,79,11761.6
1916.884,653.0,2006.0,2408,100,77,11761.8
1917.003,637.4,2006.0,2408,100,74,11765.6
1917.121,636.2,2006.0,2408,7,73,11780.6
1917.24,667.5,2006.0,2408,44,76,11784.9
1917.358,667.5,2006.0,2408,44,78,11784.9
1917.478,671.9,2006.0,2408,99,78,11787.9
1917.597,671.9,2006.0,2408,99,77,11788.0
1917.718,676.4,2006.0,2408,99,78,11788.3
1917.837,837.4,2006.0,2408,99,77,11788.3
1917.958,680.8,2006.0,2408,98,79,11788.3
1918.079,841.8,2006.0,2408,100,76,11789.1
1918.199,685.3,2006.0,2408,100,78,11789.3
1918.321,975.8,2006.0,2408,91,76,11789.5
1918.44,689.8,2006.0,2408,97,80,11790.4
1918.56,721.3,2006.0,2408,78,75,11798.6
1918.679,850.8,2006.0,2408,78,74,11822.5
1918.797,980.3,2006.0,2408,11,74,11845.9
1918.916,694.2,2006.0,2408,13,75,11852.7
1919.037,694.2,2006.0,2408,13,78,11852.7
1919.158,855.2,2006.0,2408,95,74,11875.7
1919.278,855.2,2006.0,2408,19,73,11901.5
1919.396,984.7,2006.0,2408,8,73,11928.4
1919.516,1114.2,2006.0,2408,8,73,11955.2
1919.635,1114.2,2006.0,2408,8,73,11983.2
1919.754,698.7,2006.0,2408,33,77,11984.5
1919.875,698.7,2006.0,2408,33,76,11988.6
1919.995,859.7,2006.0,2408,81,74,12005.8
1920.116,989.2,2006.0,2408,9,73,12021.0
1920.237,1118.7,2006.0,2408,10,73,12036.9
1920.358,1118.7,2006.0,2408,10,73,12056.5
1920.48,703.1,2006.0,2408,11,77,12060.9
1920.601,706.6,2006.0,2408,99,75,12071.2
1920.722,864.1,2006.0,2408,9,74,12096.1
1920.845,993.6,2006.0,2408,9,73,11974.8
1920.965,1123.1,2006.0,2408,7,73,11707.1
1921.09,1123.1,2006.0,2408,8,73,11733.5
1921.209,707.6,2006.0,2408,8,76,11741.6
1921.327,707.6,2006.0,2408,63,76,11741.7
1921.445,998.1,2006.0,2408,72,73,11756.1
1921.563,1127.6,2006.0,2408,8,73,11787.6
1921.681,1127.6,2006.0,2408,8,73,11826.9
1921.8,712.1,2006.0,2408,32,76,11827.6
1921.919,719.1,2006.0,2408,90,74,11832.9
1922.038,873.1,2006.0,2408,90,73,11850.8
1922.156,1002.6,2006.0,2408,10,73,11869.5
1922.275,1132.1,2006.0,2408,9,73,11886.9
1922.393,716.5,2006.0,2408,41,74,11898.3
1922.516,716.5,2006.0,2408,41,76,11898.3
1922.634,1007.0,2006.0,2408,100,73,11900.6
1922.754,721.0,2006.0,2408,54,76,11908.0
1922.873,721.0,2006.0,2408,54,77,11908.0
1922.992,725.4,2006.0,2408,88,75,11911.6
1923.122,725.4,2006.0,2408,79,79,11911.6
1923.244,729.9,2006.0,2408,79,75,11913.9
1923.364,729.9,2006.0,2408,79,80,11913.9
1923.486,1149.9,2006.0,2408,98,75,11916.3
1923.604,734.4,2006.0,2408,78,78,11916.3
1923.724,1024.9,2006.0,2408,78,75,11919.3
1923.843,738.8,2006.0,2408,71,77,11924.1
1923.981,742.3,2006.0,2408,90,76,11924.8
1924.1,1183.9,2006.0,2408,58,75,11929.9
1924.218,743.3,2006.0,2408,58,79,11929.9
1924.337,1033.8,2006.0,2408,97,75,11934.0
1924.457,747.7,2006.0,2408,52,79,11935.6
1924.575,747.7,2006.0,2408,52,76,11935.6
1924.694,1167.7,2006.0,2408,100,74,11941.6
1924.812,752.2,2006.0,2408,50,76,11942.7
1924.93,783.7,2006.0,2408,95,76,11947.0
1925.049,1042.7,2006.0,2408,95,74,11957.8
1925.168,756.7,2006.0,2408,22,77,11959.9
1925.286,756.7,2006.0,2408,99,76,11959.9
1925.405,1176.7,2006.0,2408,99,73,11968.2
1925.525,761.1,2006.0,2408,52,76,11969.2
1925.643,922.1,2006.0,2408,99,76,11974.4
1925.761,765.6,2006.0,2408,54,75,11980.5
1925.879,765.6,2006.0,2408,54,79,11980.5
1925.998,1056.1,2006.0,2408,93,74,11988.8
1926.116,770.0,2006.0,2408,38,75,11980.5
1926.234,770.0,2006.0,2408,38,78,11763.0
1926.353,1060.6,2006.0,2408,94,74,11776.2
1926.472,1190.1,2006.0,2408,17,74,11794.5
1926.591,774.5,2006.0,2408,55,76,11797.8
1926.714,774.5,2006.0,2408,55,77,11799.8
1926.833,1065.0,2006.0,2408,80,74,11815.0
1926.952,779.0,2006.0,2408,14,75,11829.5
1927.07,779.0,2006.0,2408,14,79,11829.5
1927.193,940.0,2006.0,2408,95,75,11850.0
1927.311,1069.5,2006.0,2408,23,73,11877.2
1927.43,1199.0,2006.0,2408,13,73,11942.8
1927.548,783.4,2006.0,2408,13,75,11931.0
1927.669,783.4,2006.0,2408,62,79,11833.7
1927.788,944.4,2006.0,2408,52,74,11848.8
1927.913,944.4,2006.0,2408,52,74,11853.8
1928.035,944.4,2006.0,2408,1,73,11860.7
1928.155,1073.9,2006.0,2408,7,73,11907.0
1928.274,1203.4,2006.0,2408,8,73,11969.0
1928.395,1203.4,2006.0,2408,8,73,11982.8
1928.517,1203.4,2006.0,2408,3,73,11991.1
1928.64,1203.4,2006.0,2408,3,73,11929.3
1928.761,762.5,2006.0,2408,37,75,11737.2
1928.883,762.5,2006.0,2408,37,78,11561.8
1929.003,767.0,2006.0,2408,69,74,11663.8
1929.126,767.0,2006.0,2408,2,73,11768.6
1929.253,767.0,2006.0,2408,1,73,11846.7
1929.382,767.0,2006.0,2408,1,73,11919.5
1929.51,767.0,2006.0,2408,0,73,11994.9
1929.638,767.0,2006.0,2408,2,73,12060.4
1929.767,767.0,2006.0,2408,1,73,12097.0
1929.896,767.0,2006.0,2408,1,73,12152.1
1930.025,767.0,2006.0,2408,0,73,12240.4
1930.152,767.0,2006.0,2408,2,73,12355.0
1930.28,767.0,2006.0,2408,0,73,12429.4
1930.407,767.0,2006.0,2408,0,73,12499.7
1930.534,767.0,2006.0,2408,0,73,12573.6
1930.662,767.0,2006.0,2408,2,73,12583.8
1930.792,767.0,2006.0,2408,1,73,12630.1
1930.923,767.0,2006.0,2408,1,73,12681.6
1931.053,767.0,2006.0,2408,0,73,12735.8
1931.185,767.0,2006.0,2408,2,73,12823.7
1931.316,767.0,2006.0,2408,0,73,12896.2
1931.446,767.0,2006.0,2408,0,73,12954.2
1931.577,767.0,2006.0,2408,0,73,13012.5
1931.707,767.0,2006.0,2408,3,72,13066.5
1931.837,767.0,2006.0,2408,0,72,13112.6
1931.967,767.0,2006.0,2408,0,72,13165.8
1932.098,767.0,2006.0,2408,2,72,13199.1
1932.229,767.0,2006.0,2408,0,72,13193.4
1932.579,767.0,2006.0,2408,3,72,13196.2
1932.852,767.0,2006.0,2408,0,72,13190.8
1933.14,767.0,2006.0,2408,0,72,13182.5
1933.436,767.0,2006.0,2408,1,72,13182.5
1933.713,767.0,2006.0,2408,1,72,13187.4
1934.007,767.0,2006.0,2408,3,72,13188.5
1934.267,767.0,2006.0,2408,0,72,13192.4
1934.468,767.0,2006.0,2408,0,72,13188.3
1934.716,767.0,2006.0,2408,1,72,13161.0
1934.997,767.0,2006.0,2408,0,72,13149.5
1935.219,767.0,2006.0,2408,2,72,13147.1
1935.399,767.0,2006.0,2408,1,71,13147.5
1935.566,767.0,2006.0,2408,0,72,13111.6
1936.096,767.0,2006.0,2408,1,71,13097.5
1936.479,767.0,2006.0,2408,0,71,13115.2
1936.611,767.0,2006.0,2408,3,72,12425.1
1936.743,767.0,2006.0,2408,3,71,12437.8
1936.875,767.0,2006.0,2408,0,72,12503.3
1937.002,767.0,2006.0,2408,0,72,12569.1
1937.13,767.0,2006.0,2408,3,72,12635.5
1937.257,767.0,2006.0,2408,3,72,12695.7
1937.384,767.0,2006.0,2408,0,72,12758.6
1937.511,767.0,2006.0,2408,1,72,12820.5
1937.638,767.0,2006.0,2408,2,71,12876.6
1937.765,767.0,2006.0,2408,2,71,12934.0
1937.892,767.0,2006.0,2408,0,71,12992.1
1938.019,767.0,2006.0,2408,0,71,13045.4
1938.146,767.0,2006.0,2408,2,72,13090.7
1938.274,767.0,2006.0,2408,2,71,13092.4
1938.405,767.0,2006.0,2408,0,71,13092.4
1938.534,767.0,2006.0,2408,0,71,13092.4
1938.662,767.0,2006.0,2408,2,71,13092.4
1938.791,767.0,2006.0,2408,0,71,13092.4
1938.918,956.9,2006.0,2408,0,71,12919.5
1939.04,795.9,2046.0,2448,35,73,12933.7
1939.158,795.9,2046.0,2448,100,74,12933.7
1939.277,795.9,2046.0,2448,100,76,12933.7
1939.395,827.4,2046.0,2448,100,74,12942.2
1939.514,1086.4,2046.0,2448,40,73,12961.7
1939.633,1437.4,2046.0,2448,28,72,12977.0
1939.75,791.5,2046.0,2448,28,78,12977.0
1939.869,791.5,2046.0,2448,100,78,12977.0
1939.987,791.5,2046.0,2448,100,76,12977.5
1940.107,1082.1,2046.0,2448,100,73,12994.0
1940.225,1292.6,2046.0,2448,23,73,13009.8
1940.343,787.2,2046.0,2448,61,79,13009.8
1940.461,787.2,2046.0,2448,61,77,13009.8
1940.579,787.2,2046.0,2448,100,75,13011.5
1940.698,1077.7,2046.0,2448,68,73,13027.4
1940.825,1207.2,2046.0,2448,14,73,13048.4
1940.943,782.8,2046.0,2448,14,77,13049.6
1941.061,782.8,2046.0,2448,82,78,13049.6
1941.18,782.8,2046.0,2448,100,76,13049.6
1941.3,943.8,2046.0,2448,100,74,13055.8
1941.419,1202.8,2046.0,2448,54,73,13065.2
1941.538,778.4,2046.0,2448,40,78,13066.5
1941.656,778.4,2046.0,2448,100,78,13066.5
1941.774,778.4,2046.0,2448,100,75,13066.5
1941.892,939.4,2046.0,2448,89,74,13078.3
1942.01,1068.9,2046.0,2448,14,73,13090.0
1942.128,774.0,2046.0,2448,14,78,13092.1
1942.246,774.0,2046.0,2448,62,78,13092.1
1942.365,774.0,2046.0,2448,100,78,13092.1
1942.484,935.0,2046.0,2448,65,74,13098.7
1942.605,1064.5,2046.0,2448,65,73,13109.5
1942.723,1194.0,2046.0,2448,16,73,13120.6
1942.841,769.6,2046.0,2448,62,78,13121.1
1942.959,769.6,2046.0,2448,62,77,13121.1
1943.077,769.6,2046.0,2448,100,75,13121.1
1943.195,930.6,2046.0,2448,60,73,13138.2
1943.313,1060.1,2046.0,2448,60,73,13150.5
1943.432,1189.6,2046.0,2448,10,73,12780.1
1943.556,765.2,2046.0,2448,13,76,12782.8
1943.674,765.2,2046.0,2448,100,78,12782.8
1943.792,765.2,2046.0,2448,100,78,12782.8
1943.913,926.2,2046.0,2448,100,74,12785.6
1944.034,1185.2,2046.0,2448,31,73,12805.6
1944.152,760.8,2046.0,2448,57,77,12808.6
1944.271,760.8,2046.0,2448,57,78,12808.6
1944.39,760.8,2046.0,2448,100,77,12808.6
1944.509,921.9,2046.0,2448,67,74,12813.8
1944.626,1051.4,2046.0,2448,67,73,12824.1
1944.744,1180.9,2046.0,2448,13,73,12834.1
1944.862,756.5,2046.0,2448,17,75,12838.2
1944.979,756.5,2046.0,2448,17,78,12838.2
1945.098,756.5,2046.0,2448,100,78,12838.2
1945.217,760.0,2046.0,2448,100,74,12840.9
1945.335,917.5,2046.0,2448,19,73,12851.7
1945.453,1047.0,2046.0,2448,19,73,12860.6
1945.571,752.1,2046.0,2448,12,73,12867.6
1945.689,752.1,2046.0,2448,73,79,12867.6
1945.807,752.1,2046.0,2448,73,78,12867.6
1945.925,752.1,2046.0,2448,100,76,12869.3
1946.043,913.1,2046.0,2448,50,73,12877.9
1946.161,1042.6,2046.0,2448,13,73,12886.6
1946.279,773.3,2046.0,2448,13,74,12893.2
1946.396,747.7,2046.0,2448,52,79,12893.2
1946.514,747.7,2046.0,2448,100,78,12893.2
1946.632,747.7,2046.0,2448,100,75,12893.8
1946.75,1167.7,2046.0,2448,75,73,12901.4
1946.868,743.3,2046.0,2448,52,78,12902.2
1946.986,743.3,2046.0,2448,52,78,12902.2
1947.103,743.3,2046.0,2448,100,76,12902.2
1947.222,904.3,2046.0,2448,85,74,12905.4
1947.34,738.9,2046.0,2448,55,78,12907.4
1947.458,738.9,2046.0,2448,55,78,12907.4
1947.576,738.9,2046.0,2448,100,78,12907.4
1947.695,899.9,2046.0,2448,87,75,12908.9
1947.813,734.5,2046.0,2448,87,75,12912.3
1947.931,734.5,2046.0,2448,60,78,12912.3
1948.048,734.5,2046.0,2448,100,78,12912.3
1948.166,766.0,2046.0,2448,100,75,12913.3
1948.284,1154.5,2046.0,2448,79,74,12923.2
1948.402,730.1,2046.0,2448,51,79,12923.7
1948.522,730.1,2046.0,2448,100,78,12923.7
1948.64,730.1,2046.0,2448,100,76,12923.7
1948.758,891.2,2046.0,2448,80,74,12940.7
1948.876,1020.7,2046.0,2448,8,73,12956.3
1948.994,1020.7,2046.0,2448,8,73,12971.5
1949.112,1150.2,2046.0,2448,9,74,12984.0
1949.23,725.8,2046.0,2448,51,79,12984.0
1949.35,725.8,2046.0,2448,100,78,12984.0
1949.469,725.8,2046.0,2448,100,75,12984.5
1949.587,1016.3,2046.0,2448,74,74,12998.3
1949.704,1145.8,2046.0,2448,12,73,13017.4
1949.822,721.4,2046.0,2448,12,75,13027.3
1949.939,721.4,2046.0,2448,47,78,13027.3
1950.057,721.4,2046.0,2448,100,78,13027.3
1950.174,721.4,2046.0,2448,100,75,13031.6
1950.292,882.4,2046.0,2448,76,74,13050.5
1950.41,882.4,2046.0,2448,7,73,13035.6
1950.528,1011.9,2046.0,2448,7,73,12940.4
1950.647,1141.4,2046.0,2448,7,73,12895.2
1950.766,717.0,2046.0,2448,9,75,12909.7
1950.884,717.0,2046.0,2448,70,78,12909.7
1951.001,717.0,2046.0,2448,70,78,12909.7
1951.119,717.0,2046.0,2448,100,75,12912.7
1951.237,878.0,2046.0,2448,50,73,12928.9
1951.354,878.0,2046.0,2448,6,73,12945.6
1951.472,1007.5,2046.0,2448,6,73,12962.1
1951.591,1137.0,2046.0,2448,8,73,12981.8
1951.709,1137.0,2046.0,2448,8,73,13005.6
1951.827,712.6,2046.0,2448,8,77,13006.4
1951.967,712.6,2046.0,2448,86,76,13006.4
1952.085,712.6,2046.0,2448,100,74,13006.4
1952.203,719.6,2046.0,2448,63,73,13023.0
1952.321,873.6,2046.0,2448,63,73,13058.9
1952.439,1003.1,2046.0,2448,6,73,12935.8
1952.557,1003.1,2046.0,2448,7,72,12937.9
1952.675,1132.6,2046.0,2448,7,72,12937.2
1952.792,1132.6,2046.0,2448,8,72,12941.3
1952.911,708.2,2046.0,2448,45,77,12928.3
1953.028,708.2,2046.0,2448,100,78,12928.3
1953.146,708.2,2046.0,2448,100,75,12928.3
1953.265,869.2,2046.0,2448,74,73,12965.1
1953.383,869.2,2046.0,2448,7,73,13017.5
1953.502,998.7,2046.0,2448,7,73,13050.6
1953.62,1128.2,2046.0,2448,8,73,12926.1
1953.74,929.2,2046.0,2448,9,73,12947.3
1953.859,703.8,2046.0,2448,9,79,12887.2
1953.977,703.8,2046.0,2448,88,77,12887.2
1954.096,703.8,2046.0,2448,100,76,12895.7
1954.215,864.8,2046.0,2448,34,73,12986.9
1954.332,994.3,2046.0,2448,34,73,13058.6
1954.451,1123.8,2046.0,2448,9,73,13106.7
1954.571,699.5,2046.0,2448,24,75,13153.4
1954.694,699.5,2046.0,2448,24,77,13144.6
1954.814,699.5,2046.0,2448,100,78,13135.6
1954.935,731.0,2046.0,2448,99,74,13191.9
1955.057,860.5,2046.0,2448,10,73,13314.1
1955.179,990.0,2046.0,2448,7,73,13383.1
1955.421,1119.5,2046.0,2448,2,73,13346.9
1955.84,1119.5,2046.0,2448,1,73,13305.9
1956.247,1119.5,2046.0,2448,28,77,13258.8
1956.692,695.1,2046.0,2448,28,77,13249.0
1956.817,695.1,2046.0,2448,100,77,13239.1
1956.942,726.6,2046.0,2448,3,73,13208.6
1957.334,856.1,2046.0,2448,1,73,13163.7
1957.779,856.1,2046.0,2448,1,73,13120.2
1958.226,985.6,2046.0,2448,1,73,13071.4
1958.694,985.6,2046.0,2448,1,72,13029.9
1959.109,985.6,2046.0,2448,1,72,12889.2
1959.708,1115.1,2046.0,2448,1,72,12844.6
1960.136,1115.1,2046.0,2448,0,72,12797.7
1960.579,1115.1,2046.0,2448,1,72,12758.2
1961.017,690.7,2046.0,2448,84,78,12741.9
1961.258,690.7,2046.0,2448,100,76,12732.6
1961.38,722.2,2046.0,2448,1,73,12693.5
1961.808,851.7,2046.0,2448,1,73,12653.4
1962.219,851.7,2046.0,2448,0,72,12612.1
1962.62,851.7,2046.0,2448,1,72,12571.9
1963.033,981.2,2046.0,2448,2,72,12563.0
1963.355,981.2,2046.0,2448,3,72,12573.4
1963.656,1110.7,2046.0,2448,2,73,12543.0
1963.829,686.3,2046.0,2448,7,77,12241.9
1963.951,686.3,2046.0,2448,96,78,12237.4
1964.072,686.3,2046.0,2448,100,76,12228.8
1964.195,717.8,2046.0,2448,100,74,12266.4
1964.315,847.3,2046.0,2448,22,73,12253.8
1964.437,847.3,2046.0,2448,0,73,12242.8
1964.559,847.3,2046.0,2448,0,73,12230.5
1964.681,847.3,2046.0,2448,2,73,12223.3
1964.804,847.3,2046.0,2448,2,72,12218.3
1964.926,847.3,2046.0,2448,0,72,12206.7
1965.049,847.3,2046.0,2448,0,72,12196.9
1965.17,847.3,2046.0,2448,1,72,12185.0
1965.29,847.3,2046.0,2448,1,72,12173.9
1965.412,847.3,2046.0,2448,0,72,12165.3
1965.533,847.3,2046.0,2448,0,72,12153.3
1965.654,847.3,2046.0,2448,1,72,12142.8
1965.776,847.3,2046.0,2448,1,72,12131.6
1965.897,847.3,2046.0,2448,1,72,12116.8
1966.02,847.3,2046.0,2448,0,72,12101.1
1966.142,847.3,2046.0,2448,1,72,12085.6
1966.264,847.3,2046.0,2448,1,72,12070.8
1966.387,847.3,2046.0,2448,1,72,12056.0
1966.511,847.3,2046.0,2448,0,72,12042.2
1966.635,847.3,2046.0,2448,1,72,12028.8
1966.758,847.3,2046.0,2448,1,72,12016.3
1966.882,847.3,2046.0,2448,1,72,12002.4
1967.004,847.3,2046.0,2448,0,72,11988.9
1967.127,847.3,2046.0,2448,1,72,11976.8
1967.25,847.3,2046.0,2448,2,72,11961.5
1967.372,847.3,2046.0,2448,2,72,11940.3
1967.496,847.3,2046.0,2448,1,72,11927.9
1967.62,847.3,2046.0,2448,7,72,11915.2
1967.745,976.8,2046.0,2448,2,72,11901.5
1967.868,976.8,2046.0,2448,2,72,11889.9
1967.992,976.8,2046.0,2448,0,72,11879.1
1968.114,976.8,2046.0,2448,1,72,11865.8
1968.237,976.8,2046.0,2448,1,72,11853.5
1968.36,976.8,2046.0,2448,1,72,11841.5
1968.483,976.8,2046.0,2448,0,72,11829.2
1968.606,976.8,2046.0,2448,1,72,11817.1
1968.728,976.8,2046.0,2448,1,72,11804.3
1968.85,976.8,2046.0,2448,1,72,11684.2
1968.974,1106.3,2046.0,2448,5,72,11522.8
1969.104,1106.3,2046.0,2448,7,72,11378.1
1969.234,681.9,2046.0,2448,60,74,11258.6
1969.373,681.9,2046.0,2448,60,78,11258.6
1969.492,681.9,2046.0,2448,100,77,11258.6
1969.612,713.4,2046.0,2448,75,74,11107.7
1969.735,842.9,2046.0,2448,75,73,11068.1
1969.859,842.9,2046.0,2448,6,72,11118.6
1969.985,972.4,2046.0,2448,4,72,11170.3
1970.107,972.4,2046.0,2448,6,72,11120.7
1970.229,1101.9,2046.0,2448,6,72,10807.2
1970.348,655.2,2046.0,2448,8,76,10834.0
1970.473,655.2,2046.0,2448,84,76,10834.0
1970.593,655.2,2046.0,2448,100,76,10834.0
1970.714,648.5,2046.0,2448,100,74,10760.6
1970.833,954.9,2046.0,2448,48,73,10782.3
1970.954,669.0,2046.0,2448,80,78,10782.4
1971.089,959.5,2046.0,2448,80,73,10783.4
1971.21,673.7,2046.0,2448,98,76,10783.6
1971.331,705.2,2046.0,2448,100,75,10754.3
1971.449,1093.7,2046.0,2448,35,73,10758.5
1971.57,678.4,2046.0,2448,35,77,10758.9
1971.688,709.9,2046.0,2448,88,74,10761.9
1971.809,1098.4,2046.0,2448,43,73,10765.7
1971.927,683.1,2046.0,2448,43,78,10768.1
1972.046,686.6,2046.0,2448,70,76,10801.5
1972.164,844.1,2046.0,2448,47,73,10914.7
1972.282,1103.1,2046.0,2448,16,73,10928.9
1972.401,687.7,2046.0,2448,16,77,10929.3
1972.54,848.8,2046.0,2448,91,73,10940.9
1972.659,1107.8,2046.0,2448,50,72,11006.6
1972.778,692.4,2046.0,2448,43,74,11040.8
1972.897,692.4,2046.0,2448,43,77,11040.8
1973.017,853.4,2046.0,2448,78,73,11081.2
1973.136,982.9,2046.0,2448,10,73,11124.1
1973.255,982.9,2046.0,2448,10,73,11127.5
1973.374,697.1,2046.0,2448,9,74,11114.1
1973.493,697.1,2046.0,2448,63,75,11114.1
1973.612,697.1,2046.0,2448,71,73,11122.2
1973.732,858.1,2046.0,2448,71,72,11135.9
1973.85,987.6,2046.0,2448,6,72,11136.7
1973.969,987.6,2046.0,2448,7,72,11160.1
1974.088,1117.1,2046.0,2448,7,72,11182.1
1974.206,1141.5,2046.0,2448,8,72,11204.2
1974.324,701.8,2046.0,2448,54,76,11204.2
1974.442,733.3,2046.0,2448,59,74,11214.8
1974.564,862.8,2046.0,2448,59,73,11235.0
1974.682,992.3,2046.0,2448,9,73,11254.2
1974.801,1121.8,2046.0,2448,7,72,11273.6
1974.919,1121.8,2046.0,2448,7,72,11297.5
1975.037,706.5,2046.0,2448,6,74,11312.4
1975.155,706.5,2046.0,2448,79,78,11312.4
1975.273,867.5,2046.0,2448,79,73,11331.9
1975.392,867.5,2046.0,2448,31,73,11350.8
1975.512,997.0,2046.0,2448,7,72,11372.5
1975.63,1126.5,2046.0,2448,9,72,11393.1
1975.75,1126.5,2046.0,2448,9,72,11414.1
1975.868,711.1,2046.0,2448,32,77,11414.1
1975.987,872.2,2046.0,2448,80,73,11419.1
1976.105,1001.7,2046.0,2448,80,73,11440.1
1976.223,1001.7,2046.0,2448,13,72,11466.5
1976.341,1131.2,2046.0,2448,8,72,11479.4
1976.459,715.8,2046.0,2448,73,78,11479.4
1976.582,747.3,2046.0,2448,73,73,11495.6
1976.701,876.8,2046.0,2448,41,73,11514.2
1976.819,1006.3,2046.0,2448,9,72,11532.4
1976.937,1135.8,2046.0,2448,9,72,11548.9
1977.055,720.5,2046.0,2448,16,77,11549.3
1977.186,720.5,2046.0,2448,100,75,11550.0
1977.305,881.5,2046.0,2448,46,72,11558.3
1977.424,1140.5,2046.0,2448,46,72,11572.2
1977.542,725.2,2046.0,2448,13,73,11582.0
1977.661,725.2,2046.0,2448,77,77,11582.0
1977.779,886.2,2046.0,2448,77,73,11591.4
1977.899,1145.2,2046.0,2448,41,72,11595.5
1978.017,729.9,2046.0,2448,15,75,11602.1
1978.135,729.9,2046.0,2448,96,77,11602.1
1978.253,890.9,2046.0,2448,96,73,11612.3
1978.372,1020.4,2046.0,2448,22,72,11621.6
1978.49,734.5,2046.0,2448,27,73,11625.0
1978.608,734.5,2046.0,2448,27,76,11625.0
1978.725,895.5,2046.0,2448,93,73,11632.6
1978.845,1154.5,2046.0,2448,18,72,11641.7
1978.963,739.2,2046.0,2448,73,75,11642.1
1979.08,739.2,2046.0,2448,73,75,11644.5
1979.201,900.2,2046.0,2448,60,72,11655.2
1979.319,1029.7,2046.0,2448,10,72,11664.9
1979.437,1159.2,2046.0,2448,10,72,11675.0
1979.555,743.9,2046.0,2448,10,75,11677.9
1979.673,743.9,2046.0,2448,92,76,11678.5
1979.791,904.9,2046.0,2448,92,73,11689.4
1979.909,1034.4,2046.0,2448,23,72,11699.7
1980.027,1163.9,2046.0,2448,9,72,11709.3
1980.145,748.6,2046.0,2448,20,73,11716.8
1980.263,748.6,2046.0,2448,20,76,11716.8
1980.381,909.6,2046.0,2448,95,73,11723.7
1980.499,1039.1,2046.0,2448,10,72,11734.3
1980.617,1039.1,2046.0,2448,10,72,11744.3
1980.734,1168.6,2046.0,2448,10,72,11757.2
1980.852,753.3,2046.0,2448,41,76,11757.9
1980.97,784.8,2046.0,2448,74,74,11764.6
1981.088,914.3,2046.0,2448,74,73,11776.8
1981.207,1043.8,2046.0,2448,13,72,11792.7
1981.325,1173.3,2046.0,2448,7,72,11806.9
1981.443,757.9,2046.0,2448,7,75,11810.9
1981.56,757.9,2046.0,2448,62,76,11812.4
1981.679,918.9,2046.0,2448,49,73,11829.7
1981.797,1048.4,2046.0,2448,49,72,11846.9
1981.914,1048.4,2046.0,2448,9,72,11862.8
1982.032,1177.9,2046.0,2448,7,72,11878.8
1982.15,762.6,2046.0,2448,55,75,11880.2
1982.282,762.6,2046.0,2448,55,74,11882.9
1982.399,923.6,2046.0,2448,78,72,11896.2
1982.517,1182.6,2046.0,2448,14,71,11907.3
1982.634,767.3,2046.0,2448,14,73,11913.3
1982.752,767.3,2046.0,2448,48,77,11913.3
1982.871,928.3,2046.0,2448,72,73,11928.6
1982.989,1057.8,2046.0,2448,14,72,11926.5
1983.109,1236.0,2046.0,2448,14,73,11927.4
1983.228,772.0,2046.0,2448,42,76,11893.9
1983.351,803.5,2046.0,2448,89,73,11901.1
1983.469,933.0,2046.0,2448,89,72,11917.3
1983.588,1062.5,2046.0,2448,10,71,11933.0
1983.706,1192.0,2046.0,2448,11,71,11946.8
1983.824,776.7,2046.0,2448,55,75,11950.2
1983.943,776.7,2046.0,2448,55,74,11952.7
1984.063,937.7,2046.0,2448,63,72,11968.5
1984.181,1067.2,2046.0,2448,12,72,11996.6
1984.3,1196.7,2046.0,2448,12,72,12025.2
1984.419,781.3,2046.0,2448,9,77,11818.0
1984.539,781.3,2046.0,2448,84,74,11579.7
1984.659,942.3,2046.0,2448,30,72,11638.2
1984.777,1071.8,2046.0,2448,30,72,11686.4
1984.896,1201.3,2046.0,2448,9,71,11750.5
1985.015,1201.3,2046.0,2448,8,71,11819.0
1985.133,786.0,2046.0,2448,8,75,11822.0
1985.252,786.0,2046.0,2448,80,74,11838.5
1985.37,947.0,2046.0,2448,38,72,11892.5
1985.49,1076.5,2046.0,2448,7,72,11946.4
1985.608,1076.5,2046.0,2448,7,71,12003.6
1985.726,790.7,2046.0,2448,10,71,12002.5
1985.845,790.7,2046.0,2448,73,76,11983.5
1985.967,951.7,2046.0,2448,73,73,12033.9
1986.088,1081.2,2046.0,2448,42,72,12137.9
1986.208,1081.2,2046.0,2448,8,72,12131.8
1986.329,1081.2,2046.0,2448,1,72,12125.8
1986.451,1081.2,2046.0,2448,1,72,12127.4
1986.572,1081.2,2046.0,2448,1,72,12000.2
1986.698,1081.2,2046.0,2448,6,72,12025.5
1986.821,1210.7,2046.0,2448,6,72,12028.4
1986.943,1210.7,2046.0,2448,1,72,12028.9
1987.066,1210.7,2046.0,2448,1,72,11950.5
1987.187,770.8,2046.0,2448,12,73,11983.8
1987.306,770.0,2046.0,2448,12,77,11983.8
1987.428,774.7,2046.0,2448,100,73,12047.0
1987.548,774.7,2046.0,2448,11,72,12177.2
1987.674,774.7,2046.0,2448,2,72,12260.3
1987.8,774.7,2046.0,2448,2,72,12236.4
1987.929,774.7,2046.0,2448,1,71,12057.5
1988.058,774.7,2046.0,2448,0,71,12122.2
1988.187,774.7,2046.0,2448,2,71,12188.9
1988.317,774.7,2046.0,2448,2,71,12259.5
1988.447,774.7,2046.0,2448,0,71,12329.2
1988.574,774.7,2046.0,2448,0,71,12438.4
1988.702,774.7,2046.0,2448,2,71,12340.5
1988.832,774.7,2046.0,2448,0,71,12341.4
1988.961,774.7,2046.0,2448,0,71,12417.7
1989.088,774.7,2046.0,2448,0,71,12480.2
1989.215,774.7,2046.0,2448,2,71,12545.0
1989.341,774.7,2046.0,2448,0,71,12590.8
1989.473,774.7,2046.0,2448,0,71,12690.4
1989.599,774.7,2046.0,2448,0,71,12710.3
1989.728,774.7,2046.0,2448,2,71,12704.7
1989.858,774.7,2046.0,2448,0,71,12728.4
1989.986,774.7,2046.0,2448,0,71,12746.1
1990.114,774.7,2046.0,2448,0,71,12796.9
1990.242,774.7,2046.0,2448,3,71,12860.8
1990.369,774.7,2046.0,2448,0,71,12905.6
1990.497,774.7,2046.0,2448,0,71,13008.7
1990.624,774.7,2046.0,2448,1,71,12955.9
1990.754,774.7,2046.0,2448,2,71,12993.6
1990.886,774.7,2046.0,2448,0,71,13071.9
1991.013,774.7,2046.0,2448,0,71,13139.4
1991.14,774.7,2046.0,2448,0,71,13197.8
1991.268,774.7,2046.0,2448,2,71,13253.4
1991.392,774.7,2046.0,2448,0,71,13298.5
1991.521,774.7,2046.0,2448,0,71,12882.5
1991.662,774.7,2046.0,2448,0,71,12882.5
1991.791,774.7,2046.0,2448,2,71,12882.5
1991.92,774.7,2046.0,2448,0,71,12882.5
1992.048,774.7,2046.0,2448,0,71,12882.5
1992.178,774.7,2046.0,2448,2,71,12882.5
1992.307,774.7,2046.0,2448,2,71,12882.5
1992.436,774.7,2046.0,2448,0,71,12882.5
1992.565,774.7,2046.0,2448,0,71,12882.5
1992.693,774.7,2046.0,2448,3,71,12882.5
1992.821,774.7,2046.0,2448,3,71,12882.5
1992.95,774.7,2046.0,2448,0,71,12686.3
1993.07,803.8,2046.0,2448,31,72,12713.7
1993.189,803.8,2046.0,2448,100,74,12713.7
1993.309,803.8,2046.0,2448,100,75,12713.7
1993.428,803.8,2046.0,2448,100,73,12714.3
1993.547,964.8,2046.0,2448,48,72,12738.1
1993.666,1094.3,2046.0,2448,48,72,12772.1
1993.785,1223.8,2046.0,2448,10,72,12797.6
1993.903,799.2,2046.0,2448,38,75,12799.4
1994.022,799.2,2046.0,2448,100,74,12799.4
1994.141,799.2,2046.0,2448,100,75,12799.4
1994.26,960.2,2046.0,2448,100,73,12802.6
1994.378,1089.7,2046.0,2448,31,72,12824.4
1994.496,1253.6,2046.0,2448,31,72,12842.6
1994.623,794.5,2046.0,2448,35,76,12842.6
1994.742,794.5,2046.0,2448,100,77,12842.6
1994.861,794.5,2046.0,2448,99,74,12842.7
1994.982,955.5,2046.0,2448,99,73,12855.3
1995.101,1085.0,2046.0,2448,10,72,12877.7
1995.219,1214.5,2046.0,2448,11,72,12909.8
1995.337,789.9,2046.0,2448,11,73,12925.8
1995.455,789.9,2046.0,2448,44,74,12925.8
1995.591,789.9,2046.0,2448,100,75,12925.8
1995.71,789.9,2046.0,2448,100,73,12926.5
1995.829,950.9,2046.0,2448,100,72,12941.6
1995.947,1080.4,2046.0,2448,19,72,12957.3
1996.066,1209.9,2046.0,2448,9,72,12968.0
1996.184,785.2,2046.0,2448,9,73,12977.6
1996.301,785.2,2046.0,2448,36,77,12977.6
1996.419,785.2,2046.0,2448,100,77,12977.6
1996.537,785.2,2046.0,2448,89,74,12981.2
1996.657,1075.7,2046.0,2448,89,72,12996.7
1996.776,1205.2,2046.0,2448,16,72,13011.3
1996.893,780.6,2046.0,2448,12,73,13018.0
1997.011,780.6,2046.0,2448,12,78,13018.0
1997.13,780.6,2046.0,2448,100,78,13018.0
1997.248,780.6,2046.0,2448,100,75,13019.0
1997.366,941.6,2046.0,2448,29,73,13033.3
1997.484,1200.6,2046.0,2448,29,72,13045.0
1997.602,775.9,2046.0,2448,14,74,13053.3
1997.722,775.9,2046.0,2448,89,77,13053.3
1997.84,775.9,2046.0,2448,89,77,13053.3
1997.957,775.9,2046.0,2448,100,74,13059.0
1998.075,936.9,2046.0,2448,35,73,13075.4
1998.193,1066.4,2046.0,2448,35,72,13092.7
1998.311,1066.4,2046.0,2448,9,72,13108.9
1998.429,1195.9,2046.0,2448,7,72,13121.5
1998.547,771.3,2046.0,2448,72,75,13121.8
1998.685,771.3,2046.0,2448,72,75,13121.8
1998.805,771.3,2046.0,2448,100,74,13111.3
1998.926,932.3,2046.0,2448,87,72,13103.6
1999.047,1061.8,2046.0,2448,15,72,13109.7
1999.169,1191.3,2046.0,2448,15,72,13114.7
1999.29,766.6,2046.0,2448,34,77,13103.5
1999.415,766.6,2046.0,2448,100,77,13092.5
1999.536,766.6,2046.0,2448,100,75,13084.4
1999.657,927.6,2046.0,2448,91,73,13084.9
1999.777,1057.1,2046.0,2448,14,72,13085.9
1999.898,1223.9,2046.0,2448,11,72,13085.8
2000.018,762.0,2046.0,2448,11,78,13075.2
2000.138,762.0,2046.0,2448,98,77,13065.4
2000.258,762.0,2046.0,2448,100,74,13057.4
2000.377,923.0,2046.0,2448,100,73,13061.5
2000.496,1182.0,2046.0,2448,29,72,13063.9
2000.616,757.3,2046.0,2448,12,74,13062.6
2000.735,757.3,2046.0,2448,85,77,13053.1
2000.854,757.3,2046.0,2448,85,76,13043.6
2000.973,757.3,2046.0,2448,100,74,13037.4
2001.093,918.3,2046.0,2448,40,73,13039.9
2001.213,1177.3,2046.0,2448,40,72,13041.4
2001.332,752.7,2046.0,2448,13,74,13038.6
2001.452,752.7,2046.0,2448,68,77,13029.0
2001.573,752.7,2046.0,2448,100,77,13019.5
2001.693,913.7,2046.0,2448,100,74,13013.9
2001.814,1172.7,2046.0,2448,61,73,13012.0
2001.936,748.0,2046.0,2448,59,74,13006.4
2002.071,748.0,2046.0,2448,100,74,12996.9
2002.192,748.0,2046.0,2448,100,76,12987.6
2002.312,779.5,2046.0,2448,100,73,12981.0
2002.433,1168.0,2046.0,2448,40,73,12979.2
2002.554,743.4,2046.0,2448,40,76,12970.4
2002.674,743.4,2046.0,2448,75,78,12961.1
2002.794,743.4,2046.0,2448,100,75,12951.8
2002.915,1033.9,2046.0,2448,62,73,12947.5
2003.035,738.7,2046.0,2448,62,74,12944.1
2003.155,738.7,2046.0,2448,49,78,12934.8
2003.275,738.7,2046.0,2448,100,78,12925.4
2003.396,770.2,2046.0,2448,84,75,12918.9
2003.521,1158.7,2046.0,2448,84,73,12917.0
2003.642,734.1,2046.0,2448,21,76,12915.6
2003.762,734.1,2046.0,2448,97,77,12906.1
2003.882,734.1,2046.0,2448,97,77,12896.7
2004.002,765.6,2046.0,2448,100,74,12901.4
2004.122,895.1,2046.0,2448,30,73,12912.1
2004.241,1024.6,2046.0,2448,10,73,12922.9
2004.361,1236.2,2046.0,2448,10,73,12928.1
2004.48,729.4,2046.0,2448,41,79,12918.6
2004.599,729.4,2046.0,2448,100,78,12909.3
2004.72,729.4,2046.0,2448,100,75,12900.2
2004.84,1019.9,2046.0,2448,86,73,12910.0
2004.959,1019.9,2046.0,2448,13,73,12937.8
2005.08,746.8,2046.0,2448,19,73,12943.0
2005.2,724.8,2046.0,2448,19,79,12931.6
2005.321,724.8,2046.0,2448,100,77,12920.2
2005.441,724.8,2046.0,2448,100,75,12911.2
2005.562,885.8,2046.0,2448,100,73,12925.8
2005.682,1015.3,2046.0,2448,17,73,12939.1
2005.804,1144.8,2046.0,2448,9,73,12953.3
2005.923,1144.8,2046.0,2448,9,73,12967.2
2006.044,720.1,2046.0,2448,9,77,12956.6
2006.164,720.1,2046.0,2448,91,78,12945.3
2006.286,720.1,2046.0,2448,100,76,12935.8
2006.406,881.1,2046.0,2448,33,73,12947.6
2006.527,1010.6,2046.0,2448,33,73,12962.6
2006.646,1140.1,2046.0,2448,9,73,12975.6
2006.766,1140.1,2046.0,2448,9,72,12996.8
2006.887,715.5,2046.0,2448,9,77,12995.6
2007.01,715.5,2046.0,2448,69,78,12986.1
2007.131,715.5,2046.0,2448,100,76,12976.6
2007.251,876.5,2046.0,2448,54,74,12984.8
2007.396,876.5,2046.0,2448,6,73,12964.0
2007.657,1006.0,2046.0,2448,3,73,12933.3
2008.009,1135.5,2046.0,2448,2,72,12901.8
2008.383,1135.5,2046.0,2448,2,73,12870.3
2008.742,710.8,2046.0,2448,74,79,12860.7
2008.871,710.8,2046.0,2448,74,78,12850.9
2008.996,710.8,2046.0,2448,100,75,12841.7
2009.121,871.8,2046.0,2448,50,73,12850.0
2009.353,1001.3,2046.0,2448,2,72,12783.3
2009.819,1216.5,2046.0,2448,76,77,12765.6
2010.115,706.2,2046.0,2448,100,76,12756.0
2010.245,867.2,2046.0,2448,53,73,12753.4
2010.436,996.7,2046.0,2448,2,73,12720.7
2010.804,1126.2,2046.0,2448,72,78,12694.0
2011.156,701.5,2046.0,2448,100,75,12683.8
2011.283,733.0,2046.0,2448,1,73,12647.5
2011.683,862.5,2046.0,2448,1,73,12595.7
2012.129,862.5,2046.0,2448,1,73,12509.4
2012.664,1121.5,2046.0,2448,1,73,12464.9
2013.095,1121.5,2046.0,2448,1,73,12416.9
2013.497,696.9,2046.0,2448,100,77,12376.2
2013.824,700.4,2046.0,2448,11,73,12349.5
2014.129,857.9,2046.0,2448,6,73,12356.2
2014.334,987.4,2046.0,2448,5,73,12291.2
2014.455,1116.9,2046.0,2448,9,73,12363.3
2014.583,692.2,2046.0,2448,9,75,12327.6
2014.704,692.2,2046.0,2448,41,78,11969.9
2014.84,692.2,2046.0,2448,100,79,11956.1
2014.96,723.8,2046.0,2448,81,75,12015.9
2015.077,853.3,2046.0,2448,81,73,12128.9
2015.196,982.8,2046.0,2448,11,73,12125.2
2015.317,982.8,2046.0,2448,0,73,12111.6
2015.438,982.8,2046.0,2448,0,73,12098.9
2015.559,982.8,2046.0,2448,0,73,12085.8
2015.682,982.8,2046.0,2448,3,73,12072.8
2015.803,982.8,2046.0,2448,1,73,12059.7
2015.924,982.8,2046.0,2448,1,73,12055.0
2016.045,982.8,2046.0,2448,1,73,12042.1
2016.166,982.8,2046.0,2448,2,73,12028.7
2016.287,982.8,2046.0,2448,1,73,12015.6
2016.408,982.8,2046.0,2448,1,73,12002.0
2016.531,982.8,2046.0,2448,0,73,11989.2
2016.652,982.8,2046.0,2448,3,73,11976.7
2016.773,982.8,2046.0,2448,1,73,11963.4
2016.896,982.8,2046.0,2448,1,73,11950.3
2017.017,982.8,2046.0,2448,1,72,11937.4
2017.138,982.8,2046.0,2448,2,73,11924.1
2017.259,982.8,2046.0,2448,2,73,11912.2
2017.38,982.8,2046.0,2448,1,73,11899.5
2017.501,982.8,2046.0,2448,0,72,11886.2
2017.623,982.8,2046.0,2448,3,73,11873.5
2017.744,982.8,2046.0,2448,3,73,11860.0
2017.865,982.8,2046.0,2448,1,73,11846.9
2017.986,982.8,2046.0,2448,1,73,11833.5
2018.107,982.8,2046.0,2448,1,73,11821.7
2018.228,982.8,2046.0,2448,2,72,11816.1
2018.348,1112.3,2046.0,2448,2,72,11813.0
2018.468,1112.3,2046.0,2448,3,72,11682.8
2018.586,687.6,2046.0,2448,3,74,11630.7
2018.706,687.6,2046.0,2448,53,78,11630.7
2018.825,687.6,2046.0,2448,100,78,11630.7
2018.944,687.6,2046.0,2448,100,74,11612.7
2019.062,848.6,2046.0,2448,70,73,11354.8
2019.19,978.1,2046.0,2448,9,73,11281.3
2019.317,978.1,2046.0,2448,6,73,10982.3
2019.438,1107.6,2046.0,2448,6,73,10816.8
2019.558,1107.6,2046.0,2448,7,73,10737.9
2019.679,682.9,2046.0,2448,34,78,10727.1
2019.798,682.9,2046.0,2448,100,77,10727.1
2019.918,682.9,2046.0,2448,100,75,10727.1
2020.038,714.5,2046.0,2448,87,74,10703.7
2020.157,844.0,2046.0,2448,8,73,10728.7
2020.288,973.5,2046.0,2448,6,73,10704.3
2020.409,973.5,2046.0,2448,6,73,10392.4
2020.53,1103.0,2046.0,2448,6,73,10295.3
2020.65,1103.0,2046.0,2448,8,73,10271.2
2020.769,656.1,2046.0,2448,8,78,10263.4
2020.887,656.1,2046.0,2448,79,78,10263.4
2021.006,656.1,2046.0,2448,100,75,10263.4
2021.125,637.4,2046.0,2448,43,74,10266.5
2021.242,638.1,2046.0,2448,43,73,10278.4
2021.36,1083.4,2046.0,2448,2,73,10293.4
2021.479,668.5,2046.0,2448,89,75,10293.4
2021.599,700.1,2046.0,2448,89,74,10265.5
2021.719,673.7,2046.0,2448,90,75,10274.6
2021.838,673.7,2046.0,2448,100,77,10275.0
2021.957,678.9,2046.0,2448,100,74,10278.7
2022.076,678.9,2046.0,2448,67,79,10278.7
2022.196,710.4,2046.0,2448,93,74,10288.2
2022.316,839.9,2046.0,2448,6,73,10309.1
2022.435,839.9,2046.0,2448,6,73,10336.1
2022.553,969.4,2046.0,2448,5,72,10358.9
2022.671,1098.9,2046.0,2448,10,72,10381.7
2022.789,684.1,2046.0,2448,10,72,10397.0
2022.907,684.1,2046.0,2448,31,77,10397.0
2023.027,845.1,2046.0,2448,85,74,10405.2
2023.146,845.1,2046.0,2448,10,73,10408.8
2023.265,974.6,2046.0,2448,10,73,10349.3
2023.385,1104.1,2046.0,2448,7,73,10297.1
2023.503,1104.1,2046.0,2448,6,72,10288.1
2023.622,689.2,2046.0,2448,6,74,10241.4
2023.741,689.2,2046.0,2448,41,78,10241.4
2023.86,850.2,2046.0,2448,73,74,10266.6
2023.979,979.7,2046.0,2448,12,73,10293.3
2024.097,1109.2,2046.0,2448,12,73,10288.8
2024.217,694.4,2046.0,2448,34,77,10289.9
2024.335,725.9,2046.0,2448,86,75,10300.7
2024.453,855.4,2046.0,2448,86,73,10326.1
2024.571,984.9,2046.0,2448,9,73,10343.6
2024.689,1114.4,2046.0,2448,9,72,10367.1
2024.808,699.6,2046.0,2448,22,74,10394.7
2024.927,699.6,2046.0,2448,22,77,10394.7
2025.045,703.1,2046.0,2448,100,74,10410.4
2025.163,860.6,2046.0,2448,10,73,10444.0
2025.282,990.1,2046.0,2448,10,72,10471.6
2025.401,990.1,2046.0,2448,7,72,10499.6
2025.519,1119.6,2046.0,2448,6,72,10526.6
2025.637,1119.6,2046.0,2448,6,72,10552.7
2025.756,704.7,2046.0,2448,8,77,10555.0
2025.875,704.7,2046.0,2448,94,74,10563.9
2025.993,865.8,2046.0,2448,19,73,10589.8
2026.111,865.8,2046.0,2448,19,72,10618.1
2026.23,995.3,2046.0,2448,8,72,10643.6
2026.348,1124.8,2046.0,2448,7,72,10670.6
2026.467,1124.8,2046.0,2448,7,72,10699.4
2026.585,709.9,2046.0,2448,9,76,10700.0
2026.704,709.9,2046.0,2448,100,75,10707.8
2026.822,870.9,2046.0,2448,15,73,10736.2
2026.94,870.9,2046.0,2448,15,72,10756.8
2027.058,1000.4,2046.0,2448,6,72,10783.3
2027.176,1129.9,2046.0,2448,8,72,10797.6
2027.294,1129.9,2046.0,2448,8,72,10825.0
2027.412,715.1,2046.0,2448,7,76,10837.4
2027.549,715.1,2046.0,2448,92,75,10839.5
2027.667,876.1,2046.0,2448,42,72,10858.3
2027.786,1005.6,2046.0,2448,42,72,10885.6
2027.904,1135.1,2046.0,2448,7,72,10914.9
2028.022,1135.1,2046.0,2448,7,72,10938.2
2028.14,720.3,2046.0,2448,7,75,10938.6
2028.258,723.8,2046.0,2448,81,74,10951.1
2028.377,881.3,2046.0,2448,38,72,10971.4
2028.495,1010.8,2046.0,2448,7,72,10987.3
2028.614,1010.8,2046.0,2448,7,72,11002.6
2028.734,1140.3,2046.0,2448,10,72,11025.1
2028.852,725.4,2046.0,2448,35,75,11034.2
2028.97,725.4,2046.0,2448,35,76,11038.4
2029.088,886.4,2046.0,2448,81,73,11069.0
2029.206,1015.9,2046.0,2448,10,72,11081.4
2029.323,1015.9,2046.0,2448,10,72,11107.9
2029.441,1145.4,2046.0,2448,7,72,11130.9
2029.56,730.6,2046.0,2448,8,75,11142.5
2029.678,730.6,2046.0,2448,96,77,11096.0
2029.797,891.6,2046.0,2448,96,73,11122.1
2029.916,1021.1,2046.0,2448,20,72,11147.6
2030.035,1021.1,2046.0,2448,8,72,11178.3
2030.154,1150.6,2046.0,2448,8,72,11200.3
2030.271,735.8,2046.0,2448,10,73,11213.4
2030.389,735.8,2046.0,2448,71,77,11213.4
2030.507,896.8,2046.0,2448,43,73,11234.5
2030.626,1026.3,2046.0,2448,43,72,11250.6
2030.743,1155.8,2046.0,2448,11,72,11270.4
2030.861,740.9,2046.0,2448,20,73,11275.9
2030.979,740.9,2046.0,2448,20,77,11275.9
2031.097,902.0,2046.0,2448,100,73,11283.7
2031.216,1031.5,2046.0,2448,19,72,11293.4
2031.334,1161.0,2046.0,2448,19,72,11303.4
2031.451,746.1,2046.0,2448,16,77,11303.6
2031.57,777.6,2046.0,2448,100,73,11310.4
2031.689,907.1,2046.0,2448,20,72,11304.6
2031.808,1036.6,2046.0,2448,20,72,11318.5
2031.925,1166.1,2046.0,2448,12,73,11330.5
2032.043,751.3,2046.0,2448,62,76,11330.5
2032.161,912.3,2046.0,2448,62,74,11339.3
2032.281,1041.8,2046.0,2448,60,73,11355.5
2032.399,1041.8,2046.0,2448,9,72,11369.8
2032.518,1171.3,2046.0,2448,9,72,11383.3
2032.637,756.5,2046.0,2448,9,76,11385.2
2032.754,756.5,2046.0,2448,86,76,11389.3
2032.874,917.5,2046.0,2448,39,72,11402.0
2032.993,1047.0,2046.0,2448,39,72,11415.8
2033.113,1176.5,2046.0,2448,9,71,11428.4
2033.231,761.6,2046.0,2448,11,72,11437.8
2033.348,761.6,2046.0,2448,83,76,11437.8
2033.466,922.6,2046.0,2448,83,73,11448.8
2033.586,1052.1,2046.0,2448,37,72,11465.6
2033.704,1181.6,2046.0,2448,12,72,11488.2
2033.823,1181.6,2046.0,2448,12,72,11507.9
2033.941,766.8,2046.0,2448,7,76,11510.6
2034.059,766.8,2046.0,2448,96,75,11515.8
2034.178,927.8,2046.0,2448,96,72,11534.4
2034.296,1057.3,2046.0,2448,20,72,11561.0
2034.414,1186.8,2046.0,2448,9,72,11584.2
2034.532,772.0,2046.0,2448,16,73,11595.6
2034.65,772.0,2046.0,2448,16,76,11595.6
2034.77,933.0,2046.0,2448,100,73,11607.1
2034.888,1062.5,2046.0,2448,15,72,11623.5
2035.006,1192.0,2046.0,2448,15,72,11641.2
2035.124,777.1,2046.0,2448,12,73,11646.1
2035.242,777.1,2046.0,2448,83,77,11646.8
2035.36,938.1,2046.0,2448,37,72,11665.4
2035.478,1067.6,2046.0,2448,37,72,11682.1
2035.596,1197.1,2046.0,2448,12,71,11709.4
2035.714,782.3,2046.0,2448,32,74,11717.0
2035.831,782.3,2046.0,2448,32,76,11717.0
2035.949,943.3,2046.0,2448,85,72,11741.9
2036.067,943.3,2046.0,2448,7,72,11767.7
2036.185,1072.8,2046.0,2448,7,72,11795.2
2036.304,1072.8,2046.0,2448,9,72,11819.6
2036.421,1202.3,2046.0,2448,7,72,11844.2
2036.539,787.5,2046.0,2448,39,76,11854.5
2036.657,787.5,2046.0,2448,39,75,11857.2
2036.778,948.5,2046.0,2448,73,72,11851.0
2036.898,1078.0,2046.0,2448,8,72,11860.2
2037.02,1078.0,2046.0,2448,8,72,11894.7
2037.141,1207.5,2046.0,2448,9,72,11934.0
2037.261,792.7,2046.0,2448,40,77,11933.5
2037.382,953.7,2046.0,2448,76,73,11950.8
2037.503,1083.2,2046.0,2448,76,72,11979.5
2037.626,1212.7,2046.0,2448,12,72,11820.7
2037.746,797.8,2046.0,2448,24,76,11643.6
2037.871,797.8,2046.0,2448,91,75,11649.2
2037.989,958.8,2046.0,2448,91,72,11676.7
2038.108,1088.3,2046.0,2448,9,72,11707.8
2038.226,1088.3,2046.0,2448,7,72,11739.1
2038.344,1217.8,2046.0,2448,7,71,11766.5
2038.463,803.0,2046.0,2448,23,76,11767.4
2038.581,803.0,2046.0,2448,95,73,11782.9
2038.699,964.0,2046.0,2448,95,72,11823.2
2038.817,1093.5,2046.0,2448,8,72,11884.3
2038.937,1093.5,2046.0,2448,8,72,11949.6
2039.055,1223.0,2046.0,2448,8,72,12018.9
2039.187,782.8,2046.0,2448,8,73,12044.0
2039.309,782.8,2046.0,2448,53,77,12037.0
2039.431,788.0,2046.0,2448,68,73,12123.0
2039.559,788.0,2046.0,2448,1,72,12226.3
2039.687,788.0,2046.0,2448,1,72,12289.6
2039.817,788.0,2046.0,2448,1,72,12342.4
2039.947,788.0,2046.0,2448,2,72,12381.5
2040.08,788.0,2046.0,2448,6,72,12210.0
2040.229,788.0,2046.0,2448,1,72,12060.6
2040.354,788.0,2046.0,2448,1,72,12122.1
2040.483,788.0,2046.0,2448,0,72,12167.2
2040.615,788.0,2046.0,2448,1,72,12250.4
2040.742,788.0,2046.0,2448,1,72,12317.4
2040.871,788.0,2046.0,2448,1,72,12410.7
2040.998,788.0,2046.0,2448,0,72,12467.8
2041.128,788.0,2046.0,2448,1,72,12413.9
2041.257,788.0,2046.0,2448,1,72,12437.3
2041.384,788.0,2046.0,2448,0,72,12476.5
2041.524,788.0,2046.0,2448,0,72,12509.8
2041.658,788.0,2046.0,2448,1,72,12573.6
2041.787,788.0,2046.0,2448,1,72,12580.5
2041.917,788.0,2046.0,2448,0,72,12603.1
2042.043,788.0,2046.0,2448,1,72,12649.0
2042.174,788.0,2046.0,2448,1,71,12705.4
2042.32,788.0,2046.0,2448,2,71,12774.8
2042.457,788.0,2046.0,2448,0,71,12827.0
2042.586,788.0,2046.0,2448,2,71,12876.1
2042.717,788.0,2046.0,2448,2,71,12903.8
2042.846,788.0,2046.0,2448,2,71,12982.2
2042.976,788.0,2046.0,2448,0,71,13027.8
2043.107,788.0,2046.0,2448,2,71,13078.7
2043.239,788.0,2046.0,2448,2,71,13138.0
2043.37,788.0,2046.0,2448,2,71,13174.8
2043.504,788.0,2046.0,2448,0,71,13226.5
2043.641,788.0,2046.0,2448,1,71,13250.9
2043.842,788.0,2046.0,2448,0,71,13234.0
2044.09,788.0,2046.0,2448,1,71,13243.3
2044.273,788.0,2046.0,2448,2,71,13250.9
2044.443,788.0,2046.0,2448,0,71,13257.9
2044.57,788.0,2046.0,2448,2,71,13265.3
2044.702,788.0,2046.0,2448,2,71,13272.4
2044.83,788.0,2046.0,2448,2,71,13278.6
2044.967,788.0,2046.0,2448,2,71,13305.3
2045.415,788.0,2046.0,2448,0,71,13270.5
2045.957,788.0,2046.0,2463,0,71,13167.6
2046.582,788.0,2046.0,2463,0,71,12973.9
2047.694,788.0,2046.0,2463,0,71,12877.7
2048.144,788.0,2046.0,2464,0,71,12411.2
2048.271,788.0,2046.0,2464,10,71,12458.6
2048.396,788.0,2046.0,2464,10,71,12508.0
2048.521,788.0,2046.0,2464,10,71,12558.0
2048.645,788.0,2046.0,2464,11,71,12607.4
2048.767,788.0,2046.0,2464,11,71,12649.9
2048.894,788.0,2046.0,2464,11,71,12705.4
2049.047,788.0,2046.0,2464,11,71,12424.6
2049.177,788.0,2046.0,2464,2,71,12241.7
2049.318,788.0,2046.0,2464,3,71,12289.1
2049.442,788.0,2046.0,2464,9,71,12337.1
2049.566,788.0,2046.0,2464,9,71,12383.0
2049.694,788.0,2046.0,2464,10,71,12428.2
2049.827,788.0,2046.0,2464,12,71,12471.2
2049.955,788.0,2046.0,2464,3,71,12515.2
2050.084,788.0,2046.0,2464,3,71,12556.7
2050.209,788.0,2046.0,2464,3,71,12582.0
2050.333,788.0,2046.0,2464,4,71,12613.8
2050.46,788.0,2046.0,2464,2,71,12646.4
2050.588,788.0,2046.0,2464,3,71,12679.5
2050.715,788.0,2046.0,2464,3,71,12705.5
2050.842,788.0,2046.0,2464,4,71,12729.9
2050.969,788.0,2046.0,2464,2,71,12753.3
2051.098,788.0,2046.0,2464,2,71,12775.8
2051.226,788.0,2046.0,2464,2,71,12794.4
2051.357,788.0,2046.0,2464,4,71,12809.9
2051.489,788.0,2046.0,2464,7,71,12819.9
2051.62,788.0,2046.0,2464,7,71,12821.0
2051.755,788.0,2046.0,2464,7,71,12821.0
2051.894,978.6,2046.0,2464,7,71,12608.4
2052.014,1237.6,2046.0,2464,17,71,12634.2
2052.132,817.6,2066.0,2484,44,72,12642.7
2052.252,817.6,2066.0,2484,44,75,12642.7
2052.369,817.6,2066.0,2484,100,77,12642.7
2052.488,849.1,2066.0,2484,100,73,12648.1
2052.607,1108.1,2066.0,2484,23,72,12663.1
2052.727,812.5,2066.0,2484,23,73,12672.9
2052.845,812.5,2066.0,2484,59,75,12672.9
2052.965,812.5,2066.0,2484,100,75,12672.9
2053.084,812.5,2066.0,2484,100,74,12672.9
2053.204,1103.0,2066.0,2484,100,73,12675.9
2053.323,807.4,2066.0,2484,54,74,12686.6
2053.444,807.4,2066.0,2484,98,77,12686.6
2053.564,807.4,2066.0,2484,98,77,12686.6
2053.684,807.4,2066.0,2484,100,75,12689.1
2053.803,802.3,2066.0,2484,65,73,12697.2
2053.943,802.3,2066.0,2484,97,77,12697.2
2054.064,802.3,2066.0,2484,97,77,12697.2
2054.183,802.3,2066.0,2484,100,75,12698.0
2054.303,1092.9,2066.0,2484,59,73,12716.2
2054.422,797.2,2066.0,2484,60,74,12722.8
2054.562,797.2,2066.0,2484,60,74,12722.8
2054.681,797.2,2066.0,2484,100,75,12722.8
2054.8,797.2,2066.0,2484,100,73,12722.8
2054.92,1087.8,2066.0,2484,100,72,12739.4
2055.038,792.2,2066.0,2484,38,74,12746.7
2055.174,792.2,2066.0,2484,80,75,12746.8
2055.295,792.2,2066.0,2484,100,76,12746.8
2055.413,792.2,2066.0,2484,100,74,12749.1
2055.531,1082.7,2066.0,2484,82,72,12762.0
2055.65,787.1,2066.0,2484,39,76,12767.5
2055.768,787.1,2066.0,2484,39,77,12767.5
2055.886,787.1,2066.0,2484,100,77,12767.5
2056.004,818.6,2066.0,2484,100,74,12773.9
2056.122,1077.6,2066.0,2484,20,73,12789.2
2056.24,1207.1,2066.0,2484,20,72,12800.3
2056.359,782.0,2066.0,2484,43,78,12800.3
2056.477,782.0,2066.0,2484,100,77,12800.5
2056.607,782.0,2066.0,2484,100,75,12800.5
2056.725,1202.0,2066.0,2484,94,73,12809.4
2056.843,776.9,2066.0,2484,53,78,12810.0
2056.961,776.9,2066.0,2484,100,78,12810.0
2057.08,776.9,2066.0,2484,100,75,12810.0
2057.207,1067.4,2066.0,2484,97,73,12816.3
2057.327,771.8,2066.0,2484,53,77,12817.6
2057.444,771.8,2066.0,2484,53,78,12817.6
2057.563,771.8,2066.0,2484,100,78,12817.6
2057.682,803.3,2066.0,2484,100,74,12823.2
2057.801,1062.3,2066.0,2484,14,73,12837.3
2057.919,1191.8,2066.0,2484,14,73,12849.4
2058.037,766.7,2066.0,2484,12,74,12853.1
2058.163,766.7,2066.0,2484,96,76,12853.1
2058.281,766.7,2066.0,2484,96,76,12853.1
2058.399,766.7,2066.0,2484,100,75,12854.9
2058.518,927.7,2066.0,2484,59,73,12865.9
2058.637,1057.2,2066.0,2484,13,73,12875.9
2058.755,1186.7,2066.0,2484,13,72,12885.9
2058.873,761.6,2066.0,2484,14,77,12887.7
2058.991,761.6,2066.0,2484,100,77,12887.7
2059.11,761.6,2066.0,2484,100,76,12887.7
2059.228,922.6,2066.0,2484,100,74,12893.0
2059.346,1181.6,2066.0,2484,37,73,12901.5
2059.465,756.5,2066.0,2484,74,78,12901.7
2059.584,756.5,2066.0,2484,74,77,12901.7
2059.702,756.5,2066.0,2484,100,75,12901.7
2059.821,917.5,2066.0,2484,65,73,12908.0
2059.939,1176.5,2066.0,2484,65,73,12916.1
2060.057,751.4,2066.0,2484,33,78,12916.1
2060.175,751.4,2066.0,2484,100,78,12916.1
2060.293,751.4,2066.0,2484,100,75,12916.1
2060.414,1041.9,2066.0,2484,100,73,12922.6
2060.533,1171.4,2066.0,2484,30,74,12930.2
2060.651,746.3,2066.0,2484,71,79,12930.2
2060.772,746.3,2066.0,2484,71,78,12926.3
2060.89,746.3,2066.0,2484,100,76,12796.6
2061.012,1036.8,2066.0,2484,67,73,12711.1
2061.13,741.2,2066.0,2484,33,74,12722.9
2061.248,741.2,2066.0,2484,33,76,12722.9
2061.367,741.2,2066.0,2484,100,76,12722.9
2061.485,741.2,2066.0,2484,100,75,12722.9
2061.605,902.2,2066.0,2484,100,73,12741.7
2061.724,902.2,2066.0,2484,34,73,12764.1
2061.842,1031.7,2066.0,2484,8,72,12782.6
2061.96,1161.2,2066.0,2484,8,72,12798.5
2062.078,736.1,2066.0,2484,10,77,12801.1
2062.196,736.1,2066.0,2484,95,78,12801.1
2062.315,736.1,2066.0,2484,100,76,12801.1
2062.433,897.1,2066.0,2484,100,74,12806.6
2062.551,1026.6,2066.0,2484,39,73,12832.5
2062.669,1156.1,2066.0,2484,8,73,12860.4
2062.786,1194.7,2066.0,2484,8,73,12875.0
2062.907,731.0,2066.0,2484,28,79,12875.0
2063.024,731.0,2066.0,2484,100,78,12875.0
2063.143,731.0,2066.0,2484,100,75,12875.0
2063.261,892.0,2066.0,2484,100,73,12897.6
2063.379,892.0,2066.0,2484,7,73,12917.4
2063.497,1021.5,2066.0,2484,7,73,12941.0
2063.614,1151.0,2066.0,2484,7,72,12962.6
2063.732,1151.0,2066.0,2484,9,72,12978.5
2063.851,725.9,2066.0,2484,51,77,12828.3
2063.969,725.9,2066.0,2484,51,78,12828.3
2064.088,725.9,2066.0,2484,100,75,12828.3
2064.208,886.9,2066.0,2484,77,73,12855.7
2064.326,886.9,2066.0,2484,7,73,12879.6
2064.444,1016.4,2066.0,2484,7,73,12906.8
2064.562,1145.9,2066.0,2484,8,72,12935.8
2064.68,1145.9,2066.0,2484,8,72,12971.5
2064.798,720.8,2066.0,2484,8,77,12978.1
2064.917,720.8,2066.0,2484,71,78,12978.1
2065.035,720.8,2066.0,2484,100,76,12978.1
2065.152,752.3,2066.0,2484,52,73,12963.4
2065.271,881.8,2066.0,2484,52,73,12955.3
2065.391,1011.3,2066.0,2484,9,73,12997.2
2065.512,1140.8,2066.0,2484,7,72,13036.7
2065.632,715.7,2066.0,2484,7,75,13024.7
2065.752,715.7,2066.0,2484,53,78,13024.7
2065.876,715.7,2066.0,2484,100,78,13024.7
2065.995,719.2,2066.0,2484,73,74,13034.4
2066.115,876.7,2066.0,2484,73,73,13027.5
2066.241,1135.7,2066.0,2484,13,73,12893.4
2066.362,710.6,2066.0,2484,25,74,12677.4
2066.488,710.6,2066.0,2484,25,75,12551.6
2066.608,710.6,2066.0,2484,100,76,12551.6
2066.728,710.6,2066.0,2484,100,74,12551.6
2066.846,871.6,2066.0,2484,46,73,12590.1
2066.966,1001.1,2066.0,2484,46,73,12648.1
2067.084,1130.6,2066.0,2484,13,73,12699.9
2067.203,705.5,2066.0,2484,60,77,12699.9
2067.328,705.5,2066.0,2484,60,75,12699.9
2067.446,705.5,2066.0,2484,100,76,12699.9
2067.564,737.0,2066.0,2484,96,73,12738.0
2067.683,866.5,2066.0,2484,9,72,12822.2
2067.801,996.0,2066.0,2484,9,72,12892.2
2067.92,1125.5,2066.0,2484,11,72,12968.6
2068.039,700.4,2066.0,2484,33,76,12987.5
2068.158,700.4,2066.0,2484,33,77,12987.5
2068.276,700.4,2066.0,2484,100,77,12987.5
2068.396,731.9,2066.0,2484,97,74,12994.3
2068.516,861.4,2066.0,2484,9,73,12676.8
2068.638,990.9,2066.0,2484,9,73,12449.7
2068.761,990.9,2066.0,2484,8,72,12494.2
2068.885,1120.4,2066.0,2484,5,72,12538.7
2069.01,1120.4,2066.0,2484,5,72,12579.6
2069.135,695.3,2066.0,2484,5,77,12584.1
2069.254,695.3,2066.0,2484,75,78,12584.1
2069.374,695.3,2066.0,2484,100,76,12584.1
2069.494,726.8,2066.0,2484,100,73,12601.2
2069.615,985.8,2066.0,2484,51,73,12634.5
2069.738,985.8,2066.0,2484,11,73,12688.8
2069.864,1115.3,2066.0,2484,5,72,12745.1
2069.989,1115.3,2066.0,2484,5,72,12779.2
2070.111,1115.3,2066.0,2484,4,72,12775.7
2070.233,1115.3,2066.0,2484,3,72,12769.6
2070.355,1115.3,2066.0,2484,1,72,12761.8
2070.477,1115.3,2066.0,2484,1,72,12754.6
2070.6,1115.3,2066.0,2484,1,72,12748.4
2070.722,1115.3,2066.0,2484,4,72,12742.5
2070.844,1115.3,2066.0,2484,1,72,12734.3
2070.966,690.2,2066.0,2484,1,75,12726.1
2071.086,690.2,2066.0,2484,63,77,12717.0
2071.207,690.2,2066.0,2484,100,77,12715.2
2071.327,690.2,2066.0,2484,100,74,12711.9
2071.449,690.2,2066.0,2484,60,73,12704.2
2071.571,690.2,2066.0,2484,1,72,12693.5
2071.694,690.2,2066.0,2484,3,72,12680.9
2071.816,693.7,2066.0,2484,3,72,12669.3
2071.941,721.7,2066.0,2484,0,72,12661.3
2072.063,721.7,2066.0,2484,1,72,12651.8
2072.187,721.7,2066.0,2484,3,72,12643.2
2072.309,721.7,2066.0,2484,3,72,12618.6
2072.431,851.2,2066.0,2484,1,72,12599.7
2072.554,851.2,2066.0,2484,0,72,12585.5
2072.676,851.2,2066.0,2484,0,72,12573.0
2072.798,851.2,2066.0,2484,3,72,12562.0
2072.92,851.2,2066.0,2484,0,72,12549.4
2073.041,851.2,2066.0,2484,1,72,12537.3
2073.163,851.2,2066.0,2484,1,72,12528.7
2073.286,851.2,2066.0,2484,4,72,12518.6
2073.407,851.2,2066.0,2484,3,72,12508.7
2073.53,851.2,2066.0,2484,9,72,12491.8
2073.657,851.2,2066.0,2484,9,72,12480.5
2073.779,851.2,2066.0,2484,8,72,12468.9
2073.902,851.2,2066.0,2484,9,72,12460.2
2074.024,851.2,2066.0,2484,10,72,12444.2
2074.149,851.2,2066.0,2484,10,72,12424.2
2074.275,851.2,2066.0,2484,10,72,12405.8
2074.397,851.2,2066.0,2484,10,72,12387.1
2074.521,851.2,2066.0,2484,9,72,12368.2
2074.645,851.2,2066.0,2484,9,72,12353.3
2074.767,851.2,2066.0,2484,11,72,12336.2
2074.891,851.2,2066.0,2484,9,72,12322.4
2075.015,851.2,2066.0,2484,9,72,12305.0
2075.143,851.2,2066.0,2484,9,72,12291.2
2075.266,980.7,2066.0,2484,11,72,12276.4
2075.388,980.7,2066.0,2484,10,72,12269.8
2075.511,980.7,2066.0,2484,10,72,12263.4
2075.638,980.7,2066.0,2484,10,72,12254.1
2075.76,980.7,2066.0,2484,10,72,12246.6
2075.882,980.7,2066.0,2484,9,72,12237.0
2076.003,980.7,2066.0,2484,9,72,12225.5
2076.124,980.7,2066.0,2484,9,72,12213.9
2076.246,980.7,2066.0,2484,10,72,12201.6
2076.366,980.7,2066.0,2484,9,72,12189.4
2076.486,980.7,2066.0,2484,9,72,12179.6
2076.607,980.7,2066.0,2484,10,72,12166.6
2076.728,980.7,2066.0,2484,10,73,12155.2
2076.848,980.7,2066.0,2484,10,72,12143.1
2076.969,980.7,2066.0,2484,9,72,12130.6
2077.09,980.7,2066.0,2484,9,72,12117.8
2077.212,980.7,2066.0,2484,10,72,12106.1
2077.333,980.7,2066.0,2484,10,73,12103.4
2077.455,1110.2,2066.0,2484,11,72,12191.6
2077.576,685.1,2066.0,2484,21,75,12229.5
2077.702,685.1,2066.0,2484,100,78,12209.7
2077.881,685.1,2066.0,2484,43,73,12155.7
2078.213,716.6,2066.0,2484,9,73,12090.1
2078.653,846.1,2066.0,2484,1,72,12046.0
2079.08,846.1,2066.0,2484,9,73,12016.2
2079.399,846.1,2066.0,2484,2,73,11981.1
2079.699,975.6,2066.0,2484,6,72,11997.0
2079.928,975.6,2066.0,2484,1,72,11953.6
2080.262,1105.1,2066.0,2486,1,72,11903.2
2080.606,1105.1,2066.0,2486,1,72,11835.7
2081.02,1105.1,2066.0,2486,3,74,11757.4
2081.487,658.1,2066.0,2486,85,75,11687.1
2081.844,825.9,2066.0,2486,85,73,11691.8
2081.971,670.5,2066.0,2486,37,77,11679.6
2082.145,831.5,2066.0,2486,100,78,11670.7
2082.269,676.1,2066.0,2494,97,77,11662.1
2082.392,676.1,2066.0,2486,100,78,11654.1
2082.518,681.7,2066.0,2486,100,76,11648.6
2082.641,681.7,2066.0,2486,96,78,11640.7
2082.768,972.2,2066.0,2486,100,76,11634.8
2082.893,687.3,2066.0,2486,94,77,11626.4
2083.023,687.3,2066.0,2486,94,78,11618.1
2083.146,692.9,2066.0,2486,98,77,11611.6
2083.27,692.9,2066.0,2486,99,78,11604.0
2083.403,1112.9,2066.0,2486,91,76,11582.5
2083.591,698.5,2066.0,2486,65,76,11527.4
2083.913,704.1,2066.0,2486,3,74,11428.3
2084.372,735.6,2066.0,2488,1,73,11334.1
2084.724,865.1,2066.0,2486,1,73,11220.7
2084.848,994.6,2066.0,2486,10,73,11102.1
2084.972,1124.1,2066.0,2486,8,73,10990.0
2085.106,709.7,2066.0,2486,20,75,11004.6
2085.225,709.7,2066.0,2486,20,77,11004.6
2085.345,741.2,2066.0,2488,100,76,11015.3
2085.465,870.7,2066.0,2486,40,74,11036.3
2085.583,1000.2,2066.0,2486,8,73,11057.1
2085.702,1129.7,2066.0,2486,8,73,11056.6
2085.823,1129.7,2066.0,2486,10,73,11080.3
2085.945,715.3,2066.0,2486,45,77,10945.6
2086.066,715.3,2066.0,2486,100,78,10741.2
2086.19,876.3,2066.0,2491,100,75,10769.7
2086.31,876.3,2066.0,2493,16,74,10786.8
2086.43,1005.8,2066.0,2493,7,73,10801.8
2086.55,1135.3,2066.0,2493,7,73,10817.3
2086.671,720.9,2066.0,2493,7,74,10833.4
2086.792,720.9,2066.0,2493,63,77,10825.4
2086.914,724.4,2066.0,2496,90,76,10822.1
2087.036,1011.4,2066.0,2491,90,74,10848.1
2087.158,1140.9,2066.0,2491,13,74,10894.8
2087.279,1156.0,2066.0,2491,11,75,10810.4
2087.4,726.5,2066.0,2491,11,78,10476.3
2087.522,726.5,2066.0,2491,89,78,10482.9
2087.64,887.6,2066.0,2491,60,74,10505.9
2087.758,887.6,2066.0,2491,9,74,10532.5
2087.876,1017.1,2066.0,2491,9,74,10556.0
2087.997,1146.6,2066.0,2491,8,73,10580.9
2088.115,732.2,2066.0,2491,31,77,10589.6
2088.236,732.2,2066.0,2491,31,78,10589.6
2088.356,763.7,2066.0,2491,100,75,10483.9
2088.476,893.2,2066.0,2491,28,74,10436.5
2088.595,1022.7,2066.0,2491,8,74,10459.8
2088.713,1152.2,2066.0,2491,8,73,10486.8
2088.832,737.8,2066.0,2491,10,75,10507.6
2088.969,737.8,2066.0,2491,67,78,10327.9
2089.091,737.8,2066.0,2491,89,77,10291.9
2089.213,898.8,2066.0,2491,89,74,10296.7
2089.333,1028.3,2066.0,2491,9,74,10304.4
2089.453,1157.8,2066.0,2491,10,74,10277.5
2089.572,743.4,2066.0,2491,10,74,10267.3
2089.692,743.4,2066.0,2491,25,77,10253.8
2089.811,743.4,2066.0,2491,100,79,10258.6
2089.929,904.4,2066.0,2491,35,75,10242.9
2090.046,1033.9,2066.0,2491,35,74,10262.8
2090.165,1163.4,2066.0,2491,10,74,10281.0
2090.282,749.0,2066.0,2497,46,77,10283.6
2090.421,749.0,2066.0,2497,100,79,10274.1
2090.544,910.0,2066.0,2497,100,75,10293.7
2090.67,1039.5,2066.0,2498,24,74,10302.6
2090.798,1169.0,2066.0,2498,22,74,10321.9
2090.927,754.6,2066.0,2498,70,77,10323.6
2091.052,754.6,2066.0,2498,70,78,10321.9
2091.177,786.1,2066.0,2498,100,76,10333.3
2091.301,915.6,2066.0,2498,34,74,10185.0
2091.424,1045.1,2066.0,2498,18,74,10114.0
2091.549,1174.6,2066.0,2498,18,74,10136.5
2091.673,760.2,2066.0,2498,20,76,10137.4
2091.799,760.2,2066.0,2498,96,77,10133.6
2091.92,760.2,2066.0,2498,96,76,10137.3
2092.04,921.2,2066.0,2498,88,74,10162.0
2092.159,1050.7,2066.0,2498,20,74,10183.3
2092.279,1050.7,2066.0,2498,20,74,10196.5
2092.398,1180.2,2066.0,2498,20,74,10212.1
2092.519,765.8,2066.0,2498,19,75,10217.7
2092.659,765.8,2066.0,2498,96,76,10217.7
2092.789,765.8,2066.0,2498,100,77,10179.4
2092.913,926.8,2066.0,2498,100,74,10194.5
2093.031,926.8,2066.0,2498,34,74,10216.1
2093.15,1056.3,2066.0,2498,19,74,10234.2
2093.269,1185.8,2066.0,2498,19,73,10255.8
2093.389,771.4,2066.0,2498,19,74,10264.2
2093.511,771.4,2066.0,2498,62,78,10264.2
2093.634,771.4,2066.0,2498,100,79,10264.5
2093.756,932.4,2066.0,2498,100,75,10226.4
2093.879,1061.9,2066.0,2498,34,74,10169.2
2094.002,1191.4,2066.0,2498,19,74,10172.9
2094.12,1191.4,2066.0,2498,18,74,10197.4
2094.239,777.0,2066.0,2498,18,75,10205.6
2094.359,777.0,2066.0,2498,68,75,10205.6
2094.48,777.0,2066.0,2498,100,76,10205.6
2094.599,808.5,2066.0,2498,100,74,10227.9
2094.718,938.0,2066.0,2515,58,74,10260.4
2094.842,1067.5,2066.0,2515,17,74,10297.9
2094.964,1197.0,2066.0,2511,12,74,10269.1
2095.088,782.6,2066.0,2512,12,75,10202.6
2095.214,782.6,2066.0,2512,51,78,10051.4
2095.347,814.1,2066.0,2512,100,76,10080.5
2095.465,943.6,2066.0,2516,16,75,10130.8
2095.585,1073.1,2066.0,2521,16,74,10172.7
2095.705,1202.6,2066.0,2521,19,74,10219.4
2095.826,788.2,2066.0,2521,38,77,10201.4
2095.95,788.2,2066.0,2521,100,78,10103.7
2096.073,949.3,2066.0,2521,100,75,10154.8
2096.195,1078.8,2066.0,2521,37,74,10206.5
2096.318,1208.3,2066.0,2521,11,74,10253.8
2096.442,1208.3,2066.0,2521,15,75,10285.0
2096.567,793.9,2066.0,2521,15,78,10285.0
2096.691,793.9,2066.0,2521,100,79,10286.1
2096.817,954.9,2066.0,2521,51,75,10334.5
2096.939,954.9,2066.0,2521,8,74,10372.9
2097.063,1084.4,2066.0,2516,8,74,10411.0
2097.187,1213.9,2066.0,2516,11,74,10442.8
2097.312,799.5,2066.0,2516,24,76,10458.2
2097.438,799.5,2066.0,2517,100,79,10315.2
2097.568,831.0,2066.0,2517,100,76,9957.5
2097.695,960.5,2066.0,2518,42,75,9941.5
2097.815,1090.0,2066.0,2518,9,74,9982.0
2097.935,1219.5,2066.0,2518,9,74,10027.2
2098.055,805.1,2066.0,2518,10,76,10058.7
2098.176,805.1,2066.0,2518,65,78,10058.7
2098.296,812.1,2066.0,2518,86,78,10064.9
2098.415,1095.6,2066.0,2518,86,75,10100.7
2098.534,1225.1,2066.0,2518,12,74,10135.7
2098.654,1225.1,2066.0,2518,12,74,10171.8
2098.775,810.7,2066.0,2518,12,77,10172.3
2098.896,810.7,2066.0,2518,80,78,10172.3
2099.017,971.7,2066.0,2518,91,76,10201.9
2099.138,1101.2,2066.0,2518,15,75,10239.9
2099.258,1101.2,2066.0,2518,15,74,10283.2
2099.38,1230.7,2066.0,2521,8,74,10336.6
2099.499,816.3,2066.0,2521,28,77,10354.3
2099.626,816.3,2066.0,2521,100,78,10354.3
2099.748,847.8,2066.0,2521,100,76,10387.0
2099.869,977.3,2066.0,2523,50,75,10436.7
2099.993,1106.8,2066.0,2523,23,75,10502.5
2100.116,1236.3,2066.0,2523,19,75,10563.3
2100.241,1236.3,2066.0,2523,19,74,10621.9
2100.366,796.5,2066.0,2523,35,78,10623.4
2100.489,796.5,2066.0,2523,100,79,10623.4
2100.613,802.1,2066.0,2523,100,76,10684.0
2100.737,802.1,2066.0,2523,52,75,10756.6
2100.863,802.1,2066.0,2523,9,75,10795.8
2100.99,802.1,2066.0,2523,9,74,10838.6
2101.114,802.1,2066.0,2523,9,74,10826.5
2101.239,802.1,2066.0,2523,10,74,10857.8
2101.373,802.1,2066.0,2523,9,74,10891.1
2101.504,802.1,2066.0,2523,9,74,10964.6
2101.64,802.1,2066.0,2523,11,74,10928.1
2101.769,802.1,2066.0,2523,11,74,10853.7
2101.899,802.1,2066.0,2523,9,74,10865.4
2102.031,802.1,2066.0,2523,9,74,10842.4
2102.159,802.1,2066.0,2523,11,74,10880.0
2102.292,802.1,2066.0,2523,10,74,10892.6
2102.421,802.1,2066.0,2523,10,74,10813.7
2102.548,802.1,2066.0,2523,9,74,10844.9
2102.681,802.1,2066.0,2523,11,74,10893.2
2102.83,802.1,2066.0,2523,9,74,10909.0
2102.979,802.1,2066.0,2523,14,74,10809.6
2103.163,802.1,2066.0,2523,15,74,10783.5
2103.295,802.1,2066.0,2523,12,74,10822.2
2103.434,802.1,2066.0,2523,12,73,10859.5
2103.577,802.1,2066.0,2523,12,73,10886.0
2103.714,802.1,2066.0,2523,13,73,10860.9
2103.898,802.1,2066.0,2523,11,73,10806.3
2104.035,802.1,2066.0,2523,12,73,10852.6
2104.164,802.1,2066.0,2523,12,73,10837.6
2104.29,802.1,2066.0,2523,12,73,10871.5
2104.414,802.1,2066.0,2523,12,73,10902.8
2104.544,802.1,2066.0,2523,11,73,10965.2
2104.673,802.1,2066.0,2523,12,73,11042.5
2104.801,802.1,2066.0,2523,11,73,11095.9
2104.93,802.1,2066.0,2523,11,73,11009.5
2105.062,802.1,2066.0,2523,11,73,10991.9
2105.191,802.1,2066.0,2523,12,73,11084.4
2105.32,802.1,2066.0,2523,11,73,11092.5
2105.46,802.1,2066.0,2523,12,73,11136.8
2105.62,802.1,2066.0,2523,12,73,11161.4
2105.754,802.1,2066.0,2523,12,73,11241.9
2105.888,802.1,2066.0,2523,11,73,11283.2
2106.029,802.1,2066.0,2523,11,73,11326.5
2106.167,802.1,2066.0,2523,13,73,11377.0
2106.296,802.1,2066.0,2523,13,73,11423.2
2106.423,802.1,2066.0,2523,11,73,11500.7
2106.552,802.1,2066.0,2523,11,73,11557.9
2106.681,802.1,2066.0,2523,12,73,11607.5
2106.81,802.1,2066.0,2523,12,73,11649.7
2106.937,802.1,2066.0,2523,12,73,11710.4
2107.067,802.1,2066.0,2523,13,73,11792.9
2107.194,802.1,2066.0,2523,12,73,12170.9
2107.341,802.1,2066.0,2523,13,73,12171.2
2107.475,802.1,2066.0,2523,12,73,11598.6
2107.615,802.1,2066.0,2523,12,73,11597.6
2107.745,802.1,2066.0,2523,12,73,11597.6
2107.874,802.1,2066.0,2523,10,73,11597.6
2108.001,802.1,2066.0,2523,10,73,11597.6
2108.131,802.1,2066.0,2523,10,73,11597.6
2108.262,802.1,2066.0,2523,12,73,11597.6
2108.395,802.1,2066.0,2523,11,73,11597.6
2108.523,802.1,2066.0,2523,10,73,11597.6
2108.657,802.1,2066.0,2523,12,73,11597.6
2108.788,802.1,2066.0,2523,12,73,11597.6
2108.922,802.1,2066.0,2523,13,73,11597.6
2109.053,802.1,2066.0,2523,12,73,11597.6
2109.183,802.1,2066.0,2523,14,73,11597.6
2109.314,802.1,2066.0,2523,12,73,11597.6
2109.443,802.1,2066.0,2523,12,73,11597.6
2109.573,802.1,2066.0,2523,11,73,11597.6
2109.702,802.1,2066.0,2523,12,73,11597.6
2109.832,1122.7,2066.0,2523,33,73,11362.6
2109.952,832.2,2106.0,2563,33,74,11367.0
2110.073,832.2,2106.0,2563,99,75,11367.0
2110.193,832.2,2106.0,2563,100,78,11367.0
2110.314,832.2,2106.0,2563,100,78,11367.0
2110.437,1122.7,2106.0,2563,100,75,11367.0
2110.559,826.6,2106.0,2563,97,77,11367.4
2110.679,826.6,2106.0,2563,100,78,11367.4
2110.799,826.6,2106.0,2563,100,80,11367.4
2110.918,826.6,2106.0,2563,100,78,11367.4
2111.038,1246.6,2106.0,2563,99,75,11367.5
2111.159,821.0,2106.0,2563,99,78,11367.6
2111.278,821.0,2106.0,2563,99,79,11367.6
2111.398,821.0,2106.0,2563,100,80,11367.6
2111.517,821.0,2106.0,2563,100,77,11367.6
2111.636,815.5,2106.0,2563,100,77,11367.9
2111.755,815.5,2106.0,2563,98,78,11367.9
2111.875,815.5,2106.0,2563,100,79,11367.9
2111.995,815.5,2106.0,2563,100,80,11367.9
2112.115,815.5,2106.0,2563,100,77,11367.9
2112.235,1106.0,2106.0,2563,84,75,11376.0
2112.355,809.9,2106.0,2563,58,77,11379.3
2112.475,809.9,2106.0,2563,58,78,11379.3
2112.596,809.9,2106.0,2563,100,80,11379.3
2112.743,809.9,2106.0,2563,100,76,11379.3
2112.866,809.9,2106.0,2563,100,75,11379.3
2112.99,970.9,2106.0,2563,100,74,11386.8
2113.114,840.3,2106.0,2563,69,75,11396.9
2113.233,804.3,2106.0,2563,65,78,11396.9
2113.353,804.3,2106.0,2563,100,79,11396.9
2113.473,804.3,2106.0,2563,100,80,11396.9
2113.593,804.3,2106.0,2563,100,77,11396.9
2113.713,1094.8,2106.0,2563,75,76,11409.5
2113.833,798.7,2106.0,2563,75,76,11416.5
2113.953,798.7,2106.0,2563,57,79,11416.5
2114.072,798.7,2106.0,2563,100,80,11416.5
2114.191,798.7,2106.0,2563,100,81,11416.5
2114.32,798.7,2106.0,2563,100,78,11418.3
2114.439,1089.2,2106.0,2563,79,75,11433.2
2114.557,793.1,2106.0,2563,26,76,11418.6
2114.676,793.1,2106.0,2563,98,78,11418.6
2114.798,793.1,2106.0,2563,98,80,11418.6
2114.928,793.1,2106.0,2563,100,80,11351.9
2115.061,793.1,2106.0,2563,100,77,11265.0
2115.199,1083.7,2106.0,2563,46,75,11068.2
2115.348,1213.2,2106.0,2563,24,75,10765.1
2115.48,787.6,2106.0,2563,24,78,10761.4
2115.62,787.6,2106.0,2563,92,79,10699.8
2115.768,787.6,2106.0,2563,100,81,10574.2
2115.915,787.6,2106.0,2563,100,77,10547.5
2116.053,1078.1,2106.0,2563,45,75,10546.1
2116.19,1078.1,2106.0,2563,21,75,10532.6
2116.34,1207.6,2106.0,2563,17,75,10528.0
2116.494,782.0,2106.0,2563,17,78,10518.6
2116.645,782.0,2106.0,2563,73,79,10234.5
2116.796,782.0,2106.0,2563,100,81,10131.7
2116.938,782.0,2106.0,2563,100,78,10132.8
2117.065,1072.5,2106.0,2563,62,76,10144.5
2117.19,990.1,2106.0,2563,46,76,10151.8
2117.317,776.4,2106.0,2563,46,79,10151.8
2117.441,776.4,2106.0,2563,100,80,10151.8
2117.564,776.4,2106.0,2563,100,81,10151.8
2117.692,776.4,2106.0,2563,95,78,10152.4
2117.82,937.4,2106.0,2563,95,76,10166.6
2117.945,1196.4,2106.0,2563,30,76,10177.2
2118.072,770.8,2106.0,2563,57,78,10175.6
2118.2,770.8,2106.0,2563,100,79,10168.8
2118.344,770.8,2106.0,2563,100,81,10163.0
2118.483,770.8,2106.0,2563,100,79,10157.2
2118.618,931.8,2106.0,2563,84,76,10162.7
2118.746,1190.8,2106.0,2563,27,76,10165.4
2118.878,765.3,2106.0,2563,100,80,10153.4
2119.191,765.3,2106.0,2563,100,80,10147.2
2119.346,926.3,2106.0,2563,100,76,10140.1
2119.481,1185.3,2106.0,2563,59,76,10137.2
2119.613,759.7,2106.0,2563,36,79,10135.8
2119.739,759.7,2106.0,2563,100,79,10126.9
2119.909,759.7,2106.0,2563,100,81,10120.4
2120.036,759.7,2106.0,2563,100,79,10113.9
2120.165,1050.2,2106.0,2563,100,76,10134.2
2120.291,754.1,2106.0,2563,32,78,10133.1
2120.416,754.1,2106.0,2563,90,80,10127.6
2120.541,754.1,2106.0,2563,100,81,10122.6
2120.665,754.1,2106.0,2563,100,82,10116.8
2120.793,915.1,2106.0,2563,100,77,10136.2
2120.919,1174.1,2106.0,2563,44,76,10169.9
2121.047,748.5,2106.0,2563,56,78,10185.3
2121.171,748.5,2106.0,2563,56,80,10178.4
2121.296,748.5,2106.0,2563,100,82,10171.1
2121.421,748.5,2106.0,2563,100,80,10164.0
2121.547,780.0,2106.0,2563,74,77,10203.4
2121.675,909.5,2106.0,2563,74,76,10295.4
2121.802,1039.0,2106.0,2563,20,76,10384.7
2121.928,1201.4,2106.0,2563,19,76,10451.6
2122.05,742.9,2106.0,2563,85,79,10445.7
2122.178,742.9,2106.0,2563,85,81,10440.4
2122.303,742.9,2106.0,2563,100,81,10435.4
2122.427,742.9,2106.0,2563,100,78,10432.9
2122.557,774.5,2106.0,2563,40,76,10455.5
2122.696,904.0,2106.0,2563,40,76,10466.6
2122.828,904.0,2106.0,2563,16,76,10473.5
2122.959,904.0,2106.0,2563,13,76,10479.7
2123.09,904.0,2106.0,2563,14,76,10476.6
2123.22,904.0,2106.0,2563,10,75,10469.9
2123.349,904.0,2106.0,2563,10,75,10466.0
2123.479,904.0,2106.0,2563,9,75,10461.3
2123.615,904.0,2106.0,2563,9,75,10459.4
2123.751,904.0,2106.0,2563,10,75,10455.9
2123.882,904.0,2106.0,2563,9,75,10453.2
2124.01,1033.5,2106.0,2563,9,75,10450.3
2124.139,1033.5,2106.0,2563,9,75,10447.5
2124.268,1033.5,2106.0,2563,11,75,10445.0
2124.397,1033.5,2106.0,2563,10,75,10443.2
2124.525,1033.5,2106.0,2563,10,75,10439.6
2124.654,1033.5,2106.0,2563,10,75,10433.1
2124.784,1033.5,2106.0,2563,10,75,10436.0
2124.914,1163.0,2106.0,2563,13,75,10471.7
2125.041,1163.0,2106.0,2563,13,75,10495.5
2125.171,1163.0,2106.0,2563,12,75,10513.7
2125.297,1163.0,2106.0,2563,12,75,10532.4
2125.429,737.4,2106.0,2563,19,77,10547.4
2125.555,737.4,2106.0,2563,100,79,10539.6
2125.683,737.4,2106.0,2563,100,81,10532.3
2125.813,737.4,2106.0,2563,100,82,10524.3
2125.942,737.4,2106.0,2563,100,77,10540.9
2126.07,898.4,2106.0,2563,20,76,10631.1
2126.217,898.4,2106.0,2563,20,76,10645.0
2126.346,1027.9,2106.0,2563,7,76,10708.0
2126.729,1027.9,2106.0,2563,7,75,10728.5
2127.048,1157.4,2106.0,2563,12,75,10768.0
2127.202,1157.4,2106.0,2563,12,75,10818.4
2127.347,731.8,2106.0,2563,29,79,10812.7
2127.472,731.8,2106.0,2563,100,81,10805.0
2127.595,731.8,2106.0,2563,100,81,10798.6
2127.723,731.8,2106.0,2563,100,78,10800.5
2127.854,892.8,2106.0,2563,96,76,10889.4
2128.0,892.8,2106.0,2563,20,76,10955.5
2128.151,1022.3,2106.0,2563,16,76,10991.0
2128.298,1022.3,2106.0,2563,13,76,11068.1
2128.434,1151.8,2106.0,2563,14,75,11121.7
2128.569,726.2,2106.0,2563,52,78,11137.1
2128.722,726.2,2106.0,2563,100,81,11119.1
2128.91,726.2,2106.0,2563,100,80,11105.8
2129.069,726.2,2106.0,2563,65,77,11127.3
2129.215,887.2,2106.0,2563,12,76,11133.9
2129.387,887.2,2106.0,2563,10,76,11138.1
2129.564,887.2,2106.0,2563,10,76,11140.6
2129.723,1016.7,2106.0,2563,11,75,11158.5
2129.888,1016.7,2106.0,2563,12,75,11172.4
2130.051,1146.2,2106.0,2563,5,75,11114.8
2130.512,1146.2,2106.0,2563,6,75,11007.0
2131.105,1146.2,2106.0,2563,6,75,10941.3
2131.55,720.6,2106.0,2563,100,78,10844.4
2132.038,720.6,2106.0,2563,5,75,10711.8
2132.696,752.1,2106.0,2563,3,75,10600.7
2133.373,881.6,2106.0,2563,6,75,10481.7
2134.015,881.6,2106.0,2563,5,75,10414.1
2134.597,881.6,2106.0,2563,7,75,10347.6
2135.053,1011.1,2106.0,2563,6,75,10235.9
2135.182,1140.6,2106.0,2563,16,75,9984.2
2135.309,1140.6,2106.0,2563,14,75,9988.5
2135.44,1140.6,2106.0,2563,11,75,9991.4
2135.568,1140.6,2106.0,2563,11,75,9989.7
2135.693,1140.6,2106.0,2563,14,75,9986.1
2135.821,1140.6,2106.0,2563,12,75,9985.8
2135.952,1140.6,2106.0,2563,15,75,9982.6
2136.082,1140.6,2106.0,2563,15,75,9980.5
2136.222,1140.6,2106.0,2563,13,75,9978.6
2136.353,715.1,2106.0,2563,22,78,9974.2
2136.479,715.1,2106.0,2563,100,79,9969.5
2136.605,715.1,2106.0,2563,100,81,9964.5
2136.731,715.1,2106.0,2563,100,78,9957.7
2136.858,715.1,2106.0,2563,100,76,9954.4
2136.984,715.1,2106.0,2563,10,75,9953.0
2137.109,715.1,2106.0,2563,10,75,9950.6
2137.246,746.6,2106.0,2563,10,75,9953.3
2137.375,746.6,2106.0,2563,12,75,9956.8
2137.499,746.6,2106.0,2563,1,75,9953.5
2137.627,876.1,2106.0,2563,2,75,9951.3
2137.756,876.1,2106.0,2563,2,75,9957.2
2137.888,876.1,2106.0,2563,2,75,10042.2
2138.02,1005.6,2106.0,2563,9,75,10118.2
2138.181,1135.1,2106.0,2563,3,75,10144.7
2138.466,1135.1,2106.0,2563,1,75,10161.3
2138.789,709.5,2106.0,2563,51,78,10176.8
2138.97,709.5,2106.0,2563,100,80,10170.2
2139.104,709.5,2106.0,2563,100,79,10160.9
2139.256,709.5,2106.0,2563,39,75,10178.0
2139.476,870.5,2106.0,2558,3,75,10225.9
2139.633,870.5,2106.0,2558,9,75,10269.0
2139.809,1000.0,2106.0,2561,11,75,10318.8
2139.961,1000.0,2106.0,2561,6,75,10409.7
2140.246,1129.5,2106.0,2561,1,74,10358.5
2140.76,1129.5,2106.0,2561,23,79,10218.6
2140.988,703.9,2106.0,2561,100,80,9740.5
2141.131,703.9,2106.0,2561,100,81,9740.5
2141.258,703.9,2106.0,2561,100,78,9764.1
2141.385,864.9,2106.0,2561,72,76,9807.1
2141.517,994.4,2106.0,2561,17,75,9743.3
2141.666,994.4,2106.0,2561,14,75,9753.4
2141.798,994.4,2106.0,2561,8,75,9756.7
2141.941,994.4,2106.0,2562,8,75,9755.4
2142.103,994.4,2106.0,2567,3,75,9752.0
2142.238,1123.9,2106.0,2560,8,75,9768.4
2142.376,1123.9,2106.0,2560,3,75,9745.2
2142.513,1123.9,2106.0,2560,7,75,9710.6
2142.641,1123.9,2106.0,2560,13,75,9625.7
2142.779,698.3,2106.0,2560,74,78,9580.0
2142.928,698.3,2106.0,2560,74,80,9421.4
2143.053,698.3,2106.0,2560,100,80,9421.4
2143.182,698.3,2106.0,2560,100,77,9450.7
2143.312,859.3,2106.0,2560,14,75,9516.8
2143.438,988.8,2106.0,2560,14,75,9420.3
2143.57,1118.3,2106.0,2560,6,75,9306.8
2143.699,1071.0,2106.0,2560,9,76,9215.0
2143.828,692.7,2106.0,2560,85,79,9215.0
2143.953,692.7,2106.0,2560,85,82,9215.0
2144.077,692.7,2106.0,2560,100,79,9215.0
2144.198,724.2,2106.0,2560,91,76,9165.1
2144.321,853.7,2106.0,2560,8,75,9006.3
2144.452,983.2,2106.0,2560,8,75,8867.8
2144.589,983.2,2106.0,2560,6,75,8671.2
2144.729,1112.7,2106.0,2560,6,75,8477.0
2144.858,1112.7,2106.0,2560,7,75,8381.4
2144.998,687.2,2106.0,2560,50,79,8375.3
2145.133,687.2,2106.0,2560,100,80,8347.9
2145.272,687.2,2106.0,2560,100,80,8347.9
2145.403,687.2,2106.0,2560,100,76,8345.2
2145.536,848.2,2106.0,2560,32,75,8312.5
2145.667,848.2,2106.0,2560,7,75,8213.5
2145.814,977.7,2106.0,2560,3,75,8131.5
2145.965,977.7,2106.0,2560,3,75,8091.3
2146.114,977.7,2106.0,2560,3,75,8070.6
2146.251,1107.2,2106.0,2560,5,75,8006.7
2146.39,1107.2,2106.0,2560,3,75,7963.8
2146.521,1107.2,2106.0,2560,5,75,7875.8
2146.66,659.9,2106.0,2567,74,79,7840.7
2146.794,659.9,2106.0,2565,100,81,7800.6
2146.963,659.9,2106.0,2565,100,77,7800.6
2147.093,637.4,2106.0,2565,100,76,7802.2
2147.223,637.4,2106.0,2565,5,75,7802.4
2147.363,637.4,2106.0,2569,8,75,7763.3
2147.499,636.2,2106.0,2569,22,75,7777.7
2147.633,954.3,2106.0,2569,22,75,7794.4
2147.765,669.6,2106.0,2569,48,78,7794.4
2147.894,669.6,2106.0,2569,100,80,7794.4
2148.024,675.5,2106.0,2569,89,78,7808.9
2148.154,675.5,2106.0,2569,99,79,7808.9
2148.284,675.5,2106.0,2569,99,79,7811.6
2148.429,681.4,2106.0,2569,85,78,7816.9
2148.561,681.4,2106.0,2569,91,79,7816.9
2148.692,842.4,2106.0,2569,99,77,7833.9
2148.848,687.3,2106.0,2569,85,79,7834.1
2148.979,687.3,2106.0,2569,85,79,7834.1
2149.107,977.8,2106.0,2569,100,77,7857.5
2149.24,693.2,2106.0,2569,85,79,7857.5
2149.37,693.2,2106.0,2569,100,79,7857.5
2149.497,1113.2,2106.0,2569,87,77,7859.5
2149.624,699.0,2106.0,2569,87,79,7860.0
2149.753,699.0,2106.0,2569,99,81,7860.0
2149.88,860.1,2106.0,2569,79,77,7883.1
2150.012,860.1,2106.0,2569,18,76,7910.3
2150.136,989.6,2106.0,2573,18,76,7846.9
2150.266,1119.1,2106.0,2580,19,75,7829.4
2150.397,704.9,2106.0,2570,35,78,7798.5
2150.524,704.9,2106.0,2570,100,79,7772.9
2150.652,704.9,2106.0,2570,100,77,7786.1
2150.781,865.9,2106.0,2570,65,76,7777.4
2150.91,865.9,2106.0,2570,14,75,7804.0
2151.038,995.4,2106.0,2570,15,75,7794.3
2151.166,1124.9,2106.0,2570,18,75,7783.5
2151.291,710.8,2106.0,2570,18,77,7784.6
2151.419,710.8,2106.0,2570,61,79,7741.9
2151.557,742.3,2106.0,2570,100,78,7752.9
2151.694,871.8,2106.0,2570,27,76,7690.0
2151.832,1001.3,2106.0,2570,16,76,7705.0
2151.962,1130.8,2106.0,2570,16,75,7641.1
2152.093,716.7,2106.0,2570,17,78,7648.6
2152.222,716.7,2106.0,2570,97,79,7596.4
2152.354,720.2,2106.0,2570,77,78,7579.9
2152.488,877.7,2106.0,2570,77,76,7618.3
