layer,proj,idx,sigma,m_sigma,ratio
0,q_proj,0,22.890625,22.832218,0.997448
0,q_proj,4,8.296875,8.276604,0.997557
0,q_proj,8,5.824219,5.810206,0.997594
0,q_proj,12,4.582031,4.571123,0.997619
0,q_proj,16,3.972656,3.963258,0.997634
0,q_proj,20,3.65625,3.647632,0.997643
0,q_proj,24,3.376953,3.369022,0.997651
0,q_proj,28,3.222656,3.215103,0.997656
0,q_proj,32,3.021484,3.014423,0.997663
0,q_proj,36,2.916016,2.909211,0.997667
0,q_proj,40,2.849609,2.842967,0.997669
0,q_proj,44,2.767578,2.761135,0.997672
0,q_proj,48,2.728516,2.722168,0.997673
0,q_proj,52,2.667969,2.661768,0.997676
0,q_proj,56,2.628906,2.6228,0.997677
0,q_proj,60,2.591797,2.585781,0.997679
0,q_proj,64,2.566406,2.560452,0.99768
0,q_proj,68,2.529297,2.523432,0.997681
0,q_proj,72,2.503906,2.498103,0.997682
0,q_proj,76,2.46875,2.463032,0.997684
0,q_proj,80,2.449219,2.443548,0.997685
0,q_proj,84,2.410156,2.40458,0.997686
0,q_proj,88,2.386719,2.381199,0.997687
0,q_proj,92,2.357422,2.351973,0.997689
0,q_proj,96,2.324219,2.31885,0.99769
0,q_proj,100,2.294922,2.289624,0.997691
0,q_proj,104,2.259766,2.254552,0.997693
0,q_proj,108,2.234375,2.229223,0.997694
0,q_proj,112,2.199219,2.194151,0.997696
0,q_proj,116,2.169922,2.164925,0.997697
0,q_proj,120,2.138672,2.13375,0.997699
0,q_proj,124,2.115234,2.110369,0.9977
0,k_proj,0,4.175781,4.175466,0.999925
0,k_proj,4,2.875,2.874575,0.999852
0,k_proj,8,2.638672,2.638238,0.999835
0,k_proj,12,2.572266,2.57183,0.999831
0,k_proj,16,2.488281,2.487844,0.999824
0,k_proj,20,2.455078,2.45464,0.999822
0,k_proj,24,2.423828,2.423389,0.999819
0,k_proj,28,2.386719,2.38628,0.999816
0,k_proj,32,2.373047,2.372608,0.999815
0,k_proj,36,2.34375,2.343311,0.999813
0,k_proj,40,2.328125,2.327686,0.999811
0,k_proj,44,2.298828,2.298388,0.999809
0,k_proj,48,2.28125,2.28081,0.999807
0,k_proj,52,2.259766,2.259326,0.999805
0,k_proj,56,2.238281,2.237842,0.999804
0,k_proj,60,2.226562,2.226123,0.999803
0,k_proj,64,2.207031,2.206592,0.999801
0,k_proj,68,2.185547,2.185107,0.999799
0,k_proj,72,2.158203,2.157764,0.999797
0,k_proj,76,2.138672,2.138233,0.999795
0,k_proj,80,2.105469,2.10503,0.999792
0,k_proj,84,2.076172,2.075734,0.999789
0,k_proj,88,2.042969,2.042531,0.999786
0,k_proj,92,1.999023,1.998587,0.999782
0,k_proj,96,1.958008,1.957572,0.999778
0,k_proj,100,1.914062,1.913629,0.999773
0,k_proj,104,1.869141,1.868708,0.999769
0,k_proj,108,1.820312,1.819882,0.999764
0,k_proj,112,1.78125,1.780821,0.999759
0,k_proj,116,1.750977,1.750549,0.999756
0,k_proj,120,1.724609,1.724184,0.999753
0,k_proj,124,1.710938,1.710513,0.999752
0,v_proj,0,1.24707,1.243655,0.997261
0,v_proj,4,0.82373,0.821572,0.997379
0,v_proj,8,0.696777,0.694985,0.997427
0,v_proj,12,0.658203,0.65652,0.997443
0,v_proj,16,0.650391,0.64873,0.997447
0,v_proj,20,0.644531,0.642887,0.997449
0,v_proj,24,0.639648,0.638018,0.997452
0,v_proj,28,0.635254,0.633636,0.997454
0,v_proj,32,0.631348,0.629741,0.997455
0,v_proj,36,0.627441,0.625846,0.997457
0,v_proj,40,0.623535,0.621951,0.997459
0,v_proj,44,0.619629,0.618055,0.997461
0,v_proj,48,0.615723,0.61416,0.997462
0,v_proj,52,0.612793,0.611239,0.997464
0,v_proj,56,0.60791,0.60637,0.997466
0,v_proj,60,0.603516,0.601988,0.997468
0,v_proj,64,0.600586,0.599066,0.99747
0,v_proj,68,0.596191,0.594684,0.997472
0,v_proj,72,0.59082,0.589328,0.997474
0,v_proj,76,0.587402,0.58592,0.997476
0,v_proj,80,0.583496,0.582024,0.997478
0,v_proj,84,0.57959,0.578129,0.99748
0,v_proj,88,0.57666,0.575208,0.997481
0,v_proj,92,0.572266,0.570825,0.997483
0,v_proj,96,0.567383,0.565956,0.997486
0,v_proj,100,0.562012,0.5606,0.997489
0,v_proj,104,0.557617,0.556218,0.997491
0,v_proj,108,0.552734,0.551349,0.997493
0,v_proj,112,0.548828,0.547454,0.997495
0,v_proj,116,0.542969,0.54161,0.997498
0,v_proj,120,0.537109,0.535767,0.997502
0,v_proj,124,0.533691,0.532359,0.997503
0,o_proj,0,5.992188,5.960797,0.994761
0,o_proj,4,3.150391,3.134604,0.994989
0,o_proj,8,2.304688,2.293391,0.995099
0,o_proj,12,1.967773,1.958237,0.995154
0,o_proj,16,1.761719,1.753249,0.995192
0,o_proj,20,1.685547,1.677469,0.995208
0,o_proj,24,1.599609,1.591973,0.995226
0,o_proj,28,1.535156,1.527849,0.99524
0,o_proj,32,1.500977,1.493844,0.995248
0,o_proj,36,1.467773,1.46081,0.995256
0,o_proj,40,1.444336,1.437492,0.995261
0,o_proj,44,1.419922,1.413202,0.995267
0,o_proj,48,1.404297,1.397656,0.995271
0,o_proj,52,1.379883,1.373366,0.995277
0,o_proj,56,1.368164,1.361706,0.99528
0,o_proj,60,1.348633,1.342274,0.995285
0,o_proj,64,1.338867,1.332558,0.995288
0,o_proj,68,1.326172,1.319927,0.995291
0,o_proj,72,1.314453,1.308267,0.995294
0,o_proj,76,1.306641,1.300494,0.995296
0,o_proj,80,1.295898,1.289806,0.995299
0,o_proj,84,1.286133,1.28009,0.995301
0,o_proj,88,1.276367,1.270373,0.995304
0,o_proj,92,1.266602,1.260657,0.995307
0,o_proj,96,1.259766,1.253855,0.995309
0,o_proj,100,1.250977,1.245111,0.995311
0,o_proj,104,1.244141,1.238309,0.995313
0,o_proj,108,1.236328,1.230536,0.995315
0,o_proj,112,1.225586,1.219848,0.995318
0,o_proj,116,1.21875,1.213046,0.99532
0,o_proj,120,1.208008,1.202358,0.995323
0,o_proj,124,1.200195,1.194585,0.995325
1,q_proj,0,10.46875,10.438471,0.997108
1,q_proj,4,6.605469,6.586648,0.997151
1,q_proj,8,5.5,5.484422,0.997168
1,q_proj,12,4.859375,4.845667,0.997179
1,q_proj,16,4.640625,4.627554,0.997183
1,q_proj,20,4.285156,4.273118,0.997191
1,q_proj,24,4.042969,4.031632,0.997196
1,q_proj,28,3.804688,3.794041,0.997202
1,q_proj,32,3.712891,3.702509,0.997204
1,q_proj,36,3.558594,3.548657,0.997208
1,q_proj,40,3.449219,3.439598,0.997211
1,q_proj,44,3.361328,3.35196,0.997213
1,q_proj,48,3.257812,3.248742,0.997216
1,q_proj,52,3.162109,3.153314,0.997219
1,q_proj,56,3.085938,3.077361,0.997221
1,q_proj,60,3.0,2.99167,0.997223
1,q_proj,64,2.925781,2.917664,0.997226
1,q_proj,68,2.863281,2.855343,0.997228
1,q_proj,72,2.816406,2.808602,0.997229
1,q_proj,76,2.744141,2.736543,0.997231
1,q_proj,80,2.6875,2.680065,0.997233
1,q_proj,84,2.632812,2.625533,0.997235
1,q_proj,88,2.574219,2.567107,0.997237
1,q_proj,92,2.523438,2.51647,0.997239
1,q_proj,96,2.476562,2.469729,0.997241
1,q_proj,100,2.425781,2.419093,0.997243
1,q_proj,104,2.382812,2.376246,0.997244
1,q_proj,108,2.316406,2.310029,0.997247
1,q_proj,112,2.275391,2.26913,0.997248
1,q_proj,116,2.21875,2.21265,0.997251
1,q_proj,120,2.167969,2.162013,0.997253
1,q_proj,124,2.134766,2.128904,0.997254
1,k_proj,0,4.707031,4.722784,1.003347
1,k_proj,4,3.84375,3.856488,1.003314
1,k_proj,8,3.541016,3.552703,1.003301
1,k_proj,12,3.230469,3.241084,1.003286
1,k_proj,16,3.083984,3.094095,1.003278
1,k_proj,20,2.882812,2.892232,1.003267
1,k_proj,24,2.794922,2.80404,1.003262
1,k_proj,28,2.685547,2.694291,1.003256
1,k_proj,32,2.550781,2.559066,1.003248
1,k_proj,36,2.494141,2.502232,1.003244
1,k_proj,40,2.410156,2.417962,1.003239
1,k_proj,44,2.300781,2.308215,1.003231
1,k_proj,48,2.210938,2.218067,1.003225
1,k_proj,52,2.164062,2.171034,1.003221
1,k_proj,56,2.121094,2.12792,1.003218
1,k_proj,60,2.064453,2.071088,1.003214
1,k_proj,64,2.0,2.006417,1.003209
1,k_proj,68,1.941406,1.947626,1.003204
1,k_proj,72,1.889648,1.895694,1.0032
1,k_proj,76,1.852539,1.858461,1.003196
1,k_proj,80,1.813477,1.819267,1.003193
1,k_proj,84,1.767578,1.773215,1.003189
1,k_proj,88,1.724609,1.730102,1.003185
1,k_proj,92,1.68457,1.689929,1.003181
1,k_proj,96,1.658203,1.663474,1.003179
1,k_proj,100,1.615234,1.620362,1.003174
1,k_proj,104,1.578125,1.583129,1.003171
1,k_proj,108,1.53418,1.539037,1.003166
1,k_proj,112,1.478516,1.483188,1.00316
1,k_proj,116,1.442383,1.446935,1.003156
1,k_proj,120,1.40918,1.413622,1.003153
1,k_proj,124,1.376953,1.381289,1.003149
1,v_proj,0,1.456055,1.455447,0.999583
1,v_proj,4,1.200195,1.199685,0.999575
1,v_proj,8,1.166016,1.165518,0.999573
1,v_proj,12,1.147461,1.146971,0.999573
1,v_proj,16,1.130859,1.130376,0.999572
1,v_proj,20,1.120117,1.119638,0.999572
1,v_proj,24,1.107422,1.106947,0.999571
1,v_proj,28,1.09668,1.096209,0.999571
1,v_proj,32,1.082031,1.081566,0.99957
1,v_proj,36,1.072266,1.071805,0.99957
1,v_proj,40,1.05957,1.059114,0.999569
1,v_proj,44,1.051758,1.051305,0.999569
1,v_proj,48,1.041016,1.040567,0.999569
1,v_proj,52,1.032227,1.031781,0.999568
1,v_proj,56,1.023438,1.022995,0.999568
1,v_proj,60,1.014648,1.01421,0.999568
1,v_proj,64,1.006836,1.0064,0.999567
1,v_proj,68,0.996582,0.99615,0.999567
1,v_proj,72,0.989746,0.989317,0.999567
1,v_proj,76,0.981445,0.98102,0.999566
1,v_proj,80,0.973145,0.972722,0.999566
1,v_proj,84,0.964355,0.963936,0.999565
1,v_proj,88,0.957031,0.956615,0.999565
1,v_proj,92,0.948242,0.947829,0.999565
1,v_proj,96,0.938965,0.938556,0.999564
1,v_proj,100,0.929688,0.929282,0.999564
1,v_proj,104,0.921875,0.921473,0.999564
1,v_proj,108,0.914551,0.914151,0.999563
1,v_proj,112,0.902344,0.901949,0.999563
1,v_proj,116,0.891113,0.890723,0.999562
1,v_proj,120,0.882812,0.882426,0.999562
1,v_proj,124,0.869629,0.869247,0.999561
1,o_proj,0,3.714844,3.728831,1.003765
1,o_proj,4,3.15625,3.168015,1.003728
1,o_proj,8,2.941406,2.952323,1.003711
1,o_proj,12,2.832031,2.842517,1.003703
1,o_proj,16,2.753906,2.764085,1.003696
1,o_proj,20,2.644531,2.654281,1.003687
1,o_proj,24,2.552734,2.562125,1.003679
1,o_proj,28,2.496094,2.505263,1.003673
1,o_proj,32,2.433594,2.442519,1.003668
1,o_proj,36,2.365234,2.373894,1.003661
1,o_proj,40,2.314453,2.322915,1.003656
1,o_proj,44,2.257812,2.266054,1.00365
1,o_proj,48,2.21875,2.22684,1.003646
1,o_proj,52,2.173828,2.181745,1.003642
1,o_proj,56,2.132812,2.14057,1.003637
1,o_proj,60,2.103516,2.11116,1.003634
1,o_proj,64,2.066406,2.073907,1.00363
1,o_proj,68,2.027344,2.034694,1.003626
1,o_proj,72,2.001953,2.009206,1.003623
1,o_proj,76,1.97168,1.978816,1.003619
1,o_proj,80,1.948242,1.955288,1.003617
1,o_proj,84,1.917969,1.924898,1.003613
1,o_proj,88,1.890625,1.897449,1.00361
1,o_proj,92,1.876953,1.883725,1.003608
1,o_proj,96,1.850586,1.857257,1.003605
1,o_proj,100,1.827148,1.833729,1.003602
1,o_proj,104,1.807617,1.814123,1.003599
1,o_proj,108,1.782227,1.788635,1.003596
1,o_proj,112,1.764648,1.77099,1.003594
1,o_proj,116,1.741211,1.747463,1.003591
1,o_proj,120,1.714844,1.720995,1.003587
1,o_proj,124,1.697266,1.70335,1.003585
2,q_proj,0,5.542969,5.533733,0.998334
2,q_proj,4,4.480469,4.473017,0.998337
2,q_proj,8,3.992188,3.985555,0.998339
2,q_proj,12,3.779297,3.773021,0.998339
2,q_proj,16,3.548828,3.542938,0.99834
2,q_proj,20,3.376953,3.371351,0.998341
2,q_proj,24,3.296875,3.291407,0.998341
2,q_proj,28,3.212891,3.207563,0.998342
2,q_proj,32,3.119141,3.11397,0.998342
2,q_proj,36,3.052734,3.047674,0.998342
2,q_proj,40,2.998047,2.993078,0.998343
2,q_proj,44,2.9375,2.932633,0.998343
2,q_proj,48,2.859375,2.854638,0.998343
2,q_proj,52,2.810547,2.805892,0.998344
2,q_proj,56,2.769531,2.764945,0.998344
2,q_proj,60,2.722656,2.718148,0.998344
2,q_proj,64,2.699219,2.69475,0.998344
2,q_proj,68,2.644531,2.640153,0.998345
2,q_proj,72,2.607422,2.603106,0.998345
2,q_proj,76,2.568359,2.564109,0.998345
2,q_proj,80,2.544922,2.54071,0.998345
2,q_proj,84,2.503906,2.499763,0.998345
2,q_proj,88,2.46875,2.464666,0.998346
2,q_proj,92,2.4375,2.433468,0.998346
2,q_proj,96,2.396484,2.392521,0.998346
2,q_proj,100,2.373047,2.369122,0.998346
2,q_proj,104,2.339844,2.335974,0.998346
2,q_proj,108,2.3125,2.308676,0.998347
2,q_proj,112,2.287109,2.283328,0.998347
2,q_proj,116,2.25,2.246281,0.998347
2,q_proj,120,2.230469,2.226782,0.998347
2,q_proj,124,2.199219,2.195584,0.998347
2,k_proj,0,3.027344,3.016937,0.996562
2,k_proj,4,2.621094,2.612153,0.996589
2,k_proj,8,2.443359,2.435057,0.996602
2,k_proj,12,2.353516,2.345535,0.996609
2,k_proj,16,2.269531,2.26185,0.996616
2,k_proj,20,2.240234,2.232658,0.996618
2,k_proj,24,2.205078,2.197627,0.996621
2,k_proj,28,2.167969,2.16065,0.996624
2,k_proj,32,2.140625,2.133403,0.996626
2,k_proj,36,2.119141,2.111995,0.996628
2,k_proj,40,2.085938,2.07891,0.996631
2,k_proj,44,2.064453,2.057502,0.996633
2,k_proj,48,2.041016,2.034148,0.996635
2,k_proj,52,2.017578,2.010794,0.996637
2,k_proj,56,1.996094,1.989385,0.996639
2,k_proj,60,1.976562,1.969924,0.996641
2,k_proj,64,1.958984,1.952408,0.996643
2,k_proj,68,1.933594,1.927107,0.996645
2,k_proj,72,1.916016,1.909591,0.996647
2,k_proj,76,1.893555,1.88721,0.996649
2,k_proj,80,1.874023,1.867748,0.996651
2,k_proj,84,1.851562,1.845366,0.996653
2,k_proj,88,1.834961,1.828823,0.996655
2,k_proj,92,1.81543,1.809361,0.996657
2,k_proj,96,1.794922,1.788925,0.996659
2,k_proj,100,1.771484,1.76557,0.996662
2,k_proj,104,1.749023,1.743189,0.996664
2,k_proj,108,1.714844,1.709129,0.996668
2,k_proj,112,1.693359,1.68772,0.99667
2,k_proj,116,1.658203,1.652688,0.996674
2,k_proj,120,1.638672,1.633225,0.996676
2,k_proj,124,1.603516,1.598192,0.99668
2,v_proj,0,1.208008,1.205807,0.998179
2,v_proj,4,0.993164,0.991339,0.998163
2,v_proj,8,0.961914,0.960144,0.99816
2,v_proj,12,0.941406,0.939673,0.998158
2,v_proj,16,0.929199,0.927487,0.998157
2,v_proj,20,0.917969,0.916276,0.998156
2,v_proj,24,0.90332,0.901654,0.998155
2,v_proj,28,0.894531,0.89288,0.998154
2,v_proj,32,0.883789,0.882157,0.998153
2,v_proj,36,0.871582,0.869972,0.998152
2,v_proj,40,0.863281,0.861685,0.998151
2,v_proj,44,0.853516,0.851937,0.998151
2,v_proj,48,0.844238,0.842676,0.99815
2,v_proj,52,0.836426,0.834877,0.998149
2,v_proj,56,0.828125,0.826591,0.998148
2,v_proj,60,0.818848,0.81733,0.998147
2,v_proj,64,0.810059,0.808557,0.998146
2,v_proj,68,0.801758,0.800271,0.998146
2,v_proj,72,0.794434,0.79296,0.998145
2,v_proj,76,0.789062,0.787598,0.998144
2,v_proj,80,0.782715,0.781262,0.998144
2,v_proj,84,0.772949,0.771514,0.998143
2,v_proj,88,0.766602,0.765177,0.998142
2,v_proj,92,0.757324,0.755916,0.998141
2,v_proj,96,0.749023,0.74763,0.99814
2,v_proj,100,0.742676,0.741294,0.998139
2,v_proj,104,0.734375,0.733008,0.998139
2,v_proj,108,0.727051,0.725697,0.998138
2,v_proj,112,0.717285,0.715949,0.998137
2,v_proj,116,0.712402,0.711074,0.998136
2,v_proj,120,0.703125,0.701814,0.998135
2,v_proj,124,0.694336,0.69304,0.998134
2,o_proj,0,3.972656,3.975605,1.000742
2,o_proj,4,2.859375,2.861397,1.000707
2,o_proj,8,2.560547,2.562327,1.000695
2,o_proj,12,2.470703,2.472411,1.000691
2,o_proj,16,2.373047,2.374678,1.000687
2,o_proj,20,2.300781,2.302355,1.000684
2,o_proj,24,2.226562,2.228077,1.00068
2,o_proj,28,2.169922,2.171392,1.000678
2,o_proj,32,2.132812,2.134254,1.000676
2,o_proj,36,2.099609,2.101025,1.000674
2,o_proj,40,2.064453,2.065841,1.000672
2,o_proj,44,2.023438,2.024794,1.00067
2,o_proj,48,2.001953,2.003293,1.000669
2,o_proj,52,1.969727,1.971041,1.000667
2,o_proj,56,1.942383,1.943676,1.000666
2,o_proj,60,1.920898,1.922175,1.000665
2,o_proj,64,1.900391,1.901652,1.000664
2,o_proj,68,1.875,1.876242,1.000662
2,o_proj,72,1.851562,1.852786,1.000661
2,o_proj,76,1.828125,1.829331,1.00066
2,o_proj,80,1.803711,1.804898,1.000658
2,o_proj,84,1.786133,1.787306,1.000657
2,o_proj,88,1.769531,1.770692,1.000656
2,o_proj,92,1.748047,1.749192,1.000655
2,o_proj,96,1.736328,1.737464,1.000654
2,o_proj,100,1.710938,1.712054,1.000653
2,o_proj,104,1.692383,1.693485,1.000651
2,o_proj,108,1.675781,1.676871,1.00065
2,o_proj,112,1.655273,1.656348,1.000649
2,o_proj,116,1.640625,1.641688,1.000648
2,o_proj,120,1.618164,1.61921,1.000647
2,o_proj,124,1.591797,1.592824,1.000645
3,q_proj,0,7.394531,7.430368,1.004846
3,q_proj,4,4.882812,4.905789,1.004706
3,q_proj,8,4.332031,4.352238,1.004665
3,q_proj,12,3.998047,4.016586,1.004637
3,q_proj,16,3.808594,3.826191,1.00462
3,q_proj,20,3.597656,3.614209,1.004601
3,q_proj,24,3.464844,3.480741,1.004588
3,q_proj,28,3.363281,3.378678,1.004578
3,q_proj,32,3.246094,3.260915,1.004566
3,q_proj,36,3.164062,3.178482,1.004557
3,q_proj,40,3.068359,3.08231,1.004547
3,q_proj,44,3.011719,3.025392,1.00454
3,q_proj,48,2.935547,2.948849,1.004531
3,q_proj,52,2.888672,2.901745,1.004526
3,q_proj,56,2.832031,2.844829,1.004519
3,q_proj,60,2.792969,2.805577,1.004514
3,q_proj,64,2.722656,2.734923,1.004506
3,q_proj,68,2.691406,2.703522,1.004502
3,q_proj,72,2.650391,2.662307,1.004496
3,q_proj,76,2.613281,2.625018,1.004491
3,q_proj,80,2.576172,2.58773,1.004486
3,q_proj,84,2.544922,2.556329,1.004482
3,q_proj,88,2.507812,2.51904,1.004477
3,q_proj,92,2.474609,2.485677,1.004473
3,q_proj,96,2.441406,2.452314,1.004468
3,q_proj,100,2.414062,2.424839,1.004464
3,q_proj,104,2.384766,2.395401,1.00446
3,q_proj,108,2.355469,2.365964,1.004456
3,q_proj,112,2.324219,2.334564,1.004451
3,q_proj,116,2.291016,2.301202,1.004446
3,q_proj,120,2.259766,2.269802,1.004441
3,q_proj,124,2.230469,2.240365,1.004437
3,k_proj,0,3.685547,3.68535,0.999947
3,k_proj,4,2.939453,2.939265,0.999936
3,k_proj,8,2.740234,2.74005,0.999933
3,k_proj,12,2.554688,2.554507,0.999929
3,k_proj,16,2.505859,2.50568,0.999929
3,k_proj,20,2.433594,2.433417,0.999927
3,k_proj,24,2.363281,2.363106,0.999926
3,k_proj,28,2.300781,2.300608,0.999925
3,k_proj,32,2.25,2.249828,0.999923
3,k_proj,36,2.201172,2.201001,0.999922
3,k_proj,40,2.162109,2.16194,0.999922
3,k_proj,44,2.121094,2.120926,0.999921
3,k_proj,48,2.082031,2.081864,0.99992
3,k_proj,52,2.050781,2.050616,0.999919
3,k_proj,56,2.027344,2.027179,0.999919
3,k_proj,60,1.995117,1.994953,0.999918
3,k_proj,64,1.967773,1.967611,0.999917
3,k_proj,68,1.93457,1.934409,0.999916
3,k_proj,72,1.904297,1.904136,0.999916
3,k_proj,76,1.87793,1.87777,0.999915
3,k_proj,80,1.856445,1.856287,0.999915
3,k_proj,84,1.829102,1.828944,0.999914
3,k_proj,88,1.80957,1.809413,0.999913
3,k_proj,92,1.78125,1.781094,0.999913
3,k_proj,96,1.759766,1.759611,0.999912
3,k_proj,100,1.732422,1.732268,0.999911
3,k_proj,104,1.700195,1.700043,0.99991
3,k_proj,108,1.68457,1.684419,0.99991
3,k_proj,112,1.663086,1.662935,0.999909
3,k_proj,116,1.634766,1.634616,0.999909
3,k_proj,120,1.603516,1.603368,0.999908
3,k_proj,124,1.577148,1.577002,0.999907
3,v_proj,0,1.197266,1.202369,1.004263
3,v_proj,4,1.06543,1.06993,1.004224
3,v_proj,8,1.050781,1.055215,1.004219
3,v_proj,12,1.041016,1.045405,1.004216
3,v_proj,16,1.03125,1.035595,1.004213
3,v_proj,20,1.016602,1.02088,1.004208
3,v_proj,24,1.008789,1.013032,1.004206
3,v_proj,28,1.00293,1.007146,1.004204
3,v_proj,32,0.992188,0.996355,1.0042
3,v_proj,36,0.984375,0.988507,1.004198
3,v_proj,40,0.974609,0.978697,1.004194
3,v_proj,44,0.966309,0.970359,1.004191
3,v_proj,48,0.958008,0.96202,1.004188
3,v_proj,52,0.953125,0.957116,1.004187
3,v_proj,56,0.943848,0.947796,1.004184
3,v_proj,60,0.937012,0.940929,1.004181
3,v_proj,64,0.927734,0.93161,1.004178
3,v_proj,68,0.922363,0.926215,1.004176
3,v_proj,72,0.914062,0.917877,1.004173
3,v_proj,76,0.904785,0.908558,1.004169
3,v_proj,80,0.897461,0.9012,1.004167
3,v_proj,84,0.890137,0.893843,1.004164
3,v_proj,88,0.879395,0.883053,1.00416
3,v_proj,92,0.870117,0.873734,1.004156
3,v_proj,96,0.863281,0.866867,1.004154
3,v_proj,100,0.85498,0.858529,1.004151
3,v_proj,104,0.844727,0.848229,1.004147
3,v_proj,108,0.836914,0.840382,1.004143
3,v_proj,112,0.828613,0.832044,1.00414
3,v_proj,116,0.819824,0.823216,1.004137
3,v_proj,120,0.810059,0.813406,1.004133
3,v_proj,124,0.802246,0.805559,1.004129
3,o_proj,0,3.755859,3.76538,1.002535
3,o_proj,4,2.736328,2.743461,1.002607
3,o_proj,8,2.476562,2.483074,1.002629
3,o_proj,12,2.347656,2.353858,1.002641
3,o_proj,16,2.242188,2.248134,1.002652
3,o_proj,20,2.175781,2.181566,1.002659
3,o_proj,24,2.125,2.130661,1.002664
3,o_proj,28,2.085938,2.091504,1.002668
3,o_proj,32,2.050781,2.056262,1.002672
3,o_proj,36,2.021484,2.026893,1.002676
3,o_proj,40,1.983398,1.988714,1.00268
3,o_proj,44,1.963867,1.969135,1.002682
3,o_proj,48,1.936523,1.941724,1.002685
3,o_proj,52,1.918945,1.924102,1.002687
3,o_proj,56,1.895508,1.900607,1.00269
3,o_proj,60,1.874023,1.87907,1.002693
3,o_proj,64,1.853516,1.858511,1.002695
3,o_proj,68,1.833984,1.838932,1.002698
3,o_proj,72,1.80957,1.814458,1.002701
3,o_proj,76,1.789062,1.793899,1.002703
3,o_proj,80,1.772461,1.777256,1.002706
3,o_proj,84,1.753906,1.758656,1.002708
3,o_proj,88,1.738281,1.742992,1.00271
3,o_proj,92,1.719727,1.724391,1.002712
3,o_proj,96,1.706055,1.710685,1.002714
3,o_proj,100,1.6875,1.692084,1.002717
3,o_proj,104,1.676758,1.681315,1.002718
3,o_proj,108,1.662109,1.666631,1.00272
3,o_proj,112,1.644531,1.649009,1.002723
3,o_proj,116,1.630859,1.635303,1.002725
3,o_proj,120,1.613281,1.617681,1.002727
3,o_proj,124,1.598633,1.602996,1.002729
4,q_proj,0,6.628906,6.664657,1.005393
4,q_proj,4,4.339844,4.362537,1.005229
4,q_proj,8,3.900391,3.920624,1.005188
4,q_proj,12,3.595703,3.614242,1.005156
4,q_proj,16,3.458984,3.476767,1.005141
4,q_proj,20,3.304688,3.321618,1.005123
4,q_proj,24,3.210938,3.227352,1.005112
4,q_proj,28,3.119141,3.13505,1.005101
4,q_proj,32,3.039062,3.054532,1.00509
4,q_proj,36,2.988281,3.003473,1.005084
4,q_proj,40,2.925781,2.940631,1.005075
4,q_proj,44,2.875,2.889572,1.005069
4,q_proj,48,2.828125,2.842442,1.005062
4,q_proj,52,2.785156,2.799239,1.005056
4,q_proj,56,2.734375,2.748181,1.005049
4,q_proj,60,2.695312,2.708906,1.005044
4,q_proj,64,2.664062,2.677487,1.005039
4,q_proj,68,2.623047,2.636248,1.005033
4,q_proj,72,2.582031,2.595011,1.005027
4,q_proj,76,2.556641,2.569482,1.005023
4,q_proj,80,2.527344,2.540027,1.005018
4,q_proj,84,2.496094,2.508608,1.005013
4,q_proj,88,2.46875,2.481117,1.005009
4,q_proj,92,2.433594,2.44577,1.005004
4,q_proj,96,2.410156,2.422207,1.005
4,q_proj,100,2.375,2.386861,1.004994
4,q_proj,104,2.34375,2.355443,1.004989
4,q_proj,108,2.316406,2.327952,1.004984
4,q_proj,112,2.285156,2.296534,1.004979
4,q_proj,116,2.253906,2.265116,1.004973
4,q_proj,120,2.228516,2.239589,1.004969
4,q_proj,124,2.203125,2.214063,1.004965
4,k_proj,0,3.357422,3.342585,0.995581
4,k_proj,4,2.580078,2.568855,0.99565
4,k_proj,8,2.4375,2.426934,0.995665
4,k_proj,12,2.380859,2.370553,0.995671
4,k_proj,16,2.292969,2.283066,0.995681
4,k_proj,20,2.25,2.240294,0.995686
4,k_proj,24,2.1875,2.17808,0.995694
4,k_proj,28,2.154297,2.145029,0.995698
4,k_proj,32,2.101562,2.092535,0.995704
4,k_proj,36,2.076172,2.06726,0.995708
4,k_proj,40,2.033203,2.024487,0.995713
4,k_proj,44,2.001953,1.993379,0.995717
4,k_proj,48,1.964844,1.956439,0.995722
4,k_proj,52,1.9375,1.929219,0.995726
4,k_proj,56,1.90918,1.901027,0.99573
4,k_proj,60,1.886719,1.878668,0.995733
4,k_proj,64,1.856445,1.848532,0.995737
4,k_proj,68,1.818359,1.810618,0.995743
4,k_proj,72,1.786133,1.778537,0.995747
4,k_proj,76,1.765625,1.758122,0.995751
4,k_proj,80,1.740234,1.732846,0.995754
4,k_proj,84,1.711914,1.704653,0.995759
4,k_proj,88,1.682617,1.675488,0.995763
4,k_proj,92,1.661133,1.654101,0.995767
4,k_proj,96,1.638672,1.631741,0.99577
4,k_proj,100,1.607422,1.600631,0.995775
4,k_proj,104,1.582031,1.575355,0.99578
4,k_proj,108,1.554688,1.548133,0.995784
4,k_proj,112,1.52832,1.521884,0.995789
4,k_proj,116,1.499023,1.492719,0.995794
4,k_proj,120,1.464844,1.458691,0.9958
4,k_proj,124,1.4375,1.43147,0.995805
4,v_proj,0,1.49707,1.500659,1.002397
4,v_proj,4,1.350586,1.353812,1.002389
4,v_proj,8,1.326172,1.329338,1.002387
4,v_proj,12,1.308594,1.311716,1.002386
4,v_proj,16,1.292969,1.296053,1.002385
4,v_proj,20,1.27832,1.281368,1.002384
4,v_proj,24,1.266602,1.26962,1.002383
4,v_proj,28,1.255859,1.258852,1.002383
4,v_proj,32,1.242188,1.245146,1.002382
4,v_proj,36,1.228516,1.231441,1.002381
4,v_proj,40,1.219727,1.22263,1.00238
4,v_proj,44,1.208984,1.211861,1.002379
4,v_proj,48,1.200195,1.20305,1.002379
4,v_proj,52,1.189453,1.192282,1.002378
4,v_proj,56,1.176758,1.179555,1.002377
4,v_proj,60,1.167969,1.170745,1.002377
4,v_proj,64,1.162109,1.164871,1.002376
4,v_proj,68,1.150391,1.153123,1.002375
4,v_proj,72,1.140625,1.143334,1.002375
4,v_proj,76,1.132812,1.135502,1.002374
4,v_proj,80,1.123047,1.125712,1.002373
4,v_proj,84,1.116211,1.11886,1.002373
4,v_proj,88,1.105469,1.108091,1.002372
4,v_proj,92,1.095703,1.098301,1.002371
4,v_proj,96,1.088867,1.091449,1.002371
4,v_proj,100,1.077148,1.079701,1.00237
4,v_proj,104,1.067383,1.069912,1.002369
4,v_proj,108,1.058594,1.061101,1.002368
4,v_proj,112,1.042969,1.045438,1.002367
4,v_proj,116,1.03125,1.03369,1.002366
4,v_proj,120,1.021484,1.023901,1.002365
4,v_proj,124,1.006836,1.009216,1.002364
4,o_proj,0,3.736328,3.73731,1.000263
4,o_proj,4,2.71875,2.719424,1.000248
4,o_proj,8,2.599609,2.600249,1.000246
4,o_proj,12,2.498047,2.498657,1.000244
4,o_proj,16,2.417969,2.418555,1.000243
4,o_proj,20,2.373047,2.373621,1.000242
4,o_proj,24,2.318359,2.318917,1.000241
4,o_proj,28,2.269531,2.270075,1.00024
4,o_proj,32,2.224609,2.22514,1.000239
4,o_proj,36,2.197266,2.197789,1.000238
4,o_proj,40,2.150391,2.150901,1.000237
4,o_proj,44,2.121094,2.121595,1.000236
4,o_proj,48,2.087891,2.088383,1.000236
4,o_proj,52,2.054688,2.055171,1.000235
4,o_proj,56,2.027344,2.027819,1.000234
4,o_proj,60,2.011719,2.01219,1.000234
4,o_proj,64,1.977539,1.978,1.000233
4,o_proj,68,1.951172,1.951626,1.000233
4,o_proj,72,1.933594,1.934043,1.000232
4,o_proj,76,1.904297,1.904738,1.000232
4,o_proj,80,1.884766,1.885201,1.000231
4,o_proj,84,1.865234,1.865664,1.000231
4,o_proj,88,1.845703,1.846128,1.00023
4,o_proj,92,1.827148,1.827568,1.00023
4,o_proj,96,1.807617,1.808031,1.000229
4,o_proj,100,1.786133,1.786541,1.000229
4,o_proj,104,1.768555,1.768958,1.000228
4,o_proj,108,1.751953,1.752352,1.000228
4,o_proj,112,1.732422,1.732816,1.000227
4,o_proj,116,1.71582,1.716209,1.000227
4,o_proj,120,1.693359,1.693742,1.000226
4,o_proj,124,1.669922,1.670298,1.000226
5,q_proj,0,5.960938,5.953244,0.998709
5,q_proj,4,3.662109,3.657524,0.998748
5,q_proj,8,3.386719,3.382499,0.998754
5,q_proj,12,3.171875,3.16794,0.998759
5,q_proj,16,3.082031,3.078214,0.998762
5,q_proj,20,3.0,2.996291,0.998764
5,q_proj,24,2.939453,2.935824,0.998765
5,q_proj,28,2.876953,2.873406,0.998767
5,q_proj,32,2.835938,2.832444,0.998768
5,q_proj,36,2.785156,2.78173,0.99877
5,q_proj,40,2.742188,2.738817,0.998771
5,q_proj,44,2.714844,2.711509,0.998772
5,q_proj,48,2.679688,2.676399,0.998773
5,q_proj,52,2.650391,2.64714,0.998774
5,q_proj,56,2.613281,2.61008,0.998775
5,q_proj,60,2.591797,2.588623,0.998775
5,q_proj,64,2.564453,2.561315,0.998776
5,q_proj,68,2.533203,2.530106,0.998777
5,q_proj,72,2.505859,2.502798,0.998778
5,q_proj,76,2.484375,2.481341,0.998779
5,q_proj,80,2.449219,2.446231,0.99878
5,q_proj,84,2.423828,2.420873,0.998781
5,q_proj,88,2.398438,2.395515,0.998782
5,q_proj,92,2.380859,2.37796,0.998782
5,q_proj,96,2.351562,2.348701,0.998783
5,q_proj,100,2.328125,2.325294,0.998784
5,q_proj,104,2.304688,2.301887,0.998785
5,q_proj,108,2.271484,2.268727,0.998786
5,q_proj,112,2.248047,2.24532,0.998787
5,q_proj,116,2.21875,2.216061,0.998788
5,q_proj,120,2.179688,2.177048,0.998789
5,q_proj,124,2.154297,2.151691,0.99879
5,k_proj,0,2.65625,2.666399,1.003821
5,k_proj,4,2.029297,2.037024,1.003808
5,k_proj,8,1.970703,1.978205,1.003807
5,k_proj,12,1.932617,1.939972,1.003806
5,k_proj,16,1.898438,1.905661,1.003805
5,k_proj,20,1.863281,1.870369,1.003804
5,k_proj,24,1.834961,1.841939,1.003803
5,k_proj,28,1.810547,1.817431,1.003802
5,k_proj,32,1.783203,1.789982,1.003802
5,k_proj,36,1.758789,1.765474,1.003801
5,k_proj,40,1.738281,1.744888,1.003801
5,k_proj,44,1.711914,1.718419,1.0038
5,k_proj,48,1.693359,1.699793,1.003799
5,k_proj,52,1.677734,1.684108,1.003799
5,k_proj,56,1.654297,1.66058,1.003798
5,k_proj,60,1.638672,1.644895,1.003798
5,k_proj,64,1.619141,1.625289,1.003797
5,k_proj,68,1.598633,1.604702,1.003797
5,k_proj,72,1.581055,1.587056,1.003796
5,k_proj,76,1.567383,1.573332,1.003796
5,k_proj,80,1.548828,1.554706,1.003795
5,k_proj,84,1.53125,1.53706,1.003795
5,k_proj,88,1.516602,1.522356,1.003794
5,k_proj,92,1.498047,1.50373,1.003793
5,k_proj,96,1.480469,1.486084,1.003793
5,k_proj,100,1.467773,1.47334,1.003793
5,k_proj,104,1.452148,1.457655,1.003792
5,k_proj,108,1.431641,1.437068,1.003791
5,k_proj,112,1.416992,1.422364,1.003791
5,k_proj,116,1.399414,1.404718,1.00379
5,k_proj,120,1.370117,1.375309,1.003789
5,k_proj,124,1.358398,1.363545,1.003789
5,v_proj,0,1.538086,1.5439,1.00378
5,v_proj,4,1.373047,1.378213,1.003762
5,v_proj,8,1.332031,1.337036,1.003758
5,v_proj,12,1.304688,1.309586,1.003754
5,v_proj,16,1.289062,1.2939,1.003752
5,v_proj,20,1.264648,1.26939,1.003749
5,v_proj,24,1.249023,1.253704,1.003747
5,v_proj,28,1.234375,1.238998,1.003746
5,v_proj,32,1.21875,1.223312,1.003744
5,v_proj,36,1.207031,1.211548,1.003742
5,v_proj,40,1.194336,1.198803,1.00374
5,v_proj,44,1.178711,1.183117,1.003738
5,v_proj,48,1.168945,1.173314,1.003737
5,v_proj,52,1.157227,1.161549,1.003735
5,v_proj,56,1.145508,1.149785,1.003734
5,v_proj,60,1.132812,1.13704,1.003732
5,v_proj,64,1.118164,1.122335,1.00373
5,v_proj,68,1.108398,1.112531,1.003728
5,v_proj,72,1.097656,1.101747,1.003727
5,v_proj,76,1.084961,1.089003,1.003725
5,v_proj,80,1.072266,1.076258,1.003723
5,v_proj,84,1.06543,1.069396,1.003722
5,v_proj,88,1.054688,1.058612,1.003721
5,v_proj,92,1.042969,1.046847,1.003719
5,v_proj,96,1.03125,1.035083,1.003717
5,v_proj,100,1.018555,1.022339,1.003715
5,v_proj,104,1.009766,1.013516,1.003714
5,v_proj,108,0.994629,0.99832,1.003711
5,v_proj,112,0.984375,0.988027,1.00371
5,v_proj,116,0.972168,0.975773,1.003708
5,v_proj,120,0.960449,0.964009,1.003706
5,v_proj,124,0.943359,0.946853,1.003703
5,o_proj,0,4.011719,4.032956,1.005294
5,o_proj,4,3.21875,3.235492,1.005201
5,o_proj,8,3.039062,3.054797,1.005177
5,o_proj,12,2.910156,2.925171,1.005159
5,o_proj,16,2.791016,2.805366,1.005142
5,o_proj,20,2.712891,2.726807,1.00513
5,o_proj,24,2.660156,2.673781,1.005122
5,o_proj,28,2.59375,2.607007,1.005111
5,o_proj,32,2.523438,2.536306,1.0051
5,o_proj,36,2.470703,2.48328,1.005091
5,o_proj,40,2.427734,2.440075,1.005083
5,o_proj,44,2.388672,2.400798,1.005076
5,o_proj,48,2.335938,2.347774,1.005067
5,o_proj,52,2.292969,2.30457,1.005059
5,o_proj,56,2.244141,2.255474,1.00505
5,o_proj,60,2.220703,2.231909,1.005046
5,o_proj,64,2.181641,2.192633,1.005039
5,o_proj,68,2.150391,2.161212,1.005032
5,o_proj,72,2.113281,2.123901,1.005025
5,o_proj,76,2.091797,2.102299,1.005021
5,o_proj,80,2.058594,2.068916,1.005014
5,o_proj,84,2.033203,2.043387,1.005009
5,o_proj,88,2.003906,2.013932,1.005003
5,o_proj,92,1.975586,1.985457,1.004997
5,o_proj,96,1.947266,1.956984,1.004991
5,o_proj,100,1.917969,1.927529,1.004984
5,o_proj,104,1.888672,1.898074,1.004978
5,o_proj,108,1.864258,1.873528,1.004973
5,o_proj,112,1.838867,1.848001,1.004967
5,o_proj,116,1.80957,1.818546,1.00496
5,o_proj,120,1.794922,1.803819,1.004957
5,o_proj,124,1.763672,1.772401,1.004949
6,q_proj,0,5.503906,5.476093,0.994947
6,q_proj,4,3.986328,3.966575,0.995045
6,q_proj,8,3.648438,3.630457,0.995072
6,q_proj,12,3.445312,3.428393,0.995089
6,q_proj,16,3.3125,3.296273,0.995101
6,q_proj,20,3.195312,3.179694,0.995112
6,q_proj,24,3.085938,3.070887,0.995123
6,q_proj,28,2.986328,2.971793,0.995133
6,q_proj,32,2.927734,2.913502,0.995139
6,q_proj,36,2.882812,2.868813,0.995144
6,q_proj,40,2.818359,2.804692,0.995151
6,q_proj,44,2.746094,2.732799,0.995159
6,q_proj,48,2.697266,2.684222,0.995164
6,q_proj,52,2.640625,2.627872,0.99517
6,q_proj,56,2.609375,2.596782,0.995174
6,q_proj,60,2.5625,2.550148,0.99518
6,q_proj,64,2.527344,2.515172,0.995184
6,q_proj,68,2.494141,2.482139,0.995188
6,q_proj,72,2.470703,2.458821,0.995191
6,q_proj,76,2.439453,2.427731,0.995195
6,q_proj,80,2.408203,2.396641,0.995199
6,q_proj,84,2.388672,2.377209,0.995201
6,q_proj,88,2.355469,2.344175,0.995205
6,q_proj,92,2.333984,2.3228,0.995208
6,q_proj,96,2.300781,2.289767,0.995213
6,q_proj,100,2.273438,2.262562,0.995216
6,q_proj,104,2.253906,2.24313,0.995219
6,q_proj,108,2.230469,2.219812,0.995222
6,q_proj,112,2.193359,2.182891,0.995227
6,q_proj,116,2.162109,2.1518,0.995232
6,q_proj,120,2.140625,2.130424,0.995235
6,q_proj,124,2.115234,2.105163,0.995238
6,k_proj,0,2.982422,2.983271,1.000285
6,k_proj,4,2.261719,2.262367,1.000286
6,k_proj,8,2.179688,2.180312,1.000287
6,k_proj,12,2.132812,2.133424,1.000287
6,k_proj,16,2.09375,2.094351,1.000287
6,k_proj,20,2.054688,2.055277,1.000287
6,k_proj,24,2.029297,2.029879,1.000287
6,k_proj,28,1.998047,1.998621,1.000287
6,k_proj,32,1.975586,1.976153,1.000287
6,k_proj,36,1.945312,1.945871,1.000287
6,k_proj,40,1.925781,1.926335,1.000287
6,k_proj,44,1.911133,1.911682,1.000287
6,k_proj,48,1.888672,1.889215,1.000287
6,k_proj,52,1.867188,1.867724,1.000288
6,k_proj,56,1.849609,1.850141,1.000288
6,k_proj,60,1.831055,1.831581,1.000288
6,k_proj,64,1.811523,1.812045,1.000288
6,k_proj,68,1.798828,1.799346,1.000288
6,k_proj,72,1.77832,1.778832,1.000288
6,k_proj,76,1.756836,1.757342,1.000288
6,k_proj,80,1.742188,1.742689,1.000288
6,k_proj,84,1.716797,1.717291,1.000288
6,k_proj,88,1.700195,1.700685,1.000288
6,k_proj,92,1.674805,1.675287,1.000288
6,k_proj,96,1.651367,1.651843,1.000288
6,k_proj,100,1.630859,1.63133,1.000288
6,k_proj,104,1.609375,1.609839,1.000288
6,k_proj,108,1.583984,1.584441,1.000288
6,k_proj,112,1.555664,1.556113,1.000289
6,k_proj,116,1.533203,1.533646,1.000289
6,k_proj,120,1.49707,1.497503,1.000289
6,k_proj,124,1.475586,1.476012,1.000289
6,v_proj,0,1.435547,1.433294,0.998431
6,v_proj,4,1.288086,1.286066,0.998432
6,v_proj,8,1.267578,1.265591,0.998432
6,v_proj,12,1.24707,1.245115,0.998432
6,v_proj,16,1.233398,1.231465,0.998432
6,v_proj,20,1.22168,1.219764,0.998432
6,v_proj,24,1.206055,1.204164,0.998432
6,v_proj,28,1.195312,1.193439,0.998433
6,v_proj,32,1.18457,1.182714,0.998433
6,v_proj,36,1.174805,1.172963,0.998433
6,v_proj,40,1.164062,1.162238,0.998433
6,v_proj,44,1.15625,1.154438,0.998433
6,v_proj,48,1.142578,1.140788,0.998433
6,v_proj,52,1.133789,1.132012,0.998433
6,v_proj,56,1.126953,1.125187,0.998433
6,v_proj,60,1.117188,1.115437,0.998433
6,v_proj,64,1.109375,1.107637,0.998433
6,v_proj,68,1.099609,1.097887,0.998433
6,v_proj,72,1.09375,1.092036,0.998433
6,v_proj,76,1.084961,1.083261,0.998433
6,v_proj,80,1.076172,1.074486,0.998433
6,v_proj,84,1.067383,1.065711,0.998434
6,v_proj,88,1.05957,1.057911,0.998434
6,v_proj,92,1.052734,1.051085,0.998434
6,v_proj,96,1.044922,1.043285,0.998434
6,v_proj,100,1.035156,1.033535,0.998434
6,v_proj,104,1.025391,1.023785,0.998434
6,v_proj,108,1.014648,1.013059,0.998434
6,v_proj,112,1.007812,1.006234,0.998434
6,v_proj,116,0.993652,0.992096,0.998434
6,v_proj,120,0.987305,0.985759,0.998434
6,v_proj,124,0.974609,0.973083,0.998434
6,o_proj,0,5.066406,5.088391,1.004339
6,o_proj,4,3.058594,3.071768,1.004307
6,o_proj,8,2.820312,2.832445,1.004302
6,o_proj,12,2.720703,2.732401,1.0043
6,o_proj,16,2.615234,2.626472,1.004297
6,o_proj,20,2.546875,2.557815,1.004295
6,o_proj,24,2.498047,2.508774,1.004294
6,o_proj,28,2.4375,2.447963,1.004293
6,o_proj,32,2.398438,2.408731,1.004292
6,o_proj,36,2.349609,2.35969,1.00429
6,o_proj,40,2.318359,2.328304,1.004289
6,o_proj,44,2.279297,2.289071,1.004288
6,o_proj,48,2.251953,2.261609,1.004288
6,o_proj,52,2.21875,2.228261,1.004287
6,o_proj,56,2.185547,2.194913,1.004286
6,o_proj,60,2.160156,2.169412,1.004285
6,o_proj,64,2.130859,2.139988,1.004284
6,o_proj,68,2.107422,2.116449,1.004283
6,o_proj,72,2.082031,2.090948,1.004283
6,o_proj,76,2.058594,2.067409,1.004282
6,o_proj,80,2.033203,2.041908,1.004281
6,o_proj,84,2.011719,2.02033,1.00428
6,o_proj,88,1.986328,1.994829,1.00428
6,o_proj,92,1.970703,1.979136,1.004279
6,o_proj,96,1.944336,1.952654,1.004278
6,o_proj,100,1.925781,1.934019,1.004278
6,o_proj,104,1.904297,1.912441,1.004277
6,o_proj,108,1.881836,1.889883,1.004276
6,o_proj,112,1.856445,1.864382,1.004275
6,o_proj,116,1.837891,1.845747,1.004275
6,o_proj,120,1.808594,1.816323,1.004274
6,o_proj,124,1.789062,1.796707,1.004273
7,q_proj,0,4.558594,4.572511,1.003053
7,q_proj,4,3.769531,3.780894,1.003014
7,q_proj,8,3.449219,3.459553,1.002996
7,q_proj,12,3.302734,3.3126,1.002987
7,q_proj,16,3.177734,3.187202,1.002979
7,q_proj,20,3.078125,3.087276,1.002973
7,q_proj,24,3.005859,3.014781,1.002968
7,q_proj,28,2.908203,2.916815,1.002961
7,q_proj,32,2.851562,2.859995,1.002957
7,q_proj,36,2.787109,2.795339,1.002953
7,q_proj,40,2.75,2.758112,1.00295
7,q_proj,44,2.701172,2.70913,1.002946
7,q_proj,48,2.658203,2.666026,1.002943
7,q_proj,52,2.611328,2.619004,1.002939
7,q_proj,56,2.576172,2.583737,1.002937
7,q_proj,60,2.535156,2.542593,1.002933
7,q_proj,64,2.490234,2.49753,1.00293
7,q_proj,68,2.455078,2.462263,1.002927
7,q_proj,72,2.412109,2.41916,1.002923
7,q_proj,76,2.382812,2.389772,1.002921
7,q_proj,80,2.353516,2.360384,1.002918
7,q_proj,84,2.324219,2.330995,1.002916
7,q_proj,88,2.291016,2.297688,1.002913
7,q_proj,92,2.267578,2.274178,1.002911
7,q_proj,96,2.242188,2.248708,1.002908
7,q_proj,100,2.214844,2.221279,1.002906
7,q_proj,104,2.181641,2.187973,1.002903
7,q_proj,108,2.150391,2.156626,1.0029
7,q_proj,112,2.121094,2.127238,1.002897
7,q_proj,116,2.087891,2.093932,1.002894
7,q_proj,120,2.066406,2.072381,1.002891
7,q_proj,124,2.029297,2.035157,1.002888
7,k_proj,0,2.535156,2.546875,1.004622
7,k_proj,4,1.998047,2.007123,1.004542
7,k_proj,8,1.901367,1.909972,1.004525
7,k_proj,12,1.830078,1.838337,1.004513
7,k_proj,16,1.777344,1.785347,1.004503
7,k_proj,20,1.728516,1.736283,1.004493
7,k_proj,24,1.706055,1.713713,1.004489
7,k_proj,28,1.676758,1.684275,1.004483
7,k_proj,32,1.640625,1.647968,1.004476
7,k_proj,36,1.613281,1.620493,1.00447
7,k_proj,40,1.589844,1.596943,1.004465
7,k_proj,44,1.566406,1.573393,1.00446
7,k_proj,48,1.544922,1.551805,1.004456
7,k_proj,52,1.520508,1.527274,1.00445
7,k_proj,56,1.507812,1.514518,1.004447
7,k_proj,60,1.487305,1.493912,1.004443
7,k_proj,64,1.470703,1.477232,1.004439
7,k_proj,68,1.446289,1.452701,1.004433
7,k_proj,72,1.429688,1.43602,1.004429
7,k_proj,76,1.405273,1.41149,1.004424
7,k_proj,80,1.389648,1.395791,1.00442
7,k_proj,84,1.373047,1.37911,1.004416
7,k_proj,88,1.359375,1.365373,1.004413
7,k_proj,92,1.341797,1.347712,1.004408
7,k_proj,96,1.319336,1.325144,1.004402
7,k_proj,100,1.305664,1.311408,1.004399
7,k_proj,104,1.28418,1.289822,1.004393
7,k_proj,108,1.266602,1.27216,1.004389
7,k_proj,112,1.250977,1.256462,1.004385
7,k_proj,116,1.234375,1.239782,1.00438
7,k_proj,120,1.212891,1.218196,1.004374
7,k_proj,124,1.194336,1.199554,1.004369
7,v_proj,0,1.696289,1.689835,0.996195
7,v_proj,4,1.529297,1.523515,0.99622
7,v_proj,8,1.49707,1.491418,0.996225
7,v_proj,12,1.476562,1.470993,0.996228
7,v_proj,16,1.448242,1.442786,0.996232
7,v_proj,20,1.426758,1.421387,0.996236
7,v_proj,24,1.413086,1.40777,0.996238
7,v_proj,28,1.396484,1.391235,0.996241
7,v_proj,32,1.37793,1.372754,0.996244
7,v_proj,36,1.363281,1.358164,0.996247
7,v_proj,40,1.34375,1.338711,0.99625
7,v_proj,44,1.330078,1.325094,0.996252
7,v_proj,48,1.313477,1.308558,0.996255
7,v_proj,52,1.301758,1.296886,0.996258
7,v_proj,56,1.290039,1.285214,0.99626
7,v_proj,60,1.276367,1.271596,0.996262
7,v_proj,64,1.268555,1.263815,0.996264
7,v_proj,68,1.253906,1.249225,0.996266
7,v_proj,72,1.244141,1.239498,0.996268
7,v_proj,76,1.235352,1.230744,0.99627
7,v_proj,80,1.227539,1.222962,0.996271
7,v_proj,84,1.21582,1.21129,0.996274
7,v_proj,88,1.206055,1.201563,0.996276
7,v_proj,92,1.197266,1.192809,0.996277
7,v_proj,96,1.188477,1.184054,0.996279
7,v_proj,100,1.178711,1.174327,0.996281
7,v_proj,104,1.169922,1.165573,0.996283
7,v_proj,108,1.160156,1.155846,0.996285
7,v_proj,112,1.150391,1.146119,0.996287
7,v_proj,116,1.139648,1.135419,0.996289
7,v_proj,120,1.129883,1.125692,0.996291
7,v_proj,124,1.116211,1.112074,0.996294
7,o_proj,0,3.578125,3.560365,0.995036
7,o_proj,4,3.244141,3.228146,0.99507
7,o_proj,8,3.152344,3.136832,0.995079
7,o_proj,12,3.048828,3.033861,0.995091
7,o_proj,16,2.982422,2.967803,0.995098
7,o_proj,20,2.916016,2.901745,0.995106
7,o_proj,24,2.851562,2.837629,0.995114
7,o_proj,28,2.802734,2.789057,0.99512
7,o_proj,32,2.759766,2.746311,0.995125
7,o_proj,36,2.693359,2.680252,0.995133
7,o_proj,40,2.638672,2.625849,0.99514
7,o_proj,44,2.587891,2.575331,0.995147
7,o_proj,48,2.542969,2.530643,0.995153
7,o_proj,52,2.480469,2.468467,0.995161
7,o_proj,56,2.435547,2.423778,0.995168
7,o_proj,60,2.390625,2.379088,0.995174
7,o_proj,64,2.339844,2.328569,0.995181
7,o_proj,68,2.291016,2.279993,0.995189
7,o_proj,72,2.253906,2.243074,0.995194
7,o_proj,76,2.224609,2.213928,0.995199
7,o_proj,80,2.193359,2.182839,0.995203
7,o_proj,84,2.166016,2.155636,0.995208
7,o_proj,88,2.144531,2.134262,0.995211
7,o_proj,92,2.119141,2.109001,0.995215
7,o_proj,96,2.09375,2.083741,0.995219
7,o_proj,100,2.074219,2.06431,0.995223
7,o_proj,104,2.054688,2.044878,0.995226
7,o_proj,108,2.021484,2.011845,0.995231
7,o_proj,112,1.998047,1.988527,0.995235
7,o_proj,116,1.977539,1.968124,0.995239
7,o_proj,120,1.952148,1.942863,0.995243
7,o_proj,124,1.925781,1.91663,0.995248
8,q_proj,0,3.9375,3.947166,1.002455
8,q_proj,4,3.488281,3.496809,1.002445
8,q_proj,8,3.242188,3.250094,1.002439
8,q_proj,12,3.128906,3.136527,1.002436
8,q_proj,16,3.060547,3.067995,1.002434
8,q_proj,20,2.996094,3.00338,1.002432
8,q_proj,24,2.947266,2.954429,1.00243
8,q_proj,28,2.90625,2.91331,1.002429
8,q_proj,32,2.863281,2.870234,1.002428
8,q_proj,36,2.804688,2.811493,1.002426
8,q_proj,40,2.763672,2.770374,1.002425
8,q_proj,44,2.716797,2.723382,1.002424
8,q_proj,48,2.695312,2.701843,1.002423
8,q_proj,52,2.662109,2.668557,1.002422
8,q_proj,56,2.619141,2.62548,1.002421
8,q_proj,60,2.591797,2.598068,1.00242
8,q_proj,64,2.564453,2.570656,1.002419
8,q_proj,68,2.525391,2.531496,1.002417
8,q_proj,72,2.492188,2.498209,1.002416
8,q_proj,76,2.464844,2.470797,1.002415
8,q_proj,80,2.433594,2.439469,1.002414
8,q_proj,84,2.40625,2.412057,1.002413
8,q_proj,88,2.382812,2.388561,1.002412
8,q_proj,92,2.353516,2.359191,1.002412
8,q_proj,96,2.335938,2.341569,1.002411
8,q_proj,100,2.304688,2.310241,1.00241
8,q_proj,104,2.267578,2.273039,1.002408
8,q_proj,108,2.244141,2.249543,1.002407
8,q_proj,112,2.208984,2.214299,1.002406
8,q_proj,116,2.191406,2.196678,1.002406
8,q_proj,120,2.167969,2.173182,1.002405
8,q_proj,124,2.130859,2.13598,1.002403
8,k_proj,0,2.515625,2.521544,1.002353
8,k_proj,4,2.078125,2.08294,1.002317
8,k_proj,8,2.03125,2.035948,1.002313
8,k_proj,12,1.992188,1.996788,1.002309
8,k_proj,16,1.954102,1.958606,1.002305
8,k_proj,20,1.920898,1.925321,1.002302
8,k_proj,24,1.900391,1.904762,1.0023
8,k_proj,28,1.882812,1.88714,1.002298
8,k_proj,32,1.847656,1.851896,1.002295
8,k_proj,36,1.825195,1.82938,1.002292
8,k_proj,40,1.802734,1.806863,1.00229
8,k_proj,44,1.782227,1.786304,1.002288
8,k_proj,48,1.767578,1.77162,1.002286
8,k_proj,52,1.743164,1.747145,1.002284
8,k_proj,56,1.723633,1.727566,1.002282
8,k_proj,60,1.706055,1.709944,1.00228
8,k_proj,64,1.686523,1.690365,1.002278
8,k_proj,68,1.663086,1.666869,1.002275
8,k_proj,72,1.648438,1.652185,1.002273
8,k_proj,76,1.62793,1.631627,1.002271
8,k_proj,80,1.615234,1.6189,1.002269
8,k_proj,84,1.595703,1.599321,1.002267
8,k_proj,88,1.575195,1.578763,1.002265
8,k_proj,92,1.561523,1.565057,1.002263
8,k_proj,96,1.543945,1.547436,1.002261
8,k_proj,100,1.52832,1.531773,1.002259
8,k_proj,104,1.510742,1.514152,1.002257
8,k_proj,108,1.489258,1.492615,1.002254
8,k_proj,112,1.470703,1.474015,1.002252
8,k_proj,116,1.454102,1.457373,1.00225
8,k_proj,120,1.4375,1.440731,1.002247
8,k_proj,124,1.412109,1.415278,1.002244
8,v_proj,0,1.382812,1.38656,1.00271
8,v_proj,4,1.262695,1.266117,1.00271
8,v_proj,8,1.241211,1.244574,1.00271
8,v_proj,12,1.225586,1.228907,1.002709
8,v_proj,16,1.205078,1.208343,1.002709
8,v_proj,20,1.189453,1.192676,1.002709
8,v_proj,24,1.180664,1.183863,1.002709
8,v_proj,28,1.169922,1.173092,1.002709
8,v_proj,32,1.15918,1.16232,1.002709
8,v_proj,36,1.149414,1.152528,1.002709
8,v_proj,40,1.142578,1.145674,1.002709
8,v_proj,44,1.131836,1.134902,1.002709
8,v_proj,48,1.123047,1.126089,1.002709
8,v_proj,52,1.114258,1.117276,1.002709
8,v_proj,56,1.104492,1.107484,1.002709
8,v_proj,60,1.094727,1.097692,1.002709
8,v_proj,64,1.086914,1.089858,1.002709
8,v_proj,68,1.079102,1.082025,1.002709
8,v_proj,72,1.071289,1.074191,1.002709
8,v_proj,76,1.063477,1.066357,1.002709
8,v_proj,80,1.054688,1.057544,1.002709
8,v_proj,84,1.046875,1.049711,1.002709
8,v_proj,88,1.041016,1.043835,1.002709
8,v_proj,92,1.03125,1.034043,1.002709
8,v_proj,96,1.022461,1.02523,1.002709
8,v_proj,100,1.012695,1.015438,1.002709
8,v_proj,104,1.004883,1.007604,1.002708
8,v_proj,108,0.991699,0.994385,1.002708
8,v_proj,112,0.985352,0.98802,1.002708
8,v_proj,116,0.976074,0.978718,1.002708
8,v_proj,120,0.966309,0.968926,1.002708
8,v_proj,124,0.952637,0.955217,1.002708
8,o_proj,0,3.470703,3.482335,1.003351
8,o_proj,4,3.177734,3.188343,1.003338
8,o_proj,8,2.970703,2.980591,1.003328
8,o_proj,12,2.839844,2.849277,1.003322
8,o_proj,16,2.738281,2.747363,1.003316
8,o_proj,20,2.640625,2.649368,1.003311
8,o_proj,24,2.548828,2.557254,1.003306
8,o_proj,28,2.482422,2.490618,1.003302
8,o_proj,32,2.429688,2.437702,1.003299
8,o_proj,36,2.392578,2.400465,1.003296
8,o_proj,40,2.333984,2.34167,1.003293
8,o_proj,44,2.285156,2.292674,1.00329
8,o_proj,48,2.248047,2.255437,1.003287
8,o_proj,52,2.207031,2.21428,1.003284
8,o_proj,56,2.173828,2.180963,1.003282
8,o_proj,60,2.138672,2.145686,1.00328
8,o_proj,64,2.117188,2.124128,1.003278
8,o_proj,68,2.091797,2.098651,1.003277
8,o_proj,72,2.066406,2.073173,1.003275
8,o_proj,76,2.039062,2.045736,1.003273
8,o_proj,80,2.017578,2.024178,1.003271
8,o_proj,84,1.985352,1.991842,1.003269
8,o_proj,88,1.963867,1.970284,1.003267
8,o_proj,92,1.933594,1.939907,1.003265
8,o_proj,96,1.916016,1.922269,1.003264
8,o_proj,100,1.895508,1.901691,1.003262
8,o_proj,104,1.867188,1.873274,1.00326
8,o_proj,108,1.842773,1.848777,1.003258
8,o_proj,112,1.821289,1.827219,1.003256
8,o_proj,116,1.802734,1.808602,1.003255
8,o_proj,120,1.774414,1.780185,1.003252
8,o_proj,124,1.749023,1.754708,1.00325
9,q_proj,0,4.6875,4.707284,1.004221
9,q_proj,4,3.675781,3.691031,1.004149
9,q_proj,8,3.478516,3.492891,1.004133
9,q_proj,12,3.333984,3.34772,1.00412
9,q_proj,16,3.207031,3.220206,1.004108
9,q_proj,20,3.148438,3.161355,1.004103
9,q_proj,24,3.050781,3.06327,1.004093
9,q_proj,28,2.980469,2.992649,1.004087
9,q_proj,32,2.916016,2.927913,1.00408
9,q_proj,36,2.849609,2.861217,1.004073
9,q_proj,40,2.800781,2.812176,1.004068
9,q_proj,44,2.763672,2.774904,1.004064
9,q_proj,48,2.71875,2.729786,1.004059
9,q_proj,52,2.667969,2.678784,1.004054
9,q_proj,56,2.623047,2.633667,1.004049
9,q_proj,60,2.583984,2.594435,1.004044
9,q_proj,64,2.541016,2.55128,1.004039
9,q_proj,68,2.501953,2.512048,1.004035
9,q_proj,72,2.464844,2.474778,1.00403
9,q_proj,76,2.423828,2.433585,1.004025
9,q_proj,80,2.386719,2.396315,1.004021
9,q_proj,84,2.351562,2.361007,1.004016
9,q_proj,88,2.320312,2.329622,1.004012
9,q_proj,92,2.287109,2.296276,1.004008
9,q_proj,96,2.25,2.259007,1.004003
9,q_proj,100,2.216797,2.225661,1.003999
9,q_proj,104,2.189453,2.1982,1.003995
9,q_proj,108,2.162109,2.170739,1.003991
9,q_proj,112,2.126953,2.135432,1.003986
9,q_proj,116,2.095703,2.104048,1.003982
9,q_proj,120,2.054688,2.062857,1.003976
9,q_proj,124,2.001953,2.009898,1.003968
9,k_proj,0,2.669922,2.657682,0.995416
9,k_proj,4,2.175781,2.165934,0.995474
9,k_proj,8,2.09375,2.084297,0.995485
9,k_proj,12,2.023438,2.014322,0.995495
9,k_proj,16,1.975586,1.966699,0.995502
9,k_proj,20,1.928711,1.920048,0.995509
9,k_proj,24,1.868164,1.85979,0.995518
9,k_proj,28,1.822266,1.814111,0.995525
9,k_proj,32,1.793945,1.785925,0.995529
9,k_proj,36,1.761719,1.753852,0.995534
9,k_proj,40,1.736328,1.728582,0.995539
9,k_proj,44,1.708008,1.700396,0.995543
9,k_proj,48,1.675781,1.668322,0.995549
9,k_proj,52,1.641602,1.634304,0.995555
9,k_proj,56,1.609375,1.60223,0.99556
9,k_proj,60,1.584961,1.577931,0.995565
9,k_proj,64,1.55957,1.55266,0.995569
9,k_proj,68,1.519531,1.51281,0.995577
9,k_proj,72,1.496094,1.489483,0.995581
9,k_proj,76,1.463867,1.457408,0.995587
9,k_proj,80,1.438477,1.432136,0.995592
9,k_proj,84,1.402344,1.396173,0.9956
9,k_proj,88,1.381836,1.375761,0.995604
9,k_proj,92,1.354492,1.348545,0.995609
9,k_proj,96,1.322266,1.316469,0.995616
9,k_proj,100,1.300781,1.295085,0.995621
9,k_proj,104,1.271484,1.265925,0.995627
9,k_proj,108,1.245117,1.23968,0.995633
9,k_proj,112,1.219727,1.214408,0.995639
9,k_proj,116,1.185547,1.180387,0.995647
9,k_proj,120,1.160156,1.155114,0.995654
9,k_proj,124,1.125,1.12012,0.995662
9,v_proj,0,1.511719,1.513421,1.001126
9,v_proj,4,1.398438,1.400013,1.001127
9,v_proj,8,1.382812,1.38437,1.001127
9,v_proj,12,1.365234,1.366773,1.001127
9,v_proj,16,1.34668,1.348197,1.001127
9,v_proj,20,1.335938,1.337443,1.001127
9,v_proj,24,1.327148,1.328644,1.001127
9,v_proj,28,1.317383,1.318867,1.001127
9,v_proj,32,1.307617,1.309091,1.001127
9,v_proj,36,1.297852,1.299314,1.001127
9,v_proj,40,1.289062,1.290515,1.001127
9,v_proj,44,1.28125,1.282694,1.001127
9,v_proj,48,1.273438,1.274873,1.001127
9,v_proj,52,1.265625,1.267051,1.001127
9,v_proj,56,1.255859,1.257275,1.001127
9,v_proj,60,1.248047,1.249454,1.001127
9,v_proj,64,1.241211,1.24261,1.001127
9,v_proj,68,1.235352,1.236744,1.001127
9,v_proj,72,1.226562,1.227945,1.001127
9,v_proj,76,1.21875,1.220124,1.001127
9,v_proj,80,1.211914,1.21328,1.001127
9,v_proj,84,1.202148,1.203504,1.001127
9,v_proj,88,1.195312,1.19666,1.001127
9,v_proj,92,1.188477,1.189816,1.001127
9,v_proj,96,1.179688,1.181017,1.001127
9,v_proj,100,1.171875,1.173196,1.001127
9,v_proj,104,1.163086,1.164397,1.001127
9,v_proj,108,1.15332,1.154621,1.001127
9,v_proj,112,1.145508,1.146799,1.001127
9,v_proj,116,1.135742,1.137023,1.001127
9,v_proj,120,1.12793,1.129202,1.001128
9,v_proj,124,1.114258,1.115514,1.001128
9,o_proj,0,6.386719,6.354489,0.994954
9,o_proj,4,2.998047,2.98376,0.995235
9,o_proj,8,2.894531,2.880775,0.995247
9,o_proj,12,2.794922,2.781675,0.99526
9,o_proj,16,2.71875,2.705892,0.99527
9,o_proj,20,2.667969,2.655369,0.995277
9,o_proj,24,2.619141,2.606789,0.995284
9,o_proj,28,2.556641,2.544607,0.995293
9,o_proj,32,2.519531,2.507685,0.995298
9,o_proj,36,2.478516,2.466878,0.995304
9,o_proj,40,2.4375,2.426069,0.995311
9,o_proj,44,2.392578,2.381375,0.995317
9,o_proj,48,2.365234,2.354169,0.995322
9,o_proj,52,2.332031,2.321133,0.995327
9,o_proj,56,2.298828,2.288097,0.995332
9,o_proj,60,2.267578,2.257005,0.995337
9,o_proj,64,2.240234,2.229799,0.995342
9,o_proj,68,2.208984,2.198705,0.995347
9,o_proj,72,2.1875,2.177329,0.99535
9,o_proj,76,2.160156,2.150122,0.995355
9,o_proj,80,2.130859,2.120972,0.99536
9,o_proj,84,2.111328,2.101538,0.995363
9,o_proj,88,2.087891,2.078218,0.995367
9,o_proj,92,2.058594,2.049068,0.995373
9,o_proj,96,2.042969,2.033521,0.995375
9,o_proj,100,2.027344,2.017974,0.995378
9,o_proj,104,2.009766,2.000483,0.995381
9,o_proj,108,1.991211,1.982021,0.995385
9,o_proj,112,1.976562,1.967446,0.995388
9,o_proj,116,1.953125,1.944125,0.995392
9,o_proj,120,1.938477,1.929549,0.995395
9,o_proj,124,1.924805,1.915945,0.995397
10,q_proj,0,4.320312,4.303949,0.996212
10,q_proj,4,3.634766,3.621134,0.99625
10,q_proj,8,3.460938,3.447995,0.99626
10,q_proj,12,3.308594,3.296253,0.99627
10,q_proj,16,3.183594,3.171746,0.996278
10,q_proj,20,3.095703,3.084201,0.996285
10,q_proj,24,2.998047,2.986929,0.996292
10,q_proj,28,2.921875,2.911055,0.996297
10,q_proj,32,2.882812,2.872146,0.9963
10,q_proj,36,2.826172,2.815727,0.996304
10,q_proj,40,2.777344,2.76709,0.996308
10,q_proj,44,2.722656,2.712616,0.996312
10,q_proj,48,2.671875,2.662033,0.996316
10,q_proj,52,2.621094,2.61145,0.996321
10,q_proj,56,2.583984,2.574485,0.996324
10,q_proj,60,2.554688,2.545302,0.996326
10,q_proj,64,2.503906,2.494718,0.996331
10,q_proj,68,2.474609,2.465535,0.996333
10,q_proj,72,2.4375,2.42857,0.996336
10,q_proj,76,2.400391,2.391605,0.99634
10,q_proj,80,2.369141,2.360476,0.996343
10,q_proj,84,2.339844,2.331292,0.996345
10,q_proj,88,2.306641,2.298218,0.996348
10,q_proj,92,2.28125,2.272925,0.996351
10,q_proj,96,2.251953,2.243742,0.996354
10,q_proj,100,2.222656,2.214558,0.996356
10,q_proj,104,2.191406,2.183429,0.99636
10,q_proj,108,2.154297,2.146462,0.996363
10,q_proj,112,2.134766,2.127006,0.996365
10,q_proj,116,2.097656,2.09004,0.996369
10,q_proj,120,2.068359,2.060856,0.996372
10,q_proj,124,2.041016,2.033617,0.996375
10,k_proj,0,2.644531,2.654838,1.003897
10,k_proj,4,2.195312,2.203764,1.00385
10,k_proj,8,2.107422,2.115514,1.00384
10,k_proj,12,2.050781,2.058641,1.003833
10,k_proj,16,2.013672,2.02138,1.003828
10,k_proj,20,1.975586,1.983139,1.003823
10,k_proj,24,1.93457,1.941956,1.003818
10,k_proj,28,1.900391,1.907637,1.003813
10,k_proj,32,1.869141,1.87626,1.003809
10,k_proj,36,1.839844,1.846844,1.003805
10,k_proj,40,1.816406,1.823312,1.003802
10,k_proj,44,1.789062,1.795857,1.003798
10,k_proj,48,1.765625,1.772325,1.003795
10,k_proj,52,1.730469,1.737026,1.003789
10,k_proj,56,1.712891,1.719377,1.003787
10,k_proj,60,1.686523,1.692903,1.003783
10,k_proj,64,1.662109,1.668391,1.003779
10,k_proj,68,1.646484,1.652703,1.003777
10,k_proj,72,1.616211,1.622307,1.003772
10,k_proj,76,1.59082,1.596815,1.003768
10,k_proj,80,1.568359,1.574263,1.003764
10,k_proj,84,1.550781,1.556615,1.003762
10,k_proj,88,1.519531,1.525239,1.003756
10,k_proj,92,1.5,1.50563,1.003753
10,k_proj,96,1.482422,1.487981,1.00375
10,k_proj,100,1.456055,1.461508,1.003746
10,k_proj,104,1.433594,1.438958,1.003742
10,k_proj,108,1.40625,1.411505,1.003737
10,k_proj,112,1.384766,1.389935,1.003733
10,k_proj,116,1.366211,1.371306,1.003729
10,k_proj,120,1.34375,1.348756,1.003725
10,k_proj,124,1.322266,1.327186,1.003721
10,v_proj,0,1.360352,1.354292,0.995545
10,v_proj,4,1.331055,1.325132,0.995551
10,v_proj,8,1.316406,1.310552,0.995553
10,v_proj,12,1.298828,1.293057,0.995556
10,v_proj,16,1.289062,1.283337,0.995558
10,v_proj,20,1.279297,1.273617,0.99556
10,v_proj,24,1.266602,1.260981,0.995562
10,v_proj,28,1.255859,1.250289,0.995564
10,v_proj,32,1.245117,1.239597,0.995567
10,v_proj,36,1.239258,1.233765,0.995568
10,v_proj,40,1.229492,1.224045,0.99557
10,v_proj,44,1.220703,1.215297,0.995571
10,v_proj,48,1.207031,1.201689,0.995574
10,v_proj,52,1.200195,1.194885,0.995575
10,v_proj,56,1.193359,1.188081,0.995577
10,v_proj,60,1.183594,1.178361,0.995579
10,v_proj,64,1.173828,1.16864,0.995581
10,v_proj,68,1.166016,1.160864,0.995582
10,v_proj,72,1.157227,1.152116,0.995584
10,v_proj,76,1.145508,1.140452,0.995586
10,v_proj,80,1.137695,1.132676,0.995588
10,v_proj,84,1.128906,1.123928,0.99559
10,v_proj,88,1.12207,1.117123,0.995591
10,v_proj,92,1.111328,1.106431,0.995594
10,v_proj,96,1.104492,1.099627,0.995595
10,v_proj,100,1.095703,1.090879,0.995597
10,v_proj,104,1.086914,1.08213,0.995599
10,v_proj,108,1.078125,1.073382,0.995601
10,v_proj,112,1.068359,1.063662,0.995603
10,v_proj,116,1.05957,1.054914,0.995605
10,v_proj,120,1.047852,1.043249,0.995608
10,v_proj,124,1.03418,1.02964,0.995611
10,o_proj,0,4.164062,4.184829,1.004987
10,o_proj,4,2.933594,2.947807,1.004845
10,o_proj,8,2.783203,2.796628,1.004824
10,o_proj,12,2.583984,2.596371,1.004794
10,o_proj,16,2.507812,2.519804,1.004782
10,o_proj,20,2.464844,2.476613,1.004775
10,o_proj,24,2.404297,2.415753,1.004765
10,o_proj,28,2.355469,2.366673,1.004756
10,o_proj,32,2.310547,2.321519,1.004749
10,o_proj,36,2.265625,2.276366,1.004741
10,o_proj,40,2.222656,2.233176,1.004733
10,o_proj,44,2.201172,2.211582,1.004729
10,o_proj,48,2.175781,2.186061,1.004724
10,o_proj,52,2.144531,2.15465,1.004719
10,o_proj,56,2.123047,2.133056,1.004715
10,o_proj,60,2.099609,2.109499,1.00471
10,o_proj,64,2.074219,2.083979,1.004705
10,o_proj,68,2.044922,2.054532,1.0047
10,o_proj,72,2.027344,2.036864,1.004696
10,o_proj,76,2.007812,2.017234,1.004692
10,o_proj,80,1.987305,1.996622,1.004688
10,o_proj,84,1.970703,1.979935,1.004685
10,o_proj,88,1.953125,1.962268,1.004681
10,o_proj,92,1.932617,1.941656,1.004677
10,o_proj,96,1.918945,1.927915,1.004674
10,o_proj,100,1.904297,1.913192,1.004671
10,o_proj,104,1.87793,1.886691,1.004666
10,o_proj,108,1.862305,1.870987,1.004662
10,o_proj,112,1.844727,1.85332,1.004658
10,o_proj,116,1.831055,1.839579,1.004655
10,o_proj,120,1.8125,1.82093,1.004651
10,o_proj,124,1.789062,1.797374,1.004646
11,q_proj,0,4.066406,4.054081,0.996969
11,q_proj,4,3.498047,3.487562,0.997003
11,q_proj,8,3.337891,3.327921,0.997013
11,q_proj,12,3.205078,3.195534,0.997022
11,q_proj,16,3.099609,3.090403,0.99703
11,q_proj,20,3.042969,3.033943,0.997034
11,q_proj,24,2.978516,2.969695,0.997039
11,q_proj,28,2.939453,2.930757,0.997042
11,q_proj,32,2.892578,2.884031,0.997045
11,q_proj,36,2.845703,2.837305,0.997049
11,q_proj,40,2.800781,2.792526,0.997052
11,q_proj,44,2.773438,2.765269,0.997055
11,q_proj,48,2.740234,2.732171,0.997058
11,q_proj,52,2.716797,2.708808,0.997059
11,q_proj,56,2.6875,2.679604,0.997062
11,q_proj,60,2.65625,2.648452,0.997064
11,q_proj,64,2.623047,2.615354,0.997067
11,q_proj,68,2.591797,2.584203,0.99707
11,q_proj,72,2.566406,2.558892,0.997072
11,q_proj,76,2.548828,2.541369,0.997074
11,q_proj,80,2.527344,2.519953,0.997076
11,q_proj,84,2.5,2.492695,0.997078
11,q_proj,88,2.474609,2.467384,0.99708
11,q_proj,92,2.445312,2.43818,0.997083
11,q_proj,96,2.417969,2.410922,0.997086
11,q_proj,100,2.394531,2.387558,0.997088
11,q_proj,104,2.375,2.368088,0.997089
11,q_proj,108,2.34375,2.336936,0.997093
11,q_proj,112,2.320312,2.313571,0.997095
11,q_proj,116,2.285156,2.278525,0.997098
11,q_proj,120,2.263672,2.257108,0.9971
11,q_proj,124,2.224609,2.218168,0.997104
11,k_proj,0,2.626953,2.636624,1.003681
11,k_proj,4,2.304688,2.313115,1.003657
11,k_proj,8,2.25,2.258217,1.003652
11,k_proj,12,2.207031,2.215083,1.003648
11,k_proj,16,2.164062,2.171949,1.003644
11,k_proj,20,2.134766,2.14254,1.003642
11,k_proj,24,2.101562,2.10921,1.003639
11,k_proj,28,2.070312,2.07784,1.003636
11,k_proj,32,2.033203,2.040589,1.003633
11,k_proj,36,2.001953,2.00922,1.00363
11,k_proj,40,1.984375,1.991574,1.003628
11,k_proj,44,1.953125,1.960205,1.003625
11,k_proj,48,1.929688,1.936678,1.003623
11,k_proj,52,1.891602,1.898447,1.003619
11,k_proj,56,1.871094,1.877861,1.003617
11,k_proj,60,1.844727,1.851394,1.003614
11,k_proj,64,1.806641,1.813163,1.00361
11,k_proj,68,1.78125,1.787676,1.003607
11,k_proj,72,1.75,1.756307,1.003604
11,k_proj,76,1.725586,1.731801,1.003601
11,k_proj,80,1.699219,1.705333,1.003599
11,k_proj,84,1.666992,1.672985,1.003595
11,k_proj,88,1.638672,1.644557,1.003592
11,k_proj,92,1.612305,1.618091,1.003589
11,k_proj,96,1.585938,1.591624,1.003585
11,k_proj,100,1.55957,1.565157,1.003582
11,k_proj,104,1.537109,1.542611,1.00358
11,k_proj,108,1.509766,1.515165,1.003576
11,k_proj,112,1.487305,1.492619,1.003573
11,k_proj,116,1.452148,1.457331,1.003569
11,k_proj,120,1.429688,1.434785,1.003566
11,k_proj,124,1.404297,1.409299,1.003562
11,v_proj,0,1.439453,1.439735,1.000196
11,v_proj,4,1.348633,1.348897,1.000196
11,v_proj,8,1.316406,1.316664,1.000196
11,v_proj,12,1.286133,1.286385,1.000196
11,v_proj,16,1.25293,1.253175,1.000196
11,v_proj,20,1.242188,1.242431,1.000196
11,v_proj,24,1.222656,1.222896,1.000196
11,v_proj,28,1.207031,1.207268,1.000196
11,v_proj,32,1.195312,1.195547,1.000196
11,v_proj,36,1.183594,1.183826,1.000196
11,v_proj,40,1.170898,1.171128,1.000196
11,v_proj,44,1.160156,1.160383,1.000196
11,v_proj,48,1.151367,1.151593,1.000196
11,v_proj,52,1.139648,1.139872,1.000196
11,v_proj,56,1.125977,1.126197,1.000196
11,v_proj,60,1.118164,1.118383,1.000196
11,v_proj,64,1.109375,1.109592,1.000196
11,v_proj,68,1.099609,1.099825,1.000196
11,v_proj,72,1.083984,1.084197,1.000196
11,v_proj,76,1.074219,1.074429,1.000196
11,v_proj,80,1.06543,1.065638,1.000196
11,v_proj,84,1.057617,1.057824,1.000196
11,v_proj,88,1.044922,1.045126,1.000196
11,v_proj,92,1.037109,1.037312,1.000196
11,v_proj,96,1.025391,1.025591,1.000196
11,v_proj,100,1.017578,1.017777,1.000196
11,v_proj,104,1.006836,1.007033,1.000196
11,v_proj,108,0.996094,0.996289,1.000196
11,v_proj,112,0.98584,0.986033,1.000196
11,v_proj,116,0.972656,0.972847,1.000196
11,v_proj,120,0.964355,0.964544,1.000196
11,v_proj,124,0.949219,0.949404,1.000196
11,o_proj,0,4.351562,4.328946,0.994803
11,o_proj,4,2.908203,2.893509,0.994947
11,o_proj,8,2.753906,2.740046,0.994967
11,o_proj,12,2.628906,2.615718,0.994983
11,o_proj,16,2.548828,2.53607,0.994994
11,o_proj,20,2.476562,2.464191,0.995005
11,o_proj,24,2.402344,2.39037,0.995016
11,o_proj,28,2.357422,2.345688,0.995022
11,o_proj,32,2.3125,2.301005,0.995029
11,o_proj,36,2.271484,2.260208,0.995036
11,o_proj,40,2.230469,2.21941,0.995042
11,o_proj,44,2.203125,2.192212,0.995047
11,o_proj,48,2.177734,2.166956,0.995051
11,o_proj,52,2.140625,2.130044,0.995057
11,o_proj,56,2.119141,2.108673,0.99506
11,o_proj,60,2.091797,2.081474,0.995065
11,o_proj,64,2.070312,2.060104,0.995069
11,o_proj,68,2.037109,2.027076,0.995075
11,o_proj,72,2.013672,2.003762,0.995079
11,o_proj,76,1.993164,1.983362,0.995082
11,o_proj,80,1.975586,1.965877,0.995086
11,o_proj,84,1.957031,1.94742,0.995089
11,o_proj,88,1.933594,1.924106,0.995093
11,o_proj,92,1.914062,1.904678,0.995097
11,o_proj,96,1.896484,1.887192,0.9951
11,o_proj,100,1.879883,1.870677,0.995103
11,o_proj,104,1.865234,1.856106,0.995106
11,o_proj,108,1.839844,1.830849,0.995111
11,o_proj,112,1.817383,1.808506,0.995115
11,o_proj,116,1.799805,1.791019,0.995119
11,o_proj,120,1.782227,1.773534,0.995122
11,o_proj,124,1.765625,1.757019,0.995126
12,q_proj,0,3.980469,3.995964,1.003893
12,q_proj,4,3.533203,3.546849,1.003862
12,q_proj,8,3.339844,3.352696,1.003848
12,q_proj,12,3.158203,3.170312,1.003834
12,q_proj,16,3.072266,3.084023,1.003827
12,q_proj,20,2.957031,2.968319,1.003817
12,q_proj,24,2.884766,2.895759,1.003811
12,q_proj,28,2.798828,2.809473,1.003803
12,q_proj,32,2.759766,2.770252,1.0038
12,q_proj,36,2.71875,2.72907,1.003796
12,q_proj,40,2.671875,2.682005,1.003791
12,q_proj,44,2.638672,2.648668,1.003788
12,q_proj,48,2.605469,2.61533,1.003785
12,q_proj,52,2.558594,2.568266,1.00378
12,q_proj,56,2.527344,2.53689,1.003777
12,q_proj,60,2.5,2.509436,1.003775
12,q_proj,64,2.46875,2.47806,1.003771
12,q_proj,68,2.439453,2.448646,1.003768
12,q_proj,72,2.414062,2.423153,1.003766
12,q_proj,76,2.384766,2.393738,1.003762
12,q_proj,80,2.365234,2.374129,1.00376
12,q_proj,84,2.333984,2.342753,1.003757
12,q_proj,88,2.3125,2.321183,1.003755
12,q_proj,92,2.279297,2.287846,1.003751
12,q_proj,96,2.265625,2.27412,1.003749
12,q_proj,100,2.236328,2.244706,1.003746
12,q_proj,104,2.205078,2.213331,1.003743
12,q_proj,108,2.1875,2.195682,1.00374
12,q_proj,112,2.166016,2.174112,1.003738
12,q_proj,116,2.138672,2.146659,1.003735
12,q_proj,120,2.117188,2.125089,1.003732
12,q_proj,124,2.083984,2.091754,1.003728
12,k_proj,0,2.546875,2.552014,1.002018
12,k_proj,4,2.214844,2.219323,1.002022
12,k_proj,8,2.117188,2.121472,1.002024
12,k_proj,12,2.078125,2.082332,1.002024
12,k_proj,16,2.044922,2.049063,1.002025
12,k_proj,20,2.001953,2.006008,1.002026
12,k_proj,24,1.966797,1.970782,1.002026
12,k_proj,28,1.945312,1.949255,1.002027
12,k_proj,32,1.918945,1.922835,1.002027
12,k_proj,36,1.889648,1.89348,1.002028
12,k_proj,40,1.858398,1.862167,1.002028
12,k_proj,44,1.837891,1.841619,1.002028
12,k_proj,48,1.810547,1.81422,1.002029
12,k_proj,52,1.789062,1.792693,1.002029
12,k_proj,56,1.767578,1.771166,1.00203
12,k_proj,60,1.745117,1.74866,1.00203
12,k_proj,64,1.72168,1.725175,1.00203
12,k_proj,68,1.701172,1.704627,1.002031
12,k_proj,72,1.677734,1.681142,1.002031
12,k_proj,76,1.665039,1.668422,1.002032
12,k_proj,80,1.643555,1.646894,1.002032
12,k_proj,84,1.625,1.628303,1.002032
12,k_proj,88,1.608398,1.611668,1.002033
12,k_proj,92,1.587891,1.591119,1.002033
12,k_proj,96,1.572266,1.575463,1.002033
12,k_proj,100,1.543945,1.547086,1.002034
12,k_proj,104,1.533203,1.536322,1.002034
12,k_proj,108,1.506836,1.509902,1.002035
12,k_proj,112,1.482422,1.485439,1.002035
12,k_proj,116,1.464844,1.467826,1.002036
12,k_proj,120,1.436523,1.439449,1.002036
12,k_proj,124,1.412109,1.414986,1.002037
12,v_proj,0,1.378906,1.37359,0.996144
12,v_proj,4,1.316406,1.311318,0.996135
12,v_proj,8,1.295898,1.290885,0.996132
12,v_proj,12,1.280273,1.275317,0.996129
12,v_proj,16,1.263672,1.258777,0.996126
12,v_proj,20,1.250977,1.246128,0.996124
12,v_proj,24,1.237305,1.232506,0.996122
12,v_proj,28,1.228516,1.223749,0.99612
12,v_proj,32,1.212891,1.208182,0.996118
12,v_proj,36,1.202148,1.197479,0.996116
12,v_proj,40,1.192383,1.187749,0.996114
12,v_proj,44,1.179688,1.175101,0.996112
12,v_proj,48,1.170898,1.166344,0.99611
12,v_proj,52,1.160156,1.155641,0.996108
12,v_proj,56,1.148438,1.143966,0.996106
12,v_proj,60,1.138672,1.134236,0.996104
12,v_proj,64,1.12793,1.123533,0.996102
12,v_proj,68,1.119141,1.114777,0.996101
12,v_proj,72,1.109375,1.105047,0.996099
12,v_proj,76,1.095703,1.091426,0.996096
12,v_proj,80,1.083008,1.078777,0.996094
12,v_proj,84,1.076172,1.071967,0.996093
12,v_proj,88,1.067383,1.06321,0.996091
12,v_proj,92,1.057617,1.053481,0.996089
12,v_proj,96,1.047852,1.043751,0.996087
12,v_proj,100,1.039062,1.034995,0.996085
12,v_proj,104,1.02832,1.024292,0.996083
12,v_proj,108,1.015625,1.011644,0.99608
12,v_proj,112,1.005859,1.001915,0.996078
12,v_proj,116,0.994629,0.990726,0.996076
12,v_proj,120,0.980957,0.977105,0.996073
12,v_proj,124,0.969727,0.965916,0.996071
12,o_proj,0,4.644531,4.666432,1.004715
12,o_proj,4,2.982422,2.996119,1.004593
12,o_proj,8,2.880859,2.894062,1.004583
12,o_proj,12,2.767578,2.780231,1.004572
12,o_proj,16,2.666016,2.678176,1.004561
12,o_proj,20,2.568359,2.580048,1.004551
12,o_proj,24,2.501953,2.513322,1.004544
12,o_proj,28,2.427734,2.438745,1.004535
12,o_proj,32,2.380859,2.391645,1.00453
12,o_proj,36,2.333984,2.344545,1.004525
12,o_proj,40,2.292969,2.303332,1.00452
12,o_proj,44,2.259766,2.26997,1.004516
12,o_proj,48,2.232422,2.242495,1.004512
12,o_proj,52,2.207031,2.216983,1.004509
12,o_proj,56,2.175781,2.185583,1.004505
12,o_proj,60,2.150391,2.160071,1.004502
12,o_proj,64,2.123047,2.132597,1.004498
12,o_proj,68,2.099609,2.109047,1.004495
12,o_proj,72,2.074219,2.083536,1.004492
12,o_proj,76,2.041016,2.050174,1.004487
12,o_proj,80,2.021484,2.03055,1.004485
12,o_proj,84,2.003906,2.012888,1.004482
12,o_proj,88,1.986328,1.995227,1.00448
12,o_proj,92,1.963867,1.972659,1.004477
12,o_proj,96,1.943359,1.952054,1.004474
12,o_proj,100,1.925781,1.934392,1.004471
12,o_proj,104,1.902344,1.910843,1.004468
12,o_proj,108,1.883789,1.8922,1.004465
12,o_proj,112,1.859375,1.86767,1.004461
12,o_proj,116,1.835938,1.844122,1.004458
12,o_proj,120,1.816406,1.824498,1.004455
12,o_proj,124,1.796875,1.804875,1.004452
13,q_proj,0,4.273438,4.286718,1.003108
13,q_proj,4,3.646484,3.657739,1.003086
13,q_proj,8,3.447266,3.45788,1.003079
13,q_proj,12,3.347656,3.35795,1.003075
13,q_proj,16,3.208984,3.218834,1.003069
13,q_proj,20,3.136719,3.146338,1.003067
13,q_proj,24,3.054688,3.064044,1.003063
13,q_proj,28,2.966797,2.975873,1.003059
13,q_proj,32,2.902344,2.911214,1.003056
13,q_proj,36,2.849609,2.858311,1.003054
13,q_proj,40,2.771484,2.779937,1.00305
13,q_proj,44,2.742188,2.750547,1.003049
13,q_proj,48,2.685547,2.693726,1.003046
13,q_proj,52,2.648438,2.656499,1.003044
13,q_proj,56,2.605469,2.613394,1.003042
13,q_proj,60,2.550781,2.558533,1.003039
13,q_proj,64,2.519531,2.527184,1.003037
13,q_proj,68,2.482422,2.489957,1.003035
13,q_proj,72,2.453125,2.460567,1.003034
13,q_proj,76,2.427734,2.435096,1.003032
13,q_proj,80,2.380859,2.388073,1.00303
13,q_proj,84,2.357422,2.364561,1.003028
13,q_proj,88,2.324219,2.331253,1.003027
13,q_proj,92,2.292969,2.299905,1.003025
13,q_proj,96,2.257812,2.264637,1.003023
13,q_proj,100,2.226562,2.233289,1.003021
13,q_proj,104,2.197266,2.203899,1.003019
13,q_proj,108,2.162109,2.168633,1.003017
13,q_proj,112,2.128906,2.135325,1.003015
13,q_proj,116,2.095703,2.102017,1.003013
13,q_proj,120,2.074219,2.080465,1.003012
13,q_proj,124,2.042969,2.049117,1.00301
13,k_proj,0,2.953125,2.960243,1.00241
13,k_proj,4,2.435547,2.441368,1.00239
13,k_proj,8,2.298828,2.304308,1.002384
13,k_proj,12,2.207031,2.212283,1.00238
13,k_proj,16,2.144531,2.149628,1.002377
13,k_proj,20,2.085938,2.090889,1.002374
13,k_proj,24,2.046875,2.05173,1.002372
13,k_proj,28,2.011719,2.016486,1.00237
13,k_proj,32,1.958984,1.963621,1.002367
13,k_proj,36,1.932617,1.937189,1.002366
13,k_proj,40,1.879883,1.884325,1.002363
13,k_proj,44,1.847656,1.852018,1.002361
13,k_proj,48,1.819336,1.823628,1.002359
13,k_proj,52,1.782227,1.786428,1.002357
13,k_proj,56,1.746094,1.750206,1.002355
13,k_proj,60,1.711914,1.715942,1.002353
13,k_proj,64,1.685547,1.68951,1.002351
13,k_proj,68,1.655273,1.659162,1.002349
13,k_proj,72,1.632812,1.636646,1.002348
13,k_proj,76,1.59375,1.597488,1.002345
13,k_proj,80,1.571289,1.574972,1.002344
13,k_proj,84,1.540039,1.543646,1.002342
13,k_proj,88,1.515625,1.519172,1.00234
13,k_proj,92,1.484375,1.487845,1.002338
13,k_proj,96,1.461914,1.46533,1.002336
13,k_proj,100,1.43457,1.437919,1.002334
13,k_proj,104,1.407227,1.410509,1.002332
13,k_proj,108,1.386719,1.389951,1.002331
13,k_proj,112,1.353516,1.356667,1.002328
13,k_proj,116,1.321289,1.324362,1.002326
13,k_proj,120,1.302734,1.305762,1.002324
13,k_proj,124,1.270508,1.273458,1.002322
13,v_proj,0,1.333008,1.337639,1.003474
13,v_proj,4,1.303711,1.308234,1.003469
13,v_proj,8,1.289062,1.293531,1.003467
13,v_proj,12,1.275391,1.279809,1.003464
13,v_proj,16,1.262695,1.267067,1.003462
13,v_proj,20,1.255859,1.260206,1.003461
13,v_proj,24,1.246094,1.250404,1.003459
13,v_proj,28,1.238281,1.242563,1.003458
13,v_proj,32,1.229492,1.233741,1.003456
13,v_proj,36,1.220703,1.22492,1.003454
13,v_proj,40,1.209961,1.214138,1.003452
13,v_proj,44,1.203125,1.207277,1.003451
13,v_proj,48,1.192383,1.196495,1.003449
13,v_proj,52,1.183594,1.187674,1.003447
13,v_proj,56,1.176758,1.180813,1.003446
13,v_proj,60,1.167969,1.171992,1.003444
13,v_proj,64,1.15918,1.16317,1.003443
13,v_proj,68,1.151367,1.155329,1.003441
13,v_proj,72,1.144531,1.148468,1.00344
13,v_proj,76,1.136719,1.140627,1.003438
13,v_proj,80,1.130859,1.134746,1.003437
13,v_proj,84,1.123047,1.126905,1.003435
13,v_proj,88,1.116211,1.120044,1.003434
13,v_proj,92,1.107422,1.111223,1.003432
13,v_proj,96,1.099609,1.103382,1.003431
13,v_proj,100,1.092773,1.096521,1.003429
13,v_proj,104,1.082031,1.085739,1.003427
13,v_proj,108,1.074219,1.077898,1.003425
13,v_proj,112,1.06543,1.069077,1.003423
13,v_proj,116,1.057617,1.061236,1.003422
13,v_proj,120,1.047852,1.051435,1.00342
13,v_proj,124,1.038086,1.041634,1.003418
13,o_proj,0,5.355469,5.368772,1.002484
13,o_proj,4,3.294922,3.303115,1.002487
13,o_proj,8,3.050781,3.058369,1.002487
13,o_proj,12,2.705078,2.711807,1.002488
13,o_proj,16,2.607422,2.613909,1.002488
13,o_proj,20,2.550781,2.557127,1.002488
13,o_proj,24,2.484375,2.490556,1.002488
13,o_proj,28,2.439453,2.445523,1.002488
13,o_proj,32,2.410156,2.416153,1.002488
13,o_proj,36,2.367188,2.373078,1.002488
13,o_proj,40,2.339844,2.345666,1.002488
13,o_proj,44,2.298828,2.304549,1.002488
13,o_proj,48,2.263672,2.269305,1.002489
13,o_proj,52,2.242188,2.247768,1.002489
13,o_proj,56,2.21875,2.224272,1.002489
13,o_proj,60,2.1875,2.192944,1.002489
13,o_proj,64,2.150391,2.155743,1.002489
13,o_proj,68,2.126953,2.132247,1.002489
13,o_proj,72,2.105469,2.110709,1.002489
13,o_proj,76,2.078125,2.083298,1.002489
13,o_proj,80,2.056641,2.06176,1.002489
13,o_proj,84,2.033203,2.038264,1.002489
13,o_proj,88,2.003906,2.008894,1.002489
13,o_proj,92,1.990234,1.995189,1.002489
13,o_proj,96,1.966797,1.971693,1.002489
13,o_proj,100,1.947266,1.952113,1.002489
13,o_proj,104,1.929688,1.934491,1.002489
13,o_proj,108,1.90625,1.910996,1.00249
13,o_proj,112,1.885742,1.890437,1.00249
13,o_proj,116,1.865234,1.869878,1.00249
13,o_proj,120,1.842773,1.847361,1.00249
13,o_proj,124,1.820312,1.824845,1.00249
14,q_proj,0,4.1875,4.196318,1.002106
14,q_proj,4,3.810547,3.818566,1.002104
14,q_proj,8,3.632812,3.640455,1.002104
14,q_proj,12,3.460938,3.468216,1.002103
14,q_proj,16,3.324219,3.331208,1.002102
14,q_proj,20,3.230469,3.237259,1.002102
14,q_proj,24,3.142578,3.149182,1.002102
14,q_proj,28,3.089844,3.096336,1.002101
14,q_proj,32,3.025391,3.031747,1.002101
14,q_proj,36,2.972656,2.978901,1.002101
14,q_proj,40,2.929688,2.935841,1.002101
14,q_proj,44,2.884766,2.890825,1.0021
14,q_proj,48,2.833984,2.839936,1.0021
14,q_proj,52,2.789062,2.794919,1.0021
14,q_proj,56,2.75,2.755774,1.0021
14,q_proj,60,2.703125,2.7088,1.002099
14,q_proj,64,2.677734,2.683355,1.002099
14,q_proj,68,2.642578,2.648125,1.002099
14,q_proj,72,2.603516,2.60898,1.002099
14,q_proj,76,2.564453,2.569835,1.002099
14,q_proj,80,2.521484,2.526775,1.002098
14,q_proj,84,2.488281,2.493502,1.002098
14,q_proj,88,2.455078,2.460229,1.002098
14,q_proj,92,2.414062,2.419126,1.002098
14,q_proj,96,2.380859,2.385853,1.002097
14,q_proj,100,2.335938,2.340836,1.002097
14,q_proj,104,2.310547,2.315392,1.002097
14,q_proj,108,2.269531,2.27429,1.002097
14,q_proj,112,2.248047,2.25276,1.002097
14,q_proj,116,2.201172,2.205786,1.002096
14,q_proj,120,2.162109,2.166641,1.002096
14,q_proj,124,2.125,2.129453,1.002096
14,k_proj,0,2.353516,2.360038,1.002771
14,k_proj,4,2.263672,2.269943,1.00277
14,k_proj,8,2.164062,2.170055,1.002769
14,k_proj,12,2.128906,2.1348,1.002769
14,k_proj,16,2.076172,2.081919,1.002768
14,k_proj,20,2.029297,2.034913,1.002767
14,k_proj,24,2.001953,2.007493,1.002767
14,k_proj,28,1.969727,1.975176,1.002767
14,k_proj,32,1.939453,1.944818,1.002766
14,k_proj,36,1.915039,1.920336,1.002766
14,k_proj,40,1.880859,1.886061,1.002765
14,k_proj,44,1.856445,1.861579,1.002765
14,k_proj,48,1.823242,1.828283,1.002765
14,k_proj,52,1.793945,1.798904,1.002764
14,k_proj,56,1.762695,1.767567,1.002764
14,k_proj,60,1.740234,1.745043,1.002763
14,k_proj,64,1.710938,1.715665,1.002763
14,k_proj,68,1.686523,1.691183,1.002763
14,k_proj,72,1.661133,1.665721,1.002762
14,k_proj,76,1.636719,1.641239,1.002762
14,k_proj,80,1.609375,1.613819,1.002761
14,k_proj,84,1.580078,1.584441,1.002761
14,k_proj,88,1.560547,1.564855,1.002761
14,k_proj,92,1.537109,1.541352,1.00276
14,k_proj,96,1.507812,1.511974,1.00276
14,k_proj,100,1.489258,1.493367,1.002759
14,k_proj,104,1.463867,1.467906,1.002759
14,k_proj,108,1.441406,1.445382,1.002759
14,k_proj,112,1.413086,1.416983,1.002758
14,k_proj,116,1.382812,1.386626,1.002758
14,k_proj,120,1.351562,1.355289,1.002757
14,k_proj,124,1.339844,1.343537,1.002757
14,v_proj,0,1.426758,1.429617,1.002004
14,v_proj,4,1.307617,1.310236,1.002003
14,v_proj,8,1.273438,1.275987,1.002002
14,v_proj,12,1.253906,1.256416,1.002002
14,v_proj,16,1.238281,1.24076,1.002002
14,v_proj,20,1.220703,1.223146,1.002001
14,v_proj,24,1.204102,1.206511,1.002001
14,v_proj,28,1.192383,1.194769,1.002001
14,v_proj,32,1.177734,1.180091,1.002001
14,v_proj,36,1.161133,1.163456,1.002
14,v_proj,40,1.149414,1.151713,1.002
14,v_proj,44,1.137695,1.139971,1.002
14,v_proj,48,1.126953,1.129207,1.002
14,v_proj,52,1.116211,1.118443,1.002
14,v_proj,56,1.105469,1.107679,1.002
14,v_proj,60,1.094727,1.096915,1.001999
14,v_proj,64,1.083984,1.086151,1.001999
14,v_proj,68,1.075195,1.077345,1.001999
14,v_proj,72,1.06543,1.067559,1.001999
14,v_proj,76,1.054688,1.056795,1.001999
14,v_proj,80,1.044922,1.04701,1.001999
14,v_proj,84,1.035156,1.037225,1.001998
14,v_proj,88,1.027344,1.029397,1.001998
14,v_proj,92,1.015625,1.017654,1.001998
14,v_proj,96,1.004883,1.00689,1.001998
14,v_proj,100,0.994629,0.996616,1.001998
14,v_proj,104,0.987305,0.989277,1.001997
14,v_proj,108,0.976562,0.978513,1.001997
14,v_proj,112,0.966309,0.968238,1.001997
14,v_proj,116,0.956055,0.957964,1.001997
14,v_proj,120,0.948242,0.950136,1.001997
14,v_proj,124,0.932617,0.934479,1.001997
14,o_proj,0,4.863281,4.840384,0.995292
14,o_proj,4,3.162109,3.147754,0.99546
14,o_proj,8,3.046875,3.033087,0.995475
14,o_proj,12,2.974609,2.961177,0.995484
14,o_proj,16,2.869141,2.856225,0.995498
14,o_proj,20,2.753906,2.741553,0.995514
14,o_proj,24,2.648438,2.636597,0.995529
14,o_proj,28,2.589844,2.578288,0.995538
14,o_proj,32,2.509766,2.498598,0.99555
14,o_proj,36,2.462891,2.45195,0.995558
14,o_proj,40,2.398438,2.387808,0.995568
14,o_proj,44,2.337891,2.327553,0.995578
14,o_proj,48,2.310547,2.30034,0.995583
14,o_proj,52,2.267578,2.257578,0.99559
14,o_proj,56,2.220703,2.210927,0.995598
14,o_proj,60,2.197266,2.187602,0.995602
14,o_proj,64,2.158203,2.148727,0.995609
14,o_proj,68,2.134766,2.125401,0.995613
14,o_proj,72,2.107422,2.098188,0.995618
14,o_proj,76,2.085938,2.076806,0.995622
14,o_proj,80,2.060547,2.051536,0.995627
14,o_proj,84,2.044922,2.035986,0.99563
14,o_proj,88,2.017578,2.008772,0.995635
14,o_proj,92,1.996094,1.987389,0.995639
14,o_proj,96,1.96875,1.960176,0.995645
14,o_proj,100,1.947266,1.938793,0.995649
14,o_proj,104,1.924805,1.916439,0.995654
14,o_proj,108,1.90625,1.897972,0.995657
14,o_proj,112,1.881836,1.873673,0.995662
14,o_proj,116,1.867188,1.859094,0.995665
14,o_proj,120,1.842773,1.834795,0.99567
14,o_proj,124,1.813477,1.805636,0.995677
15,q_proj,0,4.425781,4.447154,1.004829
15,q_proj,4,3.708984,3.726706,1.004778
15,q_proj,8,3.357422,3.373368,1.004749
15,q_proj,12,3.261719,3.277183,1.004741
15,q_proj,16,3.128906,3.143703,1.004729
15,q_proj,20,3.052734,3.06715,1.004722
15,q_proj,24,2.988281,3.002374,1.004716
15,q_proj,28,2.955078,2.969005,1.004713
15,q_proj,32,2.917969,2.93171,1.004709
15,q_proj,36,2.878906,2.892452,1.004705
15,q_proj,40,2.833984,2.847306,1.004701
15,q_proj,44,2.804688,2.817863,1.004697
15,q_proj,48,2.769531,2.782531,1.004694
15,q_proj,52,2.740234,2.753088,1.004691
15,q_proj,56,2.712891,2.725609,1.004688
15,q_proj,60,2.673828,2.686352,1.004684
15,q_proj,64,2.644531,2.656909,1.004681
15,q_proj,68,2.619141,2.631392,1.004678
15,q_proj,72,2.589844,2.60195,1.004674
15,q_proj,76,2.558594,2.570545,1.004671
15,q_proj,80,2.533203,2.545028,1.004668
15,q_proj,84,2.507812,2.519512,1.004665
15,q_proj,88,2.478516,2.49007,1.004662
15,q_proj,92,2.439453,2.450814,1.004657
15,q_proj,96,2.412109,2.423335,1.004654
15,q_proj,100,2.386719,2.397819,1.004651
15,q_proj,104,2.365234,2.376229,1.004648
15,q_proj,108,2.335938,2.346787,1.004645
15,q_proj,112,2.310547,2.321271,1.004641
15,q_proj,116,2.273438,2.283979,1.004637
15,q_proj,120,2.25,2.260426,1.004634
15,q_proj,124,2.21875,2.229022,1.00463
15,k_proj,0,2.552734,2.551878,0.999664
15,k_proj,4,2.195312,2.194586,0.999669
15,k_proj,8,2.130859,2.130156,0.99967
15,k_proj,12,2.089844,2.089155,0.999671
15,k_proj,16,2.066406,2.065727,0.999671
15,k_proj,20,2.037109,2.03644,0.999671
15,k_proj,24,1.99707,1.996415,0.999672
15,k_proj,28,1.962891,1.962248,0.999673
15,k_proj,32,1.936523,1.93589,0.999673
15,k_proj,36,1.911133,1.910509,0.999673
15,k_proj,40,1.885742,1.885127,0.999674
15,k_proj,44,1.855469,1.854865,0.999674
15,k_proj,48,1.830078,1.829483,0.999675
15,k_proj,52,1.801758,1.801173,0.999675
15,k_proj,56,1.763672,1.7631,0.999676
15,k_proj,60,1.737305,1.736742,0.999676
15,k_proj,64,1.704102,1.703551,0.999677
15,k_proj,68,1.673828,1.673288,0.999678
15,k_proj,72,1.646484,1.645954,0.999678
15,k_proj,76,1.619141,1.61862,0.999679
15,k_proj,80,1.585938,1.585429,0.999679
15,k_proj,84,1.5625,1.562,0.99968
15,k_proj,88,1.541992,1.541499,0.99968
15,k_proj,92,1.517578,1.517093,0.999681
15,k_proj,96,1.496094,1.495617,0.999681
15,k_proj,100,1.47168,1.471211,0.999682
15,k_proj,104,1.454102,1.453639,0.999682
15,k_proj,108,1.431641,1.431186,0.999682
15,k_proj,112,1.404297,1.403852,0.999683
15,k_proj,116,1.383789,1.383351,0.999683
15,k_proj,120,1.359375,1.358945,0.999684
15,k_proj,124,1.337891,1.337469,0.999685
15,v_proj,0,1.50293,1.496631,0.995809
15,v_proj,4,1.431641,1.425654,0.995818
15,v_proj,8,1.408203,1.402319,0.995821
15,v_proj,12,1.37207,1.366344,0.995826
15,v_proj,16,1.349609,1.343981,0.995829
15,v_proj,20,1.332031,1.326479,0.995832
15,v_proj,24,1.317383,1.311895,0.995834
15,v_proj,28,1.297852,1.292448,0.995837
15,v_proj,32,1.282227,1.276891,0.995839
15,v_proj,36,1.267578,1.262307,0.995841
15,v_proj,40,1.250977,1.245777,0.995844
15,v_proj,44,1.240234,1.235082,0.995845
15,v_proj,48,1.224609,1.219525,0.995848
15,v_proj,52,1.21582,1.210774,0.995849
15,v_proj,56,1.195312,1.190355,0.995852
15,v_proj,60,1.188477,1.183548,0.995853
15,v_proj,64,1.171875,1.167019,0.995856
15,v_proj,68,1.163086,1.158268,0.995858
15,v_proj,72,1.152344,1.147572,0.995859
15,v_proj,76,1.137695,1.132987,0.995862
15,v_proj,80,1.128906,1.124236,0.995863
15,v_proj,84,1.118164,1.11354,0.995865
15,v_proj,88,1.107422,1.102845,0.995867
15,v_proj,92,1.09668,1.092149,0.995869
15,v_proj,96,1.083008,1.078536,0.995871
15,v_proj,100,1.073242,1.068812,0.995873
15,v_proj,104,1.060547,1.056172,0.995875
15,v_proj,108,1.054688,1.050338,0.995876
15,v_proj,112,1.043945,1.039642,0.995878
15,v_proj,116,1.030273,1.026029,0.99588
15,v_proj,120,1.014648,1.010471,0.995883
15,v_proj,124,1.006836,1.002692,0.995885
15,o_proj,0,4.433594,4.410766,0.994851
15,o_proj,4,3.191406,3.175379,0.994978
15,o_proj,8,3.066406,3.051054,0.994993
15,o_proj,12,2.914062,2.89953,0.995013
15,o_proj,16,2.8125,2.798512,0.995027
15,o_proj,20,2.722656,2.70915,0.995039
15,o_proj,24,2.642578,2.6295,0.995051
15,o_proj,28,2.576172,2.563447,0.995061
15,o_proj,32,2.523438,2.510994,0.995069
15,o_proj,36,2.445312,2.433284,0.995081
15,o_proj,40,2.40625,2.394429,0.995087
15,o_proj,44,2.365234,2.353631,0.995094
15,o_proj,48,2.310547,2.299232,0.995103
15,o_proj,52,2.279297,2.268148,0.995109
15,o_proj,56,2.251953,2.240948,0.995113
15,o_proj,60,2.224609,2.213748,0.995118
15,o_proj,64,2.185547,2.174892,0.995125
15,o_proj,68,2.158203,2.147692,0.99513
15,o_proj,72,2.132812,2.122435,0.995134
15,o_proj,76,2.117188,2.106892,0.995137
15,o_proj,80,2.09375,2.083578,0.995142
15,o_proj,84,2.064453,2.054435,0.995147
15,o_proj,88,2.041016,2.03112,0.995152
15,o_proj,92,2.017578,2.007805,0.995156
15,o_proj,96,1.989258,1.979633,0.995162
15,o_proj,100,1.967773,1.958261,0.995166
15,o_proj,104,1.948242,1.938832,0.99517
15,o_proj,108,1.926758,1.91746,0.995174
15,o_proj,112,1.907227,1.89803,0.995178
15,o_proj,116,1.879883,1.870829,0.995184
15,o_proj,120,1.853516,1.844599,0.995189
15,o_proj,124,1.830078,1.821283,0.995194
16,q_proj,0,4.160156,4.144447,0.996224
16,q_proj,4,3.621094,3.607534,0.996255
16,q_proj,8,3.414062,3.401324,0.996269
16,q_proj,12,3.259766,3.247636,0.996279
16,q_proj,16,3.181641,3.16982,0.996285
16,q_proj,20,3.109375,3.097838,0.99629
16,q_proj,24,3.044922,3.033639,0.996295
16,q_proj,28,2.998047,2.986948,0.996298
16,q_proj,32,2.945312,2.934421,0.996302
16,q_proj,36,2.884766,2.874111,0.996307
16,q_proj,40,2.832031,2.821583,0.996311
16,q_proj,44,2.777344,2.76711,0.996315
16,q_proj,48,2.738281,2.7282,0.996318
16,q_proj,52,2.695312,2.685399,0.996322
16,q_proj,56,2.648438,2.638707,0.996326
16,q_proj,60,2.623047,2.613415,0.996328
16,q_proj,64,2.580078,2.570614,0.996332
16,q_proj,68,2.548828,2.539486,0.996335
16,q_proj,72,2.513672,2.504466,0.996338
16,q_proj,76,2.470703,2.461664,0.996342
16,q_proj,80,2.443359,2.434427,0.996344
16,q_proj,84,2.40625,2.397461,0.996348
16,q_proj,88,2.367188,2.35855,0.996351
16,q_proj,92,2.34375,2.335204,0.996354
16,q_proj,96,2.308594,2.300183,0.996357
16,q_proj,100,2.277344,2.269054,0.99636
16,q_proj,104,2.248047,2.23987,0.996363
16,q_proj,108,2.21875,2.210687,0.996366
16,q_proj,112,2.185547,2.177612,0.996369
16,q_proj,116,2.148438,2.140645,0.996373
16,q_proj,120,2.115234,2.10757,0.996377
16,q_proj,124,2.074219,2.066712,0.996381
16,k_proj,0,2.378906,2.3747,0.998232
16,k_proj,4,2.195312,2.191429,0.998231
16,k_proj,8,2.134766,2.130989,0.998231
16,k_proj,12,2.0625,2.058851,0.998231
16,k_proj,16,2.009766,2.00621,0.998231
16,k_proj,20,1.958984,1.955518,0.998231
16,k_proj,24,1.912109,1.908726,0.99823
16,k_proj,28,1.881836,1.878506,0.99823
16,k_proj,32,1.818359,1.815141,0.99823
16,k_proj,36,1.790039,1.786871,0.99823
16,k_proj,40,1.751953,1.748852,0.99823
16,k_proj,44,1.706055,1.703035,0.99823
16,k_proj,48,1.681641,1.678664,0.99823
16,k_proj,52,1.65625,1.653318,0.99823
16,k_proj,56,1.620117,1.617249,0.99823
16,k_proj,60,1.589844,1.587029,0.998229
16,k_proj,64,1.557617,1.554859,0.998229
16,k_proj,68,1.533203,1.530488,0.998229
16,k_proj,72,1.5,1.497344,0.998229
16,k_proj,76,1.479492,1.476872,0.998229
16,k_proj,80,1.441406,1.438854,0.998229
16,k_proj,84,1.424805,1.422281,0.998229
16,k_proj,88,1.402344,1.39986,0.998229
16,k_proj,92,1.383789,1.381338,0.998229
16,k_proj,96,1.34668,1.344294,0.998229
16,k_proj,100,1.328125,1.325772,0.998229
16,k_proj,104,1.304688,1.302376,0.998228
16,k_proj,108,1.279297,1.27703,0.998228
16,k_proj,112,1.251953,1.249735,0.998228
16,k_proj,116,1.229492,1.227314,0.998228
16,k_proj,120,1.207031,1.204892,0.998228
16,k_proj,124,1.180664,1.178572,0.998228
16,v_proj,0,1.816406,1.808226,0.995497
16,v_proj,4,1.501953,1.495288,0.995563
16,v_proj,8,1.417969,1.411705,0.995583
16,v_proj,12,1.393555,1.387407,0.995589
16,v_proj,16,1.359375,1.35339,0.995597
16,v_proj,20,1.338867,1.332979,0.995602
16,v_proj,24,1.326172,1.320344,0.995606
16,v_proj,28,1.308594,1.30285,0.99561
16,v_proj,32,1.299805,1.294102,0.995613
16,v_proj,36,1.28418,1.278551,0.995617
16,v_proj,40,1.271484,1.265916,0.99562
16,v_proj,44,1.260742,1.255224,0.995623
16,v_proj,48,1.25,1.244533,0.995626
16,v_proj,52,1.240234,1.234813,0.995629
16,v_proj,56,1.229492,1.224122,0.995632
16,v_proj,60,1.217773,1.212458,0.995635
16,v_proj,64,1.208008,1.202739,0.995638
16,v_proj,68,1.197266,1.192047,0.995641
16,v_proj,72,1.189453,1.184271,0.995644
16,v_proj,76,1.179688,1.174552,0.995646
16,v_proj,80,1.169922,1.164832,0.995649
16,v_proj,84,1.160156,1.155112,0.995652
16,v_proj,88,1.150391,1.145392,0.995655
16,v_proj,92,1.140625,1.135673,0.995658
16,v_proj,96,1.129883,1.124981,0.995661
16,v_proj,100,1.120117,1.115261,0.995664
16,v_proj,104,1.110352,1.105541,0.995668
16,v_proj,108,1.101562,1.096793,0.99567
16,v_proj,112,1.09082,1.086101,0.995674
16,v_proj,116,1.081055,1.076381,0.995677
16,v_proj,120,1.070312,1.065689,0.99568
16,v_proj,124,1.055664,1.051109,0.995685
16,o_proj,0,5.304688,5.308785,1.000772
16,o_proj,4,2.820312,2.822487,1.000771
16,o_proj,8,2.695312,2.69739,1.000771
16,o_proj,12,2.615234,2.61725,1.000771
16,o_proj,16,2.580078,2.582067,1.000771
16,o_proj,20,2.507812,2.509745,1.000771
16,o_proj,24,2.457031,2.458925,1.000771
16,o_proj,28,2.408203,2.410059,1.000771
16,o_proj,32,2.34375,2.345556,1.00077
16,o_proj,36,2.320312,2.3221,1.00077
16,o_proj,40,2.279297,2.281053,1.00077
16,o_proj,44,2.236328,2.238051,1.00077
16,o_proj,48,2.203125,2.204822,1.00077
16,o_proj,52,2.169922,2.171593,1.00077
16,o_proj,56,2.150391,2.152047,1.00077
16,o_proj,60,2.121094,2.122728,1.00077
16,o_proj,64,2.097656,2.099272,1.00077
16,o_proj,68,2.076172,2.077771,1.00077
16,o_proj,72,2.048828,2.050406,1.00077
16,o_proj,76,2.03125,2.032815,1.00077
16,o_proj,80,2.013672,2.015223,1.00077
16,o_proj,84,1.996094,1.997631,1.00077
16,o_proj,88,1.972656,1.974175,1.00077
16,o_proj,92,1.954102,1.955606,1.00077
16,o_proj,96,1.94043,1.941924,1.00077
16,o_proj,100,1.922852,1.924332,1.00077
16,o_proj,104,1.905273,1.906741,1.00077
16,o_proj,108,1.880859,1.882308,1.00077
16,o_proj,112,1.865234,1.86667,1.00077
16,o_proj,116,1.849609,1.851033,1.00077
16,o_proj,120,1.829102,1.83051,1.00077
16,o_proj,124,1.803711,1.8051,1.00077
17,q_proj,0,3.910156,3.928747,1.004754
17,q_proj,4,3.509766,3.526333,1.00472
17,q_proj,8,3.367188,3.383037,1.004707
17,q_proj,12,3.255859,3.271151,1.004697
17,q_proj,16,3.166016,3.180857,1.004688
17,q_proj,20,3.068359,3.082712,1.004678
17,q_proj,24,3.007812,3.021864,1.004672
17,q_proj,28,2.947266,2.961015,1.004665
17,q_proj,32,2.888672,2.902129,1.004659
17,q_proj,36,2.839844,2.853059,1.004653
17,q_proj,40,2.787109,2.800062,1.004647
17,q_proj,44,2.738281,2.750992,1.004642
17,q_proj,48,2.710938,2.723512,1.004639
17,q_proj,52,2.65625,2.668555,1.004632
17,q_proj,56,2.623047,2.635187,1.004628
17,q_proj,60,2.589844,2.60182,1.004624
17,q_proj,64,2.554688,2.56649,1.00462
17,q_proj,68,2.525391,2.537048,1.004616
17,q_proj,72,2.496094,2.507607,1.004613
17,q_proj,76,2.457031,2.468352,1.004608
17,q_proj,80,2.435547,2.446762,1.004605
17,q_proj,84,2.40625,2.417321,1.004601
17,q_proj,88,2.367188,2.378067,1.004596
17,q_proj,92,2.349609,2.360403,1.004594
17,q_proj,96,2.316406,2.327036,1.004589
17,q_proj,100,2.289062,2.299559,1.004585
17,q_proj,104,2.255859,2.266193,1.004581
17,q_proj,108,2.222656,2.232827,1.004576
17,q_proj,112,2.203125,2.213201,1.004573
17,q_proj,116,2.171875,2.181798,1.004569
17,q_proj,120,2.146484,2.156283,1.004565
17,q_proj,124,2.117188,2.126843,1.004561
17,k_proj,0,2.339844,2.350175,1.004415
17,k_proj,4,2.001953,2.010732,1.004385
17,k_proj,8,1.948242,1.956776,1.00438
17,k_proj,12,1.90332,1.911648,1.004375
17,k_proj,16,1.855469,1.863578,1.004371
17,k_proj,20,1.822266,1.830224,1.004367
17,k_proj,24,1.780273,1.78804,1.004363
17,k_proj,28,1.733398,1.740952,1.004357
17,k_proj,32,1.705078,1.712502,1.004354
17,k_proj,36,1.666992,1.674243,1.00435
17,k_proj,40,1.639648,1.646775,1.004347
17,k_proj,44,1.611328,1.618327,1.004343
17,k_proj,48,1.583008,1.589878,1.00434
17,k_proj,52,1.554688,1.561429,1.004336
17,k_proj,56,1.533203,1.539847,1.004334
17,k_proj,60,1.506836,1.513361,1.00433
17,k_proj,64,1.481445,1.487856,1.004327
17,k_proj,68,1.456055,1.46235,1.004324
17,k_proj,72,1.439453,1.445674,1.004321
17,k_proj,76,1.417969,1.424092,1.004318
17,k_proj,80,1.398438,1.404473,1.004316
17,k_proj,84,1.376953,1.382892,1.004313
17,k_proj,88,1.359375,1.365234,1.00431
17,k_proj,92,1.341797,1.347577,1.004308
17,k_proj,96,1.330078,1.335806,1.004306
17,k_proj,100,1.311523,1.317167,1.004303
17,k_proj,104,1.297852,1.303434,1.004301
17,k_proj,108,1.27832,1.283815,1.004298
17,k_proj,112,1.261719,1.267139,1.004296
17,k_proj,116,1.244141,1.249482,1.004293
17,k_proj,120,1.223633,1.228882,1.00429
17,k_proj,124,1.208984,1.214168,1.004287
17,v_proj,0,1.637695,1.645221,1.004596
17,v_proj,4,1.492188,1.49899,1.004559
17,v_proj,8,1.438477,1.445014,1.004545
17,v_proj,12,1.414062,1.42048,1.004538
17,v_proj,16,1.384766,1.391038,1.00453
17,v_proj,20,1.367188,1.373374,1.004525
17,v_proj,24,1.355469,1.361597,1.004521
17,v_proj,28,1.336914,1.342952,1.004516
17,v_proj,32,1.323242,1.329213,1.004512
17,v_proj,36,1.310547,1.316455,1.004508
17,v_proj,40,1.298828,1.304679,1.004505
17,v_proj,44,1.287109,1.292903,1.004501
17,v_proj,48,1.279297,1.285052,1.004499
17,v_proj,52,1.267578,1.273276,1.004495
17,v_proj,56,1.256836,1.262481,1.004492
17,v_proj,60,1.248047,1.253649,1.004489
17,v_proj,64,1.236328,1.241873,1.004485
17,v_proj,68,1.225586,1.231079,1.004482
17,v_proj,72,1.21582,1.221266,1.004479
17,v_proj,76,1.202148,1.207527,1.004474
17,v_proj,80,1.191406,1.196733,1.004471
17,v_proj,84,1.180664,1.185938,1.004467
17,v_proj,88,1.173828,1.179069,1.004465
17,v_proj,92,1.15918,1.16435,1.00446
17,v_proj,96,1.149414,1.154537,1.004457
17,v_proj,100,1.139648,1.144724,1.004453
17,v_proj,104,1.125977,1.130985,1.004449
17,v_proj,108,1.114258,1.11921,1.004444
17,v_proj,112,1.102539,1.107435,1.00444
17,v_proj,116,1.09082,1.095659,1.004436
17,v_proj,120,1.079102,1.083884,1.004432
17,v_proj,124,1.067383,1.072109,1.004427
17,o_proj,0,4.789062,4.813294,1.00506
17,o_proj,4,2.902344,2.916481,1.004871
17,o_proj,8,2.822266,2.835983,1.00486
17,o_proj,12,2.730469,2.743707,1.004848
17,o_proj,16,2.679688,2.69266,1.004841
17,o_proj,20,2.621094,2.633761,1.004833
17,o_proj,24,2.583984,2.596458,1.004827
17,o_proj,28,2.519531,2.53167,1.004818
17,o_proj,32,2.472656,2.484552,1.004811
17,o_proj,36,2.427734,2.439397,1.004804
17,o_proj,40,2.386719,2.398169,1.004798
17,o_proj,44,2.353516,2.364794,1.004792
17,o_proj,48,2.322266,2.333383,1.004787
17,o_proj,52,2.289062,2.300008,1.004782
17,o_proj,56,2.259766,2.270561,1.004777
17,o_proj,60,2.232422,2.243076,1.004772
17,o_proj,64,2.207031,2.217554,1.004768
17,o_proj,68,2.179688,2.19007,1.004763
17,o_proj,72,2.15625,2.166512,1.004759
17,o_proj,76,2.130859,2.140991,1.004755
17,o_proj,80,2.115234,2.125286,1.004752
17,o_proj,84,2.091797,2.101728,1.004748
17,o_proj,88,2.056641,2.066392,1.004742
17,o_proj,92,2.044922,2.054614,1.004739
17,o_proj,96,2.015625,2.025167,1.004734
17,o_proj,100,1.994141,2.003573,1.00473
17,o_proj,104,1.961914,1.971182,1.004724
17,o_proj,108,1.945312,1.954496,1.004721
17,o_proj,112,1.923828,1.932902,1.004716
17,o_proj,116,1.90332,1.91229,1.004712
17,o_proj,120,1.869141,1.877936,1.004706
17,o_proj,124,1.847656,1.856342,1.004701
18,q_proj,0,4.171875,4.166982,0.998827
18,q_proj,4,3.617188,3.612951,0.998829
18,q_proj,8,3.4375,3.433476,0.998829
18,q_proj,12,3.333984,3.330083,0.99883
18,q_proj,16,3.214844,3.211083,0.99883
18,q_proj,20,3.099609,3.095984,0.998831
18,q_proj,24,3.046875,3.043313,0.998831
18,q_proj,28,2.980469,2.976985,0.998831
18,q_proj,32,2.900391,2.897001,0.998831
18,q_proj,36,2.830078,2.826771,0.998832
18,q_proj,40,2.789062,2.785804,0.998832
18,q_proj,44,2.736328,2.733132,0.998832
18,q_proj,48,2.673828,2.670706,0.998832
18,q_proj,52,2.623047,2.619984,0.998832
18,q_proj,56,2.589844,2.58682,0.998833
18,q_proj,60,2.552734,2.549755,0.998833
18,q_proj,64,2.521484,2.518542,0.998833
18,q_proj,68,2.478516,2.475624,0.998833
18,q_proj,72,2.433594,2.430755,0.998833
18,q_proj,76,2.408203,2.405394,0.998833
18,q_proj,80,2.369141,2.366377,0.998834
18,q_proj,84,2.333984,2.331263,0.998834
18,q_proj,88,2.300781,2.298099,0.998834
18,q_proj,92,2.267578,2.264935,0.998834
18,q_proj,96,2.236328,2.233721,0.998834
18,q_proj,100,2.210938,2.208361,0.998835
18,q_proj,104,2.171875,2.169344,0.998835
18,q_proj,108,2.144531,2.142032,0.998835
18,q_proj,112,2.105469,2.103016,0.998835
18,q_proj,116,2.080078,2.077655,0.998835
18,q_proj,120,2.042969,2.04059,0.998835
18,q_proj,124,2.011719,2.009376,0.998836
18,k_proj,0,2.763672,2.752499,0.995957
18,k_proj,4,2.105469,2.09708,0.996016
18,k_proj,8,2.011719,2.003723,0.996025
18,k_proj,12,1.955078,1.94732,0.996032
18,k_proj,16,1.881836,1.874384,0.99604
18,k_proj,20,1.834961,1.827704,0.996045
18,k_proj,24,1.787109,1.780052,0.996051
18,k_proj,28,1.759766,1.752822,0.996054
18,k_proj,32,1.710938,1.704197,0.99606
18,k_proj,36,1.677734,1.671132,0.996065
18,k_proj,40,1.646484,1.640012,0.996069
18,k_proj,44,1.62207,1.615699,0.996072
18,k_proj,48,1.583008,1.576798,0.996077
18,k_proj,52,1.5625,1.556375,0.99608
18,k_proj,56,1.532227,1.526227,0.996084
18,k_proj,60,1.50293,1.497051,0.996089
18,k_proj,64,1.483398,1.4776,0.996091
18,k_proj,68,1.458984,1.453287,0.996095
18,k_proj,72,1.438477,1.432864,0.996098
18,k_proj,76,1.412109,1.406605,0.996102
18,k_proj,80,1.386719,1.381319,0.996106
18,k_proj,84,1.360352,1.35506,0.99611
18,k_proj,88,1.335938,1.330746,0.996114
18,k_proj,92,1.313477,1.308378,0.996118
18,k_proj,96,1.296875,1.291844,0.996121
18,k_proj,100,1.271484,1.266557,0.996125
18,k_proj,104,1.253906,1.249051,0.996128
18,k_proj,108,1.226562,1.221819,0.996133
18,k_proj,112,1.209961,1.205285,0.996136
18,k_proj,116,1.188477,1.183889,0.99614
18,k_proj,120,1.165039,1.160547,0.996144
18,k_proj,124,1.138672,1.134287,0.996149
18,v_proj,0,1.500977,1.49662,0.997098
18,v_proj,4,1.453125,1.448908,0.997098
18,v_proj,8,1.418945,1.414827,0.997098
18,v_proj,12,1.394531,1.390484,0.997098
18,v_proj,16,1.379883,1.375878,0.997098
18,v_proj,20,1.367188,1.36322,0.997098
18,v_proj,24,1.353516,1.349588,0.997098
18,v_proj,28,1.34668,1.342772,0.997098
18,v_proj,32,1.334961,1.331087,0.997098
18,v_proj,36,1.324219,1.320376,0.997098
18,v_proj,40,1.316406,1.312586,0.997098
18,v_proj,44,1.307617,1.303823,0.997098
18,v_proj,48,1.297852,1.294086,0.997098
18,v_proj,52,1.288086,1.284348,0.997098
18,v_proj,56,1.27832,1.274611,0.997098
18,v_proj,60,1.270508,1.266821,0.997098
18,v_proj,64,1.262695,1.259032,0.997099
18,v_proj,68,1.253906,1.250268,0.997099
18,v_proj,72,1.24707,1.243452,0.997099
18,v_proj,76,1.238281,1.234689,0.997099
18,v_proj,80,1.231445,1.227872,0.997099
18,v_proj,84,1.223633,1.220083,0.997099
18,v_proj,88,1.217773,1.21424,0.997099
18,v_proj,92,1.207031,1.203529,0.997099
18,v_proj,96,1.198242,1.194766,0.997099
18,v_proj,100,1.19043,1.186976,0.997099
18,v_proj,104,1.180664,1.177239,0.997099
18,v_proj,108,1.172852,1.169449,0.997099
18,v_proj,112,1.163086,1.159712,0.997099
18,v_proj,116,1.15625,1.152896,0.997099
18,v_proj,120,1.145508,1.142185,0.997099
18,v_proj,124,1.132812,1.129526,0.997099
18,o_proj,0,5.207031,5.178339,0.99449
18,o_proj,4,3.402344,3.384203,0.994668
18,o_proj,8,3.289062,3.271572,0.994682
18,o_proj,12,3.181641,3.164766,0.994696
18,o_proj,16,3.111328,3.094856,0.994706
18,o_proj,20,3.037109,3.021059,0.994715
18,o_proj,24,2.974609,2.958916,0.994724
18,o_proj,28,2.908203,2.892888,0.994734
18,o_proj,32,2.855469,2.840453,0.994741
18,o_proj,36,2.798828,2.784133,0.99475
18,o_proj,40,2.765625,2.751118,0.994754
18,o_proj,44,2.708984,2.694798,0.994763
18,o_proj,48,2.652344,2.638477,0.994772
18,o_proj,52,2.59375,2.580214,0.994781
18,o_proj,56,2.552734,2.539429,0.994788
18,o_proj,60,2.517578,2.504471,0.994794
18,o_proj,64,2.474609,2.461743,0.994801
18,o_proj,68,2.425781,2.413189,0.994809
18,o_proj,72,2.404297,2.391825,0.994813
18,o_proj,76,2.363281,2.35104,0.99482
18,o_proj,80,2.332031,2.319964,0.994826
18,o_proj,84,2.304688,2.292773,0.99483
18,o_proj,88,2.28125,2.269467,0.994835
18,o_proj,92,2.255859,2.244218,0.994839
18,o_proj,96,2.230469,2.218969,0.994844
18,o_proj,100,2.208984,2.197604,0.994848
18,o_proj,104,2.171875,2.160701,0.994855
18,o_proj,108,2.15625,2.145163,0.994858
18,o_proj,112,2.136719,2.12574,0.994862
18,o_proj,116,2.111328,2.10049,0.994867
18,o_proj,120,2.083984,2.073298,0.994872
18,o_proj,124,2.058594,2.048048,0.994877
19,q_proj,0,4.539062,4.516919,0.995122
19,q_proj,4,3.455078,3.438525,0.995209
19,q_proj,8,3.283203,3.267528,0.995226
19,q_proj,12,3.146484,3.131505,0.995239
19,q_proj,16,3.0625,3.047947,0.995248
19,q_proj,20,2.988281,2.974104,0.995256
19,q_proj,24,2.910156,2.896375,0.995264
19,q_proj,28,2.867188,2.853623,0.995269
19,q_proj,32,2.835938,2.822531,0.995273
19,q_proj,36,2.777344,2.764233,0.995279
19,q_proj,40,2.71875,2.705935,0.995286
19,q_proj,44,2.677734,2.665125,0.995291
19,q_proj,48,2.646484,2.634032,0.995295
19,q_proj,52,2.605469,2.593223,0.9953
19,q_proj,56,2.566406,2.554357,0.995305
19,q_proj,60,2.525391,2.513547,0.99531
19,q_proj,64,2.5,2.488283,0.995313
19,q_proj,68,2.455078,2.443586,0.995319
19,q_proj,72,2.429688,2.418323,0.995322
19,q_proj,76,2.398438,2.387228,0.995327
19,q_proj,80,2.359375,2.348361,0.995332
19,q_proj,84,2.330078,2.319211,0.995336
19,q_proj,88,2.292969,2.282286,0.995341
19,q_proj,92,2.255859,2.245361,0.995346
19,q_proj,96,2.234375,2.223984,0.995349
19,q_proj,100,2.193359,2.183172,0.995355
19,q_proj,104,2.154297,2.144303,0.995361
19,q_proj,108,2.125,2.115152,0.995365
19,q_proj,112,2.089844,2.08017,0.995371
19,q_proj,116,2.064453,2.054905,0.995375
19,q_proj,120,2.025391,2.016036,0.995381
19,q_proj,124,1.991211,1.982024,0.995386
19,k_proj,0,2.441406,2.429396,0.995081
19,k_proj,4,1.945312,1.935892,0.995157
19,k_proj,8,1.889648,1.880516,0.995167
19,k_proj,12,1.831055,1.822225,0.995178
19,k_proj,16,1.793945,1.785307,0.995185
19,k_proj,20,1.737305,1.728958,0.995196
19,k_proj,24,1.697266,1.689125,0.995204
19,k_proj,28,1.658203,1.650262,0.995211
19,k_proj,32,1.619141,1.6114,0.995219
19,k_proj,36,1.586914,1.579338,0.995226
19,k_proj,40,1.558594,1.551162,0.995232
19,k_proj,44,1.519531,1.512299,0.995241
19,k_proj,48,1.489258,1.48218,0.995247
19,k_proj,52,1.469727,1.462748,0.995252
19,k_proj,56,1.433594,1.426799,0.99526
19,k_proj,60,1.40918,1.402508,0.995266
19,k_proj,64,1.383789,1.377247,0.995272
19,k_proj,68,1.361328,1.354899,0.995278
19,k_proj,72,1.331055,1.324779,0.995285
19,k_proj,76,1.310547,1.304375,0.99529
19,k_proj,80,1.283203,1.277169,0.995297
19,k_proj,84,1.265625,1.259679,0.995302
19,k_proj,88,1.241211,1.235388,0.995309
19,k_proj,92,1.219727,1.214011,0.995314
19,k_proj,96,1.200195,1.194578,0.99532
19,k_proj,100,1.171875,1.1664,0.995328
19,k_proj,104,1.15332,1.147938,0.995333
19,k_proj,108,1.137695,1.132391,0.995338
19,k_proj,112,1.112305,1.107127,0.995345
19,k_proj,116,1.089844,1.084778,0.995352
19,k_proj,120,1.06543,1.060486,0.99536
19,k_proj,124,1.041992,1.037165,0.995367
19,v_proj,0,1.59375,1.586583,0.995503
19,v_proj,4,1.538086,1.531188,0.995515
19,v_proj,8,1.508789,1.502032,0.995521
19,v_proj,12,1.481445,1.474819,0.995527
19,v_proj,16,1.461914,1.455382,0.995532
19,v_proj,20,1.447266,1.440804,0.995535
19,v_proj,24,1.432617,1.426226,0.995539
19,v_proj,28,1.416016,1.409704,0.995542
19,v_proj,32,1.398438,1.39221,0.995547
19,v_proj,36,1.384766,1.378603,0.99555
19,v_proj,40,1.370117,1.364025,0.995554
19,v_proj,44,1.360352,1.354306,0.995556
19,v_proj,48,1.34668,1.3407,0.995559
19,v_proj,52,1.334961,1.329037,0.995562
19,v_proj,56,1.323242,1.317374,0.995565
19,v_proj,60,1.311523,1.305711,0.995568
19,v_proj,64,1.299805,1.294048,0.995571
19,v_proj,68,1.287109,1.281413,0.995574
19,v_proj,72,1.27832,1.272666,0.995577
19,v_proj,76,1.267578,1.261975,0.99558
19,v_proj,80,1.256836,1.251284,0.995582
19,v_proj,84,1.246094,1.240593,0.995585
19,v_proj,88,1.235352,1.229902,0.995588
19,v_proj,92,1.226562,1.221154,0.995591
19,v_proj,96,1.216797,1.211435,0.995593
19,v_proj,100,1.204102,1.1988,0.995597
19,v_proj,104,1.192383,1.187136,0.9956
19,v_proj,108,1.186523,1.181305,0.995602
19,v_proj,112,1.174805,1.169641,0.995605
19,v_proj,116,1.162109,1.157006,0.995609
19,v_proj,120,1.152344,1.147287,0.995612
19,v_proj,124,1.140625,1.135623,0.995615
19,o_proj,0,4.945312,4.922214,0.995329
19,o_proj,4,3.304688,3.289642,0.995447
19,o_proj,8,3.166016,3.151641,0.99546
19,o_proj,12,3.0625,3.048625,0.995469
19,o_proj,16,2.923828,2.910621,0.995483
19,o_proj,20,2.851562,2.838703,0.99549
19,o_proj,24,2.765625,2.753177,0.995499
19,o_proj,28,2.675781,2.663764,0.995509
19,o_proj,32,2.632812,2.621001,0.995514
19,o_proj,36,2.582031,2.570462,0.995519
19,o_proj,40,2.535156,2.523811,0.995525
19,o_proj,44,2.496094,2.484935,0.995529
19,o_proj,48,2.460938,2.449946,0.995533
19,o_proj,52,2.431641,2.420788,0.995537
19,o_proj,56,2.392578,2.381911,0.995542
19,o_proj,60,2.361328,2.350809,0.995545
19,o_proj,64,2.333984,2.323596,0.995549
19,o_proj,68,2.300781,2.29055,0.995553
19,o_proj,72,2.267578,2.257504,0.995557
19,o_proj,76,2.25,2.240009,0.99556
19,o_proj,80,2.214844,2.205019,0.995564
19,o_proj,84,2.189453,2.179749,0.995568
19,o_proj,88,2.162109,2.152534,0.995571
19,o_proj,92,2.130859,2.121432,0.995576
19,o_proj,96,2.109375,2.100048,0.995578
19,o_proj,100,2.09375,2.084497,0.995581
19,o_proj,104,2.068359,2.059226,0.995584
19,o_proj,108,2.041016,2.032011,0.995588
19,o_proj,112,2.015625,2.00674,0.995592
19,o_proj,116,1.99707,1.988272,0.995594
19,o_proj,120,1.969727,1.961057,0.995599
19,o_proj,124,1.947266,1.938701,0.995602
20,q_proj,0,4.078125,4.07219,0.998545
20,q_proj,4,3.417969,3.413004,0.998547
20,q_proj,8,3.240234,3.235531,0.998548
20,q_proj,12,3.158203,3.15362,0.998549
20,q_proj,16,3.0625,3.058057,0.998549
20,q_proj,20,2.998047,2.993699,0.99855
20,q_proj,24,2.949219,2.944942,0.99855
20,q_proj,28,2.894531,2.890335,0.99855
20,q_proj,32,2.841797,2.837678,0.998551
20,q_proj,36,2.800781,2.796722,0.998551
20,q_proj,40,2.75,2.746015,0.998551
20,q_proj,44,2.710938,2.70701,0.998551
20,q_proj,48,2.660156,2.656303,0.998552
20,q_proj,52,2.632812,2.628999,0.998552
20,q_proj,56,2.580078,2.576342,0.998552
20,q_proj,60,2.535156,2.531486,0.998552
20,q_proj,64,2.511719,2.508083,0.998553
20,q_proj,68,2.46875,2.465177,0.998553
20,q_proj,72,2.435547,2.432023,0.998553
20,q_proj,76,2.412109,2.408619,0.998553
20,q_proj,80,2.371094,2.367664,0.998553
20,q_proj,84,2.333984,2.330609,0.998554
20,q_proj,88,2.308594,2.305255,0.998554
20,q_proj,92,2.271484,2.2682,0.998554
20,q_proj,96,2.240234,2.236996,0.998554
20,q_proj,100,2.220703,2.217493,0.998554
20,q_proj,104,2.181641,2.178488,0.998555
20,q_proj,108,2.15625,2.153134,0.998555
20,q_proj,112,2.117188,2.114129,0.998555
20,q_proj,116,2.091797,2.088775,0.998555
20,q_proj,120,2.056641,2.05367,0.998556
20,q_proj,124,2.023438,2.020516,0.998556
20,k_proj,0,2.349609,2.359923,1.00439
20,k_proj,4,1.941406,1.949823,1.004335
20,k_proj,8,1.864258,1.872319,1.004324
20,k_proj,12,1.824219,1.832095,1.004318
20,k_proj,16,1.75293,1.760478,1.004306
20,k_proj,20,1.722656,1.730066,1.004301
20,k_proj,24,1.688477,1.69573,1.004296
20,k_proj,28,1.658203,1.665318,1.004291
20,k_proj,32,1.62207,1.62902,1.004284
20,k_proj,36,1.601562,1.608418,1.004281
20,k_proj,40,1.567383,1.574083,1.004275
20,k_proj,44,1.538086,1.544652,1.004269
20,k_proj,48,1.509766,1.516203,1.004264
20,k_proj,52,1.488281,1.494621,1.00426
20,k_proj,56,1.467773,1.47402,1.004256
20,k_proj,60,1.447266,1.453419,1.004252
20,k_proj,64,1.425781,1.431837,1.004248
20,k_proj,68,1.394531,1.400446,1.004241
20,k_proj,72,1.375977,1.381807,1.004238
20,k_proj,76,1.353516,1.359245,1.004233
20,k_proj,80,1.331055,1.336682,1.004228
20,k_proj,84,1.30957,1.315101,1.004223
20,k_proj,88,1.286133,1.291558,1.004218
20,k_proj,92,1.273438,1.278806,1.004216
20,k_proj,96,1.25,1.255263,1.00421
20,k_proj,100,1.231445,1.236625,1.004206
20,k_proj,104,1.209961,1.215044,1.004201
20,k_proj,108,1.189453,1.194444,1.004196
20,k_proj,112,1.168945,1.173845,1.004191
20,k_proj,116,1.142578,1.147359,1.004185
20,k_proj,120,1.124023,1.128722,1.00418
20,k_proj,124,1.101562,1.106161,1.004174
20,v_proj,0,1.685547,1.690143,1.002726
20,v_proj,4,1.626953,1.631384,1.002724
20,v_proj,8,1.609375,1.613757,1.002723
20,v_proj,12,1.586914,1.591233,1.002722
20,v_proj,16,1.569336,1.573606,1.002721
20,v_proj,20,1.551758,1.555978,1.00272
20,v_proj,24,1.535156,1.53933,1.002719
20,v_proj,28,1.513672,1.517786,1.002718
20,v_proj,32,1.500977,1.505055,1.002717
20,v_proj,36,1.491211,1.495262,1.002717
20,v_proj,40,1.479492,1.48351,1.002716
20,v_proj,44,1.46875,1.472738,1.002715
20,v_proj,48,1.456055,1.460007,1.002715
20,v_proj,52,1.446289,1.450215,1.002714
20,v_proj,56,1.433594,1.437484,1.002713
20,v_proj,60,1.420898,1.424753,1.002713
20,v_proj,64,1.414062,1.417898,1.002712
20,v_proj,68,1.40332,1.407126,1.002712
20,v_proj,72,1.391602,1.395374,1.002711
20,v_proj,76,1.37793,1.381664,1.00271
20,v_proj,80,1.367188,1.370892,1.00271
20,v_proj,84,1.356445,1.36012,1.002709
20,v_proj,88,1.337891,1.341513,1.002708
20,v_proj,92,1.326172,1.329762,1.002707
20,v_proj,96,1.317383,1.320948,1.002707
20,v_proj,100,1.306641,1.310176,1.002706
20,v_proj,104,1.292969,1.296466,1.002705
20,v_proj,108,1.282227,1.285694,1.002704
20,v_proj,112,1.264648,1.268067,1.002703
20,v_proj,116,1.253906,1.257295,1.002703
20,v_proj,120,1.238281,1.241627,1.002702
20,v_proj,124,1.22168,1.224979,1.0027
20,o_proj,0,4.863281,4.86139,0.999611
20,o_proj,4,3.685547,3.684118,0.999612
20,o_proj,8,3.535156,3.533786,0.999612
20,o_proj,12,3.441406,3.440073,0.999613
20,o_proj,16,3.330078,3.328788,0.999613
20,o_proj,20,3.195312,3.194075,0.999613
20,o_proj,24,2.986328,2.985173,0.999613
20,o_proj,28,2.888672,2.887555,0.999613
20,o_proj,32,2.732422,2.731366,0.999613
20,o_proj,36,2.650391,2.649367,0.999614
20,o_proj,40,2.611328,2.610319,0.999614
20,o_proj,44,2.566406,2.565415,0.999614
20,o_proj,48,2.529297,2.52832,0.999614
20,o_proj,52,2.476562,2.475606,0.999614
20,o_proj,56,2.439453,2.438511,0.999614
20,o_proj,60,2.392578,2.391655,0.999614
20,o_proj,64,2.363281,2.362369,0.999614
20,o_proj,68,2.330078,2.329179,0.999614
20,o_proj,72,2.291016,2.290132,0.999614
20,o_proj,76,2.271484,2.270608,0.999614
20,o_proj,80,2.240234,2.23937,0.999614
20,o_proj,84,2.205078,2.204228,0.999614
20,o_proj,88,2.193359,2.192513,0.999614
20,o_proj,92,2.154297,2.153466,0.999614
20,o_proj,96,2.128906,2.128086,0.999615
20,o_proj,100,2.105469,2.104657,0.999615
20,o_proj,104,2.078125,2.077324,0.999615
20,o_proj,108,2.058594,2.0578,0.999615
20,o_proj,112,2.03125,2.030467,0.999615
20,o_proj,116,2.001953,2.001182,0.999615
20,o_proj,120,1.977539,1.976777,0.999615
20,o_proj,124,1.954102,1.953349,0.999615
21,q_proj,0,3.669922,3.660013,0.9973
21,q_proj,4,3.279297,3.270476,0.99731
21,q_proj,8,3.113281,3.104922,0.997315
21,q_proj,12,3.042969,3.034804,0.997317
21,q_proj,16,2.986328,2.978321,0.997319
21,q_proj,20,2.927734,2.91989,0.997321
21,q_proj,24,2.873047,2.865354,0.997322
21,q_proj,28,2.826172,2.818609,0.997324
21,q_proj,32,2.773438,2.76602,0.997325
21,q_proj,36,2.734375,2.727066,0.997327
21,q_proj,40,2.701172,2.693954,0.997328
21,q_proj,44,2.658203,2.651104,0.997329
21,q_proj,48,2.617188,2.610202,0.997331
21,q_proj,52,2.578125,2.571247,0.997332
21,q_proj,56,2.544922,2.538136,0.997333
21,q_proj,60,2.494141,2.487494,0.997335
21,q_proj,64,2.458984,2.452435,0.997337
21,q_proj,68,2.408203,2.401794,0.997339
21,q_proj,72,2.376953,2.37063,0.99734
21,q_proj,76,2.351562,2.345309,0.997341
21,q_proj,80,2.314453,2.308302,0.997342
21,q_proj,84,2.28125,2.27519,0.997344
21,q_proj,88,2.246094,2.24013,0.997345
21,q_proj,92,2.208984,2.203123,0.997346
21,q_proj,96,2.179688,2.173906,0.997348
21,q_proj,100,2.150391,2.14469,0.997349
21,q_proj,104,2.121094,2.115473,0.99735
21,q_proj,108,2.083984,2.078465,0.997352
21,q_proj,112,2.056641,2.051197,0.997353
21,q_proj,116,2.029297,2.023928,0.997354
21,q_proj,120,2.005859,2.000554,0.997355
21,q_proj,124,1.966797,1.961599,0.997357
21,k_proj,0,2.246094,2.24029,0.997416
21,k_proj,4,1.901367,1.896463,0.997421
21,k_proj,8,1.805664,1.801009,0.997422
21,k_proj,12,1.742188,1.737698,0.997423
21,k_proj,16,1.696289,1.691919,0.997424
21,k_proj,20,1.643555,1.639322,0.997425
21,k_proj,24,1.59375,1.589647,0.997425
21,k_proj,28,1.547852,1.543868,0.997426
21,k_proj,32,1.516602,1.512699,0.997427
21,k_proj,36,1.489258,1.485426,0.997427
21,k_proj,40,1.443359,1.439647,0.997428
21,k_proj,44,1.427734,1.424063,0.997428
21,k_proj,48,1.391602,1.388024,0.997429
21,k_proj,52,1.360352,1.356855,0.99743
21,k_proj,56,1.333984,1.330557,0.99743
21,k_proj,60,1.319336,1.315946,0.997431
21,k_proj,64,1.291016,1.287699,0.997431
21,k_proj,68,1.269531,1.266271,0.997432
21,k_proj,72,1.250977,1.247764,0.997432
21,k_proj,76,1.226562,1.223413,0.997433
21,k_proj,80,1.204102,1.201011,0.997433
21,k_proj,84,1.181641,1.178608,0.997434
21,k_proj,88,1.15918,1.156205,0.997434
21,k_proj,92,1.136719,1.133803,0.997435
21,k_proj,96,1.113281,1.110426,0.997435
21,k_proj,100,1.092773,1.089971,0.997436
21,k_proj,104,1.075195,1.072439,0.997436
21,k_proj,108,1.050781,1.048088,0.997437
21,k_proj,112,1.030273,1.027633,0.997437
21,k_proj,116,1.008789,1.006204,0.997438
21,k_proj,120,0.984375,0.981854,0.997439
21,k_proj,124,0.964844,0.962373,0.997439
21,v_proj,0,1.640625,1.634906,0.996514
21,v_proj,4,1.613281,1.607663,0.996517
21,v_proj,8,1.584961,1.579446,0.996521
21,v_proj,12,1.568359,1.562906,0.996523
21,v_proj,16,1.551758,1.546365,0.996525
21,v_proj,20,1.537109,1.53177,0.996526
21,v_proj,24,1.524414,1.519121,0.996528
21,v_proj,28,1.510742,1.505499,0.99653
21,v_proj,32,1.5,1.494797,0.996531
21,v_proj,36,1.487305,1.482148,0.996533
21,v_proj,40,1.476562,1.471445,0.996534
21,v_proj,44,1.466797,1.461715,0.996535
21,v_proj,48,1.458008,1.452958,0.996536
21,v_proj,52,1.448242,1.443228,0.996538
21,v_proj,56,1.436523,1.431552,0.996539
21,v_proj,60,1.427734,1.422795,0.99654
21,v_proj,64,1.418945,1.414038,0.996542
21,v_proj,68,1.408203,1.403335,0.996543
21,v_proj,72,1.397461,1.392632,0.996544
21,v_proj,76,1.388672,1.383875,0.996546
21,v_proj,80,1.381836,1.377064,0.996546
21,v_proj,84,1.369141,1.364415,0.996548
21,v_proj,88,1.360352,1.355658,0.996549
21,v_proj,92,1.350586,1.345928,0.996551
21,v_proj,96,1.339844,1.335224,0.996552
21,v_proj,100,1.331055,1.326467,0.996554
21,v_proj,104,1.320312,1.315764,0.996555
21,v_proj,108,1.30957,1.305061,0.996557
21,v_proj,112,1.300781,1.296304,0.996558
21,v_proj,116,1.287109,1.282682,0.99656
21,v_proj,120,1.277344,1.272951,0.996561
21,v_proj,124,1.268555,1.264194,0.996563
21,o_proj,0,5.265625,5.240792,0.995284
21,o_proj,4,2.804688,2.79203,0.995487
21,o_proj,8,2.677734,2.665689,0.995502
21,o_proj,12,2.615234,2.60349,0.995509
21,o_proj,16,2.566406,2.554897,0.995516
21,o_proj,20,2.519531,2.508247,0.995521
21,o_proj,24,2.486328,2.475204,0.995526
21,o_proj,28,2.466797,2.455766,0.995528
21,o_proj,32,2.4375,2.42661,0.995532
21,o_proj,36,2.417969,2.407172,0.995535
21,o_proj,40,2.396484,2.38579,0.995538
21,o_proj,44,2.384766,2.374128,0.995539
21,o_proj,48,2.365234,2.35469,0.995542
21,o_proj,52,2.355469,2.344971,0.995543
21,o_proj,56,2.335938,2.325533,0.995546
21,o_proj,60,2.310547,2.300264,0.995549
21,o_proj,64,2.298828,2.288601,0.995551
21,o_proj,68,2.283203,2.27305,0.995553
21,o_proj,72,2.271484,2.261387,0.995555
21,o_proj,76,2.259766,2.249724,0.995557
21,o_proj,80,2.246094,2.236118,0.995559
21,o_proj,84,2.230469,2.220567,0.995561
21,o_proj,88,2.212891,2.203073,0.995563
21,o_proj,92,2.199219,2.189466,0.995565
21,o_proj,96,2.181641,2.171971,0.995568
21,o_proj,100,2.167969,2.158364,0.99557
21,o_proj,104,2.154297,2.144758,0.995572
21,o_proj,108,2.132812,2.123375,0.995575
21,o_proj,112,2.123047,2.113656,0.995577
21,o_proj,116,2.097656,2.088386,0.995581
21,o_proj,120,2.082031,2.072835,0.995583
21,o_proj,124,2.058594,2.049508,0.995587
22,q_proj,0,4.070312,4.090556,1.004973
22,q_proj,4,3.433594,3.450433,1.004904
22,q_proj,8,3.205078,3.220708,1.004877
22,q_proj,12,3.123047,3.138243,1.004866
22,q_proj,16,3.068359,3.083267,1.004859
22,q_proj,20,3.015625,3.030255,1.004852
22,q_proj,24,2.957031,2.971354,1.004844
22,q_proj,28,2.917969,2.932087,1.004838
22,q_proj,32,2.876953,2.890856,1.004832
22,q_proj,36,2.851562,2.865332,1.004829
22,q_proj,40,2.804688,2.818212,1.004822
22,q_proj,44,2.771484,2.784836,1.004817
22,q_proj,48,2.724609,2.737715,1.00481
22,q_proj,52,2.689453,2.702376,1.004805
22,q_proj,56,2.654297,2.667037,1.0048
22,q_proj,60,2.619141,2.631697,1.004794
22,q_proj,64,2.578125,2.590469,1.004788
22,q_proj,68,2.552734,2.564946,1.004784
22,q_proj,72,2.517578,2.529608,1.004778
22,q_proj,76,2.490234,2.502122,1.004774
22,q_proj,80,2.451172,2.462857,1.004767
22,q_proj,84,2.412109,2.423593,1.004761
22,q_proj,88,2.378906,2.390218,1.004755
22,q_proj,92,2.34375,2.35488,1.004749
22,q_proj,96,2.324219,2.335248,1.004745
22,q_proj,100,2.291016,2.301874,1.00474
22,q_proj,104,2.259766,2.270464,1.004734
22,q_proj,108,2.230469,2.241016,1.004729
22,q_proj,112,2.197266,2.207643,1.004723
22,q_proj,116,2.166016,2.176232,1.004717
22,q_proj,120,2.134766,2.144822,1.004711
22,q_proj,124,2.097656,2.107523,1.004704
22,k_proj,0,1.923828,1.931201,1.003832
22,k_proj,4,1.78418,1.79099,1.003817
22,k_proj,8,1.71875,1.725297,1.003809
22,k_proj,12,1.660156,1.666468,1.003802
22,k_proj,16,1.633789,1.639995,1.003799
22,k_proj,20,1.598633,1.604698,1.003794
22,k_proj,24,1.56543,1.571362,1.00379
22,k_proj,28,1.53418,1.539988,1.003786
22,k_proj,32,1.501953,1.507632,1.003781
22,k_proj,36,1.480469,1.486063,1.003778
22,k_proj,40,1.453125,1.45861,1.003775
22,k_proj,44,1.431641,1.43704,1.003771
22,k_proj,48,1.416016,1.421353,1.003769
22,k_proj,52,1.387695,1.39292,1.003765
22,k_proj,56,1.368164,1.373311,1.003762
22,k_proj,60,1.347656,1.352722,1.003759
22,k_proj,64,1.319336,1.324289,1.003755
22,k_proj,68,1.294922,1.299779,1.003751
22,k_proj,72,1.274414,1.27919,1.003747
22,k_proj,76,1.254883,1.259581,1.003744
22,k_proj,80,1.231445,1.236051,1.00374
22,k_proj,84,1.21582,1.220365,1.003738
22,k_proj,88,1.192383,1.196835,1.003734
22,k_proj,92,1.166992,1.171344,1.003729
22,k_proj,96,1.148438,1.152716,1.003726
22,k_proj,100,1.125977,1.130167,1.003722
22,k_proj,104,1.103516,1.107618,1.003718
22,k_proj,108,1.083008,1.08703,1.003714
22,k_proj,112,1.054688,1.058599,1.003708
22,k_proj,116,1.02832,1.032128,1.003703
22,k_proj,120,1.005859,1.009579,1.003698
22,k_proj,124,0.983887,0.987521,1.003694
22,v_proj,0,2.019531,2.020667,1.000562
22,v_proj,4,1.838867,1.839899,1.000561
22,v_proj,8,1.736328,1.737301,1.00056
22,v_proj,12,1.708008,1.708964,1.00056
22,v_proj,16,1.676758,1.677696,1.00056
22,v_proj,20,1.65918,1.660108,1.00056
22,v_proj,24,1.632812,1.633726,1.000559
22,v_proj,28,1.621094,1.622,1.000559
22,v_proj,32,1.604492,1.605389,1.000559
22,v_proj,36,1.592773,1.593664,1.000559
22,v_proj,40,1.572266,1.573144,1.000559
22,v_proj,44,1.55957,1.560442,1.000559
22,v_proj,48,1.544922,1.545785,1.000559
22,v_proj,52,1.53125,1.532105,1.000558
22,v_proj,56,1.517578,1.518425,1.000558
22,v_proj,60,1.503906,1.504746,1.000558
22,v_proj,64,1.491211,1.492043,1.000558
22,v_proj,68,1.477539,1.478364,1.000558
22,v_proj,72,1.464844,1.465661,1.000558
22,v_proj,76,1.455078,1.45589,1.000558
22,v_proj,80,1.439453,1.440256,1.000558
22,v_proj,84,1.423828,1.424622,1.000558
22,v_proj,88,1.410156,1.410942,1.000557
22,v_proj,92,1.399414,1.400194,1.000557
22,v_proj,96,1.383789,1.38456,1.000557
22,v_proj,100,1.371094,1.371857,1.000557
22,v_proj,104,1.357422,1.358178,1.000557
22,v_proj,108,1.339844,1.34059,1.000557
22,v_proj,112,1.327148,1.327887,1.000557
22,v_proj,116,1.3125,1.31323,1.000556
22,v_proj,120,1.301758,1.302482,1.000556
22,v_proj,124,1.28418,1.284894,1.000556
22,o_proj,0,4.347656,4.36419,1.003803
22,o_proj,4,4.003906,4.019065,1.003786
22,o_proj,8,3.537109,3.55041,1.00376
22,o_proj,12,3.330078,3.342559,1.003748
22,o_proj,16,3.160156,3.171966,1.003737
22,o_proj,20,3.076172,3.087651,1.003731
22,o_proj,24,2.986328,2.997453,1.003725
22,o_proj,28,2.871094,2.881766,1.003717
22,o_proj,32,2.775391,2.785687,1.00371
22,o_proj,36,2.705078,2.7151,1.003705
22,o_proj,40,2.638672,2.648434,1.0037
22,o_proj,44,2.59375,2.603337,1.003696
22,o_proj,48,2.521484,2.530789,1.00369
22,o_proj,52,2.488281,2.497457,1.003687
22,o_proj,56,2.460938,2.470006,1.003685
22,o_proj,60,2.425781,2.434713,1.003682
22,o_proj,64,2.388672,2.39746,1.003679
22,o_proj,68,2.369141,2.377852,1.003677
22,o_proj,72,2.322266,2.330796,1.003673
22,o_proj,76,2.296875,2.305306,1.003671
22,o_proj,80,2.273438,2.281778,1.003669
22,o_proj,84,2.236328,2.244524,1.003665
22,o_proj,88,2.212891,2.220996,1.003663
22,o_proj,92,2.185547,2.193547,1.00366
22,o_proj,96,2.162109,2.170019,1.003658
22,o_proj,100,2.126953,2.134727,1.003655
22,o_proj,104,2.107422,2.11512,1.003653
22,o_proj,108,2.083984,2.091592,1.00365
22,o_proj,112,2.0625,2.070025,1.003648
22,o_proj,116,2.041016,2.048457,1.003646
22,o_proj,120,2.005859,2.013166,1.003642
22,o_proj,124,1.986328,1.993559,1.00364
23,q_proj,0,4.085938,4.100752,1.003626
23,q_proj,4,3.449219,3.461635,1.0036
23,q_proj,8,3.310547,3.322443,1.003593
23,q_proj,12,3.150391,3.161687,1.003586
23,q_proj,16,3.054688,3.065626,1.003581
23,q_proj,20,2.974609,2.985249,1.003577
23,q_proj,24,2.890625,2.900951,1.003572
23,q_proj,28,2.816406,2.826456,1.003568
23,q_proj,32,2.763672,2.773525,1.003565
23,q_proj,36,2.703125,2.712754,1.003562
23,q_proj,40,2.667969,2.677467,1.00356
23,q_proj,44,2.605469,2.614735,1.003556
23,q_proj,48,2.566406,2.575527,1.003554
23,q_proj,52,2.539062,2.548082,1.003552
23,q_proj,56,2.498047,2.506915,1.00355
23,q_proj,60,2.453125,2.461826,1.003547
23,q_proj,64,2.40625,2.414778,1.003544
23,q_proj,68,2.375,2.383412,1.003542
23,q_proj,72,2.339844,2.348126,1.00354
23,q_proj,76,2.302734,2.31088,1.003537
23,q_proj,80,2.277344,2.285396,1.003536
23,q_proj,84,2.240234,2.248149,1.003533
23,q_proj,88,2.207031,2.214824,1.003531
23,q_proj,92,2.173828,2.181498,1.003528
23,q_proj,96,2.152344,2.159935,1.003527
23,q_proj,100,2.115234,2.122689,1.003524
23,q_proj,104,2.085938,2.093284,1.003522
23,q_proj,108,2.064453,2.071721,1.003521
23,q_proj,112,2.041016,2.048197,1.003519
23,q_proj,116,2.007812,2.014872,1.003516
23,q_proj,120,1.970703,1.977627,1.003513
23,q_proj,124,1.943359,1.950183,1.003511
23,k_proj,0,2.173828,2.16908,0.997816
23,k_proj,4,1.850586,1.84661,0.997852
23,k_proj,8,1.766602,1.762825,0.997862
23,k_proj,12,1.706055,1.70242,0.99787
23,k_proj,16,1.65918,1.655656,0.997876
23,k_proj,20,1.611328,1.607916,0.997883
23,k_proj,24,1.573242,1.569919,0.997888
23,k_proj,28,1.535156,1.531922,0.997893
23,k_proj,32,1.494141,1.491002,0.997899
23,k_proj,36,1.466797,1.463722,0.997904
23,k_proj,40,1.443359,1.440339,0.997907
23,k_proj,44,1.402344,1.399418,0.997914
23,k_proj,48,1.378906,1.376034,0.997917
23,k_proj,52,1.358398,1.355574,0.997921
23,k_proj,56,1.335938,1.333165,0.997924
23,k_proj,60,1.317383,1.314653,0.997928
23,k_proj,64,1.298828,1.29614,0.997931
23,k_proj,68,1.274414,1.271782,0.997935
23,k_proj,72,1.258789,1.256193,0.997938
23,k_proj,76,1.243164,1.240604,0.99794
23,k_proj,80,1.225586,1.223066,0.997944
23,k_proj,84,1.204102,1.20163,0.997948
23,k_proj,88,1.185547,1.183118,0.997951
23,k_proj,92,1.161133,1.158759,0.997956
23,k_proj,96,1.147461,1.145118,0.997958
23,k_proj,100,1.131836,1.129529,0.997961
23,k_proj,104,1.111328,1.109067,0.997965
23,k_proj,108,1.09668,1.094452,0.997968
23,k_proj,112,1.082031,1.079836,0.997971
23,k_proj,116,1.058594,1.056452,0.997976
23,k_proj,120,1.041992,1.039887,0.99798
23,k_proj,124,1.020508,1.018451,0.997984
23,v_proj,0,1.841797,1.843099,1.000707
23,v_proj,4,1.753906,1.755146,1.000707
23,v_proj,8,1.694336,1.695534,1.000707
23,v_proj,12,1.673828,1.675012,1.000707
23,v_proj,16,1.658203,1.659376,1.000707
23,v_proj,20,1.640625,1.641786,1.000707
23,v_proj,24,1.628906,1.630059,1.000707
23,v_proj,28,1.610352,1.611491,1.000708
23,v_proj,32,1.599609,1.600741,1.000708
23,v_proj,36,1.584961,1.586082,1.000708
23,v_proj,40,1.575195,1.57631,1.000708
23,v_proj,44,1.558594,1.559697,1.000708
23,v_proj,48,1.547852,1.548947,1.000708
23,v_proj,52,1.535156,1.536243,1.000708
23,v_proj,56,1.524414,1.525493,1.000708
23,v_proj,60,1.512695,1.513766,1.000708
23,v_proj,64,1.50293,1.503994,1.000708
23,v_proj,68,1.489258,1.490312,1.000708
23,v_proj,72,1.478516,1.479563,1.000708
23,v_proj,76,1.464844,1.465881,1.000708
23,v_proj,80,1.450195,1.451222,1.000708
23,v_proj,84,1.439453,1.440473,1.000708
23,v_proj,88,1.428711,1.429723,1.000708
23,v_proj,92,1.418945,1.41995,1.000708
23,v_proj,96,1.407227,1.408223,1.000708
23,v_proj,100,1.396484,1.397474,1.000708
23,v_proj,104,1.386719,1.387701,1.000708
23,v_proj,108,1.375,1.375974,1.000708
23,v_proj,112,1.363281,1.364247,1.000709
23,v_proj,116,1.34668,1.347634,1.000709
23,v_proj,120,1.333984,1.33493,1.000709
23,v_proj,124,1.318359,1.319294,1.000709
23,o_proj,0,5.386719,5.369758,0.996851
23,o_proj,4,2.710938,2.702564,0.996911
23,o_proj,8,2.572266,2.564332,0.996916
23,o_proj,12,2.490234,2.482561,0.996919
23,o_proj,16,2.414062,2.40663,0.996921
23,o_proj,20,2.378906,2.371585,0.996922
23,o_proj,24,2.34375,2.33654,0.996924
23,o_proj,28,2.308594,2.301495,0.996925
23,o_proj,32,2.271484,2.264503,0.996927
23,o_proj,36,2.253906,2.24698,0.996927
23,o_proj,40,2.228516,2.22167,0.996928
23,o_proj,44,2.208984,2.2022,0.996929
23,o_proj,48,2.1875,2.180784,0.99693
23,o_proj,52,2.164062,2.15742,0.996931
23,o_proj,56,2.150391,2.143791,0.996931
23,o_proj,60,2.132812,2.126269,0.996932
23,o_proj,64,2.113281,2.106799,0.996933
23,o_proj,68,2.097656,2.091223,0.996933
23,o_proj,72,2.085938,2.079542,0.996934
23,o_proj,76,2.068359,2.062019,0.996935
23,o_proj,80,2.054688,2.04839,0.996935
23,o_proj,84,2.041016,2.034761,0.996936
23,o_proj,88,2.03125,2.025027,0.996936
23,o_proj,92,2.015625,2.009451,0.996937
23,o_proj,96,2.0,1.993875,0.996937
23,o_proj,100,1.986328,1.980246,0.996938
23,o_proj,104,1.969727,1.963697,0.996939
23,o_proj,108,1.956055,1.950068,0.996939
23,o_proj,112,1.94043,1.934492,0.99694
23,o_proj,116,1.928711,1.92281,0.996941
23,o_proj,120,1.911133,1.905287,0.996941
23,o_proj,124,1.891602,1.885818,0.996942
24,q_proj,0,3.816406,3.833436,1.004462
24,q_proj,4,3.328125,3.342853,1.004425
24,q_proj,8,3.074219,3.087757,1.004404
24,q_proj,12,2.900391,2.913117,1.004388
24,q_proj,16,2.794922,2.807158,1.004378
24,q_proj,20,2.740234,2.752216,1.004373
24,q_proj,24,2.679688,2.691389,1.004367
24,q_proj,28,2.619141,2.630561,1.00436
24,q_proj,32,2.564453,2.57562,1.004355
24,q_proj,36,2.535156,2.546188,1.004351
24,q_proj,40,2.480469,2.491248,1.004346
24,q_proj,44,2.4375,2.448081,1.004341
24,q_proj,48,2.392578,2.402952,1.004336
24,q_proj,52,2.357422,2.367634,1.004332
24,q_proj,56,2.330078,2.340164,1.004329
24,q_proj,60,2.28125,2.291111,1.004323
24,q_proj,64,2.253906,2.263642,1.004319
24,q_proj,68,2.21875,2.228324,1.004315
24,q_proj,72,2.179688,2.189083,1.00431
24,q_proj,76,2.146484,2.155728,1.004306
24,q_proj,80,2.126953,2.136107,1.004304
24,q_proj,84,2.09375,2.102752,1.004299
24,q_proj,88,2.066406,2.075283,1.004296
24,q_proj,92,2.037109,2.045852,1.004292
24,q_proj,96,2.017578,2.026232,1.004289
24,q_proj,100,1.985352,1.993859,1.004285
24,q_proj,104,1.961914,1.970314,1.004282
24,q_proj,108,1.941406,1.949713,1.004279
24,q_proj,112,1.915039,1.923226,1.004275
24,q_proj,116,1.888672,1.896739,1.004271
24,q_proj,120,1.860352,1.86829,1.004267
24,q_proj,124,1.838867,1.846708,1.004264
24,k_proj,0,1.823242,1.831831,1.004711
24,k_proj,4,1.661133,1.668909,1.004681
24,k_proj,8,1.613281,1.620818,1.004672
24,k_proj,12,1.5625,1.569784,1.004662
24,k_proj,16,1.510742,1.517769,1.004651
24,k_proj,20,1.453125,1.459866,1.004639
24,k_proj,24,1.423828,1.430424,1.004632
24,k_proj,28,1.391602,1.398038,1.004625
24,k_proj,32,1.367188,1.373503,1.00462
24,k_proj,36,1.34082,1.347006,1.004613
24,k_proj,40,1.311523,1.317565,1.004606
24,k_proj,44,1.290039,1.295975,1.004601
24,k_proj,48,1.264648,1.270459,1.004595
24,k_proj,52,1.244141,1.249851,1.00459
24,k_proj,56,1.223633,1.229242,1.004584
24,k_proj,60,1.208984,1.214522,1.004581
24,k_proj,64,1.192383,1.197839,1.004576
24,k_proj,68,1.180664,1.186063,1.004573
24,k_proj,72,1.162109,1.167418,1.004568
24,k_proj,76,1.146484,1.151717,1.004564
24,k_proj,80,1.134766,1.139941,1.004561
24,k_proj,84,1.117188,1.122277,1.004556
24,k_proj,88,1.103516,1.108539,1.004552
24,k_proj,92,1.089844,1.0948,1.004548
24,k_proj,96,1.071289,1.076155,1.004542
24,k_proj,100,1.063477,1.068305,1.00454
24,k_proj,104,1.047852,1.052604,1.004535
24,k_proj,108,1.035156,1.039847,1.004531
24,k_proj,112,1.019531,1.024146,1.004527
24,k_proj,116,1.005859,1.010408,1.004522
24,k_proj,120,0.983398,0.987839,1.004515
24,k_proj,124,0.972168,0.976554,1.004512
24,v_proj,0,2.302734,2.30063,0.999086
24,v_proj,4,2.144531,2.142572,0.999087
24,v_proj,8,2.017578,2.015736,0.999087
24,v_proj,12,1.9375,1.935732,0.999087
24,v_proj,16,1.866211,1.864508,0.999088
24,v_proj,20,1.807617,1.805968,0.999088
24,v_proj,24,1.766602,1.76499,0.999088
24,v_proj,28,1.736328,1.734745,0.999088
24,v_proj,32,1.72168,1.72011,0.999088
24,v_proj,36,1.706055,1.704499,0.999088
24,v_proj,40,1.691406,1.689864,0.999088
24,v_proj,44,1.68457,1.683034,0.999088
24,v_proj,48,1.668945,1.667424,0.999088
24,v_proj,52,1.655273,1.653764,0.999088
24,v_proj,56,1.647461,1.645959,0.999088
24,v_proj,60,1.634766,1.633275,0.999088
24,v_proj,64,1.626953,1.62547,0.999088
24,v_proj,68,1.611328,1.609859,0.999089
24,v_proj,72,1.597656,1.5962,0.999089
24,v_proj,76,1.588867,1.587419,0.999089
24,v_proj,80,1.574219,1.572784,0.999089
24,v_proj,84,1.563477,1.562052,0.999089
24,v_proj,88,1.552734,1.551319,0.999089
24,v_proj,92,1.538086,1.536685,0.999089
24,v_proj,96,1.529297,1.527904,0.999089
24,v_proj,100,1.516602,1.51522,0.999089
24,v_proj,104,1.507812,1.506439,0.999089
24,v_proj,108,1.49707,1.495707,0.999089
24,v_proj,112,1.481445,1.480096,0.999089
24,v_proj,116,1.469727,1.468388,0.999089
24,v_proj,120,1.453125,1.451802,0.999089
24,v_proj,124,1.441406,1.440094,0.999089
24,o_proj,0,6.238281,6.268498,1.004844
24,o_proj,4,3.117188,3.131479,1.004585
24,o_proj,8,2.855469,2.868467,1.004552
24,o_proj,12,2.794922,2.807622,1.004544
24,o_proj,16,2.748047,2.760517,1.004538
24,o_proj,20,2.712891,2.725188,1.004533
24,o_proj,24,2.667969,2.680047,1.004527
24,o_proj,28,2.634766,2.646681,1.004522
24,o_proj,32,2.615234,2.627054,1.00452
24,o_proj,36,2.583984,2.595651,1.004515
24,o_proj,40,2.548828,2.560323,1.00451
24,o_proj,44,2.525391,2.536771,1.004506
24,o_proj,48,2.5,2.511257,1.004503
24,o_proj,52,2.482422,2.493593,1.0045
24,o_proj,56,2.457031,2.468079,1.004496
24,o_proj,60,2.433594,2.444527,1.004493
24,o_proj,64,2.408203,2.419013,1.004489
24,o_proj,68,2.388672,2.399387,1.004486
24,o_proj,72,2.365234,2.375836,1.004482
24,o_proj,76,2.349609,2.360135,1.00448
24,o_proj,80,2.324219,2.334621,1.004476
24,o_proj,84,2.296875,2.307145,1.004471
24,o_proj,88,2.275391,2.285557,1.004468
24,o_proj,92,2.261719,2.271819,1.004466
24,o_proj,96,2.236328,2.246305,1.004461
24,o_proj,100,2.216797,2.22668,1.004458
24,o_proj,104,2.197266,2.207054,1.004455
24,o_proj,108,2.173828,2.183504,1.004451
24,o_proj,112,2.150391,2.159953,1.004447
24,o_proj,116,2.134766,2.144253,1.004444
24,o_proj,120,2.115234,2.124628,1.004441
24,o_proj,124,2.089844,2.099115,1.004436
25,q_proj,0,3.808594,3.804172,0.998839
25,q_proj,4,3.203125,3.19941,0.99884
25,q_proj,8,3.001953,2.998473,0.998841
25,q_proj,12,2.863281,2.859963,0.998841
25,q_proj,16,2.761719,2.758518,0.998841
25,q_proj,20,2.675781,2.672681,0.998841
25,q_proj,24,2.597656,2.594647,0.998842
25,q_proj,28,2.546875,2.543925,0.998842
25,q_proj,32,2.474609,2.471744,0.998842
25,q_proj,36,2.408203,2.405415,0.998842
25,q_proj,40,2.363281,2.360545,0.998842
25,q_proj,44,2.316406,2.313725,0.998842
25,q_proj,48,2.279297,2.276659,0.998843
25,q_proj,52,2.242188,2.239593,0.998843
25,q_proj,56,2.203125,2.200576,0.998843
25,q_proj,60,2.169922,2.167411,0.998843
25,q_proj,64,2.132812,2.130345,0.998843
25,q_proj,68,2.101562,2.099131,0.998843
25,q_proj,72,2.068359,2.065967,0.998843
25,q_proj,76,2.042969,2.040606,0.998843
25,q_proj,80,2.017578,2.015244,0.998843
25,q_proj,84,1.995117,1.99281,0.998843
25,q_proj,88,1.963867,1.961596,0.998844
25,q_proj,92,1.9375,1.93526,0.998844
25,q_proj,96,1.911133,1.908923,0.998844
25,q_proj,100,1.889648,1.887464,0.998844
25,q_proj,104,1.866211,1.864053,0.998844
25,q_proj,108,1.84668,1.844545,0.998844
25,q_proj,112,1.825195,1.823086,0.998844
25,q_proj,116,1.801758,1.799675,0.998844
25,q_proj,120,1.77832,1.776265,0.998844
25,q_proj,124,1.755859,1.75383,0.998844
25,k_proj,0,1.799805,1.808151,1.004637
25,k_proj,4,1.639648,1.647194,1.004602
25,k_proj,8,1.521484,1.528444,1.004574
25,k_proj,12,1.460938,1.467598,1.004559
25,k_proj,16,1.422852,1.429324,1.004549
25,k_proj,20,1.387695,1.393995,1.004539
25,k_proj,24,1.357422,1.363572,1.004531
25,k_proj,28,1.332031,1.338057,1.004524
25,k_proj,32,1.311523,1.317449,1.004518
25,k_proj,36,1.298828,1.304692,1.004514
25,k_proj,40,1.271484,1.277214,1.004506
25,k_proj,44,1.243164,1.248756,1.004498
25,k_proj,48,1.227539,1.233055,1.004493
25,k_proj,52,1.211914,1.217353,1.004488
25,k_proj,56,1.191406,1.196746,1.004482
25,k_proj,60,1.175781,1.181045,1.004477
25,k_proj,64,1.15332,1.158475,1.00447
25,k_proj,68,1.133789,1.138849,1.004463
25,k_proj,72,1.120117,1.125111,1.004458
25,k_proj,76,1.106445,1.111373,1.004454
25,k_proj,80,1.089844,1.094692,1.004448
25,k_proj,84,1.076172,1.080954,1.004443
25,k_proj,88,1.057617,1.06231,1.004437
25,k_proj,92,1.036133,1.040722,1.004429
25,k_proj,96,1.027344,1.031891,1.004426
25,k_proj,100,1.009766,1.014228,1.004419
25,k_proj,104,0.989746,0.994113,1.004412
25,k_proj,108,0.972168,0.97645,1.004405
25,k_proj,112,0.957031,0.961241,1.004399
25,k_proj,116,0.941406,0.945542,1.004393
25,k_proj,120,0.92334,0.927389,1.004385
25,k_proj,124,0.900879,0.904821,1.004376
25,v_proj,0,3.087891,3.0718,0.994789
25,v_proj,4,2.117188,2.106452,0.994929
25,v_proj,8,2.072266,2.061774,0.994937
25,v_proj,12,2.035156,2.024867,0.994944
25,v_proj,16,2.005859,1.995729,0.994949
25,v_proj,20,1.981445,1.971447,0.994954
25,v_proj,24,1.961914,1.952022,0.994958
25,v_proj,28,1.946289,1.936481,0.994961
25,v_proj,32,1.921875,1.912199,0.994966
25,v_proj,36,1.908203,1.898602,0.994968
25,v_proj,40,1.888672,1.879176,0.994972
25,v_proj,44,1.878906,1.869463,0.994974
25,v_proj,48,1.863281,1.853922,0.994977
25,v_proj,52,1.851562,1.842267,0.994979
25,v_proj,56,1.833008,1.823812,0.994983
25,v_proj,60,1.816406,1.8073,0.994987
25,v_proj,64,1.806641,1.797587,0.994989
25,v_proj,68,1.791992,1.783017,0.994992
25,v_proj,72,1.779297,1.770391,0.994994
25,v_proj,76,1.768555,1.759706,0.994997
25,v_proj,80,1.751953,1.743194,0.995
25,v_proj,84,1.738281,1.729595,0.995003
25,v_proj,88,1.729492,1.720853,0.995005
25,v_proj,92,1.72168,1.713083,0.995007
25,v_proj,96,1.705078,1.69657,0.99501
25,v_proj,100,1.6875,1.679087,0.995014
25,v_proj,104,1.677734,1.669373,0.995016
25,v_proj,108,1.661133,1.652861,0.99502
25,v_proj,112,1.649414,1.641205,0.995023
25,v_proj,116,1.630859,1.622749,0.995027
25,v_proj,120,1.621094,1.613036,0.995029
25,v_proj,124,1.603516,1.595552,0.995033
25,o_proj,0,5.375,5.34621,0.994644
25,o_proj,4,3.544922,3.526528,0.994811
25,o_proj,8,3.03125,3.015712,0.994874
25,o_proj,12,2.933594,2.918595,0.994887
25,o_proj,16,2.853516,2.838958,0.994898
25,o_proj,20,2.775391,2.761263,0.99491
25,o_proj,24,2.728516,2.714644,0.994916
25,o_proj,28,2.664062,2.650545,0.994926
25,o_proj,32,2.636719,2.623351,0.99493
25,o_proj,36,2.603516,2.590329,0.994935
25,o_proj,40,2.572266,2.55925,0.99494
25,o_proj,44,2.537109,2.524286,0.994945
25,o_proj,48,2.519531,2.506803,0.994948
25,o_proj,52,2.488281,2.475724,0.994953
25,o_proj,56,2.466797,2.454356,0.994957
25,o_proj,60,2.441406,2.429104,0.994961
25,o_proj,64,2.425781,2.413564,0.994963
25,o_proj,68,2.402344,2.390254,0.994967
25,o_proj,72,2.378906,2.366944,0.994971
25,o_proj,76,2.357422,2.345576,0.994975
25,o_proj,80,2.335938,2.324208,0.994979
25,o_proj,84,2.3125,2.300897,0.994983
25,o_proj,88,2.294922,2.283415,0.994986
25,o_proj,92,2.267578,2.256219,0.99499
25,o_proj,96,2.248047,2.236793,0.994994
25,o_proj,100,2.234375,2.223195,0.994996
25,o_proj,104,2.210938,2.199884,0.995001
25,o_proj,108,2.191406,2.180459,0.995004
25,o_proj,112,2.166016,2.155205,0.995009
25,o_proj,116,2.148438,2.137722,0.995012
25,o_proj,120,2.113281,2.102755,0.995019
25,o_proj,124,2.091797,2.081386,0.995023
26,q_proj,0,3.949219,3.968926,1.00499
26,q_proj,4,3.398438,3.415216,1.004937
26,q_proj,8,3.1875,3.203164,1.004914
26,q_proj,12,3.074219,3.089287,1.004901
26,q_proj,16,2.980469,2.995044,1.00489
26,q_proj,20,2.90625,2.920436,1.004881
26,q_proj,24,2.824219,2.837976,1.004871
26,q_proj,28,2.751953,2.765334,1.004862
26,q_proj,32,2.677734,2.690727,1.004852
26,q_proj,36,2.642578,2.655388,1.004848
26,q_proj,40,2.591797,2.604343,1.004841
26,q_proj,44,2.509766,2.521886,1.004829
26,q_proj,48,2.480469,2.492438,1.004825
26,q_proj,52,2.419922,2.431577,1.004817
26,q_proj,56,2.396484,2.408019,1.004813
26,q_proj,60,2.359375,2.370718,1.004808
26,q_proj,64,2.320312,2.331454,1.004802
26,q_proj,68,2.28125,2.29219,1.004796
26,q_proj,72,2.236328,2.247037,1.004789
26,q_proj,76,2.183594,2.194031,1.00478
26,q_proj,80,2.154297,2.164585,1.004775
26,q_proj,84,2.119141,2.129248,1.00477
26,q_proj,88,2.089844,2.099801,1.004765
26,q_proj,92,2.048828,2.058576,1.004758
26,q_proj,96,2.017578,2.027166,1.004752
26,q_proj,100,1.988281,1.99772,1.004747
26,q_proj,104,1.958984,1.968274,1.004742
26,q_proj,108,1.922852,1.931957,1.004735
26,q_proj,112,1.898438,1.907419,1.004731
26,q_proj,116,1.867188,1.87601,1.004725
26,q_proj,120,1.824219,1.832823,1.004717
26,q_proj,124,1.803711,1.812211,1.004713
26,k_proj,0,1.926758,1.93643,1.00502
26,k_proj,4,1.679688,1.68803,1.004967
26,k_proj,8,1.580078,1.587888,1.004943
26,k_proj,12,1.495117,1.502475,1.004921
26,k_proj,16,1.450195,1.457315,1.004909
26,k_proj,20,1.385742,1.392521,1.004892
26,k_proj,24,1.355469,1.362087,1.004883
26,k_proj,28,1.316406,1.322819,1.004871
26,k_proj,32,1.286133,1.292387,1.004862
26,k_proj,36,1.260742,1.266863,1.004855
26,k_proj,40,1.234375,1.240357,1.004846
26,k_proj,44,1.204102,1.209925,1.004836
26,k_proj,48,1.1875,1.193237,1.004831
26,k_proj,52,1.163086,1.168695,1.004823
26,k_proj,56,1.145508,1.151026,1.004817
26,k_proj,60,1.126953,1.132374,1.00481
26,k_proj,64,1.108398,1.113723,1.004804
26,k_proj,68,1.080078,1.085256,1.004794
26,k_proj,72,1.064453,1.06955,1.004788
26,k_proj,76,1.045898,1.050899,1.004781
26,k_proj,80,1.02832,1.03323,1.004774
26,k_proj,84,1.011719,1.016543,1.004768
26,k_proj,88,0.993652,0.998383,1.004761
26,k_proj,92,0.978516,0.983168,1.004755
26,k_proj,96,0.962402,0.966972,1.004748
26,k_proj,100,0.95166,0.956175,1.004744
26,k_proj,104,0.933105,0.937525,1.004736
26,k_proj,108,0.919434,0.923783,1.00473
26,k_proj,112,0.90625,0.910532,1.004724
26,k_proj,116,0.888672,0.892863,1.004717
26,k_proj,120,0.868164,0.872251,1.004707
26,k_proj,124,0.854004,0.858018,1.004701
26,v_proj,0,3.160156,3.175641,1.0049
26,v_proj,4,2.804688,2.818305,1.004855
26,v_proj,8,2.757812,2.771185,1.004849
26,v_proj,12,2.726562,2.739771,1.004845
26,v_proj,16,2.701172,2.714248,1.004841
26,v_proj,20,2.671875,2.684799,1.004837
26,v_proj,24,2.650391,2.663202,1.004834
26,v_proj,28,2.626953,2.639643,1.004831
26,v_proj,32,2.597656,2.610193,1.004826
26,v_proj,36,2.574219,2.586634,1.004823
26,v_proj,40,2.558594,2.570928,1.004821
26,v_proj,44,2.529297,2.541479,1.004816
26,v_proj,48,2.501953,2.513993,1.004812
26,v_proj,52,2.476562,2.488471,1.004808
26,v_proj,56,2.449219,2.460986,1.004804
26,v_proj,60,2.425781,2.437427,1.004801
26,v_proj,64,2.40625,2.417794,1.004798
26,v_proj,68,2.380859,2.392272,1.004794
26,v_proj,72,2.357422,2.368714,1.00479
26,v_proj,76,2.328125,2.339266,1.004785
26,v_proj,80,2.304688,2.315707,1.004781
26,v_proj,84,2.277344,2.288223,1.004777
26,v_proj,88,2.253906,2.264664,1.004773
26,v_proj,92,2.230469,2.241106,1.004769
26,v_proj,96,2.205078,2.215585,1.004765
26,v_proj,100,2.171875,2.182211,1.004759
26,v_proj,104,2.140625,2.150801,1.004754
26,v_proj,108,2.117188,2.127243,1.004749
26,v_proj,112,2.085938,2.095833,1.004744
26,v_proj,116,2.056641,2.066386,1.004739
26,v_proj,120,2.025391,2.034976,1.004733
26,v_proj,124,1.995117,2.004549,1.004727
26,o_proj,0,6.28125,6.313756,1.005175
26,o_proj,4,3.080078,3.095201,1.00491
26,o_proj,8,2.927734,2.942054,1.004891
26,o_proj,12,2.826172,2.839957,1.004878
26,o_proj,16,2.791016,2.804616,1.004873
26,o_proj,20,2.75,2.763386,1.004868
26,o_proj,24,2.728516,2.741789,1.004865
26,o_proj,28,2.705078,2.718229,1.004861
26,o_proj,32,2.669922,2.682888,1.004856
26,o_proj,36,2.648438,2.661292,1.004853
26,o_proj,40,2.619141,2.631842,1.004849
26,o_proj,44,2.597656,2.610245,1.004846
26,o_proj,48,2.578125,2.590612,1.004843
26,o_proj,52,2.556641,2.569015,1.00484
26,o_proj,56,2.535156,2.547419,1.004837
26,o_proj,60,2.515625,2.527786,1.004834
26,o_proj,64,2.498047,2.510116,1.004832
26,o_proj,68,2.478516,2.490484,1.004829
26,o_proj,72,2.453125,2.464961,1.004825
26,o_proj,76,2.431641,2.443365,1.004821
26,o_proj,80,2.40625,2.417842,1.004817
26,o_proj,84,2.384766,2.396246,1.004814
26,o_proj,88,2.367188,2.378577,1.004811
26,o_proj,92,2.341797,2.353055,1.004807
26,o_proj,96,2.320312,2.331459,1.004804
26,o_proj,100,2.300781,2.311826,1.004801
26,o_proj,104,2.273438,2.284341,1.004796
26,o_proj,108,2.25,2.260783,1.004792
26,o_proj,112,2.228516,2.239187,1.004789
26,o_proj,116,2.205078,2.215629,1.004785
26,o_proj,120,2.171875,2.182254,1.004779
26,o_proj,124,2.142578,2.152807,1.004774
27,q_proj,0,7.863281,7.905772,1.005404
27,q_proj,4,4.390625,4.413483,1.005206
27,q_proj,8,3.621094,3.639709,1.005141
27,q_proj,12,3.4375,3.45511,1.005123
27,q_proj,16,3.304688,3.321574,1.00511
27,q_proj,20,3.173828,3.190003,1.005096
27,q_proj,24,3.0625,3.07807,1.005084
27,q_proj,28,2.953125,2.968103,1.005072
27,q_proj,32,2.894531,2.909192,1.005065
27,q_proj,36,2.830078,2.844391,1.005057
27,q_proj,40,2.753906,2.767808,1.005048
27,q_proj,44,2.662109,2.675517,1.005037
27,q_proj,48,2.609375,2.6225,1.00503
27,q_proj,52,2.541016,2.553774,1.005021
27,q_proj,56,2.509766,2.522357,1.005017
27,q_proj,60,2.466797,2.479157,1.005011
27,q_proj,64,2.414062,2.426141,1.005004
27,q_proj,68,2.380859,2.392761,1.004999
27,q_proj,72,2.332031,2.343672,1.004992
27,q_proj,76,2.302734,2.314219,1.004987
27,q_proj,80,2.263672,2.274949,1.004982
27,q_proj,84,2.230469,2.241569,1.004977
27,q_proj,88,2.195312,2.206226,1.004971
27,q_proj,92,2.162109,2.172847,1.004966
27,q_proj,96,2.128906,2.139468,1.004961
27,q_proj,100,2.101562,2.111979,1.004957
27,q_proj,104,2.078125,2.088418,1.004953
27,q_proj,108,2.033203,2.043258,1.004945
27,q_proj,112,2.011719,2.021661,1.004942
27,q_proj,116,1.982422,1.992209,1.004937
27,q_proj,120,1.952148,1.961776,1.004932
27,q_proj,124,1.922852,1.932325,1.004927
27,k_proj,0,2.115234,2.12222,1.003302
27,k_proj,4,1.883789,1.890001,1.003297
27,k_proj,8,1.801758,1.807695,1.003295
27,k_proj,12,1.691406,1.696976,1.003293
27,k_proj,16,1.642578,1.647985,1.003291
27,k_proj,20,1.59668,1.601933,1.00329
27,k_proj,24,1.543945,1.549023,1.003289
27,k_proj,28,1.500977,1.505911,1.003288
27,k_proj,32,1.469727,1.474557,1.003287
27,k_proj,36,1.442383,1.447122,1.003286
27,k_proj,40,1.40625,1.410869,1.003285
27,k_proj,44,1.383789,1.388334,1.003284
27,k_proj,48,1.355469,1.359919,1.003283
27,k_proj,52,1.326172,1.330525,1.003282
27,k_proj,56,1.304688,1.308969,1.003282
27,k_proj,60,1.283203,1.287413,1.003281
27,k_proj,64,1.255859,1.259979,1.00328
27,k_proj,68,1.241211,1.245281,1.003279
27,k_proj,72,1.220703,1.224706,1.003279
27,k_proj,76,1.194336,1.198251,1.003278
27,k_proj,80,1.172852,1.176695,1.003277
27,k_proj,84,1.151367,1.155139,1.003276
27,k_proj,88,1.125,1.128685,1.003275
27,k_proj,92,1.103516,1.107129,1.003274
27,k_proj,96,1.083008,1.086553,1.003274
27,k_proj,100,1.05957,1.063038,1.003273
27,k_proj,104,1.041016,1.044422,1.003272
27,k_proj,108,1.017578,1.020907,1.003271
27,k_proj,112,0.989746,0.992982,1.00327
27,k_proj,116,0.963379,0.966528,1.003269
27,k_proj,120,0.945312,0.948402,1.003268
27,k_proj,124,0.908203,0.911169,1.003266
27,v_proj,0,4.566406,4.590765,1.005334
27,v_proj,4,3.632812,3.651883,1.00525
27,v_proj,8,3.208984,3.225682,1.005203
27,v_proj,12,3.003906,3.019462,1.005179
27,v_proj,16,2.884766,2.899662,1.005164
27,v_proj,20,2.771484,2.785754,1.005149
27,v_proj,24,2.681641,2.695414,1.005136
27,v_proj,28,2.582031,2.595257,1.005122
27,v_proj,32,2.523438,2.536342,1.005114
27,v_proj,36,2.457031,2.469571,1.005104
27,v_proj,40,2.378906,2.391019,1.005092
27,v_proj,44,2.333984,2.345851,1.005084
27,v_proj,48,2.294922,2.306576,1.005078
27,v_proj,52,2.257812,2.269264,1.005072
27,v_proj,56,2.226562,2.237844,1.005067
27,v_proj,60,2.201172,2.212315,1.005063
27,v_proj,64,2.177734,2.188751,1.005059
27,v_proj,68,2.148438,2.159294,1.005053
27,v_proj,72,2.128906,2.139657,1.00505
27,v_proj,76,2.09375,2.10431,1.005044
27,v_proj,80,2.066406,2.076818,1.005039
27,v_proj,84,2.048828,2.059145,1.005036
27,v_proj,88,2.027344,2.037544,1.005032
27,v_proj,92,1.996094,2.006126,1.005026
27,v_proj,96,1.972656,1.982562,1.005021
27,v_proj,100,1.942383,1.952125,1.005016
27,v_proj,104,1.898438,1.907943,1.005007
27,v_proj,108,1.874023,1.883397,1.005002
27,v_proj,112,1.833984,1.843143,1.004994
27,v_proj,116,1.795898,1.804853,1.004986
27,v_proj,120,1.746094,1.754782,1.004976
27,v_proj,124,1.699219,1.707656,1.004965
27,o_proj,0,10.335938,10.307962,0.997293
27,o_proj,4,3.291016,3.281069,0.996978
27,o_proj,8,3.005859,2.996699,0.996952
27,o_proj,12,2.871094,2.862308,0.99694
27,o_proj,16,2.751953,2.743499,0.996928
27,o_proj,20,2.669922,2.661697,0.996919
27,o_proj,24,2.615234,2.607163,0.996914
27,o_proj,28,2.574219,2.566263,0.996909
27,o_proj,32,2.521484,2.513677,0.996904
27,o_proj,36,2.474609,2.466934,0.996898
27,o_proj,40,2.4375,2.42993,0.996894
27,o_proj,44,2.400391,2.392925,0.99689
27,o_proj,48,2.375,2.367607,0.996887
27,o_proj,52,2.347656,2.340341,0.996884
27,o_proj,56,2.322266,2.315022,0.996881
27,o_proj,60,2.296875,2.289703,0.996878
27,o_proj,64,2.277344,2.270228,0.996875
27,o_proj,68,2.255859,2.248805,0.996873
27,o_proj,72,2.242188,2.235172,0.996871
27,o_proj,76,2.216797,2.209853,0.996868
27,o_proj,80,2.193359,2.186483,0.996865
27,o_proj,84,2.175781,2.168955,0.996863
27,o_proj,88,2.158203,2.151427,0.99686
27,o_proj,92,2.144531,2.137794,0.996859
27,o_proj,96,2.128906,2.122214,0.996857
27,o_proj,100,2.109375,2.102739,0.996854
27,o_proj,104,2.091797,2.085211,0.996852
27,o_proj,108,2.076172,2.069631,0.99685
27,o_proj,112,2.054688,2.048208,0.996847
27,o_proj,116,2.035156,2.028733,0.996844
27,o_proj,120,2.017578,2.011206,0.996842
27,o_proj,124,1.999023,1.992705,0.996839
