layer,proj,idx,sigma,m_sigma,ratio
0,q_proj,0,22.890625,22.843964,0.997962
0,q_proj,4,8.296875,8.280793,0.998062
0,q_proj,8,5.824219,5.813133,0.998097
0,q_proj,12,4.582031,4.573418,0.99812
0,q_proj,16,3.972656,3.965245,0.998134
0,q_proj,20,3.65625,3.649459,0.998143
0,q_proj,24,3.376953,3.370707,0.99815
0,q_proj,28,3.222656,3.216711,0.998155
0,q_proj,32,3.021484,3.015929,0.998161
0,q_proj,36,2.916016,2.910665,0.998165
0,q_proj,40,2.849609,2.844387,0.998167
0,q_proj,44,2.767578,2.762514,0.99817
0,q_proj,48,2.728516,2.723526,0.998171
0,q_proj,52,2.667969,2.663096,0.998174
0,q_proj,56,2.628906,2.624109,0.998175
0,q_proj,60,2.591797,2.587071,0.998177
0,q_proj,64,2.566406,2.561729,0.998178
0,q_proj,68,2.529297,2.524691,0.998179
0,q_proj,72,2.503906,2.499349,0.99818
0,q_proj,76,2.46875,2.46426,0.998181
0,q_proj,80,2.449219,2.444766,0.998182
0,q_proj,84,2.410156,2.405779,0.998184
0,q_proj,88,2.386719,2.382386,0.998185
0,q_proj,92,2.357422,2.353145,0.998186
0,q_proj,96,2.324219,2.320006,0.998187
0,q_proj,100,2.294922,2.290765,0.998189
0,q_proj,104,2.259766,2.255676,0.99819
0,q_proj,108,2.234375,2.230334,0.998191
0,q_proj,112,2.199219,2.195244,0.998193
0,q_proj,116,2.169922,2.166003,0.998194
0,q_proj,120,2.138672,2.134813,0.998196
0,q_proj,124,2.115234,2.11142,0.998197
0,k_proj,0,4.175781,4.180818,1.001206
0,k_proj,4,2.875,2.877967,1.001032
0,k_proj,8,2.638672,2.641289,1.000992
0,k_proj,12,2.572266,2.574786,1.00098
0,k_proj,16,2.488281,2.490681,1.000964
0,k_proj,20,2.455078,2.45743,1.000958
0,k_proj,24,2.423828,2.426136,1.000952
0,k_proj,28,2.386719,2.388974,1.000945
0,k_proj,32,2.373047,2.375283,1.000942
0,k_proj,36,2.34375,2.345944,1.000936
0,k_proj,40,2.328125,2.330298,1.000933
0,k_proj,44,2.298828,2.30096,1.000927
0,k_proj,48,2.28125,2.283357,1.000924
0,k_proj,52,2.259766,2.261843,1.000919
0,k_proj,56,2.238281,2.240329,1.000915
0,k_proj,60,2.226562,2.228594,1.000912
0,k_proj,64,2.207031,2.209035,1.000908
0,k_proj,68,2.185547,2.187521,1.000903
0,k_proj,72,2.158203,2.16014,1.000898
0,k_proj,76,2.138672,2.140583,1.000893
0,k_proj,80,2.105469,2.107334,1.000886
0,k_proj,84,2.076172,2.077998,1.000879
0,k_proj,88,2.042969,2.04475,1.000872
0,k_proj,92,1.999023,2.000746,1.000862
0,k_proj,96,1.958008,1.959676,1.000852
0,k_proj,100,1.914062,1.915673,1.000841
0,k_proj,104,1.869141,1.870692,1.00083
0,k_proj,108,1.820312,1.821801,1.000818
0,k_proj,112,1.78125,1.782688,1.000807
0,k_proj,116,1.750977,1.752376,1.000799
0,k_proj,120,1.724609,1.725975,1.000792
0,k_proj,124,1.710938,1.712286,1.000788
0,v_proj,0,1.24707,1.243622,0.997235
0,v_proj,4,0.82373,0.821654,0.997479
0,v_proj,8,0.696777,0.69509,0.997578
0,v_proj,12,0.658203,0.656631,0.997612
0,v_proj,16,0.650391,0.648842,0.997619
0,v_proj,20,0.644531,0.643,0.997624
0,v_proj,24,0.639648,0.638132,0.997629
0,v_proj,28,0.635254,0.63375,0.997633
0,v_proj,32,0.631348,0.629856,0.997637
0,v_proj,36,0.627441,0.625961,0.99764
0,v_proj,40,0.623535,0.622066,0.997644
0,v_proj,44,0.619629,0.618171,0.997648
0,v_proj,48,0.615723,0.614277,0.997652
0,v_proj,52,0.612793,0.611356,0.997654
0,v_proj,56,0.60791,0.606487,0.997659
0,v_proj,60,0.603516,0.602105,0.997663
0,v_proj,64,0.600586,0.599184,0.997666
0,v_proj,68,0.596191,0.594803,0.997671
0,v_proj,72,0.59082,0.589447,0.997676
0,v_proj,76,0.587402,0.586039,0.99768
0,v_proj,80,0.583496,0.582144,0.997683
0,v_proj,84,0.57959,0.578249,0.997687
0,v_proj,88,0.57666,0.575328,0.99769
0,v_proj,92,0.572266,0.570946,0.997695
0,v_proj,96,0.567383,0.566078,0.9977
0,v_proj,100,0.562012,0.560722,0.997706
0,v_proj,104,0.557617,0.55634,0.99771
0,v_proj,108,0.552734,0.551472,0.997715
0,v_proj,112,0.548828,0.547577,0.99772
0,v_proj,116,0.542969,0.541734,0.997726
0,v_proj,120,0.537109,0.535891,0.997732
0,v_proj,124,0.533691,0.532483,0.997736
0,o_proj,0,5.992188,5.964007,0.995297
0,o_proj,4,3.150391,3.136946,0.995732
0,o_proj,8,2.304688,2.29534,0.995944
0,o_proj,12,1.967773,1.960004,0.996052
0,o_proj,16,1.761719,1.754895,0.996127
0,o_proj,20,1.685547,1.679069,0.996157
0,o_proj,24,1.599609,1.593518,0.996192
0,o_proj,28,1.535156,1.529353,0.99622
0,o_proj,32,1.500977,1.495326,0.996235
0,o_proj,36,1.467773,1.46227,0.996251
0,o_proj,40,1.444336,1.438936,0.996261
0,o_proj,44,1.419922,1.41463,0.996273
0,o_proj,48,1.404297,1.399074,0.996281
0,o_proj,52,1.379883,1.374767,0.996292
0,o_proj,56,1.368164,1.363099,0.996298
0,o_proj,60,1.348633,1.343654,0.996308
0,o_proj,64,1.338867,1.333931,0.996313
0,o_proj,68,1.326172,1.321291,0.99632
0,o_proj,72,1.314453,1.309623,0.996325
0,o_proj,76,1.306641,1.301845,0.996329
0,o_proj,80,1.295898,1.291149,0.996335
0,o_proj,84,1.286133,1.281426,0.99634
0,o_proj,88,1.276367,1.271703,0.996345
0,o_proj,92,1.266602,1.261979,0.996351
0,o_proj,96,1.259766,1.255173,0.996354
0,o_proj,100,1.250977,1.246422,0.996359
0,o_proj,104,1.244141,1.239615,0.996363
0,o_proj,108,1.236328,1.231837,0.996367
0,o_proj,112,1.225586,1.221141,0.996373
0,o_proj,116,1.21875,1.214334,0.996377
0,o_proj,120,1.208008,1.203638,0.996383
0,o_proj,124,1.200195,1.195859,0.996387
1,q_proj,0,10.46875,10.452487,0.998447
1,q_proj,4,6.605469,6.595434,0.998481
1,q_proj,8,5.5,5.49172,0.998494
1,q_proj,12,4.859375,4.852104,0.998504
1,q_proj,16,4.640625,4.633698,0.998507
1,q_proj,20,4.285156,4.278785,0.998513
1,q_proj,24,4.042969,4.036975,0.998517
1,q_proj,28,3.804688,3.799064,0.998522
1,q_proj,32,3.712891,3.70741,0.998524
1,q_proj,36,3.558594,3.553352,0.998527
1,q_proj,40,3.449219,3.444146,0.998529
1,q_proj,44,3.361328,3.356391,0.998531
1,q_proj,48,3.257812,3.253035,0.998534
1,q_proj,52,3.162109,3.15748,0.998536
1,q_proj,56,3.085938,3.081425,0.998538
1,q_proj,60,3.0,2.995619,0.99854
1,q_proj,64,2.925781,2.921515,0.998542
1,q_proj,68,2.863281,2.85911,0.998543
1,q_proj,72,2.816406,2.812307,0.998545
1,q_proj,76,2.744141,2.740152,0.998546
1,q_proj,80,2.6875,2.683598,0.998548
1,q_proj,84,2.632812,2.628994,0.99855
1,q_proj,88,2.574219,2.570489,0.998551
1,q_proj,92,2.523438,2.519785,0.998553
1,q_proj,96,2.476562,2.472982,0.998554
1,q_proj,100,2.425781,2.422277,0.998556
1,q_proj,104,2.382812,2.379374,0.998557
1,q_proj,108,2.316406,2.313069,0.998559
1,q_proj,112,2.275391,2.272115,0.99856
1,q_proj,116,2.21875,2.21556,0.998562
1,q_proj,120,2.167969,2.164856,0.998564
1,q_proj,124,2.134766,2.131703,0.998565
1,k_proj,0,4.707031,4.719758,1.002704
1,k_proj,4,3.84375,3.853877,1.002635
1,k_proj,8,3.541016,3.550246,1.002607
1,k_proj,12,3.230469,3.238788,1.002575
1,k_proj,16,3.083984,3.091877,1.002559
1,k_proj,20,2.882812,2.890124,1.002536
1,k_proj,24,2.794922,2.80198,1.002525
1,k_proj,28,2.685547,2.692293,1.002512
1,k_proj,32,2.550781,2.557144,1.002494
1,k_proj,36,2.494141,2.500343,1.002487
1,k_proj,40,2.410156,2.416121,1.002475
1,k_proj,44,2.300781,2.306439,1.002459
1,k_proj,48,2.210938,2.216345,1.002446
1,k_proj,52,2.164062,2.169339,1.002438
1,k_proj,56,2.121094,2.126251,1.002431
1,k_proj,60,2.064453,2.069454,1.002422
1,k_proj,64,2.0,2.004823,1.002411
1,k_proj,68,1.941406,1.946068,1.002401
1,k_proj,72,1.889648,1.894168,1.002392
1,k_proj,76,1.852539,1.856958,1.002385
1,k_proj,80,1.813477,1.817789,1.002378
1,k_proj,84,1.767578,1.771766,1.002369
1,k_proj,88,1.724609,1.728681,1.002361
1,k_proj,92,1.68457,1.688534,1.002353
1,k_proj,96,1.658203,1.662096,1.002347
1,k_proj,100,1.615234,1.619012,1.002338
1,k_proj,104,1.578125,1.581803,1.002331
1,k_proj,108,1.53418,1.53774,1.002321
1,k_proj,112,1.478516,1.481928,1.002308
1,k_proj,116,1.442383,1.4457,1.0023
1,k_proj,120,1.40918,1.412409,1.002292
1,k_proj,124,1.376953,1.380098,1.002284
1,v_proj,0,1.456055,1.456309,1.000174
1,v_proj,4,1.200195,1.200395,1.000166
1,v_proj,8,1.166016,1.166208,1.000165
1,v_proj,12,1.147461,1.14765,1.000164
1,v_proj,16,1.130859,1.131045,1.000164
1,v_proj,20,1.120117,1.1203,1.000163
1,v_proj,24,1.107422,1.107602,1.000163
1,v_proj,28,1.09668,1.096858,1.000163
1,v_proj,32,1.082031,1.082206,1.000162
1,v_proj,36,1.072266,1.072439,1.000162
1,v_proj,40,1.05957,1.059741,1.000161
1,v_proj,44,1.051758,1.051927,1.000161
1,v_proj,48,1.041016,1.041183,1.00016
1,v_proj,52,1.032227,1.032392,1.00016
1,v_proj,56,1.023438,1.023601,1.00016
1,v_proj,60,1.014648,1.01481,1.000159
1,v_proj,64,1.006836,1.006996,1.000159
1,v_proj,68,0.996582,0.99674,1.000158
1,v_proj,72,0.989746,0.989903,1.000158
1,v_proj,76,0.981445,0.9816,1.000158
1,v_proj,80,0.973145,0.973298,1.000157
1,v_proj,84,0.964355,0.964507,1.000157
1,v_proj,88,0.957031,0.957181,1.000157
1,v_proj,92,0.948242,0.94839,1.000156
1,v_proj,96,0.938965,0.939111,1.000156
1,v_proj,100,0.929688,0.929832,1.000156
1,v_proj,104,0.921875,0.922018,1.000155
1,v_proj,108,0.914551,0.914692,1.000155
1,v_proj,112,0.902344,0.902483,1.000154
1,v_proj,116,0.891113,0.89125,1.000154
1,v_proj,120,0.882812,0.882948,1.000153
1,v_proj,124,0.869629,0.869762,1.000153
1,o_proj,0,3.714844,3.727248,1.003339
1,o_proj,4,3.15625,3.166615,1.003284
1,o_proj,8,2.941406,2.950996,1.00326
1,o_proj,12,2.832031,2.841228,1.003248
1,o_proj,16,2.753906,2.762824,1.003238
1,o_proj,20,2.644531,2.653059,1.003225
1,o_proj,24,2.552734,2.560935,1.003213
1,o_proj,28,2.496094,2.504094,1.003205
1,o_proj,32,2.433594,2.441373,1.003197
1,o_proj,36,2.365234,2.372772,1.003187
1,o_proj,40,2.314453,2.321813,1.00318
1,o_proj,44,2.257812,2.264973,1.003171
1,o_proj,48,2.21875,2.225773,1.003165
1,o_proj,52,2.173828,2.180694,1.003159
1,o_proj,56,2.132812,2.139536,1.003152
1,o_proj,60,2.103516,2.110137,1.003148
1,o_proj,64,2.066406,2.072898,1.003142
1,o_proj,68,2.027344,2.0337,1.003135
1,o_proj,72,2.001953,2.008221,1.003131
1,o_proj,76,1.97168,1.977843,1.003126
1,o_proj,80,1.948242,1.954324,1.003122
1,o_proj,84,1.917969,1.923946,1.003117
1,o_proj,88,1.890625,1.896508,1.003112
1,o_proj,92,1.876953,1.882789,1.003109
1,o_proj,96,1.850586,1.856331,1.003105
1,o_proj,100,1.827148,1.832813,1.0031
1,o_proj,104,1.807617,1.813215,1.003097
1,o_proj,108,1.782227,1.787737,1.003092
1,o_proj,112,1.764648,1.770099,1.003089
1,o_proj,116,1.741211,1.746581,1.003084
1,o_proj,120,1.714844,1.720124,1.003079
1,o_proj,124,1.697266,1.702486,1.003075
2,q_proj,0,5.542969,5.533761,0.998339
2,q_proj,4,4.480469,4.473081,0.998351
2,q_proj,8,3.992188,3.985632,0.998358
2,q_proj,12,3.779297,3.773103,0.998361
2,q_proj,16,3.548828,3.543025,0.998365
2,q_proj,20,3.376953,3.371441,0.998368
2,q_proj,24,3.296875,3.291498,0.998369
2,q_proj,28,3.212891,3.207656,0.998371
2,q_proj,32,3.119141,3.114064,0.998372
2,q_proj,36,3.052734,3.047769,0.998374
2,q_proj,40,2.998047,2.993174,0.998375
2,q_proj,44,2.9375,2.932729,0.998376
2,q_proj,48,2.859375,2.854735,0.998377
2,q_proj,52,2.810547,2.80599,0.998378
2,q_proj,56,2.769531,2.765043,0.998379
2,q_proj,60,2.722656,2.718246,0.99838
2,q_proj,64,2.699219,2.694848,0.998381
2,q_proj,68,2.644531,2.640252,0.998382
2,q_proj,72,2.607422,2.603205,0.998383
2,q_proj,76,2.568359,2.564208,0.998384
2,q_proj,80,2.544922,2.54081,0.998384
2,q_proj,84,2.503906,2.499863,0.998385
2,q_proj,88,2.46875,2.464766,0.998386
2,q_proj,92,2.4375,2.433568,0.998387
2,q_proj,96,2.396484,2.392621,0.998388
2,q_proj,100,2.373047,2.369222,0.998388
2,q_proj,104,2.339844,2.336075,0.998389
2,q_proj,108,2.3125,2.308777,0.99839
2,q_proj,112,2.287109,2.283428,0.99839
2,q_proj,116,2.25,2.246381,0.998391
2,q_proj,120,2.230469,2.226882,0.998392
2,q_proj,124,2.199219,2.195684,0.998393
2,k_proj,0,3.027344,3.014185,0.995653
2,k_proj,4,2.621094,2.609959,0.995752
2,k_proj,8,2.443359,2.433096,0.995799
2,k_proj,12,2.353516,2.34369,0.995825
2,k_proj,16,2.269531,2.260113,0.99585
2,k_proj,20,2.240234,2.230957,0.995859
2,k_proj,24,2.205078,2.19597,0.99587
2,k_proj,28,2.167969,2.159039,0.995881
2,k_proj,32,2.140625,2.131826,0.995889
2,k_proj,36,2.119141,2.110445,0.995896
2,k_proj,40,2.085938,2.0774,0.995907
2,k_proj,44,2.064453,2.056018,0.995914
2,k_proj,48,2.041016,2.032692,0.995922
2,k_proj,52,2.017578,2.009366,0.99593
2,k_proj,56,1.996094,1.987983,0.995937
2,k_proj,60,1.976562,1.968545,0.995944
2,k_proj,64,1.958984,1.95105,0.99595
2,k_proj,68,1.933594,1.92578,0.995959
2,k_proj,72,1.916016,1.908284,0.995965
2,k_proj,76,1.893555,1.885929,0.995973
2,k_proj,80,1.874023,1.86649,0.99598
2,k_proj,84,1.851562,1.844134,0.995988
2,k_proj,88,1.834961,1.82761,0.995994
2,k_proj,92,1.81543,1.808171,0.996001
2,k_proj,96,1.794922,1.787758,0.996009
2,k_proj,100,1.771484,1.76443,0.996018
2,k_proj,104,1.749023,1.742074,0.996027
2,k_proj,108,1.714844,1.708053,0.99604
2,k_proj,112,1.693359,1.686668,0.996048
2,k_proj,116,1.658203,1.651674,0.996063
2,k_proj,120,1.638672,1.632233,0.996071
2,k_proj,124,1.603516,1.597238,0.996085
2,v_proj,0,1.208008,1.205994,0.998333
2,v_proj,4,0.993164,0.991494,0.998318
2,v_proj,8,0.961914,0.960294,0.998316
2,v_proj,12,0.941406,0.939819,0.998314
2,v_proj,16,0.929199,0.927632,0.998313
2,v_proj,20,0.917969,0.916419,0.998312
2,v_proj,24,0.90332,0.901795,0.998311
2,v_proj,28,0.894531,0.89302,0.99831
2,v_proj,32,0.883789,0.882295,0.998309
2,v_proj,36,0.871582,0.870108,0.998308
2,v_proj,40,0.863281,0.86182,0.998308
2,v_proj,44,0.853516,0.85207,0.998307
2,v_proj,48,0.844238,0.842808,0.998306
2,v_proj,52,0.836426,0.835008,0.998305
2,v_proj,56,0.828125,0.826721,0.998305
2,v_proj,60,0.818848,0.817459,0.998304
2,v_proj,64,0.810059,0.808684,0.998303
2,v_proj,68,0.801758,0.800397,0.998302
2,v_proj,72,0.794434,0.793084,0.998301
2,v_proj,76,0.789062,0.787722,0.998301
2,v_proj,80,0.782715,0.781384,0.9983
2,v_proj,84,0.772949,0.771635,0.998299
2,v_proj,88,0.766602,0.765297,0.998299
2,v_proj,92,0.757324,0.756035,0.998298
2,v_proj,96,0.749023,0.747748,0.998297
2,v_proj,100,0.742676,0.741411,0.998296
2,v_proj,104,0.734375,0.733123,0.998296
2,v_proj,108,0.727051,0.725811,0.998295
2,v_proj,112,0.717285,0.716061,0.998294
2,v_proj,116,0.712402,0.711186,0.998293
2,v_proj,120,0.703125,0.701924,0.998292
2,v_proj,124,0.694336,0.69315,0.998291
2,o_proj,0,3.972656,3.971708,0.999761
2,o_proj,4,2.859375,2.858593,0.999727
2,o_proj,8,2.560547,2.559817,0.999715
2,o_proj,12,2.470703,2.46999,0.999711
2,o_proj,16,2.373047,2.372352,0.999707
2,o_proj,20,2.300781,2.3001,0.999704
2,o_proj,24,2.226562,2.225895,0.9997
2,o_proj,28,2.169922,2.169266,0.999698
2,o_proj,32,2.132812,2.132164,0.999696
2,o_proj,36,2.099609,2.098967,0.999694
2,o_proj,40,2.064453,2.063818,0.999692
2,o_proj,44,2.023438,2.022811,0.99969
2,o_proj,48,2.001953,2.001331,0.999689
2,o_proj,52,1.969727,1.969111,0.999688
2,o_proj,56,1.942383,1.941773,0.999686
2,o_proj,60,1.920898,1.920293,0.999685
2,o_proj,64,1.900391,1.89979,0.999684
2,o_proj,68,1.875,1.874404,0.999682
2,o_proj,72,1.851562,1.850972,0.999681
2,o_proj,76,1.828125,1.82754,0.99968
2,o_proj,80,1.803711,1.803131,0.999678
2,o_proj,84,1.786133,1.785556,0.999677
2,o_proj,88,1.769531,1.768959,0.999676
2,o_proj,92,1.748047,1.747479,0.999675
2,o_proj,96,1.736328,1.735763,0.999674
2,o_proj,100,1.710938,1.710378,0.999673
2,o_proj,104,1.692383,1.691827,0.999672
2,o_proj,108,1.675781,1.675229,0.999671
2,o_proj,112,1.655273,1.654726,0.999669
2,o_proj,116,1.640625,1.640081,0.999668
2,o_proj,120,1.618164,1.617625,0.999667
2,o_proj,124,1.591797,1.591264,0.999665
3,q_proj,0,7.394531,7.42679,1.004362
3,q_proj,4,4.882812,4.903073,1.004149
3,q_proj,8,4.332031,4.349738,1.004087
3,q_proj,12,3.998047,4.014222,1.004046
3,q_proj,16,3.808594,3.823906,1.00402
3,q_proj,20,3.597656,3.612014,1.003991
3,q_proj,24,3.464844,3.478603,1.003971
3,q_proj,28,3.363281,3.376586,1.003956
3,q_proj,32,3.246094,3.258875,1.003937
3,q_proj,36,3.164062,3.176479,1.003924
3,q_proj,40,3.068359,3.08035,1.003908
3,q_proj,44,3.011719,3.023459,1.003898
3,q_proj,48,2.935547,2.946951,1.003885
3,q_proj,52,2.888672,2.899869,1.003876
3,q_proj,56,2.832031,2.84298,1.003866
3,q_proj,60,2.792969,2.803746,1.003859
3,q_proj,64,2.722656,2.733126,1.003846
3,q_proj,68,2.691406,2.70174,1.003839
3,q_proj,72,2.650391,2.660545,1.003831
3,q_proj,76,2.613281,2.623274,1.003824
3,q_proj,80,2.576172,2.586004,1.003816
3,q_proj,84,2.544922,2.554618,1.00381
3,q_proj,88,2.507812,2.517348,1.003802
3,q_proj,92,2.474609,2.484001,1.003795
3,q_proj,96,2.441406,2.450655,1.003788
3,q_proj,100,2.414062,2.423193,1.003782
3,q_proj,104,2.384766,2.39377,1.003776
3,q_proj,108,2.355469,2.364348,1.00377
3,q_proj,112,2.324219,2.332963,1.003762
3,q_proj,116,2.291016,2.299618,1.003755
3,q_proj,120,2.259766,2.268234,1.003748
3,q_proj,124,2.230469,2.238812,1.003741
3,k_proj,0,3.685547,3.683729,0.999507
3,k_proj,4,2.939453,2.937919,0.999478
3,k_proj,8,2.740234,2.73878,0.999469
3,k_proj,12,2.554688,2.553308,0.99946
3,k_proj,16,2.505859,2.5045,0.999458
3,k_proj,20,2.433594,2.432265,0.999454
3,k_proj,24,2.363281,2.361982,0.99945
3,k_proj,28,2.300781,2.299509,0.999447
3,k_proj,32,2.25,2.248749,0.999444
3,k_proj,36,2.201172,2.199942,0.999441
3,k_proj,40,2.162109,2.160896,0.999439
3,k_proj,44,2.121094,2.119899,0.999437
3,k_proj,48,2.082031,2.080853,0.999434
3,k_proj,52,2.050781,2.049617,0.999432
3,k_proj,56,2.027344,2.02619,0.999431
3,k_proj,60,1.995117,1.993978,0.999429
3,k_proj,64,1.967773,1.966646,0.999427
3,k_proj,68,1.93457,1.933457,0.999425
3,k_proj,72,1.904297,1.903198,0.999423
3,k_proj,76,1.87793,1.876842,0.999421
3,k_proj,80,1.856445,1.855368,0.99942
3,k_proj,84,1.829102,1.828037,0.999418
3,k_proj,88,1.80957,1.808514,0.999416
3,k_proj,92,1.78125,1.780207,0.999414
3,k_proj,96,1.759766,1.758732,0.999413
3,k_proj,100,1.732422,1.731401,0.999411
3,k_proj,104,1.700195,1.69919,0.999408
3,k_proj,108,1.68457,1.683572,0.999407
3,k_proj,112,1.663086,1.662097,0.999406
3,k_proj,116,1.634766,1.63379,0.999403
3,k_proj,120,1.603516,1.602555,0.999401
3,k_proj,124,1.577148,1.5762,0.999399
3,v_proj,0,1.197266,1.200293,1.002529
3,v_proj,4,1.06543,1.06809,1.002497
3,v_proj,8,1.050781,1.053401,1.002494
3,v_proj,12,1.041016,1.043609,1.002491
3,v_proj,16,1.03125,1.033816,1.002489
3,v_proj,20,1.016602,1.019127,1.002485
3,v_proj,24,1.008789,1.011294,1.002483
3,v_proj,28,1.00293,1.005418,1.002481
3,v_proj,32,0.992188,0.994646,1.002478
3,v_proj,36,0.984375,0.986812,1.002476
3,v_proj,40,0.974609,0.97702,1.002473
3,v_proj,44,0.966309,0.968696,1.002471
3,v_proj,48,0.958008,0.960373,1.002469
3,v_proj,52,0.953125,0.955477,1.002467
3,v_proj,56,0.943848,0.946174,1.002465
3,v_proj,60,0.937012,0.939319,1.002463
3,v_proj,64,0.927734,0.930017,1.00246
3,v_proj,68,0.922363,0.924631,1.002458
3,v_proj,72,0.914062,0.916307,1.002456
3,v_proj,76,0.904785,0.907005,1.002453
3,v_proj,80,0.897461,0.899661,1.002451
3,v_proj,84,0.890137,0.892316,1.002449
3,v_proj,88,0.879395,0.881545,1.002445
3,v_proj,92,0.870117,0.872243,1.002443
3,v_proj,96,0.863281,0.865388,1.00244
3,v_proj,100,0.85498,0.857065,1.002438
3,v_proj,104,0.844727,0.846783,1.002435
3,v_proj,108,0.836914,0.83895,1.002432
3,v_proj,112,0.828613,0.830626,1.002429
3,v_proj,116,0.819824,0.821814,1.002427
3,v_proj,120,0.810059,0.812022,1.002423
3,v_proj,124,0.802246,0.804188,1.002421
3,o_proj,0,3.755859,3.758796,1.000782
3,o_proj,4,2.736328,2.738755,1.000887
3,o_proj,8,2.476562,2.478841,1.00092
3,o_proj,12,2.347656,2.349858,1.000938
3,o_proj,16,2.242188,2.244324,1.000953
3,o_proj,20,2.175781,2.177876,1.000963
3,o_proj,24,2.125,2.127063,1.000971
3,o_proj,28,2.085938,2.087975,1.000977
3,o_proj,32,2.050781,2.052796,1.000983
3,o_proj,36,2.021484,2.02348,1.000987
3,o_proj,40,1.983398,1.985369,1.000994
3,o_proj,44,1.963867,1.965825,1.000997
3,o_proj,48,1.936523,1.938463,1.001002
3,o_proj,52,1.918945,1.920873,1.001005
3,o_proj,56,1.895508,1.89742,1.001009
3,o_proj,60,1.874023,1.875921,1.001013
3,o_proj,64,1.853516,1.855399,1.001016
3,o_proj,68,1.833984,1.835855,1.00102
3,o_proj,72,1.80957,1.811424,1.001024
3,o_proj,76,1.789062,1.790902,1.001028
3,o_proj,80,1.772461,1.774289,1.001031
3,o_proj,84,1.753906,1.755721,1.001035
3,o_proj,88,1.738281,1.740085,1.001038
3,o_proj,92,1.719727,1.721517,1.001041
3,o_proj,96,1.706055,1.707835,1.001044
3,o_proj,100,1.6875,1.689267,1.001047
3,o_proj,104,1.676758,1.678517,1.001049
3,o_proj,108,1.662109,1.663859,1.001052
3,o_proj,112,1.644531,1.646268,1.001056
3,o_proj,116,1.630859,1.632586,1.001059
3,o_proj,120,1.613281,1.614995,1.001062
3,o_proj,124,1.598633,1.600336,1.001065
4,q_proj,0,6.628906,6.664548,1.005377
4,q_proj,4,4.339844,4.361555,1.005003
4,q_proj,8,3.900391,3.919539,1.004909
4,q_proj,12,3.595703,3.613096,1.004837
4,q_proj,16,3.458984,3.475601,1.004804
4,q_proj,20,3.304688,3.32043,1.004764
4,q_proj,24,3.210938,3.226153,1.004739
4,q_proj,28,3.119141,3.133841,1.004713
4,q_proj,32,3.039062,3.053315,1.00469
4,q_proj,36,2.988281,3.002253,1.004675
4,q_proj,40,2.925781,2.939405,1.004657
4,q_proj,44,2.875,2.888343,1.004641
4,q_proj,48,2.828125,2.841212,1.004628
4,q_proj,52,2.785156,2.798007,1.004614
4,q_proj,56,2.734375,2.746947,1.004598
4,q_proj,60,2.695312,2.707671,1.004585
4,q_proj,64,2.664062,2.67625,1.004575
4,q_proj,68,2.623047,2.635011,1.004561
4,q_proj,72,2.582031,2.593773,1.004548
4,q_proj,76,2.556641,2.568244,1.004539
4,q_proj,80,2.527344,2.53879,1.004529
4,q_proj,84,2.496094,2.50737,1.004518
4,q_proj,88,2.46875,2.47988,1.004508
4,q_proj,92,2.433594,2.444534,1.004496
4,q_proj,96,2.410156,2.420972,1.004488
4,q_proj,100,2.375,2.385628,1.004475
4,q_proj,104,2.34375,2.35421,1.004463
4,q_proj,108,2.316406,2.32672,1.004453
4,q_proj,112,2.285156,2.295305,1.004441
4,q_proj,116,2.253906,2.263888,1.004429
4,q_proj,120,2.228516,2.238363,1.004419
4,q_proj,124,2.203125,2.212839,1.004409
4,k_proj,0,3.357422,3.343359,0.995811
4,k_proj,4,2.580078,2.569678,0.995969
4,k_proj,8,2.4375,2.427757,0.996003
4,k_proj,12,2.380859,2.371376,0.996017
4,k_proj,16,2.292969,2.283887,0.996039
4,k_proj,20,2.25,2.241114,0.996051
4,k_proj,24,2.1875,2.178898,0.996067
4,k_proj,28,2.154297,2.145844,0.996076
4,k_proj,32,2.101562,2.093348,0.996091
4,k_proj,36,2.076172,2.068072,0.996099
4,k_proj,40,2.033203,2.025296,0.996111
4,k_proj,44,2.001953,1.994186,0.99612
4,k_proj,48,1.964844,1.957243,0.996131
4,k_proj,52,1.9375,1.930021,0.99614
4,k_proj,56,1.90918,1.901827,0.996149
4,k_proj,60,1.886719,1.879466,0.996156
4,k_proj,64,1.856445,1.849326,0.996165
4,k_proj,68,1.818359,1.811409,0.996177
4,k_proj,72,1.786133,1.779324,0.996188
4,k_proj,76,1.765625,1.758907,0.996195
4,k_proj,80,1.740234,1.733628,0.996204
4,k_proj,84,1.711914,1.705432,0.996213
4,k_proj,88,1.682617,1.676263,0.996224
4,k_proj,92,1.661133,1.654873,0.996231
4,k_proj,96,1.638672,1.63251,0.996239
4,k_proj,100,1.607422,1.601395,0.996251
4,k_proj,104,1.582031,1.576115,0.99626
4,k_proj,108,1.554688,1.54889,0.996271
4,k_proj,112,1.52832,1.522636,0.996281
4,k_proj,116,1.499023,1.493466,0.996292
4,k_proj,120,1.464844,1.459433,0.996306
4,k_proj,124,1.4375,1.432206,0.996317
4,v_proj,0,1.49707,1.501898,1.003225
4,v_proj,4,1.350586,1.35487,1.003172
4,v_proj,8,1.326172,1.330366,1.003163
4,v_proj,12,1.308594,1.312724,1.003156
4,v_proj,16,1.292969,1.297041,1.00315
4,v_proj,20,1.27832,1.282339,1.003144
4,v_proj,24,1.266602,1.270578,1.003139
4,v_proj,28,1.255859,1.259796,1.003135
4,v_proj,32,1.242188,1.246075,1.003129
4,v_proj,36,1.228516,1.232353,1.003123
4,v_proj,40,1.219727,1.223532,1.00312
4,v_proj,44,1.208984,1.212751,1.003115
4,v_proj,48,1.200195,1.20393,1.003111
4,v_proj,52,1.189453,1.193148,1.003107
4,v_proj,56,1.176758,1.180407,1.003101
4,v_proj,60,1.167969,1.171586,1.003097
4,v_proj,64,1.162109,1.165706,1.003095
4,v_proj,68,1.150391,1.153945,1.00309
4,v_proj,72,1.140625,1.144144,1.003085
4,v_proj,76,1.132812,1.136303,1.003082
4,v_proj,80,1.123047,1.126503,1.003077
4,v_proj,84,1.116211,1.119642,1.003074
4,v_proj,88,1.105469,1.108861,1.003069
4,v_proj,92,1.095703,1.099061,1.003064
4,v_proj,96,1.088867,1.0922,1.003061
4,v_proj,100,1.077148,1.08044,1.003056
4,v_proj,104,1.067383,1.070639,1.003051
4,v_proj,108,1.058594,1.061819,1.003047
4,v_proj,112,1.042969,1.046138,1.003039
4,v_proj,116,1.03125,1.034378,1.003033
4,v_proj,120,1.021484,1.024577,1.003028
4,v_proj,124,1.006836,1.009877,1.003021
4,o_proj,0,3.736328,3.739617,1.00088
4,o_proj,4,2.71875,2.721091,1.000861
4,o_proj,8,2.599609,2.601841,1.000858
4,o_proj,12,2.498047,2.500185,1.000856
4,o_proj,16,2.417969,2.420034,1.000854
4,o_proj,20,2.373047,2.375071,1.000853
4,o_proj,24,2.318359,2.320333,1.000852
4,o_proj,28,2.269531,2.271461,1.00085
4,o_proj,32,2.224609,2.226498,1.000849
4,o_proj,36,2.197266,2.19913,1.000848
4,o_proj,40,2.150391,2.152212,1.000847
4,o_proj,44,2.121094,2.122889,1.000846
4,o_proj,48,2.087891,2.089655,1.000845
4,o_proj,52,2.054688,2.056422,1.000844
4,o_proj,56,2.027344,2.029054,1.000843
4,o_proj,60,2.011719,2.013415,1.000843
4,o_proj,64,1.977539,1.979204,1.000842
4,o_proj,68,1.951172,1.952813,1.000841
4,o_proj,72,1.933594,1.935219,1.000841
4,o_proj,76,1.904297,1.905896,1.00084
4,o_proj,80,1.884766,1.886347,1.000839
4,o_proj,84,1.865234,1.866798,1.000839
4,o_proj,88,1.845703,1.84725,1.000838
4,o_proj,92,1.827148,1.828678,1.000837
4,o_proj,96,1.807617,1.809129,1.000837
4,o_proj,100,1.786133,1.787626,1.000836
4,o_proj,104,1.768555,1.770032,1.000835
4,o_proj,108,1.751953,1.753416,1.000835
4,o_proj,112,1.732422,1.733867,1.000834
4,o_proj,116,1.71582,1.71725,1.000834
4,o_proj,120,1.693359,1.69477,1.000833
4,o_proj,124,1.669922,1.671311,1.000832
5,q_proj,0,5.960938,5.947855,0.997805
5,q_proj,4,3.662109,3.654429,0.997903
5,q_proj,8,3.386719,3.379669,0.997919
5,q_proj,12,3.171875,3.165314,0.997932
5,q_proj,16,3.082031,3.075674,0.997937
5,q_proj,20,3.0,2.993828,0.997943
5,q_proj,24,2.939453,2.933418,0.997947
5,q_proj,28,2.876953,2.871059,0.997951
5,q_proj,32,2.835938,2.830135,0.997954
5,q_proj,36,2.785156,2.779468,0.997958
5,q_proj,40,2.742188,2.736595,0.997961
5,q_proj,44,2.714844,2.709313,0.997963
5,q_proj,48,2.679688,2.674235,0.997965
5,q_proj,52,2.650391,2.645004,0.997968
5,q_proj,56,2.613281,2.607977,0.99797
5,q_proj,60,2.591797,2.586541,0.997972
5,q_proj,64,2.564453,2.559258,0.997974
5,q_proj,68,2.533203,2.528077,0.997977
5,q_proj,72,2.505859,2.500795,0.997979
5,q_proj,76,2.484375,2.479358,0.99798
5,q_proj,80,2.449219,2.444279,0.997983
5,q_proj,84,2.423828,2.418945,0.997985
5,q_proj,88,2.398438,2.393611,0.997988
5,q_proj,92,2.380859,2.376071,0.997989
5,q_proj,96,2.351562,2.346839,0.997992
5,q_proj,100,2.328125,2.323453,0.997993
5,q_proj,104,2.304688,2.300068,0.997995
5,q_proj,108,2.271484,2.266938,0.997998
5,q_proj,112,2.248047,2.243552,0.998001
5,q_proj,116,2.21875,2.214319,0.998003
5,q_proj,120,2.179688,2.175343,0.998007
5,q_proj,124,2.154297,2.150008,0.998009
5,k_proj,0,2.65625,2.664397,1.003067
5,k_proj,4,2.029297,2.035481,1.003048
5,k_proj,8,1.970703,1.976705,1.003046
5,k_proj,12,1.932617,1.9385,1.003044
5,k_proj,16,1.898438,1.904214,1.003043
5,k_proj,20,1.863281,1.868948,1.003042
5,k_proj,24,1.834961,1.84054,1.00304
5,k_proj,28,1.810547,1.81605,1.00304
5,k_proj,32,1.783203,1.788621,1.003038
5,k_proj,36,1.758789,1.764131,1.003037
5,k_proj,40,1.738281,1.74356,1.003037
5,k_proj,44,1.711914,1.717111,1.003035
5,k_proj,48,1.693359,1.698498,1.003035
5,k_proj,52,1.677734,1.682825,1.003034
5,k_proj,56,1.654297,1.659314,1.003033
5,k_proj,60,1.638672,1.643641,1.003032
5,k_proj,64,1.619141,1.624049,1.003032
5,k_proj,68,1.598633,1.603478,1.003031
5,k_proj,72,1.581055,1.585845,1.00303
5,k_proj,76,1.567383,1.572131,1.003029
5,k_proj,80,1.548828,1.553518,1.003028
5,k_proj,84,1.53125,1.535886,1.003027
5,k_proj,88,1.516602,1.521192,1.003027
5,k_proj,92,1.498047,1.50258,1.003026
5,k_proj,96,1.480469,1.484947,1.003025
5,k_proj,100,1.467773,1.472213,1.003024
5,k_proj,104,1.452148,1.456539,1.003024
5,k_proj,108,1.431641,1.435968,1.003023
5,k_proj,112,1.416992,1.421274,1.003022
5,k_proj,116,1.399414,1.403642,1.003021
5,k_proj,120,1.370117,1.374254,1.003019
5,k_proj,124,1.358398,1.362499,1.003019
5,v_proj,0,1.538086,1.540957,1.001866
5,v_proj,4,1.373047,1.375593,1.001855
5,v_proj,8,1.332031,1.334497,1.001851
5,v_proj,12,1.304688,1.3071,1.001849
5,v_proj,16,1.289062,1.291445,1.001848
5,v_proj,20,1.264648,1.266983,1.001846
5,v_proj,24,1.249023,1.251328,1.001845
5,v_proj,28,1.234375,1.236651,1.001844
5,v_proj,32,1.21875,1.220995,1.001842
5,v_proj,36,1.207031,1.209254,1.001841
5,v_proj,40,1.194336,1.196534,1.00184
5,v_proj,44,1.178711,1.180878,1.001839
5,v_proj,48,1.168945,1.171094,1.001838
5,v_proj,52,1.157227,1.159352,1.001837
5,v_proj,56,1.145508,1.147611,1.001836
5,v_proj,60,1.132812,1.134891,1.001835
5,v_proj,64,1.118164,1.120214,1.001833
5,v_proj,68,1.108398,1.110429,1.001832
5,v_proj,72,1.097656,1.099666,1.001831
5,v_proj,76,1.084961,1.086946,1.00183
5,v_proj,80,1.072266,1.074226,1.001829
5,v_proj,84,1.06543,1.067377,1.001828
5,v_proj,88,1.054688,1.056614,1.001827
5,v_proj,92,1.042969,1.044873,1.001826
5,v_proj,96,1.03125,1.033132,1.001825
5,v_proj,100,1.018555,1.020412,1.001823
5,v_proj,104,1.009766,1.011606,1.001822
5,v_proj,108,0.994629,0.99644,1.001821
5,v_proj,112,0.984375,0.986166,1.00182
5,v_proj,116,0.972168,0.973936,1.001818
5,v_proj,120,0.960449,0.962195,1.001817
5,v_proj,124,0.943359,0.945072,1.001815
5,o_proj,0,4.011719,4.031313,1.004884
5,o_proj,4,3.21875,3.23399,1.004735
5,o_proj,8,3.039062,3.053334,1.004696
5,o_proj,12,2.910156,2.923737,1.004667
5,o_proj,16,2.791016,2.803961,1.004638
5,o_proj,20,2.712891,2.725422,1.004619
5,o_proj,24,2.660156,2.672409,1.004606
5,o_proj,28,2.59375,2.605652,1.004589
5,o_proj,32,2.523438,2.53497,1.00457
5,o_proj,36,2.470703,2.481959,1.004556
5,o_proj,40,2.427734,2.438765,1.004544
5,o_proj,44,2.388672,2.399499,1.004533
5,o_proj,48,2.335938,2.346491,1.004518
5,o_proj,52,2.292969,2.303299,1.004505
5,o_proj,56,2.244141,2.254218,1.00449
5,o_proj,60,2.220703,2.230659,1.004483
5,o_proj,64,2.181641,2.191396,1.004471
5,o_proj,68,2.150391,2.159985,1.004461
5,o_proj,72,2.113281,2.122684,1.00445
5,o_proj,76,2.091797,2.10109,1.004443
5,o_proj,80,2.058594,2.067718,1.004432
5,o_proj,84,2.033203,2.042197,1.004423
5,o_proj,88,2.003906,2.012751,1.004414
5,o_proj,92,1.975586,1.984286,1.004404
5,o_proj,96,1.947266,1.955822,1.004394
5,o_proj,100,1.917969,1.926377,1.004384
5,o_proj,104,1.888672,1.896932,1.004373
5,o_proj,108,1.864258,1.872395,1.004365
5,o_proj,112,1.838867,1.846876,1.004356
5,o_proj,116,1.80957,1.817432,1.004345
5,o_proj,120,1.794922,1.80271,1.004339
5,o_proj,124,1.763672,1.771303,1.004327
6,q_proj,0,5.503906,5.478517,0.995387
6,q_proj,4,3.986328,3.968782,0.995599
6,q_proj,8,3.648438,3.632591,0.995657
6,q_proj,12,3.445312,3.430476,0.995694
6,q_proj,16,3.3125,3.298323,0.99572
6,q_proj,20,3.195312,3.18171,0.995743
6,q_proj,24,3.085938,3.072872,0.995766
6,q_proj,28,2.986328,2.973749,0.995788
6,q_proj,32,2.927734,2.91544,0.995801
6,q_proj,36,2.882812,2.870736,0.995811
6,q_proj,40,2.818359,2.806594,0.995825
6,q_proj,44,2.746094,2.734677,0.995843
6,q_proj,48,2.697266,2.686083,0.995854
6,q_proj,52,2.640625,2.629714,0.995868
6,q_proj,56,2.609375,2.598614,0.995876
6,q_proj,60,2.5625,2.551962,0.995888
6,q_proj,64,2.527344,2.516973,0.995897
6,q_proj,68,2.494141,2.483928,0.995905
6,q_proj,72,2.470703,2.460602,0.995912
6,q_proj,76,2.439453,2.4295,0.99592
6,q_proj,80,2.408203,2.398397,0.995928
6,q_proj,84,2.388672,2.378959,0.995934
6,q_proj,88,2.355469,2.345912,0.995943
6,q_proj,92,2.333984,2.324528,0.995949
6,q_proj,96,2.300781,2.291482,0.995958
6,q_proj,100,2.273438,2.264266,0.995966
6,q_proj,104,2.253906,2.244827,0.995972
6,q_proj,108,2.230469,2.221498,0.995978
6,q_proj,112,2.193359,2.184562,0.995989
6,q_proj,116,2.162109,2.153458,0.995999
6,q_proj,120,2.140625,2.132073,0.996005
6,q_proj,124,2.115234,2.106801,0.996013
6,k_proj,0,2.982422,2.979001,0.998853
6,k_proj,4,2.261719,2.259276,0.99892
6,k_proj,8,2.179688,2.177352,0.998929
6,k_proj,12,2.132812,2.130539,0.998934
6,k_proj,16,2.09375,2.091527,0.998938
6,k_proj,20,2.054688,2.052516,0.998943
6,k_proj,24,2.029297,2.027158,0.998946
6,k_proj,28,1.998047,1.995948,0.99895
6,k_proj,32,1.975586,1.973516,0.998952
6,k_proj,36,1.945312,1.943282,0.998956
6,k_proj,40,1.925781,1.923776,0.998959
6,k_proj,44,1.911133,1.909146,0.99896
6,k_proj,48,1.888672,1.886714,0.998963
6,k_proj,52,1.867188,1.865257,0.998966
6,k_proj,56,1.849609,1.847701,0.998968
6,k_proj,60,1.831055,1.82917,0.998971
6,k_proj,64,1.811523,1.809664,0.998973
6,k_proj,68,1.798828,1.796985,0.998975
6,k_proj,72,1.77832,1.776503,0.998978
6,k_proj,76,1.756836,1.755045,0.998981
6,k_proj,80,1.742188,1.740415,0.998983
6,k_proj,84,1.716797,1.715057,0.998986
6,k_proj,88,1.700195,1.698476,0.998989
6,k_proj,92,1.674805,1.673117,0.998992
6,k_proj,96,1.651367,1.649709,0.998996
6,k_proj,100,1.630859,1.629226,0.998999
6,k_proj,104,1.609375,1.607769,0.999002
6,k_proj,108,1.583984,1.58241,0.999006
6,k_proj,112,1.555664,1.554124,0.99901
6,k_proj,116,1.533203,1.531691,0.999014
6,k_proj,120,1.49707,1.495602,0.999019
6,k_proj,124,1.475586,1.474144,0.999023
6,v_proj,0,1.435547,1.432457,0.997848
6,v_proj,4,1.288086,1.285327,0.997858
6,v_proj,8,1.267578,1.264865,0.997859
6,v_proj,12,1.24707,1.244403,0.997861
6,v_proj,16,1.233398,1.230761,0.997862
6,v_proj,20,1.22168,1.219069,0.997863
6,v_proj,24,1.206055,1.203478,0.997864
6,v_proj,28,1.195312,1.19276,0.997865
6,v_proj,32,1.18457,1.182042,0.997865
6,v_proj,36,1.174805,1.172298,0.997866
6,v_proj,40,1.164062,1.16158,0.997867
6,v_proj,44,1.15625,1.153785,0.997868
6,v_proj,48,1.142578,1.140143,0.997869
6,v_proj,52,1.133789,1.131373,0.997869
6,v_proj,56,1.126953,1.124553,0.99787
6,v_proj,60,1.117188,1.114809,0.997871
6,v_proj,64,1.109375,1.107014,0.997871
6,v_proj,68,1.099609,1.09727,0.997872
6,v_proj,72,1.09375,1.091423,0.997873
6,v_proj,76,1.084961,1.082654,0.997873
6,v_proj,80,1.076172,1.073884,0.997874
6,v_proj,84,1.067383,1.065115,0.997875
6,v_proj,88,1.05957,1.057319,0.997876
6,v_proj,92,1.052734,1.050499,0.997876
6,v_proj,96,1.044922,1.042703,0.997877
6,v_proj,100,1.035156,1.032959,0.997878
6,v_proj,104,1.025391,1.023215,0.997879
6,v_proj,108,1.014648,1.012497,0.99788
6,v_proj,112,1.007812,1.005676,0.99788
6,v_proj,116,0.993652,0.991547,0.997881
6,v_proj,120,0.987305,0.985214,0.997882
6,v_proj,124,0.974609,0.972546,0.997883
6,o_proj,0,5.066406,5.085865,1.003841
6,o_proj,4,3.058594,3.069741,1.003645
6,o_proj,8,2.820312,2.830503,1.003613
6,o_proj,12,2.720703,2.730495,1.003599
6,o_proj,16,2.615234,2.624607,1.003584
6,o_proj,20,2.546875,2.555976,1.003574
6,o_proj,24,2.498047,2.506955,1.003566
6,o_proj,28,2.4375,2.446169,1.003556
6,o_proj,32,2.398438,2.406952,1.00355
6,o_proj,36,2.349609,2.357932,1.003542
6,o_proj,40,2.318359,2.326559,1.003537
6,o_proj,44,2.279297,2.287344,1.00353
6,o_proj,48,2.251953,2.259893,1.003526
6,o_proj,52,2.21875,2.22656,1.00352
6,o_proj,56,2.185547,2.193227,1.003514
6,o_proj,60,2.160156,2.167737,1.003509
6,o_proj,64,2.130859,2.138326,1.003504
6,o_proj,68,2.107422,2.114798,1.0035
6,o_proj,72,2.082031,2.089309,1.003495
6,o_proj,76,2.058594,2.06578,1.003491
6,o_proj,80,2.033203,2.040291,1.003486
6,o_proj,84,2.011719,2.018723,1.003482
6,o_proj,88,1.986328,1.993235,1.003477
6,o_proj,92,1.970703,1.977549,1.003474
6,o_proj,96,1.944336,1.95108,1.003469
6,o_proj,100,1.925781,1.932454,1.003465
6,o_proj,104,1.904297,1.910887,1.003461
6,o_proj,108,1.881836,1.88834,1.003456
6,o_proj,112,1.856445,1.862852,1.003451
6,o_proj,116,1.837891,1.844225,1.003447
6,o_proj,120,1.808594,1.814817,1.003441
6,o_proj,124,1.789062,1.79521,1.003436
7,q_proj,0,4.558594,4.56144,1.000624
7,q_proj,4,3.769531,3.771851,1.000615
7,q_proj,8,3.449219,3.451327,1.000611
7,q_proj,12,3.302734,3.304746,1.000609
7,q_proj,16,3.177734,3.179664,1.000607
7,q_proj,20,3.078125,3.07999,1.000606
7,q_proj,24,3.005859,3.007677,1.000605
7,q_proj,28,2.908203,2.909957,1.000603
7,q_proj,32,2.851562,2.85328,1.000602
7,q_proj,36,2.787109,2.788785,1.000601
7,q_proj,40,2.75,2.751651,1.0006
7,q_proj,44,2.701172,2.702792,1.0006
7,q_proj,48,2.658203,2.659795,1.000599
7,q_proj,52,2.611328,2.61289,1.000598
7,q_proj,56,2.576172,2.577711,1.000597
7,q_proj,60,2.535156,2.536669,1.000597
7,q_proj,64,2.490234,2.491718,1.000596
7,q_proj,68,2.455078,2.456539,1.000595
7,q_proj,72,2.412109,2.413543,1.000594
7,q_proj,76,2.382812,2.384227,1.000594
7,q_proj,80,2.353516,2.354912,1.000593
7,q_proj,84,2.324219,2.325596,1.000593
7,q_proj,88,2.291016,2.292372,1.000592
7,q_proj,92,2.267578,2.268919,1.000591
7,q_proj,96,2.242188,2.243512,1.000591
7,q_proj,100,2.214844,2.216151,1.00059
7,q_proj,104,2.181641,2.182927,1.00059
7,q_proj,108,2.150391,2.151657,1.000589
7,q_proj,112,2.121094,2.122342,1.000588
7,q_proj,116,2.087891,2.089117,1.000588
7,q_proj,120,2.066406,2.067619,1.000587
7,q_proj,124,2.029297,2.030486,1.000586
7,k_proj,0,2.535156,2.545839,1.004214
7,k_proj,4,1.998047,2.006178,1.00407
7,k_proj,8,1.901367,1.909048,1.004039
7,k_proj,12,1.830078,1.837428,1.004016
7,k_proj,16,1.777344,1.784451,1.003999
7,k_proj,20,1.728516,1.735398,1.003982
7,k_proj,24,1.706055,1.712834,1.003974
7,k_proj,28,1.676758,1.683404,1.003963
7,k_proj,32,1.640625,1.647106,1.00395
7,k_proj,36,1.613281,1.619637,1.00394
7,k_proj,40,1.589844,1.596094,1.003931
7,k_proj,44,1.566406,1.57255,1.003922
7,k_proj,48,1.544922,1.550968,1.003914
7,k_proj,52,1.520508,1.526444,1.003904
7,k_proj,56,1.507812,1.513691,1.003899
7,k_proj,60,1.487305,1.493091,1.003891
7,k_proj,64,1.470703,1.476415,1.003884
7,k_proj,68,1.446289,1.451892,1.003874
7,k_proj,72,1.429688,1.435216,1.003867
7,k_proj,76,1.405273,1.410693,1.003856
7,k_proj,80,1.389648,1.394998,1.00385
7,k_proj,84,1.373047,1.378322,1.003842
7,k_proj,88,1.359375,1.36459,1.003836
7,k_proj,92,1.341797,1.346934,1.003828
7,k_proj,96,1.319336,1.324373,1.003818
7,k_proj,100,1.305664,1.310641,1.003812
7,k_proj,104,1.28418,1.289062,1.003802
7,k_proj,108,1.266602,1.271406,1.003793
7,k_proj,112,1.250977,1.255713,1.003786
7,k_proj,116,1.234375,1.239038,1.003778
7,k_proj,120,1.212891,1.21746,1.003767
7,k_proj,124,1.194336,1.198824,1.003758
7,v_proj,0,1.696289,1.690176,0.996396
7,v_proj,4,1.529297,1.523872,0.996453
7,v_proj,8,1.49707,1.491777,0.996464
7,v_proj,12,1.476562,1.471353,0.996472
7,v_proj,16,1.448242,1.443147,0.996482
7,v_proj,20,1.426758,1.42175,0.99649
7,v_proj,24,1.413086,1.408134,0.996495
7,v_proj,28,1.396484,1.391599,0.996502
7,v_proj,32,1.37793,1.373119,0.996509
7,v_proj,36,1.363281,1.35853,0.996515
7,v_proj,40,1.34375,1.339077,0.996523
7,v_proj,44,1.330078,1.32546,0.996528
7,v_proj,48,1.313477,1.308925,0.996535
7,v_proj,52,1.301758,1.297253,0.99654
7,v_proj,56,1.290039,1.285582,0.996545
7,v_proj,60,1.276367,1.271964,0.99655
7,v_proj,64,1.268555,1.264183,0.996554
7,v_proj,68,1.253906,1.249593,0.99656
7,v_proj,72,1.244141,1.239866,0.996564
7,v_proj,76,1.235352,1.231112,0.996568
7,v_proj,80,1.227539,1.223331,0.996572
7,v_proj,84,1.21582,1.211658,0.996577
7,v_proj,88,1.206055,1.201931,0.996581
7,v_proj,92,1.197266,1.193177,0.996585
7,v_proj,96,1.188477,1.184423,0.996589
7,v_proj,100,1.178711,1.174696,0.996593
7,v_proj,104,1.169922,1.165941,0.996598
7,v_proj,108,1.160156,1.156214,0.996602
7,v_proj,112,1.150391,1.146487,0.996607
7,v_proj,116,1.139648,1.135787,0.996612
7,v_proj,120,1.129883,1.12606,0.996616
7,v_proj,124,1.116211,1.112441,0.996623
7,o_proj,0,3.578125,3.562541,0.995645
7,o_proj,4,3.244141,3.23021,0.995706
7,o_proj,8,3.152344,3.138864,0.995724
7,o_proj,12,3.048828,3.035854,0.995745
7,o_proj,16,2.982422,2.969773,0.995759
7,o_proj,20,2.916016,2.903689,0.995773
7,o_proj,24,2.851562,2.839549,0.995787
7,o_proj,28,2.802734,2.790957,0.995798
7,o_proj,32,2.759766,2.748194,0.995807
7,o_proj,36,2.693359,2.682108,0.995823
7,o_proj,40,2.638672,2.627683,0.995836
7,o_proj,44,2.587891,2.577145,0.995848
7,o_proj,48,2.542969,2.532438,0.995859
7,o_proj,52,2.480469,2.470234,0.995874
7,o_proj,56,2.435547,2.425526,0.995886
7,o_proj,60,2.390625,2.380817,0.995897
7,o_proj,64,2.339844,2.330275,0.995911
7,o_proj,68,2.291016,2.281677,0.995924
7,o_proj,72,2.253906,2.244742,0.995934
7,o_proj,76,2.224609,2.215582,0.995942
7,o_proj,80,2.193359,2.184478,0.995951
7,o_proj,84,2.166016,2.157262,0.995959
7,o_proj,88,2.144531,2.135879,0.995965
7,o_proj,92,2.119141,2.110606,0.995972
7,o_proj,96,2.09375,2.085333,0.99598
7,o_proj,100,2.074219,2.065893,0.995986
7,o_proj,104,2.054688,2.046452,0.995992
7,o_proj,108,2.021484,2.013402,0.996002
7,o_proj,112,1.998047,1.990073,0.996009
7,o_proj,116,1.977539,1.96966,0.996016
7,o_proj,120,1.952148,1.944386,0.996024
7,o_proj,124,1.925781,1.91814,0.996032
8,q_proj,0,3.9375,3.95272,1.003865
8,q_proj,4,3.488281,3.50157,1.003809
8,q_proj,8,3.242188,3.254428,1.003775
8,q_proj,12,3.128906,3.140668,1.003759
8,q_proj,16,3.060547,3.07202,1.003749
8,q_proj,20,2.996094,3.007297,1.003739
8,q_proj,24,2.947266,2.958263,1.003731
8,q_proj,28,2.90625,2.917075,1.003725
8,q_proj,32,2.863281,2.873926,1.003718
8,q_proj,36,2.804688,2.815088,1.003708
8,q_proj,40,2.763672,2.773901,1.003701
8,q_proj,44,2.716797,2.726831,1.003693
8,q_proj,48,2.695312,2.705258,1.00369
8,q_proj,52,2.662109,2.671916,1.003684
8,q_proj,56,2.619141,2.62877,1.003676
8,q_proj,60,2.591797,2.601312,1.003671
8,q_proj,64,2.564453,2.573856,1.003667
8,q_proj,68,2.525391,2.534632,1.003659
8,q_proj,72,2.492188,2.501292,1.003653
8,q_proj,76,2.464844,2.473836,1.003648
8,q_proj,80,2.433594,2.442457,1.003642
8,q_proj,84,2.40625,2.415001,1.003637
8,q_proj,88,2.382812,2.391467,1.003632
8,q_proj,92,2.353516,2.362051,1.003627
8,q_proj,96,2.335938,2.344401,1.003623
8,q_proj,100,2.304688,2.313023,1.003617
8,q_proj,104,2.267578,2.275762,1.003609
8,q_proj,108,2.244141,2.252229,1.003604
8,q_proj,112,2.208984,2.21693,1.003597
8,q_proj,116,2.191406,2.199281,1.003593
8,q_proj,120,2.167969,2.175748,1.003588
8,q_proj,124,2.130859,2.138488,1.00358
8,k_proj,0,2.515625,2.522926,1.002902
8,k_proj,4,2.078125,2.083967,1.002811
8,k_proj,8,2.03125,2.036938,1.0028
8,k_proj,12,1.992188,1.997748,1.002791
8,k_proj,16,1.954102,1.959537,1.002782
8,k_proj,20,1.920898,1.926226,1.002774
8,k_proj,24,1.900391,1.905652,1.002768
8,k_proj,28,1.882812,1.888017,1.002764
8,k_proj,32,1.847656,1.852746,1.002755
8,k_proj,36,1.825195,1.830213,1.002749
8,k_proj,40,1.802734,1.80768,1.002743
8,k_proj,44,1.782227,1.787106,1.002738
8,k_proj,48,1.767578,1.772411,1.002734
8,k_proj,52,1.743164,1.747918,1.002727
8,k_proj,56,1.723633,1.728324,1.002722
8,k_proj,60,1.706055,1.71069,1.002717
8,k_proj,64,1.686523,1.691096,1.002711
8,k_proj,68,1.663086,1.667584,1.002705
8,k_proj,72,1.648438,1.652889,1.002701
8,k_proj,76,1.62793,1.632316,1.002695
8,k_proj,80,1.615234,1.619581,1.002691
8,k_proj,84,1.595703,1.599988,1.002685
8,k_proj,88,1.575195,1.579415,1.002679
8,k_proj,92,1.561523,1.5657,1.002675
8,k_proj,96,1.543945,1.548067,1.002669
8,k_proj,100,1.52832,1.532392,1.002664
8,k_proj,104,1.510742,1.514759,1.002659
8,k_proj,108,1.489258,1.493207,1.002652
8,k_proj,112,1.470703,1.474595,1.002646
8,k_proj,116,1.454102,1.457941,1.002641
8,k_proj,120,1.4375,1.441288,1.002635
8,k_proj,124,1.412109,1.415819,1.002627
8,v_proj,0,1.382812,1.385695,1.002085
8,v_proj,4,1.262695,1.265324,1.002082
8,v_proj,8,1.241211,1.243794,1.002081
8,v_proj,12,1.225586,1.228137,1.002081
8,v_proj,16,1.205078,1.207585,1.002081
8,v_proj,20,1.189453,1.191927,1.00208
8,v_proj,24,1.180664,1.18312,1.00208
8,v_proj,28,1.169922,1.172355,1.00208
8,v_proj,32,1.15918,1.16159,1.00208
8,v_proj,36,1.149414,1.151804,1.002079
8,v_proj,40,1.142578,1.144954,1.002079
8,v_proj,44,1.131836,1.134189,1.002079
8,v_proj,48,1.123047,1.125381,1.002079
8,v_proj,52,1.114258,1.116574,1.002078
8,v_proj,56,1.104492,1.106787,1.002078
8,v_proj,60,1.094727,1.097001,1.002078
8,v_proj,64,1.086914,1.089172,1.002078
8,v_proj,68,1.079102,1.081343,1.002077
8,v_proj,72,1.071289,1.073514,1.002077
8,v_proj,76,1.063477,1.065685,1.002077
8,v_proj,80,1.054688,1.056878,1.002077
8,v_proj,84,1.046875,1.049049,1.002077
8,v_proj,88,1.041016,1.043177,1.002076
8,v_proj,92,1.03125,1.033391,1.002076
8,v_proj,96,1.022461,1.024583,1.002076
8,v_proj,100,1.012695,1.014797,1.002076
8,v_proj,104,1.004883,1.006968,1.002075
8,v_proj,108,0.991699,0.993757,1.002075
8,v_proj,112,0.985352,0.987396,1.002075
8,v_proj,116,0.976074,0.978099,1.002075
8,v_proj,120,0.966309,0.968313,1.002074
8,v_proj,124,0.952637,0.954612,1.002074
8,o_proj,0,3.470703,3.47951,1.002537
8,o_proj,4,3.177734,3.185744,1.002521
8,o_proj,8,2.970703,2.978153,1.002508
8,o_proj,12,2.839844,2.846941,1.002499
8,o_proj,16,2.738281,2.745106,1.002492
8,o_proj,20,2.640625,2.647187,1.002485
8,o_proj,24,2.548828,2.555145,1.002478
8,o_proj,28,2.482422,2.488562,1.002473
8,o_proj,32,2.429688,2.435687,1.002469
8,o_proj,36,2.392578,2.398479,1.002466
8,o_proj,40,2.333984,2.33973,1.002462
8,o_proj,44,2.285156,2.290772,1.002458
8,o_proj,48,2.248047,2.253564,1.002454
8,o_proj,52,2.207031,2.21244,1.002451
8,o_proj,56,2.173828,2.179149,1.002448
8,o_proj,60,2.138672,2.143901,1.002445
8,o_proj,64,2.117188,2.12236,1.002443
8,o_proj,68,2.091797,2.096902,1.00244
8,o_proj,72,2.066406,2.071445,1.002438
8,o_proj,76,2.039062,2.044029,1.002436
8,o_proj,80,2.017578,2.022488,1.002434
8,o_proj,84,1.985352,1.990177,1.002431
8,o_proj,88,1.963867,1.968636,1.002428
8,o_proj,92,1.933594,1.938284,1.002425
8,o_proj,96,1.916016,1.92066,1.002424
8,o_proj,100,1.895508,1.900098,1.002422
8,o_proj,104,1.867188,1.871704,1.002419
8,o_proj,108,1.842773,1.847226,1.002416
8,o_proj,112,1.821289,1.825686,1.002414
8,o_proj,116,1.802734,1.807083,1.002412
8,o_proj,120,1.774414,1.778689,1.002409
8,o_proj,124,1.749023,1.753232,1.002406
9,q_proj,0,4.6875,4.7068,1.004117
9,q_proj,4,3.675781,3.69038,1.003972
9,q_proj,8,3.478516,3.492218,1.003939
9,q_proj,12,3.333984,3.347031,1.003913
9,q_proj,16,3.207031,3.219507,1.00389
9,q_proj,20,3.148438,3.16065,1.003879
9,q_proj,24,3.050781,3.062558,1.00386
9,q_proj,28,2.980469,2.991933,1.003846
9,q_proj,32,2.916016,2.927194,1.003833
9,q_proj,36,2.849609,2.860494,1.00382
9,q_proj,40,2.800781,2.811451,1.00381
9,q_proj,44,2.763672,2.774178,1.003802
9,q_proj,48,2.71875,2.729059,1.003792
9,q_proj,52,2.667969,2.678055,1.003781
9,q_proj,56,2.623047,2.632937,1.00377
9,q_proj,60,2.583984,2.593704,1.003761
9,q_proj,64,2.541016,2.550548,1.003752
9,q_proj,68,2.501953,2.511316,1.003742
9,q_proj,72,2.464844,2.474046,1.003733
9,q_proj,76,2.423828,2.432853,1.003723
9,q_proj,80,2.386719,2.395584,1.003714
9,q_proj,84,2.351562,2.360276,1.003705
9,q_proj,88,2.320312,2.328892,1.003698
9,q_proj,92,2.287109,2.295546,1.003689
9,q_proj,96,2.25,2.258278,1.003679
9,q_proj,100,2.216797,2.224933,1.00367
9,q_proj,104,2.189453,2.197473,1.003663
9,q_proj,108,2.162109,2.170013,1.003655
9,q_proj,112,2.126953,2.134708,1.003646
9,q_proj,116,2.095703,2.103325,1.003637
9,q_proj,120,2.054688,2.062137,1.003625
9,q_proj,124,2.001953,2.00918,1.00361
9,k_proj,0,2.669922,2.659477,0.996088
9,k_proj,4,2.175781,2.167508,0.996198
9,k_proj,8,2.09375,2.085832,0.996218
9,k_proj,12,2.023438,2.015822,0.996236
9,k_proj,16,1.975586,1.968176,0.996249
9,k_proj,20,1.928711,1.921502,0.996262
9,k_proj,24,1.868164,1.861213,0.996279
9,k_proj,28,1.822266,1.81551,0.996292
9,k_proj,32,1.793945,1.787309,0.996301
9,k_proj,36,1.761719,1.755219,0.996311
9,k_proj,40,1.736328,1.729936,0.996318
9,k_proj,44,1.708008,1.701735,0.996327
9,k_proj,48,1.675781,1.669644,0.996338
9,k_proj,52,1.641602,1.635607,0.996349
9,k_proj,56,1.609375,1.603516,0.996359
9,k_proj,60,1.584961,1.579203,0.996367
9,k_proj,64,1.55957,1.553919,0.996376
9,k_proj,68,1.519531,1.514046,0.99639
9,k_proj,72,1.496094,1.490705,0.996398
9,k_proj,76,1.463867,1.458612,0.99641
9,k_proj,80,1.438477,1.433326,0.99642
9,k_proj,84,1.402344,1.397342,0.996433
9,k_proj,88,1.381836,1.376918,0.996441
9,k_proj,92,1.354492,1.349686,0.996452
9,k_proj,96,1.322266,1.317591,0.996465
9,k_proj,100,1.300781,1.296194,0.996474
9,k_proj,104,1.271484,1.267016,0.996486
9,k_proj,108,1.245117,1.240756,0.996497
9,k_proj,112,1.219727,1.215468,0.996508
9,k_proj,116,1.185547,1.181425,0.996524
9,k_proj,120,1.160156,1.156137,0.996535
9,k_proj,124,1.125,1.121121,0.996552
9,v_proj,0,1.511719,1.513976,1.001493
9,v_proj,4,1.398438,1.400514,1.001485
9,v_proj,8,1.382812,1.384864,1.001484
9,v_proj,12,1.365234,1.367258,1.001482
9,v_proj,16,1.34668,1.348674,1.001481
9,v_proj,20,1.335938,1.337915,1.00148
9,v_proj,24,1.327148,1.329112,1.001479
9,v_proj,28,1.317383,1.319331,1.001479
9,v_proj,32,1.307617,1.30955,1.001478
9,v_proj,36,1.297852,1.299768,1.001477
9,v_proj,40,1.289062,1.290966,1.001476
9,v_proj,44,1.28125,1.283141,1.001476
9,v_proj,48,1.273438,1.275316,1.001475
9,v_proj,52,1.265625,1.267491,1.001474
9,v_proj,56,1.255859,1.25771,1.001473
9,v_proj,60,1.248047,1.249885,1.001473
9,v_proj,64,1.241211,1.243038,1.001472
9,v_proj,68,1.235352,1.23717,1.001472
9,v_proj,72,1.226562,1.228367,1.001471
9,v_proj,76,1.21875,1.220542,1.00147
9,v_proj,80,1.211914,1.213695,1.00147
9,v_proj,84,1.202148,1.203914,1.001469
9,v_proj,88,1.195312,1.197068,1.001468
9,v_proj,92,1.188477,1.190221,1.001468
9,v_proj,96,1.179688,1.181418,1.001467
9,v_proj,100,1.171875,1.173593,1.001466
9,v_proj,104,1.163086,1.16479,1.001465
9,v_proj,108,1.15332,1.155009,1.001465
9,v_proj,112,1.145508,1.147185,1.001464
9,v_proj,116,1.135742,1.137404,1.001463
9,v_proj,120,1.12793,1.129579,1.001462
9,v_proj,124,1.114258,1.115886,1.001461
9,o_proj,0,6.386719,6.355266,0.995075
9,o_proj,4,2.998047,2.984835,0.995593
9,o_proj,8,2.894531,2.881846,0.995617
9,o_proj,12,2.794922,2.782741,0.995642
9,o_proj,16,2.71875,2.706952,0.99566
9,o_proj,20,2.667969,2.656425,0.995673
9,o_proj,24,2.619141,2.607842,0.995686
9,o_proj,28,2.556641,2.545654,0.995703
9,o_proj,32,2.519531,2.508729,0.995713
9,o_proj,36,2.478516,2.467917,0.995724
9,o_proj,40,2.4375,2.427105,0.995735
9,o_proj,44,2.392578,2.382406,0.995748
9,o_proj,48,2.365234,2.355197,0.995756
9,o_proj,52,2.332031,2.322158,0.995766
9,o_proj,56,2.298828,2.289118,0.995776
9,o_proj,60,2.267578,2.258021,0.995785
9,o_proj,64,2.240234,2.230811,0.995794
9,o_proj,68,2.208984,2.199714,0.995804
9,o_proj,72,2.1875,2.178335,0.99581
9,o_proj,76,2.160156,2.151125,0.995819
9,o_proj,80,2.130859,2.12197,0.995828
9,o_proj,84,2.111328,2.102533,0.995834
9,o_proj,88,2.087891,2.07921,0.995842
9,o_proj,92,2.058594,2.050055,0.995852
9,o_proj,96,2.042969,2.034506,0.995857
9,o_proj,100,2.027344,2.018956,0.995863
9,o_proj,104,2.009766,2.001462,0.995869
9,o_proj,108,1.991211,1.982997,0.995875
9,o_proj,112,1.976562,1.96842,0.99588
9,o_proj,116,1.953125,1.945095,0.995888
9,o_proj,120,1.938477,1.930516,0.995894
9,o_proj,124,1.924805,1.91691,0.995899
10,q_proj,0,4.320312,4.302977,0.995987
10,q_proj,4,3.634766,3.620512,0.996079
10,q_proj,8,3.460938,3.447457,0.996105
10,q_proj,12,3.308594,3.295785,0.996129
10,q_proj,16,3.183594,3.171334,0.996149
10,q_proj,20,3.095703,3.083828,0.996164
10,q_proj,24,2.998047,2.986597,0.996181
10,q_proj,28,2.921875,2.910756,0.996194
10,q_proj,32,2.882812,2.871863,0.996202
10,q_proj,36,2.826172,2.815466,0.996212
10,q_proj,40,2.777344,2.766849,0.996221
10,q_proj,44,2.722656,2.712396,0.996232
10,q_proj,48,2.671875,2.661834,0.996242
10,q_proj,52,2.621094,2.61127,0.996252
10,q_proj,56,2.583984,2.574319,0.99626
10,q_proj,60,2.554688,2.545147,0.996266
10,q_proj,64,2.503906,2.494582,0.996276
10,q_proj,68,2.474609,2.46541,0.996282
10,q_proj,72,2.4375,2.428458,0.99629
10,q_proj,76,2.400391,2.391506,0.996299
10,q_proj,80,2.369141,2.360388,0.996306
10,q_proj,84,2.339844,2.331214,0.996312
10,q_proj,88,2.306641,2.298151,0.99632
10,q_proj,92,2.28125,2.272867,0.996325
10,q_proj,96,2.251953,2.243693,0.996332
10,q_proj,100,2.222656,2.21452,0.996339
10,q_proj,104,2.191406,2.1834,0.996347
10,q_proj,108,2.154297,2.146446,0.996356
10,q_proj,112,2.134766,2.126996,0.996361
10,q_proj,116,2.097656,2.090042,0.99637
10,q_proj,120,2.068359,2.060867,0.996377
10,q_proj,124,2.041016,2.033636,0.996384
10,k_proj,0,2.644531,2.654219,1.003663
10,k_proj,4,2.195312,2.20313,1.003561
10,k_proj,8,2.107422,2.114879,1.003539
10,k_proj,12,2.050781,2.058007,1.003524
10,k_proj,16,2.013672,2.020747,1.003514
10,k_proj,20,1.975586,1.982506,1.003503
10,k_proj,24,1.93457,1.941324,1.003491
10,k_proj,28,1.900391,1.907007,1.003482
10,k_proj,32,1.869141,1.875631,1.003472
10,k_proj,36,1.839844,1.846217,1.003464
10,k_proj,40,1.816406,1.822685,1.003457
10,k_proj,44,1.789062,1.795232,1.003448
10,k_proj,48,1.765625,1.7717,1.003441
10,k_proj,52,1.730469,1.736404,1.00343
10,k_proj,56,1.712891,1.718756,1.003424
10,k_proj,60,1.686523,1.692284,1.003416
10,k_proj,64,1.662109,1.667774,1.003408
10,k_proj,68,1.646484,1.652086,1.003402
10,k_proj,72,1.616211,1.621694,1.003392
10,k_proj,76,1.59082,1.596203,1.003384
10,k_proj,80,1.568359,1.573654,1.003376
10,k_proj,84,1.550781,1.556007,1.00337
10,k_proj,88,1.519531,1.524634,1.003358
10,k_proj,92,1.5,1.505027,1.003351
10,k_proj,96,1.482422,1.48738,1.003345
10,k_proj,100,1.456055,1.46091,1.003335
10,k_proj,104,1.433594,1.438362,1.003326
10,k_proj,108,1.40625,1.410913,1.003316
10,k_proj,112,1.384766,1.389345,1.003307
10,k_proj,116,1.366211,1.370719,1.0033
10,k_proj,120,1.34375,1.348172,1.003291
10,k_proj,124,1.322266,1.326605,1.003282
10,v_proj,0,1.360352,1.355237,0.99624
10,v_proj,4,1.331055,1.326065,0.996251
10,v_proj,8,1.316406,1.311479,0.996257
10,v_proj,12,1.298828,1.293976,0.996264
10,v_proj,16,1.289062,1.284251,0.996268
10,v_proj,20,1.279297,1.274527,0.996272
10,v_proj,24,1.266602,1.261886,0.996277
10,v_proj,28,1.255859,1.251189,0.996281
10,v_proj,32,1.245117,1.240492,0.996286
10,v_proj,36,1.239258,1.234658,0.996288
10,v_proj,40,1.229492,1.224933,0.996292
10,v_proj,44,1.220703,1.216181,0.996296
10,v_proj,48,1.207031,1.202567,0.996301
10,v_proj,52,1.200195,1.19576,0.996304
10,v_proj,56,1.193359,1.188953,0.996307
10,v_proj,60,1.183594,1.179228,0.996311
10,v_proj,64,1.173828,1.169503,0.996316
10,v_proj,68,1.166016,1.161724,0.996319
10,v_proj,72,1.157227,1.152971,0.996323
10,v_proj,76,1.145508,1.141302,0.996328
10,v_proj,80,1.137695,1.133522,0.996332
10,v_proj,84,1.128906,1.12477,0.996336
10,v_proj,88,1.12207,1.117962,0.996339
10,v_proj,92,1.111328,1.107265,0.996344
10,v_proj,96,1.104492,1.100457,0.996347
10,v_proj,100,1.095703,1.091705,0.996351
10,v_proj,104,1.086914,1.082952,0.996355
10,v_proj,108,1.078125,1.0742,0.996359
10,v_proj,112,1.068359,1.064475,0.996364
10,v_proj,116,1.05957,1.055722,0.996368
10,v_proj,120,1.047852,1.044052,0.996374
10,v_proj,124,1.03418,1.030437,0.996381
10,o_proj,0,4.164062,4.183592,1.00469
10,o_proj,4,2.933594,2.946599,1.004433
10,o_proj,8,2.783203,2.795434,1.004394
10,o_proj,12,2.583984,2.595198,1.00434
10,o_proj,16,2.507812,2.518641,1.004318
10,o_proj,20,2.464844,2.475456,1.004305
10,o_proj,24,2.404297,2.414604,1.004287
10,o_proj,28,2.355469,2.365531,1.004272
10,o_proj,32,2.310547,2.320384,1.004257
10,o_proj,36,2.265625,2.275238,1.004243
10,o_proj,40,2.222656,2.232056,1.004229
10,o_proj,44,2.201172,2.210465,1.004222
10,o_proj,48,2.175781,2.184948,1.004213
10,o_proj,52,2.144531,2.153543,1.004202
10,o_proj,56,2.123047,2.131953,1.004195
10,o_proj,60,2.099609,2.1084,1.004187
10,o_proj,64,2.074219,2.082885,1.004178
10,o_proj,68,2.044922,2.053444,1.004168
10,o_proj,72,2.027344,2.035779,1.004161
10,o_proj,76,2.007812,2.016153,1.004154
10,o_proj,80,1.987305,1.995545,1.004147
10,o_proj,84,1.970703,1.978862,1.00414
10,o_proj,88,1.953125,1.961198,1.004134
10,o_proj,92,1.932617,1.940591,1.004126
10,o_proj,96,1.918945,1.926853,1.004121
10,o_proj,100,1.904297,1.912133,1.004115
10,o_proj,104,1.87793,1.885638,1.004105
10,o_proj,108,1.862305,1.869937,1.004098
10,o_proj,112,1.844727,1.852274,1.004091
10,o_proj,116,1.831055,1.838537,1.004086
10,o_proj,120,1.8125,1.819892,1.004079
10,o_proj,124,1.789062,1.796342,1.004069
11,q_proj,0,4.066406,4.054668,0.997113
11,q_proj,4,3.498047,3.488131,0.997165
11,q_proj,8,3.337891,3.328482,0.997181
11,q_proj,12,3.205078,3.196088,0.997195
11,q_proj,16,3.099609,3.090952,0.997207
11,q_proj,20,3.042969,3.034488,0.997213
11,q_proj,24,2.978516,2.970237,0.99722
11,q_proj,28,2.939453,2.931296,0.997225
11,q_proj,32,2.892578,2.884567,0.99723
11,q_proj,36,2.845703,2.837838,0.997236
11,q_proj,40,2.800781,2.793056,0.997242
11,q_proj,44,2.773438,2.765796,0.997245
11,q_proj,48,2.740234,2.732697,0.997249
11,q_proj,52,2.716797,2.709332,0.997252
11,q_proj,56,2.6875,2.680125,0.997256
11,q_proj,60,2.65625,2.648972,0.99726
11,q_proj,64,2.623047,2.615871,0.997264
11,q_proj,68,2.591797,2.584717,0.997268
11,q_proj,72,2.566406,2.559405,0.997272
11,q_proj,76,2.548828,2.541881,0.997274
11,q_proj,80,2.527344,2.520462,0.997277
11,q_proj,84,2.5,2.493202,0.997281
11,q_proj,88,2.474609,2.467889,0.997284
11,q_proj,92,2.445312,2.438682,0.997289
11,q_proj,96,2.417969,2.411422,0.997292
11,q_proj,100,2.394531,2.388056,0.997296
11,q_proj,104,2.375,2.368584,0.997298
11,q_proj,108,2.34375,2.337429,0.997303
11,q_proj,112,2.320312,2.314063,0.997307
11,q_proj,116,2.285156,2.279013,0.997312
11,q_proj,120,2.263672,2.257594,0.997315
11,q_proj,124,2.224609,2.21865,0.997321
11,k_proj,0,2.626953,2.635455,1.003236
11,k_proj,4,2.304688,2.312016,1.00318
11,k_proj,8,2.25,2.257131,1.003169
11,k_proj,12,2.207031,2.214007,1.003161
11,k_proj,16,2.164062,2.170884,1.003152
11,k_proj,20,2.134766,2.141482,1.003146
11,k_proj,24,2.101562,2.10816,1.00314
11,k_proj,28,2.070312,2.076799,1.003133
11,k_proj,32,2.033203,2.039557,1.003125
11,k_proj,36,2.001953,2.008196,1.003119
11,k_proj,40,1.984375,1.990556,1.003115
11,k_proj,44,1.953125,1.959195,1.003108
11,k_proj,48,1.929688,1.935674,1.003102
11,k_proj,52,1.891602,1.897454,1.003094
11,k_proj,56,1.871094,1.876874,1.003089
11,k_proj,60,1.844727,1.850414,1.003083
11,k_proj,64,1.806641,1.812194,1.003074
11,k_proj,68,1.78125,1.786714,1.003068
11,k_proj,72,1.75,1.755355,1.00306
11,k_proj,76,1.725586,1.730856,1.003054
11,k_proj,80,1.699219,1.704397,1.003047
11,k_proj,84,1.666992,1.672058,1.003039
11,k_proj,88,1.638672,1.643639,1.003031
11,k_proj,92,1.612305,1.617181,1.003024
11,k_proj,96,1.585938,1.590723,1.003017
11,k_proj,100,1.55957,1.564264,1.00301
11,k_proj,104,1.537109,1.541726,1.003004
11,k_proj,108,1.509766,1.514289,1.002996
11,k_proj,112,1.487305,1.491751,1.002989
11,k_proj,116,1.452148,1.456474,1.002979
11,k_proj,120,1.429688,1.433937,1.002972
11,k_proj,124,1.404297,1.40846,1.002964
11,v_proj,0,1.439453,1.43826,0.999171
11,v_proj,4,1.348633,1.347514,0.99917
11,v_proj,8,1.316406,1.315314,0.99917
11,v_proj,12,1.286133,1.285066,0.99917
11,v_proj,16,1.25293,1.25189,0.99917
11,v_proj,20,1.242188,1.241156,0.99917
11,v_proj,24,1.222656,1.221641,0.99917
11,v_proj,28,1.207031,1.206029,0.99917
11,v_proj,32,1.195312,1.19432,0.99917
11,v_proj,36,1.183594,1.182611,0.99917
11,v_proj,40,1.170898,1.169926,0.99917
11,v_proj,44,1.160156,1.159193,0.99917
11,v_proj,48,1.151367,1.150411,0.999169
11,v_proj,52,1.139648,1.138702,0.999169
11,v_proj,56,1.125977,1.125041,0.999169
11,v_proj,60,1.118164,1.117235,0.999169
11,v_proj,64,1.109375,1.108453,0.999169
11,v_proj,68,1.099609,1.098696,0.999169
11,v_proj,72,1.083984,1.083084,0.999169
11,v_proj,76,1.074219,1.073326,0.999169
11,v_proj,80,1.06543,1.064544,0.999169
11,v_proj,84,1.057617,1.056738,0.999169
11,v_proj,88,1.044922,1.044053,0.999169
11,v_proj,92,1.037109,1.036247,0.999169
11,v_proj,96,1.025391,1.024538,0.999169
11,v_proj,100,1.017578,1.016732,0.999169
11,v_proj,104,1.006836,1.005999,0.999169
11,v_proj,108,0.996094,0.995266,0.999169
11,v_proj,112,0.98584,0.98502,0.999168
11,v_proj,116,0.972656,0.971847,0.999168
11,v_proj,120,0.964355,0.963553,0.999168
11,v_proj,124,0.949219,0.948429,0.999168
11,o_proj,0,4.351562,4.330459,0.99515
11,o_proj,4,2.908203,2.894893,0.995423
11,o_proj,8,2.753906,2.741405,0.99546
11,o_proj,12,2.628906,2.617054,0.995492
11,o_proj,16,2.548828,2.537391,0.995513
11,o_proj,20,2.476562,2.465498,0.995532
11,o_proj,24,2.402344,2.39166,0.995553
11,o_proj,28,2.357422,2.346968,0.995566
11,o_proj,32,2.3125,2.302276,0.995579
11,o_proj,36,2.271484,2.261469,0.995591
11,o_proj,40,2.230469,2.220662,0.995603
11,o_proj,44,2.203125,2.193456,0.995611
11,o_proj,48,2.177734,2.168195,0.995619
11,o_proj,52,2.140625,2.131273,0.995631
11,o_proj,56,2.119141,2.109897,0.995638
11,o_proj,60,2.091797,2.082691,0.995647
11,o_proj,64,2.070312,2.061315,0.995654
11,o_proj,68,2.037109,2.028278,0.995665
11,o_proj,72,2.013672,2.004958,0.995672
11,o_proj,76,1.993164,1.984552,0.995679
11,o_proj,80,1.975586,1.967063,0.995686
11,o_proj,84,1.957031,1.9486,0.995692
11,o_proj,88,1.933594,1.92528,0.9957
11,o_proj,92,1.914062,1.905845,0.995707
11,o_proj,96,1.896484,1.888355,0.995713
11,o_proj,100,1.879883,1.871835,0.995719
11,o_proj,104,1.865234,1.85726,0.995724
11,o_proj,108,1.839844,1.831995,0.995734
11,o_proj,112,1.817383,1.809645,0.995742
11,o_proj,116,1.799805,1.792153,0.995749
11,o_proj,120,1.782227,1.774662,0.995756
11,o_proj,124,1.765625,1.758142,0.995762
12,q_proj,0,3.980469,3.994218,1.003454
12,q_proj,4,3.533203,3.545219,1.003401
12,q_proj,8,3.339844,3.351119,1.003376
12,q_proj,12,3.158203,3.168787,1.003351
12,q_proj,16,3.072266,3.082523,1.003339
12,q_proj,20,2.957031,2.966854,1.003322
12,q_proj,24,2.884766,2.894317,1.003311
12,q_proj,28,2.798828,2.808057,1.003298
12,q_proj,32,2.759766,2.768849,1.003291
12,q_proj,36,2.71875,2.72768,1.003284
12,q_proj,40,2.671875,2.680631,1.003277
12,q_proj,44,2.638672,2.647304,1.003271
12,q_proj,48,2.605469,2.613977,1.003266
12,q_proj,52,2.558594,2.566929,1.003258
12,q_proj,56,2.527344,2.535563,1.003252
12,q_proj,60,2.5,2.508119,1.003248
12,q_proj,64,2.46875,2.476753,1.003242
12,q_proj,68,2.439453,2.447348,1.003236
12,q_proj,72,2.414062,2.421865,1.003232
12,q_proj,76,2.384766,2.39246,1.003227
12,q_proj,80,2.365234,2.372857,1.003223
12,q_proj,84,2.333984,2.341493,1.003217
12,q_proj,88,2.3125,2.31993,1.003213
12,q_proj,92,2.279297,2.286605,1.003206
12,q_proj,96,2.265625,2.272884,1.003204
12,q_proj,100,2.236328,2.24348,1.003198
12,q_proj,104,2.205078,2.212116,1.003192
12,q_proj,108,2.1875,2.194474,1.003188
12,q_proj,112,2.166016,2.172912,1.003184
12,q_proj,116,2.138672,2.145469,1.003178
12,q_proj,120,2.117188,2.123907,1.003174
12,q_proj,124,2.083984,2.090584,1.003167
12,k_proj,0,2.546875,2.550408,1.001387
12,k_proj,4,2.214844,2.217951,1.001403
12,k_proj,8,2.117188,2.120168,1.001408
12,k_proj,12,2.078125,2.081055,1.00141
12,k_proj,16,2.044922,2.047809,1.001412
12,k_proj,20,2.001953,2.004784,1.001414
12,k_proj,24,1.966797,1.969582,1.001416
12,k_proj,28,1.945312,1.94807,1.001417
12,k_proj,32,1.918945,1.921668,1.001419
12,k_proj,36,1.889648,1.892333,1.001421
12,k_proj,40,1.858398,1.861042,1.001423
12,k_proj,44,1.837891,1.840508,1.001424
12,k_proj,48,1.810547,1.813128,1.001425
12,k_proj,52,1.789062,1.791615,1.001427
12,k_proj,56,1.767578,1.770103,1.001428
12,k_proj,60,1.745117,1.747612,1.00143
12,k_proj,64,1.72168,1.724144,1.001431
12,k_proj,68,1.701172,1.703609,1.001432
12,k_proj,72,1.677734,1.68014,1.001434
12,k_proj,76,1.665039,1.667428,1.001435
12,k_proj,80,1.643555,1.645915,1.001436
12,k_proj,84,1.625,1.627336,1.001438
12,k_proj,88,1.608398,1.610712,1.001439
12,k_proj,92,1.587891,1.590177,1.00144
12,k_proj,96,1.572266,1.574532,1.001441
12,k_proj,100,1.543945,1.546174,1.001443
12,k_proj,104,1.533203,1.535417,1.001444
12,k_proj,108,1.506836,1.509015,1.001446
12,k_proj,112,1.482422,1.484568,1.001448
12,k_proj,116,1.464844,1.466967,1.001449
12,k_proj,120,1.436523,1.438608,1.001451
12,k_proj,124,1.412109,1.414162,1.001453
12,v_proj,0,1.378906,1.374782,0.997009
12,v_proj,4,1.316406,1.312445,0.996991
12,v_proj,8,1.295898,1.291991,0.996985
12,v_proj,12,1.280273,1.276407,0.99698
12,v_proj,16,1.263672,1.259849,0.996975
12,v_proj,20,1.250977,1.247187,0.996971
12,v_proj,24,1.237305,1.233552,0.996967
12,v_proj,28,1.228516,1.224786,0.996964
12,v_proj,32,1.212891,1.209202,0.996959
12,v_proj,36,1.202148,1.198489,0.996956
12,v_proj,40,1.192383,1.188749,0.996953
12,v_proj,44,1.179688,1.176088,0.996948
12,v_proj,48,1.170898,1.167322,0.996945
12,v_proj,52,1.160156,1.156608,0.996942
12,v_proj,56,1.148438,1.144921,0.996938
12,v_proj,60,1.138672,1.135182,0.996935
12,v_proj,64,1.12793,1.124468,0.996931
12,v_proj,68,1.119141,1.115703,0.996928
12,v_proj,72,1.109375,1.105963,0.996925
12,v_proj,76,1.095703,1.092328,0.99692
12,v_proj,80,1.083008,1.079667,0.996915
12,v_proj,84,1.076172,1.07285,0.996913
12,v_proj,88,1.067383,1.064084,0.99691
12,v_proj,92,1.057617,1.054345,0.996906
12,v_proj,96,1.047852,1.044606,0.996903
12,v_proj,100,1.039062,1.035841,0.996899
12,v_proj,104,1.02832,1.025128,0.996895
12,v_proj,108,1.015625,1.012467,0.99689
12,v_proj,112,1.005859,1.002728,0.996887
12,v_proj,116,0.994629,0.991528,0.996882
12,v_proj,120,0.980957,0.977894,0.996877
12,v_proj,124,0.969727,0.966694,0.996873
12,o_proj,0,4.644531,4.664471,1.004293
12,o_proj,4,2.982422,2.994617,1.004089
12,o_proj,8,2.880859,2.892592,1.004073
12,o_proj,12,2.767578,2.778799,1.004054
12,o_proj,16,2.666016,2.676779,1.004037
12,o_proj,20,2.568359,2.578684,1.00402
12,o_proj,24,2.501953,2.511981,1.004008
12,o_proj,28,2.427734,2.437431,1.003994
12,o_proj,32,2.380859,2.390347,1.003985
12,o_proj,36,2.333984,2.343264,1.003976
12,o_proj,40,2.292969,2.302067,1.003968
12,o_proj,44,2.259766,2.268717,1.003961
12,o_proj,48,2.232422,2.241252,1.003955
12,o_proj,52,2.207031,2.215749,1.00395
12,o_proj,56,2.175781,2.184361,1.003944
12,o_proj,60,2.150391,2.158859,1.003938
12,o_proj,64,2.123047,2.131395,1.003932
12,o_proj,68,2.099609,2.107855,1.003927
12,o_proj,72,2.074219,2.082353,1.003921
12,o_proj,76,2.041016,2.049004,1.003914
12,o_proj,80,2.021484,2.029387,1.00391
12,o_proj,84,2.003906,2.011733,1.003906
12,o_proj,88,1.986328,1.994078,1.003902
12,o_proj,92,1.963867,1.971519,1.003896
12,o_proj,96,1.943359,1.950922,1.003891
12,o_proj,100,1.925781,1.933267,1.003887
12,o_proj,104,1.902344,1.909728,1.003882
12,o_proj,108,1.883789,1.891093,1.003877
12,o_proj,112,1.859375,1.866572,1.003871
12,o_proj,116,1.835938,1.843034,1.003865
12,o_proj,120,1.816406,1.823418,1.00386
12,o_proj,124,1.796875,1.803802,1.003855
13,q_proj,0,4.273438,4.28656,1.003071
13,q_proj,4,3.646484,3.657502,1.003021
13,q_proj,8,3.447266,3.45762,1.003004
13,q_proj,12,3.347656,3.357681,1.002995
13,q_proj,16,3.208984,3.218552,1.002982
13,q_proj,20,3.136719,3.146049,1.002975
13,q_proj,24,3.054688,3.063748,1.002966
13,q_proj,28,2.966797,2.975571,1.002957
13,q_proj,32,2.902344,2.910907,1.00295
13,q_proj,36,2.849609,2.858,1.002945
13,q_proj,40,2.771484,2.779622,1.002936
13,q_proj,44,2.742188,2.75023,1.002933
13,q_proj,48,2.685547,2.693405,1.002926
13,q_proj,52,2.648438,2.656176,1.002922
13,q_proj,56,2.605469,2.613069,1.002917
13,q_proj,60,2.550781,2.558205,1.00291
13,q_proj,64,2.519531,2.526854,1.002907
13,q_proj,68,2.482422,2.489625,1.002902
13,q_proj,72,2.453125,2.460235,1.002898
13,q_proj,76,2.427734,2.434762,1.002895
13,q_proj,80,2.380859,2.387738,1.002889
13,q_proj,84,2.357422,2.364225,1.002886
13,q_proj,88,2.324219,2.330916,1.002881
13,q_proj,92,2.292969,2.299567,1.002877
13,q_proj,96,2.257812,2.264298,1.002872
13,q_proj,100,2.226562,2.232949,1.002868
13,q_proj,104,2.197266,2.203559,1.002864
13,q_proj,108,2.162109,2.168291,1.002859
13,q_proj,112,2.128906,2.134983,1.002854
13,q_proj,116,2.095703,2.101675,1.002849
13,q_proj,120,2.074219,2.080122,1.002846
13,q_proj,124,2.042969,2.048774,1.002842
13,k_proj,0,2.953125,2.961699,1.002903
13,k_proj,4,2.435547,2.442439,1.00283
13,k_proj,8,2.298828,2.305283,1.002808
13,k_proj,12,2.207031,2.213194,1.002792
13,k_proj,16,2.144531,2.150496,1.002781
13,k_proj,20,2.085938,2.091717,1.002771
13,k_proj,24,2.046875,2.052532,1.002764
13,k_proj,28,2.011719,2.017265,1.002757
13,k_proj,32,1.958984,1.964365,1.002747
13,k_proj,36,1.932617,1.937916,1.002742
13,k_proj,40,1.879883,1.885017,1.002731
13,k_proj,44,1.847656,1.85269,1.002725
13,k_proj,48,1.819336,1.824282,1.002719
13,k_proj,52,1.782227,1.787058,1.002711
13,k_proj,56,1.746094,1.750814,1.002703
13,k_proj,60,1.711914,1.716528,1.002695
13,k_proj,64,1.685547,1.69008,1.00269
13,k_proj,68,1.655273,1.659714,1.002683
13,k_proj,72,1.632812,1.637184,1.002677
13,k_proj,76,1.59375,1.598002,1.002668
13,k_proj,80,1.571289,1.575473,1.002663
13,k_proj,84,1.540039,1.544128,1.002655
13,k_proj,88,1.515625,1.51964,1.002649
13,k_proj,92,1.484375,1.488295,1.002641
13,k_proj,96,1.461914,1.465767,1.002635
13,k_proj,100,1.43457,1.43834,1.002628
13,k_proj,104,1.407227,1.410914,1.002621
13,k_proj,108,1.386719,1.390345,1.002615
13,k_proj,112,1.353516,1.357043,1.002606
13,k_proj,116,1.321289,1.32472,1.002597
13,k_proj,120,1.302734,1.30611,1.002591
13,k_proj,124,1.270508,1.273788,1.002582
13,v_proj,0,1.333008,1.337077,1.003052
13,v_proj,4,1.303711,1.307679,1.003044
13,v_proj,8,1.289062,1.292981,1.003039
13,v_proj,12,1.275391,1.279262,1.003035
13,v_proj,16,1.262695,1.266523,1.003032
13,v_proj,20,1.255859,1.259664,1.003029
13,v_proj,24,1.246094,1.249865,1.003026
13,v_proj,28,1.238281,1.242026,1.003024
13,v_proj,32,1.229492,1.233207,1.003021
13,v_proj,36,1.220703,1.224388,1.003018
13,v_proj,40,1.209961,1.213609,1.003015
13,v_proj,44,1.203125,1.20675,1.003013
13,v_proj,48,1.192383,1.195971,1.003009
13,v_proj,52,1.183594,1.187152,1.003007
13,v_proj,56,1.176758,1.180293,1.003004
13,v_proj,60,1.167969,1.171474,1.003001
13,v_proj,64,1.15918,1.162655,1.002998
13,v_proj,68,1.151367,1.154817,1.002996
13,v_proj,72,1.144531,1.147958,1.002994
13,v_proj,76,1.136719,1.140119,1.002991
13,v_proj,80,1.130859,1.134239,1.002989
13,v_proj,84,1.123047,1.126401,1.002986
13,v_proj,88,1.116211,1.119542,1.002984
13,v_proj,92,1.107422,1.110723,1.002981
13,v_proj,96,1.099609,1.102884,1.002978
13,v_proj,100,1.092773,1.096025,1.002976
13,v_proj,104,1.082031,1.085247,1.002972
13,v_proj,108,1.074219,1.077408,1.002969
13,v_proj,112,1.06543,1.06859,1.002966
13,v_proj,116,1.057617,1.060751,1.002963
13,v_proj,120,1.047852,1.050953,1.002959
13,v_proj,124,1.038086,1.041154,1.002956
13,o_proj,0,5.355469,5.361363,1.001101
13,o_proj,4,3.294922,3.29856,1.001104
13,o_proj,8,3.050781,3.054152,1.001105
13,o_proj,12,2.705078,2.708069,1.001106
13,o_proj,16,2.607422,2.610306,1.001106
13,o_proj,20,2.550781,2.553603,1.001106
13,o_proj,24,2.484375,2.487124,1.001106
13,o_proj,28,2.439453,2.442153,1.001107
13,o_proj,32,2.410156,2.412823,1.001107
13,o_proj,36,2.367188,2.369807,1.001107
13,o_proj,40,2.339844,2.342433,1.001107
13,o_proj,44,2.298828,2.301373,1.001107
13,o_proj,48,2.263672,2.266178,1.001107
13,o_proj,52,2.242188,2.24467,1.001107
13,o_proj,56,2.21875,2.221207,1.001107
13,o_proj,60,2.1875,2.189922,1.001107
13,o_proj,64,2.150391,2.152772,1.001108
13,o_proj,68,2.126953,2.129309,1.001108
13,o_proj,72,2.105469,2.107801,1.001108
13,o_proj,76,2.078125,2.080427,1.001108
13,o_proj,80,2.056641,2.058919,1.001108
13,o_proj,84,2.033203,2.035456,1.001108
13,o_proj,88,2.003906,2.006127,1.001108
13,o_proj,92,1.990234,1.99244,1.001108
13,o_proj,96,1.966797,1.968976,1.001108
13,o_proj,100,1.947266,1.949424,1.001108
13,o_proj,104,1.929688,1.931826,1.001108
13,o_proj,108,1.90625,1.908363,1.001108
13,o_proj,112,1.885742,1.887833,1.001108
13,o_proj,116,1.865234,1.867302,1.001109
13,o_proj,120,1.842773,1.844816,1.001109
13,o_proj,124,1.820312,1.822331,1.001109
14,q_proj,0,4.1875,4.19002,1.000602
14,q_proj,4,3.810547,3.812836,1.000601
14,q_proj,8,3.632812,3.634993,1.0006
14,q_proj,12,3.460938,3.463012,1.0006
14,q_proj,16,3.324219,3.32621,1.000599
14,q_proj,20,3.230469,3.232403,1.000599
14,q_proj,24,3.142578,3.144459,1.000598
14,q_proj,28,3.089844,3.091692,1.000598
14,q_proj,32,3.025391,3.0272,1.000598
14,q_proj,36,2.972656,2.974433,1.000598
14,q_proj,40,2.929688,2.931438,1.000598
14,q_proj,44,2.884766,2.886489,1.000597
14,q_proj,48,2.833984,2.835677,1.000597
14,q_proj,52,2.789062,2.790728,1.000597
14,q_proj,56,2.75,2.751641,1.000597
14,q_proj,60,2.703125,2.704738,1.000597
14,q_proj,64,2.677734,2.679332,1.000597
14,q_proj,68,2.642578,2.644154,1.000596
14,q_proj,72,2.603516,2.605068,1.000596
14,q_proj,76,2.564453,2.565982,1.000596
14,q_proj,80,2.521484,2.522987,1.000596
14,q_proj,84,2.488281,2.489763,1.000596
14,q_proj,88,2.455078,2.45654,1.000595
14,q_proj,92,2.414062,2.4155,1.000595
14,q_proj,96,2.380859,2.382276,1.000595
14,q_proj,100,2.335938,2.337327,1.000595
14,q_proj,104,2.310547,2.311921,1.000595
14,q_proj,108,2.269531,2.270881,1.000595
14,q_proj,112,2.248047,2.249383,1.000594
14,q_proj,116,2.201172,2.20248,1.000594
14,q_proj,120,2.162109,2.163394,1.000594
14,q_proj,124,2.125,2.126262,1.000594
14,k_proj,0,2.353516,2.358196,1.001989
14,k_proj,4,2.263672,2.268173,1.001988
14,k_proj,8,2.164062,2.168365,1.001988
14,k_proj,12,2.128906,2.133138,1.001988
14,k_proj,16,2.076172,2.080298,1.001987
14,k_proj,20,2.029297,2.03333,1.001987
14,k_proj,24,2.001953,2.005931,1.001987
14,k_proj,28,1.969727,1.97364,1.001987
14,k_proj,32,1.939453,1.943306,1.001987
14,k_proj,36,1.915039,1.918844,1.001987
14,k_proj,40,1.880859,1.884596,1.001986
14,k_proj,44,1.856445,1.860133,1.001986
14,k_proj,48,1.823242,1.826863,1.001986
14,k_proj,52,1.793945,1.797508,1.001986
14,k_proj,56,1.762695,1.766196,1.001986
14,k_proj,60,1.740234,1.74369,1.001986
14,k_proj,64,1.710938,1.714335,1.001986
14,k_proj,68,1.686523,1.689872,1.001985
14,k_proj,72,1.661133,1.66443,1.001985
14,k_proj,76,1.636719,1.639968,1.001985
14,k_proj,80,1.609375,1.612569,1.001985
14,k_proj,84,1.580078,1.583214,1.001985
14,k_proj,88,1.560547,1.563644,1.001985
14,k_proj,92,1.537109,1.54016,1.001984
14,k_proj,96,1.507812,1.510804,1.001984
14,k_proj,100,1.489258,1.492213,1.001984
14,k_proj,104,1.463867,1.466771,1.001984
14,k_proj,108,1.441406,1.444266,1.001984
14,k_proj,112,1.413086,1.415889,1.001983
14,k_proj,116,1.382812,1.385555,1.001983
14,k_proj,120,1.351562,1.354243,1.001983
14,k_proj,124,1.339844,1.342501,1.001983
14,v_proj,0,1.426758,1.429106,1.001645
14,v_proj,4,1.307617,1.309765,1.001642
14,v_proj,8,1.273438,1.275528,1.001641
14,v_proj,12,1.253906,1.255964,1.001641
14,v_proj,16,1.238281,1.240313,1.00164
14,v_proj,20,1.220703,1.222705,1.00164
14,v_proj,24,1.204102,1.206076,1.001639
14,v_proj,28,1.192383,1.194337,1.001639
14,v_proj,32,1.177734,1.179664,1.001639
14,v_proj,36,1.161133,1.163035,1.001638
14,v_proj,40,1.149414,1.151296,1.001638
14,v_proj,44,1.137695,1.139558,1.001637
14,v_proj,48,1.126953,1.128798,1.001637
14,v_proj,52,1.116211,1.118038,1.001637
14,v_proj,56,1.105469,1.107278,1.001636
14,v_proj,60,1.094727,1.096518,1.001636
14,v_proj,64,1.083984,1.085757,1.001636
14,v_proj,68,1.075195,1.076954,1.001635
14,v_proj,72,1.06543,1.067172,1.001635
14,v_proj,76,1.054688,1.056412,1.001635
14,v_proj,80,1.044922,1.04663,1.001634
14,v_proj,84,1.035156,1.036848,1.001634
14,v_proj,88,1.027344,1.029022,1.001634
14,v_proj,92,1.015625,1.017284,1.001633
14,v_proj,96,1.004883,1.006524,1.001633
14,v_proj,100,0.994629,0.996253,1.001633
14,v_proj,104,0.987305,0.988916,1.001632
14,v_proj,108,0.976562,0.978156,1.001632
14,v_proj,112,0.966309,0.967885,1.001632
14,v_proj,116,0.956055,0.957614,1.001631
14,v_proj,120,0.948242,0.949789,1.001631
14,v_proj,124,0.932617,0.934138,1.00163
14,o_proj,0,4.863281,4.840443,0.995304
14,o_proj,4,3.162109,3.148239,0.995613
14,o_proj,8,3.046875,3.033591,0.99564
14,o_proj,12,2.974609,2.961693,0.995658
14,o_proj,16,2.869141,2.856756,0.995684
14,o_proj,20,2.753906,2.7421,0.995713
14,o_proj,24,2.648438,2.637157,0.995741
14,o_proj,28,2.589844,2.578855,0.995757
14,o_proj,32,2.509766,2.499173,0.995779
14,o_proj,36,2.462891,2.452529,0.995793
14,o_proj,40,2.398438,2.388393,0.995812
14,o_proj,44,2.337891,2.328143,0.995831
14,o_proj,48,2.310547,2.300933,0.995839
14,o_proj,52,2.267578,2.258173,0.995852
14,o_proj,56,2.220703,2.211526,0.995867
14,o_proj,60,2.197266,2.188202,0.995875
14,o_proj,64,2.158203,2.149329,0.995888
14,o_proj,68,2.134766,2.126004,0.995896
14,o_proj,72,2.107422,2.098792,0.995905
14,o_proj,76,2.085938,2.077411,0.995912
14,o_proj,80,2.060547,2.052142,0.995921
14,o_proj,84,2.044922,2.036592,0.995927
14,o_proj,88,2.017578,2.00938,0.995936
14,o_proj,92,1.996094,1.987997,0.995944
14,o_proj,96,1.96875,1.960784,0.995954
14,o_proj,100,1.947266,1.939402,0.995962
14,o_proj,104,1.924805,1.917048,0.99597
14,o_proj,108,1.90625,1.898581,0.995977
14,o_proj,112,1.881836,1.874283,0.995986
14,o_proj,116,1.867188,1.859703,0.995992
14,o_proj,120,1.842773,1.835405,0.996001
14,o_proj,124,1.813477,1.806246,0.996013
15,q_proj,0,4.425781,4.446245,1.004624
15,q_proj,4,3.708984,3.725702,1.004507
15,q_proj,8,3.357422,3.372334,1.004442
15,q_proj,12,3.261719,3.276145,1.004423
15,q_proj,16,3.128906,3.142659,1.004395
15,q_proj,20,3.052734,3.066103,1.004379
15,q_proj,24,2.988281,3.001326,1.004365
15,q_proj,28,2.955078,2.967957,1.004358
15,q_proj,32,2.917969,2.930661,1.00435
15,q_proj,36,2.878906,2.891403,1.004341
15,q_proj,40,2.833984,2.846257,1.004331
15,q_proj,44,2.804688,2.816813,1.004323
15,q_proj,48,2.769531,2.781482,1.004315
15,q_proj,52,2.740234,2.752039,1.004308
15,q_proj,56,2.712891,2.72456,1.004302
15,q_proj,60,2.673828,2.685304,1.004292
15,q_proj,64,2.644531,2.655863,1.004285
15,q_proj,68,2.619141,2.630347,1.004279
15,q_proj,72,2.589844,2.600905,1.004271
15,q_proj,76,2.558594,2.569501,1.004263
15,q_proj,80,2.533203,2.543986,1.004257
15,q_proj,84,2.507812,2.518471,1.00425
15,q_proj,88,2.478516,2.48903,1.004242
15,q_proj,92,2.439453,2.449776,1.004232
15,q_proj,96,2.412109,2.422299,1.004224
15,q_proj,100,2.386719,2.396785,1.004218
15,q_proj,104,2.365234,2.375196,1.004212
15,q_proj,108,2.335938,2.345757,1.004204
15,q_proj,112,2.310547,2.320242,1.004196
15,q_proj,116,2.273438,2.282953,1.004186
15,q_proj,120,2.25,2.259403,1.004179
15,q_proj,124,2.21875,2.228001,1.00417
15,k_proj,0,2.552734,2.554289,1.000609
15,k_proj,4,2.195312,2.196671,1.000619
15,k_proj,8,2.130859,2.132182,1.000621
15,k_proj,12,2.089844,2.091143,1.000622
15,k_proj,16,2.066406,2.067693,1.000623
15,k_proj,20,2.037109,2.03838,1.000624
15,k_proj,24,1.99707,1.998318,1.000625
15,k_proj,28,1.962891,1.964119,1.000626
15,k_proj,32,1.936523,1.937737,1.000627
15,k_proj,36,1.911133,1.912332,1.000628
15,k_proj,40,1.885742,1.886927,1.000628
15,k_proj,44,1.855469,1.856637,1.000629
15,k_proj,48,1.830078,1.831232,1.00063
15,k_proj,52,1.801758,1.802895,1.000631
15,k_proj,56,1.763672,1.764788,1.000633
15,k_proj,60,1.737305,1.738405,1.000634
15,k_proj,64,1.704102,1.705183,1.000635
15,k_proj,68,1.673828,1.674893,1.000636
15,k_proj,72,1.646484,1.647533,1.000637
15,k_proj,76,1.619141,1.620174,1.000638
15,k_proj,80,1.585938,1.586951,1.000639
15,k_proj,84,1.5625,1.563501,1.00064
15,k_proj,88,1.541992,1.542981,1.000641
15,k_proj,92,1.517578,1.518553,1.000642
15,k_proj,96,1.496094,1.497056,1.000643
15,k_proj,100,1.47168,1.472628,1.000644
15,k_proj,104,1.454102,1.455039,1.000645
15,k_proj,108,1.431641,1.432565,1.000646
15,k_proj,112,1.404297,1.405206,1.000647
15,k_proj,116,1.383789,1.384686,1.000648
15,k_proj,120,1.359375,1.360257,1.000649
15,k_proj,124,1.337891,1.33876,1.00065
15,v_proj,0,1.50293,1.498208,0.996858
15,v_proj,4,1.431641,1.427162,0.996872
15,v_proj,8,1.408203,1.403805,0.996877
15,v_proj,12,1.37207,1.367795,0.996884
15,v_proj,16,1.349609,1.34541,0.996889
15,v_proj,20,1.332031,1.327892,0.996892
15,v_proj,24,1.317383,1.313293,0.996895
15,v_proj,28,1.297852,1.293828,0.9969
15,v_proj,32,1.282227,1.278256,0.996903
15,v_proj,36,1.267578,1.263657,0.996906
15,v_proj,40,1.250977,1.247111,0.99691
15,v_proj,44,1.240234,1.236405,0.996913
15,v_proj,48,1.224609,1.220833,0.996916
15,v_proj,52,1.21582,1.212074,0.996918
15,v_proj,56,1.195312,1.191635,0.996923
15,v_proj,60,1.188477,1.184822,0.996925
15,v_proj,64,1.171875,1.168276,0.996929
15,v_proj,68,1.163086,1.159516,0.996931
15,v_proj,72,1.152344,1.14881,0.996934
15,v_proj,76,1.137695,1.134211,0.996937
15,v_proj,80,1.128906,1.125451,0.996939
15,v_proj,84,1.118164,1.114745,0.996942
15,v_proj,88,1.107422,1.104038,0.996945
15,v_proj,92,1.09668,1.093332,0.996948
15,v_proj,96,1.083008,1.079706,0.996951
15,v_proj,100,1.073242,1.069973,0.996954
15,v_proj,104,1.060547,1.05732,0.996957
15,v_proj,108,1.054688,1.05148,0.996959
15,v_proj,112,1.043945,1.040773,0.996962
15,v_proj,116,1.030273,1.027147,0.996965
15,v_proj,120,1.014648,1.011574,0.99697
15,v_proj,124,1.006836,1.003787,0.996972
15,o_proj,0,4.433594,4.412484,0.995239
15,o_proj,4,3.191406,3.177031,0.995496
15,o_proj,8,3.066406,3.05269,0.995527
15,o_proj,12,2.914062,2.901143,0.995567
15,o_proj,16,2.8125,2.800108,0.995594
15,o_proj,20,2.722656,2.710728,0.995619
15,o_proj,24,2.642578,2.631063,0.995643
15,o_proj,28,2.576172,2.564998,0.995662
15,o_proj,32,2.523438,2.512532,0.995679
15,o_proj,36,2.445312,2.434806,0.995703
15,o_proj,40,2.40625,2.395941,0.995716
15,o_proj,44,2.365234,2.355133,0.995729
15,o_proj,48,2.310547,2.300721,0.995747
15,o_proj,52,2.279297,2.269628,0.995758
15,o_proj,56,2.251953,2.242421,0.995767
15,o_proj,60,2.224609,2.215214,0.995777
15,o_proj,64,2.185547,2.176347,0.995791
15,o_proj,68,2.158203,2.14914,0.995801
15,o_proj,72,2.132812,2.123876,0.99581
15,o_proj,76,2.117188,2.108328,0.995816
15,o_proj,80,2.09375,2.085007,0.995824
15,o_proj,84,2.064453,2.055855,0.995835
15,o_proj,88,2.041016,2.032533,0.995844
15,o_proj,92,2.017578,2.009212,0.995853
15,o_proj,96,1.989258,1.98103,0.995864
15,o_proj,100,1.967773,1.959652,0.995873
15,o_proj,104,1.948242,1.940216,0.99588
15,o_proj,108,1.926758,1.918837,0.995889
15,o_proj,112,1.907227,1.899401,0.995897
15,o_proj,116,1.879883,1.87219,0.995908
15,o_proj,120,1.853516,1.845952,0.995919
15,o_proj,124,1.830078,1.822628,0.995929
16,q_proj,0,4.160156,4.15684,0.999203
16,q_proj,4,3.621094,3.618215,0.999205
16,q_proj,8,3.414062,3.411351,0.999206
16,q_proj,12,3.259766,3.257179,0.999206
16,q_proj,16,3.181641,3.179117,0.999207
16,q_proj,20,3.109375,3.10691,0.999207
16,q_proj,24,3.044922,3.042508,0.999207
16,q_proj,28,2.998047,2.995671,0.999208
16,q_proj,32,2.945312,2.942979,0.999208
16,q_proj,36,2.884766,2.882481,0.999208
16,q_proj,40,2.832031,2.829789,0.999208
16,q_proj,44,2.777344,2.775146,0.999209
16,q_proj,48,2.738281,2.736115,0.999209
16,q_proj,52,2.695312,2.693181,0.999209
16,q_proj,56,2.648438,2.646343,0.999209
16,q_proj,60,2.623047,2.620973,0.999209
16,q_proj,64,2.580078,2.578039,0.99921
16,q_proj,68,2.548828,2.546814,0.99921
16,q_proj,72,2.513672,2.511686,0.99921
16,q_proj,76,2.470703,2.468752,0.99921
16,q_proj,80,2.443359,2.44143,0.99921
16,q_proj,84,2.40625,2.404351,0.999211
16,q_proj,88,2.367188,2.365319,0.999211
16,q_proj,92,2.34375,2.341901,0.999211
16,q_proj,96,2.308594,2.306773,0.999211
16,q_proj,100,2.277344,2.275548,0.999211
16,q_proj,104,2.248047,2.246275,0.999212
16,q_proj,108,2.21875,2.217001,0.999212
16,q_proj,112,2.185547,2.183825,0.999212
16,q_proj,116,2.148438,2.146745,0.999212
16,q_proj,120,2.115234,2.113569,0.999212
16,q_proj,124,2.074219,2.072586,0.999213
16,k_proj,0,2.378906,2.378048,0.999639
16,k_proj,4,2.195312,2.194516,0.999637
16,k_proj,8,2.134766,2.13399,0.999637
16,k_proj,12,2.0625,2.061749,0.999636
16,k_proj,16,2.009766,2.009032,0.999635
16,k_proj,20,1.958984,1.958269,0.999635
16,k_proj,24,1.912109,1.91141,0.999634
16,k_proj,28,1.881836,1.881147,0.999634
16,k_proj,32,1.818359,1.817692,0.999633
16,k_proj,36,1.790039,1.789381,0.999633
16,k_proj,40,1.751953,1.751308,0.999632
16,k_proj,44,1.706055,1.705426,0.999631
16,k_proj,48,1.681641,1.68102,0.999631
16,k_proj,52,1.65625,1.655638,0.999631
16,k_proj,56,1.620117,1.619518,0.99963
16,k_proj,60,1.589844,1.589255,0.99963
16,k_proj,64,1.557617,1.55704,0.999629
16,k_proj,68,1.533203,1.532634,0.999629
16,k_proj,72,1.5,1.499443,0.999628
16,k_proj,76,1.479492,1.478942,0.999628
16,k_proj,80,1.441406,1.440869,0.999628
16,k_proj,84,1.424805,1.424274,0.999627
16,k_proj,88,1.402344,1.401821,0.999627
16,k_proj,92,1.383789,1.383272,0.999627
16,k_proj,96,1.34668,1.346176,0.999626
16,k_proj,100,1.328125,1.327628,0.999626
16,k_proj,104,1.304688,1.304199,0.999625
16,k_proj,108,1.279297,1.278817,0.999625
16,k_proj,112,1.251953,1.251483,0.999624
16,k_proj,116,1.229492,1.22903,0.999624
16,k_proj,120,1.207031,1.206577,0.999624
16,k_proj,124,1.180664,1.180219,0.999623
16,v_proj,0,1.816406,1.81024,0.996605
16,v_proj,4,1.501953,1.496969,0.996682
16,v_proj,8,1.417969,1.413297,0.996705
16,v_proj,12,1.393555,1.388973,0.996712
16,v_proj,16,1.359375,1.354919,0.996722
16,v_proj,20,1.338867,1.334487,0.996728
16,v_proj,24,1.326172,1.321838,0.996732
16,v_proj,28,1.308594,1.304324,0.996737
16,v_proj,32,1.299805,1.295567,0.99674
16,v_proj,36,1.28418,1.28,0.996745
16,v_proj,40,1.271484,1.267351,0.996749
16,v_proj,44,1.260742,1.256648,0.996752
16,v_proj,48,1.25,1.245945,0.996756
16,v_proj,52,1.240234,1.236215,0.996759
16,v_proj,56,1.229492,1.225512,0.996762
16,v_proj,60,1.217773,1.213836,0.996766
16,v_proj,64,1.208008,1.204105,0.99677
16,v_proj,68,1.197266,1.193402,0.996773
16,v_proj,72,1.189453,1.185618,0.996776
16,v_proj,76,1.179688,1.175888,0.996779
16,v_proj,80,1.169922,1.166158,0.996782
16,v_proj,84,1.160156,1.156427,0.996786
16,v_proj,88,1.150391,1.146697,0.996789
16,v_proj,92,1.140625,1.136967,0.996793
16,v_proj,96,1.129883,1.126263,0.996796
16,v_proj,100,1.120117,1.116533,0.9968
16,v_proj,104,1.110352,1.106802,0.996803
16,v_proj,108,1.101562,1.098045,0.996807
16,v_proj,112,1.09082,1.087341,0.996811
16,v_proj,116,1.081055,1.077611,0.996814
16,v_proj,120,1.070312,1.066907,0.996818
16,v_proj,124,1.055664,1.052311,0.996824
16,o_proj,0,5.304688,5.310271,1.001053
16,o_proj,4,2.820312,2.823237,1.001037
16,o_proj,8,2.695312,2.698104,1.001036
16,o_proj,12,2.615234,2.617941,1.001035
16,o_proj,16,2.580078,2.582747,1.001035
16,o_proj,20,2.507812,2.510405,1.001034
16,o_proj,24,2.457031,2.45957,1.001033
16,o_proj,28,2.408203,2.410691,1.001033
16,o_proj,32,2.34375,2.346169,1.001032
16,o_proj,36,2.320312,2.322707,1.001032
16,o_proj,40,2.279297,2.281648,1.001031
16,o_proj,44,2.236328,2.238634,1.001031
16,o_proj,48,2.203125,2.205396,1.001031
16,o_proj,52,2.169922,2.172158,1.00103
16,o_proj,56,2.150391,2.152606,1.00103
16,o_proj,60,2.121094,2.123278,1.00103
16,o_proj,64,2.097656,2.099816,1.001029
16,o_proj,68,2.076172,2.078309,1.001029
16,o_proj,72,2.048828,2.050936,1.001029
16,o_proj,76,2.03125,2.033339,1.001029
16,o_proj,80,2.013672,2.015743,1.001028
16,o_proj,84,1.996094,1.998146,1.001028
16,o_proj,88,1.972656,1.974684,1.001028
16,o_proj,92,1.954102,1.95611,1.001028
16,o_proj,96,1.94043,1.942423,1.001027
16,o_proj,100,1.922852,1.924827,1.001027
16,o_proj,104,1.905273,1.90723,1.001027
16,o_proj,108,1.880859,1.88279,1.001027
16,o_proj,112,1.865234,1.867149,1.001026
16,o_proj,116,1.849609,1.851508,1.001026
16,o_proj,120,1.829102,1.830978,1.001026
16,o_proj,124,1.803711,1.805561,1.001026
17,q_proj,0,3.910156,3.927593,1.004459
17,q_proj,4,3.509766,3.525163,1.004387
17,q_proj,8,3.367188,3.381864,1.004359
17,q_proj,12,3.255859,3.269978,1.004336
17,q_proj,16,3.166016,3.179684,1.004317
17,q_proj,20,3.068359,3.081542,1.004296
17,q_proj,24,3.007812,3.020696,1.004283
17,q_proj,28,2.947266,2.959849,1.004269
17,q_proj,32,2.888672,2.900965,1.004256
17,q_proj,36,2.839844,2.851897,1.004245
17,q_proj,40,2.787109,2.798904,1.004232
17,q_proj,44,2.738281,2.749837,1.00422
17,q_proj,48,2.710938,2.722359,1.004213
17,q_proj,52,2.65625,2.667405,1.0042
17,q_proj,56,2.623047,2.63404,1.004191
17,q_proj,60,2.589844,2.600676,1.004183
17,q_proj,64,2.554688,2.565349,1.004173
17,q_proj,68,2.525391,2.53591,1.004165
17,q_proj,72,2.496094,2.506472,1.004158
17,q_proj,76,2.457031,2.467221,1.004147
17,q_proj,80,2.435547,2.445633,1.004141
17,q_proj,84,2.40625,2.416195,1.004133
17,q_proj,88,2.367188,2.376946,1.004122
17,q_proj,92,2.349609,2.359284,1.004117
17,q_proj,96,2.316406,2.325921,1.004108
17,q_proj,100,2.289062,2.298447,1.0041
17,q_proj,104,2.255859,2.265086,1.00409
17,q_proj,108,2.222656,2.231725,1.00408
17,q_proj,112,2.203125,2.212101,1.004074
17,q_proj,116,2.171875,2.180702,1.004064
17,q_proj,120,2.146484,2.155192,1.004057
17,q_proj,124,2.117188,2.125757,1.004047
17,k_proj,0,2.339844,2.348364,1.003641
17,k_proj,4,2.001953,2.009138,1.003589
17,k_proj,8,1.948242,1.955216,1.00358
17,k_proj,12,1.90332,1.910118,1.003572
17,k_proj,16,1.855469,1.86208,1.003563
17,k_proj,20,1.822266,1.828747,1.003557
17,k_proj,24,1.780273,1.786592,1.003549
17,k_proj,28,1.733398,1.739535,1.00354
17,k_proj,32,1.705078,1.711105,1.003535
17,k_proj,36,1.666992,1.672872,1.003527
17,k_proj,40,1.639648,1.645422,1.003521
17,k_proj,44,1.611328,1.616993,1.003515
17,k_proj,48,1.583008,1.588563,1.003509
17,k_proj,52,1.554688,1.560134,1.003503
17,k_proj,56,1.533203,1.538567,1.003499
17,k_proj,60,1.506836,1.512099,1.003493
17,k_proj,64,1.481445,1.486611,1.003487
17,k_proj,68,1.456055,1.461124,1.003481
17,k_proj,72,1.439453,1.444459,1.003478
17,k_proj,76,1.417969,1.422893,1.003472
17,k_proj,80,1.398438,1.403287,1.003468
17,k_proj,84,1.376953,1.381721,1.003463
17,k_proj,88,1.359375,1.364076,1.003458
17,k_proj,92,1.341797,1.346431,1.003454
17,k_proj,96,1.330078,1.334668,1.003451
17,k_proj,100,1.311523,1.316043,1.003446
17,k_proj,104,1.297852,1.30232,1.003443
17,k_proj,108,1.27832,1.282715,1.003438
17,k_proj,112,1.261719,1.26605,1.003433
17,k_proj,116,1.244141,1.248406,1.003428
17,k_proj,120,1.223633,1.227821,1.003423
17,k_proj,124,1.208984,1.213118,1.003419
17,v_proj,0,1.637695,1.643821,1.00374
17,v_proj,4,1.492188,1.49768,1.003681
17,v_proj,8,1.438477,1.443738,1.003658
17,v_proj,12,1.414062,1.419219,1.003647
17,v_proj,16,1.384766,1.389797,1.003633
17,v_proj,20,1.367188,1.372144,1.003625
17,v_proj,24,1.355469,1.360375,1.00362
17,v_proj,28,1.336914,1.341742,1.003611
17,v_proj,32,1.323242,1.328012,1.003604
17,v_proj,36,1.310547,1.315263,1.003598
17,v_proj,40,1.298828,1.303494,1.003593
17,v_proj,44,1.287109,1.291726,1.003587
17,v_proj,48,1.279297,1.283881,1.003583
17,v_proj,52,1.267578,1.272112,1.003577
17,v_proj,56,1.256836,1.261325,1.003572
17,v_proj,60,1.248047,1.252499,1.003567
17,v_proj,64,1.236328,1.240731,1.003561
17,v_proj,68,1.225586,1.229944,1.003556
17,v_proj,72,1.21582,1.220137,1.003551
17,v_proj,76,1.202148,1.206408,1.003543
17,v_proj,80,1.191406,1.195621,1.003538
17,v_proj,84,1.180664,1.184834,1.003532
17,v_proj,88,1.173828,1.17797,1.003528
17,v_proj,92,1.15918,1.16326,1.00352
17,v_proj,96,1.149414,1.153454,1.003515
17,v_proj,100,1.139648,1.143648,1.003509
17,v_proj,104,1.125977,1.129919,1.003502
17,v_proj,108,1.114258,1.118152,1.003495
17,v_proj,112,1.102539,1.106385,1.003488
17,v_proj,116,1.09082,1.094618,1.003481
17,v_proj,120,1.079102,1.082851,1.003475
17,v_proj,124,1.067383,1.071084,1.003468
17,o_proj,0,4.789062,4.808091,1.003973
17,o_proj,4,2.902344,2.913199,1.00374
17,o_proj,8,2.822266,2.832784,1.003727
17,o_proj,12,2.730469,2.740604,1.003712
17,o_proj,16,2.679688,2.68961,1.003703
17,o_proj,20,2.621094,2.630772,1.003693
17,o_proj,24,2.583984,2.593509,1.003686
17,o_proj,28,2.519531,2.528789,1.003674
17,o_proj,32,2.472656,2.481719,1.003665
17,o_proj,36,2.427734,2.436612,1.003657
17,o_proj,40,2.386719,2.395428,1.003649
17,o_proj,44,2.353516,2.362088,1.003642
17,o_proj,48,2.322266,2.33071,1.003636
17,o_proj,52,2.289062,2.29737,1.003629
17,o_proj,56,2.259766,2.267954,1.003623
17,o_proj,60,2.232422,2.240498,1.003618
17,o_proj,64,2.207031,2.215003,1.003612
17,o_proj,68,2.179688,2.187549,1.003607
17,o_proj,72,2.15625,2.164016,1.003602
17,o_proj,76,2.130859,2.138521,1.003596
17,o_proj,80,2.115234,2.122833,1.003592
17,o_proj,84,2.091797,2.0993,1.003587
17,o_proj,88,2.056641,2.064002,1.003579
17,o_proj,92,2.044922,2.052236,1.003577
17,o_proj,96,2.015625,2.022821,1.00357
17,o_proj,100,1.994141,2.00125,1.003565
17,o_proj,104,1.961914,1.968893,1.003557
17,o_proj,108,1.945312,1.952225,1.003553
17,o_proj,112,1.923828,1.930654,1.003548
17,o_proj,116,1.90332,1.910064,1.003543
17,o_proj,120,1.869141,1.875747,1.003534
17,o_proj,124,1.847656,1.854177,1.003529
18,q_proj,0,4.171875,4.164575,0.99825
18,q_proj,4,3.617188,3.610928,0.998269
18,q_proj,8,3.4375,3.431576,0.998277
18,q_proj,12,3.333984,3.328252,0.998281
18,q_proj,16,3.214844,3.209332,0.998286
18,q_proj,20,3.099609,3.094311,0.998291
18,q_proj,24,3.046875,3.041674,0.998293
18,q_proj,28,2.980469,2.97539,0.998296
18,q_proj,32,2.900391,2.895459,0.9983
18,q_proj,36,2.830078,2.825275,0.998303
18,q_proj,40,2.789062,2.784335,0.998305
18,q_proj,44,2.736328,2.731697,0.998308
18,q_proj,48,2.673828,2.669311,0.998311
18,q_proj,52,2.623047,2.618623,0.998313
18,q_proj,56,2.589844,2.58548,0.998315
18,q_proj,60,2.552734,2.548438,0.998317
18,q_proj,64,2.521484,2.517245,0.998319
18,q_proj,68,2.478516,2.474354,0.998321
18,q_proj,72,2.433594,2.429514,0.998324
18,q_proj,76,2.408203,2.404169,0.998325
18,q_proj,80,2.369141,2.365178,0.998327
18,q_proj,84,2.333984,2.330085,0.998329
18,q_proj,88,2.300781,2.296942,0.998331
18,q_proj,92,2.267578,2.263798,0.998333
18,q_proj,96,2.236328,2.232605,0.998335
18,q_proj,100,2.210938,2.20726,0.998337
18,q_proj,104,2.171875,2.168268,0.998339
18,q_proj,108,2.144531,2.140973,0.998341
18,q_proj,112,2.105469,2.10198,0.998343
18,q_proj,116,2.080078,2.076635,0.998345
18,q_proj,120,2.042969,2.039593,0.998347
18,q_proj,124,2.011719,2.008398,0.998349
18,k_proj,0,2.763672,2.75297,0.996128
18,k_proj,4,2.105469,2.097616,0.99627
18,k_proj,8,2.011719,2.004263,0.996294
18,k_proj,12,1.955078,1.947862,0.996309
18,k_proj,16,1.881836,1.874928,0.996329
18,k_proj,20,1.834961,1.828249,0.996342
18,k_proj,24,1.787109,1.780597,0.996356
18,k_proj,28,1.759766,1.753367,0.996364
18,k_proj,32,1.710938,1.704742,0.996379
18,k_proj,36,1.677734,1.671676,0.996389
18,k_proj,40,1.646484,1.640555,0.996399
18,k_proj,44,1.62207,1.616242,0.996407
18,k_proj,48,1.583008,1.57734,0.996419
18,k_proj,52,1.5625,1.556916,0.996426
18,k_proj,56,1.532227,1.526766,0.996436
18,k_proj,60,1.50293,1.497589,0.996446
18,k_proj,64,1.483398,1.478137,0.996453
18,k_proj,68,1.458984,1.453823,0.996462
18,k_proj,72,1.438477,1.433398,0.996469
18,k_proj,76,1.412109,1.407138,0.996479
18,k_proj,80,1.386719,1.381849,0.996489
18,k_proj,84,1.360352,1.355588,0.996499
18,k_proj,88,1.335938,1.331273,0.996508
18,k_proj,92,1.313477,1.308902,0.996517
18,k_proj,96,1.296875,1.292367,0.996524
18,k_proj,100,1.271484,1.267077,0.996534
18,k_proj,104,1.253906,1.249569,0.996541
18,k_proj,108,1.226562,1.222334,0.996553
18,k_proj,112,1.209961,1.205799,0.99656
18,k_proj,116,1.188477,1.184399,0.996569
18,k_proj,120,1.165039,1.161054,0.99658
18,k_proj,124,1.138672,1.134791,0.996592
18,v_proj,0,1.500977,1.49927,0.998863
18,v_proj,4,1.453125,1.451472,0.998863
18,v_proj,8,1.418945,1.417331,0.998862
18,v_proj,12,1.394531,1.392945,0.998862
18,v_proj,16,1.379883,1.378313,0.998862
18,v_proj,20,1.367188,1.365632,0.998862
18,v_proj,24,1.353516,1.351975,0.998862
18,v_proj,28,1.34668,1.345147,0.998862
18,v_proj,32,1.334961,1.333442,0.998862
18,v_proj,36,1.324219,1.322711,0.998862
18,v_proj,40,1.316406,1.314908,0.998862
18,v_proj,44,1.307617,1.306129,0.998862
18,v_proj,48,1.297852,1.296374,0.998862
18,v_proj,52,1.288086,1.286619,0.998861
18,v_proj,56,1.27832,1.276865,0.998861
18,v_proj,60,1.270508,1.269061,0.998861
18,v_proj,64,1.262695,1.261258,0.998861
18,v_proj,68,1.253906,1.252478,0.998861
18,v_proj,72,1.24707,1.24565,0.998861
18,v_proj,76,1.238281,1.236871,0.998861
18,v_proj,80,1.231445,1.230043,0.998861
18,v_proj,84,1.223633,1.222239,0.998861
18,v_proj,88,1.217773,1.216386,0.998861
18,v_proj,92,1.207031,1.205656,0.998861
18,v_proj,96,1.198242,1.196877,0.998861
18,v_proj,100,1.19043,1.189073,0.998861
18,v_proj,104,1.180664,1.179319,0.998861
18,v_proj,108,1.172852,1.171515,0.998861
18,v_proj,112,1.163086,1.161761,0.99886
18,v_proj,116,1.15625,1.154932,0.99886
18,v_proj,120,1.145508,1.144202,0.99886
18,v_proj,124,1.132812,1.131521,0.99886
18,o_proj,0,5.207031,5.191417,0.997001
18,o_proj,4,3.402344,3.392519,0.997112
18,o_proj,8,3.289062,3.279594,0.997121
18,o_proj,12,3.181641,3.172509,0.99713
18,o_proj,16,3.111328,3.102417,0.997136
18,o_proj,20,3.037109,3.028429,0.997142
18,o_proj,24,2.974609,2.966124,0.997147
18,o_proj,28,2.908203,2.899925,0.997153
18,o_proj,32,2.855469,2.847354,0.997158
18,o_proj,36,2.798828,2.790889,0.997163
18,o_proj,40,2.765625,2.757788,0.997166
18,o_proj,44,2.708984,2.701323,0.997172
18,o_proj,48,2.652344,2.644857,0.997177
18,o_proj,52,2.59375,2.586444,0.997183
18,o_proj,56,2.552734,2.545554,0.997187
18,o_proj,60,2.517578,2.510506,0.997191
18,o_proj,64,2.474609,2.467669,0.997195
18,o_proj,68,2.425781,2.41899,0.997201
18,o_proj,72,2.404297,2.397572,0.997203
18,o_proj,76,2.363281,2.356682,0.997207
18,o_proj,80,2.332031,2.325527,0.997211
18,o_proj,84,2.304688,2.298266,0.997214
18,o_proj,88,2.28125,2.2749,0.997217
18,o_proj,92,2.255859,2.249587,0.99722
18,o_proj,96,2.230469,2.224273,0.997222
18,o_proj,100,2.208984,2.202854,0.997225
18,o_proj,104,2.171875,2.165858,0.997229
18,o_proj,108,2.15625,2.15028,0.997231
18,o_proj,112,2.136719,2.130808,0.997234
18,o_proj,116,2.111328,2.105494,0.997237
18,o_proj,120,2.083984,2.078233,0.99724
18,o_proj,124,2.058594,2.052919,0.997243
19,q_proj,0,4.539062,4.517605,0.995273
19,q_proj,4,3.455078,3.439334,0.995443
19,q_proj,8,3.283203,3.268349,0.995476
19,q_proj,12,3.146484,3.132332,0.995502
19,q_proj,16,3.0625,3.048778,0.995519
19,q_proj,20,2.988281,2.974937,0.995535
19,q_proj,24,2.910156,2.897209,0.995551
19,q_proj,28,2.867188,2.854458,0.99556
19,q_proj,32,2.835938,2.823368,0.995568
19,q_proj,36,2.777344,2.765069,0.99558
19,q_proj,40,2.71875,2.706771,0.995594
19,q_proj,44,2.677734,2.665962,0.995604
19,q_proj,48,2.646484,2.634869,0.995611
19,q_proj,52,2.605469,2.594059,0.995621
19,q_proj,56,2.566406,2.555192,0.99563
19,q_proj,60,2.525391,2.514381,0.99564
19,q_proj,64,2.5,2.489116,0.995646
19,q_proj,68,2.455078,2.444418,0.995658
19,q_proj,72,2.429688,2.419154,0.995665
19,q_proj,76,2.398438,2.388058,0.995673
19,q_proj,80,2.359375,2.34919,0.995683
19,q_proj,84,2.330078,2.320038,0.995691
19,q_proj,88,2.292969,2.283111,0.995701
19,q_proj,92,2.255859,2.246184,0.995711
19,q_proj,96,2.234375,2.224805,0.995717
19,q_proj,100,2.193359,2.183991,0.995729
19,q_proj,104,2.154297,2.14512,0.99574
19,q_proj,108,2.125,2.115966,0.995749
19,q_proj,112,2.089844,2.080981,0.995759
19,q_proj,116,2.064453,2.055714,0.995767
19,q_proj,120,2.025391,2.016842,0.995779
19,q_proj,124,1.991211,1.982827,0.99579
19,k_proj,0,2.441406,2.430624,0.995584
19,k_proj,4,1.945312,1.937033,0.995744
19,k_proj,8,1.889648,1.881645,0.995765
19,k_proj,12,1.831055,1.82334,0.995787
19,k_proj,16,1.793945,1.786413,0.995801
19,k_proj,20,1.737305,1.730049,0.995824
19,k_proj,24,1.697266,1.690205,0.99584
19,k_proj,28,1.658203,1.651332,0.995856
19,k_proj,32,1.619141,1.612459,0.995873
19,k_proj,36,1.586914,1.580388,0.995888
19,k_proj,40,1.558594,1.552204,0.9959
19,k_proj,44,1.519531,1.513329,0.995918
19,k_proj,48,1.489258,1.4832,0.995932
19,k_proj,52,1.469727,1.463762,0.995942
19,k_proj,56,1.433594,1.427801,0.995959
19,k_proj,60,1.40918,1.403502,0.995971
19,k_proj,64,1.383789,1.378232,0.995984
19,k_proj,68,1.361328,1.355877,0.995996
19,k_proj,72,1.331055,1.325746,0.996011
19,k_proj,76,1.310547,1.305334,0.996022
19,k_proj,80,1.283203,1.278118,0.996037
19,k_proj,84,1.265625,1.260622,0.996047
19,k_proj,88,1.241211,1.236321,0.996061
19,k_proj,92,1.219727,1.214936,0.996073
19,k_proj,96,1.200195,1.195496,0.996084
19,k_proj,100,1.171875,1.167306,0.996101
19,k_proj,104,1.15332,1.148836,0.996112
19,k_proj,108,1.137695,1.133283,0.996122
19,k_proj,112,1.112305,1.108009,0.996138
19,k_proj,116,1.089844,1.08565,0.996152
19,k_proj,120,1.06543,1.061347,0.996168
19,k_proj,124,1.041992,1.038016,0.996184
19,v_proj,0,1.59375,1.588383,0.996633
19,v_proj,4,1.538086,1.532936,0.996652
19,v_proj,8,1.508789,1.503752,0.996662
19,v_proj,12,1.481445,1.476514,0.996672
19,v_proj,16,1.461914,1.457059,0.996679
19,v_proj,20,1.447266,1.442466,0.996684
19,v_proj,24,1.432617,1.427874,0.996689
19,v_proj,28,1.416016,1.411336,0.996696
19,v_proj,32,1.398438,1.393826,0.996702
19,v_proj,36,1.384766,1.380206,0.996707
19,v_proj,40,1.370117,1.365614,0.996713
19,v_proj,44,1.360352,1.355885,0.996717
19,v_proj,48,1.34668,1.342266,0.996722
19,v_proj,52,1.334961,1.330592,0.996727
19,v_proj,56,1.323242,1.318917,0.996732
19,v_proj,60,1.311523,1.307243,0.996736
19,v_proj,64,1.299805,1.295569,0.996741
19,v_proj,68,1.287109,1.282922,0.996746
19,v_proj,72,1.27832,1.274166,0.99675
19,v_proj,76,1.267578,1.263464,0.996755
19,v_proj,80,1.256836,1.252763,0.996759
19,v_proj,84,1.246094,1.242061,0.996764
19,v_proj,88,1.235352,1.231359,0.996768
19,v_proj,92,1.226562,1.222603,0.996772
19,v_proj,96,1.216797,1.212874,0.996776
19,v_proj,100,1.204102,1.200227,0.996782
19,v_proj,104,1.192383,1.188552,0.996787
19,v_proj,108,1.186523,1.182714,0.99679
19,v_proj,112,1.174805,1.171039,0.996795
19,v_proj,116,1.162109,1.158392,0.996801
19,v_proj,120,1.152344,1.148662,0.996805
19,v_proj,124,1.140625,1.136987,0.996811
19,o_proj,0,4.945312,4.923966,0.995684
19,o_proj,4,3.304688,3.291197,0.995918
19,o_proj,8,3.166016,3.15317,0.995943
19,o_proj,12,3.0625,3.050133,0.995962
19,o_proj,16,2.923828,2.912099,0.995989
19,o_proj,20,2.851562,2.840165,0.996003
19,o_proj,24,2.765625,2.75462,0.996021
19,o_proj,28,2.675781,2.665185,0.99604
19,o_proj,32,2.632812,2.622411,0.996049
19,o_proj,36,2.582031,2.57186,0.996061
19,o_proj,40,2.535156,2.525196,0.996071
19,o_proj,44,2.496094,2.48631,0.99608
19,o_proj,48,2.460938,2.451312,0.996089
19,o_proj,52,2.431641,2.422146,0.996095
19,o_proj,56,2.392578,2.383258,0.996105
19,o_proj,60,2.361328,2.352148,0.996112
19,o_proj,64,2.333984,2.324926,0.996119
19,o_proj,68,2.300781,2.291871,0.996127
19,o_proj,72,2.267578,2.258816,0.996136
19,o_proj,76,2.25,2.241315,0.99614
19,o_proj,80,2.214844,2.206315,0.996149
19,o_proj,84,2.189453,2.181037,0.996156
19,o_proj,88,2.162109,2.153814,0.996163
19,o_proj,92,2.130859,2.122702,0.996172
19,o_proj,96,2.109375,2.101312,0.996177
19,o_proj,100,2.09375,2.085756,0.996182
19,o_proj,104,2.068359,2.060477,0.996189
19,o_proj,108,2.041016,2.033253,0.996197
19,o_proj,112,2.015625,2.007973,0.996204
19,o_proj,116,1.99707,1.989499,0.996209
19,o_proj,120,1.969727,1.962275,0.996217
19,o_proj,124,1.947266,1.939912,0.996224
20,q_proj,0,4.078125,4.07528,0.999302
20,q_proj,4,3.417969,3.415597,0.999306
20,q_proj,8,3.240234,3.23799,0.999307
20,q_proj,12,3.158203,3.156017,0.999308
20,q_proj,16,3.0625,3.060382,0.999309
20,q_proj,20,2.998047,2.995975,0.999309
20,q_proj,24,2.949219,2.947182,0.999309
20,q_proj,28,2.894531,2.892533,0.99931
20,q_proj,32,2.841797,2.839836,0.99931
20,q_proj,36,2.800781,2.79885,0.99931
20,q_proj,40,2.75,2.748105,0.999311
20,q_proj,44,2.710938,2.70907,0.999311
20,q_proj,48,2.660156,2.658325,0.999312
20,q_proj,52,2.632812,2.631001,0.999312
20,q_proj,56,2.580078,2.578304,0.999312
20,q_proj,60,2.535156,2.533414,0.999313
20,q_proj,64,2.511719,2.509993,0.999313
20,q_proj,68,2.46875,2.467054,0.999313
20,q_proj,72,2.435547,2.433875,0.999313
20,q_proj,76,2.412109,2.410454,0.999314
20,q_proj,80,2.371094,2.369467,0.999314
20,q_proj,84,2.333984,2.332384,0.999314
20,q_proj,88,2.308594,2.307012,0.999315
20,q_proj,92,2.271484,2.269928,0.999315
20,q_proj,96,2.240234,2.2387,0.999315
20,q_proj,100,2.220703,2.219183,0.999315
20,q_proj,104,2.181641,2.180148,0.999316
20,q_proj,108,2.15625,2.154775,0.999316
20,q_proj,112,2.117188,2.11574,0.999316
20,q_proj,116,2.091797,2.090368,0.999317
20,q_proj,120,2.056641,2.055236,0.999317
20,q_proj,124,2.023438,2.022056,0.999317
20,k_proj,0,2.349609,2.358269,1.003686
20,k_proj,4,1.941406,1.94839,1.003597
20,k_proj,8,1.864258,1.870929,1.003578
20,k_proj,12,1.824219,1.830728,1.003568
20,k_proj,16,1.75293,1.759152,1.00355
20,k_proj,20,1.722656,1.728757,1.003541
20,k_proj,24,1.688477,1.694441,1.003532
20,k_proj,28,1.658203,1.664046,1.003524
20,k_proj,32,1.62207,1.627769,1.003514
20,k_proj,36,1.601562,1.60718,1.003508
20,k_proj,40,1.567383,1.572865,1.003498
20,k_proj,44,1.538086,1.543452,1.003489
20,k_proj,48,1.509766,1.51502,1.00348
20,k_proj,52,1.488281,1.493451,1.003474
20,k_proj,56,1.467773,1.472863,1.003467
20,k_proj,60,1.447266,1.452274,1.003461
20,k_proj,64,1.425781,1.430706,1.003454
20,k_proj,68,1.394531,1.399333,1.003443
20,k_proj,72,1.375977,1.380706,1.003437
20,k_proj,76,1.353516,1.358158,1.00343
20,k_proj,80,1.331055,1.335609,1.003422
20,k_proj,84,1.30957,1.314042,1.003414
20,k_proj,88,1.286133,1.290513,1.003406
20,k_proj,92,1.273438,1.277769,1.003401
20,k_proj,96,1.25,1.254241,1.003393
20,k_proj,100,1.231445,1.235615,1.003386
20,k_proj,104,1.209961,1.214048,1.003378
20,k_proj,108,1.189453,1.193461,1.00337
20,k_proj,112,1.168945,1.172875,1.003362
20,k_proj,116,1.142578,1.146407,1.003351
20,k_proj,120,1.124023,1.127782,1.003344
20,k_proj,124,1.101562,1.105235,1.003334
20,v_proj,0,1.685547,1.689925,1.002597
20,v_proj,4,1.626953,1.631165,1.002589
20,v_proj,8,1.609375,1.613537,1.002586
20,v_proj,12,1.586914,1.591013,1.002583
20,v_proj,16,1.569336,1.573385,1.00258
20,v_proj,20,1.551758,1.555757,1.002577
20,v_proj,24,1.535156,1.539109,1.002575
20,v_proj,28,1.513672,1.517564,1.002571
20,v_proj,32,1.500977,1.504833,1.002569
20,v_proj,36,1.491211,1.49504,1.002568
20,v_proj,40,1.479492,1.483288,1.002566
20,v_proj,44,1.46875,1.472516,1.002564
20,v_proj,48,1.456055,1.459785,1.002562
20,v_proj,52,1.446289,1.449992,1.00256
20,v_proj,56,1.433594,1.437261,1.002558
20,v_proj,60,1.420898,1.42453,1.002556
20,v_proj,64,1.414062,1.417675,1.002555
20,v_proj,68,1.40332,1.406903,1.002553
20,v_proj,72,1.391602,1.395152,1.002551
20,v_proj,76,1.37793,1.381442,1.002549
20,v_proj,80,1.367188,1.370669,1.002547
20,v_proj,84,1.356445,1.359897,1.002545
20,v_proj,88,1.337891,1.341291,1.002542
20,v_proj,92,1.326172,1.32954,1.002539
20,v_proj,96,1.317383,1.320726,1.002538
20,v_proj,100,1.306641,1.309954,1.002536
20,v_proj,104,1.292969,1.296244,1.002533
20,v_proj,108,1.282227,1.285472,1.002531
20,v_proj,112,1.264648,1.267845,1.002528
20,v_proj,116,1.253906,1.257074,1.002526
20,v_proj,120,1.238281,1.241405,1.002523
20,v_proj,124,1.22168,1.224758,1.00252
20,o_proj,0,4.863281,4.862751,0.999891
20,o_proj,4,3.685547,3.685149,0.999892
20,o_proj,8,3.535156,3.534775,0.999892
20,o_proj,12,3.441406,3.441036,0.999892
20,o_proj,16,3.330078,3.32972,0.999892
20,o_proj,20,3.195312,3.194969,0.999893
20,o_proj,24,2.986328,2.986008,0.999893
20,o_proj,28,2.888672,2.888363,0.999893
20,o_proj,32,2.732422,2.73213,0.999893
20,o_proj,36,2.650391,2.650108,0.999893
20,o_proj,40,2.611328,2.61105,0.999893
20,o_proj,44,2.566406,2.566133,0.999894
20,o_proj,48,2.529297,2.529028,0.999894
20,o_proj,52,2.476562,2.476299,0.999894
20,o_proj,56,2.439453,2.439194,0.999894
20,o_proj,60,2.392578,2.392324,0.999894
20,o_proj,64,2.363281,2.36303,0.999894
20,o_proj,68,2.330078,2.329831,0.999894
20,o_proj,72,2.291016,2.290773,0.999894
20,o_proj,76,2.271484,2.271244,0.999894
20,o_proj,80,2.240234,2.239997,0.999894
20,o_proj,84,2.205078,2.204845,0.999894
20,o_proj,88,2.193359,2.193127,0.999894
20,o_proj,92,2.154297,2.154069,0.999894
20,o_proj,96,2.128906,2.128681,0.999894
20,o_proj,100,2.105469,2.105246,0.999894
20,o_proj,104,2.078125,2.077905,0.999894
20,o_proj,108,2.058594,2.058376,0.999894
20,o_proj,112,2.03125,2.031036,0.999894
20,o_proj,116,2.001953,2.001742,0.999894
20,o_proj,120,1.977539,1.977331,0.999895
20,o_proj,124,1.954102,1.953896,0.999895
21,q_proj,0,3.669922,3.661748,0.997773
21,q_proj,4,3.279297,3.272055,0.997792
21,q_proj,8,3.113281,3.106433,0.9978
21,q_proj,12,3.042969,3.036287,0.997804
21,q_proj,16,2.986328,2.97978,0.997807
21,q_proj,20,2.927734,2.921324,0.997811
21,q_proj,24,2.873047,2.866766,0.997814
21,q_proj,28,2.826172,2.820001,0.997817
21,q_proj,32,2.773438,2.76739,0.99782
21,q_proj,36,2.734375,2.72842,0.997822
21,q_proj,40,2.701172,2.695295,0.997824
21,q_proj,44,2.658203,2.652426,0.997827
21,q_proj,48,2.617188,2.611507,0.99783
21,q_proj,52,2.578125,2.572536,0.997832
21,q_proj,56,2.544922,2.53941,0.997834
21,q_proj,60,2.494141,2.488747,0.997838
21,q_proj,64,2.458984,2.453673,0.99784
21,q_proj,68,2.408203,2.40301,0.997843
21,q_proj,72,2.376953,2.371832,0.997846
21,q_proj,76,2.351562,2.346501,0.997847
21,q_proj,80,2.314453,2.309477,0.99785
21,q_proj,84,2.28125,2.276351,0.997853
21,q_proj,88,2.246094,2.241276,0.997855
21,q_proj,92,2.208984,2.204253,0.997858
21,q_proj,96,2.179688,2.175023,0.99786
21,q_proj,100,2.150391,2.145794,0.997862
21,q_proj,104,2.121094,2.116565,0.997865
21,q_proj,108,2.083984,2.079541,0.997868
21,q_proj,112,2.056641,2.05226,0.99787
21,q_proj,116,2.029297,2.024979,0.997872
21,q_proj,120,2.005859,2.001595,0.997874
21,q_proj,124,1.966797,1.962622,0.997878
21,k_proj,0,2.246094,2.24326,0.998738
21,k_proj,4,1.901367,1.89897,0.998739
21,k_proj,8,1.805664,1.803388,0.998739
21,k_proj,12,1.742188,1.739992,0.99874
21,k_proj,16,1.696289,1.694151,0.99874
21,k_proj,20,1.643555,1.641484,0.99874
21,k_proj,24,1.59375,1.591742,0.99874
21,k_proj,28,1.547852,1.545902,0.99874
21,k_proj,32,1.516602,1.514691,0.99874
21,k_proj,36,1.489258,1.487382,0.99874
21,k_proj,40,1.443359,1.441541,0.99874
21,k_proj,44,1.427734,1.425936,0.998741
21,k_proj,48,1.391602,1.389849,0.998741
21,k_proj,52,1.360352,1.358639,0.998741
21,k_proj,56,1.333984,1.332305,0.998741
21,k_proj,60,1.319336,1.317675,0.998741
21,k_proj,64,1.291016,1.28939,0.998741
21,k_proj,68,1.269531,1.267933,0.998741
21,k_proj,72,1.250977,1.249402,0.998741
21,k_proj,76,1.226562,1.225019,0.998741
21,k_proj,80,1.204102,1.202586,0.998741
21,k_proj,84,1.181641,1.180154,0.998742
21,k_proj,88,1.15918,1.157721,0.998742
21,k_proj,92,1.136719,1.135288,0.998742
21,k_proj,96,1.113281,1.111881,0.998742
21,k_proj,100,1.092773,1.091399,0.998742
21,k_proj,104,1.075195,1.073843,0.998742
21,k_proj,108,1.050781,1.049459,0.998742
21,k_proj,112,1.030273,1.028978,0.998742
21,k_proj,116,1.008789,1.00752,0.998742
21,k_proj,120,0.984375,0.983137,0.998742
21,k_proj,124,0.964844,0.963631,0.998743
21,v_proj,0,1.640625,1.636407,0.997429
21,v_proj,4,1.613281,1.609141,0.997434
21,v_proj,8,1.584961,1.580902,0.997439
21,v_proj,12,1.568359,1.564347,0.997442
21,v_proj,16,1.551758,1.547793,0.997445
21,v_proj,20,1.537109,1.533186,0.997448
21,v_proj,24,1.524414,1.520527,0.99745
21,v_proj,28,1.510742,1.506894,0.997453
21,v_proj,32,1.5,1.496182,0.997455
21,v_proj,36,1.487305,1.483523,0.997457
21,v_proj,40,1.476562,1.472811,0.997459
21,v_proj,44,1.466797,1.463073,0.997461
21,v_proj,48,1.458008,1.454309,0.997463
21,v_proj,52,1.448242,1.444571,0.997465
21,v_proj,56,1.436523,1.432885,0.997467
21,v_proj,60,1.427734,1.424121,0.997469
21,v_proj,64,1.418945,1.415356,0.997471
21,v_proj,68,1.408203,1.404644,0.997473
21,v_proj,72,1.397461,1.393932,0.997475
21,v_proj,76,1.388672,1.385168,0.997477
21,v_proj,80,1.381836,1.378351,0.997478
21,v_proj,84,1.369141,1.365692,0.997481
21,v_proj,88,1.360352,1.356927,0.997483
21,v_proj,92,1.350586,1.347189,0.997485
21,v_proj,96,1.339844,1.336477,0.997487
21,v_proj,100,1.331055,1.327712,0.997489
21,v_proj,104,1.320312,1.317,0.997491
21,v_proj,108,1.30957,1.306288,0.997494
21,v_proj,112,1.300781,1.297524,0.997496
21,v_proj,116,1.287109,1.28389,0.997499
21,v_proj,120,1.277344,1.274151,0.997501
21,v_proj,124,1.268555,1.265387,0.997503
21,o_proj,0,5.265625,5.245665,0.996209
21,o_proj,4,2.804688,2.79478,0.996468
21,o_proj,8,2.677734,2.668326,0.996486
21,o_proj,12,2.615234,2.606071,0.996496
21,o_proj,16,2.566406,2.557434,0.996504
21,o_proj,20,2.519531,2.510741,0.996511
21,o_proj,24,2.486328,2.477668,0.996517
21,o_proj,28,2.466797,2.458213,0.99652
21,o_proj,32,2.4375,2.429029,0.996525
21,o_proj,36,2.417969,2.409574,0.996528
21,o_proj,40,2.396484,2.388173,0.996532
21,o_proj,44,2.384766,2.3765,0.996534
21,o_proj,48,2.365234,2.357044,0.996537
21,o_proj,52,2.355469,2.347316,0.996539
21,o_proj,56,2.335938,2.327861,0.996542
21,o_proj,60,2.310547,2.302568,0.996547
21,o_proj,64,2.298828,2.290895,0.996549
21,o_proj,68,2.283203,2.27533,0.996552
21,o_proj,72,2.271484,2.263657,0.996554
21,o_proj,76,2.259766,2.251983,0.996556
21,o_proj,80,2.246094,2.238364,0.996558
21,o_proj,84,2.230469,2.222799,0.996561
21,o_proj,88,2.212891,2.205288,0.996564
21,o_proj,92,2.199219,2.191669,0.996567
21,o_proj,96,2.181641,2.174158,0.99657
21,o_proj,100,2.167969,2.160539,0.996573
21,o_proj,104,2.154297,2.146919,0.996576
21,o_proj,108,2.132812,2.125518,0.99658
21,o_proj,112,2.123047,2.115789,0.996581
21,o_proj,116,2.097656,2.090496,0.996586
21,o_proj,120,2.082031,2.07493,0.996589
21,o_proj,124,2.058594,2.051582,0.996594
22,q_proj,0,4.070312,4.086442,1.003963
22,q_proj,4,3.433594,3.446909,1.003878
22,q_proj,8,3.205078,3.217398,1.003844
22,q_proj,12,3.123047,3.13501,1.003831
22,q_proj,16,3.068359,3.080086,1.003822
22,q_proj,20,3.015625,3.027124,1.003813
22,q_proj,24,2.957031,2.968278,1.003803
22,q_proj,28,2.917969,2.929048,1.003797
22,q_proj,32,2.876953,2.887856,1.00379
22,q_proj,36,2.851562,2.862356,1.003785
22,q_proj,40,2.804688,2.815281,1.003777
22,q_proj,44,2.771484,2.781936,1.003771
22,q_proj,48,2.724609,2.73486,1.003762
22,q_proj,52,2.689453,2.699555,1.003756
22,q_proj,56,2.654297,2.664249,1.003749
22,q_proj,60,2.619141,2.628943,1.003743
22,q_proj,64,2.578125,2.587754,1.003735
22,q_proj,68,2.552734,2.562256,1.00373
22,q_proj,72,2.517578,2.526951,1.003723
22,q_proj,76,2.490234,2.499492,1.003718
22,q_proj,80,2.451172,2.460265,1.00371
22,q_proj,84,2.412109,2.421038,1.003701
22,q_proj,88,2.378906,2.387695,1.003695
22,q_proj,92,2.34375,2.352391,1.003687
22,q_proj,96,2.324219,2.332779,1.003683
22,q_proj,100,2.291016,2.299437,1.003676
22,q_proj,104,2.259766,2.268057,1.003669
22,q_proj,108,2.230469,2.238637,1.003662
22,q_proj,112,2.197266,2.205296,1.003655
22,q_proj,116,2.166016,2.173917,1.003648
22,q_proj,120,2.134766,2.142537,1.00364
22,q_proj,124,2.097656,2.105274,1.003632
22,k_proj,0,1.923828,1.929106,1.002743
22,k_proj,4,1.78418,1.789051,1.00273
22,k_proj,8,1.71875,1.723431,1.002724
22,k_proj,12,1.660156,1.664668,1.002718
22,k_proj,16,1.633789,1.638225,1.002715
22,k_proj,20,1.598633,1.602967,1.002711
22,k_proj,24,1.56543,1.569668,1.002707
22,k_proj,28,1.53418,1.538328,1.002704
22,k_proj,32,1.501953,1.506009,1.0027
22,k_proj,36,1.480469,1.484463,1.002698
22,k_proj,40,1.453125,1.45704,1.002694
22,k_proj,44,1.431641,1.435494,1.002692
22,k_proj,48,1.416016,1.419825,1.00269
22,k_proj,52,1.387695,1.391423,1.002686
22,k_proj,56,1.368164,1.371836,1.002684
22,k_proj,60,1.347656,1.35127,1.002681
22,k_proj,64,1.319336,1.322869,1.002678
22,k_proj,68,1.294922,1.298385,1.002674
22,k_proj,72,1.274414,1.277819,1.002672
22,k_proj,76,1.254883,1.258232,1.002669
22,k_proj,80,1.231445,1.234728,1.002666
22,k_proj,84,1.21582,1.219059,1.002663
22,k_proj,88,1.192383,1.195554,1.00266
22,k_proj,92,1.166992,1.170092,1.002656
22,k_proj,96,1.148438,1.151485,1.002653
22,k_proj,100,1.125977,1.12896,1.00265
22,k_proj,104,1.103516,1.106436,1.002646
22,k_proj,108,1.083008,1.08587,1.002643
22,k_proj,112,1.054688,1.05747,1.002639
22,k_proj,116,1.02832,1.031029,1.002634
22,k_proj,120,1.005859,1.008505,1.00263
22,k_proj,124,0.983887,0.986471,1.002626
22,v_proj,0,2.019531,2.02241,1.001426
22,v_proj,4,1.838867,1.841478,1.00142
22,v_proj,8,1.736328,1.738787,1.001416
22,v_proj,12,1.708008,1.710425,1.001415
22,v_proj,16,1.676758,1.679129,1.001414
22,v_proj,20,1.65918,1.661525,1.001414
22,v_proj,24,1.632812,1.635119,1.001413
22,v_proj,28,1.621094,1.623383,1.001412
22,v_proj,32,1.604492,1.606757,1.001411
22,v_proj,36,1.592773,1.595021,1.001411
22,v_proj,40,1.572266,1.574483,1.00141
22,v_proj,44,1.55957,1.561769,1.00141
22,v_proj,48,1.544922,1.547099,1.001409
22,v_proj,52,1.53125,1.533407,1.001409
22,v_proj,56,1.517578,1.519715,1.001408
22,v_proj,60,1.503906,1.506023,1.001408
22,v_proj,64,1.491211,1.493309,1.001407
22,v_proj,68,1.477539,1.479617,1.001406
22,v_proj,72,1.464844,1.466903,1.001406
22,v_proj,76,1.455078,1.457123,1.001405
22,v_proj,80,1.439453,1.441475,1.001405
22,v_proj,84,1.423828,1.425827,1.001404
22,v_proj,88,1.410156,1.412135,1.001404
22,v_proj,92,1.399414,1.401378,1.001403
22,v_proj,96,1.383789,1.38573,1.001402
22,v_proj,100,1.371094,1.373016,1.001402
22,v_proj,104,1.357422,1.359324,1.001401
22,v_proj,108,1.339844,1.34172,1.0014
22,v_proj,112,1.327148,1.329006,1.0014
22,v_proj,116,1.3125,1.314336,1.001399
22,v_proj,120,1.301758,1.303578,1.001399
22,v_proj,124,1.28418,1.285975,1.001398
22,o_proj,0,4.347656,4.364273,1.003822
22,o_proj,4,4.003906,4.019056,1.003784
22,o_proj,8,3.537109,3.550288,1.003726
22,o_proj,12,3.330078,3.342391,1.003698
22,o_proj,16,3.160156,3.171763,1.003673
22,o_proj,20,3.076172,3.087432,1.003661
22,o_proj,24,2.986328,2.997218,1.003646
22,o_proj,28,2.871094,2.88151,1.003628
22,o_proj,32,2.775391,2.785416,1.003612
22,o_proj,36,2.705078,2.714817,1.0036
22,o_proj,40,2.638672,2.648141,1.003589
22,o_proj,44,2.59375,2.603037,1.003581
22,o_proj,48,2.521484,2.53048,1.003567
22,o_proj,52,2.488281,2.497143,1.003561
22,o_proj,56,2.460938,2.469689,1.003556
22,o_proj,60,2.425781,2.434391,1.003549
22,o_proj,64,2.388672,2.397133,1.003542
22,o_proj,68,2.369141,2.377523,1.003538
22,o_proj,72,2.322266,2.330461,1.003529
22,o_proj,76,2.296875,2.304969,1.003524
22,o_proj,80,2.273438,2.281438,1.003519
22,o_proj,84,2.236328,2.24418,1.003511
22,o_proj,88,2.212891,2.22065,1.003507
22,o_proj,92,2.185547,2.193197,1.003501
22,o_proj,96,2.162109,2.169667,1.003495
22,o_proj,100,2.126953,2.134372,1.003488
22,o_proj,104,2.107422,2.114763,1.003484
22,o_proj,108,2.083984,2.091233,1.003478
22,o_proj,112,2.0625,2.069664,1.003474
22,o_proj,116,2.041016,2.048095,1.003469
22,o_proj,120,2.005859,2.012801,1.003461
22,o_proj,124,1.986328,1.993193,1.003456
23,q_proj,0,4.085938,4.096601,1.00261
23,q_proj,4,3.449219,3.458131,1.002584
23,q_proj,8,3.310547,3.31908,1.002577
23,q_proj,12,3.150391,3.158486,1.00257
23,q_proj,16,3.054688,3.062523,1.002565
23,q_proj,20,2.974609,2.982227,1.002561
23,q_proj,24,2.890625,2.898015,1.002556
23,q_proj,28,2.816406,2.823595,1.002552
23,q_proj,32,2.763672,2.770718,1.00255
23,q_proj,36,2.703125,2.710007,1.002546
23,q_proj,40,2.667969,2.674756,1.002544
23,q_proj,44,2.605469,2.612088,1.00254
23,q_proj,48,2.566406,2.57292,1.002538
23,q_proj,52,2.539062,2.545502,1.002536
23,q_proj,56,2.498047,2.504377,1.002534
23,q_proj,60,2.453125,2.459334,1.002531
23,q_proj,64,2.40625,2.412333,1.002528
23,q_proj,68,2.375,2.380999,1.002526
23,q_proj,72,2.339844,2.345749,1.002524
23,q_proj,76,2.302734,2.30854,1.002521
23,q_proj,80,2.277344,2.283082,1.00252
23,q_proj,84,2.240234,2.245873,1.002517
23,q_proj,88,2.207031,2.212581,1.002515
23,q_proj,92,2.173828,2.179289,1.002512
23,q_proj,96,2.152344,2.157748,1.002511
23,q_proj,100,2.115234,2.120539,1.002508
23,q_proj,104,2.085938,2.091165,1.002506
23,q_proj,108,2.064453,2.069623,1.002504
23,q_proj,112,2.041016,2.046123,1.002502
23,q_proj,116,2.007812,2.012832,1.0025
23,q_proj,120,1.970703,1.975624,1.002497
23,q_proj,124,1.943359,1.948208,1.002495
23,k_proj,0,2.173828,2.167058,0.996886
23,k_proj,4,1.850586,1.84494,0.996949
23,k_proj,8,1.766602,1.761244,0.996968
23,k_proj,12,1.706055,1.700904,0.996981
23,k_proj,16,1.65918,1.654189,0.996992
23,k_proj,20,1.611328,1.6065,0.997004
23,k_proj,24,1.573242,1.568543,0.997013
23,k_proj,28,1.535156,1.530586,0.997023
23,k_proj,32,1.494141,1.489708,0.997034
23,k_proj,36,1.466797,1.462456,0.997041
23,k_proj,40,1.443359,1.439097,0.997047
23,k_proj,44,1.402344,1.398219,0.997059
23,k_proj,48,1.378906,1.374859,0.997065
23,k_proj,52,1.358398,1.35442,0.997071
23,k_proj,56,1.335938,1.332034,0.997078
23,k_proj,60,1.317383,1.31354,0.997083
23,k_proj,64,1.298828,1.295047,0.997089
23,k_proj,68,1.274414,1.270713,0.997096
23,k_proj,72,1.258789,1.25514,0.997101
23,k_proj,76,1.243164,1.239566,0.997106
23,k_proj,80,1.225586,1.222046,0.997112
23,k_proj,84,1.204102,1.200632,0.997119
23,k_proj,88,1.185547,1.182138,0.997125
23,k_proj,92,1.161133,1.157804,0.997133
23,k_proj,96,1.147461,1.144176,0.997138
23,k_proj,100,1.131836,1.128602,0.997143
23,k_proj,104,1.111328,1.108161,0.99715
23,k_proj,108,1.09668,1.09356,0.997155
23,k_proj,112,1.082031,1.078959,0.997161
23,k_proj,116,1.058594,1.055597,0.997169
23,k_proj,120,1.041992,1.039049,0.997175
23,k_proj,124,1.020508,1.017634,0.997184
23,v_proj,0,1.841797,1.847132,1.002897
23,v_proj,4,1.753906,1.758965,1.002885
23,v_proj,8,1.694336,1.699209,1.002876
23,v_proj,12,1.673828,1.678637,1.002873
23,v_proj,16,1.658203,1.662963,1.002871
23,v_proj,20,1.640625,1.64533,1.002868
23,v_proj,24,1.628906,1.633575,1.002866
23,v_proj,28,1.610352,1.614963,1.002863
23,v_proj,32,1.599609,1.604187,1.002862
23,v_proj,36,1.584961,1.589493,1.002859
23,v_proj,40,1.575195,1.579697,1.002858
23,v_proj,44,1.558594,1.563044,1.002855
23,v_proj,48,1.547852,1.552268,1.002854
23,v_proj,52,1.535156,1.539534,1.002852
23,v_proj,56,1.524414,1.528758,1.00285
23,v_proj,60,1.512695,1.517003,1.002848
23,v_proj,64,1.50293,1.507208,1.002846
23,v_proj,68,1.489258,1.493493,1.002844
23,v_proj,72,1.478516,1.482718,1.002842
23,v_proj,76,1.464844,1.469004,1.00284
23,v_proj,80,1.450195,1.45431,1.002837
23,v_proj,84,1.439453,1.443535,1.002836
23,v_proj,88,1.428711,1.43276,1.002834
23,v_proj,92,1.418945,1.422964,1.002832
23,v_proj,96,1.407227,1.411209,1.00283
23,v_proj,100,1.396484,1.400434,1.002828
23,v_proj,104,1.386719,1.390638,1.002826
23,v_proj,108,1.375,1.378883,1.002824
23,v_proj,112,1.363281,1.367129,1.002822
23,v_proj,116,1.34668,1.350476,1.002819
23,v_proj,120,1.333984,1.337742,1.002817
23,v_proj,124,1.318359,1.322069,1.002814
23,o_proj,0,5.386719,5.378093,0.998399
23,o_proj,4,2.710938,2.706638,0.998414
23,o_proj,8,2.572266,2.568189,0.998415
23,o_proj,12,2.490234,2.486289,0.998416
23,o_proj,16,2.414062,2.41024,0.998416
23,o_proj,20,2.378906,2.37514,0.998417
23,o_proj,24,2.34375,2.34004,0.998417
23,o_proj,28,2.308594,2.30494,0.998417
23,o_proj,32,2.271484,2.26789,0.998418
23,o_proj,36,2.253906,2.25034,0.998418
23,o_proj,40,2.228516,2.224991,0.998418
23,o_proj,44,2.208984,2.205491,0.998418
23,o_proj,48,2.1875,2.184041,0.998419
23,o_proj,52,2.164062,2.160641,0.998419
23,o_proj,56,2.150391,2.146991,0.998419
23,o_proj,60,2.132812,2.129441,0.998419
23,o_proj,64,2.113281,2.109941,0.998419
23,o_proj,68,2.097656,2.094341,0.99842
23,o_proj,72,2.085938,2.082641,0.99842
23,o_proj,76,2.068359,2.065091,0.99842
23,o_proj,80,2.054688,2.051441,0.99842
23,o_proj,84,2.041016,2.037791,0.99842
23,o_proj,88,2.03125,2.028041,0.99842
23,o_proj,92,2.015625,2.012441,0.99842
23,o_proj,96,2.0,1.996841,0.998421
23,o_proj,100,1.986328,1.983191,0.998421
23,o_proj,104,1.969727,1.966616,0.998421
23,o_proj,108,1.956055,1.952966,0.998421
23,o_proj,112,1.94043,1.937366,0.998421
23,o_proj,116,1.928711,1.925666,0.998421
23,o_proj,120,1.911133,1.908116,0.998422
23,o_proj,124,1.891602,1.888616,0.998422
24,q_proj,0,3.816406,3.833731,1.00454
24,q_proj,4,3.328125,3.342908,1.004442
24,q_proj,8,3.074219,3.0877,1.004385
24,q_proj,12,2.900391,2.912989,1.004344
24,q_proj,16,2.794922,2.806988,1.004317
24,q_proj,20,2.740234,2.752027,1.004303
24,q_proj,24,2.679688,2.691177,1.004288
24,q_proj,28,2.619141,2.630328,1.004271
24,q_proj,32,2.564453,2.575369,1.004257
24,q_proj,36,2.535156,2.545926,1.004248
24,q_proj,40,2.480469,2.490968,1.004233
24,q_proj,44,2.4375,2.447788,1.004221
24,q_proj,48,2.392578,2.402645,1.004207
24,q_proj,52,2.357422,2.367315,1.004197
24,q_proj,56,2.330078,2.339837,1.004188
24,q_proj,60,2.28125,2.290771,1.004173
24,q_proj,64,2.253906,2.263293,1.004165
24,q_proj,68,2.21875,2.227966,1.004154
24,q_proj,72,2.179688,2.188714,1.004141
24,q_proj,76,2.146484,2.15535,1.00413
24,q_proj,80,2.126953,2.135725,1.004124
24,q_proj,84,2.09375,2.102361,1.004113
24,q_proj,88,2.066406,2.074885,1.004103
24,q_proj,92,2.037109,2.045448,1.004093
24,q_proj,96,2.017578,2.025823,1.004086
24,q_proj,100,1.985352,1.993443,1.004075
24,q_proj,104,1.961914,1.969893,1.004067
24,q_proj,108,1.941406,1.949288,1.00406
24,q_proj,112,1.915039,1.922795,1.00405
24,q_proj,116,1.888672,1.896302,1.00404
24,q_proj,120,1.860352,1.867847,1.004029
24,q_proj,124,1.838867,1.846262,1.004021
24,k_proj,0,1.823242,1.830586,1.004028
24,k_proj,4,1.661133,1.667722,1.003967
24,k_proj,8,1.613281,1.61965,1.003947
24,k_proj,12,1.5625,1.568635,1.003926
24,k_proj,16,1.510742,1.516641,1.003904
24,k_proj,20,1.453125,1.458761,1.003879
24,k_proj,24,1.423828,1.429332,1.003865
24,k_proj,28,1.391602,1.39696,1.00385
24,k_proj,32,1.367188,1.372436,1.003839
24,k_proj,36,1.34082,1.34595,1.003826
24,k_proj,40,1.311523,1.316522,1.003811
24,k_proj,44,1.290039,1.294942,1.0038
24,k_proj,48,1.264648,1.269438,1.003787
24,k_proj,52,1.244141,1.248839,1.003777
24,k_proj,56,1.223633,1.22824,1.003766
24,k_proj,60,1.208984,1.213527,1.003758
24,k_proj,64,1.192383,1.196852,1.003748
24,k_proj,68,1.180664,1.185082,1.003742
24,k_proj,72,1.162109,1.166446,1.003732
24,k_proj,76,1.146484,1.150752,1.003723
24,k_proj,80,1.134766,1.138982,1.003716
24,k_proj,84,1.117188,1.121327,1.003706
24,k_proj,88,1.103516,1.107596,1.003697
24,k_proj,92,1.089844,1.093864,1.003689
24,k_proj,96,1.071289,1.075229,1.003678
24,k_proj,100,1.063477,1.067383,1.003673
24,k_proj,104,1.047852,1.05169,1.003663
24,k_proj,108,1.035156,1.03894,1.003655
24,k_proj,112,1.019531,1.023248,1.003645
24,k_proj,116,1.005859,1.009517,1.003636
24,k_proj,120,0.983398,0.98696,1.003621
24,k_proj,124,0.972168,0.975681,1.003614
24,v_proj,0,2.302734,2.301654,0.999531
24,v_proj,4,2.144531,2.143527,0.999532
24,v_proj,8,2.017578,2.016634,0.999532
24,v_proj,12,1.9375,1.936594,0.999533
24,v_proj,16,1.866211,1.865339,0.999533
24,v_proj,20,1.807617,1.806773,0.999533
24,v_proj,24,1.766602,1.765777,0.999533
24,v_proj,28,1.736328,1.735518,0.999534
24,v_proj,32,1.72168,1.720877,0.999534
24,v_proj,36,1.706055,1.705259,0.999534
24,v_proj,40,1.691406,1.690618,0.999534
24,v_proj,44,1.68457,1.683785,0.999534
24,v_proj,48,1.668945,1.668168,0.999534
24,v_proj,52,1.655273,1.654502,0.999534
24,v_proj,56,1.647461,1.646693,0.999534
24,v_proj,60,1.634766,1.634004,0.999534
24,v_proj,64,1.626953,1.626195,0.999534
24,v_proj,68,1.611328,1.610578,0.999534
24,v_proj,72,1.597656,1.596912,0.999534
24,v_proj,76,1.588867,1.588127,0.999534
24,v_proj,80,1.574219,1.573486,0.999535
24,v_proj,84,1.563477,1.562749,0.999535
24,v_proj,88,1.552734,1.552012,0.999535
24,v_proj,92,1.538086,1.53737,0.999535
24,v_proj,96,1.529297,1.528585,0.999535
24,v_proj,100,1.516602,1.515896,0.999535
24,v_proj,104,1.507812,1.507111,0.999535
24,v_proj,108,1.49707,1.496374,0.999535
24,v_proj,112,1.481445,1.480757,0.999535
24,v_proj,116,1.469727,1.469043,0.999535
24,v_proj,120,1.453125,1.45245,0.999535
24,v_proj,124,1.441406,1.440737,0.999535
24,o_proj,0,6.238281,6.266123,1.004463
24,o_proj,4,3.117188,3.129942,1.004092
24,o_proj,8,2.855469,2.867018,1.004045
24,o_proj,12,2.794922,2.806195,1.004033
24,o_proj,16,2.748047,2.759106,1.004024
24,o_proj,20,2.712891,2.72379,1.004018
24,o_proj,24,2.667969,2.678664,1.004009
24,o_proj,28,2.634766,2.64531,1.004002
24,o_proj,32,2.615234,2.62569,1.003998
24,o_proj,36,2.583984,2.594298,1.003992
24,o_proj,40,2.548828,2.558983,1.003984
24,o_proj,44,2.525391,2.53544,1.003979
24,o_proj,48,2.5,2.509935,1.003974
24,o_proj,52,2.482422,2.492277,1.00397
24,o_proj,56,2.457031,2.466772,1.003965
24,o_proj,60,2.433594,2.443229,1.003959
24,o_proj,64,2.408203,2.417725,1.003954
24,o_proj,68,2.388672,2.398106,1.003949
24,o_proj,72,2.365234,2.374563,1.003944
24,o_proj,76,2.349609,2.358869,1.003941
24,o_proj,80,2.324219,2.333364,1.003935
24,o_proj,84,2.296875,2.305898,1.003928
24,o_proj,88,2.275391,2.284318,1.003924
24,o_proj,92,2.261719,2.270585,1.00392
24,o_proj,96,2.236328,2.245081,1.003914
24,o_proj,100,2.216797,2.225463,1.003909
24,o_proj,104,2.197266,2.205845,1.003905
24,o_proj,108,2.173828,2.182304,1.003899
24,o_proj,112,2.150391,2.158762,1.003893
24,o_proj,116,2.134766,2.143068,1.003889
24,o_proj,120,2.115234,2.123451,1.003884
24,o_proj,124,2.089844,2.097948,1.003878
25,q_proj,0,3.808594,3.80608,0.99934
25,q_proj,4,3.203125,3.201015,0.999341
25,q_proj,8,3.001953,2.999977,0.999342
25,q_proj,12,2.863281,2.861398,0.999342
25,q_proj,16,2.761719,2.759902,0.999342
25,q_proj,20,2.675781,2.674022,0.999343
25,q_proj,24,2.597656,2.595949,0.999343
25,q_proj,28,2.546875,2.545202,0.999343
25,q_proj,32,2.474609,2.472984,0.999343
25,q_proj,36,2.408203,2.406622,0.999343
25,q_proj,40,2.363281,2.36173,0.999344
25,q_proj,44,2.316406,2.314886,0.999344
25,q_proj,48,2.279297,2.277801,0.999344
25,q_proj,52,2.242188,2.240716,0.999344
25,q_proj,56,2.203125,2.20168,0.999344
25,q_proj,60,2.169922,2.168499,0.999344
25,q_proj,64,2.132812,2.131414,0.999344
25,q_proj,68,2.101562,2.100185,0.999344
25,q_proj,72,2.068359,2.067003,0.999344
25,q_proj,76,2.042969,2.04163,0.999345
25,q_proj,80,2.017578,2.016256,0.999345
25,q_proj,84,1.995117,1.99381,0.999345
25,q_proj,88,1.963867,1.962581,0.999345
25,q_proj,92,1.9375,1.936231,0.999345
25,q_proj,96,1.911133,1.909881,0.999345
25,q_proj,100,1.889648,1.888411,0.999345
25,q_proj,104,1.866211,1.864989,0.999345
25,q_proj,108,1.84668,1.845471,0.999345
25,q_proj,112,1.825195,1.824001,0.999345
25,q_proj,116,1.801758,1.800579,0.999346
25,q_proj,120,1.77832,1.777157,0.999346
25,q_proj,124,1.755859,1.754711,0.999346
25,k_proj,0,1.799805,1.807183,1.004099
25,k_proj,4,1.639648,1.646267,1.004037
25,k_proj,8,1.521484,1.527549,1.003986
25,k_proj,12,1.460938,1.466721,1.003959
25,k_proj,16,1.422852,1.428459,1.003941
25,k_proj,20,1.387695,1.393141,1.003924
25,k_proj,24,1.357422,1.362729,1.003909
25,k_proj,28,1.332031,1.337222,1.003897
25,k_proj,32,1.311523,1.31662,1.003886
25,k_proj,36,1.298828,1.303867,1.00388
25,k_proj,40,1.271484,1.276399,1.003865
25,k_proj,44,1.243164,1.24795,1.00385
25,k_proj,48,1.227539,1.232255,1.003842
25,k_proj,52,1.211914,1.216559,1.003833
25,k_proj,56,1.191406,1.195959,1.003822
25,k_proj,60,1.175781,1.180264,1.003813
25,k_proj,64,1.15332,1.157702,1.0038
25,k_proj,68,1.133789,1.138084,1.003788
25,k_proj,72,1.120117,1.124351,1.00378
25,k_proj,76,1.106445,1.110618,1.003772
25,k_proj,80,1.089844,1.093943,1.003761
25,k_proj,84,1.076172,1.080211,1.003753
25,k_proj,88,1.057617,1.061574,1.003741
25,k_proj,92,1.036133,1.039995,1.003727
25,k_proj,96,1.027344,1.031167,1.003721
25,k_proj,100,1.009766,1.013512,1.00371
25,k_proj,104,0.989746,0.993404,1.003696
25,k_proj,108,0.972168,0.97575,1.003684
25,k_proj,112,0.957031,0.960547,1.003674
25,k_proj,116,0.941406,0.944854,1.003662
25,k_proj,120,0.92334,0.926709,1.003649
25,k_proj,124,0.900879,0.904151,1.003633
25,v_proj,0,3.087891,3.073995,0.9955
25,v_proj,4,2.117188,2.108238,0.995773
25,v_proj,8,2.072266,2.063538,0.995788
25,v_proj,12,2.035156,2.026612,0.995801
25,v_proj,16,2.005859,1.997458,0.995812
25,v_proj,20,1.981445,1.973164,0.995821
25,v_proj,24,1.961914,1.953729,0.995828
25,v_proj,28,1.946289,1.93818,0.995834
25,v_proj,32,1.921875,1.913885,0.995843
25,v_proj,36,1.908203,1.90028,0.995848
25,v_proj,40,1.888672,1.880844,0.995855
25,v_proj,44,1.878906,1.871125,0.995859
25,v_proj,48,1.863281,1.855576,0.995865
25,v_proj,52,1.851562,1.843914,0.995869
25,v_proj,56,1.833008,1.82545,0.995877
25,v_proj,60,1.816406,1.808929,0.995883
25,v_proj,64,1.806641,1.79921,0.995887
25,v_proj,68,1.791992,1.784632,0.995893
25,v_proj,72,1.779297,1.771999,0.995898
25,v_proj,76,1.768555,1.761308,0.995902
25,v_proj,80,1.751953,1.744787,0.995909
25,v_proj,84,1.738281,1.73118,0.995915
25,v_proj,88,1.729492,1.722433,0.995919
25,v_proj,92,1.72168,1.714658,0.995922
25,v_proj,96,1.705078,1.698136,0.995929
25,v_proj,100,1.6875,1.680642,0.995936
25,v_proj,104,1.677734,1.670923,0.99594
25,v_proj,108,1.661133,1.654401,0.995948
25,v_proj,112,1.649414,1.642738,0.995953
25,v_proj,116,1.630859,1.624272,0.995961
25,v_proj,120,1.621094,1.614553,0.995965
25,v_proj,124,1.603516,1.597058,0.995973
25,o_proj,0,5.375,5.349408,0.995239
25,o_proj,4,3.544922,3.529039,0.99552
25,o_proj,8,3.03125,3.017989,0.995625
25,o_proj,12,2.933594,2.920825,0.995648
25,o_proj,16,2.853516,2.841149,0.995666
25,o_proj,20,2.775391,2.763415,0.995685
25,o_proj,24,2.728516,2.716773,0.995696
25,o_proj,28,2.664062,2.652641,0.995713
25,o_proj,32,2.636719,2.625432,0.99572
25,o_proj,36,2.603516,2.592394,0.995728
25,o_proj,40,2.572266,2.561299,0.995736
25,o_proj,44,2.537109,2.526316,0.995746
25,o_proj,48,2.519531,2.508824,0.99575
25,o_proj,52,2.488281,2.477728,0.995759
25,o_proj,56,2.466797,2.456349,0.995765
25,o_proj,60,2.441406,2.431083,0.995772
25,o_proj,64,2.425781,2.415535,0.995776
25,o_proj,68,2.402344,2.392212,0.995783
25,o_proj,72,2.378906,2.368889,0.995789
25,o_proj,76,2.357422,2.34751,0.995796
25,o_proj,80,2.335938,2.32613,0.995801
25,o_proj,84,2.3125,2.302807,0.995808
25,o_proj,88,2.294922,2.285315,0.995814
25,o_proj,92,2.267578,2.258103,0.995822
25,o_proj,96,2.248047,2.238667,0.995828
25,o_proj,100,2.234375,2.225061,0.995832
25,o_proj,104,2.210938,2.201737,0.995839
25,o_proj,108,2.191406,2.1823,0.995845
25,o_proj,112,2.166016,2.157032,0.995853
25,o_proj,116,2.148438,2.139539,0.995858
25,o_proj,120,2.113281,2.104553,0.99587
25,o_proj,124,2.091797,2.083171,0.995877
26,q_proj,0,3.949219,3.967458,1.004618
26,q_proj,4,3.398438,3.413761,1.004509
26,q_proj,8,3.1875,3.201722,1.004462
26,q_proj,12,3.074219,3.087854,1.004435
26,q_proj,16,2.980469,2.99362,1.004413
26,q_proj,20,2.90625,2.91902,1.004394
26,q_proj,24,2.824219,2.83657,1.004373
26,q_proj,28,2.751953,2.763937,1.004355
26,q_proj,32,2.677734,2.689341,1.004334
26,q_proj,36,2.642578,2.654007,1.004325
26,q_proj,40,2.591797,2.602969,1.00431
26,q_proj,44,2.509766,2.520526,1.004287
26,q_proj,48,2.480469,2.491082,1.004279
26,q_proj,52,2.419922,2.430232,1.004261
26,q_proj,56,2.396484,2.406678,1.004253
26,q_proj,60,2.359375,2.369384,1.004242
26,q_proj,64,2.320312,2.330127,1.00423
26,q_proj,68,2.28125,2.290871,1.004217
26,q_proj,72,2.236328,2.245727,1.004203
26,q_proj,76,2.183594,2.192733,1.004185
26,q_proj,80,2.154297,2.163293,1.004176
26,q_proj,84,2.119141,2.127964,1.004164
26,q_proj,88,2.089844,2.098524,1.004154
26,q_proj,92,2.048828,2.057308,1.004139
26,q_proj,96,2.017578,2.025906,1.004128
26,q_proj,100,1.988281,1.996468,1.004117
26,q_proj,104,1.958984,1.967029,1.004106
26,q_proj,108,1.922852,1.930721,1.004093
26,q_proj,112,1.898438,1.90619,1.004084
26,q_proj,116,1.867188,1.87479,1.004071
26,q_proj,120,1.824219,1.831615,1.004054
26,q_proj,124,1.803711,1.811009,1.004046
26,k_proj,0,1.926758,1.934699,1.004122
26,k_proj,4,1.679688,1.686472,1.004039
26,k_proj,8,1.580078,1.586402,1.004003
26,k_proj,12,1.495117,1.501052,1.003969
26,k_proj,16,1.450195,1.455925,1.003951
26,k_proj,20,1.385742,1.391179,1.003924
26,k_proj,24,1.355469,1.360769,1.00391
26,k_proj,28,1.316406,1.321531,1.003893
26,k_proj,32,1.286133,1.291121,1.003879
26,k_proj,36,1.260742,1.265617,1.003867
26,k_proj,40,1.234375,1.239132,1.003854
26,k_proj,44,1.204102,1.208724,1.003839
26,k_proj,48,1.1875,1.192049,1.003831
26,k_proj,52,1.163086,1.167527,1.003818
26,k_proj,56,1.145508,1.149871,1.003809
26,k_proj,60,1.126953,1.131234,1.003799
26,k_proj,64,1.108398,1.112598,1.003789
26,k_proj,68,1.080078,1.084154,1.003773
26,k_proj,72,1.064453,1.06846,1.003765
26,k_proj,76,1.045898,1.049825,1.003754
26,k_proj,80,1.02832,1.03217,1.003744
26,k_proj,84,1.011719,1.015496,1.003734
26,k_proj,88,0.993652,0.997352,1.003723
26,k_proj,92,0.978516,0.98215,1.003714
26,k_proj,96,0.962402,0.965967,1.003704
26,k_proj,100,0.95166,0.955178,1.003697
26,k_proj,104,0.933105,0.936544,1.003685
26,k_proj,108,0.919434,0.922814,1.003676
26,k_proj,112,0.90625,0.909574,1.003667
26,k_proj,116,0.888672,0.89192,1.003656
26,k_proj,120,0.868164,0.871325,1.003641
26,k_proj,124,0.854004,0.857105,1.003631
26,v_proj,0,3.160156,3.171808,1.003687
26,v_proj,4,2.804688,2.814879,1.003634
26,v_proj,8,2.757812,2.767813,1.003626
26,v_proj,12,2.726562,2.736436,1.003621
26,v_proj,16,2.701172,2.710942,1.003617
26,v_proj,20,2.671875,2.681526,1.003612
26,v_proj,24,2.650391,2.659955,1.003608
26,v_proj,28,2.626953,2.636422,1.003605
26,v_proj,32,2.597656,2.607007,1.0036
26,v_proj,36,2.574219,2.583474,1.003595
26,v_proj,40,2.558594,2.567786,1.003593
26,v_proj,44,2.529297,2.538371,1.003588
26,v_proj,48,2.501953,2.510917,1.003583
26,v_proj,52,2.476562,2.485424,1.003578
26,v_proj,56,2.449219,2.457971,1.003573
26,v_proj,60,2.425781,2.434439,1.003569
26,v_proj,64,2.40625,2.414829,1.003565
26,v_proj,68,2.380859,2.389337,1.003561
26,v_proj,72,2.357422,2.365805,1.003556
26,v_proj,76,2.328125,2.336391,1.003551
26,v_proj,80,2.304688,2.31286,1.003546
26,v_proj,84,2.277344,2.285408,1.003541
26,v_proj,88,2.253906,2.261876,1.003536
26,v_proj,92,2.230469,2.238346,1.003531
26,v_proj,96,2.205078,2.212854,1.003526
26,v_proj,100,2.171875,2.179519,1.00352
26,v_proj,104,2.140625,2.148145,1.003513
26,v_proj,108,2.117188,2.124615,1.003508
26,v_proj,112,2.085938,2.093242,1.003502
26,v_proj,116,2.056641,2.063829,1.003495
26,v_proj,120,2.025391,2.032456,1.003488
26,v_proj,124,1.995117,2.002064,1.003482
26,o_proj,0,6.28125,6.312353,1.004952
26,o_proj,4,3.080078,3.093647,1.004405
26,o_proj,8,2.927734,2.940519,1.004367
26,o_proj,12,2.826172,2.838437,1.00434
26,o_proj,16,2.791016,2.803101,1.00433
26,o_proj,20,2.75,2.761878,1.004319
26,o_proj,24,2.728516,2.740284,1.004313
26,o_proj,28,2.705078,2.716727,1.004306
26,o_proj,32,2.669922,2.681393,1.004296
26,o_proj,36,2.648438,2.659801,1.004291
26,o_proj,40,2.619141,2.630356,1.004282
26,o_proj,44,2.597656,2.608763,1.004276
26,o_proj,48,2.578125,2.589134,1.00427
26,o_proj,52,2.556641,2.567541,1.004264
26,o_proj,56,2.535156,2.545949,1.004257
26,o_proj,60,2.515625,2.52632,1.004251
26,o_proj,64,2.498047,2.508654,1.004246
26,o_proj,68,2.478516,2.489025,1.00424
26,o_proj,72,2.453125,2.463508,1.004233
26,o_proj,76,2.431641,2.441916,1.004226
26,o_proj,80,2.40625,2.416399,1.004218
26,o_proj,84,2.384766,2.394808,1.004211
26,o_proj,88,2.367188,2.377143,1.004205
26,o_proj,92,2.341797,2.351626,1.004197
26,o_proj,96,2.320312,2.330035,1.00419
26,o_proj,100,2.300781,2.310407,1.004184
26,o_proj,104,2.273438,2.282929,1.004175
26,o_proj,108,2.25,2.259376,1.004167
26,o_proj,112,2.228516,2.237786,1.00416
26,o_proj,116,2.205078,2.214233,1.004152
26,o_proj,120,2.171875,2.180867,1.00414
26,o_proj,124,2.142578,2.151428,1.00413
27,q_proj,0,7.863281,7.902174,1.004946
27,q_proj,4,4.390625,4.410768,1.004588
27,q_proj,8,3.621094,3.637277,1.004469
27,q_proj,12,3.4375,3.45275,1.004436
27,q_proj,16,3.304688,3.319269,1.004412
27,q_proj,20,3.173828,3.187754,1.004388
27,q_proj,24,3.0625,3.075869,1.004365
27,q_proj,28,2.953125,2.96595,1.004343
27,q_proj,32,2.894531,2.907065,1.00433
27,q_proj,36,2.830078,2.842294,1.004316
27,q_proj,40,2.753906,2.765747,1.0043
27,q_proj,44,2.662109,2.6735,1.004279
27,q_proj,48,2.609375,2.620507,1.004266
27,q_proj,52,2.541016,2.551815,1.00425
27,q_proj,56,2.509766,2.520413,1.004242
27,q_proj,60,2.466797,2.477235,1.004232
27,q_proj,64,2.414062,2.424246,1.004218
27,q_proj,68,2.380859,2.390882,1.00421
27,q_proj,72,2.332031,2.341818,1.004197
27,q_proj,76,2.302734,2.31238,1.004189
27,q_proj,80,2.263672,2.27313,1.004178
27,q_proj,84,2.230469,2.239768,1.004169
27,q_proj,88,2.195312,2.204443,1.004159
27,q_proj,92,2.162109,2.171082,1.00415
27,q_proj,96,2.128906,2.13772,1.00414
27,q_proj,100,2.101562,2.110247,1.004132
27,q_proj,104,2.078125,2.086698,1.004125
27,q_proj,108,2.033203,2.041563,1.004112
27,q_proj,112,2.011719,2.019978,1.004105
27,q_proj,116,1.982422,1.990542,1.004096
27,q_proj,120,1.952148,1.960126,1.004087
27,q_proj,124,1.922852,1.930691,1.004077
27,k_proj,0,2.115234,2.121486,1.002955
27,k_proj,4,1.883789,1.889347,1.002951
27,k_proj,8,1.801758,1.807071,1.002949
27,k_proj,12,1.691406,1.696389,1.002946
27,k_proj,16,1.642578,1.647415,1.002945
27,k_proj,20,1.59668,1.60138,1.002944
27,k_proj,24,1.543945,1.548488,1.002942
27,k_proj,28,1.500977,1.505391,1.002941
27,k_proj,32,1.469727,1.474048,1.00294
27,k_proj,36,1.442383,1.446622,1.002939
27,k_proj,40,1.40625,1.410382,1.002938
27,k_proj,44,1.383789,1.387854,1.002938
27,k_proj,48,1.355469,1.35945,1.002937
27,k_proj,52,1.326172,1.330065,1.002936
27,k_proj,56,1.304688,1.308517,1.002935
27,k_proj,60,1.283203,1.286969,1.002935
27,k_proj,64,1.255859,1.259544,1.002934
27,k_proj,68,1.241211,1.244851,1.002933
27,k_proj,72,1.220703,1.224283,1.002932
27,k_proj,76,1.194336,1.197837,1.002931
27,k_proj,80,1.172852,1.176289,1.002931
27,k_proj,84,1.151367,1.154741,1.00293
27,k_proj,88,1.125,1.128295,1.002929
27,k_proj,92,1.103516,1.106747,1.002928
27,k_proj,96,1.083008,1.086178,1.002927
27,k_proj,100,1.05957,1.062671,1.002926
27,k_proj,104,1.041016,1.044061,1.002926
27,k_proj,108,1.017578,1.020554,1.002925
27,k_proj,112,0.989746,0.99264,1.002924
27,k_proj,116,0.963379,0.966194,1.002922
27,k_proj,120,0.945312,0.948074,1.002922
27,k_proj,124,0.908203,0.910855,1.00292
27,v_proj,0,4.566406,4.585346,1.004148
27,v_proj,4,3.632812,3.647393,1.004013
27,v_proj,8,3.208984,3.221629,1.003941
27,v_proj,12,3.003906,3.015626,1.003901
27,v_proj,16,2.884766,2.895952,1.003878
27,v_proj,20,2.771484,2.782166,1.003854
27,v_proj,24,2.681641,2.691924,1.003835
27,v_proj,28,2.582031,2.591876,1.003813
27,v_proj,32,2.523438,2.533024,1.003799
27,v_proj,36,2.457031,2.466327,1.003783
27,v_proj,40,2.378906,2.387861,1.003764
27,v_proj,44,2.333984,2.342744,1.003753
27,v_proj,48,2.294922,2.303512,1.003743
27,v_proj,52,2.257812,2.266242,1.003733
27,v_proj,56,2.226562,2.234857,1.003725
27,v_proj,60,2.201172,2.209357,1.003719
27,v_proj,64,2.177734,2.185819,1.003712
27,v_proj,68,2.148438,2.156396,1.003704
27,v_proj,72,2.128906,2.136781,1.003699
27,v_proj,76,2.09375,2.101474,1.003689
27,v_proj,80,2.066406,2.074013,1.003681
27,v_proj,84,2.048828,2.05636,1.003676
27,v_proj,88,2.027344,2.034784,1.00367
27,v_proj,92,1.996094,2.003402,1.003661
27,v_proj,96,1.972656,1.979864,1.003654
27,v_proj,100,1.942383,1.949463,1.003645
27,v_proj,104,1.898438,1.905331,1.003631
27,v_proj,108,1.874023,1.880814,1.003624
27,v_proj,112,1.833984,1.840607,1.003611
27,v_proj,116,1.795898,1.802361,1.003599
27,v_proj,120,1.746094,1.752348,1.003582
27,v_proj,124,1.699219,1.705278,1.003566
27,o_proj,0,10.335938,10.293256,0.995871
27,o_proj,4,3.291016,3.278288,0.996133
27,o_proj,8,3.005859,2.994297,0.996153
27,o_proj,12,2.871094,2.86008,0.996164
27,o_proj,16,2.751953,2.741423,0.996174
27,o_proj,20,2.669922,2.659724,0.996181
27,o_proj,24,2.615234,2.605258,0.996185
27,o_proj,28,2.574219,2.564408,0.996189
27,o_proj,32,2.521484,2.511887,0.996194
27,o_proj,36,2.474609,2.465201,0.996198
27,o_proj,40,2.4375,2.428241,0.996201
27,o_proj,44,2.400391,2.391281,0.996205
27,o_proj,48,2.375,2.365992,0.996207
27,o_proj,52,2.347656,2.338758,0.99621
27,o_proj,56,2.322266,2.31347,0.996212
27,o_proj,60,2.296875,2.288181,0.996215
27,o_proj,64,2.277344,2.268728,0.996217
27,o_proj,68,2.255859,2.24733,0.996219
27,o_proj,72,2.242188,2.233713,0.99622
27,o_proj,76,2.216797,2.208424,0.996223
27,o_proj,80,2.193359,2.185081,0.996225
27,o_proj,84,2.175781,2.167573,0.996227
27,o_proj,88,2.158203,2.150065,0.996229
27,o_proj,92,2.144531,2.136448,0.996231
27,o_proj,96,2.128906,2.120885,0.996232
27,o_proj,100,2.109375,2.101432,0.996234
27,o_proj,104,2.091797,2.083924,0.996236
27,o_proj,108,2.076172,2.068361,0.996238
27,o_proj,112,2.054688,2.046963,0.99624
27,o_proj,116,2.035156,2.027509,0.996243
27,o_proj,120,2.017578,2.010001,0.996245
27,o_proj,124,1.999023,1.99152,0.996247
